image,pbody_number,dist_nuclei,dist_mito,nuclei_std,mito_std,medicine,group
W0082F0001T0006Z000C1N11.png,1,40.99739341439289,40.80694880872001,5.778016015154472,5.75923249666688,DMSO,DMSO
W0082F0001T0006Z000C1N11.png,2,42.799930296412285,42.03794754686807,5.778016015154472,5.75923249666688,DMSO,DMSO
W0082F0001T0006Z000C1N11.png,3,36.473428510026324,35.60213150106041,5.778016015154472,5.75923249666688,DMSO,DMSO
W0082F0001T0006Z000C1N11.png,4,30.953314263691272,30.03972363580835,5.778016015154472,5.75923249666688,DMSO,DMSO
W0082F0001T0006Z000C1N11.png,5,25.41618039738782,25.28781773755775,5.778016015154472,5.75923249666688,DMSO,DMSO
W0082F0001T0006Z000C1N11.png,6,34.56742769102241,34.80977458443087,5.778016015154472,5.75923249666688,DMSO,DMSO
W0082F0001T0006Z000C1N11.png,7,40.76683449219248,40.67346711573503,5.778016015154472,5.75923249666688,DMSO,DMSO
W0082F0001T0006Z000C1N13.png,1,20.87583639900581,38.53586669401532,10.652744309452206,16.793056181029584,DMSO,DMSO
W0082F0001T0006Z000C1N13.png,2,28.405112116722385,44.724326261579556,10.652744309452206,16.793056181029584,DMSO,DMSO
W0082F0001T0006Z000C1N13.png,3,40.00233658650961,57.18452652479019,10.652744309452206,16.793056181029584,DMSO,DMSO
W0082F0001T0006Z000C1N13.png,4,41.95558757741911,50.464051359912425,10.652744309452206,16.793056181029584,DMSO,DMSO
W0082F0001T0006Z000C1N13.png,5,31.31697760671922,7.325567851798347,10.652744309452206,16.793056181029584,DMSO,DMSO
W0082F0001T0006Z000C1N13.png,6,24.355921712720736,4.8457437020779945,10.652744309452206,16.793056181029584,DMSO,DMSO
W0082F0001T0006Z000C1N13.png,7,41.76872836448572,42.85204522123233,10.652744309452206,16.793056181029584,DMSO,DMSO
W0082F0001T0006Z000C1N13.png,8,7.487512237463989,35.4739223390405,10.652744309452206,16.793056181029584,DMSO,DMSO
W0082F0001T0006Z000C1N13.png,9,19.33341315436907,47.413754861987236,10.652744309452206,16.793056181029584,DMSO,DMSO
W0082F0001T0006Z000C1N13.png,10,22.002595245353767,47.680999678693105,10.652744309452206,16.793056181029584,DMSO,DMSO
W0082F0001T0006Z000C1N21.png,1,18.580462866360545,17.74454100138531,11.558290110484043,10.431690871357972,DMSO,DMSO
W0082F0001T0006Z000C1N21.png,2,54.66089175331926,53.049282215514054,11.558290110484043,10.431690871357972,DMSO,DMSO
W0082F0001T0006Z000C1N21.png,3,9.220762182902234,9.586731585299168,11.558290110484043,10.431690871357972,DMSO,DMSO
W0082F0001T0006Z000C1N21.png,4,16.909702514633747,17.07995778582274,11.558290110484043,10.431690871357972,DMSO,DMSO
W0082F0001T0006Z000C1N21.png,5,34.17947114808137,33.098128995351445,11.558290110484043,10.431690871357972,DMSO,DMSO
W0082F0001T0006Z000C1N21.png,6,22.933109158888172,16.624755732966864,11.558290110484043,10.431690871357972,DMSO,DMSO
W0082F0001T0006Z000C1N21.png,7,21.986344661780297,20.58128232378135,11.558290110484043,10.431690871357972,DMSO,DMSO
W0082F0001T0006Z000C1N21.png,8,31.280724321838964,19.205945540531943,11.558290110484043,10.431690871357972,DMSO,DMSO
W0082F0001T0006Z000C1N21.png,9,7.245978024453587,30.43935019710843,11.558290110484043,10.431690871357972,DMSO,DMSO
W0082F0001T0006Z000C1N21.png,10,30.519609857487957,23.26234706321579,11.558290110484043,10.431690871357972,DMSO,DMSO
W0082F0001T0006Z000C1N21.png,11,12.311679504272412,30.835705352887366,11.558290110484043,10.431690871357972,DMSO,DMSO
W0082F0001T0006Z000C1N21.png,12,23.911805030982237,23.877906132990375,11.558290110484043,10.431690871357972,DMSO,DMSO
W0082F0001T0006Z000C1N21.png,13,22.270598898881026,23.626668868252665,11.558290110484043,10.431690871357972,DMSO,DMSO
W0082F0001T0006Z000C1N21.png,14,36.66343604720949,30.696838774347363,11.558290110484043,10.431690871357972,DMSO,DMSO
W0082F0001T0006Z000C1N21.png,15,31.897125767852216,29.609222607223646,11.558290110484043,10.431690871357972,DMSO,DMSO
W0082F0001T0006Z000C1N21.png,16,27.703186715304312,28.665042724252928,11.558290110484043,10.431690871357972,DMSO,DMSO
W0082F0001T0006Z000C1N21.png,17,17.71185346211348,17.571631691526672,11.558290110484043,10.431690871357972,DMSO,DMSO
W0082F0001T0006Z000C1N21.png,18,37.6911102575062,39.4618960680449,11.558290110484043,10.431690871357972,DMSO,DMSO
W0082F0001T0006Z000C1N21.png,19,11.431015874491766,11.05013345112402,11.558290110484043,10.431690871357972,DMSO,DMSO
W0082F0001T0006Z000C1N21.png,20,46.746776929087616,46.96190155095842,11.558290110484043,10.431690871357972,DMSO,DMSO
W0082F0001T0006Z000C1N21.png,21,36.54827846914889,36.1617485260942,11.558290110484043,10.431690871357972,DMSO,DMSO
W0082F0001T0006Z000C1N21.png,22,25.907926134275296,25.754033360892784,11.558290110484043,10.431690871357972,DMSO,DMSO
W0082F0001T0006Z000C1N21.png,23,21.174773165481636,21.324049584140898,11.558290110484043,10.431690871357972,DMSO,DMSO
W0082F0001T0006Z000C1N22.png,1,18.193799437968146,19.069932292353293,11.843509204287795,14.544178095089176,DMSO,DMSO
W0082F0001T0006Z000C1N22.png,2,34.35927859173285,56.069156177958824,11.843509204287795,14.544178095089176,DMSO,DMSO
W0082F0001T0006Z000C1N22.png,3,38.95025300927509,47.92483002907896,11.843509204287795,14.544178095089176,DMSO,DMSO
W0082F0001T0006Z000C1N22.png,4,19.307335220525605,18.265506196838523,11.843509204287795,14.544178095089176,DMSO,DMSO
W0082F0001T0006Z000C1N22.png,5,50.388840799230444,47.51275994670835,11.843509204287795,14.544178095089176,DMSO,DMSO
W0082F0001T0006Z000C1N22.png,6,21.38650930051368,40.4916348443902,11.843509204287795,14.544178095089176,DMSO,DMSO
W0082F0001T0006Z000C1N31.png,1,26.532053464949243,26.271333553267464,14.348074327314587,13.796793979341937,DMSO,DMSO
W0082F0001T0006Z000C1N31.png,2,51.97367177423718,51.91111707267379,14.348074327314587,13.796793979341937,DMSO,DMSO
W0082F0001T0006Z000C1N31.png,3,57.28080486332131,55.13024422226659,14.348074327314587,13.796793979341937,DMSO,DMSO
W0082F0001T0006Z000C1N31.png,4,30.109029274263563,30.226305528413143,14.348074327314587,13.796793979341937,DMSO,DMSO
W0082F0001T0006Z000C1N31.png,5,52.624116598679144,50.82761238466152,14.348074327314587,13.796793979341937,DMSO,DMSO
W0082F0001T0006Z000C1N31.png,6,45.460857896851536,43.452415595225396,14.348074327314587,13.796793979341937,DMSO,DMSO
W0082F0001T0006Z000C1N31.png,7,42.182337517047934,39.96774972714573,14.348074327314587,13.796793979341937,DMSO,DMSO
W0082F0001T0006Z000C1N31.png,8,32.01894294802488,32.27873755665847,14.348074327314587,13.796793979341937,DMSO,DMSO
W0082F0001T0006Z000C1N31.png,9,5.948968656435996,6.4285756431025165,14.348074327314587,13.796793979341937,DMSO,DMSO
W0082F0001T0006Z000C1N31.png,10,33.57949102672821,33.55915217946624,14.348074327314587,13.796793979341937,DMSO,DMSO
W0082F0001T0006Z000C1N31.png,11,18.904510053136548,19.881999967384267,14.348074327314587,13.796793979341937,DMSO,DMSO
W0082F0001T0006Z000C1N31.png,12,14.870309037077936,16.35164329450086,14.348074327314587,13.796793979341937,DMSO,DMSO
W0082F0001T0006Z000C1N31.png,13,38.12040186165771,38.91715751723076,14.348074327314587,13.796793979341937,DMSO,DMSO
W0082F0001T0006Z000C1N31.png,14,42.079590954738194,36.83864704149463,14.348074327314587,13.796793979341937,DMSO,DMSO
W0082F0001T0006Z000C1N31.png,15,47.99802263647728,14.768063255126727,14.348074327314587,13.796793979341937,DMSO,DMSO
W0082F0001T0006Z000C1N31.png,16,21.06529702188516,21.272987907422927,14.348074327314587,13.796793979341937,DMSO,DMSO
W0082F0001T0006Z000C1N32.png,1,25.974942380209274,25.955783647218187,13.03952721639308,13.060261860954682,DMSO,DMSO
W0082F0001T0006Z000C1N32.png,2,23.07940901451561,22.968966566476578,13.03952721639308,13.060261860954682,DMSO,DMSO
W0082F0001T0006Z000C1N32.png,3,40.42790969531412,40.565866761416096,13.03952721639308,13.060261860954682,DMSO,DMSO
W0082F0001T0006Z000C1N32.png,4,37.6426742651899,37.76491424386907,13.03952721639308,13.060261860954682,DMSO,DMSO
W0082F0001T0006Z000C1N32.png,5,61.09304341468309,61.03068664042035,13.03952721639308,13.060261860954682,DMSO,DMSO
W0082F0001T0006Z000C1N32.png,6,49.35377658903519,49.45369070448934,13.03952721639308,13.060261860954682,DMSO,DMSO
W0082F0001T0006Z000C1N34.png,1,72.8157095987608,71.99251795910938,14.385162993814271,14.887957362048752,DMSO,DMSO
W0082F0001T0006Z000C1N34.png,2,54.72562242873129,55.22979715948706,14.385162993814271,14.887957362048752,DMSO,DMSO
W0082F0001T0006Z000C1N34.png,3,53.76332131038685,55.165122112120194,14.385162993814271,14.887957362048752,DMSO,DMSO
W0082F0001T0006Z000C1N34.png,4,22.569825413550536,23.50293512800799,14.385162993814271,14.887957362048752,DMSO,DMSO
W0082F0001T0006Z000C1N34.png,5,64.10538690485832,65.74283425578845,14.385162993814271,14.887957362048752,DMSO,DMSO
W0082F0001T0006Z000C1N34.png,6,61.68698911188962,63.16800894573953,14.385162993814271,14.887957362048752,DMSO,DMSO
W0082F0001T0006Z000C1N34.png,7,74.91484994441412,76.23748154815024,14.385162993814271,14.887957362048752,DMSO,DMSO
W0082F0001T0006Z000C1N34.png,8,62.8351621640125,63.43602244354452,14.385162993814271,14.887957362048752,DMSO,DMSO
W0082F0001T0006Z000C1N34.png,9,58.58264950354273,72.65057160387073,14.385162993814271,14.887957362048752,DMSO,DMSO
W0082F0001T0006Z000C1N36.png,1,61.42079613550722,60.732985451855626,8.027559742744407,8.238154116453963,DMSO,DMSO
W0082F0001T0006Z000C1N36.png,2,74.30478804945758,74.47165705420161,8.027559742744407,8.238154116453963,DMSO,DMSO
W0082F0001T0006Z000C1N36.png,3,57.49720097433606,56.52231083718374,8.027559742744407,8.238154116453963,DMSO,DMSO
W0082F0001T0006Z000C1N36.png,4,54.35631778489103,55.40444580211598,8.027559742744407,8.238154116453963,DMSO,DMSO
W0082F0001T0006Z000C1N36.png,5,73.80866609260339,67.35701007231565,8.027559742744407,8.238154116453963,DMSO,DMSO
W0082F0001T0006Z000C1N36.png,6,71.43556398762429,49.39742687970377,8.027559742744407,8.238154116453963,DMSO,DMSO
W0082F0001T0006Z000C1N37.png,1,53.124703605712284,53.26922811950306,17.35295765413883,17.23610038070863,DMSO,DMSO
W0082F0001T0006Z000C1N37.png,2,45.991654965134174,46.162221617265686,17.35295765413883,17.23610038070863,DMSO,DMSO
W0082F0001T0006Z000C1N37.png,3,67.31647358817914,66.80776659975677,17.35295765413883,17.23610038070863,DMSO,DMSO
W0082F0001T0006Z000C1N37.png,4,22.317401287222015,22.53811388671996,17.35295765413883,17.23610038070863,DMSO,DMSO
W0082F0001T0006Z000C1N37.png,5,70.00821122443573,69.57729952487693,17.35295765413883,17.23610038070863,DMSO,DMSO
W0082F0001T0006Z000C1N37.png,6,61.68270501498039,61.39531182688345,17.35295765413883,17.23610038070863,DMSO,DMSO
W0082F0001T0006Z000C1N37.png,7,48.336650248554314,48.043424746007204,17.35295765413883,17.23610038070863,DMSO,DMSO
W0082F0001T0006Z000C1N37.png,8,32.610973773229524,32.19152075697327,17.35295765413883,17.23610038070863,DMSO,DMSO
W0082F0001T0006Z000C1N37.png,9,50.8966575260609,50.78065600275785,17.35295765413883,17.23610038070863,DMSO,DMSO
W0082F0001T0006Z000C1N37.png,10,9.407808779359716,9.487014694873904,17.35295765413883,17.23610038070863,DMSO,DMSO
W0082F0001T0006Z000C1N37.png,11,27.795246656523997,27.86362791381783,17.35295765413883,17.23610038070863,DMSO,DMSO
W0082F0001T0006Z000C1N37.png,12,37.93302441457795,38.19146593120968,17.35295765413883,17.23610038070863,DMSO,DMSO
W0082F0001T0006Z000C1N37.png,13,55.92939749408324,56.48224253474099,17.35295765413883,17.23610038070863,DMSO,DMSO
W0082F0001T0006Z000C1N4.png,1,64.35936081015592,62.06450001313505,16.24652109070587,16.675495330963265,DMSO,DMSO
W0082F0001T0006Z000C1N4.png,2,47.94097707145062,45.46308212206956,16.24652109070587,16.675495330963265,DMSO,DMSO
W0082F0001T0006Z000C1N4.png,3,60.26309777549273,57.67420937665273,16.24652109070587,16.675495330963265,DMSO,DMSO
W0082F0001T0006Z000C1N4.png,4,58.3876350463093,56.25018576787419,16.24652109070587,16.675495330963265,DMSO,DMSO
W0082F0001T0006Z000C1N4.png,5,38.19324267382948,35.987712518758514,16.24652109070587,16.675495330963265,DMSO,DMSO
W0082F0001T0006Z000C1N4.png,6,37.9598506335584,36.50085802703295,16.24652109070587,16.675495330963265,DMSO,DMSO
W0082F0001T0006Z000C1N4.png,7,38.94476066748233,37.0708427654971,16.24652109070587,16.675495330963265,DMSO,DMSO
W0082F0001T0006Z000C1N4.png,8,46.57878761003215,45.13444366303008,16.24652109070587,16.675495330963265,DMSO,DMSO
W0082F0001T0006Z000C1N4.png,9,29.683816874072196,29.56815049557739,16.24652109070587,16.675495330963265,DMSO,DMSO
W0082F0001T0006Z000C1N4.png,10,32.95242043723176,31.055566961553755,16.24652109070587,16.675495330963265,DMSO,DMSO
W0082F0001T0006Z000C1N4.png,11,18.089489618800254,18.370159050452024,16.24652109070587,16.675495330963265,DMSO,DMSO
W0082F0001T0006Z000C1N4.png,12,21.961443502359675,24.326982310703333,16.24652109070587,16.675495330963265,DMSO,DMSO
W0082F0001T0006Z000C1N4.png,13,19.406377278189947,6.611739862418384,16.24652109070587,16.675495330963265,DMSO,DMSO
W0082F0001T0006Z000C1N4.png,14,14.627660645589227,13.816840377889118,16.24652109070587,16.675495330963265,DMSO,DMSO
W0082F0001T0006Z000C1N4.png,15,13.757420301050322,10.993059653375173,16.24652109070587,16.675495330963265,DMSO,DMSO
W0082F0001T0006Z000C1N40.png,1,29.30111920923937,29.193594909807224,8.620861140847541,8.584498335503135,DMSO,DMSO
W0082F0001T0006Z000C1N40.png,2,28.194877428003107,28.00764340767841,8.620861140847541,8.584498335503135,DMSO,DMSO
W0082F0001T0006Z000C1N40.png,3,34.01243106691744,34.17885231957866,8.620861140847541,8.584498335503135,DMSO,DMSO
W0082F0001T0006Z000C1N40.png,4,26.44025906863398,26.61850446043073,8.620861140847541,8.584498335503135,DMSO,DMSO
W0082F0001T0006Z000C1N40.png,5,45.57534825435929,45.34945306957979,8.620861140847541,8.584498335503135,DMSO,DMSO
W0082F0001T0006Z000C1N40.png,6,44.102471880935845,44.063633305405915,8.620861140847541,8.584498335503135,DMSO,DMSO
W0082F0001T0006Z000C1N40.png,7,35.79841294430374,35.75347998382326,8.620861140847541,8.584498335503135,DMSO,DMSO
W0082F0001T0006Z000C1N40.png,8,30.1031181342166,30.028562754312137,8.620861140847541,8.584498335503135,DMSO,DMSO
W0082F0001T0006Z000C1N40.png,9,15.765786182360486,15.748718243102845,8.620861140847541,8.584498335503135,DMSO,DMSO
W0082F0001T0006Z000C1N41.png,1,38.32110916707359,37.66908098069475,10.590773605810838,10.330956348128717,DMSO,DMSO
W0082F0001T0006Z000C1N41.png,2,33.71819132320742,33.43505474672636,10.590773605810838,10.330956348128717,DMSO,DMSO
W0082F0001T0006Z000C1N41.png,3,39.012645409259584,38.77885652799759,10.590773605810838,10.330956348128717,DMSO,DMSO
W0082F0001T0006Z000C1N41.png,4,28.113678215713573,27.457129503270988,10.590773605810838,10.330956348128717,DMSO,DMSO
W0082F0001T0006Z000C1N41.png,5,42.382851749790326,42.204369964744416,10.590773605810838,10.330956348128717,DMSO,DMSO
W0082F0001T0006Z000C1N41.png,6,25.213408771687323,25.218727005980288,10.590773605810838,10.330956348128717,DMSO,DMSO
W0082F0001T0006Z000C1N41.png,7,34.64503447216341,34.80861233322089,10.590773605810838,10.330956348128717,DMSO,DMSO
W0082F0001T0006Z000C1N41.png,8,29.19900381652019,29.412172978720914,10.590773605810838,10.330956348128717,DMSO,DMSO
W0082F0001T0006Z000C1N41.png,9,17.18485801831372,17.51338086300754,10.590773605810838,10.330956348128717,DMSO,DMSO
W0082F0001T0006Z000C1N41.png,10,23.715636068181418,24.04775441511721,10.590773605810838,10.330956348128717,DMSO,DMSO
W0082F0001T0006Z000C1N41.png,11,38.590557913458234,38.91438617615069,10.590773605810838,10.330956348128717,DMSO,DMSO
W0082F0001T0006Z000C1N41.png,12,27.001445823143325,26.78434351035619,10.590773605810838,10.330956348128717,DMSO,DMSO
W0082F0001T0006Z000C1N41.png,13,37.004678530060794,37.397665084350514,10.590773605810838,10.330956348128717,DMSO,DMSO
W0082F0001T0006Z000C1N41.png,14,15.218332119960447,15.010092423381447,10.590773605810838,10.330956348128717,DMSO,DMSO
W0082F0001T0006Z000C1N41.png,15,31.455702925993503,34.28571376098331,10.590773605810838,10.330956348128717,DMSO,DMSO
W0082F0001T0006Z000C1N41.png,16,14.905523900234291,17.714642299638854,10.590773605810838,10.330956348128717,DMSO,DMSO
W0082F0001T0006Z000C1N41.png,17,47.08921227703698,47.70062397731437,10.590773605810838,10.330956348128717,DMSO,DMSO
W0082F0001T0006Z000C1N41.png,18,41.10702632583193,38.506026928947804,10.590773605810838,10.330956348128717,DMSO,DMSO
W0082F0001T0006Z000C1N41.png,19,4.102951249475347,5.943543244224629,10.590773605810838,10.330956348128717,DMSO,DMSO
W0082F0001T0006Z000C1N41.png,20,15.56694470321835,12.795100584898844,10.590773605810838,10.330956348128717,DMSO,DMSO
W0082F0001T0006Z000C1N41.png,21,29.917069779718386,32.44050353694467,10.590773605810838,10.330956348128717,DMSO,DMSO
W0082F0001T0006Z000C1N41.png,22,35.34536700499534,32.535917936233595,10.590773605810838,10.330956348128717,DMSO,DMSO
W0082F0001T0006Z000C1N44.png,1,43.744512962303205,42.87390482115262,11.153423780263807,11.063506801578376,DMSO,DMSO
W0082F0001T0006Z000C1N44.png,2,43.212834737309414,42.5654774293081,11.153423780263807,11.063506801578376,DMSO,DMSO
W0082F0001T0006Z000C1N44.png,3,45.34409057194574,45.29349147965706,11.153423780263807,11.063506801578376,DMSO,DMSO
W0082F0001T0006Z000C1N44.png,4,37.53389977048728,37.09855295163894,11.153423780263807,11.063506801578376,DMSO,DMSO
W0082F0001T0006Z000C1N44.png,5,22.01704092121992,21.225590401473745,11.153423780263807,11.063506801578376,DMSO,DMSO
W0082F0001T0006Z000C1N44.png,6,31.95060968442316,31.71758529200983,11.153423780263807,11.063506801578376,DMSO,DMSO
W0082F0001T0006Z000C1N44.png,7,8.97966987532716,9.733044105175964,11.153423780263807,11.063506801578376,DMSO,DMSO
W0082F0001T0006Z000C1N44.png,8,41.73330259309716,42.227571880607265,11.153423780263807,11.063506801578376,DMSO,DMSO
W0082F0001T0006Z000C1N44.png,9,34.7180591644476,34.96266653668773,11.153423780263807,11.063506801578376,DMSO,DMSO
W0082F0001T0006Z000C1N44.png,10,44.3601253931927,45.20252380443684,11.153423780263807,11.063506801578376,DMSO,DMSO
W0082F0001T0006Z000C1N46.png,1,45.99672894544403,46.46090670301682,9.065786275386548,9.546726960229215,DMSO,DMSO
W0082F0001T0006Z000C1N46.png,2,31.422891147070363,29.943926773122193,9.065786275386548,9.546726960229215,DMSO,DMSO
W0082F0001T0006Z000C1N46.png,3,27.05964726729893,25.489667597327003,9.065786275386548,9.546726960229215,DMSO,DMSO
W0082F0001T0006Z000C1N46.png,4,32.97597212730177,34.78713151005497,9.065786275386548,9.546726960229215,DMSO,DMSO
W0082F0001T0006Z000C1N46.png,5,17.827154534238232,16.32243305665209,9.065786275386548,9.546726960229215,DMSO,DMSO
W0082F0001T0006Z000C1N46.png,6,21.562601943912266,23.06333092236609,9.065786275386548,9.546726960229215,DMSO,DMSO
W0082F0001T0006Z000C1N48.png,1,33.424401414639654,32.82184718450466,15.729816294086984,15.185078329524906,DMSO,DMSO
W0082F0001T0006Z000C1N48.png,2,30.6775754611612,30.112299334715118,15.729816294086984,15.185078329524906,DMSO,DMSO
W0082F0001T0006Z000C1N48.png,3,7.285149034111284,7.788642968013483,15.729816294086984,15.185078329524906,DMSO,DMSO
W0082F0001T0006Z000C1N48.png,4,23.10896394392975,23.563246616796707,15.729816294086984,15.185078329524906,DMSO,DMSO
W0082F0001T0006Z000C1N48.png,5,39.721588128098375,42.30473315686058,15.729816294086984,15.185078329524906,DMSO,DMSO
W0082F0001T0006Z000C1N48.png,6,51.7670717023952,52.25931022119645,15.729816294086984,15.185078329524906,DMSO,DMSO
W0082F0001T0006Z000C1N48.png,7,38.625327484259344,39.02290121551589,15.729816294086984,15.185078329524906,DMSO,DMSO
W0082F0001T0006Z000C1N48.png,8,61.05882154950781,58.99556781694945,15.729816294086984,15.185078329524906,DMSO,DMSO
W0082F0001T0006Z000C1N48.png,9,54.21864583476357,52.22409042462015,15.729816294086984,15.185078329524906,DMSO,DMSO
W0082F0001T0006Z000C1N55.png,1,47.81623696369747,47.39592341170565,11.753377894312122,11.680637942526532,DMSO,DMSO
W0082F0001T0006Z000C1N55.png,2,42.334031343174615,42.49076428363161,11.753377894312122,11.680637942526532,DMSO,DMSO
W0082F0001T0006Z000C1N55.png,3,34.95406682580644,35.705329511583095,11.753377894312122,11.680637942526532,DMSO,DMSO
W0082F0001T0006Z000C1N55.png,4,52.2563901341358,50.686023235815654,11.753377894312122,11.680637942526532,DMSO,DMSO
W0082F0001T0006Z000C1N55.png,5,30.327670580493596,30.023777581018297,11.753377894312122,11.680637942526532,DMSO,DMSO
W0082F0001T0006Z000C1N55.png,6,46.052933617282505,43.62792057046061,11.753377894312122,11.680637942526532,DMSO,DMSO
W0082F0001T0006Z000C1N55.png,7,23.74937440860709,22.463512416450556,11.753377894312122,11.680637942526532,DMSO,DMSO
W0082F0001T0006Z000C1N55.png,8,41.61435771644017,43.3154530645316,11.753377894312122,11.680637942526532,DMSO,DMSO
W0082F0001T0006Z000C1N55.png,9,15.8913891529225,13.067529298689518,11.753377894312122,11.680637942526532,DMSO,DMSO
W0082F0001T0006Z000C1N55.png,10,35.72227845189708,38.8187515747148,11.753377894312122,11.680637942526532,DMSO,DMSO
W0082F0001T0006Z000C1N55.png,11,46.737532549531984,47.821442728719354,11.753377894312122,11.680637942526532,DMSO,DMSO
W0082F0001T0006Z000C1N55.png,12,55.01834779688306,51.72974855240219,11.753377894312122,11.680637942526532,DMSO,DMSO
W0082F0001T0006Z000C1N55.png,13,51.43528263936165,51.32520138283128,11.753377894312122,11.680637942526532,DMSO,DMSO
W0082F0001T0006Z000C1N55.png,14,53.18043572214267,51.96276520031956,11.753377894312122,11.680637942526532,DMSO,DMSO
W0082F0001T0006Z000C1N55.png,15,58.50811118632113,56.53543218862655,11.753377894312122,11.680637942526532,DMSO,DMSO
W0082F0001T0006Z000C1N56.png,1,88.58343405015438,88.27784013687624,24.96696570522089,24.73040565811213,DMSO,DMSO
W0082F0001T0006Z000C1N56.png,2,56.023924049382416,56.167838874790824,24.96696570522089,24.73040565811213,DMSO,DMSO
W0082F0001T0006Z000C1N56.png,3,16.48254755686713,16.69783980301576,24.96696570522089,24.73040565811213,DMSO,DMSO
W0082F0001T0006Z000C1N56.png,4,28.151642113285885,28.89500094988108,24.96696570522089,24.73040565811213,DMSO,DMSO
W0082F0001T0006Z000C1N56.png,5,52.303325900014194,53.10901066286062,24.96696570522089,24.73040565811213,DMSO,DMSO
W0082F0001T0006Z000C1N58.png,1,73.32380371561153,73.27060364414348,11.120100254654634,11.228443079476312,DMSO,DMSO
W0082F0001T0006Z000C1N58.png,2,52.658623352144126,52.59473177536703,11.120100254654634,11.228443079476312,DMSO,DMSO
W0082F0001T0006Z000C1N58.png,3,44.93666884118686,44.9458265224397,11.120100254654634,11.228443079476312,DMSO,DMSO
W0082F0001T0006Z000C1N58.png,4,42.87504693540306,42.41725604227418,11.120100254654634,11.228443079476312,DMSO,DMSO
W0082F0001T0006Z000C1N58.png,5,60.37514798558115,60.6249873966899,11.120100254654634,11.228443079476312,DMSO,DMSO
W0082F0001T0006Z000C1N59.png,1,93.62347663854122,23.855999479418685,18.1090606861843,12.669022321631966,DMSO,DMSO
W0082F0001T0006Z000C1N59.png,2,65.68122589337632,19.187553980613554,18.1090606861843,12.669022321631966,DMSO,DMSO
W0082F0001T0006Z000C1N59.png,3,42.140645873043965,44.721574197873466,18.1090606861843,12.669022321631966,DMSO,DMSO
W0082F0001T0006Z000C1N59.png,4,75.44283722538272,4.316560067026015,18.1090606861843,12.669022321631966,DMSO,DMSO
W0082F0001T0006Z000C1N59.png,5,47.02280063009171,43.41436524164935,18.1090606861843,12.669022321631966,DMSO,DMSO
W0082F0001T0006Z000C1N59.png,6,35.21942254891459,30.686614301846596,18.1090606861843,12.669022321631966,DMSO,DMSO
W0082F0001T0006Z000C1N59.png,7,42.72628334627061,29.645603157921943,18.1090606861843,12.669022321631966,DMSO,DMSO
W0082F0001T0006Z000C1N59.png,8,53.00123070750104,46.771028445918546,18.1090606861843,12.669022321631966,DMSO,DMSO
W0082F0001T0006Z000C1N59.png,9,32.04988358364259,25.691513770681432,18.1090606861843,12.669022321631966,DMSO,DMSO
W0082F0001T0006Z000C1N59.png,10,23.413244665580514,16.9156302954783,18.1090606861843,12.669022321631966,DMSO,DMSO
W0082F0001T0006Z000C1N59.png,11,55.28125852541273,48.82872423100476,18.1090606861843,12.669022321631966,DMSO,DMSO
W0082F0001T0006Z000C1N59.png,12,35.02517028691022,34.99080993380066,18.1090606861843,12.669022321631966,DMSO,DMSO
W0082F0001T0006Z000C1N59.png,13,37.82967497499084,33.352600934596644,18.1090606861843,12.669022321631966,DMSO,DMSO
W0082F0001T0006Z000C1N59.png,14,43.94347752729052,16.81515045073318,18.1090606861843,12.669022321631966,DMSO,DMSO
W0082F0001T0006Z000C1N63.png,1,28.63663524860404,28.391065337756352,0.0,0.0,DMSO,DMSO
W0082F0001T0006Z000C1N66.png,1,60.38323960308624,31.477971435365877,15.2457519321941,7.210837273366902,DMSO,DMSO
W0082F0001T0006Z000C1N66.png,2,11.171768448936087,13.329078141173548,15.2457519321941,7.210837273366902,DMSO,DMSO
W0082F0001T0006Z000C1N66.png,3,61.17446771412268,29.930920469881542,15.2457519321941,7.210837273366902,DMSO,DMSO
W0082F0001T0006Z000C1N66.png,4,67.14469579567138,35.055211505855866,15.2457519321941,7.210837273366902,DMSO,DMSO
W0082F0001T0006Z000C1N66.png,5,28.991025032399012,26.605242363903237,15.2457519321941,7.210837273366902,DMSO,DMSO
W0082F0001T0006Z000C1N66.png,6,55.05019988577444,31.2368238663785,15.2457519321941,7.210837273366902,DMSO,DMSO
W0082F0001T0006Z000C1N66.png,7,54.71168259461818,26.01138178907121,15.2457519321941,7.210837273366902,DMSO,DMSO
W0082F0001T0006Z000C1N66.png,8,55.589546156833805,24.520130011907558,15.2457519321941,7.210837273366902,DMSO,DMSO
W0082F0001T0006Z000C1N66.png,9,32.442542792855114,15.778674871342266,15.2457519321941,7.210837273366902,DMSO,DMSO
W0082F0001T0006Z000C1N66.png,10,53.66741125200485,15.042297337065069,15.2457519321941,7.210837273366902,DMSO,DMSO
W0082F0001T0006Z000C1N66.png,11,65.02963083389585,34.2068472680398,15.2457519321941,7.210837273366902,DMSO,DMSO
W0082F0001T0006Z000C1N66.png,12,53.64135875111837,24.396712944057327,15.2457519321941,7.210837273366902,DMSO,DMSO
W0082F0001T0006Z000C1N66.png,13,58.92265802057142,20.759615945604782,15.2457519321941,7.210837273366902,DMSO,DMSO
W0082F0001T0006Z000C1N66.png,14,58.900356553042755,35.382434430150454,15.2457519321941,7.210837273366902,DMSO,DMSO
W0082F0001T0006Z000C1N7.png,1,27.4481818084191,15.984928610270014,9.613781654598407,6.296598005244038,DMSO,DMSO
W0082F0001T0006Z000C1N7.png,2,30.81775515713838,20.11967595179917,9.613781654598407,6.296598005244038,DMSO,DMSO
W0082F0001T0006Z000C1N7.png,3,17.425681607999294,16.75503653185707,9.613781654598407,6.296598005244038,DMSO,DMSO
W0082F0001T0006Z000C1N7.png,4,7.125396891239686,6.137930942077628,9.613781654598407,6.296598005244038,DMSO,DMSO
W0082F0001T0006Z000C1N7.png,5,2.735739454265877,2.8060332004819357,9.613781654598407,6.296598005244038,DMSO,DMSO
W0082F0001T0006Z000C1N7.png,6,16.280814054606275,15.87846207062873,9.613781654598407,6.296598005244038,DMSO,DMSO
W0082F0001T0006Z000C1N7.png,7,7.666655593082797,4.536321632570578,9.613781654598407,6.296598005244038,DMSO,DMSO
W0082F0001T0006Z000C1N7.png,8,7.130102069027403,6.555426404651828,9.613781654598407,6.296598005244038,DMSO,DMSO
W0082F0001T0006Z000C1N72.png,1,60.89500758358816,59.612316453462,9.864494826448356,9.356605191115378,DMSO,DMSO
W0082F0001T0006Z000C1N72.png,2,54.4210723683552,53.094512571678635,9.864494826448356,9.356605191115378,DMSO,DMSO
W0082F0001T0006Z000C1N72.png,3,61.711101806838776,60.74894692125775,9.864494826448356,9.356605191115378,DMSO,DMSO
W0082F0001T0006Z000C1N72.png,4,45.97996880545128,44.81457382352719,9.864494826448356,9.356605191115378,DMSO,DMSO
W0082F0001T0006Z000C1N72.png,5,44.25380394350802,43.06215084250961,9.864494826448356,9.356605191115378,DMSO,DMSO
W0082F0001T0006Z000C1N72.png,6,52.37241046694585,51.81229274277034,9.864494826448356,9.356605191115378,DMSO,DMSO
W0082F0001T0006Z000C1N72.png,7,34.463028344195045,34.60768488077717,9.864494826448356,9.356605191115378,DMSO,DMSO
W0082F0001T0006Z000C1N72.png,8,40.52230550542207,40.45381309188491,9.864494826448356,9.356605191115378,DMSO,DMSO
W0082F0001T0006Z000C1N72.png,9,33.668127073199855,34.23917634468702,9.864494826448356,9.356605191115378,DMSO,DMSO
W0082F0001T0006Z000C1N74.png,1,51.295657211995504,28.634315052919565,3.1810778607389336,12.898692651899317,DMSO,DMSO
W0082F0001T0006Z000C1N74.png,2,57.05677446750248,55.50816044242367,3.1810778607389336,12.898692651899317,DMSO,DMSO
W0082F0001T0006Z000C1N74.png,3,58.719760664948815,56.46014146068944,3.1810778607389336,12.898692651899317,DMSO,DMSO
W0082F0001T0006Z000C1N75.png,1,66.4824489162872,66.88560836525943,17.426990700639784,18.20903581020433,DMSO,DMSO
W0082F0001T0006Z000C1N75.png,2,58.31311769288183,58.95181089423601,17.426990700639784,18.20903581020433,DMSO,DMSO
W0082F0001T0006Z000C1N75.png,3,59.3283088859569,60.19336093256954,17.426990700639784,18.20903581020433,DMSO,DMSO
W0082F0001T0006Z000C1N75.png,4,22.368414002141108,21.334318217917364,17.426990700639784,18.20903581020433,DMSO,DMSO
W0082F0001T0006Z000C1N75.png,5,31.0762800258931,30.031830345208835,17.426990700639784,18.20903581020433,DMSO,DMSO
W0082F0002T0006Z000C1N100.png,1,65.45701214564998,65.34078260829614,17.02792741164782,16.95421963288573,DMSO,DMSO
W0082F0002T0006Z000C1N100.png,2,13.111395473174857,12.898674318658742,17.02792741164782,16.95421963288573,DMSO,DMSO
W0082F0002T0006Z000C1N100.png,3,60.675066556971316,60.45493741945709,17.02792741164782,16.95421963288573,DMSO,DMSO
W0082F0002T0006Z000C1N100.png,4,44.93223353224426,44.92621214949824,17.02792741164782,16.95421963288573,DMSO,DMSO
W0082F0002T0006Z000C1N100.png,5,38.98599306147337,39.06980271290141,17.02792741164782,16.95421963288573,DMSO,DMSO
W0082F0002T0006Z000C1N100.png,6,53.56355790115617,53.347107536545515,17.02792741164782,16.95421963288573,DMSO,DMSO
W0082F0002T0006Z000C1N100.png,7,27.63542137574317,27.46641488131817,17.02792741164782,16.95421963288573,DMSO,DMSO
W0082F0002T0006Z000C1N100.png,8,30.435780087715216,30.722364420719106,17.02792741164782,16.95421963288573,DMSO,DMSO
W0082F0002T0006Z000C1N100.png,9,39.899944409222044,40.17831583362022,17.02792741164782,16.95421963288573,DMSO,DMSO
W0082F0002T0006Z000C1N100.png,10,9.085432862537042,9.369228849375597,17.02792741164782,16.95421963288573,DMSO,DMSO
W0082F0002T0006Z000C1N100.png,11,35.44178248254685,35.325168088017584,17.02792741164782,16.95421963288573,DMSO,DMSO
W0082F0002T0006Z000C1N104.png,1,50.96800706403612,12.574365488389526,16.64956480284326,18.59248125126197,DMSO,DMSO
W0082F0002T0006Z000C1N104.png,2,67.90123141978648,67.66207389215991,16.64956480284326,18.59248125126197,DMSO,DMSO
W0082F0002T0006Z000C1N104.png,3,60.845719425530206,4.9324408833427125,16.64956480284326,18.59248125126197,DMSO,DMSO
W0082F0002T0006Z000C1N104.png,4,42.773593549594814,22.438829231616772,16.64956480284326,18.59248125126197,DMSO,DMSO
W0082F0002T0006Z000C1N104.png,5,61.87542925891546,26.126180763870842,16.64956480284326,18.59248125126197,DMSO,DMSO
W0082F0002T0006Z000C1N104.png,6,15.447449200153342,25.57458200311606,16.64956480284326,18.59248125126197,DMSO,DMSO
W0082F0002T0006Z000C1N104.png,7,71.07109700696039,68.99703433401596,16.64956480284326,18.59248125126197,DMSO,DMSO
W0082F0002T0006Z000C1N104.png,8,25.20381848956877,30.126055552622542,16.64956480284326,18.59248125126197,DMSO,DMSO
W0082F0002T0006Z000C1N104.png,9,16.2664336980632,14.894484929529268,16.64956480284326,18.59248125126197,DMSO,DMSO
W0082F0002T0006Z000C1N104.png,10,45.14220481693763,45.20623754822924,16.64956480284326,18.59248125126197,DMSO,DMSO
W0082F0002T0006Z000C1N104.png,11,25.064691572295143,15.098543638670801,16.64956480284326,18.59248125126197,DMSO,DMSO
W0082F0002T0006Z000C1N104.png,12,40.277094734713906,36.8746904055729,16.64956480284326,18.59248125126197,DMSO,DMSO
W0082F0002T0006Z000C1N104.png,13,61.342137813798544,61.005335936846876,16.64956480284326,18.59248125126197,DMSO,DMSO
W0082F0002T0006Z000C1N104.png,14,40.488085037243195,29.174620588917065,16.64956480284326,18.59248125126197,DMSO,DMSO
W0082F0002T0006Z000C1N104.png,15,55.99445163906671,51.63696470464375,16.64956480284326,18.59248125126197,DMSO,DMSO
W0082F0002T0006Z000C1N104.png,16,47.80356948186082,36.41814996824702,16.64956480284326,18.59248125126197,DMSO,DMSO
W0082F0002T0006Z000C1N104.png,17,48.729777835016826,37.35365299754662,16.64956480284326,18.59248125126197,DMSO,DMSO
W0082F0002T0006Z000C1N11.png,1,39.028767983944235,38.4935218842531,29.609052523309252,29.837557946377224,DMSO,DMSO
W0082F0002T0006Z000C1N11.png,2,53.659864125265855,54.17651085100594,29.609052523309252,29.837557946377224,DMSO,DMSO
W0082F0002T0006Z000C1N11.png,3,69.30886273141104,69.95843003923146,29.609052523309252,29.837557946377224,DMSO,DMSO
W0082F0002T0006Z000C1N11.png,4,67.96054202759527,68.68332583891149,29.609052523309252,29.837557946377224,DMSO,DMSO
W0082F0002T0006Z000C1N11.png,5,105.00057080217181,104.21736713140558,29.609052523309252,29.837557946377224,DMSO,DMSO
W0082F0002T0006Z000C1N11.png,6,8.515773908501194,7.427134372048877,29.609052523309252,29.837557946377224,DMSO,DMSO
W0082F0002T0006Z000C1N111.png,1,49.44533690692808,49.472781481167424,17.599065735513367,17.487164681361506,DMSO,DMSO
W0082F0002T0006Z000C1N111.png,2,92.96029750266104,92.39063823381761,17.599065735513367,17.487164681361506,DMSO,DMSO
W0082F0002T0006Z000C1N111.png,3,55.597151164646036,54.972277786992606,17.599065735513367,17.487164681361506,DMSO,DMSO
W0082F0002T0006Z000C1N111.png,4,52.60737252325431,52.16819850861843,17.599065735513367,17.487164681361506,DMSO,DMSO
W0082F0002T0006Z000C1N111.png,5,41.46535186866807,41.81185990663474,17.599065735513367,17.487164681361506,DMSO,DMSO
W0082F0002T0006Z000C1N111.png,6,48.63090619451363,48.34695816828323,17.599065735513367,17.487164681361506,DMSO,DMSO
W0082F0002T0006Z000C1N111.png,7,43.001215223843445,42.63533548827749,17.599065735513367,17.487164681361506,DMSO,DMSO
W0082F0002T0006Z000C1N111.png,8,37.09658088971193,37.26062320007372,17.599065735513367,17.487164681361506,DMSO,DMSO
W0082F0002T0006Z000C1N111.png,9,18.425504285315228,18.262519387786405,17.599065735513367,17.487164681361506,DMSO,DMSO
W0082F0002T0006Z000C1N111.png,10,31.49302382236349,31.320192758596374,17.599065735513367,17.487164681361506,DMSO,DMSO
W0082F0002T0006Z000C1N111.png,11,60.30325219654468,60.506503662470514,17.599065735513367,17.487164681361506,DMSO,DMSO
W0082F0002T0006Z000C1N111.png,12,25.74064542252207,25.984195179612584,17.599065735513367,17.487164681361506,DMSO,DMSO
W0082F0002T0006Z000C1N111.png,13,46.23939750404387,46.32822057141127,17.599065735513367,17.487164681361506,DMSO,DMSO
W0082F0002T0006Z000C1N111.png,14,28.86574391377388,29.514220414836025,17.599065735513367,17.487164681361506,DMSO,DMSO
W0082F0002T0006Z000C1N111.png,15,75.60184059776671,75.74113779135772,17.599065735513367,17.487164681361506,DMSO,DMSO
W0082F0002T0006Z000C1N111.png,16,40.3358026753905,40.91480824239792,17.599065735513367,17.487164681361506,DMSO,DMSO
W0082F0002T0006Z000C1N111.png,17,51.41662597396357,52.020174487233966,17.599065735513367,17.487164681361506,DMSO,DMSO
W0082F0002T0006Z000C1N111.png,18,65.03477518988818,65.29628473025444,17.599065735513367,17.487164681361506,DMSO,DMSO
W0082F0002T0006Z000C1N112.png,1,50.53319765756866,50.84418863640739,13.497999763806368,12.88368946634283,DMSO,DMSO
W0082F0002T0006Z000C1N112.png,2,17.873377253864742,14.71675603396568,13.497999763806368,12.88368946634283,DMSO,DMSO
W0082F0002T0006Z000C1N112.png,3,21.822609122944588,21.331192978794732,13.497999763806368,12.88368946634283,DMSO,DMSO
W0082F0002T0006Z000C1N112.png,4,5.720843817157284,8.708742830339338,13.497999763806368,12.88368946634283,DMSO,DMSO
W0082F0002T0006Z000C1N112.png,5,31.971634663449382,29.248313559803304,13.497999763806368,12.88368946634283,DMSO,DMSO
W0082F0002T0006Z000C1N112.png,6,26.699977105233806,21.591049122956292,13.497999763806368,12.88368946634283,DMSO,DMSO
W0082F0002T0006Z000C1N112.png,7,16.08956548320074,16.511913470230592,13.497999763806368,12.88368946634283,DMSO,DMSO
W0082F0002T0006Z000C1N112.png,8,41.11339714901665,38.18438374124691,13.497999763806368,12.88368946634283,DMSO,DMSO
W0082F0002T0006Z000C1N114.png,1,23.621777889661864,27.906352335874843,10.427937874247752,10.950034823765534,DMSO,DMSO
W0082F0002T0006Z000C1N114.png,2,20.112051536404042,20.113379961024407,10.427937874247752,10.950034823765534,DMSO,DMSO
W0082F0002T0006Z000C1N114.png,3,31.761316677755985,36.1863450623847,10.427937874247752,10.950034823765534,DMSO,DMSO
W0082F0002T0006Z000C1N114.png,4,17.93448566146324,20.018449685393044,10.427937874247752,10.950034823765534,DMSO,DMSO
W0082F0002T0006Z000C1N114.png,5,13.066196723944508,4.12758336614107,10.427937874247752,10.950034823765534,DMSO,DMSO
W0082F0002T0006Z000C1N114.png,6,18.169473060226508,12.700098424815456,10.427937874247752,10.950034823765534,DMSO,DMSO
W0082F0002T0006Z000C1N114.png,7,12.474334676959325,15.500864529877088,10.427937874247752,10.950034823765534,DMSO,DMSO
W0082F0002T0006Z000C1N114.png,8,3.45454936599775,18.797737563973733,10.427937874247752,10.950034823765534,DMSO,DMSO
W0082F0002T0006Z000C1N114.png,9,28.68977824957445,24.017060814336833,10.427937874247752,10.950034823765534,DMSO,DMSO
W0082F0002T0006Z000C1N114.png,10,9.220141189564117,8.9777739534835,10.427937874247752,10.950034823765534,DMSO,DMSO
W0082F0002T0006Z000C1N114.png,11,21.756969496893802,22.401266910136172,10.427937874247752,10.950034823765534,DMSO,DMSO
W0082F0002T0006Z000C1N114.png,12,45.17433063887318,43.859459498428734,10.427937874247752,10.950034823765534,DMSO,DMSO
W0082F0002T0006Z000C1N114.png,13,8.470422459173475,8.696045047637936,10.427937874247752,10.950034823765534,DMSO,DMSO
W0082F0002T0006Z000C1N114.png,14,14.217388057814642,34.468082951829686,10.427937874247752,10.950034823765534,DMSO,DMSO
W0082F0002T0006Z000C1N119.png,1,67.26900692206281,69.0048937756481,20.7279322737626,21.1477927157755,DMSO,DMSO
W0082F0002T0006Z000C1N119.png,2,20.242884130140737,20.353432543760157,20.7279322737626,21.1477927157755,DMSO,DMSO
W0082F0002T0006Z000C1N119.png,3,50.5836039447538,50.32297735880278,20.7279322737626,21.1477927157755,DMSO,DMSO
W0082F0002T0006Z000C1N119.png,4,65.51882108673244,65.35607993940249,20.7279322737626,21.1477927157755,DMSO,DMSO
W0082F0002T0006Z000C1N119.png,5,30.448477828887274,28.711602910600245,20.7279322737626,21.1477927157755,DMSO,DMSO
W0082F0002T0006Z000C1N119.png,6,37.08773217356081,36.890192143616034,20.7279322737626,21.1477927157755,DMSO,DMSO
W0082F0002T0006Z000C1N119.png,7,8.208321658198127,8.110150987207351,20.7279322737626,21.1477927157755,DMSO,DMSO
W0082F0002T0006Z000C1N13.png,1,8.656821553166408,8.18830579141074,17.420394383210603,17.56493295666733,DMSO,DMSO
W0082F0002T0006Z000C1N13.png,2,32.44775719149938,31.39828056806801,17.420394383210603,17.56493295666733,DMSO,DMSO
W0082F0002T0006Z000C1N13.png,3,51.229792011713485,51.167545634980144,17.420394383210603,17.56493295666733,DMSO,DMSO
W0082F0002T0006Z000C1N133.png,1,52.608118048186284,15.596497314464713,0.0,0.0,DMSO,DMSO
W0082F0002T0006Z000C1N137.png,1,14.926932834687351,15.06012497379101,24.068675509091108,23.996217960774622,DMSO,DMSO
W0082F0002T0006Z000C1N137.png,2,25.54514592469286,25.705145558402634,24.068675509091108,23.996217960774622,DMSO,DMSO
W0082F0002T0006Z000C1N137.png,3,78.2171495677318,78.1755111191154,24.068675509091108,23.996217960774622,DMSO,DMSO
W0082F0002T0006Z000C1N137.png,4,34.44770762963012,34.49095878960777,24.068675509091108,23.996217960774622,DMSO,DMSO
W0082F0002T0006Z000C1N14.png,1,19.452122500038023,19.424837789229706,9.431775102922412,9.394539663646574,DMSO,DMSO
W0082F0002T0006Z000C1N14.png,2,34.80079048401571,34.10027303986761,9.431775102922412,9.394539663646574,DMSO,DMSO
W0082F0002T0006Z000C1N14.png,3,42.708124606147685,42.347431505256196,9.431775102922412,9.394539663646574,DMSO,DMSO
W0082F0002T0006Z000C1N14.png,4,30.127414444023817,30.373185875369092,9.431775102922412,9.394539663646574,DMSO,DMSO
W0082F0002T0006Z000C1N14.png,5,27.192525695920715,26.43499579736916,9.431775102922412,9.394539663646574,DMSO,DMSO
W0082F0002T0006Z000C1N14.png,6,45.47206462231852,45.38106470552608,9.431775102922412,9.394539663646574,DMSO,DMSO
W0082F0002T0006Z000C1N14.png,7,36.664083215723,36.50609186183272,9.431775102922412,9.394539663646574,DMSO,DMSO
W0082F0002T0006Z000C1N14.png,8,35.83897251202376,35.40834412390146,9.431775102922412,9.394539663646574,DMSO,DMSO
W0082F0002T0006Z000C1N14.png,9,32.55123316662138,32.636331315856495,9.431775102922412,9.394539663646574,DMSO,DMSO
W0082F0002T0006Z000C1N14.png,10,13.601621923946542,13.542000200669529,9.431775102922412,9.394539663646574,DMSO,DMSO
W0082F0002T0006Z000C1N14.png,11,39.8530328783012,40.07161400380496,9.431775102922412,9.394539663646574,DMSO,DMSO
W0082F0002T0006Z000C1N14.png,12,34.991086395006135,35.30474632550681,9.431775102922412,9.394539663646574,DMSO,DMSO
W0082F0002T0006Z000C1N14.png,13,12.039357834930021,12.743211550698398,9.431775102922412,9.394539663646574,DMSO,DMSO
W0082F0002T0006Z000C1N14.png,14,42.5977559129616,42.5895674572099,9.431775102922412,9.394539663646574,DMSO,DMSO
W0082F0002T0006Z000C1N14.png,15,42.157576713191986,42.27949951064023,9.431775102922412,9.394539663646574,DMSO,DMSO
W0082F0002T0006Z000C1N14.png,16,33.41420445902045,34.16742389141813,9.431775102922412,9.394539663646574,DMSO,DMSO
W0082F0002T0006Z000C1N14.png,17,35.526409944689334,36.24234363109148,9.431775102922412,9.394539663646574,DMSO,DMSO
W0082F0002T0006Z000C1N14.png,18,40.311052671284465,40.895714157274185,9.431775102922412,9.394539663646574,DMSO,DMSO
W0082F0002T0006Z000C1N142.png,1,46.310829598944835,17.667741356715997,5.178685682689826,12.402005389509103,DMSO,DMSO
W0082F0002T0006Z000C1N142.png,2,52.004900621190124,9.203689447380865,5.178685682689826,12.402005389509103,DMSO,DMSO
W0082F0002T0006Z000C1N142.png,3,41.42625183077656,43.118363006651016,5.178685682689826,12.402005389509103,DMSO,DMSO
W0082F0002T0006Z000C1N142.png,4,41.4269556804853,43.33814817519027,5.178685682689826,12.402005389509103,DMSO,DMSO
W0082F0002T0006Z000C1N142.png,5,34.800074306725065,35.03719487019093,5.178685682689826,12.402005389509103,DMSO,DMSO
W0082F0002T0006Z000C1N142.png,6,37.90016619869567,35.9520988120885,5.178685682689826,12.402005389509103,DMSO,DMSO
W0082F0002T0006Z000C1N142.png,7,41.693513936426754,40.64286986720802,5.178685682689826,12.402005389509103,DMSO,DMSO
W0082F0002T0006Z000C1N143.png,1,29.359116715237157,29.904411403841777,6.631642791518639,6.54566039424753,DMSO,DMSO
W0082F0002T0006Z000C1N143.png,2,42.24224655149736,42.56002769311168,6.631642791518639,6.54566039424753,DMSO,DMSO
W0082F0002T0006Z000C1N143.png,3,28.86236236345587,28.5527125366443,6.631642791518639,6.54566039424753,DMSO,DMSO
W0082F0002T0006Z000C1N143.png,4,27.688276133791568,28.137776991328245,6.631642791518639,6.54566039424753,DMSO,DMSO
W0082F0002T0006Z000C1N143.png,5,32.74174830944889,32.866501404124946,6.631642791518639,6.54566039424753,DMSO,DMSO
W0082F0002T0006Z000C1N143.png,6,36.97939206116832,36.73820047020961,6.631642791518639,6.54566039424753,DMSO,DMSO
W0082F0002T0006Z000C1N143.png,7,37.98068125860256,37.81729028885207,6.631642791518639,6.54566039424753,DMSO,DMSO
W0082F0002T0006Z000C1N143.png,8,19.735257852701004,20.03905024829122,6.631642791518639,6.54566039424753,DMSO,DMSO
W0082F0002T0006Z000C1N15.png,1,75.46095383318978,79.26361397411709,19.216321117777948,22.730887020079063,DMSO,DMSO
W0082F0002T0006Z000C1N15.png,2,74.9121715217681,78.38134763168009,19.216321117777948,22.730887020079063,DMSO,DMSO
W0082F0002T0006Z000C1N15.png,3,34.42536033581564,30.60904164104304,19.216321117777948,22.730887020079063,DMSO,DMSO
W0082F0002T0006Z000C1N151.png,1,19.440248948104845,17.729043881457535,17.62107749728152,18.370206569449717,DMSO,DMSO
W0082F0002T0006Z000C1N151.png,2,78.88422109511168,80.65266921220173,17.62107749728152,18.370206569449717,DMSO,DMSO
W0082F0002T0006Z000C1N151.png,3,45.87514911162428,47.700087035037974,17.62107749728152,18.370206569449717,DMSO,DMSO
W0082F0002T0006Z000C1N151.png,4,29.875507160978753,28.28502952286836,17.62107749728152,18.370206569449717,DMSO,DMSO
W0082F0002T0006Z000C1N151.png,5,42.74346899556672,44.62293417490705,17.62107749728152,18.370206569449717,DMSO,DMSO
W0082F0002T0006Z000C1N151.png,6,18.853498697218434,19.293865655088016,17.62107749728152,18.370206569449717,DMSO,DMSO
W0082F0002T0006Z000C1N151.png,7,51.71537582473613,51.44174656888636,17.62107749728152,18.370206569449717,DMSO,DMSO
W0082F0002T0006Z000C1N151.png,8,8.262499595037452,8.126282722686613,17.62107749728152,18.370206569449717,DMSO,DMSO
W0082F0002T0006Z000C1N151.png,9,31.464914534061734,31.513147880473547,17.62107749728152,18.370206569449717,DMSO,DMSO
W0082F0002T0006Z000C1N151.png,10,34.11059659171329,34.24425473258962,17.62107749728152,18.370206569449717,DMSO,DMSO
W0082F0002T0006Z000C1N151.png,11,37.731659029529,37.47981369854739,17.62107749728152,18.370206569449717,DMSO,DMSO
W0082F0002T0006Z000C1N151.png,12,21.137355214889553,21.32982712625707,17.62107749728152,18.370206569449717,DMSO,DMSO
W0082F0002T0006Z000C1N151.png,13,11.780250845857088,9.899662905573257,17.62107749728152,18.370206569449717,DMSO,DMSO
W0082F0002T0006Z000C1N151.png,14,30.16692577370995,30.3848516336076,17.62107749728152,18.370206569449717,DMSO,DMSO
W0082F0002T0006Z000C1N152.png,1,25.541988500639007,27.471241039802955,12.196866431396657,13.83206502438977,DMSO,DMSO
W0082F0002T0006Z000C1N152.png,2,26.536302077692753,26.437744813648635,12.196866431396657,13.83206502438977,DMSO,DMSO
W0082F0002T0006Z000C1N152.png,3,60.493018875029804,60.74396691888479,12.196866431396657,13.83206502438977,DMSO,DMSO
W0082F0002T0006Z000C1N152.png,4,20.33067041983746,20.61088809412099,12.196866431396657,13.83206502438977,DMSO,DMSO
W0082F0002T0006Z000C1N152.png,5,34.02624677623443,34.03712219878911,12.196866431396657,13.83206502438977,DMSO,DMSO
W0082F0002T0006Z000C1N152.png,6,34.18281938746991,33.20377567605135,12.196866431396657,13.83206502438977,DMSO,DMSO
W0082F0002T0006Z000C1N152.png,7,25.49351637419658,24.508364008157855,12.196866431396657,13.83206502438977,DMSO,DMSO
W0082F0002T0006Z000C1N152.png,8,34.208113678160146,53.26959461968354,12.196866431396657,13.83206502438977,DMSO,DMSO
W0082F0002T0006Z000C1N152.png,9,15.299377704145929,17.473631878407353,12.196866431396657,13.83206502438977,DMSO,DMSO
W0082F0002T0006Z000C1N153.png,1,61.7226174288367,62.556869032718424,19.366808774286454,19.69532775878493,DMSO,DMSO
W0082F0002T0006Z000C1N153.png,2,60.64168549641643,60.40277475741298,19.366808774286454,19.69532775878493,DMSO,DMSO
W0082F0002T0006Z000C1N153.png,3,23.225237469511203,22.949835920185116,19.366808774286454,19.69532775878493,DMSO,DMSO
W0082F0002T0006Z000C1N153.png,4,21.716316841474928,21.321121865064214,19.366808774286454,19.69532775878493,DMSO,DMSO
W0082F0002T0006Z000C1N154.png,1,53.516421096054245,53.047848432462615,14.19595805700668,14.128290534828878,DMSO,DMSO
W0082F0002T0006Z000C1N154.png,2,58.1433016073344,57.71806752516883,14.19595805700668,14.128290534828878,DMSO,DMSO
W0082F0002T0006Z000C1N154.png,3,43.04944337682812,42.56377331696316,14.19595805700668,14.128290534828878,DMSO,DMSO
W0082F0002T0006Z000C1N154.png,4,52.22372637580369,51.8318491569715,14.19595805700668,14.128290534828878,DMSO,DMSO
W0082F0002T0006Z000C1N154.png,5,31.917356439054004,31.459350674759985,14.19595805700668,14.128290534828878,DMSO,DMSO
W0082F0002T0006Z000C1N154.png,6,42.01575889606463,41.760082580429085,14.19595805700668,14.128290534828878,DMSO,DMSO
W0082F0002T0006Z000C1N154.png,7,43.02097676799717,42.84667514438265,14.19595805700668,14.128290534828878,DMSO,DMSO
W0082F0002T0006Z000C1N154.png,8,52.290575185041945,52.279888944266254,14.19595805700668,14.128290534828878,DMSO,DMSO
W0082F0002T0006Z000C1N154.png,9,14.587074957822157,14.679047485204707,14.19595805700668,14.128290534828878,DMSO,DMSO
W0082F0002T0006Z000C1N154.png,10,11.210659262289415,11.476535409012676,14.19595805700668,14.128290534828878,DMSO,DMSO
W0082F0002T0006Z000C1N154.png,11,59.41766062128281,59.589151373069136,14.19595805700668,14.128290534828878,DMSO,DMSO
W0082F0002T0006Z000C1N154.png,12,44.43829006926119,44.78203372227342,14.19595805700668,14.128290534828878,DMSO,DMSO
W0082F0002T0006Z000C1N154.png,13,42.213838721925235,42.46960618287336,14.19595805700668,14.128290534828878,DMSO,DMSO
W0082F0002T0006Z000C1N154.png,14,52.81124670782959,53.18833591287613,14.19595805700668,14.128290534828878,DMSO,DMSO
W0082F0002T0006Z000C1N156.png,1,62.724395907118854,22.299459546768205,10.0332057704134,10.234657314484215,DMSO,DMSO
W0082F0002T0006Z000C1N156.png,2,29.936371074562054,33.02500775677011,10.0332057704134,10.234657314484215,DMSO,DMSO
W0082F0002T0006Z000C1N156.png,3,45.15848338742857,45.935843551019964,10.0332057704134,10.234657314484215,DMSO,DMSO
W0082F0002T0006Z000C1N156.png,4,32.492857472865815,20.054996807347344,10.0332057704134,10.234657314484215,DMSO,DMSO
W0082F0002T0006Z000C1N156.png,5,33.63365928053848,26.54093038967492,10.0332057704134,10.234657314484215,DMSO,DMSO
W0082F0002T0006Z000C1N156.png,6,41.183268081082495,21.23671015959441,10.0332057704134,10.234657314484215,DMSO,DMSO
W0082F0002T0006Z000C1N156.png,7,54.530621057365735,32.93388612841128,10.0332057704134,10.234657314484215,DMSO,DMSO
W0082F0002T0006Z000C1N156.png,8,43.848363141073264,17.104997296566196,10.0332057704134,10.234657314484215,DMSO,DMSO
W0082F0002T0006Z000C1N156.png,9,45.65183064310264,46.13297388991021,10.0332057704134,10.234657314484215,DMSO,DMSO
W0082F0002T0006Z000C1N162.png,1,90.88054210963978,94.04021908728045,18.86076041903193,20.08091056757351,DMSO,DMSO
W0082F0002T0006Z000C1N162.png,2,78.06354927784894,81.21896961947695,18.86076041903193,20.08091056757351,DMSO,DMSO
W0082F0002T0006Z000C1N162.png,3,65.81397878429125,66.58570087926222,18.86076041903193,20.08091056757351,DMSO,DMSO
W0082F0002T0006Z000C1N162.png,4,50.30388587474509,52.01187151348521,18.86076041903193,20.08091056757351,DMSO,DMSO
W0082F0002T0006Z000C1N162.png,5,49.02563255389827,52.108577615111074,18.86076041903193,20.08091056757351,DMSO,DMSO
W0082F0002T0006Z000C1N162.png,6,57.34585262270537,60.11539159177522,18.86076041903193,20.08091056757351,DMSO,DMSO
W0082F0002T0006Z000C1N162.png,7,57.066074821721166,57.20296328295457,18.86076041903193,20.08091056757351,DMSO,DMSO
W0082F0002T0006Z000C1N162.png,8,47.89383914001378,44.91413978380254,18.86076041903193,20.08091056757351,DMSO,DMSO
W0082F0002T0006Z000C1N162.png,9,53.724446463189366,50.742070108070735,18.86076041903193,20.08091056757351,DMSO,DMSO
W0082F0002T0006Z000C1N162.png,10,40.134104457068055,40.039994986190685,18.86076041903193,20.08091056757351,DMSO,DMSO
W0082F0002T0006Z000C1N162.png,11,38.50058870730887,36.32353987650773,18.86076041903193,20.08091056757351,DMSO,DMSO
W0082F0002T0006Z000C1N162.png,12,51.658238487669074,51.053267914015606,18.86076041903193,20.08091056757351,DMSO,DMSO
W0082F0002T0006Z000C1N162.png,13,9.016816008424838,8.40036879424906,18.86076041903193,20.08091056757351,DMSO,DMSO
W0082F0002T0006Z000C1N19.png,1,47.67506267231987,41.22855353697791,12.358746918127995,11.443836075750516,DMSO,DMSO
W0082F0002T0006Z000C1N19.png,2,47.48634571957375,48.29225623052126,12.358746918127995,11.443836075750516,DMSO,DMSO
W0082F0002T0006Z000C1N19.png,3,22.822253342975376,23.647386825602435,12.358746918127995,11.443836075750516,DMSO,DMSO
W0082F0002T0006Z000C1N19.png,4,55.55510799401741,53.47996330315235,12.358746918127995,11.443836075750516,DMSO,DMSO
W0082F0002T0006Z000C1N19.png,5,45.26622188375923,45.482082524004475,12.358746918127995,11.443836075750516,DMSO,DMSO
W0082F0002T0006Z000C1N19.png,6,35.30602289349855,34.497428463399416,12.358746918127995,11.443836075750516,DMSO,DMSO
W0082F0002T0006Z000C1N19.png,7,63.970563340223784,61.147551604525525,12.358746918127995,11.443836075750516,DMSO,DMSO
W0082F0002T0006Z000C1N21.png,1,51.71104834111879,49.89679559287107,10.914596692047553,10.558390639195174,DMSO,DMSO
W0082F0002T0006Z000C1N21.png,2,56.75979576005883,55.24791340854048,10.914596692047553,10.558390639195174,DMSO,DMSO
W0082F0002T0006Z000C1N21.png,3,42.15382037625556,40.59542760881518,10.914596692047553,10.558390639195174,DMSO,DMSO
W0082F0002T0006Z000C1N21.png,4,34.08498877786061,33.527748432742584,10.914596692047553,10.558390639195174,DMSO,DMSO
W0082F0002T0006Z000C1N21.png,5,38.941260145264,39.82256391882238,10.914596692047553,10.558390639195174,DMSO,DMSO
W0082F0002T0006Z000C1N21.png,6,22.06855785072771,23.799434111683663,10.914596692047553,10.558390639195174,DMSO,DMSO
W0082F0002T0006Z000C1N21.png,7,49.05665743129637,50.86541448875069,10.914596692047553,10.558390639195174,DMSO,DMSO
W0082F0002T0006Z000C1N21.png,8,53.91264960134503,55.723347893134964,10.914596692047553,10.558390639195174,DMSO,DMSO
W0082F0002T0006Z000C1N30.png,1,56.45729201613789,57.42343946184625,9.280096686091328,15.590543785730853,DMSO,DMSO
W0082F0002T0006Z000C1N30.png,2,54.27730634430179,54.71197099293136,9.280096686091328,15.590543785730853,DMSO,DMSO
W0082F0002T0006Z000C1N30.png,3,64.05086173340968,63.12886027845591,9.280096686091328,15.590543785730853,DMSO,DMSO
W0082F0002T0006Z000C1N30.png,4,40.61709100767225,21.28217893648803,9.280096686091328,15.590543785730853,DMSO,DMSO
W0082F0002T0006Z000C1N30.png,5,41.68708324342639,29.20431547277834,9.280096686091328,15.590543785730853,DMSO,DMSO
W0082F0002T0006Z000C1N30.png,6,63.60065961099177,60.92986129175683,9.280096686091328,15.590543785730853,DMSO,DMSO
W0082F0002T0006Z000C1N30.png,7,62.78062469823698,58.83279722912931,9.280096686091328,15.590543785730853,DMSO,DMSO
W0082F0002T0006Z000C1N35.png,1,44.33172253379583,43.76402675036731,9.76089383452983,9.811726935929078,DMSO,DMSO
W0082F0002T0006Z000C1N35.png,2,28.88131351808546,40.247481745912616,9.76089383452983,9.811726935929078,DMSO,DMSO
W0082F0002T0006Z000C1N35.png,3,40.61560717381168,40.03630792329889,9.76089383452983,9.811726935929078,DMSO,DMSO
W0082F0002T0006Z000C1N35.png,4,6.148506731782645,6.300213622695317,9.76089383452983,9.811726935929078,DMSO,DMSO
W0082F0002T0006Z000C1N35.png,5,25.528350607227257,25.189930188218337,9.76089383452983,9.811726935929078,DMSO,DMSO
W0082F0002T0006Z000C1N35.png,6,24.035396330252965,24.34872739464542,9.76089383452983,9.811726935929078,DMSO,DMSO
W0082F0002T0006Z000C1N35.png,7,28.749171465984123,28.48057664140396,9.76089383452983,9.811726935929078,DMSO,DMSO
W0082F0002T0006Z000C1N35.png,8,26.384784741240633,26.684217029656512,9.76089383452983,9.811726935929078,DMSO,DMSO
W0082F0002T0006Z000C1N35.png,9,36.81463753099349,36.53082380982684,9.76089383452983,9.811726935929078,DMSO,DMSO
W0082F0002T0006Z000C1N35.png,10,34.394897093986636,34.68051272882932,9.76089383452983,9.811726935929078,DMSO,DMSO
W0082F0002T0006Z000C1N35.png,11,19.159495838275237,19.412647541193987,9.76089383452983,9.811726935929078,DMSO,DMSO
W0082F0002T0006Z000C1N35.png,12,29.450405420787366,29.137026774009804,9.76089383452983,9.811726935929078,DMSO,DMSO
W0082F0002T0006Z000C1N35.png,13,35.246758886221194,35.403193904836634,9.76089383452983,9.811726935929078,DMSO,DMSO
W0082F0002T0006Z000C1N35.png,14,46.74209066731264,46.429096014848035,9.76089383452983,9.811726935929078,DMSO,DMSO
W0082F0002T0006Z000C1N35.png,15,27.20602907349467,27.08874621918976,9.76089383452983,9.811726935929078,DMSO,DMSO
W0082F0002T0006Z000C1N35.png,16,37.233475111081056,37.28782756070072,9.76089383452983,9.811726935929078,DMSO,DMSO
W0082F0002T0006Z000C1N35.png,17,41.83996876223247,41.666433560419385,9.76089383452983,9.811726935929078,DMSO,DMSO
W0082F0002T0006Z000C1N36.png,1,30.59039553075203,30.845828273862704,17.28422212251341,17.372993239531613,DMSO,DMSO
W0082F0002T0006Z000C1N36.png,2,54.844359002416,54.783698619345536,17.28422212251341,17.372993239531613,DMSO,DMSO
W0082F0002T0006Z000C1N36.png,3,24.985836733035214,24.62476339241799,17.28422212251341,17.372993239531613,DMSO,DMSO
W0082F0002T0006Z000C1N36.png,4,56.97045837843379,53.19763955665186,17.28422212251341,17.372993239531613,DMSO,DMSO
W0082F0002T0006Z000C1N36.png,5,32.141229915906,31.779905717580263,17.28422212251341,17.372993239531613,DMSO,DMSO
W0082F0002T0006Z000C1N36.png,6,60.31316986308779,56.60606087909736,17.28422212251341,17.372993239531613,DMSO,DMSO
W0082F0002T0006Z000C1N36.png,7,62.52543893490755,59.10965671723227,17.28422212251341,17.372993239531613,DMSO,DMSO
W0082F0002T0006Z000C1N36.png,8,80.37325702530953,77.44836129997431,17.28422212251341,17.372993239531613,DMSO,DMSO
W0082F0002T0006Z000C1N36.png,9,39.1972216150623,25.376648657803955,17.28422212251341,17.372993239531613,DMSO,DMSO
W0082F0002T0006Z000C1N4.png,1,38.43244696679167,39.002816389455795,4.757103104341312,4.907989249790257,DMSO,DMSO
W0082F0002T0006Z000C1N4.png,2,39.97478273397399,39.66277531045413,4.757103104341312,4.907989249790257,DMSO,DMSO
W0082F0002T0006Z000C1N4.png,3,25.09814133529647,24.68310261685782,4.757103104341312,4.907989249790257,DMSO,DMSO
W0082F0002T0006Z000C1N4.png,4,35.87561755463067,35.23406540762344,4.757103104341312,4.907989249790257,DMSO,DMSO
W0082F0002T0006Z000C1N4.png,5,35.62662990068172,35.397051218924084,4.757103104341312,4.907989249790257,DMSO,DMSO
W0082F0002T0006Z000C1N4.png,6,34.7721078312609,34.17291728945402,4.757103104341312,4.907989249790257,DMSO,DMSO
W0082F0002T0006Z000C1N45.png,1,74.19759693520159,73.09398585288173,23.260106665682276,22.922042025505533,DMSO,DMSO
W0082F0002T0006Z000C1N45.png,2,46.214144237706385,12.73959606681719,23.260106665682276,22.922042025505533,DMSO,DMSO
W0082F0002T0006Z000C1N45.png,3,33.47996454117698,32.50127780719958,23.260106665682276,22.922042025505533,DMSO,DMSO
W0082F0002T0006Z000C1N45.png,4,53.33758017196335,38.674384163135755,23.260106665682276,22.922042025505533,DMSO,DMSO
W0082F0002T0006Z000C1N45.png,5,32.91268366913931,32.39751213941719,23.260106665682276,22.922042025505533,DMSO,DMSO
W0082F0002T0006Z000C1N45.png,6,17.45318175756512,16.778756609329033,23.260106665682276,22.922042025505533,DMSO,DMSO
W0082F0002T0006Z000C1N45.png,7,89.41228377786713,74.4185796693272,23.260106665682276,22.922042025505533,DMSO,DMSO
W0082F0002T0006Z000C1N46.png,1,45.173683208837865,43.88729326809254,15.154882195082864,14.45017363888303,DMSO,DMSO
W0082F0002T0006Z000C1N46.png,2,48.79994136431642,49.84626548907704,15.154882195082864,14.45017363888303,DMSO,DMSO
W0082F0002T0006Z000C1N46.png,3,40.47635808982299,39.907560208793576,15.154882195082864,14.45017363888303,DMSO,DMSO
W0082F0002T0006Z000C1N46.png,4,61.21177363010108,58.5121900085441,15.154882195082864,14.45017363888303,DMSO,DMSO
W0082F0002T0006Z000C1N46.png,5,34.855062521006595,33.25175406502292,15.154882195082864,14.45017363888303,DMSO,DMSO
W0082F0002T0006Z000C1N46.png,6,43.35093401050604,40.90913885570739,15.154882195082864,14.45017363888303,DMSO,DMSO
W0082F0002T0006Z000C1N46.png,7,50.64069644100631,47.92335615616565,15.154882195082864,14.45017363888303,DMSO,DMSO
W0082F0002T0006Z000C1N46.png,8,28.61026304984472,26.13840176726674,15.154882195082864,14.45017363888303,DMSO,DMSO
W0082F0002T0006Z000C1N46.png,9,30.14021614596641,27.256606033939182,15.154882195082864,14.45017363888303,DMSO,DMSO
W0082F0002T0006Z000C1N46.png,10,45.865531877655634,42.866071012948524,15.154882195082864,14.45017363888303,DMSO,DMSO
W0082F0002T0006Z000C1N46.png,11,1.6255755956382147,2.144635437563261,15.154882195082864,14.45017363888303,DMSO,DMSO
W0082F0002T0006Z000C1N46.png,12,20.341723338723096,22.23273114074413,15.154882195082864,14.45017363888303,DMSO,DMSO
W0082F0002T0006Z000C1N5.png,1,54.391153312712866,9.121330852230434,13.014670450760107,12.865722520695668,DMSO,DMSO
W0082F0002T0006Z000C1N5.png,2,49.357852651608866,30.906974085296333,13.014670450760107,12.865722520695668,DMSO,DMSO
W0082F0002T0006Z000C1N5.png,3,29.55384400110132,6.635945990733545,13.014670450760107,12.865722520695668,DMSO,DMSO
W0082F0002T0006Z000C1N5.png,4,24.58641764175358,14.254627402302951,13.014670450760107,12.865722520695668,DMSO,DMSO
W0082F0002T0006Z000C1N5.png,5,51.78813686070426,38.22884655278228,13.014670450760107,12.865722520695668,DMSO,DMSO
W0082F0002T0006Z000C1N5.png,6,35.41834210805455,34.03675207604566,13.014670450760107,12.865722520695668,DMSO,DMSO
W0082F0002T0006Z000C1N5.png,7,33.99709510159129,27.961974855276893,13.014670450760107,12.865722520695668,DMSO,DMSO
W0082F0002T0006Z000C1N5.png,8,52.67369727252251,44.17251485270258,13.014670450760107,12.865722520695668,DMSO,DMSO
W0082F0002T0006Z000C1N5.png,9,52.232816554427785,18.029501277636832,13.014670450760107,12.865722520695668,DMSO,DMSO
W0082F0002T0006Z000C1N5.png,10,51.11633134336469,41.264132684829605,13.014670450760107,12.865722520695668,DMSO,DMSO
W0082F0002T0006Z000C1N5.png,11,61.94379183916271,9.2453986534195,13.014670450760107,12.865722520695668,DMSO,DMSO
W0082F0002T0006Z000C1N5.png,12,70.25072768296451,32.454907876603144,13.014670450760107,12.865722520695668,DMSO,DMSO
W0082F0002T0006Z000C1N53.png,1,24.58260895242667,24.487610335960962,10.254783512765677,10.140072127599986,DMSO,DMSO
W0082F0002T0006Z000C1N53.png,2,43.061643750096415,43.29994096769772,10.254783512765677,10.140072127599986,DMSO,DMSO
W0082F0002T0006Z000C1N53.png,3,48.90643021847283,48.799145329733186,10.254783512765677,10.140072127599986,DMSO,DMSO
W0082F0002T0006Z000C1N53.png,4,39.26981890399451,39.20672132871566,10.254783512765677,10.140072127599986,DMSO,DMSO
W0082F0002T0006Z000C1N53.png,5,42.624758835154594,42.362258755068694,10.254783512765677,10.140072127599986,DMSO,DMSO
W0082F0002T0006Z000C1N53.png,6,37.58346842160246,37.5756427776185,10.254783512765677,10.140072127599986,DMSO,DMSO
W0082F0002T0006Z000C1N53.png,7,58.818308349956894,58.40309058542856,10.254783512765677,10.140072127599986,DMSO,DMSO
W0082F0002T0006Z000C1N53.png,8,31.963419379427613,32.21873026540878,10.254783512765677,10.140072127599986,DMSO,DMSO
W0082F0002T0006Z000C1N53.png,9,38.21152073190697,38.454214577297755,10.254783512765677,10.140072127599986,DMSO,DMSO
W0082F0002T0006Z000C1N53.png,10,33.577458817839776,33.21455843921942,10.254783512765677,10.140072127599986,DMSO,DMSO
W0082F0002T0006Z000C1N53.png,11,35.9763807058796,35.868555120231164,10.254783512765677,10.140072127599986,DMSO,DMSO
W0082F0002T0006Z000C1N53.png,12,48.75690821386913,48.38870912240918,10.254783512765677,10.140072127599986,DMSO,DMSO
W0082F0002T0006Z000C1N53.png,13,62.898094222409604,62.53703013958852,10.254783512765677,10.140072127599986,DMSO,DMSO
W0082F0002T0006Z000C1N54.png,1,52.422140864631835,51.58873574748741,17.459510091814813,17.365772256091784,DMSO,DMSO
W0082F0002T0006Z000C1N54.png,2,55.56168827827736,54.954097429417395,17.459510091814813,17.365772256091784,DMSO,DMSO
W0082F0002T0006Z000C1N54.png,3,22.13112983292795,22.913895149230836,17.459510091814813,17.365772256091784,DMSO,DMSO
W0082F0002T0006Z000C1N54.png,4,52.74215143677951,53.201365066428686,17.459510091814813,17.365772256091784,DMSO,DMSO
W0082F0002T0006Z000C1N54.png,5,56.16150424594656,56.396392934055456,17.459510091814813,17.365772256091784,DMSO,DMSO
W0082F0002T0006Z000C1N54.png,6,41.18281986253045,40.75290000966682,17.459510091814813,17.365772256091784,DMSO,DMSO
W0082F0002T0006Z000C1N54.png,7,43.37780044098876,44.28989248287396,17.459510091814813,17.365772256091784,DMSO,DMSO
W0082F0002T0006Z000C1N54.png,8,20.54589840577656,19.952330793621115,17.459510091814813,17.365772256091784,DMSO,DMSO
W0082F0002T0006Z000C1N54.png,9,8.575054156622747,9.415682565320624,17.459510091814813,17.365772256091784,DMSO,DMSO
W0082F0002T0006Z000C1N54.png,10,9.321808728113282,8.803572217771993,17.459510091814813,17.365772256091784,DMSO,DMSO
W0082F0002T0006Z000C1N54.png,11,42.678889196767166,42.62042071318657,17.459510091814813,17.365772256091784,DMSO,DMSO
W0082F0002T0006Z000C1N57.png,1,26.455170960773284,14.986579644616874,19.924333782033308,18.33638263156356,DMSO,DMSO
W0082F0002T0006Z000C1N57.png,2,43.82398063795525,26.91308650813534,19.924333782033308,18.33638263156356,DMSO,DMSO
W0082F0002T0006Z000C1N57.png,3,16.19865268345826,10.012795624011932,19.924333782033308,18.33638263156356,DMSO,DMSO
W0082F0002T0006Z000C1N57.png,4,84.42776443581866,63.253193066879206,19.924333782033308,18.33638263156356,DMSO,DMSO
W0082F0002T0006Z000C1N57.png,5,24.43772613652275,12.696823229561481,19.924333782033308,18.33638263156356,DMSO,DMSO
W0082F0002T0006Z000C1N57.png,6,48.94261775895305,48.26594423749631,19.924333782033308,18.33638263156356,DMSO,DMSO
W0082F0002T0006Z000C1N57.png,7,32.72849168282707,32.45269500730801,19.924333782033308,18.33638263156356,DMSO,DMSO
W0082F0002T0006Z000C1N57.png,8,48.10315145559538,48.644527551406604,19.924333782033308,18.33638263156356,DMSO,DMSO
W0082F0002T0006Z000C1N6.png,1,84.8124541038436,64.91757172351143,19.706194227257743,20.43074671756056,DMSO,DMSO
W0082F0002T0006Z000C1N6.png,2,48.88286234167184,41.57812181913975,19.706194227257743,20.43074671756056,DMSO,DMSO
W0082F0002T0006Z000C1N6.png,3,43.46815785147202,29.9164016898103,19.706194227257743,20.43074671756056,DMSO,DMSO
W0082F0002T0006Z000C1N6.png,4,68.62890808000571,52.45745428362248,19.706194227257743,20.43074671756056,DMSO,DMSO
W0082F0002T0006Z000C1N6.png,5,60.770009617053475,50.851133978255305,19.706194227257743,20.43074671756056,DMSO,DMSO
W0082F0002T0006Z000C1N6.png,6,43.1211488556793,7.481800178281175,19.706194227257743,20.43074671756056,DMSO,DMSO
W0082F0002T0006Z000C1N6.png,7,59.117443261811545,12.463071904858554,19.706194227257743,20.43074671756056,DMSO,DMSO
W0082F0002T0006Z000C1N6.png,8,53.15007527405342,13.159187888146267,19.706194227257743,20.43074671756056,DMSO,DMSO
W0082F0002T0006Z000C1N6.png,9,8.958933911422845,10.367238644582669,19.706194227257743,20.43074671756056,DMSO,DMSO
W0082F0002T0006Z000C1N62.png,1,23.32348124274592,22.988924491384342,16.909544788449868,17.037991031388536,DMSO,DMSO
W0082F0002T0006Z000C1N62.png,2,31.75825766815137,31.557933390397118,16.909544788449868,17.037991031388536,DMSO,DMSO
W0082F0002T0006Z000C1N62.png,3,25.16452590098966,25.480694109145546,16.909544788449868,17.037991031388536,DMSO,DMSO
W0082F0002T0006Z000C1N62.png,4,37.66743063016234,37.410597608643435,16.909544788449868,17.037991031388536,DMSO,DMSO
W0082F0002T0006Z000C1N62.png,5,35.214033697943535,35.148084857938805,16.909544788449868,17.037991031388536,DMSO,DMSO
W0082F0002T0006Z000C1N62.png,6,40.20877078821099,40.172958088687665,16.909544788449868,17.037991031388536,DMSO,DMSO
W0082F0002T0006Z000C1N62.png,7,42.54969563533477,42.58477062104768,16.909544788449868,17.037991031388536,DMSO,DMSO
W0082F0002T0006Z000C1N62.png,8,81.08037341527404,81.41551961473441,16.909544788449868,17.037991031388536,DMSO,DMSO
W0082F0002T0006Z000C1N65.png,1,47.36615033015045,17.123430705691792,8.865619548937715,11.941421837785281,DMSO,DMSO
W0082F0002T0006Z000C1N65.png,2,46.98042696944213,47.34852038920826,8.865619548937715,11.941421837785281,DMSO,DMSO
W0082F0002T0006Z000C1N65.png,3,63.46468891046757,31.946147045035513,8.865619548937715,11.941421837785281,DMSO,DMSO
W0082F0002T0006Z000C1N65.png,4,47.29515743057627,47.74517364969318,8.865619548937715,11.941421837785281,DMSO,DMSO
W0082F0002T0006Z000C1N65.png,5,39.25653000271435,39.21339883479247,8.865619548937715,11.941421837785281,DMSO,DMSO
W0082F0002T0006Z000C1N65.png,6,56.26801176988589,56.54641043297889,8.865619548937715,11.941421837785281,DMSO,DMSO
W0082F0002T0006Z000C1N65.png,7,35.182181515732566,34.96826616474889,8.865619548937715,11.941421837785281,DMSO,DMSO
W0082F0002T0006Z000C1N7.png,1,6.917872279448693,7.115020508637865,23.097960900007696,23.004114160824706,DMSO,DMSO
W0082F0002T0006Z000C1N7.png,2,62.29691621009107,62.03829454274843,23.097960900007696,23.004114160824706,DMSO,DMSO
W0082F0002T0006Z000C1N7.png,3,69.47908616754718,69.28403335200757,23.097960900007696,23.004114160824706,DMSO,DMSO
W0082F0002T0006Z000C1N7.png,4,79.97317850050239,80.01820778067453,23.097960900007696,23.004114160824706,DMSO,DMSO
W0082F0002T0006Z000C1N7.png,5,55.614316379947375,55.61634550700033,23.097960900007696,23.004114160824706,DMSO,DMSO
W0082F0002T0006Z000C1N7.png,6,53.165907751087275,53.09107381684735,23.097960900007696,23.004114160824706,DMSO,DMSO
W0082F0002T0006Z000C1N71.png,1,45.89940795656788,17.082958822893623,2.36048565982113,12.002816125948442,DMSO,DMSO
W0082F0002T0006Z000C1N71.png,2,41.17843663692562,41.08859107479051,2.36048565982113,12.002816125948442,DMSO,DMSO
W0082F0002T0006Z000C1N72.png,1,59.157252961845955,56.84430971924007,16.05043721805893,12.79700639934353,DMSO,DMSO
W0082F0002T0006Z000C1N72.png,2,23.98893110218409,23.36864060124244,16.05043721805893,12.79700639934353,DMSO,DMSO
W0082F0002T0006Z000C1N72.png,3,35.97692669225939,30.700118184068526,16.05043721805893,12.79700639934353,DMSO,DMSO
W0082F0002T0006Z000C1N72.png,4,21.618832469408666,20.593538886043888,16.05043721805893,12.79700639934353,DMSO,DMSO
W0082F0002T0006Z000C1N72.png,5,21.155906957936917,32.17842882135272,16.05043721805893,12.79700639934353,DMSO,DMSO
W0082F0002T0006Z000C1N72.png,6,39.09015799023958,25.06114521951269,16.05043721805893,12.79700639934353,DMSO,DMSO
W0082F0002T0006Z000C1N72.png,7,4.180455490642165,10.431943258411486,16.05043721805893,12.79700639934353,DMSO,DMSO
W0082F0002T0006Z000C1N72.png,8,44.60642852763317,8.587157233615988,16.05043721805893,12.79700639934353,DMSO,DMSO
W0082F0002T0006Z000C1N72.png,9,31.7033881718079,21.23497471286236,16.05043721805893,12.79700639934353,DMSO,DMSO
W0082F0002T0006Z000C1N72.png,10,30.67363024733389,18.717699334008,16.05043721805893,12.79700639934353,DMSO,DMSO
W0082F0002T0006Z000C1N72.png,11,51.05252224313299,37.15102541022512,16.05043721805893,12.79700639934353,DMSO,DMSO
W0082F0002T0006Z000C1N72.png,12,51.46076276819483,31.431381058518856,16.05043721805893,12.79700639934353,DMSO,DMSO
W0082F0002T0006Z000C1N72.png,13,7.8601728421082235,8.132193053626228,16.05043721805893,12.79700639934353,DMSO,DMSO
W0082F0002T0006Z000C1N74.png,1,74.12494910969433,73.99856026103627,17.68718605497909,17.674194986063597,DMSO,DMSO
W0082F0002T0006Z000C1N74.png,2,26.90678654265492,25.98522806273245,17.68718605497909,17.674194986063597,DMSO,DMSO
W0082F0002T0006Z000C1N74.png,3,54.676863934338094,54.926522114140646,17.68718605497909,17.674194986063597,DMSO,DMSO
W0082F0002T0006Z000C1N74.png,4,58.84815031720002,58.839405227552554,17.68718605497909,17.674194986063597,DMSO,DMSO
W0082F0002T0006Z000C1N74.png,5,49.38623980969415,49.346171714434774,17.68718605497909,17.674194986063597,DMSO,DMSO
W0082F0002T0006Z000C1N74.png,6,9.37096488368142,10.1479340783273,17.68718605497909,17.674194986063597,DMSO,DMSO
W0082F0002T0006Z000C1N74.png,7,21.764584152743804,22.15079533178606,17.68718605497909,17.674194986063597,DMSO,DMSO
W0082F0002T0006Z000C1N74.png,8,28.425350748954934,28.536139230689617,17.68718605497909,17.674194986063597,DMSO,DMSO
W0082F0002T0006Z000C1N74.png,9,28.01540387218751,27.82185625538182,17.68718605497909,17.674194986063597,DMSO,DMSO
W0082F0002T0006Z000C1N74.png,10,11.065586379837637,10.980597248736114,17.68718605497909,17.674194986063597,DMSO,DMSO
W0082F0002T0006Z000C1N74.png,11,35.64233738969368,35.561202934430874,17.68718605497909,17.674194986063597,DMSO,DMSO
W0082F0002T0006Z000C1N74.png,12,39.586864296230054,39.58042029636016,17.68718605497909,17.674194986063597,DMSO,DMSO
W0082F0002T0006Z000C1N74.png,13,36.50839292561893,36.77009332767437,17.68718605497909,17.674194986063597,DMSO,DMSO
W0082F0002T0006Z000C1N74.png,14,39.638771884387374,39.844441234047196,17.68718605497909,17.674194986063597,DMSO,DMSO
W0082F0002T0006Z000C1N74.png,15,8.456602993608321,8.090271385193526,17.68718605497909,17.674194986063597,DMSO,DMSO
W0082F0002T0006Z000C1N74.png,16,34.77425478121485,34.549226397361316,17.68718605497909,17.674194986063597,DMSO,DMSO
W0082F0002T0006Z000C1N78.png,1,43.347160588555695,43.15196969172715,9.189487946776548,9.14844221445231,DMSO,DMSO
W0082F0002T0006Z000C1N78.png,2,32.655550734584835,32.562570615405726,9.189487946776548,9.14844221445231,DMSO,DMSO
W0082F0002T0006Z000C1N78.png,3,25.69444266737773,26.362711233979017,9.189487946776548,9.14844221445231,DMSO,DMSO
W0082F0002T0006Z000C1N78.png,4,35.37381948355906,35.772796960358676,9.189487946776548,9.14844221445231,DMSO,DMSO
W0082F0002T0006Z000C1N78.png,5,17.05643243906357,16.868016864192427,9.189487946776548,9.14844221445231,DMSO,DMSO
W0082F0002T0006Z000C1N78.png,6,34.510076105932505,34.658234613074804,9.189487946776548,9.14844221445231,DMSO,DMSO
W0082F0002T0006Z000C1N78.png,7,14.549515086641156,14.275810767362712,9.189487946776548,9.14844221445231,DMSO,DMSO
W0082F0002T0006Z000C1N78.png,8,47.64800204617225,46.89854175246514,9.189487946776548,9.14844221445231,DMSO,DMSO
W0082F0002T0006Z000C1N78.png,9,31.890179931788683,31.13456980991406,9.189487946776548,9.14844221445231,DMSO,DMSO
W0082F0002T0006Z000C1N78.png,10,34.37221954607998,34.18904806690828,9.189487946776548,9.14844221445231,DMSO,DMSO
W0082F0002T0006Z000C1N78.png,11,36.94687243435303,37.191020520553906,9.189487946776548,9.14844221445231,DMSO,DMSO
W0082F0002T0006Z000C1N78.png,12,37.3354463320795,37.73028586094051,9.189487946776548,9.14844221445231,DMSO,DMSO
W0082F0002T0006Z000C1N79.png,1,25.950053670345802,25.680672585515456,9.4723334035615,9.629904049660418,DMSO,DMSO
W0082F0002T0006Z000C1N79.png,2,20.881674615159593,20.771368472483655,9.4723334035615,9.629904049660418,DMSO,DMSO
W0082F0002T0006Z000C1N79.png,3,24.988187901051706,24.608426397136995,9.4723334035615,9.629904049660418,DMSO,DMSO
W0082F0002T0006Z000C1N79.png,4,50.47848037212994,50.28900131128446,9.4723334035615,9.629904049660418,DMSO,DMSO
W0082F0002T0006Z000C1N79.png,5,27.875089993781437,28.099913471253426,9.4723334035615,9.629904049660418,DMSO,DMSO
W0082F0002T0006Z000C1N79.png,6,21.14160582621151,20.137578802821636,9.4723334035615,9.629904049660418,DMSO,DMSO
W0082F0002T0006Z000C1N79.png,7,21.6162669830734,22.53316228770164,9.4723334035615,9.629904049660418,DMSO,DMSO
W0082F0002T0006Z000C1N79.png,8,20.08456037846301,20.69499839609174,9.4723334035615,9.629904049660418,DMSO,DMSO
W0082F0002T0006Z000C1N79.png,9,8.236977851590499,8.410352497674076,9.4723334035615,9.629904049660418,DMSO,DMSO
W0082F0002T0006Z000C1N79.png,10,14.385088330704797,14.430738414715819,9.4723334035615,9.629904049660418,DMSO,DMSO
W0082F0002T0006Z000C1N79.png,11,24.397313844070872,24.560953245035225,9.4723334035615,9.629904049660418,DMSO,DMSO
W0082F0002T0006Z000C1N79.png,12,23.293954249858718,23.497100597723723,9.4723334035615,9.629904049660418,DMSO,DMSO
W0082F0002T0006Z000C1N79.png,13,26.816312764653954,32.57895529917505,9.4723334035615,9.629904049660418,DMSO,DMSO
W0082F0002T0006Z000C1N79.png,14,36.44349208640183,36.67038423078771,9.4723334035615,9.629904049660418,DMSO,DMSO
W0082F0002T0006Z000C1N80.png,1,5.273283106229501,3.532814173310857,11.257271515180518,11.269558002234145,DMSO,DMSO
W0082F0002T0006Z000C1N80.png,2,19.46462791969796,19.767944738660955,11.257271515180518,11.269558002234145,DMSO,DMSO
W0082F0002T0006Z000C1N80.png,3,37.347036539562815,26.309000537986776,11.257271515180518,11.269558002234145,DMSO,DMSO
W0082F0002T0006Z000C1N80.png,4,19.63483676698031,19.46061912175978,11.257271515180518,11.269558002234145,DMSO,DMSO
W0082F0002T0006Z000C1N80.png,5,17.33243923841885,17.066796832062884,11.257271515180518,11.269558002234145,DMSO,DMSO
W0082F0002T0006Z000C1N80.png,6,44.33451653203279,44.10248151332582,11.257271515180518,11.269558002234145,DMSO,DMSO
W0082F0002T0006Z000C1N80.png,7,29.730504256415376,29.641862136120984,11.257271515180518,11.269558002234145,DMSO,DMSO
W0082F0002T0006Z000C1N80.png,8,39.94134112597313,39.630616843655524,11.257271515180518,11.269558002234145,DMSO,DMSO
W0082F0002T0006Z000C1N80.png,9,32.25273514666585,31.96786038137697,11.257271515180518,11.269558002234145,DMSO,DMSO
W0082F0002T0006Z000C1N80.png,10,34.40568358259569,34.296754822545815,11.257271515180518,11.269558002234145,DMSO,DMSO
W0082F0002T0006Z000C1N80.png,11,33.96412172103863,33.85287082146025,11.257271515180518,11.269558002234145,DMSO,DMSO
W0082F0002T0006Z000C1N80.png,12,41.564179463606465,41.32089312573618,11.257271515180518,11.269558002234145,DMSO,DMSO
W0082F0002T0006Z000C1N84.png,1,18.403504670134918,27.331887610469032,4.870991795085738,6.218644803271522,DMSO,DMSO
W0082F0002T0006Z000C1N84.png,2,15.141692373900392,14.310162122365094,4.870991795085738,6.218644803271522,DMSO,DMSO
W0082F0002T0006Z000C1N84.png,3,29.154698342527762,31.048290518304572,4.870991795085738,6.218644803271522,DMSO,DMSO
W0082F0002T0006Z000C1N84.png,4,23.1694154403465,19.551366348451666,4.870991795085738,6.218644803271522,DMSO,DMSO
W0082F0002T0006Z000C1N84.png,5,22.66814201558865,17.59637901558769,4.870991795085738,6.218644803271522,DMSO,DMSO
W0082F0002T0006Z000C1N84.png,6,16.570271815738586,16.46544333926449,4.870991795085738,6.218644803271522,DMSO,DMSO
W0082F0002T0006Z000C1N84.png,7,14.784645859656493,13.363029722385265,4.870991795085738,6.218644803271522,DMSO,DMSO
W0082F0002T0006Z000C1N85.png,1,32.18210399784768,33.11127131227444,15.985943633947706,13.205015888828218,DMSO,DMSO
W0082F0002T0006Z000C1N85.png,2,22.102655008099106,22.88435998622542,15.985943633947706,13.205015888828218,DMSO,DMSO
W0082F0002T0006Z000C1N85.png,3,40.11701904101639,35.31068161493219,15.985943633947706,13.205015888828218,DMSO,DMSO
W0082F0002T0006Z000C1N85.png,4,32.47019737179774,32.654259246990854,15.985943633947706,13.205015888828218,DMSO,DMSO
W0082F0002T0006Z000C1N85.png,5,38.14245031765247,36.41955080112269,15.985943633947706,13.205015888828218,DMSO,DMSO
W0082F0002T0006Z000C1N85.png,6,45.57133799717713,39.95216487872923,15.985943633947706,13.205015888828218,DMSO,DMSO
W0082F0002T0006Z000C1N85.png,7,35.56384997014088,35.57063345046212,15.985943633947706,13.205015888828218,DMSO,DMSO
W0082F0002T0006Z000C1N85.png,8,13.894969009580645,14.121748524775391,15.985943633947706,13.205015888828218,DMSO,DMSO
W0082F0002T0006Z000C1N85.png,9,35.95519935380247,36.176722044401565,15.985943633947706,13.205015888828218,DMSO,DMSO
W0082F0002T0006Z000C1N85.png,10,15.533142233504721,15.489420071343629,15.985943633947706,13.205015888828218,DMSO,DMSO
W0082F0002T0006Z000C1N85.png,11,48.100856644704294,36.82357687204612,15.985943633947706,13.205015888828218,DMSO,DMSO
W0082F0002T0006Z000C1N85.png,12,25.440209031456916,25.339159269701902,15.985943633947706,13.205015888828218,DMSO,DMSO
W0082F0002T0006Z000C1N85.png,13,34.48418696758595,34.5240930832472,15.985943633947706,13.205015888828218,DMSO,DMSO
W0082F0002T0006Z000C1N85.png,14,8.180839416175807,8.14744064965121,15.985943633947706,13.205015888828218,DMSO,DMSO
W0082F0002T0006Z000C1N85.png,15,56.19541134151567,47.91384049118918,15.985943633947706,13.205015888828218,DMSO,DMSO
W0082F0002T0006Z000C1N85.png,16,17.633445779957007,17.65140822374364,15.985943633947706,13.205015888828218,DMSO,DMSO
W0082F0002T0006Z000C1N85.png,17,73.47444928545833,64.62601893177954,15.985943633947706,13.205015888828218,DMSO,DMSO
W0082F0002T0006Z000C1N87.png,1,36.847263407982695,38.67661506831436,4.6252643488520055,4.644656645683934,DMSO,DMSO
W0082F0002T0006Z000C1N87.png,2,33.68327229332927,33.04962540961947,4.6252643488520055,4.644656645683934,DMSO,DMSO
W0082F0002T0006Z000C1N87.png,3,25.843978846213872,27.299797306889833,4.6252643488520055,4.644656645683934,DMSO,DMSO
W0082F0002T0006Z000C1N93.png,1,53.12514760189464,53.47882281545612,12.926071649632759,12.813720347016229,DMSO,DMSO
W0082F0002T0006Z000C1N93.png,2,58.636700457257454,58.98814776607886,12.926071649632759,12.813720347016229,DMSO,DMSO
W0082F0002T0006Z000C1N93.png,3,37.97803068010083,38.28593415036332,12.926071649632759,12.813720347016229,DMSO,DMSO
W0082F0002T0006Z000C1N93.png,4,39.17065870187071,39.399816102569446,12.926071649632759,12.813720347016229,DMSO,DMSO
W0082F0002T0006Z000C1N93.png,5,30.528234450158585,30.914382654284438,12.926071649632759,12.813720347016229,DMSO,DMSO
W0082F0002T0006Z000C1N93.png,6,20.536704133065964,20.516422270364302,12.926071649632759,12.813720347016229,DMSO,DMSO
W0082F0002T0006Z000C1N93.png,7,54.23749702378409,53.946700385461455,12.926071649632759,12.813720347016229,DMSO,DMSO
W0082F0002T0006Z000C1N93.png,8,63.732637942274344,63.42414850810066,12.926071649632759,12.813720347016229,DMSO,DMSO
W0082F0002T0006Z000C1N93.png,9,61.81336048268695,61.451833330647226,12.926071649632759,12.813720347016229,DMSO,DMSO
W0082F0002T0006Z000C1N93.png,10,46.44704810046622,46.13693104172911,12.926071649632759,12.813720347016229,DMSO,DMSO
W0082F0002T0006Z000C1N93.png,11,46.57068741373584,46.214953710871725,12.926071649632759,12.813720347016229,DMSO,DMSO
W0082F0003T0006Z000C1N1.png,1,16.000316592201262,16.043388838605036,15.956148540603698,16.505198044136623,DMSO,DMSO
W0082F0003T0006Z000C1N1.png,2,19.503215590006313,13.827074395072634,15.956148540603698,16.505198044136623,DMSO,DMSO
W0082F0003T0006Z000C1N1.png,3,20.974018442104352,20.857206684632892,15.956148540603698,16.505198044136623,DMSO,DMSO
W0082F0003T0006Z000C1N1.png,4,23.322353587973502,23.31014142657664,15.956148540603698,16.505198044136623,DMSO,DMSO
W0082F0003T0006Z000C1N1.png,5,28.727039230367378,29.068523277391684,15.956148540603698,16.505198044136623,DMSO,DMSO
W0082F0003T0006Z000C1N1.png,6,53.46662473478475,52.82978820164059,15.956148540603698,16.505198044136623,DMSO,DMSO
W0082F0003T0006Z000C1N1.png,7,50.04660962209135,50.586551620356374,15.956148540603698,16.505198044136623,DMSO,DMSO
W0082F0003T0006Z000C1N1.png,8,57.56743276714769,56.76978632714396,15.956148540603698,16.505198044136623,DMSO,DMSO
W0082F0003T0006Z000C1N10.png,1,83.64894031349023,83.54834608618268,19.103013167303118,19.107787482269014,DMSO,DMSO
W0082F0003T0006Z000C1N10.png,2,21.78307283611553,21.502732923258854,19.103013167303118,19.107787482269014,DMSO,DMSO
W0082F0003T0006Z000C1N10.png,3,9.688177712585018,9.353433223706821,19.103013167303118,19.107787482269014,DMSO,DMSO
W0082F0003T0006Z000C1N10.png,4,18.806877009187634,18.571198131582534,19.103013167303118,19.107787482269014,DMSO,DMSO
W0082F0003T0006Z000C1N10.png,5,27.262139301887117,27.07534433124741,19.103013167303118,19.107787482269014,DMSO,DMSO
W0082F0003T0006Z000C1N10.png,6,12.902569099930952,13.173622601993406,19.103013167303118,19.107787482269014,DMSO,DMSO
W0082F0003T0006Z000C1N10.png,7,51.47852782666101,51.759093386112966,19.103013167303118,19.107787482269014,DMSO,DMSO
W0082F0003T0006Z000C1N10.png,8,18.17518476082907,18.478368373655503,19.103013167303118,19.107787482269014,DMSO,DMSO
W0082F0003T0006Z000C1N10.png,9,48.38980659043559,48.296161895663325,19.103013167303118,19.107787482269014,DMSO,DMSO
W0082F0003T0006Z000C1N10.png,10,23.969247959862763,24.3043828059795,19.103013167303118,19.107787482269014,DMSO,DMSO
W0082F0003T0006Z000C1N10.png,11,29.627044943333985,29.6996670829592,19.103013167303118,19.107787482269014,DMSO,DMSO
W0082F0003T0006Z000C1N10.png,12,34.219841034350885,34.24656503394591,19.103013167303118,19.107787482269014,DMSO,DMSO
W0082F0003T0006Z000C1N10.png,13,31.269408662060172,31.47513349226023,19.103013167303118,19.107787482269014,DMSO,DMSO
W0082F0003T0006Z000C1N12.png,1,7.1241090840263555,6.9202622315641795,18.744788041041055,15.778154630187329,DMSO,DMSO
W0082F0003T0006Z000C1N12.png,2,21.17351095459815,20.974353874161842,18.744788041041055,15.778154630187329,DMSO,DMSO
W0082F0003T0006Z000C1N12.png,3,7.529282177276431,7.520553958449543,18.744788041041055,15.778154630187329,DMSO,DMSO
W0082F0003T0006Z000C1N12.png,4,42.49239907317474,42.701680474234564,18.744788041041055,15.778154630187329,DMSO,DMSO
W0082F0003T0006Z000C1N12.png,5,31.839260101347307,31.822313795507572,18.744788041041055,15.778154630187329,DMSO,DMSO
W0082F0003T0006Z000C1N12.png,6,63.575444203120924,50.50237618172039,18.744788041041055,15.778154630187329,DMSO,DMSO
W0082F0003T0006Z000C1N12.png,7,38.19773255828414,37.64595677271377,18.744788041041055,15.778154630187329,DMSO,DMSO
W0082F0003T0006Z000C1N15.png,1,62.921846743649915,62.70382971719038,6.682727124503566,6.757744811737736,DMSO,DMSO
W0082F0003T0006Z000C1N15.png,2,50.00664262372704,49.82120154904056,6.682727124503566,6.757744811737736,DMSO,DMSO
W0082F0003T0006Z000C1N15.png,3,61.57214365042593,61.376361486747975,6.682727124503566,6.757744811737736,DMSO,DMSO
W0082F0003T0006Z000C1N15.png,4,51.120282921082655,50.79288428008716,6.682727124503566,6.757744811737736,DMSO,DMSO
W0082F0003T0006Z000C1N15.png,5,43.97924729693086,43.70812535816059,6.682727124503566,6.757744811737736,DMSO,DMSO
W0082F0003T0006Z000C1N15.png,6,61.71313195985003,61.896228523358666,6.682727124503566,6.757744811737736,DMSO,DMSO
W0082F0003T0006Z000C1N15.png,7,54.501052300781474,54.71947116862449,6.682727124503566,6.757744811737736,DMSO,DMSO
W0082F0003T0006Z000C1N17.png,1,45.6856680605654,18.82271434516977,22.181178850230797,18.77938554351275,DMSO,DMSO
W0082F0003T0006Z000C1N17.png,2,32.47044735898378,15.30605144634024,22.181178850230797,18.77938554351275,DMSO,DMSO
W0082F0003T0006Z000C1N17.png,3,25.359944094433654,22.385954365185906,22.181178850230797,18.77938554351275,DMSO,DMSO
W0082F0003T0006Z000C1N17.png,4,34.15985955678994,15.020299708557996,22.181178850230797,18.77938554351275,DMSO,DMSO
W0082F0003T0006Z000C1N17.png,5,21.082238436908057,19.42839816142778,22.181178850230797,18.77938554351275,DMSO,DMSO
W0082F0003T0006Z000C1N17.png,6,23.45738757734657,18.901776935599475,22.181178850230797,18.77938554351275,DMSO,DMSO
W0082F0003T0006Z000C1N17.png,7,19.188633909689162,15.935402193425803,22.181178850230797,18.77938554351275,DMSO,DMSO
W0082F0003T0006Z000C1N17.png,8,20.436669924814744,21.927390689716734,22.181178850230797,18.77938554351275,DMSO,DMSO
W0082F0003T0006Z000C1N17.png,9,46.8535479027532,18.52810838661346,22.181178850230797,18.77938554351275,DMSO,DMSO
W0082F0003T0006Z000C1N17.png,10,96.6426669209275,80.56420430154273,22.181178850230797,18.77938554351275,DMSO,DMSO
W0082F0003T0006Z000C1N23.png,1,26.437499429983358,12.553317877970178,15.691069539898342,8.18328491682661,DMSO,DMSO
W0082F0003T0006Z000C1N23.png,2,10.73319255844608,24.34504204355531,15.691069539898342,8.18328491682661,DMSO,DMSO
W0082F0003T0006Z000C1N23.png,3,33.37414372198851,21.667488088457272,15.691069539898342,8.18328491682661,DMSO,DMSO
W0082F0003T0006Z000C1N23.png,4,20.750960715312928,24.782823529050617,15.691069539898342,8.18328491682661,DMSO,DMSO
W0082F0003T0006Z000C1N23.png,5,28.997423061314667,8.938702331739014,15.691069539898342,8.18328491682661,DMSO,DMSO
W0082F0003T0006Z000C1N23.png,6,31.194675683271143,3.39007147164374,15.691069539898342,8.18328491682661,DMSO,DMSO
W0082F0003T0006Z000C1N23.png,7,66.96744723637559,22.43415046647278,15.691069539898342,8.18328491682661,DMSO,DMSO
W0082F0003T0006Z000C1N23.png,8,43.18489343194967,30.625638562189394,15.691069539898342,8.18328491682661,DMSO,DMSO
W0082F0003T0006Z000C1N23.png,9,49.49992643830834,19.88768323788421,15.691069539898342,8.18328491682661,DMSO,DMSO
W0082F0003T0006Z000C1N29.png,1,41.794543669072645,42.87061798739686,7.365115656941146,7.654238034177404,DMSO,DMSO
W0082F0003T0006Z000C1N29.png,2,27.934322936462983,27.9416320485062,7.365115656941146,7.654238034177404,DMSO,DMSO
W0082F0003T0006Z000C1N29.png,3,25.975651797365213,25.9617313810493,7.365115656941146,7.654238034177404,DMSO,DMSO
W0082F0003T0006Z000C1N29.png,4,41.44112392876066,41.455656419918355,7.365115656941146,7.654238034177404,DMSO,DMSO
W0082F0003T0006Z000C1N35.png,1,28.76649086272923,21.114139061688448,14.992365559397014,14.785386586170718,DMSO,DMSO
W0082F0003T0006Z000C1N35.png,2,12.743495236784455,12.1410718289909,14.992365559397014,14.785386586170718,DMSO,DMSO
W0082F0003T0006Z000C1N35.png,3,28.686479043144846,27.609904962780718,14.992365559397014,14.785386586170718,DMSO,DMSO
W0082F0003T0006Z000C1N35.png,4,54.57096581349818,51.990430554516195,14.992365559397014,14.785386586170718,DMSO,DMSO
W0082F0003T0006Z000C1N39.png,1,43.38718787520863,52.802376751889746,6.107725539201329,7.487924517248297,DMSO,DMSO
W0082F0003T0006Z000C1N39.png,2,49.20889691986695,49.28233183602954,6.107725539201329,7.487924517248297,DMSO,DMSO
W0082F0003T0006Z000C1N39.png,3,31.80954795126289,32.1818339562022,6.107725539201329,7.487924517248297,DMSO,DMSO
W0082F0003T0006Z000C1N39.png,4,46.56660643298524,47.03540816915365,6.107725539201329,7.487924517248297,DMSO,DMSO
W0082F0003T0006Z000C1N39.png,5,39.18314134912674,38.89264997621756,6.107725539201329,7.487924517248297,DMSO,DMSO
W0082F0003T0006Z000C1N41.png,1,16.865444198901205,16.751844367971742,19.691503435827574,19.68552575112012,DMSO,DMSO
W0082F0003T0006Z000C1N41.png,2,57.873495544922626,57.79090277437691,19.691503435827574,19.68552575112012,DMSO,DMSO
W0082F0003T0006Z000C1N41.png,3,59.8708945876909,59.52919464485702,19.691503435827574,19.68552575112012,DMSO,DMSO
W0082F0003T0006Z000C1N41.png,4,51.21540984006329,51.1244901877688,19.691503435827574,19.68552575112012,DMSO,DMSO
W0082F0003T0006Z000C1N41.png,5,9.273383546453802,9.125073891723378,19.691503435827574,19.68552575112012,DMSO,DMSO
W0082F0003T0006Z000C1N41.png,6,33.30806687286341,33.59641137282977,19.691503435827574,19.68552575112012,DMSO,DMSO
W0082F0003T0006Z000C1N41.png,7,40.164009491798225,40.45833772979702,19.691503435827574,19.68552575112012,DMSO,DMSO
W0082F0003T0006Z000C1N41.png,8,38.48420153813779,38.82190841962251,19.691503435827574,19.68552575112012,DMSO,DMSO
W0082F0003T0006Z000C1N41.png,9,45.32999860029701,45.26595750796559,19.691503435827574,19.68552575112012,DMSO,DMSO
W0082F0003T0006Z000C1N41.png,10,78.41465195421827,78.73261294277023,19.691503435827574,19.68552575112012,DMSO,DMSO
W0082F0003T0006Z000C1N41.png,11,66.28534432903523,65.9561584818435,19.691503435827574,19.68552575112012,DMSO,DMSO
W0082F0003T0006Z000C1N46.png,1,37.870751797449955,38.646429739595895,9.713341720798933,9.684821288744473,DMSO,DMSO
W0082F0003T0006Z000C1N46.png,2,17.46215629761215,17.638143356681603,9.713341720798933,9.684821288744473,DMSO,DMSO
W0082F0003T0006Z000C1N46.png,3,31.6783041632483,31.664578086793245,9.713341720798933,9.684821288744473,DMSO,DMSO
W0082F0003T0006Z000C1N46.png,4,35.13615301768729,35.1133945152664,9.713341720798933,9.684821288744473,DMSO,DMSO
W0082F0003T0006Z000C1N46.png,5,9.677614183722335,9.65542672296814,9.713341720798933,9.684821288744473,DMSO,DMSO
W0082F0003T0006Z000C1N46.png,6,39.67503769661864,38.98667231874408,9.713341720798933,9.684821288744473,DMSO,DMSO
W0082F0003T0006Z000C1N46.png,7,29.90393657453454,29.87824463225953,9.713341720798933,9.684821288744473,DMSO,DMSO
W0082F0003T0006Z000C1N46.png,8,30.008030040959316,29.954991482738627,9.713341720798933,9.684821288744473,DMSO,DMSO
W0082F0003T0006Z000C1N46.png,9,39.71202346453983,39.65123407241372,9.713341720798933,9.684821288744473,DMSO,DMSO
W0082F0003T0006Z000C1N5.png,1,29.08981133904964,28.696929197146584,1.8515757581937375,1.9962457407675205,DMSO,DMSO
W0082F0003T0006Z000C1N5.png,2,28.828170433949538,28.811463403112516,1.8515757581937375,1.9962457407675205,DMSO,DMSO
W0082F0003T0006Z000C1N5.png,3,31.89074058724581,32.120943057828285,1.8515757581937375,1.9962457407675205,DMSO,DMSO
W0082F0003T0006Z000C1N5.png,4,26.680681650645894,26.534435171971797,1.8515757581937375,1.9962457407675205,DMSO,DMSO
W0082F0003T0006Z000C1N57.png,1,25.83491949514444,4.03045887777461,13.738022676631239,15.42254400050492,DMSO,DMSO
W0082F0003T0006Z000C1N57.png,2,9.109732649432917,9.016993302992697,13.738022676631239,15.42254400050492,DMSO,DMSO
W0082F0003T0006Z000C1N57.png,3,15.888377139827261,32.99828585005493,13.738022676631239,15.42254400050492,DMSO,DMSO
W0082F0003T0006Z000C1N57.png,4,28.04098281649393,27.8958761593715,13.738022676631239,15.42254400050492,DMSO,DMSO
W0082F0003T0006Z000C1N57.png,5,35.32398681059113,35.18394469494088,13.738022676631239,15.42254400050492,DMSO,DMSO
W0082F0003T0006Z000C1N57.png,6,38.97361531232049,38.78797714373821,13.738022676631239,15.42254400050492,DMSO,DMSO
W0082F0003T0006Z000C1N57.png,7,57.89866857708928,57.71429844181814,13.738022676631239,15.42254400050492,DMSO,DMSO
W0082F0003T0006Z000C1N57.png,8,31.41286383291783,31.598502058991215,13.738022676631239,15.42254400050492,DMSO,DMSO
W0082F0003T0006Z000C1N57.png,9,17.171864210236652,17.1575016198605,13.738022676631239,15.42254400050492,DMSO,DMSO
W0082F0003T0006Z000C1N58.png,1,100.9649857892748,100.66138382024782,24.81663290204977,25.469880471897838,DMSO,DMSO
W0082F0003T0006Z000C1N58.png,2,95.76945153114029,95.46616900232242,24.81663290204977,25.469880471897838,DMSO,DMSO
W0082F0003T0006Z000C1N58.png,3,52.79327823351759,52.666729539834876,24.81663290204977,25.469880471897838,DMSO,DMSO
W0082F0003T0006Z000C1N58.png,4,45.487564713712,42.807682086533596,24.81663290204977,25.469880471897838,DMSO,DMSO
W0082F0003T0006Z000C1N59.png,1,36.67493147859894,36.99626816516772,2.724800901027022,2.6212979489550605,DMSO,DMSO
W0082F0003T0006Z000C1N59.png,2,31.2253296765449,31.7536722672576,2.724800901027022,2.6212979489550605,DMSO,DMSO
W0082F0003T0006Z000C1N61.png,1,49.14314235064719,48.07776510224852,11.372370115245712,10.768960576238053,DMSO,DMSO
W0082F0003T0006Z000C1N61.png,2,33.229329399591066,32.28843261632449,11.372370115245712,10.768960576238053,DMSO,DMSO
W0082F0003T0006Z000C1N61.png,3,18.819850598324948,19.530756210557012,11.372370115245712,10.768960576238053,DMSO,DMSO
W0082F0003T0006Z000C1N61.png,4,12.608020040532162,13.573330608636441,11.372370115245712,10.768960576238053,DMSO,DMSO
W0082F0003T0006Z000C1N61.png,5,28.133496953346235,29.298284428922003,11.372370115245712,10.768960576238053,DMSO,DMSO
W0082F0003T0006Z000C1N61.png,6,22.7327435369714,22.55120590378131,11.372370115245712,10.768960576238053,DMSO,DMSO
W0082F0003T0006Z000C1N61.png,7,37.33444579973372,37.2294034921113,11.372370115245712,10.768960576238053,DMSO,DMSO
W0082F0003T0006Z000C1N62.png,1,42.93854784065356,42.84844987581644,7.409501403091181,7.445783044196243,DMSO,DMSO
W0082F0003T0006Z000C1N62.png,2,41.45806197843096,41.418414662725844,7.409501403091181,7.445783044196243,DMSO,DMSO
W0082F0003T0006Z000C1N62.png,3,24.761062409997646,24.612632896330673,7.409501403091181,7.445783044196243,DMSO,DMSO
W0082F0003T0006Z000C1N62.png,4,31.79576012514681,31.66226000653117,7.409501403091181,7.445783044196243,DMSO,DMSO
W0082F0003T0006Z000C1N64.png,1,45.35547773550356,22.60107575117535,12.435190863406838,4.3400211499778,DMSO,DMSO
W0082F0003T0006Z000C1N64.png,2,14.898886750344994,33.22848182865435,12.435190863406838,4.3400211499778,DMSO,DMSO
W0082F0003T0006Z000C1N64.png,3,29.739984213261856,28.1486722879382,12.435190863406838,4.3400211499778,DMSO,DMSO
W0082F0003T0006Z000C1N66.png,1,34.88233407880648,12.036748289185308,12.711212291693025,14.092610824798136,DMSO,DMSO
W0082F0003T0006Z000C1N66.png,2,23.344487940522853,15.09141571110398,12.711212291693025,14.092610824798136,DMSO,DMSO
W0082F0003T0006Z000C1N66.png,3,8.550934871562793,8.074076580768441,12.711212291693025,14.092610824798136,DMSO,DMSO
W0082F0003T0006Z000C1N66.png,4,26.817962638350515,25.36533042321052,12.711212291693025,14.092610824798136,DMSO,DMSO
W0082F0003T0006Z000C1N66.png,5,19.62538449383973,19.82847849989289,12.711212291693025,14.092610824798136,DMSO,DMSO
W0082F0003T0006Z000C1N66.png,6,28.23611835310986,27.907627907974955,12.711212291693025,14.092610824798136,DMSO,DMSO
W0082F0003T0006Z000C1N66.png,7,27.82817731884885,28.96835735076589,12.711212291693025,14.092610824798136,DMSO,DMSO
W0082F0003T0006Z000C1N66.png,8,18.831041918186834,17.599490424556805,12.711212291693025,14.092610824798136,DMSO,DMSO
W0082F0003T0006Z000C1N66.png,9,54.56086690823387,53.255204977546455,12.711212291693025,14.092610824798136,DMSO,DMSO
W0082F0003T0006Z000C1N66.png,10,41.67524457276543,42.1256081281082,12.711212291693025,14.092610824798136,DMSO,DMSO
W0082F0003T0006Z000C1N66.png,11,39.350277996765215,38.85523681933337,12.711212291693025,14.092610824798136,DMSO,DMSO
W0082F0003T0006Z000C1N66.png,12,45.65592518208763,45.59579796618119,12.711212291693025,14.092610824798136,DMSO,DMSO
W0082F0003T0006Z000C1N66.png,13,47.47099091386362,46.38904699915377,12.711212291693025,14.092610824798136,DMSO,DMSO
W0082F0003T0006Z000C1N68.png,1,16.527506604276752,57.38913014748144,11.85818634113365,16.679489509642835,DMSO,DMSO
W0082F0003T0006Z000C1N68.png,2,22.916639590559694,54.87748739187588,11.85818634113365,16.679489509642835,DMSO,DMSO
W0082F0003T0006Z000C1N68.png,3,10.883546182281256,58.0643640961426,11.85818634113365,16.679489509642835,DMSO,DMSO
W0082F0003T0006Z000C1N68.png,4,2.5405350504879043,61.8022549496,11.85818634113365,16.679489509642835,DMSO,DMSO
W0082F0003T0006Z000C1N68.png,5,23.53417575680861,60.23687447494055,11.85818634113365,16.679489509642835,DMSO,DMSO
W0082F0003T0006Z000C1N68.png,6,23.011803385051337,38.83004046702336,11.85818634113365,16.679489509642835,DMSO,DMSO
W0082F0003T0006Z000C1N68.png,7,38.64377060479196,21.944942629336232,11.85818634113365,16.679489509642835,DMSO,DMSO
W0082F0003T0006Z000C1N68.png,8,29.45240207969264,12.307395284234376,11.85818634113365,16.679489509642835,DMSO,DMSO
W0082F0003T0006Z000C1N68.png,9,41.019082726604005,30.47115410847553,11.85818634113365,16.679489509642835,DMSO,DMSO
W0082F0003T0006Z000C1N68.png,10,37.61499298957539,41.51985449530549,11.85818634113365,16.679489509642835,DMSO,DMSO
W0082F0003T0006Z000C1N70.png,1,46.88623585913191,18.812127323927218,9.861970052405571,7.477791513951272,DMSO,DMSO
W0082F0003T0006Z000C1N70.png,2,33.490583482816795,29.09487284892597,9.861970052405571,7.477791513951272,DMSO,DMSO
W0082F0003T0006Z000C1N70.png,3,42.66938152152682,33.021842571592394,9.861970052405571,7.477791513951272,DMSO,DMSO
W0082F0003T0006Z000C1N70.png,4,32.839564379395874,24.7511118127382,9.861970052405571,7.477791513951272,DMSO,DMSO
W0082F0003T0006Z000C1N70.png,5,33.346978117460345,29.6977565920739,9.861970052405571,7.477791513951272,DMSO,DMSO
W0082F0003T0006Z000C1N70.png,6,37.288081273796635,34.69265813909147,9.861970052405571,7.477791513951272,DMSO,DMSO
W0082F0003T0006Z000C1N70.png,7,18.587033905318595,18.750964971826825,9.861970052405571,7.477791513951272,DMSO,DMSO
W0082F0003T0006Z000C1N70.png,8,33.446962727490124,34.47978301060636,9.861970052405571,7.477791513951272,DMSO,DMSO
W0082F0003T0006Z000C1N70.png,9,14.284673710772108,17.577113690100767,9.861970052405571,7.477791513951272,DMSO,DMSO
W0082F0003T0006Z000C1N70.png,10,27.201780477510866,27.359665240065095,9.861970052405571,7.477791513951272,DMSO,DMSO
W0082F0003T0006Z000C1N70.png,11,35.56474652075114,39.31329143725505,9.861970052405571,7.477791513951272,DMSO,DMSO
W0082F0003T0006Z000C1N70.png,12,15.210731082420802,15.716501445253295,9.861970052405571,7.477791513951272,DMSO,DMSO
W0082F0003T0006Z000C1N76.png,1,45.51614785146993,45.61598731345834,10.743097759796635,10.82605968945667,DMSO,DMSO
W0082F0003T0006Z000C1N76.png,2,34.06580137983958,33.94402098120679,10.743097759796635,10.82605968945667,DMSO,DMSO
W0082F0003T0006Z000C1N76.png,3,52.54258902658367,52.64019583232378,10.743097759796635,10.82605968945667,DMSO,DMSO
W0082F0003T0006Z000C1N76.png,4,37.83846907427578,37.67954998266025,10.743097759796635,10.82605968945667,DMSO,DMSO
W0082F0003T0006Z000C1N76.png,5,64.11986330180468,64.1795847984746,10.743097759796635,10.82605968945667,DMSO,DMSO
W0082F0003T0006Z000C1N77.png,1,77.2261874330732,19.872234927356818,11.556889187172859,15.972966618727407,DMSO,DMSO
W0082F0003T0006Z000C1N77.png,2,55.56195074432349,17.017305217273297,11.556889187172859,15.972966618727407,DMSO,DMSO
W0082F0003T0006Z000C1N77.png,3,36.416362777694076,33.73956793940047,11.556889187172859,15.972966618727407,DMSO,DMSO
W0082F0003T0006Z000C1N77.png,4,51.61171814641988,46.64446195636124,11.556889187172859,15.972966618727407,DMSO,DMSO
W0082F0003T0006Z000C1N77.png,5,61.03550433687804,57.888181305089006,11.556889187172859,15.972966618727407,DMSO,DMSO
W0082F0003T0006Z000C1N77.png,6,61.600150777707576,53.6530884609529,11.556889187172859,15.972966618727407,DMSO,DMSO
W0082F0003T0006Z000C1N77.png,7,63.535504237690375,56.32984457292876,11.556889187172859,15.972966618727407,DMSO,DMSO
W0082F0003T0006Z000C1N79.png,1,55.129499680806376,54.993532369301555,17.238372442767524,16.237133332232368,DMSO,DMSO
W0082F0003T0006Z000C1N79.png,2,33.19359749637338,34.868379751098914,17.238372442767524,16.237133332232368,DMSO,DMSO
W0082F0003T0006Z000C1N79.png,3,10.654228876167283,15.455655341353834,17.238372442767524,16.237133332232368,DMSO,DMSO
W0082F0003T0006Z000C1N79.png,4,45.55142720511798,46.07595511724681,17.238372442767524,16.237133332232368,DMSO,DMSO
W0082F0003T0006Z000C1N79.png,5,22.01754790999612,20.91298007289098,17.238372442767524,16.237133332232368,DMSO,DMSO
W0082F0003T0006Z000C1N79.png,6,6.124870381949413,6.027944479142194,17.238372442767524,16.237133332232368,DMSO,DMSO
W0082F0003T0006Z000C1N79.png,7,51.54664297597142,48.03533011755666,17.238372442767524,16.237133332232368,DMSO,DMSO
W0082F0003T0006Z000C1N79.png,8,39.61863729279386,39.63462682170086,17.238372442767524,16.237133332232368,DMSO,DMSO
W0082F0003T0006Z000C1N82.png,1,29.224364303347947,28.57482046707112,11.686864685288214,10.583502232697588,DMSO,DMSO
W0082F0003T0006Z000C1N82.png,2,1.5794359544028522,4.5050380303141635,11.686864685288214,10.583502232697588,DMSO,DMSO
W0082F0003T0006Z000C1N82.png,3,5.750501423919737,9.190190916316787,11.686864685288214,10.583502232697588,DMSO,DMSO
W0082F0003T0006Z000C1N82.png,4,20.455034787449748,20.214593477169068,11.686864685288214,10.583502232697588,DMSO,DMSO
W0082F0003T0006Z000C1N82.png,5,24.89727627434103,21.63062155146105,11.686864685288214,10.583502232697588,DMSO,DMSO
W0082F0003T0006Z000C1N82.png,6,22.20977967999715,21.363896958909724,11.686864685288214,10.583502232697588,DMSO,DMSO
W0082F0003T0006Z000C1N82.png,7,36.499574096945885,27.85617007638511,11.686864685288214,10.583502232697588,DMSO,DMSO
W0082F0003T0006Z000C1N82.png,8,28.805965482916548,6.0489181366152,11.686864685288214,10.583502232697588,DMSO,DMSO
W0082F0003T0006Z000C1N82.png,9,31.24475746426203,1.0890740452548084,11.686864685288214,10.583502232697588,DMSO,DMSO
W0082F0003T0006Z000C1N82.png,10,41.345970843048235,13.150849397976812,11.686864685288214,10.583502232697588,DMSO,DMSO
W0082F0003T0006Z000C1N82.png,11,35.56253799668339,8.961083760228687,11.686864685288214,10.583502232697588,DMSO,DMSO
W0082F0003T0006Z000C1N82.png,12,36.12185850607702,35.878187122104826,11.686864685288214,10.583502232697588,DMSO,DMSO
W0082F0003T0006Z000C1N82.png,13,29.15202269218072,8.977419493984616,11.686864685288214,10.583502232697588,DMSO,DMSO
W0082F0003T0006Z000C1N82.png,14,31.156270957781214,30.93914152650839,11.686864685288214,10.583502232697588,DMSO,DMSO
W0082F0003T0006Z000C1N82.png,15,49.42397929582864,36.48786487676068,11.686864685288214,10.583502232697588,DMSO,DMSO
W0082F0003T0006Z000C1N82.png,16,23.95591355371275,23.7039437325581,11.686864685288214,10.583502232697588,DMSO,DMSO
W0082F0003T0006Z000C1N82.png,17,29.747994054010952,29.545856939017465,11.686864685288214,10.583502232697588,DMSO,DMSO
W0082F0003T0006Z000C1N82.png,18,19.385109000465498,19.275629551450645,11.686864685288214,10.583502232697588,DMSO,DMSO
W0082F0003T0006Z000C1N82.png,19,6.154657517714455,6.27407137902769,11.686864685288214,10.583502232697588,DMSO,DMSO
W0082F0003T0006Z000C1N82.png,20,18.74839460215432,18.44806500691664,11.686864685288214,10.583502232697588,DMSO,DMSO
W0082F0003T0006Z000C1N87.png,1,53.57640577612496,51.870775376205195,14.575382436703022,13.162777639157031,DMSO,DMSO
W0082F0003T0006Z000C1N87.png,2,18.82103044616696,20.877228942369527,14.575382436703022,13.162777639157031,DMSO,DMSO
W0082F0003T0006Z000C1N87.png,3,29.12511269749803,28.67892075031123,14.575382436703022,13.162777639157031,DMSO,DMSO
W0082F0003T0006Z000C1N91.png,1,6.34067356567204,6.589572956302691,14.592559456186585,20.92768904828376,DMSO,DMSO
W0082F0003T0006Z000C1N91.png,2,25.2149466066441,18.96760396043739,14.592559456186585,20.92768904828376,DMSO,DMSO
W0082F0003T0006Z000C1N91.png,3,26.583702839575434,25.921424476937617,14.592559456186585,20.92768904828376,DMSO,DMSO
W0082F0003T0006Z000C1N91.png,4,30.16547265535429,27.56983516531288,14.592559456186585,20.92768904828376,DMSO,DMSO
W0082F0003T0006Z000C1N91.png,5,42.81365624816949,57.494498327392094,14.592559456186585,20.92768904828376,DMSO,DMSO
W0082F0003T0006Z000C1N91.png,6,33.2669293870988,47.52250048575364,14.592559456186585,20.92768904828376,DMSO,DMSO
W0082F0003T0006Z000C1N91.png,7,42.455986697388774,56.16706606215775,14.592559456186585,20.92768904828376,DMSO,DMSO
W0082F0003T0006Z000C1N91.png,8,27.258016708855223,24.466521236262004,14.592559456186585,20.92768904828376,DMSO,DMSO
W0082F0003T0006Z000C1N91.png,9,45.85840031689227,62.61468175988682,14.592559456186585,20.92768904828376,DMSO,DMSO
W0082F0003T0006Z000C1N91.png,10,7.2248750735059275,41.99920248306413,14.592559456186585,20.92768904828376,DMSO,DMSO
W0082F0003T0006Z000C1N91.png,11,28.681237403714103,17.14802584673464,14.592559456186585,20.92768904828376,DMSO,DMSO
W0082F0003T0006Z000C1N91.png,12,16.432334046765728,59.63289109460948,14.592559456186585,20.92768904828376,DMSO,DMSO
W0082F0003T0006Z000C1N91.png,13,8.092390175503049,64.49774363821882,14.592559456186585,20.92768904828376,DMSO,DMSO
W0082F0003T0006Z000C1N91.png,14,9.628229187761102,59.843977657304805,14.592559456186585,20.92768904828376,DMSO,DMSO
W0082F0003T0006Z000C1N91.png,15,53.75958910515743,19.611946913237936,14.592559456186585,20.92768904828376,DMSO,DMSO
W0082F0003T0006Z000C1N91.png,16,12.234275537035531,78.04598482669631,14.592559456186585,20.92768904828376,DMSO,DMSO
W0082F0003T0006Z000C1N92.png,1,11.104031609458708,4.269108358535879,11.632169252131451,13.025820443867598,DMSO,DMSO
W0082F0003T0006Z000C1N92.png,2,6.641183976506332,6.663340211768991,11.632169252131451,13.025820443867598,DMSO,DMSO
W0082F0003T0006Z000C1N92.png,3,39.347617789593,39.453727299226195,11.632169252131451,13.025820443867598,DMSO,DMSO
W0082F0003T0006Z000C1N92.png,4,32.083690820277205,32.5672849885526,11.632169252131451,13.025820443867598,DMSO,DMSO
W0082F0003T0006Z000C1N92.png,5,28.783681461745477,28.52594086714594,11.632169252131451,13.025820443867598,DMSO,DMSO
W0082F0003T0006Z000C1N92.png,6,37.34498877394065,37.646476138280015,11.632169252131451,13.025820443867598,DMSO,DMSO
W0082F0003T0006Z000C1N92.png,7,33.61391277319341,33.100273272357995,11.632169252131451,13.025820443867598,DMSO,DMSO
W0082F0003T0006Z000C1N92.png,8,36.73054070036278,36.4344254582761,11.632169252131451,13.025820443867598,DMSO,DMSO
