image,pbody_number,dist_nuclei,dist_mito,nuclei_std,mito_std,medicine,group
W0028F0001T0006Z000C1N100.png,1,70.33910675449057,68.88938414582337,19.037602107115138,18.904333224354374,T3380,G2
W0028F0001T0006Z000C1N100.png,2,69.96955776534416,69.10372281970677,19.037602107115138,18.904333224354374,T3380,G2
W0028F0001T0006Z000C1N100.png,3,74.92971325569133,74.36327907468085,19.037602107115138,18.904333224354374,T3380,G2
W0028F0001T0006Z000C1N100.png,4,61.7135688331201,60.44093776813583,19.037602107115138,18.904333224354374,T3380,G2
W0028F0001T0006Z000C1N100.png,5,68.81815889770664,68.18825393552453,19.037602107115138,18.904333224354374,T3380,G2
W0028F0001T0006Z000C1N100.png,6,59.361710888083174,57.62559365383972,19.037602107115138,18.904333224354374,T3380,G2
W0028F0001T0006Z000C1N100.png,7,70.88629895053522,69.12850153832474,19.037602107115138,18.904333224354374,T3380,G2
W0028F0001T0006Z000C1N100.png,8,32.996119703098806,32.19638604472996,19.037602107115138,18.904333224354374,T3380,G2
W0028F0001T0006Z000C1N100.png,9,49.68187674606672,50.13536548092187,19.037602107115138,18.904333224354374,T3380,G2
W0028F0001T0006Z000C1N100.png,10,15.367374521106234,14.240876414252321,19.037602107115138,18.904333224354374,T3380,G2
W0028F0001T0006Z000C1N100.png,11,30.517762727215725,29.06671108562682,19.037602107115138,18.904333224354374,T3380,G2
W0028F0001T0006Z000C1N100.png,12,37.06302104220667,35.726880105717555,19.037602107115138,18.904333224354374,T3380,G2
W0028F0001T0006Z000C1N100.png,13,50.120137742208044,51.47987878703271,19.037602107115138,18.904333224354374,T3380,G2
W0028F0001T0006Z000C1N100.png,14,52.357331027710295,51.47214385299321,19.037602107115138,18.904333224354374,T3380,G2
W0028F0001T0006Z000C1N100.png,15,10.037798305183783,10.855364922266029,19.037602107115138,18.904333224354374,T3380,G2
W0028F0001T0006Z000C1N100.png,16,33.775462552777576,35.34166682541623,19.037602107115138,18.904333224354374,T3380,G2
W0028F0001T0006Z000C1N100.png,17,15.329081256186733,16.767978445444385,19.037602107115138,18.904333224354374,T3380,G2
W0028F0001T0006Z000C1N100.png,18,46.30172994653186,47.8631776667866,19.037602107115138,18.904333224354374,T3380,G2
W0028F0001T0006Z000C1N100.png,19,59.657602689274036,59.14573465377806,19.037602107115138,18.904333224354374,T3380,G2
W0028F0001T0006Z000C1N100.png,20,28.15491815419823,28.8818200137337,19.037602107115138,18.904333224354374,T3380,G2
W0028F0001T0006Z000C1N100.png,21,26.58823670236502,28.127922973471346,19.037602107115138,18.904333224354374,T3380,G2
W0028F0001T0006Z000C1N100.png,22,60.936416904593806,60.7279050102735,19.037602107115138,18.904333224354374,T3380,G2
W0028F0001T0006Z000C1N100.png,23,44.027449101423784,45.47083676343657,19.037602107115138,18.904333224354374,T3380,G2
W0028F0001T0006Z000C1N100.png,24,63.16603773196934,63.38031204970225,19.037602107115138,18.904333224354374,T3380,G2
W0028F0001T0006Z000C1N100.png,25,52.602770567978496,53.52338597504948,19.037602107115138,18.904333224354374,T3380,G2
W0028F0001T0006Z000C1N100.png,26,74.56436800818783,76.32238248515834,19.037602107115138,18.904333224354374,T3380,G2
W0028F0001T0006Z000C1N100.png,27,64.96378095790098,66.69983302381195,19.037602107115138,18.904333224354374,T3380,G2
W0028F0001T0006Z000C1N100.png,28,59.344914926647476,60.89295972798094,19.037602107115138,18.904333224354374,T3380,G2
W0028F0001T0006Z000C1N100.png,29,74.03262476525049,75.80574719966347,19.037602107115138,18.904333224354374,T3380,G2
W0028F0001T0006Z000C1N12.png,1,13.823998900693775,11.87006484756497,15.83454920374672,16.166031119815102,T3380,G2
W0028F0001T0006Z000C1N12.png,2,14.466031917756707,9.41095647266922,15.83454920374672,16.166031119815102,T3380,G2
W0028F0001T0006Z000C1N12.png,3,28.967227189346403,26.61937784623047,15.83454920374672,16.166031119815102,T3380,G2
W0028F0001T0006Z000C1N12.png,4,12.339775611716542,9.999288508350382,15.83454920374672,16.166031119815102,T3380,G2
W0028F0001T0006Z000C1N12.png,5,20.49867790643775,20.34437823645768,15.83454920374672,16.166031119815102,T3380,G2
W0028F0001T0006Z000C1N12.png,6,26.096397478133486,26.387181769252233,15.83454920374672,16.166031119815102,T3380,G2
W0028F0001T0006Z000C1N12.png,7,51.99499834362013,52.24221084219224,15.83454920374672,16.166031119815102,T3380,G2
W0028F0001T0006Z000C1N12.png,8,10.299844332742271,17.94672026187377,15.83454920374672,16.166031119815102,T3380,G2
W0028F0001T0006Z000C1N12.png,9,39.94689526699735,40.95751194357666,15.83454920374672,16.166031119815102,T3380,G2
W0028F0001T0006Z000C1N12.png,10,41.60571463793074,43.38237697236885,15.83454920374672,16.166031119815102,T3380,G2
W0028F0001T0006Z000C1N12.png,11,51.11994359722624,52.70760704906402,15.83454920374672,16.166031119815102,T3380,G2
W0028F0001T0006Z000C1N12.png,12,32.90451671992188,24.13376214799266,15.83454920374672,16.166031119815102,T3380,G2
W0028F0001T0006Z000C1N12.png,13,52.01245146398984,53.83692288052223,15.83454920374672,16.166031119815102,T3380,G2
W0028F0001T0006Z000C1N12.png,14,6.904740591139874,10.544279368641906,15.83454920374672,16.166031119815102,T3380,G2
W0028F0001T0006Z000C1N12.png,15,16.83247557248363,17.796996273276918,15.83454920374672,16.166031119815102,T3380,G2
W0028F0001T0006Z000C1N12.png,16,9.37502608679475,8.711569456856735,15.83454920374672,16.166031119815102,T3380,G2
W0028F0001T0006Z000C1N12.png,17,2.272292640704186,2.147046904324321,15.83454920374672,16.166031119815102,T3380,G2
W0028F0001T0006Z000C1N12.png,18,22.28070806433083,22.815415620574196,15.83454920374672,16.166031119815102,T3380,G2
W0028F0001T0006Z000C1N19.png,1,26.292774546697924,19.449346544101772,9.403687003386171,9.257232263323724,T3380,G2
W0028F0001T0006Z000C1N19.png,2,26.867650470592427,37.411682605805595,9.403687003386171,9.257232263323724,T3380,G2
W0028F0001T0006Z000C1N19.png,3,36.64753616198544,32.011195251132534,9.403687003386171,9.257232263323724,T3380,G2
W0028F0001T0006Z000C1N19.png,4,50.70310963923276,44.86133071958129,9.403687003386171,9.257232263323724,T3380,G2
W0028F0001T0006Z000C1N19.png,5,23.3381787133353,43.512148985872244,9.403687003386171,9.257232263323724,T3380,G2
W0028F0001T0006Z000C1N19.png,6,38.586326707443455,45.77845166805511,9.403687003386171,9.257232263323724,T3380,G2
W0028F0001T0006Z000C1N25.png,1,10.388941770608746,10.227619527373658,14.52238946686252,12.792545514372678,T3380,G2
W0028F0001T0006Z000C1N25.png,2,2.8854675256458555,2.4411037613772826,14.52238946686252,12.792545514372678,T3380,G2
W0028F0001T0006Z000C1N25.png,3,15.273359493054619,24.748181066056965,14.52238946686252,12.792545514372678,T3380,G2
W0028F0001T0006Z000C1N25.png,4,7.51430985571594,17.530400791612493,14.52238946686252,12.792545514372678,T3380,G2
W0028F0001T0006Z000C1N25.png,5,33.02623570037584,14.145658515320733,14.52238946686252,12.792545514372678,T3380,G2
W0028F0001T0006Z000C1N25.png,6,7.2019448339952765,6.901002704717326,14.52238946686252,12.792545514372678,T3380,G2
W0028F0001T0006Z000C1N25.png,7,55.27758235588013,30.1000275715481,14.52238946686252,12.792545514372678,T3380,G2
W0028F0001T0006Z000C1N25.png,8,14.580014089649078,1.4519522599028212,14.52238946686252,12.792545514372678,T3380,G2
W0028F0001T0006Z000C1N25.png,9,29.91153546854987,4.088601765802625,14.52238946686252,12.792545514372678,T3380,G2
W0028F0001T0006Z000C1N25.png,10,15.083402802590456,11.357975431213795,14.52238946686252,12.792545514372678,T3380,G2
W0028F0001T0006Z000C1N25.png,11,6.014669513185613,6.055083187716308,14.52238946686252,12.792545514372678,T3380,G2
W0028F0001T0006Z000C1N25.png,12,56.71174259550056,35.44858972846267,14.52238946686252,12.792545514372678,T3380,G2
W0028F0001T0006Z000C1N25.png,13,29.418437151630673,5.9932518064372555,14.52238946686252,12.792545514372678,T3380,G2
W0028F0001T0006Z000C1N25.png,14,33.079268752633666,11.049241326083434,14.52238946686252,12.792545514372678,T3380,G2
W0028F0001T0006Z000C1N25.png,15,44.92674285554106,24.15468873780024,14.52238946686252,12.792545514372678,T3380,G2
W0028F0001T0006Z000C1N25.png,16,15.833248151141031,12.909133381520832,14.52238946686252,12.792545514372678,T3380,G2
W0028F0001T0006Z000C1N25.png,17,12.013594902293477,11.801035808738234,14.52238946686252,12.792545514372678,T3380,G2
W0028F0001T0006Z000C1N25.png,18,28.964789331754872,19.48438578548437,14.52238946686252,12.792545514372678,T3380,G2
W0028F0001T0006Z000C1N25.png,19,34.99321013835662,28.548742327438873,14.52238946686252,12.792545514372678,T3380,G2
W0028F0001T0006Z000C1N25.png,20,14.82217755593669,14.677507010709274,14.52238946686252,12.792545514372678,T3380,G2
W0028F0001T0006Z000C1N25.png,21,8.975251355392336,9.152410997055917,14.52238946686252,12.792545514372678,T3380,G2
W0028F0001T0006Z000C1N25.png,22,13.17342206117444,8.747366640155322,14.52238946686252,12.792545514372678,T3380,G2
W0028F0001T0006Z000C1N25.png,23,6.779592806536946,5.2685924201592425,14.52238946686252,12.792545514372678,T3380,G2
W0028F0001T0006Z000C1N25.png,24,19.994205153461706,20.062956448832857,14.52238946686252,12.792545514372678,T3380,G2
W0028F0001T0006Z000C1N25.png,25,8.68122572831502,7.215260201616003,14.52238946686252,12.792545514372678,T3380,G2
W0028F0001T0006Z000C1N25.png,26,40.32854139780034,38.67924523608676,14.52238946686252,12.792545514372678,T3380,G2
W0028F0001T0006Z000C1N25.png,27,24.157757617833383,24.361751811480026,14.52238946686252,12.792545514372678,T3380,G2
W0028F0001T0006Z000C1N25.png,28,27.34823321654935,27.389180782507882,14.52238946686252,12.792545514372678,T3380,G2
W0028F0001T0006Z000C1N25.png,29,27.307231573547533,27.44979595572567,14.52238946686252,12.792545514372678,T3380,G2
W0028F0001T0006Z000C1N25.png,30,17.148782199208476,18.29032026527996,14.52238946686252,12.792545514372678,T3380,G2
W0028F0001T0006Z000C1N25.png,31,35.86894707066681,36.090858845095454,14.52238946686252,12.792545514372678,T3380,G2
W0028F0001T0006Z000C1N25.png,32,25.88943973817596,24.286276390368396,14.52238946686252,12.792545514372678,T3380,G2
W0028F0001T0006Z000C1N25.png,33,27.2010654187004,26.438948241419258,14.52238946686252,12.792545514372678,T3380,G2
W0028F0001T0006Z000C1N25.png,34,47.363500715368446,47.54227719658216,14.52238946686252,12.792545514372678,T3380,G2
W0028F0001T0006Z000C1N25.png,35,35.53569388223098,35.53444619036518,14.52238946686252,12.792545514372678,T3380,G2
W0028F0001T0006Z000C1N25.png,36,46.50869474281152,47.065759513502734,14.52238946686252,12.792545514372678,T3380,G2
W0028F0001T0006Z000C1N25.png,37,43.056777916732905,43.23837300840573,14.52238946686252,12.792545514372678,T3380,G2
W0028F0001T0006Z000C1N26.png,1,18.31283809172423,19.045809046123562,10.42048996428211,12.906936603019066,T3380,G2
W0028F0001T0006Z000C1N26.png,2,5.567770221454392,5.69394872314254,10.42048996428211,12.906936603019066,T3380,G2
W0028F0001T0006Z000C1N26.png,3,6.1805616490762745,6.920013631592413,10.42048996428211,12.906936603019066,T3380,G2
W0028F0001T0006Z000C1N26.png,4,21.75391109808012,21.064329167247546,10.42048996428211,12.906936603019066,T3380,G2
W0028F0001T0006Z000C1N26.png,5,26.965417036698923,27.495621898520966,10.42048996428211,12.906936603019066,T3380,G2
W0028F0001T0006Z000C1N26.png,6,19.59021813205991,19.9257446700973,10.42048996428211,12.906936603019066,T3380,G2
W0028F0001T0006Z000C1N26.png,7,12.922236829167314,11.970598179431969,10.42048996428211,12.906936603019066,T3380,G2
W0028F0001T0006Z000C1N26.png,8,15.110331722611841,15.146060806032706,10.42048996428211,12.906936603019066,T3380,G2
W0028F0001T0006Z000C1N26.png,9,18.78687422330497,31.666428152394506,10.42048996428211,12.906936603019066,T3380,G2
W0028F0001T0006Z000C1N26.png,10,16.72777143824869,26.54991759489075,10.42048996428211,12.906936603019066,T3380,G2
W0028F0001T0006Z000C1N26.png,11,18.447213544262734,19.338101094832087,10.42048996428211,12.906936603019066,T3380,G2
W0028F0001T0006Z000C1N26.png,12,2.1337818471475263,1.5804746228735504,10.42048996428211,12.906936603019066,T3380,G2
W0028F0001T0006Z000C1N26.png,13,28.134768396838883,28.661060300537038,10.42048996428211,12.906936603019066,T3380,G2
W0028F0001T0006Z000C1N26.png,14,16.58424712689816,14.379574181286332,10.42048996428211,12.906936603019066,T3380,G2
W0028F0001T0006Z000C1N26.png,15,26.002275821828523,31.919208260999678,10.42048996428211,12.906936603019066,T3380,G2
W0028F0001T0006Z000C1N26.png,16,6.367984966655762,23.804174992031776,10.42048996428211,12.906936603019066,T3380,G2
W0028F0001T0006Z000C1N26.png,17,12.068572586415101,11.080668493048059,10.42048996428211,12.906936603019066,T3380,G2
W0028F0001T0006Z000C1N26.png,18,5.4359336947295125,4.241326580915548,10.42048996428211,12.906936603019066,T3380,G2
W0028F0001T0006Z000C1N26.png,19,35.12626447465766,35.545229608072525,10.42048996428211,12.906936603019066,T3380,G2
W0028F0001T0006Z000C1N26.png,20,24.62267388065881,25.375377986467583,10.42048996428211,12.906936603019066,T3380,G2
W0028F0001T0006Z000C1N26.png,21,3.417552311892185,5.993251806437254,10.42048996428211,12.906936603019066,T3380,G2
W0028F0001T0006Z000C1N26.png,22,9.36967314881531,11.049241326083429,10.42048996428211,12.906936603019066,T3380,G2
W0028F0001T0006Z000C1N26.png,23,18.4698478411824,12.75650882182457,10.42048996428211,12.906936603019066,T3380,G2
W0028F0001T0006Z000C1N26.png,24,11.761940532328818,11.813778907912912,10.42048996428211,12.906936603019066,T3380,G2
W0028F0001T0006Z000C1N26.png,25,25.188736342845317,28.85392030991757,10.42048996428211,12.906936603019066,T3380,G2
W0028F0001T0006Z000C1N26.png,26,15.62862550391346,15.721146847879638,10.42048996428211,12.906936603019066,T3380,G2
W0028F0001T0006Z000C1N26.png,27,10.726471604240754,10.846171958766003,10.42048996428211,12.906936603019066,T3380,G2
W0028F0001T0006Z000C1N26.png,28,19.624283978422714,7.9920448613035635,10.42048996428211,12.906936603019066,T3380,G2
W0028F0001T0006Z000C1N26.png,29,9.080266819813215,9.173895780906074,10.42048996428211,12.906936603019066,T3380,G2
W0028F0001T0006Z000C1N26.png,30,19.973091035642845,20.09291670305785,10.42048996428211,12.906936603019066,T3380,G2
W0028F0001T0006Z000C1N26.png,31,9.660034939722761,15.426152985020288,10.42048996428211,12.906936603019066,T3380,G2
W0028F0001T0006Z000C1N26.png,32,34.30683822721129,38.890791763693244,10.42048996428211,12.906936603019066,T3380,G2
W0028F0001T0006Z000C1N26.png,33,24.758846004770312,24.841173293618127,10.42048996428211,12.906936603019066,T3380,G2
W0028F0001T0006Z000C1N26.png,34,27.342810702184508,27.449795955725676,10.42048996428211,12.906936603019066,T3380,G2
W0028F0001T0006Z000C1N26.png,35,23.072731207869197,22.811058710333796,10.42048996428211,12.906936603019066,T3380,G2
W0028F0001T0006Z000C1N26.png,36,36.18129183276825,36.25055845932777,10.42048996428211,12.906936603019066,T3380,G2
W0028F0001T0006Z000C1N26.png,37,13.957060436092297,29.619062333636005,10.42048996428211,12.906936603019066,T3380,G2
W0028F0001T0006Z000C1N26.png,38,11.20860696586754,35.85601826832358,10.42048996428211,12.906936603019066,T3380,G2
W0028F0001T0006Z000C1N26.png,39,47.6679519874086,47.76363078331045,10.42048996428211,12.906936603019066,T3380,G2
W0028F0001T0006Z000C1N26.png,40,25.272756999723335,44.623559824262344,10.42048996428211,12.906936603019066,T3380,G2
W0028F0001T0006Z000C1N26.png,41,41.35064298504165,53.421945857193485,10.42048996428211,12.906936603019066,T3380,G2
W0028F0001T0006Z000C1N26.png,42,32.914477224370465,50.73104019682467,10.42048996428211,12.906936603019066,T3380,G2
W0028F0001T0006Z000C1N28.png,1,40.315823639716946,23.095100912916333,13.055589874909337,11.81419946467095,T3380,G2
W0028F0001T0006Z000C1N28.png,2,37.297481641105215,22.84167108734082,13.055589874909337,11.81419946467095,T3380,G2
W0028F0001T0006Z000C1N28.png,3,36.19709599384441,26.03670993700578,13.055589874909337,11.81419946467095,T3380,G2
W0028F0001T0006Z000C1N28.png,4,4.323552029418558,18.589796979664982,13.055589874909337,11.81419946467095,T3380,G2
W0028F0001T0006Z000C1N28.png,5,9.733677663679446,16.06853146520953,13.055589874909337,11.81419946467095,T3380,G2
W0028F0001T0006Z000C1N28.png,6,33.48282911814583,29.30611099692016,13.055589874909337,11.81419946467095,T3380,G2
W0028F0001T0006Z000C1N28.png,7,12.250406934132283,8.585371644430001,13.055589874909337,11.81419946467095,T3380,G2
W0028F0001T0006Z000C1N28.png,8,41.17348107388741,41.58039129719257,13.055589874909337,11.81419946467095,T3380,G2
W0028F0001T0006Z000C1N28.png,9,23.44529355252928,26.30220372539783,13.055589874909337,11.81419946467095,T3380,G2
W0028F0001T0006Z000C1N28.png,10,32.708550522195836,33.6426293274501,13.055589874909337,11.81419946467095,T3380,G2
W0028F0001T0006Z000C1N28.png,11,17.179581890283828,4.82484314936172,13.055589874909337,11.81419946467095,T3380,G2
W0028F0001T0006Z000C1N28.png,12,13.405432968205085,13.740508209595847,13.055589874909337,11.81419946467095,T3380,G2
W0028F0001T0006Z000C1N28.png,13,42.602360369198045,45.18810801086354,13.055589874909337,11.81419946467095,T3380,G2
W0028F0001T0006Z000C1N28.png,14,20.89525907931597,3.5095199352870203,13.055589874909337,11.81419946467095,T3380,G2
W0028F0001T0006Z000C1N28.png,15,31.801694229028175,29.977721870482938,13.055589874909337,11.81419946467095,T3380,G2
W0028F0001T0006Z000C1N28.png,16,39.976102986446406,39.82207456992659,13.055589874909337,11.81419946467095,T3380,G2
W0028F0001T0006Z000C1N28.png,17,28.142954054798736,12.556056185462664,13.055589874909337,11.81419946467095,T3380,G2
W0028F0001T0006Z000C1N28.png,18,42.46246558351971,24.807599061501126,13.055589874909337,11.81419946467095,T3380,G2
W0028F0001T0006Z000C1N28.png,19,23.692861696895992,11.270975401606599,13.055589874909337,11.81419946467095,T3380,G2
W0028F0001T0006Z000C1N28.png,20,10.290430046368723,9.463170153009012,13.055589874909337,11.81419946467095,T3380,G2
W0028F0001T0006Z000C1N28.png,21,18.06456989773824,17.87552986705613,13.055589874909337,11.81419946467095,T3380,G2
W0028F0001T0006Z000C1N28.png,22,29.72905645004039,13.178939118229952,13.055589874909337,11.81419946467095,T3380,G2
W0028F0001T0006Z000C1N28.png,23,40.82319669090862,2.704365073349767,13.055589874909337,11.81419946467095,T3380,G2
W0028F0001T0006Z000C1N28.png,24,14.372169221617757,13.803847689369588,13.055589874909337,11.81419946467095,T3380,G2
W0028F0001T0006Z000C1N28.png,25,35.23668105672507,7.624843079030125,13.055589874909337,11.81419946467095,T3380,G2
W0028F0001T0006Z000C1N28.png,26,13.735324467805,13.648931152767805,13.055589874909337,11.81419946467095,T3380,G2
W0028F0001T0006Z000C1N28.png,27,9.520939758794425,9.616665873462683,13.055589874909337,11.81419946467095,T3380,G2
W0028F0001T0006Z000C1N28.png,28,48.26162584755542,6.655616005083978,13.055589874909337,11.81419946467095,T3380,G2
W0028F0001T0006Z000C1N28.png,29,53.32142070544829,9.900585275669796,13.055589874909337,11.81419946467095,T3380,G2
W0028F0001T0006Z000C1N28.png,30,33.68619532332479,20.60867711871135,13.055589874909337,11.81419946467095,T3380,G2
W0028F0001T0006Z000C1N28.png,31,42.68764605794455,14.165196742607108,13.055589874909337,11.81419946467095,T3380,G2
W0028F0001T0006Z000C1N28.png,32,17.989488644018675,18.634305897589655,13.055589874909337,11.81419946467095,T3380,G2
W0028F0001T0006Z000C1N28.png,33,40.26593987135204,41.00573026784462,13.055589874909337,11.81419946467095,T3380,G2
W0028F0001T0006Z000C1N28.png,34,25.513380956552414,20.678183530603857,13.055589874909337,11.81419946467095,T3380,G2
W0028F0001T0006Z000C1N28.png,35,38.521889751513854,38.73218468382716,13.055589874909337,11.81419946467095,T3380,G2
W0028F0001T0006Z000C1N28.png,36,33.811139900966694,33.57299104241121,13.055589874909337,11.81419946467095,T3380,G2
W0028F0001T0006Z000C1N28.png,37,4.128314891650621,3.517527046807151,13.055589874909337,11.81419946467095,T3380,G2
W0028F0001T0006Z000C1N30.png,1,12.420426745083894,25.378959802118334,8.201993520102418,7.652619972550069,T3380,G2
W0028F0001T0006Z000C1N30.png,2,7.208349412678438,30.474528307295497,8.201993520102418,7.652619972550069,T3380,G2
W0028F0001T0006Z000C1N30.png,3,2.9328394610184327,22.978475776346283,8.201993520102418,7.652619972550069,T3380,G2
W0028F0001T0006Z000C1N30.png,4,9.65202906661133,10.680383266378332,8.201993520102418,7.652619972550069,T3380,G2
W0028F0001T0006Z000C1N30.png,5,9.374811508720718,16.291247642271696,8.201993520102418,7.652619972550069,T3380,G2
W0028F0001T0006Z000C1N30.png,6,8.586258877622416,8.2029243867905,8.201993520102418,7.652619972550069,T3380,G2
W0028F0001T0006Z000C1N30.png,7,3.491027299368817,11.685389495622257,8.201993520102418,7.652619972550069,T3380,G2
W0028F0001T0006Z000C1N30.png,8,5.325492064576524,10.624959078060163,8.201993520102418,7.652619972550069,T3380,G2
W0028F0001T0006Z000C1N30.png,9,16.024412761066554,15.473727601674682,8.201993520102418,7.652619972550069,T3380,G2
W0028F0001T0006Z000C1N30.png,10,17.66485645638187,8.192054722810648,8.201993520102418,7.652619972550069,T3380,G2
W0028F0001T0006Z000C1N30.png,11,8.35694193092265,14.837293231127845,8.201993520102418,7.652619972550069,T3380,G2
W0028F0001T0006Z000C1N30.png,12,8.917379111774583,21.712924849834156,8.201993520102418,7.652619972550069,T3380,G2
W0028F0001T0006Z000C1N30.png,13,5.774383769718695,18.53015774295124,8.201993520102418,7.652619972550069,T3380,G2
W0028F0001T0006Z000C1N30.png,14,3.52586531380918,23.69938939001913,8.201993520102418,7.652619972550069,T3380,G2
W0028F0001T0006Z000C1N30.png,15,5.440018551928333,28.537365538375735,8.201993520102418,7.652619972550069,T3380,G2
W0028F0001T0006Z000C1N30.png,16,18.273605680092906,23.443228588556575,8.201993520102418,7.652619972550069,T3380,G2
W0028F0001T0006Z000C1N30.png,17,16.53726835639613,10.551086676907358,8.201993520102418,7.652619972550069,T3380,G2
W0028F0001T0006Z000C1N30.png,18,21.636445511255406,18.93282685751958,8.201993520102418,7.652619972550069,T3380,G2
W0028F0001T0006Z000C1N30.png,19,7.19784683444541,13.12980367590622,8.201993520102418,7.652619972550069,T3380,G2
W0028F0001T0006Z000C1N30.png,20,1.7050422675279122,19.301445816458042,8.201993520102418,7.652619972550069,T3380,G2
W0028F0001T0006Z000C1N30.png,21,29.419116333734543,27.404494916736375,8.201993520102418,7.652619972550069,T3380,G2
W0028F0001T0006Z000C1N30.png,22,19.642477897738527,2.4938670719449854,8.201993520102418,7.652619972550069,T3380,G2
W0028F0001T0006Z000C1N30.png,23,26.45534278285837,21.800375816744374,8.201993520102418,7.652619972550069,T3380,G2
W0028F0001T0006Z000C1N30.png,24,12.300566268387737,15.378167418637355,8.201993520102418,7.652619972550069,T3380,G2
W0028F0001T0006Z000C1N30.png,25,6.89729251131617,1.6793221793000133,8.201993520102418,7.652619972550069,T3380,G2
W0028F0001T0006Z000C1N30.png,26,16.419827022136992,22.869322438703815,8.201993520102418,7.652619972550069,T3380,G2
W0028F0001T0006Z000C1N30.png,27,25.013401927677233,20.40898629932733,8.201993520102418,7.652619972550069,T3380,G2
W0028F0001T0006Z000C1N30.png,28,27.605762316244927,13.738214572468943,8.201993520102418,7.652619972550069,T3380,G2
W0028F0001T0006Z000C1N30.png,29,27.150431125123703,21.574556367938055,8.201993520102418,7.652619972550069,T3380,G2
W0028F0001T0006Z000C1N30.png,30,28.998405182697244,21.352604166601285,8.201993520102418,7.652619972550069,T3380,G2
W0028F0001T0006Z000C1N30.png,31,20.502390839608555,21.4530715666295,8.201993520102418,7.652619972550069,T3380,G2
W0028F0001T0006Z000C1N30.png,32,6.044420859831176,7.485513693089683,8.201993520102418,7.652619972550069,T3380,G2
W0028F0001T0006Z000C1N30.png,33,4.66852727895502,3.0869658095510726,8.201993520102418,7.652619972550069,T3380,G2
W0028F0001T0006Z000C1N30.png,34,10.778563957973356,10.548134138103336,8.201993520102418,7.652619972550069,T3380,G2
W0028F0001T0006Z000C1N30.png,35,14.245140155977127,13.398379813718265,8.201993520102418,7.652619972550069,T3380,G2
W0028F0001T0006Z000C1N30.png,36,9.15468685511493,8.981438747259926,8.201993520102418,7.652619972550069,T3380,G2
W0028F0001T0006Z000C1N30.png,37,1.7205956436759327,5.017943102972779,8.201993520102418,7.652619972550069,T3380,G2
W0028F0001T0006Z000C1N30.png,38,16.498264447110913,9.974966341771893,8.201993520102418,7.652619972550069,T3380,G2
W0028F0001T0006Z000C1N30.png,39,3.2949399008140823,2.4755449148311706,8.201993520102418,7.652619972550069,T3380,G2
W0028F0001T0006Z000C1N30.png,40,6.857134696431044,7.533656979513341,8.201993520102418,7.652619972550069,T3380,G2
W0028F0001T0006Z000C1N33.png,1,59.61580668605287,59.881180104405836,16.472865580290712,16.476210032699143,T3380,G2
W0028F0001T0006Z000C1N33.png,2,16.348245366669,16.103657217459517,16.472865580290712,16.476210032699143,T3380,G2
W0028F0001T0006Z000C1N33.png,3,10.156470706832485,10.272016166281526,16.472865580290712,16.476210032699143,T3380,G2
W0028F0001T0006Z000C1N33.png,4,29.795610526271606,30.339371871935786,16.472865580290712,16.476210032699143,T3380,G2
W0028F0001T0006Z000C1N33.png,5,56.29808823246262,55.795430002837215,16.472865580290712,16.476210032699143,T3380,G2
W0028F0001T0006Z000C1N33.png,6,21.680343027040294,21.485536842660533,16.472865580290712,16.476210032699143,T3380,G2
W0028F0001T0006Z000C1N33.png,7,31.190605181471227,31.05155791507368,16.472865580290712,16.476210032699143,T3380,G2
W0028F0001T0006Z000C1N33.png,8,22.936006002342832,22.82822210140648,16.472865580290712,16.476210032699143,T3380,G2
W0028F0001T0006Z000C1N33.png,9,23.769540386371897,23.711347409678137,16.472865580290712,16.476210032699143,T3380,G2
W0028F0001T0006Z000C1N33.png,10,7.52830032458294,7.412343729300629,16.472865580290712,16.476210032699143,T3380,G2
W0028F0001T0006Z000C1N33.png,11,40.94529174152874,41.006962724489625,16.472865580290712,16.476210032699143,T3380,G2
W0028F0001T0006Z000C1N33.png,12,43.86122985612748,44.01649882205809,16.472865580290712,16.476210032699143,T3380,G2
W0028F0001T0006Z000C1N33.png,13,9.425622773313691,9.581289852741628,16.472865580290712,16.476210032699143,T3380,G2
W0028F0001T0006Z000C1N35.png,1,50.29467590584201,50.122692365224815,10.248129891301442,10.204235544452658,T3380,G2
W0028F0001T0006Z000C1N35.png,2,55.501026036292735,55.552641066460396,10.248129891301442,10.204235544452658,T3380,G2
W0028F0001T0006Z000C1N35.png,3,32.08397109924022,31.990905589875567,10.248129891301442,10.204235544452658,T3380,G2
W0028F0001T0006Z000C1N35.png,4,45.17583241961004,45.30297388558957,10.248129891301442,10.204235544452658,T3380,G2
W0028F0001T0006Z000C1N35.png,5,41.833423807175876,41.564554130253825,10.248129891301442,10.204235544452658,T3380,G2
W0028F0001T0006Z000C1N35.png,6,50.61236619899338,50.790052314257146,10.248129891301442,10.204235544452658,T3380,G2
W0028F0001T0006Z000C1N35.png,7,42.07187121758414,42.24151375697329,10.248129891301442,10.204235544452658,T3380,G2
W0028F0001T0006Z000C1N35.png,8,27.818034941717066,27.969552429618474,10.248129891301442,10.204235544452658,T3380,G2
W0028F0001T0006Z000C1N35.png,9,53.981246633476175,53.724035917113824,10.248129891301442,10.204235544452658,T3380,G2
W0028F0001T0006Z000C1N35.png,10,25.441556084965832,25.537864991039925,10.248129891301442,10.204235544452658,T3380,G2
W0028F0001T0006Z000C1N36.png,1,40.52600108705001,41.33391244354922,10.782676098244574,10.992426107975502,T3380,G2
W0028F0001T0006Z000C1N36.png,2,16.243306262509797,16.464319088520046,10.782676098244574,10.992426107975502,T3380,G2
W0028F0001T0006Z000C1N36.png,3,34.71259030100729,35.667497332959165,10.782676098244574,10.992426107975502,T3380,G2
W0028F0001T0006Z000C1N36.png,4,13.498799945711369,12.491235628428017,10.782676098244574,10.992426107975502,T3380,G2
W0028F0001T0006Z000C1N36.png,5,6.864334417564783,6.401160711313771,10.782676098244574,10.992426107975502,T3380,G2
W0028F0001T0006Z000C1N36.png,6,42.134710261315064,42.01747129726988,10.782676098244574,10.992426107975502,T3380,G2
W0028F0001T0006Z000C1N36.png,7,25.863515990847265,25.38616918957208,10.782676098244574,10.992426107975502,T3380,G2
W0028F0001T0006Z000C1N36.png,8,29.259136396146797,29.346441420430125,10.782676098244574,10.992426107975502,T3380,G2
W0028F0001T0006Z000C1N36.png,9,26.65397073901934,25.44973048255145,10.782676098244574,10.992426107975502,T3380,G2
W0028F0001T0006Z000C1N36.png,10,32.80994074780391,31.651639748696823,10.782676098244574,10.992426107975502,T3380,G2
W0028F0001T0006Z000C1N36.png,11,10.87203621431374,10.847441381218301,10.782676098244574,10.992426107975502,T3380,G2
W0028F0001T0006Z000C1N36.png,12,17.043552622957026,16.965400251228115,10.782676098244574,10.992426107975502,T3380,G2
W0028F0001T0006Z000C1N36.png,13,25.068264933550847,24.722407946727124,10.782676098244574,10.992426107975502,T3380,G2
W0028F0001T0006Z000C1N37.png,1,7.268683591255111,7.100709950966749,12.45351540372865,12.425308510066854,T3380,G2
W0028F0001T0006Z000C1N37.png,2,15.506433866028,15.71928370426576,12.45351540372865,12.425308510066854,T3380,G2
W0028F0001T0006Z000C1N37.png,3,32.7121810383115,32.83134876506129,12.45351540372865,12.425308510066854,T3380,G2
W0028F0001T0006Z000C1N37.png,4,33.79094265674435,33.72009153199685,12.45351540372865,12.425308510066854,T3380,G2
W0028F0001T0006Z000C1N37.png,5,21.4424042769903,21.61032268554537,12.45351540372865,12.425308510066854,T3380,G2
W0028F0001T0006Z000C1N37.png,6,45.69313698626415,45.53343714526884,12.45351540372865,12.425308510066854,T3380,G2
W0028F0001T0006Z000C1N37.png,7,22.804629951877608,22.679041232744122,12.45351540372865,12.425308510066854,T3380,G2
W0028F0001T0006Z000C1N37.png,8,11.71581901045624,11.678118425088474,12.45351540372865,12.425308510066854,T3380,G2
W0028F0001T0006Z000C1N37.png,9,25.505869935760163,25.334649200895253,12.45351540372865,12.425308510066854,T3380,G2
W0028F0001T0006Z000C1N37.png,10,40.98776081657745,40.802978369456895,12.45351540372865,12.425308510066854,T3380,G2
W0028F0001T0006Z000C1N37.png,11,14.11872512290229,13.924965228018984,12.45351540372865,12.425308510066854,T3380,G2
W0028F0001T0006Z000C1N37.png,12,40.50216272551458,40.670544174381405,12.45351540372865,12.425308510066854,T3380,G2
W0028F0001T0006Z000C1N37.png,13,48.13136671026462,47.9358803622817,12.45351540372865,12.425308510066854,T3380,G2
W0028F0001T0006Z000C1N37.png,14,18.443710017797592,18.446936951426753,12.45351540372865,12.425308510066854,T3380,G2
W0028F0001T0006Z000C1N37.png,15,44.40738963500177,44.21728144888943,12.45351540372865,12.425308510066854,T3380,G2
W0028F0001T0006Z000C1N37.png,16,31.66359868217791,31.58752812106542,12.45351540372865,12.425308510066854,T3380,G2
W0028F0001T0006Z000C1N37.png,17,39.10681412553494,39.135199873516726,12.45351540372865,12.425308510066854,T3380,G2
W0028F0001T0006Z000C1N37.png,18,38.76051764347057,38.638743010255716,12.45351540372865,12.425308510066854,T3380,G2
W0028F0001T0006Z000C1N37.png,19,47.487561495028515,47.33512521333406,12.45351540372865,12.425308510066854,T3380,G2
W0028F0001T0006Z000C1N37.png,20,34.00105496886458,33.97175314606433,12.45351540372865,12.425308510066854,T3380,G2
W0028F0001T0006Z000C1N38.png,1,33.62867585151856,33.55443483768363,10.5665627434284,9.658935594752508,T3380,G2
W0028F0001T0006Z000C1N38.png,2,29.048547078507454,26.225549629461465,10.5665627434284,9.658935594752508,T3380,G2
W0028F0001T0006Z000C1N38.png,3,32.07875616469922,31.208538004688332,10.5665627434284,9.658935594752508,T3380,G2
W0028F0001T0006Z000C1N38.png,4,11.770926002034255,10.032416626835392,10.5665627434284,9.658935594752508,T3380,G2
W0028F0001T0006Z000C1N38.png,5,8.117683696713394,5.267477554684904,10.5665627434284,9.658935594752508,T3380,G2
W0028F0001T0006Z000C1N38.png,6,16.937182251750492,16.454423183570725,10.5665627434284,9.658935594752508,T3380,G2
W0028F0001T0006Z000C1N38.png,7,6.752429169192431,8.350626887710174,10.5665627434284,9.658935594752508,T3380,G2
W0028F0001T0006Z000C1N38.png,8,28.55935260364403,28.39779267191219,10.5665627434284,9.658935594752508,T3380,G2
W0028F0001T0006Z000C1N38.png,9,32.48376842295555,22.48721320861667,10.5665627434284,9.658935594752508,T3380,G2
W0028F0001T0006Z000C1N38.png,10,28.64762301468137,28.49572381999088,10.5665627434284,9.658935594752508,T3380,G2
W0028F0001T0006Z000C1N38.png,11,31.41769185895831,20.12139159661177,10.5665627434284,9.658935594752508,T3380,G2
W0028F0001T0006Z000C1N38.png,12,7.414855040614728,7.4232003088362015,10.5665627434284,9.658935594752508,T3380,G2
W0028F0001T0006Z000C1N47.png,1,59.9018773936629,59.820854996255235,15.50477565002943,15.517095560194717,T3380,G2
W0028F0001T0006Z000C1N47.png,2,53.907644013838826,53.82556791512023,15.50477565002943,15.517095560194717,T3380,G2
W0028F0001T0006Z000C1N47.png,3,59.11441178034859,59.08747747832302,15.50477565002943,15.517095560194717,T3380,G2
W0028F0001T0006Z000C1N47.png,4,45.63363264569219,45.5524688564738,15.50477565002943,15.517095560194717,T3380,G2
W0028F0001T0006Z000C1N47.png,5,47.289747223239424,47.22774222317959,15.50477565002943,15.517095560194717,T3380,G2
W0028F0001T0006Z000C1N47.png,6,56.37899188413354,56.38356843305449,15.50477565002943,15.517095560194717,T3380,G2
W0028F0001T0006Z000C1N47.png,7,24.339715243487156,24.26650652822454,15.50477565002943,15.517095560194717,T3380,G2
W0028F0001T0006Z000C1N47.png,8,27.48081606684549,27.370762842852855,15.50477565002943,15.517095560194717,T3380,G2
W0028F0001T0006Z000C1N47.png,9,47.19001102968014,47.18839528558073,15.50477565002943,15.517095560194717,T3380,G2
W0028F0001T0006Z000C1N47.png,10,25.683971974160368,25.65803320957706,15.50477565002943,15.517095560194717,T3380,G2
W0028F0001T0006Z000C1N47.png,11,13.376143253689808,13.282169021178808,15.50477565002943,15.517095560194717,T3380,G2
W0028F0001T0006Z000C1N47.png,12,34.091391314651396,33.99419722897801,15.50477565002943,15.517095560194717,T3380,G2
W0028F0001T0006Z000C1N47.png,13,12.402565816123996,12.335434556446522,15.50477565002943,15.517095560194717,T3380,G2
W0028F0001T0006Z000C1N47.png,14,19.308260550339753,19.381568356416167,15.50477565002943,15.517095560194717,T3380,G2
W0028F0001T0006Z000C1N47.png,15,50.75796100667544,50.82563620600867,15.50477565002943,15.517095560194717,T3380,G2
W0028F0001T0006Z000C1N47.png,16,36.15120396439948,36.2194701243506,15.50477565002943,15.517095560194717,T3380,G2
W0028F0001T0006Z000C1N47.png,17,16.62274204288916,16.594704364728674,15.50477565002943,15.517095560194717,T3380,G2
W0028F0001T0006Z000C1N47.png,18,50.91440166060835,50.99076831233378,15.50477565002943,15.517095560194717,T3380,G2
W0028F0001T0006Z000C1N47.png,19,15.45213391002409,15.492767357307983,15.50477565002943,15.517095560194717,T3380,G2
W0028F0001T0006Z000C1N47.png,20,46.129499836942315,46.22150894620603,15.50477565002943,15.517095560194717,T3380,G2
W0028F0001T0006Z000C1N47.png,21,33.63315278077827,33.64272257290145,15.50477565002943,15.517095560194717,T3380,G2
W0028F0001T0006Z000C1N47.png,22,27.078036689236516,27.18376131624378,15.50477565002943,15.517095560194717,T3380,G2
W0028F0001T0006Z000C1N47.png,23,31.596293636413485,31.630813899249194,15.50477565002943,15.517095560194717,T3380,G2
W0028F0001T0006Z000C1N47.png,24,48.76822555375765,48.87037769906361,15.50477565002943,15.517095560194717,T3380,G2
W0028F0001T0006Z000C1N47.png,25,48.189628673003746,48.19429337239184,15.50477565002943,15.517095560194717,T3380,G2
W0028F0001T0006Z000C1N47.png,26,31.46679034457953,31.534465936233044,15.50477565002943,15.517095560194717,T3380,G2
W0028F0001T0006Z000C1N47.png,27,29.89785691944356,29.986933370800845,15.50477565002943,15.517095560194717,T3380,G2
W0028F0001T0006Z000C1N47.png,28,37.38745398434427,37.437774772454695,15.50477565002943,15.517095560194717,T3380,G2
W0028F0001T0006Z000C1N47.png,29,43.52422850667855,43.63192605628818,15.50477565002943,15.517095560194717,T3380,G2
W0028F0001T0006Z000C1N47.png,30,37.303067743067366,37.41019085379163,15.50477565002943,15.517095560194717,T3380,G2
W0028F0001T0006Z000C1N47.png,31,60.988496780354986,61.00078004020704,15.50477565002943,15.517095560194717,T3380,G2
W0028F0001T0006Z000C1N47.png,32,47.26634062183113,47.30603912460838,15.50477565002943,15.517095560194717,T3380,G2
W0028F0001T0006Z000C1N47.png,33,44.923557958374204,44.985661726245674,15.50477565002943,15.517095560194717,T3380,G2
W0028F0001T0006Z000C1N47.png,34,58.33053492284179,58.357786243678,15.50477565002943,15.517095560194717,T3380,G2
W0028F0001T0006Z000C1N47.png,35,55.817943475375785,55.92818730930827,15.50477565002943,15.517095560194717,T3380,G2
W0028F0001T0006Z000C1N47.png,36,74.48058439600935,74.52154188476509,15.50477565002943,15.517095560194717,T3380,G2
W0028F0001T0006Z000C1N47.png,37,66.13453448131075,66.2006170412297,15.50477565002943,15.517095560194717,T3380,G2
W0028F0001T0006Z000C1N51.png,1,29.959437318686685,29.99613500171768,6.060926052699539,6.105167188732751,T3380,G2
W0028F0001T0006Z000C1N51.png,2,32.260283295532105,32.337135139685124,6.060926052699539,6.105167188732751,T3380,G2
W0028F0001T0006Z000C1N51.png,3,29.559089061368738,29.638528761243926,6.060926052699539,6.105167188732751,T3380,G2
W0028F0001T0006Z000C1N51.png,4,20.333960223383517,20.349348848925242,6.060926052699539,6.105167188732751,T3380,G2
W0028F0001T0006Z000C1N51.png,5,32.58680100568567,32.65931282963855,6.060926052699539,6.105167188732751,T3380,G2
W0028F0001T0006Z000C1N51.png,6,23.147625620429253,23.07421236966796,6.060926052699539,6.105167188732751,T3380,G2
W0028F0001T0006Z000C1N51.png,7,15.688867991044702,15.649986431856515,6.060926052699539,6.105167188732751,T3380,G2
W0028F0001T0006Z000C1N53(1).png,1,28.98619440981948,29.819169103769184,7.447740147571615,8.286413262494388,T3380,G2
W0028F0001T0006Z000C1N53(1).png,2,30.60345017291359,20.32097441627952,7.447740147571615,8.286413262494388,T3380,G2
W0028F0001T0006Z000C1N53(1).png,3,25.032420679169444,26.034757330215083,7.447740147571615,8.286413262494388,T3380,G2
W0028F0001T0006Z000C1N53(1).png,4,16.21980942327887,16.455790236046692,7.447740147571615,8.286413262494388,T3380,G2
W0028F0001T0006Z000C1N53(1).png,5,33.894157531982636,34.946746039004395,7.447740147571615,8.286413262494388,T3380,G2
W0028F0001T0006Z000C1N53(1).png,6,24.755974845606204,25.85692618382646,7.447740147571615,8.286413262494388,T3380,G2
W0028F0001T0006Z000C1N53(1).png,7,40.405682224076294,41.504307013810326,7.447740147571615,8.286413262494388,T3380,G2
W0028F0001T0006Z000C1N53(1).png,8,35.25252298099149,36.36075920941782,7.447740147571615,8.286413262494388,T3380,G2
W0028F0001T0006Z000C1N53(1).png,9,35.219249011065564,36.257160272464255,7.447740147571615,8.286413262494388,T3380,G2
W0028F0001T0006Z000C1N53(1).png,10,41.51537721952628,42.56955457904819,7.447740147571615,8.286413262494388,T3380,G2
W0028F0001T0006Z000C1N53(1).png,11,22.417049037669024,22.8150801248786,7.447740147571615,8.286413262494388,T3380,G2
W0028F0001T0006Z000C1N53.png,1,28.98619440981948,29.819169103769184,7.447740147571615,8.286413262494388,T3380,G2
W0028F0001T0006Z000C1N53.png,2,30.60345017291359,20.32097441627952,7.447740147571615,8.286413262494388,T3380,G2
W0028F0001T0006Z000C1N53.png,3,25.032420679169444,26.034757330215083,7.447740147571615,8.286413262494388,T3380,G2
W0028F0001T0006Z000C1N53.png,4,16.21980942327887,16.455790236046692,7.447740147571615,8.286413262494388,T3380,G2
W0028F0001T0006Z000C1N53.png,5,33.894157531982636,34.946746039004395,7.447740147571615,8.286413262494388,T3380,G2
W0028F0001T0006Z000C1N53.png,6,24.755974845606204,25.85692618382646,7.447740147571615,8.286413262494388,T3380,G2
W0028F0001T0006Z000C1N53.png,7,40.405682224076294,41.504307013810326,7.447740147571615,8.286413262494388,T3380,G2
W0028F0001T0006Z000C1N53.png,8,35.25252298099149,36.36075920941782,7.447740147571615,8.286413262494388,T3380,G2
W0028F0001T0006Z000C1N53.png,9,35.219249011065564,36.257160272464255,7.447740147571615,8.286413262494388,T3380,G2
W0028F0001T0006Z000C1N53.png,10,41.51537721952628,42.56955457904819,7.447740147571615,8.286413262494388,T3380,G2
W0028F0001T0006Z000C1N53.png,11,22.417049037669024,22.8150801248786,7.447740147571615,8.286413262494388,T3380,G2
W0028F0001T0006Z000C1N55.png,1,72.97873753062966,72.70289548270334,17.12930793652368,16.935366511065148,T3380,G2
W0028F0001T0006Z000C1N55.png,2,65.07011433057438,63.96085050211845,17.12930793652368,16.935366511065148,T3380,G2
W0028F0001T0006Z000C1N55.png,3,59.6923820049463,58.60465784821615,17.12930793652368,16.935366511065148,T3380,G2
W0028F0001T0006Z000C1N55.png,4,62.730884189009295,61.615010491776935,17.12930793652368,16.935366511065148,T3380,G2
W0028F0001T0006Z000C1N55.png,5,54.875376513325925,53.761152411805384,17.12930793652368,16.935366511065148,T3380,G2
W0028F0001T0006Z000C1N55.png,6,47.25874168765484,46.14303088752174,17.12930793652368,16.935366511065148,T3380,G2
W0028F0001T0006Z000C1N55.png,7,42.21237966264656,41.93756524737296,17.12930793652368,16.935366511065148,T3380,G2
W0028F0001T0006Z000C1N55.png,8,45.1329444134215,45.18993051700135,17.12930793652368,16.935366511065148,T3380,G2
W0028F0001T0006Z000C1N55.png,9,45.57194565188271,45.806706884606584,17.12930793652368,16.935366511065148,T3380,G2
W0028F0001T0006Z000C1N55.png,10,11.465200603376342,10.397210913374359,17.12930793652368,16.935366511065148,T3380,G2
W0028F0001T0006Z000C1N55.png,11,38.124749933864805,37.41711215711099,17.12930793652368,16.935366511065148,T3380,G2
W0028F0001T0006Z000C1N55.png,12,34.67501207671859,34.15853457321694,17.12930793652368,16.935366511065148,T3380,G2
W0028F0001T0006Z000C1N55.png,13,28.939649172284234,28.603359143802045,17.12930793652368,16.935366511065148,T3380,G2
W0028F0001T0006Z000C1N55.png,14,10.648637546212289,11.343461526554739,17.12930793652368,16.935366511065148,T3380,G2
W0028F0001T0006Z000C1N55.png,15,27.066490382419495,27.6061671514343,17.12930793652368,16.935366511065148,T3380,G2
W0028F0001T0006Z000C1N55.png,16,52.680168012197626,52.68424386583779,17.12930793652368,16.935366511065148,T3380,G2
W0028F0001T0006Z000C1N55.png,17,46.28999455562724,47.380262335544664,17.12930793652368,16.935366511065148,T3380,G2
W0028F0001T0006Z000C1N55.png,18,36.508763531228716,36.50582290842897,17.12930793652368,16.935366511065148,T3380,G2
W0028F0001T0006Z000C1N55.png,19,51.38895680065245,51.932628477212354,17.12930793652368,16.935366511065148,T3380,G2
W0028F0001T0006Z000C1N55.png,20,64.08857238993458,65.20438468710486,17.12930793652368,16.935366511065148,T3380,G2
W0028F0001T0006Z000C1N55.png,21,16.432151103435316,17.2755381397829,17.12930793652368,16.935366511065148,T3380,G2
W0028F0001T0006Z000C1N55.png,22,59.316833641399484,58.581081560260714,17.12930793652368,16.935366511065148,T3380,G2
W0028F0001T0006Z000C1N55.png,23,25.443138289214385,25.805349083624144,17.12930793652368,16.935366511065148,T3380,G2
W0028F0001T0006Z000C1N56.png,1,20.230182653821007,10.604779961163329,7.590736705036051,9.20704935707424,T3380,G2
W0028F0001T0006Z000C1N56.png,2,34.527348382847066,32.915926298660104,7.590736705036051,9.20704935707424,T3380,G2
W0028F0001T0006Z000C1N56.png,3,16.714420001025672,14.717457288256988,7.590736705036051,9.20704935707424,T3380,G2
W0028F0001T0006Z000C1N56.png,4,23.73298096727274,22.474010073113977,7.590736705036051,9.20704935707424,T3380,G2
W0028F0001T0006Z000C1N56.png,5,18.130580763014343,18.18862234526663,7.590736705036051,9.20704935707424,T3380,G2
W0028F0001T0006Z000C1N56.png,6,25.07243468829323,23.178313558301912,7.590736705036051,9.20704935707424,T3380,G2
W0028F0001T0006Z000C1N56.png,7,20.530912800160767,35.56354859998912,7.590736705036051,9.20704935707424,T3380,G2
W0028F0001T0006Z000C1N56.png,8,31.609592385672045,27.66565209173859,7.590736705036051,9.20704935707424,T3380,G2
W0028F0001T0006Z000C1N56.png,9,30.318481333919134,32.2681410895259,7.590736705036051,9.20704935707424,T3380,G2
W0028F0001T0006Z000C1N56.png,10,39.82893004128774,39.9096175235922,7.590736705036051,9.20704935707424,T3380,G2
W0028F0001T0006Z000C1N56.png,11,36.684731198735975,36.87516205074461,7.590736705036051,9.20704935707424,T3380,G2
W0028F0001T0006Z000C1N61.png,1,57.17412352517251,57.790114721797,13.87408222674043,14.08254235398605,T3380,G2
W0028F0001T0006Z000C1N61.png,2,37.9434351355256,38.548758449300344,13.87408222674043,14.08254235398605,T3380,G2
W0028F0001T0006Z000C1N61.png,3,30.060615766795447,30.16474446159304,13.87408222674043,14.08254235398605,T3380,G2
W0028F0001T0006Z000C1N61.png,4,23.486851657729147,23.936684846530973,13.87408222674043,14.08254235398605,T3380,G2
W0028F0001T0006Z000C1N61.png,5,39.27578026080057,39.675493358982926,13.87408222674043,14.08254235398605,T3380,G2
W0028F0001T0006Z000C1N61.png,6,11.136585967014938,10.560384913389667,13.87408222674043,14.08254235398605,T3380,G2
W0028F0001T0006Z000C1N61.png,7,27.320118814203433,26.889176538067872,13.87408222674043,14.08254235398605,T3380,G2
W0028F0001T0006Z000C1N61.png,8,7.4249809309694,8.122950622847766,13.87408222674043,14.08254235398605,T3380,G2
W0028F0001T0006Z000C1N61.png,9,17.414344953562534,16.800486023619527,13.87408222674043,14.08254235398605,T3380,G2
W0028F0001T0006Z000C1N61.png,10,29.735632680607413,29.14222178656652,13.87408222674043,14.08254235398605,T3380,G2
W0028F0001T0006Z000C1N68.png,1,25.655055655338387,26.10556788294776,12.310214070213924,12.1992786039991,T3380,G2
W0028F0001T0006Z000C1N68.png,2,15.74665323271593,16.214779002618624,12.310214070213924,12.1992786039991,T3380,G2
W0028F0001T0006Z000C1N68.png,3,53.94203826549631,54.18140835200636,12.310214070213924,12.1992786039991,T3380,G2
W0028F0001T0006Z000C1N68.png,4,46.34195012976155,46.1522425980849,12.310214070213924,12.1992786039991,T3380,G2
W0028F0001T0006Z000C1N68.png,5,44.254285228984806,44.239067696708666,12.310214070213924,12.1992786039991,T3380,G2
W0028F0001T0006Z000C1N68.png,6,44.32615387724311,44.8275430532602,12.310214070213924,12.1992786039991,T3380,G2
W0028F0001T0006Z000C1N68.png,7,29.274726656038805,30.171842413630674,12.310214070213924,12.1992786039991,T3380,G2
W0028F0001T0006Z000C1N68.png,8,38.822584359029904,39.18711012800024,12.310214070213924,12.1992786039991,T3380,G2
W0028F0001T0006Z000C1N68.png,9,14.551427375941431,15.095863051618478,12.310214070213924,12.1992786039991,T3380,G2
W0028F0001T0006Z000C1N68.png,10,32.30368900196498,32.75303355340462,12.310214070213924,12.1992786039991,T3380,G2
W0028F0001T0006Z000C1N68.png,11,33.449552589069405,32.74476636737776,12.310214070213924,12.1992786039991,T3380,G2
W0028F0001T0006Z000C1N68.png,12,50.22494836525801,50.65729734905592,12.310214070213924,12.1992786039991,T3380,G2
W0028F0001T0006Z000C1N71.png,1,10.25,16.53366056720566,11.363023178712593,10.555221792014532,T3380,G2
W0028F0001T0006Z000C1N71.png,2,38.446846383580386,38.56926573271837,11.363023178712593,10.555221792014532,T3380,G2
W0028F0001T0006Z000C1N71.png,3,17.333952759039672,17.655775676343904,11.363023178712593,10.555221792014532,T3380,G2
W0028F0001T0006Z000C1N71.png,4,22.2147147196682,22.486535995520452,11.363023178712593,10.555221792014532,T3380,G2
W0028F0001T0006Z000C1N71.png,5,28.196200861395738,33.80448581589791,11.363023178712593,10.555221792014532,T3380,G2
W0028F0001T0006Z000C1N71.png,6,14.326587026809927,14.334214528846086,11.363023178712593,10.555221792014532,T3380,G2
W0028F0001T0006Z000C1N71.png,7,41.67853426503927,41.81536926291387,11.363023178712593,10.555221792014532,T3380,G2
W0028F0001T0006Z000C1N71.png,8,38.43631316055426,37.97442926558701,11.363023178712593,10.555221792014532,T3380,G2
W0028F0001T0006Z000C1N72.png,1,47.595091642920174,28.429737951659,12.868093008249902,10.33833511013414,T3380,G2
W0028F0001T0006Z000C1N72.png,2,36.66981726869481,18.9274932307477,12.868093008249902,10.33833511013414,T3380,G2
W0028F0001T0006Z000C1N72.png,3,29.56346014966983,28.653097563788805,12.868093008249902,10.33833511013414,T3380,G2
W0028F0001T0006Z000C1N72.png,4,27.98998951077394,13.869430814244367,12.868093008249902,10.33833511013414,T3380,G2
W0028F0001T0006Z000C1N72.png,5,24.428180498388638,20.23983694636724,12.868093008249902,10.33833511013414,T3380,G2
W0028F0001T0006Z000C1N72.png,6,44.297829631527534,44.97830847889477,12.868093008249902,10.33833511013414,T3380,G2
W0028F0001T0006Z000C1N72.png,7,4.822018084327784,4.8869989135231515,12.868093008249902,10.33833511013414,T3380,G2
W0028F0001T0006Z000C1N72.png,8,42.23286957236067,29.93086745117432,12.868093008249902,10.33833511013414,T3380,G2
W0028F0001T0006Z000C1N72.png,9,21.149728228358263,19.290196422134617,12.868093008249902,10.33833511013414,T3380,G2
W0028F0001T0006Z000C1N72.png,10,25.1974860398014,25.52505795393016,12.868093008249902,10.33833511013414,T3380,G2
W0028F0001T0006Z000C1N72.png,11,16.181760947420525,16.51398269577929,12.868093008249902,10.33833511013414,T3380,G2
W0028F0001T0006Z000C1N72.png,12,6.031562042932622,6.398234285020379,12.868093008249902,10.33833511013414,T3380,G2
W0028F0001T0006Z000C1N72.png,13,29.23519887977078,28.942267641434253,12.868093008249902,10.33833511013414,T3380,G2
W0028F0001T0006Z000C1N76.png,1,29.9867221644628,31.769180442107082,14.641079611218846,14.423630119669678,T3380,G2
W0028F0001T0006Z000C1N76.png,2,24.62651631534764,25.9839710401634,14.641079611218846,14.423630119669678,T3380,G2
W0028F0001T0006Z000C1N76.png,3,32.96601403378946,33.35000641502002,14.641079611218846,14.423630119669678,T3380,G2
W0028F0001T0006Z000C1N76.png,4,13.488876804419515,13.714387481499163,14.641079611218846,14.423630119669678,T3380,G2
W0028F0001T0006Z000C1N76.png,5,9.977649576306105,9.005000415453955,14.641079611218846,14.423630119669678,T3380,G2
W0028F0001T0006Z000C1N76.png,6,30.733527179888515,31.113732399437122,14.641079611218846,14.423630119669678,T3380,G2
W0028F0001T0006Z000C1N76.png,7,29.560500148491588,29.612056203597515,14.641079611218846,14.423630119669678,T3380,G2
W0028F0001T0006Z000C1N76.png,8,21.893585596629975,22.31893768727206,14.641079611218846,14.423630119669678,T3380,G2
W0028F0001T0006Z000C1N76.png,9,24.21631636881076,24.595327048027837,14.641079611218846,14.423630119669678,T3380,G2
W0028F0001T0006Z000C1N76.png,10,21.846483070800744,20.20927177177808,14.641079611218846,14.423630119669678,T3380,G2
W0028F0001T0006Z000C1N76.png,11,21.865998700014046,20.276241692537816,14.641079611218846,14.423630119669678,T3380,G2
W0028F0001T0006Z000C1N76.png,12,22.001906222665095,22.090810537215535,14.641079611218846,14.423630119669678,T3380,G2
W0028F0001T0006Z000C1N76.png,13,31.159392451508886,31.16724769910473,14.641079611218846,14.423630119669678,T3380,G2
W0028F0001T0006Z000C1N76.png,14,26.255581705858813,25.954375726609058,14.641079611218846,14.423630119669678,T3380,G2
W0028F0001T0006Z000C1N76.png,15,23.14908561930535,22.709402864209025,14.641079611218846,14.423630119669678,T3380,G2
W0028F0001T0006Z000C1N76.png,16,79.44252702973921,77.65739187890959,14.641079611218846,14.423630119669678,T3380,G2
W0028F0001T0006Z000C1N82.png,1,20.91865829922262,26.967952289192517,4.867915265315931,7.0989841209549605,T3380,G2
W0028F0001T0006Z000C1N82.png,2,28.98298484581189,26.601531823226473,4.867915265315931,7.0989841209549605,T3380,G2
W0028F0001T0006Z000C1N82.png,3,36.4351693647889,35.28149110922573,4.867915265315931,7.0989841209549605,T3380,G2
W0028F0001T0006Z000C1N82.png,4,27.101198119512386,20.903090733516873,4.867915265315931,7.0989841209549605,T3380,G2
W0028F0001T0006Z000C1N82.png,5,32.54935868215734,33.99176700549251,4.867915265315931,7.0989841209549605,T3380,G2
W0028F0001T0006Z000C1N82.png,6,31.785383016961767,14.768979265751486,4.867915265315931,7.0989841209549605,T3380,G2
W0028F0001T0006Z000C1N84.png,1,74.33735223620585,74.12909360451826,15.327196260936443,20.473980810494417,T3380,G2
W0028F0001T0006Z000C1N84.png,2,67.13663870080163,66.86559791136924,15.327196260936443,20.473980810494417,T3380,G2
W0028F0001T0006Z000C1N84.png,3,42.214979145937605,41.89014615966851,15.327196260936443,20.473980810494417,T3380,G2
W0028F0001T0006Z000C1N84.png,4,55.84467998772619,55.57544761500326,15.327196260936443,20.473980810494417,T3380,G2
W0028F0001T0006Z000C1N84.png,5,75.52733271951884,75.47283131257277,15.327196260936443,20.473980810494417,T3380,G2
W0028F0001T0006Z000C1N84.png,6,46.26462855908518,46.14892994524173,15.327196260936443,20.473980810494417,T3380,G2
W0028F0001T0006Z000C1N84.png,7,34.03738022532396,33.83519336413018,15.327196260936443,20.473980810494417,T3380,G2
W0028F0001T0006Z000C1N84.png,8,23.82593123789212,23.67767436020031,15.327196260936443,20.473980810494417,T3380,G2
W0028F0001T0006Z000C1N84.png,9,55.33211127231178,55.20481177064931,15.327196260936443,20.473980810494417,T3380,G2
W0028F0001T0006Z000C1N84.png,10,30.23578227703769,12.15822188465211,15.327196260936443,20.473980810494417,T3380,G2
W0028F0001T0006Z000C1N84.png,11,40.20565505160748,40.353605664733635,15.327196260936443,20.473980810494417,T3380,G2
W0028F0001T0006Z000C1N84.png,12,37.80685716966998,10.913300929334406,15.327196260936443,20.473980810494417,T3380,G2
W0028F0001T0006Z000C1N84.png,13,34.81720198300371,28.005498803342558,15.327196260936443,20.473980810494417,T3380,G2
W0028F0001T0006Z000C1N84.png,14,41.281027965312475,39.83721580031893,15.327196260936443,20.473980810494417,T3380,G2
W0028F0001T0006Z000C1N84.png,15,37.33676005881704,15.824504794432778,15.327196260936443,20.473980810494417,T3380,G2
W0028F0001T0006Z000C1N85.png,1,48.7306370231834,48.69130769677577,22.029044729503973,22.075250824922325,T3380,G2
W0028F0001T0006Z000C1N85.png,2,22.98749363458072,23.147198309612737,22.029044729503973,22.075250824922325,T3380,G2
W0028F0001T0006Z000C1N85.png,3,33.670743474496085,33.311999339708656,22.029044729503973,22.075250824922325,T3380,G2
W0028F0001T0006Z000C1N85.png,4,81.41235049223135,81.50422009781555,22.029044729503973,22.075250824922325,T3380,G2
W0028F0001T0006Z000C1N87.png,1,40.45175982558124,41.269424897643795,10.045260230592042,10.455999491114715,T3380,G2
W0028F0001T0006Z000C1N87.png,2,16.616844193982264,15.871987243200527,10.045260230592042,10.455999491114715,T3380,G2
W0028F0001T0006Z000C1N87.png,3,21.701764645885593,22.965713481339872,10.045260230592042,10.455999491114715,T3380,G2
W0028F0001T0006Z000C1N87.png,4,38.289017058346154,39.6348211693848,10.045260230592042,10.455999491114715,T3380,G2
W0028F0001T0006Z000C1N87.png,5,46.740621143802805,48.111753240441864,10.045260230592042,10.455999491114715,T3380,G2
W0028F0001T0006Z000C1N87.png,6,40.454425720556,41.916044837319824,10.045260230592042,10.455999491114715,T3380,G2
W0028F0001T0006Z000C1N87.png,7,38.41067491018433,38.553262933735795,10.045260230592042,10.455999491114715,T3380,G2
W0028F0001T0006Z000C1N87.png,8,38.665150801530785,39.17911069125165,10.045260230592042,10.455999491114715,T3380,G2
W0028F0001T0006Z000C1N87.png,9,36.72492046850146,36.771731927387634,10.045260230592042,10.455999491114715,T3380,G2
W0028F0001T0006Z000C1N87.png,10,40.54094158263087,41.765543168490254,10.045260230592042,10.455999491114715,T3380,G2
W0028F0001T0006Z000C1N87.png,11,48.77175778423783,50.09737273180005,10.045260230592042,10.455999491114715,T3380,G2
W0028F0001T0006Z000C1N87.png,12,16.709473534052528,16.91343832145903,10.045260230592042,10.455999491114715,T3380,G2
W0028F0001T0006Z000C1N87.png,13,32.52455075155224,32.770411205368355,10.045260230592042,10.455999491114715,T3380,G2
W0028F0001T0006Z000C1N88.png,1,79.75791577294981,79.61039185709714,22.889825866789867,24.94553027587167,T3380,G2
W0028F0001T0006Z000C1N88.png,2,11.772345467999696,16.21434252946791,22.889825866789867,24.94553027587167,T3380,G2
W0028F0001T0006Z000C1N88.png,3,64.7402246247798,64.76622830522224,22.889825866789867,24.94553027587167,T3380,G2
W0028F0001T0006Z000C1N88.png,4,57.55963128195106,58.057886680016324,22.889825866789867,24.94553027587167,T3380,G2
W0028F0001T0006Z000C1N88.png,5,35.51124418882975,40.47144146644371,22.889825866789867,24.94553027587167,T3380,G2
W0028F0001T0006Z000C1N88.png,6,45.89193685410497,46.64178660444043,22.889825866789867,24.94553027587167,T3380,G2
W0028F0001T0006Z000C1N88.png,7,16.57006888370318,17.2892316261609,22.889825866789867,24.94553027587167,T3380,G2
W0028F0001T0006Z000C1N88.png,8,18.254125943129306,13.910058038585433,22.889825866789867,24.94553027587167,T3380,G2
W0028F0001T0006Z000C1N88.png,9,40.99265006168455,7.864672728220832,22.889825866789867,24.94553027587167,T3380,G2
W0028F0001T0006Z000C1N88.png,10,72.45105694526067,69.94916664985108,22.889825866789867,24.94553027587167,T3380,G2
W0028F0001T0006Z000C1N90.png,1,54.0067589882074,52.76546684711635,14.347777926516654,14.29999333116208,T3380,G2
W0028F0001T0006Z000C1N90.png,2,53.26628447884718,51.653952717040674,14.347777926516654,14.29999333116208,T3380,G2
W0028F0001T0006Z000C1N90.png,3,42.088623527629025,41.018929681055674,14.347777926516654,14.29999333116208,T3380,G2
W0028F0001T0006Z000C1N90.png,4,32.515520301677554,31.115106727480427,14.347777926516654,14.29999333116208,T3380,G2
W0028F0001T0006Z000C1N90.png,5,21.74622183991916,20.39739769399645,14.347777926516654,14.29999333116208,T3380,G2
W0028F0001T0006Z000C1N90.png,6,17.636164081011728,17.677405919424697,14.347777926516654,14.29999333116208,T3380,G2
W0028F0001T0006Z000C1N90.png,7,33.31876165631473,31.964606486580035,14.347777926516654,14.29999333116208,T3380,G2
W0028F0001T0006Z000C1N90.png,8,37.3433244130301,37.204789483989906,14.347777926516654,14.29999333116208,T3380,G2
W0028F0001T0006Z000C1N90.png,9,5.314131520495359,5.0872499266117215,14.347777926516654,14.29999333116208,T3380,G2
W0028F0001T0006Z000C1N90.png,10,21.652508266892024,21.04648713553112,14.347777926516654,14.29999333116208,T3380,G2
W0028F0001T0006Z000C1N90.png,11,14.30573673850542,14.06516191374738,14.347777926516654,14.29999333116208,T3380,G2
W0028F0001T0006Z000C1N90.png,12,28.85582195487453,28.549812178896243,14.347777926516654,14.29999333116208,T3380,G2
W0028F0001T0006Z000C1N90.png,13,17.68486758977207,17.558877756765334,14.347777926516654,14.29999333116208,T3380,G2
W0028F0001T0006Z000C1N90.png,14,43.648801795663545,43.21100215032457,14.347777926516654,14.29999333116208,T3380,G2
W0028F0001T0006Z000C1N90.png,15,43.90887015443661,43.36621770933124,14.347777926516654,14.29999333116208,T3380,G2
W0028F0001T0006Z000C1N90.png,16,54.18047573079656,55.670180516334085,14.347777926516654,14.29999333116208,T3380,G2
W0028F0001T0006Z000C1N90.png,17,29.628280803379237,29.045066408457796,14.347777926516654,14.29999333116208,T3380,G2
W0028F0001T0006Z000C1N95.png,1,21.448331945641012,14.972133891938364,7.87430217083973,7.824131536925621,T3380,G2
W0028F0001T0006Z000C1N95.png,2,24.059034537556823,24.299244115713936,7.87430217083973,7.824131536925621,T3380,G2
W0028F0001T0006Z000C1N95.png,3,22.635550799934332,22.810336184716906,7.87430217083973,7.824131536925621,T3380,G2
W0028F0001T0006Z000C1N95.png,4,4.655093848257528,4.583795212582706,7.87430217083973,7.824131536925621,T3380,G2
W0028F0001T0006Z000C1N96.png,1,66.86457281772495,67.0561160658797,15.279192941702961,15.366837639439447,T3380,G2
W0028F0001T0006Z000C1N96.png,2,26.36730355023131,26.433617080094443,15.279192941702961,15.366837639439447,T3380,G2
W0028F0001T0006Z000C1N96.png,3,28.83851609642201,28.779650831002105,15.279192941702961,15.366837639439447,T3380,G2
W0028F0001T0006Z000C1N96.png,4,35.15009182121057,35.0348151622253,15.279192941702961,15.366837639439447,T3380,G2
W0028F0001T0006Z000C1N96.png,5,28.824149620468592,28.653505206931904,15.279192941702961,15.366837639439447,T3380,G2
W0028F0001T0006Z000C1N96.png,6,19.575417052969673,19.49737215077041,15.279192941702961,15.366837639439447,T3380,G2
W0028F0002T0006Z000C1N18.png,1,25.330723933974397,29.818470380539384,16.26999577073478,16.138347129751654,T3380,G2
W0028F0002T0006Z000C1N18.png,2,36.97963432988443,35.538525251225856,16.26999577073478,16.138347129751654,T3380,G2
W0028F0002T0006Z000C1N18.png,3,46.32247066439784,45.98720874683709,16.26999577073478,16.138347129751654,T3380,G2
W0028F0002T0006Z000C1N18.png,4,40.94301306911761,41.7628715821577,16.26999577073478,16.138347129751654,T3380,G2
W0028F0002T0006Z000C1N18.png,5,44.35296038850491,44.227978728185064,16.26999577073478,16.138347129751654,T3380,G2
W0028F0002T0006Z000C1N18.png,6,37.73507165081644,37.20644866039159,16.26999577073478,16.138347129751654,T3380,G2
W0028F0002T0006Z000C1N18.png,7,42.43173021521742,41.77718695952503,16.26999577073478,16.138347129751654,T3380,G2
W0028F0002T0006Z000C1N18.png,8,38.30918033810578,37.316678656717585,16.26999577073478,16.138347129751654,T3380,G2
W0028F0002T0006Z000C1N18.png,9,27.98991550529966,27.206230899459836,16.26999577073478,16.138347129751654,T3380,G2
W0028F0002T0006Z000C1N18.png,10,27.29927170330048,27.688590775517593,16.26999577073478,16.138347129751654,T3380,G2
W0028F0002T0006Z000C1N18.png,11,22.380772518715396,21.862847136355317,16.26999577073478,16.138347129751654,T3380,G2
W0028F0002T0006Z000C1N18.png,12,27.09730935060578,26.11982752824288,16.26999577073478,16.138347129751654,T3380,G2
W0028F0002T0006Z000C1N18.png,13,40.833902252209,41.596297486082065,16.26999577073478,16.138347129751654,T3380,G2
W0028F0002T0006Z000C1N18.png,14,13.165707636371973,12.971591692883248,16.26999577073478,16.138347129751654,T3380,G2
W0028F0002T0006Z000C1N18.png,15,11.874459952506585,12.599325038804167,16.26999577073478,16.138347129751654,T3380,G2
W0028F0002T0006Z000C1N18.png,16,5.51202661241865,5.448661640541618,16.26999577073478,16.138347129751654,T3380,G2
W0028F0002T0006Z000C1N18.png,17,43.7368418048097,44.67312928390439,16.26999577073478,16.138347129751654,T3380,G2
W0028F0002T0006Z000C1N18.png,18,34.22680153980698,35.206818123609146,16.26999577073478,16.138347129751654,T3380,G2
W0028F0002T0006Z000C1N18.png,19,16.02835692084296,16.000832679423407,16.26999577073478,16.138347129751654,T3380,G2
W0028F0002T0006Z000C1N18.png,20,34.87826936898558,35.898825037567946,16.26999577073478,16.138347129751654,T3380,G2
W0028F0002T0006Z000C1N18.png,21,24.536861528826332,25.46748579084181,16.26999577073478,16.138347129751654,T3380,G2
W0028F0002T0006Z000C1N18.png,22,36.65066475910191,35.9971199473282,16.26999577073478,16.138347129751654,T3380,G2
W0028F0002T0006Z000C1N18.png,23,28.011591857495386,27.680041191513034,16.26999577073478,16.138347129751654,T3380,G2
W0028F0002T0006Z000C1N18.png,24,55.6788538017486,54.985525853598354,16.26999577073478,16.138347129751654,T3380,G2
W0028F0002T0006Z000C1N18.png,25,40.63391354739307,41.59523615421351,16.26999577073478,16.138347129751654,T3380,G2
W0028F0002T0006Z000C1N18.png,26,34.615487265183226,35.43080379657288,16.26999577073478,16.138347129751654,T3380,G2
W0028F0002T0006Z000C1N18.png,27,53.07160942955295,53.879227032207716,16.26999577073478,16.138347129751654,T3380,G2
W0028F0002T0006Z000C1N18.png,28,51.71958719552147,51.67234020638322,16.26999577073478,16.138347129751654,T3380,G2
W0028F0002T0006Z000C1N18.png,29,92.96589814944193,92.37382593316502,16.26999577073478,16.138347129751654,T3380,G2
W0028F0002T0006Z000C1N21.png,1,11.1000584428727,10.734097677527744,35.355619037576986,35.250662321730026,T3380,G2
W0028F0002T0006Z000C1N21.png,2,3.2188471860980736,3.588151159827801,35.355619037576986,35.250662321730026,T3380,G2
W0028F0002T0006Z000C1N21.png,3,86.60993120381772,86.31223602555949,35.355619037576986,35.250662321730026,T3380,G2
W0028F0002T0006Z000C1N21.png,4,37.5530429024823,37.668402537747724,35.355619037576986,35.250662321730026,T3380,G2
W0028F0002T0006Z000C1N21.png,5,94.66833989281065,94.43831044434334,35.355619037576986,35.250662321730026,T3380,G2
W0028F0002T0006Z000C1N21.png,6,86.35008870865634,86.14502268000675,35.355619037576986,35.250662321730026,T3380,G2
W0028F0002T0006Z000C1N21.png,7,45.900751944181145,46.14102222532966,35.355619037576986,35.250662321730026,T3380,G2
W0028F0002T0006Z000C1N21.png,8,91.98857346784797,91.84910589325432,35.355619037576986,35.250662321730026,T3380,G2
W0028F0002T0006Z000C1N21.png,9,96.41161192691422,96.42363324188771,35.355619037576986,35.250662321730026,T3380,G2
W0028F0002T0006Z000C1N29.png,1,66.8524866000581,66.67394928152139,16.179717270592633,16.158891761630898,T3380,G2
W0028F0002T0006Z000C1N29.png,2,58.12461772480655,57.93430590859898,16.179717270592633,16.158891761630898,T3380,G2
W0028F0002T0006Z000C1N29.png,3,41.076723878491094,40.80481104538106,16.179717270592633,16.158891761630898,T3380,G2
W0028F0002T0006Z000C1N29.png,4,43.102290115117356,42.82117776815574,16.179717270592633,16.158891761630898,T3380,G2
W0028F0002T0006Z000C1N29.png,5,42.26817160128176,42.045931563109946,16.179717270592633,16.158891761630898,T3380,G2
W0028F0002T0006Z000C1N29.png,6,45.821984376762735,45.63091159974002,16.179717270592633,16.158891761630898,T3380,G2
W0028F0002T0006Z000C1N29.png,7,64.16745466009343,64.04115502615399,16.179717270592633,16.158891761630898,T3380,G2
W0028F0002T0006Z000C1N29.png,8,65.51315474464162,65.44382154896775,16.179717270592633,16.158891761630898,T3380,G2
W0028F0002T0006Z000C1N29.png,9,33.48551206901086,33.22155549266827,16.179717270592633,16.158891761630898,T3380,G2
W0028F0002T0006Z000C1N29.png,10,35.301349987263826,35.138869980967115,16.179717270592633,16.158891761630898,T3380,G2
W0028F0002T0006Z000C1N29.png,11,25.827827990827878,25.54187149383726,16.179717270592633,16.158891761630898,T3380,G2
W0028F0002T0006Z000C1N29.png,12,39.04136013288597,38.98190680351513,16.179717270592633,16.158891761630898,T3380,G2
W0028F0002T0006Z000C1N29.png,13,20.540183381330515,20.281626004634898,16.179717270592633,16.158891761630898,T3380,G2
W0028F0002T0006Z000C1N29.png,14,12.73702205324295,12.456301123940685,16.179717270592633,16.158891761630898,T3380,G2
W0028F0002T0006Z000C1N29.png,15,21.80083021330637,21.61901127728926,16.179717270592633,16.158891761630898,T3380,G2
W0028F0002T0006Z000C1N29.png,16,54.25585761312245,54.28538349377506,16.179717270592633,16.158891761630898,T3380,G2
W0028F0002T0006Z000C1N29.png,17,9.682911116461549,9.673278874673578,16.179717270592633,16.158891761630898,T3380,G2
W0028F0002T0006Z000C1N29.png,18,23.59193023624256,23.605478909878823,16.179717270592633,16.158891761630898,T3380,G2
W0028F0002T0006Z000C1N29.png,19,42.22461176897875,42.21694132162696,16.179717270592633,16.158891761630898,T3380,G2
W0028F0002T0006Z000C1N29.png,20,36.4889369658473,36.62771628929736,16.179717270592633,16.158891761630898,T3380,G2
W0028F0002T0006Z000C1N29.png,21,15.130916779022675,15.387283707246448,16.179717270592633,16.158891761630898,T3380,G2
W0028F0002T0006Z000C1N29.png,22,50.87919650623972,50.90464162041685,16.179717270592633,16.158891761630898,T3380,G2
W0028F0002T0006Z000C1N29.png,23,18.37325072523994,18.660939767568028,16.179717270592633,16.158891761630898,T3380,G2
W0028F0002T0006Z000C1N29.png,24,25.48705621836229,25.757220376505238,16.179717270592633,16.158891761630898,T3380,G2
W0028F0002T0006Z000C1N29.png,25,33.6444274970634,33.86995838254598,16.179717270592633,16.158891761630898,T3380,G2
W0028F0002T0006Z000C1N29.png,26,36.20446591828077,36.47582665846716,16.179717270592633,16.158891761630898,T3380,G2
W0028F0002T0006Z000C1N29.png,27,48.02321638905285,48.19423728289025,16.179717270592633,16.158891761630898,T3380,G2
W0028F0002T0006Z000C1N29.png,28,60.53193333107787,60.66896865496986,16.179717270592633,16.158891761630898,T3380,G2
W0028F0002T0006Z000C1N33.png,1,42.05803656458101,43.375537221456334,7.546471801343164,7.786950709313243,T3380,G2
W0028F0002T0006Z000C1N33.png,2,35.673487693601565,36.56930392837846,7.546471801343164,7.786950709313243,T3380,G2
W0028F0002T0006Z000C1N33.png,3,39.74101511410845,41.1486761942672,7.546471801343164,7.786950709313243,T3380,G2
W0028F0002T0006Z000C1N33.png,4,29.55487452710358,30.1262460550638,7.546471801343164,7.786950709313243,T3380,G2
W0028F0002T0006Z000C1N33.png,5,28.789443809850678,30.18750954089599,7.546471801343164,7.786950709313243,T3380,G2
W0028F0002T0006Z000C1N33.png,6,21.23727500797142,22.158737501768123,7.546471801343164,7.786950709313243,T3380,G2
W0028F0002T0006Z000C1N33.png,7,33.87193043258344,35.18990853976626,7.546471801343164,7.786950709313243,T3380,G2
W0028F0002T0006Z000C1N33.png,8,29.386100688328334,29.223195216524775,7.546471801343164,7.786950709313243,T3380,G2
W0028F0002T0006Z000C1N33.png,9,31.215188692498558,30.28256994710888,7.546471801343164,7.786950709313243,T3380,G2
W0028F0002T0006Z000C1N33.png,10,15.618343411854816,16.156392834156392,7.546471801343164,7.786950709313243,T3380,G2
W0028F0002T0006Z000C1N34.png,1,5.604730318340776,5.9207164139829,17.959486110207816,18.05236077897901,T3380,G2
W0028F0002T0006Z000C1N34.png,2,15.696263667156002,16.03508517793369,17.959486110207816,18.05236077897901,T3380,G2
W0028F0002T0006Z000C1N34.png,3,16.359990457354364,16.82411244800892,17.959486110207816,18.05236077897901,T3380,G2
W0028F0002T0006Z000C1N34.png,4,13.563068224416238,12.780079158065657,17.959486110207816,18.05236077897901,T3380,G2
W0028F0002T0006Z000C1N34.png,5,30.087865402056806,30.227885027253823,17.959486110207816,18.05236077897901,T3380,G2
W0028F0002T0006Z000C1N34.png,6,9.164540672888652,9.40061795462213,17.959486110207816,18.05236077897901,T3380,G2
W0028F0002T0006Z000C1N34.png,7,38.88997058526369,39.18085714128108,17.959486110207816,18.05236077897901,T3380,G2
W0028F0002T0006Z000C1N34.png,8,41.31035185229305,41.70322683152565,17.959486110207816,18.05236077897901,T3380,G2
W0028F0002T0006Z000C1N34.png,9,63.84806819253375,64.1886962254742,17.959486110207816,18.05236077897901,T3380,G2
W0028F0002T0006Z000C1N42.png,1,57.656409181124204,56.752688741142215,14.003590630355507,13.980452279941625,T3380,G2
W0028F0002T0006Z000C1N42.png,2,55.64645370433167,54.87730174160212,14.003590630355507,13.980452279941625,T3380,G2
W0028F0002T0006Z000C1N42.png,3,45.75681596415484,45.000853387675235,14.003590630355507,13.980452279941625,T3380,G2
W0028F0002T0006Z000C1N42.png,4,40.36016920667364,39.493572690501,14.003590630355507,13.980452279941625,T3380,G2
W0028F0002T0006Z000C1N42.png,5,22.31050569001879,21.646916154178836,14.003590630355507,13.980452279941625,T3380,G2
W0028F0002T0006Z000C1N42.png,6,38.69391873955166,38.35118027774765,14.003590630355507,13.980452279941625,T3380,G2
W0028F0002T0006Z000C1N42.png,7,18.502693779540234,17.633435743526285,14.003590630355507,13.980452279941625,T3380,G2
W0028F0002T0006Z000C1N42.png,8,14.99709687484385,14.817986537909778,14.003590630355507,13.980452279941625,T3380,G2
W0028F0002T0006Z000C1N42.png,9,13.547765265177254,14.07953346379938,14.003590630355507,13.980452279941625,T3380,G2
W0028F0002T0006Z000C1N42.png,10,20.826984785372666,20.857626831213892,14.003590630355507,13.980452279941625,T3380,G2
W0028F0002T0006Z000C1N42.png,11,34.63902098156027,35.082879530410736,14.003590630355507,13.980452279941625,T3380,G2
W0028F0002T0006Z000C1N42.png,12,15.700955231960087,16.454261046037256,14.003590630355507,13.980452279941625,T3380,G2
W0028F0002T0006Z000C1N42.png,13,28.947482296694048,29.73663811886546,14.003590630355507,13.980452279941625,T3380,G2
W0028F0002T0006Z000C1N42.png,14,33.35764782939617,34.24404694739468,14.003590630355507,13.980452279941625,T3380,G2
W0028F0002T0006Z000C1N42.png,15,39.66861244708601,40.345056322808674,14.003590630355507,13.980452279941625,T3380,G2
W0028F0002T0006Z000C1N42.png,16,41.87860221581657,42.74565550209128,14.003590630355507,13.980452279941625,T3380,G2
W0028F0002T0006Z000C1N42.png,17,45.216242557489196,46.11937383575282,14.003590630355507,13.980452279941625,T3380,G2
W0028F0002T0006Z000C1N42.png,18,47.25730979881589,48.094506507271355,14.003590630355507,13.980452279941625,T3380,G2
W0028F0002T0006Z000C1N42.png,19,54.98788634108916,55.876586239443355,14.003590630355507,13.980452279941625,T3380,G2
W0028F0002T0006Z000C1N44.png,1,23.093086478621593,22.783113970780736,4.635881647379383,5.4649291231717925,T3380,G2
W0028F0002T0006Z000C1N44.png,2,13.821323183862827,11.853255724437151,4.635881647379383,5.4649291231717925,T3380,G2
W0028F0002T0006Z000C1N45.png,1,19.886426309036718,19.749989017714565,10.712844463718188,10.644814916386554,T3380,G2
W0028F0002T0006Z000C1N45.png,2,9.979265351928143,10.132905487794464,10.712844463718188,10.644814916386554,T3380,G2
W0028F0002T0006Z000C1N45.png,3,18.418129757259276,18.589252864818683,10.712844463718188,10.644814916386554,T3380,G2
W0028F0002T0006Z000C1N45.png,4,17.899620687722923,18.01044858064896,10.712844463718188,10.644814916386554,T3380,G2
W0028F0002T0006Z000C1N45.png,5,36.65219435879942,36.68355695813281,10.712844463718188,10.644814916386554,T3380,G2
W0028F0002T0006Z000C1N45.png,6,34.17960910585616,34.33383157509562,10.712844463718188,10.644814916386554,T3380,G2
W0028F0002T0006Z000C1N45.png,7,42.92327724281693,42.80093919368635,10.712844463718188,10.644814916386554,T3380,G2
W0028F0002T0006Z000C1N45.png,8,39.774658607715644,39.559222785619774,10.712844463718188,10.644814916386554,T3380,G2
W0028F0002T0006Z000C1N45.png,9,45.978054781637894,45.91771545775909,10.712844463718188,10.644814916386554,T3380,G2
W0028F0002T0006Z000C1N45.png,10,31.09262447108413,30.979856314130714,10.712844463718188,10.644814916386554,T3380,G2
W0028F0002T0006Z000C1N45.png,11,33.787437120659476,33.661769970131175,10.712844463718188,10.644814916386554,T3380,G2
W0028F0002T0006Z000C1N45.png,12,10.81759038355171,10.919170486102969,10.712844463718188,10.644814916386554,T3380,G2
W0028F0002T0006Z000C1N45.png,13,16.00717819803917,16.222171734415113,10.712844463718188,10.644814916386554,T3380,G2
W0028F0002T0006Z000C1N45.png,14,7.341450185065846,7.376909409778921,10.712844463718188,10.644814916386554,T3380,G2
W0028F0002T0006Z000C1N45.png,15,19.405136829733138,19.447137170208926,10.712844463718188,10.644814916386554,T3380,G2
W0028F0002T0006Z000C1N45.png,16,20.284789413655844,20.549483493823427,10.712844463718188,10.644814916386554,T3380,G2
W0028F0002T0006Z000C1N45.png,17,21.459022455819362,21.570453458662215,10.712844463718188,10.644814916386554,T3380,G2
W0028F0002T0006Z000C1N45.png,18,27.436446867251373,27.561903612679203,10.712844463718188,10.644814916386554,T3380,G2
W0028F0002T0006Z000C1N45.png,19,23.15855556939427,23.370320583022767,10.712844463718188,10.644814916386554,T3380,G2
W0028F0002T0006Z000C1N45.png,20,31.710296766399644,31.653586196191167,10.712844463718188,10.644814916386554,T3380,G2
W0028F0002T0006Z000C1N45.png,21,23.920110735885682,23.83211589044978,10.712844463718188,10.644814916386554,T3380,G2
W0028F0002T0006Z000C1N45.png,22,30.550315876408284,30.410290805588303,10.712844463718188,10.644814916386554,T3380,G2
W0028F0002T0006Z000C1N45.png,23,15.580446336991281,15.407307204471577,10.712844463718188,10.644814916386554,T3380,G2
W0028F0002T0006Z000C1N45.png,24,41.623504152931204,41.516536449471694,10.712844463718188,10.644814916386554,T3380,G2
W0028F0002T0006Z000C1N48.png,1,86.03251483435474,85.87593482595996,22.200814186748246,23.615005167142318,T3380,G2
W0028F0002T0006Z000C1N48.png,2,77.77104225740467,77.52407106520081,22.200814186748246,23.615005167142318,T3380,G2
W0028F0002T0006Z000C1N48.png,3,47.05177518863381,47.1485213310803,22.200814186748246,23.615005167142318,T3380,G2
W0028F0002T0006Z000C1N48.png,4,16.518100969587348,16.74005679337856,22.200814186748246,23.615005167142318,T3380,G2
W0028F0002T0006Z000C1N48.png,5,20.048720409672587,19.75059196502985,22.200814186748246,23.615005167142318,T3380,G2
W0028F0002T0006Z000C1N48.png,6,13.812848732606167,14.109722831883332,22.200814186748246,23.615005167142318,T3380,G2
W0028F0002T0006Z000C1N48.png,7,5.955018900820894,5.726395586708318,22.200814186748246,23.615005167142318,T3380,G2
W0028F0002T0006Z000C1N48.png,8,53.65516602309254,53.345825266013506,22.200814186748246,23.615005167142318,T3380,G2
W0028F0002T0006Z000C1N48.png,9,32.02350157636023,68.9771376034111,22.200814186748246,23.615005167142318,T3380,G2
W0028F0002T0006Z000C1N48.png,10,56.17477822306153,55.91004462405965,22.200814186748246,23.615005167142318,T3380,G2
W0028F0002T0006Z000C1N48.png,11,18.59670138705622,78.11194734909682,22.200814186748246,23.615005167142318,T3380,G2
W0028F0002T0006Z000C1N48.png,12,43.812346895794235,43.82208800163859,22.200814186748246,23.615005167142318,T3380,G2
W0028F0002T0006Z000C1N48.png,13,52.83834597415008,52.71717035194956,22.200814186748246,23.615005167142318,T3380,G2
W0028F0002T0006Z000C1N48.png,14,40.93712283138206,54.898721943576746,22.200814186748246,23.615005167142318,T3380,G2
W0028F0002T0006Z000C1N48.png,15,54.57116222907046,54.559713850178724,22.200814186748246,23.615005167142318,T3380,G2
W0028F0002T0006Z000C1N48.png,16,72.82690897346355,72.6862619968564,22.200814186748246,23.615005167142318,T3380,G2
W0028F0002T0006Z000C1N48.png,17,67.96283766037328,67.85790183877216,22.200814186748246,23.615005167142318,T3380,G2
W0028F0002T0006Z000C1N48.png,18,44.24159806490722,69.60751202080338,22.200814186748246,23.615005167142318,T3380,G2
W0028F0002T0006Z000C1N48.png,19,32.77989683972134,82.22193827927788,22.200814186748246,23.615005167142318,T3380,G2
W0028F0002T0006Z000C1N50.png,1,23.013864648051673,22.953702130994664,7.2501765734602,7.278922793603577,T3380,G2
W0028F0002T0006Z000C1N50.png,2,34.638464402820134,34.57487020733292,7.2501765734602,7.278922793603577,T3380,G2
W0028F0002T0006Z000C1N50.png,3,35.14065203992399,35.074380461374915,7.2501765734602,7.278922793603577,T3380,G2
W0028F0002T0006Z000C1N50.png,4,26.329719408340555,26.387049037355848,7.2501765734602,7.278922793603577,T3380,G2
W0028F0002T0006Z000C1N50.png,5,34.51212793265171,34.66776178215308,7.2501765734602,7.278922793603577,T3380,G2
W0028F0002T0006Z000C1N50.png,6,21.442418443473326,21.43171674435071,7.2501765734602,7.278922793603577,T3380,G2
W0028F0002T0006Z000C1N50.png,7,18.646248015057957,18.79281695767232,7.2501765734602,7.278922793603577,T3380,G2
W0028F0002T0006Z000C1N50.png,8,25.98895161311222,26.21296694497268,7.2501765734602,7.278922793603577,T3380,G2
W0028F0002T0006Z000C1N50.png,9,39.094214171254634,39.35200063189238,7.2501765734602,7.278922793603577,T3380,G2
W0028F0002T0006Z000C1N50.png,10,14.043301773156232,13.968441301116634,7.2501765734602,7.278922793603577,T3380,G2
W0028F0002T0006Z000C1N50.png,11,26.03555127356472,26.28044295501426,7.2501765734602,7.278922793603577,T3380,G2
W0028F0002T0006Z000C1N50.png,12,17.450105560903392,17.53697978023327,7.2501765734602,7.278922793603577,T3380,G2
W0028F0002T0006Z000C1N50.png,13,26.597799506507698,26.76980205789282,7.2501765734602,7.278922793603577,T3380,G2
W0028F0002T0006Z000C1N50.png,14,32.553592832572164,32.68055930233189,7.2501765734602,7.278922793603577,T3380,G2
W0028F0002T0006Z000C1N51.png,1,26.00543807600378,25.996193877450743,4.514109766967335,4.531665494348556,T3380,G2
W0028F0002T0006Z000C1N51.png,2,24.47998946075642,24.623926050503677,4.514109766967335,4.531665494348556,T3380,G2
W0028F0002T0006Z000C1N51.png,3,26.827218848713567,27.023842277751275,4.514109766967335,4.531665494348556,T3380,G2
W0028F0002T0006Z000C1N51.png,4,17.219030045919396,17.485960618597186,4.514109766967335,4.531665494348556,T3380,G2
W0028F0002T0006Z000C1N51.png,5,31.51326144145128,31.779641636942156,4.514109766967335,4.531665494348556,T3380,G2
W0028F0002T0006Z000C1N51.png,6,21.714603961455293,21.711131289243394,4.514109766967335,4.531665494348556,T3380,G2
W0028F0002T0006Z000C1N51.png,7,30.037672145172646,30.23497146341478,4.514109766967335,4.531665494348556,T3380,G2
W0028F0002T0006Z000C1N52.png,1,54.872294150636456,55.952833013399456,15.809292619661086,16.46395022638931,T3380,G2
W0028F0002T0006Z000C1N52.png,2,50.98014261788367,52.17811855085553,15.809292619661086,16.46395022638931,T3380,G2
W0028F0002T0006Z000C1N52.png,3,46.328913900089844,44.91345042832597,15.809292619661086,16.46395022638931,T3380,G2
W0028F0002T0006Z000C1N52.png,4,30.280806683827407,31.54268102119626,15.809292619661086,16.46395022638931,T3380,G2
W0028F0002T0006Z000C1N52.png,5,13.756783072910595,12.341305747400927,15.809292619661086,16.46395022638931,T3380,G2
W0028F0002T0006Z000C1N52.png,6,9.550041488958495,10.966447751448932,15.809292619661086,16.46395022638931,T3380,G2
W0028F0002T0006Z000C1N52.png,7,4.534235044452684,4.239568548896569,15.809292619661086,16.46395022638931,T3380,G2
W0028F0002T0006Z000C1N52.png,8,22.705118665824322,23.999153104476818,15.809292619661086,16.46395022638931,T3380,G2
W0028F0002T0006Z000C1N52.png,9,49.908406903183646,51.314631966067815,15.809292619661086,16.46395022638931,T3380,G2
W0028F0002T0006Z000C1N52.png,10,25.077631568762534,26.181773679224985,15.809292619661086,16.46395022638931,T3380,G2
W0028F0002T0006Z000C1N52.png,11,23.06259859451782,23.43730893019305,15.809292619661086,16.46395022638931,T3380,G2
W0028F0002T0006Z000C1N52.png,12,28.749098579004514,29.082021124019082,15.809292619661086,16.46395022638931,T3380,G2
W0028F0002T0006Z000C1N52.png,13,21.835347490248637,22.137423192465334,15.809292619661086,16.46395022638931,T3380,G2
W0028F0002T0006Z000C1N52.png,14,11.285801799048992,10.220644671615844,15.809292619661086,16.46395022638931,T3380,G2
W0028F0002T0006Z000C1N52.png,15,14.00905847838259,11.643304274442693,15.809292619661086,16.46395022638931,T3380,G2
W0028F0002T0006Z000C1N52.png,16,10.144722374223257,7.313774945687856,15.809292619661086,16.46395022638931,T3380,G2
W0028F0002T0006Z000C1N56.png,1,33.95611191694842,34.46148796030372,10.908663755291565,10.1218359983271,T3380,G2
W0028F0002T0006Z000C1N56.png,2,30.486178963703725,31.144997325874964,10.908663755291565,10.1218359983271,T3380,G2
W0028F0002T0006Z000C1N56.png,3,26.292057529952142,26.836965616881077,10.908663755291565,10.1218359983271,T3380,G2
W0028F0002T0006Z000C1N56.png,4,30.464000688558453,30.854613018467028,10.908663755291565,10.1218359983271,T3380,G2
W0028F0002T0006Z000C1N56.png,5,35.0305699339136,35.33856616435994,10.908663755291565,10.1218359983271,T3380,G2
W0028F0002T0006Z000C1N56.png,6,13.288986924046783,13.924431862734336,10.908663755291565,10.1218359983271,T3380,G2
W0028F0002T0006Z000C1N56.png,7,22.175770882536128,22.55494085121553,10.908663755291565,10.1218359983271,T3380,G2
W0028F0002T0006Z000C1N56.png,8,14.508985073986842,15.03069374082937,10.908663755291565,10.1218359983271,T3380,G2
W0028F0002T0006Z000C1N56.png,9,12.315606619301933,12.567967282587396,10.908663755291565,10.1218359983271,T3380,G2
W0028F0002T0006Z000C1N56.png,10,4.244218646558552,4.81258493192498,10.908663755291565,10.1218359983271,T3380,G2
W0028F0002T0006Z000C1N56.png,11,38.91142901902747,38.84772729569565,10.908663755291565,10.1218359983271,T3380,G2
W0028F0002T0006Z000C1N56.png,12,20.7290513885821,20.378781718265127,10.908663755291565,10.1218359983271,T3380,G2
W0028F0002T0006Z000C1N56.png,13,23.99592901377544,23.77657624715395,10.908663755291565,10.1218359983271,T3380,G2
W0028F0002T0006Z000C1N56.png,14,22.59457172553297,21.941201254334505,10.908663755291565,10.1218359983271,T3380,G2
W0028F0002T0006Z000C1N56.png,15,7.147467636084079,6.124071881254677,10.908663755291565,10.1218359983271,T3380,G2
W0028F0002T0006Z000C1N56.png,16,8.03701891986989,10.265969711090682,10.908663755291565,10.1218359983271,T3380,G2
W0028F0002T0006Z000C1N56.png,17,3.556941663122117,14.826184491372521,10.908663755291565,10.1218359983271,T3380,G2
W0028F0002T0006Z000C1N8.png,1,30.369853552250955,30.2497341316334,9.671229467962007,8.38256833478883,T3380,G2
W0028F0002T0006Z000C1N8.png,2,12.917813530495136,13.091324377591137,9.671229467962007,8.38256833478883,T3380,G2
W0028F0002T0006Z000C1N8.png,3,17.871129498569772,17.73568827012281,9.671229467962007,8.38256833478883,T3380,G2
W0028F0002T0006Z000C1N8.png,4,7.337584233497342,7.078825303827385,9.671229467962007,8.38256833478883,T3380,G2
W0028F0002T0006Z000C1N8.png,5,8.168821547241826,7.996058781581,9.671229467962007,8.38256833478883,T3380,G2
W0028F0002T0006Z000C1N8.png,6,14.198044576326312,14.153543674310756,9.671229467962007,8.38256833478883,T3380,G2
W0028F0002T0006Z000C1N8.png,7,38.583605333410816,38.58190656374734,9.671229467962007,8.38256833478883,T3380,G2
W0028F0002T0006Z000C1N8.png,8,18.231607714064758,17.94244036987147,9.671229467962007,8.38256833478883,T3380,G2
W0028F0002T0006Z000C1N8.png,9,23.970635921573475,23.838678335908874,9.671229467962007,8.38256833478883,T3380,G2
W0028F0002T0006Z000C1N8.png,10,10.769695737621126,10.348290126518393,9.671229467962007,8.38256833478883,T3380,G2
W0028F0002T0006Z000C1N8.png,11,12.360631514516726,11.433307905027728,9.671229467962007,8.38256833478883,T3380,G2
W0028F0002T0006Z000C1N8.png,12,1.881193600821601,2.0173748271174863,9.671229467962007,8.38256833478883,T3380,G2
W0028F0002T0006Z000C1N8.png,13,8.420529744442023,7.585862889882976,9.671229467962007,8.38256833478883,T3380,G2
W0028F0002T0006Z000C1N8.png,14,13.04690758184516,13.388140325010736,9.671229467962007,8.38256833478883,T3380,G2
W0028F0002T0006Z000C1N8.png,15,9.438335563577672,9.963183721374401,9.671229467962007,8.38256833478883,T3380,G2
W0028F0002T0006Z000C1N8.png,16,17.380236584984367,17.893400151415374,9.671229467962007,8.38256833478883,T3380,G2
W0028F0002T0006Z000C1N8.png,17,24.541823845951903,11.44353022265833,9.671229467962007,8.38256833478883,T3380,G2
W0028F0002T0006Z000C1N8.png,18,29.314356103142106,28.672725057609053,9.671229467962007,8.38256833478883,T3380,G2
W0028F0002T0006Z000C1N8.png,19,21.76820790243071,24.86385185401667,9.671229467962007,8.38256833478883,T3380,G2
W0028F0002T0006Z000C1N8.png,20,25.782207473802977,28.432262155381142,9.671229467962007,8.38256833478883,T3380,G2
W0028F0002T0006Z000C1N8.png,21,34.65764365765932,22.866241399042437,9.671229467962007,8.38256833478883,T3380,G2
W0028F0002T0006Z000C1N8.png,22,13.794121131039041,22.049085544603415,9.671229467962007,8.38256833478883,T3380,G2
W0028F0002T0006Z000C1N8.png,23,25.202734532323266,23.01561576696098,9.671229467962007,8.38256833478883,T3380,G2
W0028F0002T0006Z000C1N8.png,24,28.55538478115818,18.453877973183694,9.671229467962007,8.38256833478883,T3380,G2
W0028F0002T0006Z000C1N8.png,25,24.15850278971824,22.264619881378596,9.671229467962007,8.38256833478883,T3380,G2
W0028F0002T0006Z000C1N8.png,26,37.14123444506921,14.8563642399493,9.671229467962007,8.38256833478883,T3380,G2
W0028F0002T0006Z000C1N8.png,27,18.63389981249825,13.282667833181156,9.671229467962007,8.38256833478883,T3380,G2
W0028F0002T0006Z000C1N8.png,28,27.56204026200028,3.5568589535740376,9.671229467962007,8.38256833478883,T3380,G2
W0028F0002T0006Z000C1N8.png,29,9.505469334568065,14.5666904325231,9.671229467962007,8.38256833478883,T3380,G2
W0028F0002T0006Z000C1N8.png,30,1.6565051168682239,5.294670962644313,9.671229467962007,8.38256833478883,T3380,G2
W0028F0002T0006Z000C1N8.png,31,3.1400636936215154,9.245452246586568,9.671229467962007,8.38256833478883,T3380,G2
W0028F0002T0006Z000C1N8.png,32,19.893739418609957,11.243391268812097,9.671229467962007,8.38256833478883,T3380,G2
W0028F0002T0006Z000C1N8.png,33,25.8168187182993,18.495751819466086,9.671229467962007,8.38256833478883,T3380,G2
W0028F0002T0006Z000C1N8.png,34,6.664606944012171,15.621521602631715,9.671229467962007,8.38256833478883,T3380,G2
W0028F0002T0006Z000C1N8.png,35,9.424202240469823,12.705440038725824,9.671229467962007,8.38256833478883,T3380,G2
W0028F0002T0006Z000C1N8.png,36,12.063162277946187,3.928520485140946,9.671229467962007,8.38256833478883,T3380,G2
W0028F0002T0006Z000C1N8.png,37,4.797985763832906,3.3959941525285187,9.671229467962007,8.38256833478883,T3380,G2
W0028F0002T0006Z000C1N8.png,38,8.905020422792264,8.628543843455336,9.671229467962007,8.38256833478883,T3380,G2
W0028F0002T0006Z000C1N8.png,39,18.428341968629788,4.961022660560168,9.671229467962007,8.38256833478883,T3380,G2
W0028F0002T0006Z000C1N8.png,40,10.793441277338239,4.500407062196764,9.671229467962007,8.38256833478883,T3380,G2
W0028F0003T0006Z000C1N19.png,1,49.4700223594542,30.728483031570043,11.677961795464233,11.569811803069099,T3380,G2
W0028F0003T0006Z000C1N19.png,2,24.518347926431556,33.484669009564335,11.677961795464233,11.569811803069099,T3380,G2
W0028F0003T0006Z000C1N19.png,3,21.405005435630848,31.03056020644433,11.677961795464233,11.569811803069099,T3380,G2
W0028F0003T0006Z000C1N19.png,4,28.2000651527774,9.417269883422692,11.677961795464233,11.569811803069099,T3380,G2
W0028F0003T0006Z000C1N19.png,5,21.569058241128996,28.20221113794317,11.677961795464233,11.569811803069099,T3380,G2
W0028F0003T0006Z000C1N19.png,6,39.31544628223963,39.83498975639956,11.677961795464233,11.569811803069099,T3380,G2
W0028F0003T0006Z000C1N19.png,7,19.658597339816403,19.599934834365005,11.677961795464233,11.569811803069099,T3380,G2
W0028F0003T0006Z000C1N19.png,8,20.935175985179008,8.014835190223085,11.677961795464233,11.569811803069099,T3380,G2
W0028F0003T0006Z000C1N19.png,9,30.68567932480501,27.547365893234165,11.677961795464233,11.569811803069099,T3380,G2
W0028F0003T0006Z000C1N19.png,10,12.270337394228553,14.320037712608732,11.677961795464233,11.569811803069099,T3380,G2
W0028F0003T0006Z000C1N19.png,11,20.404345351518568,20.92565117735378,11.677961795464233,11.569811803069099,T3380,G2
W0028F0003T0006Z000C1N19.png,12,25.09018797268324,24.80518594513398,11.677961795464233,11.569811803069099,T3380,G2
W0028F0003T0006Z000C1N19.png,13,17.04590957175292,17.112893872074206,11.677961795464233,11.569811803069099,T3380,G2
W0028F0003T0006Z000C1N19.png,14,12.404928786159404,15.83655426686655,11.677961795464233,11.569811803069099,T3380,G2
W0028F0003T0006Z000C1N19.png,15,36.50198724703687,35.50619028966013,11.677961795464233,11.569811803069099,T3380,G2
W0028F0003T0006Z000C1N19.png,16,26.987448386275137,26.160081260852856,11.677961795464233,11.569811803069099,T3380,G2
W0028F0003T0006Z000C1N19.png,17,27.72030758519645,21.4204762036833,11.677961795464233,11.569811803069099,T3380,G2
W0028F0003T0006Z000C1N19.png,18,9.935529759426409,8.583216909834027,11.677961795464233,11.569811803069099,T3380,G2
W0028F0003T0006Z000C1N19.png,19,14.013184689430021,14.140701476302779,11.677961795464233,11.569811803069099,T3380,G2
W0028F0003T0006Z000C1N19.png,20,19.587681296580076,20.04420558584448,11.677961795464233,11.569811803069099,T3380,G2
W0028F0003T0006Z000C1N19.png,21,36.34007480036263,31.07588459517464,11.677961795464233,11.569811803069099,T3380,G2
W0028F0003T0006Z000C1N19.png,22,36.14140057425499,34.626065353068036,11.677961795464233,11.569811803069099,T3380,G2
W0028F0003T0006Z000C1N19.png,23,41.24256686884974,40.123950283136054,11.677961795464233,11.569811803069099,T3380,G2
W0028F0003T0006Z000C1N19.png,24,26.883404105742688,25.509432936260403,11.677961795464233,11.569811803069099,T3380,G2
W0028F0003T0006Z000C1N19.png,25,20.873321421642224,20.199811215756238,11.677961795464233,11.569811803069099,T3380,G2
W0028F0003T0006Z000C1N19.png,26,32.4678515797695,31.99177950022931,11.677961795464233,11.569811803069099,T3380,G2
W0028F0003T0006Z000C1N19.png,27,39.99253871009114,39.62453106720446,11.677961795464233,11.569811803069099,T3380,G2
W0028F0003T0006Z000C1N19.png,28,40.53447299535376,39.09055403703258,11.677961795464233,11.569811803069099,T3380,G2
W0028F0003T0006Z000C1N19.png,29,41.115327151440965,40.522511257460934,11.677961795464233,11.569811803069099,T3380,G2
W0028F0003T0006Z000C1N19.png,30,47.568056483712866,46.04807889377096,11.677961795464233,11.569811803069099,T3380,G2
W0028F0003T0006Z000C1N19.png,31,46.23995467939711,45.76706864439828,11.677961795464233,11.569811803069099,T3380,G2
W0028F0003T0006Z000C1N19.png,32,43.004144465990706,42.12197791293981,11.677961795464233,11.569811803069099,T3380,G2
W0028F0003T0006Z000C1N19.png,33,45.657388444786875,44.339996131758326,11.677961795464233,11.569811803069099,T3380,G2
W0028F0003T0006Z000C1N19.png,34,45.4400867001038,44.33714985415052,11.677961795464233,11.569811803069099,T3380,G2
W0028F0003T0006Z000C1N19.png,35,48.89796545027638,48.17037363700512,11.677961795464233,11.569811803069099,T3380,G2
W0028F0003T0006Z000C1N21.png,1,50.27954782192757,50.392738798285244,12.30638429389896,12.127317979530064,T3380,G2
W0028F0003T0006Z000C1N21.png,2,46.45591249364832,46.83291013056383,12.30638429389896,12.127317979530064,T3380,G2
W0028F0003T0006Z000C1N21.png,3,42.96889429604774,43.03682789147287,12.30638429389896,12.127317979530064,T3380,G2
W0028F0003T0006Z000C1N21.png,4,10.629147074553906,10.69132759944722,12.30638429389896,12.127317979530064,T3380,G2
W0028F0003T0006Z000C1N21.png,5,18.20210387359104,18.286402701646658,12.30638429389896,12.127317979530064,T3380,G2
W0028F0003T0006Z000C1N21.png,6,41.07294397007477,41.2544633983154,12.30638429389896,12.127317979530064,T3380,G2
W0028F0003T0006Z000C1N21.png,7,37.950005395987986,38.50967098935218,12.30638429389896,12.127317979530064,T3380,G2
W0028F0003T0006Z000C1N21.png,8,31.615184727622527,31.995637973114263,12.30638429389896,12.127317979530064,T3380,G2
W0028F0003T0006Z000C1N21.png,9,21.999610765026983,22.11933689514713,12.30638429389896,12.127317979530064,T3380,G2
W0028F0003T0006Z000C1N21.png,10,58.190217145310285,57.670493944194774,12.30638429389896,12.127317979530064,T3380,G2
W0028F0003T0006Z000C1N21.png,11,64.84097676909536,64.24102786849542,12.30638429389896,12.127317979530064,T3380,G2
W0028F0003T0006Z000C1N21.png,12,40.633303752642135,40.74620813897935,12.30638429389896,12.127317979530064,T3380,G2
W0028F0003T0006Z000C1N21.png,13,33.05108509305875,32.92710317399227,12.30638429389896,12.127317979530064,T3380,G2
W0028F0003T0006Z000C1N21.png,14,32.94110449728074,32.53669373752166,12.30638429389896,12.127317979530064,T3380,G2
W0028F0003T0006Z000C1N21.png,15,38.045804330337866,37.510836886723816,12.30638429389896,12.127317979530064,T3380,G2
W0028F0003T0006Z000C1N21.png,16,40.33341231104388,41.31343293510372,12.30638429389896,12.127317979530064,T3380,G2
W0028F0003T0006Z000C1N21.png,17,32.118044027260986,31.392644660427546,12.30638429389896,12.127317979530064,T3380,G2
W0028F0003T0006Z000C1N21.png,18,24.5385885274064,25.517733415365658,12.30638429389896,12.127317979530064,T3380,G2
W0028F0003T0006Z000C1N21.png,19,37.869028945603475,37.009669996319865,12.30638429389896,12.127317979530064,T3380,G2
W0028F0003T0006Z000C1N21.png,20,35.14104968632086,36.05974123216446,12.30638429389896,12.127317979530064,T3380,G2
W0028F0003T0006Z000C1N21.png,21,33.94008505522934,33.02245805706524,12.30638429389896,12.127317979530064,T3380,G2
W0028F0003T0006Z000C1N21.png,22,57.03547492504927,56.07511841049069,12.30638429389896,12.127317979530064,T3380,G2
W0028F0003T0006Z000C1N21.png,23,53.67316698761912,52.69517621679501,12.30638429389896,12.127317979530064,T3380,G2
W0028F0003T0006Z000C1N21.png,24,28.71846284803797,28.977458129108367,12.30638429389896,12.127317979530064,T3380,G2
W0028F0003T0006Z000C1N21.png,25,42.08150606501241,41.1263333800311,12.30638429389896,12.127317979530064,T3380,G2
W0028F0003T0006Z000C1N21.png,26,48.772677387519145,49.31976829899386,12.30638429389896,12.127317979530064,T3380,G2
W0028F0003T0006Z000C1N21.png,27,56.83336144671076,57.35865433602871,12.30638429389896,12.127317979530064,T3380,G2
W0028F0003T0006Z000C1N21.png,28,42.06446786681064,41.20168642498928,12.30638429389896,12.127317979530064,T3380,G2
W0028F0003T0006Z000C1N21.png,29,43.548885923358476,43.855379102099754,12.30638429389896,12.127317979530064,T3380,G2
W0028F0003T0006Z000C1N21.png,30,48.494337965438234,48.46125196541297,12.30638429389896,12.127317979530064,T3380,G2
W0028F0003T0006Z000C1N21.png,31,52.84418239708412,53.0266612880658,12.30638429389896,12.127317979530064,T3380,G2
W0028F0003T0006Z000C1N21.png,32,51.137775261182135,50.388679652478665,12.30638429389896,12.127317979530064,T3380,G2
W0028F0003T0006Z000C1N21.png,33,48.94834549473944,48.28939076828689,12.30638429389896,12.127317979530064,T3380,G2
W0028F0003T0006Z000C1N21.png,34,52.522130911293594,51.98939777002142,12.30638429389896,12.127317979530064,T3380,G2
W0028F0003T0006Z000C1N21.png,35,62.742370958394524,61.9393566402024,12.30638429389896,12.127317979530064,T3380,G2
W0028F0003T0006Z000C1N23.png,1,77.4069593814247,77.44612852098396,17.842202939408846,17.82845995808659,T3380,G2
W0028F0003T0006Z000C1N23.png,2,75.57779050740741,75.62595030701075,17.842202939408846,17.82845995808659,T3380,G2
W0028F0003T0006Z000C1N23.png,3,56.663850028739915,56.71908011776151,17.842202939408846,17.82845995808659,T3380,G2
W0028F0003T0006Z000C1N23.png,4,59.708163711699356,59.743210602033145,17.842202939408846,17.82845995808659,T3380,G2
W0028F0003T0006Z000C1N23.png,5,47.854007291963526,47.893000558865594,17.842202939408846,17.82845995808659,T3380,G2
W0028F0003T0006Z000C1N23.png,6,55.31986092090693,55.32889729098562,17.842202939408846,17.82845995808659,T3380,G2
W0028F0003T0006Z000C1N23.png,7,49.087272290067304,49.19808090900294,17.842202939408846,17.82845995808659,T3380,G2
W0028F0003T0006Z000C1N23.png,8,46.40874522529677,46.42068420120743,17.842202939408846,17.82845995808659,T3380,G2
W0028F0003T0006Z000C1N23.png,9,39.18462109248077,39.29237923616335,17.842202939408846,17.82845995808659,T3380,G2
W0028F0003T0006Z000C1N23.png,10,50.7864071843103,50.895623217764424,17.842202939408846,17.82845995808659,T3380,G2
W0028F0003T0006Z000C1N23.png,11,33.94526190738264,33.98909486844457,17.842202939408846,17.82845995808659,T3380,G2
W0028F0003T0006Z000C1N23.png,12,42.65027521623901,42.759822620783865,17.842202939408846,17.82845995808659,T3380,G2
W0028F0003T0006Z000C1N23.png,13,25.725155627468308,25.78510253582938,17.842202939408846,17.82845995808659,T3380,G2
W0028F0003T0006Z000C1N23.png,14,26.782345239305304,26.80728174465862,17.842202939408846,17.82845995808659,T3380,G2
W0028F0003T0006Z000C1N23.png,15,23.44551003699889,23.529217844082105,17.842202939408846,17.82845995808659,T3380,G2
W0028F0003T0006Z000C1N23.png,16,34.358180659658075,34.46674837327125,17.842202939408846,17.82845995808659,T3380,G2
W0028F0003T0006Z000C1N23.png,17,27.634474861227684,27.744298603944493,17.842202939408846,17.82845995808659,T3380,G2
W0028F0003T0006Z000C1N23.png,18,46.717294901410135,46.81721038112845,17.842202939408846,17.82845995808659,T3380,G2
W0028F0003T0006Z000C1N23.png,19,15.70119368728946,15.800642035943783,17.842202939408846,17.82845995808659,T3380,G2
W0028F0003T0006Z000C1N23.png,20,12.88644050690255,12.961112329357459,17.842202939408846,17.82845995808659,T3380,G2
W0028F0003T0006Z000C1N23.png,21,12.921157249395334,12.90088090134794,17.842202939408846,17.82845995808659,T3380,G2
W0028F0003T0006Z000C1N23.png,22,8.759441233903535,8.870067181927041,17.842202939408846,17.82845995808659,T3380,G2
W0028F0003T0006Z000C1N23.png,23,2.2402833647934406,2.339688245731658,17.842202939408846,17.82845995808659,T3380,G2
W0028F0003T0006Z000C1N23.png,24,51.12963856869361,51.20921880608841,17.842202939408846,17.82845995808659,T3380,G2
W0028F0003T0006Z000C1N23.png,25,62.606198126876144,62.67745767500553,17.842202939408846,17.82845995808659,T3380,G2
W0028F0003T0006Z000C1N23.png,26,39.419696952335016,39.49570745226723,17.842202939408846,17.82845995808659,T3380,G2
W0028F0003T0006Z000C1N23.png,27,51.453941740402556,51.51517787936073,17.842202939408846,17.82845995808659,T3380,G2
W0028F0003T0006Z000C1N23.png,28,11.606263351302289,11.509372769836375,17.842202939408846,17.82845995808659,T3380,G2
W0028F0003T0006Z000C1N23.png,29,38.272595510859325,38.31038429193822,17.842202939408846,17.82845995808659,T3380,G2
W0028F0003T0006Z000C1N23.png,30,25.663324408709396,25.701568520970056,17.842202939408846,17.82845995808659,T3380,G2
W0028F0003T0006Z000C1N23.png,31,52.50316156528019,52.40390650649153,17.842202939408846,17.82845995808659,T3380,G2
W0028F0003T0006Z000C1N23.png,32,38.64446619712043,38.66551273428743,17.842202939408846,17.82845995808659,T3380,G2
W0028F0003T0006Z000C1N23.png,33,22.26318699775143,22.188186131978473,17.842202939408846,17.82845995808659,T3380,G2
W0028F0003T0006Z000C1N23.png,34,49.58199126438048,49.47607959083366,17.842202939408846,17.82845995808659,T3380,G2
W0028F0003T0006Z000C1N23.png,35,26.985245636186676,26.924767042638027,17.842202939408846,17.82845995808659,T3380,G2
W0028F0003T0006Z000C1N23.png,36,64.59858663718319,64.63411666897038,17.842202939408846,17.82845995808659,T3380,G2
W0028F0003T0006Z000C1N23.png,37,31.104543231859935,31.009304834741894,17.842202939408846,17.82845995808659,T3380,G2
W0028F0003T0006Z000C1N23.png,38,35.38209485528612,35.32337406085011,17.842202939408846,17.82845995808659,T3380,G2
W0028F0003T0006Z000C1N23.png,39,55.94752449835104,55.95776801737126,17.842202939408846,17.82845995808659,T3380,G2
W0028F0003T0006Z000C1N23.png,40,42.48555530866545,42.431913072593666,17.842202939408846,17.82845995808659,T3380,G2
W0028F0003T0006Z000C1N23.png,41,64.89201904979733,64.78209464914153,17.842202939408846,17.82845995808659,T3380,G2
W0028F0003T0006Z000C1N23.png,42,55.467600658800016,55.45414350925732,17.842202939408846,17.82845995808659,T3380,G2
W0028F0003T0006Z000C1N23.png,43,43.92257529906977,43.826646954157724,17.842202939408846,17.82845995808659,T3380,G2
W0028F0003T0006Z000C1N23.png,44,46.3010456167509,46.19806464135285,17.842202939408846,17.82845995808659,T3380,G2
W0028F0003T0006Z000C1N23.png,45,53.32120187621348,53.21507784888635,17.842202939408846,17.82845995808659,T3380,G2
W0028F0003T0006Z000C1N23.png,46,50.74155767774296,50.66041862594722,17.842202939408846,17.82845995808659,T3380,G2
W0028F0003T0006Z000C1N23.png,47,73.99549781213102,73.88495791826838,17.842202939408846,17.82845995808659,T3380,G2
W0028F0003T0006Z000C1N25.png,1,28.663192811124095,28.824272415367563,14.518490687220202,14.298465686951058,T3380,G2
W0028F0003T0006Z000C1N25.png,2,20.744952156937142,20.8710984821492,14.518490687220202,14.298465686951058,T3380,G2
W0028F0003T0006Z000C1N25.png,3,11.497350083865282,11.57347721767955,14.518490687220202,14.298465686951058,T3380,G2
W0028F0003T0006Z000C1N25.png,4,51.46880210515969,51.044497007521414,14.518490687220202,14.298465686951058,T3380,G2
W0028F0003T0006Z000C1N25.png,5,48.40229215078834,48.67287626196256,14.518490687220202,14.298465686951058,T3380,G2
W0028F0003T0006Z000C1N25.png,6,31.53861163192238,31.599272989184676,14.518490687220202,14.298465686951058,T3380,G2
W0028F0003T0006Z000C1N25.png,7,42.3073281320299,41.980836034486515,14.518490687220202,14.298465686951058,T3380,G2
W0028F0003T0006Z000C1N25.png,8,8.35281093557552,8.232424541692968,14.518490687220202,14.298465686951058,T3380,G2
W0028F0003T0006Z000C1N25.png,9,35.86509949547805,35.89831391815875,14.518490687220202,14.298465686951058,T3380,G2
W0028F0003T0006Z000C1N25.png,10,16.939253231419798,16.78690046789086,14.518490687220202,14.298465686951058,T3380,G2
W0028F0003T0006Z000C1N25.png,11,33.83153669708162,34.5735053677098,14.518490687220202,14.298465686951058,T3380,G2
W0028F0003T0006Z000C1N25.png,12,39.99981394205443,39.094089905388046,14.518490687220202,14.298465686951058,T3380,G2
W0028F0003T0006Z000C1N25.png,13,30.44340165165134,29.722047725188396,14.518490687220202,14.298465686951058,T3380,G2
W0028F0003T0006Z000C1N25.png,14,32.886629707325866,33.85301515552234,14.518490687220202,14.298465686951058,T3380,G2
W0028F0003T0006Z000C1N25.png,15,31.567389813638627,30.549915138184616,14.518490687220202,14.298465686951058,T3380,G2
W0028F0003T0006Z000C1N25.png,16,40.956549154064035,23.625508240952847,14.518490687220202,14.298465686951058,T3380,G2
W0028F0003T0006Z000C1N25.png,17,16.06428433489866,15.328453062249165,14.518490687220202,14.298465686951058,T3380,G2
W0028F0003T0006Z000C1N25.png,18,38.293822701097625,35.67620966386846,14.518490687220202,14.298465686951058,T3380,G2
W0028F0003T0006Z000C1N25.png,19,18.939066297282004,17.813765023328315,14.518490687220202,14.298465686951058,T3380,G2
W0028F0003T0006Z000C1N25.png,20,48.43302672070725,15.018222259845084,14.518490687220202,14.298465686951058,T3380,G2
W0028F0003T0006Z000C1N25.png,21,29.876918286552602,22.80004712557505,14.518490687220202,14.298465686951058,T3380,G2
W0028F0003T0006Z000C1N25.png,22,33.98042091223412,32.78958419204917,14.518490687220202,14.298465686951058,T3380,G2
W0028F0003T0006Z000C1N25.png,23,48.52639677175887,39.98096232429216,14.518490687220202,14.298465686951058,T3380,G2
W0028F0003T0006Z000C1N25.png,24,41.78923628830697,40.59711439862841,14.518490687220202,14.298465686951058,T3380,G2
W0028F0003T0006Z000C1N25.png,25,49.13976890123642,47.9489186934267,14.518490687220202,14.298465686951058,T3380,G2
W0028F0003T0006Z000C1N25.png,26,23.33244208662835,24.405542137492358,14.518490687220202,14.298465686951058,T3380,G2
W0028F0003T0006Z000C1N25.png,27,49.734939861935096,48.59678101870786,14.518490687220202,14.298465686951058,T3380,G2
W0028F0003T0006Z000C1N25.png,28,17.87536786932395,18.319004897581248,14.518490687220202,14.298465686951058,T3380,G2
W0028F0003T0006Z000C1N25.png,29,31.796676342057065,30.477226611871522,14.518490687220202,14.298465686951058,T3380,G2
W0028F0003T0006Z000C1N25.png,30,59.296228402530076,58.18590078834564,14.518490687220202,14.298465686951058,T3380,G2
W0028F0003T0006Z000C1N25.png,31,28.704680503829117,29.358723511532038,14.518490687220202,14.298465686951058,T3380,G2
W0028F0003T0006Z000C1N25.png,32,57.53490694523373,56.48142154795459,14.518490687220202,14.298465686951058,T3380,G2
W0028F0003T0006Z000C1N25.png,33,48.268055404183826,48.30211867809127,14.518490687220202,14.298465686951058,T3380,G2
W0028F0003T0006Z000C1N25.png,34,70.97931063380261,70.12721490126326,14.518490687220202,14.298465686951058,T3380,G2
W0028F0003T0006Z000C1N25.png,35,56.70773240389147,47.81828946837894,14.518490687220202,14.298465686951058,T3380,G2
W0028F0003T0006Z000C1N26.png,1,64.32085474101298,64.89857206096953,15.374401148576297,15.348138034661778,T3380,G2
W0028F0003T0006Z000C1N26.png,2,56.79570468443666,57.377406102321984,15.374401148576297,15.348138034661778,T3380,G2
W0028F0003T0006Z000C1N26.png,3,53.18258880034335,53.82313059479342,15.374401148576297,15.348138034661778,T3380,G2
W0028F0003T0006Z000C1N26.png,4,50.11993958808378,50.74273376492568,15.374401148576297,15.348138034661778,T3380,G2
W0028F0003T0006Z000C1N26.png,5,38.481373025469686,39.16517006169074,15.374401148576297,15.348138034661778,T3380,G2
W0028F0003T0006Z000C1N26.png,6,63.780308084656525,64.1123548209265,15.374401148576297,15.348138034661778,T3380,G2
W0028F0003T0006Z000C1N26.png,7,43.42987515702721,43.75980037347234,15.374401148576297,15.348138034661778,T3380,G2
W0028F0003T0006Z000C1N26.png,8,48.45342150092719,48.78057842509958,15.374401148576297,15.348138034661778,T3380,G2
W0028F0003T0006Z000C1N26.png,9,7.443043490116414,8.129128061838543,15.374401148576297,15.348138034661778,T3380,G2
W0028F0003T0006Z000C1N26.png,10,63.00691479679586,63.040111092890115,15.374401148576297,15.348138034661778,T3380,G2
W0028F0003T0006Z000C1N26.png,11,52.70878918724495,52.70471044142734,15.374401148576297,15.348138034661778,T3380,G2
W0028F0003T0006Z000C1N26.png,12,69.54350308079339,69.48711205317974,15.374401148576297,15.348138034661778,T3380,G2
W0028F0003T0006Z000C1N26.png,13,26.642328645627526,26.556765406817345,15.374401148576297,15.348138034661778,T3380,G2
W0028F0003T0006Z000C1N26.png,14,30.089843596886723,29.687212949726508,15.374401148576297,15.348138034661778,T3380,G2
W0028F0003T0006Z000C1N26.png,15,41.94525540065118,41.2664394965885,15.374401148576297,15.348138034661778,T3380,G2
W0028F0003T0006Z000C1N26.png,16,57.14291693739929,56.53437350687828,15.374401148576297,15.348138034661778,T3380,G2
W0028F0003T0006Z000C1N26.png,17,53.49682991960513,52.81082807398611,15.374401148576297,15.348138034661778,T3380,G2
W0028F0003T0006Z000C1N30.png,1,31.651992302210655,31.602743669886895,11.047168963420434,10.955470044517478,T3380,G2
W0028F0003T0006Z000C1N30.png,2,49.6423996122564,49.44761502584539,11.047168963420434,10.955470044517478,T3380,G2
W0028F0003T0006Z000C1N30.png,3,20.311795886622154,20.364501026881232,11.047168963420434,10.955470044517478,T3380,G2
W0028F0003T0006Z000C1N30.png,4,25.651128091216023,25.6480792354608,11.047168963420434,10.955470044517478,T3380,G2
W0028F0003T0006Z000C1N34.png,1,13.01399075235406,15.099713512435166,20.748566314912896,20.312698876486735,T3380,G2
W0028F0003T0006Z000C1N34.png,2,42.24105722659951,57.31056796322239,20.748566314912896,20.312698876486735,T3380,G2
W0028F0003T0006Z000C1N34.png,3,1.7138887650926495,3.494117015018238,20.748566314912896,20.312698876486735,T3380,G2
W0028F0003T0006Z000C1N34.png,4,56.33070188808779,54.35519299322263,20.748566314912896,20.312698876486735,T3380,G2
W0028F0003T0006Z000C1N34.png,5,34.99212123783297,32.968502280638866,20.748566314912896,20.312698876486735,T3380,G2
W0028F0003T0006Z000C1N34.png,6,43.96943091828983,41.961791136288426,20.748566314912896,20.312698876486735,T3380,G2
W0028F0003T0006Z000C1N34.png,7,34.551517188779385,41.61583296312765,20.748566314912896,20.312698876486735,T3380,G2
W0028F0003T0006Z000C1N34.png,8,52.59310834149796,50.765637504530986,20.748566314912896,20.312698876486735,T3380,G2
W0028F0003T0006Z000C1N34.png,9,46.23328920063342,52.492243002590115,20.748566314912896,20.312698876486735,T3380,G2
W0028F0003T0006Z000C1N34.png,10,79.67502234488938,77.6364009580392,20.748566314912896,20.312698876486735,T3380,G2
W0028F0003T0006Z000C1N42.png,1,24.385787590062215,25.039510172556295,8.648321590022709,8.389196508000493,T3380,G2
W0028F0003T0006Z000C1N42.png,2,22.680007388640586,22.64086759742969,8.648321590022709,8.389196508000493,T3380,G2
W0028F0003T0006Z000C1N42.png,3,13.321946194988673,14.685924012815132,8.648321590022709,8.389196508000493,T3380,G2
W0028F0003T0006Z000C1N42.png,4,18.343816447955103,19.87052421248765,8.648321590022709,8.389196508000493,T3380,G2
W0028F0003T0006Z000C1N42.png,5,30.318265929043886,28.98770784197136,8.648321590022709,8.389196508000493,T3380,G2
W0028F0003T0006Z000C1N42.png,6,32.17096249692717,31.12198786727625,8.648321590022709,8.389196508000493,T3380,G2
W0028F0003T0006Z000C1N42.png,7,18.204881343157016,12.822373622154457,8.648321590022709,8.389196508000493,T3380,G2
W0028F0003T0006Z000C1N42.png,8,7.671805317068245,3.2409527665835554,8.648321590022709,8.389196508000493,T3380,G2
W0028F0003T0006Z000C1N42.png,9,8.951264312186328,18.595764817178207,8.648321590022709,8.389196508000493,T3380,G2
W0028F0003T0006Z000C1N42.png,10,8.864160999920415,20.035637184018256,8.648321590022709,8.389196508000493,T3380,G2
W0028F0003T0006Z000C1N42.png,11,16.7584865343431,19.675151499824782,8.648321590022709,8.389196508000493,T3380,G2
W0028F0003T0006Z000C1N42.png,12,32.65132372260505,36.08184816314617,8.648321590022709,8.389196508000493,T3380,G2
W0028F0003T0006Z000C1N44.png,1,31.64211261191098,28.19047619047619,11.536478058098307,8.434582261669105,T3380,G2
W0028F0003T0006Z000C1N44.png,2,40.5554878593666,34.27895107520116,11.536478058098307,8.434582261669105,T3380,G2
W0028F0003T0006Z000C1N44.png,3,4.045445886775431,30.062325549449497,11.536478058098307,8.434582261669105,T3380,G2
W0028F0003T0006Z000C1N44.png,4,13.344859593170213,29.809857953730273,11.536478058098307,8.434582261669105,T3380,G2
W0028F0003T0006Z000C1N44.png,5,23.368156401949857,23.91827579901881,11.536478058098307,8.434582261669105,T3380,G2
W0028F0003T0006Z000C1N44.png,6,18.03064190182558,17.602702096201842,11.536478058098307,8.434582261669105,T3380,G2
W0028F0003T0006Z000C1N44.png,7,18.151117440546667,19.96521238705921,11.536478058098307,8.434582261669105,T3380,G2
W0028F0003T0006Z000C1N44.png,8,25.373549955329075,27.334972819452393,11.536478058098307,8.434582261669105,T3380,G2
W0028F0003T0006Z000C1N44.png,9,41.569234450812814,40.10464930896456,11.536478058098307,8.434582261669105,T3380,G2
W0028F0003T0006Z000C1N44.png,10,28.499514630678302,28.172144228788163,11.536478058098307,8.434582261669105,T3380,G2
W0028F0003T0006Z000C1N44.png,11,18.95171630803944,12.822373622154464,11.536478058098307,8.434582261669105,T3380,G2
W0028F0003T0006Z000C1N44.png,12,32.53256160959874,30.961265153534313,11.536478058098307,8.434582261669105,T3380,G2
W0028F0003T0006Z000C1N44.png,13,4.117778168968796,6.15132849162058,11.536478058098307,8.434582261669105,T3380,G2
W0028F0003T0006Z000C1N44.png,14,11.853838366669223,13.071007996781828,11.536478058098307,8.434582261669105,T3380,G2
W0028F0003T0006Z000C1N44.png,15,7.212670714702847,18.595764817178196,11.536478058098307,8.434582261669105,T3380,G2
W0028F0003T0006Z000C1N44.png,16,6.597674364767894,20.035637184018242,11.536478058098307,8.434582261669105,T3380,G2
W0028F0003T0006Z000C1N44.png,17,18.61936168661507,19.853268368206987,11.536478058098307,8.434582261669105,T3380,G2
W0028F0003T0006Z000C1N45.png,1,32.69147467401257,31.69023298401528,10.455409459436398,10.325685002625207,T3380,G2
W0028F0003T0006Z000C1N45.png,2,31.367137739529777,30.283636610669628,10.455409459436398,10.325685002625207,T3380,G2
W0028F0003T0006Z000C1N45.png,3,25.112460003788765,24.124579453295393,10.455409459436398,10.325685002625207,T3380,G2
W0028F0003T0006Z000C1N45.png,4,20.619020420552246,19.80704644685285,10.455409459436398,10.325685002625207,T3380,G2
W0028F0003T0006Z000C1N45.png,5,16.412398782587715,16.122060649842705,10.455409459436398,10.325685002625207,T3380,G2
W0028F0003T0006Z000C1N45.png,6,15.997157394360118,14.919802153780516,10.455409459436398,10.325685002625207,T3380,G2
W0028F0003T0006Z000C1N45.png,7,21.373069903130414,21.747122070197324,10.455409459436398,10.325685002625207,T3380,G2
W0028F0003T0006Z000C1N45.png,8,4.643987603967124,4.686282147595697,10.455409459436398,10.325685002625207,T3380,G2
W0028F0003T0006Z000C1N45.png,9,4.848725074459531,5.827735250686642,10.455409459436398,10.325685002625207,T3380,G2
W0028F0003T0006Z000C1N45.png,10,22.792617055519806,22.249783364306236,10.455409459436398,10.325685002625207,T3380,G2
W0028F0003T0006Z000C1N45.png,11,18.333190843805244,19.39075685414294,10.455409459436398,10.325685002625207,T3380,G2
W0028F0003T0006Z000C1N45.png,12,20.657435632553447,20.865426452301634,10.455409459436398,10.325685002625207,T3380,G2
W0028F0003T0006Z000C1N45.png,13,38.90551710586297,39.64374388710347,10.455409459436398,10.325685002625207,T3380,G2
W0028F0003T0006Z000C1N45.png,14,43.299822154847845,43.68853806457113,10.455409459436398,10.325685002625207,T3380,G2
W0028F0003T0006Z000C1N45.png,15,12.300138323522127,13.82051436889181,10.455409459436398,10.325685002625207,T3380,G2
W0028F0003T0006Z000C1N45.png,16,17.009919394744067,16.141448633982307,10.455409459436398,10.325685002625207,T3380,G2
W0028F0003T0006Z000C1N6.png,1,74.45637648631909,67.88117700516354,18.55792226873202,18.98221344961374,T3380,G2
W0028F0003T0006Z000C1N6.png,2,66.90398177785934,61.23259022681798,18.55792226873202,18.98221344961374,T3380,G2
W0028F0003T0006Z000C1N6.png,3,62.23221596993761,58.9367047249895,18.55792226873202,18.98221344961374,T3380,G2
W0028F0003T0006Z000C1N6.png,4,25.884478317368274,19.311211628347465,18.55792226873202,18.98221344961374,T3380,G2
W0028F0003T0006Z000C1N6.png,5,18.665771039693684,19.217880573414018,18.55792226873202,18.98221344961374,T3380,G2
W0028F0003T0006Z000C1N6.png,6,25.06148963812828,28.046393488206053,18.55792226873202,18.98221344961374,T3380,G2
W0028F0003T0006Z000C1N6.png,7,9.642155724172827,14.87937984489402,18.55792226873202,18.98221344961374,T3380,G2
W0028F0003T0006Z000C1N6.png,8,7.459985020813845,7.515663620329039,18.55792226873202,18.98221344961374,T3380,G2
W0028F0003T0006Z000C1N6.png,9,16.09514119548418,15.560825901319689,18.55792226873202,18.98221344961374,T3380,G2
W0028F0003T0006Z000C1N6.png,10,33.92958823649395,40.21975243630531,18.55792226873202,18.98221344961374,T3380,G2
W0028F0003T0006Z000C1N6.png,11,44.70408231911121,29.278026608141925,18.55792226873202,18.98221344961374,T3380,G2
W0028F0003T0006Z000C1N6.png,12,32.57675188963472,21.65328899425447,18.55792226873202,18.98221344961374,T3380,G2
W0028F0003T0006Z000C1N6.png,13,49.010276799582584,49.13194769682711,18.55792226873202,18.98221344961374,T3380,G2
W0028F0003T0006Z000C1N6.png,14,47.038211058581894,13.114051441737258,18.55792226873202,18.98221344961374,T3380,G2
W0028F0003T0006Z000C1N6.png,15,44.286571852602535,36.60434164815027,18.55792226873202,18.98221344961374,T3380,G2
W0028F0003T0006Z000C1N6.png,16,50.76269039084616,8.06398335157681,18.55792226873202,18.98221344961374,T3380,G2
W0028F0003T0006Z000C1N6.png,17,36.189652378524336,29.03511308949124,18.55792226873202,18.98221344961374,T3380,G2
W0028F0003T0006Z000C1N6.png,18,42.64204707701521,11.033672950989498,18.55792226873202,18.98221344961374,T3380,G2
W0028F0003T0006Z000C1N6.png,19,57.872583033455,56.954792273247506,18.55792226873202,18.98221344961374,T3380,G2
