image,pbody_number,dist_nuclei,dist_mito,nuclei_std,mito_std,medicine,group
W0015F0001T0006Z000C1N10.png,1,20.090699590807816,49.157013970412685,8.09723464587363,10.160356090315506,T1936,G4
W0015F0001T0006Z000C1N10.png,2,10.052596060632085,15.688899703354782,8.09723464587363,10.160356090315506,T1936,G4
W0015F0001T0006Z000C1N10.png,3,22.1636670600094,21.827279056003448,8.09723464587363,10.160356090315506,T1936,G4
W0015F0001T0006Z000C1N10.png,4,41.24996768194439,40.6658698634683,8.09723464587363,10.160356090315506,T1936,G4
W0015F0001T0006Z000C1N10.png,5,23.64407425114448,38.87125465123048,8.09723464587363,10.160356090315506,T1936,G4
W0015F0001T0006Z000C1N10.png,6,35.85191268574417,30.251151320483707,8.09723464587363,10.160356090315506,T1936,G4
W0015F0001T0006Z000C1N10.png,7,25.043365719457118,33.976080824981786,8.09723464587363,10.160356090315506,T1936,G4
W0015F0001T0006Z000C1N10.png,8,31.240480046852547,35.89569067513974,8.09723464587363,10.160356090315506,T1936,G4
W0015F0001T0006Z000C1N10.png,9,31.38366968051059,31.54623769486201,8.09723464587363,10.160356090315506,T1936,G4
W0015F0001T0006Z000C1N10.png,10,27.12332909443216,44.00965431879211,8.09723464587363,10.160356090315506,T1936,G4
W0015F0001T0006Z000C1N10.png,11,27.69811863047718,16.3085252602443,8.09723464587363,10.160356090315506,T1936,G4
W0015F0001T0006Z000C1N10.png,12,39.51145091698476,51.2136160228424,8.09723464587363,10.160356090315506,T1936,G4
W0015F0001T0006Z000C1N10.png,13,16.27378923877791,28.23040220256633,8.09723464587363,10.160356090315506,T1936,G4
W0015F0001T0006Z000C1N10.png,14,26.364055635861195,33.59928437609144,8.09723464587363,10.160356090315506,T1936,G4
W0015F0001T0006Z000C1N10.png,15,22.473173739253404,32.1483843073471,8.09723464587363,10.160356090315506,T1936,G4
W0015F0001T0006Z000C1N100.png,1,18.59661047149362,18.696404883173553,12.796590812642513,6.612181808793576,T1936,G4
W0015F0001T0006Z000C1N100.png,2,33.28423064337347,30.889898837172762,12.796590812642513,6.612181808793576,T1936,G4
W0015F0001T0006Z000C1N100.png,3,35.05939221461203,31.226637311893768,12.796590812642513,6.612181808793576,T1936,G4
W0015F0001T0006Z000C1N100.png,4,52.81390756699458,25.32312722681381,12.796590812642513,6.612181808793576,T1936,G4
W0015F0001T0006Z000C1N100.png,5,14.64177778839488,14.7472293548838,12.796590812642513,6.612181808793576,T1936,G4
W0015F0001T0006Z000C1N100.png,6,39.6160681399144,16.643199097719666,12.796590812642513,6.612181808793576,T1936,G4
W0015F0001T0006Z000C1N101.png,1,27.213103045387605,23.53301576820966,6.594611613818076,8.888639749984987,T1936,G4
W0015F0001T0006Z000C1N101.png,2,20.713472153876342,21.101932114619604,6.594611613818076,8.888639749984987,T1936,G4
W0015F0001T0006Z000C1N101.png,3,20.449347009688264,32.66155842313335,6.594611613818076,8.888639749984987,T1936,G4
W0015F0001T0006Z000C1N101.png,4,15.6309153063718,34.926760100542694,6.594611613818076,8.888639749984987,T1936,G4
W0015F0001T0006Z000C1N101.png,5,34.677851312465116,10.104332544033806,6.594611613818076,8.888639749984987,T1936,G4
W0015F0001T0006Z000C1N105.png,1,13.020111283954042,12.5559791326033,13.419553915902192,12.635799373955356,T1936,G4
W0015F0001T0006Z000C1N105.png,2,27.066945560554164,27.1406007291284,13.419553915902192,12.635799373955356,T1936,G4
W0015F0001T0006Z000C1N105.png,3,28.829805491669717,29.243365320505134,13.419553915902192,12.635799373955356,T1936,G4
W0015F0001T0006Z000C1N105.png,4,1.7541283637803216,2.688646675227939,13.419553915902192,12.635799373955356,T1936,G4
W0015F0001T0006Z000C1N105.png,5,20.478259076203678,19.441697287198892,13.419553915902192,12.635799373955356,T1936,G4
W0015F0001T0006Z000C1N105.png,6,18.86815435846828,17.14803746188572,13.419553915902192,12.635799373955356,T1936,G4
W0015F0001T0006Z000C1N105.png,7,37.04832953169582,34.997526758899554,13.419553915902192,12.635799373955356,T1936,G4
W0015F0001T0006Z000C1N105.png,8,48.18320762917717,45.619221639552045,13.419553915902192,12.635799373955356,T1936,G4
W0015F0001T0006Z000C1N107.png,1,50.471660412406244,50.35797207752623,19.62128506355305,19.577522668240714,T1936,G4
W0015F0001T0006Z000C1N107.png,2,6.4387330437622685,6.514007665021307,19.62128506355305,19.577522668240714,T1936,G4
W0015F0001T0006Z000C1N107.png,3,43.347983958908685,43.980466392651934,19.62128506355305,19.577522668240714,T1936,G4
W0015F0001T0006Z000C1N107.png,4,51.720821952909546,51.47994687254982,19.62128506355305,19.577522668240714,T1936,G4
W0015F0001T0006Z000C1N107.png,5,55.28201909019078,55.067567845788545,19.62128506355305,19.577522668240714,T1936,G4
W0015F0001T0006Z000C1N107.png,6,32.19334737102596,32.71647848651234,19.62128506355305,19.577522668240714,T1936,G4
W0015F0001T0006Z000C1N107.png,7,6.884484570242793,7.521907063542873,19.62128506355305,19.577522668240714,T1936,G4
W0015F0001T0006Z000C1N107.png,8,12.111258327504121,11.360109447908114,19.62128506355305,19.577522668240714,T1936,G4
W0015F0001T0006Z000C1N115.png,1,36.32999455488247,37.33610915881667,11.812442546789093,10.61566951492466,T1936,G4
W0015F0001T0006Z000C1N115.png,2,13.43581337611851,13.399929095378338,11.812442546789093,10.61566951492466,T1936,G4
W0015F0001T0006Z000C1N115.png,3,36.46220714409086,37.19095390235934,11.812442546789093,10.61566951492466,T1936,G4
W0015F0001T0006Z000C1N115.png,4,23.153832593825864,24.181730871607854,11.812442546789093,10.61566951492466,T1936,G4
W0015F0001T0006Z000C1N115.png,5,22.677405159524305,23.551272587850654,11.812442546789093,10.61566951492466,T1936,G4
W0015F0001T0006Z000C1N115.png,6,7.315471883468762,7.1667751152864945,11.812442546789093,10.61566951492466,T1936,G4
W0015F0001T0006Z000C1N115.png,7,33.480545131014196,33.70457466294449,11.812442546789093,10.61566951492466,T1936,G4
W0015F0001T0006Z000C1N115.png,8,7.84687682156447,8.773298846207926,11.812442546789093,10.61566951492466,T1936,G4
W0015F0001T0006Z000C1N115.png,9,10.176231948594245,9.688258852269827,11.812442546789093,10.61566951492466,T1936,G4
W0015F0001T0006Z000C1N115.png,10,30.142990711298385,30.00186405881452,11.812442546789093,10.61566951492466,T1936,G4
W0015F0001T0006Z000C1N115.png,11,25.728986099200142,25.228242037033674,11.812442546789093,10.61566951492466,T1936,G4
W0015F0001T0006Z000C1N115.png,12,36.06421971118147,35.58505689753632,11.812442546789093,10.61566951492466,T1936,G4
W0015F0001T0006Z000C1N115.png,13,31.00221224424158,9.945241632223139,11.812442546789093,10.61566951492466,T1936,G4
W0015F0001T0006Z000C1N115.png,14,37.096387433505825,18.66353328751934,11.812442546789093,10.61566951492466,T1936,G4
W0015F0001T0006Z000C1N115.png,15,47.275229288872225,15.344109332431417,11.812442546789093,10.61566951492466,T1936,G4
W0015F0001T0006Z000C1N116.png,1,31.302280072227873,32.49273727263253,10.506569880332297,9.706756146096245,T1936,G4
W0015F0001T0006Z000C1N116.png,2,24.51563128659112,23.524807369115237,10.506569880332297,9.706756146096245,T1936,G4
W0015F0001T0006Z000C1N116.png,3,34.57787171479584,32.52938623176502,10.506569880332297,9.706756146096245,T1936,G4
W0015F0001T0006Z000C1N116.png,4,22.688006276754237,18.832739958053143,10.506569880332297,9.706756146096245,T1936,G4
W0015F0001T0006Z000C1N116.png,5,27.519589031900654,14.239984125559811,10.506569880332297,9.706756146096245,T1936,G4
W0015F0001T0006Z000C1N116.png,6,25.286499989304772,23.51502308562426,10.506569880332297,9.706756146096245,T1936,G4
W0015F0001T0006Z000C1N116.png,7,7.399750021285346,11.362680053686823,10.506569880332297,9.706756146096245,T1936,G4
W0015F0001T0006Z000C1N116.png,8,44.39037613922898,37.01340756143555,10.506569880332297,9.706756146096245,T1936,G4
W0015F0001T0006Z000C1N116.png,9,43.6812067290911,33.88106337688135,10.506569880332297,9.706756146096245,T1936,G4
W0015F0001T0006Z000C1N116.png,10,18.516336735488796,19.164882649011968,10.506569880332297,9.706756146096245,T1936,G4
W0015F0001T0006Z000C1N116.png,11,37.91710040085692,36.48597294698379,10.506569880332297,9.706756146096245,T1936,G4
W0015F0001T0006Z000C1N116.png,12,28.05519755492285,28.318054622646144,10.506569880332297,9.706756146096245,T1936,G4
W0015F0001T0006Z000C1N116.png,13,47.427063751987525,48.23743010040113,10.506569880332297,9.706756146096245,T1936,G4
W0015F0001T0006Z000C1N116.png,14,32.48330116271079,31.54601565346975,10.506569880332297,9.706756146096245,T1936,G4
W0015F0001T0006Z000C1N122.png,1,20.327093391276595,9.990208590107013,12.185494174505488,11.743925382814544,T1936,G4
W0015F0001T0006Z000C1N122.png,2,27.672740424497018,31.684946940308176,12.185494174505488,11.743925382814544,T1936,G4
W0015F0001T0006Z000C1N122.png,3,21.03956787875906,29.141124140727555,12.185494174505488,11.743925382814544,T1936,G4
W0015F0001T0006Z000C1N122.png,4,24.343531950353327,22.861251397584798,12.185494174505488,11.743925382814544,T1936,G4
W0015F0001T0006Z000C1N122.png,5,51.25780782545072,44.13558937176772,12.185494174505488,11.743925382814544,T1936,G4
W0015F0001T0006Z000C1N122.png,6,14.728224857689733,5.031049757995717,12.185494174505488,11.743925382814544,T1936,G4
W0015F0001T0006Z000C1N122.png,7,6.126941155260981,15.974521877150552,12.185494174505488,11.743925382814544,T1936,G4
W0015F0001T0006Z000C1N122.png,8,21.368356544092826,20.94197280313191,12.185494174505488,11.743925382814544,T1936,G4
W0015F0001T0006Z000C1N123.png,1,23.242758259715746,27.700087344058154,14.138174564256431,13.933893491103476,T1936,G4
W0015F0001T0006Z000C1N123.png,2,38.89587030549176,38.625995136243716,14.138174564256431,13.933893491103476,T1936,G4
W0015F0001T0006Z000C1N123.png,3,28.02584246378668,28.12065436079261,14.138174564256431,13.933893491103476,T1936,G4
W0015F0001T0006Z000C1N123.png,4,8.67431635187094,8.381655476661484,14.138174564256431,13.933893491103476,T1936,G4
W0015F0001T0006Z000C1N123.png,5,50.39797784206286,50.55415063171556,14.138174564256431,13.933893491103476,T1936,G4
W0015F0001T0006Z000C1N126.png,1,39.857541055943344,39.24880227382615,13.893401059007372,13.894084955080173,T1936,G4
W0015F0001T0006Z000C1N126.png,2,46.9402828480869,46.75377256087106,13.893401059007372,13.894084955080173,T1936,G4
W0015F0001T0006Z000C1N126.png,3,52.971695742275514,53.389188157933205,13.893401059007372,13.894084955080173,T1936,G4
W0015F0001T0006Z000C1N126.png,4,6.562413648669002,6.744680507356953,13.893401059007372,13.894084955080173,T1936,G4
W0015F0001T0006Z000C1N126.png,5,30.514027414931615,31.08042148318256,13.893401059007372,13.894084955080173,T1936,G4
W0015F0001T0006Z000C1N126.png,6,37.49047541222647,37.90568957579845,13.893401059007372,13.894084955080173,T1936,G4
W0015F0001T0006Z000C1N126.png,7,29.791925071308842,29.094769240943716,13.893401059007372,13.894084955080173,T1936,G4
W0015F0001T0006Z000C1N13.png,1,36.860231050605,9.404491119863637,10.8860042508795,13.803199810282605,T1936,G4
W0015F0001T0006Z000C1N13.png,2,40.1084709448683,13.382346335176951,10.8860042508795,13.803199810282605,T1936,G4
W0015F0001T0006Z000C1N13.png,3,15.403895957104357,8.417063815055952,10.8860042508795,13.803199810282605,T1936,G4
W0015F0001T0006Z000C1N13.png,4,49.27294598680242,22.961103111476454,10.8860042508795,13.803199810282605,T1936,G4
W0015F0001T0006Z000C1N13.png,5,27.74814559876394,21.118724766320348,10.8860042508795,13.803199810282605,T1936,G4
W0015F0001T0006Z000C1N13.png,6,35.952130764764604,36.747137230530456,10.8860042508795,13.803199810282605,T1936,G4
W0015F0001T0006Z000C1N13.png,7,40.91053691407984,41.28221013456806,10.8860042508795,13.803199810282605,T1936,G4
W0015F0001T0006Z000C1N13.png,8,16.318573353383673,17.03238921608569,10.8860042508795,13.803199810282605,T1936,G4
W0015F0001T0006Z000C1N13.png,9,46.75799898152704,45.94321059920006,10.8860042508795,13.803199810282605,T1936,G4
W0015F0001T0006Z000C1N13.png,10,39.77600976080056,38.72764240153597,10.8860042508795,13.803199810282605,T1936,G4
W0015F0001T0006Z000C1N13.png,11,46.08593144157014,45.118954016407045,10.8860042508795,13.803199810282605,T1936,G4
W0015F0001T0006Z000C1N13.png,12,25.862807226760793,13.549495204685055,10.8860042508795,13.803199810282605,T1936,G4
W0015F0001T0006Z000C1N141.png,1,55.83445415180382,56.13348014731597,15.636270638335857,21.877921813618645,T1936,G4
W0015F0001T0006Z000C1N141.png,2,64.21658984174061,40.269761858203886,15.636270638335857,21.877921813618645,T1936,G4
W0015F0001T0006Z000C1N141.png,3,92.3909845857017,92.5316606430018,15.636270638335857,21.877921813618645,T1936,G4
W0015F0001T0006Z000C1N143.png,1,40.7575518244233,40.50914642714723,8.630805032494566,16.006140948141972,T1936,G4
W0015F0001T0006Z000C1N143.png,2,29.58394285459557,29.364297662372746,8.630805032494566,16.006140948141972,T1936,G4
W0015F0001T0006Z000C1N143.png,3,55.39999862290956,54.53914235517115,8.630805032494566,16.006140948141972,T1936,G4
W0015F0001T0006Z000C1N143.png,4,42.136116284302666,41.99065628794656,8.630805032494566,16.006140948141972,T1936,G4
W0015F0001T0006Z000C1N143.png,5,29.243416488819346,29.26608673077042,8.630805032494566,16.006140948141972,T1936,G4
W0015F0001T0006Z000C1N143.png,6,29.92879437843728,29.821646169807366,8.630805032494566,16.006140948141972,T1936,G4
W0015F0001T0006Z000C1N143.png,7,30.813594925051266,29.77782476361365,8.630805032494566,16.006140948141972,T1936,G4
W0015F0001T0006Z000C1N143.png,8,40.78239610664811,77.66215848997416,8.630805032494566,16.006140948141972,T1936,G4
W0015F0001T0006Z000C1N147.png,1,68.24147915740487,67.77383833053895,21.161009407351536,21.320288570545898,T1936,G4
W0015F0001T0006Z000C1N147.png,2,69.76315687008722,69.34916049268358,21.161009407351536,21.320288570545898,T1936,G4
W0015F0001T0006Z000C1N147.png,3,49.819227686785055,49.86171940711099,21.161009407351536,21.320288570545898,T1936,G4
W0015F0001T0006Z000C1N147.png,4,51.613040140385586,51.58786472108774,21.161009407351536,21.320288570545898,T1936,G4
W0015F0001T0006Z000C1N147.png,5,35.96616303853318,35.770370553298584,21.161009407351536,21.320288570545898,T1936,G4
W0015F0001T0006Z000C1N147.png,6,33.1441537524948,32.84809899567015,21.161009407351536,21.320288570545898,T1936,G4
W0015F0001T0006Z000C1N147.png,7,4.82736520671387,4.365176603910815,21.161009407351536,21.320288570545898,T1936,G4
W0015F0001T0006Z000C1N147.png,8,60.65202470794943,61.14770727543282,21.161009407351536,21.320288570545898,T1936,G4
W0015F0001T0006Z000C1N147.png,9,75.86555544906487,76.35852205041797,21.161009407351536,21.320288570545898,T1936,G4
W0015F0001T0006Z000C1N154.png,1,11.332024551845965,11.506660633253569,18.23448494403274,17.952815207697384,T1936,G4
W0015F0001T0006Z000C1N154.png,2,47.80099443991144,47.412291048648335,18.23448494403274,17.952815207697384,T1936,G4
W0015F0001T0006Z000C1N156.png,1,13.74974074737473,12.254890553690213,10.701771275362209,10.721152783454595,T1936,G4
W0015F0001T0006Z000C1N156.png,2,13.572939953407806,14.134647307856422,10.701771275362209,10.721152783454595,T1936,G4
W0015F0001T0006Z000C1N156.png,3,34.2499993827585,34.55169781613669,10.701771275362209,10.721152783454595,T1936,G4
W0015F0001T0006Z000C1N156.png,4,36.649221011918634,35.74477490290696,10.701771275362209,10.721152783454595,T1936,G4
W0015F0001T0006Z000C1N156.png,5,37.3555905135979,36.16680269764351,10.701771275362209,10.721152783454595,T1936,G4
W0015F0001T0006Z000C1N156.png,6,17.41164592821223,16.17157816575524,10.701771275362209,10.721152783454595,T1936,G4
W0015F0001T0006Z000C1N160.png,1,40.37071003122025,1.396141460206577,17.13678861565323,17.585544368890698,T1936,G4
W0015F0001T0006Z000C1N160.png,2,41.4114130816642,25.056158738023477,17.13678861565323,17.585544368890698,T1936,G4
W0015F0001T0006Z000C1N160.png,3,3.8336585122658176,5.10147608114511,17.13678861565323,17.585544368890698,T1936,G4
W0015F0001T0006Z000C1N160.png,4,47.24607804888584,46.77017190038792,17.13678861565323,17.585544368890698,T1936,G4
W0015F0001T0006Z000C1N160.png,5,15.558508075148621,17.23085026671786,17.13678861565323,17.585544368890698,T1936,G4
W0015F0001T0006Z000C1N160.png,6,54.46088203229613,53.04054990042265,17.13678861565323,17.585544368890698,T1936,G4
W0015F0001T0006Z000C1N160.png,7,25.724762831735823,28.596932082657982,17.13678861565323,17.585544368890698,T1936,G4
W0015F0001T0006Z000C1N160.png,8,47.53802507108027,46.649780564301366,17.13678861565323,17.585544368890698,T1936,G4
W0015F0001T0006Z000C1N160.png,9,5.52957735232766,7.341966379657238,17.13678861565323,17.585544368890698,T1936,G4
W0015F0001T0006Z000C1N160.png,10,31.969631776729457,31.425553082375632,17.13678861565323,17.585544368890698,T1936,G4
W0015F0001T0006Z000C1N162.png,1,45.37431340301511,43.1596791053295,11.33755462404013,10.566634452379828,T1936,G4
W0015F0001T0006Z000C1N162.png,2,2.9136112396840246,5.977365189499969,11.33755462404013,10.566634452379828,T1936,G4
W0015F0001T0006Z000C1N162.png,3,14.472996265668588,15.957315335630629,11.33755462404013,10.566634452379828,T1936,G4
W0015F0001T0006Z000C1N162.png,4,23.902577794904317,24.449714674175993,11.33755462404013,10.566634452379828,T1936,G4
W0015F0001T0006Z000C1N162.png,5,38.05233383606279,38.87982979687601,11.33755462404013,10.566634452379828,T1936,G4
W0015F0001T0006Z000C1N162.png,6,5.285251583181321,15.917928045719306,11.33755462404013,10.566634452379828,T1936,G4
W0015F0001T0006Z000C1N162.png,7,31.812203256963095,32.01072262347769,11.33755462404013,10.566634452379828,T1936,G4
W0015F0001T0006Z000C1N162.png,8,18.847889642743525,19.684064119381272,11.33755462404013,10.566634452379828,T1936,G4
W0015F0001T0006Z000C1N162.png,9,36.6345047660921,34.909443675531435,11.33755462404013,10.566634452379828,T1936,G4
W0015F0001T0006Z000C1N162.png,10,11.586080879922545,6.75184147392752,11.33755462404013,10.566634452379828,T1936,G4
W0015F0001T0006Z000C1N162.png,11,22.486840993760115,23.60936265819517,11.33755462404013,10.566634452379828,T1936,G4
W0015F0001T0006Z000C1N162.png,12,30.146584378554145,30.53679390629922,11.33755462404013,10.566634452379828,T1936,G4
W0015F0001T0006Z000C1N162.png,13,32.008313003228,31.333283762397723,11.33755462404013,10.566634452379828,T1936,G4
W0015F0001T0006Z000C1N162.png,14,38.40669226561772,16.20597802849041,11.33755462404013,10.566634452379828,T1936,G4
W0015F0001T0006Z000C1N162.png,15,25.275306311863222,25.085030716787042,11.33755462404013,10.566634452379828,T1936,G4
W0015F0001T0006Z000C1N162.png,16,24.54821087791071,24.20667059479622,11.33755462404013,10.566634452379828,T1936,G4
W0015F0001T0006Z000C1N162.png,17,35.47774806070235,26.073874640634255,11.33755462404013,10.566634452379828,T1936,G4
W0015F0001T0006Z000C1N162.png,18,28.859230896985785,45.129862590142174,11.33755462404013,10.566634452379828,T1936,G4
W0015F0001T0006Z000C1N162.png,19,35.986718518233154,21.93626036406351,11.33755462404013,10.566634452379828,T1936,G4
W0015F0001T0006Z000C1N165.png,1,42.56398077928121,42.78867115728301,9.897359537899499,10.03063415528772,T1936,G4
W0015F0001T0006Z000C1N165.png,2,21.716752595978775,21.74069846816124,9.897359537899499,10.03063415528772,T1936,G4
W0015F0001T0006Z000C1N165.png,3,21.217886588774828,20.927610425940617,9.897359537899499,10.03063415528772,T1936,G4
W0015F0001T0006Z000C1N165.png,4,30.531789399415437,30.28871677697473,9.897359537899499,10.03063415528772,T1936,G4
W0015F0001T0006Z000C1N165.png,5,18.235226768816588,17.782513249097242,9.897359537899499,10.03063415528772,T1936,G4
W0015F0001T0006Z000C1N165.png,6,42.14925969868254,41.98389863442184,9.897359537899499,10.03063415528772,T1936,G4
W0015F0001T0006Z000C1N169.png,1,55.357464067477935,43.777569891601786,14.745331053076411,16.702428316962344,T1936,G4
W0015F0001T0006Z000C1N169.png,2,32.76721201770071,23.997475371253607,14.745331053076411,16.702428316962344,T1936,G4
W0015F0001T0006Z000C1N169.png,3,35.129774719089404,17.410148894524085,14.745331053076411,16.702428316962344,T1936,G4
W0015F0001T0006Z000C1N169.png,4,43.58567491279221,42.85288039214579,14.745331053076411,16.702428316962344,T1936,G4
W0015F0001T0006Z000C1N169.png,5,61.222157343677644,48.51742177096602,14.745331053076411,16.702428316962344,T1936,G4
W0015F0001T0006Z000C1N169.png,6,63.79702399058426,64.93633783644002,14.745331053076411,16.702428316962344,T1936,G4
W0015F0001T0006Z000C1N169.png,7,75.72795476498591,63.6654105928741,14.745331053076411,16.702428316962344,T1936,G4
W0015F0001T0006Z000C1N17.png,1,24.462579882521034,17.149513807062952,8.381868592875803,7.0952207571824,T1936,G4
W0015F0001T0006Z000C1N17.png,2,26.344762064436694,13.902615825420195,8.381868592875803,7.0952207571824,T1936,G4
W0015F0001T0006Z000C1N17.png,3,11.69303553368767,11.57548631601366,8.381868592875803,7.0952207571824,T1936,G4
W0015F0001T0006Z000C1N17.png,4,7.71612956622485,10.854940587568555,8.381868592875803,7.0952207571824,T1936,G4
W0015F0001T0006Z000C1N17.png,5,20.155491539177795,10.61701370045265,8.381868592875803,7.0952207571824,T1936,G4
W0015F0001T0006Z000C1N17.png,6,31.693933766365223,29.92252482960778,8.381868592875803,7.0952207571824,T1936,G4
W0015F0001T0006Z000C1N17.png,7,27.452430564745665,26.314503593743378,8.381868592875803,7.0952207571824,T1936,G4
W0015F0001T0006Z000C1N17.png,8,18.66143008928642,17.561542947463916,8.381868592875803,7.0952207571824,T1936,G4
W0015F0001T0006Z000C1N17.png,9,9.096330270387618,4.392509505442737,8.381868592875803,7.0952207571824,T1936,G4
W0015F0001T0006Z000C1N17.png,10,34.94377765077155,8.92140168988397,8.381868592875803,7.0952207571824,T1936,G4
W0015F0001T0006Z000C1N17.png,11,35.0731610230757,10.109246042883486,8.381868592875803,7.0952207571824,T1936,G4
W0015F0001T0006Z000C1N17.png,12,21.823576967203202,17.319293937358715,8.381868592875803,7.0952207571824,T1936,G4
W0015F0001T0006Z000C1N17.png,13,24.958781184229384,21.205016559238828,8.381868592875803,7.0952207571824,T1936,G4
W0015F0001T0006Z000C1N17.png,14,23.8508081925267,24.54505717479828,8.381868592875803,7.0952207571824,T1936,G4
W0015F0001T0006Z000C1N170.png,1,33.01852472789497,7.885134022006471,10.647779727142815,16.527684221993276,T1936,G4
W0015F0001T0006Z000C1N170.png,2,20.317368697693734,20.801366885682118,10.647779727142815,16.527684221993276,T1936,G4
W0015F0001T0006Z000C1N170.png,3,42.70469606190558,43.70305878278284,10.647779727142815,16.527684221993276,T1936,G4
W0015F0001T0006Z000C1N170.png,4,48.4000941261779,48.20133798883232,10.647779727142815,16.527684221993276,T1936,G4
W0015F0001T0006Z000C1N171.png,1,33.50609069265857,34.35613388052351,9.757824263320067,10.710596556875256,T1936,G4
W0015F0001T0006Z000C1N171.png,2,20.633983815730673,21.208164660222213,9.757824263320067,10.710596556875256,T1936,G4
W0015F0001T0006Z000C1N171.png,3,16.211058909429017,15.87564165779106,9.757824263320067,10.710596556875256,T1936,G4
W0015F0001T0006Z000C1N171.png,4,33.960495849637184,33.13723869825725,9.757824263320067,10.710596556875256,T1936,G4
W0015F0001T0006Z000C1N171.png,5,35.34917697959655,30.929538893475513,9.757824263320067,10.710596556875256,T1936,G4
W0015F0001T0006Z000C1N171.png,6,29.51026344145124,35.114511713548026,9.757824263320067,10.710596556875256,T1936,G4
W0015F0001T0006Z000C1N171.png,7,22.387442827961976,7.639815234619916,9.757824263320067,10.710596556875256,T1936,G4
W0015F0001T0006Z000C1N171.png,8,21.15196196883675,17.889060264185222,9.757824263320067,10.710596556875256,T1936,G4
W0015F0001T0006Z000C1N171.png,9,33.465790170261,17.970861415121785,9.757824263320067,10.710596556875256,T1936,G4
W0015F0001T0006Z000C1N171.png,10,34.12745400388655,24.406609278607167,9.757824263320067,10.710596556875256,T1936,G4
W0015F0001T0006Z000C1N171.png,11,29.3479049425631,33.1618354932663,9.757824263320067,10.710596556875256,T1936,G4
W0015F0001T0006Z000C1N171.png,12,30.704156052603143,21.796537967165527,9.757824263320067,10.710596556875256,T1936,G4
W0015F0001T0006Z000C1N171.png,13,39.50908023638146,39.295100690437295,9.757824263320067,10.710596556875256,T1936,G4
W0015F0001T0006Z000C1N171.png,14,34.443550915352276,6.300184514542097,9.757824263320067,10.710596556875256,T1936,G4
W0015F0001T0006Z000C1N171.png,15,3.7945290319745393,3.850148036188574,9.757824263320067,10.710596556875256,T1936,G4
W0015F0001T0006Z000C1N171.png,16,10.977030513877887,10.804805743764852,9.757824263320067,10.710596556875256,T1936,G4
W0015F0001T0006Z000C1N171.png,17,27.069121498081646,26.940939418554805,9.757824263320067,10.710596556875256,T1936,G4
W0015F0001T0006Z000C1N171.png,18,11.702213524446663,11.777843186401183,9.757824263320067,10.710596556875256,T1936,G4
W0015F0001T0006Z000C1N173.png,1,63.33073618986071,61.77691175793908,22.773419613723426,20.852750284074546,T1936,G4
W0015F0001T0006Z000C1N173.png,2,21.842587141094548,24.839436103086012,22.773419613723426,20.852750284074546,T1936,G4
W0015F0001T0006Z000C1N173.png,3,8.517573150807973,14.708317516389373,22.773419613723426,20.852750284074546,T1936,G4
W0015F0001T0006Z000C1N173.png,4,15.93388642086728,36.14568899595929,22.773419613723426,20.852750284074546,T1936,G4
W0015F0001T0006Z000C1N173.png,5,17.31011163370313,42.56739652362414,22.773419613723426,20.852750284074546,T1936,G4
W0015F0001T0006Z000C1N173.png,6,31.299723434726737,46.26982257051991,22.773419613723426,20.852750284074546,T1936,G4
W0015F0001T0006Z000C1N173.png,7,43.603876800413715,43.28324329035952,22.773419613723426,20.852750284074546,T1936,G4
W0015F0001T0006Z000C1N173.png,8,33.287920911043166,33.65172884363114,22.773419613723426,20.852750284074546,T1936,G4
W0015F0001T0006Z000C1N173.png,9,37.366207706358836,39.129553980932975,22.773419613723426,20.852750284074546,T1936,G4
W0015F0001T0006Z000C1N173.png,10,48.3638223755891,49.942903256996,22.773419613723426,20.852750284074546,T1936,G4
W0015F0001T0006Z000C1N173.png,11,3.1914802238401734,2.6832333476676298,22.773419613723426,20.852750284074546,T1936,G4
W0015F0001T0006Z000C1N173.png,12,85.90981375045936,87.65383983458297,22.773419613723426,20.852750284074546,T1936,G4
W0015F0001T0006Z000C1N174.png,1,80.9885928018047,81.0664094073474,11.846226273687417,11.89290142675627,T1936,G4
W0015F0001T0006Z000C1N174.png,2,69.5987435806715,69.7494761191004,11.846226273687417,11.89290142675627,T1936,G4
W0015F0001T0006Z000C1N174.png,3,52.18085037918416,52.16078734000144,11.846226273687417,11.89290142675627,T1936,G4
W0015F0001T0006Z000C1N176.png,1,14.538267238767771,13.684028587083398,14.846491243272522,14.230781896537373,T1936,G4
W0015F0001T0006Z000C1N176.png,2,6.518639441637448,8.946696292309737,14.846491243272522,14.230781896537373,T1936,G4
W0015F0001T0006Z000C1N176.png,3,13.317582548581091,14.163400116746482,14.846491243272522,14.230781896537373,T1936,G4
W0015F0001T0006Z000C1N176.png,4,21.597958956310244,20.734036396202583,14.846491243272522,14.230781896537373,T1936,G4
W0015F0001T0006Z000C1N176.png,5,7.660389720001047,7.26607628432604,14.846491243272522,14.230781896537373,T1936,G4
W0015F0001T0006Z000C1N176.png,6,15.554932797488771,14.853394753690125,14.846491243272522,14.230781896537373,T1936,G4
W0015F0001T0006Z000C1N176.png,7,44.68003632088755,43.32226934996011,14.846491243272522,14.230781896537373,T1936,G4
W0015F0001T0006Z000C1N176.png,8,43.32524719903558,42.29289243354775,14.846491243272522,14.230781896537373,T1936,G4
W0015F0001T0006Z000C1N176.png,9,42.27743380400342,41.86800630497269,14.846491243272522,14.230781896537373,T1936,G4
W0015F0001T0006Z000C1N179.png,1,26.911484385422003,24.76214160305441,13.765467669590418,14.528910383508185,T1936,G4
W0015F0001T0006Z000C1N179.png,2,22.790772741849032,19.60867155112758,13.765467669590418,14.528910383508185,T1936,G4
W0015F0001T0006Z000C1N179.png,3,44.90509851350715,45.17612552659513,13.765467669590418,14.528910383508185,T1936,G4
W0015F0001T0006Z000C1N179.png,4,25.704283478366584,20.49414550548522,13.765467669590418,14.528910383508185,T1936,G4
W0015F0001T0006Z000C1N179.png,5,31.943377208609878,31.656504711890545,13.765467669590418,14.528910383508185,T1936,G4
W0015F0001T0006Z000C1N179.png,6,45.6647233442307,44.15350708255771,13.765467669590418,14.528910383508185,T1936,G4
W0015F0001T0006Z000C1N179.png,7,44.11682365176104,42.432299018554254,13.765467669590418,14.528910383508185,T1936,G4
W0015F0001T0006Z000C1N179.png,8,29.0267903911721,28.946022929893303,13.765467669590418,14.528910383508185,T1936,G4
W0015F0001T0006Z000C1N179.png,9,56.48835291914664,56.63880302210261,13.765467669590418,14.528910383508185,T1936,G4
W0015F0001T0006Z000C1N179.png,10,18.962477065474644,18.68530575173962,13.765467669590418,14.528910383508185,T1936,G4
W0015F0001T0006Z000C1N179.png,11,37.141914405819755,36.832603496019786,13.765467669590418,14.528910383508185,T1936,G4
W0015F0001T0006Z000C1N179.png,12,47.72675661096977,47.57620864177803,13.765467669590418,14.528910383508185,T1936,G4
W0015F0001T0006Z000C1N179.png,13,64.24065333479234,63.943587360825326,13.765467669590418,14.528910383508185,T1936,G4
W0015F0001T0006Z000C1N179.png,14,58.8374358806036,58.52900691491795,13.765467669590418,14.528910383508185,T1936,G4
W0015F0001T0006Z000C1N19.png,1,38.03173612562222,34.53521018664532,10.650634755483884,13.607790735687123,T1936,G4
W0015F0001T0006Z000C1N19.png,2,35.6037732140359,35.695558069398906,10.650634755483884,13.607790735687123,T1936,G4
W0015F0001T0006Z000C1N19.png,3,42.85191758531751,44.514435105392174,10.650634755483884,13.607790735687123,T1936,G4
W0015F0001T0006Z000C1N19.png,4,25.7452373052791,25.39225261228784,10.650634755483884,13.607790735687123,T1936,G4
W0015F0001T0006Z000C1N19.png,5,38.11494850123171,38.05731890046812,10.650634755483884,13.607790735687123,T1936,G4
W0015F0001T0006Z000C1N19.png,6,31.92382028418918,29.731531088986156,10.650634755483884,13.607790735687123,T1936,G4
W0015F0001T0006Z000C1N19.png,7,13.57731992961437,12.933087863575617,10.650634755483884,13.607790735687123,T1936,G4
W0015F0001T0006Z000C1N19.png,8,33.711727562631566,33.79352253864768,10.650634755483884,13.607790735687123,T1936,G4
W0015F0001T0006Z000C1N19.png,9,14.951787741273941,15.463266487227388,10.650634755483884,13.607790735687123,T1936,G4
W0015F0001T0006Z000C1N19.png,10,15.037814693608436,16.218349524531334,10.650634755483884,13.607790735687123,T1936,G4
W0015F0001T0006Z000C1N19.png,11,32.30913095260771,23.257662630623564,10.650634755483884,13.607790735687123,T1936,G4
W0015F0001T0006Z000C1N19.png,12,34.18902123230343,10.790670167620037,10.650634755483884,13.607790735687123,T1936,G4
W0015F0001T0006Z000C1N19.png,13,41.58472659242522,42.75887788091534,10.650634755483884,13.607790735687123,T1936,G4
W0015F0001T0006Z000C1N19.png,14,8.655607556196088,48.36594633756079,10.650634755483884,13.607790735687123,T1936,G4
W0015F0001T0006Z000C1N19.png,15,33.622297544362276,58.87746158004399,10.650634755483884,13.607790735687123,T1936,G4
W0015F0001T0006Z000C1N192.png,1,51.86243826556213,49.194020294359966,17.468705585889218,17.228965546667723,T1936,G4
W0015F0001T0006Z000C1N192.png,2,71.62907334493458,71.26499654630396,17.468705585889218,17.228965546667723,T1936,G4
W0015F0001T0006Z000C1N192.png,3,32.492261803264896,32.75322041360631,17.468705585889218,17.228965546667723,T1936,G4
W0015F0001T0006Z000C1N192.png,4,20.38953462547174,19.904177430727017,17.468705585889218,17.228965546667723,T1936,G4
W0015F0001T0006Z000C1N192.png,5,40.42803865664281,39.960889681475486,17.468705585889218,17.228965546667723,T1936,G4
W0015F0001T0006Z000C1N196.png,1,38.35488815123284,68.35705103617994,13.093061908614484,25.146532108514347,T1936,G4
W0015F0001T0006Z000C1N196.png,2,39.05342547356413,24.193827988040805,13.093061908614484,25.146532108514347,T1936,G4
W0015F0001T0006Z000C1N196.png,3,23.194331118194118,29.598673004719643,13.093061908614484,25.146532108514347,T1936,G4
W0015F0001T0006Z000C1N196.png,4,14.165282646478483,14.040788561761026,13.093061908614484,25.146532108514347,T1936,G4
W0015F0001T0006Z000C1N196.png,5,22.258478714902406,17.338445770025277,13.093061908614484,25.146532108514347,T1936,G4
W0015F0001T0006Z000C1N196.png,6,21.46005799900653,35.75169989511505,13.093061908614484,25.146532108514347,T1936,G4
W0015F0001T0006Z000C1N196.png,7,9.128597235500926,5.6555178936497565,13.093061908614484,25.146532108514347,T1936,G4
W0015F0001T0006Z000C1N196.png,8,9.938712535840155,10.50859098224228,13.093061908614484,25.146532108514347,T1936,G4
W0015F0001T0006Z000C1N196.png,9,18.106275617339776,16.13009278501615,13.093061908614484,25.146532108514347,T1936,G4
W0015F0001T0006Z000C1N196.png,10,50.935002472412926,86.67552123590308,13.093061908614484,25.146532108514347,T1936,G4
W0015F0001T0006Z000C1N197.png,1,32.504420551526515,28.557544515686782,7.805257977961156,7.309459506877288,T1936,G4
W0015F0001T0006Z000C1N197.png,2,17.51801014042237,15.563064453630963,7.805257977961156,7.309459506877288,T1936,G4
W0015F0001T0006Z000C1N197.png,3,27.901069913817505,28.383607775796218,7.805257977961156,7.309459506877288,T1936,G4
W0015F0001T0006Z000C1N197.png,4,18.654847314503204,21.695723366866638,7.805257977961156,7.309459506877288,T1936,G4
W0015F0001T0006Z000C1N197.png,5,14.04351260875014,11.595089165606149,7.805257977961156,7.309459506877288,T1936,G4
W0015F0001T0006Z000C1N197.png,6,16.333452519331317,19.384859116400513,7.805257977961156,7.309459506877288,T1936,G4
W0015F0001T0006Z000C1N197.png,7,27.28515601062069,27.18781550105814,7.805257977961156,7.309459506877288,T1936,G4
W0015F0001T0006Z000C1N197.png,8,26.155717752620284,22.598497392933066,7.805257977961156,7.309459506877288,T1936,G4
W0015F0001T0006Z000C1N197.png,9,22.948148206643715,19.020546972499478,7.805257977961156,7.309459506877288,T1936,G4
W0015F0001T0006Z000C1N197.png,10,4.506587789382723,4.572292330991937,7.805257977961156,7.309459506877288,T1936,G4
W0015F0001T0006Z000C1N202.png,1,5.592963904497009,4.968532653683472,13.15225096356419,11.778187607748421,T1936,G4
W0015F0001T0006Z000C1N202.png,2,29.161720729603747,28.43524769131889,13.15225096356419,11.778187607748421,T1936,G4
W0015F0001T0006Z000C1N202.png,3,13.084155198658843,11.107817814632874,13.15225096356419,11.778187607748421,T1936,G4
W0015F0001T0006Z000C1N202.png,4,42.370722897034156,40.730754776951144,13.15225096356419,11.778187607748421,T1936,G4
W0015F0001T0006Z000C1N202.png,5,30.137664572768912,29.947575593870987,13.15225096356419,11.778187607748421,T1936,G4
W0015F0001T0006Z000C1N202.png,6,20.071224195050597,23.027937286948,13.15225096356419,11.778187607748421,T1936,G4
W0015F0001T0006Z000C1N202.png,7,7.7915399763954,26.961766154136246,13.15225096356419,11.778187607748421,T1936,G4
W0015F0001T0006Z000C1N202.png,8,2.6279322010026402,3.559632201983603,13.15225096356419,11.778187607748421,T1936,G4
W0015F0001T0006Z000C1N202.png,9,37.35532903694825,34.774089007203024,13.15225096356419,11.778187607748421,T1936,G4
W0015F0001T0006Z000C1N202.png,10,11.06715071608973,11.838496646283632,13.15225096356419,11.778187607748421,T1936,G4
W0015F0001T0006Z000C1N202.png,11,31.813246389732722,27.455036488294326,13.15225096356419,11.778187607748421,T1936,G4
W0015F0001T0006Z000C1N204.png,1,4.489516154570038,35.209786056250174,14.041888349381342,10.710554996154025,T1936,G4
W0015F0001T0006Z000C1N204.png,2,40.71284993566308,14.22691917806728,14.041888349381342,10.710554996154025,T1936,G4
W0015F0001T0006Z000C1N204.png,3,42.42283862998382,17.60854603592165,14.041888349381342,10.710554996154025,T1936,G4
W0015F0001T0006Z000C1N204.png,4,47.831099012957004,46.49719478903865,14.041888349381342,10.710554996154025,T1936,G4
W0015F0001T0006Z000C1N204.png,5,38.456542799626135,41.00642785208594,14.041888349381342,10.710554996154025,T1936,G4
W0015F0001T0006Z000C1N204.png,6,31.21814214223804,45.34646713532977,14.041888349381342,10.710554996154025,T1936,G4
W0015F0001T0006Z000C1N204.png,7,38.99638865847015,33.50165039372591,14.041888349381342,10.710554996154025,T1936,G4
W0015F0001T0006Z000C1N204.png,8,35.33981739491156,38.83311319404974,14.041888349381342,10.710554996154025,T1936,G4
W0015F0001T0006Z000C1N204.png,9,12.02307922702323,33.36429254575965,14.041888349381342,10.710554996154025,T1936,G4
W0015F0001T0006Z000C1N204.png,10,22.60403008689731,28.468466031302853,14.041888349381342,10.710554996154025,T1936,G4
W0015F0001T0006Z000C1N204.png,11,31.282118324003577,21.842217657659397,14.041888349381342,10.710554996154025,T1936,G4
W0015F0001T0006Z000C1N204.png,12,10.709730993360123,18.015556656284662,14.041888349381342,10.710554996154025,T1936,G4
W0015F0001T0006Z000C1N204.png,13,20.652291774146114,21.014507553595152,14.041888349381342,10.710554996154025,T1936,G4
W0015F0001T0006Z000C1N204.png,14,26.661541809024275,19.54469457083057,14.041888349381342,10.710554996154025,T1936,G4
W0015F0001T0006Z000C1N204.png,15,56.334635858337414,42.71697517659504,14.041888349381342,10.710554996154025,T1936,G4
W0015F0001T0006Z000C1N206.png,1,10.87886659301389,10.863091540534567,11.562573570154202,10.970158237602872,T1936,G4
W0015F0001T0006Z000C1N206.png,2,22.958511559691576,22.92169722724689,11.562573570154202,10.970158237602872,T1936,G4
W0015F0001T0006Z000C1N206.png,3,24.484658189817683,21.06244245640244,11.562573570154202,10.970158237602872,T1936,G4
W0015F0001T0006Z000C1N206.png,4,42.92602660844151,39.51709962889898,11.562573570154202,10.970158237602872,T1936,G4
W0015F0001T0006Z000C1N206.png,5,38.71317530561289,38.55938197464931,11.562573570154202,10.970158237602872,T1936,G4
W0015F0001T0006Z000C1N21.png,1,14.532570831469881,48.61222355254868,10.890439875988006,14.639473009723854,T1936,G4
W0015F0001T0006Z000C1N21.png,2,10.69030766401928,11.070334458825485,10.890439875988006,14.639473009723854,T1936,G4
W0015F0001T0006Z000C1N21.png,3,41.1729187312264,65.07401643911781,10.890439875988006,14.639473009723854,T1936,G4
W0015F0001T0006Z000C1N21.png,4,24.837134085017606,44.30771990083486,10.890439875988006,14.639473009723854,T1936,G4
W0015F0001T0006Z000C1N21.png,5,22.951570807801634,31.32733445830661,10.890439875988006,14.639473009723854,T1936,G4
W0015F0001T0006Z000C1N21.png,6,25.030712983071343,27.820227951902176,10.890439875988006,14.639473009723854,T1936,G4
W0015F0001T0006Z000C1N21.png,7,30.562497232040744,30.620982254551915,10.890439875988006,14.639473009723854,T1936,G4
W0015F0001T0006Z000C1N21.png,8,23.497816839020413,18.380430028833363,10.890439875988006,14.639473009723854,T1936,G4
W0015F0001T0006Z000C1N21.png,9,34.967708553875944,35.381512236362184,10.890439875988006,14.639473009723854,T1936,G4
W0015F0001T0006Z000C1N21.png,10,42.73179352976565,42.97795281583683,10.890439875988006,14.639473009723854,T1936,G4
W0015F0001T0006Z000C1N21.png,11,37.199538380061696,40.32941381189942,10.890439875988006,14.639473009723854,T1936,G4
W0015F0001T0006Z000C1N21.png,12,39.96497492261483,52.23847082086933,10.890439875988006,14.639473009723854,T1936,G4
W0015F0001T0006Z000C1N21.png,13,50.71100191060527,50.929828552018066,10.890439875988006,14.639473009723854,T1936,G4
W0015F0001T0006Z000C1N21.png,14,21.405980783668376,20.851793967421795,10.890439875988006,14.639473009723854,T1936,G4
W0015F0001T0006Z000C1N21.png,15,31.87952480055053,30.705485376112463,10.890439875988006,14.639473009723854,T1936,G4
W0015F0001T0006Z000C1N21.png,16,19.82736579025463,17.964660216282947,10.890439875988006,14.639473009723854,T1936,G4
W0015F0001T0006Z000C1N21.png,17,11.360541168071093,11.134362180135069,10.890439875988006,14.639473009723854,T1936,G4
W0015F0001T0006Z000C1N21.png,18,29.44312620932044,27.55751857736445,10.890439875988006,14.639473009723854,T1936,G4
W0015F0001T0006Z000C1N216.png,1,9.718806096962878,45.40099117860754,18.42733237387457,17.679953822852422,T1936,G4
W0015F0001T0006Z000C1N216.png,2,35.00940841958008,54.97525307441453,18.42733237387457,17.679953822852422,T1936,G4
W0015F0001T0006Z000C1N216.png,3,43.65334064649624,47.35420308419583,18.42733237387457,17.679953822852422,T1936,G4
W0015F0001T0006Z000C1N216.png,4,13.784191698899257,11.464495331095863,18.42733237387457,17.679953822852422,T1936,G4
W0015F0001T0006Z000C1N216.png,5,20.97098274760861,24.820008724088762,18.42733237387457,17.679953822852422,T1936,G4
W0015F0001T0006Z000C1N216.png,6,8.068671324983638,4.231449183965644,18.42733237387457,17.679953822852422,T1936,G4
W0015F0001T0006Z000C1N216.png,7,12.489135220693353,9.640784891110968,18.42733237387457,17.679953822852422,T1936,G4
W0015F0001T0006Z000C1N216.png,8,35.00958898912205,37.108781829762194,18.42733237387457,17.679953822852422,T1936,G4
W0015F0001T0006Z000C1N216.png,9,25.37861478057537,21.808091691461165,18.42733237387457,17.679953822852422,T1936,G4
W0015F0001T0006Z000C1N216.png,10,70.71607438327847,50.045496189855974,18.42733237387457,17.679953822852422,T1936,G4
W0015F0001T0006Z000C1N218.png,1,97.34590381928085,33.304669743884794,25.236724188879137,17.754475047158596,T1936,G4
W0015F0001T0006Z000C1N218.png,2,63.052587164443636,65.7884742325578,25.236724188879137,17.754475047158596,T1936,G4
W0015F0001T0006Z000C1N218.png,3,3.710135070001407,10.043298170729644,25.236724188879137,17.754475047158596,T1936,G4
W0015F0001T0006Z000C1N218.png,4,57.925990675657246,36.70561995090641,25.236724188879137,17.754475047158596,T1936,G4
W0015F0001T0006Z000C1N218.png,5,78.45433603704588,14.378388730981456,25.236724188879137,17.754475047158596,T1936,G4
W0015F0001T0006Z000C1N218.png,6,56.024843395950185,17.066942198675523,25.236724188879137,17.754475047158596,T1936,G4
W0015F0001T0006Z000C1N218.png,7,45.8138946444991,48.56928276960482,25.236724188879137,17.754475047158596,T1936,G4
W0015F0001T0006Z000C1N218.png,8,55.023896922194986,23.540742641948945,25.236724188879137,17.754475047158596,T1936,G4
W0015F0001T0006Z000C1N22.png,1,31.559389242484958,6.681565038632462,7.1107382518022595,16.40516078562252,T1936,G4
W0015F0001T0006Z000C1N22.png,2,22.51192421527327,5.740923256556326,7.1107382518022595,16.40516078562252,T1936,G4
W0015F0001T0006Z000C1N22.png,3,28.12580856489138,8.476266201964062,7.1107382518022595,16.40516078562252,T1936,G4
W0015F0001T0006Z000C1N22.png,4,47.59911226664566,61.91570123153582,7.1107382518022595,16.40516078562252,T1936,G4
W0015F0001T0006Z000C1N22.png,5,22.07780169921246,20.92971459121148,7.1107382518022595,16.40516078562252,T1936,G4
W0015F0001T0006Z000C1N22.png,6,27.620088776886593,21.528819304779507,7.1107382518022595,16.40516078562252,T1936,G4
W0015F0001T0006Z000C1N22.png,7,26.482836471685406,25.41583195503134,7.1107382518022595,16.40516078562252,T1936,G4
W0015F0001T0006Z000C1N22.png,8,29.926714849208217,30.36401586000854,7.1107382518022595,16.40516078562252,T1936,G4
W0015F0001T0006Z000C1N22.png,9,31.766660666223935,31.32619143408209,7.1107382518022595,16.40516078562252,T1936,G4
W0015F0001T0006Z000C1N223.png,1,27.95791538287834,43.767808096271935,18.567717904760837,13.893304821205358,T1936,G4
W0015F0001T0006Z000C1N223.png,2,14.802943842951807,15.991748505276838,18.567717904760837,13.893304821205358,T1936,G4
W0015F0001T0006Z000C1N223.png,3,21.499770619323996,19.72994246269661,18.567717904760837,13.893304821205358,T1936,G4
W0015F0001T0006Z000C1N223.png,4,27.462762963443065,27.07515469905532,18.567717904760837,13.893304821205358,T1936,G4
W0015F0001T0006Z000C1N223.png,5,7.040587258046348,5.937882513528942,18.567717904760837,13.893304821205358,T1936,G4
W0015F0001T0006Z000C1N223.png,6,65.61310704607844,43.30120495794588,18.567717904760837,13.893304821205358,T1936,G4
W0015F0001T0006Z000C1N226.png,1,87.89152019580601,88.24634334318995,21.337898749570716,18.58858172600826,T1936,G4
W0015F0001T0006Z000C1N226.png,2,52.580933826999065,53.61846781108291,21.337898749570716,18.58858172600826,T1936,G4
W0015F0001T0006Z000C1N226.png,3,43.5346116575082,43.796960164809576,21.337898749570716,18.58858172600826,T1936,G4
W0015F0001T0006Z000C1N226.png,4,34.52507618820912,33.87172119320854,21.337898749570716,18.58858172600826,T1936,G4
W0015F0001T0006Z000C1N226.png,5,37.35922047340413,40.51192756543267,21.337898749570716,18.58858172600826,T1936,G4
W0015F0001T0006Z000C1N226.png,6,47.70600876204842,45.53021379284131,21.337898749570716,18.58858172600826,T1936,G4
W0015F0001T0006Z000C1N226.png,7,24.74682777837709,20.96902979421117,21.337898749570716,18.58858172600826,T1936,G4
W0015F0001T0006Z000C1N226.png,8,36.60616087748084,37.084680734185156,21.337898749570716,18.58858172600826,T1936,G4
W0015F0001T0006Z000C1N226.png,9,49.14481958027664,45.95216684724305,21.337898749570716,18.58858172600826,T1936,G4
W0015F0001T0006Z000C1N226.png,10,46.37122611661174,42.85130397834813,21.337898749570716,18.58858172600826,T1936,G4
W0015F0001T0006Z000C1N226.png,11,24.832573449676705,22.88001682722942,21.337898749570716,18.58858172600826,T1936,G4
W0015F0001T0006Z000C1N226.png,12,59.0731293596409,51.13148522442059,21.337898749570716,18.58858172600826,T1936,G4
W0015F0001T0006Z000C1N226.png,13,61.91829486431302,29.44809326221741,21.337898749570716,18.58858172600826,T1936,G4
W0015F0001T0006Z000C1N226.png,14,76.33975188066866,17.92446135006419,21.337898749570716,18.58858172600826,T1936,G4
W0015F0001T0006Z000C1N226.png,15,88.87145796673269,18.072830412823045,21.337898749570716,18.58858172600826,T1936,G4
W0015F0001T0006Z000C1N226.png,16,91.8763855954288,6.373584507756427,21.337898749570716,18.58858172600826,T1936,G4
W0015F0001T0006Z000C1N227.png,1,14.712146945238054,10.833434749246456,16.442028044174833,14.122198868881085,T1936,G4
W0015F0001T0006Z000C1N227.png,2,9.58637132063125,14.907289247400035,16.442028044174833,14.122198868881085,T1936,G4
W0015F0001T0006Z000C1N227.png,3,60.61642848866702,32.39655594629356,16.442028044174833,14.122198868881085,T1936,G4
W0015F0001T0006Z000C1N227.png,4,51.52810322537756,17.66477774062728,16.442028044174833,14.122198868881085,T1936,G4
W0015F0001T0006Z000C1N227.png,5,8.476896507510986,9.533595025163285,16.442028044174833,14.122198868881085,T1936,G4
W0015F0001T0006Z000C1N227.png,6,36.16062566733355,35.39998214512989,16.442028044174833,14.122198868881085,T1936,G4
W0015F0001T0006Z000C1N227.png,7,30.854964506875895,31.037320348068263,16.442028044174833,14.122198868881085,T1936,G4
W0015F0001T0006Z000C1N227.png,8,39.88624630130233,32.43267302338934,16.442028044174833,14.122198868881085,T1936,G4
W0015F0001T0006Z000C1N227.png,9,40.7388351784628,14.188736397413557,16.442028044174833,14.122198868881085,T1936,G4
W0015F0001T0006Z000C1N227.png,10,48.605544204605195,33.85982186080587,16.442028044174833,14.122198868881085,T1936,G4
W0015F0001T0006Z000C1N227.png,11,55.416048628207854,46.00128000433053,16.442028044174833,14.122198868881085,T1936,G4
W0015F0001T0006Z000C1N227.png,12,22.516026529180916,29.756960340178615,16.442028044174833,14.122198868881085,T1936,G4
W0015F0001T0006Z000C1N227.png,13,21.173708725917955,24.428997961088513,16.442028044174833,14.122198868881085,T1936,G4
W0015F0001T0006Z000C1N227.png,14,16.51935570088558,20.9649191272922,16.442028044174833,14.122198868881085,T1936,G4
W0015F0001T0006Z000C1N227.png,15,47.67909818894866,47.0720351497503,16.442028044174833,14.122198868881085,T1936,G4
W0015F0001T0006Z000C1N227.png,16,32.5905978980913,31.747200428897692,16.442028044174833,14.122198868881085,T1936,G4
W0015F0001T0006Z000C1N227.png,17,19.87775525777532,19.091260156790458,16.442028044174833,14.122198868881085,T1936,G4
W0015F0001T0006Z000C1N227.png,18,34.29522937860594,35.5583821258271,16.442028044174833,14.122198868881085,T1936,G4
W0015F0001T0006Z000C1N227.png,19,34.11045140016254,29.70665367597697,16.442028044174833,14.122198868881085,T1936,G4
W0015F0001T0006Z000C1N227.png,20,63.7248009844603,60.16939490836795,16.442028044174833,14.122198868881085,T1936,G4
W0015F0001T0006Z000C1N227.png,21,22.95853683039612,17.991344598097765,16.442028044174833,14.122198868881085,T1936,G4
W0015F0001T0006Z000C1N227.png,22,29.227112787618864,27.76948671627439,16.442028044174833,14.122198868881085,T1936,G4
W0015F0001T0006Z000C1N227.png,23,43.936025319257695,38.50261425471423,16.442028044174833,14.122198868881085,T1936,G4
W0015F0001T0006Z000C1N227.png,24,29.774887743954324,23.59824026385827,16.442028044174833,14.122198868881085,T1936,G4
W0015F0001T0006Z000C1N227.png,25,30.650897388830998,23.735392900737068,16.442028044174833,14.122198868881085,T1936,G4
W0015F0001T0006Z000C1N227.png,26,21.05183129309285,20.58726093852948,16.442028044174833,14.122198868881085,T1936,G4
W0015F0001T0006Z000C1N227.png,27,36.7677287173274,29.061383317602626,16.442028044174833,14.122198868881085,T1936,G4
W0015F0001T0006Z000C1N227.png,28,43.306086254524885,35.63194841196282,16.442028044174833,14.122198868881085,T1936,G4
W0015F0001T0006Z000C1N227.png,29,18.756621408866284,11.915134826052677,16.442028044174833,14.122198868881085,T1936,G4
W0015F0001T0006Z000C1N227.png,30,22.834950257579287,22.487853588721578,16.442028044174833,14.122198868881085,T1936,G4
W0015F0001T0006Z000C1N227.png,31,73.9597782092169,67.14933825058358,16.442028044174833,14.122198868881085,T1936,G4
W0015F0001T0006Z000C1N227.png,32,13.214860431082057,1.6449257731798406,16.442028044174833,14.122198868881085,T1936,G4
W0015F0001T0006Z000C1N227.png,33,6.17279125658538,4.88617765953684,16.442028044174833,14.122198868881085,T1936,G4
W0015F0001T0006Z000C1N231.png,1,39.02318823237112,49.92494240962434,10.784000561272023,10.425860364474548,T1936,G4
W0015F0001T0006Z000C1N231.png,2,14.552820127346148,26.518961964307564,10.784000561272023,10.425860364474548,T1936,G4
W0015F0001T0006Z000C1N231.png,3,22.519607453852334,19.824817672349102,10.784000561272023,10.425860364474548,T1936,G4
W0015F0001T0006Z000C1N231.png,4,26.9563621354748,14.70186707585144,10.784000561272023,10.425860364474548,T1936,G4
W0015F0001T0006Z000C1N231.png,5,27.825886991967995,14.712304132776145,10.784000561272023,10.425860364474548,T1936,G4
W0015F0001T0006Z000C1N231.png,6,25.96274149806133,16.195667389827832,10.784000561272023,10.425860364474548,T1936,G4
W0015F0001T0006Z000C1N231.png,7,27.906807481592743,28.163068123639526,10.784000561272023,10.425860364474548,T1936,G4
W0015F0001T0006Z000C1N231.png,8,42.95826451099905,14.294449094766101,10.784000561272023,10.425860364474548,T1936,G4
W0015F0001T0006Z000C1N231.png,9,47.59270498811109,7.635386844951625,10.784000561272023,10.425860364474548,T1936,G4
W0015F0001T0006Z000C1N231.png,10,39.13393857429191,29.893937362482376,10.784000561272023,10.425860364474548,T1936,G4
W0015F0001T0006Z000C1N231.png,11,40.24054758423154,10.703841583353986,10.784000561272023,10.425860364474548,T1936,G4
W0015F0001T0006Z000C1N231.png,12,17.48962296932334,22.905585439084565,10.784000561272023,10.425860364474548,T1936,G4
W0015F0001T0006Z000C1N231.png,13,31.168068298553337,10.082764799382845,10.784000561272023,10.425860364474548,T1936,G4
W0015F0001T0006Z000C1N231.png,14,16.342816579563664,16.150761822218062,10.784000561272023,10.425860364474548,T1936,G4
W0015F0001T0006Z000C1N231.png,15,15.855286628518773,8.850932692821168,10.784000561272023,10.425860364474548,T1936,G4
W0015F0001T0006Z000C1N231.png,16,28.743106190959267,10.904375363541442,10.784000561272023,10.425860364474548,T1936,G4
W0015F0001T0006Z000C1N231.png,17,14.469737912385387,9.757599284744835,10.784000561272023,10.425860364474548,T1936,G4
W0015F0001T0006Z000C1N231.png,18,10.723964080637595,6.718777822625715,10.784000561272023,10.425860364474548,T1936,G4
W0015F0001T0006Z000C1N27.png,1,54.61555120375576,49.78324425491312,1.6100105957112518,4.1258864565099564,T1936,G4
W0015F0001T0006Z000C1N27.png,2,57.83557239517826,58.035017167933034,1.6100105957112518,4.1258864565099564,T1936,G4
W0015F0001T0006Z000C1N36.png,1,4.917470416772732,5.340294950802183,12.733899139970127,13.864061118519476,T1936,G4
W0015F0001T0006Z000C1N36.png,2,19.472203618926223,17.484085656834942,12.733899139970127,13.864061118519476,T1936,G4
W0015F0001T0006Z000C1N36.png,3,16.511737696178045,16.209007141624454,12.733899139970127,13.864061118519476,T1936,G4
W0015F0001T0006Z000C1N36.png,4,26.412265823821084,11.78467587513246,12.733899139970127,13.864061118519476,T1936,G4
W0015F0001T0006Z000C1N36.png,5,26.95628340734294,26.746453903059958,12.733899139970127,13.864061118519476,T1936,G4
W0015F0001T0006Z000C1N36.png,6,31.61255885116283,31.278106835998376,12.733899139970127,13.864061118519476,T1936,G4
W0015F0001T0006Z000C1N36.png,7,35.579425362066914,35.01658962261769,12.733899139970127,13.864061118519476,T1936,G4
W0015F0001T0006Z000C1N36.png,8,50.44718202437533,51.50781886750788,12.733899139970127,13.864061118519476,T1936,G4
W0015F0001T0006Z000C1N37.png,1,27.596181154129738,26.963111264141926,11.291535650688123,10.922986283359165,T1936,G4
W0015F0001T0006Z000C1N37.png,2,34.89936762987858,33.60254486638006,11.291535650688123,10.922986283359165,T1936,G4
W0015F0001T0006Z000C1N37.png,3,10.355149376495307,21.92874403372343,11.291535650688123,10.922986283359165,T1936,G4
W0015F0001T0006Z000C1N37.png,4,22.39029635024991,26.81511064006628,11.291535650688123,10.922986283359165,T1936,G4
W0015F0001T0006Z000C1N37.png,5,19.283251985754795,34.148679842856396,11.291535650688123,10.922986283359165,T1936,G4
W0015F0001T0006Z000C1N37.png,6,11.072567806974273,11.044831964857632,11.291535650688123,10.922986283359165,T1936,G4
W0015F0001T0006Z000C1N37.png,7,7.500576748124748,43.80397074239257,11.291535650688123,10.922986283359165,T1936,G4
W0015F0001T0006Z000C1N37.png,8,36.64745595538656,37.010908215535885,11.291535650688123,10.922986283359165,T1936,G4
W0015F0001T0006Z000C1N37.png,9,4.98317785253559,25.641541070170224,11.291535650688123,10.922986283359165,T1936,G4
W0015F0001T0006Z000C1N37.png,10,9.457443982381431,10.075381628894284,11.291535650688123,10.922986283359165,T1936,G4
W0015F0001T0006Z000C1N37.png,11,11.080513425729773,11.270237949684375,11.291535650688123,10.922986283359165,T1936,G4
W0015F0001T0006Z000C1N37.png,12,32.200710325532526,15.484851056593925,11.291535650688123,10.922986283359165,T1936,G4
W0015F0001T0006Z000C1N37.png,13,19.846641277986876,34.9225517066157,11.291535650688123,10.922986283359165,T1936,G4
W0015F0001T0006Z000C1N37.png,14,38.166545105516676,10.64823983660285,11.291535650688123,10.922986283359165,T1936,G4
W0015F0001T0006Z000C1N38.png,1,25.18464983887787,25.920421682444964,11.663044304423625,11.837306453340654,T1936,G4
W0015F0001T0006Z000C1N38.png,2,24.092849850221263,23.665095247532946,11.663044304423625,11.837306453340654,T1936,G4
W0015F0001T0006Z000C1N38.png,3,32.02157434032801,32.17884943413416,11.663044304423625,11.837306453340654,T1936,G4
W0015F0001T0006Z000C1N38.png,4,17.81888953944736,17.461043691283784,11.663044304423625,11.837306453340654,T1936,G4
W0015F0001T0006Z000C1N38.png,5,8.187044867066772,7.468770660980369,11.663044304423625,11.837306453340654,T1936,G4
W0015F0001T0006Z000C1N38.png,6,18.482261334614524,17.737238201930833,11.663044304423625,11.837306453340654,T1936,G4
W0015F0001T0006Z000C1N38.png,7,15.803282374617751,15.212928578665714,11.663044304423625,11.837306453340654,T1936,G4
W0015F0001T0006Z000C1N38.png,8,47.814235511524586,47.835139160023886,11.663044304423625,11.837306453340654,T1936,G4
W0015F0001T0006Z000C1N38.png,9,8.440495935385758,8.723886029837072,11.663044304423625,11.837306453340654,T1936,G4
W0015F0001T0006Z000C1N43.png,1,18.867444731044326,18.643503070991905,16.41495791789593,16.800350377265225,T1936,G4
W0015F0001T0006Z000C1N43.png,2,9.783975079587039,9.706401024637726,16.41495791789593,16.800350377265225,T1936,G4
W0015F0001T0006Z000C1N43.png,3,48.24689399176253,48.963299706976926,16.41495791789593,16.800350377265225,T1936,G4
W0015F0001T0006Z000C1N44.png,1,43.85299393115506,35.22197804592396,12.728194275777922,11.138736760200981,T1936,G4
W0015F0001T0006Z000C1N44.png,2,49.230033990343436,26.796725071689124,12.728194275777922,11.138736760200981,T1936,G4
W0015F0001T0006Z000C1N44.png,3,19.19609330034845,31.710800753175764,12.728194275777922,11.138736760200981,T1936,G4
W0015F0001T0006Z000C1N44.png,4,18.424767879066962,35.6178809264034,12.728194275777922,11.138736760200981,T1936,G4
W0015F0001T0006Z000C1N44.png,5,41.31213272246906,18.903954595399686,12.728194275777922,11.138736760200981,T1936,G4
W0015F0001T0006Z000C1N44.png,6,22.440590375403822,46.22761754075331,12.728194275777922,11.138736760200981,T1936,G4
W0015F0001T0006Z000C1N44.png,7,7.904321211435995,32.469075369871035,12.728194275777922,11.138736760200981,T1936,G4
W0015F0001T0006Z000C1N44.png,8,25.231666144791703,43.13713439926451,12.728194275777922,11.138736760200981,T1936,G4
W0015F0001T0006Z000C1N44.png,9,27.88256184737877,33.44703054431651,12.728194275777922,11.138736760200981,T1936,G4
W0015F0001T0006Z000C1N44.png,10,15.50860133776635,7.240466490091625,12.728194275777922,11.138736760200981,T1936,G4
W0015F0001T0006Z000C1N44.png,11,14.542809118329034,15.901876218385446,12.728194275777922,11.138736760200981,T1936,G4
W0015F0001T0006Z000C1N49.png,1,29.218590028381165,28.717921783601522,6.407162590814943,6.380744264541786,T1936,G4
W0015F0001T0006Z000C1N49.png,2,16.40426484675128,15.95643325451795,6.407162590814943,6.380744264541786,T1936,G4
W0015F0001T0006Z000C1N56.png,1,72.27243147861238,72.42825374183002,22.45066168166339,22.156681841585847,T1936,G4
W0015F0001T0006Z000C1N56.png,2,22.14362786139428,24.995661965497735,22.45066168166339,22.156681841585847,T1936,G4
W0015F0001T0006Z000C1N56.png,3,54.11000405491532,54.878565927744106,22.45066168166339,22.156681841585847,T1936,G4
W0015F0001T0006Z000C1N56.png,4,13.924958851369903,24.833705634240747,22.45066168166339,22.156681841585847,T1936,G4
W0015F0001T0006Z000C1N56.png,5,9.01852210506945,8.570754832351776,22.45066168166339,22.156681841585847,T1936,G4
W0015F0001T0006Z000C1N56.png,6,14.145401482593726,13.061204943029567,22.45066168166339,22.156681841585847,T1936,G4
W0015F0001T0006Z000C1N56.png,7,17.55322666984006,15.11332699077573,22.45066168166339,22.156681841585847,T1936,G4
W0015F0001T0006Z000C1N58.png,1,34.752754915928314,15.74356305852578,17.659012064373517,5.340246777953125,T1936,G4
W0015F0001T0006Z000C1N58.png,2,9.520749182030826,5.669499544399248,17.659012064373517,5.340246777953125,T1936,G4
W0015F0001T0006Z000C1N58.png,3,22.383474048765976,20.44545384968537,17.659012064373517,5.340246777953125,T1936,G4
W0015F0001T0006Z000C1N58.png,4,57.41359818322377,14.315219503013358,17.659012064373517,5.340246777953125,T1936,G4
W0015F0001T0006Z000C1N59.png,1,35.046272805494276,35.39403560603499,7.71154049462049,7.9248045147147135,T1936,G4
W0015F0001T0006Z000C1N59.png,2,25.24409078196813,25.397952287730416,7.71154049462049,7.9248045147147135,T1936,G4
W0015F0001T0006Z000C1N59.png,3,46.0137160662693,44.39342876370505,7.71154049462049,7.9248045147147135,T1936,G4
W0015F0001T0006Z000C1N59.png,4,40.8453560670598,25.357478139876726,7.71154049462049,7.9248045147147135,T1936,G4
W0015F0001T0006Z000C1N64.png,1,9.873312398821463,23.255484841765604,9.959148412204277,8.526683867274201,T1936,G4
W0015F0001T0006Z000C1N64.png,2,20.110778409930013,28.002375419210587,9.959148412204277,8.526683867274201,T1936,G4
W0015F0001T0006Z000C1N64.png,3,29.622217284021247,30.83594458599771,9.959148412204277,8.526683867274201,T1936,G4
W0015F0001T0006Z000C1N64.png,4,29.67942486956173,29.766860132587823,9.959148412204277,8.526683867274201,T1936,G4
W0015F0001T0006Z000C1N64.png,5,32.725503627936895,34.940598313887904,9.959148412204277,8.526683867274201,T1936,G4
W0015F0001T0006Z000C1N64.png,6,26.46587055679221,24.623587641565134,9.959148412204277,8.526683867274201,T1936,G4
W0015F0001T0006Z000C1N64.png,7,36.85085432054135,35.11026524469574,9.959148412204277,8.526683867274201,T1936,G4
W0015F0001T0006Z000C1N64.png,8,31.270301167003637,32.546463037905276,9.959148412204277,8.526683867274201,T1936,G4
W0015F0001T0006Z000C1N64.png,9,22.179729249587286,23.233056628074987,9.959148412204277,8.526683867274201,T1936,G4
W0015F0001T0006Z000C1N64.png,10,12.892422218885999,13.372160495725202,9.959148412204277,8.526683867274201,T1936,G4
W0015F0001T0006Z000C1N64.png,11,22.846002615994056,20.18833240535223,9.959148412204277,8.526683867274201,T1936,G4
W0015F0001T0006Z000C1N64.png,12,18.99875832369587,17.47411024546627,9.959148412204277,8.526683867274201,T1936,G4
W0015F0001T0006Z000C1N64.png,13,25.41361488742208,24.306222156557588,9.959148412204277,8.526683867274201,T1936,G4
W0015F0001T0006Z000C1N64.png,14,31.018153616574125,30.5117622658925,9.959148412204277,8.526683867274201,T1936,G4
W0015F0001T0006Z000C1N64.png,15,25.656941252707252,22.7813588003882,9.959148412204277,8.526683867274201,T1936,G4
W0015F0001T0006Z000C1N64.png,16,42.3321859735811,41.143184129738216,9.959148412204277,8.526683867274201,T1936,G4
W0015F0001T0006Z000C1N64.png,17,47.32884825837584,45.38669883709429,9.959148412204277,8.526683867274201,T1936,G4
W0015F0001T0006Z000C1N64.png,18,45.547409518723185,43.12545684417762,9.959148412204277,8.526683867274201,T1936,G4
W0015F0001T0006Z000C1N66.png,1,46.237210456001264,42.79893181787618,13.073509809563632,12.700850345888792,T1936,G4
W0015F0001T0006Z000C1N66.png,2,16.546279877295014,13.255763955760141,13.073509809563632,12.700850345888792,T1936,G4
W0015F0001T0006Z000C1N66.png,3,12.90843823929828,7.679915130280906,13.073509809563632,12.700850345888792,T1936,G4
W0015F0001T0006Z000C1N66.png,4,31.826565152920697,5.94886302732183,13.073509809563632,12.700850345888792,T1936,G4
W0015F0001T0006Z000C1N66.png,5,7.415915004630439,7.663319309755272,13.073509809563632,12.700850345888792,T1936,G4
W0015F0001T0006Z000C1N66.png,6,17.93466044718724,17.60884698334999,13.073509809563632,12.700850345888792,T1936,G4
W0015F0001T0006Z000C1N70.png,1,8.66632018867543,7.33350378589783,9.721725003193233,8.861327296930813,T1936,G4
W0015F0001T0006Z000C1N70.png,2,25.034047327052665,25.0957350758763,9.721725003193233,8.861327296930813,T1936,G4
W0015F0001T0006Z000C1N70.png,3,29.686515836436524,29.75908187533556,9.721725003193233,8.861327296930813,T1936,G4
W0015F0001T0006Z000C1N70.png,4,40.59144224010798,30.5319004394493,9.721725003193233,8.861327296930813,T1936,G4
W0015F0001T0006Z000C1N70.png,5,28.396955487735035,28.126468927897214,9.721725003193233,8.861327296930813,T1936,G4
W0015F0001T0006Z000C1N70.png,6,38.336277602921086,37.80175846437782,9.721725003193233,8.861327296930813,T1936,G4
W0015F0001T0006Z000C1N70.png,7,32.16792354104725,31.633076239914516,9.721725003193233,8.861327296930813,T1936,G4
W0015F0001T0006Z000C1N75.png,1,12.811307650426123,12.675932705595903,9.192521085541527,17.150747531767387,T1936,G4
W0015F0001T0006Z000C1N75.png,2,37.728847695547536,57.67371521623826,9.192521085541527,17.150747531767387,T1936,G4
W0015F0001T0006Z000C1N75.png,3,27.553867475305687,26.843768198916226,9.192521085541527,17.150747531767387,T1936,G4
W0015F0001T0006Z000C1N75.png,4,40.86424717929922,12.568320851266543,9.192521085541527,17.150747531767387,T1936,G4
W0015F0001T0006Z000C1N75.png,5,28.805246971453304,5.664882536168472,9.192521085541527,17.150747531767387,T1936,G4
W0015F0001T0006Z000C1N75.png,6,23.82006657431792,16.8913036380568,9.192521085541527,17.150747531767387,T1936,G4
W0015F0001T0006Z000C1N76.png,1,28.749827036561367,29.170328829712272,17.104751804804756,17.13892631655071,T1936,G4
W0015F0001T0006Z000C1N76.png,2,18.677078368593428,19.46693811943435,17.104751804804756,17.13892631655071,T1936,G4
W0015F0001T0006Z000C1N76.png,3,58.699035724161575,58.38259784921303,17.104751804804756,17.13892631655071,T1936,G4
W0015F0001T0006Z000C1N76.png,4,12.806248474865697,12.478520327276073,17.104751804804756,17.13892631655071,T1936,G4
W0015F0001T0006Z000C1N76.png,5,5.876091438696699,5.361348744173701,17.104751804804756,17.13892631655071,T1936,G4
W0015F0001T0006Z000C1N76.png,6,17.110626775052406,16.658653217571924,17.104751804804756,17.13892631655071,T1936,G4
W0015F0001T0006Z000C1N79.png,1,35.59166315127146,34.210644242076675,22.556748545997863,19.432846290149367,T1936,G4
W0015F0001T0006Z000C1N79.png,2,40.6369426890251,55.77280222133804,22.556748545997863,19.432846290149367,T1936,G4
W0015F0001T0006Z000C1N79.png,3,10.753965906401664,10.500886735043958,22.556748545997863,19.432846290149367,T1936,G4
W0015F0001T0006Z000C1N79.png,4,80.6385155721891,66.82931390918237,22.556748545997863,19.432846290149367,T1936,G4
W0015F0001T0006Z000C1N79.png,5,35.590984464797266,35.78252113478421,22.556748545997863,19.432846290149367,T1936,G4
W0015F0001T0006Z000C1N82.png,1,57.13619267818473,56.66820973105168,18.329528550009044,17.18156595520574,T1936,G4
W0015F0001T0006Z000C1N82.png,2,7.8761187702908835,8.039963045144608,18.329528550009044,17.18156595520574,T1936,G4
W0015F0001T0006Z000C1N82.png,3,41.28425909958501,31.043546735340307,18.329528550009044,17.18156595520574,T1936,G4
W0015F0001T0006Z000C1N82.png,4,12.04113379654328,12.845892745184187,18.329528550009044,17.18156595520574,T1936,G4
W0015F0001T0006Z000C1N82.png,5,34.03418268489729,34.7552776253325,18.329528550009044,17.18156595520574,T1936,G4
W0015F0001T0006Z000C1N82.png,6,10.726391531876644,10.714886427088274,18.329528550009044,17.18156595520574,T1936,G4
W0015F0001T0006Z000C1N84.png,1,39.27453201701645,37.265977599142,12.113024896118667,12.22139196161116,T1936,G4
W0015F0001T0006Z000C1N84.png,2,28.256759270030322,36.19328692234631,12.113024896118667,12.22139196161116,T1936,G4
W0015F0001T0006Z000C1N84.png,3,13.921248397341254,8.95789426276034,12.113024896118667,12.22139196161116,T1936,G4
W0015F0001T0006Z000C1N84.png,4,52.65581016571406,36.06717125392605,12.113024896118667,12.22139196161116,T1936,G4
W0015F0001T0006Z000C1N84.png,5,35.619029373944386,9.45145346995964,12.113024896118667,12.22139196161116,T1936,G4
W0015F0001T0006Z000C1N84.png,6,25.06325854282439,24.76325379226944,12.113024896118667,12.22139196161116,T1936,G4
W0015F0001T0006Z000C1N89.png,1,35.51975369995494,30.672744283205464,22.754188029389304,22.928528293833622,T1936,G4
W0015F0001T0006Z000C1N89.png,2,58.2312603946568,58.23238654915994,22.754188029389304,22.928528293833622,T1936,G4
W0015F0001T0006Z000C1N89.png,3,12.455003654584102,12.312476519648877,22.754188029389304,22.928528293833622,T1936,G4
W0015F0001T0006Z000C1N89.png,4,64.8973413355881,64.92518751734515,22.754188029389304,22.928528293833622,T1936,G4
W0015F0001T0006Z000C1N89.png,5,9.449224686761909,9.31111603825144,22.754188029389304,22.928528293833622,T1936,G4
W0015F0001T0006Z000C1N90.png,1,10.475518899675492,49.097857086951905,10.46727037363935,13.787879830607007,T1936,G4
W0015F0001T0006Z000C1N90.png,2,21.971832674417534,32.73188528047186,10.46727037363935,13.787879830607007,T1936,G4
W0015F0001T0006Z000C1N90.png,3,38.93373653280953,27.63986365155097,10.46727037363935,13.787879830607007,T1936,G4
W0015F0001T0006Z000C1N90.png,4,37.407465240589744,17.86609967621365,10.46727037363935,13.787879830607007,T1936,G4
W0015F0001T0006Z000C1N90.png,5,47.24231229148743,58.21949385186309,10.46727037363935,13.787879830607007,T1936,G4
W0015F0001T0006Z000C1N90.png,6,28.58583837932091,17.490296221776724,10.46727037363935,13.787879830607007,T1936,G4
W0015F0001T0006Z000C1N90.png,7,44.317185391921015,44.648790168700195,10.46727037363935,13.787879830607007,T1936,G4
W0015F0001T0006Z000C1N90.png,8,25.289740274721243,45.291886936094905,10.46727037363935,13.787879830607007,T1936,G4
W0015F0001T0006Z000C1N90.png,9,35.414193160416964,47.44045551604936,10.46727037363935,13.787879830607007,T1936,G4
W0015F0001T0006Z000C1N90.png,10,33.80432191106623,53.521373631231036,10.46727037363935,13.787879830607007,T1936,G4
W0015F0001T0006Z000C1N92.png,1,34.926819710665846,26.555609994280506,11.761412619775328,4.045161065062548,T1936,G4
W0015F0001T0006Z000C1N92.png,2,55.45998585397878,17.05943762530176,11.761412619775328,4.045161065062548,T1936,G4
W0015F0001T0006Z000C1N92.png,3,29.75614367309477,18.670609075263116,11.761412619775328,4.045161065062548,T1936,G4
W0015F0001T0006Z000C1N92.png,4,43.49776260196921,19.523022258929085,11.761412619775328,4.045161065062548,T1936,G4
W0015F0001T0006Z000C1N92.png,5,60.691753137939294,26.474705814310575,11.761412619775328,4.045161065062548,T1936,G4
W0015F0001T0006Z000C1N93.png,1,58.320254542309875,58.11511179604025,15.575491979648225,14.631878645735883,T1936,G4
W0015F0001T0006Z000C1N93.png,2,35.890782051017354,21.10765761263265,15.575491979648225,14.631878645735883,T1936,G4
W0015F0001T0006Z000C1N93.png,3,30.63184338331321,17.934140546958098,15.575491979648225,14.631878645735883,T1936,G4
W0015F0001T0006Z000C1N93.png,4,45.47293363955971,30.548460188384983,15.575491979648225,14.631878645735883,T1936,G4
W0015F0001T0006Z000C1N93.png,5,18.266225114949066,18.291207379260246,15.575491979648225,14.631878645735883,T1936,G4
W0015F0001T0006Z000C1N93.png,6,36.411742861940965,36.69268372176069,15.575491979648225,14.631878645735883,T1936,G4
W0015F0001T0006Z000C1N93.png,7,9.097174781342481,9.092851815217898,15.575491979648225,14.631878645735883,T1936,G4
W0015F0001T0006Z000C1N93.png,8,48.590330366827764,42.011209763583985,15.575491979648225,14.631878645735883,T1936,G4
W0015F0001T0006Z000C1N93.png,9,55.82555743205727,16.10635330991037,15.575491979648225,14.631878645735883,T1936,G4
W0015F0001T0006Z000C1N94.png,1,64.37994192866597,52.18004790606447,17.67185325725625,19.015138603632376,T1936,G4
W0015F0001T0006Z000C1N94.png,2,72.72365786752434,66.96924205460425,17.67185325725625,19.015138603632376,T1936,G4
W0015F0001T0006Z000C1N94.png,3,41.45657049784464,30.827522100927336,17.67185325725625,19.015138603632376,T1936,G4
W0015F0001T0006Z000C1N94.png,4,26.28626747275132,27.645251857510186,17.67185325725625,19.015138603632376,T1936,G4
W0015F0001T0006Z000C1N94.png,5,26.76986698874999,8.796631303530885,17.67185325725625,19.015138603632376,T1936,G4
W0015F0001T0006Z000C1N94.png,6,24.391961870330256,16.117470539561033,17.67185325725625,19.015138603632376,T1936,G4
W0015F0001T0006Z000C1N94.png,7,25.32270585236329,13.317919337351661,17.67185325725625,19.015138603632376,T1936,G4
W0015F0001T0006Z000C1N94.png,8,43.42046003748735,19.52302225892909,17.67185325725625,19.015138603632376,T1936,G4
W0015F0002T0006Z000C1N103.png,1,47.76256495586044,47.22036136312869,7.282298587221644,7.326705637191694,T1936,G4
W0015F0002T0006Z000C1N103.png,2,36.62912057109142,35.83946766413193,7.282298587221644,7.326705637191694,T1936,G4
W0015F0002T0006Z000C1N103.png,3,38.92922816230076,38.133277787613245,7.282298587221644,7.326705637191694,T1936,G4
W0015F0002T0006Z000C1N103.png,4,32.051314260279,31.6022382260152,7.282298587221644,7.326705637191694,T1936,G4
W0015F0002T0006Z000C1N103.png,5,39.11013279609005,38.81116582014706,7.282298587221644,7.326705637191694,T1936,G4
W0015F0002T0006Z000C1N103.png,6,32.88373551697929,33.68036567074597,7.282298587221644,7.326705637191694,T1936,G4
W0015F0002T0006Z000C1N103.png,7,53.56337128925138,53.82301294157278,7.282298587221644,7.326705637191694,T1936,G4
W0015F0002T0006Z000C1N104.png,1,34.87921442827018,14.687715909162243,0.0,0.0,T1936,G4
W0015F0002T0006Z000C1N108.png,1,60.35057038301551,60.72348626116989,16.75114022597458,16.643016345618562,T1936,G4
W0015F0002T0006Z000C1N108.png,2,69.92745144805693,69.4603741618662,16.75114022597458,16.643016345618562,T1936,G4
W0015F0002T0006Z000C1N108.png,3,20.406619232844932,20.524806754926963,16.75114022597458,16.643016345618562,T1936,G4
W0015F0002T0006Z000C1N108.png,4,54.30182105620329,54.06070181430168,16.75114022597458,16.643016345618562,T1936,G4
W0015F0002T0006Z000C1N108.png,5,54.90520429011353,55.0102358715722,16.75114022597458,16.643016345618562,T1936,G4
W0015F0002T0006Z000C1N113.png,1,14.748876040039281,13.691412455366216,11.134840319845537,10.897069212565665,T1936,G4
W0015F0002T0006Z000C1N113.png,2,12.797289101458313,11.651410159913878,11.134840319845537,10.897069212565665,T1936,G4
W0015F0002T0006Z000C1N113.png,3,16.659211999504787,8.555241011235774,11.134840319845537,10.897069212565665,T1936,G4
W0015F0002T0006Z000C1N113.png,4,47.74940175051052,44.95261508862176,11.134840319845537,10.897069212565665,T1936,G4
W0015F0002T0006Z000C1N113.png,5,36.67783136937166,32.02780532835905,11.134840319845537,10.897069212565665,T1936,G4
W0015F0002T0006Z000C1N113.png,6,17.93642027162773,18.929027919595704,11.134840319845537,10.897069212565665,T1936,G4
W0015F0002T0006Z000C1N113.png,7,27.92323455655148,28.960323067693206,11.134840319845537,10.897069212565665,T1936,G4
W0015F0002T0006Z000C1N113.png,8,29.773949321774346,28.90704776746944,11.134840319845537,10.897069212565665,T1936,G4
W0015F0002T0006Z000C1N113.png,9,17.592261529265887,17.180547491765555,11.134840319845537,10.897069212565665,T1936,G4
W0015F0002T0006Z000C1N113.png,10,12.754576387954229,13.356942955867867,11.134840319845537,10.897069212565665,T1936,G4
W0015F0002T0006Z000C1N15.png,1,48.30976728831747,48.737056148897075,9.438143617823844,9.647794500871862,T1936,G4
W0015F0002T0006Z000C1N15.png,2,30.199826587999084,29.76011202425464,9.438143617823844,9.647794500871862,T1936,G4
W0015F0002T0006Z000C1N15.png,3,26.8098769644813,27.051600112765392,9.438143617823844,9.647794500871862,T1936,G4
W0015F0002T0006Z000C1N16.png,1,12.797628804794966,12.481369732404971,10.79871544859646,3.2413250219379774,T1936,G4
W0015F0002T0006Z000C1N16.png,2,23.944242585675326,5.41314936629329,10.79871544859646,3.2413250219379774,T1936,G4
W0015F0002T0006Z000C1N16.png,3,26.696373147852565,10.572986338942124,10.79871544859646,3.2413250219379774,T1936,G4
W0015F0002T0006Z000C1N16.png,4,33.88443421360349,6.096681195940812,10.79871544859646,3.2413250219379774,T1936,G4
W0015F0002T0006Z000C1N16.png,5,6.220148288042983,6.095893053496093,10.79871544859646,3.2413250219379774,T1936,G4
W0015F0002T0006Z000C1N16.png,6,36.47876831144567,13.32600782559808,10.79871544859646,3.2413250219379774,T1936,G4
W0015F0002T0006Z000C1N18.png,1,18.645649810672584,19.207983036895858,22.844037215221416,24.365237993924282,T1936,G4
W0015F0002T0006Z000C1N18.png,2,84.76664446239279,84.73401940443239,22.844037215221416,24.365237993924282,T1936,G4
W0015F0002T0006Z000C1N18.png,3,15.66519914004453,14.305672049913644,22.844037215221416,24.365237993924282,T1936,G4
W0015F0002T0006Z000C1N18.png,4,24.516671298318204,23.327720417973396,22.844037215221416,24.365237993924282,T1936,G4
W0015F0002T0006Z000C1N18.png,5,41.30069090873625,41.329278665099814,22.844037215221416,24.365237993924282,T1936,G4
W0015F0002T0006Z000C1N18.png,6,45.44442597868541,5.019111830252969,22.844037215221416,24.365237993924282,T1936,G4
W0015F0002T0006Z000C1N18.png,7,42.72116024556225,42.10298304601551,22.844037215221416,24.365237993924282,T1936,G4
W0015F0002T0006Z000C1N18.png,8,7.82319993889652,8.846132940797036,22.844037215221416,24.365237993924282,T1936,G4
W0015F0002T0006Z000C1N23.png,1,7.0416321194138805,6.982900351803135,10.77581244848776,7.956985592891429,T1936,G4
W0015F0002T0006Z000C1N23.png,2,29.364272694734357,29.05367088612217,10.77581244848776,7.956985592891429,T1936,G4
W0015F0002T0006Z000C1N23.png,3,31.53070155298801,31.392922668525266,10.77581244848776,7.956985592891429,T1936,G4
W0015F0002T0006Z000C1N23.png,4,16.89338660283083,16.902071274165813,10.77581244848776,7.956985592891429,T1936,G4
W0015F0002T0006Z000C1N23.png,5,18.46965102677799,20.000743710559256,10.77581244848776,7.956985592891429,T1936,G4
W0015F0002T0006Z000C1N23.png,6,22.599096478055284,22.048776808869164,10.77581244848776,7.956985592891429,T1936,G4
W0015F0002T0006Z000C1N23.png,7,35.44750015044661,26.27620909436867,10.77581244848776,7.956985592891429,T1936,G4
W0015F0002T0006Z000C1N23.png,8,42.99510575082387,11.388549036688852,10.77581244848776,7.956985592891429,T1936,G4
W0015F0002T0006Z000C1N26.png,1,47.9565029289012,48.462322782510384,10.59441891760821,10.891806659579027,T1936,G4
W0015F0002T0006Z000C1N26.png,2,17.524906192026513,17.548996657418666,10.59441891760821,10.891806659579027,T1936,G4
W0015F0002T0006Z000C1N26.png,3,11.560425284082084,11.105292090127573,10.59441891760821,10.891806659579027,T1936,G4
W0015F0002T0006Z000C1N26.png,4,32.42129655424566,32.28757257496421,10.59441891760821,10.891806659579027,T1936,G4
W0015F0002T0006Z000C1N26.png,5,24.525940584683006,24.01214067162612,10.59441891760821,10.891806659579027,T1936,G4
W0015F0002T0006Z000C1N26.png,6,22.569028581321067,22.500195075859626,10.59441891760821,10.891806659579027,T1936,G4
W0015F0002T0006Z000C1N26.png,7,44.38155707742554,44.462553736906024,10.59441891760821,10.891806659579027,T1936,G4
W0015F0002T0006Z000C1N26.png,8,22.13302587179177,21.902769298156624,10.59441891760821,10.891806659579027,T1936,G4
W0015F0002T0006Z000C1N26.png,9,19.73688267807567,19.816041614114873,10.59441891760821,10.891806659579027,T1936,G4
W0015F0002T0006Z000C1N26.png,10,32.01285470500455,32.01583945146721,10.59441891760821,10.891806659579027,T1936,G4
W0015F0002T0006Z000C1N26.png,11,19.779793182325392,19.279559318690005,10.59441891760821,10.891806659579027,T1936,G4
W0015F0002T0006Z000C1N26.png,12,35.853505759811775,22.9018459161607,10.59441891760821,10.891806659579027,T1936,G4
W0015F0002T0006Z000C1N26.png,13,42.82019107506076,10.813258217946238,10.59441891760821,10.891806659579027,T1936,G4
W0015F0002T0006Z000C1N26.png,14,27.041923638434625,14.840929373906475,10.59441891760821,10.891806659579027,T1936,G4
W0015F0002T0006Z000C1N28.png,1,33.91196705269806,33.39285530778054,25.720953603669415,25.629712176521785,T1936,G4
W0015F0002T0006Z000C1N28.png,2,59.99733028871328,59.293051682684634,25.720953603669415,25.629712176521785,T1936,G4
W0015F0002T0006Z000C1N28.png,3,8.695526145340722,8.7400354744135,25.720953603669415,25.629712176521785,T1936,G4
W0015F0002T0006Z000C1N28.png,4,35.79275855124012,36.542862841740174,25.720953603669415,25.629712176521785,T1936,G4
W0015F0002T0006Z000C1N28.png,5,84.47267316263309,84.50145962542562,25.720953603669415,25.629712176521785,T1936,G4
W0015F0002T0006Z000C1N33.png,1,36.06473648228882,36.439473608516856,6.111519195675649,6.925533525290067,T1936,G4
W0015F0002T0006Z000C1N33.png,2,21.494146708880805,20.639552393362013,6.111519195675649,6.925533525290067,T1936,G4
W0015F0002T0006Z000C1N33.png,3,20.122466697221682,16.443609217271543,6.111519195675649,6.925533525290067,T1936,G4
W0015F0002T0006Z000C1N33.png,4,19.819443199123437,19.742419464039394,6.111519195675649,6.925533525290067,T1936,G4
W0015F0002T0006Z000C1N33.png,5,22.449405388009584,22.58661558299392,6.111519195675649,6.925533525290067,T1936,G4
W0015F0002T0006Z000C1N38.png,1,35.687505819292326,34.83785340542259,15.689687067565718,15.402574071466862,T1936,G4
W0015F0002T0006Z000C1N38.png,2,72.49869074123035,71.38948953357226,15.689687067565718,15.402574071466862,T1936,G4
W0015F0002T0006Z000C1N38.png,3,56.41770751704533,55.1621676353593,15.689687067565718,15.402574071466862,T1936,G4
W0015F0002T0006Z000C1N38.png,4,20.124504516863983,19.71921884134182,15.689687067565718,15.402574071466862,T1936,G4
W0015F0002T0006Z000C1N38.png,5,38.99055349990781,39.708896239451654,15.689687067565718,15.402574071466862,T1936,G4
W0015F0002T0006Z000C1N38.png,6,53.18137467674569,52.14835405881509,15.689687067565718,15.402574071466862,T1936,G4
W0015F0002T0006Z000C1N38.png,7,52.63048510270583,52.40918847413528,15.689687067565718,15.402574071466862,T1936,G4
W0015F0002T0006Z000C1N41.png,1,17.361777867536446,17.90803083984494,11.413784121803998,10.235105263519056,T1936,G4
W0015F0002T0006Z000C1N41.png,2,25.021571335610343,25.463279952369007,11.413784121803998,10.235105263519056,T1936,G4
W0015F0002T0006Z000C1N41.png,3,8.909301809379647,9.288736394070995,11.413784121803998,10.235105263519056,T1936,G4
W0015F0002T0006Z000C1N41.png,4,17.65326206936979,19.516011944611588,11.413784121803998,10.235105263519056,T1936,G4
W0015F0002T0006Z000C1N41.png,5,23.846054069520246,19.435661583636904,11.413784121803998,10.235105263519056,T1936,G4
W0015F0002T0006Z000C1N41.png,6,43.45446420131126,42.990933291379136,11.413784121803998,10.235105263519056,T1936,G4
W0015F0002T0006Z000C1N41.png,7,39.45086332212187,22.133063594372,11.413784121803998,10.235105263519056,T1936,G4
W0015F0002T0006Z000C1N41.png,8,40.65826572215939,40.62892198664985,11.413784121803998,10.235105263519056,T1936,G4
W0015F0002T0006Z000C1N41.png,9,27.504132567064524,10.97575552864291,11.413784121803998,10.235105263519056,T1936,G4
W0015F0002T0006Z000C1N41.png,10,41.31918084481276,20.35792673813074,11.413784121803998,10.235105263519056,T1936,G4
W0015F0002T0006Z000C1N41.png,11,27.96475838567536,16.37337301391282,11.413784121803998,10.235105263519056,T1936,G4
W0015F0002T0006Z000C1N41.png,12,34.69113797270857,35.16137303822107,11.413784121803998,10.235105263519056,T1936,G4
W0015F0002T0006Z000C1N41.png,13,9.742959059228555,15.028708595012832,11.413784121803998,10.235105263519056,T1936,G4
W0015F0002T0006Z000C1N42.png,1,35.19996194266949,24.38860384705225,16.394311132541134,12.870311361825449,T1936,G4
W0015F0002T0006Z000C1N42.png,2,58.39625382033914,48.268435164536356,16.394311132541134,12.870311361825449,T1936,G4
W0015F0002T0006Z000C1N42.png,3,59.26046066610229,50.41171976791195,16.394311132541134,12.870311361825449,T1936,G4
W0015F0002T0006Z000C1N42.png,4,44.74594029253512,37.87233137469192,16.394311132541134,12.870311361825449,T1936,G4
W0015F0002T0006Z000C1N42.png,5,26.398559435999793,21.122651496850757,16.394311132541134,12.870311361825449,T1936,G4
W0015F0002T0006Z000C1N42.png,6,4.036546552187219,9.339194689586979,16.394311132541134,12.870311361825449,T1936,G4
W0015F0002T0006Z000C1N42.png,7,19.69131374662177,25.443154923252656,16.394311132541134,12.870311361825449,T1936,G4
W0015F0002T0006Z000C1N42.png,8,19.136844382524828,18.418752342703296,16.394311132541134,12.870311361825449,T1936,G4
W0015F0002T0006Z000C1N42.png,9,44.691412658519,8.387843324754282,16.394311132541134,12.870311361825449,T1936,G4
W0015F0002T0006Z000C1N42.png,10,32.23358861453266,34.25588969217671,16.394311132541134,12.870311361825449,T1936,G4
W0015F0002T0006Z000C1N42.png,11,63.08678144337947,15.225821431841103,16.394311132541134,12.870311361825449,T1936,G4
W0015F0002T0006Z000C1N42.png,12,55.75029241995629,10.028300489233127,16.394311132541134,12.870311361825449,T1936,G4
W0015F0002T0006Z000C1N42.png,13,31.809043080045974,32.47476021513574,16.394311132541134,12.870311361825449,T1936,G4
W0015F0002T0006Z000C1N42.png,14,31.27787138456938,33.13248495760683,16.394311132541134,12.870311361825449,T1936,G4
W0015F0002T0006Z000C1N42.png,15,32.077384260680645,33.620157952922376,16.394311132541134,12.870311361825449,T1936,G4
W0015F0002T0006Z000C1N47.png,1,83.0562371593808,84.28552661499002,20.288256199809695,22.169370620859215,T1936,G4
W0015F0002T0006Z000C1N47.png,2,75.16399344554297,76.3489555573621,20.288256199809695,22.169370620859215,T1936,G4
W0015F0002T0006Z000C1N47.png,3,51.68311434844553,52.95066079268715,20.288256199809695,22.169370620859215,T1936,G4
W0015F0002T0006Z000C1N47.png,4,41.74002827821959,42.065354473095155,20.288256199809695,22.169370620859215,T1936,G4
W0015F0002T0006Z000C1N47.png,5,27.94571780153165,28.043720649218887,20.288256199809695,22.169370620859215,T1936,G4
W0015F0002T0006Z000C1N47.png,6,24.608198726379094,26.40782319053133,20.288256199809695,22.169370620859215,T1936,G4
W0015F0002T0006Z000C1N47.png,7,39.77462932602628,41.51967412831947,20.288256199809695,22.169370620859215,T1936,G4
W0015F0002T0006Z000C1N47.png,8,25.33623301375955,25.500736548319452,20.288256199809695,22.169370620859215,T1936,G4
W0015F0002T0006Z000C1N47.png,9,24.28355971698341,18.75954041689053,20.288256199809695,22.169370620859215,T1936,G4
W0015F0002T0006Z000C1N47.png,10,23.889504305261845,23.767134022914334,20.288256199809695,22.169370620859215,T1936,G4
W0015F0002T0006Z000C1N47.png,11,18.794471723156725,18.951132015368458,20.288256199809695,22.169370620859215,T1936,G4
W0015F0002T0006Z000C1N47.png,12,41.389883044855345,41.72532119868168,20.288256199809695,22.169370620859215,T1936,G4
W0015F0002T0006Z000C1N47.png,13,12.55762058597421,12.741470454746759,20.288256199809695,22.169370620859215,T1936,G4
W0015F0002T0006Z000C1N47.png,14,51.67975363870797,52.31608975081994,20.288256199809695,22.169370620859215,T1936,G4
W0015F0002T0006Z000C1N47.png,15,23.881520986673827,4.413229891990797,20.288256199809695,22.169370620859215,T1936,G4
W0015F0002T0006Z000C1N47.png,16,20.315604094824817,14.876203366847228,20.288256199809695,22.169370620859215,T1936,G4
W0015F0002T0006Z000C1N47.png,17,49.064849426250035,49.241838656260136,20.288256199809695,22.169370620859215,T1936,G4
W0015F0002T0006Z000C1N47.png,18,9.640707814926008,9.377999826016266,20.288256199809695,22.169370620859215,T1936,G4
W0015F0002T0006Z000C1N47.png,19,65.04153610632054,65.2240575062621,20.288256199809695,22.169370620859215,T1936,G4
W0015F0002T0006Z000C1N53.png,1,10.83339664432275,38.169446531923114,18.891213737215068,18.86429092721008,T1936,G4
W0015F0002T0006Z000C1N53.png,2,7.53519014539115,5.8208807805369505,18.891213737215068,18.86429092721008,T1936,G4
W0015F0002T0006Z000C1N53.png,3,29.367642961976816,29.76901972893633,18.891213737215068,18.86429092721008,T1936,G4
W0015F0002T0006Z000C1N53.png,4,59.2833497354385,60.095713633231455,18.891213737215068,18.86429092721008,T1936,G4
W0015F0002T0006Z000C1N53.png,5,15.767868525374777,15.088406544249949,18.891213737215068,18.86429092721008,T1936,G4
W0015F0002T0006Z000C1N54.png,1,7.034920813993454,6.727108585299276,19.993691601048386,19.526971316936816,T1936,G4
W0015F0002T0006Z000C1N54.png,2,18.51147184577933,24.534941251237683,19.993691601048386,19.526971316936816,T1936,G4
W0015F0002T0006Z000C1N54.png,3,23.323705461514134,23.464847226380545,19.993691601048386,19.526971316936816,T1936,G4
W0015F0002T0006Z000C1N54.png,4,17.926865314382205,19.113534048720418,19.993691601048386,19.526971316936816,T1936,G4
W0015F0002T0006Z000C1N54.png,5,3.208617454603489,3.205000667687207,19.993691601048386,19.526971316936816,T1936,G4
W0015F0002T0006Z000C1N54.png,6,37.11088449933605,18.63509714767071,19.993691601048386,19.526971316936816,T1936,G4
W0015F0002T0006Z000C1N54.png,7,17.939709108597185,18.01561742041037,19.993691601048386,19.526971316936816,T1936,G4
W0015F0002T0006Z000C1N54.png,8,17.623304520662717,19.339461279683228,19.993691601048386,19.526971316936816,T1936,G4
W0015F0002T0006Z000C1N54.png,9,22.67310277540157,22.520874766117316,19.993691601048386,19.526971316936816,T1936,G4
W0015F0002T0006Z000C1N54.png,10,25.232323960995636,25.672467082860642,19.993691601048386,19.526971316936816,T1936,G4
W0015F0002T0006Z000C1N54.png,11,31.582950442210986,31.858797022835173,19.993691601048386,19.526971316936816,T1936,G4
W0015F0002T0006Z000C1N54.png,12,43.987204880326146,42.03724296851185,19.993691601048386,19.526971316936816,T1936,G4
W0015F0002T0006Z000C1N54.png,13,17.79341865164786,15.942884342540177,19.993691601048386,19.526971316936816,T1936,G4
W0015F0002T0006Z000C1N54.png,14,50.88160347524377,50.730446249826635,19.993691601048386,19.526971316936816,T1936,G4
W0015F0002T0006Z000C1N54.png,15,57.53194285040794,55.26917246952653,19.993691601048386,19.526971316936816,T1936,G4
W0015F0002T0006Z000C1N54.png,16,50.588257763567036,49.37399693138938,19.993691601048386,19.526971316936816,T1936,G4
W0015F0002T0006Z000C1N54.png,17,56.01983487863004,53.74295631947293,19.993691601048386,19.526971316936816,T1936,G4
W0015F0002T0006Z000C1N54.png,18,81.48973266751916,81.22308020059668,19.993691601048386,19.526971316936816,T1936,G4
W0015F0002T0006Z000C1N55.png,1,32.95435940070436,29.785077338025477,11.139390835201272,7.147384649257883,T1936,G4
W0015F0002T0006Z000C1N55.png,2,7.234374462736177,19.710026107116356,11.139390835201272,7.147384649257883,T1936,G4
W0015F0002T0006Z000C1N55.png,3,16.89747169117218,18.174816252977244,11.139390835201272,7.147384649257883,T1936,G4
W0015F0002T0006Z000C1N55.png,4,27.99278445750833,28.14611139772211,11.139390835201272,7.147384649257883,T1936,G4
W0015F0002T0006Z000C1N55.png,5,40.08932123748928,35.740329596918286,11.139390835201272,7.147384649257883,T1936,G4
W0015F0002T0006Z000C1N55.png,6,40.0042040210878,28.272750779494416,11.139390835201272,7.147384649257883,T1936,G4
W0015F0002T0006Z000C1N55.png,7,26.991272321035066,15.760304893872837,11.139390835201272,7.147384649257883,T1936,G4
W0015F0002T0006Z000C1N55.png,8,47.337900897407216,35.58123542276958,11.139390835201272,7.147384649257883,T1936,G4
W0015F0002T0006Z000C1N55.png,9,25.863141150692506,20.143552423577283,11.139390835201272,7.147384649257883,T1936,G4
W0015F0002T0006Z000C1N55.png,10,33.12015221735777,17.47331575677126,11.139390835201272,7.147384649257883,T1936,G4
W0015F0002T0006Z000C1N57.png,1,23.065977733185886,22.91325240349348,14.892296888271717,11.44930869886796,T1936,G4
W0015F0002T0006Z000C1N57.png,2,52.85057150972932,45.8118698012294,14.892296888271717,11.44930869886796,T1936,G4
W0015F0002T0006Z000C1N58.png,1,16.36004099315571,16.056012718265503,8.683591304137893,8.698040240377841,T1936,G4
W0015F0002T0006Z000C1N58.png,2,28.17804521927612,24.465475992731697,8.683591304137893,8.698040240377841,T1936,G4
W0015F0002T0006Z000C1N58.png,3,42.31912281344749,20.90995414192957,8.683591304137893,8.698040240377841,T1936,G4
W0015F0002T0006Z000C1N58.png,4,40.85362116293365,40.37406457668498,8.683591304137893,8.698040240377841,T1936,G4
W0015F0002T0006Z000C1N58.png,5,32.26953640736547,17.923083855904082,8.683591304137893,8.698040240377841,T1936,G4
W0015F0002T0006Z000C1N58.png,6,35.146200064415694,14.393382153940829,8.683591304137893,8.698040240377841,T1936,G4
W0015F0002T0006Z000C1N6.png,1,37.81916624187266,37.92464498927977,0.0,0.0,T1936,G4
W0015F0002T0006Z000C1N60.png,1,11.532833610983207,9.280345442516566,12.092753674637235,12.358881756277986,T1936,G4
W0015F0002T0006Z000C1N60.png,2,34.20306767867282,39.21831895562911,12.092753674637235,12.358881756277986,T1936,G4
W0015F0002T0006Z000C1N60.png,3,13.080365169020585,12.770005056863823,12.092753674637235,12.358881756277986,T1936,G4
W0015F0002T0006Z000C1N60.png,4,39.473331161406584,23.931615537239058,12.092753674637235,12.358881756277986,T1936,G4
W0015F0002T0006Z000C1N60.png,5,20.94220174558833,8.815178686983392,12.092753674637235,12.358881756277986,T1936,G4
W0015F0002T0006Z000C1N60.png,6,43.03922375429083,20.730870998240256,12.092753674637235,12.358881756277986,T1936,G4
W0015F0002T0006Z000C1N60.png,7,25.62417420398694,16.98289073679089,12.092753674637235,12.358881756277986,T1936,G4
W0015F0002T0006Z000C1N60.png,8,43.18659752147475,43.77523156465238,12.092753674637235,12.358881756277986,T1936,G4
W0015F0002T0006Z000C1N65.png,1,26.082466356125234,2.1435218776695444,17.333329930732987,20.75751492072751,T1936,G4
W0015F0002T0006Z000C1N65.png,2,12.899575204331686,13.58683711074419,17.333329930732987,20.75751492072751,T1936,G4
W0015F0002T0006Z000C1N65.png,3,54.120482745749435,47.789477834422456,17.333329930732987,20.75751492072751,T1936,G4
W0015F0002T0006Z000C1N65.png,4,39.30700731516184,39.30194471788831,17.333329930732987,20.75751492072751,T1936,G4
W0015F0002T0006Z000C1N65.png,5,44.93787146264667,44.86562504067281,17.333329930732987,20.75751492072751,T1936,G4
W0015F0002T0006Z000C1N65.png,6,75.66209868119921,75.60447847498722,17.333329930732987,20.75751492072751,T1936,G4
W0015F0002T0006Z000C1N65.png,7,39.24771742364948,35.39220603308127,17.333329930732987,20.75751492072751,T1936,G4
W0015F0002T0006Z000C1N65.png,8,41.18075635623742,34.04895493664832,17.333329930732987,20.75751492072751,T1936,G4
W0015F0002T0006Z000C1N72.png,1,20.41664322127962,19.64756055746863,20.04015334982289,20.04789608336559,T1936,G4
W0015F0002T0006Z000C1N72.png,2,60.4969499209254,59.74335272419981,20.04015334982289,20.04789608336559,T1936,G4
W0015F0002T0006Z000C1N78.png,1,45.067046048136284,46.07737893984101,12.664168202316594,12.63695154913558,T1936,G4
W0015F0002T0006Z000C1N78.png,2,10.444233277513764,11.657692960836302,12.664168202316594,12.63695154913558,T1936,G4
W0015F0002T0006Z000C1N78.png,3,25.004109378772633,24.954531224462293,12.664168202316594,12.63695154913558,T1936,G4
W0015F0002T0006Z000C1N78.png,4,37.470057816695345,37.5786403141077,12.664168202316594,12.63695154913558,T1936,G4
W0015F0002T0006Z000C1N78.png,5,37.794858616612736,37.74992906856239,12.664168202316594,12.63695154913558,T1936,G4
W0015F0002T0006Z000C1N78.png,6,35.39757006212712,34.71480385936385,12.664168202316594,12.63695154913558,T1936,G4
W0015F0002T0006Z000C1N78.png,7,19.60519269876967,19.90504186083702,12.664168202316594,12.63695154913558,T1936,G4
W0015F0002T0006Z000C1N78.png,8,35.24829550132495,34.89641055851243,12.664168202316594,12.63695154913558,T1936,G4
W0015F0002T0006Z000C1N78.png,9,31.07794701592017,31.323355793464444,12.664168202316594,12.63695154913558,T1936,G4
W0015F0002T0006Z000C1N78.png,10,28.388791572264434,29.20749589783472,12.664168202316594,12.63695154913558,T1936,G4
W0015F0002T0006Z000C1N78.png,11,61.08731458304954,61.826365869326764,12.664168202316594,12.63695154913558,T1936,G4
W0015F0002T0006Z000C1N85.png,1,20.055216296478033,17.567517548480435,19.299362185489414,21.877911287723382,T1936,G4
W0015F0002T0006Z000C1N85.png,2,26.917536497807607,24.37078917814895,19.299362185489414,21.877911287723382,T1936,G4
W0015F0002T0006Z000C1N85.png,3,39.893248077253325,40.09343189164954,19.299362185489414,21.877911287723382,T1936,G4
W0015F0002T0006Z000C1N85.png,4,70.37769223863201,74.21400858421725,19.299362185489414,21.877911287723382,T1936,G4
W0015F0002T0006Z000C1N87.png,1,29.95260923327431,30.50332353407623,14.59191909485336,14.508496664562996,T1936,G4
W0015F0002T0006Z000C1N87.png,2,30.334035177296748,30.2498756768173,14.59191909485336,14.508496664562996,T1936,G4
W0015F0002T0006Z000C1N87.png,3,57.764523615983684,57.555728678762414,14.59191909485336,14.508496664562996,T1936,G4
W0015F0002T0006Z000C1N87.png,4,53.608299497483394,53.62426787440826,14.59191909485336,14.508496664562996,T1936,G4
W0015F0002T0006Z000C1N87.png,5,20.324647450204285,20.419142567199277,14.59191909485336,14.508496664562996,T1936,G4
W0015F0002T0006Z000C1N87.png,6,40.72272543726035,41.08179207899059,14.59191909485336,14.508496664562996,T1936,G4
W0015F0002T0006Z000C1N87.png,7,60.82923118759537,60.96254212032467,14.59191909485336,14.508496664562996,T1936,G4
W0015F0002T0006Z000C1N88.png,1,45.254694428059594,45.89152654083401,17.95114698846049,16.54109037962148,T1936,G4
W0015F0002T0006Z000C1N88.png,2,36.46485356445916,35.80388820063407,17.95114698846049,16.54109037962148,T1936,G4
W0015F0002T0006Z000C1N88.png,3,4.198559298102113,7.270966544088949,17.95114698846049,16.54109037962148,T1936,G4
W0015F0002T0006Z000C1N88.png,4,50.374572068764124,49.3853737735816,17.95114698846049,16.54109037962148,T1936,G4
W0015F0002T0006Z000C1N94.png,1,42.752648171677436,32.53437585487588,15.34217607341806,20.32164916649944,T1936,G4
W0015F0002T0006Z000C1N94.png,2,47.56369821264336,10.126380561722106,15.34217607341806,20.32164916649944,T1936,G4
W0015F0002T0006Z000C1N94.png,3,35.224694302494115,33.93405784347299,15.34217607341806,20.32164916649944,T1936,G4
W0015F0002T0006Z000C1N94.png,4,35.469042103582936,33.58484989870776,15.34217607341806,20.32164916649944,T1936,G4
W0015F0002T0006Z000C1N94.png,5,58.30866758975079,54.49515021240862,15.34217607341806,20.32164916649944,T1936,G4
W0015F0002T0006Z000C1N94.png,6,33.505876264405266,32.864262627242155,15.34217607341806,20.32164916649944,T1936,G4
W0015F0002T0006Z000C1N94.png,7,59.78769965886135,58.73285177681122,15.34217607341806,20.32164916649944,T1936,G4
W0015F0002T0006Z000C1N94.png,8,74.2310324142295,73.01769527683088,15.34217607341806,20.32164916649944,T1936,G4
W0015F0002T0006Z000C1N94.png,9,66.08544598330288,66.22976773112208,15.34217607341806,20.32164916649944,T1936,G4
W0015F0002T0006Z000C1N94.png,10,75.80057516371062,74.74414192751296,15.34217607341806,20.32164916649944,T1936,G4
W0015F0002T0006Z000C1N96.png,1,10.103960021523061,64.40079532406679,12.962242782652417,14.41850307294833,T1936,G4
W0015F0002T0006Z000C1N96.png,2,41.91320561732682,39.23572373969059,12.962242782652417,14.41850307294833,T1936,G4
W0015F0002T0006Z000C1N96.png,3,22.130367955928012,23.074332464924314,12.962242782652417,14.41850307294833,T1936,G4
W0015F0002T0006Z000C1N96.png,4,28.709247696326344,24.622976803865917,12.962242782652417,14.41850307294833,T1936,G4
W0015F0002T0006Z000C1N96.png,5,27.88162235531392,35.53840886642231,12.962242782652417,14.41850307294833,T1936,G4
W0015F0002T0006Z000C1N96.png,6,56.253876232254036,59.653304538314856,12.962242782652417,14.41850307294833,T1936,G4
W0015F0002T0006Z000C1N96.png,7,17.426393313925026,17.533025291158495,12.962242782652417,14.41850307294833,T1936,G4
W0015F0002T0006Z000C1N96.png,8,26.202109391449085,34.09486534362203,12.962242782652417,14.41850307294833,T1936,G4
W0015F0002T0006Z000C1N96.png,9,29.451047894822427,32.77678306267871,12.962242782652417,14.41850307294833,T1936,G4
W0015F0002T0006Z000C1N96.png,10,13.148820152522287,28.885833223336224,12.962242782652417,14.41850307294833,T1936,G4
W0015F0002T0006Z000C1N98.png,1,37.95778819015563,33.57760467722158,10.936409245456849,10.954788537857489,T1936,G4
W0015F0002T0006Z000C1N98.png,2,31.36424741748535,12.228849166639847,10.936409245456849,10.954788537857489,T1936,G4
W0015F0002T0006Z000C1N98.png,3,20.80715095500096,30.71681816561794,10.936409245456849,10.954788537857489,T1936,G4
W0015F0002T0006Z000C1N98.png,4,25.82959804487869,15.237870609377001,10.936409245456849,10.954788537857489,T1936,G4
W0015F0002T0006Z000C1N98.png,5,47.39640023761154,23.278672502840198,10.936409245456849,10.954788537857489,T1936,G4
W0015F0002T0006Z000C1N98.png,6,15.998095978241848,27.42550699066094,10.936409245456849,10.954788537857489,T1936,G4
W0015F0002T0006Z000C1N98.png,7,38.08575282046076,45.08289542554145,10.936409245456849,10.954788537857489,T1936,G4
W0015F0002T0006Z000C1N98.png,8,47.401637905301236,42.12606114042791,10.936409245456849,10.954788537857489,T1936,G4
W0015F0002T0006Z000C1N99.png,1,73.59021055070066,73.81948948018827,23.48677330218873,23.752033567892852,T1936,G4
W0015F0002T0006Z000C1N99.png,2,77.88044689254404,78.25516778968776,23.48677330218873,23.752033567892852,T1936,G4
W0015F0002T0006Z000C1N99.png,3,25.548258320733396,25.121749704432666,23.48677330218873,23.752033567892852,T1936,G4
W0015F0002T0006Z000C1N99.png,4,16.75606311655241,16.34034844716384,23.48677330218873,23.752033567892852,T1936,G4
W0015F0002T0006Z000C1N99.png,5,67.0392818267396,66.58145370598216,23.48677330218873,23.752033567892852,T1936,G4
W0015F0002T0006Z000C1N99.png,6,54.8370127724737,55.95254235874264,23.48677330218873,23.752033567892852,T1936,G4
W0015F0003T0006Z000C1N102.png,1,45.7814685598122,41.482564489588086,15.692313666324969,14.111205602698853,T1936,G4
W0015F0003T0006Z000C1N102.png,2,40.7916366228077,23.411109870304674,15.692313666324969,14.111205602698853,T1936,G4
W0015F0003T0006Z000C1N102.png,3,33.775578669907176,8.63888368640059,15.692313666324969,14.111205602698853,T1936,G4
W0015F0003T0006Z000C1N102.png,4,40.74989747826309,9.474863321774164,15.692313666324969,14.111205602698853,T1936,G4
W0015F0003T0006Z000C1N102.png,5,16.932367376938448,19.752382243881115,15.692313666324969,14.111205602698853,T1936,G4
W0015F0003T0006Z000C1N102.png,6,1.51431534992837,44.632550825514514,15.692313666324969,14.111205602698853,T1936,G4
W0015F0003T0006Z000C1N13.png,1,70.0714301566981,68.80611995491114,14.581679207510593,16.433582275963047,T1936,G4
W0015F0003T0006Z000C1N13.png,2,61.756992609016386,61.956944871027,14.581679207510593,16.433582275963047,T1936,G4
W0015F0003T0006Z000C1N13.png,3,45.96208437108598,48.017578761673306,14.581679207510593,16.433582275963047,T1936,G4
W0015F0003T0006Z000C1N13.png,4,47.555828882583434,46.89770548213829,14.581679207510593,16.433582275963047,T1936,G4
W0015F0003T0006Z000C1N13.png,5,43.92144234604513,44.117916141759906,14.581679207510593,16.433582275963047,T1936,G4
W0015F0003T0006Z000C1N13.png,6,48.74726108012986,46.120430668892546,14.581679207510593,16.433582275963047,T1936,G4
W0015F0003T0006Z000C1N13.png,7,18.01861701871187,15.468751162033358,14.581679207510593,16.433582275963047,T1936,G4
W0015F0003T0006Z000C1N13.png,8,62.378549799243395,72.87491800351219,14.581679207510593,16.433582275963047,T1936,G4
W0015F0003T0006Z000C1N13.png,9,37.43130109464596,37.22894997873136,14.581679207510593,16.433582275963047,T1936,G4
W0015F0003T0006Z000C1N15.png,1,15.915515901048243,17.317571510193655,11.298081554015901,11.701718481527951,T1936,G4
W0015F0003T0006Z000C1N15.png,2,15.525084005456675,15.703115581868715,11.298081554015901,11.701718481527951,T1936,G4
W0015F0003T0006Z000C1N15.png,3,43.629351852344506,44.04113215693434,11.298081554015901,11.701718481527951,T1936,G4
W0015F0003T0006Z000C1N15.png,4,29.871534432555872,30.433373454265176,11.298081554015901,11.701718481527951,T1936,G4
W0015F0003T0006Z000C1N15.png,5,34.47031983597107,34.62014993710766,11.298081554015901,11.701718481527951,T1936,G4
W0015F0003T0006Z000C1N15.png,6,9.174630645291911,8.531420608229036,11.298081554015901,11.701718481527951,T1936,G4
W0015F0003T0006Z000C1N15.png,7,31.730171444769887,32.281153311809234,11.298081554015901,11.701718481527951,T1936,G4
W0015F0003T0006Z000C1N15.png,8,27.46018022900685,27.56002767666303,11.298081554015901,11.701718481527951,T1936,G4
W0015F0003T0006Z000C1N15.png,9,16.357805144829886,15.94746864268972,11.298081554015901,11.701718481527951,T1936,G4
W0015F0003T0006Z000C1N15.png,10,45.85206948497748,47.81645610691458,11.298081554015901,11.701718481527951,T1936,G4
W0015F0003T0006Z000C1N15.png,11,26.997771910674594,28.768455055143708,11.298081554015901,11.701718481527951,T1936,G4
W0015F0003T0006Z000C1N16.png,1,34.916477758639815,2.7771915526550903,16.146371585061562,18.53943827180005,T1936,G4
W0015F0003T0006Z000C1N16.png,2,60.34057687054115,83.69543129849366,16.146371585061562,18.53943827180005,T1936,G4
W0015F0003T0006Z000C1N16.png,3,17.93092228124946,40.03578653431544,16.146371585061562,18.53943827180005,T1936,G4
W0015F0003T0006Z000C1N16.png,4,21.86464040408623,48.40357097264877,16.146371585061562,18.53943827180005,T1936,G4
W0015F0003T0006Z000C1N16.png,5,20.914023556129393,21.20076402689575,16.146371585061562,18.53943827180005,T1936,G4
W0015F0003T0006Z000C1N16.png,6,11.37156541554416,37.890189433949224,16.146371585061562,18.53943827180005,T1936,G4
W0015F0003T0006Z000C1N16.png,7,18.867753605794302,39.04067602222871,16.146371585061562,18.53943827180005,T1936,G4
W0015F0003T0006Z000C1N16.png,8,25.432024497667907,31.551934944871956,16.146371585061562,18.53943827180005,T1936,G4
W0015F0003T0006Z000C1N16.png,9,13.208425341425075,22.493453401011756,16.146371585061562,18.53943827180005,T1936,G4
W0015F0003T0006Z000C1N16.png,10,10.893308837961596,16.184655205596414,16.146371585061562,18.53943827180005,T1936,G4
W0015F0003T0006Z000C1N16.png,11,23.216691555909925,29.441618956920816,16.146371585061562,18.53943827180005,T1936,G4
W0015F0003T0006Z000C1N16.png,12,58.060693119885386,21.352307014087067,16.146371585061562,18.53943827180005,T1936,G4
W0015F0003T0006Z000C1N16.png,13,31.16539420317264,33.4620460477272,16.146371585061562,18.53943827180005,T1936,G4
W0015F0003T0006Z000C1N16.png,14,39.31195925023096,27.454164099946613,16.146371585061562,18.53943827180005,T1936,G4
W0015F0003T0006Z000C1N16.png,15,30.940559579404834,29.53318674063541,16.146371585061562,18.53943827180005,T1936,G4
W0015F0003T0006Z000C1N16.png,16,43.50979448689724,44.94539467624325,16.146371585061562,18.53943827180005,T1936,G4
W0015F0003T0006Z000C1N16.png,17,56.246196590826735,24.10826675022938,16.146371585061562,18.53943827180005,T1936,G4
W0015F0003T0006Z000C1N16.png,18,6.906121301488579,71.22736418635955,16.146371585061562,18.53943827180005,T1936,G4
W0015F0003T0006Z000C1N19.png,1,7.668340986466285,6.70381626234609,17.25069285176478,17.63371749903354,T1936,G4
W0015F0003T0006Z000C1N19.png,2,31.8644953223011,30.597215147856193,17.25069285176478,17.63371749903354,T1936,G4
W0015F0003T0006Z000C1N19.png,3,38.405091054417625,37.6179396847429,17.25069285176478,17.63371749903354,T1936,G4
W0015F0003T0006Z000C1N19.png,4,54.77823211324304,54.880119269069105,17.25069285176478,17.63371749903354,T1936,G4
W0015F0003T0006Z000C1N19.png,5,12.51592303340476,11.277168694272596,17.25069285176478,17.63371749903354,T1936,G4
W0015F0003T0006Z000C1N30.png,1,57.27443273286882,54.62358305754161,16.060255698252494,16.89885048270695,T1936,G4
W0015F0003T0006Z000C1N30.png,2,46.46346160887853,46.2607928520928,16.060255698252494,16.89885048270695,T1936,G4
W0015F0003T0006Z000C1N30.png,3,12.326652114630182,12.092940318886553,16.060255698252494,16.89885048270695,T1936,G4
W0015F0003T0006Z000C1N30.png,4,24.756699236655646,3.7434973707961574,16.060255698252494,16.89885048270695,T1936,G4
W0015F0003T0006Z000C1N30.png,5,29.33157252488828,28.304944854470243,16.060255698252494,16.89885048270695,T1936,G4
W0015F0003T0006Z000C1N30.png,6,38.080950884074376,37.946764182361264,16.060255698252494,16.89885048270695,T1936,G4
W0015F0003T0006Z000C1N30.png,7,55.293736503223684,27.50257402094898,16.060255698252494,16.89885048270695,T1936,G4
W0015F0003T0006Z000C1N30.png,8,12.42042885793283,12.62497969637437,16.060255698252494,16.89885048270695,T1936,G4
W0015F0003T0006Z000C1N30.png,9,45.61132247988366,45.60157624570882,16.060255698252494,16.89885048270695,T1936,G4
W0015F0003T0006Z000C1N30.png,10,51.10652264136737,51.10354002836274,16.060255698252494,16.89885048270695,T1936,G4
W0015F0003T0006Z000C1N30.png,11,59.27377351921752,40.66518193538245,16.060255698252494,16.89885048270695,T1936,G4
W0015F0003T0006Z000C1N30.png,12,31.51416537342646,31.689744997944864,16.060255698252494,16.89885048270695,T1936,G4
W0015F0003T0006Z000C1N30.png,13,61.970050958071575,63.307563576432884,16.060255698252494,16.89885048270695,T1936,G4
W0015F0003T0006Z000C1N30.png,14,59.002637649796405,54.457693286207,16.060255698252494,16.89885048270695,T1936,G4
W0015F0003T0006Z000C1N30.png,15,46.26826909285013,46.420567539196384,16.060255698252494,16.89885048270695,T1936,G4
W0015F0003T0006Z000C1N39.png,1,43.46748812666225,43.2852811368172,10.02280999044229,9.929163446000308,T1936,G4
W0015F0003T0006Z000C1N39.png,2,34.98430382584513,34.83650734342141,10.02280999044229,9.929163446000308,T1936,G4
W0015F0003T0006Z000C1N39.png,3,27.191442958877367,27.032173856571294,10.02280999044229,9.929163446000308,T1936,G4
W0015F0003T0006Z000C1N39.png,4,23.00368319278962,22.881288624717996,10.02280999044229,9.929163446000308,T1936,G4
W0015F0003T0006Z000C1N39.png,5,31.3444735068316,31.252354283453844,10.02280999044229,9.929163446000308,T1936,G4
W0015F0003T0006Z000C1N39.png,6,39.03520312497484,38.97406569269046,10.02280999044229,9.929163446000308,T1936,G4
W0015F0003T0006Z000C1N39.png,7,7.4808571794119265,7.368010777008175,10.02280999044229,9.929163446000308,T1936,G4
W0015F0003T0006Z000C1N39.png,8,13.705751785112696,13.896277459030411,10.02280999044229,9.929163446000308,T1936,G4
W0015F0003T0006Z000C1N39.png,9,28.1122068800366,28.306490044190525,10.02280999044229,9.929163446000308,T1936,G4
W0015F0003T0006Z000C1N39.png,10,28.340046012851577,27.322205987153964,10.02280999044229,9.929163446000308,T1936,G4
W0015F0003T0006Z000C1N39.png,11,19.65277054354263,18.687713500939388,10.02280999044229,9.929163446000308,T1936,G4
W0015F0003T0006Z000C1N39.png,12,17.825429078204515,19.26189045021015,10.02280999044229,9.929163446000308,T1936,G4
W0015F0003T0006Z000C1N40.png,1,31.544000555211714,31.06681522447069,11.17239332302205,11.593771796499526,T1936,G4
W0015F0003T0006Z000C1N40.png,2,30.539347213423177,23.44187994456754,11.17239332302205,11.593771796499526,T1936,G4
W0015F0003T0006Z000C1N40.png,3,28.555729688637214,27.98988140737372,11.17239332302205,11.593771796499526,T1936,G4
W0015F0003T0006Z000C1N40.png,4,19.452829284731177,16.32869838392017,11.17239332302205,11.593771796499526,T1936,G4
W0015F0003T0006Z000C1N40.png,5,17.208241831733012,16.867334473328437,11.17239332302205,11.593771796499526,T1936,G4
W0015F0003T0006Z000C1N40.png,6,22.522316088124242,23.706559150717013,11.17239332302205,11.593771796499526,T1936,G4
W0015F0003T0006Z000C1N40.png,7,53.972372825764445,55.74634275145994,11.17239332302205,11.593771796499526,T1936,G4
W0015F0003T0006Z000C1N40.png,8,20.39659491159655,20.84216053961474,11.17239332302205,11.593771796499526,T1936,G4
W0015F0003T0006Z000C1N40.png,9,23.336711105812466,23.02270588359893,11.17239332302205,11.593771796499526,T1936,G4
W0015F0003T0006Z000C1N40.png,10,7.217656781432087,6.7858384957501245,11.17239332302205,11.593771796499526,T1936,G4
W0015F0003T0006Z000C1N40.png,11,13.61961980942789,13.160142563792911,11.17239332302205,11.593771796499526,T1936,G4
W0015F0003T0006Z000C1N40.png,12,21.26067526746611,20.832159649227453,11.17239332302205,11.593771796499526,T1936,G4
W0015F0003T0006Z000C1N45.png,1,8.104383166249429,9.141659991654933,5.079012712121356,4.754616808762602,T1936,G4
W0015F0003T0006Z000C1N45.png,2,23.324444261171223,18.528766627699888,5.079012712121356,4.754616808762602,T1936,G4
W0015F0003T0006Z000C1N45.png,3,19.22403594508322,23.670449319653194,5.079012712121356,4.754616808762602,T1936,G4
W0015F0003T0006Z000C1N45.png,4,18.163132340464667,18.665863360571777,5.079012712121356,4.754616808762602,T1936,G4
W0015F0003T0006Z000C1N45.png,5,19.359951765250123,19.331311048361087,5.079012712121356,4.754616808762602,T1936,G4
W0015F0003T0006Z000C1N47.png,1,39.15219883072147,53.132108356513605,17.990456654182264,16.4538656632123,T1936,G4
W0015F0003T0006Z000C1N47.png,2,9.862554753951823,46.17010226996801,17.990456654182264,16.4538656632123,T1936,G4
W0015F0003T0006Z000C1N47.png,3,39.418813625356975,39.141753591419345,17.990456654182264,16.4538656632123,T1936,G4
W0015F0003T0006Z000C1N47.png,4,13.253348872311282,43.28665113189873,17.990456654182264,16.4538656632123,T1936,G4
W0015F0003T0006Z000C1N47.png,5,43.48702906982585,20.350695969580034,17.990456654182264,16.4538656632123,T1936,G4
W0015F0003T0006Z000C1N47.png,6,41.237357089683854,21.30473311449746,17.990456654182264,16.4538656632123,T1936,G4
W0015F0003T0006Z000C1N47.png,7,27.881919311053366,11.101125219635504,17.990456654182264,16.4538656632123,T1936,G4
W0015F0003T0006Z000C1N47.png,8,13.962162001951718,13.837387276302557,17.990456654182264,16.4538656632123,T1936,G4
W0015F0003T0006Z000C1N47.png,9,15.690002646065498,16.555638883274078,17.990456654182264,16.4538656632123,T1936,G4
W0015F0003T0006Z000C1N47.png,10,16.91450006295941,27.068345454172395,17.990456654182264,16.4538656632123,T1936,G4
W0015F0003T0006Z000C1N47.png,11,71.91173316261255,61.54471909296676,17.990456654182264,16.4538656632123,T1936,G4
W0015F0003T0006Z000C1N49.png,1,41.00785463321032,40.50382218477147,10.47808025724171,9.53442796766476,T1936,G4
W0015F0003T0006Z000C1N49.png,2,13.024766915687989,13.155508645299042,10.47808025724171,9.53442796766476,T1936,G4
W0015F0003T0006Z000C1N49.png,3,23.99620752388399,25.379020734738898,10.47808025724171,9.53442796766476,T1936,G4
W0015F0003T0006Z000C1N49.png,4,43.50654116364212,39.0553440653173,10.47808025724171,9.53442796766476,T1936,G4
W0015F0003T0006Z000C1N49.png,5,17.055328031528326,16.511609624719245,10.47808025724171,9.53442796766476,T1936,G4
W0015F0003T0006Z000C1N49.png,6,18.092505780905498,18.91780817042133,10.47808025724171,9.53442796766476,T1936,G4
W0015F0003T0006Z000C1N49.png,7,11.920808655974046,13.008482434294276,10.47808025724171,9.53442796766476,T1936,G4
W0015F0003T0006Z000C1N49.png,8,26.77713765583394,27.00812882606506,10.47808025724171,9.53442796766476,T1936,G4
W0015F0003T0006Z000C1N49.png,9,15.613094628153112,15.06609503958898,10.47808025724171,9.53442796766476,T1936,G4
W0015F0003T0006Z000C1N49.png,10,21.508370463612533,20.82088269523053,10.47808025724171,9.53442796766476,T1936,G4
W0015F0003T0006Z000C1N62.png,1,9.466359591537644,9.555907147242872,11.472273835176987,11.056669127945051,T1936,G4
W0015F0003T0006Z000C1N62.png,2,20.135905045636022,24.65836997361031,11.472273835176987,11.056669127945051,T1936,G4
W0015F0003T0006Z000C1N62.png,3,39.2339043830657,17.179393106905042,11.472273835176987,11.056669127945051,T1936,G4
W0015F0003T0006Z000C1N62.png,4,14.72950446879606,14.605756570612835,11.472273835176987,11.056669127945051,T1936,G4
W0015F0003T0006Z000C1N62.png,5,31.507220150413616,14.062806062337721,11.472273835176987,11.056669127945051,T1936,G4
W0015F0003T0006Z000C1N62.png,6,28.341758683366123,29.491688401392523,11.472273835176987,11.056669127945051,T1936,G4
W0015F0003T0006Z000C1N62.png,7,13.879627258321113,13.640093649722829,11.472273835176987,11.056669127945051,T1936,G4
W0015F0003T0006Z000C1N62.png,8,44.106926201841105,43.56267305884984,11.472273835176987,11.056669127945051,T1936,G4
W0015F0003T0006Z000C1N62.png,9,23.608608496269426,23.390279067680257,11.472273835176987,11.056669127945051,T1936,G4
W0015F0003T0006Z000C1N62.png,10,38.35677317133491,38.42575435760594,11.472273835176987,11.056669127945051,T1936,G4
W0015F0003T0006Z000C1N62.png,11,20.67084305891465,20.90204956436088,11.472273835176987,11.056669127945051,T1936,G4
W0015F0003T0006Z000C1N62.png,12,14.229801917088347,37.11067368636486,11.472273835176987,11.056669127945051,T1936,G4
W0015F0003T0006Z000C1N62.png,13,15.817316481354881,15.748344183211078,11.472273835176987,11.056669127945051,T1936,G4
W0015F0003T0006Z000C1N62.png,14,5.108136830948278,5.346168030581233,11.472273835176987,11.056669127945051,T1936,G4
W0015F0003T0006Z000C1N63.png,1,101.60707784606838,101.83063380169101,27.08309336340343,24.954466892030254,T1936,G4
W0015F0003T0006Z000C1N63.png,2,90.98684957675509,91.17337099895799,27.08309336340343,24.954466892030254,T1936,G4
W0015F0003T0006Z000C1N63.png,3,43.083120182180096,43.1044934699954,27.08309336340343,24.954466892030254,T1936,G4
W0015F0003T0006Z000C1N63.png,4,74.99363937867098,75.26234329941522,27.08309336340343,24.954466892030254,T1936,G4
W0015F0003T0006Z000C1N63.png,5,36.60957025122047,36.8658215950502,27.08309336340343,24.954466892030254,T1936,G4
W0015F0003T0006Z000C1N63.png,6,26.55114091888588,26.227461913186122,27.08309336340343,24.954466892030254,T1936,G4
W0015F0003T0006Z000C1N63.png,7,43.91422659150856,44.24065220762918,27.08309336340343,24.954466892030254,T1936,G4
W0015F0003T0006Z000C1N63.png,8,21.291230527722576,20.984713196164165,27.08309336340343,24.954466892030254,T1936,G4
W0015F0003T0006Z000C1N63.png,9,36.80391746354161,36.54575739921833,27.08309336340343,24.954466892030254,T1936,G4
W0015F0003T0006Z000C1N63.png,10,29.605814358969422,29.911785361954767,27.08309336340343,24.954466892030254,T1936,G4
W0015F0003T0006Z000C1N63.png,11,35.78994219455688,35.63551158119877,27.08309336340343,24.954466892030254,T1936,G4
W0015F0003T0006Z000C1N63.png,12,21.35196063536616,21.594631492102593,27.08309336340343,24.954466892030254,T1936,G4
W0015F0003T0006Z000C1N63.png,13,82.45948385650202,82.19602319674118,27.08309336340343,24.954466892030254,T1936,G4
W0015F0003T0006Z000C1N63.png,14,55.05095129265675,54.887794232056336,27.08309336340343,24.954466892030254,T1936,G4
W0015F0003T0006Z000C1N63.png,15,29.106468465919033,29.014678789842463,27.08309336340343,24.954466892030254,T1936,G4
W0015F0003T0006Z000C1N63.png,16,2.0777375830581417,33.55915822349576,27.08309336340343,24.954466892030254,T1936,G4
W0015F0003T0006Z000C1N66.png,1,62.564247401122124,38.48757859044418,14.636869735819054,13.373679153780826,T1936,G4
W0015F0003T0006Z000C1N66.png,2,71.45333888205333,52.97727768930423,14.636869735819054,13.373679153780826,T1936,G4
W0015F0003T0006Z000C1N66.png,3,49.296884537801255,21.991817639526317,14.636869735819054,13.373679153780826,T1936,G4
W0015F0003T0006Z000C1N66.png,4,55.548858702466646,54.17324375380589,14.636869735819054,13.373679153780826,T1936,G4
W0015F0003T0006Z000C1N66.png,5,16.601031696863114,16.588713176367044,14.636869735819054,13.373679153780826,T1936,G4
W0015F0003T0006Z000C1N66.png,6,53.129335013659315,55.13474345502666,14.636869735819054,13.373679153780826,T1936,G4
W0015F0003T0006Z000C1N66.png,7,33.634944581973514,35.00873310784715,14.636869735819054,13.373679153780826,T1936,G4
W0015F0003T0006Z000C1N66.png,8,49.150416647507114,50.46516257317942,14.636869735819054,13.373679153780826,T1936,G4
W0015F0003T0006Z000C1N66.png,9,53.34346063313552,53.81524671349927,14.636869735819054,13.373679153780826,T1936,G4
W0015F0003T0006Z000C1N66.png,10,57.89023044544216,57.894337627199924,14.636869735819054,13.373679153780826,T1936,G4
W0015F0003T0006Z000C1N66.png,11,25.538795847239573,25.779977851473078,14.636869735819054,13.373679153780826,T1936,G4
W0015F0003T0006Z000C1N66.png,12,46.41348351554797,45.316065993758976,14.636869735819054,13.373679153780826,T1936,G4
W0015F0003T0006Z000C1N66.png,13,36.907357699481686,35.73983850568744,14.636869735819054,13.373679153780826,T1936,G4
W0015F0003T0006Z000C1N67.png,1,52.87668131049084,47.94846958538162,15.766786557187185,16.014448015755676,T1936,G4
W0015F0003T0006Z000C1N67.png,2,64.35728673589689,59.22121326259944,15.766786557187185,16.014448015755676,T1936,G4
W0015F0003T0006Z000C1N67.png,3,42.52485385789169,37.707943064143066,15.766786557187185,16.014448015755676,T1936,G4
W0015F0003T0006Z000C1N67.png,4,32.60466238939304,27.438502299946542,15.766786557187185,16.014448015755676,T1936,G4
W0015F0003T0006Z000C1N67.png,5,11.200856934057311,6.278950909272567,15.766786557187185,16.014448015755676,T1936,G4
W0015F0003T0006Z000C1N67.png,6,29.743570389123335,34.28698704248716,15.766786557187185,16.014448015755676,T1936,G4
W0015F0003T0006Z000C1N67.png,7,32.47072279302792,17.034309980911292,15.766786557187185,16.014448015755676,T1936,G4
W0015F0003T0006Z000C1N67.png,8,26.890183194025663,30.647185841443914,15.766786557187185,16.014448015755676,T1936,G4
W0015F0003T0006Z000C1N67.png,9,17.354145316661487,13.647548058391596,15.766786557187185,16.014448015755676,T1936,G4
W0015F0003T0006Z000C1N67.png,10,29.025017315623302,28.83254879417009,15.766786557187185,16.014448015755676,T1936,G4
W0015F0003T0006Z000C1N67.png,11,57.107960241042356,5.448396298198431,15.766786557187185,16.014448015755676,T1936,G4
W0015F0003T0006Z000C1N71.png,1,56.26305926818655,55.576658391685854,15.043188263850855,22.414410298790486,T1936,G4
W0015F0003T0006Z000C1N71.png,2,26.176682740484843,100.40547898926683,15.043188263850855,22.414410298790486,T1936,G4
W0015F0003T0006Z000C1N74.png,1,4.4488086754097695,57.57640165495056,0.0,0.0,T1936,G4
W0015F0003T0006Z000C1N81.png,1,48.02174943171356,48.427998860166085,7.061377873761038,7.163453883368972,T1936,G4
W0015F0003T0006Z000C1N81.png,2,39.46168530796648,39.9991319736025,7.061377873761038,7.163453883368972,T1936,G4
W0015F0003T0006Z000C1N81.png,3,29.59580246186292,29.87530120461683,7.061377873761038,7.163453883368972,T1936,G4
W0015F0003T0006Z000C1N81.png,4,36.1011451567584,36.61800701360821,7.061377873761038,7.163453883368972,T1936,G4
W0015F0003T0006Z000C1N81.png,5,38.94809286924641,39.13554342269823,7.061377873761038,7.163453883368972,T1936,G4
W0015F0003T0006Z000C1N81.png,6,35.382680019289396,35.509363554362515,7.061377873761038,7.163453883368972,T1936,G4
W0015F0003T0006Z000C1N81.png,7,36.73850245151903,37.07558786549512,7.061377873761038,7.163453883368972,T1936,G4
W0015F0003T0006Z000C1N81.png,8,35.74055548502895,36.026894995723474,7.061377873761038,7.163453883368972,T1936,G4
W0015F0003T0006Z000C1N81.png,9,41.1496395167301,40.95622977266226,7.061377873761038,7.163453883368972,T1936,G4
W0015F0003T0006Z000C1N81.png,10,37.53587605997616,37.279448465346235,7.061377873761038,7.163453883368972,T1936,G4
W0015F0003T0006Z000C1N81.png,11,16.589586170842868,16.283350996816218,7.061377873761038,7.163453883368972,T1936,G4
W0015F0003T0006Z000C1N81.png,12,31.30003615160708,31.266412471646863,7.061377873761038,7.163453883368972,T1936,G4
W0015F0003T0006Z000C1N81.png,13,39.675792837297465,39.190507928123715,7.061377873761038,7.163453883368972,T1936,G4
W0015F0003T0006Z000C1N82.png,1,34.761140254928506,35.51237279482667,13.613327883752882,14.130390580950323,T1936,G4
W0015F0003T0006Z000C1N82.png,2,30.619829879602165,30.212494635614576,13.613327883752882,14.130390580950323,T1936,G4
W0015F0003T0006Z000C1N82.png,3,50.18350242332475,51.9755714514357,13.613327883752882,14.130390580950323,T1936,G4
W0015F0003T0006Z000C1N82.png,4,52.193588523524916,54.00472904126546,13.613327883752882,14.130390580950323,T1936,G4
W0015F0003T0006Z000C1N82.png,5,28.419688738042748,27.75939232976796,13.613327883752882,14.130390580950323,T1936,G4
W0015F0003T0006Z000C1N82.png,6,41.46061789731557,43.16401425761178,13.613327883752882,14.130390580950323,T1936,G4
W0015F0003T0006Z000C1N82.png,7,35.10404435853755,34.39549637955978,13.613327883752882,14.130390580950323,T1936,G4
W0015F0003T0006Z000C1N82.png,8,13.974240602906228,14.508010617401057,13.613327883752882,14.130390580950323,T1936,G4
W0015F0003T0006Z000C1N82.png,9,25.473586584700165,25.48552936164994,13.613327883752882,14.130390580950323,T1936,G4
W0015F0003T0006Z000C1N82.png,10,3.360008092482499,1.943443049803916,13.613327883752882,14.130390580950323,T1936,G4
W0015F0003T0006Z000C1N82.png,11,22.989074197606385,22.232517428315216,13.613327883752882,14.130390580950323,T1936,G4
W0015F0003T0006Z000C1N82.png,12,42.843381443684095,41.87869684391397,13.613327883752882,14.130390580950323,T1936,G4
W0015F0003T0006Z000C1N82.png,13,47.88098200522325,47.67017131560124,13.613327883752882,14.130390580950323,T1936,G4
W0015F0003T0006Z000C1N82.png,14,39.84521086731516,39.58528799522251,13.613327883752882,14.130390580950323,T1936,G4
W0015F0003T0006Z000C1N82.png,15,17.093664684246704,17.706147603763927,13.613327883752882,14.130390580950323,T1936,G4
W0015F0003T0006Z000C1N84.png,1,71.94595380956537,71.09445869438512,6.517222115825438,6.324854249367827,T1936,G4
W0015F0003T0006Z000C1N84.png,2,69.29420572312421,68.40157588813837,6.517222115825438,6.324854249367827,T1936,G4
W0015F0003T0006Z000C1N84.png,3,58.49820157532596,59.08259796119221,6.517222115825438,6.324854249367827,T1936,G4
W0015F0003T0006Z000C1N84.png,4,76.13078160703125,76.55660935261051,6.517222115825438,6.324854249367827,T1936,G4
W0015F0003T0006Z000C1N87.png,1,31.78785859528295,17.67141756487564,10.651904115444518,16.083706258037708,T1936,G4
W0015F0003T0006Z000C1N87.png,2,48.70221970024957,49.17586495182575,10.651904115444518,16.083706258037708,T1936,G4
W0015F0003T0006Z000C1N87.png,3,40.01408271726019,40.13911314989188,10.651904115444518,16.083706258037708,T1936,G4
W0015F0003T0006Z000C1N87.png,4,60.523851494058356,61.69831910546547,10.651904115444518,16.083706258037708,T1936,G4
W0015F0003T0006Z000C1N91.png,1,25.480221472469232,25.850053997706286,15.591534127117749,17.070068195068906,T1936,G4
W0015F0003T0006Z000C1N91.png,2,68.73938505545357,52.03979997661066,15.591534127117749,17.070068195068906,T1936,G4
W0015F0003T0006Z000C1N91.png,3,47.25656270316471,13.054542634513142,15.591534127117749,17.070068195068906,T1936,G4
W0015F0003T0006Z000C1N91.png,4,54.153175155636156,52.697019419729465,15.591534127117749,17.070068195068906,T1936,G4
W0015F0003T0006Z000C1N94.png,1,29.870672102735956,31.771146321493024,7.982878819186754,12.190049356727473,T1936,G4
W0015F0003T0006Z000C1N94.png,2,41.04683336878053,56.9573504759713,7.982878819186754,12.190049356727473,T1936,G4
W0015F0003T0006Z000C1N94.png,3,11.938113965750624,15.112067533277523,7.982878819186754,12.190049356727473,T1936,G4
W0015F0003T0006Z000C1N94.png,4,30.739840072773177,34.80352874485142,7.982878819186754,12.190049356727473,T1936,G4
W0015F0003T0006Z000C1N94.png,5,31.570385488865846,30.279694193997965,7.982878819186754,12.190049356727473,T1936,G4
W0015F0003T0006Z000C1N94.png,6,22.491726405664927,24.99491197907872,7.982878819186754,12.190049356727473,T1936,G4
W0015F0003T0006Z000C1N94.png,7,23.185696123503114,21.257168844063173,7.982878819186754,12.190049356727473,T1936,G4
W0015F0003T0006Z000C1N94.png,8,30.312115977785616,19.201687412152882,7.982878819186754,12.190049356727473,T1936,G4
W0015F0003T0006Z000C1N95.png,1,15.138852361838913,14.85557790945479,19.26798772937617,18.958198942256395,T1936,G4
W0015F0003T0006Z000C1N95.png,2,69.5107310031373,68.85370347823482,19.26798772937617,18.958198942256395,T1936,G4
W0015F0003T0006Z000C1N95.png,3,27.888291616254037,27.778402002860076,19.26798772937617,18.958198942256395,T1936,G4
W0015F0003T0006Z000C1N95.png,4,33.420054432249735,34.02535368997841,19.26798772937617,18.958198942256395,T1936,G4
W0015F0003T0006Z000C1N95.png,5,36.53486206574842,37.120566482449696,19.26798772937617,18.958198942256395,T1936,G4
W0015F0003T0006Z000C1N95.png,6,9.713271451815494,10.634674961354051,19.26798772937617,18.958198942256395,T1936,G4
W0015F0003T0006Z000C1N98.png,1,14.350435605471207,12.288747668066918,9.062174205928155,8.94222243548806,T1936,G4
W0015F0003T0006Z000C1N98.png,2,28.874267557762845,16.701347258382025,9.062174205928155,8.94222243548806,T1936,G4
W0015F0003T0006Z000C1N98.png,3,38.391003568310815,38.897763481928855,9.062174205928155,8.94222243548806,T1936,G4
W0015F0003T0006Z000C1N98.png,4,45.21018403748179,20.884413682069205,9.062174205928155,8.94222243548806,T1936,G4
W0015F0003T0006Z000C1N98.png,5,35.27829858144413,34.75109779057121,9.062174205928155,8.94222243548806,T1936,G4
W0015F0003T0006Z000C1N98.png,6,29.939546141542294,30.0603693528214,9.062174205928155,8.94222243548806,T1936,G4
W0015F0003T0006Z000C1N98.png,7,26.80053391513182,26.476928198096804,9.062174205928155,8.94222243548806,T1936,G4
