image,pbody_number,dist_nuclei,dist_mito,nuclei_std,mito_std,medicine,group
W0045F0001T0006Z000C1N10.png,1,24.753902590150354,24.822451675733923,29.920283193978285,30.078174090945456,T6758,G5
W0045F0001T0006Z000C1N10.png,2,17.88980766902648,17.96892370054668,29.920283193978285,30.078174090945456,T6758,G5
W0045F0001T0006Z000C1N10.png,3,67.49912688695386,67.48125030033654,29.920283193978285,30.078174090945456,T6758,G5
W0045F0001T0006Z000C1N10.png,4,54.72710076197744,42.53756707082614,29.920283193978285,30.078174090945456,T6758,G5
W0045F0001T0006Z000C1N10.png,5,84.30221723416442,84.24215690083643,29.920283193978285,30.078174090945456,T6758,G5
W0045F0001T0006Z000C1N10.png,6,78.70378479943501,78.6358359633487,29.920283193978285,30.078174090945456,T6758,G5
W0045F0001T0006Z000C1N10.png,7,8.301996658181288,8.222998362831017,29.920283193978285,30.078174090945456,T6758,G5
W0045F0001T0006Z000C1N10.png,8,1.79944328789596,2.6379326109074888,29.920283193978285,30.078174090945456,T6758,G5
W0045F0001T0006Z000C1N10.png,9,87.8056285153497,87.72840145130877,29.920283193978285,30.078174090945456,T6758,G5
W0045F0001T0006Z000C1N10.png,10,51.370540419117994,50.60293861751265,29.920283193978285,30.078174090945456,T6758,G5
W0045F0001T0006Z000C1N10.png,11,13.258852355491392,9.858598077610473,29.920283193978285,30.078174090945456,T6758,G5
W0045F0001T0006Z000C1N10.png,12,86.69186099682173,86.60764769624468,29.920283193978285,30.078174090945456,T6758,G5
W0045F0001T0006Z000C1N10.png,13,40.98470696535194,40.154696526018256,29.920283193978285,30.078174090945456,T6758,G5
W0045F0001T0006Z000C1N10.png,14,19.49424066342352,18.724832822687425,29.920283193978285,30.078174090945456,T6758,G5
W0045F0001T0006Z000C1N10.png,15,14.86338908952343,13.963871971508835,29.920283193978285,30.078174090945456,T6758,G5
W0045F0001T0006Z000C1N10.png,16,14.812397516908009,14.56504217406307,29.920283193978285,30.078174090945456,T6758,G5
W0045F0001T0006Z000C1N10.png,17,15.45383202353255,11.341894711289743,29.920283193978285,30.078174090945456,T6758,G5
W0045F0001T0006Z000C1N11.png,1,41.486015106798455,54.72855313720279,14.264083421252655,16.423536304289907,T6758,G5
W0045F0001T0006Z000C1N11.png,2,72.20001139142313,61.84490028333283,14.264083421252655,16.423536304289907,T6758,G5
W0045F0001T0006Z000C1N11.png,3,24.74854492023934,64.40916760289149,14.264083421252655,16.423536304289907,T6758,G5
W0045F0001T0006Z000C1N11.png,4,42.140762936793,19.891162353392936,14.264083421252655,16.423536304289907,T6758,G5
W0045F0001T0006Z000C1N11.png,5,42.872584729314845,49.93726150182816,14.264083421252655,16.423536304289907,T6758,G5
W0045F0001T0006Z000C1N11.png,6,36.21961552508835,38.05043364424749,14.264083421252655,16.423536304289907,T6758,G5
W0045F0001T0006Z000C1N11.png,7,30.49787031287868,62.00182066967725,14.264083421252655,16.423536304289907,T6758,G5
W0045F0001T0006Z000C1N11.png,8,16.09186406199622,46.84749063770203,14.264083421252655,16.423536304289907,T6758,G5
W0045F0001T0006Z000C1N11.png,9,31.987923662140933,12.573090461796792,14.264083421252655,16.423536304289907,T6758,G5
W0045F0001T0006Z000C1N11.png,10,15.996297632235027,41.10260673755522,14.264083421252655,16.423536304289907,T6758,G5
W0045F0001T0006Z000C1N11.png,11,46.745228340105044,34.904321549819514,14.264083421252655,16.423536304289907,T6758,G5
W0045F0001T0006Z000C1N11.png,12,38.021976261738445,14.704735621629876,14.264083421252655,16.423536304289907,T6758,G5
W0045F0001T0006Z000C1N11.png,13,41.541612636815636,58.08741585596229,14.264083421252655,16.423536304289907,T6758,G5
W0045F0001T0006Z000C1N11.png,14,11.941192727290561,20.17922758402104,14.264083421252655,16.423536304289907,T6758,G5
W0045F0001T0006Z000C1N11.png,15,6.590925356128726,25.742267641510907,14.264083421252655,16.423536304289907,T6758,G5
W0045F0001T0006Z000C1N11.png,16,36.547350956638375,22.49445516615821,14.264083421252655,16.423536304289907,T6758,G5
W0045F0001T0006Z000C1N11.png,17,30.137688320655254,23.207309891225325,14.264083421252655,16.423536304289907,T6758,G5
W0045F0001T0006Z000C1N11.png,18,54.10538401556657,56.89730230384312,14.264083421252655,16.423536304289907,T6758,G5
W0045F0001T0006Z000C1N11.png,19,17.545266825382903,15.495616021868535,14.264083421252655,16.423536304289907,T6758,G5
W0045F0001T0006Z000C1N11.png,20,8.510798318959846,39.46707650158623,14.264083421252655,16.423536304289907,T6758,G5
W0045F0001T0006Z000C1N11.png,21,22.293598562901522,32.18265952242234,14.264083421252655,16.423536304289907,T6758,G5
W0045F0001T0006Z000C1N11.png,22,39.17058084314702,35.52499689900125,14.264083421252655,16.423536304289907,T6758,G5
W0045F0001T0006Z000C1N11.png,23,30.70695608014909,34.25884121497062,14.264083421252655,16.423536304289907,T6758,G5
W0045F0001T0006Z000C1N11.png,24,40.789157886407025,38.52957599488283,14.264083421252655,16.423536304289907,T6758,G5
W0045F0001T0006Z000C1N11.png,25,46.21782541062839,43.13681962414761,14.264083421252655,16.423536304289907,T6758,G5
W0045F0001T0006Z000C1N11.png,26,38.59207532921461,35.698329775712196,14.264083421252655,16.423536304289907,T6758,G5
W0045F0001T0006Z000C1N11.png,27,45.15012734188852,45.009054915701235,14.264083421252655,16.423536304289907,T6758,G5
W0045F0001T0006Z000C1N11.png,28,37.12697635215986,48.64842064492284,14.264083421252655,16.423536304289907,T6758,G5
W0045F0001T0006Z000C1N11.png,29,36.83024689781327,35.26698934635176,14.264083421252655,16.423536304289907,T6758,G5
W0045F0001T0006Z000C1N11.png,30,25.858252800559544,24.942763918123383,14.264083421252655,16.423536304289907,T6758,G5
W0045F0001T0006Z000C1N11.png,31,42.36995062137983,42.47833111423568,14.264083421252655,16.423536304289907,T6758,G5
W0045F0001T0006Z000C1N11.png,32,20.804180171201683,18.34492987035185,14.264083421252655,16.423536304289907,T6758,G5
W0045F0001T0006Z000C1N11.png,33,26.443272816809547,56.12420327314883,14.264083421252655,16.423536304289907,T6758,G5
W0045F0001T0006Z000C1N11.png,34,42.665116712038845,49.86575364215822,14.264083421252655,16.423536304289907,T6758,G5
W0045F0001T0006Z000C1N11.png,35,45.09423249360656,53.55302979386314,14.264083421252655,16.423536304289907,T6758,G5
W0045F0001T0006Z000C1N11.png,36,8.27473591698824,8.200172618202776,14.264083421252655,16.423536304289907,T6758,G5
W0045F0001T0006Z000C1N11.png,37,24.094604166623974,24.248548829063623,14.264083421252655,16.423536304289907,T6758,G5
W0045F0001T0006Z000C1N11.png,38,35.956583141296036,35.87538585911768,14.264083421252655,16.423536304289907,T6758,G5
W0045F0001T0006Z000C1N11.png,39,11.739527604600479,11.713122395585025,14.264083421252655,16.423536304289907,T6758,G5
W0045F0001T0006Z000C1N11.png,40,9.527865358854733,9.533728562747317,14.264083421252655,16.423536304289907,T6758,G5
W0045F0001T0006Z000C1N11.png,41,21.15899356208613,20.97070532177443,14.264083421252655,16.423536304289907,T6758,G5
W0045F0001T0006Z000C1N11.png,42,14.387480977669696,7.1476334348072035,14.264083421252655,16.423536304289907,T6758,G5
W0045F0001T0006Z000C1N11.png,43,12.674670141596497,12.245803658354248,14.264083421252655,16.423536304289907,T6758,G5
W0045F0001T0006Z000C1N14.png,1,46.61385402495083,43.59763635482765,13.641502409046954,13.361506854989026,T6758,G5
W0045F0001T0006Z000C1N14.png,2,50.172380292523016,35.10447583296506,13.641502409046954,13.361506854989026,T6758,G5
W0045F0001T0006Z000C1N14.png,3,41.69623277164328,32.33162468412924,13.641502409046954,13.361506854989026,T6758,G5
W0045F0001T0006Z000C1N14.png,4,22.540978615901913,22.60961098467456,13.641502409046954,13.361506854989026,T6758,G5
W0045F0001T0006Z000C1N14.png,5,35.558859049746815,35.20550569324145,13.641502409046954,13.361506854989026,T6758,G5
W0045F0001T0006Z000C1N14.png,6,38.25637324072661,24.99397380530125,13.641502409046954,13.361506854989026,T6758,G5
W0045F0001T0006Z000C1N14.png,7,27.544100485007178,27.534981086528695,13.641502409046954,13.361506854989026,T6758,G5
W0045F0001T0006Z000C1N14.png,8,4.160056087313948,4.051143239212873,13.641502409046954,13.361506854989026,T6758,G5
W0045F0001T0006Z000C1N14.png,9,41.962324710810975,38.92619335951123,13.641502409046954,13.361506854989026,T6758,G5
W0045F0001T0006Z000C1N14.png,10,58.79878601873657,50.29376785985909,13.641502409046954,13.361506854989026,T6758,G5
W0045F0001T0006Z000C1N14.png,11,28.84098459328168,23.92463515128277,13.641502409046954,13.361506854989026,T6758,G5
W0045F0001T0006Z000C1N14.png,12,23.279701092915882,22.563478776521762,13.641502409046954,13.361506854989026,T6758,G5
W0045F0001T0006Z000C1N14.png,13,22.438237709123054,22.281340332063106,13.641502409046954,13.361506854989026,T6758,G5
W0045F0001T0006Z000C1N14.png,14,28.088269219267655,28.02817538188166,13.641502409046954,13.361506854989026,T6758,G5
W0045F0001T0006Z000C1N14.png,15,55.17596573511917,28.676392634350787,13.641502409046954,13.361506854989026,T6758,G5
W0045F0001T0006Z000C1N14.png,16,16.56665246954047,14.164581943287226,13.641502409046954,13.361506854989026,T6758,G5
W0045F0001T0006Z000C1N14.png,17,28.79920682013753,29.510539576255532,13.641502409046954,13.361506854989026,T6758,G5
W0045F0001T0006Z000C1N14.png,18,30.4557868637331,11.928865168624863,13.641502409046954,13.361506854989026,T6758,G5
W0045F0001T0006Z000C1N14.png,19,36.88522240420117,34.199670762154604,13.641502409046954,13.361506854989026,T6758,G5
W0045F0001T0006Z000C1N14.png,20,48.54953387445926,19.394150535206105,13.641502409046954,13.361506854989026,T6758,G5
W0045F0001T0006Z000C1N14.png,21,40.15343013010815,40.00234911967582,13.641502409046954,13.361506854989026,T6758,G5
W0045F0001T0006Z000C1N14.png,22,41.02727237796335,37.54205598737066,13.641502409046954,13.361506854989026,T6758,G5
W0045F0001T0006Z000C1N14.png,23,19.59319606555813,11.25326027898523,13.641502409046954,13.361506854989026,T6758,G5
W0045F0001T0006Z000C1N14.png,24,35.28012785182826,35.014638915040116,13.641502409046954,13.361506854989026,T6758,G5
W0045F0001T0006Z000C1N14.png,25,6.550233943655571,5.339750774939457,13.641502409046954,13.361506854989026,T6758,G5
W0045F0001T0006Z000C1N14.png,26,29.274263655394456,29.019601902976913,13.641502409046954,13.361506854989026,T6758,G5
W0045F0001T0006Z000C1N14.png,27,44.44541128565795,3.6221367300664373,13.641502409046954,13.361506854989026,T6758,G5
W0045F0001T0006Z000C1N14.png,28,17.90336253278975,20.49484387839422,13.641502409046954,13.361506854989026,T6758,G5
W0045F0001T0006Z000C1N14.png,29,24.48632800752261,23.68106108705405,13.641502409046954,13.361506854989026,T6758,G5
W0045F0001T0006Z000C1N14.png,30,29.067196480273136,22.855845661145217,13.641502409046954,13.361506854989026,T6758,G5
W0045F0001T0006Z000C1N14.png,31,53.07480534152058,6.698724346350594,13.641502409046954,13.361506854989026,T6758,G5
W0045F0001T0006Z000C1N14.png,32,22.960339801177078,22.757821421211418,13.641502409046954,13.361506854989026,T6758,G5
W0045F0001T0006Z000C1N14.png,33,26.008812039898142,28.52134364508664,13.641502409046954,13.361506854989026,T6758,G5
W0045F0001T0006Z000C1N14.png,34,49.90329807449267,15.90189683769607,13.641502409046954,13.361506854989026,T6758,G5
W0045F0001T0006Z000C1N14.png,35,42.925777552332015,22.802546607807596,13.641502409046954,13.361506854989026,T6758,G5
W0045F0001T0006Z000C1N14.png,36,34.624860726065435,34.59961627930054,13.641502409046954,13.361506854989026,T6758,G5
W0045F0001T0006Z000C1N14.png,37,39.47509898463717,25.08112069437842,13.641502409046954,13.361506854989026,T6758,G5
W0045F0001T0006Z000C1N14.png,38,29.448322522267475,31.08344188541376,13.641502409046954,13.361506854989026,T6758,G5
W0045F0001T0006Z000C1N14.png,39,43.862378677504125,32.4717449711261,13.641502409046954,13.361506854989026,T6758,G5
W0045F0001T0006Z000C1N14.png,40,7.391302496582688,7.43359603974541,13.641502409046954,13.361506854989026,T6758,G5
W0045F0001T0006Z000C1N14.png,41,45.18615395487069,45.34279351007484,13.641502409046954,13.361506854989026,T6758,G5
W0045F0001T0006Z000C1N14.png,42,43.6382797079722,44.78114567110544,13.641502409046954,13.361506854989026,T6758,G5
W0045F0001T0006Z000C1N14.png,43,47.33782872098991,48.70177561923666,13.641502409046954,13.361506854989026,T6758,G5
W0045F0001T0006Z000C1N14.png,44,51.30435765525076,53.07345324007641,13.641502409046954,13.361506854989026,T6758,G5
W0045F0001T0006Z000C1N14.png,45,55.59445761784741,57.105673012842985,13.641502409046954,13.361506854989026,T6758,G5
W0045F0001T0006Z000C1N14.png,46,6.944435037084566,6.779918518487781,13.641502409046954,13.361506854989026,T6758,G5
W0045F0001T0006Z000C1N14.png,47,52.03184998694549,51.974099746305654,13.641502409046954,13.361506854989026,T6758,G5
W0045F0001T0006Z000C1N14.png,48,27.024180572581265,27.275409972360258,13.641502409046954,13.361506854989026,T6758,G5
W0045F0001T0006Z000C1N14.png,49,35.803733716795634,36.06958589191205,13.641502409046954,13.361506854989026,T6758,G5
W0045F0001T0006Z000C1N15.png,1,2.885438182784268,1.3944503741991277,20.48756686804613,22.668811438902168,T6758,G5
W0045F0001T0006Z000C1N15.png,2,2.956984909097115,1.7694185026171194,20.48756686804613,22.668811438902168,T6758,G5
W0045F0001T0006Z000C1N15.png,3,25.782008462318707,24.2642565970535,20.48756686804613,22.668811438902168,T6758,G5
W0045F0001T0006Z000C1N15.png,4,72.5349958019739,71.3963124934915,20.48756686804613,22.668811438902168,T6758,G5
W0045F0001T0006Z000C1N15.png,5,34.042074302060314,21.233952705976638,20.48756686804613,22.668811438902168,T6758,G5
W0045F0001T0006Z000C1N15.png,6,24.16865791186247,10.452487739543447,20.48756686804613,22.668811438902168,T6758,G5
W0045F0001T0006Z000C1N15.png,7,18.35915261385195,1.3585885701653035,20.48756686804613,22.668811438902168,T6758,G5
W0045F0001T0006Z000C1N15.png,8,18.411977751179457,12.28148162109636,20.48756686804613,22.668811438902168,T6758,G5
W0045F0001T0006Z000C1N15.png,9,36.30771779075996,35.9380139636966,20.48756686804613,22.668811438902168,T6758,G5
W0045F0001T0006Z000C1N15.png,10,34.686909834057936,34.06772308226386,20.48756686804613,22.668811438902168,T6758,G5
W0045F0001T0006Z000C1N15.png,11,32.67375117179946,17.78003334614999,20.48756686804613,22.668811438902168,T6758,G5
W0045F0001T0006Z000C1N15.png,12,44.69782617754279,44.078389773565775,20.48756686804613,22.668811438902168,T6758,G5
W0045F0001T0006Z000C1N15.png,13,54.19281757900655,53.35421747638288,20.48756686804613,22.668811438902168,T6758,G5
W0045F0001T0006Z000C1N15.png,14,44.182878989451154,43.731411430830306,20.48756686804613,22.668811438902168,T6758,G5
W0045F0001T0006Z000C1N15.png,15,0.6789301201042157,0.49499516998266035,20.48756686804613,22.668811438902168,T6758,G5
W0045F0001T0006Z000C1N15.png,16,51.73067277726311,50.94845229936023,20.48756686804613,22.668811438902168,T6758,G5
W0045F0001T0006Z000C1N15.png,17,56.407761622980196,55.91998837821692,20.48756686804613,22.668811438902168,T6758,G5
W0045F0001T0006Z000C1N15.png,18,64.4865914302647,64.37285729706407,20.48756686804613,22.668811438902168,T6758,G5
W0045F0001T0006Z000C1N17.png,1,3.05877676739537,1.1682362872171654,15.82982509484724,16.77516460005968,T6758,G5
W0045F0001T0006Z000C1N17.png,2,0.9427473641823926,0.5546891238275571,15.82982509484724,16.77516460005968,T6758,G5
W0045F0001T0006Z000C1N17.png,3,24.896082057465534,22.80393443096519,15.82982509484724,16.77516460005968,T6758,G5
W0045F0001T0006Z000C1N17.png,4,37.466265084352756,17.558857695656922,15.82982509484724,16.77516460005968,T6758,G5
W0045F0001T0006Z000C1N17.png,5,47.837173158931606,2.951634297415397,15.82982509484724,16.77516460005968,T6758,G5
W0045F0001T0006Z000C1N17.png,6,43.878393383444504,25.200267161549224,15.82982509484724,16.77516460005968,T6758,G5
W0045F0001T0006Z000C1N17.png,7,47.672971201230496,21.286728882693048,15.82982509484724,16.77516460005968,T6758,G5
W0045F0001T0006Z000C1N17.png,8,51.08184115800775,17.390862451217128,15.82982509484724,16.77516460005968,T6758,G5
W0045F0001T0006Z000C1N17.png,9,40.476814379844946,10.486416469059936,15.82982509484724,16.77516460005968,T6758,G5
W0045F0001T0006Z000C1N17.png,10,29.20298554170973,1.4589172323440396,15.82982509484724,16.77516460005968,T6758,G5
W0045F0001T0006Z000C1N17.png,11,18.692905838029304,12.271021374002425,15.82982509484724,16.77516460005968,T6758,G5
W0045F0001T0006Z000C1N17.png,12,47.512909723115996,46.507261656752995,15.82982509484724,16.77516460005968,T6758,G5
W0045F0001T0006Z000C1N17.png,13,42.03932501287551,40.517393148594095,15.82982509484724,16.77516460005968,T6758,G5
W0045F0001T0006Z000C1N17.png,14,41.15496141384614,29.34174765907,15.82982509484724,16.77516460005968,T6758,G5
W0045F0001T0006Z000C1N17.png,15,46.1909038960583,44.825421117270906,15.82982509484724,16.77516460005968,T6758,G5
W0045F0001T0006Z000C1N17.png,16,53.456055636169175,51.66760744332499,15.82982509484724,16.77516460005968,T6758,G5
W0045F0001T0006Z000C1N17.png,17,45.88536506740245,43.691661711885594,15.82982509484724,16.77516460005968,T6758,G5
W0045F0001T0006Z000C1N17.png,18,61.01903145039828,59.52091512544967,15.82982509484724,16.77516460005968,T6758,G5
W0045F0001T0006Z000C1N17.png,19,13.771204407284127,16.249367166839317,15.82982509484724,16.77516460005968,T6758,G5
W0045F0001T0006Z000C1N17.png,20,43.207004504261086,40.22426617575414,15.82982509484724,16.77516460005968,T6758,G5
W0045F0001T0006Z000C1N17.png,21,28.95080379040413,25.964455827071784,15.82982509484724,16.77516460005968,T6758,G5
W0045F0001T0006Z000C1N17.png,22,16.889434754983135,13.9055145821669,15.82982509484724,16.77516460005968,T6758,G5
W0045F0001T0006Z000C1N17.png,23,57.66566010575005,51.9377754729899,15.82982509484724,16.77516460005968,T6758,G5
W0045F0001T0006Z000C1N17.png,24,9.176758641214377,12.000539624947093,15.82982509484724,16.77516460005968,T6758,G5
W0045F0001T0006Z000C1N17.png,25,35.090859270704925,34.62126134272752,15.82982509484724,16.77516460005968,T6758,G5
W0045F0001T0006Z000C1N17.png,26,29.2553410282128,26.446099374832492,15.82982509484724,16.77516460005968,T6758,G5
W0045F0001T0006Z000C1N17.png,27,38.49550164823034,35.626859418991366,15.82982509484724,16.77516460005968,T6758,G5
W0045F0001T0006Z000C1N17.png,28,46.78105534022554,43.87746995305265,15.82982509484724,16.77516460005968,T6758,G5
W0045F0001T0006Z000C1N19.png,1,59.57149623238814,58.6582912240053,15.722546219806906,15.451228566309027,T6758,G5
W0045F0001T0006Z000C1N19.png,2,47.48254962062342,46.558621660052154,15.722546219806906,15.451228566309027,T6758,G5
W0045F0001T0006Z000C1N19.png,3,54.649746545407325,53.77254322039971,15.722546219806906,15.451228566309027,T6758,G5
W0045F0001T0006Z000C1N19.png,4,54.28371706619232,53.48631960525718,15.722546219806906,15.451228566309027,T6758,G5
W0045F0001T0006Z000C1N19.png,5,45.69995755949741,44.860662106898815,15.722546219806906,15.451228566309027,T6758,G5
W0045F0001T0006Z000C1N19.png,6,27.460922662048517,26.78731395715271,15.722546219806906,15.451228566309027,T6758,G5
W0045F0001T0006Z000C1N19.png,7,45.60139915156815,44.88239625746594,15.722546219806906,15.451228566309027,T6758,G5
W0045F0001T0006Z000C1N19.png,8,39.10356797342396,38.40931894142648,15.722546219806906,15.451228566309027,T6758,G5
W0045F0001T0006Z000C1N19.png,9,26.109279627292857,25.983183514249205,15.722546219806906,15.451228566309027,T6758,G5
W0045F0001T0006Z000C1N19.png,10,15.037199870486159,15.262160017770336,15.722546219806906,15.451228566309027,T6758,G5
W0045F0001T0006Z000C1N19.png,11,31.433076077253688,31.870076214971085,15.722546219806906,15.451228566309027,T6758,G5
W0045F0001T0006Z000C1N19.png,12,13.123079043443092,12.560799376296725,15.722546219806906,15.451228566309027,T6758,G5
W0045F0001T0006Z000C1N19.png,13,24.113165642846848,25.03726849864001,15.722546219806906,15.451228566309027,T6758,G5
W0045F0001T0006Z000C1N19.png,14,26.39502596563566,26.16245050513529,15.722546219806906,15.451228566309027,T6758,G5
W0045F0001T0006Z000C1N19.png,15,46.93243406422584,46.64682072356085,15.722546219806906,15.451228566309027,T6758,G5
W0045F0001T0006Z000C1N19.png,16,33.07240943916908,32.762258139826876,15.722546219806906,15.451228566309027,T6758,G5
W0045F0001T0006Z000C1N19.png,17,40.16744093062111,40.18892996339575,15.722546219806906,15.451228566309027,T6758,G5
W0045F0001T0006Z000C1N19.png,18,13.801508444773745,13.682766620699242,15.722546219806906,15.451228566309027,T6758,G5
W0045F0001T0006Z000C1N19.png,19,58.19914290297923,57.8787746698881,15.722546219806906,15.451228566309027,T6758,G5
W0045F0001T0006Z000C1N19.png,20,35.09863682987129,35.101533786722385,15.722546219806906,15.451228566309027,T6758,G5
W0045F0001T0006Z000C1N19.png,21,2.5597514206143384,2.6696184908783143,15.722546219806906,15.451228566309027,T6758,G5
W0045F0001T0006Z000C1N24.png,1,6.261282109990394,4.6001525144527236,0.0,0.0,T6758,G5
W0045F0001T0006Z000C1N9.png,1,7.758397393438052,7.817083766853831,12.11732772649395,11.169359157085324,T6758,G5
W0045F0001T0006Z000C1N9.png,2,7.185751099326206,6.9124311363242805,12.11732772649395,11.169359157085324,T6758,G5
W0045F0001T0006Z000C1N9.png,3,26.560375070310428,26.547693975142415,12.11732772649395,11.169359157085324,T6758,G5
W0045F0001T0006Z000C1N9.png,4,11.711986097180729,11.508469168059534,12.11732772649395,11.169359157085324,T6758,G5
W0045F0001T0006Z000C1N9.png,5,33.02071951715111,32.7565238491344,12.11732772649395,11.169359157085324,T6758,G5
W0045F0001T0006Z000C1N9.png,6,24.61829082602645,24.55304223795401,12.11732772649395,11.169359157085324,T6758,G5
W0045F0001T0006Z000C1N9.png,7,18.267401288855407,18.127146951068294,12.11732772649395,11.169359157085324,T6758,G5
W0045F0001T0006Z000C1N9.png,8,31.95862891484297,31.394607190800098,12.11732772649395,11.169359157085324,T6758,G5
W0045F0001T0006Z000C1N9.png,9,22.75642268893417,22.563581745052325,12.11732772649395,11.169359157085324,T6758,G5
W0045F0001T0006Z000C1N9.png,10,20.870682557424402,20.946874507841972,12.11732772649395,11.169359157085324,T6758,G5
W0045F0001T0006Z000C1N9.png,11,30.911685534746233,30.64574691715774,12.11732772649395,11.169359157085324,T6758,G5
W0045F0001T0006Z000C1N9.png,12,23.60944666688672,23.356536712877123,12.11732772649395,11.169359157085324,T6758,G5
W0045F0001T0006Z000C1N9.png,13,39.87697872082565,39.60169057217554,12.11732772649395,11.169359157085324,T6758,G5
W0045F0001T0006Z000C1N9.png,14,26.497376366987794,25.891969086585526,12.11732772649395,11.169359157085324,T6758,G5
W0045F0001T0006Z000C1N9.png,15,32.51302296611015,33.29025261929944,12.11732772649395,11.169359157085324,T6758,G5
W0045F0001T0006Z000C1N9.png,16,21.596722956953183,22.384066747939183,12.11732772649395,11.169359157085324,T6758,G5
W0045F0001T0006Z000C1N9.png,17,17.11515642949647,16.36163477102912,12.11732772649395,11.169359157085324,T6758,G5
W0045F0001T0006Z000C1N9.png,18,37.004165037864766,36.788698400896166,12.11732772649395,11.169359157085324,T6758,G5
W0045F0001T0006Z000C1N9.png,19,32.585626814375196,33.36345271232212,12.11732772649395,11.169359157085324,T6758,G5
W0045F0001T0006Z000C1N9.png,20,26.517104870286357,23.979465775644986,12.11732772649395,11.169359157085324,T6758,G5
W0045F0001T0006Z000C1N9.png,21,37.12496185717975,31.196468933600297,12.11732772649395,11.169359157085324,T6758,G5
W0045F0001T0006Z000C1N9.png,22,49.397162595516726,49.16186496369036,12.11732772649395,11.169359157085324,T6758,G5
W0045F0001T0006Z000C1N9.png,23,39.28129470085217,31.703832575888992,12.11732772649395,11.169359157085324,T6758,G5
W0045F0001T0006Z000C1N9.png,24,28.79046447801355,24.709882841449843,12.11732772649395,11.169359157085324,T6758,G5
W0045F0001T0006Z000C1N9.png,25,25.101510602115052,11.992891413018146,12.11732772649395,11.169359157085324,T6758,G5
W0045F0001T0006Z000C1N9.png,26,52.923350942622605,42.88055943127466,12.11732772649395,11.169359157085324,T6758,G5
W0045F0001T0006Z000C1N9.png,27,28.73400142746804,20.871427959906143,12.11732772649395,11.169359157085324,T6758,G5
W0045F0001T0006Z000C1N9.png,28,12.516295646296665,11.792260086988563,12.11732772649395,11.169359157085324,T6758,G5
W0045F0001T0006Z000C1N9.png,29,5.259434027291102,9.242921993861279,12.11732772649395,11.169359157085324,T6758,G5
W0045F0001T0006Z000C1N9.png,30,48.073693272511434,44.78564518634229,12.11732772649395,11.169359157085324,T6758,G5
W0045F0001T0006Z000C1N9.png,31,11.93722319754634,8.08969248031586,12.11732772649395,11.169359157085324,T6758,G5
W0045F0001T0006Z000C1N9.png,32,9.531559718871499,5.133872359028106,12.11732772649395,11.169359157085324,T6758,G5
W0045F0001T0006Z000C1N9.png,33,4.796416505882055,8.854548020198497,12.11732772649395,11.169359157085324,T6758,G5
W0045F0001T0006Z000C1N9.png,34,50.30694864049585,50.28846330588683,12.11732772649395,11.169359157085324,T6758,G5
W0045F0001T0006Z000C1N9.png,35,32.56367876749489,29.548855756919085,12.11732772649395,11.169359157085324,T6758,G5
W0045F0001T0006Z000C1N9.png,36,1.8411514830658247,13.353874805615428,12.11732772649395,11.169359157085324,T6758,G5
W0045F0001T0006Z000C1N9.png,37,20.84140799440579,16.832260029973284,12.11732772649395,11.169359157085324,T6758,G5
W0045F0001T0006Z000C1N9.png,38,38.37297762628982,38.378968979822474,12.11732772649395,11.169359157085324,T6758,G5
W0045F0001T0006Z000C1N9.png,39,17.630507401682255,21.5652828742045,12.11732772649395,11.169359157085324,T6758,G5
W0045F0001T0006Z000C1N9.png,40,32.185557069843775,32.30147890814308,12.11732772649395,11.169359157085324,T6758,G5
W0045F0001T0006Z000C1N9.png,41,31.364270827483754,31.588907342078524,12.11732772649395,11.169359157085324,T6758,G5
W0045F0001T0006Z000C1N9.png,42,22.845630425204696,24.505767617650697,12.11732772649395,11.169359157085324,T6758,G5
W0045F0001T0006Z000C1N9.png,43,26.868876599080327,29.468147823127474,12.11732772649395,11.169359157085324,T6758,G5
W0045F0001T0006Z000C1N9.png,44,35.43417739878301,35.249525457390945,12.11732772649395,11.169359157085324,T6758,G5
W0045F0001T0006Z000C1N9.png,45,13.312134210613204,16.894504326051145,12.11732772649395,11.169359157085324,T6758,G5
W0045F0001T0006Z000C1N9.png,46,25.27207296159688,25.08525624698587,12.11732772649395,11.169359157085324,T6758,G5
W0045F0001T0006Z000C1N9.png,47,33.39589516635313,33.74823687983287,12.11732772649395,11.169359157085324,T6758,G5
W0045F0001T0006Z000C1N9.png,48,19.67393915587227,20.02951873482388,12.11732772649395,11.169359157085324,T6758,G5
W0045F0001T0006Z000C1N9.png,49,28.275367216409276,28.61113442083494,12.11732772649395,11.169359157085324,T6758,G5
W0045F0001T0006Z000C1N9.png,50,36.76313675832093,37.07278727497858,12.11732772649395,11.169359157085324,T6758,G5
W0045F0001T0006Z000C1N9.png,51,9.622793526588909,9.264775082290512,12.11732772649395,11.169359157085324,T6758,G5
W0045F0002T0006Z000C1N17.png,1,58.17774344772308,58.335502550054194,14.70071445909376,13.699838871509698,T6758,G5
W0045F0002T0006Z000C1N17.png,2,49.328929221715654,49.316883531745795,14.70071445909376,13.699838871509698,T6758,G5
W0045F0002T0006Z000C1N17.png,3,46.077972942501,46.35157537215237,14.70071445909376,13.699838871509698,T6758,G5
W0045F0002T0006Z000C1N17.png,4,59.65751855497109,59.13338166254333,14.70071445909376,13.699838871509698,T6758,G5
W0045F0002T0006Z000C1N17.png,5,25.763070515409048,26.25229708284765,14.70071445909376,13.699838871509698,T6758,G5
W0045F0002T0006Z000C1N17.png,6,16.41812574599013,16.98402323608914,14.70071445909376,13.699838871509698,T6758,G5
W0045F0002T0006Z000C1N17.png,7,35.064690159659875,36.55643003910326,14.70071445909376,13.699838871509698,T6758,G5
W0045F0002T0006Z000C1N17.png,8,18.110846532531244,18.26487503553559,14.70071445909376,13.699838871509698,T6758,G5
W0045F0002T0006Z000C1N17.png,9,52.60694776427035,39.64257269624425,14.70071445909376,13.699838871509698,T6758,G5
W0045F0002T0006Z000C1N17.png,10,21.434785401785227,23.218038724265522,14.70071445909376,13.699838871509698,T6758,G5
W0045F0002T0006Z000C1N17.png,11,26.88726685882638,27.118022426748162,14.70071445909376,13.699838871509698,T6758,G5
W0045F0002T0006Z000C1N17.png,12,34.95855197425664,29.90225531233255,14.70071445909376,13.699838871509698,T6758,G5
W0045F0002T0006Z000C1N17.png,13,33.577518200527,33.84257808723857,14.70071445909376,13.699838871509698,T6758,G5
W0045F0002T0006Z000C1N17.png,14,56.4127608342887,28.038815014053107,14.70071445909376,13.699838871509698,T6758,G5
W0045F0002T0006Z000C1N17.png,15,26.869245844426434,18.130735158941388,14.70071445909376,13.699838871509698,T6758,G5
W0045F0002T0006Z000C1N17.png,16,61.830162115674504,28.922826786070754,14.70071445909376,13.699838871509698,T6758,G5
W0045F0002T0006Z000C1N17.png,17,47.70039830771816,47.9467949313269,14.70071445909376,13.699838871509698,T6758,G5
W0045F0002T0006Z000C1N17.png,18,33.80220477472741,31.51490297089449,14.70071445909376,13.699838871509698,T6758,G5
W0045F0002T0006Z000C1N17.png,19,45.54543353265185,6.755446698087619,14.70071445909376,13.699838871509698,T6758,G5
W0045F0002T0006Z000C1N17.png,20,60.88693374752346,23.164269578206046,14.70071445909376,13.699838871509698,T6758,G5
W0045F0002T0006Z000C1N18.png,1,60.02556839908423,59.92270836198163,24.010148958652092,23.926842230834747,T6758,G5
W0045F0002T0006Z000C1N18.png,2,35.61797588980715,35.99386886357182,24.010148958652092,23.926842230834747,T6758,G5
W0045F0002T0006Z000C1N18.png,3,1.4817817527678878,1.624931446247515,24.010148958652092,23.926842230834747,T6758,G5
W0045F0002T0006Z000C1N23.png,1,55.084467266154505,55.41828944472166,14.54123473032326,14.50928664510989,T6758,G5
W0045F0002T0006Z000C1N23.png,2,57.72202191879307,58.043147223508996,14.54123473032326,14.50928664510989,T6758,G5
W0045F0002T0006Z000C1N23.png,3,43.48752325881421,43.81331116234422,14.54123473032326,14.50928664510989,T6758,G5
W0045F0002T0006Z000C1N23.png,4,48.70047500331137,49.04371450066567,14.54123473032326,14.50928664510989,T6758,G5
W0045F0002T0006Z000C1N23.png,5,29.618376545595538,29.892285558696642,14.54123473032326,14.50928664510989,T6758,G5
W0045F0002T0006Z000C1N23.png,6,14.467943782745946,14.809232347211692,14.54123473032326,14.50928664510989,T6758,G5
W0045F0002T0006Z000C1N23.png,7,21.234838492614898,21.470147645476143,14.54123473032326,14.50928664510989,T6758,G5
W0045F0002T0006Z000C1N23.png,8,30.335422783153714,30.510676491267212,14.54123473032326,14.50928664510989,T6758,G5
W0045F0002T0006Z000C1N23.png,9,50.6041158885994,50.85568474862232,14.54123473032326,14.50928664510989,T6758,G5
W0045F0002T0006Z000C1N23.png,10,13.284699793422604,13.568498357357214,14.54123473032326,14.50928664510989,T6758,G5
W0045F0002T0006Z000C1N23.png,11,32.873555221436455,32.98226698866454,14.54123473032326,14.50928664510989,T6758,G5
W0045F0002T0006Z000C1N23.png,12,34.629950063098455,34.5389067961315,14.54123473032326,14.50928664510989,T6758,G5
W0045F0002T0006Z000C1N23.png,13,44.25086205254775,43.910329534462285,14.54123473032326,14.50928664510989,T6758,G5
W0045F0002T0006Z000C1N23.png,14,59.76939134548104,59.515528123781294,14.54123473032326,14.50928664510989,T6758,G5
W0045F0002T0006Z000C1N23.png,15,30.055595069853805,29.809624221979348,14.54123473032326,14.50928664510989,T6758,G5
W0045F0002T0006Z000C1N24.png,1,68.9543240203834,69.4711791992017,16.636833122522457,16.684284632187232,T6758,G5
W0045F0002T0006Z000C1N24.png,2,54.85617798894571,55.40273968388557,16.636833122522457,16.684284632187232,T6758,G5
W0045F0002T0006Z000C1N24.png,3,46.05104444953356,46.436197364666,16.636833122522457,16.684284632187232,T6758,G5
W0045F0002T0006Z000C1N24.png,4,55.51317786193007,55.98914727961863,16.636833122522457,16.684284632187232,T6758,G5
W0045F0002T0006Z000C1N24.png,5,30.0919189260081,30.373797135091895,16.636833122522457,16.684284632187232,T6758,G5
W0045F0002T0006Z000C1N24.png,6,49.63343306919018,50.18841677754918,16.636833122522457,16.684284632187232,T6758,G5
W0045F0002T0006Z000C1N24.png,7,21.760091654844885,22.306325328653866,16.636833122522457,16.684284632187232,T6758,G5
W0045F0002T0006Z000C1N24.png,8,30.077946073589356,30.626733503632966,16.636833122522457,16.684284632187232,T6758,G5
W0045F0002T0006Z000C1N24.png,9,39.395454630984,39.91805460069756,16.636833122522457,16.684284632187232,T6758,G5
W0045F0002T0006Z000C1N24.png,10,15.099630598176711,15.542726032001319,16.636833122522457,16.684284632187232,T6758,G5
W0045F0002T0006Z000C1N24.png,11,8.488773997275779,8.941458561740134,16.636833122522457,16.684284632187232,T6758,G5
W0045F0002T0006Z000C1N24.png,12,35.100719623627484,34.610430332336044,16.636833122522457,16.684284632187232,T6758,G5
W0045F0002T0006Z000C1N24.png,13,30.2430083979419,30.21351981297013,16.636833122522457,16.684284632187232,T6758,G5
W0045F0002T0006Z000C1N25.png,1,31.44274649255323,31.396498242007368,11.836454485636834,11.997154271941488,T6758,G5
W0045F0002T0006Z000C1N25.png,2,5.591370037017,5.615390571845737,11.836454485636834,11.997154271941488,T6758,G5
W0045F0002T0006Z000C1N25.png,3,37.13298444226945,38.14790061227046,11.836454485636834,11.997154271941488,T6758,G5
W0045F0002T0006Z000C1N25.png,4,7.285845148344097,7.320308618088018,11.836454485636834,11.997154271941488,T6758,G5
W0045F0002T0006Z000C1N25.png,5,35.05646702747427,35.05303531685171,11.836454485636834,11.997154271941488,T6758,G5
W0045F0002T0006Z000C1N25.png,6,39.360843547994335,39.579753225457544,11.836454485636834,11.997154271941488,T6758,G5
W0045F0002T0006Z000C1N25.png,7,9.228106154108662,8.305597490500674,11.836454485636834,11.997154271941488,T6758,G5
W0045F0002T0006Z000C1N25.png,8,15.580257169465533,15.65902902694725,11.836454485636834,11.997154271941488,T6758,G5
W0045F0002T0006Z000C1N25.png,9,14.414630015928745,15.077895593487847,11.836454485636834,11.997154271941488,T6758,G5
W0045F0002T0006Z000C1N25.png,10,15.190848194163864,14.351016271674192,11.836454485636834,11.997154271941488,T6758,G5
W0045F0002T0006Z000C1N25.png,11,13.49439323275643,12.582089595889958,11.836454485636834,11.997154271941488,T6758,G5
W0045F0002T0006Z000C1N25.png,12,9.524338666178679,8.654926558399586,11.836454485636834,11.997154271941488,T6758,G5
W0045F0002T0006Z000C1N25.png,13,17.765273520679532,17.588881370379106,11.836454485636834,11.997154271941488,T6758,G5
W0045F0002T0006Z000C1N25.png,14,24.370615700431944,24.534118817578186,11.836454485636834,11.997154271941488,T6758,G5
W0045F0002T0006Z000C1N25.png,15,3.8282095909877354,2.60947689081064,11.836454485636834,11.997154271941488,T6758,G5
W0045F0002T0006Z000C1N25.png,16,39.63975124224955,38.52560798510675,11.836454485636834,11.997154271941488,T6758,G5
W0045F0002T0006Z000C1N25.png,17,10.483401834878698,10.623304664882186,11.836454485636834,11.997154271941488,T6758,G5
W0045F0002T0006Z000C1N25.png,18,19.592646217709465,19.811858905246094,11.836454485636834,11.997154271941488,T6758,G5
W0045F0002T0006Z000C1N25.png,19,6.016993310358639,6.434107938933408,11.836454485636834,11.997154271941488,T6758,G5
W0045F0002T0006Z000C1N26.png,1,29.060250636701962,28.952005227601898,17.311111668325474,17.329313725882457,T6758,G5
W0045F0002T0006Z000C1N26.png,2,33.32521897352418,33.54560220215077,17.311111668325474,17.329313725882457,T6758,G5
W0045F0002T0006Z000C1N26.png,3,28.123049679531174,28.44612488563025,17.311111668325474,17.329313725882457,T6758,G5
W0045F0002T0006Z000C1N26.png,4,6.7399062923339494,7.068464429166668,17.311111668325474,17.329313725882457,T6758,G5
W0045F0002T0006Z000C1N26.png,5,6.734483880485551,6.411035114767072,17.311111668325474,17.329313725882457,T6758,G5
W0045F0002T0006Z000C1N26.png,6,17.67961564741114,17.345075449824137,17.311111668325474,17.329313725882457,T6758,G5
W0045F0002T0006Z000C1N26.png,7,52.17568183324511,51.839501505689654,17.311111668325474,17.329313725882457,T6758,G5
W0045F0002T0006Z000C1N26.png,8,17.21782048004155,17.536901785682495,17.311111668325474,17.329313725882457,T6758,G5
W0045F0002T0006Z000C1N26.png,9,35.436804631415804,35.26430801284679,17.311111668325474,17.329313725882457,T6758,G5
W0045F0002T0006Z000C1N26.png,10,20.412885080181116,20.684758215077174,17.311111668325474,17.329313725882457,T6758,G5
W0045F0002T0006Z000C1N26.png,11,70.43082500465253,70.68531331842935,17.311111668325474,17.329313725882457,T6758,G5
W0045F0002T0006Z000C1N26.png,12,45.314562527510766,45.60838665427127,17.311111668325474,17.329313725882457,T6758,G5
W0045F0002T0006Z000C1N26.png,13,31.251337418513867,31.15382821733787,17.311111668325474,17.329313725882457,T6758,G5
W0045F0002T0006Z000C1N27.png,1,31.222723255900636,33.60303883841799,11.632147661908299,10.797527275652271,T6758,G5
W0045F0002T0006Z000C1N27.png,2,11.314224198654845,11.218488500087565,11.632147661908299,10.797527275652271,T6758,G5
W0045F0002T0006Z000C1N27.png,3,18.299099736913956,20.286334954300838,11.632147661908299,10.797527275652271,T6758,G5
W0045F0002T0006Z000C1N27.png,4,30.27594190830159,32.11439005619991,11.632147661908299,10.797527275652271,T6758,G5
W0045F0002T0006Z000C1N27.png,5,27.47055049446237,26.848518084553497,11.632147661908299,10.797527275652271,T6758,G5
W0045F0002T0006Z000C1N27.png,6,13.021885165946262,2.5175439006895406,11.632147661908299,10.797527275652271,T6758,G5
W0045F0002T0006Z000C1N27.png,7,14.873326816788076,14.464574058086543,11.632147661908299,10.797527275652271,T6758,G5
W0045F0002T0006Z000C1N27.png,8,19.483017793365235,28.202656118436554,11.632147661908299,10.797527275652271,T6758,G5
W0045F0002T0006Z000C1N27.png,9,14.624978278833165,23.54975184146538,11.632147661908299,10.797527275652271,T6758,G5
W0045F0002T0006Z000C1N27.png,10,19.282874272140408,18.00741635224732,11.632147661908299,10.797527275652271,T6758,G5
W0045F0002T0006Z000C1N27.png,11,24.810770723880474,29.13930391965201,11.632147661908299,10.797527275652271,T6758,G5
W0045F0002T0006Z000C1N27.png,12,17.103301349137634,11.903295766063016,11.632147661908299,10.797527275652271,T6758,G5
W0045F0002T0006Z000C1N27.png,13,15.059112210798832,23.407479403915044,11.632147661908299,10.797527275652271,T6758,G5
W0045F0002T0006Z000C1N27.png,14,4.3809009098953355,14.504455068753266,11.632147661908299,10.797527275652271,T6758,G5
W0045F0002T0006Z000C1N27.png,15,11.049453269986891,8.674134283113505,11.632147661908299,10.797527275652271,T6758,G5
W0045F0002T0006Z000C1N27.png,16,1.827628532057438,2.2060323618238162,11.632147661908299,10.797527275652271,T6758,G5
W0045F0002T0006Z000C1N27.png,17,15.343209527750103,14.912089024059167,11.632147661908299,10.797527275652271,T6758,G5
W0045F0002T0006Z000C1N27.png,18,11.678373623750582,14.58329023613694,11.632147661908299,10.797527275652271,T6758,G5
W0045F0002T0006Z000C1N27.png,19,23.0783721138922,20.01654793614703,11.632147661908299,10.797527275652271,T6758,G5
W0045F0002T0006Z000C1N27.png,20,13.282286246189917,15.295796726396828,11.632147661908299,10.797527275652271,T6758,G5
W0045F0002T0006Z000C1N27.png,21,28.409393208311606,14.638828111763761,11.632147661908299,10.797527275652271,T6758,G5
W0045F0002T0006Z000C1N27.png,22,22.02632254008758,23.735913945903047,11.632147661908299,10.797527275652271,T6758,G5
W0045F0002T0006Z000C1N27.png,23,28.218954801984154,10.261641017857864,11.632147661908299,10.797527275652271,T6758,G5
W0045F0002T0006Z000C1N27.png,24,19.642155907295898,21.15462639493682,11.632147661908299,10.797527275652271,T6758,G5
W0045F0002T0006Z000C1N27.png,25,27.648228099986497,14.132138374531065,11.632147661908299,10.797527275652271,T6758,G5
W0045F0002T0006Z000C1N27.png,26,24.333385351334496,26.385458947195833,11.632147661908299,10.797527275652271,T6758,G5
W0045F0002T0006Z000C1N27.png,27,40.878598493317476,22.473529446393226,11.632147661908299,10.797527275652271,T6758,G5
W0045F0002T0006Z000C1N27.png,28,28.079749021387403,26.79571754028991,11.632147661908299,10.797527275652271,T6758,G5
W0045F0002T0006Z000C1N27.png,29,23.846088617466787,22.798089931763737,11.632147661908299,10.797527275652271,T6758,G5
W0045F0002T0006Z000C1N27.png,30,33.48210485959284,24.650798761229648,11.632147661908299,10.797527275652271,T6758,G5
W0045F0002T0006Z000C1N27.png,31,12.76942207491951,14.037976659503915,11.632147661908299,10.797527275652271,T6758,G5
W0045F0002T0006Z000C1N27.png,32,20.19041447080525,22.807464939843413,11.632147661908299,10.797527275652271,T6758,G5
W0045F0002T0006Z000C1N27.png,33,3.276675445071598,5.539301829356911,11.632147661908299,10.797527275652271,T6758,G5
W0045F0002T0006Z000C1N27.png,34,13.745083641244845,15.644447325705434,11.632147661908299,10.797527275652271,T6758,G5
W0045F0002T0006Z000C1N27.png,35,38.35114192781573,36.023071953341294,11.632147661908299,10.797527275652271,T6758,G5
W0045F0002T0006Z000C1N27.png,36,29.225285014835375,26.504694289832273,11.632147661908299,10.797527275652271,T6758,G5
W0045F0002T0006Z000C1N27.png,37,23.707123980547042,21.087544491485108,11.632147661908299,10.797527275652271,T6758,G5
W0045F0002T0006Z000C1N27.png,38,50.0491896836104,47.39725819946432,11.632147661908299,10.797527275652271,T6758,G5
W0045F0002T0006Z000C1N27.png,39,18.310870508675542,16.259073609445736,11.632147661908299,10.797527275652271,T6758,G5
W0045F0002T0006Z000C1N27.png,40,31.217050454187707,32.67634189291549,11.632147661908299,10.797527275652271,T6758,G5
W0045F0002T0006Z000C1N27.png,41,43.75600570261694,41.015442327797125,11.632147661908299,10.797527275652271,T6758,G5
W0045F0002T0006Z000C1N27.png,42,58.307115186070526,55.57362398706181,11.632147661908299,10.797527275652271,T6758,G5
W0045F0002T0006Z000C1N27.png,43,29.947450098553553,29.735805449506895,11.632147661908299,10.797527275652271,T6758,G5
W0045F0002T0006Z000C1N27.png,44,31.0245269836974,28.941113564759835,11.632147661908299,10.797527275652271,T6758,G5
W0045F0002T0006Z000C1N27.png,45,36.958843142982175,34.313399535514165,11.632147661908299,10.797527275652271,T6758,G5
W0045F0002T0006Z000C1N29.png,1,25.577834664350995,56.26892034592598,14.055806645454407,15.993326835887228,T6758,G5
W0045F0002T0006Z000C1N29.png,2,26.587011352146195,50.406732895126424,14.055806645454407,15.993326835887228,T6758,G5
W0045F0002T0006Z000C1N29.png,3,55.871283847571455,56.756229153963424,14.055806645454407,15.993326835887228,T6758,G5
W0045F0002T0006Z000C1N29.png,4,42.84731130076953,51.022523257634546,14.055806645454407,15.993326835887228,T6758,G5
W0045F0002T0006Z000C1N29.png,5,59.44699214071822,54.37203097587134,14.055806645454407,15.993326835887228,T6758,G5
W0045F0002T0006Z000C1N29.png,6,27.845582501363968,43.075149766991736,14.055806645454407,15.993326835887228,T6758,G5
W0045F0002T0006Z000C1N29.png,7,3.1419509559166197,34.359069132536504,14.055806645454407,15.993326835887228,T6758,G5
W0045F0002T0006Z000C1N29.png,8,20.96853986769741,18.631809662370014,14.055806645454407,15.993326835887228,T6758,G5
W0045F0002T0006Z000C1N29.png,9,5.311735174118197,6.579169791536024,14.055806645454407,15.993326835887228,T6758,G5
W0045F0002T0006Z000C1N29.png,10,39.55526283789874,38.1386188969263,14.055806645454407,15.993326835887228,T6758,G5
W0045F0002T0006Z000C1N29.png,11,30.232658204454676,30.67441798782281,14.055806645454407,15.993326835887228,T6758,G5
W0045F0002T0006Z000C1N29.png,12,19.830103211338702,22.7070966354723,14.055806645454407,15.993326835887228,T6758,G5
W0045F0002T0006Z000C1N29.png,13,12.636990874744837,14.510356721945774,14.055806645454407,15.993326835887228,T6758,G5
W0045F0002T0006Z000C1N29.png,14,15.81965580012043,17.154824742159086,14.055806645454407,15.993326835887228,T6758,G5
W0045F0002T0006Z000C1N29.png,15,15.782080309808238,17.2414300157192,14.055806645454407,15.993326835887228,T6758,G5
W0045F0002T0006Z000C1N29.png,16,26.938756151967507,24.604892009827214,14.055806645454407,15.993326835887228,T6758,G5
W0045F0002T0006Z000C1N29.png,17,34.446427494741734,17.166267195533067,14.055806645454407,15.993326835887228,T6758,G5
W0045F0002T0006Z000C1N29.png,18,3.635418259478607,5.224647839260558,14.055806645454407,15.993326835887228,T6758,G5
W0045F0002T0006Z000C1N29.png,19,13.053974059724064,12.456391836505508,14.055806645454407,15.993326835887228,T6758,G5
W0045F0002T0006Z000C1N29.png,20,30.624586272050127,5.529702362870729,14.055806645454407,15.993326835887228,T6758,G5
W0045F0002T0006Z000C1N29.png,21,26.089383434800045,24.64713217696527,14.055806645454407,15.993326835887228,T6758,G5
W0045F0002T0006Z000C1N29.png,22,42.03765688359058,41.96608540156585,14.055806645454407,15.993326835887228,T6758,G5
W0045F0002T0006Z000C1N29.png,23,10.932853296726956,12.350989635798147,14.055806645454407,15.993326835887228,T6758,G5
W0045F0002T0006Z000C1N29.png,24,28.681718805369336,22.644581214329595,14.055806645454407,15.993326835887228,T6758,G5
W0045F0002T0006Z000C1N29.png,25,33.431813816506505,32.04047693591609,14.055806645454407,15.993326835887228,T6758,G5
W0045F0002T0006Z000C1N29.png,26,21.70245730383577,18.20682150742194,14.055806645454407,15.993326835887228,T6758,G5
W0045F0002T0006Z000C1N29.png,27,18.940147421408444,18.140601034576868,14.055806645454407,15.993326835887228,T6758,G5
W0045F0002T0006Z000C1N29.png,28,41.49435969090009,40.50481733541775,14.055806645454407,15.993326835887228,T6758,G5
W0045F0002T0006Z000C1N29.png,29,13.554426031616071,13.457821072203648,14.055806645454407,15.993326835887228,T6758,G5
W0045F0002T0006Z000C1N29.png,30,11.846908765796345,7.0178344238090995,14.055806645454407,15.993326835887228,T6758,G5
W0045F0002T0006Z000C1N29.png,31,8.688820646141272,7.882670740536271,14.055806645454407,15.993326835887228,T6758,G5
W0045F0002T0006Z000C1N3.png,1,14.900135248073328,14.494115412859,23.23889819618101,24.14623291131319,T6758,G5
W0045F0002T0006Z000C1N3.png,2,5.295429409768453,4.973469451605796,23.23889819618101,24.14623291131319,T6758,G5
W0045F0002T0006Z000C1N3.png,3,9.412913820428358,9.684280825934254,23.23889819618101,24.14623291131319,T6758,G5
W0045F0002T0006Z000C1N3.png,4,32.26138089933226,18.475429487188173,23.23889819618101,24.14623291131319,T6758,G5
W0045F0002T0006Z000C1N3.png,5,16.68683633659942,4.129160643363189,23.23889819618101,24.14623291131319,T6758,G5
W0045F0002T0006Z000C1N3.png,6,43.774654778075806,50.316843529872116,23.23889819618101,24.14623291131319,T6758,G5
W0045F0002T0006Z000C1N3.png,7,48.13303505673504,34.722588382795685,23.23889819618101,24.14623291131319,T6758,G5
W0045F0002T0006Z000C1N3.png,8,38.904067178326976,25.65283320265106,23.23889819618101,24.14623291131319,T6758,G5
W0045F0002T0006Z000C1N3.png,9,35.91923415198283,39.37869978456009,23.23889819618101,24.14623291131319,T6758,G5
W0045F0002T0006Z000C1N3.png,10,42.701289653589576,33.0583224024574,23.23889819618101,24.14623291131319,T6758,G5
W0045F0002T0006Z000C1N3.png,11,89.51026383722265,94.02147422091548,23.23889819618101,24.14623291131319,T6758,G5
W0045F0002T0006Z000C1N3.png,12,37.66841300751046,37.290363050866375,23.23889819618101,24.14623291131319,T6758,G5
W0045F0002T0006Z000C1N3.png,13,3.8187179796516735,10.999788614956982,23.23889819618101,24.14623291131319,T6758,G5
W0045F0002T0006Z000C1N3.png,14,85.75037688028523,88.82775625830729,23.23889819618101,24.14623291131319,T6758,G5
W0045F0002T0006Z000C1N3.png,15,49.19689158351296,52.51675238763025,23.23889819618101,24.14623291131319,T6758,G5
W0045F0002T0006Z000C1N3.png,16,64.74865683774878,68.6227303409729,23.23889819618101,24.14623291131319,T6758,G5
W0045F0002T0006Z000C1N3.png,17,86.8995503771912,89.03424224372935,23.23889819618101,24.14623291131319,T6758,G5
W0045F0002T0006Z000C1N3.png,18,67.25242140087153,69.34649776998464,23.23889819618101,24.14623291131319,T6758,G5
W0045F0002T0006Z000C1N3.png,19,42.9384530001307,44.81194198742641,23.23889819618101,24.14623291131319,T6758,G5
W0045F0002T0006Z000C1N3.png,20,61.50751696015888,62.21411982558906,23.23889819618101,24.14623291131319,T6758,G5
W0045F0002T0006Z000C1N3.png,21,30.688551781119237,29.781089741604273,23.23889819618101,24.14623291131319,T6758,G5
W0045F0002T0006Z000C1N3.png,22,50.79433185600976,47.92046190955093,23.23889819618101,24.14623291131319,T6758,G5
W0045F0002T0006Z000C1N3.png,23,66.42446452946804,66.56742246192049,23.23889819618101,24.14623291131319,T6758,G5
W0045F0002T0006Z000C1N3.png,24,42.63706348565813,40.503206492900745,23.23889819618101,24.14623291131319,T6758,G5
W0045F0002T0006Z000C1N3.png,25,45.71426944671382,49.36862836952041,23.23889819618101,24.14623291131319,T6758,G5
W0045F0002T0006Z000C1N3.png,26,62.31229790567379,61.388400039545296,23.23889819618101,24.14623291131319,T6758,G5
W0045F0002T0006Z000C1N3.png,27,49.72571558197134,48.233509328657874,23.23889819618101,24.14623291131319,T6758,G5
W0045F0002T0006Z000C1N3.png,28,12.323176758081699,47.82185575426903,23.23889819618101,24.14623291131319,T6758,G5
W0045F0002T0006Z000C1N3.png,29,23.71308473296376,52.18129975992638,23.23889819618101,24.14623291131319,T6758,G5
W0045F0002T0006Z000C1N3.png,30,20.11547743880377,54.37755225681081,23.23889819618101,24.14623291131319,T6758,G5
W0045F0002T0006Z000C1N3.png,31,13.598869880482946,6.4539224445997085,23.23889819618101,24.14623291131319,T6758,G5
W0045F0002T0006Z000C1N3.png,32,24.94578960856963,59.12566690858187,23.23889819618101,24.14623291131319,T6758,G5
W0045F0002T0006Z000C1N32.png,1,41.97385786307907,42.19135410726651,14.195864810885789,13.437202831183853,T6758,G5
W0045F0002T0006Z000C1N32.png,2,40.28782438536419,38.96695207864957,14.195864810885789,13.437202831183853,T6758,G5
W0045F0002T0006Z000C1N32.png,3,34.95441389683632,33.728246813282546,14.195864810885789,13.437202831183853,T6758,G5
W0045F0002T0006Z000C1N32.png,4,6.838782391003184,8.05767491010427,14.195864810885789,13.437202831183853,T6758,G5
W0045F0002T0006Z000C1N33.png,1,53.14368972406933,53.73614016201751,15.158518052977339,15.039844370580967,T6758,G5
W0045F0002T0006Z000C1N33.png,2,45.332049098079914,45.886716158906005,15.158518052977339,15.039844370580967,T6758,G5
W0045F0002T0006Z000C1N33.png,3,43.569903801134615,44.16713757861285,15.158518052977339,15.039844370580967,T6758,G5
W0045F0002T0006Z000C1N33.png,4,65.69935479150436,66.17357080143495,15.158518052977339,15.039844370580967,T6758,G5
W0045F0002T0006Z000C1N33.png,5,40.965439572376454,41.47257538128698,15.158518052977339,15.039844370580967,T6758,G5
W0045F0002T0006Z000C1N33.png,6,55.972776836983456,56.456638884608324,15.158518052977339,15.039844370580967,T6758,G5
W0045F0002T0006Z000C1N33.png,7,68.69117218363797,69.04248253554725,15.158518052977339,15.039844370580967,T6758,G5
W0045F0002T0006Z000C1N33.png,8,60.51865440621923,60.85821020428714,15.158518052977339,15.039844370580967,T6758,G5
W0045F0002T0006Z000C1N33.png,9,43.79418804644843,44.19658808297018,15.158518052977339,15.039844370580967,T6758,G5
W0045F0002T0006Z000C1N33.png,10,62.52508943431714,62.61632223178766,15.158518052977339,15.039844370580967,T6758,G5
W0045F0002T0006Z000C1N33.png,11,53.23875703416441,53.32235078334412,15.158518052977339,15.039844370580967,T6758,G5
W0045F0002T0006Z000C1N33.png,12,67.56667420448454,67.7072206515792,15.158518052977339,15.039844370580967,T6758,G5
W0045F0002T0006Z000C1N33.png,13,63.05276144652246,63.03405387867969,15.158518052977339,15.039844370580967,T6758,G5
W0045F0002T0006Z000C1N33.png,14,22.05487706922324,22.05266359750292,15.158518052977339,15.039844370580967,T6758,G5
W0045F0002T0006Z000C1N33.png,15,68.69406169512638,68.64726177726234,15.158518052977339,15.039844370580967,T6758,G5
W0045F0002T0006Z000C1N33.png,16,63.49199576967619,63.40023067432912,15.158518052977339,15.039844370580967,T6758,G5
W0045F0002T0006Z000C1N33.png,17,78.15284383356021,77.96849861433735,15.158518052977339,15.039844370580967,T6758,G5
W0045F0002T0006Z000C1N33.png,18,67.77403806802171,67.9144084246711,15.158518052977339,15.039844370580967,T6758,G5
W0045F0002T0006Z000C1N33.png,19,61.43555795953833,61.23598343375065,15.158518052977339,15.039844370580967,T6758,G5
W0045F0002T0006Z000C1N33.png,20,58.60332449736536,58.3151695234136,15.158518052977339,15.039844370580967,T6758,G5
W0045F0002T0006Z000C1N33.png,21,82.26035519405578,81.9679368873687,15.158518052977339,15.039844370580967,T6758,G5
W0045F0002T0006Z000C1N33.png,22,73.2902949511045,73.09316501066989,15.158518052977339,15.039844370580967,T6758,G5
W0045F0002T0006Z000C1N33.png,23,67.4996978442654,67.18502100872674,15.158518052977339,15.039844370580967,T6758,G5
W0045F0002T0006Z000C1N33.png,24,74.44842341906842,74.13468832542227,15.158518052977339,15.039844370580967,T6758,G5
W0045F0002T0006Z000C1N33.png,25,72.12267429361697,71.76794495014077,15.158518052977339,15.039844370580967,T6758,G5
W0045F0002T0006Z000C1N33.png,26,79.4318220396372,79.07875147897569,15.158518052977339,15.039844370580967,T6758,G5
W0045F0002T0006Z000C1N33.png,27,22.30030937206669,21.945866392466886,15.158518052977339,15.039844370580967,T6758,G5
W0045F0002T0006Z000C1N34.png,1,41.309095158086016,41.40928905615393,14.291057704378876,14.456721224008081,T6758,G5
W0045F0002T0006Z000C1N34.png,2,56.17267065590346,56.87642378260672,14.291057704378876,14.456721224008081,T6758,G5
W0045F0002T0006Z000C1N34.png,3,25.047661854170727,23.848039350918825,14.291057704378876,14.456721224008081,T6758,G5
W0045F0002T0006Z000C1N34.png,4,13.875423706267648,14.202467342535032,14.291057704378876,14.456721224008081,T6758,G5
W0045F0002T0006Z000C1N34.png,5,22.20311442143156,22.83839403302166,14.291057704378876,14.456721224008081,T6758,G5
W0045F0002T0006Z000C1N34.png,6,15.433218946111642,15.951807448458363,14.291057704378876,14.456721224008081,T6758,G5
W0045F0002T0006Z000C1N34.png,7,10.305111396626398,11.506872279776557,14.291057704378876,14.456721224008081,T6758,G5
W0045F0002T0006Z000C1N34.png,8,21.33951423442552,22.32871827944691,14.291057704378876,14.456721224008081,T6758,G5
W0045F0002T0006Z000C1N34.png,9,24.316609342214768,25.52169592759413,14.291057704378876,14.456721224008081,T6758,G5
W0045F0002T0006Z000C1N34.png,10,37.02394163923279,38.2319481691536,14.291057704378876,14.456721224008081,T6758,G5
W0045F0002T0006Z000C1N34.png,11,41.54336673783841,42.73246901251974,14.291057704378876,14.456721224008081,T6758,G5
W0045F0002T0006Z000C1N34.png,12,6.034376317825544,5.6071969241066855,14.291057704378876,14.456721224008081,T6758,G5
W0045F0002T0006Z000C1N35.png,1,49.1428627593121,48.97624270503636,15.359416938475364,15.315796441059012,T6758,G5
W0045F0002T0006Z000C1N35.png,2,67.56267094272152,67.44871510158927,15.359416938475364,15.315796441059012,T6758,G5
W0045F0002T0006Z000C1N35.png,3,55.85164806183101,54.77003797662408,15.359416938475364,15.315796441059012,T6758,G5
W0045F0002T0006Z000C1N35.png,4,44.474200007778364,43.14464316420193,15.359416938475364,15.315796441059012,T6758,G5
W0045F0002T0006Z000C1N35.png,5,41.43963795311306,41.25356242055318,15.359416938475364,15.315796441059012,T6758,G5
W0045F0002T0006Z000C1N35.png,6,51.28468086367199,51.11904157384501,15.359416938475364,15.315796441059012,T6758,G5
W0045F0002T0006Z000C1N35.png,7,59.31701402171349,59.208456434957164,15.359416938475364,15.315796441059012,T6758,G5
W0045F0002T0006Z000C1N35.png,8,55.82136712229491,55.73037108541486,15.359416938475364,15.315796441059012,T6758,G5
W0045F0002T0006Z000C1N35.png,9,34.38769658448478,34.20090029238079,15.359416938475364,15.315796441059012,T6758,G5
W0045F0002T0006Z000C1N35.png,10,34.68914765211248,33.4680657934697,15.359416938475364,15.315796441059012,T6758,G5
W0045F0002T0006Z000C1N35.png,11,48.929500902453405,48.855071355714685,15.359416938475364,15.315796441059012,T6758,G5
W0045F0002T0006Z000C1N35.png,12,46.38598332428444,46.264904123675485,15.359416938475364,15.315796441059012,T6758,G5
W0045F0002T0006Z000C1N35.png,13,24.70222644412627,23.441943656264108,15.359416938475364,15.315796441059012,T6758,G5
W0045F0002T0006Z000C1N35.png,14,35.94950881576871,36.44691370354851,15.359416938475364,15.315796441059012,T6758,G5
W0045F0002T0006Z000C1N35.png,15,17.24058153748721,17.391202838033692,15.359416938475364,15.315796441059012,T6758,G5
W0045F0002T0006Z000C1N35.png,16,43.77067259796224,43.847994100363564,15.359416938475364,15.315796441059012,T6758,G5
W0045F0002T0006Z000C1N35.png,17,23.249276477843555,23.438968571662894,15.359416938475364,15.315796441059012,T6758,G5
W0045F0002T0006Z000C1N35.png,18,40.414382954315165,41.26146678912512,15.359416938475364,15.315796441059012,T6758,G5
W0045F0002T0006Z000C1N35.png,19,50.40902152347149,50.525057260305815,15.359416938475364,15.315796441059012,T6758,G5
W0045F0002T0006Z000C1N35.png,20,38.87480099208806,40.04858025932342,15.359416938475364,15.315796441059012,T6758,G5
W0045F0002T0006Z000C1N35.png,21,36.76642419931674,36.95043040727499,15.359416938475364,15.315796441059012,T6758,G5
W0045F0002T0006Z000C1N35.png,22,40.98950234506474,41.16314608023068,15.359416938475364,15.315796441059012,T6758,G5
W0045F0002T0006Z000C1N35.png,23,12.944641595345159,12.973697784388918,15.359416938475364,15.315796441059012,T6758,G5
W0045F0002T0006Z000C1N35.png,24,57.498828157205736,57.647678863215674,15.359416938475364,15.315796441059012,T6758,G5
W0045F0002T0006Z000C1N35.png,25,24.975413403238775,24.990037656245928,15.359416938475364,15.315796441059012,T6758,G5
W0045F0002T0006Z000C1N35.png,26,12.943104663479957,14.25135047003187,15.359416938475364,15.315796441059012,T6758,G5
W0045F0002T0006Z000C1N35.png,27,39.850911960781666,40.04973244242107,15.359416938475364,15.315796441059012,T6758,G5
W0045F0002T0006Z000C1N35.png,28,54.351818874264296,55.693874543177365,15.359416938475364,15.315796441059012,T6758,G5
W0045F0002T0006Z000C1N35.png,29,15.039920575827747,14.843789703414926,15.359416938475364,15.315796441059012,T6758,G5
W0045F0002T0006Z000C1N35.png,30,21.11390633136403,20.795942150724457,15.359416938475364,15.315796441059012,T6758,G5
W0045F0002T0006Z000C1N35.png,31,32.114368137816996,32.425139759646974,15.359416938475364,15.315796441059012,T6758,G5
W0045F0002T0006Z000C1N35.png,32,28.11452957685721,27.830097436432403,15.359416938475364,15.315796441059012,T6758,G5
W0045F0002T0006Z000C1N35.png,33,3.2016017949473734,3.301238674334808,15.359416938475364,15.315796441059012,T6758,G5
W0045F0002T0006Z000C1N35.png,34,17.51961543156813,17.83366665673048,15.359416938475364,15.315796441059012,T6758,G5
W0045F0002T0006Z000C1N35.png,35,25.464839293736727,25.42165175953067,15.359416938475364,15.315796441059012,T6758,G5
W0045F0002T0006Z000C1N35.png,36,23.503518392892897,23.646842432908873,15.359416938475364,15.315796441059012,T6758,G5
W0045F0002T0006Z000C1N40.png,1,55.29015511225672,10.25902090780309,24.456234553950704,24.30363839040628,T6758,G5
W0045F0002T0006Z000C1N40.png,2,61.86713180066808,60.36812951779336,24.456234553950704,24.30363839040628,T6758,G5
W0045F0002T0006Z000C1N40.png,3,29.036810228099903,19.349561205576506,24.456234553950704,24.30363839040628,T6758,G5
W0045F0002T0006Z000C1N40.png,4,44.30143484038756,42.798222619273886,24.456234553950704,24.30363839040628,T6758,G5
W0045F0002T0006Z000C1N40.png,5,11.235334507257038,9.764272243179974,24.456234553950704,24.30363839040628,T6758,G5
W0045F0002T0006Z000C1N40.png,6,24.475043570565205,24.869497185803763,24.456234553950704,24.30363839040628,T6758,G5
W0045F0002T0006Z000C1N40.png,7,26.403413082534097,26.56976348180176,24.456234553950704,24.30363839040628,T6758,G5
W0045F0002T0006Z000C1N40.png,8,23.406230701657137,23.72086010384662,24.456234553950704,24.30363839040628,T6758,G5
W0045F0002T0006Z000C1N40.png,9,2.1711691467297682,3.025085539213778,24.456234553950704,24.30363839040628,T6758,G5
W0045F0002T0006Z000C1N40.png,10,9.577919352948427,10.966575257264354,24.456234553950704,24.30363839040628,T6758,G5
W0045F0002T0006Z000C1N40.png,11,14.276947459623985,15.791314429957453,24.456234553950704,24.30363839040628,T6758,G5
W0045F0002T0006Z000C1N40.png,12,53.160370762987824,53.6188479017056,24.456234553950704,24.30363839040628,T6758,G5
W0045F0002T0006Z000C1N40.png,13,5.1076132106150505,5.532106178412325,24.456234553950704,24.30363839040628,T6758,G5
W0045F0002T0006Z000C1N40.png,14,76.88945187065055,76.89595566795049,24.456234553950704,24.30363839040628,T6758,G5
W0045F0002T0006Z000C1N40.png,15,76.34442790357541,76.2894198863672,24.456234553950704,24.30363839040628,T6758,G5
W0045F0002T0006Z000C1N48.png,1,90.80080150855245,1.0170386469071155,18.862173217770007,16.446563166348827,T6758,G5
W0045F0002T0006Z000C1N48.png,2,1.6544405675356058,1.9135531983477767,18.862173217770007,16.446563166348827,T6758,G5
W0045F0002T0006Z000C1N48.png,3,52.99336836618463,53.134884806539525,18.862173217770007,16.446563166348827,T6758,G5
W0045F0002T0006Z000C1N48.png,4,51.56215656277331,52.113047472483295,18.862173217770007,16.446563166348827,T6758,G5
W0045F0002T0006Z000C1N48.png,5,47.69627987882116,48.281009071702506,18.862173217770007,16.446563166348827,T6758,G5
W0045F0002T0006Z000C1N48.png,6,45.247342949106674,45.4500351227018,18.862173217770007,16.446563166348827,T6758,G5
W0045F0002T0006Z000C1N48.png,7,52.798920139996035,52.13911648590865,18.862173217770007,16.446563166348827,T6758,G5
W0045F0002T0006Z000C1N48.png,8,45.00742568563518,44.34974860741787,18.862173217770007,16.446563166348827,T6758,G5
W0045F0002T0006Z000C1N48.png,9,47.51436544048019,46.86347923993811,18.862173217770007,16.446563166348827,T6758,G5
W0045F0002T0006Z000C1N48.png,10,44.30025233940887,44.86942567653594,18.862173217770007,16.446563166348827,T6758,G5
W0045F0002T0006Z000C1N48.png,11,13.459050706218855,13.180433045400619,18.862173217770007,16.446563166348827,T6758,G5
W0045F0002T0006Z000C1N48.png,12,36.983408633786745,36.358197640093195,18.862173217770007,16.446563166348827,T6758,G5
W0045F0002T0006Z000C1N48.png,13,36.1282447052985,36.622851806574054,18.862173217770007,16.446563166348827,T6758,G5
W0045F0002T0006Z000C1N48.png,14,11.237110436917495,11.76560490919572,18.862173217770007,16.446563166348827,T6758,G5
W0045F0002T0006Z000C1N48.png,15,43.63939135931704,44.08842400249347,18.862173217770007,16.446563166348827,T6758,G5
W0045F0002T0006Z000C1N48.png,16,20.881080331548482,21.079013034925797,18.862173217770007,16.446563166348827,T6758,G5
W0045F0002T0006Z000C1N48.png,17,27.42296595440152,27.754342989519888,18.862173217770007,16.446563166348827,T6758,G5
W0045F0002T0006Z000C1N48.png,18,16.08532809386438,16.238210166567242,18.862173217770007,16.446563166348827,T6758,G5
W0045F0002T0006Z000C1N48.png,19,35.13976886188744,35.33448169342481,18.862173217770007,16.446563166348827,T6758,G5
W0045F0002T0006Z000C1N48.png,20,12.298446410092389,12.731073885583495,18.862173217770007,16.446563166348827,T6758,G5
W0045F0002T0006Z000C1N48.png,21,33.64261868975412,33.741079078170465,18.862173217770007,16.446563166348827,T6758,G5
W0045F0002T0006Z000C1N48.png,22,52.3410779501985,52.27234807808468,18.862173217770007,16.446563166348827,T6758,G5
W0045F0002T0006Z000C1N48.png,23,37.870342298014144,37.3194701266226,18.862173217770007,16.446563166348827,T6758,G5
W0045F0002T0006Z000C1N49.png,1,13.477347395747014,13.087578928977743,14.699459596869769,13.20109488092902,T6758,G5
W0045F0002T0006Z000C1N49.png,2,5.42927791115641,5.1256548591060485,14.699459596869769,13.20109488092902,T6758,G5
W0045F0002T0006Z000C1N49.png,3,15.943227124709201,0.08111449341840178,14.699459596869769,13.20109488092902,T6758,G5
W0045F0002T0006Z000C1N49.png,4,1.1152010064293885,0.7766843636753777,14.699459596869769,13.20109488092902,T6758,G5
W0045F0002T0006Z000C1N49.png,5,4.463270353958779,4.564037465366118,14.699459596869769,13.20109488092902,T6758,G5
W0045F0002T0006Z000C1N49.png,6,14.078588745193699,14.410983285896936,14.699459596869769,13.20109488092902,T6758,G5
W0045F0002T0006Z000C1N49.png,7,18.352936374033597,19.009404075632073,14.699459596869769,13.20109488092902,T6758,G5
W0045F0002T0006Z000C1N49.png,8,20.87039103646264,21.070730683277763,14.699459596869769,13.20109488092902,T6758,G5
W0045F0002T0006Z000C1N49.png,9,33.020409146813904,26.52868584610319,14.699459596869769,13.20109488092902,T6758,G5
W0045F0002T0006Z000C1N49.png,10,27.678263260356342,27.962850255913786,14.699459596869769,13.20109488092902,T6758,G5
W0045F0002T0006Z000C1N49.png,11,31.04720021504156,26.332153818242507,14.699459596869769,13.20109488092902,T6758,G5
W0045F0002T0006Z000C1N49.png,12,7.320859633186852,9.502391042686083,14.699459596869769,13.20109488092902,T6758,G5
W0045F0002T0006Z000C1N49.png,13,31.33454272386557,9.973053826556178,14.699459596869769,13.20109488092902,T6758,G5
W0045F0002T0006Z000C1N49.png,14,13.546362566638328,13.238014921152566,14.699459596869769,13.20109488092902,T6758,G5
W0045F0002T0006Z000C1N49.png,15,7.677397154701768,2.3544022333796795,14.699459596869769,13.20109488092902,T6758,G5
W0045F0002T0006Z000C1N49.png,16,13.282146324748611,6.828554372309394,14.699459596869769,13.20109488092902,T6758,G5
W0045F0002T0006Z000C1N49.png,17,25.42764881434267,5.074038605351264,14.699459596869769,13.20109488092902,T6758,G5
W0045F0002T0006Z000C1N49.png,18,36.299929111043014,14.538623770803804,14.699459596869769,13.20109488092902,T6758,G5
W0045F0002T0006Z000C1N49.png,19,17.95872090343231,4.161582883633793,14.699459596869769,13.20109488092902,T6758,G5
W0045F0002T0006Z000C1N49.png,20,26.40908340181755,14.119248695768032,14.699459596869769,13.20109488092902,T6758,G5
W0045F0002T0006Z000C1N49.png,21,43.67625819680783,37.49666084875207,14.699459596869769,13.20109488092902,T6758,G5
W0045F0002T0006Z000C1N49.png,22,33.97277736451477,28.748778080506153,14.699459596869769,13.20109488092902,T6758,G5
W0045F0002T0006Z000C1N49.png,23,40.410386708019054,28.444323423948088,14.699459596869769,13.20109488092902,T6758,G5
W0045F0002T0006Z000C1N49.png,24,64.3509741963193,45.9416822808865,14.699459596869769,13.20109488092902,T6758,G5
W0045F0002T0006Z000C1N49.png,25,29.293838681272767,25.42676707015877,14.699459596869769,13.20109488092902,T6758,G5
W0045F0002T0006Z000C1N49.png,26,32.32838510937752,33.62273419812871,14.699459596869769,13.20109488092902,T6758,G5
W0045F0002T0006Z000C1N49.png,27,43.89714800523226,22.322396414754355,14.699459596869769,13.20109488092902,T6758,G5
W0045F0002T0006Z000C1N49.png,28,37.42925465728433,33.618347060972575,14.699459596869769,13.20109488092902,T6758,G5
W0045F0002T0006Z000C1N49.png,29,43.08927632521811,43.384244626311954,14.699459596869769,13.20109488092902,T6758,G5
W0045F0002T0006Z000C1N49.png,30,45.0820793434822,40.76883580795253,14.699459596869769,13.20109488092902,T6758,G5
W0045F0002T0006Z000C1N51.png,1,27.83812525616733,27.869608731840597,18.06578958025697,17.86101957776388,T6758,G5
W0045F0002T0006Z000C1N51.png,2,59.01231387915317,58.69051231948664,18.06578958025697,17.86101957776388,T6758,G5
W0045F0002T0006Z000C1N51.png,3,47.59538225645525,47.49166661168844,18.06578958025697,17.86101957776388,T6758,G5
W0045F0002T0006Z000C1N51.png,4,49.82351568592036,49.26909623293235,18.06578958025697,17.86101957776388,T6758,G5
W0045F0002T0006Z000C1N51.png,5,12.719116390468123,12.424109523171246,18.06578958025697,17.86101957776388,T6758,G5
W0045F0002T0006Z000C1N51.png,6,20.551681702512898,14.392931459665537,18.06578958025697,17.86101957776388,T6758,G5
W0045F0002T0006Z000C1N51.png,7,29.299760543660504,29.655324438396043,18.06578958025697,17.86101957776388,T6758,G5
W0045F0002T0006Z000C1N51.png,8,1.2537540511434702,1.7204236213724426,18.06578958025697,17.86101957776388,T6758,G5
W0045F0002T0006Z000C1N51.png,9,15.431321531483642,15.27098683784081,18.06578958025697,17.86101957776388,T6758,G5
W0045F0002T0006Z000C1N51.png,10,6.26766205525731,9.77575270712701,18.06578958025697,17.86101957776388,T6758,G5
W0045F0002T0006Z000C1N51.png,11,14.473143765518186,14.346647264903341,18.06578958025697,17.86101957776388,T6758,G5
W0045F0002T0006Z000C1N56.png,1,47.69696959960195,48.184234769280835,10.976817703489997,11.180853600409417,T6758,G5
W0045F0002T0006Z000C1N56.png,2,25.743334192621955,25.822527568462,10.976817703489997,11.180853600409417,T6758,G5
W0045F0002T0006Z000C1N6.png,1,54.19187622222921,54.41636501667491,12.70304455772062,13.976573829283371,T6758,G5
W0045F0002T0006Z000C1N6.png,2,35.72963534943809,22.568422104100712,12.70304455772062,13.976573829283371,T6758,G5
W0045F0002T0006Z000C1N6.png,3,42.249965437905715,41.63211154790889,12.70304455772062,13.976573829283371,T6758,G5
W0045F0002T0006Z000C1N6.png,4,31.138965033142483,32.06764419335708,12.70304455772062,13.976573829283371,T6758,G5
W0045F0002T0006Z000C1N6.png,5,55.352063697099226,50.01696386113354,12.70304455772062,13.976573829283371,T6758,G5
W0045F0002T0006Z000C1N6.png,6,37.819634883995356,38.40276901985121,12.70304455772062,13.976573829283371,T6758,G5
W0045F0002T0006Z000C1N6.png,7,20.83860430048445,21.921766321801204,12.70304455772062,13.976573829283371,T6758,G5
W0045F0002T0006Z000C1N6.png,8,58.17922046676346,57.095035905629224,12.70304455772062,13.976573829283371,T6758,G5
W0045F0002T0006Z000C1N6.png,9,34.35222599463238,35.75439185070495,12.70304455772062,13.976573829283371,T6758,G5
W0045F0002T0006Z000C1N6.png,10,33.444042882253875,31.970956460512422,12.70304455772062,13.976573829283371,T6758,G5
W0045F0002T0006Z000C1N6.png,11,28.700556503634647,29.754597886268737,12.70304455772062,13.976573829283371,T6758,G5
W0045F0002T0006Z000C1N6.png,12,13.991227601461476,7.145433659235539,12.70304455772062,13.976573829283371,T6758,G5
W0045F0002T0006Z000C1N6.png,13,42.22958536533324,48.951664927597236,12.70304455772062,13.976573829283371,T6758,G5
W0045F0002T0006Z000C1N6.png,14,18.086110681215224,16.731562689375526,12.70304455772062,13.976573829283371,T6758,G5
W0045F0002T0006Z000C1N6.png,15,19.297936755662832,34.60966724145231,12.70304455772062,13.976573829283371,T6758,G5
W0045F0002T0006Z000C1N6.png,16,25.883856988444705,26.051495641699816,12.70304455772062,13.976573829283371,T6758,G5
W0045F0002T0006Z000C1N6.png,17,41.88413823118165,57.192003536802815,12.70304455772062,13.976573829283371,T6758,G5
W0045F0002T0006Z000C1N6.png,18,20.56488358639581,19.213232728971114,12.70304455772062,13.976573829283371,T6758,G5
W0045F0002T0006Z000C1N6.png,19,43.08467529994813,43.27026434110554,12.70304455772062,13.976573829283371,T6758,G5
W0045F0002T0006Z000C1N60.png,1,58.269900767891784,57.23819026121645,15.162186709208596,13.438344388364781,T6758,G5
W0045F0002T0006Z000C1N60.png,2,42.57604125550019,40.83396317790969,15.162186709208596,13.438344388364781,T6758,G5
W0045F0002T0006Z000C1N60.png,3,52.1626974997182,51.764385040760736,15.162186709208596,13.438344388364781,T6758,G5
W0045F0002T0006Z000C1N60.png,4,45.555086809861066,43.58358961268406,15.162186709208596,13.438344388364781,T6758,G5
W0045F0002T0006Z000C1N60.png,5,37.061997160994274,35.90623197937468,15.162186709208596,13.438344388364781,T6758,G5
W0045F0002T0006Z000C1N60.png,6,31.116293707517556,30.379505318787505,15.162186709208596,13.438344388364781,T6758,G5
W0045F0002T0006Z000C1N60.png,7,33.02058830902383,32.601668423338,15.162186709208596,13.438344388364781,T6758,G5
W0045F0002T0006Z000C1N60.png,8,35.30785272866111,34.64142852010508,15.162186709208596,13.438344388364781,T6758,G5
W0045F0002T0006Z000C1N60.png,9,19.188991356611186,17.134785544005364,15.162186709208596,13.438344388364781,T6758,G5
W0045F0002T0006Z000C1N60.png,10,13.777984817344182,13.248044724397738,15.162186709208596,13.438344388364781,T6758,G5
W0045F0002T0006Z000C1N60.png,11,11.529859321415762,12.085098065410191,15.162186709208596,13.438344388364781,T6758,G5
W0045F0002T0006Z000C1N60.png,12,24.85493048725488,24.093244278171326,15.162186709208596,13.438344388364781,T6758,G5
W0045F0002T0006Z000C1N60.png,13,24.8467953640833,25.32138356528124,15.162186709208596,13.438344388364781,T6758,G5
W0045F0002T0006Z000C1N60.png,14,18.718474167161958,20.484925007146142,15.162186709208596,13.438344388364781,T6758,G5
W0045F0002T0006Z000C1N60.png,15,27.41274303726473,28.610685580069383,15.162186709208596,13.438344388364781,T6758,G5
W0045F0002T0006Z000C1N60.png,16,26.411819116517535,28.268992382159443,15.162186709208596,13.438344388364781,T6758,G5
W0045F0002T0006Z000C1N60.png,17,32.31175015810485,20.12752825444879,15.162186709208596,13.438344388364781,T6758,G5
W0045F0002T0006Z000C1N60.png,18,49.766048359572615,42.033850527362056,15.162186709208596,13.438344388364781,T6758,G5
W0045F0002T0006Z000C1N60.png,19,47.10363859398723,33.32931633757814,15.162186709208596,13.438344388364781,T6758,G5
W0045F0002T0006Z000C1N60.png,20,5.210957213871698,4.383411419194613,15.162186709208596,13.438344388364781,T6758,G5
W0045F0002T0006Z000C1N60.png,21,56.76040504910405,38.34431530696831,15.162186709208596,13.438344388364781,T6758,G5
W0045F0002T0006Z000C1N60.png,22,21.3396127294394,21.566010410488662,15.162186709208596,13.438344388364781,T6758,G5
W0045F0002T0006Z000C1N60.png,23,35.96063186634808,3.433130204380402,15.162186709208596,13.438344388364781,T6758,G5
W0045F0002T0006Z000C1N60.png,24,54.75246851402882,21.791631795511773,15.162186709208596,13.438344388364781,T6758,G5
W0045F0002T0006Z000C1N60.png,25,7.359409888348428,8.107876793648245,15.162186709208596,13.438344388364781,T6758,G5
W0045F0002T0006Z000C1N60.png,26,31.59614534822149,30.111415342056436,15.162186709208596,13.438344388364781,T6758,G5
W0045F0002T0006Z000C1N60.png,27,17.750529573970827,18.44225202540925,15.162186709208596,13.438344388364781,T6758,G5
W0045F0002T0006Z000C1N60.png,28,10.835423672732414,9.32131995746491,15.162186709208596,13.438344388364781,T6758,G5
W0045F0002T0006Z000C1N8.png,1,67.61979604136708,68.9797411547051,17.119551128556367,17.048715274929698,T6758,G5
W0045F0002T0006Z000C1N8.png,2,56.584925766918175,58.696693871276835,17.119551128556367,17.048715274929698,T6758,G5
W0045F0002T0006Z000C1N8.png,3,58.15816638597971,60.34136983277476,17.119551128556367,17.048715274929698,T6758,G5
W0045F0002T0006Z000C1N8.png,4,53.127057011956886,54.650203496053926,17.119551128556367,17.048715274929698,T6758,G5
W0045F0002T0006Z000C1N8.png,5,54.97420081725585,55.32482625040314,17.119551128556367,17.048715274929698,T6758,G5
W0045F0002T0006Z000C1N8.png,6,52.23820695836117,50.64866242935053,17.119551128556367,17.048715274929698,T6758,G5
W0045F0002T0006Z000C1N8.png,7,33.27398373524183,31.06254350256408,17.119551128556367,17.048715274929698,T6758,G5
W0045F0002T0006Z000C1N8.png,8,57.4938719821212,55.44605525420144,17.119551128556367,17.048715274929698,T6758,G5
W0045F0002T0006Z000C1N8.png,9,45.77560185107034,43.779910231220136,17.119551128556367,17.048715274929698,T6758,G5
W0045F0002T0006Z000C1N8.png,10,70.12415359717225,69.01185545655675,17.119551128556367,17.048715274929698,T6758,G5
W0045F0002T0006Z000C1N8.png,11,5.1991348909741975,7.360016366535387,17.119551128556367,17.048715274929698,T6758,G5
W0045F0002T0006Z000C1N9.png,1,23.142267556969628,24.79888177116505,19.583584111678363,20.237769215906788,T6758,G5
W0045F0002T0006Z000C1N9.png,2,47.51915001624405,49.67516892975291,19.583584111678363,20.237769215906788,T6758,G5
W0045F0002T0006Z000C1N9.png,3,55.51790426357193,57.700087512135184,19.583584111678363,20.237769215906788,T6758,G5
W0045F0002T0006Z000C1N9.png,4,73.06976686368547,75.2877785593537,19.583584111678363,20.237769215906788,T6758,G5
W0045F0002T0006Z000C1N9.png,5,61.67187033933109,63.913975195798706,19.583584111678363,20.237769215906788,T6758,G5
W0045F0002T0006Z000C1N9.png,6,50.15211579160404,52.389471517734755,19.583584111678363,20.237769215906788,T6758,G5
W0045F0002T0006Z000C1N9.png,7,71.09441870309273,73.33264181054005,19.583584111678363,20.237769215906788,T6758,G5
W0045F0002T0006Z000C1N9.png,8,49.42031270964216,51.581857858105565,19.583584111678363,20.237769215906788,T6758,G5
W0045F0002T0006Z000C1N9.png,9,26.277520678135488,24.454254665156164,19.583584111678363,20.237769215906788,T6758,G5
W0045F0002T0006Z000C1N9.png,10,24.540433700473013,21.912827737970318,19.583584111678363,20.237769215906788,T6758,G5
W0045F0002T0006Z000C1N9.png,11,76.6519919507202,78.60392061579934,19.583584111678363,20.237769215906788,T6758,G5
W0045F0002T0006Z000C1N9.png,12,58.61560553154154,60.52496238059028,19.583584111678363,20.237769215906788,T6758,G5
W0045F0002T0006Z000C1N9.png,13,65.91638457601205,66.0654266781388,19.583584111678363,20.237769215906788,T6758,G5
W0045F0002T0006Z000C1N9.png,14,47.81934707033321,48.54146609179733,19.583584111678363,20.237769215906788,T6758,G5
W0045F0002T0006Z000C1N9.png,15,25.790936786313956,26.10180635164972,19.583584111678363,20.237769215906788,T6758,G5
W0045F0002T0006Z000C1N9.png,16,19.990439458073542,20.52218590520951,19.583584111678363,20.237769215906788,T6758,G5
W0045F0002T0006Z000C1N9.png,17,39.08440787099352,39.25931063647915,19.583584111678363,20.237769215906788,T6758,G5
W0045F0002T0006Z000C1N9.png,18,34.5281208159404,35.573990930394345,19.583584111678363,20.237769215906788,T6758,G5
W0045F0002T0006Z000C1N9.png,19,66.19228865376566,66.31133906120981,19.583584111678363,20.237769215906788,T6758,G5
W0045F0002T0006Z000C1N9.png,20,59.46851431633796,59.570723214400566,19.583584111678363,20.237769215906788,T6758,G5
W0045F0002T0006Z000C1N9.png,21,65.26162069750477,65.33956974436174,19.583584111678363,20.237769215906788,T6758,G5
W0045F0002T0006Z000C1N9.png,22,37.19869543317899,39.86659484610728,19.583584111678363,20.237769215906788,T6758,G5
W0045F0002T0006Z000C1N9.png,23,19.45352356076054,19.53480175284479,19.583584111678363,20.237769215906788,T6758,G5
W0045F0002T0006Z000C1N9.png,24,57.345296759503576,60.0147086536595,19.583584111678363,20.237769215906788,T6758,G5
W0045F0002T0006Z000C1N9.png,25,12.941425402667216,12.860605840777726,19.583584111678363,20.237769215906788,T6758,G5
W0045F0002T0006Z000C1N9.png,26,12.804229171808364,12.671736477229997,19.583584111678363,20.237769215906788,T6758,G5
W0045F0002T0006Z000C1N9.png,27,64.61353377154177,67.2057247062052,19.583584111678363,20.237769215906788,T6758,G5
W0045F0002T0006Z000C1N9.png,28,29.449714391189808,29.317478494226318,19.583584111678363,20.237769215906788,T6758,G5
W0045F0002T0006Z000C1N9.png,29,34.199952665463904,34.05374507229149,19.583584111678363,20.237769215906788,T6758,G5
W0045F0002T0006Z000C1N9.png,30,74.5608702360073,74.4753397619379,19.583584111678363,20.237769215906788,T6758,G5
W0045F0003T0006Z000C1N100.png,1,31.308091115769493,31.866760172205268,9.5366235154717,11.768206084660141,T6758,G5
W0045F0003T0006Z000C1N100.png,2,29.587784420853577,41.84447183493828,9.5366235154717,11.768206084660141,T6758,G5
W0045F0003T0006Z000C1N100.png,3,6.368675590760022,5.819774860876226,9.5366235154717,11.768206084660141,T6758,G5
W0045F0003T0006Z000C1N100.png,4,31.090164581812623,32.34607189416232,9.5366235154717,11.768206084660141,T6758,G5
W0045F0003T0006Z000C1N100.png,5,31.51938780217279,32.59664705667662,9.5366235154717,11.768206084660141,T6758,G5
W0045F0003T0006Z000C1N100.png,6,30.88198669581658,32.37147045272372,9.5366235154717,11.768206084660141,T6758,G5
W0045F0003T0006Z000C1N100.png,7,39.720316450372685,42.21812757004376,9.5366235154717,11.768206084660141,T6758,G5
W0045F0003T0006Z000C1N100.png,8,15.26652425707538,11.25474291069888,9.5366235154717,11.768206084660141,T6758,G5
W0045F0003T0006Z000C1N100.png,9,31.19989943564556,32.32927344511435,9.5366235154717,11.768206084660141,T6758,G5
W0045F0003T0006Z000C1N105.png,1,27.517550615988068,15.44475674874098,18.788269077748666,18.125363240343262,T6758,G5
W0045F0003T0006Z000C1N105.png,2,3.251188245253805,3.504707032984161,18.788269077748666,18.125363240343262,T6758,G5
W0045F0003T0006Z000C1N105.png,3,12.26845465837916,11.56767894964687,18.788269077748666,18.125363240343262,T6758,G5
W0045F0003T0006Z000C1N105.png,4,1.9598880063971569,1.7588951850780343,18.788269077748666,18.125363240343262,T6758,G5
W0045F0003T0006Z000C1N105.png,5,52.31381794905892,51.59129152950225,18.788269077748666,18.125363240343262,T6758,G5
W0045F0003T0006Z000C1N14.png,1,33.52117205950982,34.60847977851918,17.035033956049155,17.20207460541445,T6758,G5
W0045F0003T0006Z000C1N14.png,2,43.33340625503638,44.54422885892406,17.035033956049155,17.20207460541445,T6758,G5
W0045F0003T0006Z000C1N14.png,3,64.70727660426688,63.008219480952135,17.035033956049155,17.20207460541445,T6758,G5
W0045F0003T0006Z000C1N14.png,4,64.9504116352695,66.25320642614737,17.035033956049155,17.20207460541445,T6758,G5
W0045F0003T0006Z000C1N14.png,5,11.107214020027385,9.441735657652798,17.035033956049155,17.20207460541445,T6758,G5
W0045F0003T0006Z000C1N14.png,6,21.227172020642985,22.86066855753997,17.035033956049155,17.20207460541445,T6758,G5
W0045F0003T0006Z000C1N14.png,7,43.756516807291135,45.38800657607016,17.035033956049155,17.20207460541445,T6758,G5
W0045F0003T0006Z000C1N14.png,8,36.81625803477458,35.8103321920766,17.035033956049155,17.20207460541445,T6758,G5
W0045F0003T0006Z000C1N14.png,9,32.96328111834352,34.845250108148946,17.035033956049155,17.20207460541445,T6758,G5
W0045F0003T0006Z000C1N14.png,10,47.977711853519295,46.68347599158201,17.035033956049155,17.20207460541445,T6758,G5
W0045F0003T0006Z000C1N14.png,11,19.45326027877032,18.037388535709933,17.035033956049155,17.20207460541445,T6758,G5
W0045F0003T0006Z000C1N14.png,12,46.17894871502861,48.092997910981666,17.035033956049155,17.20207460541445,T6758,G5
W0045F0003T0006Z000C1N14.png,13,28.81668058169263,29.316183675177477,17.035033956049155,17.20207460541445,T6758,G5
W0045F0003T0006Z000C1N14.png,14,37.44052174619592,39.26570581058108,17.035033956049155,17.20207460541445,T6758,G5
W0045F0003T0006Z000C1N14.png,15,2.0826813678923686,2.6351494172912027,17.035033956049155,17.20207460541445,T6758,G5
W0045F0003T0006Z000C1N19.png,1,59.622226194024876,60.93276159567677,25.810062034636438,25.762109386914076,T6758,G5
W0045F0003T0006Z000C1N19.png,2,9.863165598451886,4.65837387958033,25.810062034636438,25.762109386914076,T6758,G5
W0045F0003T0006Z000C1N19.png,3,24.03236679184482,23.994001243320735,25.810062034636438,25.762109386914076,T6758,G5
W0045F0003T0006Z000C1N19.png,4,21.686780971097672,21.457322407569947,25.810062034636438,25.762109386914076,T6758,G5
W0045F0003T0006Z000C1N19.png,5,11.515630993828548,10.798482676650176,25.810062034636438,25.762109386914076,T6758,G5
W0045F0003T0006Z000C1N19.png,6,8.917711163773602,8.871385007114537,25.810062034636438,25.762109386914076,T6758,G5
W0045F0003T0006Z000C1N19.png,7,7.700358906038426,5.049559645008106,25.810062034636438,25.762109386914076,T6758,G5
W0045F0003T0006Z000C1N19.png,8,6.424039103980582,7.740404163232186,25.810062034636438,25.762109386914076,T6758,G5
W0045F0003T0006Z000C1N19.png,9,8.254091040705873,9.20782523338433,25.810062034636438,25.762109386914076,T6758,G5
W0045F0003T0006Z000C1N19.png,10,18.81038637297739,17.772940943998886,25.810062034636438,25.762109386914076,T6758,G5
W0045F0003T0006Z000C1N19.png,11,32.68788876076528,31.446836234332235,25.810062034636438,25.762109386914076,T6758,G5
W0045F0003T0006Z000C1N19.png,12,53.07325504826497,52.39159556071525,25.810062034636438,25.762109386914076,T6758,G5
W0045F0003T0006Z000C1N19.png,13,44.37572070648308,43.07082951915042,25.810062034636438,25.762109386914076,T6758,G5
W0045F0003T0006Z000C1N19.png,14,61.32491853733738,60.64515215174016,25.810062034636438,25.762109386914076,T6758,G5
W0045F0003T0006Z000C1N19.png,15,60.76713631931561,59.46605287461398,25.810062034636438,25.762109386914076,T6758,G5
W0045F0003T0006Z000C1N19.png,16,17.550155506109512,16.698396153915173,25.810062034636438,25.762109386914076,T6758,G5
W0045F0003T0006Z000C1N19.png,17,39.012576048376424,38.099153540615404,25.810062034636438,25.762109386914076,T6758,G5
W0045F0003T0006Z000C1N19.png,18,30.928388703369684,29.61490629387766,25.810062034636438,25.762109386914076,T6758,G5
W0045F0003T0006Z000C1N19.png,19,72.82146836985345,71.4789885853388,25.810062034636438,25.762109386914076,T6758,G5
W0045F0003T0006Z000C1N19.png,20,63.9699595659234,63.35329224102515,25.810062034636438,25.762109386914076,T6758,G5
W0045F0003T0006Z000C1N19.png,21,5.220458807237471,6.404834549094633,25.810062034636438,25.762109386914076,T6758,G5
W0045F0003T0006Z000C1N19.png,22,75.30086656675903,74.1402670317365,25.810062034636438,25.762109386914076,T6758,G5
W0045F0003T0006Z000C1N19.png,23,91.01218707323159,89.79471084259622,25.810062034636438,25.762109386914076,T6758,G5
W0045F0003T0006Z000C1N30.png,1,41.198227976256426,41.151227649526874,11.380387977869637,11.19133708586772,T6758,G5
W0045F0003T0006Z000C1N30.png,2,34.52770684335939,34.33653752789201,11.380387977869637,11.19133708586772,T6758,G5
W0045F0003T0006Z000C1N30.png,3,44.713361665544106,44.45682384279243,11.380387977869637,11.19133708586772,T6758,G5
W0045F0003T0006Z000C1N30.png,4,22.735089104749186,23.291510422066033,11.380387977869637,11.19133708586772,T6758,G5
W0045F0003T0006Z000C1N30.png,5,33.184712545335366,32.78495332643148,11.380387977869637,11.19133708586772,T6758,G5
W0045F0003T0006Z000C1N30.png,6,32.436579587413355,33.022399873997095,11.380387977869637,11.19133708586772,T6758,G5
W0045F0003T0006Z000C1N30.png,7,25.403612509908857,24.84949257616755,11.380387977869637,11.19133708586772,T6758,G5
W0045F0003T0006Z000C1N30.png,8,48.14476622994951,47.65675667827523,11.380387977869637,11.19133708586772,T6758,G5
W0045F0003T0006Z000C1N30.png,9,34.430715827429324,34.78746557364249,11.380387977869637,11.19133708586772,T6758,G5
W0045F0003T0006Z000C1N30.png,10,35.39876831275049,35.325625076952356,11.380387977869637,11.19133708586772,T6758,G5
W0045F0003T0006Z000C1N30.png,11,39.45640755613278,39.80151591347552,11.380387977869637,11.19133708586772,T6758,G5
W0045F0003T0006Z000C1N30.png,12,30.249391228470248,30.605388206813405,11.380387977869637,11.19133708586772,T6758,G5
W0045F0003T0006Z000C1N30.png,13,39.424843578446854,38.87090529139572,11.380387977869637,11.19133708586772,T6758,G5
W0045F0003T0006Z000C1N30.png,14,25.095628742719562,25.42439155956423,11.380387977869637,11.19133708586772,T6758,G5
W0045F0003T0006Z000C1N30.png,15,41.609880450967715,41.14247601464896,11.380387977869637,11.19133708586772,T6758,G5
W0045F0003T0006Z000C1N30.png,16,44.8351496008428,44.3186406312229,11.380387977869637,11.19133708586772,T6758,G5
W0045F0003T0006Z000C1N30.png,17,30.653858424422847,30.076738480562838,11.380387977869637,11.19133708586772,T6758,G5
W0045F0003T0006Z000C1N30.png,18,59.21128264272752,58.603656002614315,11.380387977869637,11.19133708586772,T6758,G5
W0045F0003T0006Z000C1N30.png,19,24.69011926645929,25.052018569125657,11.380387977869637,11.19133708586772,T6758,G5
W0045F0003T0006Z000C1N30.png,20,57.1904223630937,56.599336199764856,11.380387977869637,11.19133708586772,T6758,G5
W0045F0003T0006Z000C1N30.png,21,53.76943546976668,53.21080062658555,11.380387977869637,11.19133708586772,T6758,G5
W0045F0003T0006Z000C1N30.png,22,36.898296256282485,37.00258447902112,11.380387977869637,11.19133708586772,T6758,G5
W0045F0003T0006Z000C1N30.png,23,14.262402418158246,14.32951462440644,11.380387977869637,11.19133708586772,T6758,G5
W0045F0003T0006Z000C1N30.png,24,27.491228775386283,27.223647193011182,11.380387977869637,11.19133708586772,T6758,G5
W0045F0003T0006Z000C1N30.png,25,16.396010729970406,16.04577510763806,11.380387977869637,11.19133708586772,T6758,G5
W0045F0003T0006Z000C1N36.png,1,22.747771447664487,20.319954971306515,9.848685818213958,10.106017349909502,T6758,G5
W0045F0003T0006Z000C1N36.png,2,3.739738917317689,4.364561192386903,9.848685818213958,10.106017349909502,T6758,G5
W0045F0003T0006Z000C1N36.png,3,35.77913654538631,36.103591045414106,9.848685818213958,10.106017349909502,T6758,G5
W0045F0003T0006Z000C1N36.png,4,12.286472420122859,11.972573506399248,9.848685818213958,10.106017349909502,T6758,G5
W0045F0003T0006Z000C1N36.png,5,8.066998202831144,10.508934091015384,9.848685818213958,10.106017349909502,T6758,G5
W0045F0003T0006Z000C1N36.png,6,23.658866196341915,23.660445046484142,9.848685818213958,10.106017349909502,T6758,G5
W0045F0003T0006Z000C1N36.png,7,10.395661407673677,10.824307358119968,9.848685818213958,10.106017349909502,T6758,G5
W0045F0003T0006Z000C1N36.png,8,10.039560039170304,6.297293194406356,9.848685818213958,10.106017349909502,T6758,G5
W0045F0003T0006Z000C1N36.png,9,9.434604157591565,8.328031661247945,9.848685818213958,10.106017349909502,T6758,G5
W0045F0003T0006Z000C1N36.png,10,12.025683386563365,12.253732877424314,9.848685818213958,10.106017349909502,T6758,G5
W0045F0003T0006Z000C1N36.png,11,3.6160874376333307,0.4504749109292528,9.848685818213958,10.106017349909502,T6758,G5
W0045F0003T0006Z000C1N36.png,12,28.53953711795078,28.67175954659252,9.848685818213958,10.106017349909502,T6758,G5
W0045F0003T0006Z000C1N36.png,13,19.280262763664293,19.463064951772047,9.848685818213958,10.106017349909502,T6758,G5
W0045F0003T0006Z000C1N36.png,14,10.345141892241358,10.360949570692805,9.848685818213958,10.106017349909502,T6758,G5
W0045F0003T0006Z000C1N36.png,15,31.745107967593544,29.789505856081373,9.848685818213958,10.106017349909502,T6758,G5
W0045F0003T0006Z000C1N36.png,16,15.987494634612263,17.179247651850115,9.848685818213958,10.106017349909502,T6758,G5
W0045F0003T0006Z000C1N36.png,17,10.262002747746948,15.998514551128382,9.848685818213958,10.106017349909502,T6758,G5
W0045F0003T0006Z000C1N36.png,18,27.51875068339454,27.984343649275253,9.848685818213958,10.106017349909502,T6758,G5
W0045F0003T0006Z000C1N36.png,19,14.39436938477263,9.918381467797085,9.848685818213958,10.106017349909502,T6758,G5
W0045F0003T0006Z000C1N36.png,20,13.702507546194356,6.929757288090791,9.848685818213958,10.106017349909502,T6758,G5
W0045F0003T0006Z000C1N36.png,21,32.19402657870217,31.505913128340453,9.848685818213958,10.106017349909502,T6758,G5
W0045F0003T0006Z000C1N36.png,22,25.36161242729564,25.0047611165309,9.848685818213958,10.106017349909502,T6758,G5
W0045F0003T0006Z000C1N36.png,23,13.841745946650859,13.406706933724967,9.848685818213958,10.106017349909502,T6758,G5
W0045F0003T0006Z000C1N36.png,24,19.998492298180206,19.94161766015354,9.848685818213958,10.106017349909502,T6758,G5
W0045F0003T0006Z000C1N36.png,25,28.66149317183686,30.638673497096224,9.848685818213958,10.106017349909502,T6758,G5
W0045F0003T0006Z000C1N36.png,26,22.704050551673973,23.711446424749855,9.848685818213958,10.106017349909502,T6758,G5
W0045F0003T0006Z000C1N36.png,27,36.103804399078044,35.94927576183528,9.848685818213958,10.106017349909502,T6758,G5
W0045F0003T0006Z000C1N36.png,28,11.97183842011965,14.283339039948633,9.848685818213958,10.106017349909502,T6758,G5
W0045F0003T0006Z000C1N36.png,29,22.875233691469372,24.94808997205774,9.848685818213958,10.106017349909502,T6758,G5
W0045F0003T0006Z000C1N36.png,30,30.421863437818203,31.23762703712863,9.848685818213958,10.106017349909502,T6758,G5
W0045F0003T0006Z000C1N36.png,31,15.672337169870223,16.666210424285396,9.848685818213958,10.106017349909502,T6758,G5
W0045F0003T0006Z000C1N36.png,32,29.0800929749641,31.240940688432946,9.848685818213958,10.106017349909502,T6758,G5
W0045F0003T0006Z000C1N36.png,33,30.28364938290038,29.866968768223018,9.848685818213958,10.106017349909502,T6758,G5
W0045F0003T0006Z000C1N36.png,34,37.66863295809784,37.35858647931141,9.848685818213958,10.106017349909502,T6758,G5
W0045F0003T0006Z000C1N36.png,35,19.21892244335799,18.60755915318361,9.848685818213958,10.106017349909502,T6758,G5
W0045F0003T0006Z000C1N36.png,36,13.347358507961935,2.9131977310875774,9.848685818213958,10.106017349909502,T6758,G5
W0045F0003T0006Z000C1N36.png,37,19.610028127165517,21.18758841991482,9.848685818213958,10.106017349909502,T6758,G5
W0045F0003T0006Z000C1N36.png,38,5.647406638161769,4.620131412344194,9.848685818213958,10.106017349909502,T6758,G5
W0045F0003T0006Z000C1N36.png,39,19.08872936110748,19.06757645529679,9.848685818213958,10.106017349909502,T6758,G5
W0045F0003T0006Z000C1N36.png,40,18.94376236034376,17.647291549928646,9.848685818213958,10.106017349909502,T6758,G5
W0045F0003T0006Z000C1N36.png,41,23.11629988572959,21.188829768072686,9.848685818213958,10.106017349909502,T6758,G5
W0045F0003T0006Z000C1N36.png,42,31.74030609453313,31.805728730738387,9.848685818213958,10.106017349909502,T6758,G5
W0045F0003T0006Z000C1N36.png,43,34.11000578806078,32.439460611651,9.848685818213958,10.106017349909502,T6758,G5
W0045F0003T0006Z000C1N36.png,44,34.90442754045016,33.66159868707189,9.848685818213958,10.106017349909502,T6758,G5
W0045F0003T0006Z000C1N36.png,45,40.45748079120978,29.02697918661993,9.848685818213958,10.106017349909502,T6758,G5
W0045F0003T0006Z000C1N36.png,46,16.71397452566099,8.402093495497413,9.848685818213958,10.106017349909502,T6758,G5
W0045F0003T0006Z000C1N36.png,47,33.83847438772749,9.0906228101777,9.848685818213958,10.106017349909502,T6758,G5
W0045F0003T0006Z000C1N40.png,1,11.455555775478238,10.616109141964303,11.914043724645918,11.055002628517988,T6758,G5
W0045F0003T0006Z000C1N40.png,2,14.54712584295973,13.375201635416573,11.914043724645918,11.055002628517988,T6758,G5
W0045F0003T0006Z000C1N40.png,3,6.410347473285315,9.945835801270825,11.914043724645918,11.055002628517988,T6758,G5
W0045F0003T0006Z000C1N40.png,4,8.59679646868042,10.830195165176914,11.914043724645918,11.055002628517988,T6758,G5
W0045F0003T0006Z000C1N40.png,5,20.47070322231796,13.439018966556663,11.914043724645918,11.055002628517988,T6758,G5
W0045F0003T0006Z000C1N40.png,6,23.392545799832103,20.42839008395126,11.914043724645918,11.055002628517988,T6758,G5
W0045F0003T0006Z000C1N40.png,7,26.81762573939388,19.554206673350983,11.914043724645918,11.055002628517988,T6758,G5
W0045F0003T0006Z000C1N40.png,8,27.49535487649755,26.25004216714074,11.914043724645918,11.055002628517988,T6758,G5
W0045F0003T0006Z000C1N40.png,9,25.308738455273634,26.498208651310666,11.914043724645918,11.055002628517988,T6758,G5
W0045F0003T0006Z000C1N40.png,10,42.62625312218319,34.77606817709989,11.914043724645918,11.055002628517988,T6758,G5
W0045F0003T0006Z000C1N40.png,11,30.313407431015467,30.498048915534262,11.914043724645918,11.055002628517988,T6758,G5
W0045F0003T0006Z000C1N40.png,12,25.733939813921126,24.48547314351365,11.914043724645918,11.055002628517988,T6758,G5
W0045F0003T0006Z000C1N40.png,13,18.760399626961167,18.679131557754797,11.914043724645918,11.055002628517988,T6758,G5
W0045F0003T0006Z000C1N40.png,14,42.83660788965683,40.18128509271971,11.914043724645918,11.055002628517988,T6758,G5
W0045F0003T0006Z000C1N40.png,15,40.241745048995895,38.89722270184048,11.914043724645918,11.055002628517988,T6758,G5
W0045F0003T0006Z000C1N40.png,16,43.842992687686134,44.28061642160995,11.914043724645918,11.055002628517988,T6758,G5
W0045F0003T0006Z000C1N40.png,17,24.264584042376153,24.079897814572067,11.914043724645918,11.055002628517988,T6758,G5
W0045F0003T0006Z000C1N40.png,18,37.54960689562898,37.74640606069272,11.914043724645918,11.055002628517988,T6758,G5
W0045F0003T0006Z000C1N40.png,19,40.71869925181853,40.83470817940598,11.914043724645918,11.055002628517988,T6758,G5
W0045F0003T0006Z000C1N40.png,20,36.46585349935643,35.77707222175029,11.914043724645918,11.055002628517988,T6758,G5
W0045F0003T0006Z000C1N40.png,21,29.973642518841444,29.278946945261023,11.914043724645918,11.055002628517988,T6758,G5
W0045F0003T0006Z000C1N40.png,22,38.89911707974945,38.93331856772831,11.914043724645918,11.055002628517988,T6758,G5
W0045F0003T0006Z000C1N40.png,23,14.737984560106804,31.243573813181637,11.914043724645918,11.055002628517988,T6758,G5
W0045F0003T0006Z000C1N40.png,24,20.208734980290476,19.20489662387007,11.914043724645918,11.055002628517988,T6758,G5
W0045F0003T0006Z000C1N40.png,25,4.308921121382477,11.386403328947889,11.914043724645918,11.055002628517988,T6758,G5
W0045F0003T0006Z000C1N40.png,26,3.584671149955718,3.7493002121750294,11.914043724645918,11.055002628517988,T6758,G5
W0045F0003T0006Z000C1N40.png,27,9.012937327944902,8.719602407260144,11.914043724645918,11.055002628517988,T6758,G5
W0045F0003T0006Z000C1N40.png,28,14.509099778250695,14.302546373804622,11.914043724645918,11.055002628517988,T6758,G5
W0045F0003T0006Z000C1N40.png,29,28.837172980557558,16.88043528609887,11.914043724645918,11.055002628517988,T6758,G5
W0045F0003T0006Z000C1N40.png,30,23.888818933513786,23.618073819742833,11.914043724645918,11.055002628517988,T6758,G5
W0045F0003T0006Z000C1N40.png,31,30.26862525002958,25.82796502030919,11.914043724645918,11.055002628517988,T6758,G5
W0045F0003T0006Z000C1N45.png,1,72.13369258345399,68.57933419872543,21.44955483699176,22.237478707587574,T6758,G5
W0045F0003T0006Z000C1N45.png,2,49.40611141537967,48.485623389038054,21.44955483699176,22.237478707587574,T6758,G5
W0045F0003T0006Z000C1N45.png,3,62.53087840987424,62.61447654373108,21.44955483699176,22.237478707587574,T6758,G5
W0045F0003T0006Z000C1N45.png,4,44.55012732867966,43.8832326202347,21.44955483699176,22.237478707587574,T6758,G5
W0045F0003T0006Z000C1N45.png,5,58.01468551641113,58.34108180948907,21.44955483699176,22.237478707587574,T6758,G5
W0045F0003T0006Z000C1N45.png,6,67.68451057491423,55.231441505329094,21.44955483699176,22.237478707587574,T6758,G5
W0045F0003T0006Z000C1N45.png,7,36.509821062254,35.793646541946856,21.44955483699176,22.237478707587574,T6758,G5
W0045F0003T0006Z000C1N45.png,8,57.550955273247396,44.95935784824312,21.44955483699176,22.237478707587574,T6758,G5
W0045F0003T0006Z000C1N45.png,9,29.011750098976474,27.906742287536986,21.44955483699176,22.237478707587574,T6758,G5
W0045F0003T0006Z000C1N45.png,10,38.772364548890046,39.266936413441265,21.44955483699176,22.237478707587574,T6758,G5
W0045F0003T0006Z000C1N45.png,11,32.46492126790063,32.45129223926538,21.44955483699176,22.237478707587574,T6758,G5
W0045F0003T0006Z000C1N45.png,12,23.081988659059547,22.66006821456885,21.44955483699176,22.237478707587574,T6758,G5
W0045F0003T0006Z000C1N45.png,13,29.89161347032318,28.434691708039356,21.44955483699176,22.237478707587574,T6758,G5
W0045F0003T0006Z000C1N45.png,14,19.495115476016547,18.021841194856883,21.44955483699176,22.237478707587574,T6758,G5
W0045F0003T0006Z000C1N45.png,15,16.594390170546387,15.398324850542966,21.44955483699176,22.237478707587574,T6758,G5
W0045F0003T0006Z000C1N45.png,16,51.279652043164816,49.91284760527547,21.44955483699176,22.237478707587574,T6758,G5
W0045F0003T0006Z000C1N45.png,17,38.92621376147525,30.3157744263174,21.44955483699176,22.237478707587574,T6758,G5
W0045F0003T0006Z000C1N45.png,18,13.766076331017961,13.892914323385414,21.44955483699176,22.237478707587574,T6758,G5
W0045F0003T0006Z000C1N45.png,19,24.81491253371615,12.053285284119234,21.44955483699176,22.237478707587574,T6758,G5
W0045F0003T0006Z000C1N45.png,20,41.96453725355159,30.767868090579093,21.44955483699176,22.237478707587574,T6758,G5
W0045F0003T0006Z000C1N45.png,21,16.321311335535793,15.106583110886055,21.44955483699176,22.237478707587574,T6758,G5
W0045F0003T0006Z000C1N45.png,22,30.778343684921325,32.12997803646853,21.44955483699176,22.237478707587574,T6758,G5
W0045F0003T0006Z000C1N45.png,23,56.184895633331706,54.94215283185311,21.44955483699176,22.237478707587574,T6758,G5
W0045F0003T0006Z000C1N45.png,24,9.312931502337973,9.112280234228761,21.44955483699176,22.237478707587574,T6758,G5
W0045F0003T0006Z000C1N45.png,25,36.581744816370055,35.62999954535144,21.44955483699176,22.237478707587574,T6758,G5
W0045F0003T0006Z000C1N45.png,26,48.708698357648835,47.66102624774393,21.44955483699176,22.237478707587574,T6758,G5
W0045F0003T0006Z000C1N45.png,27,68.42115480690131,67.42470705212568,21.44955483699176,22.237478707587574,T6758,G5
W0045F0003T0006Z000C1N45.png,28,6.7872184797516955,8.497605396209801,21.44955483699176,22.237478707587574,T6758,G5
W0045F0003T0006Z000C1N45.png,29,28.651666734332657,10.855300903698813,21.44955483699176,22.237478707587574,T6758,G5
W0045F0003T0006Z000C1N45.png,30,26.370369620648383,27.65103674249848,21.44955483699176,22.237478707587574,T6758,G5
W0045F0003T0006Z000C1N45.png,31,33.67654966512667,33.467683088644556,21.44955483699176,22.237478707587574,T6758,G5
W0045F0003T0006Z000C1N45.png,32,48.21893399921488,47.733256060825596,21.44955483699176,22.237478707587574,T6758,G5
W0045F0003T0006Z000C1N45.png,33,45.844980802153714,46.09117376676242,21.44955483699176,22.237478707587574,T6758,G5
W0045F0003T0006Z000C1N45.png,34,27.464211456549506,4.6820187950400545,21.44955483699176,22.237478707587574,T6758,G5
W0045F0003T0006Z000C1N45.png,35,77.45451522230923,77.12183575687123,21.44955483699176,22.237478707587574,T6758,G5
W0045F0003T0006Z000C1N45.png,36,68.10534279400059,68.07774298576518,21.44955483699176,22.237478707587574,T6758,G5
W0045F0003T0006Z000C1N45.png,37,51.20871613103245,37.328637505156436,21.44955483699176,22.237478707587574,T6758,G5
W0045F0003T0006Z000C1N45.png,38,60.732651726788895,55.218101489956716,21.44955483699176,22.237478707587574,T6758,G5
W0045F0003T0006Z000C1N45.png,39,80.94071173249051,80.79039953841568,21.44955483699176,22.237478707587574,T6758,G5
W0045F0003T0006Z000C1N45.png,40,74.46768695670892,74.54178002603967,21.44955483699176,22.237478707587574,T6758,G5
W0045F0003T0006Z000C1N45.png,41,56.08338968294076,50.944264327948495,21.44955483699176,22.237478707587574,T6758,G5
W0045F0003T0006Z000C1N45.png,42,76.03206700528254,72.09318886447907,21.44955483699176,22.237478707587574,T6758,G5
W0045F0003T0006Z000C1N45.png,43,85.42855290357734,85.40347745653786,21.44955483699176,22.237478707587574,T6758,G5
W0045F0003T0006Z000C1N45.png,44,47.71931129487095,47.86737454754207,21.44955483699176,22.237478707587574,T6758,G5
W0045F0003T0006Z000C1N45.png,45,83.56254309030761,83.16871227876769,21.44955483699176,22.237478707587574,T6758,G5
W0045F0003T0006Z000C1N45.png,46,65.89220783322688,66.00004998395771,21.44955483699176,22.237478707587574,T6758,G5
W0045F0003T0006Z000C1N45.png,47,5.928354812923996,5.669546401609711,21.44955483699176,22.237478707587574,T6758,G5
W0045F0003T0006Z000C1N45.png,48,29.749219722011123,29.780552502924124,21.44955483699176,22.237478707587574,T6758,G5
W0045F0003T0006Z000C1N46.png,1,38.52325216379326,37.93601814430551,12.22973555515924,12.210623418408826,T6758,G5
W0045F0003T0006Z000C1N46.png,2,44.98955460978213,44.49167710491401,12.22973555515924,12.210623418408826,T6758,G5
W0045F0003T0006Z000C1N46.png,3,40.53222834684007,40.11987363993777,12.22973555515924,12.210623418408826,T6758,G5
W0045F0003T0006Z000C1N46.png,4,23.628547921795537,23.024653067779933,12.22973555515924,12.210623418408826,T6758,G5
W0045F0003T0006Z000C1N46.png,5,45.25918918250271,45.12252703499604,12.22973555515924,12.210623418408826,T6758,G5
W0045F0003T0006Z000C1N46.png,6,44.832432587489386,44.71923113540929,12.22973555515924,12.210623418408826,T6758,G5
W0045F0003T0006Z000C1N46.png,7,37.028750623239866,36.73192139430755,12.22973555515924,12.210623418408826,T6758,G5
W0045F0003T0006Z000C1N46.png,8,9.593209639796346,9.410693660096666,12.22973555515924,12.210623418408826,T6758,G5
W0045F0003T0006Z000C1N46.png,9,34.79752902578151,34.87767715748907,12.22973555515924,12.210623418408826,T6758,G5
W0045F0003T0006Z000C1N46.png,10,20.951741582080665,20.65512963732829,12.22973555515924,12.210623418408826,T6758,G5
W0045F0003T0006Z000C1N46.png,11,7.276324956069611,7.660893684971291,12.22973555515924,12.210623418408826,T6758,G5
W0045F0003T0006Z000C1N46.png,12,31.663514252336885,32.064908198878605,12.22973555515924,12.210623418408826,T6758,G5
W0045F0003T0006Z000C1N46.png,13,6.440026969092417,6.760514258431043,12.22973555515924,12.210623418408826,T6758,G5
W0045F0003T0006Z000C1N46.png,14,25.40998629008536,26.019845651091497,12.22973555515924,12.210623418408826,T6758,G5
W0045F0003T0006Z000C1N46.png,15,20.59157282089236,20.929956806486157,12.22973555515924,12.210623418408826,T6758,G5
W0045F0003T0006Z000C1N46.png,16,33.799526509634994,34.19376695251017,12.22973555515924,12.210623418408826,T6758,G5
W0045F0003T0006Z000C1N46.png,17,38.41953601208208,37.62397598280991,12.22973555515924,12.210623418408826,T6758,G5
W0045F0003T0006Z000C1N46.png,18,40.28374056677822,40.12687774868244,12.22973555515924,12.210623418408826,T6758,G5
W0045F0003T0006Z000C1N46.png,19,32.692703451776886,32.727886330406186,12.22973555515924,12.210623418408826,T6758,G5
W0045F0003T0006Z000C1N46.png,20,29.412972850484092,28.55490041973822,12.22973555515924,12.210623418408826,T6758,G5
W0045F0003T0006Z000C1N46.png,21,24.47731130079222,23.703952194352123,12.22973555515924,12.210623418408826,T6758,G5
W0045F0003T0006Z000C1N46.png,22,39.135046839351276,39.452917944354596,12.22973555515924,12.210623418408826,T6758,G5
W0045F0003T0006Z000C1N46.png,23,40.098222731489734,39.57686302702041,12.22973555515924,12.210623418408826,T6758,G5
W0045F0003T0006Z000C1N46.png,24,40.7484849095202,41.19655206736027,12.22973555515924,12.210623418408826,T6758,G5
W0045F0003T0006Z000C1N46.png,25,15.796139725946317,15.447161051183143,12.22973555515924,12.210623418408826,T6758,G5
W0045F0003T0006Z000C1N46.png,26,26.104436356592682,26.389426658940515,12.22973555515924,12.210623418408826,T6758,G5
W0045F0003T0006Z000C1N46.png,27,43.217283999274386,42.69172052756557,12.22973555515924,12.210623418408826,T6758,G5
W0045F0003T0006Z000C1N46.png,28,9.692104904067998,8.867503023313317,12.22973555515924,12.210623418408826,T6758,G5
W0045F0003T0006Z000C1N46.png,29,18.389970467160285,17.48746379994913,12.22973555515924,12.210623418408826,T6758,G5
W0045F0003T0006Z000C1N46.png,30,22.61208121459481,23.106855341087247,12.22973555515924,12.210623418408826,T6758,G5
W0045F0003T0006Z000C1N46.png,31,41.906629715558694,42.50260875670421,12.22973555515924,12.210623418408826,T6758,G5
W0045F0003T0006Z000C1N46.png,32,12.806580184032757,13.309320828556643,12.22973555515924,12.210623418408826,T6758,G5
W0045F0003T0006Z000C1N46.png,33,30.97343999310235,31.541504603540687,12.22973555515924,12.210623418408826,T6758,G5
W0045F0003T0006Z000C1N46.png,34,10.937809637721116,11.31765076418339,12.22973555515924,12.210623418408826,T6758,G5
W0045F0003T0006Z000C1N46.png,35,39.387731935128784,39.90294956517641,12.22973555515924,12.210623418408826,T6758,G5
W0045F0003T0006Z000C1N46.png,36,16.00322405017129,15.326668238933092,12.22973555515924,12.210623418408826,T6758,G5
W0045F0003T0006Z000C1N46.png,37,13.758110973031645,13.300293619251457,12.22973555515924,12.210623418408826,T6758,G5
W0045F0003T0006Z000C1N46.png,38,5.367520088901917,5.68394204135219,12.22973555515924,12.210623418408826,T6758,G5
W0045F0003T0006Z000C1N46.png,39,34.92066077199359,35.6822087173558,12.22973555515924,12.210623418408826,T6758,G5
W0045F0003T0006Z000C1N46.png,40,24.866869148164426,25.674329078244316,12.22973555515924,12.210623418408826,T6758,G5
W0045F0003T0006Z000C1N46.png,41,38.860224386848635,38.38655465122186,12.22973555515924,12.210623418408826,T6758,G5
W0045F0003T0006Z000C1N60.png,1,1.057560206454671,0.8039048154333599,11.958200531546737,11.812516790844926,T6758,G5
W0045F0003T0006Z000C1N60.png,2,1.1193631085237872,0.6976568958442058,11.958200531546737,11.812516790844926,T6758,G5
W0045F0003T0006Z000C1N60.png,3,2.4261871719977828,13.664354293613401,11.958200531546737,11.812516790844926,T6758,G5
W0045F0003T0006Z000C1N60.png,4,0.8045530883838053,0.13305994590935982,11.958200531546737,11.812516790844926,T6758,G5
W0045F0003T0006Z000C1N60.png,5,2.6655553330551145,2.4327985436267454,11.958200531546737,11.812516790844926,T6758,G5
W0045F0003T0006Z000C1N60.png,6,4.91130202016228,4.131968158375696,11.958200531546737,11.812516790844926,T6758,G5
W0045F0003T0006Z000C1N60.png,7,1.5854807901603862,1.4671974419717904,11.958200531546737,11.812516790844926,T6758,G5
W0045F0003T0006Z000C1N60.png,8,17.026168731280467,12.441503698939208,11.958200531546737,11.812516790844926,T6758,G5
W0045F0003T0006Z000C1N60.png,9,13.637203386871457,13.533765972403094,11.958200531546737,11.812516790844926,T6758,G5
W0045F0003T0006Z000C1N60.png,10,28.447401432068133,28.267522317229457,11.958200531546737,11.812516790844926,T6758,G5
W0045F0003T0006Z000C1N60.png,11,39.20430757425151,39.27274307542705,11.958200531546737,11.812516790844926,T6758,G5
W0045F0003T0006Z000C1N60.png,12,13.515257426015504,5.585869089480696,11.958200531546737,11.812516790844926,T6758,G5
W0045F0003T0006Z000C1N62.png,1,16.301381152664813,15.15849661619028,14.627015103752425,14.164155601553363,T6758,G5
W0045F0003T0006Z000C1N62.png,2,35.00103488525592,35.459133229215446,14.627015103752425,14.164155601553363,T6758,G5
W0045F0003T0006Z000C1N62.png,3,45.76842822217356,46.11690119074398,14.627015103752425,14.164155601553363,T6758,G5
W0045F0003T0006Z000C1N62.png,4,16.424510638354157,16.312720114517152,14.627015103752425,14.164155601553363,T6758,G5
W0045F0003T0006Z000C1N62.png,5,43.06208585353698,43.232655930335426,14.627015103752425,14.164155601553363,T6758,G5
W0045F0003T0006Z000C1N62.png,6,34.48312506706564,34.551881613736285,14.627015103752425,14.164155601553363,T6758,G5
W0045F0003T0006Z000C1N62.png,7,1.1810018480724316,0.6438128948628338,14.627015103752425,14.164155601553363,T6758,G5
W0045F0003T0006Z000C1N62.png,8,0.6210143080658481,16.96573812880765,14.627015103752425,14.164155601553363,T6758,G5
W0045F0003T0006Z000C1N62.png,9,3.0711594203859116,2.962044724086961,14.627015103752425,14.164155601553363,T6758,G5
W0045F0003T0006Z000C1N62.png,10,12.644527665278614,12.459526544208485,14.627015103752425,14.164155601553363,T6758,G5
W0045F0003T0006Z000C1N62.png,11,14.898383722435877,14.986555164773,14.627015103752425,14.164155601553363,T6758,G5
W0045F0003T0006Z000C1N62.png,12,4.903591025729048,4.370714707690551,14.627015103752425,14.164155601553363,T6758,G5
W0045F0003T0006Z000C1N62.png,13,20.86073150485088,20.475358039230073,14.627015103752425,14.164155601553363,T6758,G5
W0045F0003T0006Z000C1N62.png,14,2.6185478035703995,1.2051160867327144,14.627015103752425,14.164155601553363,T6758,G5
W0045F0003T0006Z000C1N62.png,15,2.892022149610527,3.4424869089460417,14.627015103752425,14.164155601553363,T6758,G5
W0045F0003T0006Z000C1N62.png,16,21.885399560288256,21.345380722560858,14.627015103752425,14.164155601553363,T6758,G5
W0045F0003T0006Z000C1N62.png,17,24.942881413090007,24.433625675521952,14.627015103752425,14.164155601553363,T6758,G5
W0045F0003T0006Z000C1N62.png,18,36.51736490074108,36.04503713437609,14.627015103752425,14.164155601553363,T6758,G5
W0045F0003T0006Z000C1N64.png,1,62.86620584923653,61.09321559827093,15.27070543776047,16.78097270302865,T6758,G5
W0045F0003T0006Z000C1N64.png,2,10.957245537010461,13.10103070936763,15.27070543776047,16.78097270302865,T6758,G5
W0045F0003T0006Z000C1N64.png,3,8.505456222602701,10.607755346568522,15.27070543776047,16.78097270302865,T6758,G5
W0045F0003T0006Z000C1N64.png,4,29.371360162412,6.016338904155735,15.27070543776047,16.78097270302865,T6758,G5
W0045F0003T0006Z000C1N64.png,5,21.491792029274716,4.117206442345211,15.27070543776047,16.78097270302865,T6758,G5
W0045F0003T0006Z000C1N64.png,6,38.079350965900595,37.23326000833926,15.27070543776047,16.78097270302865,T6758,G5
W0045F0003T0006Z000C1N64.png,7,22.26080020178031,18.436387077752666,15.27070543776047,16.78097270302865,T6758,G5
W0045F0003T0006Z000C1N64.png,8,2.4558948354774035,3.261122211697981,15.27070543776047,16.78097270302865,T6758,G5
W0045F0003T0006Z000C1N64.png,9,24.606532348958932,33.87459390739778,15.27070543776047,16.78097270302865,T6758,G5
W0045F0003T0006Z000C1N64.png,10,25.85784795309265,26.567215818392633,15.27070543776047,16.78097270302865,T6758,G5
W0045F0003T0006Z000C1N64.png,11,29.590268589080644,29.391150604722863,15.27070543776047,16.78097270302865,T6758,G5
W0045F0003T0006Z000C1N64.png,12,49.67160387136678,49.62878735308179,15.27070543776047,16.78097270302865,T6758,G5
W0045F0003T0006Z000C1N64.png,13,47.991060721019984,46.85749642884419,15.27070543776047,16.78097270302865,T6758,G5
W0045F0003T0006Z000C1N64.png,14,42.997005159131824,43.19573304949085,15.27070543776047,16.78097270302865,T6758,G5
W0045F0003T0006Z000C1N64.png,15,39.399501153175564,39.349210152854255,15.27070543776047,16.78097270302865,T6758,G5
W0045F0003T0006Z000C1N64.png,16,37.729346973645825,37.77783638786534,15.27070543776047,16.78097270302865,T6758,G5
W0045F0003T0006Z000C1N64.png,17,24.286970991028404,24.440328966929997,15.27070543776047,16.78097270302865,T6758,G5
W0045F0003T0006Z000C1N66.png,1,6.617202192093672,7.485772881096534,13.094254868113628,11.557007286124385,T6758,G5
W0045F0003T0006Z000C1N66.png,2,13.497426873678767,12.641662489453875,13.094254868113628,11.557007286124385,T6758,G5
W0045F0003T0006Z000C1N66.png,3,3.9765214706069374,3.757809742566181,13.094254868113628,11.557007286124385,T6758,G5
W0045F0003T0006Z000C1N66.png,4,16.910105778474964,17.28951698789975,13.094254868113628,11.557007286124385,T6758,G5
W0045F0003T0006Z000C1N66.png,5,43.85879582357662,43.686205718077545,13.094254868113628,11.557007286124385,T6758,G5
W0045F0003T0006Z000C1N66.png,6,1.861443101542868,0.9499910881467818,13.094254868113628,11.557007286124385,T6758,G5
W0045F0003T0006Z000C1N66.png,7,42.44222322149777,30.537577348066677,13.094254868113628,11.557007286124385,T6758,G5
W0045F0003T0006Z000C1N66.png,8,23.59703088623972,14.526946385859233,13.094254868113628,11.557007286124385,T6758,G5
W0045F0003T0006Z000C1N66.png,9,26.37180425373522,24.035571595660496,13.094254868113628,11.557007286124385,T6758,G5
W0045F0003T0006Z000C1N66.png,10,1.386751941763201,1.7119131461676764,13.094254868113628,11.557007286124385,T6758,G5
W0045F0003T0006Z000C1N66.png,11,12.443865854096474,9.829785646782446,13.094254868113628,11.557007286124385,T6758,G5
W0045F0003T0006Z000C1N66.png,12,36.04487528214146,33.18627915914497,13.094254868113628,11.557007286124385,T6758,G5
W0045F0003T0006Z000C1N66.png,13,21.26512977727727,6.8747092478283065,13.094254868113628,11.557007286124385,T6758,G5
W0045F0003T0006Z000C1N66.png,14,4.663933237368475,12.580667472511852,13.094254868113628,11.557007286124385,T6758,G5
W0045F0003T0006Z000C1N66.png,15,7.175169901678087,10.9452398284817,13.094254868113628,11.557007286124385,T6758,G5
W0045F0003T0006Z000C1N66.png,16,7.92446099287489,6.608521705592171,13.094254868113628,11.557007286124385,T6758,G5
W0045F0003T0006Z000C1N66.png,17,10.830350685174627,9.70565114752898,13.094254868113628,11.557007286124385,T6758,G5
W0045F0003T0006Z000C1N66.png,18,4.698000987221145,4.557033064376403,13.094254868113628,11.557007286124385,T6758,G5
W0045F0003T0006Z000C1N66.png,19,17.401299081485845,21.777121844443478,13.094254868113628,11.557007286124385,T6758,G5
W0045F0003T0006Z000C1N66.png,20,37.69211868245551,31.868312328854586,13.094254868113628,11.557007286124385,T6758,G5
W0045F0003T0006Z000C1N66.png,21,29.950787560711778,29.38712726492867,13.094254868113628,11.557007286124385,T6758,G5
W0045F0003T0006Z000C1N66.png,22,17.403572389173675,8.596349340056355,13.094254868113628,11.557007286124385,T6758,G5
W0045F0003T0006Z000C1N68.png,1,4.552540343892245,4.605918048546181,17.353800698761958,12.808731772747823,T6758,G5
W0045F0003T0006Z000C1N68.png,2,16.051396201157196,16.197077752159537,17.353800698761958,12.808731772747823,T6758,G5
W0045F0003T0006Z000C1N68.png,3,17.961396082188223,17.94487437675527,17.353800698761958,12.808731772747823,T6758,G5
W0045F0003T0006Z000C1N68.png,4,46.54467314324804,41.21264540784993,17.353800698761958,12.808731772747823,T6758,G5
W0045F0003T0006Z000C1N68.png,5,33.47471180504886,26.096584223048218,17.353800698761958,12.808731772747823,T6758,G5
W0045F0003T0006Z000C1N68.png,6,41.88997604422983,40.12382243647259,17.353800698761958,12.808731772747823,T6758,G5
W0045F0003T0006Z000C1N68.png,7,46.173910661972734,35.94183399821911,17.353800698761958,12.808731772747823,T6758,G5
W0045F0003T0006Z000C1N68.png,8,50.96234674258959,36.53269707163615,17.353800698761958,12.808731772747823,T6758,G5
W0045F0003T0006Z000C1N68.png,9,53.83584733239085,34.633793268042055,17.353800698761958,12.808731772747823,T6758,G5
W0045F0003T0006Z000C1N68.png,10,13.18148121000105,7.300866843445905,17.353800698761958,12.808731772747823,T6758,G5
W0045F0003T0006Z000C1N68.png,11,21.920935129747104,4.864007303361927,17.353800698761958,12.808731772747823,T6758,G5
W0045F0003T0006Z000C1N68.png,12,64.9003020336449,22.633468185451832,17.353800698761958,12.808731772747823,T6758,G5
W0045F0003T0006Z000C1N68.png,13,11.358328615795504,12.270319800777848,17.353800698761958,12.808731772747823,T6758,G5
W0045F0003T0006Z000C1N68.png,14,45.80069075804113,6.239314507939578,17.353800698761958,12.808731772747823,T6758,G5
W0045F0003T0006Z000C1N68.png,15,8.300513121328,22.042400311610248,17.353800698761958,12.808731772747823,T6758,G5
W0045F0003T0006Z000C1N68.png,16,34.21634458640582,7.7998524714674,17.353800698761958,12.808731772747823,T6758,G5
W0045F0003T0006Z000C1N68.png,17,23.301584457322896,7.786645057803386,17.353800698761958,12.808731772747823,T6758,G5
W0045F0003T0006Z000C1N68.png,18,15.009046336315649,1.5255772700804948,17.353800698761958,12.808731772747823,T6758,G5
W0045F0003T0006Z000C1N68.png,19,22.84294527416544,20.463579995348546,17.353800698761958,12.808731772747823,T6758,G5
W0045F0003T0006Z000C1N68.png,20,52.92377700130894,16.1521876313725,17.353800698761958,12.808731772747823,T6758,G5
W0045F0003T0006Z000C1N68.png,21,28.469888235007204,27.746005686151413,17.353800698761958,12.808731772747823,T6758,G5
W0045F0003T0006Z000C1N68.png,22,39.62050425736592,29.309103511283656,17.353800698761958,12.808731772747823,T6758,G5
W0045F0003T0006Z000C1N68.png,23,15.814601941075036,15.285582540969115,17.353800698761958,12.808731772747823,T6758,G5
W0045F0003T0006Z000C1N68.png,24,18.204492312463636,19.203942698249016,17.353800698761958,12.808731772747823,T6758,G5
W0045F0003T0006Z000C1N68.png,25,50.34888653351113,35.05365522104554,17.353800698761958,12.808731772747823,T6758,G5
W0045F0003T0006Z000C1N68.png,26,24.558746619868398,24.45531649441496,17.353800698761958,12.808731772747823,T6758,G5
W0045F0003T0006Z000C1N68.png,27,45.347816484958074,45.100208924791424,17.353800698761958,12.808731772747823,T6758,G5
W0045F0003T0006Z000C1N68.png,28,68.4336290955114,34.74327189345829,17.353800698761958,12.808731772747823,T6758,G5
W0045F0003T0006Z000C1N68.png,29,45.84339039844658,1.5102806594657683,17.353800698761958,12.808731772747823,T6758,G5
W0045F0003T0006Z000C1N71.png,1,6.551875304980885,0.5289460753397105,29.841610531425758,31.580503732040672,T6758,G5
W0045F0003T0006Z000C1N71.png,2,11.464574220164113,1.072037145178033,29.841610531425758,31.580503732040672,T6758,G5
W0045F0003T0006Z000C1N71.png,3,11.599516028855597,11.57615057153935,29.841610531425758,31.580503732040672,T6758,G5
W0045F0003T0006Z000C1N71.png,4,15.157957088234435,15.102086652273067,29.841610531425758,31.580503732040672,T6758,G5
W0045F0003T0006Z000C1N71.png,5,25.64809189416699,25.64929609833915,29.841610531425758,31.580503732040672,T6758,G5
W0045F0003T0006Z000C1N71.png,6,14.353770518039044,14.404896143087655,29.841610531425758,31.580503732040672,T6758,G5
W0045F0003T0006Z000C1N71.png,7,21.30280337295335,21.356178929786257,29.841610531425758,31.580503732040672,T6758,G5
W0045F0003T0006Z000C1N71.png,8,26.727190437811462,26.78414830999977,29.841610531425758,31.580503732040672,T6758,G5
W0045F0003T0006Z000C1N71.png,9,61.60022470796362,61.65246724196136,29.841610531425758,31.580503732040672,T6758,G5
W0045F0003T0006Z000C1N71.png,10,66.39433324040485,66.44932254450352,29.841610531425758,31.580503732040672,T6758,G5
W0045F0003T0006Z000C1N71.png,11,17.503574977338662,16.163756020354146,29.841610531425758,31.580503732040672,T6758,G5
W0045F0003T0006Z000C1N71.png,12,63.73178156015651,65.00426251479131,29.841610531425758,31.580503732040672,T6758,G5
W0045F0003T0006Z000C1N71.png,13,49.22982373786728,50.53462877606581,29.841610531425758,31.580503732040672,T6758,G5
W0045F0003T0006Z000C1N71.png,14,60.41484075288024,61.740863372739696,29.841610531425758,31.580503732040672,T6758,G5
W0045F0003T0006Z000C1N71.png,15,89.07060904832178,90.41361818748288,29.841610531425758,31.580503732040672,T6758,G5
W0045F0003T0006Z000C1N71.png,16,67.32515011041231,68.6748301901576,29.841610531425758,31.580503732040672,T6758,G5
W0045F0003T0006Z000C1N71.png,17,84.16684485765545,85.51960185476544,29.841610531425758,31.580503732040672,T6758,G5
W0045F0003T0006Z000C1N71.png,18,93.60811006261139,94.95774268056664,29.841610531425758,31.580503732040672,T6758,G5
W0045F0003T0006Z000C1N71.png,19,86.0317331003169,87.35832572840694,29.841610531425758,31.580503732040672,T6758,G5
W0045F0003T0006Z000C1N77.png,1,42.03475049177443,42.17543987459307,17.773691336429955,13.652502756950648,T6758,G5
W0045F0003T0006Z000C1N77.png,2,86.75118779125431,33.59992098478276,17.773691336429955,13.652502756950648,T6758,G5
W0045F0003T0006Z000C1N77.png,3,31.810269604203434,31.979686650915383,17.773691336429955,13.652502756950648,T6758,G5
W0045F0003T0006Z000C1N77.png,4,32.39879548575889,32.53258235044963,17.773691336429955,13.652502756950648,T6758,G5
W0045F0003T0006Z000C1N77.png,5,34.7119478089623,34.8101705804418,17.773691336429955,13.652502756950648,T6758,G5
W0045F0003T0006Z000C1N77.png,6,59.91381829310978,29.4611431101784,17.773691336429955,13.652502756950648,T6758,G5
W0045F0003T0006Z000C1N77.png,7,25.74752745477014,25.85416146515721,17.773691336429955,13.652502756950648,T6758,G5
W0045F0003T0006Z000C1N77.png,8,54.76365600903237,35.95172352655503,17.773691336429955,13.652502756950648,T6758,G5
W0045F0003T0006Z000C1N77.png,9,67.37831260704274,11.548505756278642,17.773691336429955,13.652502756950648,T6758,G5
W0045F0003T0006Z000C1N77.png,10,75.82545648916665,20.216662084887442,17.773691336429955,13.652502756950648,T6758,G5
W0045F0003T0006Z000C1N77.png,11,74.20629849119882,32.18520662404835,17.773691336429955,13.652502756950648,T6758,G5
W0045F0003T0006Z000C1N77.png,12,39.99430170178289,35.486754523262746,17.773691336429955,13.652502756950648,T6758,G5
W0045F0003T0006Z000C1N77.png,13,33.88329431006636,33.88632787997149,17.773691336429955,13.652502756950648,T6758,G5
W0045F0003T0006Z000C1N77.png,14,55.25630073934452,1.7787319016491656,17.773691336429955,13.652502756950648,T6758,G5
W0045F0003T0006Z000C1N77.png,15,10.665557513533201,10.527715135619149,17.773691336429955,13.652502756950648,T6758,G5
W0045F0003T0006Z000C1N77.png,16,22.71477289010318,22.624387989296533,17.773691336429955,13.652502756950648,T6758,G5
W0045F0003T0006Z000C1N77.png,17,12.721785455104161,12.839492780939116,17.773691336429955,13.652502756950648,T6758,G5
W0045F0003T0006Z000C1N77.png,18,34.290931111121374,36.4779435986934,17.773691336429955,13.652502756950648,T6758,G5
W0045F0003T0006Z000C1N77.png,19,29.27723167871207,29.135696841983354,17.773691336429955,13.652502756950648,T6758,G5
W0045F0003T0006Z000C1N77.png,20,36.53427396770709,27.04547812869658,17.773691336429955,13.652502756950648,T6758,G5
W0045F0003T0006Z000C1N77.png,21,41.79671059522798,41.62244544849298,17.773691336429955,13.652502756950648,T6758,G5
W0045F0003T0006Z000C1N77.png,22,42.92295688565808,40.431980585673934,17.773691336429955,13.652502756950648,T6758,G5
W0045F0003T0006Z000C1N77.png,23,23.274089244397025,21.22204060062326,17.773691336429955,13.652502756950648,T6758,G5
W0045F0003T0006Z000C1N77.png,24,33.390016503049154,33.21488390309227,17.773691336429955,13.652502756950648,T6758,G5
W0045F0003T0006Z000C1N77.png,25,28.514897091048784,27.36645152135924,17.773691336429955,13.652502756950648,T6758,G5
W0045F0003T0006Z000C1N77.png,26,21.0995098340774,24.267750198696145,17.773691336429955,13.652502756950648,T6758,G5
W0045F0003T0006Z000C1N77.png,27,53.376506665010176,53.20187629727648,17.773691336429955,13.652502756950648,T6758,G5
W0045F0003T0006Z000C1N77.png,28,45.32059430640084,41.501997523629015,17.773691336429955,13.652502756950648,T6758,G5
W0045F0003T0006Z000C1N77.png,29,30.787404429558993,26.76420303118821,17.773691336429955,13.652502756950648,T6758,G5
W0045F0003T0006Z000C1N77.png,30,59.657422208165606,59.48590411726576,17.773691336429955,13.652502756950648,T6758,G5
W0045F0003T0006Z000C1N77.png,31,37.19047613451445,32.45988924040102,17.773691336429955,13.652502756950648,T6758,G5
W0045F0003T0006Z000C1N77.png,32,18.080820696578844,17.614629767339952,17.773691336429955,13.652502756950648,T6758,G5
W0045F0003T0006Z000C1N77.png,33,69.89939481906671,69.7276320095474,17.773691336429955,13.652502756950648,T6758,G5
W0045F0003T0006Z000C1N77.png,34,29.544869272379007,29.5918546098829,17.773691336429955,13.652502756950648,T6758,G5
W0045F0003T0006Z000C1N77.png,35,32.46817522619042,31.33531557449709,17.773691336429955,13.652502756950648,T6758,G5
W0045F0003T0006Z000C1N77.png,36,8.903364247353812,10.091571999691633,17.773691336429955,13.652502756950648,T6758,G5
W0045F0003T0006Z000C1N77.png,37,15.558276270597386,16.500370739852464,17.773691336429955,13.652502756950648,T6758,G5
W0045F0003T0006Z000C1N77.png,38,25.984139365067264,26.359619109025967,17.773691336429955,13.652502756950648,T6758,G5
W0045F0003T0006Z000C1N77.png,39,52.057183699011595,46.567003714247086,17.773691336429955,13.652502756950648,T6758,G5
W0045F0003T0006Z000C1N77.png,40,25.549580480788983,26.418073292042443,17.773691336429955,13.652502756950648,T6758,G5
W0045F0003T0006Z000C1N77.png,41,61.722332787365396,56.353236930301954,17.773691336429955,13.652502756950648,T6758,G5
W0045F0003T0006Z000C1N77.png,42,41.357702687838,41.37220882306502,17.773691336429955,13.652502756950648,T6758,G5
W0045F0003T0006Z000C1N77.png,43,48.242788989957496,43.97314975306635,17.773691336429955,13.652502756950648,T6758,G5
W0045F0003T0006Z000C1N77.png,44,25.3031663536264,26.375904755401997,17.773691336429955,13.652502756950648,T6758,G5
W0045F0003T0006Z000C1N77.png,45,24.6262665838036,25.6848632187053,17.773691336429955,13.652502756950648,T6758,G5
W0045F0003T0006Z000C1N77.png,46,65.74931166625242,60.27202368765831,17.773691336429955,13.652502756950648,T6758,G5
W0045F0003T0006Z000C1N77.png,47,29.13168076127671,30.309805465661174,17.773691336429955,13.652502756950648,T6758,G5
W0045F0003T0006Z000C1N77.png,48,59.528547168615404,54.75924715844218,17.773691336429955,13.652502756950648,T6758,G5
W0045F0003T0006Z000C1N77.png,49,36.47840930685149,37.608714711277436,17.773691336429955,13.652502756950648,T6758,G5
W0045F0003T0006Z000C1N77.png,50,37.63071319629521,38.54571775707252,17.773691336429955,13.652502756950648,T6758,G5
W0045F0003T0006Z000C1N77.png,51,48.62233689373757,49.77476330364546,17.773691336429955,13.652502756950648,T6758,G5
W0045F0003T0006Z000C1N78.png,1,19.925628136420507,24.3353864154131,8.872263915256847,12.74721907412998,T6758,G5
W0045F0003T0006Z000C1N78.png,2,14.06811332572344,10.500420445802881,8.872263915256847,12.74721907412998,T6758,G5
W0045F0003T0006Z000C1N78.png,3,32.11476580649115,50.46498143582209,8.872263915256847,12.74721907412998,T6758,G5
W0045F0003T0006Z000C1N78.png,4,4.576503108134321,8.434548035913561,8.872263915256847,12.74721907412998,T6758,G5
W0045F0003T0006Z000C1N78.png,5,24.52572817031873,19.827069854486997,8.872263915256847,12.74721907412998,T6758,G5
W0045F0003T0006Z000C1N78.png,6,26.229564174175213,30.936787918003073,8.872263915256847,12.74721907412998,T6758,G5
W0045F0003T0006Z000C1N78.png,7,4.297366796668052,4.018986247661765,8.872263915256847,12.74721907412998,T6758,G5
W0045F0003T0006Z000C1N78.png,8,13.456317888465112,17.733409264661923,8.872263915256847,12.74721907412998,T6758,G5
W0045F0003T0006Z000C1N78.png,9,8.428379434629655,8.540230045431263,8.872263915256847,12.74721907412998,T6758,G5
W0045F0003T0006Z000C1N78.png,10,12.211052399864096,8.967224095570169,8.872263915256847,12.74721907412998,T6758,G5
W0045F0003T0006Z000C1N78.png,11,16.534737316574223,44.986284802525155,8.872263915256847,12.74721907412998,T6758,G5
W0045F0003T0006Z000C1N78.png,12,24.30364370837256,36.91611540623817,8.872263915256847,12.74721907412998,T6758,G5
W0045F0003T0006Z000C1N78.png,13,22.303942034447267,26.990981667268922,8.872263915256847,12.74721907412998,T6758,G5
W0045F0003T0006Z000C1N78.png,14,34.32473222304801,34.88631425430264,8.872263915256847,12.74721907412998,T6758,G5
W0045F0003T0006Z000C1N78.png,15,14.49425227738131,15.970843083512726,8.872263915256847,12.74721907412998,T6758,G5
W0045F0003T0006Z000C1N78.png,16,23.86581981012211,26.022605134286934,8.872263915256847,12.74721907412998,T6758,G5
W0045F0003T0006Z000C1N78.png,17,10.355680733625878,11.380663696500283,8.872263915256847,12.74721907412998,T6758,G5
W0045F0003T0006Z000C1N78.png,18,3.546720147236163,2.052389573253548,8.872263915256847,12.74721907412998,T6758,G5
W0045F0003T0006Z000C1N78.png,19,24.02839841524858,12.681573029796061,8.872263915256847,12.74721907412998,T6758,G5
W0045F0003T0006Z000C1N78.png,20,18.558848805500485,19.048572690590873,8.872263915256847,12.74721907412998,T6758,G5
W0045F0003T0006Z000C1N78.png,21,17.063116935983565,37.95782030228285,8.872263915256847,12.74721907412998,T6758,G5
W0045F0003T0006Z000C1N78.png,22,12.38531550692312,6.819439458603551,8.872263915256847,12.74721907412998,T6758,G5
W0045F0003T0006Z000C1N78.png,23,8.044965032050342,15.781041014024153,8.872263915256847,12.74721907412998,T6758,G5
W0045F0003T0006Z000C1N78.png,24,2.4851923808922356,15.165499427555408,8.872263915256847,12.74721907412998,T6758,G5
W0045F0003T0006Z000C1N78.png,25,12.50954214426418,7.77215332243708,8.872263915256847,12.74721907412998,T6758,G5
W0045F0003T0006Z000C1N78.png,26,23.47411088894363,33.613354642519546,8.872263915256847,12.74721907412998,T6758,G5
W0045F0003T0006Z000C1N78.png,27,27.504551311839887,30.4883065915294,8.872263915256847,12.74721907412998,T6758,G5
W0045F0003T0006Z000C1N78.png,28,28.852860680432443,36.92358520761856,8.872263915256847,12.74721907412998,T6758,G5
W0045F0003T0006Z000C1N78.png,29,13.790725773498641,6.586829477087055,8.872263915256847,12.74721907412998,T6758,G5
W0045F0003T0006Z000C1N78.png,30,15.851655984446545,14.10165997225496,8.872263915256847,12.74721907412998,T6758,G5
W0045F0003T0006Z000C1N78.png,31,14.51648700828573,16.290397244769323,8.872263915256847,12.74721907412998,T6758,G5
W0045F0003T0006Z000C1N78.png,32,33.51061089197118,15.034355706810386,8.872263915256847,12.74721907412998,T6758,G5
W0045F0003T0006Z000C1N78.png,33,27.057568257880476,40.72365538109667,8.872263915256847,12.74721907412998,T6758,G5
W0045F0003T0006Z000C1N78.png,34,26.095358783948303,8.469780633543342,8.872263915256847,12.74721907412998,T6758,G5
W0045F0003T0006Z000C1N78.png,35,6.7017118448413315,13.737087592488763,8.872263915256847,12.74721907412998,T6758,G5
W0045F0003T0006Z000C1N78.png,36,9.836552195643632,0.53432963060402,8.872263915256847,12.74721907412998,T6758,G5
W0045F0003T0006Z000C1N78.png,37,5.452525231335799,15.07619056720548,8.872263915256847,12.74721907412998,T6758,G5
W0045F0003T0006Z000C1N79.png,1,74.14932074140027,34.47280880214788,20.649229708699888,13.176714723031829,T6758,G5
W0045F0003T0006Z000C1N79.png,2,49.102848325552166,22.238806270352303,20.649229708699888,13.176714723031829,T6758,G5
W0045F0003T0006Z000C1N79.png,3,39.03549302612516,27.366333330185856,20.649229708699888,13.176714723031829,T6758,G5
W0045F0003T0006Z000C1N79.png,4,61.24527786451917,22.790768901700254,20.649229708699888,13.176714723031829,T6758,G5
W0045F0003T0006Z000C1N79.png,5,71.78168732342635,37.668746344702356,20.649229708699888,13.176714723031829,T6758,G5
W0045F0003T0006Z000C1N79.png,6,31.01629514882384,36.123974271555056,20.649229708699888,13.176714723031829,T6758,G5
W0045F0003T0006Z000C1N79.png,7,18.23697164175536,35.8396172883826,20.649229708699888,13.176714723031829,T6758,G5
W0045F0003T0006Z000C1N79.png,8,73.16859903031305,63.48542502661006,20.649229708699888,13.176714723031829,T6758,G5
W0045F0003T0006Z000C1N79.png,9,40.04740699829221,4.799535889024256,20.649229708699888,13.176714723031829,T6758,G5
W0045F0003T0006Z000C1N79.png,10,44.7501610742098,37.44907203727321,20.649229708699888,13.176714723031829,T6758,G5
W0045F0003T0006Z000C1N79.png,11,23.686335334401708,24.96552057252584,20.649229708699888,13.176714723031829,T6758,G5
W0045F0003T0006Z000C1N79.png,12,17.049695927592868,20.26288575970268,20.649229708699888,13.176714723031829,T6758,G5
W0045F0003T0006Z000C1N79.png,13,28.995210332436326,17.91619208069411,20.649229708699888,13.176714723031829,T6758,G5
W0045F0003T0006Z000C1N79.png,14,22.412382065811716,18.32125081266755,20.649229708699888,13.176714723031829,T6758,G5
W0045F0003T0006Z000C1N79.png,15,12.191395022518027,11.417350531408959,20.649229708699888,13.176714723031829,T6758,G5
W0045F0003T0006Z000C1N79.png,16,13.514571932376413,13.553545679665872,20.649229708699888,13.176714723031829,T6758,G5
W0045F0003T0006Z000C1N79.png,17,24.969479753694927,37.39984469603316,20.649229708699888,13.176714723031829,T6758,G5
W0045F0003T0006Z000C1N79.png,18,12.405832233921563,12.396902263981127,20.649229708699888,13.176714723031829,T6758,G5
W0045F0003T0006Z000C1N79.png,19,13.43486518383641,28.269918920129495,20.649229708699888,13.176714723031829,T6758,G5
W0045F0003T0006Z000C1N79.png,20,12.620513964061436,4.0902668485252915,20.649229708699888,13.176714723031829,T6758,G5
W0045F0003T0006Z000C1N79.png,21,8.249579113843046,8.435952559936139,20.649229708699888,13.176714723031829,T6758,G5
W0045F0003T0006Z000C1N79.png,22,9.110976710693196,9.211462449111382,20.649229708699888,13.176714723031829,T6758,G5
W0045F0003T0006Z000C1N79.png,23,20.13217478472901,3.7464798494450604,20.649229708699888,13.176714723031829,T6758,G5
W0045F0003T0006Z000C1N79.png,24,10.244239573752886,11.152942631443846,20.649229708699888,13.176714723031829,T6758,G5
W0045F0003T0006Z000C1N79.png,25,4.1842946663581015,18.270337338093007,20.649229708699888,13.176714723031829,T6758,G5
W0045F0003T0006Z000C1N79.png,26,3.0286549420216646,3.074909301117707,20.649229708699888,13.176714723031829,T6758,G5
W0045F0003T0006Z000C1N79.png,27,17.09398161953411,13.374338510849944,20.649229708699888,13.176714723031829,T6758,G5
W0045F0003T0006Z000C1N79.png,28,11.991100491266986,20.5631274322554,20.649229708699888,13.176714723031829,T6758,G5
W0045F0003T0006Z000C1N79.png,29,12.722206026059165,12.763360679254417,20.649229708699888,13.176714723031829,T6758,G5
W0045F0003T0006Z000C1N79.png,30,11.428837544870191,19.90235379875022,20.649229708699888,13.176714723031829,T6758,G5
W0045F0003T0006Z000C1N79.png,31,8.088382600477898,19.113950812270197,20.649229708699888,13.176714723031829,T6758,G5
W0045F0003T0006Z000C1N79.png,32,11.368264108200178,10.957178703605546,20.649229708699888,13.176714723031829,T6758,G5
W0045F0003T0006Z000C1N79.png,33,13.031676343421326,14.572785857360184,20.649229708699888,13.176714723031829,T6758,G5
W0045F0003T0006Z000C1N79.png,34,41.27526779806031,47.184358999390085,20.649229708699888,13.176714723031829,T6758,G5
W0045F0003T0006Z000C1N79.png,35,13.472930175992458,13.132897541928461,20.649229708699888,13.176714723031829,T6758,G5
W0045F0003T0006Z000C1N79.png,36,15.693501240441849,22.465039102417283,20.649229708699888,13.176714723031829,T6758,G5
W0045F0003T0006Z000C1N79.png,37,19.536911004873716,15.910562246331477,20.649229708699888,13.176714723031829,T6758,G5
W0045F0003T0006Z000C1N79.png,38,18.69455790032616,8.231669888391885,20.649229708699888,13.176714723031829,T6758,G5
W0045F0003T0006Z000C1N79.png,39,51.45983554608387,44.451412023035694,20.649229708699888,13.176714723031829,T6758,G5
W0045F0003T0006Z000C1N79.png,40,31.79244744717521,19.71837698320364,20.649229708699888,13.176714723031829,T6758,G5
W0045F0003T0006Z000C1N79.png,41,36.326607315049166,28.156529226326747,20.649229708699888,13.176714723031829,T6758,G5
W0045F0003T0006Z000C1N79.png,42,42.99049618691277,21.69342840063828,20.649229708699888,13.176714723031829,T6758,G5
W0045F0003T0006Z000C1N79.png,43,48.712861836685526,28.637673966260525,20.649229708699888,13.176714723031829,T6758,G5
W0045F0003T0006Z000C1N79.png,44,43.15113259368412,36.79644956035553,20.649229708699888,13.176714723031829,T6758,G5
W0045F0003T0006Z000C1N79.png,45,27.97422231478742,41.690707142525234,20.649229708699888,13.176714723031829,T6758,G5
W0045F0003T0006Z000C1N79.png,46,60.14835860905035,40.31655043328724,20.649229708699888,13.176714723031829,T6758,G5
W0045F0003T0006Z000C1N79.png,47,71.48434146271083,10.550568391525243,20.649229708699888,13.176714723031829,T6758,G5
W0045F0003T0006Z000C1N79.png,48,38.59305078072631,17.120369989188113,20.649229708699888,13.176714723031829,T6758,G5
W0045F0003T0006Z000C1N79.png,49,73.63162321330063,2.8763709306962046,20.649229708699888,13.176714723031829,T6758,G5
W0045F0003T0006Z000C1N82.png,1,31.829972482830154,35.68707597225259,9.328744902188841,9.965146587300849,T6758,G5
W0045F0003T0006Z000C1N82.png,2,3.997704181717719,21.105911053991417,9.328744902188841,9.965146587300849,T6758,G5
W0045F0003T0006Z000C1N82.png,3,20.517288625884575,4.317154030077313,9.328744902188841,9.965146587300849,T6758,G5
W0045F0003T0006Z000C1N82.png,4,28.683245247395522,9.446040520676936,9.328744902188841,9.965146587300849,T6758,G5
W0045F0003T0006Z000C1N82.png,5,27.190435135524243,23.625736634337276,9.328744902188841,9.965146587300849,T6758,G5
W0045F0003T0006Z000C1N82.png,6,33.84364501072471,19.226526993038174,9.328744902188841,9.965146587300849,T6758,G5
W0045F0003T0006Z000C1N82.png,7,27.271749400998814,28.799789959600822,9.328744902188841,9.965146587300849,T6758,G5
W0045F0003T0006Z000C1N83.png,1,53.72826271099854,53.666126025845095,15.015466182765477,15.21499769119673,T6758,G5
W0045F0003T0006Z000C1N83.png,2,54.05923152839992,51.84321711516549,15.015466182765477,15.21499769119673,T6758,G5
W0045F0003T0006Z000C1N83.png,3,35.27780258228478,32.795083090153014,15.015466182765477,15.21499769119673,T6758,G5
W0045F0003T0006Z000C1N83.png,4,33.03123829459226,31.46484300230615,15.015466182765477,15.21499769119673,T6758,G5
W0045F0003T0006Z000C1N83.png,5,20.882005872240455,18.354329408123956,15.015466182765477,15.21499769119673,T6758,G5
W0045F0003T0006Z000C1N83.png,6,9.401340041930073,7.5563481454406345,15.015466182765477,15.21499769119673,T6758,G5
W0045F0003T0006Z000C1N83.png,7,6.603515906298928,4.133602380886273,15.015466182765477,15.21499769119673,T6758,G5
W0045F0003T0006Z000C1N83.png,8,26.744608875814123,26.082835111968414,15.015466182765477,15.21499769119673,T6758,G5
W0045F0003T0006Z000C1N83.png,9,6.78712955976457,7.639360017282855,15.015466182765477,15.21499769119673,T6758,G5
W0045F0003T0006Z000C1N83.png,10,14.854286547827163,14.649500661406465,15.015466182765477,15.21499769119673,T6758,G5
W0045F0003T0006Z000C1N83.png,11,23.9340502289314,23.90518426163631,15.015466182765477,15.21499769119673,T6758,G5
W0045F0003T0006Z000C1N83.png,12,3.4373934293986683,3.514385988933165,15.015466182765477,15.21499769119673,T6758,G5
W0045F0003T0006Z000C1N83.png,13,31.95235863627006,32.21156229731279,15.015466182765477,15.21499769119673,T6758,G5
W0045F0003T0006Z000C1N83.png,14,21.816548822578437,22.997158275346333,15.015466182765477,15.21499769119673,T6758,G5
W0045F0003T0006Z000C1N83.png,15,12.156423067507614,11.131740463823451,15.015466182765477,15.21499769119673,T6758,G5
W0045F0003T0006Z000C1N83.png,16,32.23600126785666,7.2291954627663335,15.015466182765477,15.21499769119673,T6758,G5
W0045F0003T0006Z000C1N85.png,1,44.24066473526036,43.73705457969042,11.976878552331208,13.355013795982567,T6758,G5
W0045F0003T0006Z000C1N85.png,2,45.29405837018385,34.46529752962804,11.976878552331208,13.355013795982567,T6758,G5
W0045F0003T0006Z000C1N85.png,3,34.32504511454319,30.316044116345353,11.976878552331208,13.355013795982567,T6758,G5
W0045F0003T0006Z000C1N85.png,4,44.41123363270283,44.85218107302242,11.976878552331208,13.355013795982567,T6758,G5
W0045F0003T0006Z000C1N85.png,5,24.368122681245836,24.35059063816367,11.976878552331208,13.355013795982567,T6758,G5
W0045F0003T0006Z000C1N85.png,6,18.3178421054276,14.686066714936153,11.976878552331208,13.355013795982567,T6758,G5
W0045F0003T0006Z000C1N85.png,7,12.290678952726843,10.949491453441563,11.976878552331208,13.355013795982567,T6758,G5
W0045F0003T0006Z000C1N85.png,8,20.317691449027073,4.437182135231132,11.976878552331208,13.355013795982567,T6758,G5
W0045F0003T0006Z000C1N85.png,9,29.582676711490574,30.144638142978035,11.976878552331208,13.355013795982567,T6758,G5
W0045F0003T0006Z000C1N85.png,10,21.844164545611726,5.760473713982145,11.976878552331208,13.355013795982567,T6758,G5
W0045F0003T0006Z000C1N85.png,11,26.13098271144629,26.630873122216034,11.976878552331208,13.355013795982567,T6758,G5
W0045F0003T0006Z000C1N85.png,12,5.254411489198065,5.7877747911372195,11.976878552331208,13.355013795982567,T6758,G5
W0045F0003T0006Z000C1N85.png,13,21.85621263672673,20.124638395024807,11.976878552331208,13.355013795982567,T6758,G5
W0045F0003T0006Z000C1N87.png,1,17.37860923744411,18.454403622832615,16.885894145917394,16.487291232256315,T6758,G5
W0045F0003T0006Z000C1N87.png,2,15.816725348555547,16.427546625575104,16.885894145917394,16.487291232256315,T6758,G5
W0045F0003T0006Z000C1N87.png,3,17.189754341496208,20.646241605903914,16.885894145917394,16.487291232256315,T6758,G5
W0045F0003T0006Z000C1N87.png,4,11.298444168412807,11.363443723928427,16.885894145917394,16.487291232256315,T6758,G5
W0045F0003T0006Z000C1N87.png,5,15.33922622244859,16.01743493696994,16.885894145917394,16.487291232256315,T6758,G5
W0045F0003T0006Z000C1N87.png,6,29.424111721309746,29.504612153046395,16.885894145917394,16.487291232256315,T6758,G5
W0045F0003T0006Z000C1N87.png,7,7.745763386264038,7.1111344269103895,16.885894145917394,16.487291232256315,T6758,G5
W0045F0003T0006Z000C1N87.png,8,14.99206721639782,14.579289584211358,16.885894145917394,16.487291232256315,T6758,G5
W0045F0003T0006Z000C1N87.png,9,22.848078764695643,22.348400175709543,16.885894145917394,16.487291232256315,T6758,G5
W0045F0003T0006Z000C1N87.png,10,60.31502966739167,60.07407682569397,16.885894145917394,16.487291232256315,T6758,G5
W0045F0003T0006Z000C1N87.png,11,44.55771669665156,44.18623641494487,16.885894145917394,16.487291232256315,T6758,G5
W0045F0003T0006Z000C1N87.png,12,21.445168865779685,20.728063628959685,16.885894145917394,16.487291232256315,T6758,G5
W0045F0003T0006Z000C1N87.png,13,41.58584632494194,40.928244413893964,16.885894145917394,16.487291232256315,T6758,G5
W0045F0003T0006Z000C1N87.png,14,50.92960434843315,51.80302594422875,16.885894145917394,16.487291232256315,T6758,G5
W0045F0003T0006Z000C1N87.png,15,47.43992568467784,48.27892956203253,16.885894145917394,16.487291232256315,T6758,G5
W0045F0003T0006Z000C1N87.png,16,44.08226575516702,43.502591519845794,16.885894145917394,16.487291232256315,T6758,G5
W0045F0003T0006Z000C1N87.png,17,39.24156703515478,39.713120755585145,16.885894145917394,16.487291232256315,T6758,G5
W0045F0003T0006Z000C1N87.png,18,49.32043613085649,44.66256428478049,16.885894145917394,16.487291232256315,T6758,G5
W0045F0003T0006Z000C1N87.png,19,35.784129494117046,36.65276364444764,16.885894145917394,16.487291232256315,T6758,G5
W0045F0003T0006Z000C1N87.png,20,24.325911699033167,25.121274817889255,16.885894145917394,16.487291232256315,T6758,G5
W0045F0003T0006Z000C1N87.png,21,25.318842438733967,26.192779130347926,16.885894145917394,16.487291232256315,T6758,G5
W0045F0003T0006Z000C1N87.png,22,14.89355595495519,9.749590038688291,16.885894145917394,16.487291232256315,T6758,G5
W0045F0003T0006Z000C1N87.png,23,13.80994679583966,14.681001033301513,16.885894145917394,16.487291232256315,T6758,G5
W0045F0003T0006Z000C1N87.png,24,10.054643583364069,10.792213433724203,16.885894145917394,16.487291232256315,T6758,G5
W0045F0003T0006Z000C1N87.png,25,35.23523688013081,35.742123544148654,16.885894145917394,16.487291232256315,T6758,G5
W0045F0003T0006Z000C1N87.png,26,7.690864443308371,11.704687318549976,16.885894145917394,16.487291232256315,T6758,G5
W0045F0003T0006Z000C1N87.png,27,14.4557791117089,13.804686247837875,16.885894145917394,16.487291232256315,T6758,G5
W0045F0003T0006Z000C1N87.png,28,56.406943621022116,55.83212414493682,16.885894145917394,16.487291232256315,T6758,G5
W0045F0003T0006Z000C1N87.png,29,26.000024688475342,26.0979069774985,16.885894145917394,16.487291232256315,T6758,G5
W0045F0003T0006Z000C1N87.png,30,40.03067432656365,39.339470891775086,16.885894145917394,16.487291232256315,T6758,G5
W0045F0003T0006Z000C1N87.png,31,69.0839530926444,68.43655863650879,16.885894145917394,16.487291232256315,T6758,G5
W0045F0003T0006Z000C1N87.png,32,52.99991855582799,52.302563433764554,16.885894145917394,16.487291232256315,T6758,G5
W0045F0003T0006Z000C1N87.png,33,36.71211670630111,35.90022422415005,16.885894145917394,16.487291232256315,T6758,G5
W0045F0003T0006Z000C1N87.png,34,17.324975184915292,17.46504335167762,16.885894145917394,16.487291232256315,T6758,G5
W0045F0003T0006Z000C1N87.png,35,26.196019597627764,25.606615311136544,16.885894145917394,16.487291232256315,T6758,G5
W0045F0003T0006Z000C1N87.png,36,14.402223617034764,15.048688497631444,16.885894145917394,16.487291232256315,T6758,G5
W0045F0003T0006Z000C1N87.png,37,68.26711366972296,67.5347089854899,16.885894145917394,16.487291232256315,T6758,G5
W0045F0003T0006Z000C1N87.png,38,47.79332905423855,46.941584347746655,16.885894145917394,16.487291232256315,T6758,G5
W0045F0003T0006Z000C1N87.png,39,38.20941439729095,37.99085045901962,16.885894145917394,16.487291232256315,T6758,G5
W0045F0003T0006Z000C1N87.png,40,52.976360440994576,52.14697514815514,16.885894145917394,16.487291232256315,T6758,G5
W0045F0003T0006Z000C1N87.png,41,43.04678775932547,42.17674539728646,16.885894145917394,16.487291232256315,T6758,G5
W0045F0003T0006Z000C1N87.png,42,36.81919505993988,36.09170745455912,16.885894145917394,16.487291232256315,T6758,G5
W0045F0003T0006Z000C1N87.png,43,40.22840087747672,39.74839449653557,16.885894145917394,16.487291232256315,T6758,G5
W0045F0003T0006Z000C1N87.png,44,69.35204754009627,68.5476003326579,16.885894145917394,16.487291232256315,T6758,G5
W0045F0003T0006Z000C1N87.png,45,43.06678819967716,42.22169458188525,16.885894145917394,16.487291232256315,T6758,G5
W0045F0003T0006Z000C1N87.png,46,33.168080401234334,33.18101321859831,16.885894145917394,16.487291232256315,T6758,G5
W0045F0003T0006Z000C1N87.png,47,25.376105675399643,26.535340074384354,16.885894145917394,16.487291232256315,T6758,G5
W0045F0003T0006Z000C1N87.png,48,22.929619124996567,24.361817899252763,16.885894145917394,16.487291232256315,T6758,G5
W0045F0003T0006Z000C1N90.png,1,44.1468016175579,42.94245212468242,13.79101750626559,10.11275259461891,T6758,G5
W0045F0003T0006Z000C1N90.png,2,48.124366884537835,44.54149305810332,13.79101750626559,10.11275259461891,T6758,G5
W0045F0003T0006Z000C1N90.png,3,36.393801445375416,35.363977856029116,13.79101750626559,10.11275259461891,T6758,G5
W0045F0003T0006Z000C1N90.png,4,42.76966779354401,24.548023646790902,13.79101750626559,10.11275259461891,T6758,G5
W0045F0003T0006Z000C1N90.png,5,28.13664685969957,28.602082901710915,13.79101750626559,10.11275259461891,T6758,G5
W0045F0003T0006Z000C1N90.png,6,31.962789949591045,28.834364003170894,13.79101750626559,10.11275259461891,T6758,G5
W0045F0003T0006Z000C1N90.png,7,50.499851424202355,23.334881955965713,13.79101750626559,10.11275259461891,T6758,G5
W0045F0003T0006Z000C1N90.png,8,26.464314925917588,21.929102235333367,13.79101750626559,10.11275259461891,T6758,G5
W0045F0003T0006Z000C1N90.png,9,16.237053338992173,11.63974815132127,13.79101750626559,10.11275259461891,T6758,G5
W0045F0003T0006Z000C1N90.png,10,61.47402092386801,18.783545012961763,13.79101750626559,10.11275259461891,T6758,G5
W0045F0003T0006Z000C1N90.png,11,5.075058829307403,12.232025056994813,13.79101750626559,10.11275259461891,T6758,G5
W0045F0003T0006Z000C1N90.png,12,5.79303559014564,3.8047732510114254,13.79101750626559,10.11275259461891,T6758,G5
W0045F0003T0006Z000C1N90.png,13,13.778047307370395,20.52539709401931,13.79101750626559,10.11275259461891,T6758,G5
W0045F0003T0006Z000C1N90.png,14,7.210212994712471,15.237479614484231,13.79101750626559,10.11275259461891,T6758,G5
W0045F0003T0006Z000C1N90.png,15,19.90140459951458,11.940449010894435,13.79101750626559,10.11275259461891,T6758,G5
W0045F0003T0006Z000C1N90.png,16,32.85476807979884,13.86403598337438,13.79101750626559,10.11275259461891,T6758,G5
W0045F0003T0006Z000C1N90.png,17,17.30100050774686,22.57504865291412,13.79101750626559,10.11275259461891,T6758,G5
W0045F0003T0006Z000C1N90.png,18,25.27570608830145,19.521225108248345,13.79101750626559,10.11275259461891,T6758,G5
W0045F0003T0006Z000C1N90.png,19,21.296714249163692,17.7716903371899,13.79101750626559,10.11275259461891,T6758,G5
W0045F0003T0006Z000C1N90.png,20,26.079855727232935,24.995529608397046,13.79101750626559,10.11275259461891,T6758,G5
W0045F0003T0006Z000C1N90.png,21,32.87290634511138,33.68932039281182,13.79101750626559,10.11275259461891,T6758,G5
W0045F0003T0006Z000C1N90.png,22,18.95234366607971,19.059436048162652,13.79101750626559,10.11275259461891,T6758,G5
W0045F0003T0006Z000C1N90.png,23,35.44103082928023,35.977727390451754,13.79101750626559,10.11275259461891,T6758,G5
W0045F0003T0006Z000C1N90.png,24,12.003252142654166,16.849016494296844,13.79101750626559,10.11275259461891,T6758,G5
W0045F0003T0006Z000C1N90.png,25,42.49908665183456,42.936852048661045,13.79101750626559,10.11275259461891,T6758,G5
W0045F0003T0006Z000C1N90.png,26,17.55252473344793,14.91308821171524,13.79101750626559,10.11275259461891,T6758,G5
W0045F0003T0006Z000C1N90.png,27,19.607998759267087,24.66155921841906,13.79101750626559,10.11275259461891,T6758,G5
W0045F0003T0006Z000C1N90.png,28,5.815743902708834,6.656012534537176,13.79101750626559,10.11275259461891,T6758,G5
W0045F0003T0006Z000C1N90.png,29,23.443117196036024,23.973636546885633,13.79101750626559,10.11275259461891,T6758,G5
W0045F0003T0006Z000C1N90.png,30,20.57819887453982,20.058158386209048,13.79101750626559,10.11275259461891,T6758,G5
W0045F0003T0006Z000C1N90.png,31,19.115966018937755,19.531990605388508,13.79101750626559,10.11275259461891,T6758,G5
W0045F0003T0006Z000C1N90.png,32,14.146424116172838,14.837569534809267,13.79101750626559,10.11275259461891,T6758,G5
W0045F0003T0006Z000C1N90.png,33,5.287410572262415,5.0653075926632996,13.79101750626559,10.11275259461891,T6758,G5
W0045F0003T0006Z000C1N90.png,34,16.01559462289763,16.162228816255833,13.79101750626559,10.11275259461891,T6758,G5
W0045F0003T0006Z000C1N90.png,35,31.537983820072323,30.865016771041994,13.79101750626559,10.11275259461891,T6758,G5
W0045F0003T0006Z000C1N93.png,1,12.73245613305943,12.94546713192633,11.804628103157894,12.393463898194186,T6758,G5
W0045F0003T0006Z000C1N93.png,2,23.144281749829513,12.000669848702547,11.804628103157894,12.393463898194186,T6758,G5
W0045F0003T0006Z000C1N93.png,3,32.39353115445877,7.464829870964536,11.804628103157894,12.393463898194186,T6758,G5
W0045F0003T0006Z000C1N93.png,4,43.549932723770524,38.18209870056513,11.804628103157894,12.393463898194186,T6758,G5
W0045F0003T0006Z000C1N93.png,5,41.45113120496067,41.78795064216296,11.804628103157894,12.393463898194186,T6758,G5
W0045F0003T0006Z000C1N93.png,6,11.374858088771731,12.147607436167915,11.804628103157894,12.393463898194186,T6758,G5
W0045F0003T0006Z000C1N93.png,7,37.81569202629221,38.08440451017822,11.804628103157894,12.393463898194186,T6758,G5
W0045F0003T0006Z000C1N93.png,8,23.34011833308203,23.694496853553584,11.804628103157894,12.393463898194186,T6758,G5
W0045F0003T0006Z000C1N93.png,9,15.273889630078259,15.664534162596052,11.804628103157894,12.393463898194186,T6758,G5
W0045F0003T0006Z000C1N93.png,10,7.529388269865824,7.097260084574378,11.804628103157894,12.393463898194186,T6758,G5
W0045F0003T0006Z000C1N93.png,11,24.21402763044918,24.230350983959326,11.804628103157894,12.393463898194186,T6758,G5
W0045F0003T0006Z000C1N93.png,12,35.04625640049271,35.12587380014811,11.804628103157894,12.393463898194186,T6758,G5
W0045F0003T0006Z000C1N99.png,1,1.6750433126500974,1.8784375104522386,0.0,0.0,T6758,G5
