image,pbody_number,dist_nuclei,dist_mito,nuclei_std,mito_std,medicine,group
W0035F0001T0006Z000C1N10.png,1,90.91432693227526,89.59570830057089,18.406653940517682,20.079186119249425,T1791L,G5
W0035F0001T0006Z000C1N10.png,2,76.18148547252756,75.7725079368253,18.406653940517682,20.079186119249425,T1791L,G5
W0035F0001T0006Z000C1N10.png,3,79.41120982658938,78.70449290871466,18.406653940517682,20.079186119249425,T1791L,G5
W0035F0001T0006Z000C1N10.png,4,82.06890192418963,75.89196403665802,18.406653940517682,20.079186119249425,T1791L,G5
W0035F0001T0006Z000C1N10.png,5,77.07908636335311,75.33423180976469,18.406653940517682,20.079186119249425,T1791L,G5
W0035F0001T0006Z000C1N10.png,6,68.9028964643887,69.56089971721426,18.406653940517682,20.079186119249425,T1791L,G5
W0035F0001T0006Z000C1N10.png,7,95.23459048587267,82.09111804179163,18.406653940517682,20.079186119249425,T1791L,G5
W0035F0001T0006Z000C1N10.png,8,89.51299667641263,75.41263848377075,18.406653940517682,20.079186119249425,T1791L,G5
W0035F0001T0006Z000C1N10.png,9,84.95870484214151,72.13541726528156,18.406653940517682,20.079186119249425,T1791L,G5
W0035F0001T0006Z000C1N10.png,10,64.83977677582006,65.67930223664898,18.406653940517682,20.079186119249425,T1791L,G5
W0035F0001T0006Z000C1N10.png,11,63.98985050191635,63.27541413541581,18.406653940517682,20.079186119249425,T1791L,G5
W0035F0001T0006Z000C1N10.png,12,80.17680497530924,78.73099499203104,18.406653940517682,20.079186119249425,T1791L,G5
W0035F0001T0006Z000C1N10.png,13,80.93108135608385,79.07399218926297,18.406653940517682,20.079186119249425,T1791L,G5
W0035F0001T0006Z000C1N10.png,14,61.670787700716296,57.95071288799838,18.406653940517682,20.079186119249425,T1791L,G5
W0035F0001T0006Z000C1N10.png,15,64.01818338175222,54.38608098575096,18.406653940517682,20.079186119249425,T1791L,G5
W0035F0001T0006Z000C1N10.png,16,49.81363991786791,50.894783848880884,18.406653940517682,20.079186119249425,T1791L,G5
W0035F0001T0006Z000C1N10.png,17,55.86178899385771,54.73842222246667,18.406653940517682,20.079186119249425,T1791L,G5
W0035F0001T0006Z000C1N10.png,18,59.976322340300925,58.41801081350996,18.406653940517682,20.079186119249425,T1791L,G5
W0035F0001T0006Z000C1N10.png,19,83.35277195477595,64.36690798061102,18.406653940517682,20.079186119249425,T1791L,G5
W0035F0001T0006Z000C1N10.png,20,73.30292688342358,56.60460258906124,18.406653940517682,20.079186119249425,T1791L,G5
W0035F0001T0006Z000C1N10.png,21,41.64699904845957,41.595039599958284,18.406653940517682,20.079186119249425,T1791L,G5
W0035F0001T0006Z000C1N10.png,22,73.1161361183474,71.05170215146919,18.406653940517682,20.079186119249425,T1791L,G5
W0035F0001T0006Z000C1N10.png,23,69.91534198503588,51.47380320517749,18.406653940517682,20.079186119249425,T1791L,G5
W0035F0001T0006Z000C1N10.png,24,38.54264124589854,37.344843171735555,18.406653940517682,20.079186119249425,T1791L,G5
W0035F0001T0006Z000C1N10.png,25,75.73724973270798,52.80749724203485,18.406653940517682,20.079186119249425,T1791L,G5
W0035F0001T0006Z000C1N10.png,26,67.29889804987407,65.0784512348675,18.406653940517682,20.079186119249425,T1791L,G5
W0035F0001T0006Z000C1N10.png,27,32.333919624476216,33.80815375931003,18.406653940517682,20.079186119249425,T1791L,G5
W0035F0001T0006Z000C1N10.png,28,55.89821458950341,53.91074872976936,18.406653940517682,20.079186119249425,T1791L,G5
W0035F0001T0006Z000C1N10.png,29,51.98593592082784,32.273400522215205,18.406653940517682,20.079186119249425,T1791L,G5
W0035F0001T0006Z000C1N10.png,30,40.62681488467225,29.776200692064844,18.406653940517682,20.079186119249425,T1791L,G5
W0035F0001T0006Z000C1N10.png,31,74.09025748461926,47.91645717789167,18.406653940517682,20.079186119249425,T1791L,G5
W0035F0001T0006Z000C1N10.png,32,54.81068107389115,52.462132270276946,18.406653940517682,20.079186119249425,T1791L,G5
W0035F0001T0006Z000C1N10.png,33,42.71879427311645,23.720419894219194,18.406653940517682,20.079186119249425,T1791L,G5
W0035F0001T0006Z000C1N10.png,34,58.32417778203433,55.85308454037803,18.406653940517682,20.079186119249425,T1791L,G5
W0035F0001T0006Z000C1N10.png,35,46.83044671105577,44.307786386778844,18.406653940517682,20.079186119249425,T1791L,G5
W0035F0001T0006Z000C1N10.png,36,27.094578889964183,12.186688672875455,18.406653940517682,20.079186119249425,T1791L,G5
W0035F0001T0006Z000C1N10.png,37,59.56351783027021,57.01009163395375,18.406653940517682,20.079186119249425,T1791L,G5
W0035F0001T0006Z000C1N10.png,38,68.05213024663816,38.667429440309206,18.406653940517682,20.079186119249425,T1791L,G5
W0035F0001T0006Z000C1N10.png,39,49.720499809221096,20.890131946658524,18.406653940517682,20.079186119249425,T1791L,G5
W0035F0001T0006Z000C1N10.png,40,54.11374496062522,51.54451031024793,18.406653940517682,20.079186119249425,T1791L,G5
W0035F0001T0006Z000C1N10.png,41,35.8331861509574,33.25996892695849,18.406653940517682,20.079186119249425,T1791L,G5
W0035F0001T0006Z000C1N10.png,42,54.48496022694108,51.91411286492168,18.406653940517682,20.079186119249425,T1791L,G5
W0035F0001T0006Z000C1N10.png,43,31.320163416191964,0.49135538171380155,18.406653940517682,20.079186119249425,T1791L,G5
W0035F0001T0006Z000C1N10.png,44,83.25734567351903,52.5237906359246,18.406653940517682,20.079186119249425,T1791L,G5
W0035F0001T0006Z000C1N10.png,45,71.60057422764963,40.793330398346534,18.406653940517682,20.079186119249425,T1791L,G5
W0035F0001T0006Z000C1N10.png,46,53.507198358512966,48.2765035917037,18.406653940517682,20.079186119249425,T1791L,G5
W0035F0001T0006Z000C1N10.png,47,37.52810344649384,35.109085167222815,18.406653940517682,20.079186119249425,T1791L,G5
W0035F0001T0006Z000C1N10.png,48,51.0481819503004,39.02803330949563,18.406653940517682,20.079186119249425,T1791L,G5
W0035F0001T0006Z000C1N10.png,49,81.25393108232508,50.673557136714386,18.406653940517682,20.079186119249425,T1791L,G5
W0035F0001T0006Z000C1N10.png,50,68.76351386388568,38.440067247772355,18.406653940517682,20.079186119249425,T1791L,G5
W0035F0001T0006Z000C1N10.png,51,67.73669695944044,43.90946243843544,18.406653940517682,20.079186119249425,T1791L,G5
W0035F0001T0006Z000C1N10.png,52,80.64743424619404,50.69159172540679,18.406653940517682,20.079186119249425,T1791L,G5
W0035F0001T0006Z000C1N10.png,53,48.015121564545964,26.066774232655607,18.406653940517682,20.079186119249425,T1791L,G5
W0035F0001T0006Z000C1N10.png,54,30.798649200422656,29.829990970583157,18.406653940517682,20.079186119249425,T1791L,G5
W0035F0001T0006Z000C1N10.png,55,2.253270440189742,1.9540963465737653,18.406653940517682,20.079186119249425,T1791L,G5
W0035F0001T0006Z000C1N10.png,56,78.28823254613596,50.22025353178588,18.406653940517682,20.079186119249425,T1791L,G5
W0035F0001T0006Z000C1N10.png,57,85.72654337436327,57.100548837340575,18.406653940517682,20.079186119249425,T1791L,G5
W0035F0001T0006Z000C1N10.png,58,41.91219261976249,24.245674962860214,18.406653940517682,20.079186119249425,T1791L,G5
W0035F0001T0006Z000C1N10.png,59,63.45215611596617,40.68599150697177,18.406653940517682,20.079186119249425,T1791L,G5
W0035F0001T0006Z000C1N10.png,60,48.32115045448476,40.71070402277888,18.406653940517682,20.079186119249425,T1791L,G5
W0035F0001T0006Z000C1N10.png,61,49.67858942759162,27.906203748362795,18.406653940517682,20.079186119249425,T1791L,G5
W0035F0001T0006Z000C1N10.png,62,60.2534476050212,47.548671558289904,18.406653940517682,20.079186119249425,T1791L,G5
W0035F0001T0006Z000C1N10.png,63,82.60438005915215,29.685901426169035,18.406653940517682,20.079186119249425,T1791L,G5
W0035F0001T0006Z000C1N10.png,64,57.82836127412617,29.851807320348964,18.406653940517682,20.079186119249425,T1791L,G5
W0035F0001T0006Z000C1N10.png,65,66.19022565982506,35.10226442530955,18.406653940517682,20.079186119249425,T1791L,G5
W0035F0001T0006Z000C1N10.png,66,64.56911250933554,15.41439871134796,18.406653940517682,20.079186119249425,T1791L,G5
W0035F0001T0006Z000C1N10.png,67,81.78804241592202,62.84707435995686,18.406653940517682,20.079186119249425,T1791L,G5
W0035F0001T0006Z000C1N10.png,68,99.44758801853776,73.99789034299891,18.406653940517682,20.079186119249425,T1791L,G5
W0035F0001T0006Z000C1N10.png,69,91.55500671242794,70.05017214895109,18.406653940517682,20.079186119249425,T1791L,G5
W0035F0001T0006Z000C1N10.png,70,72.21459815517838,34.77513942684451,18.406653940517682,20.079186119249425,T1791L,G5
W0035F0001T0006Z000C1N10.png,71,70.57076652178183,17.84162928689748,18.406653940517682,20.079186119249425,T1791L,G5
W0035F0001T0006Z000C1N10.png,72,67.34550158635469,4.396847866858681,18.406653940517682,20.079186119249425,T1791L,G5
W0035F0001T0006Z000C1N11.png,1,81.00071657847411,77.21547223111749,27.399133766114055,26.701733142765995,T1791L,G5
W0035F0001T0006Z000C1N11.png,2,44.61322075305745,33.6364100614388,27.399133766114055,26.701733142765995,T1791L,G5
W0035F0001T0006Z000C1N11.png,3,39.03719259021603,31.713858190235133,27.399133766114055,26.701733142765995,T1791L,G5
W0035F0001T0006Z000C1N11.png,4,3.708754790435256,2.3921603702954575,27.399133766114055,26.701733142765995,T1791L,G5
W0035F0001T0006Z000C1N13.png,1,34.72246952630626,34.4587968122431,21.841750942524822,21.70688059235225,T1791L,G5
W0035F0001T0006Z000C1N13.png,2,0.37876982781523566,1.7407810160681696,21.841750942524822,21.70688059235225,T1791L,G5
W0035F0001T0006Z000C1N13.png,3,32.139032313801934,30.47339583987717,21.841750942524822,21.70688059235225,T1791L,G5
W0035F0001T0006Z000C1N13.png,4,38.28084873018032,36.814959174333964,21.841750942524822,21.70688059235225,T1791L,G5
W0035F0001T0006Z000C1N13.png,5,47.672855634755656,47.889753655262744,21.841750942524822,21.70688059235225,T1791L,G5
W0035F0001T0006Z000C1N13.png,6,32.66840780036779,33.1227940522071,21.841750942524822,21.70688059235225,T1791L,G5
W0035F0001T0006Z000C1N13.png,7,24.558333223339787,24.903501547456866,21.841750942524822,21.70688059235225,T1791L,G5
W0035F0001T0006Z000C1N13.png,8,30.053884874533548,29.62504536964954,21.841750942524822,21.70688059235225,T1791L,G5
W0035F0001T0006Z000C1N13.png,9,2.9109661896652117,2.4225666592919497,21.841750942524822,21.70688059235225,T1791L,G5
W0035F0001T0006Z000C1N13.png,10,90.86236992067539,90.8417746102735,21.841750942524822,21.70688059235225,T1791L,G5
W0035F0001T0006Z000C1N13.png,11,41.161182848641744,40.65808500374549,21.841750942524822,21.70688059235225,T1791L,G5
W0035F0001T0006Z000C1N13.png,12,39.620332807055505,39.137681517090684,21.841750942524822,21.70688059235225,T1791L,G5
W0035F0001T0006Z000C1N16.png,1,99.05401224499425,99.25124929827665,21.161612195987974,21.209139241277533,T1791L,G5
W0035F0001T0006Z000C1N16.png,2,97.44278800170707,97.73858442188694,21.161612195987974,21.209139241277533,T1791L,G5
W0035F0001T0006Z000C1N16.png,3,88.97847207397936,89.27947134667474,21.161612195987974,21.209139241277533,T1791L,G5
W0035F0001T0006Z000C1N16.png,4,90.45051231229702,90.73928455760176,21.161612195987974,21.209139241277533,T1791L,G5
W0035F0001T0006Z000C1N16.png,5,80.99590213321719,81.2125633606392,21.161612195987974,21.209139241277533,T1791L,G5
W0035F0001T0006Z000C1N16.png,6,72.82652749477153,73.03953349791932,21.161612195987974,21.209139241277533,T1791L,G5
W0035F0001T0006Z000C1N16.png,7,73.3143208772017,73.61646338361234,21.161612195987974,21.209139241277533,T1791L,G5
W0035F0001T0006Z000C1N16.png,8,65.68221089884568,65.91673964651082,21.161612195987974,21.209139241277533,T1791L,G5
W0035F0001T0006Z000C1N16.png,9,81.12685421056051,81.41189290606617,21.161612195987974,21.209139241277533,T1791L,G5
W0035F0001T0006Z000C1N16.png,10,72.58648501246518,72.8783775309364,21.161612195987974,21.209139241277533,T1791L,G5
W0035F0001T0006Z000C1N16.png,11,53.08645390528389,53.39972101891545,21.161612195987974,21.209139241277533,T1791L,G5
W0035F0001T0006Z000C1N16.png,12,73.12611107192524,73.40376660277782,21.161612195987974,21.209139241277533,T1791L,G5
W0035F0001T0006Z000C1N16.png,13,47.817205533952745,48.12964057993192,21.161612195987974,21.209139241277533,T1791L,G5
W0035F0001T0006Z000C1N16.png,14,77.58671035532316,77.84711439832147,21.161612195987974,21.209139241277533,T1791L,G5
W0035F0001T0006Z000C1N16.png,15,83.92260725365524,84.17129868190918,21.161612195987974,21.209139241277533,T1791L,G5
W0035F0001T0006Z000C1N16.png,16,63.678669928478655,63.84321655995843,21.161612195987974,21.209139241277533,T1791L,G5
W0035F0001T0006Z000C1N16.png,17,49.11466273399298,49.38127341074506,21.161612195987974,21.209139241277533,T1791L,G5
W0035F0001T0006Z000C1N16.png,18,50.80080260941979,51.109303561203674,21.161612195987974,21.209139241277533,T1791L,G5
W0035F0001T0006Z000C1N16.png,19,63.51019828205581,63.631844516048226,21.161612195987974,21.209139241277533,T1791L,G5
W0035F0001T0006Z000C1N16.png,20,49.04257048712812,49.23787520191726,21.161612195987974,21.209139241277533,T1791L,G5
W0035F0001T0006Z000C1N16.png,21,61.02825973702506,61.127198319320776,21.161612195987974,21.209139241277533,T1791L,G5
W0035F0001T0006Z000C1N16.png,22,82.37174678670002,82.4955781304262,21.161612195987974,21.209139241277533,T1791L,G5
W0035F0001T0006Z000C1N16.png,23,63.95559402655003,64.02803494031859,21.161612195987974,21.209139241277533,T1791L,G5
W0035F0001T0006Z000C1N16.png,24,62.89018560572778,63.11664132121603,21.161612195987974,21.209139241277533,T1791L,G5
W0035F0001T0006Z000C1N16.png,25,71.79362738749505,71.99826787462034,21.161612195987974,21.209139241277533,T1791L,G5
W0035F0001T0006Z000C1N16.png,26,45.47930713671991,45.74965568730668,21.161612195987974,21.209139241277533,T1791L,G5
W0035F0001T0006Z000C1N16.png,27,63.55347627065127,63.72854769272669,21.161612195987974,21.209139241277533,T1791L,G5
W0035F0001T0006Z000C1N16.png,28,45.9868458392342,46.19065087753631,21.161612195987974,21.209139241277533,T1791L,G5
W0035F0001T0006Z000C1N16.png,29,78.54970009310036,78.69631644020981,21.161612195987974,21.209139241277533,T1791L,G5
W0035F0001T0006Z000C1N16.png,30,64.27227618816546,64.27144235063803,21.161612195987974,21.209139241277533,T1791L,G5
W0035F0001T0006Z000C1N16.png,31,12.036661932244805,12.117674978995709,21.161612195987974,21.209139241277533,T1791L,G5
W0035F0001T0006Z000C1N16.png,32,64.63066122901049,64.5488052298075,21.161612195987974,21.209139241277533,T1791L,G5
W0035F0001T0006Z000C1N16.png,33,9.825769563682906,10.094433499367465,21.161612195987974,21.209139241277533,T1791L,G5
W0035F0001T0006Z000C1N16.png,34,76.72218126867281,76.81060839311041,21.161612195987974,21.209139241277533,T1791L,G5
W0035F0001T0006Z000C1N16.png,35,43.98997070919194,44.09653261366795,21.161612195987974,21.209139241277533,T1791L,G5
W0035F0001T0006Z000C1N16.png,36,5.059361333118063,4.861094775550856,21.161612195987974,21.209139241277533,T1791L,G5
W0035F0001T0006Z000C1N16.png,37,16.400729243888666,16.23800171232713,21.161612195987974,21.209139241277533,T1791L,G5
W0035F0001T0006Z000C1N16.png,38,60.05848707268901,60.121713729304396,21.161612195987974,21.209139241277533,T1791L,G5
W0035F0001T0006Z000C1N16.png,39,58.75087916627931,58.58589952467216,21.161612195987974,21.209139241277533,T1791L,G5
W0035F0001T0006Z000C1N16.png,40,50.460400670784395,50.32028102731638,21.161612195987974,21.209139241277533,T1791L,G5
W0035F0001T0006Z000C1N16.png,41,68.33077014498957,68.14553566725719,21.161612195987974,21.209139241277533,T1791L,G5
W0035F0001T0006Z000C1N16.png,42,56.08369429472025,56.063980423394774,21.161612195987974,21.209139241277533,T1791L,G5
W0035F0001T0006Z000C1N16.png,43,75.61874926127327,75.59688997487436,21.161612195987974,21.209139241277533,T1791L,G5
W0035F0001T0006Z000C1N16.png,44,68.27952233836378,68.22119137007222,21.161612195987974,21.209139241277533,T1791L,G5
W0035F0001T0006Z000C1N16.png,45,4.328828224004461,4.017314706641438,21.161612195987974,21.209139241277533,T1791L,G5
W0035F0001T0006Z000C1N16.png,46,69.79163495078681,69.71041709196017,21.161612195987974,21.209139241277533,T1791L,G5
W0035F0001T0006Z000C1N16.png,47,65.27725834362805,65.15408888671817,21.161612195987974,21.209139241277533,T1791L,G5
W0035F0001T0006Z000C1N16.png,48,50.055425313624475,49.83260089817051,21.161612195987974,21.209139241277533,T1791L,G5
W0035F0001T0006Z000C1N16.png,49,57.631136332630675,57.47488984916657,21.161612195987974,21.209139241277533,T1791L,G5
W0035F0001T0006Z000C1N16.png,50,55.82187404971715,55.61458220881672,21.161612195987974,21.209139241277533,T1791L,G5
W0035F0001T0006Z000C1N16.png,51,94.96152045092342,94.83941677103128,21.161612195987974,21.209139241277533,T1791L,G5
W0035F0001T0006Z000C1N16.png,52,71.48259106610888,71.19998337326454,21.161612195987974,21.209139241277533,T1791L,G5
W0035F0001T0006Z000C1N16.png,53,62.37315735497128,62.05953773730194,21.161612195987974,21.209139241277533,T1791L,G5
W0035F0001T0006Z000C1N16.png,54,62.42896347013185,62.120869388709195,21.161612195987974,21.209139241277533,T1791L,G5
W0035F0001T0006Z000C1N16.png,55,62.26379290729082,61.97713507079315,21.161612195987974,21.209139241277533,T1791L,G5
W0035F0001T0006Z000C1N16.png,56,72.0795776922493,71.86567954620817,21.161612195987974,21.209139241277533,T1791L,G5
W0035F0001T0006Z000C1N16.png,57,92.72004931940047,92.5846121413906,21.161612195987974,21.209139241277533,T1791L,G5
W0035F0001T0006Z000C1N18.png,1,19.320501143521227,23.466619378793457,28.36464821466116,26.760717236078882,T1791L,G5
W0035F0001T0006Z000C1N18.png,2,16.109578015912735,19.90024001571375,28.36464821466116,26.760717236078882,T1791L,G5
W0035F0001T0006Z000C1N18.png,3,52.71325737514167,49.69631961525377,28.36464821466116,26.760717236078882,T1791L,G5
W0035F0001T0006Z000C1N18.png,4,4.608562322775194,1.9490444286852395,28.36464821466116,26.760717236078882,T1791L,G5
W0035F0001T0006Z000C1N18.png,5,40.28627345130847,36.31034833988455,28.36464821466116,26.760717236078882,T1791L,G5
W0035F0001T0006Z000C1N18.png,6,54.73434279346593,51.06420576933913,28.36464821466116,26.760717236078882,T1791L,G5
W0035F0001T0006Z000C1N18.png,7,75.91725666529676,72.55857049437512,28.36464821466116,26.760717236078882,T1791L,G5
W0035F0001T0006Z000C1N18.png,8,49.27367543393272,45.341534175736804,28.36464821466116,26.760717236078882,T1791L,G5
W0035F0001T0006Z000C1N18.png,9,44.410744141080876,40.34393871246508,28.36464821466116,26.760717236078882,T1791L,G5
W0035F0001T0006Z000C1N18.png,10,83.70779832459857,79.72896766928814,28.36464821466116,26.760717236078882,T1791L,G5
W0035F0001T0006Z000C1N18.png,11,102.34519075852604,98.48264551497016,28.36464821466116,26.760717236078882,T1791L,G5
W0035F0001T0006Z000C1N19.png,1,14.970084635642083,0.5177015753902363,30.08720847393933,30.52269627801898,T1791L,G5
W0035F0001T0006Z000C1N19.png,2,98.09096804575763,97.69333804134949,30.08720847393933,30.52269627801898,T1791L,G5
W0035F0001T0006Z000C1N19.png,3,31.92723078313865,29.324752493433223,30.08720847393933,30.52269627801898,T1791L,G5
W0035F0001T0006Z000C1N19.png,4,76.69123189308573,76.29791677742811,30.08720847393933,30.52269627801898,T1791L,G5
W0035F0001T0006Z000C1N19.png,5,6.975624935775813,24.203046161951967,30.08720847393933,30.52269627801898,T1791L,G5
W0035F0001T0006Z000C1N19.png,6,34.77725404322257,34.37881797255447,30.08720847393933,30.52269627801898,T1791L,G5
W0035F0001T0006Z000C1N19.png,7,12.907276094587782,7.729034613018301,30.08720847393933,30.52269627801898,T1791L,G5
W0035F0001T0006Z000C1N19.png,8,19.05501151458767,19.190005565131795,30.08720847393933,30.52269627801898,T1791L,G5
W0035F0001T0006Z000C1N19.png,9,22.955681035885068,42.80496024926101,30.08720847393933,30.52269627801898,T1791L,G5
W0035F0001T0006Z000C1N19.png,10,47.79640144892916,47.48133237278564,30.08720847393933,30.52269627801898,T1791L,G5
W0035F0001T0006Z000C1N19.png,11,2.236731570698499,2.2789977094985923,30.08720847393933,30.52269627801898,T1791L,G5
W0035F0001T0006Z000C1N19.png,12,27.988297320234373,27.757611208573596,30.08720847393933,30.52269627801898,T1791L,G5
W0035F0001T0006Z000C1N19.png,13,69.83686098971795,69.58749292127077,30.08720847393933,30.52269627801898,T1791L,G5
W0035F0001T0006Z000C1N19.png,14,38.99120549898989,39.36316345231546,30.08720847393933,30.52269627801898,T1791L,G5
W0035F0001T0006Z000C1N19.png,15,17.64935560680146,18.046643189330492,30.08720847393933,30.52269627801898,T1791L,G5
W0035F0001T0006Z000C1N19.png,16,57.71731782700812,57.58362141697998,30.08720847393933,30.52269627801898,T1791L,G5
W0035F0001T0006Z000C1N19.png,17,54.89885118243326,72.32148632408668,30.08720847393933,30.52269627801898,T1791L,G5
W0035F0001T0006Z000C1N19.png,18,33.53747903698161,33.89266042282831,30.08720847393933,30.52269627801898,T1791L,G5
W0035F0001T0006Z000C1N19.png,19,4.842869654155121,4.44441037748173,30.08720847393933,30.52269627801898,T1791L,G5
W0035F0001T0006Z000C1N19.png,20,64.94907254613928,75.71929118545997,30.08720847393933,30.52269627801898,T1791L,G5
W0035F0001T0006Z000C1N19.png,21,60.91076329717388,60.84301422553528,30.08720847393933,30.52269627801898,T1791L,G5
W0035F0001T0006Z000C1N19.png,22,47.08029220960337,47.470129365633454,30.08720847393933,30.52269627801898,T1791L,G5
W0035F0001T0006Z000C1N19.png,23,63.351972655494464,63.439017157180196,30.08720847393933,30.52269627801898,T1791L,G5
W0035F0001T0006Z000C1N19.png,24,84.17751713269195,84.17333692830947,30.08720847393933,30.52269627801898,T1791L,G5
W0035F0001T0006Z000C1N19.png,25,74.02421535606932,74.19509662934024,30.08720847393933,30.52269627801898,T1791L,G5
W0035F0001T0006Z000C1N19.png,26,93.04565371073625,93.44147369665659,30.08720847393933,30.52269627801898,T1791L,G5
W0035F0001T0006Z000C1N19.png,27,77.74080990938168,77.8775744443664,30.08720847393933,30.52269627801898,T1791L,G5
W0035F0001T0006Z000C1N19.png,28,104.40327934409997,104.38595047353279,30.08720847393933,30.52269627801898,T1791L,G5
W0035F0001T0006Z000C1N19.png,29,94.13796047179063,94.52848778508233,30.08720847393933,30.52269627801898,T1791L,G5
W0035F0001T0006Z000C1N21.png,1,12.692617270251526,0.11198674602241426,0.0,0.0,T1791L,G5
W0035F0001T0006Z000C1N23.png,1,31.612358919498416,8.589178978010107,15.660564724266216,16.627271776873634,T1791L,G5
W0035F0001T0006Z000C1N23.png,2,35.79203690688535,9.766989678805752,15.660564724266216,16.627271776873634,T1791L,G5
W0035F0001T0006Z000C1N23.png,3,39.92110768083377,17.794757955369356,15.660564724266216,16.627271776873634,T1791L,G5
W0035F0001T0006Z000C1N23.png,4,24.631816510423253,0.14569012331984482,15.660564724266216,16.627271776873634,T1791L,G5
W0035F0001T0006Z000C1N23.png,5,19.96026239351568,7.869321432157997,15.660564724266216,16.627271776873634,T1791L,G5
W0035F0001T0006Z000C1N23.png,6,26.773090544411072,14.011815730543972,15.660564724266216,16.627271776873634,T1791L,G5
W0035F0001T0006Z000C1N23.png,7,61.55432051093009,50.10502764614674,15.660564724266216,16.627271776873634,T1791L,G5
W0035F0001T0006Z000C1N23.png,8,42.31631192778195,43.61821906228611,15.660564724266216,16.627271776873634,T1791L,G5
W0035F0001T0006Z000C1N23.png,9,50.62804892635975,44.950638987341854,15.660564724266216,16.627271776873634,T1791L,G5
W0035F0001T0006Z000C1N23.png,10,54.804284336964876,39.42051075655419,15.660564724266216,16.627271776873634,T1791L,G5
W0035F0001T0006Z000C1N23.png,11,75.91510166401235,33.33789257750603,15.660564724266216,16.627271776873634,T1791L,G5
W0035F0001T0006Z000C1N23.png,12,26.620046766943634,23.751754479010284,15.660564724266216,16.627271776873634,T1791L,G5
W0035F0001T0006Z000C1N23.png,13,46.15881717283101,44.1557498550457,15.660564724266216,16.627271776873634,T1791L,G5
W0035F0001T0006Z000C1N26.png,1,92.06192365744076,54.819829756830686,32.81264141994086,24.61183413091113,T1791L,G5
W0035F0001T0006Z000C1N26.png,2,86.29743694115635,38.19256124550555,32.81264141994086,24.61183413091113,T1791L,G5
W0035F0001T0006Z000C1N26.png,3,86.60186393422238,65.92805542673372,32.81264141994086,24.61183413091113,T1791L,G5
W0035F0001T0006Z000C1N26.png,4,70.53603784901645,69.0128875352189,32.81264141994086,24.61183413091113,T1791L,G5
W0035F0001T0006Z000C1N26.png,5,50.49157655597629,47.83073837380857,32.81264141994086,24.61183413091113,T1791L,G5
W0035F0001T0006Z000C1N26.png,6,11.64925629107471,10.840985145812201,32.81264141994086,24.61183413091113,T1791L,G5
W0035F0001T0006Z000C1N26.png,7,3.6411965668364212,0.8347654465282972,32.81264141994086,24.61183413091113,T1791L,G5
W0035F0001T0006Z000C1N26.png,8,11.700833815190398,1.9735441609996165,32.81264141994086,24.61183413091113,T1791L,G5
W0035F0001T0006Z000C1N26.png,9,25.564111817171007,22.760762894357825,32.81264141994086,24.61183413091113,T1791L,G5
W0035F0001T0006Z000C1N26.png,10,32.09241049865418,13.98492178934224,32.81264141994086,24.61183413091113,T1791L,G5
W0035F0001T0006Z000C1N28.png,1,3.6261656634617263,3.4556730684578922,44.3146719399335,44.444772804234006,T1791L,G5
W0035F0001T0006Z000C1N28.png,2,96.442111760777,96.55838119500743,44.3146719399335,44.444772804234006,T1791L,G5
W0035F0001T0006Z000C1N28.png,3,98.77791558356091,98.87352422244707,44.3146719399335,44.444772804234006,T1791L,G5
W0035F0001T0006Z000C1N29.png,1,22.44554881532318,24.097760337578713,8.802559345279814,10.09122933608468,T1791L,G5
W0035F0001T0006Z000C1N29.png,2,2.9188976340555,2.3674999718419776,8.802559345279814,10.09122933608468,T1791L,G5
W0035F0001T0006Z000C1N29.png,3,4.762933492895101,3.0299378071718515,8.802559345279814,10.09122933608468,T1791L,G5
W0035F0002T0006Z000C1N15.png,1,20.89618824231652,0.5686547572430618,6.180602810130855,3.778221417608302,T1791L,G5
W0035F0002T0006Z000C1N15.png,2,7.93216879123471,0.5958709398630788,6.180602810130855,3.778221417608302,T1791L,G5
W0035F0002T0006Z000C1N15.png,3,18.818689521526935,0.6415111187131672,6.180602810130855,3.778221417608302,T1791L,G5
W0035F0002T0006Z000C1N15.png,4,17.40208507615306,0.12897786114004844,6.180602810130855,3.778221417608302,T1791L,G5
W0035F0002T0006Z000C1N15.png,5,31.52131853310854,1.1114637490847685,6.180602810130855,3.778221417608302,T1791L,G5
W0035F0002T0006Z000C1N15.png,6,16.003971020971214,1.2571371091453813,6.180602810130855,3.778221417608302,T1791L,G5
W0035F0002T0006Z000C1N15.png,7,17.95307756718983,3.6257449011826033,6.180602810130855,3.778221417608302,T1791L,G5
W0035F0002T0006Z000C1N15.png,8,15.111194280618253,12.145142766562982,6.180602810130855,3.778221417608302,T1791L,G5
W0035F0002T0006Z000C1N19.png,1,89.7394376662212,25.089174341836927,24.301629052187728,23.041086535825382,T1791L,G5
W0035F0002T0006Z000C1N19.png,2,86.42785929079835,19.79092431674586,24.301629052187728,23.041086535825382,T1791L,G5
W0035F0002T0006Z000C1N19.png,3,110.0129763972479,42.879776278278484,24.301629052187728,23.041086535825382,T1791L,G5
W0035F0002T0006Z000C1N19.png,4,82.52209729847151,32.483393977083914,24.301629052187728,23.041086535825382,T1791L,G5
W0035F0002T0006Z000C1N19.png,5,90.42862306361376,49.95469545056394,24.301629052187728,23.041086535825382,T1791L,G5
W0035F0002T0006Z000C1N19.png,6,83.94829390171435,41.517609422560355,24.301629052187728,23.041086535825382,T1791L,G5
W0035F0002T0006Z000C1N19.png,7,109.36168497101411,43.97060426450943,24.301629052187728,23.041086535825382,T1791L,G5
W0035F0002T0006Z000C1N19.png,8,95.17909390456599,65.83752438413825,24.301629052187728,23.041086535825382,T1791L,G5
W0035F0002T0006Z000C1N19.png,9,85.02487707304529,50.19728121916705,24.301629052187728,23.041086535825382,T1791L,G5
W0035F0002T0006Z000C1N19.png,10,89.39638383843005,66.21583865654553,24.301629052187728,23.041086535825382,T1791L,G5
W0035F0002T0006Z000C1N19.png,11,67.77084502021812,1.2971396133874098,24.301629052187728,23.041086535825382,T1791L,G5
W0035F0002T0006Z000C1N19.png,12,77.46196001678119,51.68147113136234,24.301629052187728,23.041086535825382,T1791L,G5
W0035F0002T0006Z000C1N19.png,13,94.24411192423894,32.5308513104445,24.301629052187728,23.041086535825382,T1791L,G5
W0035F0002T0006Z000C1N19.png,14,57.50776888797051,15.12094934504742,24.301629052187728,23.041086535825382,T1791L,G5
W0035F0002T0006Z000C1N19.png,15,61.8098640429372,26.764829012314888,24.301629052187728,23.041086535825382,T1791L,G5
W0035F0002T0006Z000C1N19.png,16,65.13038124387396,36.58500364269445,24.301629052187728,23.041086535825382,T1791L,G5
W0035F0002T0006Z000C1N19.png,17,68.69494294631497,1.2548079153906093,24.301629052187728,23.041086535825382,T1791L,G5
W0035F0002T0006Z000C1N19.png,18,74.74180360584442,55.46384364715146,24.301629052187728,23.041086535825382,T1791L,G5
W0035F0002T0006Z000C1N19.png,19,86.88232951232865,29.74060257650024,24.301629052187728,23.041086535825382,T1791L,G5
W0035F0002T0006Z000C1N19.png,20,81.37294384162077,25.035389153339953,24.301629052187728,23.041086535825382,T1791L,G5
W0035F0002T0006Z000C1N19.png,21,55.45885323947652,27.689193141880157,24.301629052187728,23.041086535825382,T1791L,G5
W0035F0002T0006Z000C1N19.png,22,84.41193483450684,33.97488256278932,24.301629052187728,23.041086535825382,T1791L,G5
W0035F0002T0006Z000C1N19.png,23,70.88419803508701,64.11211179857786,24.301629052187728,23.041086535825382,T1791L,G5
W0035F0002T0006Z000C1N19.png,24,75.28602423185174,72.32501709414365,24.301629052187728,23.041086535825382,T1791L,G5
W0035F0002T0006Z000C1N19.png,25,82.80985925234909,40.098949352694774,24.301629052187728,23.041086535825382,T1791L,G5
W0035F0002T0006Z000C1N19.png,26,75.34685731474401,57.708100838023995,24.301629052187728,23.041086535825382,T1791L,G5
W0035F0002T0006Z000C1N19.png,27,71.43499490282025,65.88954862878998,24.301629052187728,23.041086535825382,T1791L,G5
W0035F0002T0006Z000C1N19.png,28,77.74091721103026,75.9237521645992,24.301629052187728,23.041086535825382,T1791L,G5
W0035F0002T0006Z000C1N19.png,29,77.03341013007454,76.49085728885056,24.301629052187728,23.041086535825382,T1791L,G5
W0035F0002T0006Z000C1N19.png,30,5.762298771387204,0.5666855490042843,24.301629052187728,23.041086535825382,T1791L,G5
W0035F0002T0006Z000C1N19.png,31,85.86575361442864,85.33076053772747,24.301629052187728,23.041086535825382,T1791L,G5
W0035F0002T0006Z000C1N19.png,32,49.66029210226555,49.130560238871524,24.301629052187728,23.041086535825382,T1791L,G5
W0035F0002T0006Z000C1N19.png,33,16.420806245086045,15.928480159411443,24.301629052187728,23.041086535825382,T1791L,G5
W0035F0002T0006Z000C1N19.png,34,0.37422240344281293,0.8636370004152295,24.301629052187728,23.041086535825382,T1791L,G5
W0035F0002T0006Z000C1N21.png,1,84.27542676315277,84.29591976835628,20.296435879132805,21.001615679671385,T1791L,G5
W0035F0002T0006Z000C1N21.png,2,49.2703022119982,50.463551827919446,20.296435879132805,21.001615679671385,T1791L,G5
W0035F0002T0006Z000C1N21.png,3,44.12056357708957,35.76119321764924,20.296435879132805,21.001615679671385,T1791L,G5
W0035F0002T0006Z000C1N21.png,4,54.16171973083087,37.943559376568835,20.296435879132805,21.001615679671385,T1791L,G5
W0035F0002T0006Z000C1N21.png,5,34.47089078533039,23.23074177709428,20.296435879132805,21.001615679671385,T1791L,G5
W0035F0002T0006Z000C1N21.png,6,53.139175661169176,32.81885451554596,20.296435879132805,21.001615679671385,T1791L,G5
W0035F0002T0006Z000C1N21.png,7,51.57735100462343,37.90262767278394,20.296435879132805,21.001615679671385,T1791L,G5
W0035F0002T0006Z000C1N21.png,8,2.0214037066566357,0.3419712453640363,20.296435879132805,21.001615679671385,T1791L,G5
W0035F0002T0006Z000C1N21.png,9,42.424529920472196,39.68919865210825,20.296435879132805,21.001615679671385,T1791L,G5
W0035F0002T0006Z000C1N22.png,1,1.0356905967898267,1.3563353299158216,0.0,0.0,T1791L,G5
W0035F0002T0006Z000C1N23.png,1,0.6914151270824611,1.903157588368395,0.0,0.0,T1791L,G5
W0035F0002T0006Z000C1N24.png,1,79.8433691057527,78.42570463344607,26.85600447110587,26.897493595711417,T1791L,G5
W0035F0002T0006Z000C1N24.png,2,108.59516010934638,108.7397644392327,26.85600447110587,26.897493595711417,T1791L,G5
W0035F0002T0006Z000C1N24.png,3,84.87747541630628,84.59972112853595,26.85600447110587,26.897493595711417,T1791L,G5
W0035F0002T0006Z000C1N24.png,4,70.87887184625723,69.48711844738828,26.85600447110587,26.897493595711417,T1791L,G5
W0035F0002T0006Z000C1N24.png,5,82.36946610095603,80.78100724352582,26.85600447110587,26.897493595711417,T1791L,G5
W0035F0002T0006Z000C1N24.png,6,79.10574725986646,78.91916655443947,26.85600447110587,26.897493595711417,T1791L,G5
W0035F0002T0006Z000C1N24.png,7,84.75232751519593,83.14190311579632,26.85600447110587,26.897493595711417,T1791L,G5
W0035F0002T0006Z000C1N24.png,8,93.24002973526483,93.55070995949401,26.85600447110587,26.897493595711417,T1791L,G5
W0035F0002T0006Z000C1N24.png,9,86.94536931003705,87.33655788682289,26.85600447110587,26.897493595711417,T1791L,G5
W0035F0002T0006Z000C1N24.png,10,85.47110935569076,86.02218172896208,26.85600447110587,26.897493595711417,T1791L,G5
W0035F0002T0006Z000C1N24.png,11,72.20562275194386,70.65274926596054,26.85600447110587,26.897493595711417,T1791L,G5
W0035F0002T0006Z000C1N24.png,12,78.769901308144,79.47942490261828,26.85600447110587,26.897493595711417,T1791L,G5
W0035F0002T0006Z000C1N24.png,13,19.917041791174807,21.479311056098883,26.85600447110587,26.897493595711417,T1791L,G5
W0035F0002T0006Z000C1N24.png,14,3.9412223087105973,2.445764473770136,26.85600447110587,26.897493595711417,T1791L,G5
W0035F0002T0006Z000C1N26.png,1,37.952339023721755,38.28738413364783,20.93508815218998,20.94995292405717,T1791L,G5
W0035F0002T0006Z000C1N26.png,2,27.969919759214317,27.843426350296443,20.93508815218998,20.94995292405717,T1791L,G5
W0035F0002T0006Z000C1N26.png,3,52.198192983098885,52.579370201250185,20.93508815218998,20.94995292405717,T1791L,G5
W0035F0002T0006Z000C1N26.png,4,20.66226698565291,20.337744215780827,20.93508815218998,20.94995292405717,T1791L,G5
W0035F0002T0006Z000C1N26.png,5,11.22241598182621,11.604049278801757,20.93508815218998,20.94995292405717,T1791L,G5
W0035F0002T0006Z000C1N26.png,6,53.28020623897784,52.901481658748224,20.93508815218998,20.94995292405717,T1791L,G5
W0035F0002T0006Z000C1N26.png,7,49.99741870402634,49.62850534945859,20.93508815218998,20.94995292405717,T1791L,G5
W0035F0002T0006Z000C1N26.png,8,70.34543427238239,70.49284468755141,20.93508815218998,20.94995292405717,T1791L,G5
W0035F0002T0006Z000C1N26.png,9,69.87939304307001,69.94540457086863,20.93508815218998,20.94995292405717,T1791L,G5
W0035F0002T0006Z000C1N26.png,10,78.36449935887957,78.44124431806605,20.93508815218998,20.94995292405717,T1791L,G5
W0035F0002T0006Z000C1N26.png,11,41.051014593138355,40.67298922207997,20.93508815218998,20.94995292405717,T1791L,G5
W0035F0002T0006Z000C1N26.png,12,73.86742009817738,73.88804700086376,20.93508815218998,20.94995292405717,T1791L,G5
W0035F0002T0006Z000C1N27.png,1,84.0868274909208,85.26512914875903,18.864928762897467,20.34766024668206,T1791L,G5
W0035F0002T0006Z000C1N27.png,2,95.52043399653854,96.0770200087145,18.864928762897467,20.34766024668206,T1791L,G5
W0035F0002T0006Z000C1N27.png,3,82.66917535953922,83.48093835457972,18.864928762897467,20.34766024668206,T1791L,G5
W0035F0002T0006Z000C1N27.png,4,80.71588869506438,81.88782353321507,18.864928762897467,20.34766024668206,T1791L,G5
W0035F0002T0006Z000C1N27.png,5,77.82460472920862,78.7861438638427,18.864928762897467,20.34766024668206,T1791L,G5
W0035F0002T0006Z000C1N27.png,6,95.30156263156935,96.47600625280306,18.864928762897467,20.34766024668206,T1791L,G5
W0035F0002T0006Z000C1N27.png,7,87.32061734188802,87.8931771190141,18.864928762897467,20.34766024668206,T1791L,G5
W0035F0002T0006Z000C1N27.png,8,86.5654669962275,87.75070919837607,18.864928762897467,20.34766024668206,T1791L,G5
W0035F0002T0006Z000C1N27.png,9,89.56276406588773,90.066413407233,18.864928762897467,20.34766024668206,T1791L,G5
W0035F0002T0006Z000C1N27.png,10,75.72398339000854,76.81743104372103,18.864928762897467,20.34766024668206,T1791L,G5
W0035F0002T0006Z000C1N27.png,11,67.87466824264519,68.92943071783871,18.864928762897467,20.34766024668206,T1791L,G5
W0035F0002T0006Z000C1N27.png,12,69.06873347003858,69.9299997493736,18.864928762897467,20.34766024668206,T1791L,G5
W0035F0002T0006Z000C1N27.png,13,82.09692620601139,82.811564066034,18.864928762897467,20.34766024668206,T1791L,G5
W0035F0002T0006Z000C1N27.png,14,87.08160184830453,87.49951417069289,18.864928762897467,20.34766024668206,T1791L,G5
W0035F0002T0006Z000C1N27.png,15,77.03703487519194,78.22098058334045,18.864928762897467,20.34766024668206,T1791L,G5
W0035F0002T0006Z000C1N27.png,16,99.51692658457611,99.91625007436707,18.864928762897467,20.34766024668206,T1791L,G5
W0035F0002T0006Z000C1N27.png,17,62.714796841942764,63.81749599447282,18.864928762897467,20.34766024668206,T1791L,G5
W0035F0002T0006Z000C1N27.png,18,70.27345876481677,71.4245132280767,18.864928762897467,20.34766024668206,T1791L,G5
W0035F0002T0006Z000C1N27.png,19,89.51737947822848,90.65970062626465,18.864928762897467,20.34766024668206,T1791L,G5
W0035F0002T0006Z000C1N27.png,20,74.66620041139795,75.31498937440261,18.864928762897467,20.34766024668206,T1791L,G5
W0035F0002T0006Z000C1N27.png,21,89.03767393518466,89.33768669854,18.864928762897467,20.34766024668206,T1791L,G5
W0035F0002T0006Z000C1N27.png,22,57.72738808547106,58.70832116452076,18.864928762897467,20.34766024668206,T1791L,G5
W0035F0002T0006Z000C1N27.png,23,57.198153961703824,58.273178417395144,18.864928762897467,20.34766024668206,T1791L,G5
W0035F0002T0006Z000C1N27.png,24,75.83615293871193,76.27686201312494,18.864928762897467,20.34766024668206,T1791L,G5
W0035F0002T0006Z000C1N27.png,25,82.2773441675254,82.57362126234997,18.864928762897467,20.34766024668206,T1791L,G5
W0035F0002T0006Z000C1N27.png,26,62.26883528479225,62.92189393082792,18.864928762897467,20.34766024668206,T1791L,G5
W0035F0002T0006Z000C1N27.png,27,56.13575432372328,57.28214619118998,18.864928762897467,20.34766024668206,T1791L,G5
W0035F0002T0006Z000C1N27.png,28,56.23023912833234,57.00181462206532,18.864928762897467,20.34766024668206,T1791L,G5
W0035F0002T0006Z000C1N27.png,29,84.76622335017217,85.83504550750243,18.864928762897467,20.34766024668206,T1791L,G5
W0035F0002T0006Z000C1N27.png,30,88.54411296949561,88.6495042890448,18.864928762897467,20.34766024668206,T1791L,G5
W0035F0002T0006Z000C1N27.png,31,68.19766048438042,69.32089818342217,18.864928762897467,20.34766024668206,T1791L,G5
W0035F0002T0006Z000C1N27.png,32,82.73082933939325,82.84593590231097,18.864928762897467,20.34766024668206,T1791L,G5
W0035F0002T0006Z000C1N27.png,33,63.125910524970486,63.413471370502464,18.864928762897467,20.34766024668206,T1791L,G5
W0035F0002T0006Z000C1N27.png,34,63.45997686314343,64.57710433810242,18.864928762897467,20.34766024668206,T1791L,G5
W0035F0002T0006Z000C1N27.png,35,77.15117154478207,78.23380996416576,18.864928762897467,20.34766024668206,T1791L,G5
W0035F0002T0006Z000C1N27.png,36,77.71428919497512,78.74273860988389,18.864928762897467,20.34766024668206,T1791L,G5
W0035F0002T0006Z000C1N27.png,37,75.61268681791809,75.67742901029071,18.864928762897467,20.34766024668206,T1791L,G5
W0035F0002T0006Z000C1N27.png,38,42.594101870988354,43.62865848900031,18.864928762897467,20.34766024668206,T1791L,G5
W0035F0002T0006Z000C1N27.png,39,75.1498519905103,75.10031289957574,18.864928762897467,20.34766024668206,T1791L,G5
W0035F0002T0006Z000C1N27.png,40,61.97609383242673,62.98931244557284,18.864928762897467,20.34766024668206,T1791L,G5
W0035F0002T0006Z000C1N27.png,41,54.27606414468133,54.34163570509733,18.864928762897467,20.34766024668206,T1791L,G5
W0035F0002T0006Z000C1N27.png,42,69.8942994828332,69.05079843259912,18.864928762897467,20.34766024668206,T1791L,G5
W0035F0002T0006Z000C1N27.png,43,78.28034348963011,78.01648925416045,18.864928762897467,20.34766024668206,T1791L,G5
W0035F0002T0006Z000C1N27.png,44,56.56598376554952,56.13596972963862,18.864928762897467,20.34766024668206,T1791L,G5
W0035F0002T0006Z000C1N27.png,45,75.23055057111085,74.85872856578875,18.864928762897467,20.34766024668206,T1791L,G5
W0035F0002T0006Z000C1N27.png,46,58.53158162029867,50.03183904732618,18.864928762897467,20.34766024668206,T1791L,G5
W0035F0002T0006Z000C1N27.png,47,67.81513811719715,56.556717414580355,18.864928762897467,20.34766024668206,T1791L,G5
W0035F0002T0006Z000C1N27.png,48,50.126888567562176,49.594427199257446,18.864928762897467,20.34766024668206,T1791L,G5
W0035F0002T0006Z000C1N27.png,49,64.61817308566964,64.04704892299377,18.864928762897467,20.34766024668206,T1791L,G5
W0035F0002T0006Z000C1N27.png,50,73.48178111878387,72.94547762098337,18.864928762897467,20.34766024668206,T1791L,G5
W0035F0002T0006Z000C1N27.png,51,63.747629924781265,49.91131442901812,18.864928762897467,20.34766024668206,T1791L,G5
W0035F0002T0006Z000C1N27.png,52,56.830608969206985,43.40480913655145,18.864928762897467,20.34766024668206,T1791L,G5
W0035F0002T0006Z000C1N27.png,53,77.68577073366612,76.98289378713,18.864928762897467,20.34766024668206,T1791L,G5
W0035F0002T0006Z000C1N27.png,54,78.67093628976141,77.89007218701278,18.864928762897467,20.34766024668206,T1791L,G5
W0035F0002T0006Z000C1N27.png,55,58.35616325447402,37.49810989764411,18.864928762897467,20.34766024668206,T1791L,G5
W0035F0002T0006Z000C1N27.png,56,67.24715839784608,46.069361655453335,18.864928762897467,20.34766024668206,T1791L,G5
W0035F0002T0006Z000C1N27.png,57,63.3034382014393,39.785838819657336,18.864928762897467,20.34766024668206,T1791L,G5
W0035F0002T0006Z000C1N27.png,58,58.87549547784161,57.88548914059013,18.864928762897467,20.34766024668206,T1791L,G5
W0035F0002T0006Z000C1N27.png,59,69.80267225006152,68.80662956120595,18.864928762897467,20.34766024668206,T1791L,G5
W0035F0002T0006Z000C1N27.png,60,60.55268806207231,44.6009949501569,18.864928762897467,20.34766024668206,T1791L,G5
W0035F0002T0006Z000C1N27.png,61,65.37087958336829,64.12645497234129,18.864928762897467,20.34766024668206,T1791L,G5
W0035F0002T0006Z000C1N27.png,62,80.24535332563936,79.24327546833099,18.864928762897467,20.34766024668206,T1791L,G5
W0035F0002T0006Z000C1N27.png,63,65.43498152764461,51.074605260788296,18.864928762897467,20.34766024668206,T1791L,G5
W0035F0002T0006Z000C1N27.png,64,4.827124727957649,3.677347352392131,18.864928762897467,20.34766024668206,T1791L,G5
W0035F0002T0006Z000C1N27.png,65,86.719935476908,85.73737170696768,18.864928762897467,20.34766024668206,T1791L,G5
W0035F0002T0006Z000C1N27.png,66,35.509201870018764,34.447020046026,18.864928762897467,20.34766024668206,T1791L,G5
W0035F0002T0006Z000C1N27.png,67,75.0154588738737,73.69503787883693,18.864928762897467,20.34766024668206,T1791L,G5
W0035F0002T0006Z000C1N27.png,68,78.85742865386877,77.52009389510965,18.864928762897467,20.34766024668206,T1791L,G5
W0035F0002T0006Z000C1N27.png,69,15.68310911712434,16.29925321313431,18.864928762897467,20.34766024668206,T1791L,G5
W0035F0002T0006Z000C1N27.png,70,87.64074211500422,86.29565593421651,18.864928762897467,20.34766024668206,T1791L,G5
W0035F0002T0006Z000C1N27.png,71,56.51391381142398,55.20899416008509,18.864928762897467,20.34766024668206,T1791L,G5
W0035F0002T0006Z000C1N27.png,72,37.473289944529206,29.131582015002714,18.864928762897467,20.34766024668206,T1791L,G5
W0035F0002T0006Z000C1N27.png,73,68.38005624632598,67.0258569876309,18.864928762897467,20.34766024668206,T1791L,G5
W0035F0002T0006Z000C1N27.png,74,29.020653195342394,30.352545115292134,18.864928762897467,20.34766024668206,T1791L,G5
W0035F0002T0006Z000C1N27.png,75,53.30787508248789,51.94904843933662,18.864928762897467,20.34766024668206,T1791L,G5
W0035F0002T0006Z000C1N27.png,76,63.1694084410117,61.79803688507858,18.864928762897467,20.34766024668206,T1791L,G5
W0035F0002T0006Z000C1N27.png,77,40.80418245283811,39.438611062289155,18.864928762897467,20.34766024668206,T1791L,G5
W0035F0002T0006Z000C1N27.png,78,78.96405523747379,77.58918973196222,18.864928762897467,20.34766024668206,T1791L,G5
W0035F0002T0006Z000C1N27.png,79,84.59028027161433,83.20982928877727,18.864928762897467,20.34766024668206,T1791L,G5
W0035F0002T0006Z000C1N27.png,80,4.091293663928931,2.7451457030058903,18.864928762897467,20.34766024668206,T1791L,G5
W0035F0002T0006Z000C1N27.png,81,28.319178397443675,29.689299463028348,18.864928762897467,20.34766024668206,T1791L,G5
W0035F0002T0006Z000C1N28.png,1,78.86677924895717,59.60083332544188,16.04275821313677,20.702248713907597,T1791L,G5
W0035F0002T0006Z000C1N28.png,2,86.80473967251145,85.57409473017456,16.04275821313677,20.702248713907597,T1791L,G5
W0035F0002T0006Z000C1N28.png,3,82.36845574239527,78.51637821961135,16.04275821313677,20.702248713907597,T1791L,G5
W0035F0002T0006Z000C1N28.png,4,70.73249784675517,57.93858773218502,16.04275821313677,20.702248713907597,T1791L,G5
W0035F0002T0006Z000C1N28.png,5,72.48118324617565,51.971611054070245,16.04275821313677,20.702248713907597,T1791L,G5
W0035F0002T0006Z000C1N28.png,6,96.56147586260245,95.47505739390921,16.04275821313677,20.702248713907597,T1791L,G5
W0035F0002T0006Z000C1N28.png,7,92.72386098861823,91.74983619801948,16.04275821313677,20.702248713907597,T1791L,G5
W0035F0002T0006Z000C1N28.png,8,96.04468296149001,73.55812456070973,16.04275821313677,20.702248713907597,T1791L,G5
W0035F0002T0006Z000C1N28.png,9,66.06871602904995,46.62223027221624,16.04275821313677,20.702248713907597,T1791L,G5
W0035F0002T0006Z000C1N28.png,10,69.96645897270035,65.50784617976011,16.04275821313677,20.702248713907597,T1791L,G5
W0035F0002T0006Z000C1N28.png,11,76.68565267042342,76.06376497133033,16.04275821313677,20.702248713907597,T1791L,G5
W0035F0002T0006Z000C1N28.png,12,71.97365410548056,70.42607724100182,16.04275821313677,20.702248713907597,T1791L,G5
W0035F0002T0006Z000C1N28.png,13,60.85141893824479,42.15243659755757,16.04275821313677,20.702248713907597,T1791L,G5
W0035F0002T0006Z000C1N28.png,14,66.22170955909074,45.151711414367135,16.04275821313677,20.702248713907597,T1791L,G5
W0035F0002T0006Z000C1N28.png,15,75.59329782781383,53.23447212307287,16.04275821313677,20.702248713907597,T1791L,G5
W0035F0002T0006Z000C1N28.png,16,78.49520692939309,77.6331351495994,16.04275821313677,20.702248713907597,T1791L,G5
W0035F0002T0006Z000C1N28.png,17,63.642939278274056,47.34417296654824,16.04275821313677,20.702248713907597,T1791L,G5
W0035F0002T0006Z000C1N28.png,18,63.27265437789361,56.395231843246854,16.04275821313677,20.702248713907597,T1791L,G5
W0035F0002T0006Z000C1N28.png,19,89.13371694782688,66.72676901535522,16.04275821313677,20.702248713907597,T1791L,G5
W0035F0002T0006Z000C1N28.png,20,86.56895298383134,64.27584581750406,16.04275821313677,20.702248713907597,T1791L,G5
W0035F0002T0006Z000C1N28.png,21,79.3111785961274,56.7996510161423,16.04275821313677,20.702248713907597,T1791L,G5
W0035F0002T0006Z000C1N28.png,22,62.46733296890067,60.926906238590306,16.04275821313677,20.702248713907597,T1791L,G5
W0035F0002T0006Z000C1N28.png,23,75.31055914105609,74.27648074752354,16.04275821313677,20.702248713907597,T1791L,G5
W0035F0002T0006Z000C1N28.png,24,68.791653000115,67.89176200189407,16.04275821313677,20.702248713907597,T1791L,G5
W0035F0002T0006Z000C1N28.png,25,71.44136416125038,48.93566372381849,16.04275821313677,20.702248713907597,T1791L,G5
W0035F0002T0006Z000C1N28.png,26,75.13583747739128,73.8754219648113,16.04275821313677,20.702248713907597,T1791L,G5
W0035F0002T0006Z000C1N28.png,27,61.91218566391202,61.057117440294554,16.04275821313677,20.702248713907597,T1791L,G5
W0035F0002T0006Z000C1N28.png,28,56.50866592688287,55.96474281995361,16.04275821313677,20.702248713907597,T1791L,G5
W0035F0002T0006Z000C1N28.png,29,64.54373171961731,42.32121097943006,16.04275821313677,20.702248713907597,T1791L,G5
W0035F0002T0006Z000C1N28.png,30,73.37099952484124,51.40121387710725,16.04275821313677,20.702248713907597,T1791L,G5
W0035F0002T0006Z000C1N28.png,31,81.94634253055631,80.55077686209009,16.04275821313677,20.702248713907597,T1791L,G5
W0035F0002T0006Z000C1N28.png,32,78.80153673423098,54.69093667695665,16.04275821313677,20.702248713907597,T1791L,G5
W0035F0002T0006Z000C1N28.png,33,56.45625528093983,34.12143121475264,16.04275821313677,20.702248713907597,T1791L,G5
W0035F0002T0006Z000C1N28.png,34,68.54993237390609,43.34491747081901,16.04275821313677,20.702248713907597,T1791L,G5
W0035F0002T0006Z000C1N28.png,35,80.68943814661439,51.64064700127105,16.04275821313677,20.702248713907597,T1791L,G5
W0035F0002T0006Z000C1N28.png,36,65.43091768727498,63.645186812060494,16.04275821313677,20.702248713907597,T1791L,G5
W0035F0002T0006Z000C1N28.png,37,62.538319960567165,36.59499459273536,16.04275821313677,20.702248713907597,T1791L,G5
W0035F0002T0006Z000C1N28.png,38,63.02061376038514,60.85616580964995,16.04275821313677,20.702248713907597,T1791L,G5
W0035F0002T0006Z000C1N28.png,39,16.25343511168288,11.35982785472073,16.04275821313677,20.702248713907597,T1791L,G5
W0035F0002T0006Z000C1N28.png,40,22.579600756237866,0.22148384891909953,16.04275821313677,20.702248713907597,T1791L,G5
W0035F0002T0006Z000C1N28.png,41,70.83863796497774,39.697052009262606,16.04275821313677,20.702248713907597,T1791L,G5
W0035F0002T0006Z000C1N28.png,42,45.50151097741055,21.1628721191851,16.04275821313677,20.702248713907597,T1791L,G5
W0035F0002T0006Z000C1N28.png,43,74.88988574216964,38.33792055437312,16.04275821313677,20.702248713907597,T1791L,G5
W0035F0002T0006Z000C1N28.png,44,37.631143314742076,35.121053726715196,16.04275821313677,20.702248713907597,T1791L,G5
W0035F0002T0006Z000C1N28.png,45,30.524028261500515,19.85972720295679,16.04275821313677,20.702248713907597,T1791L,G5
W0035F0002T0006Z000C1N28.png,46,66.64761244760761,64.05304000711484,16.04275821313677,20.702248713907597,T1791L,G5
W0035F0002T0006Z000C1N28.png,47,57.64665505761146,23.577086718958554,16.04275821313677,20.702248713907597,T1791L,G5
W0035F0002T0006Z000C1N28.png,48,57.05927125303769,18.48550048527226,16.04275821313677,20.702248713907597,T1791L,G5
W0035F0002T0006Z000C1N28.png,49,71.76185623589669,69.04208518064242,16.04275821313677,20.702248713907597,T1791L,G5
W0035F0002T0006Z000C1N28.png,50,35.89570172866025,33.12613088841174,16.04275821313677,20.702248713907597,T1791L,G5
W0035F0002T0006Z000C1N28.png,51,64.54394873808921,61.789610398555745,16.04275821313677,20.702248713907597,T1791L,G5
W0035F0002T0006Z000C1N28.png,52,70.09186193484769,31.288949595092404,16.04275821313677,20.702248713907597,T1791L,G5
W0035F0002T0006Z000C1N28.png,53,49.59121361603853,46.828212536880635,16.04275821313677,20.702248713907597,T1791L,G5
W0035F0002T0006Z000C1N28.png,54,39.43699862396113,1.0102003784171376,16.04275821313677,20.702248713907597,T1791L,G5
W0035F0002T0006Z000C1N28.png,55,69.56398142299712,30.23000671162883,16.04275821313677,20.702248713907597,T1791L,G5
W0035F0002T0006Z000C1N28.png,56,60.22729217447603,21.00175343959469,16.04275821313677,20.702248713907597,T1791L,G5
W0035F0002T0006Z000C1N28.png,57,76.7556965859119,37.630296373841446,16.04275821313677,20.702248713907597,T1791L,G5
W0035F0002T0006Z000C1N28.png,58,62.417334733998345,59.49564324620697,16.04275821313677,20.702248713907597,T1791L,G5
W0035F0002T0006Z000C1N28.png,59,72.46358124904913,69.5512201861774,16.04275821313677,20.702248713907597,T1791L,G5
W0035F0002T0006Z000C1N28.png,60,60.388784524082965,23.73499719459357,16.04275821313677,20.702248713907597,T1791L,G5
W0035F0002T0006Z000C1N28.png,61,53.5732068097084,50.632886858696786,16.04275821313677,20.702248713907597,T1791L,G5
W0035F0002T0006Z000C1N28.png,62,73.91659683872311,70.96921285924874,16.04275821313677,20.702248713907597,T1791L,G5
W0035F0002T0006Z000C1N28.png,63,80.02407565071225,42.0515844040043,16.04275821313677,20.702248713907597,T1791L,G5
W0035F0002T0006Z000C1N28.png,64,60.484205050740606,57.56760286759551,16.04275821313677,20.702248713907597,T1791L,G5
W0035F0002T0006Z000C1N28.png,65,76.36992382959698,73.41931800325806,16.04275821313677,20.702248713907597,T1791L,G5
W0035F0002T0006Z000C1N28.png,66,67.73033522380022,64.8206344986213,16.04275821313677,20.702248713907597,T1791L,G5
W0035F0002T0006Z000C1N28.png,67,72.63456157006968,69.70634596613652,16.04275821313677,20.702248713907597,T1791L,G5
W0035F0002T0006Z000C1N28.png,68,57.609681894306846,54.775986072663066,16.04275821313677,20.702248713907597,T1791L,G5
W0035F0002T0006Z000C1N28.png,69,66.24191283840759,35.13663833182035,16.04275821313677,20.702248713907597,T1791L,G5
W0035F0002T0006Z000C1N28.png,70,78.09924833427303,42.43513540360026,16.04275821313677,20.702248713907597,T1791L,G5
W0035F0002T0006Z000C1N28.png,71,53.30215634109654,50.74283595236917,16.04275821313677,20.702248713907597,T1791L,G5
W0035F0002T0006Z000C1N28.png,72,86.50879810576582,50.77807360779457,16.04275821313677,20.702248713907597,T1791L,G5
W0035F0002T0006Z000C1N28.png,73,71.05331406709477,68.19787604704392,16.04275821313677,20.702248713907597,T1791L,G5
W0035F0002T0006Z000C1N28.png,74,16.8671701890086,15.43427704443041,16.04275821313677,20.702248713907597,T1791L,G5
W0035F0002T0006Z000C1N28.png,75,80.84018066481393,77.94641284114932,16.04275821313677,20.702248713907597,T1791L,G5
W0035F0002T0006Z000C1N28.png,76,52.11954122791881,47.84944260369112,16.04275821313677,20.702248713907597,T1791L,G5
W0035F0002T0006Z000C1N28.png,77,72.86326307070415,70.08785949510549,16.04275821313677,20.702248713907597,T1791L,G5
W0035F0002T0006Z000C1N28.png,78,77.26633738900776,48.09944310676477,16.04275821313677,20.702248713907597,T1791L,G5
W0035F0002T0006Z000C1N28.png,79,81.74509348336497,79.04327892593031,16.04275821313677,20.702248713907597,T1791L,G5
W0035F0002T0006Z000C1N28.png,80,64.66532931198734,57.045446068215895,16.04275821313677,20.702248713907597,T1791L,G5
W0035F0002T0006Z000C1N28.png,81,72.29115010860107,69.75231235872154,16.04275821313677,20.702248713907597,T1791L,G5
W0035F0002T0006Z000C1N28.png,82,72.28861397909908,54.222202479104794,16.04275821313677,20.702248713907597,T1791L,G5
W0035F0002T0006Z000C1N28.png,83,64.24887166479942,62.53604699167818,16.04275821313677,20.702248713907597,T1791L,G5
W0035F0002T0006Z000C1N28.png,84,83.49303308181362,57.993004900497304,16.04275821313677,20.702248713907597,T1791L,G5
W0035F0002T0006Z000C1N28.png,85,65.70310577322483,62.40656284211428,16.04275821313677,20.702248713907597,T1791L,G5
W0035F0002T0006Z000C1N28.png,86,86.5461612491516,83.89818719749697,16.04275821313677,20.702248713907597,T1791L,G5
W0035F0002T0006Z000C1N28.png,87,67.31925586312356,65.11384371208378,16.04275821313677,20.702248713907597,T1791L,G5
W0035F0002T0006Z000C1N28.png,88,100.6936707695081,97.91520618374685,16.04275821313677,20.702248713907597,T1791L,G5
W0035F0002T0006Z000C1N28.png,89,93.32832178352291,90.59114628598995,16.04275821313677,20.702248713907597,T1791L,G5
W0035F0002T0006Z000C1N28.png,90,91.71172816977725,89.06394919378212,16.04275821313677,20.702248713907597,T1791L,G5
W0035F0002T0006Z000C1N28.png,91,85.96574075608846,83.42597520648894,16.04275821313677,20.702248713907597,T1791L,G5
W0035F0002T0006Z000C1N36.png,1,68.46348021966631,2.308525416129618,30.266860516261453,8.982512953309975,T1791L,G5
W0035F0002T0006Z000C1N36.png,2,74.23919632365609,13.37057229411749,30.266860516261453,8.982512953309975,T1791L,G5
W0035F0002T0006Z000C1N36.png,3,61.51479031589117,1.6467393795538805,30.266860516261453,8.982512953309975,T1791L,G5
W0035F0002T0006Z000C1N36.png,4,79.59067860178557,12.500414673809356,30.266860516261453,8.982512953309975,T1791L,G5
W0035F0002T0006Z000C1N36.png,5,74.37101950858317,17.418913272654795,30.266860516261453,8.982512953309975,T1791L,G5
W0035F0002T0006Z000C1N36.png,6,88.34314107447723,9.851211809291296,30.266860516261453,8.982512953309975,T1791L,G5
W0035F0002T0006Z000C1N36.png,7,36.82367933956182,31.56792492757582,30.266860516261453,8.982512953309975,T1791L,G5
W0035F0002T0006Z000C1N36.png,8,24.330362922167012,25.000571021824666,30.266860516261453,8.982512953309975,T1791L,G5
W0035F0002T0006Z000C1N36.png,9,108.3048925711324,6.805711284522583,30.266860516261453,8.982512953309975,T1791L,G5
W0035F0002T0006Z000C1N36.png,10,18.56454394755941,18.956749221003285,30.266860516261453,8.982512953309975,T1791L,G5
W0035F0002T0006Z000C1N36.png,11,31.963877223538805,0.535052501291529,30.266860516261453,8.982512953309975,T1791L,G5
W0035F0002T0006Z000C1N36.png,12,109.63381764584587,13.28361990133399,30.266860516261453,8.982512953309975,T1791L,G5
W0035F0002T0006Z000C1N36.png,13,83.78161962752515,8.584264933640288,30.266860516261453,8.982512953309975,T1791L,G5
W0035F0002T0006Z000C1N36.png,14,63.59737974214101,8.965642161232594,30.266860516261453,8.982512953309975,T1791L,G5
W0035F0002T0006Z000C1N36.png,15,8.527939432323917,7.821204023081779,30.266860516261453,8.982512953309975,T1791L,G5
W0035F0002T0006Z000C1N36.png,16,89.81733056193872,28.40493467718005,30.266860516261453,8.982512953309975,T1791L,G5
W0035F0002T0006Z000C1N38.png,1,16.65921699305538,15.000633183251763,15.361755267725206,11.365718041323511,T1791L,G5
W0035F0002T0006Z000C1N38.png,2,13.854272157234297,11.405773052417592,15.361755267725206,11.365718041323511,T1791L,G5
W0035F0002T0006Z000C1N38.png,3,9.852229813371633,14.904743935601967,15.361755267725206,11.365718041323511,T1791L,G5
W0035F0002T0006Z000C1N38.png,4,32.12151608990983,2.29499722732635,15.361755267725206,11.365718041323511,T1791L,G5
W0035F0002T0006Z000C1N38.png,5,21.95589208029109,16.20683278610193,15.361755267725206,11.365718041323511,T1791L,G5
W0035F0002T0006Z000C1N38.png,6,7.780589755478552,2.840153754401836,15.361755267725206,11.365718041323511,T1791L,G5
W0035F0002T0006Z000C1N38.png,7,68.73992870211964,22.958183035779616,15.361755267725206,11.365718041323511,T1791L,G5
W0035F0002T0006Z000C1N38.png,8,26.099265043759647,26.821970550327002,15.361755267725206,11.365718041323511,T1791L,G5
W0035F0002T0006Z000C1N38.png,9,31.569919008563183,28.737925504599076,15.361755267725206,11.365718041323511,T1791L,G5
W0035F0002T0006Z000C1N38.png,10,44.61199993332119,20.873870630200603,15.361755267725206,11.365718041323511,T1791L,G5
W0035F0002T0006Z000C1N38.png,11,41.17006915321509,21.739015204488272,15.361755267725206,11.365718041323511,T1791L,G5
W0035F0002T0006Z000C1N38.png,12,34.34324342083643,28.591995771932766,15.361755267725206,11.365718041323511,T1791L,G5
W0035F0002T0006Z000C1N38.png,13,13.454205991346404,14.06792665546226,15.361755267725206,11.365718041323511,T1791L,G5
W0035F0002T0006Z000C1N38.png,14,35.37477793949636,34.8363850897432,15.361755267725206,11.365718041323511,T1791L,G5
W0035F0002T0006Z000C1N38.png,15,35.36836097997106,34.611410671805494,15.361755267725206,11.365718041323511,T1791L,G5
W0035F0002T0006Z000C1N38.png,16,49.08192684168338,29.872782530900782,15.361755267725206,11.365718041323511,T1791L,G5
W0035F0002T0006Z000C1N38.png,17,44.13570794811665,43.412796662621,15.361755267725206,11.365718041323511,T1791L,G5
W0035F0002T0006Z000C1N38.png,18,40.414129713258305,39.67197461439792,15.361755267725206,11.365718041323511,T1791L,G5
W0035F0002T0006Z000C1N39.png,1,43.20070242667068,38.67184784900623,15.458058384735772,14.312682073068501,T1791L,G5
W0035F0002T0006Z000C1N39.png,2,28.68883957630182,12.95377397945148,15.458058384735772,14.312682073068501,T1791L,G5
W0035F0002T0006Z000C1N39.png,3,53.99445340773185,45.56620427611193,15.458058384735772,14.312682073068501,T1791L,G5
W0035F0002T0006Z000C1N39.png,4,5.481256611207748,5.246875345869998,15.458058384735772,14.312682073068501,T1791L,G5
W0035F0002T0006Z000C1N39.png,5,8.395643299860136,18.653532279658087,15.458058384735772,14.312682073068501,T1791L,G5
W0035F0002T0006Z000C1N39.png,6,28.601651168975724,8.342018104766815,15.458058384735772,14.312682073068501,T1791L,G5
W0035F0002T0006Z000C1N39.png,7,16.251318008279643,1.685218090648592,15.458058384735772,14.312682073068501,T1791L,G5
W0035F0002T0006Z000C1N39.png,8,41.85939403730179,41.0395969798541,15.458058384735772,14.312682073068501,T1791L,G5
W0035F0002T0006Z000C1N39.png,9,28.972938214350755,21.165025391180933,15.458058384735772,14.312682073068501,T1791L,G5
W0035F0002T0006Z000C1N39.png,10,33.362291624182745,15.902581080963147,15.458058384735772,14.312682073068501,T1791L,G5
W0035F0002T0006Z000C1N39.png,11,32.955494663863334,18.321242702138928,15.458058384735772,14.312682073068501,T1791L,G5
W0035F0002T0006Z000C1N39.png,12,49.430968231327746,7.254880572930682,15.458058384735772,14.312682073068501,T1791L,G5
W0035F0002T0006Z000C1N39.png,13,44.90158978031258,1.220150016126014,15.458058384735772,14.312682073068501,T1791L,G5
W0035F0002T0006Z000C1N39.png,14,6.04837122626585,3.8253570357415123,15.458058384735772,14.312682073068501,T1791L,G5
W0035F0002T0006Z000C1N49.png,1,12.08832975475769,11.993474379856584,24.77694606020531,21.46551364345493,T1791L,G5
W0035F0002T0006Z000C1N49.png,2,36.359413802218654,30.144797944919105,24.77694606020531,21.46551364345493,T1791L,G5
W0035F0002T0006Z000C1N49.png,3,89.60167681595838,51.49850676654004,24.77694606020531,21.46551364345493,T1791L,G5
W0035F0002T0006Z000C1N49.png,4,68.37071105773146,26.231595665860095,24.77694606020531,21.46551364345493,T1791L,G5
W0035F0002T0006Z000C1N49.png,5,63.69732925115478,22.1915281771428,24.77694606020531,21.46551364345493,T1791L,G5
W0035F0002T0006Z000C1N49.png,6,73.54302628296713,34.13950731683418,24.77694606020531,21.46551364345493,T1791L,G5
W0035F0002T0006Z000C1N49.png,7,86.53245622900656,52.748990892322595,24.77694606020531,21.46551364345493,T1791L,G5
W0035F0002T0006Z000C1N49.png,8,2.987871422411843,2.47704956423025,24.77694606020531,21.46551364345493,T1791L,G5
W0035F0002T0006Z000C1N49.png,9,90.46091540285602,57.807124655924554,24.77694606020531,21.46551364345493,T1791L,G5
W0035F0002T0006Z000C1N49.png,10,62.35944747172241,20.90756857425293,24.77694606020531,21.46551364345493,T1791L,G5
W0035F0002T0006Z000C1N49.png,11,79.17624276349154,44.27759948370914,24.77694606020531,21.46551364345493,T1791L,G5
W0035F0002T0006Z000C1N49.png,12,57.97314830820205,12.29270308970016,24.77694606020531,21.46551364345493,T1791L,G5
W0035F0002T0006Z000C1N49.png,13,19.239238612234345,18.745257022379267,24.77694606020531,21.46551364345493,T1791L,G5
W0035F0002T0006Z000C1N49.png,14,64.1820327214275,26.271801639755772,24.77694606020531,21.46551364345493,T1791L,G5
W0035F0002T0006Z000C1N49.png,15,49.63855046911355,0.5527153670194952,24.77694606020531,21.46551364345493,T1791L,G5
W0035F0002T0006Z000C1N49.png,16,81.26892378221292,52.329061688462005,24.77694606020531,21.46551364345493,T1791L,G5
W0035F0002T0006Z000C1N49.png,17,83.6351708314497,58.52760461692093,24.77694606020531,21.46551364345493,T1791L,G5
W0035F0002T0006Z000C1N49.png,18,42.88838439977368,0.7625447212354365,24.77694606020531,21.46551364345493,T1791L,G5
W0035F0002T0006Z000C1N49.png,19,63.74497446496618,37.11352419356964,24.77694606020531,21.46551364345493,T1791L,G5
W0035F0002T0006Z000C1N49.png,20,44.48246517549524,7.779993207368711,24.77694606020531,21.46551364345493,T1791L,G5
W0035F0002T0006Z000C1N49.png,21,35.17103616740775,12.747387954129918,24.77694606020531,21.46551364345493,T1791L,G5
W0035F0002T0006Z000C1N49.png,22,37.440378525862364,34.27050755746254,24.77694606020531,21.46551364345493,T1791L,G5
W0035F0002T0006Z000C1N49.png,23,41.466778946204904,35.384544081225265,24.77694606020531,21.46551364345493,T1791L,G5
W0035F0002T0006Z000C1N49.png,24,26.16546827075837,22.907901841280577,24.77694606020531,21.46551364345493,T1791L,G5
W0035F0002T0006Z000C1N49.png,25,60.27166821109971,58.78921889414118,24.77694606020531,21.46551364345493,T1791L,G5
W0035F0002T0006Z000C1N49.png,26,40.03039267501169,38.189799291984485,24.77694606020531,21.46551364345493,T1791L,G5
W0035F0002T0006Z000C1N49.png,27,61.55536943833761,59.060545547607475,24.77694606020531,21.46551364345493,T1791L,G5
W0035F0002T0006Z000C1N49.png,28,55.47423912585915,51.915141249423776,24.77694606020531,21.46551364345493,T1791L,G5
W0035F0002T0006Z000C1N49.png,29,34.895056244714894,35.81028306452949,24.77694606020531,21.46551364345493,T1791L,G5
W0035F0002T0006Z000C1N49.png,30,3.104980090335436,1.3220283437861469,24.77694606020531,21.46551364345493,T1791L,G5
W0035F0002T0006Z000C1N49.png,31,76.25684615323348,72.06565905537148,24.77694606020531,21.46551364345493,T1791L,G5
W0035F0002T0006Z000C1N49.png,32,11.849898059008224,6.1160938954909305,24.77694606020531,21.46551364345493,T1791L,G5
W0035F0002T0006Z000C1N49.png,33,79.73724020838665,74.37593563011485,24.77694606020531,21.46551364345493,T1791L,G5
W0035F0002T0006Z000C1N49.png,34,67.10915319991975,61.91382371846954,24.77694606020531,21.46551364345493,T1791L,G5
W0035F0002T0006Z000C1N5.png,1,73.55891754866664,67.54312391766494,24.255589010556807,27.333535736949063,T1791L,G5
W0035F0002T0006Z000C1N5.png,2,86.85175330614803,58.72801315675456,24.255589010556807,27.333535736949063,T1791L,G5
W0035F0002T0006Z000C1N5.png,3,102.13466706352656,62.85021440758537,24.255589010556807,27.333535736949063,T1791L,G5
W0035F0002T0006Z000C1N5.png,4,72.74095735086424,65.73031722812715,24.255589010556807,27.333535736949063,T1791L,G5
W0035F0002T0006Z000C1N5.png,5,75.64876285236375,68.5107009116375,24.255589010556807,27.333535736949063,T1791L,G5
W0035F0002T0006Z000C1N5.png,6,95.120551294034,59.16548462220692,24.255589010556807,27.333535736949063,T1791L,G5
W0035F0002T0006Z000C1N5.png,7,77.69278887589236,51.26890592261051,24.255589010556807,27.333535736949063,T1791L,G5
W0035F0002T0006Z000C1N5.png,8,96.57675761001393,55.0085427174296,24.255589010556807,27.333535736949063,T1791L,G5
W0035F0002T0006Z000C1N5.png,9,86.18929841327258,79.0750147936266,24.255589010556807,27.333535736949063,T1791L,G5
W0035F0002T0006Z000C1N5.png,10,64.83979245663686,57.692517488106255,24.255589010556807,27.333535736949063,T1791L,G5
W0035F0002T0006Z000C1N5.png,11,74.57603165781292,67.5094520802519,24.255589010556807,27.333535736949063,T1791L,G5
W0035F0002T0006Z000C1N5.png,12,88.50196495701186,81.77275669822357,24.255589010556807,27.333535736949063,T1791L,G5
W0035F0002T0006Z000C1N5.png,13,83.41851390715541,44.230806391029226,24.255589010556807,27.333535736949063,T1791L,G5
W0035F0002T0006Z000C1N5.png,14,79.2072475871557,34.30978163629984,24.255589010556807,27.333535736949063,T1791L,G5
W0035F0002T0006Z000C1N5.png,15,72.00199683328411,65.35080537407704,24.255589010556807,27.333535736949063,T1791L,G5
W0035F0002T0006Z000C1N5.png,16,75.83800116652,69.73464165776728,24.255589010556807,27.333535736949063,T1791L,G5
W0035F0002T0006Z000C1N5.png,17,47.89591232576342,0.8790287448430568,24.255589010556807,27.333535736949063,T1791L,G5
W0035F0002T0006Z000C1N5.png,18,46.51230445592757,1.3216618793991035,24.255589010556807,27.333535736949063,T1791L,G5
W0035F0002T0006Z000C1N5.png,19,40.81201540408645,0.6527778961610368,24.255589010556807,27.333535736949063,T1791L,G5
W0035F0002T0006Z000C1N5.png,20,66.84358784209365,58.66420620214543,24.255589010556807,27.333535736949063,T1791L,G5
W0035F0002T0006Z000C1N5.png,21,21.942632524246143,0.1666557076816552,24.255589010556807,27.333535736949063,T1791L,G5
W0035F0002T0006Z000C1N5.png,22,70.01130279400472,57.694051868057336,24.255589010556807,27.333535736949063,T1791L,G5
W0035F0002T0006Z000C1N5.png,23,19.790395645940745,16.65872479609559,24.255589010556807,27.333535736949063,T1791L,G5
W0035F0002T0006Z000C1N5.png,24,80.26217107249772,66.45885237094937,24.255589010556807,27.333535736949063,T1791L,G5
W0035F0002T0006Z000C1N5.png,25,27.3769910227235,0.36325018161652756,24.255589010556807,27.333535736949063,T1791L,G5
W0035F0002T0006Z000C1N5.png,26,32.650887828057556,0.5197348795202636,24.255589010556807,27.333535736949063,T1791L,G5
W0035F0002T0006Z000C1N5.png,27,29.577225481130604,3.4898709471698917,24.255589010556807,27.333535736949063,T1791L,G5
W0035F0002T0006Z000C1N5.png,28,40.15167432443383,7.4226594413628755,24.255589010556807,27.333535736949063,T1791L,G5
W0035F0002T0006Z000C1N5.png,29,39.449117977537696,35.53545769403117,24.255589010556807,27.333535736949063,T1791L,G5
W0035F0002T0006Z000C1N5.png,30,50.579855356158035,0.8163746850056098,24.255589010556807,27.333535736949063,T1791L,G5
W0035F0002T0006Z000C1N5.png,31,54.494999783958626,18.929044299583385,24.255589010556807,27.333535736949063,T1791L,G5
W0035F0002T0006Z000C1N5.png,32,73.92346379567462,47.67975781584069,24.255589010556807,27.333535736949063,T1791L,G5
W0035F0002T0006Z000C1N5.png,33,7.948515554992405,14.88269658736721,24.255589010556807,27.333535736949063,T1791L,G5
W0035F0002T0006Z000C1N5.png,34,28.164347594825074,10.448228674802923,24.255589010556807,27.333535736949063,T1791L,G5
W0035F0002T0006Z000C1N5.png,35,35.35490853178931,15.44713644076988,24.255589010556807,27.333535736949063,T1791L,G5
W0035F0002T0006Z000C1N5.png,36,71.377675465933,24.706263707273475,24.255589010556807,27.333535736949063,T1791L,G5
W0035F0002T0006Z000C1N5.png,37,72.35639727355209,31.728215706715098,24.255589010556807,27.333535736949063,T1791L,G5
W0035F0002T0006Z000C1N50.png,1,27.16160065869051,0.5279573340328115,23.796407055818523,22.975749059838638,T1791L,G5
W0035F0002T0006Z000C1N50.png,2,33.74568595591232,32.45315205681631,23.796407055818523,22.975749059838638,T1791L,G5
W0035F0002T0006Z000C1N50.png,3,38.022088798603825,15.669874973029073,23.796407055818523,22.975749059838638,T1791L,G5
W0035F0002T0006Z000C1N50.png,4,2.2068825032961614,1.0426614760872894,23.796407055818523,22.975749059838638,T1791L,G5
W0035F0002T0006Z000C1N50.png,5,40.17131056798046,26.632572890663244,23.796407055818523,22.975749059838638,T1791L,G5
W0035F0002T0006Z000C1N50.png,6,33.78830866911158,30.401293200419726,23.796407055818523,22.975749059838638,T1791L,G5
W0035F0002T0006Z000C1N50.png,7,17.45419676884536,16.763024737578075,23.796407055818523,22.975749059838638,T1791L,G5
W0035F0002T0006Z000C1N50.png,8,45.630981690113295,0.8698026863374161,23.796407055818523,22.975749059838638,T1791L,G5
W0035F0002T0006Z000C1N50.png,9,31.37038314913721,31.895948288118838,23.796407055818523,22.975749059838638,T1791L,G5
W0035F0002T0006Z000C1N50.png,10,2.479965006712608,2.2288068887082386,23.796407055818523,22.975749059838638,T1791L,G5
W0035F0002T0006Z000C1N50.png,11,48.40046356938705,25.3307782257963,23.796407055818523,22.975749059838638,T1791L,G5
W0035F0002T0006Z000C1N50.png,12,41.57545871260993,21.461667080508803,23.796407055818523,22.975749059838638,T1791L,G5
W0035F0002T0006Z000C1N50.png,13,48.83460123338545,49.06111876484481,23.796407055818523,22.975749059838638,T1791L,G5
W0035F0002T0006Z000C1N50.png,14,59.695765297806034,56.73847673946634,23.796407055818523,22.975749059838638,T1791L,G5
W0035F0002T0006Z000C1N50.png,15,33.91522452339737,24.26583999589277,23.796407055818523,22.975749059838638,T1791L,G5
W0035F0002T0006Z000C1N50.png,16,64.09290065434189,60.65045656919656,23.796407055818523,22.975749059838638,T1791L,G5
W0035F0002T0006Z000C1N50.png,17,39.03065387672197,28.680270864360903,23.796407055818523,22.975749059838638,T1791L,G5
W0035F0002T0006Z000C1N50.png,18,57.95001679669157,47.26390501887173,23.796407055818523,22.975749059838638,T1791L,G5
W0035F0002T0006Z000C1N50.png,19,61.64180765081776,50.50076060863014,23.796407055818523,22.975749059838638,T1791L,G5
W0035F0002T0006Z000C1N50.png,20,28.182464743756398,17.799868256424894,23.796407055818523,22.975749059838638,T1791L,G5
W0035F0002T0006Z000C1N50.png,21,70.74028420922149,59.501197280067636,23.796407055818523,22.975749059838638,T1791L,G5
W0035F0002T0006Z000C1N50.png,22,31.14459975053469,29.8561811289766,23.796407055818523,22.975749059838638,T1791L,G5
W0035F0002T0006Z000C1N50.png,23,36.89080331760638,28.470226350116793,23.796407055818523,22.975749059838638,T1791L,G5
W0035F0002T0006Z000C1N50.png,24,31.448121511114334,30.636565294478117,23.796407055818523,22.975749059838638,T1791L,G5
W0035F0002T0006Z000C1N50.png,25,71.97910764333372,60.83388616940602,23.796407055818523,22.975749059838638,T1791L,G5
W0035F0002T0006Z000C1N50.png,26,76.85067638111744,65.64185903520702,23.796407055818523,22.975749059838638,T1791L,G5
W0035F0002T0006Z000C1N50.png,27,72.12104207983828,61.16924644630877,23.796407055818523,22.975749059838638,T1791L,G5
W0035F0002T0006Z000C1N50.png,28,60.28854962794731,49.24713596549801,23.796407055818523,22.975749059838638,T1791L,G5
W0035F0002T0006Z000C1N50.png,29,22.00242272363887,21.187385890334838,23.796407055818523,22.975749059838638,T1791L,G5
W0035F0002T0006Z000C1N50.png,30,14.528145238108038,19.029600530056037,23.796407055818523,22.975749059838638,T1791L,G5
W0035F0002T0006Z000C1N50.png,31,59.11143308529003,49.10495492347187,23.796407055818523,22.975749059838638,T1791L,G5
W0035F0002T0006Z000C1N50.png,32,72.25708296165514,62.004233250209445,23.796407055818523,22.975749059838638,T1791L,G5
W0035F0002T0006Z000C1N50.png,33,52.8909470563301,46.01852067936443,23.796407055818523,22.975749059838638,T1791L,G5
W0035F0002T0006Z000C1N50.png,34,70.11501394584954,60.20768751511532,23.796407055818523,22.975749059838638,T1791L,G5
W0035F0002T0006Z000C1N50.png,35,42.26905435475541,42.17233100850926,23.796407055818523,22.975749059838638,T1791L,G5
W0035F0002T0006Z000C1N50.png,36,82.54003935723422,71.82876376997463,23.796407055818523,22.975749059838638,T1791L,G5
W0035F0002T0006Z000C1N50.png,37,69.17779952002819,60.002551980464126,23.796407055818523,22.975749059838638,T1791L,G5
W0035F0002T0006Z000C1N50.png,38,1.278636323618183,2.0790087463708615,23.796407055818523,22.975749059838638,T1791L,G5
W0035F0002T0006Z000C1N50.png,39,55.450022516392096,55.48587348531008,23.796407055818523,22.975749059838638,T1791L,G5
W0035F0002T0006Z000C1N50.png,40,55.930543707861545,55.11451261446458,23.796407055818523,22.975749059838638,T1791L,G5
W0035F0002T0006Z000C1N50.png,41,53.632350909147156,49.956264380356366,23.796407055818523,22.975749059838638,T1791L,G5
W0035F0002T0006Z000C1N50.png,42,76.35302642623688,66.93661321832539,23.796407055818523,22.975749059838638,T1791L,G5
W0035F0002T0006Z000C1N50.png,43,89.58167157312549,79.42368428294965,23.796407055818523,22.975749059838638,T1791L,G5
W0035F0002T0006Z000C1N50.png,44,21.390728952765585,21.385146402535884,23.796407055818523,22.975749059838638,T1791L,G5
W0035F0002T0006Z000C1N50.png,45,70.6021038643072,65.10894683844147,23.796407055818523,22.975749059838638,T1791L,G5
W0035F0002T0006Z000C1N50.png,46,20.16590298768752,21.24447954026227,23.796407055818523,22.975749059838638,T1791L,G5
W0035F0002T0006Z000C1N50.png,47,27.940752691423697,28.693608168895306,23.796407055818523,22.975749059838638,T1791L,G5
W0035F0002T0006Z000C1N50.png,48,51.250478933085844,51.67889796041107,23.796407055818523,22.975749059838638,T1791L,G5
W0035F0002T0006Z000C1N50.png,49,66.31863366598367,62.497889050243046,23.796407055818523,22.975749059838638,T1791L,G5
W0035F0002T0006Z000C1N50.png,50,68.99634530482567,61.445119329097544,23.796407055818523,22.975749059838638,T1791L,G5
W0035F0002T0006Z000C1N50.png,51,87.89922230091621,79.07756249631879,23.796407055818523,22.975749059838638,T1791L,G5
W0035F0002T0006Z000C1N50.png,52,91.95621219008113,82.32829626745097,23.796407055818523,22.975749059838638,T1791L,G5
W0035F0002T0006Z000C1N50.png,53,100.62048052725689,90.53243533249821,23.796407055818523,22.975749059838638,T1791L,G5
W0035F0002T0006Z000C1N65.png,1,17.024074752502774,13.019849376106645,11.459595398815718,11.64681674086248,T1791L,G5
W0035F0002T0006Z000C1N65.png,2,10.394751595428913,6.258939097282698,11.459595398815718,11.64681674086248,T1791L,G5
W0035F0002T0006Z000C1N65.png,3,24.10536843321811,4.572367034043445,11.459595398815718,11.64681674086248,T1791L,G5
W0035F0002T0006Z000C1N65.png,4,6.265445825342107,8.616762501885756,11.459595398815718,11.64681674086248,T1791L,G5
W0035F0002T0006Z000C1N65.png,5,28.061644214132713,7.748055851527923,11.459595398815718,11.64681674086248,T1791L,G5
W0035F0002T0006Z000C1N65.png,6,24.261979270291327,26.378219395476986,11.459595398815718,11.64681674086248,T1791L,G5
W0035F0002T0006Z000C1N65.png,7,23.601479325965382,27.024228495026147,11.459595398815718,11.64681674086248,T1791L,G5
W0035F0002T0006Z000C1N65.png,8,17.860401436305278,22.169326055434265,11.459595398815718,11.64681674086248,T1791L,G5
W0035F0002T0006Z000C1N65.png,9,34.0579772186397,23.691374265102503,11.459595398815718,11.64681674086248,T1791L,G5
W0035F0002T0006Z000C1N65.png,10,3.8592686035029256,14.132338322902562,11.459595398815718,11.64681674086248,T1791L,G5
W0035F0002T0006Z000C1N65.png,11,35.417147667179975,29.763527574804463,11.459595398815718,11.64681674086248,T1791L,G5
W0035F0002T0006Z000C1N65.png,12,35.60096516131371,1.5578376205968667,11.459595398815718,11.64681674086248,T1791L,G5
W0035F0002T0006Z000C1N65.png,13,29.74097468246998,34.00716062903341,11.459595398815718,11.64681674086248,T1791L,G5
W0035F0002T0006Z000C1N65.png,14,14.621893270722612,6.9549354930510106,11.459595398815718,11.64681674086248,T1791L,G5
W0035F0002T0006Z000C1N65.png,15,17.3295842011435,10.725948338173671,11.459595398815718,11.64681674086248,T1791L,G5
W0035F0002T0006Z000C1N65.png,16,23.162481278325686,19.320440030352884,11.459595398815718,11.64681674086248,T1791L,G5
W0035F0002T0006Z000C1N65.png,17,14.636977274126547,4.149444353501419,11.459595398815718,11.64681674086248,T1791L,G5
W0035F0002T0006Z000C1N65.png,18,21.771402671386408,14.232361788991685,11.459595398815718,11.64681674086248,T1791L,G5
W0035F0002T0006Z000C1N65.png,19,14.159343154871214,21.322686554083226,11.459595398815718,11.64681674086248,T1791L,G5
W0035F0002T0006Z000C1N65.png,20,31.17643264892689,32.457341429243414,11.459595398815718,11.64681674086248,T1791L,G5
W0035F0002T0006Z000C1N65.png,21,33.51250204044885,32.29631148483136,11.459595398815718,11.64681674086248,T1791L,G5
W0035F0002T0006Z000C1N65.png,22,37.32559415005502,27.406633158844546,11.459595398815718,11.64681674086248,T1791L,G5
W0035F0002T0006Z000C1N65.png,23,27.81479860311828,27.08562532830504,11.459595398815718,11.64681674086248,T1791L,G5
W0035F0002T0006Z000C1N65.png,24,22.565114588099625,20.671785495741396,11.459595398815718,11.64681674086248,T1791L,G5
W0035F0002T0006Z000C1N65.png,25,15.59917483645491,16.363418465117242,11.459595398815718,11.64681674086248,T1791L,G5
W0035F0002T0006Z000C1N65.png,26,12.333355456088881,4.82787823722801,11.459595398815718,11.64681674086248,T1791L,G5
W0035F0002T0006Z000C1N65.png,27,36.37448389958589,33.57861099422023,11.459595398815718,11.64681674086248,T1791L,G5
W0035F0002T0006Z000C1N65.png,28,25.834920529090383,20.72344328058001,11.459595398815718,11.64681674086248,T1791L,G5
W0035F0002T0006Z000C1N65.png,29,42.02887910836435,28.443226760093115,11.459595398815718,11.64681674086248,T1791L,G5
W0035F0002T0006Z000C1N65.png,30,17.56271275156937,9.270327584779334,11.459595398815718,11.64681674086248,T1791L,G5
W0035F0002T0006Z000C1N65.png,31,35.926818838931865,30.93398350263288,11.459595398815718,11.64681674086248,T1791L,G5
W0035F0002T0006Z000C1N65.png,32,39.908477442085164,34.69267335796747,11.459595398815718,11.64681674086248,T1791L,G5
W0035F0002T0006Z000C1N65.png,33,38.598319777292936,31.451146366862126,11.459595398815718,11.64681674086248,T1791L,G5
W0035F0002T0006Z000C1N65.png,34,35.71121722093706,26.930269739176165,11.459595398815718,11.64681674086248,T1791L,G5
W0035F0002T0006Z000C1N65.png,35,37.25761027018258,28.741001352005433,11.459595398815718,11.64681674086248,T1791L,G5
W0035F0002T0006Z000C1N65.png,36,38.64746999065487,30.58643970540566,11.459595398815718,11.64681674086248,T1791L,G5
W0035F0002T0006Z000C1N65.png,37,38.090327306126895,37.56825536754827,11.459595398815718,11.64681674086248,T1791L,G5
W0035F0002T0006Z000C1N65.png,38,51.59296585620031,51.126142217673085,11.459595398815718,11.64681674086248,T1791L,G5
W0035F0002T0006Z000C1N65.png,39,15.347798782012912,11.050650592338997,11.459595398815718,11.64681674086248,T1791L,G5
W0035F0002T0006Z000C1N65.png,40,3.5442083624438623,2.792199278035836,11.459595398815718,11.64681674086248,T1791L,G5
W0035F0002T0006Z000C1N77.png,1,52.424734222117856,49.32246938828743,22.011496134057303,16.773157318674922,T1791L,G5
W0035F0002T0006Z000C1N77.png,2,20.20138136181339,18.03094834461888,22.011496134057303,16.773157318674922,T1791L,G5
W0035F0002T0006Z000C1N77.png,3,25.82168148786589,1.667674962659024,22.011496134057303,16.773157318674922,T1791L,G5
W0035F0002T0006Z000C1N77.png,4,41.28778004480617,0.9382931967400514,22.011496134057303,16.773157318674922,T1791L,G5
W0035F0002T0006Z000C1N77.png,5,5.572976414103556,1.5956880907577016,22.011496134057303,16.773157318674922,T1791L,G5
W0035F0002T0006Z000C1N77.png,6,45.537989988457525,34.50422429364376,22.011496134057303,16.773157318674922,T1791L,G5
W0035F0002T0006Z000C1N77.png,7,45.631583119729314,24.06606107044245,22.011496134057303,16.773157318674922,T1791L,G5
W0035F0002T0006Z000C1N77.png,8,51.56215981510507,37.07164512229289,22.011496134057303,16.773157318674922,T1791L,G5
W0035F0002T0006Z000C1N77.png,9,56.36349802264267,27.561887373706956,22.011496134057303,16.773157318674922,T1791L,G5
W0035F0002T0006Z000C1N77.png,10,65.04706797125434,29.338172328138562,22.011496134057303,16.773157318674922,T1791L,G5
W0035F0002T0006Z000C1N77.png,11,71.79320839241133,43.6625888071319,22.011496134057303,16.773157318674922,T1791L,G5
W0035F0002T0006Z000C1N77.png,12,0.8726882696699712,0.8395112999746853,22.011496134057303,16.773157318674922,T1791L,G5
W0035F0002T0006Z000C1N77.png,13,50.5263351214561,0.6414609961476373,22.011496134057303,16.773157318674922,T1791L,G5
W0035F0002T0006Z000C1N77.png,14,75.66149248253839,29.93221427595772,22.011496134057303,16.773157318674922,T1791L,G5
W0035F0002T0006Z000C1N78.png,1,19.195275903884248,19.568731419385507,6.60881035955609,7.02143669492725,T1791L,G5
W0035F0002T0006Z000C1N78.png,2,5.977655184772067,5.525858029531007,6.60881035955609,7.02143669492725,T1791L,G5
W0035F0002T0006Z000C1N79.png,1,148.66497765972207,148.682392883892,43.38219630598259,43.26530923800495,T1791L,G5
W0035F0002T0006Z000C1N79.png,2,138.47806540331575,138.49166314253074,43.38219630598259,43.26530923800495,T1791L,G5
W0035F0002T0006Z000C1N79.png,3,122.5673826024562,122.59096547398322,43.38219630598259,43.26530923800495,T1791L,G5
W0035F0002T0006Z000C1N79.png,4,144.50097985915687,144.50223669658607,43.38219630598259,43.26530923800495,T1791L,G5
W0035F0002T0006Z000C1N79.png,5,84.42794867390197,84.464747227851,43.38219630598259,43.26530923800495,T1791L,G5
W0035F0002T0006Z000C1N79.png,6,139.47320326510672,139.45987905790383,43.38219630598259,43.26530923800495,T1791L,G5
W0035F0002T0006Z000C1N79.png,7,144.8988923776499,144.87885760675388,43.38219630598259,43.26530923800495,T1791L,G5
W0035F0002T0006Z000C1N79.png,8,15.016655857519284,15.120640339548244,43.38219630598259,43.26530923800495,T1791L,G5
W0035F0002T0006Z000C1N79.png,9,145.60733825489353,145.5699797296569,43.38219630598259,43.26530923800495,T1791L,G5
W0035F0002T0006Z000C1N79.png,10,39.06972949031607,38.96167059749874,43.38219630598259,43.26530923800495,T1791L,G5
W0035F0002T0006Z000C1N79.png,11,111.66261259074814,110.94005858549708,43.38219630598259,43.26530923800495,T1791L,G5
W0035F0002T0006Z000C1N79.png,12,106.25476251044205,105.55410581855844,43.38219630598259,43.26530923800495,T1791L,G5
W0035F0002T0006Z000C1N79.png,13,116.41956288860226,115.72147673886889,43.38219630598259,43.26530923800495,T1791L,G5
W0035F0002T0006Z000C1N79.png,14,28.63462721394648,27.992883555598212,43.38219630598259,43.26530923800495,T1791L,G5
W0035F0002T0006Z000C1N79.png,15,126.9306080959104,126.26352750482798,43.38219630598259,43.26530923800495,T1791L,G5
W0035F0002T0006Z000C1N79.png,16,18.93743197248823,18.58279584156501,43.38219630598259,43.26530923800495,T1791L,G5
W0035F0002T0006Z000C1N79.png,17,134.2054102082722,133.5721390286204,43.38219630598259,43.26530923800495,T1791L,G5
W0035F0002T0006Z000C1N79.png,18,64.87015410455577,64.40586494540663,43.38219630598259,43.26530923800495,T1791L,G5
W0035F0002T0006Z000C1N79.png,19,79.04288485108154,78.55451426427246,43.38219630598259,43.26530923800495,T1791L,G5
W0035F0002T0006Z000C1N79.png,20,21.799072798127582,22.194770534990415,43.38219630598259,43.26530923800495,T1791L,G5
W0035F0002T0006Z000C1N79.png,21,38.97675602304505,38.994868655647785,43.38219630598259,43.26530923800495,T1791L,G5
W0035F0002T0006Z000C1N79.png,22,52.18697393470593,52.13418004308696,43.38219630598259,43.26530923800495,T1791L,G5
W0035F0002T0006Z000C1N79.png,23,45.983493893156755,45.92092126189759,43.38219630598259,43.26530923800495,T1791L,G5
W0035F0002T0006Z000C1N79.png,24,52.69136555487389,52.610646718641405,43.38219630598259,43.26530923800495,T1791L,G5
W0035F0002T0006Z000C1N79.png,25,47.07267261330679,47.12339008360236,43.38219630598259,43.26530923800495,T1791L,G5
W0035F0002T0006Z000C1N79.png,26,56.60980323036993,56.59728920412564,43.38219630598259,43.26530923800495,T1791L,G5
W0035F0002T0006Z000C1N79.png,27,143.99123847110036,143.3475952906315,43.38219630598259,43.26530923800495,T1791L,G5
W0035F0002T0006Z000C1N79.png,28,66.37452051401104,66.22397267953743,43.38219630598259,43.26530923800495,T1791L,G5
W0035F0002T0006Z000C1N79.png,29,48.92084309558308,49.3910430047752,43.38219630598259,43.26530923800495,T1791L,G5
W0035F0002T0006Z000C1N79.png,30,63.775574614917986,63.81646591974458,43.38219630598259,43.26530923800495,T1791L,G5
W0035F0002T0006Z000C1N79.png,31,70.51226038848513,70.5630883011368,43.38219630598259,43.26530923800495,T1791L,G5
W0035F0002T0006Z000C1N79.png,32,61.3546513205017,61.818183608515284,43.38219630598259,43.26530923800495,T1791L,G5
W0035F0002T0006Z000C1N79.png,33,52.85623306202274,53.15372705136854,43.38219630598259,43.26530923800495,T1791L,G5
W0035F0002T0006Z000C1N79.png,34,138.6635095026997,138.16440926115538,43.38219630598259,43.26530923800495,T1791L,G5
W0035F0002T0006Z000C1N79.png,35,69.83023692080047,70.23413438515799,43.38219630598259,43.26530923800495,T1791L,G5
W0035F0002T0006Z000C1N8.png,1,27.690737174273597,27.529269146912586,17.452040990051785,15.188364477620757,T1791L,G5
W0035F0002T0006Z000C1N8.png,2,14.874244677443656,14.912151946648219,17.452040990051785,15.188364477620757,T1791L,G5
W0035F0002T0006Z000C1N8.png,3,2.7462021590483547,2.9485401690311543,17.452040990051785,15.188364477620757,T1791L,G5
W0035F0002T0006Z000C1N8.png,4,26.998049001362425,27.285446488375207,17.452040990051785,15.188364477620757,T1791L,G5
W0035F0002T0006Z000C1N8.png,5,2.794779852950429,2.7776944711779055,17.452040990051785,15.188364477620757,T1791L,G5
W0035F0002T0006Z000C1N8.png,6,39.419390774029814,25.990604642859818,17.452040990051785,15.188364477620757,T1791L,G5
W0035F0002T0006Z000C1N8.png,7,36.56959822036589,14.425441509323743,17.452040990051785,15.188364477620757,T1791L,G5
W0035F0002T0006Z000C1N8.png,8,42.30509644013692,33.355353523879565,17.452040990051785,15.188364477620757,T1791L,G5
W0035F0002T0006Z000C1N8.png,9,56.56969147585231,52.96183336446038,17.452040990051785,15.188364477620757,T1791L,G5
W0035F0002T0006Z000C1N8.png,10,46.156387616115815,41.28278519335246,17.452040990051785,15.188364477620757,T1791L,G5
W0035F0002T0006Z000C1N8.png,11,9.288526497015999,8.835699925836686,17.452040990051785,15.188364477620757,T1791L,G5
W0035F0002T0006Z000C1N80.png,1,16.218089380031167,16.303506353545703,5.8085649642938515,5.983130469872527,T1791L,G5
W0035F0002T0006Z000C1N80.png,2,4.6009594514434635,4.33724541380065,5.8085649642938515,5.983130469872527,T1791L,G5
W0035F0002T0006Z000C1N83.png,1,20.392864007393943,27.22781446188593,9.333180394103577,8.25623823717132,T1791L,G5
W0035F0002T0006Z000C1N83.png,2,22.514416374009677,17.5302773642735,9.333180394103577,8.25623823717132,T1791L,G5
W0035F0002T0006Z000C1N83.png,3,29.49900572186858,11.402395485094269,9.333180394103577,8.25623823717132,T1791L,G5
W0035F0002T0006Z000C1N83.png,4,22.756371349108925,1.004912932716994,9.333180394103577,8.25623823717132,T1791L,G5
W0035F0002T0006Z000C1N83.png,5,3.4703524038683873,18.95525293915043,9.333180394103577,8.25623823717132,T1791L,G5
W0035F0002T0006Z000C1N83.png,6,32.9397179923764,9.337909891393041,9.333180394103577,8.25623823717132,T1791L,G5
W0035F0002T0006Z000C1N85.png,1,102.85946192689832,12.90256219171643,23.55660773035395,8.396780424062706,T1791L,G5
W0035F0002T0006Z000C1N85.png,2,95.66833996023233,2.0466775244011526,23.55660773035395,8.396780424062706,T1791L,G5
W0035F0002T0006Z000C1N85.png,3,48.40062653381528,1.44056268978577,23.55660773035395,8.396780424062706,T1791L,G5
W0035F0002T0006Z000C1N85.png,4,58.119340187695556,1.6881732649605687,23.55660773035395,8.396780424062706,T1791L,G5
W0035F0002T0006Z000C1N85.png,5,78.75902807808119,4.922299954744217,23.55660773035395,8.396780424062706,T1791L,G5
W0035F0002T0006Z000C1N85.png,6,3.7844226359001376,0.6040720385237907,23.55660773035395,8.396780424062706,T1791L,G5
W0035F0002T0006Z000C1N85.png,7,21.104763620978698,17.66338064461372,23.55660773035395,8.396780424062706,T1791L,G5
W0035F0002T0006Z000C1N85.png,8,42.04044642328274,5.988844508337691,23.55660773035395,8.396780424062706,T1791L,G5
W0035F0002T0006Z000C1N85.png,9,19.984632156881307,19.3686706994549,23.55660773035395,8.396780424062706,T1791L,G5
W0035F0002T0006Z000C1N85.png,10,62.92026926733627,1.7972486585569616,23.55660773035395,8.396780424062706,T1791L,G5
W0035F0002T0006Z000C1N85.png,11,55.40488686149229,2.0,23.55660773035395,8.396780424062706,T1791L,G5
W0035F0002T0006Z000C1N85.png,12,37.89878158451369,0.9539528143044171,23.55660773035395,8.396780424062706,T1791L,G5
W0035F0002T0006Z000C1N85.png,13,71.86101824742201,4.473146145460677,23.55660773035395,8.396780424062706,T1791L,G5
W0035F0002T0006Z000C1N85.png,14,19.693337675821322,15.940642535109014,23.55660773035395,8.396780424062706,T1791L,G5
W0035F0002T0006Z000C1N85.png,15,67.65178572289099,10.126278863236806,23.55660773035395,8.396780424062706,T1791L,G5
W0035F0002T0006Z000C1N85.png,16,26.2816335839711,10.046463169803712,23.55660773035395,8.396780424062706,T1791L,G5
W0035F0002T0006Z000C1N85.png,17,32.114141507772175,0.8966195468519306,23.55660773035395,8.396780424062706,T1791L,G5
W0035F0002T0006Z000C1N85.png,18,62.26940564655067,11.797306425802379,23.55660773035395,8.396780424062706,T1791L,G5
W0035F0002T0006Z000C1N85.png,19,36.631228765828354,8.968227840950837,23.55660773035395,8.396780424062706,T1791L,G5
W0035F0002T0006Z000C1N85.png,20,44.94784015543548,5.445462443584549,23.55660773035395,8.396780424062706,T1791L,G5
W0035F0002T0006Z000C1N85.png,21,38.54968999231147,3.559134426674407,23.55660773035395,8.396780424062706,T1791L,G5
W0035F0002T0006Z000C1N85.png,22,46.03611702501144,2.359622332920869,23.55660773035395,8.396780424062706,T1791L,G5
W0035F0002T0006Z000C1N85.png,23,63.08518334352893,2.267096550816398,23.55660773035395,8.396780424062706,T1791L,G5
W0035F0002T0006Z000C1N85.png,24,52.36371622714009,11.342533280730978,23.55660773035395,8.396780424062706,T1791L,G5
W0035F0002T0006Z000C1N85.png,25,76.01791696309049,0.3658279411800687,23.55660773035395,8.396780424062706,T1791L,G5
W0035F0002T0006Z000C1N85.png,26,54.68316043569286,0.9131254619448586,23.55660773035395,8.396780424062706,T1791L,G5
W0035F0002T0006Z000C1N85.png,27,58.53165025379749,8.229179045026429,23.55660773035395,8.396780424062706,T1791L,G5
W0035F0002T0006Z000C1N85.png,28,67.71782166390821,16.097327944169766,23.55660773035395,8.396780424062706,T1791L,G5
W0035F0002T0006Z000C1N85.png,29,72.11087327251558,1.7041257126293257,23.55660773035395,8.396780424062706,T1791L,G5
W0035F0002T0006Z000C1N85.png,30,78.59851057787523,5.296763989149771,23.55660773035395,8.396780424062706,T1791L,G5
W0035F0002T0006Z000C1N85.png,31,53.71925237182745,17.8182595625418,23.55660773035395,8.396780424062706,T1791L,G5
W0035F0002T0006Z000C1N85.png,32,7.897653818505299,11.778271292521836,23.55660773035395,8.396780424062706,T1791L,G5
W0035F0002T0006Z000C1N85.png,33,11.772674112183497,14.188371706289624,23.55660773035395,8.396780424062706,T1791L,G5
W0035F0002T0006Z000C1N85.png,34,71.89806628303685,6.9752088767115765,23.55660773035395,8.396780424062706,T1791L,G5
W0035F0002T0006Z000C1N85.png,35,20.11372627203656,16.717200315101977,23.55660773035395,8.396780424062706,T1791L,G5
W0035F0002T0006Z000C1N85.png,36,56.20868577450808,12.023343271202158,23.55660773035395,8.396780424062706,T1791L,G5
W0035F0002T0006Z000C1N85.png,37,13.701355609117691,14.571457768675897,23.55660773035395,8.396780424062706,T1791L,G5
W0035F0002T0006Z000C1N85.png,38,37.11687293879586,29.841510595603513,23.55660773035395,8.396780424062706,T1791L,G5
W0035F0002T0006Z000C1N85.png,39,59.73794495617378,5.692289424402975,23.55660773035395,8.396780424062706,T1791L,G5
W0035F0002T0006Z000C1N85.png,40,72.91518029238557,7.956195444643177,23.55660773035395,8.396780424062706,T1791L,G5
W0035F0002T0006Z000C1N85.png,41,24.514410712443308,0.46850860404115807,23.55660773035395,8.396780424062706,T1791L,G5
W0035F0002T0006Z000C1N85.png,42,57.08427618607469,11.585536730156306,23.55660773035395,8.396780424062706,T1791L,G5
W0035F0002T0006Z000C1N85.png,43,67.20003444133775,3.044309102563562,23.55660773035395,8.396780424062706,T1791L,G5
W0035F0002T0006Z000C1N85.png,44,60.886566440557836,12.170975846711078,23.55660773035395,8.396780424062706,T1791L,G5
W0035F0002T0006Z000C1N85.png,45,77.00210098806075,7.700376120101568,23.55660773035395,8.396780424062706,T1791L,G5
W0035F0002T0006Z000C1N85.png,46,69.229258433791,6.90542096047293,23.55660773035395,8.396780424062706,T1791L,G5
W0035F0002T0006Z000C1N85.png,47,57.77999751854522,12.733664741877847,23.55660773035395,8.396780424062706,T1791L,G5
W0035F0002T0006Z000C1N85.png,48,67.38892969645451,6.175847885843654,23.55660773035395,8.396780424062706,T1791L,G5
W0035F0002T0006Z000C1N85.png,49,78.46895747522689,7.780760304803103,23.55660773035395,8.396780424062706,T1791L,G5
W0035F0002T0006Z000C1N85.png,50,65.8568571408137,10.891861781221083,23.55660773035395,8.396780424062706,T1791L,G5
W0035F0002T0006Z000C1N85.png,51,76.07307821075108,6.167462547010862,23.55660773035395,8.396780424062706,T1791L,G5
W0035F0002T0006Z000C1N85.png,52,86.23812824447256,10.261368399176158,23.55660773035395,8.396780424062706,T1791L,G5
W0035F0002T0006Z000C1N85.png,53,63.34922320382098,0.9543274717669673,23.55660773035395,8.396780424062706,T1791L,G5
W0035F0002T0006Z000C1N85.png,54,52.277096926260604,23.85848352389765,23.55660773035395,8.396780424062706,T1791L,G5
W0035F0002T0006Z000C1N85.png,55,62.33819221633662,15.691330690242273,23.55660773035395,8.396780424062706,T1791L,G5
W0035F0002T0006Z000C1N85.png,56,35.85452885278453,33.5324131074704,23.55660773035395,8.396780424062706,T1791L,G5
W0035F0002T0006Z000C1N85.png,57,68.3021412278897,13.332430345331105,23.55660773035395,8.396780424062706,T1791L,G5
W0035F0002T0006Z000C1N85.png,58,85.43813472649859,6.949143252276093,23.55660773035395,8.396780424062706,T1791L,G5
W0035F0002T0006Z000C1N85.png,59,98.62400568710196,24.884672085244723,23.55660773035395,8.396780424062706,T1791L,G5
W0035F0002T0006Z000C1N85.png,60,72.18093556193745,16.171372312675622,23.55660773035395,8.396780424062706,T1791L,G5
W0035F0002T0006Z000C1N85.png,61,84.3722314784004,4.240385918905656,23.55660773035395,8.396780424062706,T1791L,G5
W0035F0002T0006Z000C1N85.png,62,77.07989334837306,2.9613358167450983,23.55660773035395,8.396780424062706,T1791L,G5
W0035F0002T0006Z000C1N85.png,63,77.78915891973742,7.9828907130431634,23.55660773035395,8.396780424062706,T1791L,G5
W0035F0002T0006Z000C1N85.png,64,95.30502359281712,17.358408657986395,23.55660773035395,8.396780424062706,T1791L,G5
W0035F0002T0006Z000C1N85.png,65,72.7880612382336,29.687110756319694,23.55660773035395,8.396780424062706,T1791L,G5
W0035F0002T0006Z000C1N85.png,66,72.2561763607509,39.49088522122245,23.55660773035395,8.396780424062706,T1791L,G5
W0035F0002T0006Z000C1N85.png,67,77.36972884644334,21.0056508710277,23.55660773035395,8.396780424062706,T1791L,G5
W0035F0002T0006Z000C1N85.png,68,95.89104622898256,17.83946969083639,23.55660773035395,8.396780424062706,T1791L,G5
W0035F0002T0006Z000C1N85.png,69,98.04087591231348,15.1504769705168,23.55660773035395,8.396780424062706,T1791L,G5
W0035F0002T0006Z000C1N94.png,1,95.11044300875982,95.04693514093738,22.01995666832834,22.68417823478317,T1791L,G5
W0035F0002T0006Z000C1N94.png,2,83.16777297433953,83.10930943943661,22.01995666832834,22.68417823478317,T1791L,G5
W0035F0002T0006Z000C1N94.png,3,70.99229938305463,43.16993130080683,22.01995666832834,22.68417823478317,T1791L,G5
W0035F0002T0006Z000C1N94.png,4,77.5053295996688,23.893519741360805,22.01995666832834,22.68417823478317,T1791L,G5
W0035F0002T0006Z000C1N94.png,5,74.24524324464552,74.18850197857564,22.01995666832834,22.68417823478317,T1791L,G5
W0035F0002T0006Z000C1N94.png,6,66.63741149033599,66.58522058524025,22.01995666832834,22.68417823478317,T1791L,G5
W0035F0002T0006Z000C1N94.png,7,88.13456736236525,2.2010329053368927,22.01995666832834,22.68417823478317,T1791L,G5
W0035F0002T0006Z000C1N94.png,8,60.258064880246096,60.21042277205872,22.01995666832834,22.68417823478317,T1791L,G5
W0035F0002T0006Z000C1N94.png,9,58.02925990936752,57.990209343929585,22.01995666832834,22.68417823478317,T1791L,G5
W0035F0002T0006Z000C1N94.png,10,90.05760452640736,89.98929034060359,22.01995666832834,22.68417823478317,T1791L,G5
W0035F0002T0006Z000C1N94.png,11,75.30267416368851,75.23695070984087,22.01995666832834,22.68417823478317,T1791L,G5
W0035F0002T0006Z000C1N94.png,12,93.05440475068428,20.517998527941256,22.01995666832834,22.68417823478317,T1791L,G5
W0035F0002T0006Z000C1N94.png,13,63.925682439316724,63.86379220766781,22.01995666832834,22.68417823478317,T1791L,G5
W0035F0002T0006Z000C1N94.png,14,69.87766853577129,69.8110476863926,22.01995666832834,22.68417823478317,T1791L,G5
W0035F0002T0006Z000C1N94.png,15,71.26006551763882,18.84081478730992,22.01995666832834,22.68417823478317,T1791L,G5
W0035F0002T0006Z000C1N94.png,16,62.7497392229747,23.59079310108349,22.01995666832834,22.68417823478317,T1791L,G5
W0035F0002T0006Z000C1N94.png,17,76.95241207753747,76.88293894239351,22.01995666832834,22.68417823478317,T1791L,G5
W0035F0002T0006Z000C1N94.png,18,72.25560033777367,72.18736069032204,22.01995666832834,22.68417823478317,T1791L,G5
W0035F0002T0006Z000C1N94.png,19,44.9026588895928,44.85786759607728,22.01995666832834,22.68417823478317,T1791L,G5
W0035F0002T0006Z000C1N94.png,20,75.06813805630553,27.9538490287848,22.01995666832834,22.68417823478317,T1791L,G5
W0035F0002T0006Z000C1N94.png,21,76.14233033691939,76.07222918492799,22.01995666832834,22.68417823478317,T1791L,G5
W0035F0002T0006Z000C1N94.png,22,37.068119883056866,37.03632788909292,22.01995666832834,22.68417823478317,T1791L,G5
W0035F0002T0006Z000C1N94.png,23,47.412841319296575,38.922564784231724,22.01995666832834,22.68417823478317,T1791L,G5
W0035F0002T0006Z000C1N94.png,24,84.8139262015891,34.48291212732567,22.01995666832834,22.68417823478317,T1791L,G5
W0035F0002T0006Z000C1N94.png,25,39.21939107955169,39.16437861139491,22.01995666832834,22.68417823478317,T1791L,G5
W0035F0002T0006Z000C1N94.png,26,35.016562816224294,34.97398165815399,22.01995666832834,22.68417823478317,T1791L,G5
W0035F0002T0006Z000C1N94.png,27,38.72106355654004,38.65784902894123,22.01995666832834,22.68417823478317,T1791L,G5
W0035F0002T0006Z000C1N94.png,28,34.65479864989195,34.64612541564344,22.01995666832834,22.68417823478317,T1791L,G5
W0035F0002T0006Z000C1N94.png,29,63.68716137183995,40.04214600630343,22.01995666832834,22.68417823478317,T1791L,G5
W0035F0002T0006Z000C1N94.png,30,39.407687648104144,39.444954234805934,22.01995666832834,22.68417823478317,T1791L,G5
W0035F0002T0006Z000C1N94.png,31,40.058342330642375,39.98937893388642,22.01995666832834,22.68417823478317,T1791L,G5
W0035F0002T0006Z000C1N94.png,32,39.39612471738386,39.44451436437137,22.01995666832834,22.68417823478317,T1791L,G5
W0035F0002T0006Z000C1N94.png,33,57.98181719220236,53.266306261238434,22.01995666832834,22.68417823478317,T1791L,G5
W0035F0002T0006Z000C1N94.png,34,71.59810799741676,58.960229324310696,22.01995666832834,22.68417823478317,T1791L,G5
W0035F0002T0006Z000C1N94.png,35,60.246291121231856,60.30869692815014,22.01995666832834,22.68417823478317,T1791L,G5
W0035F0002T0006Z000C1N94.png,36,34.99589591255579,34.92783226937204,22.01995666832834,22.68417823478317,T1791L,G5
W0035F0002T0006Z000C1N94.png,37,72.3490605561892,69.31198478306547,22.01995666832834,22.68417823478317,T1791L,G5
W0035F0002T0006Z000C1N94.png,38,62.64380560678971,62.70939479750394,22.01995666832834,22.68417823478317,T1791L,G5
W0035F0002T0006Z000C1N94.png,39,53.98334597354412,54.050354277495664,22.01995666832834,22.68417823478317,T1791L,G5
W0035F0002T0006Z000C1N94.png,40,37.61755163237121,37.56652486554224,22.01995666832834,22.68417823478317,T1791L,G5
W0035F0002T0006Z000C1N94.png,41,31.437217859135348,31.507193900583548,22.01995666832834,22.68417823478317,T1791L,G5
W0035F0002T0006Z000C1N94.png,42,61.360400357452804,61.30659379530716,22.01995666832834,22.68417823478317,T1791L,G5
W0035F0002T0006Z000C1N94.png,43,46.86478817065478,46.825385261857676,22.01995666832834,22.68417823478317,T1791L,G5
W0035F0002T0006Z000C1N94.png,44,64.79589090672195,64.86621210703235,22.01995666832834,22.68417823478317,T1791L,G5
W0035F0002T0006Z000C1N94.png,45,0.5020602409960071,0.5445945133076023,22.01995666832834,22.68417823478317,T1791L,G5
W0035F0002T0006Z000C1N94.png,46,77.34941453098969,77.41970223299613,22.01995666832834,22.68417823478317,T1791L,G5
W0035F0002T0006Z000C1N94.png,47,72.80535523629196,72.87566529215731,22.01995666832834,22.68417823478317,T1791L,G5
W0035F0002T0006Z000C1N94.png,48,63.159036375391715,70.52460295127885,22.01995666832834,22.68417823478317,T1791L,G5
W0035F0002T0006Z000C1N94.png,49,40.907785537067625,40.95833287827171,22.01995666832834,22.68417823478317,T1791L,G5
W0035F0002T0006Z000C1N94.png,50,34.328608383402624,49.37490405312596,22.01995666832834,22.68417823478317,T1791L,G5
W0035F0002T0006Z000C1N94.png,51,41.969610945990766,66.64060300663888,22.01995666832834,22.68417823478317,T1791L,G5
W0035F0002T0006Z000C1N94.png,52,33.80892115798295,49.30786413519085,22.01995666832834,22.68417823478317,T1791L,G5
W0035F0002T0006Z000C1N94.png,53,20.488903168818588,58.71978090913404,22.01995666832834,22.68417823478317,T1791L,G5
W0035F0002T0006Z000C1N94.png,54,24.562194376758523,61.93389519734212,22.01995666832834,22.68417823478317,T1791L,G5
W0035F0002T0006Z000C1N94.png,55,23.055824594404164,52.66705771844381,22.01995666832834,22.68417823478317,T1791L,G5
W0035F0002T0006Z000C1N94.png,56,42.30440284414851,63.7685460163938,22.01995666832834,22.68417823478317,T1791L,G5
W0035F0002T0006Z000C1N94.png,57,51.64597704027338,93.84944354589528,22.01995666832834,22.68417823478317,T1791L,G5
W0035F0002T0006Z000C1N94.png,58,79.9038050130002,91.13760686888573,22.01995666832834,22.68417823478317,T1791L,G5
W0035F0002T0006Z000C1N94.png,59,93.46744085509137,102.01369213119233,22.01995666832834,22.68417823478317,T1791L,G5
W0035F0002T0006Z000C1N94.png,60,44.39032624131476,88.27495273323544,22.01995666832834,22.68417823478317,T1791L,G5
W0035F0002T0006Z000C1N94.png,61,3.4716327413861787,72.36548438951908,22.01995666832834,22.68417823478317,T1791L,G5
W0035F0002T0006Z000C1N94.png,62,27.654672349853975,72.38948889795289,22.01995666832834,22.68417823478317,T1791L,G5
W0035F0002T0006Z000C1N94.png,63,39.70742108584236,71.36705923897786,22.01995666832834,22.68417823478317,T1791L,G5
W0035F0002T0006Z000C1N94.png,64,88.51374884484275,100.47597699557583,22.01995666832834,22.68417823478317,T1791L,G5
W0035F0002T0006Z000C1N95.png,1,53.74195100447056,9.061063362482217,15.051497534753857,12.87816140077737,T1791L,G5
W0035F0002T0006Z000C1N95.png,2,35.720644679807265,0.9125539803630767,15.051497534753857,12.87816140077737,T1791L,G5
W0035F0002T0006Z000C1N95.png,3,64.11315914265433,20.956183129383216,15.051497534753857,12.87816140077737,T1791L,G5
W0035F0002T0006Z000C1N95.png,4,48.992406186996,6.1013436940523365,15.051497534753857,12.87816140077737,T1791L,G5
W0035F0002T0006Z000C1N95.png,5,39.9061108292587,12.126105739643462,15.051497534753857,12.87816140077737,T1791L,G5
W0035F0002T0006Z000C1N95.png,6,45.21726667815416,13.888568786708259,15.051497534753857,12.87816140077737,T1791L,G5
W0035F0002T0006Z000C1N95.png,7,19.173613975474055,17.852384000354657,15.051497534753857,12.87816140077737,T1791L,G5
W0035F0002T0006Z000C1N95.png,8,2.9896503063837523,1.875802783144939,15.051497534753857,12.87816140077737,T1791L,G5
W0035F0002T0006Z000C1N95.png,9,42.48084845613588,14.142529266551625,15.051497534753857,12.87816140077737,T1791L,G5
W0035F0002T0006Z000C1N95.png,10,48.24960869420617,0.6227685532037854,15.051497534753857,12.87816140077737,T1791L,G5
W0035F0002T0006Z000C1N95.png,11,39.19768838214479,33.45611981741338,15.051497534753857,12.87816140077737,T1791L,G5
W0035F0002T0006Z000C1N95.png,12,48.98819701889084,3.8239906855365895,15.051497534753857,12.87816140077737,T1791L,G5
W0035F0002T0006Z000C1N95.png,13,67.46890178268843,46.63149239030771,15.051497534753857,12.87816140077737,T1791L,G5
W0035F0002T0006Z000C1N95.png,14,43.57383709858251,18.168260460617883,15.051497534753857,12.87816140077737,T1791L,G5
W0035F0002T0006Z000C1N95.png,15,38.412798581297935,18.213095425269817,15.051497534753857,12.87816140077737,T1791L,G5
W0035F0002T0006Z000C1N95.png,16,36.66145856002217,11.1729197889871,15.051497534753857,12.87816140077737,T1791L,G5
W0035F0002T0006Z000C1N95.png,17,45.83442093639398,18.736104421695515,15.051497534753857,12.87816140077737,T1791L,G5
W0035F0002T0006Z000C1N95.png,18,17.9852781536026,31.918116360123538,15.051497534753857,12.87816140077737,T1791L,G5
W0035F0002T0006Z000C1N95.png,19,30.46172019499085,3.289306577050074,15.051497534753857,12.87816140077737,T1791L,G5
W0035F0002T0006Z000C1N95.png,20,3.230445829124377,34.878194904571835,15.051497534753857,12.87816140077737,T1791L,G5
W0035F0002T0006Z000C1N95.png,21,18.892537277007083,4.572455229046888,15.051497534753857,12.87816140077737,T1791L,G5
W0035F0002T0006Z000C1N95.png,22,44.819815002490145,43.509147287485135,15.051497534753857,12.87816140077737,T1791L,G5
W0035F0002T0006Z000C1N95.png,23,42.92188660761199,41.52789684866179,15.051497534753857,12.87816140077737,T1791L,G5
W0035F0002T0006Z000C1N95.png,24,32.73600629447932,25.430332569432203,15.051497534753857,12.87816140077737,T1791L,G5
W0035F0002T0006Z000C1N95.png,25,23.625655748436287,4.040673930147242,15.051497534753857,12.87816140077737,T1791L,G5
W0035F0002T0006Z000C1N95.png,26,37.57990831034202,36.51179010313669,15.051497534753857,12.87816140077737,T1791L,G5
W0035F0002T0006Z000C1N95.png,27,21.06100899409136,19.904198165006207,15.051497534753857,12.87816140077737,T1791L,G5
W0035F0002T0006Z000C1N95.png,28,31.25747405242552,34.25640135562823,15.051497534753857,12.87816140077737,T1791L,G5
W0035F0002T0006Z000C1N95.png,29,27.23119606406708,25.839253013792625,15.051497534753857,12.87816140077737,T1791L,G5
W0035F0002T0006Z000C1N95.png,30,22.930367628550144,32.67087450295376,15.051497534753857,12.87816140077737,T1791L,G5
W0035F0002T0006Z000C1N95.png,31,26.699147752176764,25.64322982799097,15.051497534753857,12.87816140077737,T1791L,G5
W0035F0002T0006Z000C1N95.png,32,25.475093498182723,24.599821237945914,15.051497534753857,12.87816140077737,T1791L,G5
W0035F0002T0006Z000C1N95.png,33,39.313772819422425,7.215662636952991,15.051497534753857,12.87816140077737,T1791L,G5
W0035F0002T0006Z000C1N95.png,34,44.19665049544918,12.724142211477268,15.051497534753857,12.87816140077737,T1791L,G5
W0035F0002T0006Z000C1N95.png,35,41.29533536860528,19.089158394372287,15.051497534753857,12.87816140077737,T1791L,G5
W0035F0002T0006Z000C1N95.png,36,47.74138653707823,14.63929356626154,15.051497534753857,12.87816140077737,T1791L,G5
W0035F0002T0006Z000C1N95.png,37,42.15256349051584,28.305133823136583,15.051497534753857,12.87816140077737,T1791L,G5
W0035F0002T0006Z000C1N95.png,38,55.40702008808812,1.860066222912313,15.051497534753857,12.87816140077737,T1791L,G5
W0035F0002T0006Z000C1N95.png,39,51.87827887795951,10.39434688120107,15.051497534753857,12.87816140077737,T1791L,G5
W0035F0002T0006Z000C1N95.png,40,1.6282787808459562,1.266037802867388,15.051497534753857,12.87816140077737,T1791L,G5
W0035F0003T0006Z000C1N12.png,1,62.42523630439051,62.1429444666557,24.54825559422537,27.136051686262586,T1791L,G5
W0035F0003T0006Z000C1N12.png,2,78.61109852486398,78.3232441797005,24.54825559422537,27.136051686262586,T1791L,G5
W0035F0003T0006Z000C1N12.png,3,1.3586024959755045,0.6663514861438385,24.54825559422537,27.136051686262586,T1791L,G5
W0035F0003T0006Z000C1N12.png,4,81.5716426535777,84.50829311178354,24.54825559422537,27.136051686262586,T1791L,G5
W0035F0003T0006Z000C1N12.png,5,23.016082084660393,23.69268591597395,24.54825559422537,27.136051686262586,T1791L,G5
W0035F0003T0006Z000C1N12.png,6,67.81407953724792,70.40253178407863,24.54825559422537,27.136051686262586,T1791L,G5
W0035F0003T0006Z000C1N12.png,7,58.542460253447196,61.227154778137034,24.54825559422537,27.136051686262586,T1791L,G5
W0035F0003T0006Z000C1N12.png,8,39.86334255928432,42.874383264527125,24.54825559422537,27.136051686262586,T1791L,G5
W0035F0003T0006Z000C1N12.png,9,38.3972679623815,41.1040357136668,24.54825559422537,27.136051686262586,T1791L,G5
W0035F0003T0006Z000C1N12.png,10,28.27191709463628,30.972609996918468,24.54825559422537,27.136051686262586,T1791L,G5
W0035F0003T0006Z000C1N12.png,11,52.860822523571095,50.81649557919472,24.54825559422537,27.136051686262586,T1791L,G5
W0035F0003T0006Z000C1N12.png,12,54.559458964363905,56.26183951871725,24.54825559422537,27.136051686262586,T1791L,G5
W0035F0003T0006Z000C1N12.png,13,49.87615036511587,51.17646515305417,24.54825559422537,27.136051686262586,T1791L,G5
W0035F0003T0006Z000C1N12.png,14,46.02294610964601,48.47302264665877,24.54825559422537,27.136051686262586,T1791L,G5
W0035F0003T0006Z000C1N12.png,15,12.870572944997516,14.648290561651226,24.54825559422537,27.136051686262586,T1791L,G5
W0035F0003T0006Z000C1N12.png,16,16.193958360334975,1.3285061053321536,24.54825559422537,27.136051686262586,T1791L,G5
W0035F0003T0006Z000C1N12.png,17,33.143117252714035,22.478717275049302,24.54825559422537,27.136051686262586,T1791L,G5
W0035F0003T0006Z000C1N12.png,18,0.6628709113691513,0.13951437526314614,24.54825559422537,27.136051686262586,T1791L,G5
W0035F0003T0006Z000C1N12.png,19,3.320103659174559,0.2869567208642521,24.54825559422537,27.136051686262586,T1791L,G5
W0035F0003T0006Z000C1N12.png,20,15.52458656741438,1.5121745028640758,24.54825559422537,27.136051686262586,T1791L,G5
W0035F0003T0006Z000C1N13.png,1,10.744162227501146,8.554964685295547,0.0,0.0,T1791L,G5
W0035F0003T0006Z000C1N18.png,1,91.77694960861312,49.180781536319756,24.485874492232977,21.076428770256136,T1791L,G5
W0035F0003T0006Z000C1N18.png,2,46.92008056847419,46.49833523017968,24.485874492232977,21.076428770256136,T1791L,G5
W0035F0003T0006Z000C1N18.png,3,39.39807846464613,39.0642512024879,24.485874492232977,21.076428770256136,T1791L,G5
W0035F0003T0006Z000C1N18.png,4,98.26060641951644,49.76370293684682,24.485874492232977,21.076428770256136,T1791L,G5
W0035F0003T0006Z000C1N18.png,5,89.16353799805533,41.5529388486534,24.485874492232977,21.076428770256136,T1791L,G5
W0035F0003T0006Z000C1N18.png,6,85.00509348659604,36.69104151278802,24.485874492232977,21.076428770256136,T1791L,G5
W0035F0003T0006Z000C1N18.png,7,86.88152026183893,38.18870655623093,24.485874492232977,21.076428770256136,T1791L,G5
W0035F0003T0006Z000C1N18.png,8,77.41931819504245,29.46795672287239,24.485874492232977,21.076428770256136,T1791L,G5
W0035F0003T0006Z000C1N18.png,9,81.42760704338724,32.59800918540102,24.485874492232977,21.076428770256136,T1791L,G5
W0035F0003T0006Z000C1N18.png,10,51.995480809179035,36.79179346979915,24.485874492232977,21.076428770256136,T1791L,G5
W0035F0003T0006Z000C1N18.png,11,53.01273885300583,26.358347702826517,24.485874492232977,21.076428770256136,T1791L,G5
W0035F0003T0006Z000C1N18.png,12,73.98886934206159,25.23446020501703,24.485874492232977,21.076428770256136,T1791L,G5
W0035F0003T0006Z000C1N18.png,13,80.39600841763047,32.73503256376346,24.485874492232977,21.076428770256136,T1791L,G5
W0035F0003T0006Z000C1N18.png,14,49.48082858369674,14.882065732970716,24.485874492232977,21.076428770256136,T1791L,G5
W0035F0003T0006Z000C1N18.png,15,32.251167640742416,31.51604596340449,24.485874492232977,21.076428770256136,T1791L,G5
W0035F0003T0006Z000C1N18.png,16,78.29447703486612,32.34314512541921,24.485874492232977,21.076428770256136,T1791L,G5
W0035F0003T0006Z000C1N18.png,17,30.035143457521418,28.994346736504593,24.485874492232977,21.076428770256136,T1791L,G5
W0035F0003T0006Z000C1N18.png,18,52.32426031140216,11.71362276452354,24.485874492232977,21.076428770256136,T1791L,G5
W0035F0003T0006Z000C1N18.png,19,17.956944676693315,16.91342843641777,24.485874492232977,21.076428770256136,T1791L,G5
W0035F0003T0006Z000C1N18.png,20,73.18615026658746,37.70691782514526,24.485874492232977,21.076428770256136,T1791L,G5
W0035F0003T0006Z000C1N18.png,21,6.831047995756544,6.096185602607435,24.485874492232977,21.076428770256136,T1791L,G5
W0035F0003T0006Z000C1N18.png,22,33.220230124368584,32.81990519311949,24.485874492232977,21.076428770256136,T1791L,G5
W0035F0003T0006Z000C1N18.png,23,28.313134714581206,28.390939460386498,24.485874492232977,21.076428770256136,T1791L,G5
W0035F0003T0006Z000C1N18.png,24,38.08035924169042,38.103551039932626,24.485874492232977,21.076428770256136,T1791L,G5
W0035F0003T0006Z000C1N18.png,25,59.1707256956206,36.33400594263782,24.485874492232977,21.076428770256136,T1791L,G5
W0035F0003T0006Z000C1N18.png,26,18.229143648605927,18.565699818083697,24.485874492232977,21.076428770256136,T1791L,G5
W0035F0003T0006Z000C1N18.png,27,53.935994846720924,41.0819580542562,24.485874492232977,21.076428770256136,T1791L,G5
W0035F0003T0006Z000C1N18.png,28,15.062777927598399,15.774827950628076,24.485874492232977,21.076428770256136,T1791L,G5
W0035F0003T0006Z000C1N18.png,29,32.01141943663317,32.165963145013116,24.485874492232977,21.076428770256136,T1791L,G5
W0035F0003T0006Z000C1N18.png,30,57.51406914698372,46.63273245315291,24.485874492232977,21.076428770256136,T1791L,G5
W0035F0003T0006Z000C1N18.png,31,52.998787703066164,53.0066639978227,24.485874492232977,21.076428770256136,T1791L,G5
W0035F0003T0006Z000C1N18.png,32,74.85644556556691,67.52104200285802,24.485874492232977,21.076428770256136,T1791L,G5
W0035F0003T0006Z000C1N18.png,33,79.71373095468003,71.0764293159355,24.485874492232977,21.076428770256136,T1791L,G5
W0035F0003T0006Z000C1N18.png,34,33.36656201850059,34.19285138358813,24.485874492232977,21.076428770256136,T1791L,G5
W0035F0003T0006Z000C1N18.png,35,54.831451745511096,55.49501416897409,24.485874492232977,21.076428770256136,T1791L,G5
W0035F0003T0006Z000C1N18.png,36,12.270241593024851,12.684815756517205,24.485874492232977,21.076428770256136,T1791L,G5
W0035F0003T0006Z000C1N18.png,37,59.055034653370335,59.96712788515606,24.485874492232977,21.076428770256136,T1791L,G5
W0035F0003T0006Z000C1N18.png,38,59.83147390109223,60.640143621383224,24.485874492232977,21.076428770256136,T1791L,G5
W0035F0003T0006Z000C1N18.png,39,56.949632403526536,57.80725992174377,24.485874492232977,21.076428770256136,T1791L,G5
W0035F0003T0006Z000C1N18.png,40,93.9915189123564,94.72444044749389,24.485874492232977,21.076428770256136,T1791L,G5
W0035F0003T0006Z000C1N18.png,41,64.30797824273303,65.29792555980498,24.485874492232977,21.076428770256136,T1791L,G5
W0035F0003T0006Z000C1N18.png,42,87.7757922618244,88.58164725837045,24.485874492232977,21.076428770256136,T1791L,G5
W0035F0003T0006Z000C1N18.png,43,76.58497187399044,77.46696650510735,24.485874492232977,21.076428770256136,T1791L,G5
W0035F0003T0006Z000C1N18.png,44,87.91634069830296,88.76763180419474,24.485874492232977,21.076428770256136,T1791L,G5
W0035F0003T0006Z000C1N18.png,45,67.75910960220422,68.80240002660621,24.485874492232977,21.076428770256136,T1791L,G5
W0035F0003T0006Z000C1N19.png,1,17.315934926930098,7.3876357808566615,15.31145846973122,16.65833605637795,T1791L,G5
W0035F0003T0006Z000C1N19.png,2,14.794193715264845,14.62399890369924,15.31145846973122,16.65833605637795,T1791L,G5
W0035F0003T0006Z000C1N19.png,3,11.825784843430002,14.295903396461902,15.31145846973122,16.65833605637795,T1791L,G5
W0035F0003T0006Z000C1N19.png,4,25.23292161525658,3.79455012161153,15.31145846973122,16.65833605637795,T1791L,G5
W0035F0003T0006Z000C1N19.png,5,10.1155447358742,11.583771122832054,15.31145846973122,16.65833605637795,T1791L,G5
W0035F0003T0006Z000C1N19.png,6,8.848055983580391,1.3140936108932026,15.31145846973122,16.65833605637795,T1791L,G5
W0035F0003T0006Z000C1N19.png,7,3.312865574632149,7.477364846882585,15.31145846973122,16.65833605637795,T1791L,G5
W0035F0003T0006Z000C1N19.png,8,23.351668698573175,3.3896114520642877,15.31145846973122,16.65833605637795,T1791L,G5
W0035F0003T0006Z000C1N19.png,9,32.46424220894615,6.841458583924589,15.31145846973122,16.65833605637795,T1791L,G5
W0035F0003T0006Z000C1N19.png,10,17.98003575980993,14.094872938741398,15.31145846973122,16.65833605637795,T1791L,G5
W0035F0003T0006Z000C1N19.png,11,8.303853422205469,3.068996394416292,15.31145846973122,16.65833605637795,T1791L,G5
W0035F0003T0006Z000C1N19.png,12,16.24205195401632,15.129981681044054,15.31145846973122,16.65833605637795,T1791L,G5
W0035F0003T0006Z000C1N19.png,13,10.205080824718495,13.700277851453247,15.31145846973122,16.65833605637795,T1791L,G5
W0035F0003T0006Z000C1N19.png,14,20.668886512307072,9.126963109775794,15.31145846973122,16.65833605637795,T1791L,G5
W0035F0003T0006Z000C1N19.png,15,22.507912452512436,17.65790111259628,15.31145846973122,16.65833605637795,T1791L,G5
W0035F0003T0006Z000C1N19.png,16,38.11528047130016,3.728223314276087,15.31145846973122,16.65833605637795,T1791L,G5
W0035F0003T0006Z000C1N19.png,17,36.18291397637053,12.515653594471946,15.31145846973122,16.65833605637795,T1791L,G5
W0035F0003T0006Z000C1N19.png,18,33.201975946837,30.022372959428974,15.31145846973122,16.65833605637795,T1791L,G5
W0035F0003T0006Z000C1N19.png,19,28.303054013964598,16.317057027234718,15.31145846973122,16.65833605637795,T1791L,G5
W0035F0003T0006Z000C1N19.png,20,32.35020524912872,24.266140579188708,15.31145846973122,16.65833605637795,T1791L,G5
W0035F0003T0006Z000C1N19.png,21,49.8184452782831,41.1613687258949,15.31145846973122,16.65833605637795,T1791L,G5
W0035F0003T0006Z000C1N19.png,22,59.327348688749474,48.39305156901401,15.31145846973122,16.65833605637795,T1791L,G5
W0035F0003T0006Z000C1N19.png,23,45.57780905047584,50.199080747182826,15.31145846973122,16.65833605637795,T1791L,G5
W0035F0003T0006Z000C1N19.png,24,26.697340172054318,32.144066964113826,15.31145846973122,16.65833605637795,T1791L,G5
W0035F0003T0006Z000C1N19.png,25,42.92025475264483,26.657363669530774,15.31145846973122,16.65833605637795,T1791L,G5
W0035F0003T0006Z000C1N19.png,26,35.25553923866999,36.50635958433643,15.31145846973122,16.65833605637795,T1791L,G5
W0035F0003T0006Z000C1N19.png,27,44.68382028287768,46.12238631667321,15.31145846973122,16.65833605637795,T1791L,G5
W0035F0003T0006Z000C1N19.png,28,24.461678099194593,18.997057600722233,15.31145846973122,16.65833605637795,T1791L,G5
W0035F0003T0006Z000C1N19.png,29,25.263325128695687,26.784852396882783,15.31145846973122,16.65833605637795,T1791L,G5
W0035F0003T0006Z000C1N19.png,30,26.64858459291207,28.316986474608363,15.31145846973122,16.65833605637795,T1791L,G5
W0035F0003T0006Z000C1N19.png,31,37.57068739768544,38.71996265898586,15.31145846973122,16.65833605637795,T1791L,G5
W0035F0003T0006Z000C1N19.png,32,25.82116293132874,23.964506504424335,15.31145846973122,16.65833605637795,T1791L,G5
W0035F0003T0006Z000C1N19.png,33,24.34673327104908,25.969579706537893,15.31145846973122,16.65833605637795,T1791L,G5
W0035F0003T0006Z000C1N19.png,34,37.2043273713982,38.548748465054345,15.31145846973122,16.65833605637795,T1791L,G5
W0035F0003T0006Z000C1N19.png,35,49.796026572776086,47.02127995081856,15.31145846973122,16.65833605637795,T1791L,G5
W0035F0003T0006Z000C1N19.png,36,75.76067674990826,76.25585217905576,15.31145846973122,16.65833605637795,T1791L,G5
W0035F0003T0006Z000C1N19.png,37,6.070105254901056,4.4295771916562,15.31145846973122,16.65833605637795,T1791L,G5
W0035F0003T0006Z000C1N19.png,38,28.354220471663112,28.75975037003809,15.31145846973122,16.65833605637795,T1791L,G5
W0035F0003T0006Z000C1N21.png,1,9.189036464529076,9.59099223556316,0.0,0.0,T1791L,G5
W0035F0003T0006Z000C1N24.png,1,0.19069038055742882,0.14803920370975093,0.0,0.0,T1791L,G5
W0035F0003T0006Z000C1N25.png,1,83.29289767446416,66.78511364701073,24.24894786534191,20.780243351231295,T1791L,G5
W0035F0003T0006Z000C1N25.png,2,91.95097388918883,56.71331075904194,24.24894786534191,20.780243351231295,T1791L,G5
W0035F0003T0006Z000C1N25.png,3,73.46520075072567,40.737144960672886,24.24894786534191,20.780243351231295,T1791L,G5
W0035F0003T0006Z000C1N25.png,4,102.16176400068532,68.06687691456423,24.24894786534191,20.780243351231295,T1791L,G5
W0035F0003T0006Z000C1N25.png,5,64.68877500284064,38.43506193929324,24.24894786534191,20.780243351231295,T1791L,G5
W0035F0003T0006Z000C1N25.png,6,82.27753049495445,47.1133054468632,24.24894786534191,20.780243351231295,T1791L,G5
W0035F0003T0006Z000C1N25.png,7,78.41724097307058,42.92978140535108,24.24894786534191,20.780243351231295,T1791L,G5
W0035F0003T0006Z000C1N25.png,8,61.94632257280721,26.400806351104386,24.24894786534191,20.780243351231295,T1791L,G5
W0035F0003T0006Z000C1N25.png,9,59.643316683240876,32.193219921673204,24.24894786534191,20.780243351231295,T1791L,G5
W0035F0003T0006Z000C1N25.png,10,86.48225967140748,53.410748446423746,24.24894786534191,20.780243351231295,T1791L,G5
W0035F0003T0006Z000C1N25.png,11,55.32276152213538,19.877058670673406,24.24894786534191,20.780243351231295,T1791L,G5
W0035F0003T0006Z000C1N25.png,12,62.84287590328974,49.502179182075984,24.24894786534191,20.780243351231295,T1791L,G5
W0035F0003T0006Z000C1N25.png,13,76.8219336236825,66.16626059771707,24.24894786534191,20.780243351231295,T1791L,G5
W0035F0003T0006Z000C1N25.png,14,71.8281724860106,62.73115345444191,24.24894786534191,20.780243351231295,T1791L,G5
W0035F0003T0006Z000C1N25.png,15,35.66031914913254,0.05550787445077934,24.24894786534191,20.780243351231295,T1791L,G5
W0035F0003T0006Z000C1N25.png,16,68.13865346513164,58.05870485122655,24.24894786534191,20.780243351231295,T1791L,G5
W0035F0003T0006Z000C1N25.png,17,65.86664351290258,35.55890174015908,24.24894786534191,20.780243351231295,T1791L,G5
W0035F0003T0006Z000C1N25.png,18,69.34093477300705,62.890582101702215,24.24894786534191,20.780243351231295,T1791L,G5
W0035F0003T0006Z000C1N25.png,19,18.28951579734766,0.35709408345213106,24.24894786534191,20.780243351231295,T1791L,G5
W0035F0003T0006Z000C1N25.png,20,64.73970062287788,45.3116540244449,24.24894786534191,20.780243351231295,T1791L,G5
W0035F0003T0006Z000C1N25.png,21,27.088413632323213,21.15569142443458,24.24894786534191,20.780243351231295,T1791L,G5
W0035F0003T0006Z000C1N25.png,22,70.67854820812013,63.08254188393858,24.24894786534191,20.780243351231295,T1791L,G5
W0035F0003T0006Z000C1N25.png,23,56.37657560198696,48.259119266907064,24.24894786534191,20.780243351231295,T1791L,G5
W0035F0003T0006Z000C1N25.png,24,75.426015496432,62.66480732962008,24.24894786534191,20.780243351231295,T1791L,G5
W0035F0003T0006Z000C1N25.png,25,59.54017811718014,48.978654974817324,24.24894786534191,20.780243351231295,T1791L,G5
W0035F0003T0006Z000C1N25.png,26,17.925563489398417,0.4674895975736013,24.24894786534191,20.780243351231295,T1791L,G5
W0035F0003T0006Z000C1N25.png,27,59.23543207211996,55.39309778028808,24.24894786534191,20.780243351231295,T1791L,G5
W0035F0003T0006Z000C1N25.png,28,47.481503715086426,32.691885235010986,24.24894786534191,20.780243351231295,T1791L,G5
W0035F0003T0006Z000C1N25.png,29,23.309394690165146,3.8216603755545795,24.24894786534191,20.780243351231295,T1791L,G5
W0035F0003T0006Z000C1N25.png,30,48.66248284826247,44.83071895116121,24.24894786534191,20.780243351231295,T1791L,G5
W0035F0003T0006Z000C1N25.png,31,45.55917379717708,37.6719805127373,24.24894786534191,20.780243351231295,T1791L,G5
W0035F0003T0006Z000C1N25.png,32,33.652883871790806,1.6197472507550141,24.24894786534191,20.780243351231295,T1791L,G5
W0035F0003T0006Z000C1N25.png,33,38.93495033780538,28.327002224765394,24.24894786534191,20.780243351231295,T1791L,G5
W0035F0003T0006Z000C1N25.png,34,34.73444611427013,31.170177576369923,24.24894786534191,20.780243351231295,T1791L,G5
W0035F0003T0006Z000C1N25.png,35,43.00775271692639,16.123621450313824,24.24894786534191,20.780243351231295,T1791L,G5
W0035F0003T0006Z000C1N25.png,36,30.410446808794198,7.760370489554277,24.24894786534191,20.780243351231295,T1791L,G5
W0035F0003T0006Z000C1N25.png,37,28.523804462351574,25.058779572010117,24.24894786534191,20.780243351231295,T1791L,G5
W0035F0003T0006Z000C1N25.png,38,27.308531534706056,24.374167041200696,24.24894786534191,20.780243351231295,T1791L,G5
W0035F0003T0006Z000C1N25.png,39,42.59316514197392,25.4320887346989,24.24894786534191,20.780243351231295,T1791L,G5
W0035F0003T0006Z000C1N25.png,40,38.77890176840652,34.93599995629562,24.24894786534191,20.780243351231295,T1791L,G5
W0035F0003T0006Z000C1N25.png,41,19.11758168020166,16.335714979768312,24.24894786534191,20.780243351231295,T1791L,G5
W0035F0003T0006Z000C1N25.png,42,33.945785592319034,23.399744256422547,24.24894786534191,20.780243351231295,T1791L,G5
W0035F0003T0006Z000C1N25.png,43,37.8089986050189,26.771040875479198,24.24894786534191,20.780243351231295,T1791L,G5
W0035F0003T0006Z000C1N25.png,44,7.804749668309255,4.102541855394164,24.24894786534191,20.780243351231295,T1791L,G5
W0035F0003T0006Z000C1N25.png,45,13.931930729297124,13.78534073476587,24.24894786534191,20.780243351231295,T1791L,G5
W0035F0003T0006Z000C1N25.png,46,20.121033569058067,11.106422804803298,24.24894786534191,20.780243351231295,T1791L,G5
W0035F0003T0006Z000C1N25.png,47,6.80195414894343,6.9691896918842176,24.24894786534191,20.780243351231295,T1791L,G5
W0035F0003T0006Z000C1N25.png,48,2.866274711813464,1.5177629406671405,24.24894786534191,20.780243351231295,T1791L,G5
W0035F0003T0006Z000C1N25.png,49,40.500390354051106,48.869434578045094,24.24894786534191,20.780243351231295,T1791L,G5
W0035F0003T0006Z000C1N27.png,1,35.312508175896895,14.588567744370353,12.066422916107467,1.1066965503572002,T1791L,G5
W0035F0003T0006Z000C1N27.png,2,11.179662343681963,12.375174643655953,12.066422916107467,1.1066965503572002,T1791L,G5
W0035F0003T0006Z000C1N28.png,1,24.26143913893959,24.38479823751481,10.917131620934555,11.054091394554412,T1791L,G5
W0035F0003T0006Z000C1N28.png,2,2.42717589707048,2.2766154484059897,10.917131620934555,11.054091394554412,T1791L,G5
W0035F0003T0006Z000C1N30.png,1,70.71613107492145,29.893308581673985,20.087701574501462,21.79243628806417,T1791L,G5
W0035F0003T0006Z000C1N30.png,2,51.007630692644604,10.332488017993308,20.087701574501462,21.79243628806417,T1791L,G5
W0035F0003T0006Z000C1N30.png,3,88.70105088133111,66.00384061029057,20.087701574501462,21.79243628806417,T1791L,G5
W0035F0003T0006Z000C1N30.png,4,43.55315936794235,2.6497572383499657,20.087701574501462,21.79243628806417,T1791L,G5
W0035F0003T0006Z000C1N30.png,5,64.1991935814623,25.15455067682757,20.087701574501462,21.79243628806417,T1791L,G5
W0035F0003T0006Z000C1N30.png,6,72.57067417736766,39.99128068547189,20.087701574501462,21.79243628806417,T1791L,G5
W0035F0003T0006Z000C1N30.png,7,88.22016711102619,70.67217073254069,20.087701574501462,21.79243628806417,T1791L,G5
W0035F0003T0006Z000C1N30.png,8,76.14493693539954,55.70474025089564,20.087701574501462,21.79243628806417,T1791L,G5
W0035F0003T0006Z000C1N30.png,9,67.33289452429932,45.539009988259394,20.087701574501462,21.79243628806417,T1791L,G5
W0035F0003T0006Z000C1N30.png,10,31.445929886945873,16.546078132953156,20.087701574501462,21.79243628806417,T1791L,G5
W0035F0003T0006Z000C1N30.png,11,79.70559687507527,73.19868275283707,20.087701574501462,21.79243628806417,T1791L,G5
W0035F0003T0006Z000C1N30.png,12,9.61331526771218,1.2827391516687667,20.087701574501462,21.79243628806417,T1791L,G5
W0035F0003T0006Z000C1N30.png,13,73.49001463160889,75.41005084089022,20.087701574501462,21.79243628806417,T1791L,G5
W0035F0003T0006Z000C1N30.png,14,70.20526919914424,66.12870012518704,20.087701574501462,21.79243628806417,T1791L,G5
W0035F0003T0006Z000C1N30.png,15,62.660316779101365,66.24174935601647,20.087701574501462,21.79243628806417,T1791L,G5
W0035F0003T0006Z000C1N30.png,16,70.86157310099298,74.33490775808846,20.087701574501462,21.79243628806417,T1791L,G5
W0035F0003T0006Z000C1N30.png,17,34.7171659023888,12.381929065292658,20.087701574501462,21.79243628806417,T1791L,G5
W0035F0003T0006Z000C1N30.png,18,50.14749002718859,44.02154128281736,20.087701574501462,21.79243628806417,T1791L,G5
W0035F0003T0006Z000C1N30.png,19,48.58647295217135,52.113858158629554,20.087701574501462,21.79243628806417,T1791L,G5
W0035F0003T0006Z000C1N30.png,20,42.030524882456696,34.83796713489597,20.087701574501462,21.79243628806417,T1791L,G5
W0035F0003T0006Z000C1N30.png,21,39.40428794332126,17.021127916118086,20.087701574501462,21.79243628806417,T1791L,G5
W0035F0003T0006Z000C1N30.png,22,42.523435115706334,32.57476902472218,20.087701574501462,21.79243628806417,T1791L,G5
W0035F0003T0006Z000C1N30.png,23,30.102507674177367,2.54190686881634,20.087701574501462,21.79243628806417,T1791L,G5
W0035F0003T0006Z000C1N30.png,24,33.13409900637784,0.4684519963489119,20.087701574501462,21.79243628806417,T1791L,G5
W0035F0003T0006Z000C1N30.png,25,47.91483894961847,51.11752041754329,20.087701574501462,21.79243628806417,T1791L,G5
W0035F0003T0006Z000C1N30.png,26,62.030505708680494,46.467157016956186,20.087701574501462,21.79243628806417,T1791L,G5
W0035F0003T0006Z000C1N30.png,27,54.52799330564333,26.8720651005402,20.087701574501462,21.79243628806417,T1791L,G5
W0035F0003T0006Z000C1N30.png,28,55.57566383229437,58.49109001835698,20.087701574501462,21.79243628806417,T1791L,G5
W0035F0003T0006Z000C1N30.png,29,62.58207625226757,36.49626396209858,20.087701574501462,21.79243628806417,T1791L,G5
W0035F0003T0006Z000C1N30.png,30,64.64563856193915,67.2462777742751,20.087701574501462,21.79243628806417,T1791L,G5
W0035F0003T0006Z000C1N30.png,31,14.459948961058846,18.060922412888285,20.087701574501462,21.79243628806417,T1791L,G5
W0035F0003T0006Z000C1N30.png,32,69.21554139695881,44.759007970778576,20.087701574501462,21.79243628806417,T1791L,G5
W0035F0003T0006Z000C1N30.png,33,35.499670747440305,37.85656268549132,20.087701574501462,21.79243628806417,T1791L,G5
W0035F0003T0006Z000C1N30.png,34,16.9353678250983,19.041770675157583,20.087701574501462,21.79243628806417,T1791L,G5
W0035F0003T0006Z000C1N30.png,35,66.09225419481085,68.30843761122841,20.087701574501462,21.79243628806417,T1791L,G5
W0035F0003T0006Z000C1N30.png,36,26.912529052168434,27.84751999950935,20.087701574501462,21.79243628806417,T1791L,G5
W0035F0003T0006Z000C1N30.png,37,64.98678007437175,66.76947832938454,20.087701574501462,21.79243628806417,T1791L,G5
W0035F0003T0006Z000C1N30.png,38,38.5218443228704,19.724454410423206,20.087701574501462,21.79243628806417,T1791L,G5
W0035F0003T0006Z000C1N30.png,39,62.773764932020974,37.97825401170751,20.087701574501462,21.79243628806417,T1791L,G5
W0035F0003T0006Z000C1N30.png,40,68.88949958870911,70.52343704639475,20.087701574501462,21.79243628806417,T1791L,G5
W0035F0003T0006Z000C1N30.png,41,56.50144897667291,57.70314330094916,20.087701574501462,21.79243628806417,T1791L,G5
W0035F0003T0006Z000C1N30.png,42,76.75518578620675,50.37620181383982,20.087701574501462,21.79243628806417,T1791L,G5
W0035F0003T0006Z000C1N30.png,43,86.77373437668459,58.84549449382018,20.087701574501462,21.79243628806417,T1791L,G5
W0035F0003T0006Z000C1N30.png,44,21.149097495658847,17.849784902289,20.087701574501462,21.79243628806417,T1791L,G5
W0035F0003T0006Z000C1N30.png,45,42.91333003657437,9.272054767716398,20.087701574501462,21.79243628806417,T1791L,G5
W0035F0003T0006Z000C1N30.png,46,47.9442538927852,19.660568436586058,20.087701574501462,21.79243628806417,T1791L,G5
W0035F0003T0006Z000C1N30.png,47,48.46475888080482,1.5460944871725348,20.087701574501462,21.79243628806417,T1791L,G5
W0035F0003T0006Z000C1N30.png,48,77.35188324436704,78.29800067680631,20.087701574501462,21.79243628806417,T1791L,G5
W0035F0003T0006Z000C1N30.png,49,83.6908950974813,49.035085664312724,20.087701574501462,21.79243628806417,T1791L,G5
W0035F0003T0006Z000C1N30.png,50,88.44069140848967,50.17649959005821,20.087701574501462,21.79243628806417,T1791L,G5
W0035F0003T0006Z000C1N30.png,51,69.08284114891411,67.41550039483938,20.087701574501462,21.79243628806417,T1791L,G5
W0035F0003T0006Z000C1N30.png,52,61.80195461300577,52.50471407407148,20.087701574501462,21.79243628806417,T1791L,G5
W0035F0003T0006Z000C1N30.png,53,60.651007685350535,14.112760183606893,20.087701574501462,21.79243628806417,T1791L,G5
W0035F0003T0006Z000C1N30.png,54,66.42036144759383,19.114914479420406,20.087701574501462,21.79243628806417,T1791L,G5
W0035F0003T0006Z000C1N30.png,55,60.04493080021645,34.29987042411546,20.087701574501462,21.79243628806417,T1791L,G5
W0035F0003T0006Z000C1N30.png,56,85.09360600045146,42.288680518550116,20.087701574501462,21.79243628806417,T1791L,G5
W0035F0003T0006Z000C1N30.png,57,68.18522682342858,22.808112015278954,20.087701574501462,21.79243628806417,T1791L,G5
W0035F0003T0006Z000C1N30.png,58,73.80950982820966,59.419727563063084,20.087701574501462,21.79243628806417,T1791L,G5
W0035F0003T0006Z000C1N30.png,59,76.00346966544201,28.538836610884594,20.087701574501462,21.79243628806417,T1791L,G5
W0035F0003T0006Z000C1N30.png,60,98.35214486953231,56.64285822969875,20.087701574501462,21.79243628806417,T1791L,G5
W0035F0003T0006Z000C1N30.png,61,73.4057332232546,26.842503609015314,20.087701574501462,21.79243628806417,T1791L,G5
W0035F0003T0006Z000C1N30.png,62,91.82236301375572,46.74005241760005,20.087701574501462,21.79243628806417,T1791L,G5
W0035F0003T0006Z000C1N30.png,63,69.34816079525723,26.024198141131823,20.087701574501462,21.79243628806417,T1791L,G5
W0035F0003T0006Z000C1N30.png,64,83.83311722405915,71.2280317010094,20.087701574501462,21.79243628806417,T1791L,G5
W0035F0003T0006Z000C1N30.png,65,80.24086051602423,61.87258843191693,20.087701574501462,21.79243628806417,T1791L,G5
W0035F0003T0006Z000C1N30.png,66,76.26875577785003,53.531282471260035,20.087701574501462,21.79243628806417,T1791L,G5
W0035F0003T0006Z000C1N30.png,67,72.44253369424113,37.48684306230358,20.087701574501462,21.79243628806417,T1791L,G5
W0035F0003T0006Z000C1N30.png,68,82.07742762053192,34.55542729522464,20.087701574501462,21.79243628806417,T1791L,G5
W0035F0003T0006Z000C1N32.png,1,89.303121050352,68.8786390224157,24.118732770316313,19.357836931834676,T1791L,G5
W0035F0003T0006Z000C1N32.png,2,78.02941389500559,72.69364123952036,24.118732770316313,19.357836931834676,T1791L,G5
W0035F0003T0006Z000C1N32.png,3,65.33481205947886,63.022287059386905,24.118732770316313,19.357836931834676,T1791L,G5
W0035F0003T0006Z000C1N32.png,4,51.13138488646371,48.7951046971942,24.118732770316313,19.357836931834676,T1791L,G5
W0035F0003T0006Z000C1N32.png,5,57.439320030526844,55.05582910612289,24.118732770316313,19.357836931834676,T1791L,G5
W0035F0003T0006Z000C1N32.png,6,46.20927757239851,43.987467504590306,24.118732770316313,19.357836931834676,T1791L,G5
W0035F0003T0006Z000C1N32.png,7,89.71043413867095,62.519854519995405,24.118732770316313,19.357836931834676,T1791L,G5
W0035F0003T0006Z000C1N32.png,8,55.12201380442504,52.81207224096184,24.118732770316313,19.357836931834676,T1791L,G5
W0035F0003T0006Z000C1N32.png,9,47.483895215117094,45.09543017050864,24.118732770316313,19.357836931834676,T1791L,G5
W0035F0003T0006Z000C1N32.png,10,80.96133112353277,58.22472556346019,24.118732770316313,19.357836931834676,T1791L,G5
W0035F0003T0006Z000C1N32.png,11,40.91987693881404,38.525634254618474,24.118732770316313,19.357836931834676,T1791L,G5
W0035F0003T0006Z000C1N32.png,12,40.6719068547899,38.36162511846712,24.118732770316313,19.357836931834676,T1791L,G5
W0035F0003T0006Z000C1N32.png,13,84.5370498689852,47.93213415465405,24.118732770316313,19.357836931834676,T1791L,G5
W0035F0003T0006Z000C1N32.png,14,73.70820624725435,38.84353943135919,24.118732770316313,19.357836931834676,T1791L,G5
W0035F0003T0006Z000C1N32.png,15,82.4491623531401,40.59304811855789,24.118732770316313,19.357836931834676,T1791L,G5
W0035F0003T0006Z000C1N32.png,16,76.99562132528911,27.510471774868005,24.118732770316313,19.357836931834676,T1791L,G5
W0035F0003T0006Z000C1N32.png,17,16.693762335232826,23.196465442368016,24.118732770316313,19.357836931834676,T1791L,G5
W0035F0003T0006Z000C1N32.png,18,52.98728949647367,0.5513028229305221,24.118732770316313,19.357836931834676,T1791L,G5
W0035F0003T0006Z000C1N32.png,19,28.355113728105977,30.612103580360067,24.118732770316313,19.357836931834676,T1791L,G5
W0035F0003T0006Z000C1N32.png,20,57.31138574209044,0.41198240826259047,24.118732770316313,19.357836931834676,T1791L,G5
W0035F0003T0006Z000C1N32.png,21,81.1662731873052,26.97057929368822,24.118732770316313,19.357836931834676,T1791L,G5
W0035F0003T0006Z000C1N32.png,22,58.923110953976945,60.23730290447631,24.118732770316313,19.357836931834676,T1791L,G5
W0035F0003T0006Z000C1N32.png,23,88.8405631302586,41.38142654946848,24.118732770316313,19.357836931834676,T1791L,G5
W0035F0003T0006Z000C1N32.png,24,87.00071135874371,45.70382175307615,24.118732770316313,19.357836931834676,T1791L,G5
W0035F0003T0006Z000C1N32.png,25,56.16536436561888,57.08334704912563,24.118732770316313,19.357836931834676,T1791L,G5
W0035F0003T0006Z000C1N32.png,26,10.392382844460881,3.5373904645256076,24.118732770316313,19.357836931834676,T1791L,G5
W0035F0003T0006Z000C1N32.png,27,19.64513897280371,19.4275339209357,24.118732770316313,19.357836931834676,T1791L,G5
W0035F0003T0006Z000C1N32.png,28,50.59101139153582,51.511429390976936,24.118732770316313,19.357836931834676,T1791L,G5
W0035F0003T0006Z000C1N32.png,29,47.22995519583363,48.14823431828954,24.118732770316313,19.357836931834676,T1791L,G5
W0035F0003T0006Z000C1N32.png,30,81.26204560980078,56.008165537962995,24.118732770316313,19.357836931834676,T1791L,G5
W0035F0003T0006Z000C1N32.png,31,29.2428155120244,30.15951789901957,24.118732770316313,19.357836931834676,T1791L,G5
W0035F0003T0006Z000C1N32.png,32,52.46154541343147,51.62048711694937,24.118732770316313,19.357836931834676,T1791L,G5
W0035F0003T0006Z000C1N32.png,33,1.3715189083785735,0.6751901928922023,24.118732770316313,19.357836931834676,T1791L,G5
W0035F0003T0006Z000C1N33.png,1,79.87554077532363,27.952341205554553,17.49562831154455,20.37109877851742,T1791L,G5
W0035F0003T0006Z000C1N33.png,2,76.493190794585,46.687785120478125,17.49562831154455,20.37109877851742,T1791L,G5
W0035F0003T0006Z000C1N33.png,3,100.99987596418423,75.57108659122242,17.49562831154455,20.37109877851742,T1791L,G5
W0035F0003T0006Z000C1N33.png,4,74.75365738308598,29.090590648881747,17.49562831154455,20.37109877851742,T1791L,G5
W0035F0003T0006Z000C1N33.png,5,81.15206646316945,59.63021863221883,17.49562831154455,20.37109877851742,T1791L,G5
W0035F0003T0006Z000C1N33.png,6,83.00682253981428,63.374807358113046,17.49562831154455,20.37109877851742,T1791L,G5
W0035F0003T0006Z000C1N33.png,7,96.32907427402381,71.65546552377336,17.49562831154455,20.37109877851742,T1791L,G5
W0035F0003T0006Z000C1N33.png,8,69.16381994482889,30.81315242892624,17.49562831154455,20.37109877851742,T1791L,G5
W0035F0003T0006Z000C1N33.png,9,98.98366023307875,72.25733742320516,17.49562831154455,20.37109877851742,T1791L,G5
W0035F0003T0006Z000C1N33.png,10,72.1636168598793,19.660583729036322,17.49562831154455,20.37109877851742,T1791L,G5
W0035F0003T0006Z000C1N33.png,11,74.82830604403594,53.207000730484715,17.49562831154455,20.37109877851742,T1791L,G5
W0035F0003T0006Z000C1N33.png,12,89.37732580398632,64.82902904540103,17.49562831154455,20.37109877851742,T1791L,G5
W0035F0003T0006Z000C1N33.png,13,91.32200949407711,35.69377030830627,17.49562831154455,20.37109877851742,T1791L,G5
W0035F0003T0006Z000C1N33.png,14,61.92858977331791,39.94107521926813,17.49562831154455,20.37109877851742,T1791L,G5
W0035F0003T0006Z000C1N33.png,15,86.73396418243233,33.65068293182631,17.49562831154455,20.37109877851742,T1791L,G5
W0035F0003T0006Z000C1N33.png,16,88.1230852552431,60.492784588846135,17.49562831154455,20.37109877851742,T1791L,G5
W0035F0003T0006Z000C1N33.png,17,66.1259245324129,44.30084498758195,17.49562831154455,20.37109877851742,T1791L,G5
W0035F0003T0006Z000C1N33.png,18,63.34884320558701,46.30549760739164,17.49562831154455,20.37109877851742,T1791L,G5
W0035F0003T0006Z000C1N33.png,19,80.8679731684091,53.13312931651141,17.49562831154455,20.37109877851742,T1791L,G5
W0035F0003T0006Z000C1N33.png,20,89.60700904860899,59.79941834450111,17.49562831154455,20.37109877851742,T1791L,G5
W0035F0003T0006Z000C1N33.png,21,53.82394164049142,1.303458505257582,17.49562831154455,20.37109877851742,T1791L,G5
W0035F0003T0006Z000C1N33.png,22,56.49960989025816,0.972729470670113,17.49562831154455,20.37109877851742,T1791L,G5
W0035F0003T0006Z000C1N33.png,23,73.3374235306414,50.54988668858605,17.49562831154455,20.37109877851742,T1791L,G5
W0035F0003T0006Z000C1N33.png,24,69.98444535010101,41.93033248215347,17.49562831154455,20.37109877851742,T1791L,G5
W0035F0003T0006Z000C1N33.png,25,50.49813786535265,31.868693635259305,17.49562831154455,20.37109877851742,T1791L,G5
W0035F0003T0006Z000C1N33.png,26,69.3632259031793,39.388922591794824,17.49562831154455,20.37109877851742,T1791L,G5
W0035F0003T0006Z000C1N33.png,27,39.7386539588879,22.63976014520542,17.49562831154455,20.37109877851742,T1791L,G5
W0035F0003T0006Z000C1N33.png,28,80.1928188050363,48.84554660828078,17.49562831154455,20.37109877851742,T1791L,G5
W0035F0003T0006Z000C1N33.png,29,67.7303245458183,36.20998379388529,17.49562831154455,20.37109877851742,T1791L,G5
W0035F0003T0006Z000C1N33.png,30,49.93213587345206,19.722049454611945,17.49562831154455,20.37109877851742,T1791L,G5
W0035F0003T0006Z000C1N33.png,31,80.16615551831474,48.40520039221019,17.49562831154455,20.37109877851742,T1791L,G5
W0035F0003T0006Z000C1N33.png,32,44.04158908639107,18.560601181098114,17.49562831154455,20.37109877851742,T1791L,G5
W0035F0003T0006Z000C1N33.png,33,47.68517278518153,15.924901527747645,17.49562831154455,20.37109877851742,T1791L,G5
W0035F0003T0006Z000C1N33.png,34,79.89906615870375,48.505963043784476,17.49562831154455,20.37109877851742,T1791L,G5
W0035F0003T0006Z000C1N33.png,35,66.59548335375766,35.11996329790179,17.49562831154455,20.37109877851742,T1791L,G5
W0035F0003T0006Z000C1N33.png,36,64.99378332684681,35.17714292143107,17.49562831154455,20.37109877851742,T1791L,G5
W0035F0003T0006Z000C1N33.png,37,30.804201879536187,6.546506991656784,17.49562831154455,20.37109877851742,T1791L,G5
W0035F0003T0006Z000C1N33.png,38,77.52242342421532,47.437574107681556,17.49562831154455,20.37109877851742,T1791L,G5
W0035F0003T0006Z000C1N33.png,39,26.649266120926086,25.79693232882761,17.49562831154455,20.37109877851742,T1791L,G5
W0035F0003T0006Z000C1N33.png,40,46.939281762587456,46.40802879409348,17.49562831154455,20.37109877851742,T1791L,G5
W0035F0003T0006Z000C1N33.png,41,63.21538295020592,35.936700608201484,17.49562831154455,20.37109877851742,T1791L,G5
W0035F0003T0006Z000C1N33.png,42,55.505491788048765,54.050504652415576,17.49562831154455,20.37109877851742,T1791L,G5
W0035F0003T0006Z000C1N33.png,43,77.99825887754655,50.44139908427652,17.49562831154455,20.37109877851742,T1791L,G5
W0035F0003T0006Z000C1N33.png,44,65.25960934425447,40.651578090120495,17.49562831154455,20.37109877851742,T1791L,G5
W0035F0003T0006Z000C1N33.png,45,72.62281489155369,49.54839045702204,17.49562831154455,20.37109877851742,T1791L,G5
W0035F0003T0006Z000C1N33.png,46,83.2041489416069,60.0243851936283,17.49562831154455,20.37109877851742,T1791L,G5
W0035F0003T0006Z000C1N33.png,47,22.849154305727684,26.793947126068133,17.49562831154455,20.37109877851742,T1791L,G5
W0035F0003T0006Z000C1N33.png,48,74.15094671008436,54.49453603425936,17.49562831154455,20.37109877851742,T1791L,G5
W0035F0003T0006Z000C1N33.png,49,74.5882944710032,70.63230988873276,17.49562831154455,20.37109877851742,T1791L,G5
W0035F0003T0006Z000C1N33.png,50,73.45184889210451,68.80230549719712,17.49562831154455,20.37109877851742,T1791L,G5
W0035F0003T0006Z000C1N33.png,51,88.1334691448,71.24955310543419,17.49562831154455,20.37109877851742,T1791L,G5
W0035F0003T0006Z000C1N33.png,52,70.43475166354014,64.86392888882467,17.49562831154455,20.37109877851742,T1791L,G5
W0035F0003T0006Z000C1N33.png,53,64.81749304060881,58.62298536235078,17.49562831154455,20.37109877851742,T1791L,G5
W0035F0003T0006Z000C1N33.png,54,93.54431283150724,79.33947952321607,17.49562831154455,20.37109877851742,T1791L,G5
W0035F0003T0006Z000C1N33.png,55,81.8494514714798,76.93797426238451,17.49562831154455,20.37109877851742,T1791L,G5
W0035F0003T0006Z000C1N33.png,56,55.08828512294378,48.11117012493433,17.49562831154455,20.37109877851742,T1791L,G5
W0035F0003T0006Z000C1N33.png,57,97.63257705103432,80.9224942510156,17.49562831154455,20.37109877851742,T1791L,G5
W0035F0003T0006Z000C1N33.png,58,69.88821654835384,63.95482422623304,17.49562831154455,20.37109877851742,T1791L,G5
W0035F0003T0006Z000C1N33.png,59,60.90628230184593,54.17964769633277,17.49562831154455,20.37109877851742,T1791L,G5
W0035F0003T0006Z000C1N33.png,60,98.71576991249485,85.2811640199626,17.49562831154455,20.37109877851742,T1791L,G5
W0035F0003T0006Z000C1N33.png,61,46.57224275050382,41.55617851274082,17.49562831154455,20.37109877851742,T1791L,G5
W0035F0003T0006Z000C1N33.png,62,93.85296243019654,88.45344773045743,17.49562831154455,20.37109877851742,T1791L,G5
W0035F0003T0006Z000C1N33.png,63,88.72282251471468,82.9738784310116,17.49562831154455,20.37109877851742,T1791L,G5
W0035F0003T0006Z000C1N33.png,64,76.65828686341172,70.24162346691632,17.49562831154455,20.37109877851742,T1791L,G5
W0035F0003T0006Z000C1N33.png,65,70.4003149507542,63.4825868820966,17.49562831154455,20.37109877851742,T1791L,G5
W0035F0003T0006Z000C1N38.png,1,76.69943559332121,75.06518251526919,15.656109139701696,17.96147322969193,T1791L,G5
W0035F0003T0006Z000C1N38.png,2,92.1217101457157,90.54948522453991,15.656109139701696,17.96147322969193,T1791L,G5
W0035F0003T0006Z000C1N38.png,3,87.95850009885201,86.64091097437685,15.656109139701696,17.96147322969193,T1791L,G5
W0035F0003T0006Z000C1N38.png,4,97.62256462985172,96.17759050345252,15.656109139701696,17.96147322969193,T1791L,G5
W0035F0003T0006Z000C1N38.png,5,57.97531967084624,55.901954661579815,15.656109139701696,17.96147322969193,T1791L,G5
W0035F0003T0006Z000C1N38.png,6,70.62468506032558,69.04637963381438,15.656109139701696,17.96147322969193,T1791L,G5
W0035F0003T0006Z000C1N38.png,7,81.85031946826119,80.22783715683408,15.656109139701696,17.96147322969193,T1791L,G5
W0035F0003T0006Z000C1N38.png,8,64.50835812996694,62.47776176723695,15.656109139701696,17.96147322969193,T1791L,G5
W0035F0003T0006Z000C1N38.png,9,85.76201150448098,84.25546441302829,15.656109139701696,17.96147322969193,T1791L,G5
W0035F0003T0006Z000C1N38.png,10,62.17484150696352,60.09143619588113,15.656109139701696,17.96147322969193,T1791L,G5
W0035F0003T0006Z000C1N38.png,11,63.874722457438025,61.95299006881084,15.656109139701696,17.96147322969193,T1791L,G5
W0035F0003T0006Z000C1N38.png,12,74.14959195086558,72.50606306745223,15.656109139701696,17.96147322969193,T1791L,G5
W0035F0003T0006Z000C1N38.png,13,69.65981665251981,67.75138807047216,15.656109139701696,17.96147322969193,T1791L,G5
W0035F0003T0006Z000C1N38.png,14,53.665600670474944,51.59280443060584,15.656109139701696,17.96147322969193,T1791L,G5
W0035F0003T0006Z000C1N38.png,15,77.93355600044347,76.68880532469129,15.656109139701696,17.96147322969193,T1791L,G5
W0035F0003T0006Z000C1N38.png,16,86.2725774802807,85.16325797836927,15.656109139701696,17.96147322969193,T1791L,G5
W0035F0003T0006Z000C1N38.png,17,68.02742417497586,66.5685205909232,15.656109139701696,17.96147322969193,T1791L,G5
W0035F0003T0006Z000C1N38.png,18,52.62853935933799,50.573938034468895,15.656109139701696,17.96147322969193,T1791L,G5
W0035F0003T0006Z000C1N38.png,19,57.4745321032219,55.69503902571385,15.656109139701696,17.96147322969193,T1791L,G5
W0035F0003T0006Z000C1N38.png,20,57.397128175755604,55.48180790893072,15.656109139701696,17.96147322969193,T1791L,G5
W0035F0003T0006Z000C1N38.png,21,50.67012227276897,48.657860676474506,15.656109139701696,17.96147322969193,T1791L,G5
W0035F0003T0006Z000C1N38.png,22,65.45712871670422,64.16905711788104,15.656109139701696,17.96147322969193,T1791L,G5
W0035F0003T0006Z000C1N38.png,23,87.04491266577678,85.7804962670918,15.656109139701696,17.96147322969193,T1791L,G5
W0035F0003T0006Z000C1N38.png,24,43.614766670779794,41.561042377103874,15.656109139701696,17.96147322969193,T1791L,G5
W0035F0003T0006Z000C1N38.png,25,57.438188211785366,56.026801296255016,15.656109139701696,17.96147322969193,T1791L,G5
W0035F0003T0006Z000C1N38.png,26,58.035125163137174,56.50763799403891,15.656109139701696,17.96147322969193,T1791L,G5
W0035F0003T0006Z000C1N38.png,27,74.16575900567562,72.88707575401958,15.656109139701696,17.96147322969193,T1791L,G5
W0035F0003T0006Z000C1N38.png,28,64.96456303762012,63.65297759689813,15.656109139701696,17.96147322969193,T1791L,G5
W0035F0003T0006Z000C1N38.png,29,75.83993301049837,75.07002250955072,15.656109139701696,17.96147322969193,T1791L,G5
W0035F0003T0006Z000C1N38.png,30,54.81307863728766,53.38471633474715,15.656109139701696,17.96147322969193,T1791L,G5
W0035F0003T0006Z000C1N38.png,31,69.62935089065545,68.60695711047299,15.656109139701696,17.96147322969193,T1791L,G5
W0035F0003T0006Z000C1N38.png,32,64.2071437711503,63.23080167473553,15.656109139701696,17.96147322969193,T1791L,G5
W0035F0003T0006Z000C1N38.png,33,48.49930345998478,47.65365723925178,15.656109139701696,17.96147322969193,T1791L,G5
W0035F0003T0006Z000C1N38.png,34,77.4180770237192,76.39844023614904,15.656109139701696,17.96147322969193,T1791L,G5
W0035F0003T0006Z000C1N38.png,35,81.57273307891091,80.76594563706091,15.656109139701696,17.96147322969193,T1791L,G5
W0035F0003T0006Z000C1N38.png,36,59.91638757935442,59.02055241738493,15.656109139701696,17.96147322969193,T1791L,G5
W0035F0003T0006Z000C1N38.png,37,68.29285912746496,67.93376696886442,15.656109139701696,17.96147322969193,T1791L,G5
W0035F0003T0006Z000C1N38.png,38,71.09390159242042,70.43269231014663,15.656109139701696,17.96147322969193,T1791L,G5
W0035F0003T0006Z000C1N38.png,39,62.921728133517284,62.239257464830956,15.656109139701696,17.96147322969193,T1791L,G5
W0035F0003T0006Z000C1N38.png,40,75.59552866808544,75.13889820490778,15.656109139701696,17.96147322969193,T1791L,G5
W0035F0003T0006Z000C1N38.png,41,67.94394821501075,67.81481105055981,15.656109139701696,17.96147322969193,T1791L,G5
W0035F0003T0006Z000C1N38.png,42,60.25845617048237,60.17485603525921,15.656109139701696,17.96147322969193,T1791L,G5
W0035F0003T0006Z000C1N38.png,43,69.46026047902855,69.21055067006364,15.656109139701696,17.96147322969193,T1791L,G5
W0035F0003T0006Z000C1N38.png,44,59.8385884573373,59.60544169877583,15.656109139701696,17.96147322969193,T1791L,G5
W0035F0003T0006Z000C1N38.png,45,56.27884945091262,56.26224510106453,15.656109139701696,17.96147322969193,T1791L,G5
W0035F0003T0006Z000C1N38.png,46,56.832896853466636,57.21656048530365,15.656109139701696,17.96147322969193,T1791L,G5
W0035F0003T0006Z000C1N38.png,47,63.11695028880052,53.39501728904746,15.656109139701696,17.96147322969193,T1791L,G5
W0035F0003T0006Z000C1N38.png,48,66.5068213673525,54.11729051473476,15.656109139701696,17.96147322969193,T1791L,G5
W0035F0003T0006Z000C1N38.png,49,3.0111087569346706,1.5605947797189552,15.656109139701696,17.96147322969193,T1791L,G5
W0035F0003T0006Z000C1N38.png,50,30.389344867930287,0.7556372504853041,15.656109139701696,17.96147322969193,T1791L,G5
W0035F0003T0006Z000C1N38.png,51,66.37889999361686,51.307163767477206,15.656109139701696,17.96147322969193,T1791L,G5
W0035F0003T0006Z000C1N38.png,52,61.84278745552623,43.91707819115772,15.656109139701696,17.96147322969193,T1791L,G5
W0035F0003T0006Z000C1N38.png,53,59.89529098827659,53.15112901381586,15.656109139701696,17.96147322969193,T1791L,G5
W0035F0003T0006Z000C1N38.png,54,34.23712907139145,1.7300768501352548,15.656109139701696,17.96147322969193,T1791L,G5
W0035F0003T0006Z000C1N38.png,55,55.8801496987072,35.02548479732694,15.656109139701696,17.96147322969193,T1791L,G5
W0035F0003T0006Z000C1N38.png,56,62.055124288973296,40.137226138958404,15.656109139701696,17.96147322969193,T1791L,G5
W0035F0003T0006Z000C1N38.png,57,73.95196688778269,55.843371493881875,15.656109139701696,17.96147322969193,T1791L,G5
W0035F0003T0006Z000C1N38.png,58,48.09318953846619,30.136889334591782,15.656109139701696,17.96147322969193,T1791L,G5
W0035F0003T0006Z000C1N38.png,59,85.06764962826027,76.94153624668537,15.656109139701696,17.96147322969193,T1791L,G5
W0035F0003T0006Z000C1N38.png,60,59.263292551504584,33.37403210103309,15.656109139701696,17.96147322969193,T1791L,G5
W0035F0003T0006Z000C1N38.png,61,77.55596702420338,56.245310327402336,15.656109139701696,17.96147322969193,T1791L,G5
W0035F0003T0006Z000C1N38.png,62,68.75186731994923,44.28289926985269,15.656109139701696,17.96147322969193,T1791L,G5
W0035F0003T0006Z000C1N38.png,63,54.65324726090847,34.486210555189494,15.656109139701696,17.96147322969193,T1791L,G5
W0035F0003T0006Z000C1N38.png,64,84.76727473759412,74.24156155284962,15.656109139701696,17.96147322969193,T1791L,G5
W0035F0003T0006Z000C1N38.png,65,67.73558986182033,52.69152370992077,15.656109139701696,17.96147322969193,T1791L,G5
W0035F0003T0006Z000C1N38.png,66,75.85837066457803,51.53664163390757,15.656109139701696,17.96147322969193,T1791L,G5
W0035F0003T0006Z000C1N38.png,67,94.12207558157257,82.90054282090075,15.656109139701696,17.96147322969193,T1791L,G5
W0035F0003T0006Z000C1N38.png,68,77.34492072179414,62.57994886543133,15.656109139701696,17.96147322969193,T1791L,G5
W0035F0003T0006Z000C1N38.png,69,78.40207805877404,52.474303022388405,15.656109139701696,17.96147322969193,T1791L,G5
W0035F0003T0006Z000C1N38.png,70,85.6815629839863,62.46548593243455,15.656109139701696,17.96147322969193,T1791L,G5
W0035F0003T0006Z000C1N38.png,71,58.07212179601183,25.567556322007306,15.656109139701696,17.96147322969193,T1791L,G5
W0035F0003T0006Z000C1N38.png,72,60.827393723128324,29.21294691847579,15.656109139701696,17.96147322969193,T1791L,G5
W0035F0003T0006Z000C1N38.png,73,59.05760815471642,35.8914271593208,15.656109139701696,17.96147322969193,T1791L,G5
W0035F0003T0006Z000C1N38.png,74,60.82619272589692,34.39153642653637,15.656109139701696,17.96147322969193,T1791L,G5
W0035F0003T0006Z000C1N38.png,75,69.27385749190508,41.03534016453258,15.656109139701696,17.96147322969193,T1791L,G5
W0035F0003T0006Z000C1N38.png,76,66.7859167214497,35.93942986766526,15.656109139701696,17.96147322969193,T1791L,G5
W0035F0003T0006Z000C1N38.png,77,70.14939057456394,49.58910943603667,15.656109139701696,17.96147322969193,T1791L,G5
W0035F0003T0006Z000C1N38.png,78,91.76415958219127,77.71611562625668,15.656109139701696,17.96147322969193,T1791L,G5
W0035F0003T0006Z000C1N38.png,79,88.75832372001675,63.13606705783126,15.656109139701696,17.96147322969193,T1791L,G5
W0035F0003T0006Z000C1N38.png,80,93.18489543296889,76.36083843361948,15.656109139701696,17.96147322969193,T1791L,G5
W0035F0003T0006Z000C1N38.png,81,71.38818877756864,39.222182468196266,15.656109139701696,17.96147322969193,T1791L,G5
W0035F0003T0006Z000C1N38.png,82,72.65841230822177,40.13202718142506,15.656109139701696,17.96147322969193,T1791L,G5
W0035F0003T0006Z000C1N38.png,83,80.8088382623483,57.982756057296896,15.656109139701696,17.96147322969193,T1791L,G5
W0035F0003T0006Z000C1N38.png,84,79.1230007968361,47.32984133920389,15.656109139701696,17.96147322969193,T1791L,G5
W0035F0003T0006Z000C1N38.png,85,88.79917557655808,59.87447008020933,15.656109139701696,17.96147322969193,T1791L,G5
W0035F0003T0006Z000C1N38.png,86,68.98622032235384,37.454267329671744,15.656109139701696,17.96147322969193,T1791L,G5
W0035F0003T0006Z000C1N38.png,87,78.49892294831892,51.97114584074513,15.656109139701696,17.96147322969193,T1791L,G5
W0035F0003T0006Z000C1N38.png,88,100.50383359052627,83.27628473941427,15.656109139701696,17.96147322969193,T1791L,G5
W0035F0003T0006Z000C1N38.png,89,76.04750129382653,44.48971388341502,15.656109139701696,17.96147322969193,T1791L,G5
W0035F0003T0006Z000C1N38.png,90,100.90169278527327,72.72189865785201,15.656109139701696,17.96147322969193,T1791L,G5
W0035F0003T0006Z000C1N38.png,91,87.38192592665274,63.60116640146537,15.656109139701696,17.96147322969193,T1791L,G5
W0035F0003T0006Z000C1N38.png,92,81.44495512583458,56.09045274276977,15.656109139701696,17.96147322969193,T1791L,G5
W0035F0003T0006Z000C1N38.png,93,94.4341790830035,73.9977326312631,15.656109139701696,17.96147322969193,T1791L,G5
W0035F0003T0006Z000C1N38.png,94,89.1955129008326,64.05307110800658,15.656109139701696,17.96147322969193,T1791L,G5
W0035F0003T0006Z000C1N38.png,95,74.8146529794619,46.2865574118786,15.656109139701696,17.96147322969193,T1791L,G5
W0035F0003T0006Z000C1N38.png,96,81.69525117214846,50.323768265842986,15.656109139701696,17.96147322969193,T1791L,G5
W0035F0003T0006Z000C1N38.png,97,82.26059641108806,49.73734605719164,15.656109139701696,17.96147322969193,T1791L,G5
W0035F0003T0006Z000C1N38.png,98,90.12698207005165,59.17902104916009,15.656109139701696,17.96147322969193,T1791L,G5
W0035F0003T0006Z000C1N38.png,99,96.12563687173743,65.94872069250718,15.656109139701696,17.96147322969193,T1791L,G5
W0035F0003T0006Z000C1N44.png,1,94.35822170200592,87.84154721705164,19.225863963711188,19.09029211995931,T1791L,G5
W0035F0003T0006Z000C1N44.png,2,81.25141187427533,68.12863499268535,19.225863963711188,19.09029211995931,T1791L,G5
W0035F0003T0006Z000C1N44.png,3,78.09229396147322,65.01524291686857,19.225863963711188,19.09029211995931,T1791L,G5
W0035F0003T0006Z000C1N44.png,4,105.69336056774813,93.91799409331777,19.225863963711188,19.09029211995931,T1791L,G5
W0035F0003T0006Z000C1N44.png,5,75.1929887544901,62.35785808805881,19.225863963711188,19.09029211995931,T1791L,G5
W0035F0003T0006Z000C1N44.png,6,72.50419077941228,59.4156749208814,19.225863963711188,19.09029211995931,T1791L,G5
W0035F0003T0006Z000C1N44.png,7,67.21332567522015,54.08934760276715,19.225863963711188,19.09029211995931,T1791L,G5
W0035F0003T0006Z000C1N44.png,8,88.93698437660936,83.72038944208566,19.225863963711188,19.09029211995931,T1791L,G5
W0035F0003T0006Z000C1N44.png,9,59.17722302451924,46.21411404251621,19.225863963711188,19.09029211995931,T1791L,G5
W0035F0003T0006Z000C1N44.png,10,56.51042770423607,47.79802294794657,19.225863963711188,19.09029211995931,T1791L,G5
W0035F0003T0006Z000C1N44.png,11,59.40877630526878,46.39804312953647,19.225863963711188,19.09029211995931,T1791L,G5
W0035F0003T0006Z000C1N44.png,12,68.13987165933995,58.8349782819908,19.225863963711188,19.09029211995931,T1791L,G5
W0035F0003T0006Z000C1N44.png,13,55.64578036467159,42.95383510367123,19.225863963711188,19.09029211995931,T1791L,G5
W0035F0003T0006Z000C1N44.png,14,82.45051121767634,77.66884897073832,19.225863963711188,19.09029211995931,T1791L,G5
W0035F0003T0006Z000C1N44.png,15,67.90603619847553,63.21103323334602,19.225863963711188,19.09029211995931,T1791L,G5
W0035F0003T0006Z000C1N44.png,16,73.76822870776701,68.86688311687706,19.225863963711188,19.09029211995931,T1791L,G5
W0035F0003T0006Z000C1N44.png,17,59.574722294851746,55.027839162368544,19.225863963711188,19.09029211995931,T1791L,G5
W0035F0003T0006Z000C1N44.png,18,82.73641787503091,74.987758150994,19.225863963711188,19.09029211995931,T1791L,G5
W0035F0003T0006Z000C1N44.png,19,78.68015387157368,67.27649968040046,19.225863963711188,19.09029211995931,T1791L,G5
W0035F0003T0006Z000C1N44.png,20,62.521510671367764,53.11832131629182,19.225863963711188,19.09029211995931,T1791L,G5
W0035F0003T0006Z000C1N44.png,21,51.31028780411984,45.91645901493131,19.225863963711188,19.09029211995931,T1791L,G5
W0035F0003T0006Z000C1N44.png,22,60.91009314271326,54.044158642852025,19.225863963711188,19.09029211995931,T1791L,G5
W0035F0003T0006Z000C1N44.png,23,54.614172068399306,48.81262817942345,19.225863963711188,19.09029211995931,T1791L,G5
W0035F0003T0006Z000C1N44.png,24,45.10696912118303,36.92987971579376,19.225863963711188,19.09029211995931,T1791L,G5
W0035F0003T0006Z000C1N44.png,25,34.10701405669093,25.160459924914814,19.225863963711188,19.09029211995931,T1791L,G5
W0035F0003T0006Z000C1N44.png,26,77.68955978925266,71.57331197992102,19.225863963711188,19.09029211995931,T1791L,G5
W0035F0003T0006Z000C1N44.png,27,35.74830927083306,30.944310954494934,19.225863963711188,19.09029211995931,T1791L,G5
W0035F0003T0006Z000C1N44.png,28,64.79474010329874,59.21434067590136,19.225863963711188,19.09029211995931,T1791L,G5
W0035F0003T0006Z000C1N44.png,29,30.34742157088336,26.851371794389923,19.225863963711188,19.09029211995931,T1791L,G5
W0035F0003T0006Z000C1N44.png,30,2.935021292002866,0.3673164009955824,19.225863963711188,19.09029211995931,T1791L,G5
W0035F0003T0006Z000C1N44.png,31,64.41602139092751,58.295215269484416,19.225863963711188,19.09029211995931,T1791L,G5
W0035F0003T0006Z000C1N44.png,32,65.61033628403203,61.89641527027469,19.225863963711188,19.09029211995931,T1791L,G5
W0035F0003T0006Z000C1N44.png,33,66.60817504201445,60.56304283416635,19.225863963711188,19.09029211995931,T1791L,G5
W0035F0003T0006Z000C1N44.png,34,30.959820167101228,28.093355670069656,19.225863963711188,19.09029211995931,T1791L,G5
W0035F0003T0006Z000C1N44.png,35,56.25501796509291,50.311571631048054,19.225863963711188,19.09029211995931,T1791L,G5
W0035F0003T0006Z000C1N44.png,36,61.85545693561044,58.91096810860349,19.225863963711188,19.09029211995931,T1791L,G5
W0035F0003T0006Z000C1N44.png,37,70.5490970707391,64.82148372338322,19.225863963711188,19.09029211995931,T1791L,G5
W0035F0003T0006Z000C1N44.png,38,56.1179678936196,53.42069145291303,19.225863963711188,19.09029211995931,T1791L,G5
W0035F0003T0006Z000C1N44.png,39,60.82950965630058,55.269221241756,19.225863963711188,19.09029211995931,T1791L,G5
W0035F0003T0006Z000C1N44.png,40,31.802856040405405,30.21441608442008,19.225863963711188,19.09029211995931,T1791L,G5
W0035F0003T0006Z000C1N44.png,41,60.57280340271227,58.10860709431525,19.225863963711188,19.09029211995931,T1791L,G5
W0035F0003T0006Z000C1N44.png,42,69.31758823808964,63.831193514201765,19.225863963711188,19.09029211995931,T1791L,G5
W0035F0003T0006Z000C1N44.png,43,71.9013749847075,69.06714050895849,19.225863963711188,19.09029211995931,T1791L,G5
W0035F0003T0006Z000C1N44.png,44,28.64885339410341,28.766892106085663,19.225863963711188,19.09029211995931,T1791L,G5
W0035F0003T0006Z000C1N44.png,45,32.263297439348236,32.47251557872403,19.225863963711188,19.09029211995931,T1791L,G5
W0035F0003T0006Z000C1N44.png,46,68.50037508731978,66.09090880688704,19.225863963711188,19.09029211995931,T1791L,G5
W0035F0003T0006Z000C1N44.png,47,72.24781723910647,67.01021913018789,19.225863963711188,19.09029211995931,T1791L,G5
W0035F0003T0006Z000C1N44.png,48,82.31630056711151,79.71649490813908,19.225863963711188,19.09029211995931,T1791L,G5
W0035F0003T0006Z000C1N44.png,49,61.51406449924498,56.698966390137514,19.225863963711188,19.09029211995931,T1791L,G5
W0035F0003T0006Z000C1N44.png,50,61.34020639135562,59.50845168802696,19.225863963711188,19.09029211995931,T1791L,G5
W0035F0003T0006Z000C1N44.png,51,87.73351068590652,85.29063582101396,19.225863963711188,19.09029211995931,T1791L,G5
W0035F0003T0006Z000C1N44.png,52,58.670092615123195,54.6037540423294,19.225863963711188,19.09029211995931,T1791L,G5
W0035F0003T0006Z000C1N44.png,53,14.120935912568582,8.617863437864829,19.225863963711188,19.09029211995931,T1791L,G5
W0035F0003T0006Z000C1N44.png,54,82.6395728682412,80.39440310296452,19.225863963711188,19.09029211995931,T1791L,G5
W0035F0003T0006Z000C1N44.png,55,60.966102671543055,59.441096961851166,19.225863963711188,19.09029211995931,T1791L,G5
W0035F0003T0006Z000C1N44.png,56,80.30565673124674,75.27023708961292,19.225863963711188,19.09029211995931,T1791L,G5
W0035F0003T0006Z000C1N44.png,57,66.66726965435804,62.71053458696153,19.225863963711188,19.09029211995931,T1791L,G5
W0035F0003T0006Z000C1N44.png,58,50.35454794774205,50.02289325540163,19.225863963711188,19.09029211995931,T1791L,G5
W0035F0003T0006Z000C1N44.png,59,72.58466897405593,70.96064185976125,19.225863963711188,19.09029211995931,T1791L,G5
W0035F0003T0006Z000C1N44.png,60,68.559041887135,67.27156965000745,19.225863963711188,19.09029211995931,T1791L,G5
W0035F0003T0006Z000C1N44.png,61,77.21287304755263,72.89686202829303,19.225863963711188,19.09029211995931,T1791L,G5
W0035F0003T0006Z000C1N44.png,62,65.92935067694906,65.15213508752265,19.225863963711188,19.09029211995931,T1791L,G5
W0035F0003T0006Z000C1N44.png,63,85.72757048261045,83.75465732939624,19.225863963711188,19.09029211995931,T1791L,G5
W0035F0003T0006Z000C1N44.png,64,84.83149286589376,83.36637939607661,19.225863963711188,19.09029211995931,T1791L,G5
W0035F0003T0006Z000C1N44.png,65,95.93861538920103,94.17238162266695,19.225863963711188,19.09029211995931,T1791L,G5
W0035F0003T0006Z000C1N44.png,66,95.38106054131649,91.16593045915891,19.225863963711188,19.09029211995931,T1791L,G5
W0035F0003T0006Z000C1N44.png,67,89.35159213919428,85.23016937364795,19.225863963711188,19.09029211995931,T1791L,G5
W0035F0003T0006Z000C1N44.png,68,83.95004349924902,80.43628870936915,19.225863963711188,19.09029211995931,T1791L,G5
W0035F0003T0006Z000C1N44.png,69,63.28222222173966,62.58277443590787,19.225863963711188,19.09029211995931,T1791L,G5
W0035F0003T0006Z000C1N44.png,70,75.71018392728924,74.7632025970176,19.225863963711188,19.09029211995931,T1791L,G5
W0035F0003T0006Z000C1N44.png,71,85.2089210648908,84.00903166085347,19.225863963711188,19.09029211995931,T1791L,G5
W0035F0003T0006Z000C1N45.png,1,25.83768796663053,25.865664552432104,25.33669539026884,22.81803024711002,T1791L,G5
W0035F0003T0006Z000C1N45.png,2,7.22713746161262,8.127407039917284,25.33669539026884,22.81803024711002,T1791L,G5
W0035F0003T0006Z000C1N45.png,3,5.537813614130385,4.700162525759193,25.33669539026884,22.81803024711002,T1791L,G5
W0035F0003T0006Z000C1N45.png,4,15.060732331244907,15.919340401966098,25.33669539026884,22.81803024711002,T1791L,G5
W0035F0003T0006Z000C1N45.png,5,20.592988208761906,21.055098423588678,25.33669539026884,22.81803024711002,T1791L,G5
W0035F0003T0006Z000C1N45.png,6,20.76570528827121,21.489804720277565,25.33669539026884,22.81803024711002,T1791L,G5
W0035F0003T0006Z000C1N45.png,7,87.96309190596246,68.92947091664485,25.33669539026884,22.81803024711002,T1791L,G5
W0035F0003T0006Z000C1N45.png,8,31.097032923263285,31.592021523273566,25.33669539026884,22.81803024711002,T1791L,G5
W0035F0003T0006Z000C1N45.png,9,63.91148054266673,47.49367546368701,25.33669539026884,22.81803024711002,T1791L,G5
W0035F0003T0006Z000C1N45.png,10,75.43245232560379,51.847519190606306,25.33669539026884,22.81803024711002,T1791L,G5
W0035F0003T0006Z000C1N45.png,11,38.58630743654437,33.87629704593711,25.33669539026884,22.81803024711002,T1791L,G5
W0035F0003T0006Z000C1N45.png,12,56.32649916021365,31.54382614780318,25.33669539026884,22.81803024711002,T1791L,G5
W0035F0003T0006Z000C1N45.png,13,44.30221774176504,25.908273143773982,25.33669539026884,22.81803024711002,T1791L,G5
W0035F0003T0006Z000C1N45.png,14,55.63416203389542,21.68191270600538,25.33669539026884,22.81803024711002,T1791L,G5
W0035F0003T0006Z000C1N45.png,15,55.82338567587053,19.02386533949664,25.33669539026884,22.81803024711002,T1791L,G5
W0035F0003T0006Z000C1N45.png,16,39.21704206575654,6.116504667105238,25.33669539026884,22.81803024711002,T1791L,G5
W0035F0003T0006Z000C1N45.png,17,39.79730041325728,4.697513662133301,25.33669539026884,22.81803024711002,T1791L,G5
W0035F0003T0006Z000C1N45.png,18,67.52661687290072,30.515923730674725,25.33669539026884,22.81803024711002,T1791L,G5
W0035F0003T0006Z000C1N45.png,19,83.70172454159992,45.006749409653295,25.33669539026884,22.81803024711002,T1791L,G5
W0035F0003T0006Z000C1N45.png,20,55.651010558547085,29.208970705575982,25.33669539026884,22.81803024711002,T1791L,G5
W0035F0003T0006Z000C1N45.png,21,66.99875914540168,36.8146699357645,25.33669539026884,22.81803024711002,T1791L,G5
W0035F0003T0006Z000C1N45.png,22,57.43610838791475,42.31155591804562,25.33669539026884,22.81803024711002,T1791L,G5
W0035F0003T0006Z000C1N45.png,23,83.6553610771434,78.61037084871377,25.33669539026884,22.81803024711002,T1791L,G5
W0035F0003T0006Z000C1N45.png,24,11.528993553927391,5.244196864467517,25.33669539026884,22.81803024711002,T1791L,G5
W0035F0003T0006Z000C1N45.png,25,55.10883553190628,49.0668869674621,25.33669539026884,22.81803024711002,T1791L,G5
W0035F0003T0006Z000C1N45.png,26,86.73154125280185,82.16545671174605,25.33669539026884,22.81803024711002,T1791L,G5
W0035F0003T0006Z000C1N45.png,27,72.45443106090059,69.12246329528263,25.33669539026884,22.81803024711002,T1791L,G5
W0035F0003T0006Z000C1N45.png,28,82.83229182242275,78.63771685135103,25.33669539026884,22.81803024711002,T1791L,G5
W0035F0003T0006Z000C1N45.png,29,66.05712666649829,54.50851196021016,25.33669539026884,22.81803024711002,T1791L,G5
W0035F0003T0006Z000C1N45.png,30,85.59324118063827,56.87870572691561,25.33669539026884,22.81803024711002,T1791L,G5
W0035F0003T0006Z000C1N49.png,1,29.050915487261857,27.038242660771868,14.680599842952397,13.228376569930711,T1791L,G5
W0035F0003T0006Z000C1N49.png,2,35.41551254223846,33.33945464497273,14.680599842952397,13.228376569930711,T1791L,G5
W0035F0003T0006Z000C1N49.png,3,3.695168857237311,1.6286360763519938,14.680599842952397,13.228376569930711,T1791L,G5
W0035F0003T0006Z000C1N49.png,4,31.562278015035456,9.217221155191792,14.680599842952397,13.228376569930711,T1791L,G5
W0035F0003T0006Z000C1N49.png,5,1.0623968305533318,1.4905204914064172,14.680599842952397,13.228376569930711,T1791L,G5
W0035F0003T0006Z000C1N50.png,1,86.00858901398269,84.00758783918016,26.03917648004455,27.8757416723071,T1791L,G5
W0035F0003T0006Z000C1N50.png,2,46.83764483730511,42.660023087873185,26.03917648004455,27.8757416723071,T1791L,G5
W0035F0003T0006Z000C1N50.png,3,51.1527692750455,48.056292726496494,26.03917648004455,27.8757416723071,T1791L,G5
W0035F0003T0006Z000C1N50.png,4,29.63725468507758,28.767595276623965,26.03917648004455,27.8757416723071,T1791L,G5
W0035F0003T0006Z000C1N50.png,5,16.412192593715236,15.717505604117523,26.03917648004455,27.8757416723071,T1791L,G5
W0035F0003T0006Z000C1N50.png,6,5.982760112157574,4.525220156110686,26.03917648004455,27.8757416723071,T1791L,G5
W0035F0003T0006Z000C1N50.png,7,76.15669344636984,77.97398043241614,26.03917648004455,27.8757416723071,T1791L,G5
W0035F0003T0006Z000C1N50.png,8,23.42787767725066,24.940566612122527,26.03917648004455,27.8757416723071,T1791L,G5
W0035F0003T0006Z000C1N50.png,9,54.27813503162372,57.10163868129715,26.03917648004455,27.8757416723071,T1791L,G5
W0035F0003T0006Z000C1N50.png,10,51.15149855482367,49.184804675835025,26.03917648004455,27.8757416723071,T1791L,G5
W0035F0003T0006Z000C1N50.png,11,42.795490445547024,14.5825167420541,26.03917648004455,27.8757416723071,T1791L,G5
W0035F0003T0006Z000C1N50.png,12,81.90184809640958,82.27029375520608,26.03917648004455,27.8757416723071,T1791L,G5
W0035F0003T0006Z000C1N50.png,13,88.4904180004619,90.14710200555534,26.03917648004455,27.8757416723071,T1791L,G5
W0035F0003T0006Z000C1N50.png,14,78.64399391449588,74.56727015103729,26.03917648004455,27.8757416723071,T1791L,G5
W0035F0003T0006Z000C1N53.png,1,87.55931448635303,45.56552118221955,20.999145756295047,18.55226303767055,T1791L,G5
W0035F0003T0006Z000C1N53.png,2,85.65527598557456,48.371231554551954,20.999145756295047,18.55226303767055,T1791L,G5
W0035F0003T0006Z000C1N53.png,3,76.86959709899504,31.8259848835351,20.999145756295047,18.55226303767055,T1791L,G5
W0035F0003T0006Z000C1N53.png,4,87.7416067312158,61.37431876838385,20.999145756295047,18.55226303767055,T1791L,G5
W0035F0003T0006Z000C1N53.png,5,93.1698357385822,75.67692541030299,20.999145756295047,18.55226303767055,T1791L,G5
W0035F0003T0006Z000C1N53.png,6,68.76325278901295,19.07839060560718,20.999145756295047,18.55226303767055,T1791L,G5
W0035F0003T0006Z000C1N53.png,7,87.70453584025076,79.02964830468056,20.999145756295047,18.55226303767055,T1791L,G5
W0035F0003T0006Z000C1N53.png,8,79.74910673481965,73.00835215274557,20.999145756295047,18.55226303767055,T1791L,G5
W0035F0003T0006Z000C1N53.png,9,73.23618131415125,38.83393681557178,20.999145756295047,18.55226303767055,T1791L,G5
W0035F0003T0006Z000C1N53.png,10,61.19563090270221,39.39577696122304,20.999145756295047,18.55226303767055,T1791L,G5
W0035F0003T0006Z000C1N53.png,11,79.31535102374204,79.33244002085105,20.999145756295047,18.55226303767055,T1791L,G5
W0035F0003T0006Z000C1N53.png,12,65.816088580965,31.999722888175054,20.999145756295047,18.55226303767055,T1791L,G5
W0035F0003T0006Z000C1N53.png,13,49.173313645881805,1.0503686063597648,20.999145756295047,18.55226303767055,T1791L,G5
W0035F0003T0006Z000C1N53.png,14,61.916836077751825,53.58855223094872,20.999145756295047,18.55226303767055,T1791L,G5
W0035F0003T0006Z000C1N53.png,15,64.52342218260478,64.62020340147728,20.999145756295047,18.55226303767055,T1791L,G5
W0035F0003T0006Z000C1N53.png,16,62.19330769548663,59.20807019074144,20.999145756295047,18.55226303767055,T1791L,G5
W0035F0003T0006Z000C1N53.png,17,58.77925497413886,36.89845008701125,20.999145756295047,18.55226303767055,T1791L,G5
W0035F0003T0006Z000C1N53.png,18,61.79060151604765,61.80197228898042,20.999145756295047,18.55226303767055,T1791L,G5
W0035F0003T0006Z000C1N53.png,19,46.48080153615081,40.99425818966151,20.999145756295047,18.55226303767055,T1791L,G5
W0035F0003T0006Z000C1N53.png,20,69.94998089828809,54.84901969912636,20.999145756295047,18.55226303767055,T1791L,G5
W0035F0003T0006Z000C1N53.png,21,64.51292786281769,49.637176917362275,20.999145756295047,18.55226303767055,T1791L,G5
W0035F0003T0006Z000C1N53.png,22,52.369020096824954,55.201484639758085,20.999145756295047,18.55226303767055,T1791L,G5
W0035F0003T0006Z000C1N53.png,23,65.7507594438949,58.70886270196975,20.999145756295047,18.55226303767055,T1791L,G5
W0035F0003T0006Z000C1N53.png,24,84.64018968460596,47.17509188870618,20.999145756295047,18.55226303767055,T1791L,G5
W0035F0003T0006Z000C1N53.png,25,66.90560488234607,63.40697930340753,20.999145756295047,18.55226303767055,T1791L,G5
W0035F0003T0006Z000C1N53.png,26,30.30221301450951,30.317544082235255,20.999145756295047,18.55226303767055,T1791L,G5
W0035F0003T0006Z000C1N53.png,27,52.52062415831301,50.84720193648879,20.999145756295047,18.55226303767055,T1791L,G5
W0035F0003T0006Z000C1N53.png,28,66.00921604872708,64.23174955069217,20.999145756295047,18.55226303767055,T1791L,G5
W0035F0003T0006Z000C1N53.png,29,30.977431378994005,33.206262550943144,20.999145756295047,18.55226303767055,T1791L,G5
W0035F0003T0006Z000C1N53.png,30,25.20656585624673,25.463725796500718,20.999145756295047,18.55226303767055,T1791L,G5
W0035F0003T0006Z000C1N53.png,31,22.096267215986465,22.07093765562682,20.999145756295047,18.55226303767055,T1791L,G5
W0035F0003T0006Z000C1N53.png,32,31.354769742688518,31.655135826349092,20.999145756295047,18.55226303767055,T1791L,G5
W0035F0003T0006Z000C1N53.png,33,58.72689676889387,56.12703159797179,20.999145756295047,18.55226303767055,T1791L,G5
W0035F0003T0006Z000C1N53.png,34,36.21515018103976,34.667828002459295,20.999145756295047,18.55226303767055,T1791L,G5
W0035F0003T0006Z000C1N53.png,35,9.273058911529665,8.994997600049349,20.999145756295047,18.55226303767055,T1791L,G5
W0035F0003T0006Z000C1N53.png,36,58.10846792071582,55.25932150760983,20.999145756295047,18.55226303767055,T1791L,G5
W0035F0003T0006Z000C1N53.png,37,30.80954528689008,31.061298511417142,20.999145756295047,18.55226303767055,T1791L,G5
W0035F0003T0006Z000C1N53.png,38,56.81304178797749,53.92139021564871,20.999145756295047,18.55226303767055,T1791L,G5
W0035F0003T0006Z000C1N53.png,39,48.14364463826072,47.11171259768326,20.999145756295047,18.55226303767055,T1791L,G5
W0035F0003T0006Z000C1N53.png,40,57.71595259851219,54.8446723937449,20.999145756295047,18.55226303767055,T1791L,G5
W0035F0003T0006Z000C1N53.png,41,5.765030653494181,4.517603085768677,20.999145756295047,18.55226303767055,T1791L,G5
W0035F0003T0006Z000C1N53.png,42,49.597473685741996,47.46662600392094,20.999145756295047,18.55226303767055,T1791L,G5
W0035F0003T0006Z000C1N53.png,43,52.215562686438346,50.93427359960225,20.999145756295047,18.55226303767055,T1791L,G5
W0035F0003T0006Z000C1N53.png,44,30.199814286886138,30.27852294174941,20.999145756295047,18.55226303767055,T1791L,G5
W0035F0003T0006Z000C1N53.png,45,56.7428656928862,56.96868946791871,20.999145756295047,18.55226303767055,T1791L,G5
W0035F0003T0006Z000C1N53.png,46,57.97932279971978,55.75979877278859,20.999145756295047,18.55226303767055,T1791L,G5
W0035F0003T0006Z000C1N53.png,47,72.91004274429278,70.1016339232978,20.999145756295047,18.55226303767055,T1791L,G5
W0035F0003T0006Z000C1N53.png,48,63.87980196987667,61.11767455573167,20.999145756295047,18.55226303767055,T1791L,G5
W0035F0003T0006Z000C1N53.png,49,57.189713315065624,54.545778666179785,20.999145756295047,18.55226303767055,T1791L,G5
W0035F0003T0006Z000C1N53.png,50,10.844819404712373,10.883041135702008,20.999145756295047,18.55226303767055,T1791L,G5
W0035F0003T0006Z000C1N58.png,1,69.54129537744187,69.51676815621506,20.160324362157873,20.15503930494813,T1791L,G5
W0035F0003T0006Z000C1N58.png,2,89.38644388231454,89.3533026511606,20.160324362157873,20.15503930494813,T1791L,G5
W0035F0003T0006Z000C1N58.png,3,86.63179474126231,86.61928560829901,20.160324362157873,20.15503930494813,T1791L,G5
W0035F0003T0006Z000C1N58.png,4,98.54950845470759,98.5173429448866,20.160324362157873,20.15503930494813,T1791L,G5
W0035F0003T0006Z000C1N58.png,5,73.2014216175394,73.1859403807326,20.160324362157873,20.15503930494813,T1791L,G5
W0035F0003T0006Z000C1N58.png,6,66.73260015982002,66.69901942705701,20.160324362157873,20.15503930494813,T1791L,G5
W0035F0003T0006Z000C1N58.png,7,50.398887888199525,50.36698563481803,20.160324362157873,20.15503930494813,T1791L,G5
W0035F0003T0006Z000C1N58.png,8,47.716236807237536,47.695927623584424,20.160324362157873,20.15503930494813,T1791L,G5
W0035F0003T0006Z000C1N58.png,9,59.06389302779491,59.05209388836521,20.160324362157873,20.15503930494813,T1791L,G5
W0035F0003T0006Z000C1N58.png,10,83.22537049531958,83.19631056682279,20.160324362157873,20.15503930494813,T1791L,G5
W0035F0003T0006Z000C1N58.png,11,51.775320200095564,51.74192272497697,20.160324362157873,20.15503930494813,T1791L,G5
W0035F0003T0006Z000C1N58.png,12,64.28579635532768,64.25579492136899,20.160324362157873,20.15503930494813,T1791L,G5
W0035F0003T0006Z000C1N58.png,13,37.24215747280137,37.208776560011245,20.160324362157873,20.15503930494813,T1791L,G5
W0035F0003T0006Z000C1N58.png,14,55.45808092826203,55.45555116717452,20.160324362157873,20.15503930494813,T1791L,G5
W0035F0003T0006Z000C1N58.png,15,43.21370306882513,43.182603245925044,20.160324362157873,20.15503930494813,T1791L,G5
W0035F0003T0006Z000C1N58.png,16,79.65120600455491,79.62577232946515,20.160324362157873,20.15503930494813,T1791L,G5
W0035F0003T0006Z000C1N58.png,17,53.26364091075988,53.26608815416388,20.160324362157873,20.15503930494813,T1791L,G5
W0035F0003T0006Z000C1N58.png,18,66.55635463845636,66.56345510026472,20.160324362157873,20.15503930494813,T1791L,G5
W0035F0003T0006Z000C1N58.png,19,75.94187536823857,75.91977943674276,20.160324362157873,20.15503930494813,T1791L,G5
W0035F0003T0006Z000C1N58.png,20,38.01631881594888,38.01965380137384,20.160324362157873,20.15503930494813,T1791L,G5
W0035F0003T0006Z000C1N58.png,21,62.3784328060736,62.35570375888935,20.160324362157873,20.15503930494813,T1791L,G5
W0035F0003T0006Z000C1N58.png,22,65.71786943084275,65.72997138948358,20.160324362157873,20.15503930494813,T1791L,G5
W0035F0003T0006Z000C1N58.png,23,73.07659156384881,73.05690323493437,20.160324362157873,20.15503930494813,T1791L,G5
W0035F0003T0006Z000C1N58.png,24,67.66099134877139,67.64666398604291,20.160324362157873,20.15503930494813,T1791L,G5
W0035F0003T0006Z000C1N58.png,25,38.79457426923603,38.81164916633266,20.160324362157873,20.15503930494813,T1791L,G5
W0035F0003T0006Z000C1N58.png,26,49.61939879851092,49.641009278962,20.160324362157873,20.15503930494813,T1791L,G5
W0035F0003T0006Z000C1N58.png,27,26.591111523993735,26.622972077501803,20.160324362157873,20.15503930494813,T1791L,G5
W0035F0003T0006Z000C1N58.png,28,4.553914259041271,4.520118294692155,20.160324362157873,20.15503930494813,T1791L,G5
W0035F0003T0006Z000C1N58.png,29,27.735021964039195,27.76648518624962,20.160324362157873,20.15503930494813,T1791L,G5
W0035F0003T0006Z000C1N58.png,30,69.81186594700985,69.80996225955353,20.160324362157873,20.15503930494813,T1791L,G5
W0035F0003T0006Z000C1N58.png,31,35.67589572072727,35.703663784886956,20.160324362157873,20.15503930494813,T1791L,G5
W0035F0003T0006Z000C1N58.png,32,83.7634127810852,83.76181505303087,20.160324362157873,20.15503930494813,T1791L,G5
W0035F0003T0006Z000C1N58.png,33,61.838921183836916,61.85581217513435,20.160324362157873,20.15503930494813,T1791L,G5
W0035F0003T0006Z000C1N58.png,34,79.81038047864989,79.82082096707995,20.160324362157873,20.15503930494813,T1791L,G5
W0035F0003T0006Z000C1N58.png,35,68.25349269556675,68.27298920425969,20.160324362157873,20.15503930494813,T1791L,G5
W0035F0003T0006Z000C1N58.png,36,84.73624967196447,84.74246304914753,20.160324362157873,20.15503930494813,T1791L,G5
W0035F0003T0006Z000C1N61.png,1,88.19853135948203,90.18129728145612,26.550039585380873,27.797910889142276,T1791L,G5
W0035F0003T0006Z000C1N61.png,2,115.20533119117727,116.634323334478,26.550039585380873,27.797910889142276,T1791L,G5
W0035F0003T0006Z000C1N61.png,3,103.99500851087117,105.60798334868825,26.550039585380873,27.797910889142276,T1791L,G5
W0035F0003T0006Z000C1N61.png,4,90.31018214293852,92.25990329215956,26.550039585380873,27.797910889142276,T1791L,G5
W0035F0003T0006Z000C1N61.png,5,100.77218333671145,102.54369297306688,26.550039585380873,27.797910889142276,T1791L,G5
W0035F0003T0006Z000C1N61.png,6,88.12052778303436,90.0237862636662,26.550039585380873,27.797910889142276,T1791L,G5
W0035F0003T0006Z000C1N61.png,7,85.6809481926142,87.6314216156902,26.550039585380873,27.797910889142276,T1791L,G5
W0035F0003T0006Z000C1N61.png,8,84.20923811136775,86.19925199656379,26.550039585380873,27.797910889142276,T1791L,G5
W0035F0003T0006Z000C1N61.png,9,110.06881589123877,111.68125928674108,26.550039585380873,27.797910889142276,T1791L,G5
W0035F0003T0006Z000C1N61.png,10,91.34780750152879,93.24885520571681,26.550039585380873,27.797910889142276,T1791L,G5
W0035F0003T0006Z000C1N61.png,11,107.89089245144397,109.32086345229507,26.550039585380873,27.797910889142276,T1791L,G5
W0035F0003T0006Z000C1N61.png,12,82.43507088838555,84.41956861087215,26.550039585380873,27.797910889142276,T1791L,G5
W0035F0003T0006Z000C1N61.png,13,83.7028785226462,85.68542721783145,26.550039585380873,27.797910889142276,T1791L,G5
W0035F0003T0006Z000C1N61.png,14,95.40227986105258,97.02168691057547,26.550039585380873,27.797910889142276,T1791L,G5
W0035F0003T0006Z000C1N61.png,15,89.08820450456183,90.90640584007035,26.550039585380873,27.797910889142276,T1791L,G5
W0035F0003T0006Z000C1N61.png,16,81.77142738804093,83.68081708889993,26.550039585380873,27.797910889142276,T1791L,G5
W0035F0003T0006Z000C1N61.png,17,102.02378195463301,103.47581987077473,26.550039585380873,27.797910889142276,T1791L,G5
W0035F0003T0006Z000C1N61.png,18,88.9656460775307,90.66757940276767,26.550039585380873,27.797910889142276,T1791L,G5
W0035F0003T0006Z000C1N61.png,19,76.45911616175039,78.39664431686418,26.550039585380873,27.797910889142276,T1791L,G5
W0035F0003T0006Z000C1N61.png,20,90.66476311131731,92.41810362661481,26.550039585380873,27.797910889142276,T1791L,G5
W0035F0003T0006Z000C1N61.png,21,102.4053075292335,103.98245300633062,26.550039585380873,27.797910889142276,T1791L,G5
W0035F0003T0006Z000C1N61.png,22,76.0736093265549,77.95483262365487,26.550039585380873,27.797910889142276,T1791L,G5
W0035F0003T0006Z000C1N61.png,23,72.93220564879057,74.92351350370782,26.550039585380873,27.797910889142276,T1791L,G5
W0035F0003T0006Z000C1N61.png,24,77.60152792943569,79.47438650883237,26.550039585380873,27.797910889142276,T1791L,G5
W0035F0003T0006Z000C1N61.png,25,81.11618602350063,82.91023464244083,26.550039585380873,27.797910889142276,T1791L,G5
W0035F0003T0006Z000C1N61.png,26,69.8125315709381,71.792564901071,26.550039585380873,27.797910889142276,T1791L,G5
W0035F0003T0006Z000C1N61.png,27,93.77565959935997,95.17119954861384,26.550039585380873,27.797910889142276,T1791L,G5
W0035F0003T0006Z000C1N61.png,28,95.05556944466224,96.52835400444981,26.550039585380873,27.797910889142276,T1791L,G5
W0035F0003T0006Z000C1N61.png,29,89.03789740141575,90.58435992901327,26.550039585380873,27.797910889142276,T1791L,G5
W0035F0003T0006Z000C1N61.png,30,82.94232761347911,84.57882975608686,26.550039585380873,27.797910889142276,T1791L,G5
W0035F0003T0006Z000C1N61.png,31,77.92733511065495,79.6331128028627,26.550039585380873,27.797910889142276,T1791L,G5
W0035F0003T0006Z000C1N61.png,32,64.45678572383913,66.4031511960138,26.550039585380873,27.797910889142276,T1791L,G5
W0035F0003T0006Z000C1N61.png,33,76.18362992757916,77.66786381371085,26.550039585380873,27.797910889142276,T1791L,G5
W0035F0003T0006Z000C1N61.png,34,56.460548941817876,58.411270072601575,26.550039585380873,27.797910889142276,T1791L,G5
W0035F0003T0006Z000C1N61.png,35,74.6290656771879,76.1648756222004,26.550039585380873,27.797910889142276,T1791L,G5
W0035F0003T0006Z000C1N61.png,36,87.20175142125551,88.57560941523583,26.550039585380873,27.797910889142276,T1791L,G5
W0035F0003T0006Z000C1N61.png,37,83.71032536781959,85.14712676160921,26.550039585380873,27.797910889142276,T1791L,G5
W0035F0003T0006Z000C1N61.png,38,80.91114612727333,82.40609055934195,26.550039585380873,27.797910889142276,T1791L,G5
W0035F0003T0006Z000C1N61.png,39,64.70226561927242,66.1690129027651,26.550039585380873,27.797910889142276,T1791L,G5
W0035F0003T0006Z000C1N61.png,40,59.950310514282364,61.62733888302811,26.550039585380873,27.797910889142276,T1791L,G5
W0035F0003T0006Z000C1N61.png,41,70.36851151395776,71.85653727335314,26.550039585380873,27.797910889142276,T1791L,G5
W0035F0003T0006Z000C1N61.png,42,65.72274271174538,67.28751383940319,26.550039585380873,27.797910889142276,T1791L,G5
W0035F0003T0006Z000C1N61.png,43,85.12481605527435,87.71820921469374,26.550039585380873,27.797910889142276,T1791L,G5
W0035F0003T0006Z000C1N61.png,44,69.46378392432985,70.67507426164825,26.550039585380873,27.797910889142276,T1791L,G5
W0035F0003T0006Z000C1N61.png,45,57.64183451982952,59.12888923800108,26.550039585380873,27.797910889142276,T1791L,G5
W0035F0003T0006Z000C1N61.png,46,59.24759385989202,61.10269890550719,26.550039585380873,27.797910889142276,T1791L,G5
W0035F0003T0006Z000C1N61.png,47,68.0228601107772,69.18309772100072,26.550039585380873,27.797910889142276,T1791L,G5
W0035F0003T0006Z000C1N61.png,48,76.67796355471923,77.77325748923079,26.550039585380873,27.797910889142276,T1791L,G5
W0035F0003T0006Z000C1N61.png,49,45.97763193531879,47.713090987028,26.550039585380873,27.797910889142276,T1791L,G5
W0035F0003T0006Z000C1N61.png,50,63.37883540474885,64.3696623710761,26.550039585380873,27.797910889142276,T1791L,G5
W0035F0003T0006Z000C1N61.png,51,37.17084717724772,39.16225459796924,26.550039585380873,27.797910889142276,T1791L,G5
W0035F0003T0006Z000C1N61.png,52,80.38841507455672,81.53471836391743,26.550039585380873,27.797910889142276,T1791L,G5
W0035F0003T0006Z000C1N61.png,53,42.01508414246058,43.72252181105005,26.550039585380873,27.797910889142276,T1791L,G5
W0035F0003T0006Z000C1N61.png,54,50.93734878862849,52.179758608128125,26.550039585380873,27.797910889142276,T1791L,G5
W0035F0003T0006Z000C1N61.png,55,29.889866541735074,31.595897474610396,26.550039585380873,27.797910889142276,T1791L,G5
W0035F0003T0006Z000C1N61.png,56,48.70288552641601,49.86830985205672,26.550039585380873,27.797910889142276,T1791L,G5
W0035F0003T0006Z000C1N61.png,57,68.96179200362897,71.56443213408555,26.550039585380873,27.797910889142276,T1791L,G5
W0035F0003T0006Z000C1N61.png,58,60.14516847410906,62.722173113844185,26.550039585380873,27.797910889142276,T1791L,G5
W0035F0003T0006Z000C1N61.png,59,62.02336982788917,62.729175747572285,26.550039585380873,27.797910889142276,T1791L,G5
W0035F0003T0006Z000C1N61.png,60,57.84143264287119,58.7189588750213,26.550039585380873,27.797910889142276,T1791L,G5
W0035F0003T0006Z000C1N61.png,61,49.82421701593117,52.42575605933247,26.550039585380873,27.797910889142276,T1791L,G5
W0035F0003T0006Z000C1N61.png,62,35.78403489754997,35.95775741493876,26.550039585380873,27.797910889142276,T1791L,G5
W0035F0003T0006Z000C1N61.png,63,39.6051191473607,42.05326466029966,26.550039585380873,27.797910889142276,T1791L,G5
W0035F0003T0006Z000C1N61.png,64,33.76919981843061,36.363195733995276,26.550039585380873,27.797910889142276,T1791L,G5
W0035F0003T0006Z000C1N61.png,65,32.38503594481185,32.16437895358685,26.550039585380873,27.797910889142276,T1791L,G5
W0035F0003T0006Z000C1N61.png,66,40.31784398588679,40.17889557706044,26.550039585380873,27.797910889142276,T1791L,G5
W0035F0003T0006Z000C1N61.png,67,35.47196009911747,37.69768822873206,26.550039585380873,27.797910889142276,T1791L,G5
W0035F0003T0006Z000C1N61.png,68,57.94072111880422,57.38604954796793,26.550039585380873,27.797910889142276,T1791L,G5
W0035F0003T0006Z000C1N61.png,69,38.19724977669572,37.63396338137591,26.550039585380873,27.797910889142276,T1791L,G5
W0035F0003T0006Z000C1N61.png,70,31.513134334632916,30.405553232957427,26.550039585380873,27.797910889142276,T1791L,G5
W0035F0003T0006Z000C1N61.png,71,18.181077349884212,20.611124957710622,26.550039585380873,27.797910889142276,T1791L,G5
W0035F0003T0006Z000C1N61.png,72,3.2498397086885134,1.35611105345287,26.550039585380873,27.797910889142276,T1791L,G5
W0035F0003T0006Z000C1N61.png,73,25.108284163808055,27.228962471783507,26.550039585380873,27.797910889142276,T1791L,G5
W0035F0003T0006Z000C1N61.png,74,47.05291777166438,38.84755758121796,26.550039585380873,27.797910889142276,T1791L,G5
W0035F0003T0006Z000C1N61.png,75,28.22299506401826,26.12031222511,26.550039585380873,27.797910889142276,T1791L,G5
W0035F0003T0006Z000C1N61.png,76,30.90372662171991,23.0942325271544,26.550039585380873,27.797910889142276,T1791L,G5
W0035F0003T0006Z000C1N61.png,77,26.065044419811052,26.176583523795916,26.550039585380873,27.797910889142276,T1791L,G5
W0035F0003T0006Z000C1N61.png,78,40.862268765523716,31.061158159970667,26.550039585380873,27.797910889142276,T1791L,G5
W0035F0003T0006Z000C1N61.png,79,37.935105382690736,37.574926071608886,26.550039585380873,27.797910889142276,T1791L,G5
W0035F0003T0006Z000C1N61.png,80,31.201813531035903,20.706869447242173,26.550039585380873,27.797910889142276,T1791L,G5
W0035F0003T0006Z000C1N61.png,81,22.93282572749866,21.58444178756344,26.550039585380873,27.797910889142276,T1791L,G5
W0035F0003T0006Z000C1N61.png,82,35.899130780222144,24.57406974562671,26.550039585380873,27.797910889142276,T1791L,G5
W0035F0003T0006Z000C1N61.png,83,6.094604777515399,3.6601026811081026,26.550039585380873,27.797910889142276,T1791L,G5
W0035F0003T0006Z000C1N61.png,84,41.05735316014859,39.91528378319162,26.550039585380873,27.797910889142276,T1791L,G5
W0035F0003T0006Z000C1N61.png,85,38.67763897160394,32.14525784685536,26.550039585380873,27.797910889142276,T1791L,G5
W0035F0003T0006Z000C1N61.png,86,3.83503770607474,8.670911891203716,26.550039585380873,27.797910889142276,T1791L,G5
W0035F0003T0006Z000C1N9.png,1,47.5880605151722,44.86780496419421,22.111275027883547,22.90736210243656,T1791L,G5
W0035F0003T0006Z000C1N9.png,2,72.49892385186989,31.98482086278761,22.111275027883547,22.90736210243656,T1791L,G5
W0035F0003T0006Z000C1N9.png,3,76.55028505340837,26.607022786039526,22.111275027883547,22.90736210243656,T1791L,G5
W0035F0003T0006Z000C1N9.png,4,49.31155027062903,33.08714867832862,22.111275027883547,22.90736210243656,T1791L,G5
W0035F0003T0006Z000C1N9.png,5,80.32386624475745,32.39429318430312,22.111275027883547,22.90736210243656,T1791L,G5
W0035F0003T0006Z000C1N9.png,6,85.76670043972017,38.49177909930488,22.111275027883547,22.90736210243656,T1791L,G5
W0035F0003T0006Z000C1N9.png,7,35.67329648789116,33.5638440596708,22.111275027883547,22.90736210243656,T1791L,G5
W0035F0003T0006Z000C1N9.png,8,39.393576032503745,24.257292553942683,22.111275027883547,22.90736210243656,T1791L,G5
W0035F0003T0006Z000C1N9.png,9,84.34026699381974,44.64246659777933,22.111275027883547,22.90736210243656,T1791L,G5
W0035F0003T0006Z000C1N9.png,10,75.98885645667521,32.737140017212646,22.111275027883547,22.90736210243656,T1791L,G5
W0035F0003T0006Z000C1N9.png,11,79.14512201989841,45.905567210999884,22.111275027883547,22.90736210243656,T1791L,G5
W0035F0003T0006Z000C1N9.png,12,28.649676676600922,0.3918854425088976,22.111275027883547,22.90736210243656,T1791L,G5
W0035F0003T0006Z000C1N9.png,13,72.33135787009925,47.53165279674948,22.111275027883547,22.90736210243656,T1791L,G5
W0035F0003T0006Z000C1N9.png,14,65.71714450269984,40.62482452007889,22.111275027883547,22.90736210243656,T1791L,G5
W0035F0003T0006Z000C1N9.png,15,50.5238330968954,1.2290958294398397,22.111275027883547,22.90736210243656,T1791L,G5
W0035F0003T0006Z000C1N9.png,16,26.024660583669363,12.972771508065955,22.111275027883547,22.90736210243656,T1791L,G5
W0035F0003T0006Z000C1N9.png,17,31.754750879534587,0.0,22.111275027883547,22.90736210243656,T1791L,G5
W0035F0003T0006Z000C1N9.png,18,28.752617463855,3.737632645521637,22.111275027883547,22.90736210243656,T1791L,G5
W0035F0003T0006Z000C1N9.png,19,70.56445092035733,49.638171455925644,22.111275027883547,22.90736210243656,T1791L,G5
W0035F0003T0006Z000C1N9.png,20,3.442961273734179,0.7896535299087629,22.111275027883547,22.90736210243656,T1791L,G5
W0035F0003T0006Z000C1N9.png,21,69.30687615814183,60.30278244074989,22.111275027883547,22.90736210243656,T1791L,G5
W0035F0003T0006Z000C1N9.png,22,55.920837114740785,50.94420922706504,22.111275027883547,22.90736210243656,T1791L,G5
W0035F0003T0006Z000C1N9.png,23,54.404947193873994,51.37157913226019,22.111275027883547,22.90736210243656,T1791L,G5
W0035F0003T0006Z000C1N9.png,24,67.15509969067224,63.619376139841506,22.111275027883547,22.90736210243656,T1791L,G5
W0035F0003T0006Z000C1N9.png,25,23.98883626313378,5.068685960798605,22.111275027883547,22.90736210243656,T1791L,G5
W0035F0003T0006Z000C1N9.png,26,87.27985631658065,84.77865631888518,22.111275027883547,22.90736210243656,T1791L,G5
W0035F0003T0006Z000C1N9.png,27,83.37206294742742,76.65379681480799,22.111275027883547,22.90736210243656,T1791L,G5
W0035F0003T0006Z000C1N9.png,28,75.84815654323383,65.3957052635075,22.111275027883547,22.90736210243656,T1791L,G5
W0035F0003T0006Z000C1N9.png,29,67.8318094938245,52.98186445118053,22.111275027883547,22.90736210243656,T1791L,G5
W0035F0003T0006Z000C1N9.png,30,72.82236114691545,59.51918512156887,22.111275027883547,22.90736210243656,T1791L,G5
W0035F0003T0006Z000C1N9.png,31,89.8582774226989,47.97138721572708,22.111275027883547,22.90736210243656,T1791L,G5
W0035F0003T0006Z000C1N9.png,32,76.22199494554611,61.38365626263287,22.111275027883547,22.90736210243656,T1791L,G5
W0035F0003T0006Z000C1N9.png,33,75.89598433679444,53.62324675125453,22.111275027883547,22.90736210243656,T1791L,G5
W0035F0003T0006Z000C1N9.png,34,82.99093674645378,71.25333815955491,22.111275027883547,22.90736210243656,T1791L,G5
