group,image,pbody_id,distance_to_nucleus_um,distance_to_mitochondria_um
G0,W0082F0002T0006Z000C1N7.png,1,3.0648352456385264,3.225553785904881
G0,W0082F0002T0006Z000C1N7.png,2,2.361846801234153,2.361846801234153
G0,W0082F0002T0006Z000C1N7.png,3,1.5963092197315656,1.5963092197315656
G0,W0082F0002T0006Z000C1N7.png,4,3.345690059660136,3.623548027643898
G0,W0082F0002T0006Z000C1N7.png,5,1.13826284356385,1.13826284356385
G0,W0082F0002T0006Z000C1N7.png,6,1.2112034878123854,1.9716964283468064
G0,W0082F0002T0006Z000C1N7.png,7,4.177933148175662,4.511892315384422
G0,W0082F0002T0006Z000C1N7.png,8,2.0097327929919224,3.056340751152945
G0,W0082F0002T0006Z000C1N7.png,9,1.3101168840985142,1.3788582233137676
G0,W0082F0002T0006Z000C1N7.png,10,2.90929197218357,3.595795134189214
G0,W0082F0002T0006Z000C1N7.png,11,1.3400093283257397,2.459071216943503
G0,W0082F0002T0006Z000C1N7.png,12,1.2375631297028853,1.3101168840985142
G0,W0082F0002T0006Z000C1N7.png,13,0.0,0.0
G0,W0082F0002T0006Z000C1N7.png,14,1.7766181554606777,1.9280832147011966
G0,W0082F0002T0006Z000C1N7.png,15,0.05190872090624571,0.05190872090624571
G0,W0082F0002T0006Z000C1N7.png,16,0.29295104113144915,0.29295104113144915
G0,W0082F0002T0006Z000C1N7.png,17,0.04773214260869038,0.04773214260869038
G0,W0082F0002T0006Z000C1N7.png,18,0.33530242788271686,0.33530242788271686
G0,W0082F0002T0006Z000C1N7.png,19,0.772516181060305,0.9777045821719347
G0,W0082F0002T0006Z000C1N7.png,20,1.1648982132453554,1.6308574985434987
G0,W0082F0002T0006Z000C1N7.png,21,0.08125,0.08125
G0,W0082F0002T0006Z000C1N7.png,22,0.08125,0.08125
G0,W0082F0002T0006Z000C1N7.png,23,0.0,0.0
G0,W0082F0002T0006Z000C1N7.png,24,1.0562500000000001,1.6671106179555095
G0,W0082F0002T0006Z000C1N7.png,25,0.08125,0.08125
G0,W0082F0003T0006Z000C1N62.png,1,0.4799178893889612,0.4799178893889612
G0,W0082F0003T0006Z000C1N62.png,2,0.08125,0.08125
G0,W0082F0003T0006Z000C1N62.png,3,0.05745242597140699,0.05745242597140699
G0,W0082F0003T0006Z000C1N62.png,4,0.0,0.0
G0,W0082F0003T0006Z000C1N62.png,5,0.06565991539589347,0.06565991539589347
G0,W0082F0003T0006Z000C1N62.png,6,0.060476237864639515,0.060476237864639515
G0,W0082F0003T0006Z000C1N62.png,7,0.08125,0.08125
G0,W0082F0003T0006Z000C1N62.png,8,1.1385983708050877,1.1385983708050877
G0,W0082F0003T0006Z000C1N62.png,9,0.10041560611205148,0.10041560611205148
G0,W0082F0003T0006Z000C1N62.png,10,0.0,0.0
G0,W0082F0003T0006Z000C1N62.png,11,0.08125,0.08125
G0,W0082F0003T0006Z000C1N62.png,12,0.11490485194281398,0.11490485194281398
G0,W0082F0003T0006Z000C1N62.png,13,0.0,0.0
G0,W0082F0003T0006Z000C1N62.png,14,1.0050069962443047,1.0050069962443047
G0,W0082F0003T0006Z000C1N62.png,15,0.08125,0.08125
G0,W0082F0003T0006Z000C1N62.png,16,0.0960973459856305,0.0960973459856305
G0,W0082F0003T0006Z000C1N62.png,17,0.08125,0.08125
G0,W0082F0003T0006Z000C1N62.png,18,0.019032226658421345,0.019032226658421345
G0,W0082F0003T0006Z000C1N62.png,19,0.028726212985703495,0.028726212985703495
G0,W0082F0003T0006Z000C1N62.png,20,0.09357977743560865,0.09357977743560865
G0,W0082F0003T0006Z000C1N62.png,21,0.11490485194281398,0.11490485194281398
G0,W0082F0003T0006Z000C1N62.png,22,0.04142953354794128,0.04142953354794128
G0,W0082F0003T0006Z000C1N76.png,1,3.5397408980036946,3.5989256209318916
G0,W0082F0003T0006Z000C1N76.png,2,2.0100139924886093,2.3660357140161685
G0,W0082F0003T0006Z000C1N76.png,3,0.16606206704363075,0.16606206704363075
G0,W0082F0003T0006Z000C1N76.png,4,2.1634481303003317,3.4975270281300186
G0,W0082F0003T0006Z000C1N76.png,5,1.5335416664919617,1.9631536529495506
G0,W0082F0003T0006Z000C1N76.png,6,0.4466697761085797,1.211203487812387
G0,W0082F0003T0006Z000C1N76.png,7,0.7676923945944039,1.6459202037959024
G0,W0082F0003T0006Z000C1N76.png,8,0.11490485194281398,0.11490485194281398
G0,W0082F0003T0006Z000C1N76.png,9,1.7501785623187138,1.7501785623187138
G0,W0082F0003T0006Z000C1N76.png,10,1.8168052317185792,1.8168052317185792
G0,W0082F0003T0006Z000C1N76.png,11,1.4981759743100942,1.4981759743100942
G0,W0082F0003T0006Z000C1N76.png,12,0.046428571428571264,0.046428571428571264
G0,W0082F0003T0006Z000C1N76.png,13,1.708183428382327,1.708183428382327
G0,W0082F0003T0006Z000C1N76.png,14,0.07905694150420921,0.07905694150420921
G0,W0082F0003T0006Z000C1N76.png,15,1.3008288174256049,1.474792444753512
G0,W0082F0003T0006Z000C1N76.png,16,0.043610035313621474,0.043610035313621474
G0,W0082F0003T0006Z000C1N76.png,17,0.0,0.6700046641628699
G0,W0082F0003T0006Z000C1N76.png,18,0.08125,0.08125
G0,W0082F0003T0006Z000C1N76.png,19,0.07341001711105177,0.07341001711105177
G0,W0082F0003T0006Z000C1N76.png,20,0.11490485194281398,0.11490485194281398
G0,W0082F0003T0006Z000C1N76.png,21,0.6989389279472135,0.6989389279472135
G0,W0082F0003T0006Z000C1N76.png,22,0.7267220926874317,1.2691655723348314
G0,W0082F0003T0006Z000C1N76.png,23,0.7862921998555743,1.5910714202897396
G0,W0082F0003T0006Z000C1N76.png,24,1.37053878418559,4.321052431813426
G0,W0082F0002T0006Z000C1N71.png,1,1.4981759743100942,3.8351377093919328
G0,W0082F0002T0006Z000C1N71.png,2,8.526218754524189,12.984756688132435
G0,W0082F0002T0006Z000C1N71.png,3,1.950660721396727,6.400308762083279
G0,W0082F0002T0006Z000C1N71.png,4,8.398628566948032,12.824694738623952
G0,W0082F0002T0006Z000C1N71.png,5,4.749436886125988,7.7176179510413245
G0,W0082F0002T0006Z000C1N71.png,6,2.8249877089211486,7.2682301930310995
G0,W0082F0002T0006Z000C1N71.png,7,14.585871869004349,14.776329555185782
G0,W0082F0002T0006Z000C1N71.png,8,13.847107380695075,13.869020389432702
G0,W0082F0002T0006Z000C1N71.png,9,1.566884344674735,1.566884344674735
G0,W0082F0002T0006Z000C1N71.png,10,4.293199564427445,4.293199564427445
G0,W0082F0002T0006Z000C1N71.png,11,0.16900255100115516,0.16900255100115516
G0,W0082F0002T0006Z000C1N71.png,12,0.13809844515980627,0.13809844515980627
G0,W0082F0002T0006Z000C1N71.png,13,1.5265489060295447,1.5265489060295447
G0,W0082F0002T0006Z000C1N71.png,14,3.9712885582012296,3.9712885582012296
G0,W0082F0002T0006Z000C1N71.png,15,4.0134539364492525,4.0134539364492525
G0,W0082F0003T0006Z000C1N77.png,1,1.8976169937851106,2.3271091212585837
G0,W0082F0003T0006Z000C1N77.png,2,0.7315672340351448,1.2424402922549616
G0,W0082F0003T0006Z000C1N77.png,3,0.8165523942160722,2.5593105150606483
G0,W0082F0003T0006Z000C1N77.png,4,1.9322397230215056,1.9322397230215056
G0,W0082F0003T0006Z000C1N77.png,5,1.14904851942814,1.14904851942814
G0,W0082F0003T0006Z000C1N77.png,6,3.5217540462814836,3.5217540462814836
G0,W0082F0003T0006Z000C1N77.png,7,0.046428571428571264,0.046428571428571264
G0,W0082F0003T0006Z000C1N77.png,8,0.08269624936921498,0.08269624936921498
G0,W0082F0003T0006Z000C1N77.png,9,0.05143555900035095,0.05143555900035095
G0,W0082F0003T0006Z000C1N77.png,10,1.3,1.3
G0,W0082F0003T0006Z000C1N77.png,11,2.2248664823304636,2.2248664823304636
G0,W0082F0003T0006Z000C1N77.png,12,2.05875510358338,2.05875510358338
G0,W0082F0003T0006Z000C1N77.png,13,1.4715000849473303,1.4715000849473303
G0,W0082F0003T0006Z000C1N77.png,14,0.6700046641628699,2.7625
G0,W0082F0003T0006Z000C1N77.png,15,1.600439392791867,1.9500000000000002
G0,W0082F0003T0006Z000C1N77.png,16,2.2639755202408876,2.2848736630829283
G0,W0082F0003T0006Z000C1N77.png,17,0.028726212985703495,0.028726212985703495
G0,W0082F0003T0006Z000C1N77.png,18,0.10381744181248986,4.341630025176052
G0,W0082F0003T0006Z000C1N77.png,19,0.4659592852981415,2.649741208537586
G0,W0082F0003T0006Z000C1N77.png,20,0.08125,3.7560004076810216
G0,W0082F0003T0006Z000C1N77.png,21,1.1718041645257966,1.956759119053748
G0,W0082F0003T0006Z000C1N77.png,22,0.0,3.876229643609883
G0,W0082F0003T0006Z000C1N77.png,23,0.18168052317185793,3.49375
G0,W0082F0003T0006Z000C1N77.png,24,2.1862139076494778,5.64088036125568
G0,W0082F0003T0006Z000C1N77.png,25,4.9985063393978,5.2489763883065805
G0,W0082F0003T0006Z000C1N77.png,26,0.11490485194281398,0.11490485194281398
G0,W0082F0003T0006Z000C1N77.png,27,3.0772870996374455,3.0772870996374455
G0,W0082F0003T0006Z000C1N77.png,28,1.1777747324138432,1.266887873022905
G0,W0082F0003T0006Z000C1N77.png,29,2.3136840062021333,2.4142175089572095
G0,W0082F0003T0006Z000C1N77.png,30,2.4388537907180905,7.568471299575629
G0,W0082F0003T0006Z000C1N77.png,31,2.6252678434780705,2.8795073363337695
G0,W0082F0003T0006Z000C1N77.png,32,5.554015161880887,5.571420846762171
G0,W0082F0003T0006Z000C1N77.png,33,1.3959698384285713,10.355254818415547
G0,W0082F0003T0006Z000C1N77.png,34,2.1235820432572057,11.072413950645291
G0,W0082F0003T0006Z000C1N77.png,35,4.193633567683281,4.8695803207258015
G0,W0082F0003T0006Z000C1N77.png,36,3.6371316483492637,14.735218719325859
G0,W0082F0003T0006Z000C1N77.png,37,1.6005412375463564,4.454565732391601
G0,W0082F0003T0006Z000C1N77.png,38,2.7943533499776385,14.227757191737258
G0,W0082F0003T0006Z000C1N77.png,39,0.08125,0.08125
G0,W0082F0003T0006Z000C1N77.png,40,2.0762515051168537,2.114061922579374
G0,W0082F0003T0006Z000C1N77.png,41,6.7682761837856456,19.176652471169206
G0,W0082F0002T0006Z000C1N65.png,1,2.7626911698559438,2.7626911698559438
G0,W0082F0002T0006Z000C1N65.png,2,0.24375000000000002,0.24375000000000002
G0,W0082F0002T0006Z000C1N65.png,3,2.4575435171912785,7.984989781180407
G0,W0082F0002T0006Z000C1N65.png,4,1.4937630752565816,6.783280226041086
G0,W0082F0002T0006Z000C1N65.png,5,1.1633229613912037,4.881089946159567
G0,W0082F0002T0006Z000C1N65.png,6,1.689183830697206,4.685494941542699
G0,W0082F0002T0006Z000C1N65.png,7,0.4737648414561807,3.243900526372534
G0,W0082F0002T0006Z000C1N65.png,8,0.2792449931701358,0.2792449931701358
G0,W0082F0002T0006Z000C1N65.png,9,1.5691981431610222,1.8758019118499694
G0,W0082F0002T0006Z000C1N65.png,10,1.79487116529293,4.831472342878515
G0,W0082F0002T0006Z000C1N65.png,11,0.8187950581325104,1.1264843602504604
G0,W0082F0002T0006Z000C1N65.png,12,4.390508227984546,6.630716873008529
G0,W0082F0002T0006Z000C1N65.png,13,0.08838834764831895,0.08838834764831895
G0,W0082F0002T0006Z000C1N65.png,14,4.150445139131608,4.150445139131608
G0,W0082F0002T0006Z000C1N65.png,15,0.0,0.0
G0,W0082F0002T0006Z000C1N65.png,16,0.1625,0.1625
G0,W0082F0002T0006Z000C1N65.png,17,1.4981759743100942,2.485772012876483
G0,W0082F0002T0006Z000C1N65.png,18,0.3697580289865244,0.3697580289865244
G0,W0082F0002T0006Z000C1N65.png,19,4.749436886125988,4.847680805413705
G0,W0082F0002T0006Z000C1N65.png,20,2.8078311942894647,10.003406158185571
G0,W0082F0002T0006Z000C1N6.png,1,5.0546849448779,7.217210066360498
G0,W0082F0002T0006Z000C1N6.png,2,2.2880207740534177,10.644990385740138
G0,W0082F0002T0006Z000C1N6.png,3,3.2645922410003996,11.254811471099817
G0,W0082F0002T0006Z000C1N6.png,4,2.0194790313376583,7.822179757769007
G0,W0082F0002T0006Z000C1N6.png,5,5.790657979458763,5.790657979458763
G0,W0082F0002T0006Z000C1N6.png,6,6.196818179965873,10.028881902895368
G0,W0082F0002T0006Z000C1N6.png,7,4.875,4.875
G0,W0082F0002T0006Z000C1N6.png,8,2.975964187825893,2.975964187825893
G0,W0082F0002T0006Z000C1N6.png,9,0.07660323462854238,0.07660323462854238
G0,W0082F0002T0006Z000C1N6.png,10,1.6423385625880014,1.6423385625880014
G0,W0082F0002T0006Z000C1N6.png,11,1.1633229613912037,1.1633229613912037
G0,W0082F0002T0006Z000C1N6.png,12,2.8093655373094863,2.8093655373094863
G0,W0082F0002T0006Z000C1N6.png,13,1.3226541734331012,1.3226541734331012
G0,W0082F0002T0006Z000C1N6.png,14,2.752957771600308,2.752957771600308
G0,W0082F0002T0006Z000C1N6.png,15,0.06970999574626577,0.06970999574626577
G0,W0082F0002T0006Z000C1N6.png,16,2.5029747926217714,5.809801120735546
G0,W0082F0002T0006Z000C1N6.png,17,5.627405735549908,6.504568706878267
G0,W0082F0002T0006Z000C1N6.png,18,0.10982765679705203,0.10982765679705203
G0,W0082F0002T0006Z000C1N6.png,19,4.443417954903389,4.882559602022965
G0,W0082F0002T0006Z000C1N6.png,20,0.1988735639657626,0.1988735639657626
G0,W0082F0002T0006Z000C1N6.png,21,1.719339824872035,2.812958920651589
G0,W0082F0002T0006Z000C1N6.png,22,6.09245848482149,9.62679838162459
G0,W0082F0002T0006Z000C1N6.png,23,2.35625,3.619958779116138
G0,W0082F0002T0006Z000C1N6.png,24,3.58974233058586,3.58974233058586
G0,W0082F0002T0006Z000C1N4.png,1,1.4034868399516092,1.4034868399516092
G0,W0082F0002T0006Z000C1N4.png,2,1.4747924447535126,1.4747924447535126
G0,W0082F0002T0006Z000C1N4.png,3,1.390775974950675,1.390775974950675
G0,W0082F0002T0006Z000C1N4.png,4,0.44088472447770066,0.44088472447770066
G0,W0082F0002T0006Z000C1N4.png,5,0.27143451794284384,0.27143451794284384
G0,W0082F0002T0006Z000C1N4.png,6,0.08125,0.08125
G0,W0082F0002T0006Z000C1N4.png,7,0.5331741660639836,0.5331741660639836
G0,W0082F0002T0006Z000C1N4.png,8,1.1116710394716607,1.1116710394716607
G0,W0082F0002T0006Z000C1N4.png,9,0.3658756856653793,0.3658756856653793
G0,W0082F0002T0006Z000C1N4.png,10,0.11490485194281398,0.11490485194281398
G0,W0082F0002T0006Z000C1N4.png,11,0.8165523942160723,0.8165523942160723
G0,W0082F0002T0006Z000C1N4.png,12,0.5308955108143012,3.2098320701249743
G0,W0082F0002T0006Z000C1N4.png,13,1.744511482478691,3.2347297510765873
G0,W0082F0002T0006Z000C1N4.png,14,2.639513655026139,2.639513655026139
G0,W0082F0002T0006Z000C1N4.png,15,0.65,3.906764966055675
G0,W0082F0002T0006Z000C1N4.png,16,0.33500233208143493,0.33500233208143493
G0,W0082F0002T0006Z000C1N4.png,17,0.07323776028286229,0.07323776028286229
G0,W0082F0002T0006Z000C1N4.png,18,2.210477889507154,2.2366045694310834
G0,W0082F0002T0006Z000C1N4.png,19,1.0409829268312787,1.0409829268312787
G0,W0082F0002T0006Z000C1N4.png,20,1.4534441853748634,1.4534441853748634
G0,W0082F0003T0006Z000C1N61.png,1,0.08125,0.08125
G0,W0082F0003T0006Z000C1N61.png,2,1.0686768980847299,1.6431795588127307
G0,W0082F0003T0006Z000C1N61.png,3,0.08125,0.08125
G0,W0082F0003T0006Z000C1N61.png,4,0.07896080690936362,0.07896080690936362
G0,W0082F0003T0006Z000C1N61.png,5,0.1625,0.1625
G0,W0082F0003T0006Z000C1N61.png,6,1.4534441853748634,1.757706246788695
G0,W0082F0003T0006Z000C1N61.png,7,1.9235665879733268,2.0790722580231864
G0,W0082F0003T0006Z000C1N61.png,8,2.9823807646761344,3.5754521977460905
G0,W0082F0003T0006Z000C1N61.png,9,0.08750892811593587,0.08750892811593587
G0,W0082F0003T0006Z000C1N61.png,10,0.028726212985703495,0.028726212985703495
G0,W0082F0003T0006Z000C1N61.png,11,0.10652765132052679,0.10652765132052679
G0,W0082F0003T0006Z000C1N61.png,12,0.08125,0.08125
G0,W0082F0003T0006Z000C1N61.png,13,1.3454720877405395,1.844850189642027
G0,W0082F0003T0006Z000C1N61.png,14,3.3310642097580843,3.3310642097580843
G0,W0082F0003T0006Z000C1N61.png,15,0.07886785713387287,0.07886785713387287
G0,W0082F0003T0006Z000C1N61.png,16,0.07660323462854207,0.07660323462854207
G0,W0082F0003T0006Z000C1N61.png,17,0.7832026617924472,2.431772607910048
G0,W0082F0003T0006Z000C1N61.png,18,2.114061922579374,2.2764504304948088
G0,W0082F0003T0006Z000C1N61.png,19,2.2666734749353084,2.2666734749353084
G0,W0082F0003T0006Z000C1N61.png,20,1.0900831390311476,1.1718041645257966
G0,W0082F0003T0006Z000C1N61.png,21,0.024711222779337582,0.024711222779337582
G0,W0082F0003T0006Z000C1N61.png,22,0.05745242597140699,0.05745242597140699
G0,W0082F0003T0006Z000C1N61.png,23,1.0562500000000001,5.141911882996441
G0,W0082F0003T0006Z000C1N61.png,24,0.04861607117551907,0.04861607117551907
G0,W0082F0003T0006Z000C1N61.png,25,0.11490485194281398,0.11490485194281398
G0,W0082F0002T0006Z000C1N72.png,1,4.602989545404382,4.602989545404382
G0,W0082F0002T0006Z000C1N72.png,2,5.973428620967689,5.973428620967689
G0,W0082F0002T0006Z000C1N72.png,3,1.0277402395547235,2.9831034594864456
G0,W0082F0002T0006Z000C1N72.png,4,0.8125,2.6202337681970285
G0,W0082F0002T0006Z000C1N72.png,5,0.20810153771656756,0.20810153771656756
G0,W0082F0002T0006Z000C1N72.png,6,0.6342616247590385,1.0293250365478324
G0,W0082F0002T0006Z000C1N72.png,7,0.039412039068403966,0.039412039068403966
G0,W0082F0002T0006Z000C1N72.png,8,3.862580905301532,3.9571335901129245
G0,W0082F0002T0006Z000C1N72.png,9,4.072238327996042,4.072238327996042
G0,W0082F0002T0006Z000C1N72.png,10,2.6910804637728694,2.758913112531818
G0,W0082F0002T0006Z000C1N72.png,11,1.849681215906034,1.849681215906034
G0,W0082F0002T0006Z000C1N72.png,12,2.5821653945864895,2.5821653945864895
G0,W0082F0002T0006Z000C1N72.png,13,0.6580748437677886,0.6580748437677886
G0,W0082F0002T0006Z000C1N72.png,14,0.05416666666666705,0.05416666666666705
G0,W0082F0002T0006Z000C1N72.png,15,1.0562500000000001,1.1633229613912037
G0,W0082F0002T0006Z000C1N72.png,16,0.6978045929914759,0.6978045929914759
G0,W0082F0002T0006Z000C1N72.png,17,0.09192388155425167,0.09192388155425167
G0,W0082F0002T0006Z000C1N72.png,18,0.1832994628855622,0.1832994628855622
G0,W0082F0002T0006Z000C1N72.png,19,0.0766032346285432,0.0766032346285432
G0,W0082F0002T0006Z000C1N72.png,20,0.07205136269207127,0.07205136269207127
G0,W0082F0002T0006Z000C1N72.png,21,0.036336104634372104,0.036336104634372104
G0,W0082F0002T0006Z000C1N72.png,22,0.0,0.0
G0,W0082F0002T0006Z000C1N72.png,23,0.022534695471649935,0.022534695471649935
G0,W0082F0002T0006Z000C1N72.png,24,0.0,0.0
G0,W0082F0002T0006Z000C1N72.png,25,0.36336104634371585,0.36336104634371585
G0,W0082F0002T0006Z000C1N72.png,26,0.07267220926874317,0.07267220926874317
G0,W0082F0002T0006Z000C1N72.png,27,0.05076662289339254,0.05076662289339254
G0,W0082F0002T0006Z000C1N72.png,28,0.07447568350292315,0.07447568350292315
G0,W0082F0002T0006Z000C1N72.png,29,0.05745242597140699,0.05745242597140699
G0,W0082F0002T0006Z000C1N72.png,30,0.06958928570635851,0.06958928570635851
G0,W0082F0002T0006Z000C1N72.png,31,0.07267220926874317,0.07267220926874317
G0,W0082F0002T0006Z000C1N72.png,32,0.18168052317185793,0.18168052317185793
G0,W0082F0002T0006Z000C1N72.png,33,0.08838834764831895,0.08838834764831895
G0,W0082F0002T0006Z000C1N72.png,34,0.032500000000000466,0.032500000000000466
G0,W0082F0002T0006Z000C1N72.png,35,0.08125,0.08125
G0,W0082F0002T0006Z000C1N72.png,36,0.08125,0.08125
G0,W0082F0002T0006Z000C1N72.png,37,0.0344714555828455,0.0344714555828455
G0,W0082F0002T0006Z000C1N72.png,38,0.23351927115336799,0.23351927115336799
G0,W0082F0002T0006Z000C1N72.png,39,1.8845796945207702,1.8845796945207702
G0,W0082F0002T0006Z000C1N72.png,40,0.08750892811593587,0.08750892811593587
G0,W0082F0002T0006Z000C1N72.png,41,0.0642042661118438,0.0642042661118438
G0,W0082F0002T0006Z000C1N72.png,42,1.0048137814013687,1.0048137814013687
G0,W0082F0002T0006Z000C1N72.png,43,0.030227654104551308,0.030227654104551308
G0,W0082F0002T0006Z000C1N72.png,44,0.1625,0.1625
G0,W0082F0002T0006Z000C1N72.png,45,0.08838834764831895,0.08838834764831895
G0,W0082F0002T0006Z000C1N72.png,46,0.028726212985703495,0.028726212985703495
G0,W0082F0002T0006Z000C1N72.png,47,0.0,0.0
G0,W0082F0002T0006Z000C1N72.png,48,0.029545454545455384,0.029545454545455384
G0,W0082F0002T0006Z000C1N72.png,49,0.0,0.0
G0,W0082F0002T0006Z000C1N72.png,50,0.11490485194281398,0.11490485194281398
G0,W0082F0002T0006Z000C1N72.png,51,0.6345827861674157,0.6345827861674157
G0,W0082F0002T0006Z000C1N72.png,52,0.1625,0.1625
G0,W0082F0002T0006Z000C1N72.png,53,0.6128258770283422,1.7367154503704856
G0,W0082F0002T0006Z000C1N72.png,54,1.869326663465992,1.869326663465992
G0,W0082F0002T0006Z000C1N72.png,55,2.2804878863962426,2.2804878863962426
G0,W0082F0002T0006Z000C1N72.png,56,1.0931069538247393,1.0931069538247393
G0,W0082F0002T0006Z000C1N72.png,57,1.19818101933808,1.19818101933808
G0,W0082F0002T0006Z000C1N72.png,58,1.1447314777929365,1.1447314777929365
G0,W0082F0002T0006Z000C1N72.png,59,0.12459938404198405,0.12459938404198405
G0,W0082F0002T0006Z000C1N72.png,60,3.360966919327309,3.360966919327309
G0,W0082F0002T0006Z000C1N72.png,61,1.5292493307583952,1.5292493307583952
G0,W0082F0002T0006Z000C1N72.png,62,1.7104691518375168,1.7104691518375168
G0,W0082F0002T0006Z000C1N72.png,63,3.00625,3.00625
G0,W0082F0002T0006Z000C1N5.png,1,0.4367056280328389,0.4367056280328389
G0,W0082F0002T0006Z000C1N5.png,2,0.11490485194281398,0.11490485194281398
G0,W0082F0002T0006Z000C1N5.png,3,0.43754464057967846,0.43754464057967846
G0,W0082F0002T0006Z000C1N5.png,4,0.08125,0.08125
G0,W0082F0002T0006Z000C1N5.png,5,0.08125,0.08125
G0,W0082F0002T0006Z000C1N5.png,6,0.07660323462854371,0.07660323462854371
G0,W0082F0002T0006Z000C1N5.png,7,0.06770833333333341,0.06770833333333341
G0,W0082F0002T0006Z000C1N5.png,8,0.034210526315789296,0.034210526315789296
G0,W0082F0002T0006Z000C1N5.png,9,0.31548573660309875,0.31548573660309875
G0,W0082F0002T0006Z000C1N5.png,10,3.5786912761511016,3.5786912761511016
G0,W0082F0002T0006Z000C1N5.png,11,0.0,0.0
G0,W0082F0002T0006Z000C1N5.png,12,0.07781580920513495,0.07781580920513495
G0,W0082F0002T0006Z000C1N5.png,13,0.08370029746612659,0.08370029746612659
G0,W0082F0002T0006Z000C1N5.png,14,0.22838671990104883,0.22838671990104883
G0,W0082F0002T0006Z000C1N5.png,15,0.06310911857336748,0.06310911857336748
G0,W0082F0002T0006Z000C1N5.png,16,0.7665109669795991,0.7665109669795991
G0,W0082F0002T0006Z000C1N5.png,17,0.13378179788164143,0.13378179788164143
G0,W0082F0002T0006Z000C1N5.png,18,0.07267220926874421,0.07267220926874421
G0,W0082F0002T0006Z000C1N5.png,19,0.642337649721702,0.642337649721702
G0,W0082F0002T0006Z000C1N5.png,20,1.38125,1.38125
G0,W0082F0002T0006Z000C1N5.png,21,0.11490485194281398,0.11490485194281398
G0,W0082F0002T0006Z000C1N5.png,22,0.030092592592592525,0.030092592592592525
G0,W0082F0002T0006Z000C1N5.png,23,0.6550584420492571,0.6550584420492571
G0,W0082F0002T0006Z000C1N5.png,24,0.07660323462854238,0.07660323462854238
G0,W0082F0002T0006Z000C1N5.png,25,0.08750892811593587,0.08750892811593587
G0,W0082F0002T0006Z000C1N5.png,26,0.11506388987628662,0.11506388987628662
G0,W0082F0002T0006Z000C1N5.png,27,0.5450415695155738,0.5450415695155738
G0,W0082F0002T0006Z000C1N5.png,28,0.08125,0.08125
G0,W0082F0002T0006Z000C1N5.png,29,0.030280087195308964,0.030280087195308964
G0,W0082F0002T0006Z000C1N5.png,30,0.0,0.0
G0,W0082F0002T0006Z000C1N5.png,31,0.0951184001260168,0.0951184001260168
G0,W0082F0002T0006Z000C1N5.png,32,1.061599109717546,1.061599109717546
G0,W0082F0002T0006Z000C1N5.png,33,0.0,0.0
G0,W0082F0002T0006Z000C1N5.png,34,0.04838099029171089,0.04838099029171089
G0,W0082F0002T0006Z000C1N5.png,35,0.0,0.0
G0,W0082F0002T0006Z000C1N5.png,36,0.05709667997526184,0.05709667997526184
G0,W0082F0002T0006Z000C1N5.png,37,0.08125,0.08125
G0,W0082F0002T0006Z000C1N5.png,38,0.15426673429045468,0.15426673429045468
G0,W0082F0002T0006Z000C1N5.png,39,0.041783582524660814,0.041783582524660814
G0,W0082F0002T0006Z000C1N5.png,40,0.06090951492389675,0.06090951492389675
G0,W0082F0002T0006Z000C1N5.png,41,1.51908289675785,1.51908289675785
G0,W0082F0002T0006Z000C1N5.png,42,0.08125,0.08125
G0,W0082F0002T0006Z000C1N5.png,43,0.08125,0.08125
G0,W0082F0002T0006Z000C1N5.png,44,1.0348527136210677,1.0348527136210677
G0,W0082F0002T0006Z000C1N5.png,45,0.028726212985703495,0.028726212985703495
G0,W0082F0002T0006Z000C1N5.png,46,0.08125,0.08125
G0,W0082F0002T0006Z000C1N5.png,47,0.0,0.0
G0,W0082F0002T0006Z000C1N5.png,48,0.0,0.0
G0,W0082F0002T0006Z000C1N5.png,49,0.08125,0.08125
G0,W0082F0002T0006Z000C1N5.png,50,0.7665109669795991,0.7665109669795991
G0,W0082F0002T0006Z000C1N5.png,51,0.07267220926874421,0.07267220926874421
G0,W0082F0002T0006Z000C1N5.png,52,1.0729923112492457,1.0729923112492457
G0,W0082F0002T0006Z000C1N5.png,53,0.48750000000000004,0.48750000000000004
G0,W0082F0002T0006Z000C1N5.png,54,1.4924095791842191,1.4924095791842191
G0,W0082F0002T0006Z000C1N5.png,55,0.43011626335213166,0.43011626335213166
G0,W0082F0002T0006Z000C1N5.png,56,0.37408130780042903,0.37408130780042903
G0,W0082F0002T0006Z000C1N5.png,57,0.11490485194281398,0.11490485194281398
G0,W0082F0002T0006Z000C1N5.png,58,1.4200022007025197,1.4200022007025197
G0,W0082F0002T0006Z000C1N5.png,59,0.7490879871550471,0.7490879871550471
G0,W0082F0002T0006Z000C1N5.png,60,0.43754464057967846,0.43754464057967846
G0,W0082F0002T0006Z000C1N5.png,61,0.12187500000000001,0.12187500000000001
G0,W0082F0002T0006Z000C1N5.png,62,0.05709667997526184,0.05709667997526184
G0,W0082F0002T0006Z000C1N5.png,63,1.0277402395547235,1.0277402395547235
G0,W0082F0002T0006Z000C1N5.png,64,0.08125,0.08125
G0,W0082F0002T0006Z000C1N5.png,65,0.08125,0.08125
G0,W0082F0002T0006Z000C1N5.png,66,1.54375,1.54375
G0,W0082F0002T0006Z000C1N5.png,67,0.9459801648143693,0.9459801648143693
G0,W0082F0002T0006Z000C1N5.png,68,0.0,0.0
G0,W0082F0002T0006Z000C1N5.png,69,0.45961940777125593,0.45961940777125593
G0,W0082F0002T0006Z000C1N5.png,70,0.11490485194281398,0.11490485194281398
G0,W0082F0002T0006Z000C1N5.png,71,1.7745267855121265,1.7745267855121265
G0,W0082F0002T0006Z000C1N5.png,72,0.11490485194281398,0.11490485194281398
G0,W0082F0002T0006Z000C1N5.png,73,0.05745242597140699,0.05745242597140699
G0,W0082F0002T0006Z000C1N5.png,74,1.3619981874070173,1.3619981874070173
G0,W0082F0002T0006Z000C1N5.png,75,0.06090951492389675,0.06090951492389675
G0,W0082F0002T0006Z000C1N5.png,76,0.060909514923899,0.060909514923899
G0,W0082F0002T0006Z000C1N5.png,77,0.08125,0.08125
G0,W0082F0002T0006Z000C1N5.png,78,1.625,1.625
G0,W0082F0003T0006Z000C1N70.png,1,0.29295104113144915,0.29295104113144915
G0,W0082F0003T0006Z000C1N70.png,2,0.0935797774356081,0.0935797774356081
G0,W0082F0003T0006Z000C1N70.png,3,4.241374519244911,4.241374519244911
G0,W0082F0003T0006Z000C1N70.png,4,1.6930874575428438,1.6930874575428438
G0,W0082F0003T0006Z000C1N70.png,5,1.3836376422315202,1.3836376422315202
G0,W0082F0003T0006Z000C1N70.png,6,1.9322397230215045,2.8054464018920204
G0,W0082F0003T0006Z000C1N70.png,7,0.1098276567970509,0.1098276567970509
G0,W0082F0003T0006Z000C1N70.png,8,0.07660323462854238,0.07660323462854238
G0,W0082F0003T0006Z000C1N70.png,9,0.11490485194281398,0.11490485194281398
G0,W0082F0003T0006Z000C1N70.png,10,0.08125,0.18168052317185793
G0,W0082F0003T0006Z000C1N70.png,11,0.08125,0.08125
G0,W0082F0003T0006Z000C1N70.png,12,0.18168052317185793,0.18168052317185793
G0,W0082F0003T0006Z000C1N70.png,13,2.4641833752850557,2.4641833752850557
G0,W0082F0003T0006Z000C1N70.png,14,1.8040427690329297,1.8040427690329297
G0,W0082F0003T0006Z000C1N70.png,15,0.10077822185373202,0.10077822185373202
G0,W0082F0003T0006Z000C1N70.png,16,0.03526340337699415,0.03526340337699415
G0,W0082F0003T0006Z000C1N70.png,17,0.1905677793194315,0.1905677793194315
G0,W0082F0003T0006Z000C1N70.png,18,2.3760589744364515,2.632299375071156
G0,W0082F0003T0006Z000C1N70.png,19,0.07660323462854156,0.12112034878123895
G0,W0082F0003T0006Z000C1N70.png,20,0.08891329959954858,0.08891329959954858
G0,W0082F0003T0006Z000C1N70.png,21,0.04142953354794128,0.04142953354794128
G0,W0082F0003T0006Z000C1N70.png,22,3.393099615395929,4.1429533547941375
G0,W0082F0003T0006Z000C1N70.png,23,0.036285742718784396,0.036285742718784396
G0,W0082F0003T0006Z000C1N70.png,24,4.931654134263675,5.00763729217682
G0,W0082F0003T0006Z000C1N70.png,25,2.847040734495655,2.847040734495655
G0,W0082F0003T0006Z000C1N70.png,26,0.9695682028614583,1.0803500590086519
G0,W0082F0003T0006Z000C1N70.png,27,0.06895352021571123,0.06895352021571123
G0,W0082F0003T0006Z000C1N70.png,28,0.08838834764831895,0.08838834764831895
G0,W0082F0003T0006Z000C1N70.png,29,2.7118518810952787,2.7118518810952787
G0,W0082F0003T0006Z000C1N70.png,30,1.3406933905114582,1.3406933905114582
G0,W0082F0003T0006Z000C1N70.png,31,1.7711423259831194,1.7711423259831194
G0,W0082F0003T0006Z000C1N70.png,32,0.15426673429045604,0.15426673429045604
G0,W0082F0003T0006Z000C1N70.png,33,0.03830161731426997,1.9276789620047114
G0,W0082F0003T0006Z000C1N70.png,34,0.046428571428571264,0.046428571428571264
G0,W0082F0003T0006Z000C1N64.png,1,0.16750116604071746,0.203125
G0,W0082F0003T0006Z000C1N64.png,2,0.12187500000000001,0.12187500000000001
G0,W0082F0003T0006Z000C1N64.png,3,0.2422406975624779,0.2422406975624779
G0,W0082F0003T0006Z000C1N64.png,4,0.08426355809139623,0.08426355809139623
G0,W0082F0003T0006Z000C1N64.png,5,2.138866074988029,2.4014165940467866
G0,W0082F0003T0006Z000C1N64.png,6,0.4844813951249538,0.5110073113197329
G0,W0082F0003T0006Z000C1N64.png,7,0.07660323462854156,0.07660323462854156
G0,W0082F0003T0006Z000C1N64.png,8,0.11332272819398151,0.11332272819398151
G0,W0082F0003T0006Z000C1N64.png,9,2.9797821333949908,2.9797821333949908
G0,W0082F0003T0006Z000C1N64.png,10,0.16646399714556576,0.16646399714556576
G0,W0082F0003T0006Z000C1N64.png,11,3.1531153644825793,3.630000292938846
G0,W0082F0003T0006Z000C1N64.png,12,1.8400728397418273,2.1754509430358464
G0,W0082F0003T0006Z000C1N64.png,13,0.0935797774356081,0.0935797774356081
G0,W0082F0003T0006Z000C1N64.png,14,1.5271627549959805,1.5271627549959805
G0,W0082F0003T0006Z000C1N64.png,15,0.1625,0.1625
G0,W0082F0003T0006Z000C1N64.png,16,0.07323776028286229,0.07323776028286229
G0,W0082F0003T0006Z000C1N64.png,17,0.8285906709588275,0.8285906709588275
G0,W0082F0003T0006Z000C1N64.png,18,0.8285906709588269,1.00959459685559
G0,W0082F0003T0006Z000C1N64.png,19,0.5577621650959306,0.5577621650959306
G0,W0082F0003T0006Z000C1N64.png,20,1.8384776310850237,1.8384776310850237
G0,W0082F0003T0006Z000C1N64.png,21,0.9475296829123614,0.9475296829123614
G0,W0082F0003T0006Z000C1N64.png,22,1.0593703908454306,1.783802995008137
G0,W0082F0003T0006Z000C1N64.png,23,2.603251141151435,4.343314108075336
G0,W0082F0003T0006Z000C1N64.png,24,1.1287610741427967,3.4710015215352468
G0,W0082F0002T0006Z000C1N62.png,1,6.1167574925136785,6.1167574925136785
G0,W0082F0002T0006Z000C1N62.png,2,7.140021446046223,7.140021446046223
G0,W0082F0002T0006Z000C1N62.png,3,7.720032788142808,7.720032788142808
G0,W0082F0002T0006Z000C1N62.png,4,7.423995676558247,7.423995676558247
G0,W0082F0002T0006Z000C1N62.png,5,9.686866014978671,9.8597856565013
G0,W0082F0002T0006Z000C1N62.png,6,1.6331047884321446,1.6331047884321446
G0,W0082F0002T0006Z000C1N62.png,7,0.6700046641628699,0.6700046641628699
G0,W0082F0002T0006Z000C1N62.png,8,1.1271873796706957,1.1271873796706957
G0,W0082F0002T0006Z000C1N62.png,9,0.07765988088302338,0.07765988088302338
G0,W0082F0002T0006Z000C1N62.png,10,0.2496959957183492,0.2496959957183492
G0,W0082F0002T0006Z000C1N62.png,11,1.2639533713709536,1.2639533713709536
G0,W0082F0002T0006Z000C1N62.png,12,2.199760285235644,2.199760285235644
G0,W0082F0002T0006Z000C1N62.png,13,0.032500000000000466,0.032500000000000466
G0,W0082F0002T0006Z000C1N62.png,14,0.0,0.0
G0,W0082F0002T0006Z000C1N62.png,15,0.0,0.0
G0,W0082F0002T0006Z000C1N62.png,16,0.07660323462854238,0.07660323462854238
G0,W0082F0002T0006Z000C1N62.png,17,0.5526887840143933,1.0164171293638251
G0,W0082F0002T0006Z000C1N62.png,18,0.07267220926874317,0.07267220926874317
G0,W0082F0002T0006Z000C1N62.png,19,1.38125,2.018208131610811
G0,W0082F0002T0006Z000C1N62.png,20,0.11490485194281398,0.11490485194281398
G0,W0082F0002T0006Z000C1N62.png,21,2.1373537961694598,6.475579124680665
G0,W0082F0002T0006Z000C1N62.png,22,0.9425000000000004,0.9425000000000004
G0,W0082F0002T0006Z000C1N62.png,23,0.7357500424736652,0.7357500424736652
G0,W0082F0002T0006Z000C1N62.png,24,0.0,0.0
G0,W0082F0002T0006Z000C1N62.png,25,0.15426673429045468,0.15426673429045468
G0,W0082F0002T0006Z000C1N62.png,26,2.5029747926217714,2.5029747926217714
G0,W0082F0002T0006Z000C1N62.png,27,0.06958928570635742,0.06958928570635742
G0,W0082F0002T0006Z000C1N62.png,28,0.18168052317185793,0.978379559526874
G0,W0082F0002T0006Z000C1N62.png,29,1.6475929412327546,1.7577062467886944
G0,W0082F0002T0006Z000C1N62.png,30,2.21023895766951,2.29809703885628
G0,W0082F0002T0006Z000C1N62.png,31,1.6837960105375116,1.8411138626119898
G0,W0082F0002T0006Z000C1N62.png,32,3.4567077002546807,3.4567077002546807
G0,W0082F0002T0006Z000C1N62.png,33,2.3720638402549166,2.531315349370597
G0,W0082F0002T0006Z000C1N62.png,34,2.8503769785333812,2.9964063481254377
G0,W0082F0002T0006Z000C1N62.png,35,2.9172314371356447,2.9172314371356447
G0,W0082F0002T0006Z000C1N62.png,36,3.671565146500876,3.75687910705149
G0,W0082F0002T0006Z000C1N62.png,37,4.487177913232325,4.487177913232325
G0,W0082F0002T0006Z000C1N62.png,38,4.41823724040482,4.474655189229669
G0,W0082F0002T0006Z000C1N62.png,39,4.0134539364492525,4.0134539364492525
G0,W0082F0002T0006Z000C1N62.png,40,1.648084163138524,8.17123744972623
G0,W0082F0002T0006Z000C1N62.png,41,4.3875,4.55
G0,W0082F0002T0006Z000C1N62.png,42,5.28125,5.4437500000000005
G0,W0082F0003T0006Z000C1N58.png,1,2.686169728907688,2.686169728907688
G0,W0082F0003T0006Z000C1N58.png,2,2.275,2.275
G0,W0082F0003T0006Z000C1N58.png,3,2.0666020865245875,2.374777493231968
G0,W0082F0003T0006Z000C1N58.png,4,2.7374438136357244,4.393608305858922
G0,W0082F0003T0006Z000C1N58.png,5,1.149686702492853,3.125984567122636
G0,W0082F0003T0006Z000C1N58.png,6,2.289053847619369,4.211060482223937
G0,W0082F0003T0006Z000C1N58.png,7,6.039340428598143,7.568471299575629
G0,W0082F0003T0006Z000C1N58.png,8,2.8515844791491585,2.8515844791491585
G0,W0082F0003T0006Z000C1N58.png,9,0.5523937806392188,0.73674631922317
G0,W0082F0003T0006Z000C1N58.png,10,1.0206969887021502,1.0206969887021502
G0,W0082F0003T0006Z000C1N58.png,11,5.546465653909704,5.546465653909704
G0,W0082F0003T0006Z000C1N58.png,12,2.063913488712377,2.0939743246330003
G0,W0082F0003T0006Z000C1N58.png,13,0.022980970388561492,0.022980970388561492
G0,W0082F0003T0006Z000C1N58.png,14,0.030924344369677507,0.030924344369677507
G0,W0082F0003T0006Z000C1N58.png,15,0.08125,0.08125
G0,W0082F0001T0006Z000C1N13.png,1,1.7111952146087834,1.7111952146087834
G0,W0082F0001T0006Z000C1N13.png,2,1.828125,1.828125
G0,W0082F0001T0006Z000C1N13.png,3,0.15787421126210752,0.15787421126210752
G0,W0082F0001T0006Z000C1N13.png,4,0.9263925328930496,0.9263925328930496
G0,W0082F0001T0006Z000C1N13.png,5,0.032500000000000466,0.032500000000000466
G0,W0082F0001T0006Z000C1N13.png,6,1.7519881563526625,1.7519881563526625
G0,W0082F0001T0006Z000C1N13.png,7,0.10088875462274233,0.10088875462274233
G0,W0082F0001T0006Z000C1N13.png,8,0.27338903735143544,0.27338903735143544
G0,W0082F0001T0006Z000C1N13.png,9,0.7602653959126533,0.7602653959126533
G0,W0082F0001T0006Z000C1N13.png,10,0.06643841132959113,0.06643841132959113
G0,W0082F0001T0006Z000C1N13.png,11,0.10041560611205148,0.10041560611205148
G0,W0082F0001T0006Z000C1N13.png,12,0.08285906709588256,0.08285906709588256
G0,W0082F0001T0006Z000C1N13.png,13,0.07267220926874317,0.07267220926874317
G0,W0082F0001T0006Z000C1N13.png,14,0.20108349089992447,0.20108349089992447
G0,W0082F0001T0006Z000C1N13.png,15,0.11490485194281398,0.11490485194281398
G0,W0082F0001T0006Z000C1N13.png,16,0.6550584420492571,0.6550584420492571
G0,W0082F0001T0006Z000C1N13.png,17,0.8883993877880723,0.8883993877880723
G0,W0082F0001T0006Z000C1N13.png,18,0.11490485194281398,0.11490485194281398
G0,W0082F0001T0006Z000C1N13.png,19,0.06298353206824335,0.06298353206824335
G0,W0082F0001T0006Z000C1N13.png,20,2.5923716217008703,2.5923716217008703
G0,W0082F0001T0006Z000C1N13.png,21,0.43698438505649506,0.43698438505649506
G0,W0082F0001T0006Z000C1N13.png,22,0.4478913535008429,0.4478913535008429
G0,W0082F0001T0006Z000C1N13.png,23,0.02708333333333295,0.02708333333333295
G0,W0082F0001T0006Z000C1N13.png,24,0.06090951492389675,0.06090951492389675
G0,W0082F0001T0006Z000C1N13.png,25,0.1027740239554716,0.1027740239554716
G0,W0082F0001T0006Z000C1N13.png,26,0.6516560536394164,0.6516560536394164
G0,W0082F0001T0006Z000C1N13.png,27,0.07267220926874421,0.07267220926874421
G0,W0082F0001T0006Z000C1N13.png,28,0.40625,0.40625
G0,W0082F0001T0006Z000C1N13.png,29,0.1625,0.1625
G0,W0082F0001T0006Z000C1N13.png,30,0.9447387204936617,0.9447387204936617
G0,W0082F0001T0006Z000C1N13.png,31,0.11490485194281398,0.11490485194281398
G0,W0082F0001T0006Z000C1N13.png,32,0.07267220926874317,0.07267220926874317
G0,W0082F0001T0006Z000C1N13.png,33,1.072530776073582,1.072530776073582
G0,W0082F0001T0006Z000C1N13.png,34,0.08125,0.08125
G0,W0082F0001T0006Z000C1N13.png,35,0.07660323462854156,0.07660323462854156
G0,W0082F0001T0006Z000C1N13.png,36,0.11490485194281398,0.11490485194281398
G0,W0082F0001T0006Z000C1N13.png,37,0.325,0.325
G0,W0082F0001T0006Z000C1N13.png,38,0.07267220926874421,0.07267220926874421
G0,W0082F0001T0006Z000C1N13.png,39,0.05190872090624571,0.05190872090624571
G0,W0082F0001T0006Z000C1N13.png,40,0.7312500000000001,0.7312500000000001
G0,W0082F0001T0006Z000C1N13.png,41,0.07660323462854197,0.07660323462854197
G0,W0082F0001T0006Z000C1N13.png,42,0.07267220926874343,0.07267220926874343
G0,W0082F0001T0006Z000C1N13.png,43,0.08125,0.08125
G0,W0082F0001T0006Z000C1N13.png,44,0.6056017439061917,0.6056017439061917
G0,W0082F0001T0006Z000C1N13.png,45,0.07660323462854217,0.07660323462854217
G0,W0082F0001T0006Z000C1N13.png,46,0.09357977743560865,0.09357977743560865
G0,W0082F0001T0006Z000C1N13.png,47,0.09526346388317242,0.09526346388317242
G0,W0082F0001T0006Z000C1N13.png,48,0.0,0.0
G0,W0082F0001T0006Z000C1N13.png,49,0.11490485194281398,0.11490485194281398
G0,W0082F0001T0006Z000C1N13.png,50,0.07267220926874421,0.07267220926874421
G0,W0082F0001T0006Z000C1N13.png,51,0.16646399714556576,0.16646399714556576
G0,W0082F0001T0006Z000C1N13.png,52,0.06936717923885698,0.06936717923885698
G0,W0082F0001T0006Z000C1N13.png,53,0.0,0.0
G0,W0082F0001T0006Z000C1N13.png,54,2.3094749466891296,2.3094749466891296
G0,W0082F0001T0006Z000C1N13.png,55,0.10263157894736845,0.10263157894736845
G0,W0082F0001T0006Z000C1N13.png,56,0.57452425971407,0.57452425971407
G0,W0082F0001T0006Z000C1N13.png,57,0.22980970388562796,0.22980970388562796
G0,W0082F0003T0006Z000C1N59.png,1,2.114061922579374,2.114061922579374
G0,W0082F0003T0006Z000C1N59.png,2,0.09459160805298543,0.09459160805298543
G0,W0082F0003T0006Z000C1N59.png,3,0.18168052317185793,0.18168052317185793
G0,W0082F0003T0006Z000C1N59.png,4,1.3795945962492033,1.4000558024593168
G0,W0082F0003T0006Z000C1N59.png,5,0.25641016647041814,0.25641016647041814
G0,W0082F0003T0006Z000C1N59.png,6,0.07932284827092696,0.07932284827092696
G0,W0082F0003T0006Z000C1N59.png,7,0.05326382566026243,0.05326382566026243
G0,W0082F0003T0006Z000C1N59.png,8,1.4397536681668848,1.7235727791422097
G0,W0082F0003T0006Z000C1N59.png,9,1.2235316063905892,1.7631123918010574
G0,W0082F0003T0006Z000C1N59.png,10,0.08125,0.08125
G0,W0082F0003T0006Z000C1N59.png,11,0.03830161731427242,0.03830161731427242
G0,W0082F0001T0006Z000C1N11.png,1,2.055632506067171,2.055632506067171
G0,W0082F0001T0006Z000C1N11.png,2,2.4647321383649152,2.4647321383649152
G0,W0082F0001T0006Z000C1N11.png,3,1.0581233387464812,1.0581233387464812
G0,W0082F0001T0006Z000C1N11.png,4,0.17581986113405582,0.17581986113405582
G0,W0082F0001T0006Z000C1N11.png,5,1.8950593658247217,1.8950593658247217
G0,W0082F0001T0006Z000C1N11.png,6,2.2618231991090236,2.2618231991090236
G0,W0082F0001T0006Z000C1N11.png,7,0.09518564869157975,0.09518564869157975
G0,W0082F0001T0006Z000C1N11.png,8,0.05709667997526293,0.05709667997526293
G0,W0082F0001T0006Z000C1N11.png,9,0.8422969884909874,0.8422969884909874
G0,W0082F0001T0006Z000C1N11.png,10,0.05590169943749455,0.05590169943749455
G0,W0082F0001T0006Z000C1N11.png,11,0.8734112560656757,0.8734112560656757
G0,W0082F0001T0006Z000C1N11.png,12,0.07050919846304657,0.07050919846304657
G0,W0082F0001T0006Z000C1N11.png,13,0.4705382556179682,0.4705382556179682
G0,W0082F0001T0006Z000C1N11.png,14,1.2545168392652208,1.2545168392652208
G0,W0082F0001T0006Z000C1N11.png,15,0.032500000000000466,0.032500000000000466
G0,W0082F0001T0006Z000C1N11.png,16,0.03830161731427242,0.03830161731427242
G0,W0082F0001T0006Z000C1N11.png,17,0.0,0.0
G0,W0082F0001T0006Z000C1N11.png,18,0.3851632049462217,0.3851632049462217
G0,W0082F0001T0006Z000C1N11.png,19,0.620113711850496,0.620113711850496
G0,W0082F0001T0006Z000C1N11.png,20,0.03611111111111214,0.03611111111111214
G0,W0082F0001T0006Z000C1N11.png,21,0.11490485194281398,0.11490485194281398
G0,W0082F0001T0006Z000C1N11.png,22,0.15473243069410797,0.15473243069410797
G0,W0082F0001T0006Z000C1N11.png,23,0.7078606810857345,0.7078606810857345
G0,W0082F0001T0006Z000C1N11.png,24,0.8330601765854013,0.8330601765854013
G0,W0082F0001T0006Z000C1N11.png,25,1.5631682598749748,1.5631682598749748
G0,W0082F0001T0006Z000C1N11.png,26,2.0863793276821916,2.0863793276821916
G0,W0082F0002T0006Z000C1N74.png,1,0.5982903884309774,0.5982903884309774
G0,W0082F0002T0006Z000C1N74.png,2,1.70625,1.70625
G0,W0082F0002T0006Z000C1N74.png,3,0.07886785713387201,0.07886785713387201
G0,W0082F0002T0006Z000C1N74.png,4,0.9084026158592896,0.9084026158592896
G0,W0082F0002T0006Z000C1N74.png,5,0.8270154020988018,0.8270154020988018
G0,W0082F0002T0006Z000C1N74.png,6,0.11490485194281398,0.11490485194281398
G0,W0082F0002T0006Z000C1N74.png,7,0.5186258315001031,0.5186258315001031
G0,W0082F0002T0006Z000C1N74.png,8,0.07827036476214826,0.07827036476214826
G0,W0082F0002T0006Z000C1N74.png,9,0.1151041666666659,0.1151041666666659
G0,W0082F0002T0006Z000C1N74.png,10,0.7023123733447155,0.7023123733447155
G0,W0082F0002T0006Z000C1N74.png,11,0.11490485194281398,0.11490485194281398
G0,W0082F0002T0006Z000C1N74.png,12,0.07267220926874395,0.07267220926874395
G0,W0082F0002T0006Z000C1N74.png,13,0.6411629215537256,0.6411629215537256
G0,W0082F0002T0006Z000C1N74.png,14,0.09035935203397649,0.09035935203397649
G0,W0082F0002T0006Z000C1N74.png,15,1.105119478834755,1.105119478834755
G0,W0082F0002T0006Z000C1N74.png,16,0.07341001711105122,0.07341001711105122
G0,W0082F0002T0006Z000C1N74.png,17,0.07932284827092696,0.07932284827092696
G0,W0082F0002T0006Z000C1N74.png,18,0.07423203583782458,0.07423203583782458
G0,W0082F0002T0006Z000C1N74.png,19,1.2691655723348314,1.2691655723348314
G0,W0082F0002T0006Z000C1N74.png,20,0.015140043597653965,0.015140043597653965
G0,W0082F0002T0006Z000C1N74.png,21,0.11490485194281398,0.11490485194281398
G0,W0082F0002T0006Z000C1N74.png,22,1.1938532128478616,1.1938532128478616
G0,W0082F0002T0006Z000C1N74.png,23,0.08125,0.08125
G0,W0082F0002T0006Z000C1N74.png,24,0.08125,0.08125
G0,W0082F0002T0006Z000C1N74.png,25,0.06697693811119695,0.06697693811119695
G0,W0082F0002T0006Z000C1N74.png,26,0.0,0.0
G0,W0082F0002T0006Z000C1N74.png,27,0.06250000000000036,0.06250000000000036
G0,W0082F0002T0006Z000C1N74.png,28,0.11490485194281398,0.11490485194281398
G0,W0082F0002T0006Z000C1N74.png,29,0.0766032346285432,0.0766032346285432
G0,W0082F0002T0006Z000C1N74.png,30,0.09749999999999955,0.09749999999999955
G0,W0082F0002T0006Z000C1N74.png,31,0.028726212985703495,0.028726212985703495
G0,W0082F0002T0006Z000C1N74.png,32,0.07303020261390109,0.07303020261390109
G0,W0082F0002T0006Z000C1N74.png,33,0.08500919067959599,0.08500919067959599
G0,W0082F0002T0006Z000C1N74.png,34,0.11490485194281398,0.11490485194281398
G0,W0082F0002T0006Z000C1N74.png,35,0.046428571428571264,0.046428571428571264
G0,W0082F0002T0006Z000C1N74.png,36,0.07323776028286229,0.07323776028286229
G0,W0082F0002T0006Z000C1N74.png,37,0.0,0.0
G0,W0082F0002T0006Z000C1N74.png,38,0.07267220926874421,0.07267220926874421
G0,W0082F0002T0006Z000C1N74.png,39,0.05709667997526184,0.05709667997526184
G0,W0082F0002T0006Z000C1N74.png,40,1.086375935673794,1.086375935673794
G0,W0082F0002T0006Z000C1N74.png,41,0.07660323462854156,0.07660323462854156
G0,W0082F0002T0006Z000C1N74.png,42,0.040625,0.040625
G0,W0082F0002T0006Z000C1N74.png,43,0.08526372326590757,0.08526372326590757
G0,W0082F0002T0006Z000C1N74.png,44,0.07660323462854238,0.07660323462854238
G0,W0082F0002T0006Z000C1N74.png,45,0.04999999999999982,0.04999999999999982
G0,W0082F0002T0006Z000C1N74.png,46,0.040625,0.040625
G0,W0082F0002T0006Z000C1N74.png,47,0.03830161731427242,0.03830161731427242
G0,W0082F0002T0006Z000C1N74.png,48,0.9172580903631941,0.9172580903631941
G0,W0082F0002T0006Z000C1N74.png,49,0.07267220926874421,0.07267220926874421
G0,W0082F0002T0006Z000C1N74.png,50,0.03906013881752561,0.03906013881752561
G0,W0082F0002T0006Z000C1N74.png,51,0.04056869366663497,0.04056869366663497
G0,W0082F0002T0006Z000C1N74.png,52,1.2691655723348314,1.2691655723348314
G0,W0082F0002T0006Z000C1N74.png,53,1.069170969723739,1.069170969723739
G0,W0082F0002T0006Z000C1N74.png,54,0.012500000000000533,0.012500000000000533
G0,W0082F0002T0006Z000C1N74.png,55,0.06936717923885517,0.06936717923885517
G0,W0082F0002T0006Z000C1N74.png,56,0.04178358252466,0.04178358252466
G0,W0082F0002T0006Z000C1N74.png,57,0.05745242597140699,0.05745242597140699
G0,W0082F0002T0006Z000C1N74.png,58,0.020186724796873678,0.020186724796873678
G0,W0082F0002T0006Z000C1N74.png,59,0.043603325561247554,0.043603325561247554
G0,W0082F0002T0006Z000C1N74.png,60,0.15479249982502835,0.15479249982502835
G0,W0082F0002T0006Z000C1N74.png,61,0.025059382506463695,0.025059382506463695
G0,W0082F0002T0006Z000C1N74.png,62,2.055480479109447,2.055480479109447
G0,W0082F0002T0006Z000C1N74.png,63,1.1919128533579955,1.1919128533579955
G0,W0082F0002T0006Z000C1N74.png,64,1.21875,1.21875
G0,W0082F0002T0006Z000C1N74.png,65,1.3788582233137676,1.3788582233137676
G0,W0082F0002T0006Z000C1N74.png,66,0.22031999622207218,0.22031999622207218
G0,W0082F0002T0006Z000C1N74.png,67,0.5138701197773617,0.5138701197773617
G0,W0082F0002T0006Z000C1N74.png,68,1.7477670525956512,1.7477670525956512
G0,W0082F0002T0006Z000C1N74.png,69,0.1266018800896758,0.1266018800896758
G0,W0082F0002T0006Z000C1N74.png,70,0.7363106140159192,0.7363106140159192
G0,W0082F0003T0006Z000C1N66.png,1,0.10796241841058629,0.10796241841058629
G0,W0082F0003T0006Z000C1N66.png,2,0.11490485194281398,0.11490485194281398
G0,W0082F0003T0006Z000C1N66.png,3,1.931290452650766,1.931290452650766
G0,W0082F0003T0006Z000C1N66.png,4,0.8817694489554007,0.8817694489554007
G0,W0082F0003T0006Z000C1N66.png,5,0.1331008732669953,0.1331008732669953
G0,W0082F0003T0006Z000C1N66.png,6,1.0510714892480932,1.0510714892480932
G0,W0082F0003T0006Z000C1N66.png,7,0.9695682028614594,0.9695682028614594
G0,W0082F0003T0006Z000C1N66.png,8,0.06580748437677933,0.06580748437677933
G0,W0082F0003T0006Z000C1N66.png,9,0.015798306362769354,0.015798306362769354
G0,W0082F0003T0006Z000C1N66.png,10,0.08125,0.08125
G0,W0082F0003T0006Z000C1N66.png,11,0.9777045821719357,0.9777045821719357
G0,W0082F0003T0006Z000C1N66.png,12,0.4142953354794138,0.4142953354794138
G0,W0082F0003T0006Z000C1N66.png,13,0.10524947417473873,0.10524947417473873
G0,W0082F0003T0006Z000C1N66.png,14,0.08125,0.08125
G0,W0082F0003T0006Z000C1N66.png,15,0.11490485194281398,0.11490485194281398
G0,W0082F0003T0006Z000C1N66.png,16,0.0,0.0
G0,W0082F0003T0006Z000C1N66.png,17,0.27105866567555587,0.27105866567555587
G0,W0082F0003T0006Z000C1N66.png,18,0.06936717923885517,0.06936717923885517
G0,W0082F0003T0006Z000C1N66.png,19,0.05709667997526184,0.05709667997526184
G0,W0082F0003T0006Z000C1N66.png,20,0.032500000000000466,0.032500000000000466
G0,W0082F0003T0006Z000C1N66.png,21,0.049958631279484765,0.049958631279484765
G0,W0082F0003T0006Z000C1N66.png,22,0.0578995333058156,0.0578995333058156
G0,W0082F0003T0006Z000C1N66.png,23,0.0,0.0
G0,W0082F0003T0006Z000C1N66.png,24,0.08750892811593587,0.08750892811593587
G0,W0082F0003T0006Z000C1N66.png,25,0.08125,0.08125
G0,W0082F0003T0006Z000C1N66.png,26,0.07886785713387287,0.07886785713387287
G0,W0082F0003T0006Z000C1N66.png,27,0.03941203906840411,0.03941203906840411
G0,W0082F0003T0006Z000C1N66.png,28,1.473492638446341,1.473492638446341
G0,W0082F0003T0006Z000C1N66.png,29,0.8189863960522881,0.8189863960522881
G0,W0082F0003T0006Z000C1N66.png,30,0.08617207121416359,0.08617207121416359
G0,W0082F0003T0006Z000C1N66.png,31,0.0,0.0
G0,W0082F0003T0006Z000C1N66.png,32,0.03830161731427242,0.03830161731427242
G0,W0082F0003T0006Z000C1N66.png,33,1.9070391964960547,1.9070391964960547
G0,W0082F0003T0006Z000C1N66.png,34,0.10982765679705203,0.10982765679705203
G0,W0082F0003T0006Z000C1N66.png,35,0.0,0.0
G0,W0082F0003T0006Z000C1N66.png,36,0.03611111111111098,0.03611111111111098
G0,W0082F0003T0006Z000C1N66.png,37,0.967579114652774,0.967579114652774
G0,W0082F0003T0006Z000C1N66.png,38,0.05476356255699061,0.05476356255699061
G0,W0082F0003T0006Z000C1N66.png,39,0.02202188159658895,0.02202188159658895
G0,W0082F0003T0006Z000C1N66.png,40,0.01533018867924543,0.01533018867924543
G0,W0082F0003T0006Z000C1N66.png,41,0.5915089285040421,0.5915089285040421
G0,W0082F0003T0006Z000C1N66.png,42,0.6345827861674157,0.6345827861674157
G0,W0082F0003T0006Z000C1N66.png,43,0.0,0.0
G0,W0082F0003T0006Z000C1N66.png,44,0.13144642855645422,0.13144642855645422
G0,W0082F0003T0006Z000C1N66.png,45,0.11792476415070745,0.11792476415070745
G0,W0082F0003T0006Z000C1N66.png,46,0.33587701328842845,0.33587701328842845
G0,W0082F0003T0006Z000C1N66.png,47,0.11490485194281398,0.11490485194281398
G0,W0082F0003T0006Z000C1N66.png,48,1.4189702472215546,1.4189702472215546
G0,W0082F0003T0006Z000C1N66.png,49,0.0695892857063571,0.0695892857063571
G0,W0082F0002T0006Z000C1N162.png,1,0.05475078335568576,0.05475078335568576
G0,W0082F0002T0006Z000C1N162.png,2,0.4817019183269197,2.0068221230528573
G0,W0082F0002T0006Z000C1N162.png,3,1.8315703644686983,6.3517340152119095
G0,W0082F0002T0006Z000C1N162.png,4,1.8484250991647513,3.2798800050035704
G0,W0082F0002T0006Z000C1N162.png,5,0.5138701197773617,5.364961556246233
G0,W0082F0002T0006Z000C1N162.png,6,0.038301617314271806,0.038301617314271806
G0,W0082F0002T0006Z000C1N162.png,7,0.040625,3.360107478284735
G0,W0082F0002T0006Z000C1N162.png,8,0.33500233208143493,2.8016526930545833
G0,W0082F0002T0006Z000C1N162.png,9,0.9245000027593515,1.467098778723032
G0,W0082F0002T0006Z000C1N162.png,10,0.08125,0.08125
G0,W0082F0002T0006Z000C1N162.png,11,0.08221921916437722,0.08221921916437722
G0,W0082F0002T0006Z000C1N162.png,12,0.04642857142857242,0.04642857142857242
G0,W0082F0002T0006Z000C1N162.png,13,0.5859020822628983,0.6894291116568838
G0,W0082F0002T0006Z000C1N162.png,14,0.08330124729100902,0.08330124729100902
G0,W0082F0002T0006Z000C1N162.png,15,0.325,0.5859020822628983
G0,W0082F0002T0006Z000C1N162.png,16,0.06964285714285748,0.06964285714285748
G0,W0082F0002T0006Z000C1N162.png,17,0.040625,0.040625
G0,W0082F0002T0006Z000C1N162.png,18,0.04998507806849847,0.04998507806849847
G0,W0082F0002T0006Z000C1N162.png,19,0.07267220926874343,0.07267220926874343
G0,W0082F0002T0006Z000C1N162.png,20,0.07267220926874317,0.07267220926874317
G0,W0082F0002T0006Z000C1N162.png,21,0.08125,0.08125
G0,W0082F0002T0006Z000C1N162.png,22,0.06617089520664615,0.06617089520664615
G0,W0082F0002T0006Z000C1N162.png,23,0.06090951492389787,0.06090951492389787
G0,W0082F0002T0006Z000C1N162.png,24,0.07886785713387287,0.07886785713387287
G0,W0082F0002T0006Z000C1N162.png,25,0.07267220926874317,0.07267220926874317
G0,W0082F0002T0006Z000C1N162.png,26,0.04642857142857242,0.19969683655634612
G0,W0082F0002T0006Z000C1N162.png,27,0.08125,0.08125
G0,W0082F0002T0006Z000C1N162.png,28,0.0,0.7267220926874317
G0,W0082F0002T0006Z000C1N162.png,29,0.6602821946187948,1.345026979852304
G0,W0082F0002T0006Z000C1N162.png,30,0.040625,1.649695165970065
G0,W0082F0002T0006Z000C1N162.png,31,0.0,3.104558140863205
G0,W0082F0002T0006Z000C1N162.png,32,1.1718041645257964,1.5535543923532245
G0,W0082F0002T0006Z000C1N162.png,33,0.17393414391588868,0.17393414391588868
G0,W0082F0002T0006Z000C1N162.png,34,0.8641769250636702,1.444617231418932
G0,W0082F0002T0006Z000C1N162.png,35,0.6209116281726406,2.6810037765732453
G0,W0082F0002T0006Z000C1N162.png,36,1.2470103135989785,1.2470103135989785
G0,W0082F0002T0006Z000C1N162.png,37,0.10307764064044143,0.2263846284534359
G0,W0082F0002T0006Z000C1N162.png,38,0.9084026158592896,1.6025004875194266
G0,W0082F0002T0006Z000C1N162.png,39,0.07660323462854156,0.07660323462854156
G0,W0082F0002T0006Z000C1N162.png,40,0.05745242597140699,0.05745242597140699
G0,W0082F0002T0006Z000C1N162.png,41,0.7367463192231709,0.8426355809139703
G0,W0082F0002T0006Z000C1N162.png,42,0.16429068767097368,0.16429068767097368
G0,W0082F0002T0006Z000C1N162.png,43,0.03830161731427242,0.03830161731427242
G0,W0082F0002T0006Z000C1N162.png,44,0.8411775789854102,0.8411775789854102
G0,W0082F0002T0006Z000C1N162.png,45,0.0935797774356081,0.0935797774356081
G0,W0082F0002T0006Z000C1N162.png,46,0.032500000000000466,0.032500000000000466
G0,W0082F0002T0006Z000C1N162.png,47,0.08752866016102147,0.08752866016102147
G0,W0082F0002T0006Z000C1N162.png,48,1.0511159950592723,1.8373302193861192
G0,W0082F0002T0006Z000C1N162.png,49,0.061555361261225114,0.061555361261225114
G0,W0082F0002T0006Z000C1N162.png,50,0.08125,3.8325548348979956
G0,W0082F0002T0006Z000C1N162.png,51,0.028726212985703495,0.028726212985703495
G0,W0082F0002T0006Z000C1N162.png,52,0.07052680675398663,0.07052680675398663
G0,W0082F0002T0006Z000C1N162.png,53,0.04642857142857011,0.04642857142857011
G0,W0082F0002T0006Z000C1N162.png,54,0.032499999999998155,0.032499999999998155
G0,W0082F0002T0006Z000C1N162.png,55,0.06903350635742214,0.06903350635742214
G0,W0082F0002T0006Z000C1N162.png,56,1.2295356084717515,4.241374519244911
G0,W0082F0002T0006Z000C1N111.png,1,0.09765034704381638,0.09765034704381638
G0,W0082F0002T0006Z000C1N111.png,2,0.11490485194281398,0.11490485194281398
G0,W0082F0002T0006Z000C1N111.png,3,0.09475296829123589,0.09475296829123589
G0,W0082F0002T0006Z000C1N111.png,4,0.040625,0.040625
G0,W0082F0002T0006Z000C1N111.png,5,0.0383016173142719,0.0383016173142719
G0,W0082F0002T0006Z000C1N111.png,6,0.08838834764831874,0.08838834764831874
G0,W0082F0002T0006Z000C1N111.png,7,0.033854166666666824,0.033854166666666824
G0,W0082F0002T0006Z000C1N111.png,8,0.08750892811593587,0.08750892811593587
G0,W0082F0002T0006Z000C1N111.png,9,0.03977678550724452,0.03977678550724452
G0,W0082F0002T0006Z000C1N111.png,10,0.08125,0.08125
G0,W0082F0002T0006Z000C1N111.png,11,0.028260869565218096,0.028260869565218096
G0,W0082F0002T0006Z000C1N111.png,12,0.03869047619047605,0.03869047619047605
G0,W0082F0002T0006Z000C1N111.png,13,0.05709667997526166,0.05709667997526166
G0,W0082F0002T0006Z000C1N111.png,14,0.08750892811593587,0.08750892811593587
G0,W0082F0002T0006Z000C1N111.png,15,0.07660323462854278,0.07660323462854278
G0,W0082F0002T0006Z000C1N111.png,16,0.5859020822628983,0.9192388155425119
G0,W0082F0002T0006Z000C1N111.png,17,0.011607142857143106,0.011607142857143106
G0,W0082F0002T0006Z000C1N111.png,18,0.7124512653898196,0.873411256065676
G0,W0082F0002T0006Z000C1N111.png,19,0.040625,0.040625
G0,W0082F0002T0006Z000C1N111.png,20,0.3477651865842814,0.3477651865842814
G0,W0082F0002T0006Z000C1N111.png,21,0.8313712161178651,1.6188438682216864
G0,W0082F0002T0006Z000C1N111.png,22,0.018168052317185792,0.018168052317185792
G0,W0082F0002T0006Z000C1N111.png,23,0.040625,0.040625
G0,W0082F0002T0006Z000C1N111.png,24,0.1160714285714299,0.1160714285714299
G0,W0082F0002T0006Z000C1N111.png,25,0.06770833333333365,0.06770833333333365
G0,W0082F0002T0006Z000C1N111.png,26,0.11490485194281398,0.11490485194281398
G0,W0082F0002T0006Z000C1N111.png,27,0.08125,0.08125
G0,W0082F0002T0006Z000C1N111.png,28,0.0,0.0
G0,W0082F0002T0006Z000C1N111.png,29,0.07886785713387227,0.07886785713387227
G0,W0082F0002T0006Z000C1N111.png,30,0.08838834764831895,0.08838834764831895
G0,W0082F0002T0006Z000C1N111.png,31,0.07660323462854401,0.07660323462854401
G0,W0082F0002T0006Z000C1N111.png,32,1.7235727791422097,1.783802995008137
G0,W0082F0002T0006Z000C1N111.png,33,0.07707658558806055,0.07707658558806055
G0,W0082F0002T0006Z000C1N111.png,34,0.09192388155425085,0.09192388155425085
G0,W0082F0002T0006Z000C1N111.png,35,0.5859020822628983,0.8125
G0,W0082F0002T0006Z000C1N111.png,36,0.5544680023454914,0.6940576457506967
G0,W0082F0002T0006Z000C1N111.png,37,0.025534411542848273,0.025534411542848273
G0,W0082F0002T0006Z000C1N111.png,38,0.8131497402077923,0.8131497402077923
G0,W0082F0002T0006Z000C1N111.png,39,0.0,0.0
G0,W0082F0002T0006Z000C1N111.png,40,0.0,0.0
G0,W0082F0002T0006Z000C1N111.png,41,1.0900831390311467,1.4110390674960058
G0,W0082F0002T0006Z000C1N111.png,42,0.058144053598438966,0.058144053598438966
G0,W0082F0002T0006Z000C1N111.png,43,0.028726212985703495,0.028726212985703495
G0,W0082F0002T0006Z000C1N111.png,44,0.08838834764831874,0.08838834764831874
G0,W0082F0002T0006Z000C1N111.png,45,0.03830161731427242,0.03830161731427242
G0,W0082F0002T0006Z000C1N111.png,46,0.08125,0.08125
G0,W0082F0002T0006Z000C1N111.png,47,0.08838834764831895,0.08838834764831895
G0,W0082F0002T0006Z000C1N111.png,48,0.11490485194281398,0.6989389279472135
G0,W0082F0002T0006Z000C1N111.png,49,0.08750892811593587,0.08750892811593587
G0,W0082F0002T0006Z000C1N111.png,50,0.041196942735320895,0.041196942735320895
G0,W0082F0002T0006Z000C1N111.png,51,0.2501069215799957,0.2501069215799957
G0,W0082F0002T0006Z000C1N111.png,52,0.08750892811593565,0.08750892811593565
G0,W0082F0002T0006Z000C1N111.png,53,0.08750892811593587,0.08750892811593587
G0,W0082F0002T0006Z000C1N111.png,54,0.08125,0.08125
G0,W0082F0002T0006Z000C1N111.png,55,0.08222810917026092,0.08222810917026092
G0,W0082F0002T0006Z000C1N111.png,56,0.1625,1.14904851942814
G0,W0082F0002T0006Z000C1N111.png,57,0.07660323462854156,0.07660323462854156
G0,W0082F0002T0006Z000C1N111.png,58,0.07466216216216219,0.07466216216216219
G0,W0082F0002T0006Z000C1N111.png,59,0.11490485194281398,0.11490485194281398
G0,W0082F0002T0006Z000C1N111.png,60,0.45961940777125593,1.6730398979103878
G0,W0082F0002T0006Z000C1N111.png,61,0.08924977139586944,0.08924977139586944
G0,W0082F0002T0006Z000C1N111.png,62,0.041783582524660814,0.041783582524660814
G0,W0082F0002T0006Z000C1N111.png,63,0.95640603302154,1.1168846180335723
G0,W0082F0002T0006Z000C1N111.png,64,0.07267220926874421,0.07267220926874421
G0,W0082F0002T0006Z000C1N111.png,65,0.05709667997526184,0.05709667997526184
G0,W0082F0002T0006Z000C1N111.png,66,0.07660323462854238,0.07660323462854238
G0,W0082F0002T0006Z000C1N111.png,67,0.06958928570635742,0.06958928570635742
G0,W0082F0002T0006Z000C1N111.png,68,1.3884006086140988,1.6730398979103878
G0,W0082F0002T0006Z000C1N111.png,69,0.03830161731427201,2.4432109024578472
G0,W0082F0002T0006Z000C1N111.png,70,1.2810521250885447,1.2810521250885447
G0,W0082F0002T0006Z000C1N111.png,71,1.885280151595512,2.0477579202630363
G0,W0082F0002T0006Z000C1N111.png,72,1.7235727791422097,1.8705154703984674
G0,W0082F0002T0006Z000C1N111.png,73,0.7488532900375076,0.9667115650492648
G0,W0082F0002T0006Z000C1N111.png,74,0.05709667997526385,0.10982765679704967
G0,W0082F0002T0006Z000C1N111.png,75,1.9785667950564623,2.253131501377583
G0,W0082F0002T0006Z000C1N111.png,76,0.07323776028286229,0.07323776028286229
G0,W0082F0002T0006Z000C1N111.png,77,1.6091238342305696,1.6091238342305696
G0,W0082F0002T0006Z000C1N111.png,78,0.03830161731426997,0.03830161731426997
G0,W0082F0002T0006Z000C1N111.png,79,0.0,0.0
G0,W0082F0002T0006Z000C1N111.png,80,0.14511901997559876,0.14511901997559876
G0,W0082F0002T0006Z000C1N111.png,81,2.14787131288109,2.14787131288109
G0,W0082F0002T0006Z000C1N111.png,82,0.8482749038489823,0.8482749038489823
G0,W0082F0003T0006Z000C1N29.png,1,1.6826576614259823,1.840072839741829
G0,W0082F0003T0006Z000C1N29.png,2,0.10979729729729801,0.10979729729729801
G0,W0082F0003T0006Z000C1N29.png,3,1.157990666116312,1.6109746297854912
G0,W0082F0003T0006Z000C1N29.png,4,0.11490485194281398,0.11490485194281398
G0,W0082F0003T0006Z000C1N29.png,5,0.07660323462854238,0.07660323462854238
G0,W0082F0003T0006Z000C1N29.png,6,0.07660323462854238,0.12112034878123792
G0,W0082F0003T0006Z000C1N29.png,7,1.0581233387464812,1.0581233387464812
G0,W0082F0003T0006Z000C1N29.png,8,0.609375,0.609375
G0,W0082F0003T0006Z000C1N29.png,9,0.07267220926874317,0.07267220926874317
G0,W0082F0003T0006Z000C1N29.png,10,0.11490485194281398,0.11490485194281398
G0,W0082F0003T0006Z000C1N29.png,11,0.22980970388562796,0.22980970388562796
G0,W0082F0003T0006Z000C1N29.png,12,0.65,1.0277402395547235
G0,W0082F0003T0006Z000C1N29.png,13,0.033057157347954516,0.033057157347954516
G0,W0082F0003T0006Z000C1N29.png,14,0.08838834764831895,0.08838834764831895
G0,W0082F0003T0006Z000C1N29.png,15,0.897435582646465,1.5458866792232864
G0,W0082F0003T0006Z000C1N29.png,16,0.6209116281726401,1.0803500590086519
G0,W0082F0003T0006Z000C1N29.png,17,0.5915089285040421,1.4189702472215546
G0,W0082F0003T0006Z000C1N29.png,18,0.7190225607146373,1.7656259566804047
G0,W0082F0003T0006Z000C1N29.png,19,1.6813025161542006,2.0393855672078143
G0,W0082F0003T0006Z000C1N29.png,20,1.2134126462172707,1.2728885457886716
G0,W0082F0003T0006Z000C1N29.png,21,2.8171874518549322,3.4017356680899744
G0,W0082F0003T0006Z000C1N29.png,22,1.8168052317185792,9.720162678679818
G0,W0082F0003T0006Z000C1N15.png,1,5.047972984277947,5.382160927545739
G0,W0082F0003T0006Z000C1N15.png,2,3.7573398539096483,3.9120485185016705
G0,W0082F0003T0006Z000C1N15.png,3,1.138465024082251,1.1805468759333493
G0,W0082F0003T0006Z000C1N15.png,4,2.3494108719660978,2.6241674647042825
G0,W0082F0003T0006Z000C1N15.png,5,1.422906371973496,2.037244626549001
G0,W0082F0003T0006Z000C1N15.png,6,0.0,0.0
G0,W0082F0003T0006Z000C1N15.png,7,0.5784209190765753,0.5784209190765753
G0,W0082F0003T0006Z000C1N15.png,8,1.2049805029399332,1.580224538289652
G0,W0082F0003T0006Z000C1N15.png,9,0.5982903884309764,0.6340045784973133
G0,W0082F0003T0006Z000C1N15.png,10,1.284675299443404,1.4397536681668848
G0,W0082F0003T0006Z000C1N15.png,11,0.08125,0.08125
G0,W0082F0003T0006Z000C1N15.png,12,0.65,0.9884489111734607
G0,W0082F0003T0006Z000C1N15.png,13,0.07660323462854401,0.07660323462854401
G0,W0082F0003T0006Z000C1N15.png,14,0.11490485194281398,0.11490485194281398
G0,W0082F0003T0006Z000C1N15.png,15,0.19969683655634612,2.005853996456882
G0,W0082F0003T0006Z000C1N15.png,16,0.08125,0.08125
G0,W0082F0003T0006Z000C1N15.png,17,0.7267220926874317,1.14904851942814
G0,W0082F0003T0006Z000C1N15.png,18,0.5950288322631858,0.7716786135776093
G0,W0082F0003T0006Z000C1N15.png,19,0.6340045784973124,1.680040095421005
G0,W0082F0003T0006Z000C1N15.png,20,0.12846752994434044,1.9098071319507635
G0,W0082F0003T0006Z000C1N15.png,21,0.2298097038856289,0.41109609582189005
G0,W0082F0003T0006Z000C1N15.png,22,0.2183528140164181,1.1313574227694598
G0,W0082F0003T0006Z000C1N15.png,23,1.459094989731021,2.4403042502513945
G0,W0082F0003T0006Z000C1N15.png,24,2.2791257232763615,2.682007468762903
G0,W0082F0003T0006Z000C1N15.png,25,0.0,0.1625
G0,W0082F0003T0006Z000C1N15.png,26,0.9475296829123614,1.625
G0,W0082F0003T0006Z000C1N15.png,27,1.8177102656533544,1.8177102656533544
G0,W0082F0003T0006Z000C1N15.png,28,2.2807961877379572,2.4375
G0,W0082F0002T0006Z000C1N13.png,1,3.2019098304761804,4.910754301785012
G0,W0082F0002T0006Z000C1N13.png,2,4.040502946725816,5.629751465429003
G0,W0082F0002T0006Z000C1N13.png,3,1.757706246788695,5.100015318604445
G0,W0082F0002T0006Z000C1N13.png,4,3.52628744219753,6.83060781519478
G0,W0082F0002T0006Z000C1N13.png,5,2.7312571510203867,7.834623674752987
G0,W0082F0002T0006Z000C1N13.png,6,1.8979815870914736,6.394828157229389
G0,W0082F0002T0006Z000C1N13.png,7,1.7273986945693807,8.27474508670811
G0,W0082F0002T0006Z000C1N13.png,8,1.915080865713567,8.36344559510147
G0,W0082F0002T0006Z000C1N13.png,9,1.3179666660475522,9.136606755673164
G0,W0082F0002T0006Z000C1N13.png,10,4.000896443713123,7.927916488795549
G0,W0082F0002T0006Z000C1N13.png,11,4.834887052713848,8.375058302035873
G0,W0082F0002T0006Z000C1N13.png,12,1.6893508368601227,12.827131889085727
G0,W0082F0002T0006Z000C1N13.png,13,0.051908720906246035,0.051908720906246035
G0,W0082F0002T0006Z000C1N13.png,14,4.693472121527468,8.504856659906478
G0,W0082F0002T0006Z000C1N13.png,15,4.806247279658334,14.143673250851759
G0,W0082F0001T0006Z000C1N63.png,1,,
G0,W0082F0001T0006Z000C1N63.png,2,,
G0,W0082F0001T0006Z000C1N63.png,3,,
G0,W0082F0001T0006Z000C1N63.png,4,,
G0,W0082F0001T0006Z000C1N63.png,5,,
G0,W0082F0001T0006Z000C1N63.png,6,,
G0,W0082F0001T0006Z000C1N63.png,7,,
G0,W0082F0001T0006Z000C1N63.png,8,,
G0,W0082F0001T0006Z000C1N63.png,9,,
G0,W0082F0001T0006Z000C1N63.png,10,,
G0,W0082F0001T0006Z000C1N63.png,11,,
G0,W0082F0001T0006Z000C1N63.png,12,,
G0,W0082F0002T0006Z000C1N104.png,1,0.7062469272302866,0.922425094821013
G0,W0082F0002T0006Z000C1N104.png,2,0.1625,0.1625
G0,W0082F0002T0006Z000C1N104.png,3,0.11490485194281398,1.1996418736439638
G0,W0082F0002T0006Z000C1N104.png,4,0.0726722092687429,0.0726722092687429
G0,W0082F0002T0006Z000C1N104.png,5,0.07660323462854278,0.07660323462854278
G0,W0082F0002T0006Z000C1N104.png,6,0.8285906709588275,0.9750000000000001
G0,W0082F0002T0006Z000C1N104.png,7,0.4799178893889614,0.7746022724957339
G0,W0082F0002T0006Z000C1N104.png,8,0.08812799848882832,0.08812799848882832
G0,W0082F0002T0006Z000C1N104.png,9,0.0766032346285432,0.0766032346285432
G0,W0082F0002T0006Z000C1N104.png,10,0.07803787675186669,0.08507648343711925
G0,W0082F0002T0006Z000C1N104.png,11,0.05153882032022057,0.05153882032022057
G0,W0082F0002T0006Z000C1N104.png,12,0.03460581393749662,0.03460581393749662
G0,W0082F0002T0006Z000C1N104.png,13,0.04037344959374632,0.04037344959374632
G0,W0082F0002T0006Z000C1N104.png,14,0.08125,0.18168052317185793
G0,W0082F0002T0006Z000C1N104.png,15,0.038047360050406806,0.038047360050406806
G0,W0082F0002T0006Z000C1N104.png,16,1.161903408743601,2.0818082959893305
G0,W0082F0002T0006Z000C1N104.png,17,0.10290531667579683,0.10290531667579683
G0,W0082F0002T0006Z000C1N104.png,18,0.0744449626847632,0.0744449626847632
G0,W0082F0002T0006Z000C1N104.png,19,0.27706271341617367,0.4914147429071346
G0,W0082F0002T0006Z000C1N104.png,20,0.07323776028286229,0.07323776028286229
G0,W0082F0002T0006Z000C1N104.png,21,0.0,0.0
G0,W0082F0002T0006Z000C1N104.png,22,0.0,0.0
G0,W0082F0002T0006Z000C1N104.png,23,0.08125,0.08125
G0,W0082F0002T0006Z000C1N104.png,24,0.05687500000000023,0.05687500000000023
G0,W0082F0002T0006Z000C1N104.png,25,0.05255357446240443,0.05255357446240443
G0,W0082F0002T0006Z000C1N104.png,26,0.6727675817162002,0.962043736441564
G0,W0082F0002T0006Z000C1N104.png,27,0.11490485194281398,0.11490485194281398
G0,W0082F0002T0006Z000C1N104.png,28,0.9510068677459697,1.54375
G0,W0082F0002T0006Z000C1N104.png,29,0.0,0.0
G0,W0082F0002T0006Z000C1N104.png,30,0.07660323462854156,0.07660323462854156
G0,W0082F0002T0006Z000C1N104.png,31,0.032500000000000466,0.032500000000000466
G0,W0082F0002T0006Z000C1N104.png,32,0.08125,0.08125
G0,W0082F0002T0006Z000C1N104.png,33,0.08125,0.08125
G0,W0082F0002T0006Z000C1N104.png,34,0.048616071175520144,0.048616071175520144
G0,W0082F0002T0006Z000C1N104.png,35,0.08125,0.08125
G0,W0082F0002T0006Z000C1N104.png,36,0.05745242597140699,0.05745242597140699
G0,W0082F0002T0006Z000C1N104.png,37,1.320711745192301,1.4478821938342314
G0,W0082F0002T0006Z000C1N104.png,38,0.046428571428571264,0.046428571428571264
G0,W0082F0002T0006Z000C1N104.png,39,0.5516629688949575,0.5516629688949575
G0,W0082F0002T0006Z000C1N104.png,40,0.0,2.2807961877379572
G0,W0082F0002T0006Z000C1N104.png,41,0.07341001711105213,0.07341001711105213
G0,W0082F0002T0006Z000C1N104.png,42,0.03804736005040723,0.03804736005040723
G0,W0082F0002T0006Z000C1N104.png,43,0.588318183574134,1.0114734363277644
G0,W0082F0002T0006Z000C1N104.png,44,0.8788531233943475,1.261339194071127
G0,W0082F0002T0006Z000C1N104.png,45,0.1625,0.22980970388562796
G0,W0082F0002T0006Z000C1N104.png,46,0.34946946397360673,1.6541909370595647
G0,W0082F0002T0006Z000C1N104.png,47,1.4735162028291382,3.023992600850736
G0,W0082F0002T0006Z000C1N104.png,48,0.030227654104550028,0.030227654104550028
G0,W0082F0002T0006Z000C1N104.png,49,0.12187500000000001,0.12187500000000001
G0,W0082F0002T0006Z000C1N104.png,50,1.104787561278435,1.31904453003764
G0,W0082F0002T0006Z000C1N104.png,51,0.07660323462854156,0.12112034878123895
G0,W0082F0002T0006Z000C1N104.png,52,0.0585902082262897,0.0585902082262897
G0,W0082F0002T0006Z000C1N104.png,53,0.06500000000000093,0.06500000000000093
G0,W0082F0002T0006Z000C1N104.png,54,0.06090951492389675,0.06090951492389675
G0,W0082F0002T0006Z000C1N104.png,55,0.0,1.541610359332085
G0,W0082F0002T0006Z000C1N104.png,56,1.2691655723348314,1.2691655723348314
G0,W0082F0002T0006Z000C1N104.png,57,0.07847188080336515,0.07847188080336515
G0,W0082F0002T0006Z000C1N104.png,58,0.06281172263200555,0.06281172263200555
G0,W0082F0002T0006Z000C1N104.png,59,0.11490485194281398,0.11490485194281398
G0,W0082F0002T0006Z000C1N104.png,60,0.8125,0.8125
G0,W0082F0002T0006Z000C1N104.png,61,0.61953125,2.982705787280496
G0,W0082F0002T0006Z000C1N104.png,62,0.04642857142857242,0.04642857142857242
G0,W0082F0002T0006Z000C1N104.png,63,0.6607028986711804,1.9535936937634961
G0,W0082F0002T0006Z000C1N104.png,64,0.0,1.9020137354919393
G0,W0082F0002T0006Z000C1N104.png,65,1.3836376422315202,3.819614263901527
G0,W0082F0002T0006Z000C1N104.png,66,0.11490485194281398,2.4563851743975333
G0,W0082F0002T0006Z000C1N104.png,67,0.032500000000000466,0.032500000000000466
G0,W0082F0002T0006Z000C1N104.png,68,0.07660323462854361,0.12112034878123715
G0,W0082F0003T0006Z000C1N5.png,1,0.1625,0.1625
G0,W0082F0003T0006Z000C1N5.png,2,0.08125,0.08125
G0,W0082F0003T0006Z000C1N5.png,3,0.05709667997526239,0.05709667997526239
G0,W0082F0003T0006Z000C1N5.png,4,0.11490485194281398,0.11490485194281398
G0,W0082F0003T0006Z000C1N5.png,5,1.1527196103129327,1.1527196103129327
G0,W0082F0003T0006Z000C1N5.png,6,0.6550584420492571,0.6550584420492571
G0,W0082F0003T0006Z000C1N5.png,7,0.6894291116568838,0.6894291116568838
G0,W0082F0003T0006Z000C1N5.png,8,0.11490485194281398,0.11490485194281398
G0,W0082F0003T0006Z000C1N5.png,9,0.07566931363181688,0.07566931363181688
G0,W0082F0003T0006Z000C1N5.png,10,2.9000673483558965,2.9000673483558965
G0,W0082F0003T0006Z000C1N5.png,11,2.0137045521234316,2.0137045521234316
G0,W0082F0003T0006Z000C1N5.png,12,0.3023500888319896,0.3023500888319896
G0,W0082F0003T0006Z000C1N5.png,13,1.0855791337641225,1.0855791337641225
G0,W0082F0002T0006Z000C1N112.png,1,0.072672209268744,1.2691655723348314
G0,W0082F0002T0006Z000C1N112.png,2,10.660111470453769,22.64858870465222
G0,W0082F0002T0006Z000C1N112.png,3,6.370331624020841,14.089040510268966
G0,W0082F0002T0006Z000C1N112.png,4,1.4981759743100942,6.873192944330896
G0,W0082F0002T0006Z000C1N112.png,5,1.5306277080190194,6.204980218654116
G0,W0082F0002T0006Z000C1N112.png,6,0.07905694150420983,0.07905694150420983
G0,W0082F0002T0006Z000C1N112.png,7,0.29295104113144915,6.666957350433555
G0,W0082F0002T0006Z000C1N112.png,8,5.193740010107363,12.329342985353469
G0,W0082F0002T0006Z000C1N112.png,9,3.6897003792840533,10.19902381630495
G0,W0082F0002T0006Z000C1N112.png,10,4.036081880294854,16.107155781239317
G0,W0082F0002T0006Z000C1N112.png,11,4.256831619135701,11.21478274603732
G0,W0082F0002T0006Z000C1N112.png,12,0.09558823529411731,0.09558823529411731
G0,W0082F0002T0006Z000C1N112.png,13,3.6336104634371584,14.91551729743223
G0,W0082F0002T0006Z000C1N112.png,14,1.9020137354919393,8.160671694168318
G0,W0082F0002T0006Z000C1N112.png,15,4.506380199228645,17.589707395235433
G0,W0082F0002T0006Z000C1N112.png,16,1.1633229613912037,7.409803999600799
G0,W0082F0002T0006Z000C1N112.png,17,5.977941221691628,19.60109212518527
G0,W0082F0002T0006Z000C1N112.png,18,2.137546828799898,14.67572150723134
G0,W0082F0002T0006Z000C1N112.png,19,0.1625,7.776265974103509
G0,W0082F0002T0006Z000C1N112.png,20,4.375446405796785,18.845796945207702
G0,W0082F0002T0006Z000C1N112.png,21,1.0183175812912113,14.519931601459858
G0,W0082F0002T0006Z000C1N112.png,22,4.924179024213072,22.228818042408374
G0,W0082F0002T0006Z000C1N112.png,23,0.05709667997526293,16.046148063312675
G0,W0082F0002T0006Z000C1N112.png,24,0.6059106456064158,18.053316573904144
G0,W0082F0002T0006Z000C1N112.png,25,1.1316815475212096,8.38805419182542
G0,W0082F0002T0006Z000C1N112.png,26,0.0,17.442087210250957
G0,W0082F0002T0006Z000C1N112.png,27,0.08125,19.256935641801892
G0,W0082F0002T0006Z000C1N112.png,28,0.48750000000000004,16.86324127355118
G0,W0082F0002T0006Z000C1N112.png,29,0.9084026158592896,16.597487808776968
G0,W0082F0002T0006Z000C1N112.png,30,0.04642857142857242,18.122166386522785
G0,W0082F0002T0006Z000C1N112.png,31,1.040507688582838,12.759096020094841
G0,W0082F0002T0006Z000C1N112.png,32,2.0972102936103,13.346348180892967
G0,W0082F0002T0006Z000C1N112.png,33,1.3101168840985142,22.176934103928794
G0,W0082F0002T0006Z000C1N112.png,34,0.18168052317185793,22.025944396608743
G0,W0082F0002T0006Z000C1N112.png,35,2.6202337681970285,24.360912595795753
G0,W0082F0002T0006Z000C1N112.png,36,1.8636322062037887,22.344731621793983
G0,W0082F0002T0006Z000C1N112.png,37,1.4120698731049446,21.532548333978077
G0,W0082F0002T0006Z000C1N112.png,38,2.438176989320094,23.875959159398185
G0,W0082F0002T0006Z000C1N112.png,39,2.8996492134781575,22.963059356834624
G0,W0082F0001T0006Z000C1N75.png,1,0.08125,0.08125
G0,W0082F0001T0006Z000C1N75.png,2,0.11490485194281398,0.11490485194281398
G0,W0082F0001T0006Z000C1N75.png,3,0.0,0.0
G0,W0082F0001T0006Z000C1N75.png,4,0.014363106492851748,0.014363106492851748
G0,W0082F0001T0006Z000C1N75.png,5,0.6700046641628699,0.6700046641628699
G0,W0082F0001T0006Z000C1N75.png,6,1.3990579978149582,1.3990579978149582
G0,W0082F0001T0006Z000C1N75.png,7,0.13000000000000012,0.13000000000000012
G0,W0082F0001T0006Z000C1N75.png,8,0.04178358252465982,0.04178358252465982
G0,W0082F0001T0006Z000C1N75.png,9,0.17273986945693848,0.17273986945693848
G0,W0082F0001T0006Z000C1N75.png,10,0.6187815648514426,0.6187815648514426
G0,W0082F0001T0006Z000C1N75.png,11,0.0451388888888889,0.0451388888888889
G0,W0082F0001T0006Z000C1N75.png,12,0.0766032346285432,0.0766032346285432
G0,W0082F0001T0006Z000C1N75.png,13,0.03952847075210533,0.03952847075210533
G0,W0082F0001T0006Z000C1N75.png,14,0.0705044219024971,0.0705044219024971
G0,W0082F0001T0006Z000C1N75.png,15,0.09581387087244989,0.09581387087244989
G0,W0082F0001T0006Z000C1N75.png,16,0.08125,0.08125
G0,W0082F0001T0006Z000C1N75.png,17,0.12925810682124378,0.12925810682124378
G0,W0082F0001T0006Z000C1N75.png,18,0.08125,0.08125
G0,W0082F0001T0006Z000C1N75.png,19,0.18168052317185793,0.18168052317185793
G0,W0082F0001T0006Z000C1N75.png,20,0.08125,0.08125
G0,W0082F0001T0006Z000C1N75.png,21,0.11336457396354324,0.11336457396354324
G0,W0082F0001T0006Z000C1N75.png,22,0.9514370383880009,0.9514370383880009
G0,W0082F0001T0006Z000C1N75.png,23,0.7312500000000001,0.7312500000000001
G0,W0082F0001T0006Z000C1N75.png,24,0.11311773133322375,0.11311773133322375
G0,W0082F0001T0006Z000C1N75.png,25,0.06397826456292836,0.06397826456292836
G0,W0082F0001T0006Z000C1N75.png,26,1.627029982053189,1.627029982053189
G0,W0082F0001T0006Z000C1N75.png,27,0.011607142857142528,0.011607142857142528
G0,W0082F0001T0006Z000C1N75.png,28,0.7262715054212002,0.7262715054212002
G0,W0082F0001T0006Z000C1N75.png,29,0.06768069163659729,0.06768069163659729
G0,W0082F0001T0006Z000C1N75.png,30,0.108145743005001,0.108145743005001
G0,W0082F0001T0006Z000C1N75.png,31,0.040625,0.040625
G0,W0082F0001T0006Z000C1N75.png,32,0.040625,0.040625
G0,W0082F0001T0006Z000C1N75.png,33,0.10576379769456978,0.10576379769456978
G0,W0082F0001T0006Z000C1N75.png,34,0.08188230525615714,0.08188230525615714
G0,W0082F0001T0006Z000C1N75.png,35,0.07532642463262056,0.07532642463262056
G0,W0082F0001T0006Z000C1N75.png,36,0.8684633070112979,0.8684633070112979
G0,W0082F0001T0006Z000C1N75.png,37,0.33500233208143493,0.33500233208143493
G0,W0082F0001T0006Z000C1N75.png,38,0.028726212985703495,0.028726212985703495
G0,W0082F0001T0006Z000C1N75.png,39,0.03993936731126933,0.03993936731126933
G0,W0082F0001T0006Z000C1N75.png,40,0.6700046641628699,0.6700046641628699
G0,W0082F0001T0006Z000C1N75.png,41,0.08221921916437831,0.08221921916437831
G0,W0082F0001T0006Z000C1N75.png,42,0.5477265196042428,0.5477265196042428
G0,W0082F0001T0006Z000C1N75.png,43,0.08113738733326775,0.08113738733326775
G0,W0082F0001T0006Z000C1N75.png,44,0.08583513122892206,0.08583513122892206
G0,W0082F0001T0006Z000C1N75.png,45,1.2732047546338428,1.2732047546338428
G0,W0082F0001T0006Z000C1N75.png,46,0.08125,0.08125
G0,W0082F0001T0006Z000C1N75.png,47,0.22980970388562796,0.22980970388562796
G0,W0082F0001T0006Z000C1N48.png,1,1.5169946300539285,1.6362070293537352
G0,W0082F0001T0006Z000C1N48.png,2,0.21741767989486133,1.0033431770158199
G0,W0082F0001T0006Z000C1N48.png,3,1.0593703908454306,1.3449268102763066
G0,W0082F0001T0006Z000C1N48.png,4,0.040625,0.040625
G0,W0082F0001T0006Z000C1N48.png,5,2.435667377791434,2.435667377791434
G0,W0082F0001T0006Z000C1N48.png,6,1.305171473995127,1.305171473995127
G0,W0082F0001T0006Z000C1N48.png,7,2.1728268908338895,2.1728268908338895
G0,W0082F0001T0006Z000C1N48.png,8,0.08125,0.08125
G0,W0082F0001T0006Z000C1N48.png,9,0.6611884291855762,0.6611884291855762
G0,W0082F0001T0006Z000C1N48.png,10,0.19150808657135635,0.19150808657135635
G0,W0082F0001T0006Z000C1N48.png,11,0.08125,0.08125
G0,W0082F0001T0006Z000C1N48.png,12,0.028726212985703495,0.028726212985703495
G0,W0082F0001T0006Z000C1N48.png,13,0.89375,0.89375
G0,W0082F0001T0006Z000C1N48.png,14,2.3241050865064166,2.3241050865064166
G0,W0082F0001T0006Z000C1N48.png,15,1.057637976945693,1.057637976945693
G0,W0082F0001T0006Z000C1N48.png,16,0.06768069163659729,0.06768069163659729
G0,W0082F0001T0006Z000C1N48.png,17,0.411096095821889,0.411096095821889
G0,W0082F0001T0006Z000C1N48.png,18,0.8686198823420967,0.8990935713261428
G0,W0082F0001T0006Z000C1N48.png,19,0.0,0.0
G0,W0082F0001T0006Z000C1N48.png,20,0.03830161731427242,0.03830161731427242
G0,W0082F0001T0006Z000C1N48.png,21,0.08125,0.08125
G0,W0082F0001T0006Z000C1N48.png,22,0.80367506802758,0.80367506802758
G0,W0082F0001T0006Z000C1N48.png,23,1.3658205162573103,1.3658205162573103
G0,W0082F0001T0006Z000C1N48.png,24,0.12999999999999953,0.12999999999999953
G0,W0082F0001T0006Z000C1N48.png,25,0.08125,0.08125
G0,W0082F0001T0006Z000C1N48.png,26,0.06500000000000093,0.06500000000000093
G0,W0082F0001T0006Z000C1N48.png,27,0.981747485354559,0.981747485354559
G0,W0082F0001T0006Z000C1N48.png,28,1.105119478834755,1.105119478834755
G0,W0082F0001T0006Z000C1N48.png,29,0.9192388155425119,0.9192388155425119
G0,W0082F0001T0006Z000C1N48.png,30,0.07660323462854156,0.07660323462854156
G0,W0082F0001T0006Z000C1N48.png,31,1.887226750102291,1.894843430071063
G0,W0082F0001T0006Z000C1N48.png,32,1.6135849063498335,1.8298394738337025
G0,W0082F0001T0006Z000C1N48.png,33,1.0954530392084878,1.0954530392084878
G0,W0082F0001T0006Z000C1N48.png,34,0.5859020822628983,0.5859020822628983
G0,W0082F0001T0006Z000C1N48.png,35,1.3318420208128212,1.7338093421911887
G0,W0082F0001T0006Z000C1N48.png,36,0.45961940777125593,0.45961940777125593
G0,W0082F0001T0006Z000C1N48.png,37,0.018168052317186826,0.018168052317186826
G0,W0082F0001T0006Z000C1N48.png,38,0.013927860841553605,0.013927860841553605
G0,W0082F0001T0006Z000C1N48.png,39,0.025,0.025
G0,W0082F0001T0006Z000C1N48.png,40,1.8914877651499111,2.3655028154450535
G0,W0082F0001T0006Z000C1N48.png,41,0.08125,0.08125
G0,W0082F0001T0006Z000C1N48.png,42,0.060909514923899,0.060909514923899
G0,W0082F0001T0006Z000C1N48.png,43,0.08125,0.08125
G0,W0082F0001T0006Z000C1N74.png,1,0.9084026158592896,1.7745267855121265
G0,W0082F0001T0006Z000C1N74.png,2,2.6012692214570947,2.758913112531818
G0,W0082F0001T0006Z000C1N74.png,3,1.2297610999859743,1.402726543176041
G0,W0082F0001T0006Z000C1N74.png,4,0.032500000000000466,0.032500000000000466
G0,W0082F0001T0006Z000C1N74.png,5,0.08125,0.08125
G0,W0082F0001T0006Z000C1N74.png,6,2.4157361714392573,2.4429106614855978
G0,W0082F0001T0006Z000C1N74.png,7,1.421810514410724,2.7857680219684875
G0,W0082F0001T0006Z000C1N74.png,8,1.0050069962443047,1.0050069962443047
G0,W0082F0001T0006Z000C1N74.png,9,0.9575404328567835,1.0785833365525779
G0,W0082F0001T0006Z000C1N74.png,10,0.09459160805298615,0.09459160805298615
G0,W0082F0001T0006Z000C1N74.png,11,0.04942244555867478,0.04942244555867478
G0,W0082F0001T0006Z000C1N74.png,12,0.07267220926874421,0.07267220926874421
G0,W0082F0001T0006Z000C1N74.png,13,0.8636993472846903,0.8636993472846903
G0,W0082F0001T0006Z000C1N74.png,14,0.08370029746612721,0.08370029746612721
G0,W0082F0001T0006Z000C1N74.png,15,0.13809844515980627,0.13809844515980627
G0,W0082F0001T0006Z000C1N74.png,16,0.08750892811593587,0.08750892811593587
G0,W0082F0001T0006Z000C1N74.png,17,2.820128543169619,6.122205995390877
G0,W0082F0001T0006Z000C1N74.png,18,0.36336104634371585,3.7126893891086556
G0,W0082F0001T0006Z000C1N74.png,19,0.08125,0.08125
G0,W0082F0001T0006Z000C1N74.png,20,0.07660323462854483,0.12112034878123792
G0,W0082F0001T0006Z000C1N74.png,21,0.11490485194281398,0.11490485194281398
G0,W0082F0001T0006Z000C1N74.png,22,1.317755815403831,2.5966037288629353
G0,W0082F0001T0006Z000C1N74.png,23,0.14614743248569403,0.14614743248569403
G0,W0082F0001T0006Z000C1N74.png,24,0.5138701197773617,1.6965498076979646
G0,W0082F0001T0006Z000C1N74.png,25,0.04030353880606817,0.04030353880606817
G0,W0082F0001T0006Z000C1N74.png,26,0.1625,0.1625
G0,W0082F0001T0006Z000C1N74.png,27,1.14904851942814,1.2375631297028853
G0,W0082F0002T0006Z000C1N11.png,1,0.0,0.0
G0,W0082F0002T0006Z000C1N11.png,2,0.08125,0.08125
G0,W0082F0002T0006Z000C1N11.png,3,0.0,0.0
G0,W0082F0002T0006Z000C1N11.png,4,0.11490485194281398,0.11490485194281398
G0,W0082F0002T0006Z000C1N11.png,5,0.0,0.0
G0,W0082F0002T0006Z000C1N11.png,6,0.06231590534384894,0.06231590534384894
G0,W0082F0002T0006Z000C1N11.png,7,0.027083333333331794,0.027083333333331794
G0,W0082F0002T0006Z000C1N11.png,8,0.6942003043070494,0.6942003043070494
G0,W0082F0002T0006Z000C1N11.png,9,0.0,0.0
G0,W0082F0002T0006Z000C1N11.png,10,0.054166666666666474,0.054166666666666474
G0,W0082F0002T0006Z000C1N11.png,11,0.0,0.0
G0,W0082F0002T0006Z000C1N11.png,12,0.05745242597140699,0.05745242597140699
G0,W0082F0002T0006Z000C1N11.png,13,0.4222844592643181,0.4222844592643181
G0,W0082F0002T0006Z000C1N11.png,14,1.6025004875194266,1.6025004875194266
G0,W0082F0002T0006Z000C1N11.png,15,0.04575912047413097,0.04575912047413097
G0,W0082F0002T0006Z000C1N11.png,16,0.06816889042575508,0.06816889042575508
G0,W0082F0002T0006Z000C1N11.png,17,0.10705627495361764,0.10705627495361764
G0,W0082F0002T0006Z000C1N11.png,18,0.08225708069377935,0.08225708069377935
G0,W0082F0002T0006Z000C1N11.png,19,0.08370029746612916,0.08370029746612916
G0,W0082F0002T0006Z000C1N11.png,20,0.05745242597140699,0.05745242597140699
G0,W0082F0002T0006Z000C1N11.png,21,2.7072497832466222,2.7072497832466222
G0,W0082F0002T0006Z000C1N11.png,22,0.09694570329702652,0.09694570329702652
G0,W0082F0002T0006Z000C1N11.png,23,0.05785002535892223,0.05785002535892223
G0,W0082F0002T0006Z000C1N11.png,24,0.07896080690936212,0.07896080690936212
G0,W0082F0002T0006Z000C1N11.png,25,0.09984841827817373,0.09984841827817373
G0,W0082F0002T0006Z000C1N11.png,26,0.45961940777125593,0.45961940777125593
G0,W0082F0003T0006Z000C1N17.png,1,0.3745231688023509,0.3745231688023509
G0,W0082F0003T0006Z000C1N17.png,2,0.7490879871550471,0.7490879871550471
G0,W0082F0003T0006Z000C1N17.png,3,4.661973202478217,4.661973202478217
G0,W0082F0003T0006Z000C1N17.png,4,2.3660357140161685,5.364961556246233
G0,W0082F0003T0006Z000C1N17.png,5,1.4981759743100942,5.870277357161243
G0,W0082F0003T0006Z000C1N17.png,6,0.6611884291855751,0.6611884291855751
G0,W0082F0003T0006Z000C1N17.png,7,0.16900255100115516,0.16900255100115516
G0,W0082F0003T0006Z000C1N17.png,8,0.0,0.0
G0,W0082F0003T0006Z000C1N17.png,9,0.07660323462854238,0.07660323462854238
G0,W0082F0003T0006Z000C1N17.png,10,0.520253844291419,1.951691974287951
G0,W0082F0003T0006Z000C1N17.png,11,0.08125,0.08125
G0,W0082F0003T0006Z000C1N17.png,12,0.07267220926874421,0.14534441853748634
G0,W0082F0003T0006Z000C1N17.png,13,0.08125,0.08125
G0,W0082F0003T0006Z000C1N17.png,14,0.7660323462854273,0.7660323462854273
G0,W0082F0003T0006Z000C1N17.png,15,1.4900682922688482,1.4900682922688482
G0,W0082F0003T0006Z000C1N17.png,16,0.0,0.0
G0,W0082F0003T0006Z000C1N17.png,17,0.08125,0.08125
G0,W0082F0003T0006Z000C1N17.png,18,0.08125,0.08125
G0,W0082F0003T0006Z000C1N17.png,19,0.7585482499688898,0.7585482499688898
G0,W0082F0003T0006Z000C1N17.png,20,0.0,0.0
G0,W0082F0003T0006Z000C1N17.png,21,0.028726212985703495,0.028726212985703495
G0,W0082F0003T0006Z000C1N17.png,22,1.21875,1.7893456380755508
G0,W0082F0003T0006Z000C1N17.png,23,0.037222481342382714,0.037222481342382714
G0,W0082F0003T0006Z000C1N17.png,24,1.2078680857196287,1.2078680857196287
G0,W0082F0003T0006Z000C1N17.png,25,0.0695892857063571,0.0695892857063571
G0,W0082F0003T0006Z000C1N17.png,26,0.020186724796873678,0.020186724796873678
G0,W0082F0003T0006Z000C1N17.png,27,0.11490485194281398,1.5628749550107968
G0,W0082F0003T0006Z000C1N17.png,28,0.11490485194281398,0.11490485194281398
G0,W0082F0003T0006Z000C1N17.png,29,0.09751500346242581,0.09751500346242581
G0,W0082F0003T0006Z000C1N17.png,30,0.6989389279472135,1.4397536681668848
G0,W0082F0003T0006Z000C1N17.png,31,0.056334183667051195,0.056334183667051195
G0,W0082F0003T0006Z000C1N17.png,32,0.08125,0.08125
G0,W0082F0003T0006Z000C1N17.png,33,0.08370029746612866,1.6096726121691172
G0,W0082F0003T0006Z000C1N17.png,34,0.08125,1.54375
G0,W0082F0003T0006Z000C1N17.png,35,1.6988102963575364,1.8510828975490579
G0,W0082F0003T0006Z000C1N17.png,36,0.07341001711105177,0.07341001711105177
G0,W0082F0003T0006Z000C1N17.png,37,0.08125,0.08125
G0,W0082F0003T0006Z000C1N17.png,38,0.8125,2.7672752844630404
G0,W0082F0003T0006Z000C1N17.png,39,1.7745267855121265,1.7893456380755508
G0,W0082F0003T0006Z000C1N17.png,40,2.3445984141495986,2.376757804474998
G0,W0082F0003T0006Z000C1N17.png,41,0.10630760875037429,0.10630760875037429
G0,W0082F0003T0006Z000C1N17.png,42,0.05780598269904639,0.05780598269904639
G0,W0082F0003T0006Z000C1N17.png,43,0.9084026158592896,0.9084026158592896
G0,W0082F0003T0006Z000C1N17.png,44,0.025002550890266716,0.025002550890266716
G0,W0082F0003T0006Z000C1N17.png,45,1.8290735917621344,1.8290735917621344
G0,W0082F0003T0006Z000C1N17.png,46,3.2839477005579742,3.2839477005579742
G0,W0082F0002T0006Z000C1N15.png,1,0.1098276567970513,0.1098276567970513
G0,W0082F0002T0006Z000C1N15.png,2,0.21816610785656962,0.21816610785656962
G0,W0082F0002T0006Z000C1N15.png,3,0.07288689868556655,0.07288689868556655
G0,W0082F0002T0006Z000C1N15.png,4,0.11490485194281398,0.11490485194281398
G0,W0082F0002T0006Z000C1N15.png,5,0.0,0.1625
G0,W0082F0002T0006Z000C1N15.png,6,0.07393861606300527,0.07393861606300527
G0,W0082F0002T0006Z000C1N15.png,7,1.526331917366704,1.526331917366704
G0,W0082F0002T0006Z000C1N15.png,8,0.11490485194281398,0.11490485194281398
G0,W0082F0002T0006Z000C1N15.png,9,0.48750000000000004,0.48750000000000004
G0,W0082F0002T0006Z000C1N15.png,10,0.978379559526874,0.978379559526874
G0,W0082F0002T0006Z000C1N15.png,11,0.5742944040298499,0.5742944040298499
G0,W0082F0002T0006Z000C1N15.png,12,0.08750892811593587,0.08750892811593587
G0,W0082F0002T0006Z000C1N15.png,13,0.16750116604071746,0.16750116604071746
G0,W0082F0002T0006Z000C1N15.png,14,0.09459160805298543,0.09459160805298543
G0,W0082F0002T0006Z000C1N15.png,15,0.057096679975264034,0.057096679975264034
G0,W0082F0002T0006Z000C1N15.png,16,0.08125,0.08125
G0,W0082F0002T0006Z000C1N15.png,17,0.3730155827844199,0.3730155827844199
G0,W0082F0001T0006Z000C1N58.png,1,1.8898267943121139,1.8898267943121139
G0,W0082F0001T0006Z000C1N58.png,2,0.5299283375954585,0.5299283375954585
G0,W0082F0001T0006Z000C1N58.png,3,2.880536483656034,2.880536483656034
G0,W0082F0001T0006Z000C1N58.png,4,7.276299282602386,7.276299282602386
G0,W0082F0001T0006Z000C1N58.png,5,0.04642857142857242,0.04642857142857242
G0,W0082F0001T0006Z000C1N58.png,6,4.934223596473918,4.934223596473918
G0,W0082F0001T0006Z000C1N58.png,7,5.749836954210093,5.749836954210093
G0,W0082F0001T0006Z000C1N58.png,8,3.0757176499965015,3.0757176499965015
G0,W0082F0001T0006Z000C1N58.png,9,4.918142433887006,5.558355197358298
G0,W0082F0001T0006Z000C1N58.png,10,1.0894942004651627,1.0894942004651627
G0,W0082F0001T0006Z000C1N58.png,11,4.73940690147805,4.73940690147805
G0,W0082F0001T0006Z000C1N58.png,12,0.11490485194281398,0.11490485194281398
G0,W0082F0001T0006Z000C1N58.png,13,2.447607315896605,2.447607315896605
G0,W0082F0001T0006Z000C1N58.png,14,4.406267730460781,11.979071919915166
G0,W0082F0001T0006Z000C1N58.png,15,6.9875,15.340550837567731
G0,W0082F0001T0006Z000C1N58.png,16,3.9219434754978306,10.127935531242288
G0,W0082F0001T0006Z000C1N58.png,17,7.228258650947681,17.61018130585259
G0,W0082F0001T0006Z000C1N58.png,18,5.66509435094439,16.717267839126766
G0,W0082F0001T0006Z000C1N58.png,19,5.689015832985456,11.917636401483275
G0,W0082F0001T0006Z000C1N58.png,20,8.494500876384022,13.471065958399715
G0,W0082F0001T0006Z000C1N59.png,1,0.028726212985703495,0.028726212985703495
G0,W0082F0001T0006Z000C1N59.png,2,0.26202337681970367,0.26202337681970367
G0,W0082F0001T0006Z000C1N59.png,3,0.07660323462854207,0.07660323462854207
G0,W0082F0001T0006Z000C1N59.png,4,0.9263925328930496,0.9263925328930496
G0,W0082F0001T0006Z000C1N59.png,5,0.0,0.0
G0,W0082F0001T0006Z000C1N59.png,6,0.65,0.65
G0,W0082F0001T0006Z000C1N59.png,7,0.43184967364234517,0.43184967364234517
G0,W0082F0001T0006Z000C1N59.png,8,0.3503872170514346,0.3503872170514346
G0,W0082F0001T0006Z000C1N59.png,9,0.11490485194281398,0.11490485194281398
G0,W0082F0001T0006Z000C1N59.png,10,0.10445895631164918,0.10445895631164918
G0,W0082F0001T0006Z000C1N59.png,11,0.0,0.0
G0,W0082F0001T0006Z000C1N59.png,12,0.032500000000000466,0.032500000000000466
G0,W0082F0001T0006Z000C1N59.png,13,0.06565991539589429,0.06565991539589429
G0,W0082F0001T0006Z000C1N59.png,14,0.325,0.325
G0,W0082F0001T0006Z000C1N59.png,15,0.0,0.0
G0,W0082F0001T0006Z000C1N59.png,16,0.10439817302930182,0.10439817302930182
G0,W0082F0001T0006Z000C1N59.png,17,0.0,0.0
G0,W0082F0001T0006Z000C1N59.png,18,0.0,0.0
G0,W0082F0001T0006Z000C1N59.png,19,0.11490485194281398,0.11490485194281398
G0,W0082F0001T0006Z000C1N59.png,20,0.0,0.0
G0,W0082F0001T0006Z000C1N59.png,21,0.11490485194281398,0.11490485194281398
G0,W0082F0001T0006Z000C1N59.png,22,0.11490485194281398,0.11490485194281398
G0,W0082F0001T0006Z000C1N59.png,23,0.046428571428571264,0.046428571428571264
G0,W0082F0001T0006Z000C1N59.png,24,0.11490485194281398,0.11490485194281398
G0,W0082F0001T0006Z000C1N59.png,25,0.11490485194281398,0.11490485194281398
G0,W0082F0001T0006Z000C1N59.png,26,1.6127664508539357,1.6127664508539357
G0,W0082F0001T0006Z000C1N59.png,27,0.05190872090624468,0.05190872090624468
G0,W0082F0001T0006Z000C1N59.png,28,0.046428571428571264,0.046428571428571264
G0,W0082F0001T0006Z000C1N59.png,29,0.16900255100115485,0.16900255100115485
G0,W0082F0001T0006Z000C1N59.png,30,0.13836376422315302,0.13836376422315302
G0,W0082F0001T0006Z000C1N59.png,31,2.1071111823352426,2.1071111823352426
G0,W0082F0001T0006Z000C1N59.png,32,0.08474963126763423,0.08474963126763423
G0,W0082F0001T0006Z000C1N59.png,33,0.07267220926874421,0.07267220926874421
G0,W0082F0001T0006Z000C1N59.png,34,0.08450127550057727,0.08450127550057727
G0,W0082F0001T0006Z000C1N59.png,35,0.029545454545455384,0.029545454545455384
G0,W0082F0001T0006Z000C1N59.png,36,1.2691655723348314,1.2691655723348314
G0,W0082F0001T0006Z000C1N59.png,37,1.129789359059854,1.129789359059854
G0,W0082F0001T0006Z000C1N59.png,38,0.05922060518202259,0.05922060518202259
G0,W0082F0001T0006Z000C1N59.png,39,0.0,0.0
G0,W0082F0001T0006Z000C1N59.png,40,1.5330219339591982,1.5330219339591982
G0,W0082F0001T0006Z000C1N59.png,41,1.65144497571445,1.65144497571445
G0,W0082F0001T0006Z000C1N59.png,42,0.04642857142857242,0.04642857142857242
G0,W0082F0001T0006Z000C1N59.png,43,0.036753163714241616,0.036753163714241616
G0,W0082F0001T0006Z000C1N59.png,44,0.9549035659753817,0.9549035659753817
G0,W0082F0001T0006Z000C1N59.png,45,0.07267220926874421,0.07267220926874421
G0,W0082F0001T0006Z000C1N59.png,46,0.0,0.0
G0,W0082F0001T0006Z000C1N59.png,47,1.644309107621268,1.762511774118474
G0,W0082F0001T0006Z000C1N59.png,48,0.9689627902499085,1.1928970920503665
G0,W0082F0001T0006Z000C1N59.png,49,0.07267220926874421,0.07267220926874421
G0,W0082F0001T0006Z000C1N59.png,50,0.040625,0.040625
G0,W0082F0001T0006Z000C1N59.png,51,0.11490485194281398,0.11490485194281398
G0,W0082F0001T0006Z000C1N59.png,52,0.05745242597140699,0.05745242597140699
G0,W0082F0001T0006Z000C1N59.png,53,0.022980970388562307,0.022980970388562307
G0,W0082F0001T0006Z000C1N59.png,54,0.03190498400775574,0.03190498400775574
G0,W0082F0001T0006Z000C1N59.png,55,0.04178358252466,0.04178358252466
G0,W0082F0001T0006Z000C1N59.png,56,0.06510023136254418,0.06510023136254418
G0,W0082F0001T0006Z000C1N59.png,57,0.11490485194281398,0.11490485194281398
G0,W0082F0001T0006Z000C1N59.png,58,0.08449999999999971,0.08449999999999971
G0,W0082F0001T0006Z000C1N59.png,59,0.041783582524660814,0.041783582524660814
G0,W0082F0001T0006Z000C1N59.png,60,1.0593703908454306,1.0593703908454306
G0,W0082F0001T0006Z000C1N59.png,61,1.6601030223054205,1.6601030223054205
G0,W0082F0001T0006Z000C1N59.png,62,0.09765034704381595,0.09765034704381595
G0,W0082F0001T0006Z000C1N59.png,63,0.06090951492389675,0.06090951492389675
G0,W0082F0001T0006Z000C1N59.png,64,1.3008288174256049,1.3008288174256049
G0,W0082F0001T0006Z000C1N59.png,65,1.5691981431610222,1.5691981431610222
G0,W0082F0001T0006Z000C1N59.png,66,2.254921315454019,2.254921315454019
G0,W0082F0003T0006Z000C1N12.png,1,2.692306747939395,2.692306747939395
G0,W0082F0003T0006Z000C1N12.png,2,1.1116710394716598,1.1116710394716598
G0,W0082F0003T0006Z000C1N12.png,3,1.9450213135480674,1.9450213135480674
G0,W0082F0003T0006Z000C1N12.png,4,3.079888278096391,3.079888278096391
G0,W0082F0003T0006Z000C1N12.png,5,0.9977235338509366,0.9977235338509366
G0,W0082F0003T0006Z000C1N12.png,6,0.09140625000000001,0.09140625000000001
G0,W0082F0003T0006Z000C1N12.png,7,0.8285906709588275,0.8285906709588275
G0,W0082F0003T0006Z000C1N12.png,8,0.11490485194281398,0.11490485194281398
G0,W0082F0003T0006Z000C1N12.png,9,0.0,0.0
G0,W0082F0003T0006Z000C1N12.png,10,1.792213896861809,1.792213896861809
G0,W0082F0003T0006Z000C1N12.png,11,0.3064129385141703,0.3064129385141703
G0,W0082F0003T0006Z000C1N12.png,12,0.07660323462854238,0.07660323462854238
G0,W0082F0003T0006Z000C1N12.png,13,0.1453444185374858,0.1453444185374858
G0,W0082F0003T0006Z000C1N12.png,14,0.7490879871550471,0.7490879871550471
G0,W0082F0003T0006Z000C1N12.png,15,0.907050266495972,0.907050266495972
G0,W0082F0003T0006Z000C1N12.png,16,0.1625,0.1625
G0,W0082F0003T0006Z000C1N12.png,17,1.4628209524370668,1.9091886729416994
G0,W0082F0003T0006Z000C1N12.png,18,0.08323199857278211,0.08323199857278211
G0,W0082F0003T0006Z000C1N12.png,19,0.06043645582546921,0.06043645582546921
G0,W0082F0003T0006Z000C1N12.png,20,0.08125,0.08125
G0,W0082F0003T0006Z000C1N12.png,21,0.8170575302954499,0.8170575302954499
G0,W0082F0003T0006Z000C1N12.png,22,3.8355680193747053,3.8355680193747053
G0,W0082F0003T0006Z000C1N12.png,23,0.06250637722566915,0.06250637722566915
G0,W0082F0003T0006Z000C1N12.png,24,0.07660323462854156,0.07660323462854156
G0,W0082F0003T0006Z000C1N12.png,25,0.5491382839852568,0.5491382839852568
G0,W0082F0003T0006Z000C1N12.png,26,0.6700046641628696,0.6700046641628696
G0,W0082F0003T0006Z000C1N12.png,27,0.08125,0.08125
G0,W0082F0003T0006Z000C1N12.png,28,0.9192388155425119,0.9192388155425119
G0,W0082F0003T0006Z000C1N12.png,29,2.005853996456882,2.005853996456882
G0,W0082F0003T0006Z000C1N12.png,30,0.5450415695155738,0.5450415695155738
G0,W0082F0003T0006Z000C1N12.png,31,3.585729099329356,3.585729099329356
G0,W0082F0003T0006Z000C1N12.png,32,1.0341964231883318,1.0341964231883318
G0,W0082F0003T0006Z000C1N12.png,33,0.19121323175973057,0.19121323175973057
G0,W0082F0003T0006Z000C1N12.png,34,0.11419335995052332,0.11419335995052332
G0,W0082F0003T0006Z000C1N12.png,35,0.044929495962429795,0.044929495962429795
G0,W0082F0003T0006Z000C1N12.png,36,0.9416625696403828,0.9416625696403828
G0,W0082F0003T0006Z000C1N12.png,37,3.802638886352477,3.802638886352477
G0,W0082F0002T0006Z000C1N14.png,1,0.07846177413237633,0.07846177413237633
G0,W0082F0002T0006Z000C1N14.png,2,0.09912048916552434,0.09912048916552434
G0,W0082F0002T0006Z000C1N14.png,3,0.059090909090908465,0.059090909090908465
G0,W0082F0002T0006Z000C1N14.png,4,0.0541666666666659,0.0541666666666659
G0,W0082F0002T0006Z000C1N14.png,5,0.09192388155425085,0.09192388155425085
G0,W0082F0002T0006Z000C1N14.png,6,0.0,0.0
G0,W0082F0002T0006Z000C1N14.png,7,0.11490485194281398,0.11490485194281398
G0,W0082F0002T0006Z000C1N14.png,8,0.11490485194281398,0.11490485194281398
G0,W0082F0002T0006Z000C1N14.png,9,0.07267220926874421,0.07267220926874421
G0,W0082F0002T0006Z000C1N14.png,10,0.08125,0.08125
G0,W0082F0002T0006Z000C1N14.png,11,0.05745242597140699,0.05745242597140699
G0,W0082F0002T0006Z000C1N14.png,12,0.0,0.0
G0,W0082F0002T0006Z000C1N14.png,13,0.020535131979321976,0.020535131979321976
G0,W0082F0002T0006Z000C1N14.png,14,0.02310360910906497,0.02310360910906497
G0,W0082F0002T0006Z000C1N14.png,15,0.11490485194281398,0.11490485194281398
G0,W0082F0002T0006Z000C1N14.png,16,0.0,0.0
G0,W0082F0002T0006Z000C1N14.png,17,0.08167062403612337,0.08167062403612337
G0,W0082F0002T0006Z000C1N14.png,18,0.05377353895491223,0.05377353895491223
G0,W0082F0002T0006Z000C1N14.png,19,0.0,0.0
G0,W0082F0002T0006Z000C1N14.png,20,0.11490485194281398,0.11490485194281398
G0,W0082F0002T0006Z000C1N14.png,21,0.0,0.0
G0,W0082F0002T0006Z000C1N14.png,22,0.08125,0.08125
G0,W0082F0002T0006Z000C1N14.png,23,0.0,0.0
G0,W0082F0002T0006Z000C1N14.png,24,0.08125,0.08125
G0,W0082F0002T0006Z000C1N14.png,25,0.08125,0.08125
G0,W0082F0002T0006Z000C1N14.png,26,0.0,0.0
G0,W0082F0002T0006Z000C1N14.png,27,0.07660323462854238,0.07660323462854238
G0,W0082F0002T0006Z000C1N14.png,28,0.08125,0.08125
G0,W0082F0002T0006Z000C1N14.png,29,0.047482569852701724,0.047482569852701724
G0,W0082F0002T0006Z000C1N14.png,30,0.029545454545455384,0.029545454545455384
G0,W0082F0002T0006Z000C1N14.png,31,0.0,0.0
G0,W0082F0002T0006Z000C1N14.png,32,0.0,0.0
G0,W0082F0002T0006Z000C1N14.png,33,0.11490485194281398,0.11490485194281398
G0,W0082F0002T0006Z000C1N14.png,34,0.0,0.0
G0,W0082F0002T0006Z000C1N14.png,35,0.07268339218937064,0.07268339218937064
G0,W0082F0002T0006Z000C1N14.png,36,0.07649706238815082,0.07649706238815082
G0,W0082F0002T0006Z000C1N14.png,37,0.03611111111111098,0.03611111111111098
G0,W0082F0002T0006Z000C1N14.png,38,0.0,0.0
G0,W0082F0002T0006Z000C1N14.png,39,0.06056017439061845,0.06056017439061845
G0,W0082F0002T0006Z000C1N14.png,40,0.051614865956961034,0.051614865956961034
G0,W0082F0002T0006Z000C1N14.png,41,0.08125,0.08125
G0,W0082F0002T0006Z000C1N14.png,42,0.0,0.0
G0,W0082F0002T0006Z000C1N14.png,43,0.07267220926874421,0.07267220926874421
G0,W0082F0002T0006Z000C1N14.png,44,0.0,0.0
G0,W0082F0002T0006Z000C1N14.png,45,0.023820306983609457,0.023820306983609457
G0,W0082F0002T0006Z000C1N14.png,46,0.0,0.0
G0,W0082F0002T0006Z000C1N14.png,47,0.0,0.0
G0,W0082F0002T0006Z000C1N14.png,48,0.06500000000000093,0.06500000000000093
G0,W0082F0002T0006Z000C1N14.png,49,0.09091572076680958,0.09091572076680958
G0,W0082F0002T0006Z000C1N14.png,50,0.08418415235276107,0.08418415235276107
G0,W0082F0002T0006Z000C1N14.png,51,0.0541666666666659,0.0541666666666659
G0,W0082F0002T0006Z000C1N14.png,52,0.04124212393887865,0.04124212393887865
G0,W0082F0002T0006Z000C1N14.png,53,0.11490485194281398,0.11490485194281398
G0,W0082F0002T0006Z000C1N14.png,54,0.0,0.0
G0,W0082F0002T0006Z000C1N14.png,55,0.11490485194281398,0.11490485194281398
G0,W0082F0002T0006Z000C1N14.png,56,0.0,0.0
G0,W0082F0002T0006Z000C1N14.png,57,0.06429400544220747,0.06429400544220747
G0,W0082F0002T0006Z000C1N14.png,58,0.0,0.0
G0,W0082F0002T0006Z000C1N14.png,59,0.060455308209102616,0.060455308209102616
G0,W0082F0002T0006Z000C1N14.png,60,0.11490485194281398,0.11490485194281398
G0,W0082F0002T0006Z000C1N14.png,61,0.053506284796788435,0.053506284796788435
G0,W0082F0002T0006Z000C1N14.png,62,0.0,0.0
G0,W0082F0002T0006Z000C1N14.png,63,1.2078680857196287,1.2078680857196287
G0,W0082F0002T0006Z000C1N14.png,64,0.08074689918749264,0.08074689918749264
G0,W0082F0002T0006Z000C1N14.png,65,0.0,0.0
G0,W0082F0002T0006Z000C1N14.png,66,0.02595436045312182,0.02595436045312182
G0,W0082F0002T0006Z000C1N14.png,67,0.5859020822628983,0.5859020822628983
G0,W0082F0002T0006Z000C1N14.png,68,0.9363599839438089,0.9363599839438089
G0,W0082F0002T0006Z000C1N14.png,69,0.06895352021571095,0.06895352021571095
G0,W0082F0002T0006Z000C1N14.png,70,0.041429533547941745,0.041429533547941745
G0,W0082F0002T0006Z000C1N14.png,71,0.0,0.0
G0,W0082F0002T0006Z000C1N14.png,72,0.0,0.0
G0,W0082F0002T0006Z000C1N14.png,73,0.0,0.0
G0,W0082F0002T0006Z000C1N14.png,74,0.325,0.325
G0,W0082F0003T0006Z000C1N1.png,1,1.5265489060295447,7.2876313238596255
G0,W0082F0003T0006Z000C1N1.png,2,0.08125,7.020018807845176
G0,W0082F0003T0006Z000C1N1.png,3,2.2310486603837223,3.136292098163052
G0,W0082F0003T0006Z000C1N1.png,4,0.07660323462854238,2.9693018492942445
G0,W0082F0003T0006Z000C1N1.png,5,1.7464403529035855,1.865603329019864
G0,W0082F0003T0006Z000C1N1.png,6,0.04642857142857242,1.8059461028864094
G0,W0082F0003T0006Z000C1N1.png,7,2.229272583153527,2.229272583153527
G0,W0082F0003T0006Z000C1N1.png,8,0.0,0.0
G0,W0082F0003T0006Z000C1N1.png,9,2.6356188657610486,2.6356188657610486
G0,W0082F0003T0006Z000C1N1.png,10,1.14904851942814,1.14904851942814
G0,W0082F0003T0006Z000C1N1.png,11,0.19443734261846,0.19443734261846
G0,W0082F0003T0006Z000C1N1.png,12,0.11490485194281398,0.11490485194281398
G0,W0082F0003T0006Z000C1N1.png,13,0.06135921783465994,0.06135921783465994
G0,W0082F0003T0006Z000C1N1.png,14,1.4189702472215546,1.4189702472215546
G0,W0082F0003T0006Z000C1N1.png,15,0.18168052317185793,5.993254671920759
G0,W0082F0003T0006Z000C1N1.png,16,0.5915089285040421,3.9845649464527497
G0,W0082F0003T0006Z000C1N1.png,17,0.11490485194281398,5.191105674613069
G0,W0082F0003T0006Z000C1N1.png,18,4.64141227855364,4.8184834406449255
G0,W0082F0003T0006Z000C1N1.png,19,0.9892833975282311,6.150496200765025
G0,W0082F0003T0006Z000C1N1.png,20,0.12828947368420957,0.12828947368420957
G0,W0082F0003T0006Z000C1N1.png,21,0.9490959925766203,1.075603936458491
G0,W0082F0003T0006Z000C1N1.png,22,0.24773992585305749,0.26011972866860916
G0,W0082F0003T0006Z000C1N1.png,23,0.26997525633030156,1.720090849893621
G0,W0082F0003T0006Z000C1N1.png,24,2.9033535447057703,5.111795319541745
G0,W0082F0003T0006Z000C1N1.png,25,5.913414966201848,5.951250525099747
G0,W0082F0003T0006Z000C1N1.png,26,3.8543684631856365,6.559044328253926
G0,W0082F0003T0006Z000C1N1.png,27,5.710747051944973,6.448992126745233
G0,W0082F0003T0006Z000C1N1.png,28,7.3125,10.238789601315187
G0,W0082F0003T0006Z000C1N1.png,29,0.08125,3.9008462623512865
G0,W0082F0003T0006Z000C1N1.png,30,5.5613236115604705,9.162536237991095
G0,W0082F0003T0006Z000C1N1.png,31,1.6127664508539357,5.616250139105273
G0,W0082F0002T0006Z000C1N114.png,1,0.0,0.0
G0,W0082F0002T0006Z000C1N114.png,2,3.6702108292118862,4.924137646191664
G0,W0082F0002T0006Z000C1N114.png,3,4.886438426203648,6.96354881585005
G0,W0082F0002T0006Z000C1N114.png,4,5.693068702378358,6.3823413611307265
G0,W0082F0002T0006Z000C1N114.png,5,0.05190872090624526,0.05190872090624526
G0,W0082F0002T0006Z000C1N114.png,6,4.122020953012687,7.366872720599974
G0,W0082F0002T0006Z000C1N114.png,7,2.44426145542984,5.6438053707139835
G0,W0082F0002T0006Z000C1N114.png,8,1.0050069962443047,1.3619981874070173
G0,W0082F0002T0006Z000C1N114.png,9,3.4125,6.6625000000000005
G0,W0082F0002T0006Z000C1N114.png,10,3.294509110289084,3.447264716812124
G0,W0082F0002T0006Z000C1N114.png,11,1.4715000849473303,2.21023895766951
G0,W0082F0002T0006Z000C1N114.png,12,3.3814059575862823,4.621975362331565
G0,W0082F0002T0006Z000C1N114.png,13,0.06770833333333272,0.06770833333333272
G0,W0082F0002T0006Z000C1N114.png,14,1.944847359049033,1.944847359049033
G0,W0082F0002T0006Z000C1N114.png,15,1.956759119053748,5.07926237262853
G0,W0082F0002T0006Z000C1N114.png,16,0.1625,1.8950593658247228
G0,W0082F0002T0006Z000C1N114.png,17,1.144027858264137,5.652652139577729
G0,W0082F0002T0006Z000C1N114.png,18,0.028676470588235338,0.028676470588235338
G0,W0082F0002T0006Z000C1N114.png,19,2.0912998723879848,2.0912998723879848
G0,W0082F0002T0006Z000C1N114.png,20,1.1375,6.873192944330896
G0,W0082F0002T0006Z000C1N114.png,21,0.18635801133845198,0.18635801133845198
G0,W0082F0002T0006Z000C1N114.png,22,0.08125,0.08125
G0,W0082F0002T0006Z000C1N114.png,23,0.7187296192762617,0.7187296192762617
G0,W0082F0002T0006Z000C1N114.png,24,0.27619689031961003,6.196818179965874
G0,W0082F0002T0006Z000C1N114.png,25,2.48709952806477,4.222655599560542
G0,W0082F0002T0006Z000C1N114.png,26,1.2819053202167465,1.2819053202167465
G0,W0082F0002T0006Z000C1N114.png,27,0.057096679975264034,6.601250378423924
G0,W0082F0002T0006Z000C1N114.png,28,0.04055465362687589,0.04055465362687589
G0,W0082F0002T0006Z000C1N114.png,29,0.7312500000000001,0.7312500000000001
G0,W0082F0002T0006Z000C1N114.png,30,1.2214553307427989,1.2214553307427989
G0,W0082F0002T0006Z000C1N114.png,31,0.6059106456064158,5.953966492698248
G0,W0082F0002T0006Z000C1N114.png,32,0.0,6.493903390873628
G0,W0082F0002T0006Z000C1N114.png,33,0.11490485194281398,0.11490485194281398
G0,W0082F0002T0006Z000C1N114.png,34,0.08125,7.020018807845176
G0,W0082F0002T0006Z000C1N114.png,35,0.08125,0.08125
G0,W0082F0002T0006Z000C1N114.png,36,0.028726212985703495,0.028726212985703495
G0,W0082F0002T0006Z000C1N114.png,37,0.1625,4.0134539364492525
G0,W0082F0002T0006Z000C1N114.png,38,0.1040507688582838,0.1040507688582838
G0,W0082F0002T0006Z000C1N114.png,39,0.22208278740778098,0.22208278740778098
G0,W0082F0002T0006Z000C1N114.png,40,3.454017366688789,3.454017366688789
G0,W0082F0002T0006Z000C1N114.png,41,0.8478424414686685,2.3931615537239073
G0,W0082F0002T0006Z000C1N114.png,42,0.9475296829123614,0.9475296829123614
G0,W0082F0002T0006Z000C1N114.png,43,0.031904984007755835,0.031904984007755835
G0,W0082F0002T0006Z000C1N114.png,44,0.04642857142857242,0.11607142857142759
G0,W0082F0002T0006Z000C1N114.png,45,0.22980970388562796,1.9768978223469214
G0,W0082F0002T0006Z000C1N114.png,46,1.336097395401997,3.4497508968040003
G0,W0082F0002T0006Z000C1N114.png,47,0.7267220926874317,2.842589048737084
G0,W0082F0002T0006Z000C1N114.png,48,0.07267220926874343,0.07267220926874343
G0,W0082F0002T0006Z000C1N114.png,49,2.5654936781251285,5.061685891331069
G0,W0082F0002T0006Z000C1N114.png,50,0.0,4.136574669941303
G0,W0082F0002T0006Z000C1N114.png,51,0.04642857142857242,0.04642857142857242
G0,W0082F0002T0006Z000C1N114.png,52,0.18168052317185793,4.178652032952732
G0,W0082F0002T0006Z000C1N114.png,53,2.3316846854200137,6.422120247412239
G0,W0082F0002T0006Z000C1N114.png,54,0.07660323462854361,1.8208381006802592
G0,W0082F0002T0006Z000C1N114.png,55,0.1625,2.4157361714392573
G0,W0082F0002T0006Z000C1N114.png,56,1.4304596895646493,2.0197762681716496
G0,W0082F0002T0006Z000C1N114.png,57,2.438176989320094,7.281060888102091
G0,W0082F0002T0006Z000C1N114.png,58,0.08125,0.08125
G0,W0082F0002T0006Z000C1N100.png,1,0.08125,3.713578336658593
G0,W0082F0002T0006Z000C1N100.png,2,1.5458866792232864,2.158866166532794
G0,W0082F0002T0006Z000C1N100.png,3,0.11607142857142874,0.11607142857142874
G0,W0082F0002T0006Z000C1N100.png,4,1.261339194071127,1.261339194071127
G0,W0082F0002T0006Z000C1N100.png,5,0.0726722092687429,0.0726722092687429
G0,W0082F0002T0006Z000C1N100.png,6,0.8734112560656766,1.4942540409478198
G0,W0082F0002T0006Z000C1N100.png,7,0.18168052317185793,0.89375
G0,W0082F0002T0006Z000C1N100.png,8,0.2522678388142253,0.2522678388142253
G0,W0082F0002T0006Z000C1N100.png,9,1.7501785623187138,2.7625
G0,W0082F0002T0006Z000C1N100.png,10,0.18168052317185793,0.18168052317185793
G0,W0082F0002T0006Z000C1N100.png,11,0.9475296829123614,1.9835652875567267
G0,W0082F0002T0006Z000C1N100.png,12,1.3101168840985142,4.0754792662949475
G0,W0082F0002T0006Z000C1N100.png,13,1.5628749550107968,3.80576248930487
G0,W0082F0002T0006Z000C1N100.png,14,0.08125,0.08125
G0,W0082F0002T0006Z000C1N100.png,15,2.153508220613518,2.153508220613518
G0,W0082F0002T0006Z000C1N100.png,16,0.5016817420561566,1.8242841596945636
G0,W0082F0002T0006Z000C1N100.png,17,1.4537595687322422,2.648806769159884
G0,W0082F0002T0006Z000C1N100.png,18,0.758720139445368,1.4964123763187747
G0,W0082F0002T0006Z000C1N100.png,19,1.355946998666262,3.146221821246265
G0,W0082F0002T0006Z000C1N100.png,20,0.15320646925708475,2.385794184100735
G0,W0082F0002T0006Z000C1N100.png,21,2.070675086173589,3.0689791156832595
G0,W0082F0002T0006Z000C1N100.png,22,0.09357977743560865,0.09357977743560865
G0,W0082F0002T0006Z000C1N100.png,23,1.4062053482350865,1.4062053482350865
G0,W0082F0002T0006Z000C1N100.png,24,0.11490485194281398,0.11490485194281398
G0,W0082F0002T0006Z000C1N100.png,25,0.04642857142857242,0.04642857142857242
G0,W0082F0002T0006Z000C1N100.png,26,0.028726212985703495,0.028726212985703495
G0,W0082F0002T0006Z000C1N100.png,27,0.08125,0.08125
G0,W0082F0002T0006Z000C1N100.png,28,1.752364919901104,2.1042965718976023
G0,W0082F0002T0006Z000C1N100.png,29,0.43754464057967846,0.43754464057967846
G0,W0082F0002T0006Z000C1N100.png,30,3.599439192429843,3.599439192429843
G0,W0082F0002T0006Z000C1N100.png,31,0.032500000000000466,0.032500000000000466
G0,W0082F0002T0006Z000C1N100.png,32,0.2055480479109454,0.2055480479109454
G0,W0082F0002T0006Z000C1N100.png,33,0.041783582524660814,0.041783582524660814
G0,W0082F0002T0006Z000C1N100.png,34,4.470319326716214,4.470319326716214
G0,W0082F0002T0006Z000C1N100.png,35,2.8795073363337695,2.8795073363337695
G0,W0082F0002T0006Z000C1N100.png,36,2.646555839671629,2.646555839671629
G0,W0082F0002T0006Z000C1N100.png,37,0.09357977743560865,0.09357977743560865
G0,W0082F0002T0006Z000C1N100.png,38,3.58974233058586,3.58974233058586
G0,W0082F0002T0006Z000C1N100.png,39,1.6727137629148114,2.5196054598991715
G0,W0082F0002T0006Z000C1N100.png,40,1.390775974950675,2.3280641770578403
G0,W0082F0002T0006Z000C1N100.png,41,4.6216330300738315,5.716692348738382
G0,W0082F0002T0006Z000C1N100.png,42,4.7167007139524975,6.141769136413384
G0,W0082F0002T0006Z000C1N100.png,43,6.35323567291699,7.2025501397508505
G0,W0082F0002T0006Z000C1N100.png,44,6.711859839120599,7.370051305791569
G0,W0082F0002T0006Z000C1N100.png,45,7.757023027553806,7.841406522429506
G0,W0082F0002T0006Z000C1N100.png,46,7.039635123613374,7.431944996002803
G0,W0082F0003T0006Z000C1N10.png,1,4.177862042959293,4.177862042959293
G0,W0082F0003T0006Z000C1N10.png,2,0.1625,0.1625
G0,W0082F0003T0006Z000C1N10.png,3,0.0766032346285432,0.0766032346285432
G0,W0082F0003T0006Z000C1N10.png,4,0.07905694150420921,0.07905694150420921
G0,W0082F0003T0006Z000C1N10.png,5,0.08125,0.08125
G0,W0082F0003T0006Z000C1N10.png,6,0.2148078424302755,0.2148078424302755
G0,W0082F0003T0006Z000C1N10.png,7,0.0,0.0
G0,W0082F0003T0006Z000C1N10.png,8,0.0751652984061209,0.0751652984061209
G0,W0082F0003T0006Z000C1N10.png,9,0.05709667997526293,0.05709667997526293
G0,W0082F0003T0006Z000C1N10.png,10,0.07267220926874317,0.07267220926874317
G0,W0082F0003T0006Z000C1N10.png,11,0.029017857142857244,0.029017857142857244
G0,W0082F0003T0006Z000C1N10.png,12,0.0,0.0
G0,W0082F0003T0006Z000C1N10.png,13,0.0595507674590235,0.0595507674590235
G0,W0082F0003T0006Z000C1N10.png,14,0.07660323462854238,0.07660323462854238
G0,W0082F0003T0006Z000C1N10.png,15,0.07267220926874421,0.07267220926874421
G0,W0082F0003T0006Z000C1N10.png,16,0.0383016173142716,0.0383016173142716
G0,W0082F0003T0006Z000C1N10.png,17,0.05922060518202259,0.05922060518202259
G0,W0082F0003T0006Z000C1N10.png,18,0.08125,0.08125
G0,W0082F0003T0006Z000C1N10.png,19,0.07267220926874317,0.07267220926874317
G0,W0082F0003T0006Z000C1N10.png,20,0.08370029746612852,0.08370029746612852
G0,W0082F0003T0006Z000C1N10.png,21,0.08125,0.08125
G0,W0082F0003T0006Z000C1N10.png,22,0.046428571428571264,0.046428571428571264
G0,W0082F0003T0006Z000C1N10.png,23,0.0,0.0
G0,W0082F0003T0006Z000C1N10.png,24,0.09530789723773632,0.09530789723773632
G0,W0082F0003T0006Z000C1N10.png,25,0.07660323462854156,0.07660323462854156
G0,W0082F0003T0006Z000C1N10.png,26,0.06090951492389675,0.06090951492389675
G0,W0082F0003T0006Z000C1N10.png,27,0.08323199857278313,0.08323199857278313
G0,W0082F0003T0006Z000C1N10.png,28,0.07660323462854156,0.07660323462854156
G0,W0082F0003T0006Z000C1N10.png,29,0.0,0.0
G0,W0082F0003T0006Z000C1N10.png,30,0.06532419153728669,0.06532419153728669
G0,W0082F0003T0006Z000C1N10.png,31,0.028726212985703495,0.028726212985703495
G0,W0082F0003T0006Z000C1N10.png,32,0.11490485194281398,0.11490485194281398
G0,W0082F0003T0006Z000C1N10.png,33,0.07660323462854156,0.07660323462854156
G0,W0082F0003T0006Z000C1N10.png,34,0.07323776028286229,0.07323776028286229
G0,W0082F0003T0006Z000C1N10.png,35,0.08750892811593587,0.08750892811593587
G0,W0082F0003T0006Z000C1N10.png,36,0.028726212985703495,0.028726212985703495
G0,W0082F0003T0006Z000C1N10.png,37,0.10335228530841527,0.10335228530841527
G0,W0082F0003T0006Z000C1N10.png,38,0.11490485194281398,0.11490485194281398
G0,W0082F0003T0006Z000C1N10.png,39,0.0,0.0
G0,W0082F0003T0006Z000C1N10.png,40,0.036336104634371584,0.036336104634371584
G0,W0082F0003T0006Z000C1N10.png,41,1.2078680857196287,1.2078680857196287
G0,W0082F0003T0006Z000C1N10.png,42,1.5330219339591982,1.5330219339591982
G0,W0082F0003T0006Z000C1N10.png,43,0.8636993472846903,0.8636993472846903
G0,W0082F0003T0006Z000C1N10.png,44,0.57452425971407,0.57452425971407
G0,W0082F0003T0006Z000C1N10.png,45,2.252968720500921,2.252968720500921
G0,W0082F0003T0006Z000C1N10.png,46,2.1038886986364087,2.264092153877576
G0,W0082F0001T0006Z000C1N66.png,1,0.10982765679705132,0.10982765679705132
G0,W0082F0001T0006Z000C1N66.png,2,0.0,0.0
G0,W0082F0001T0006Z000C1N66.png,3,0.07660323462854217,0.07660323462854217
G0,W0082F0001T0006Z000C1N66.png,4,0.897435582646465,0.9263925328930496
G0,W0082F0001T0006Z000C1N66.png,5,0.07660323462854299,0.07660323462854299
G0,W0082F0001T0006Z000C1N66.png,6,0.16900255100115485,0.16900255100115485
G0,W0082F0001T0006Z000C1N66.png,7,0.06936717923885562,0.06936717923885562
G0,W0082F0001T0006Z000C1N66.png,8,0.040625,0.040625
G0,W0082F0001T0006Z000C1N66.png,9,0.978379559526874,0.978379559526874
G0,W0082F0001T0006Z000C1N66.png,10,0.06090951492389731,0.06090951492389731
G0,W0082F0001T0006Z000C1N66.png,11,2.042772872089417,2.042772872089417
G0,W0082F0001T0006Z000C1N66.png,12,1.3370134329684265,1.3370134329684265
G0,W0082F0001T0006Z000C1N66.png,13,0.2569350598886809,0.2569350598886809
G0,W0082F0001T0006Z000C1N66.png,14,2.8080075231380697,2.8080075231380697
G0,W0082F0001T0006Z000C1N66.png,15,0.0976503470438166,0.0976503470438166
G0,W0082F0001T0006Z000C1N66.png,16,0.08125,0.08125
G0,W0082F0001T0006Z000C1N66.png,17,0.08125,0.08125
G0,W0082F0001T0006Z000C1N66.png,18,4.855074092580303,4.855074092580303
G0,W0082F0001T0006Z000C1N66.png,19,0.0540728715025005,0.0540728715025005
G0,W0082F0001T0006Z000C1N66.png,20,0.34604191751947583,0.34604191751947583
G0,W0082F0001T0006Z000C1N66.png,21,0.028726212985703495,0.028726212985703495
G0,W0082F0001T0006Z000C1N66.png,22,3.8216242439890524,3.8216242439890524
G0,W0082F0001T0006Z000C1N66.png,23,0.08125,0.08125
G0,W0082F0001T0006Z000C1N66.png,24,5.870277357161243,6.099705423215124
G0,W0082F0001T0006Z000C1N66.png,25,0.15910714202897433,0.15910714202897433
G0,W0082F0001T0006Z000C1N66.png,26,2.500088377344139,2.6637270683257417
G0,W0082F0001T0006Z000C1N66.png,27,0.2569350598886809,0.2569350598886809
G0,W0082F0001T0006Z000C1N66.png,28,0.11607142857142874,0.11607142857142874
G0,W0082F0001T0006Z000C1N66.png,29,0.0,0.0
G0,W0082F0001T0006Z000C1N66.png,30,0.138098445159804,0.138098445159804
G0,W0082F0001T0006Z000C1N66.png,31,0.6942003043070494,0.6942003043070494
G0,W0082F0001T0006Z000C1N66.png,32,0.08125,0.08125
G0,W0082F0001T0006Z000C1N66.png,33,0.43670562803283763,0.43670562803283763
G0,W0082F0001T0006Z000C1N66.png,34,0.05709667997526166,0.05709667997526166
G0,W0082F0001T0006Z000C1N66.png,35,0.08125,0.08125
G0,W0082F0001T0006Z000C1N66.png,36,1.9931272538400557,2.1840386901334874
G0,W0082F0001T0006Z000C1N66.png,37,1.3325990816821092,1.5691981431610222
G0,W0082F0001T0006Z000C1N66.png,38,0.08125,0.08125
G0,W0082F0001T0006Z000C1N66.png,39,1.2375631297028853,1.8168052317185792
G0,W0082F0001T0006Z000C1N66.png,40,0.742320358378247,2.63737661769299
G0,W0082F0001T0006Z000C1N66.png,41,0.2233348880542892,0.2233348880542892
G0,W0082F0001T0006Z000C1N66.png,42,1.3978778558944271,1.5603385049405147
G0,W0082F0001T0006Z000C1N66.png,43,0.08125,0.08125
G0,W0082F0001T0006Z000C1N66.png,44,0.017105263157895224,0.017105263157895224
G0,W0082F0001T0006Z000C1N66.png,45,0.30133895502627345,0.30133895502627345
G0,W0082F0001T0006Z000C1N66.png,46,0.12562344526401165,0.12562344526401165
G0,W0082F0001T0006Z000C1N66.png,47,0.24224069756247896,0.24224069756247896
G0,W0082F0001T0006Z000C1N66.png,48,2.0100139924886093,2.055480479109447
G0,W0082F0001T0006Z000C1N66.png,49,2.378558189849473,2.378558189849473
G0,W0082F0001T0006Z000C1N72.png,1,0.18168052317185793,5.5968217822707205
G0,W0082F0001T0006Z000C1N72.png,2,8.044798612906492,8.233511511229917
G0,W0082F0001T0006Z000C1N72.png,3,5.662036251551987,5.89956816333949
G0,W0082F0001T0006Z000C1N72.png,4,3.4400098160793404,3.628054867012839
G0,W0082F0001T0006Z000C1N72.png,5,0.10083064225876079,0.10083064225876079
G0,W0082F0001T0006Z000C1N72.png,6,0.6345827861674157,1.1287610741427967
G0,W0082F0001T0006Z000C1N72.png,7,0.5450415695155738,4.043769319892024
G0,W0082F0001T0006Z000C1N72.png,8,0.11490485194281398,0.11490485194281398
G0,W0082F0001T0006Z000C1N72.png,9,0.9722718241315028,0.9722718241315028
G0,W0082F0001T0006Z000C1N72.png,10,0.01816805231718476,0.01816805231718476
G0,W0082F0001T0006Z000C1N72.png,11,1.2691655723348314,3.3460797958207755
G0,W0082F0001T0006Z000C1N72.png,12,3.563903232412463,3.563903232412463
G0,W0082F0001T0006Z000C1N72.png,13,2.018107172238873,2.5320301533613048
G0,W0082F0001T0006Z000C1N72.png,14,0.7803807664371284,1.554934810731627
G0,W0082F0001T0006Z000C1N72.png,15,0.15718386422099498,0.15718386422099498
G0,W0082F0001T0006Z000C1N72.png,16,1.6730398979103878,1.6965498076979646
G0,W0082F0001T0006Z000C1N72.png,17,1.2375631297028853,1.2375631297028853
G0,W0082F0001T0006Z000C1N72.png,18,0.11490485194281398,0.11490485194281398
G0,W0082F0001T0006Z000C1N72.png,19,0.08125,0.08125
G0,W0082F0001T0006Z000C1N72.png,20,0.08125,0.08125
G0,W0082F0001T0006Z000C1N72.png,21,0.06090951492389675,0.06090951492389675
G0,W0082F0001T0006Z000C1N72.png,22,0.08125,0.08125
G0,W0082F0001T0006Z000C1N72.png,23,0.07660323462854156,0.07660323462854156
G0,W0082F0001T0006Z000C1N72.png,24,0.08043339635996848,0.08043339635996848
G0,W0082F0001T0006Z000C1N72.png,25,1.8754499460129561,4.365779569561432
G0,W0082F0001T0006Z000C1N72.png,26,0.6894291116568838,2.3660357140161685
G0,W0082F0001T0006Z000C1N72.png,27,0.06770833333333272,0.06770833333333272
G0,W0082F0001T0006Z000C1N72.png,28,0.03830161731427242,0.03830161731427242
G0,W0082F0001T0006Z000C1N72.png,29,1.0336224256843254,1.0336224256843254
G0,W0082F0001T0006Z000C1N72.png,30,1.7410714285714288,2.1228064909358046
G0,W0082F0001T0006Z000C1N72.png,31,0.2133919190389159,0.2133919190389159
G0,W0082F0001T0006Z000C1N72.png,32,0.040625,0.040625
G0,W0082F0001T0006Z000C1N72.png,33,0.07267220926874421,0.07267220926874421
G0,W0082F0001T0006Z000C1N72.png,34,0.08125,0.08125
G0,W0082F0001T0006Z000C1N72.png,35,0.08125,0.08125
G0,W0082F0001T0006Z000C1N72.png,36,1.54375,1.54375
G0,W0082F0001T0006Z000C1N72.png,37,0.48750000000000004,0.65
G0,W0082F0001T0006Z000C1N72.png,38,0.49422445558673034,0.6942003043070494
G0,W0082F0001T0006Z000C1N72.png,39,1.016116879158459,1.0565851544392029
G0,W0082F0003T0006Z000C1N39.png,1,3.1192347328916354,3.1192347328916354
G0,W0082F0003T0006Z000C1N39.png,2,1.3226541734331012,1.3226541734331012
G0,W0082F0003T0006Z000C1N39.png,3,1.1559628021696895,1.1559628021696895
G0,W0082F0003T0006Z000C1N39.png,4,0.036336104634372104,0.036336104634372104
G0,W0082F0003T0006Z000C1N39.png,5,1.8330835530602527,1.8330835530602527
G0,W0082F0003T0006Z000C1N39.png,6,0.13313900559073083,0.13313900559073083
G0,W0082F0003T0006Z000C1N39.png,7,0.11490485194281398,0.11490485194281398
G0,W0082F0003T0006Z000C1N39.png,8,1.0900831390311476,1.0900831390311476
G0,W0082F0003T0006Z000C1N39.png,9,2.1862139076494778,2.1862139076494778
G0,W0082F0003T0006Z000C1N39.png,10,1.1830178570080843,1.4625000000000001
G0,W0082F0003T0006Z000C1N39.png,11,1.6332058437701595,1.6332058437701595
G0,W0082F0003T0006Z000C1N39.png,12,0.09459160805298543,0.09459160805298543
G0,W0082F0003T0006Z000C1N39.png,13,0.7062469272302867,0.7062469272302867
G0,W0082F0003T0006Z000C1N39.png,14,2.4576748411862788,2.4576748411862788
G0,W0082F0003T0006Z000C1N39.png,15,0.08125,0.08125
G0,W0082F0003T0006Z000C1N39.png,16,0.9475296829123614,0.9475296829123614
G0,W0082F0003T0006Z000C1N39.png,17,0.08750892811593565,0.08750892811593565
G0,W0082F0003T0006Z000C1N39.png,18,2.626452243786072,2.626452243786072
G0,W0082F0003T0006Z000C1N39.png,19,0.10216223643354155,0.10216223643354155
G0,W0082F0003T0006Z000C1N39.png,20,1.1403980938689786,1.1403980938689786
G0,W0082F0003T0006Z000C1N39.png,21,1.105119478834755,1.105119478834755
G0,W0082F0003T0006Z000C1N39.png,22,3.8692492105219847,3.8692492105219847
G0,W0082F0001T0006Z000C1N56.png,1,9.931868600061566,
G0,W0082F0001T0006Z000C1N56.png,2,14.017979874633326,
G0,W0082F0001T0006Z000C1N56.png,3,12.354275575686337,
G0,W0082F0001T0006Z000C1N56.png,4,15.671400548096805,
G0,W0082F0001T0006Z000C1N56.png,5,8.437700093475215,
G0,W0082F0001T0006Z000C1N56.png,6,9.847352515397223,
G0,W0082F0001T0006Z000C1N56.png,7,10.653412607434314,
G0,W0082F0001T0006Z000C1N56.png,8,9.28988495623062,
G0,W0082F0001T0006Z000C1N56.png,9,2.0686862716770276,
G0,W0082F0001T0006Z000C1N56.png,10,4.177862042959293,
G0,W0082F0001T0006Z000C1N56.png,11,1.6331047884321446,
G0,W0082F0001T0006Z000C1N56.png,12,6.672945713850818,
G0,W0082F0001T0006Z000C1N56.png,13,9.690813463606641,
G0,W0082F0001T0006Z000C1N56.png,14,6.859225115421407,
G0,W0082F0001T0006Z000C1N56.png,15,7.639013761605619,
G0,W0082F0003T0006Z000C1N35.png,1,0.06090951492389731,0.06090951492389731
G0,W0082F0003T0006Z000C1N35.png,2,0.0,3.0917733584465728
G0,W0082F0003T0006Z000C1N35.png,3,1.0900831390311476,2.459071216943503
G0,W0082F0003T0006Z000C1N35.png,4,2.634196454317249,2.7827963773297357
G0,W0082F0003T0006Z000C1N35.png,5,0.6544983235697059,2.721841314053574
G0,W0082F0003T0006Z000C1N35.png,6,2.1093726851839154,3.9887047553059127
G0,W0082F0003T0006Z000C1N35.png,7,1.5522790704316025,1.8968003486134224
G0,W0082F0003T0006Z000C1N35.png,8,2.410697876381395,3.990056342590093
G0,W0082F0003T0006Z000C1N35.png,9,0.06628725367670592,0.06628725367670592
G0,W0082F0003T0006Z000C1N35.png,10,1.3025365877778636,3.4173328872821274
G0,W0082F0003T0006Z000C1N35.png,11,2.3095589405771833,2.8932302448992893
G0,W0082F0003T0006Z000C1N35.png,12,1.3788582233137676,3.104558140863205
G0,W0082F0003T0006Z000C1N35.png,13,0.028726212985703495,0.028726212985703495
G0,W0082F0003T0006Z000C1N35.png,14,0.07660323462854238,0.07660323462854238
G0,W0082F0003T0006Z000C1N35.png,15,2.3832548988185005,5.148947033858401
G0,W0082F0003T0006Z000C1N35.png,16,0.08375058302035873,0.08375058302035873
G0,W0082F0003T0006Z000C1N35.png,17,0.36336104634371585,0.36336104634371585
G0,W0082F0003T0006Z000C1N35.png,18,1.3157734476820089,3.8387938067347407
G0,W0082F0003T0006Z000C1N35.png,19,2.0570856964404767,3.8428759168752773
G0,W0082F0003T0006Z000C1N35.png,20,2.4726211253630916,3.238788058322849
G0,W0082F0003T0006Z000C1N35.png,21,1.0305911194821902,1.0305911194821902
G0,W0082F0003T0006Z000C1N35.png,22,2.5239864921389734,2.5239864921389734
G0,W0082F0003T0006Z000C1N35.png,23,1.7137741052056634,1.7137741052056634
G0,W0082F0002T0006Z000C1N119.png,1,6.50203093271633,9.785144991260989
G0,W0082F0002T0006Z000C1N119.png,2,5.870277357161245,9.239379037576064
G0,W0082F0002T0006Z000C1N119.png,3,6.9030231432050835,7.030003361707945
G0,W0082F0002T0006Z000C1N119.png,4,4.906215167073801,9.555169269334009
G0,W0082F0002T0006Z000C1N119.png,5,3.104558140863205,11.428268132136207
G0,W0082F0002T0006Z000C1N119.png,6,4.63617722626696,4.63617722626696
G0,W0082F0002T0006Z000C1N119.png,7,3.5016349855908815,3.5016349855908815
G0,W0082F0002T0006Z000C1N119.png,8,0.07711590034990712,0.07711590034990712
G0,W0082F0002T0006Z000C1N119.png,9,5.164969899476666,14.07408550537121
G0,W0082F0002T0006Z000C1N119.png,10,2.099577824424788,2.099577824424788
G0,W0082F0002T0006Z000C1N119.png,11,1.8968003486134224,2.66148014505087
G0,W0082F0002T0006Z000C1N119.png,12,4.949252232029602,4.949252232029602
G0,W0082F0002T0006Z000C1N119.png,13,2.0516228332712623,3.6726438024943286
G0,W0082F0002T0006Z000C1N119.png,14,0.06589659407823058,0.06589659407823058
G0,W0082F0002T0006Z000C1N119.png,15,0.18168052317185793,1.482673366760191
G0,W0082F0002T0006Z000C1N119.png,16,1.3323238365936239,1.3323238365936239
G0,W0082F0002T0006Z000C1N119.png,17,4.831472342878515,7.842203532808876
G0,W0082F0002T0006Z000C1N119.png,18,2.4239205071536487,2.4239205071536487
G0,W0082F0002T0006Z000C1N119.png,19,4.222562577656159,9.753561493401044
G0,W0082F0002T0006Z000C1N119.png,20,2.726721431614348,7.693585624767232
G0,W0082F0002T0006Z000C1N119.png,21,1.4151916340591864,7.937884286410608
G0,W0082F0002T0006Z000C1N119.png,22,0.44176492617680807,9.225592799381513
G0,W0082F0002T0006Z000C1N119.png,23,5.401750295043265,13.560719929266293
G0,W0082F0002T0006Z000C1N119.png,24,0.8343051570952388,13.842724411736056
G0,W0082F0002T0006Z000C1N119.png,25,7.196828538712381,15.850159120356645
G0,W0082F0002T0006Z000C1N133.png,1,10.164371752597404,
G0,W0082F0002T0006Z000C1N133.png,2,5.365576768857194,
G0,W0082F0002T0006Z000C1N133.png,3,3.862580905301532,
G0,W0082F0002T0006Z000C1N133.png,4,4.656128354115681,
G0,W0082F0002T0006Z000C1N133.png,5,9.30658369112963,
G0,W0082F0002T0006Z000C1N133.png,6,8.338368530890467,
G0,W0082F0002T0006Z000C1N133.png,7,14.503894168277375,
G0,W0082F0002T0006Z000C1N133.png,8,15.245799882672605,
G0,W0082F0002T0006Z000C1N19.png,1,2.0682873349706514,2.21023895766951
G0,W0082F0002T0006Z000C1N19.png,2,1.1674193877349754,1.1674193877349754
G0,W0082F0002T0006Z000C1N19.png,3,0.08125,0.08125
G0,W0082F0002T0006Z000C1N19.png,4,3.3855249982667224,3.6459035707520058
G0,W0082F0002T0006Z000C1N19.png,5,1.9704172008263885,2.302581134903285
G0,W0082F0002T0006Z000C1N19.png,6,0.0676806916365963,0.0676806916365963
G0,W0082F0002T0006Z000C1N19.png,7,1.3025365877778636,1.3226541734331012
G0,W0082F0002T0006Z000C1N19.png,8,0.1098276567970509,0.1098276567970509
G0,W0082F0002T0006Z000C1N19.png,9,3.398331846129768,3.398331846129768
G0,W0082F0002T0006Z000C1N19.png,10,2.1327157716160867,2.1327157716160867
G0,W0082F0002T0006Z000C1N19.png,11,3.3918503681254992,3.3918503681254992
G0,W0082F0002T0006Z000C1N19.png,12,0.0514106002332709,0.0514106002332709
G0,W0082F0002T0006Z000C1N19.png,13,2.370782902811986,2.370782902811986
G0,W0082F0002T0006Z000C1N19.png,14,0.0,0.0
G0,W0082F0002T0006Z000C1N19.png,15,0.08125,0.08125
G0,W0082F0002T0006Z000C1N19.png,16,0.025534411542848273,0.025534411542848273
G0,W0082F0002T0006Z000C1N19.png,17,0.08838834764831895,0.08838834764831895
G0,W0082F0002T0006Z000C1N19.png,18,1.2078680857196287,1.2078680857196287
G0,W0082F0002T0006Z000C1N19.png,19,3.7879372770105517,4.0176726156301354
G0,W0082F0002T0006Z000C1N19.png,20,0.08370029746612916,0.08370029746612916
G0,W0082F0002T0006Z000C1N19.png,21,0.08125000000000046,0.08125000000000046
G0,W0082F0002T0006Z000C1N19.png,22,3.2903742188389455,3.2903742188389455
G0,W0082F0002T0006Z000C1N19.png,23,1.65231844691028,1.829660146038056
G0,W0082F0002T0006Z000C1N19.png,24,0.11490485194281398,0.11490485194281398
G0,W0082F0002T0006Z000C1N19.png,25,3.288327129788033,3.5142480081092744
G0,W0082F0002T0006Z000C1N19.png,26,0.08375058302035873,0.08375058302035873
G0,W0082F0002T0006Z000C1N19.png,27,0.08125,0.08125
G0,W0082F0002T0006Z000C1N19.png,28,0.15320646925708395,0.15320646925708395
G0,W0082F0002T0006Z000C1N19.png,29,0.057096679975264034,0.057096679975264034
G0,W0082F0002T0006Z000C1N19.png,30,0.1625,0.325
G0,W0082F0002T0006Z000C1N19.png,31,1.5416772680519502,1.7940089234945644
G0,W0082F0003T0006Z000C1N23.png,1,5.116169984715129,12.307430745793372
G0,W0082F0003T0006Z000C1N23.png,2,3.7055701315721983,4.110960958218894
G0,W0082F0003T0006Z000C1N23.png,3,3.2448048755750403,3.2448048755750403
G0,W0082F0003T0006Z000C1N23.png,4,4.1526023702387524,4.1526023702387524
G0,W0082F0003T0006Z000C1N23.png,5,1.7214862058536637,1.7214862058536637
G0,W0082F0003T0006Z000C1N23.png,6,1.6451871094194728,7.2426525268716295
G0,W0082F0003T0006Z000C1N23.png,7,6.552958243014668,8.233577981506643
G0,W0082F0003T0006Z000C1N23.png,8,0.08125,8.88007117440508
G0,W0082F0003T0006Z000C1N23.png,9,5.449338963478864,5.4943800201256145
G0,W0082F0003T0006Z000C1N23.png,10,3.403977452921803,3.6898594146660932
G0,W0082F0003T0006Z000C1N23.png,11,2.642944617278236,11.147624466674502
G0,W0082F0003T0006Z000C1N23.png,12,2.4563314235868092,10.48281189912802
G0,W0082F0003T0006Z000C1N23.png,13,1.649695165970065,3.203198169895987
G0,W0082F0003T0006Z000C1N23.png,14,2.0377396331474738,8.951154342457738
G0,W0082F0003T0006Z000C1N23.png,15,0.7126096406869619,4.135592460579257
G0,W0082F0003T0006Z000C1N23.png,16,1.4739350623081175,6.652020514776871
G0,W0082F0003T0006Z000C1N23.png,17,1.3400093283257397,7.706338705896594
G0,W0082F0003T0006Z000C1N23.png,18,1.7216566331588887,10.457288501925344
G0,W0082F0003T0006Z000C1N23.png,19,0.26631912830131665,6.5303141258782205
G0,W0082F0003T0006Z000C1N23.png,20,1.1996418736439638,6.755975364445907
G0,W0082F0003T0006Z000C1N23.png,21,2.2937840596926296,11.893901076286955
G0,W0082F0003T0006Z000C1N23.png,22,1.79487116529293,13.444358714717486
G0,W0082F0003T0006Z000C1N23.png,23,2.2853142306502403,10.263944639869825
G0,W0082F0003T0006Z000C1N23.png,24,1.105119478834755,11.056271198396862
G0,W0082F0003T0006Z000C1N23.png,25,3.0530978120590895,14.865863790913732
G0,W0082F0001T0006Z000C1N40.png,1,0.08125,0.08125
G0,W0082F0001T0006Z000C1N40.png,2,0.08125,0.08125
G0,W0082F0001T0006Z000C1N40.png,3,1.5773571426774453,1.637590116265022
G0,W0082F0001T0006Z000C1N40.png,4,0.08125,0.08125
G0,W0082F0001T0006Z000C1N40.png,5,0.08248424787775664,0.08248424787775664
G0,W0082F0001T0006Z000C1N40.png,6,0.08125,0.08125
G0,W0082F0001T0006Z000C1N40.png,7,0.7684797402086222,0.7684797402086222
G0,W0082F0001T0006Z000C1N40.png,8,0.0726722092687429,0.0726722092687429
G0,W0082F0001T0006Z000C1N40.png,9,0.22980970388562796,0.22980970388562796
G0,W0082F0001T0006Z000C1N40.png,10,0.4737648414561807,0.4737648414561807
G0,W0082F0001T0006Z000C1N40.png,11,0.11490485194281398,0.11490485194281398
G0,W0082F0001T0006Z000C1N40.png,12,0.2663191283013171,0.2663191283013171
G0,W0082F0001T0006Z000C1N40.png,13,0.08125,0.08125
G0,W0082F0001T0006Z000C1N40.png,14,0.37142857142857244,0.37142857142857244
G0,W0082F0001T0006Z000C1N40.png,15,0.08125,0.08125
G0,W0082F0001T0006Z000C1N40.png,16,0.0,0.0
G0,W0082F0001T0006Z000C1N40.png,17,0.1625,0.1625
G0,W0082F0001T0006Z000C1N40.png,18,0.7887948184572463,0.7887948184572463
G0,W0082F0001T0006Z000C1N40.png,19,0.11490485194281398,0.11490485194281398
G0,W0082F0001T0006Z000C1N40.png,20,0.21430592960112038,0.21430592960112038
G0,W0082F0001T0006Z000C1N40.png,21,0.9114032390756196,0.9114032390756196
G0,W0082F0001T0006Z000C1N40.png,22,0.032500000000000466,0.032500000000000466
G0,W0082F0001T0006Z000C1N40.png,23,0.0,0.0
G0,W0082F0001T0006Z000C1N40.png,24,0.40277358714294975,0.40277358714294975
G0,W0082F0001T0006Z000C1N40.png,25,0.5527463834826285,0.5527463834826285
G0,W0082F0001T0006Z000C1N40.png,26,0.17776828316659865,0.17776828316659865
G0,W0082F0001T0006Z000C1N40.png,27,0.07660323462854238,0.07660323462854238
G0,W0082F0001T0006Z000C1N40.png,28,0.09591558447935775,0.09591558447935775
G0,W0082F0001T0006Z000C1N40.png,29,0.0,0.0
G0,W0082F0001T0006Z000C1N40.png,30,1.2214553307427989,1.2214553307427989
G0,W0082F0001T0006Z000C1N40.png,31,0.046428571428571264,0.046428571428571264
G0,W0082F0001T0006Z000C1N40.png,32,0.11490485194281398,0.11490485194281398
G0,W0082F0001T0006Z000C1N40.png,33,1.1050000000000002,1.1050000000000002
G0,W0082F0001T0006Z000C1N40.png,34,0.0,0.0
G0,W0082F0001T0006Z000C1N40.png,35,2.0888314390151996,2.0888314390151996
G0,W0082F0001T0006Z000C1N40.png,36,0.08647921557921837,0.08647921557921837
G0,W0082F0001T0006Z000C1N40.png,37,0.08356716504931835,0.08356716504931835
G0,W0082F0001T0006Z000C1N40.png,38,0.0383016173142716,0.0383016173142716
G0,W0082F0001T0006Z000C1N40.png,39,0.08750892811593587,0.08750892811593587
G0,W0082F0001T0006Z000C1N40.png,40,0.08125,0.08125
G0,W0082F0001T0006Z000C1N40.png,41,0.1015625,0.1015625
G0,W0082F0001T0006Z000C1N40.png,42,0.07267220926874421,0.07267220926874421
G0,W0082F0001T0006Z000C1N40.png,43,0.07886785713387287,0.07886785713387287
G0,W0082F0001T0006Z000C1N40.png,44,0.08125,0.08125
G0,W0082F0001T0006Z000C1N40.png,45,1.3449949820486735,1.3449949820486735
G0,W0082F0001T0006Z000C1N40.png,46,0.08838834764831895,0.08838834764831895
G0,W0082F0001T0006Z000C1N40.png,47,0.07274086512653961,0.07274086512653961
G0,W0082F0001T0006Z000C1N40.png,48,0.017105263157895224,0.017105263157895224
G0,W0082F0001T0006Z000C1N40.png,49,0.0,0.0
G0,W0082F0001T0006Z000C1N40.png,50,1.482673366760191,1.482673366760191
G0,W0082F0001T0006Z000C1N40.png,51,0.0,0.0
G0,W0082F0001T0006Z000C1N40.png,52,0.49422445558673034,0.49422445558673034
G0,W0082F0001T0006Z000C1N40.png,53,0.0,0.0
G0,W0082F0001T0006Z000C1N40.png,54,0.032500000000000466,0.032500000000000466
G0,W0082F0001T0006Z000C1N40.png,55,0.0766032346285432,0.0766032346285432
G0,W0082F0001T0006Z000C1N40.png,56,0.9971339669067463,0.9971339669067463
G0,W0082F0001T0006Z000C1N55.png,1,4.197567189754084,4.197567189754084
G0,W0082F0001T0006Z000C1N55.png,2,0.7490879871550471,0.7490879871550471
G0,W0082F0001T0006Z000C1N55.png,3,1.7875,1.7875
G0,W0082F0001T0006Z000C1N55.png,4,2.24138106142173,2.24138106142173
G0,W0082F0001T0006Z000C1N55.png,5,0.5859020822628983,0.5859020822628983
G0,W0082F0001T0006Z000C1N55.png,6,0.07126096406869502,0.07126096406869502
G0,W0082F0001T0006Z000C1N55.png,7,0.10420036631266519,0.10420036631266519
G0,W0082F0001T0006Z000C1N55.png,8,0.27953701700767736,0.27953701700767736
G0,W0082F0001T0006Z000C1N55.png,9,1.284675299443404,1.284675299443404
G0,W0082F0001T0006Z000C1N55.png,10,0.0585902082262897,0.0585902082262897
G0,W0082F0001T0006Z000C1N55.png,11,0.07267220926874317,0.07267220926874317
G0,W0082F0001T0006Z000C1N55.png,12,0.030280087195308964,0.030280087195308964
G0,W0082F0001T0006Z000C1N55.png,13,0.08125,0.08125
G0,W0082F0001T0006Z000C1N55.png,14,0.040625,0.040625
G0,W0082F0001T0006Z000C1N55.png,15,0.08125,0.08125
G0,W0082F0001T0006Z000C1N55.png,16,0.08125,0.08125
G0,W0082F0001T0006Z000C1N55.png,17,0.0,0.0
G0,W0082F0001T0006Z000C1N55.png,18,1.0182580664035612,1.0182580664035612
G0,W0082F0001T0006Z000C1N55.png,19,0.08125,0.08125
G0,W0082F0001T0006Z000C1N55.png,20,0.032500000000000466,0.032500000000000466
G0,W0082F0001T0006Z000C1N55.png,21,0.11607142857142759,0.11607142857142759
G0,W0082F0001T0006Z000C1N55.png,22,0.08125,0.08125
G0,W0082F0001T0006Z000C1N55.png,23,0.36336104634371585,0.45961940777125593
G0,W0082F0001T0006Z000C1N55.png,24,0.8285906709588278,0.8285906709588278
G0,W0082F0001T0006Z000C1N55.png,25,0.11490485194281398,0.11490485194281398
G0,W0082F0001T0006Z000C1N55.png,26,0.56875,0.56875
G0,W0082F0001T0006Z000C1N55.png,27,0.23688242072809035,0.23688242072809035
G0,W0082F0001T0006Z000C1N55.png,28,0.28262787111962373,0.28262787111962373
G0,W0082F0001T0006Z000C1N55.png,29,0.07323776028286229,0.07323776028286229
G0,W0082F0001T0006Z000C1N55.png,30,0.07660323462854156,0.07660323462854156
G0,W0082F0001T0006Z000C1N55.png,31,0.11490485194281398,0.11490485194281398
G0,W0082F0001T0006Z000C1N55.png,32,0.08125,0.08125
G0,W0082F0001T0006Z000C1N55.png,33,0.07660323462854238,0.07660323462854238
G0,W0082F0001T0006Z000C1N55.png,34,0.07847188080336426,0.07847188080336426
G0,W0082F0001T0006Z000C1N55.png,35,0.08125,0.08125
G0,W0082F0001T0006Z000C1N55.png,36,0.040625,0.040625
G0,W0082F0001T0006Z000C1N55.png,37,0.07660323462854238,0.07660323462854238
G0,W0082F0001T0006Z000C1N55.png,38,0.0,0.0
G0,W0082F0001T0006Z000C1N55.png,39,0.0976281209488332,0.0976281209488332
G0,W0082F0001T0006Z000C1N55.png,40,0.08125,0.08125
G0,W0082F0001T0006Z000C1N55.png,41,0.36336104634371585,0.36336104634371585
G0,W0082F0001T0006Z000C1N55.png,42,0.08125,0.08125
G0,W0082F0001T0006Z000C1N55.png,43,0.11490485194281398,0.11490485194281398
G0,W0082F0001T0006Z000C1N55.png,44,0.016249999999999078,0.016249999999999078
G0,W0082F0001T0006Z000C1N55.png,45,0.05190872090624571,0.05190872090624571
G0,W0082F0001T0006Z000C1N55.png,46,0.05709667997526166,0.05709667997526166
G0,W0082F0001T0006Z000C1N55.png,47,0.08125,0.08125
G0,W0082F0001T0006Z000C1N55.png,48,0.08125,0.08125
G0,W0082F0001T0006Z000C1N55.png,49,0.09363599839438089,0.09363599839438089
G0,W0082F0001T0006Z000C1N55.png,50,1.4439538021157825,1.4439538021157825
G0,W0082F0001T0006Z000C1N55.png,51,0.047794117647056926,0.047794117647056926
G0,W0082F0001T0006Z000C1N55.png,52,0.027083333333331794,0.027083333333331794
G0,W0082F0001T0006Z000C1N55.png,53,0.027083333333331794,0.027083333333331794
G0,W0082F0001T0006Z000C1N55.png,54,0.03267343734180666,0.03267343734180666
G0,W0082F0001T0006Z000C1N55.png,55,0.08534918135881937,0.08534918135881937
G0,W0082F0001T0006Z000C1N55.png,56,0.057096679975264034,0.057096679975264034
G0,W0082F0001T0006Z000C1N55.png,57,0.04861607117551907,0.04861607117551907
G0,W0082F0001T0006Z000C1N55.png,58,0.04787702164283774,0.04787702164283774
G0,W0082F0001T0006Z000C1N55.png,59,1.3226541734331012,1.3226541734331012
G0,W0082F0001T0006Z000C1N41.png,1,0.0,0.0
G0,W0082F0001T0006Z000C1N41.png,2,0.05416666666666667,0.05416666666666667
G0,W0082F0001T0006Z000C1N41.png,3,0.05745242597140699,0.05745242597140699
G0,W0082F0001T0006Z000C1N41.png,4,0.048740627703460535,0.048740627703460535
G0,W0082F0001T0006Z000C1N41.png,5,0.08125,0.08125
G0,W0082F0001T0006Z000C1N41.png,6,0.0,0.0
G0,W0082F0001T0006Z000C1N41.png,7,0.06651654575219039,0.06651654575219039
G0,W0082F0001T0006Z000C1N41.png,8,0.038301617314271855,0.038301617314271855
G0,W0082F0001T0006Z000C1N41.png,9,0.0,0.0
G0,W0082F0001T0006Z000C1N41.png,10,0.041875291510179366,0.041875291510179366
G0,W0082F0001T0006Z000C1N41.png,11,0.0,0.0
G0,W0082F0001T0006Z000C1N41.png,12,0.0735391052434002,0.0735391052434002
G0,W0082F0001T0006Z000C1N41.png,13,0.0,0.0
G0,W0082F0001T0006Z000C1N41.png,14,0.051538820320220995,0.051538820320220995
G0,W0082F0001T0006Z000C1N41.png,15,0.0,0.0
G0,W0082F0001T0006Z000C1N41.png,16,0.09406342284523343,0.09406342284523343
G0,W0082F0001T0006Z000C1N41.png,17,0.0,0.0
G0,W0082F0001T0006Z000C1N41.png,18,0.0,0.0
G0,W0082F0001T0006Z000C1N41.png,19,0.08125,0.08125
G0,W0082F0001T0006Z000C1N41.png,20,0.0,0.0
G0,W0082F0001T0006Z000C1N41.png,21,3.2566962266229256,3.2566962266229256
G0,W0082F0001T0006Z000C1N41.png,22,0.06270894856348841,0.06270894856348841
G0,W0082F0001T0006Z000C1N41.png,23,0.0,0.0
G0,W0082F0001T0006Z000C1N41.png,24,2.0348218595248087,2.0348218595248087
G0,W0082F0001T0006Z000C1N41.png,25,0.1421875,0.1421875
G0,W0082F0001T0006Z000C1N41.png,26,0.08125,0.08125
G0,W0082F0001T0006Z000C1N41.png,27,0.07824074074074083,0.07824074074074083
G0,W0082F0001T0006Z000C1N41.png,28,0.0,0.0
G0,W0082F0001T0006Z000C1N41.png,29,0.36336104634371585,0.36336104634371585
G0,W0082F0001T0006Z000C1N41.png,30,0.45961940777125593,0.45961940777125593
G0,W0082F0001T0006Z000C1N41.png,31,0.05583372201357183,0.05583372201357183
G0,W0082F0001T0006Z000C1N41.png,32,0.04671546543430584,0.04671546543430584
G0,W0082F0001T0006Z000C1N41.png,33,0.08125,0.08125
G0,W0082F0001T0006Z000C1N41.png,34,0.11490485194281398,0.11490485194281398
G0,W0082F0001T0006Z000C1N41.png,35,0.05709667997526293,0.05709667997526293
G0,W0082F0001T0006Z000C1N41.png,36,0.0,0.0
G0,W0082F0001T0006Z000C1N41.png,37,0.57452425971407,0.57452425971407
G0,W0082F0001T0006Z000C1N41.png,38,0.06892965673681131,0.06892965673681131
G0,W0082F0001T0006Z000C1N41.png,39,0.07267220926874317,0.07267220926874317
G0,W0082F0001T0006Z000C1N41.png,40,0.0,0.0
G0,W0082F0001T0006Z000C1N41.png,41,0.0383016173142716,0.0383016173142716
G0,W0082F0001T0006Z000C1N41.png,42,0.0,0.0
G0,W0082F0001T0006Z000C1N41.png,43,0.0626484562661581,0.0626484562661581
G0,W0082F0001T0006Z000C1N41.png,44,0.06621064942783941,0.06621064942783941
G0,W0082F0001T0006Z000C1N41.png,45,0.08125,0.08125
G0,W0082F0001T0006Z000C1N41.png,46,0.032500000000000466,0.032500000000000466
G0,W0082F0001T0006Z000C1N41.png,47,0.06516560536394261,0.06516560536394261
G0,W0082F0001T0006Z000C1N41.png,48,0.0,0.0
G0,W0082F0001T0006Z000C1N41.png,49,1.1547794702885916,1.1547794702885916
G0,W0082F0001T0006Z000C1N41.png,50,0.05859020822628938,0.05859020822628938
G0,W0082F0001T0006Z000C1N41.png,51,0.07267220926874317,0.07267220926874317
G0,W0082F0001T0006Z000C1N41.png,52,0.060937500000000006,0.060937500000000006
G0,W0082F0001T0006Z000C1N41.png,53,0.0,0.0
G0,W0082F0001T0006Z000C1N41.png,54,0.11094261566892456,0.11094261566892456
G0,W0082F0001T0006Z000C1N41.png,55,0.08838834764831895,0.08838834764831895
G0,W0082F0001T0006Z000C1N41.png,56,0.04492949596243017,0.04492949596243017
G0,W0082F0001T0006Z000C1N41.png,57,0.033032822394883164,0.033032822394883164
G0,W0082F0001T0006Z000C1N41.png,58,0.028726212985703495,0.028726212985703495
G0,W0082F0001T0006Z000C1N41.png,59,0.08125,0.08125
G0,W0082F0001T0006Z000C1N41.png,60,0.05416666666666705,0.05416666666666705
G0,W0082F0001T0006Z000C1N41.png,61,0.7359724690547972,0.7359724690547972
G0,W0082F0001T0006Z000C1N41.png,62,0.08125,0.08125
G0,W0082F0001T0006Z000C1N41.png,63,0.0,0.0
G0,W0082F0001T0006Z000C1N41.png,64,0.0,0.0
G0,W0082F0001T0006Z000C1N41.png,65,0.08125,0.08125
G0,W0082F0001T0006Z000C1N41.png,66,0.11490485194281398,0.11490485194281398
G0,W0082F0001T0006Z000C1N41.png,67,0.06488590113280683,0.06488590113280683
G0,W0082F0001T0006Z000C1N41.png,68,0.07660323462854217,0.07660323462854217
G0,W0082F0001T0006Z000C1N41.png,69,0.11490485194281398,0.11490485194281398
G0,W0082F0001T0006Z000C1N41.png,70,0.08125,0.08125
G0,W0082F0001T0006Z000C1N41.png,71,0.020186724796873678,0.020186724796873678
G0,W0082F0001T0006Z000C1N41.png,72,0.07905694150421066,0.07905694150421066
G0,W0082F0001T0006Z000C1N41.png,73,0.6700046641628699,0.6700046641628699
G0,W0082F0001T0006Z000C1N41.png,74,0.06267537378698877,0.06267537378698877
G0,W0082F0001T0006Z000C1N41.png,75,0.05745242597140699,0.05745242597140699
G0,W0082F0001T0006Z000C1N41.png,76,0.0,0.0
G0,W0082F0001T0006Z000C1N41.png,77,0.0383016173142716,0.0383016173142716
G0,W0082F0001T0006Z000C1N41.png,78,0.08125,0.08125
G0,W0082F0001T0006Z000C1N41.png,79,0.08167062403612298,0.08167062403612298
G0,W0082F0001T0006Z000C1N41.png,80,0.13866288042619895,0.13866288042619895
G0,W0082F0001T0006Z000C1N41.png,81,0.11699256175742191,0.11699256175742191
G0,W0082F0001T0006Z000C1N41.png,82,0.053510880628077004,0.053510880628077004
G0,W0082F0001T0006Z000C1N41.png,83,0.05709667997526184,0.05709667997526184
G0,W0082F0001T0006Z000C1N41.png,84,0.0,0.0
G0,W0082F0001T0006Z000C1N41.png,85,0.08125,0.08125
G0,W0082F0001T0006Z000C1N41.png,86,0.0,0.0
G0,W0082F0001T0006Z000C1N41.png,87,0.04542013079296448,0.04542013079296448
G0,W0082F0001T0006Z000C1N41.png,88,0.05918504792563112,0.05918504792563112
G0,W0082F0001T0006Z000C1N41.png,89,0.095588235294118,0.095588235294118
G0,W0082F0001T0006Z000C1N41.png,90,0.7827036476214988,0.7827036476214988
G0,W0082F0001T0006Z000C1N41.png,91,0.11490485194281398,0.11490485194281398
G0,W0082F0001T0006Z000C1N41.png,92,0.0670278302999754,0.0670278302999754
G0,W0082F0001T0006Z000C1N41.png,93,0.04542013079296448,0.04542013079296448
G0,W0082F0001T0006Z000C1N41.png,94,1.4534441853748634,1.4534441853748634
G0,W0082F0001T0006Z000C1N41.png,95,0.032500000000000466,0.032500000000000466
G0,W0082F0001T0006Z000C1N41.png,96,0.04642857142857242,0.04642857142857242
G0,W0082F0001T0006Z000C1N41.png,97,1.1515991297129196,1.1515991297129196
G0,W0082F0002T0006Z000C1N30.png,1,6.94460313877633,6.94460313877633
G0,W0082F0002T0006Z000C1N30.png,2,6.285667669830753,6.285667669830753
G0,W0082F0002T0006Z000C1N30.png,3,7.0850745408922835,7.0850745408922835
G0,W0082F0002T0006Z000C1N30.png,4,4.390508227984546,4.390508227984546
G0,W0082F0002T0006Z000C1N30.png,5,1.397877855894427,1.4534441853748634
G0,W0082F0002T0006Z000C1N30.png,6,0.08125,0.08125
G0,W0082F0002T0006Z000C1N30.png,7,0.028726212985703495,0.028726212985703495
G0,W0082F0002T0006Z000C1N30.png,8,0.5450415695155738,0.5450415695155738
G0,W0082F0002T0006Z000C1N30.png,9,0.03853732179936456,0.03853732179936456
G0,W0082F0002T0006Z000C1N30.png,10,0.11490485194281398,0.11490485194281398
G0,W0082F0002T0006Z000C1N30.png,11,0.2569350598886809,0.2569350598886809
G0,W0082F0002T0006Z000C1N30.png,12,0.02795084971874753,0.02795084971874753
G0,W0082F0002T0006Z000C1N30.png,13,0.08125,0.08125
G0,W0082F0002T0006Z000C1N30.png,14,0.08125,0.08125
G0,W0082F0002T0006Z000C1N30.png,15,3.473430900740971,3.508729193818692
G0,W0082F0002T0006Z000C1N30.png,16,0.03830161731427078,0.03830161731427078
G0,W0082F0002T0006Z000C1N30.png,17,0.08125,0.08125
G0,W0082F0002T0006Z000C1N30.png,18,0.08125,0.08125
G0,W0082F0002T0006Z000C1N30.png,19,0.06090951492389787,0.06090951492389787
G0,W0082F0002T0006Z000C1N30.png,20,1.2042214600281145,1.2042214600281145
G0,W0082F0002T0006Z000C1N30.png,21,0.325,0.325
G0,W0082F0002T0006Z000C1N30.png,22,2.6851958618709735,2.6851958618709735
G0,W0082F0002T0006Z000C1N30.png,23,0.6628725367670619,0.6628725367670619
G0,W0082F0002T0006Z000C1N30.png,24,0.0766032346285432,0.0766032346285432
G0,W0082F0002T0006Z000C1N30.png,25,0.06090951492389675,0.06090951492389675
G0,W0082F0002T0006Z000C1N30.png,26,0.08125,0.08125
G0,W0082F0002T0006Z000C1N30.png,27,1.5261856047021278,1.5261856047021278
G0,W0082F0002T0006Z000C1N30.png,28,0.5450415695155738,0.5450415695155738
G0,W0082F0002T0006Z000C1N30.png,29,2.6768693169965867,2.6768693169965867
G0,W0082F0002T0006Z000C1N30.png,30,0.0,0.0
G0,W0082F0002T0006Z000C1N30.png,31,0.05878462993035974,0.05878462993035974
G0,W0082F0002T0006Z000C1N30.png,32,0.10581233387464747,0.10581233387464747
G0,W0082F0002T0006Z000C1N30.png,33,0.06056017439061845,0.06056017439061845
G0,W0082F0002T0006Z000C1N30.png,34,0.1625,0.1625
G0,W0082F0002T0006Z000C1N30.png,35,0.17863267330110552,0.17863267330110552
G0,W0082F0002T0006Z000C1N30.png,36,1.7696082060777842,1.7696082060777842
G0,W0082F0002T0006Z000C1N30.png,37,0.08125,0.08125
G0,W0082F0002T0006Z000C1N30.png,38,0.08125,0.08125
G0,W0082F0002T0006Z000C1N30.png,39,0.08125,0.08125
G0,W0082F0002T0006Z000C1N30.png,40,0.09991726255896871,0.09991726255896871
G0,W0082F0002T0006Z000C1N30.png,41,0.07274086512653961,0.07274086512653961
G0,W0082F0002T0006Z000C1N30.png,42,1.06420614648771,1.06420614648771
G0,W0082F0002T0006Z000C1N30.png,43,0.08125,0.08125
G0,W0082F0002T0006Z000C1N30.png,44,1.900880066051038,1.9235665879733257
G0,W0082F0002T0006Z000C1N30.png,45,0.08125,0.08125
G0,W0082F0002T0006Z000C1N30.png,46,2.792080193252974,2.792080193252974
G0,W0082F0001T0006Z000C1N44.png,1,1.3126339217390353,1.3126339217390353
G0,W0082F0001T0006Z000C1N44.png,2,2.2633630950424193,2.2633630950424193
G0,W0082F0001T0006Z000C1N44.png,3,0.08125,0.08125
G0,W0082F0001T0006Z000C1N44.png,4,0.0,0.0
G0,W0082F0001T0006Z000C1N44.png,5,0.7878967254659712,0.7878967254659712
G0,W0082F0001T0006Z000C1N44.png,6,0.05469308007245981,0.05469308007245981
G0,W0082F0001T0006Z000C1N44.png,7,0.08125,0.08125
G0,W0082F0001T0006Z000C1N44.png,8,1.202085138646824,1.202085138646824
G0,W0082F0001T0006Z000C1N44.png,9,0.06601562500000001,0.06601562500000001
G0,W0082F0001T0006Z000C1N44.png,10,0.08125,0.08125
G0,W0082F0001T0006Z000C1N44.png,11,0.07719937774108794,0.07719937774108794
G0,W0082F0001T0006Z000C1N44.png,12,0.5859020822628983,0.5859020822628983
G0,W0082F0001T0006Z000C1N44.png,13,0.10249167720233486,0.10249167720233486
G0,W0082F0001T0006Z000C1N44.png,14,0.07660323462854156,0.07660323462854156
G0,W0082F0001T0006Z000C1N44.png,15,1.3990579978149582,1.3990579978149582
G0,W0082F0001T0006Z000C1N44.png,16,2.7367277824215774,2.7367277824215774
G0,W0082F0001T0006Z000C1N44.png,17,0.07580237463298828,0.07580237463298828
G0,W0082F0001T0006Z000C1N44.png,18,0.08225708069378013,0.08225708069378013
G0,W0082F0001T0006Z000C1N44.png,19,0.07847188080336426,0.07847188080336426
G0,W0082F0001T0006Z000C1N44.png,20,0.9917826437783633,0.9917826437783633
G0,W0082F0001T0006Z000C1N44.png,21,0.08125,0.08125
G0,W0082F0001T0006Z000C1N44.png,22,0.05190872090624571,0.05190872090624571
G0,W0082F0001T0006Z000C1N44.png,23,0.06056017439061845,0.06056017439061845
G0,W0082F0001T0006Z000C1N44.png,24,1.1731575087128903,1.1731575087128903
G0,W0082F0001T0006Z000C1N44.png,25,0.08125,0.08125
G0,W0082F0001T0006Z000C1N44.png,26,0.1015158582064962,0.1015158582064962
G0,W0082F0001T0006Z000C1N44.png,27,0.6345827861674157,0.7312500000000001
G0,W0082F0001T0006Z000C1N44.png,28,0.9526346388317203,0.9526346388317203
G0,W0082F0001T0006Z000C1N44.png,29,1.4534441853748634,1.4534441853748634
G0,W0082F0001T0006Z000C1N44.png,30,1.2625017189207215,1.2625017189207215
G0,W0082F0001T0006Z000C1N44.png,31,0.032499999999998155,0.032499999999998155
G0,W0082F0001T0006Z000C1N44.png,32,1.9075589768077938,1.9075589768077938
G0,W0082F0001T0006Z000C1N44.png,33,1.0180595819990106,1.0180595819990106
G0,W0082F0001T0006Z000C1N44.png,34,0.1625,0.1625
G0,W0082F0002T0006Z000C1N21.png,1,1.3873435847771178,1.3873435847771178
G0,W0082F0002T0006Z000C1N21.png,2,0.26863716482297967,0.26863716482297967
G0,W0082F0002T0006Z000C1N21.png,3,0.6250637722566843,0.6250637722566843
G0,W0082F0002T0006Z000C1N21.png,4,1.1919128533579963,1.1919128533579963
G0,W0082F0002T0006Z000C1N21.png,5,0.04468435824150954,0.04468435824150954
G0,W0082F0002T0006Z000C1N21.png,6,0.053033008588990474,0.053033008588990474
G0,W0082F0002T0006Z000C1N21.png,7,0.07660323462854238,0.07660323462854238
G0,W0082F0002T0006Z000C1N21.png,8,0.06177805694834129,0.06177805694834129
G0,W0082F0002T0006Z000C1N21.png,9,0.033032822394883164,0.033032822394883164
G0,W0082F0002T0006Z000C1N21.png,10,0.05709667997526293,0.05709667997526293
G0,W0082F0002T0006Z000C1N21.png,11,0.0,0.0
G0,W0082F0002T0006Z000C1N21.png,12,0.055239378063922095,0.055239378063922095
G0,W0082F0002T0006Z000C1N21.png,13,0.08125,0.08125
G0,W0082F0002T0006Z000C1N21.png,14,0.06090951492389787,0.06090951492389787
G0,W0082F0002T0006Z000C1N21.png,15,0.0,0.0
G0,W0082F0002T0006Z000C1N21.png,16,0.0,0.0
G0,W0082F0002T0006Z000C1N21.png,17,0.08125,0.08125
G0,W0082F0002T0006Z000C1N21.png,18,0.08222810917025998,0.08222810917025998
G0,W0082F0002T0006Z000C1N21.png,19,0.8788531233943475,0.8788531233943475
G0,W0082F0002T0006Z000C1N21.png,20,0.0,0.0
G0,W0082F0002T0006Z000C1N21.png,21,0.0,0.0
G0,W0082F0002T0006Z000C1N21.png,22,0.07267220926874421,0.07267220926874421
G0,W0082F0002T0006Z000C1N21.png,23,0.0,0.0
G0,W0082F0002T0006Z000C1N21.png,24,0.0203125,0.0203125
G0,W0082F0002T0006Z000C1N21.png,25,0.07847188080336515,0.07847188080336515
G0,W0082F0002T0006Z000C1N21.png,26,0.028726212985703495,0.028726212985703495
G0,W0082F0002T0006Z000C1N21.png,27,0.08356716504931835,0.08356716504931835
G0,W0082F0002T0006Z000C1N21.png,28,0.05594158045564628,0.05594158045564628
G0,W0082F0002T0006Z000C1N21.png,29,0.09848987309384101,0.09848987309384101
G0,W0082F0002T0006Z000C1N21.png,30,0.05737279679111362,0.05737279679111362
G0,W0082F0002T0006Z000C1N21.png,31,0.08188230525615714,0.08188230525615714
G0,W0082F0002T0006Z000C1N21.png,32,0.1626114158512787,0.1626114158512787
G0,W0082F0002T0006Z000C1N21.png,33,0.08125,0.08125
G0,W0082F0002T0006Z000C1N21.png,34,0.0,0.0
G0,W0082F0002T0006Z000C1N21.png,35,1.6376461051231428,1.6376461051231428
G0,W0082F0002T0006Z000C1N21.png,36,0.05762215285807975,0.05762215285807975
G0,W0082F0002T0006Z000C1N21.png,37,1.1726705632870653,1.1726705632870653
G0,W0082F0002T0006Z000C1N21.png,38,1.3025365877778636,1.3025365877778636
G0,W0082F0002T0006Z000C1N35.png,1,0.08125,0.08125
G0,W0082F0002T0006Z000C1N35.png,2,0.11490485194281398,0.11490485194281398
G0,W0082F0002T0006Z000C1N35.png,3,0.24375000000000002,0.24375000000000002
G0,W0082F0002T0006Z000C1N35.png,4,0.0383016173142716,0.0383016173142716
G0,W0082F0002T0006Z000C1N35.png,5,0.8002196963959335,1.38125
G0,W0082F0002T0006Z000C1N35.png,6,0.5138701197773617,0.5138701197773617
G0,W0082F0002T0006Z000C1N35.png,7,0.18168052317185793,0.18168052317185793
G0,W0082F0002T0006Z000C1N35.png,8,0.7755330078603951,0.7755330078603951
G0,W0082F0002T0006Z000C1N35.png,9,1.2547799234327908,1.2547799234327908
G0,W0082F0002T0006Z000C1N35.png,10,0.028726212985703495,0.028726212985703495
G0,W0082F0002T0006Z000C1N35.png,11,0.43683682996700846,0.43683682996700846
G0,W0082F0002T0006Z000C1N35.png,12,1.0046718039606115,1.0046718039606115
G0,W0082F0002T0006Z000C1N35.png,13,0.0,0.0
G0,W0082F0002T0006Z000C1N35.png,14,0.0,0.0
G0,W0082F0002T0006Z000C1N35.png,15,0.05745242597140699,0.05745242597140699
G0,W0082F0002T0006Z000C1N35.png,16,0.07267220926874317,0.07267220926874317
G0,W0082F0002T0006Z000C1N35.png,17,0.08125,0.08125
G0,W0082F0002T0006Z000C1N35.png,18,0.7376307689044487,0.7376307689044487
G0,W0082F0002T0006Z000C1N35.png,19,0.07660323462854238,0.07660323462854238
G0,W0082F0002T0006Z000C1N35.png,20,0.11490485194281398,0.11490485194281398
G0,W0082F0002T0006Z000C1N35.png,21,0.0,0.0
G0,W0082F0002T0006Z000C1N35.png,22,0.040625,0.040625
G0,W0082F0002T0006Z000C1N35.png,23,0.07267220926874421,0.07267220926874421
G0,W0082F0002T0006Z000C1N35.png,24,0.04642857142857242,0.04642857142857242
G0,W0082F0002T0006Z000C1N35.png,25,0.11490485194281398,0.11490485194281398
G0,W0082F0002T0006Z000C1N35.png,26,0.1625,0.1625
G0,W0082F0002T0006Z000C1N35.png,27,0.08125,0.08125
G0,W0082F0002T0006Z000C1N35.png,28,0.08125,0.08125
G0,W0082F0002T0006Z000C1N35.png,29,0.08125,0.08125
G0,W0082F0002T0006Z000C1N35.png,30,0.08125,0.08125
G0,W0082F0002T0006Z000C1N35.png,31,0.520253844291419,0.520253844291419
G0,W0082F0002T0006Z000C1N35.png,32,0.16900255100115516,0.16900255100115516
G0,W0082F0002T0006Z000C1N35.png,33,0.1625,0.1625
G0,W0082F0002T0006Z000C1N35.png,34,0.032499999999998155,0.032499999999998155
G0,W0082F0002T0006Z000C1N35.png,35,2.4041702772936477,2.4041702772936477
G0,W0082F0002T0006Z000C1N35.png,36,0.7062469272302853,0.7062469272302853
G0,W0082F0002T0006Z000C1N35.png,37,1.097266631187403,1.4034868399516083
G0,W0082F0002T0006Z000C1N35.png,38,0.07267220926874317,0.07267220926874317
G0,W0082F0002T0006Z000C1N35.png,39,0.18168052317185793,0.18168052317185793
G0,W0082F0002T0006Z000C1N35.png,40,0.05833928541062369,0.05833928541062369
G0,W0082F0002T0006Z000C1N35.png,41,0.08125,0.08125
G0,W0082F0002T0006Z000C1N35.png,42,0.0,0.0
G0,W0082F0002T0006Z000C1N137.png,1,2.753997732823448,4.184367633187771
G0,W0082F0002T0006Z000C1N137.png,2,1.7760445780194387,5.339298330730436
G0,W0082F0002T0006Z000C1N137.png,3,0.2820367938521854,0.3795963174182953
G0,W0082F0002T0006Z000C1N137.png,4,0.5138701197773617,0.5138701197773617
G0,W0082F0002T0006Z000C1N137.png,5,0.1523368408297198,0.1523368408297198
G0,W0082F0002T0006Z000C1N137.png,6,0.7267220926874317,0.8125
G0,W0082F0002T0006Z000C1N137.png,7,0.028726212985703495,0.028726212985703495
G0,W0082F0002T0006Z000C1N137.png,8,4.3428866048401495,5.372953825643768
G0,W0082F0002T0006Z000C1N137.png,9,0.046428571428571264,0.046428571428571264
G0,W0082F0002T0006Z000C1N137.png,10,0.8365199489551939,0.8365199489551939
G0,W0082F0002T0006Z000C1N137.png,11,0.08125,0.08125
G0,W0082F0002T0006Z000C1N137.png,12,0.11490485194281398,0.11490485194281398
G0,W0082F0002T0006Z000C1N137.png,13,0.0,1.040507688582838
G0,W0082F0002T0006Z000C1N137.png,14,0.04642857142857242,0.04642857142857242
G0,W0082F0002T0006Z000C1N137.png,15,0.9084026158592896,1.105119478834755
G0,W0082F0002T0006Z000C1N137.png,16,1.9810882725920254,3.677578402004853
G0,W0082F0002T0006Z000C1N137.png,17,0.060937500000000006,0.060937500000000006
G0,W0082F0002T0006Z000C1N137.png,18,0.1625,1.625
G0,W0082F0002T0006Z000C1N137.png,19,2.7625,4.136574669941303
G0,W0082F0002T0006Z000C1N137.png,20,0.08125,3.0885688939215843
G0,W0082F0002T0006Z000C1N137.png,21,4.028230458278176,5.611546411195403
G0,W0082F0002T0006Z000C1N137.png,22,3.375788391713112,3.449299351408196
G0,W0082F0002T0006Z000C1N137.png,23,4.934223596473918,6.536460242363599
G0,W0082F0002T0006Z000C1N137.png,24,0.07660323462854156,4.997737335257049
G0,W0082F0002T0006Z000C1N137.png,25,0.22333488805429014,5.87826888963825
G0,W0082F0002T0006Z000C1N137.png,26,1.8168052317185792,6.857808049952987
G0,W0082F0002T0006Z000C1N137.png,27,2.8726212985703494,3.9887047553059127
G0,W0082F0002T0006Z000C1N137.png,28,2.6164518555670004,5.370495932639741
G0,W0082F0002T0006Z000C1N137.png,29,0.10990885372573804,0.10990885372573804
G0,W0082F0002T0006Z000C1N137.png,30,0.16493916074899334,0.16493916074899334
G0,W0082F0002T0006Z000C1N137.png,31,1.487311166810906,2.57089707812899
G0,W0082F0002T0006Z000C1N137.png,32,0.0,2.2575221482855934
G0,W0082F0002T0006Z000C1N137.png,33,0.08125,6.369191594111454
G0,W0082F0001T0006Z000C1N46.png,1,0.1412493854460574,0.1412493854460574
G0,W0082F0001T0006Z000C1N46.png,2,7.756290289983994,8.0322518830338
G0,W0082F0001T0006Z000C1N46.png,3,1.6004393927918672,1.6004393927918672
G0,W0082F0001T0006Z000C1N46.png,4,0.2569350598886809,0.2569350598886809
G0,W0082F0001T0006Z000C1N46.png,5,0.1004156061120516,0.1004156061120516
G0,W0082F0001T0006Z000C1N46.png,6,0.06250000000000012,0.13462912017836215
G0,W0082F0001T0006Z000C1N46.png,7,0.04642857142857242,0.04642857142857242
G0,W0082F0001T0006Z000C1N46.png,8,1.8968003486134224,2.253131501377583
G0,W0082F0001T0006Z000C1N46.png,9,0.08891329959954812,0.08891329959954812
G0,W0082F0001T0006Z000C1N46.png,10,0.06090951492389787,0.06090951492389787
G0,W0082F0001T0006Z000C1N46.png,11,1.0180595819990106,1.0180595819990106
G0,W0082F0001T0006Z000C1N46.png,12,0.07905694150420957,0.07905694150420957
G0,W0082F0001T0006Z000C1N46.png,13,0.10249167720233453,0.10249167720233453
G0,W0082F0001T0006Z000C1N46.png,14,0.8125,0.9475296829123614
G0,W0082F0001T0006Z000C1N46.png,15,0.89375,0.89375
G0,W0082F0001T0006Z000C1N46.png,16,0.1625,0.1625
G0,W0082F0001T0006Z000C1N46.png,17,0.493555644311905,0.493555644311905
G0,W0082F0001T0006Z000C1N46.png,18,0.08125,0.08125
G0,W0082F0001T0006Z000C1N46.png,19,1.4937630752565816,1.4937630752565816
G0,W0082F0001T0006Z000C1N46.png,20,0.6894291116568838,1.040507688582838
G0,W0082F0001T0006Z000C1N46.png,21,2.300967867007273,2.300967867007273
G0,W0082F0001T0006Z000C1N46.png,22,0.20108349089992447,0.20108349089992447
G0,W0082F0001T0006Z000C1N46.png,23,2.0762515051168537,2.0762515051168537
G0,W0082F0001T0006Z000C1N46.png,24,1.458482135265594,1.458482135265594
G0,W0082F0001T0006Z000C1N46.png,25,1.956759119053748,2.1680204104205294
G0,W0082F0001T0006Z000C1N46.png,26,2.6605153662192755,2.6605153662192755
G0,W0082F0001T0006Z000C1N46.png,27,3.737788365095715,3.737788365095715
G0,W0082F0001T0006Z000C1N46.png,28,3.0714219528583175,3.1604056800512175
G0,W0082F0001T0006Z000C1N46.png,29,1.3025365877778636,1.7139706276654803
G0,W0082F0001T0006Z000C1N46.png,30,0.087508928115935,0.087508928115935
G0,W0082F0001T0006Z000C1N46.png,31,0.07660323462854483,0.07660323462854483
G0,W0082F0002T0006Z000C1N36.png,1,0.06056017439061938,0.06056017439061938
G0,W0082F0002T0006Z000C1N36.png,2,0.08078808608085519,0.08078808608085519
G0,W0082F0002T0006Z000C1N36.png,3,0.6942003043070494,0.6942003043070494
G0,W0082F0002T0006Z000C1N36.png,4,0.203125,0.203125
G0,W0082F0002T0006Z000C1N36.png,5,0.07334352251668876,0.07334352251668876
G0,W0082F0002T0006Z000C1N36.png,6,1.758826875685951,1.758826875685951
G0,W0082F0002T0006Z000C1N36.png,7,0.08125,0.08125
G0,W0082F0002T0006Z000C1N36.png,8,0.08125,0.08125
G0,W0082F0002T0006Z000C1N36.png,9,0.03830161731427038,0.03830161731427038
G0,W0082F0002T0006Z000C1N36.png,10,0.07660323462854278,0.07660323462854278
G0,W0082F0002T0006Z000C1N36.png,11,0.08670897404856986,0.08670897404856986
G0,W0082F0002T0006Z000C1N36.png,12,0.0,0.0
G0,W0082F0002T0006Z000C1N36.png,13,0.14218475726493246,0.14218475726493246
G0,W0082F0002T0006Z000C1N36.png,14,1.0642061464877095,1.0642061464877095
G0,W0082F0002T0006Z000C1N36.png,15,0.08125,0.08125
G0,W0082F0002T0006Z000C1N36.png,16,1.9008800660510392,1.9235665879733268
G0,W0082F0002T0006Z000C1N36.png,17,0.04642857142857242,0.04642857142857242
G0,W0082F0002T0006Z000C1N36.png,18,2.843621028821449,2.843621028821449
G0,W0082F0002T0006Z000C1N36.png,19,1.3727869481831632,1.3727869481831632
G0,W0082F0002T0006Z000C1N36.png,20,0.1027740239554716,0.1027740239554716
G0,W0082F0002T0006Z000C1N36.png,21,1.099504948971354,1.099504948971354
G0,W0082F0002T0006Z000C1N36.png,22,0.07267220926874421,0.07267220926874421
G0,W0082F0002T0006Z000C1N36.png,23,0.712451265389819,0.712451265389819
G0,W0082F0002T0006Z000C1N36.png,24,1.4647552056572457,1.4647552056572457
G0,W0082F0002T0006Z000C1N36.png,25,0.978379559526874,0.978379559526874
G0,W0082F0002T0006Z000C1N36.png,26,0.08891329959954858,0.08891329959954858
G0,W0082F0002T0006Z000C1N36.png,27,1.2830779643108199,1.2830779643108199
G0,W0082F0002T0006Z000C1N36.png,28,0.08125,0.08125
G0,W0082F0002T0006Z000C1N36.png,29,0.025954360453122854,0.025954360453122854
G0,W0082F0002T0006Z000C1N36.png,30,0.2490333157465434,0.2490333157465434
G0,W0082F0002T0006Z000C1N36.png,31,0.6989389279472135,0.6989389279472135
G0,W0082F0002T0006Z000C1N36.png,32,5.451761310703991,5.451761310703991
G0,W0082F0002T0006Z000C1N36.png,33,3.489968884173611,3.489968884173611
G0,W0082F0002T0006Z000C1N36.png,34,0.08125,0.08125
G0,W0082F0002T0006Z000C1N36.png,35,2.9554512993471067,2.9554512993471067
G0,W0082F0002T0006Z000C1N36.png,36,0.08125,0.08125
G0,W0082F0002T0006Z000C1N36.png,37,0.11495759688566295,0.11495759688566295
G0,W0082F0002T0006Z000C1N36.png,38,0.0,0.0
G0,W0082F0002T0006Z000C1N36.png,39,1.6086679271993958,1.6086679271993958
G0,W0082F0002T0006Z000C1N153.png,1,3.3153584365042645,6.5228115343385475
G0,W0082F0002T0006Z000C1N153.png,2,1.4025924657576057,7.147229576906006
G0,W0082F0002T0006Z000C1N153.png,3,2.0810153771656763,2.127447120376909
G0,W0082F0002T0006Z000C1N153.png,4,1.8898267943121139,7.066881937070973
G0,W0082F0002T0006Z000C1N153.png,5,0.8043339635996979,1.0341436674853257
G0,W0082F0002T0006Z000C1N153.png,6,1.040507688582838,1.657181341917655
G0,W0082F0002T0006Z000C1N153.png,7,0.028726212985703495,0.028726212985703495
G0,W0082F0002T0006Z000C1N153.png,8,0.11490485194281398,0.11490485194281398
G0,W0082F0002T0006Z000C1N153.png,9,2.2113663430821062,3.4999914586266043
G0,W0082F0002T0006Z000C1N153.png,10,0.017105263157894738,5.580092360160578
G0,W0082F0002T0006Z000C1N153.png,11,2.719448545316679,6.406009904037379
G0,W0082F0002T0006Z000C1N153.png,12,0.1625,9.285279007655076
G0,W0082F0002T0006Z000C1N153.png,13,2.1877232028983924,7.227597392114479
G0,W0082F0002T0006Z000C1N153.png,14,0.06211073077989959,0.06211073077989959
G0,W0082F0002T0006Z000C1N153.png,15,2.022709084573541,4.529879894902833
G0,W0082F0002T0006Z000C1N153.png,16,1.1375000000000004,4.621975362331565
G0,W0082F0002T0006Z000C1N153.png,17,2.776013328498262,2.776013328498262
G0,W0082F0002T0006Z000C1N153.png,18,0.40625,5.377866241596196
G0,W0082F0002T0006Z000C1N153.png,19,0.6894291116568838,6.526352829107541
G0,W0082F0002T0006Z000C1N153.png,20,1.597574692450773,6.746775968519167
G0,W0082F0002T0006Z000C1N153.png,21,1.6671106179555095,6.963366754846395
G0,W0082F0002T0006Z000C1N153.png,22,6.13072540610832,6.5929388827930815
G0,W0082F0002T0006Z000C1N153.png,23,2.142844560974967,6.616544250022061
G0,W0082F0002T0006Z000C1N153.png,24,0.08125,5.402361318210769
G0,W0082F0002T0006Z000C1N153.png,25,7.502974960938015,8.724730705190801
G0,W0082F0002T0006Z000C1N153.png,26,1.1830178570080843,4.5529008609896175
G0,W0082F0002T0006Z000C1N153.png,27,2.158866166532794,7.076683766072919
G0,W0082F0002T0006Z000C1N153.png,28,0.0,7.720032788142808
G0,W0082F0002T0006Z000C1N153.png,29,0.22980970388562796,1.040507688582838
G0,W0082F0002T0006Z000C1N153.png,30,0.10404725380773111,0.10404725380773111
G0,W0082F0002T0006Z000C1N153.png,31,7.056657220866867,12.025583283995523
G0,W0082F0002T0006Z000C1N153.png,32,1.752364919901103,1.9109474907751913
G0,W0082F0002T0006Z000C1N153.png,33,10.370759675645752,14.494417028635544
G0,W0082F0002T0006Z000C1N153.png,34,3.748442278507984,9.333239985259619
G0,W0082F0002T0006Z000C1N153.png,35,3.4036757601974297,8.666074198498931
G0,W0082F0002T0006Z000C1N153.png,36,3.332460823308941,7.595704195281845
G0,W0082F0002T0006Z000C1N153.png,37,0.07886785713387287,0.07886785713387287
G0,W0082F0002T0006Z000C1N153.png,38,7.6539052532024465,13.273872951215106
G0,W0082F0002T0006Z000C1N153.png,39,9.430995533760607,14.912889146483739
G0,W0082F0002T0006Z000C1N153.png,40,2.56940769493239,2.56940769493239
G0,W0082F0002T0006Z000C1N153.png,41,2.830290574906871,5.833663318408478
G0,W0082F0002T0006Z000C1N79.png,1,1.4359119444606963,1.4359119444606963
G0,W0082F0002T0006Z000C1N79.png,2,0.09765034704381638,0.09765034704381638
G0,W0082F0002T0006Z000C1N79.png,3,0.325,0.325
G0,W0082F0002T0006Z000C1N79.png,4,0.11490485194281398,0.11490485194281398
G0,W0082F0002T0006Z000C1N79.png,5,0.027083333333334104,0.027083333333334104
G0,W0082F0002T0006Z000C1N79.png,6,0.07932284827092696,0.07932284827092696
G0,W0082F0002T0006Z000C1N79.png,7,0.07711590034990728,0.07711590034990728
G0,W0082F0002T0006Z000C1N79.png,8,0.12977180226561394,0.12977180226561394
G0,W0082F0002T0006Z000C1N79.png,9,0.08370029746612866,0.08370029746612866
G0,W0082F0002T0006Z000C1N79.png,10,0.049422445558673166,0.049422445558673166
G0,W0082F0002T0006Z000C1N79.png,11,0.07932284827092696,0.07932284827092696
G0,W0082F0002T0006Z000C1N79.png,12,0.03249999999999988,0.03249999999999988
G0,W0082F0002T0006Z000C1N79.png,13,0.04642857142857011,0.04642857142857011
G0,W0082F0002T0006Z000C1N79.png,14,0.06090951492389731,0.06090951492389731
G0,W0082F0002T0006Z000C1N79.png,15,1.4911367373689275,1.4911367373689275
G0,W0082F0002T0006Z000C1N79.png,16,0.03303282239488342,0.03303282239488342
G0,W0082F0002T0006Z000C1N79.png,17,0.08068536494522177,0.08068536494522177
G0,W0082F0002T0006Z000C1N79.png,18,0.9790561526483459,0.9790561526483459
G0,W0082F0002T0006Z000C1N79.png,19,0.1436310649285175,0.1436310649285175
G0,W0082F0002T0006Z000C1N79.png,20,0.9945743436264584,0.9945743436264584
G0,W0082F0002T0006Z000C1N79.png,21,0.056700201509312965,0.056700201509312965
G0,W0082F0002T0006Z000C1N79.png,22,1.0900831390311476,1.0900831390311476
G0,W0082F0002T0006Z000C1N79.png,23,1.2428860064382414,1.2428860064382414
G0,W0082F0002T0006Z000C1N79.png,24,2.300967867007273,2.300967867007273
G0,W0082F0002T0006Z000C1N79.png,25,0.11490485194281398,0.11490485194281398
G0,W0082F0002T0006Z000C1N79.png,26,0.0999172625589683,0.0999172625589683
G0,W0082F0002T0006Z000C1N79.png,27,2.4388537907180905,2.4388537907180905
G0,W0082F0002T0006Z000C1N79.png,28,0.0,0.0
G0,W0082F0002T0006Z000C1N79.png,29,0.05683181654584709,0.05683181654584709
G0,W0082F0002T0006Z000C1N79.png,30,0.11490485194281398,0.11490485194281398
G0,W0082F0002T0006Z000C1N79.png,31,0.03190498400775574,0.03190498400775574
G0,W0082F0002T0006Z000C1N79.png,32,0.07323776028286229,0.07323776028286229
G0,W0082F0002T0006Z000C1N79.png,33,1.8330835530602527,1.8330835530602527
G0,W0082F0002T0006Z000C1N79.png,34,0.0,0.0
G0,W0082F0002T0006Z000C1N79.png,35,0.56875,0.56875
G0,W0082F0002T0006Z000C1N79.png,36,0.07267220926874317,0.07267220926874317
G0,W0082F0002T0006Z000C1N79.png,37,0.05709667997526293,0.05709667997526293
G0,W0082F0002T0006Z000C1N79.png,38,0.07660323462854278,0.07660323462854278
G0,W0082F0002T0006Z000C1N79.png,39,0.9425276709433122,0.9425276709433122
G0,W0082F0002T0006Z000C1N79.png,40,0.09333613805695992,0.09333613805695992
G0,W0082F0002T0006Z000C1N79.png,41,0.08356716504931917,0.08356716504931917
G0,W0082F0002T0006Z000C1N79.png,42,0.11490485194281398,0.11490485194281398
G0,W0082F0002T0006Z000C1N79.png,43,0.05190872090624571,0.05190872090624571
G0,W0082F0002T0006Z000C1N79.png,44,0.03028008719531103,0.03028008719531103
G0,W0082F0002T0006Z000C1N79.png,45,0.8285906709588275,0.8285906709588275
G0,W0082F0002T0006Z000C1N79.png,46,0.06936717923885526,0.06936717923885526
G0,W0082F0002T0006Z000C1N79.png,47,0.028726212985703495,0.028726212985703495
G0,W0082F0002T0006Z000C1N79.png,48,0.0338541666666659,0.0338541666666659
G0,W0082F0002T0006Z000C1N79.png,49,0.04642857142857011,0.04642857142857011
G0,W0082F0002T0006Z000C1N79.png,50,0.046428571428571264,0.046428571428571264
G0,W0082F0002T0006Z000C1N79.png,51,0.6700046641628699,0.6700046641628699
G0,W0082F0002T0006Z000C1N79.png,52,0.03385416666666728,0.03385416666666728
G0,W0082F0002T0006Z000C1N79.png,53,0.07792697327223436,0.07792697327223436
G0,W0082F0002T0006Z000C1N79.png,54,0.04185014873306297,0.04185014873306297
G0,W0082F0002T0006Z000C1N79.png,55,0.05523937806392323,0.05523937806392323
G0,W0082F0002T0006Z000C1N79.png,56,0.032500000000000466,0.032500000000000466
G0,W0082F0002T0006Z000C1N79.png,57,0.220230051333156,0.220230051333156
G0,W0082F0002T0006Z000C1N79.png,58,2.055480479109447,2.055480479109447
G0,W0082F0002T0006Z000C1N79.png,59,1.012206747655834,1.012206747655834
G0,W0082F0002T0006Z000C1N79.png,60,0.05709667997526184,0.05709667997526184
G0,W0082F0002T0006Z000C1N79.png,61,1.21875,1.21875
G0,W0082F0002T0006Z000C1N79.png,62,0.22023005133315596,0.22023005133315596
G0,W0082F0002T0006Z000C1N79.png,63,0.5138701197773617,0.5138701197773617
G0,W0082F0002T0006Z000C1N79.png,64,1.9984857548904371,1.9984857548904371
G0,W0082F0002T0006Z000C1N79.png,65,0.6550584420492571,0.6550584420492571
G0,W0082F0002T0006Z000C1N79.png,66,0.6550584420492571,0.6550584420492571
G0,W0082F0002T0006Z000C1N79.png,67,0.138098445159804,0.138098445159804
G0,W0082F0002T0006Z000C1N79.png,68,0.06821097861272664,0.06821097861272664
G0,W0082F0002T0006Z000C1N79.png,69,0.0,0.0
G0,W0082F0002T0006Z000C1N79.png,70,0.325,0.325
G0,W0082F0002T0006Z000C1N79.png,71,0.09765034704381723,0.09765034704381723
G0,W0082F0002T0006Z000C1N45.png,1,10.431689999707622,17.45479966227055
G0,W0082F0002T0006Z000C1N45.png,2,9.683238590059313,16.778103140959665
G0,W0082F0002T0006Z000C1N45.png,3,10.958241983142695,26.014210352762543
G0,W0082F0002T0006Z000C1N45.png,4,7.528622466959012,22.30334195810126
G0,W0082F0002T0006Z000C1N45.png,5,6.806868773525754,14.67424486983913
G0,W0082F0002T0006Z000C1N45.png,6,4.7090107115707935,11.620381803581104
G0,W0082F0002T0006Z000C1N45.png,7,5.012462351596995,20.067094715960632
G0,W0082F0002T0006Z000C1N45.png,8,4.956356556231603,19.724775862161273
G0,W0082F0002T0006Z000C1N45.png,9,2.5029747926217714,10.938616014491961
G0,W0082F0002T0006Z000C1N45.png,10,6.586541939608541,7.608440579747966
G0,W0082F0002T0006Z000C1N45.png,11,4.8783424755383855,18.622946744474433
G0,W0082F0002T0006Z000C1N45.png,12,7.440926433467246,18.268127148714644
G0,W0082F0002T0006Z000C1N45.png,13,3.0401234352478546,3.116375289657467
G0,W0082F0002T0006Z000C1N45.png,14,5.860272616430818,16.030130592280138
G0,W0082F0002T0006Z000C1N45.png,15,5.591511423577708,5.890484912127354
G0,W0082F0002T0006Z000C1N45.png,16,5.859020822628983,14.800886797756412
G0,W0082F0002T0006Z000C1N45.png,17,0.08125,0.08125
G0,W0082F0002T0006Z000C1N45.png,18,2.646555839671629,2.9441215264489338
G0,W0082F0002T0006Z000C1N45.png,19,9.751028677168664,11.595534487907962
G0,W0082F0002T0006Z000C1N45.png,20,3.3823819731810305,5.453442863228696
G0,W0082F0002T0006Z000C1N45.png,21,3.3950446425636294,5.616250139105273
G0,W0082F0002T0006Z000C1N45.png,22,1.8384776310850217,6.235004510824348
G0,W0082F0002T0006Z000C1N45.png,23,3.1215230657485136,7.441364542205952
G0,W0082F0002T0006Z000C1N45.png,24,2.508244219070384,6.5410034828380885
G0,W0082F0002T0006Z000C1N45.png,25,3.9008462623512865,8.114023836081577
G0,W0082F0003T0006Z000C1N57.png,1,0.7312500000000001,0.7312500000000001
G0,W0082F0003T0006Z000C1N57.png,2,0.028726212985703495,0.028726212985703495
G0,W0082F0003T0006Z000C1N57.png,3,0.0,0.0
G0,W0082F0003T0006Z000C1N57.png,4,0.0,0.0
G0,W0082F0003T0006Z000C1N57.png,5,0.0,0.0
G0,W0082F0003T0006Z000C1N57.png,6,0.325,0.325
G0,W0082F0003T0006Z000C1N57.png,7,0.08370029746612852,0.08370029746612852
G0,W0082F0003T0006Z000C1N57.png,8,0.520253844291419,0.520253844291419
G0,W0082F0003T0006Z000C1N57.png,9,0.09319185705962893,0.09319185705962893
G0,W0082F0003T0006Z000C1N57.png,10,0.09848987309384101,0.09848987309384101
G0,W0082F0003T0006Z000C1N57.png,11,0.042822509981446925,0.042822509981446925
G0,W0082F0003T0006Z000C1N57.png,12,0.0,0.0
G0,W0082F0003T0006Z000C1N57.png,13,0.1625,0.1625
G0,W0082F0003T0006Z000C1N57.png,14,0.095588235294118,0.095588235294118
G0,W0082F0003T0006Z000C1N57.png,15,0.07267220926874421,0.07267220926874421
G0,W0082F0003T0006Z000C1N57.png,16,0.07660323462854238,0.07660323462854238
G0,W0082F0003T0006Z000C1N57.png,17,0.07271854157135683,0.07271854157135683
G0,W0082F0003T0006Z000C1N57.png,18,1.3959875536694446,1.3959875536694446
G0,W0082F0003T0006Z000C1N57.png,19,0.08125,0.08125
G0,W0082F0003T0006Z000C1N57.png,20,0.07323776028286229,0.07323776028286229
G0,W0082F0003T0006Z000C1N57.png,21,0.0,0.0
G0,W0082F0003T0006Z000C1N57.png,22,0.0789608069093641,0.0789608069093641
G0,W0082F0003T0006Z000C1N57.png,23,0.06964285714285748,0.06964285714285748
G0,W0082F0003T0006Z000C1N57.png,24,0.028726212985703495,0.028726212985703495
G0,W0082F0003T0006Z000C1N57.png,25,0.08125,0.08125
G0,W0082F0003T0006Z000C1N57.png,26,0.054166666666666474,0.054166666666666474
G0,W0082F0003T0006Z000C1N57.png,27,0.08286398498573438,0.08286398498573438
G0,W0082F0003T0006Z000C1N57.png,28,0.0,0.0
G0,W0082F0003T0006Z000C1N57.png,29,0.040625,0.040625
G0,W0082F0003T0006Z000C1N57.png,30,0.09984841827817373,0.09984841827817373
G0,W0082F0003T0006Z000C1N57.png,31,0.12112034878123895,0.12112034878123895
G0,W0082F0003T0006Z000C1N57.png,32,0.07660323462854238,0.07660323462854238
G0,W0082F0003T0006Z000C1N57.png,33,0.3140966157534625,0.3140966157534625
G0,W0082F0003T0006Z000C1N57.png,34,0.0,0.0
G0,W0082F0003T0006Z000C1N57.png,35,0.04642857142857242,0.04642857142857242
G0,W0082F0003T0006Z000C1N57.png,36,0.030468750000000003,0.030468750000000003
G0,W0082F0003T0006Z000C1N57.png,37,0.07538668647067077,0.07538668647067077
G0,W0082F0003T0006Z000C1N57.png,38,1.1166744402714492,1.1166744402714492
G0,W0082F0003T0006Z000C1N57.png,39,1.4408995128911661,1.4408995128911661
G0,W0082F0003T0006Z000C1N57.png,40,0.036285742718784396,0.036285742718784396
G0,W0082F0003T0006Z000C1N57.png,41,1.1768510832820878,1.1768510832820878
G0,W0082F0003T0006Z000C1N57.png,42,1.294471268200855,1.294471268200855
G0,W0082F0003T0006Z000C1N57.png,43,1.5745645341561008,1.5745645341561008
G0,W0082F0003T0006Z000C1N57.png,44,1.1673552887727425,1.4932258966944767
G0,W0082F0003T0006Z000C1N57.png,45,0.22980970388562796,0.22980970388562796
G0,W0082F0003T0006Z000C1N57.png,46,0.06770672312790053,0.06770672312790053
G0,W0082F0003T0006Z000C1N57.png,47,0.11490485194281398,0.11490485194281398
G0,W0082F0003T0006Z000C1N57.png,48,0.22980970388562796,0.22980970388562796
G0,W0082F0003T0006Z000C1N57.png,49,2.055480479109447,2.055480479109447
G0,W0082F0003T0006Z000C1N57.png,50,0.05450415695155944,0.05450415695155944
G0,W0082F0003T0006Z000C1N57.png,51,0.05190872090624364,0.05190872090624364
G0,W0082F0003T0006Z000C1N57.png,52,0.036336104634371584,0.036336104634371584
G0,W0082F0003T0006Z000C1N57.png,53,0.04185014873306297,0.04185014873306297
G0,W0082F0003T0006Z000C1N57.png,54,1.390775974950675,1.390775974950675
G0,W0082F0001T0006Z000C1N34.png,1,3.9965750962542925,9.899278067111762
G0,W0082F0001T0006Z000C1N34.png,2,0.05737279679111221,0.05737279679111221
G0,W0082F0001T0006Z000C1N34.png,3,0.7357500424736652,4.4753927900241335
G0,W0082F0001T0006Z000C1N34.png,4,1.4138065135997766,5.1540918940038845
G0,W0082F0001T0006Z000C1N34.png,5,0.08125,1.3226541734331012
G0,W0082F0001T0006Z000C1N34.png,6,4.2194478825639585,7.966424480599942
G0,W0082F0001T0006Z000C1N34.png,7,0.07660323462854197,2.5687795686321993
G0,W0082F0001T0006Z000C1N34.png,8,0.24375000000000002,5.494446770376432
G0,W0082F0001T0006Z000C1N34.png,9,7.1960166932824725,10.290241129341917
G0,W0082F0001T0006Z000C1N34.png,10,6.275214762261129,9.34233684965919
G0,W0082F0001T0006Z000C1N34.png,11,0.7794398579842653,6.992624056682647
G0,W0082F0001T0006Z000C1N34.png,12,0.10041560611205223,0.10041560611205223
G0,W0082F0001T0006Z000C1N34.png,13,5.228486426538755,8.220717445119982
G0,W0082F0001T0006Z000C1N34.png,14,0.24375000000000002,5.159854800524914
G0,W0082F0001T0006Z000C1N34.png,15,0.08125,6.264685871015401
G0,W0082F0001T0006Z000C1N34.png,16,1.261339194071127,7.036925487206753
G0,W0082F0001T0006Z000C1N34.png,17,1.5773571426774449,7.4683243137638025
G0,W0082F0001T0006Z000C1N34.png,18,2.323806817487202,6.218677763399548
G0,W0082F0001T0006Z000C1N34.png,19,2.6,10.503585697275003
G0,W0082F0001T0006Z000C1N34.png,20,1.3000391824727846,10.109745769051436
G0,W0082F0001T0006Z000C1N34.png,21,2.8435726631214107,7.518668208950621
G0,W0082F0001T0006Z000C1N34.png,22,4.64306606672789,4.697346325320287
G0,W0082F0001T0006Z000C1N34.png,23,0.06513490156331136,0.06513490156331136
G0,W0082F0001T0006Z000C1N34.png,24,4.677896180294204,10.23753582445231
G0,W0082F0001T0006Z000C1N34.png,25,1.390050599223921,1.390050599223921
G0,W0082F0001T0006Z000C1N4.png,1,0.08125,0.08125
G0,W0082F0001T0006Z000C1N4.png,2,1.7273986945693807,1.7273986945693807
G0,W0082F0001T0006Z000C1N4.png,3,0.8474963126763444,0.8474963126763444
G0,W0082F0001T0006Z000C1N4.png,4,1.0967692977841712,1.0967692977841712
G0,W0082F0001T0006Z000C1N4.png,5,1.6616016787692798,1.6616016787692798
G0,W0082F0001T0006Z000C1N4.png,6,0.29295104113144915,0.29295104113144915
G0,W0082F0001T0006Z000C1N4.png,7,0.08125,0.08125
G0,W0082F0001T0006Z000C1N4.png,8,0.07905694150420921,0.07905694150420921
G0,W0082F0001T0006Z000C1N4.png,9,0.2569350598886809,0.2569350598886809
G0,W0082F0001T0006Z000C1N4.png,10,0.06267537378698877,0.06267537378698877
G0,W0082F0001T0006Z000C1N4.png,11,0.7311094155519064,0.996366940664847
G0,W0082F0001T0006Z000C1N4.png,12,0.040625,0.040625
G0,W0082F0001T0006Z000C1N4.png,13,0.0,0.0
G0,W0082F0001T0006Z000C1N4.png,14,0.11490485194281398,0.11490485194281398
G0,W0082F0001T0006Z000C1N4.png,15,1.1547794702885916,1.1547794702885916
G0,W0082F0001T0006Z000C1N4.png,16,1.051726424609662,1.051726424609662
G0,W0082F0001T0006Z000C1N4.png,17,0.5138701197773615,0.5138701197773615
G0,W0082F0001T0006Z000C1N4.png,18,0.6680555555555552,0.6680555555555552
G0,W0082F0001T0006Z000C1N4.png,19,0.0,0.0
G0,W0082F0001T0006Z000C1N4.png,20,1.9787753176681024,1.9787753176681024
G0,W0082F0001T0006Z000C1N4.png,21,0.08125,0.08125
G0,W0082F0001T0006Z000C1N4.png,22,0.08125,0.08125
G0,W0082F0001T0006Z000C1N4.png,23,0.11490485194281398,0.11490485194281398
G0,W0082F0001T0006Z000C1N4.png,24,0.08125,0.08125
G0,W0082F0001T0006Z000C1N4.png,25,0.0,0.0
G0,W0082F0001T0006Z000C1N4.png,26,0.07267220926874421,0.07267220926874421
G0,W0082F0001T0006Z000C1N4.png,27,0.08125,0.08125
G0,W0082F0001T0006Z000C1N4.png,28,0.0,0.0
G0,W0082F0001T0006Z000C1N4.png,29,0.08149003006503304,0.08149003006503304
G0,W0082F0001T0006Z000C1N4.png,30,0.8165523942160723,0.8165523942160723
G0,W0082F0001T0006Z000C1N4.png,31,0.5833928541062384,0.5833928541062384
G0,W0082F0001T0006Z000C1N4.png,32,0.040625,0.040625
G0,W0082F0001T0006Z000C1N4.png,33,0.22980970388562796,0.22980970388562796
G0,W0082F0001T0006Z000C1N4.png,34,0.73674631922317,0.73674631922317
G0,W0082F0001T0006Z000C1N4.png,35,0.22980970388562796,0.22980970388562796
G0,W0082F0001T0006Z000C1N4.png,36,0.11490485194281398,0.11490485194281398
G0,W0082F0001T0006Z000C1N4.png,37,0.07899153181385195,0.07899153181385195
G0,W0082F0001T0006Z000C1N4.png,38,0.05745242597140699,0.05745242597140699
G0,W0082F0001T0006Z000C1N4.png,39,0.0,0.0
G0,W0082F0001T0006Z000C1N4.png,40,0.9306583691129634,0.9306583691129634
G0,W0082F0001T0006Z000C1N4.png,41,0.11490485194281398,0.11490485194281398
G0,W0082F0001T0006Z000C1N4.png,42,1.299378039993107,1.299378039993107
G0,W0082F0001T0006Z000C1N4.png,43,0.028726212985703495,0.028726212985703495
G0,W0082F0001T0006Z000C1N4.png,44,1.3400093283257397,1.3400093283257397
G0,W0082F0001T0006Z000C1N4.png,45,0.0383016173142716,0.0383016173142716
G0,W0082F0001T0006Z000C1N4.png,46,0.07267220926874421,0.07267220926874421
G0,W0082F0001T0006Z000C1N4.png,47,0.07267220926874317,0.07267220926874317
G0,W0082F0001T0006Z000C1N4.png,48,0.0,0.0
G0,W0082F0001T0006Z000C1N4.png,49,0.3830161731427136,0.3830161731427136
G0,W0082F0001T0006Z000C1N4.png,50,0.0,0.0
G0,W0082F0001T0006Z000C1N4.png,51,0.08125,0.08125
G0,W0082F0001T0006Z000C1N4.png,52,0.9945317311164746,0.9945317311164746
G0,W0082F0001T0006Z000C1N4.png,53,0.548981259747288,0.548981259747288
G0,W0082F0001T0006Z000C1N4.png,54,0.10298732205546009,0.10298732205546009
G0,W0082F0001T0006Z000C1N4.png,55,0.5310298200224605,0.5310298200224605
G0,W0082F0001T0006Z000C1N4.png,56,0.032500000000000466,0.032500000000000466
G0,W0082F0001T0006Z000C1N4.png,57,0.07267220926874421,0.07267220926874421
G0,W0082F0001T0006Z000C1N4.png,58,0.9192388155425119,0.9192388155425119
G0,W0082F0001T0006Z000C1N4.png,59,1.2214553307427989,1.2214553307427989
G0,W0082F0001T0006Z000C1N4.png,60,0.30832207186641625,0.30832207186641625
G0,W0082F0001T0006Z000C1N4.png,61,1.1203223064424361,1.1203223064424361
G0,W0082F0001T0006Z000C1N4.png,62,0.0766032346285432,0.0766032346285432
G0,W0082F0001T0006Z000C1N4.png,63,0.04642857142857242,0.04642857142857242
G0,W0082F0001T0006Z000C1N4.png,64,0.06040513953241505,0.06040513953241505
G0,W0082F0001T0006Z000C1N4.png,65,1.878896368217259,1.878896368217259
G0,W0082F0001T0006Z000C1N4.png,66,0.08125,0.08125
G0,W0082F0001T0006Z000C1N4.png,67,0.0,0.0
G0,W0082F0001T0006Z000C1N4.png,68,0.0766032346285432,0.0766032346285432
G0,W0082F0001T0006Z000C1N4.png,69,0.0,0.0
G0,W0082F0002T0006Z000C1N93.png,1,3.0455205322735885,3.0455205322735885
G0,W0082F0002T0006Z000C1N93.png,2,0.7660323462854263,0.7660323462854263
G0,W0082F0002T0006Z000C1N93.png,3,0.3149711323853524,0.3149711323853524
G0,W0082F0002T0006Z000C1N93.png,4,0.032500000000000466,0.032500000000000466
G0,W0082F0002T0006Z000C1N93.png,5,0.06895352021571168,0.06895352021571168
G0,W0082F0002T0006Z000C1N93.png,6,0.5110073113197322,0.5110073113197322
G0,W0082F0002T0006Z000C1N93.png,7,0.8365199489551939,0.8365199489551939
G0,W0082F0002T0006Z000C1N93.png,8,1.584375,2.4051235187875486
G0,W0082F0002T0006Z000C1N93.png,9,1.3025365877778636,1.3025365877778636
G0,W0082F0002T0006Z000C1N93.png,10,2.801725417730657,2.801725417730657
G0,W0082F0002T0006Z000C1N93.png,11,1.7273986945693807,2.3266459227824074
G0,W0082F0002T0006Z000C1N93.png,12,0.08125,1.8968003486134224
G0,W0082F0002T0006Z000C1N93.png,13,1.5458866792232864,2.158866166532794
G0,W0082F0002T0006Z000C1N93.png,14,1.083541646638468,1.083541646638468
G0,W0082F0002T0006Z000C1N93.png,15,0.08125,0.08125
G0,W0082F0002T0006Z000C1N93.png,16,0.07267220926874421,0.07267220926874421
G0,W0082F0002T0006Z000C1N93.png,17,1.261339194071127,1.261339194071127
G0,W0082F0002T0006Z000C1N93.png,18,0.8285906709588275,1.7273986945693807
G0,W0082F0002T0006Z000C1N93.png,19,0.22980970388562796,1.14904851942814
G0,W0082F0002T0006Z000C1N93.png,20,0.0,0.0
G0,W0082F0002T0006Z000C1N93.png,21,1.2375631297028853,1.2375631297028853
G0,W0082F0002T0006Z000C1N93.png,22,0.25226783881422565,0.25226783881422565
G0,W0082F0002T0006Z000C1N93.png,23,2.2937840596926296,2.2937840596926296
G0,W0082F0002T0006Z000C1N93.png,24,1.7501785623187138,3.0917733584465728
G0,W0082F0002T0006Z000C1N93.png,25,0.18168052317185793,0.18168052317185793
G0,W0082F0002T0006Z000C1N93.png,26,1.6431795588127307,1.6431795588127307
G0,W0082F0002T0006Z000C1N93.png,27,1.1633229613912037,1.1633229613912037
G0,W0082F0002T0006Z000C1N93.png,28,0.9475296829123614,1.9835652875567267
G0,W0082F0002T0006Z000C1N93.png,29,2.018208131610811,2.018208131610811
G0,W0082F0002T0006Z000C1N93.png,30,2.1680204104205294,4.0754792662949475
G0,W0082F0002T0006Z000C1N93.png,31,2.0714766773970688,3.80576248930487
G0,W0082F0002T0006Z000C1N93.png,32,0.08125,0.08125
G0,W0082F0002T0006Z000C1N93.png,33,1.4537595687322435,2.8100508240386968
G0,W0082F0002T0006Z000C1N93.png,34,0.5016817420561566,1.8242841596945636
G0,W0082F0002T0006Z000C1N93.png,35,0.6550584420492571,1.5775896369144926
G0,W0082F0002T0006Z000C1N93.png,36,1.3559469986662596,3.1462218212462627
G0,W0082F0002T0006Z000C1N93.png,37,0.1532064692570864,2.513356680926038
G0,W0082F0002T0006Z000C1N93.png,38,2.0595155376932706,3.0749397148562094
G0,W0082F0002T0006Z000C1N93.png,39,0.09357977743560751,0.09357977743560751
G0,W0082F0002T0006Z000C1N93.png,40,0.028726212985703495,0.028726212985703495
G0,W0082F0002T0006Z000C1N93.png,41,0.9475296829123614,1.3101168840985142
G0,W0082F0002T0006Z000C1N93.png,42,0.09571495202326888,0.09571495202326888
G0,W0082F0002T0006Z000C1N93.png,43,1.752364919901104,2.24632373279098
G0,W0082F0002T0006Z000C1N87.png,1,6.710999162987952,6.92784308176975
G0,W0082F0002T0006Z000C1N87.png,2,7.768937670787356,7.916770331788245
G0,W0082F0002T0006Z000C1N87.png,3,0.1625,0.36336104634371585
G0,W0082F0002T0006Z000C1N87.png,4,2.3796083876468046,2.645420991901357
G0,W0082F0002T0006Z000C1N87.png,5,1.4647552056572457,1.7819516162062314
G0,W0082F0002T0006Z000C1N87.png,6,4.49719483965074,4.542763357889253
G0,W0082F0002T0006Z000C1N87.png,7,0.08125,0.08125
G0,W0082F0002T0006Z000C1N87.png,8,0.5525597394173775,0.5525597394173775
G0,W0082F0002T0006Z000C1N87.png,9,0.11490485194281398,0.11490485194281398
G0,W0082F0002T0006Z000C1N87.png,10,0.11490485194281398,0.11490485194281398
G0,W0082F0002T0006Z000C1N87.png,11,1.541610359332085,1.7501785623187138
G0,W0082F0002T0006Z000C1N87.png,12,2.3109876811657832,3.5987421847778993
G0,W0082F0001T0006Z000C1N21.png,1,0.07934261150226914,0.07934261150226914
G0,W0082F0001T0006Z000C1N21.png,2,0.0357945526581909,0.0357945526581909
G0,W0082F0001T0006Z000C1N21.png,3,4.256910741664664,4.256910741664664
G0,W0082F0001T0006Z000C1N21.png,4,0.08125,0.08125
G0,W0082F0001T0006Z000C1N21.png,5,0.11490485194281398,0.11490485194281398
G0,W0082F0001T0006Z000C1N21.png,6,0.08125,0.08125
G0,W0082F0001T0006Z000C1N21.png,7,0.13578396689335173,0.13578396689335173
G0,W0082F0001T0006Z000C1N21.png,8,0.08074689918749235,0.08074689918749235
G0,W0082F0001T0006Z000C1N21.png,9,1.0593703908454306,1.0593703908454306
G0,W0082F0001T0006Z000C1N21.png,10,0.0903008859314234,0.0903008859314234
G0,W0082F0001T0006Z000C1N21.png,11,0.040625,0.040625
G0,W0082F0001T0006Z000C1N21.png,12,0.09401306068048397,0.09401306068048397
G0,W0082F0001T0006Z000C1N21.png,13,0.6187815648514426,0.6187815648514426
G0,W0082F0001T0006Z000C1N21.png,14,0.65,0.65
G0,W0082F0001T0006Z000C1N21.png,15,0.046428571428571264,0.046428571428571264
G0,W0082F0001T0006Z000C1N21.png,16,0.11490485194281398,0.11490485194281398
G0,W0082F0001T0006Z000C1N21.png,17,0.05713235425551563,0.05713235425551563
G0,W0082F0001T0006Z000C1N21.png,18,0.0766032346285432,0.0766032346285432
G0,W0082F0001T0006Z000C1N21.png,19,1.0931069538247389,1.0931069538247389
G0,W0082F0001T0006Z000C1N21.png,20,0.03830161731427078,0.03830161731427078
G0,W0082F0001T0006Z000C1N21.png,21,0.02422406975624764,0.02422406975624764
G0,W0082F0001T0006Z000C1N21.png,22,0.08125,0.08125
G0,W0082F0001T0006Z000C1N21.png,23,0.09027777777777712,0.09027777777777712
G0,W0082F0001T0006Z000C1N21.png,24,0.09426473455996648,0.09426473455996648
G0,W0082F0001T0006Z000C1N21.png,25,0.06090951492389787,0.06090951492389787
G0,W0082F0001T0006Z000C1N21.png,26,1.267752032555809,1.267752032555809
G0,W0082F0001T0006Z000C1N21.png,27,0.02271006539648224,0.02271006539648224
G0,W0082F0001T0006Z000C1N21.png,28,0.0745173096043484,0.0745173096043484
G0,W0082F0001T0006Z000C1N21.png,29,0.044416557481556394,0.044416557481556394
G0,W0082F0001T0006Z000C1N21.png,30,0.08125,0.08125
G0,W0082F0001T0006Z000C1N21.png,31,0.07660323462854238,0.07660323462854238
G0,W0082F0001T0006Z000C1N21.png,32,1.600439392791867,1.600439392791867
G0,W0082F0001T0006Z000C1N21.png,33,0.0,0.0
G0,W0082F0001T0006Z000C1N21.png,34,0.09676198058342178,0.09676198058342178
G0,W0082F0001T0006Z000C1N21.png,35,0.028726212985703495,0.028726212985703495
G0,W0082F0001T0006Z000C1N21.png,36,0.07660323462854238,0.07660323462854238
G0,W0082F0001T0006Z000C1N21.png,37,0.0,0.0
G0,W0082F0001T0006Z000C1N21.png,38,0.035093691959718086,0.035093691959718086
G0,W0082F0001T0006Z000C1N21.png,39,0.0670278302999759,0.0670278302999759
G0,W0082F0001T0006Z000C1N21.png,40,0.07660323462854156,0.07660323462854156
G0,W0082F0001T0006Z000C1N21.png,41,0.45961940777125593,0.45961940777125593
G0,W0082F0001T0006Z000C1N21.png,42,0.04542013079296448,0.04542013079296448
G0,W0082F0001T0006Z000C1N21.png,43,0.06894291116568772,0.06894291116568772
G0,W0082F0001T0006Z000C1N21.png,44,0.09406342284523343,0.09406342284523343
G0,W0082F0001T0006Z000C1N21.png,45,0.04308931947855524,0.04308931947855524
G0,W0082F0001T0006Z000C1N21.png,46,0.08125,0.08125
G0,W0082F0001T0006Z000C1N21.png,47,0.08125,0.08125
G0,W0082F0001T0006Z000C1N21.png,48,0.12025724741384805,0.12025724741384805
G0,W0082F0001T0006Z000C1N21.png,49,0.10796241841058629,0.10796241841058629
G0,W0082F0001T0006Z000C1N21.png,50,0.0,0.0
G0,W0082F0001T0006Z000C1N21.png,51,0.07886785713387287,0.07886785713387287
G0,W0082F0001T0006Z000C1N21.png,52,0.06692159591641536,0.06692159591641536
G0,W0082F0001T0006Z000C1N21.png,53,1.0033634841123131,1.0033634841123131
G0,W0082F0001T0006Z000C1N21.png,54,0.0698842542519199,0.0698842542519199
G0,W0082F0001T0006Z000C1N21.png,55,0.08734112560656782,0.08734112560656782
G0,W0082F0001T0006Z000C1N21.png,56,0.032500000000000466,0.032500000000000466
G0,W0082F0001T0006Z000C1N21.png,57,0.9755415162872362,0.9755415162872362
G0,W0082F0001T0006Z000C1N21.png,58,0.08125,0.08125
G0,W0082F0001T0006Z000C1N21.png,59,0.10772329869638811,0.10772329869638811
G0,W0082F0001T0006Z000C1N21.png,60,0.07834866197052702,0.07834866197052702
G0,W0082F0001T0006Z000C1N21.png,61,0.06090951492389675,0.06090951492389675
G0,W0082F0001T0006Z000C1N21.png,62,0.7000714249274852,0.7000714249274852
G0,W0082F0001T0006Z000C1N21.png,63,0.05709667997526184,0.05709667997526184
G0,W0082F0001T0006Z000C1N21.png,64,0.032500000000000466,0.032500000000000466
G0,W0082F0001T0006Z000C1N21.png,65,0.0,0.0
G0,W0082F0001T0006Z000C1N21.png,66,0.766245103502773,0.766245103502773
G0,W0082F0001T0006Z000C1N21.png,67,0.5290616693732415,0.5290616693732415
G0,W0082F0001T0006Z000C1N21.png,68,0.11490485194281398,0.11490485194281398
G0,W0082F0001T0006Z000C1N21.png,69,0.06056017439061896,0.06056017439061896
G0,W0082F0001T0006Z000C1N21.png,70,0.651127494342612,0.651127494342612
G0,W0082F0001T0006Z000C1N21.png,71,0.04642857142857242,0.04642857142857242
G0,W0082F0001T0006Z000C1N21.png,72,0.9285714285714287,0.9285714285714287
G0,W0082F0001T0006Z000C1N21.png,73,0.09024092218212973,0.09024092218212973
G0,W0082F0001T0006Z000C1N21.png,74,0.08125,0.08125
G0,W0082F0001T0006Z000C1N21.png,75,0.0677083333333318,0.0677083333333318
G0,W0082F0001T0006Z000C1N21.png,76,0.08125,0.08125
G0,W0082F0001T0006Z000C1N21.png,77,0.57452425971407,0.57452425971407
G0,W0082F0001T0006Z000C1N21.png,78,3.0584986615167904,3.0584986615167904
G0,W0082F0001T0006Z000C1N21.png,79,1.0277402395547235,1.0277402395547235
G0,W0082F0001T0006Z000C1N21.png,80,0.0,0.0
G0,W0082F0001T0006Z000C1N21.png,81,0.08125,0.08125
G0,W0082F0001T0006Z000C1N21.png,82,0.0,0.0
G0,W0082F0001T0006Z000C1N21.png,83,0.26716922452118247,0.26716922452118247
G0,W0082F0001T0006Z000C1N21.png,84,0.06568126335477342,0.06568126335477342
G0,W0082F0001T0006Z000C1N21.png,85,0.0,0.0
G0,W0082F0001T0006Z000C1N21.png,86,0.07660323462854376,0.07660323462854376
G0,W0082F0001T0006Z000C1N21.png,87,3.188739036143441,3.188739036143441
G0,W0082F0002T0006Z000C1N78.png,1,2.5654936781251285,2.5654936781251285
G0,W0082F0002T0006Z000C1N78.png,2,2.6164518555670004,2.7493252012994027
G0,W0082F0002T0006Z000C1N78.png,3,1.3226541734331012,1.3226541734331012
G0,W0082F0002T0006Z000C1N78.png,4,1.2920765478699616,1.2920765478699616
G0,W0082F0002T0006Z000C1N78.png,5,0.06373774391991015,0.06373774391991015
G0,W0082F0002T0006Z000C1N78.png,6,0.10528107587915109,0.10528107587915109
G0,W0082F0002T0006Z000C1N78.png,7,0.040625,0.040625
G0,W0082F0002T0006Z000C1N78.png,8,0.7490879871550471,0.7490879871550471
G0,W0082F0002T0006Z000C1N78.png,9,2.0826009129211482,2.0826009129211482
G0,W0082F0002T0006Z000C1N78.png,10,1.1892019966720906,1.9872597688497828
G0,W0082F0002T0006Z000C1N78.png,11,0.3116872146128008,0.3116872146128008
G0,W0082F0002T0006Z000C1N78.png,12,0.028726212985703495,0.028726212985703495
G0,W0082F0002T0006Z000C1N78.png,13,1.708183428382327,1.708183428382327
G0,W0082F0002T0006Z000C1N78.png,14,0.26631912830131804,0.26631912830131804
G0,W0082F0002T0006Z000C1N78.png,15,0.06238651829040501,0.06238651829040501
G0,W0082F0002T0006Z000C1N78.png,16,1.5278457055606105,1.5278457055606105
G0,W0082F0002T0006Z000C1N78.png,17,0.07660323462854238,0.07660323462854238
G0,W0082F0002T0006Z000C1N78.png,18,0.2422406975624769,0.2422406975624769
G0,W0082F0002T0006Z000C1N78.png,19,1.0433523775184825,1.196605797108417
G0,W0082F0002T0006Z000C1N78.png,20,0.7490879871550471,0.7490879871550471
G0,W0082F0002T0006Z000C1N78.png,21,0.5276243542050771,0.5276243542050771
G0,W0082F0002T0006Z000C1N78.png,22,1.524957660975739,1.524957660975739
G0,W0082F0002T0006Z000C1N78.png,23,1.9813198667585372,1.9813198667585372
G0,W0082F0002T0006Z000C1N78.png,24,0.6550584420492571,0.6550584420492571
G0,W0082F0002T0006Z000C1N78.png,25,0.14252192813739104,0.14252192813739104
G0,W0082F0002T0006Z000C1N78.png,26,2.436314816031069,3.2703755816897395
G0,W0082F0002T0006Z000C1N78.png,27,3.2742484294533583,3.2742484294533583
G0,W0082F0002T0006Z000C1N78.png,28,1.6669085708800802,2.4402620405461803
G0,W0082F0002T0006Z000C1N78.png,29,2.201321495495516,2.2378619590938102
G0,W0082F0002T0006Z000C1N78.png,30,1.4844532874092056,1.8040427690329288
G0,W0082F0002T0006Z000C1N78.png,31,4.8492025761974515,4.8492025761974515
G0,W0082F0002T0006Z000C1N78.png,32,1.4822280526288771,1.4822280526288771
G0,W0082F0002T0006Z000C1N78.png,33,0.11490485194281398,0.11490485194281398
G0,W0082F0002T0006Z000C1N78.png,34,5.451906203338426,5.451906203338426
G0,W0082F0002T0006Z000C1N78.png,35,1.3836376422315202,1.8420649079226281
G0,W0082F0002T0006Z000C1N78.png,36,0.16250000000000145,0.16250000000000145
G0,W0082F0002T0006Z000C1N78.png,37,6.4834852702848025,6.4834852702848025
G0,W0082F0002T0006Z000C1N78.png,38,1.6856193223856917,1.6856193223856917
G0,W0082F0002T0006Z000C1N152.png,1,4.922335295936778,4.922335295936778
G0,W0082F0002T0006Z000C1N152.png,2,0.9263925328930496,0.9263925328930496
G0,W0082F0002T0006Z000C1N152.png,3,1.42536470449367,1.42536470449367
G0,W0082F0002T0006Z000C1N152.png,4,0.20417656009030904,0.20417656009030904
G0,W0082F0002T0006Z000C1N152.png,5,0.08125,0.08125
G0,W0082F0002T0006Z000C1N152.png,6,3.5003571246374277,4.42047791533902
G0,W0082F0002T0006Z000C1N152.png,7,2.471122277933652,2.471122277933652
G0,W0082F0002T0006Z000C1N152.png,8,0.08750892811593587,0.08750892811593587
G0,W0082F0002T0006Z000C1N152.png,9,0.33500233208143493,0.6550584420492571
G0,W0082F0002T0006Z000C1N152.png,10,0.028726212985703495,0.028726212985703495
G0,W0082F0002T0006Z000C1N152.png,11,1.3101168840985142,1.4625000000000001
G0,W0082F0002T0006Z000C1N152.png,12,0.07500000000000002,0.07500000000000002
G0,W0082F0002T0006Z000C1N152.png,13,0.0766032346285432,0.12112034878123845
G0,W0082F0002T0006Z000C1N152.png,14,0.0,0.0
G0,W0082F0002T0006Z000C1N152.png,15,0.44913731456994627,0.44913731456994627
G0,W0082F0002T0006Z000C1N152.png,16,0.0,0.0
G0,W0082F0002T0006Z000C1N152.png,17,0.09357977743560823,0.09357977743560823
G0,W0082F0002T0006Z000C1N152.png,18,0.08125,0.08125
G0,W0082F0002T0006Z000C1N152.png,19,1.4647552056572457,1.4647552056572457
G0,W0082F0002T0006Z000C1N152.png,20,0.06499999999999977,0.06499999999999977
G0,W0082F0002T0006Z000C1N152.png,21,0.08125,0.08125
G0,W0082F0002T0006Z000C1N152.png,22,1.52833638777513,1.8063678728252754
G0,W0082F0002T0006Z000C1N152.png,23,0.06958928570635825,0.06958928570635825
G0,W0082F0002T0006Z000C1N152.png,24,0.04642857142857242,0.04642857142857242
G0,W0082F0002T0006Z000C1N152.png,25,1.0724452847995982,1.0724452847995982
G0,W0082F0002T0006Z000C1N152.png,26,0.6700046641628699,0.6700046641628699
G0,W0082F0002T0006Z000C1N152.png,27,0.0578059826990472,0.0578059826990472
G0,W0082F0002T0006Z000C1N152.png,28,0.11490485194281398,0.11490485194281398
G0,W0082F0002T0006Z000C1N152.png,29,0.08125,0.08125
G0,W0082F0002T0006Z000C1N152.png,30,0.4737648414561807,0.897435582646465
G0,W0082F0002T0006Z000C1N152.png,31,0.9084026158592896,1.4647552056572457
G0,W0082F0002T0006Z000C1N152.png,32,0.6700046641628699,0.6700046641628699
G0,W0082F0002T0006Z000C1N152.png,33,0.10575663285374573,0.10575663285374573
G0,W0082F0002T0006Z000C1N152.png,34,0.9080317635817966,0.9080317635817966
G0,W0082F0002T0006Z000C1N152.png,35,1.489829525109799,1.489829525109799
G0,W0082F0002T0006Z000C1N152.png,36,0.43754464057967846,0.43754464057967846
G0,W0082F0002T0006Z000C1N152.png,37,0.0383016173142716,0.0383016173142716
G0,W0082F0002T0006Z000C1N152.png,38,0.07267220926874421,0.14534441853748634
G0,W0082F0002T0006Z000C1N152.png,39,0.9245000027593515,1.3295119558756612
G0,W0082F0002T0006Z000C1N152.png,40,0.08125,0.08125
G0,W0082F0002T0006Z000C1N152.png,41,0.10097184013377261,0.10097184013377261
G0,W0082F0002T0006Z000C1N152.png,42,0.04642857142857242,0.04642857142857242
G0,W0082F0002T0006Z000C1N152.png,43,0.325,0.6894291116568838
G0,W0082F0002T0006Z000C1N152.png,44,0.1625,0.5859020822628983
G0,W0082F0002T0006Z000C1N152.png,45,0.10367255398808962,0.10367255398808962
G0,W0082F0002T0006Z000C1N152.png,46,0.10332965160354608,0.10332965160354608
G0,W0082F0002T0006Z000C1N152.png,47,0.05904551520202766,0.05904551520202766
G0,W0082F0002T0006Z000C1N152.png,48,0.07267220926874343,0.07267220926874343
G0,W0082F0002T0006Z000C1N152.png,49,0.06958928570635825,0.06958928570635825
G0,W0082F0002T0006Z000C1N152.png,50,0.08125,0.08125
G0,W0082F0002T0006Z000C1N152.png,51,0.05735294117646923,0.05735294117646923
G0,W0082F0002T0006Z000C1N152.png,52,0.07267220926874239,0.07267220926874239
G0,W0082F0002T0006Z000C1N152.png,53,0.16900255100115455,0.4280502783743135
G0,W0082F0002T0006Z000C1N152.png,54,0.6852270666082156,1.3767620102299818
G0,W0082F0002T0006Z000C1N152.png,55,0.0,2.6651981633642183
G0,W0082F0002T0006Z000C1N152.png,56,2.7625,2.9295104113144914
G0,W0082F0003T0006Z000C1N68.png,1,0.8786444440317013,0.8786444440317013
G0,W0082F0003T0006Z000C1N68.png,2,0.7092447749729611,0.7092447749729611
G0,W0082F0003T0006Z000C1N68.png,3,0.03830161731427078,0.03830161731427078
G0,W0082F0003T0006Z000C1N68.png,4,0.15189208203450028,0.15189208203450028
G0,W0082F0003T0006Z000C1N68.png,5,0.6916862760774485,0.6916862760774485
G0,W0082F0003T0006Z000C1N68.png,6,0.07288689868556679,0.07288689868556679
G0,W0082F0003T0006Z000C1N68.png,7,0.09558823529411731,0.09558823529411731
G0,W0082F0003T0006Z000C1N68.png,8,0.07955357101448711,0.07955357101448711
G0,W0082F0003T0006Z000C1N68.png,9,0.33500233208143493,0.33500233208143493
G0,W0082F0003T0006Z000C1N68.png,10,0.08125,0.08125
G0,W0082F0003T0006Z000C1N68.png,11,0.028726212985703495,0.028726212985703495
G0,W0082F0003T0006Z000C1N68.png,12,0.04333333333333318,0.04333333333333318
G0,W0082F0003T0006Z000C1N68.png,13,0.07660323462854238,0.07660323462854238
G0,W0082F0003T0006Z000C1N68.png,14,0.03830161731427242,0.03830161731427242
G0,W0082F0003T0006Z000C1N68.png,15,1.8576174713199396,1.8576174713199396
G0,W0082F0003T0006Z000C1N68.png,16,0.17875512934559748,0.17875512934559748
G0,W0082F0003T0006Z000C1N68.png,17,1.390775974950675,1.390775974950675
G0,W0082F0003T0006Z000C1N68.png,18,0.05377353895491223,0.05377353895491223
G0,W0082F0003T0006Z000C1N68.png,19,0.14995523420549547,0.14995523420549547
G0,W0082F0003T0006Z000C1N68.png,20,0.04642857142857242,0.04642857142857242
G0,W0082F0003T0006Z000C1N68.png,21,0.028726212985703495,0.028726212985703495
G0,W0082F0003T0006Z000C1N68.png,22,0.05785002535892006,0.05785002535892006
G0,W0082F0003T0006Z000C1N68.png,23,0.09357977743560865,0.09357977743560865
G0,W0082F0003T0006Z000C1N68.png,24,0.06958432142573456,0.06958432142573456
G0,W0082F0003T0006Z000C1N68.png,25,0.06036524385278565,0.06036524385278565
G0,W0082F0003T0006Z000C1N68.png,26,0.032500000000000466,0.032500000000000466
G0,W0082F0003T0006Z000C1N68.png,27,0.08125,0.08125
G0,W0082F0003T0006Z000C1N68.png,28,0.6989389279472135,0.6989389279472135
G0,W0082F0003T0006Z000C1N68.png,29,0.0789608069093641,0.0789608069093641
G0,W0082F0003T0006Z000C1N68.png,30,0.11490485194281398,0.11490485194281398
G0,W0082F0003T0006Z000C1N68.png,31,0.5450415695155738,0.5450415695155738
G0,W0082F0003T0006Z000C1N68.png,32,0.0766032346285432,0.0766032346285432
G0,W0082F0003T0006Z000C1N68.png,33,0.09765034704381723,0.09765034704381723
G0,W0082F0003T0006Z000C1N68.png,34,0.0,0.0
G0,W0082F0003T0006Z000C1N68.png,35,0.028726212985703495,0.028726212985703495
G0,W0082F0003T0006Z000C1N68.png,36,0.0,0.0
G0,W0082F0003T0006Z000C1N68.png,37,0.06319322545108258,0.06319322545108258
G0,W0082F0003T0006Z000C1N68.png,38,0.5290616693732415,0.5290616693732415
G0,W0082F0003T0006Z000C1N68.png,39,0.05772787306762629,0.05772787306762629
G0,W0082F0003T0006Z000C1N68.png,40,0.11490485194281398,0.11490485194281398
G0,W0082F0003T0006Z000C1N68.png,41,0.09765034704381595,0.09765034704381595
G0,W0082F0003T0006Z000C1N68.png,42,0.07660323462854483,0.07660323462854483
G0,W0082F0003T0006Z000C1N68.png,43,0.09084026158592896,0.09084026158592896
G0,W0082F0003T0006Z000C1N68.png,44,0.8125,0.8125
G0,W0082F0003T0006Z000C1N68.png,45,0.4737648414561807,0.4737648414561807
G0,W0082F0003T0006Z000C1N68.png,46,1.9546963123746643,1.9546963123746643
G0,W0082F0003T0006Z000C1N68.png,47,0.058962382075352496,0.058962382075352496
G0,W0082F0003T0006Z000C1N68.png,48,0.028726212985703495,0.028726212985703495
G0,W0082F0003T0006Z000C1N68.png,49,0.04506939094329987,0.04506939094329987
G0,W0082F0003T0006Z000C1N68.png,50,0.07267220926874317,0.07267220926874317
G0,W0082F0003T0006Z000C1N68.png,51,0.07267220926874317,0.07267220926874317
G0,W0082F0003T0006Z000C1N68.png,52,0.040625,0.040625
G0,W0082F0003T0006Z000C1N68.png,53,0.09192388155425188,0.09192388155425188
G0,W0082F0003T0006Z000C1N68.png,54,0.028726212985703495,0.028726212985703495
G0,W0082F0003T0006Z000C1N68.png,55,0.6894291116568838,0.6894291116568838
G0,W0082F0003T0006Z000C1N68.png,56,0.07292410676327775,0.07292410676327775
G0,W0082F0003T0006Z000C1N68.png,57,0.08125,0.08125
G0,W0082F0003T0006Z000C1N68.png,58,0.07267220926874421,0.07267220926874421
G0,W0082F0002T0006Z000C1N46.png,1,1.370922378693549,1.370922378693549
G0,W0082F0002T0006Z000C1N46.png,2,0.07660323462854371,0.07660323462854371
G0,W0082F0002T0006Z000C1N46.png,3,0.04642857142857242,0.04642857142857242
G0,W0082F0002T0006Z000C1N46.png,4,1.79487116529293,1.79487116529293
G0,W0082F0002T0006Z000C1N46.png,5,1.65877402017273,1.65877402017273
G0,W0082F0002T0006Z000C1N46.png,6,0.3296553000842409,0.3296553000842409
G0,W0082F0002T0006Z000C1N46.png,7,1.7544168591372462,1.7544168591372462
G0,W0082F0002T0006Z000C1N46.png,8,0.9459801648143699,0.9459801648143699
G0,W0082F0002T0006Z000C1N46.png,9,0.284375,0.284375
G0,W0082F0002T0006Z000C1N46.png,10,0.9104190503401292,0.9104190503401292
G0,W0082F0002T0006Z000C1N46.png,11,0.21056215175830276,0.21056215175830276
G0,W0082F0002T0006Z000C1N46.png,12,0.040625,0.040625
G0,W0082F0002T0006Z000C1N46.png,13,0.08149003006503314,0.08149003006503314
G0,W0082F0002T0006Z000C1N46.png,14,0.05190872090624622,0.05190872090624622
G0,W0082F0002T0006Z000C1N46.png,15,0.0766032346285432,0.0766032346285432
G0,W0082F0002T0006Z000C1N46.png,16,0.06936717923885606,0.06936717923885606
G0,W0082F0002T0006Z000C1N46.png,17,0.0766032346285432,0.0766032346285432
G0,W0082F0002T0006Z000C1N46.png,18,0.08750892811593587,0.08750892811593587
G0,W0082F0002T0006Z000C1N46.png,19,0.05709667997526293,0.05709667997526293
G0,W0082F0002T0006Z000C1N46.png,20,0.0,0.0
G0,W0082F0002T0006Z000C1N46.png,21,0.05388959750101017,0.05388959750101017
G0,W0082F0002T0006Z000C1N46.png,22,0.08125,0.08125
G0,W0082F0002T0006Z000C1N46.png,23,0.05709667997526184,0.05709667997526184
G0,W0082F0002T0006Z000C1N46.png,24,0.784073024540763,0.784073024540763
G0,W0082F0002T0006Z000C1N46.png,25,1.2375631297028853,1.2375631297028853
G0,W0082F0002T0006Z000C1N46.png,26,1.541610359332085,1.541610359332085
G0,W0082F0002T0006Z000C1N46.png,27,0.046428571428571264,0.046428571428571264
G0,W0082F0002T0006Z000C1N46.png,28,0.138098445159804,0.138098445159804
G0,W0082F0002T0006Z000C1N46.png,29,0.08014265186567812,0.08014265186567812
G0,W0082F0002T0006Z000C1N46.png,30,0.04506939094330083,0.04506939094330083
G0,W0082F0002T0006Z000C1N46.png,31,0.05886000339789323,0.05886000339789323
G0,W0082F0002T0006Z000C1N46.png,32,0.8285906709588281,0.8285906709588281
G0,W0082F0002T0006Z000C1N46.png,33,0.06770833333333272,0.06770833333333272
G0,W0082F0002T0006Z000C1N46.png,34,0.028726212985703495,0.028726212985703495
G0,W0082F0002T0006Z000C1N46.png,35,0.12402274237009987,0.12402274237009987
G0,W0082F0002T0006Z000C1N46.png,36,0.05745242597140699,0.05745242597140699
G0,W0082F0002T0006Z000C1N46.png,37,0.06894291116568772,0.06894291116568772
G0,W0082F0002T0006Z000C1N46.png,38,0.040625,0.040625
G0,W0082F0002T0006Z000C1N46.png,39,0.06688636749760553,0.06688636749760553
G0,W0082F0002T0006Z000C1N46.png,40,0.25534411542847624,0.25534411542847624
G0,W0082F0002T0006Z000C1N46.png,41,0.03446482836840582,0.03446482836840582
G0,W0082F0002T0006Z000C1N46.png,42,0.8002196963959335,0.8002196963959335
G0,W0082F0002T0006Z000C1N46.png,43,0.6550584420492571,0.6550584420492571
G0,W0082F0002T0006Z000C1N46.png,44,0.9510068677459697,0.9510068677459697
G0,W0082F0002T0006Z000C1N46.png,45,1.3501659652355913,1.3501659652355913
G0,W0082F0001T0006Z000C1N7.png,1,0.4507398962612841,0.5022017847967717
G0,W0082F0001T0006Z000C1N7.png,2,0.09518564869157975,0.09518564869157975
G0,W0082F0001T0006Z000C1N7.png,3,0.9750000000000001,0.9750000000000001
G0,W0082F0001T0006Z000C1N7.png,4,0.10528107587915109,0.10528107587915109
G0,W0082F0001T0006Z000C1N7.png,5,0.032673437341804674,0.032673437341804674
G0,W0082F0001T0006Z000C1N7.png,6,0.0,0.0
G0,W0082F0001T0006Z000C1N7.png,7,0.0781976269226423,0.0781976269226423
G0,W0082F0001T0006Z000C1N7.png,8,0.0,0.0
G0,W0082F0001T0006Z000C1N7.png,9,0.11490485194281398,0.11490485194281398
G0,W0082F0001T0006Z000C1N7.png,10,0.09317900566922448,0.09317900566922448
G0,W0082F0001T0006Z000C1N7.png,11,0.06892965673681131,0.06892965673681131
G0,W0082F0001T0006Z000C1N7.png,12,0.05709667997526184,0.05709667997526184
G0,W0082F0001T0006Z000C1N7.png,13,0.05416666666666682,0.05416666666666682
G0,W0082F0001T0006Z000C1N7.png,14,0.08125,0.08125
G0,W0082F0001T0006Z000C1N7.png,15,0.046468423735178815,0.046468423735178815
G0,W0082F0001T0006Z000C1N7.png,16,0.8747151248188039,0.8747151248188039
G0,W0082F0001T0006Z000C1N7.png,17,0.0423913043478283,0.0423913043478283
G0,W0082F0001T0006Z000C1N7.png,18,0.03526340337699415,0.03526340337699415
G0,W0082F0001T0006Z000C1N7.png,19,0.0559151142357775,0.0559151142357775
G0,W0082F0001T0006Z000C1N7.png,20,0.07267220926874421,0.07267220926874421
G0,W0082F0001T0006Z000C1N7.png,21,0.0,0.0
G0,W0082F0001T0006Z000C1N7.png,22,0.0,0.0
G0,W0082F0001T0006Z000C1N7.png,23,1.7235727791422097,1.7235727791422097
G0,W0082F0001T0006Z000C1N7.png,24,0.0,0.0
G0,W0082F0001T0006Z000C1N7.png,25,0.07267220926874317,0.07267220926874317
G0,W0082F0001T0006Z000C1N7.png,26,0.8517550068508554,0.8517550068508554
G0,W0082F0001T0006Z000C1N7.png,27,0.9850355129307236,0.9850355129307236
G0,W0082F0001T0006Z000C1N7.png,28,0.07267220926874421,0.07267220926874421
G0,W0082F0001T0006Z000C1N7.png,29,0.04642857142857242,0.04642857142857242
G0,W0082F0001T0006Z000C1N7.png,30,0.04642857142857242,0.04642857142857242
G0,W0082F0001T0006Z000C1N7.png,31,0.5955076745902345,0.5955076745902345
G0,W0082F0001T0006Z000C1N7.png,32,0.0,0.0
G0,W0082F0001T0006Z000C1N7.png,33,1.46306412731124,1.6173648755382937
G0,W0082F0001T0006Z000C1N7.png,34,0.07660323462854483,0.07660323462854483
G0,W0082F0001T0006Z000C1N7.png,35,0.03633610463436952,0.03633610463436952
G0,W0082F0001T0006Z000C1N7.png,36,0.08370029746612787,0.08370029746612787
G0,W0082F0001T0006Z000C1N7.png,37,0.11490485194281398,0.11490485194281398
G0,W0082F0001T0006Z000C1N7.png,38,0.0766032346285432,0.0766032346285432
G0,W0082F0001T0006Z000C1N37.png,1,2.6919216940737325,2.6919216940737325
G0,W0082F0001T0006Z000C1N37.png,2,0.0889435963206245,0.0889435963206245
G0,W0082F0001T0006Z000C1N37.png,3,3.0422673493629717,3.0422673493629717
G0,W0082F0001T0006Z000C1N37.png,4,2.4133733946439597,2.4133733946439597
G0,W0082F0001T0006Z000C1N37.png,5,0.08125,0.08125
G0,W0082F0001T0006Z000C1N37.png,6,0.09459160805298471,0.09459160805298471
G0,W0082F0001T0006Z000C1N37.png,7,1.7817457887015076,1.7817457887015076
G0,W0082F0001T0006Z000C1N37.png,8,0.18168052317185793,0.18168052317185793
G0,W0082F0001T0006Z000C1N37.png,9,0.09013878188659942,0.09013878188659942
G0,W0082F0001T0006Z000C1N37.png,10,1.1824945906985156,1.3663836922809238
G0,W0082F0001T0006Z000C1N37.png,11,0.0976503470438166,0.0976503470438166
G0,W0082F0001T0006Z000C1N37.png,12,1.7501785623187138,1.7501785623187138
G0,W0082F0001T0006Z000C1N37.png,13,0.8285906709588275,0.8285906709588275
G0,W0082F0001T0006Z000C1N37.png,14,0.18898531489388817,0.18898531489388817
G0,W0082F0001T0006Z000C1N37.png,15,0.5859020822628983,0.9192388155425119
G0,W0082F0001T0006Z000C1N37.png,16,0.0,0.0
G0,W0082F0001T0006Z000C1N37.png,17,0.08750892811593587,0.08750892811593587
G0,W0082F0001T0006Z000C1N37.png,18,0.04506939094329987,0.04506939094329987
G0,W0082F0001T0006Z000C1N37.png,19,1.406248456789276,1.406248456789276
G0,W0082F0001T0006Z000C1N37.png,20,2.199760285235644,2.378558189849473
G0,W0082F0001T0006Z000C1N37.png,21,0.1625,0.1625
G0,W0082F0001T0006Z000C1N37.png,22,0.9750000000000001,1.14904851942814
G0,W0082F0001T0006Z000C1N37.png,23,0.18973440781211115,0.18973440781211115
G0,W0082F0001T0006Z000C1N37.png,24,0.08125,0.08125
G0,W0082F0001T0006Z000C1N37.png,25,0.08125,0.08125
G0,W0082F0001T0006Z000C1N37.png,26,0.09401306068048357,0.09401306068048357
G0,W0082F0001T0006Z000C1N37.png,27,1.040507688582838,1.040507688582838
G0,W0082F0001T0006Z000C1N37.png,28,0.07323776028286229,0.07323776028286229
G0,W0082F0001T0006Z000C1N37.png,29,0.6700046641628699,0.6700046641628699
G0,W0082F0001T0006Z000C1N37.png,30,0.11490485194281398,0.11490485194281398
G0,W0082F0001T0006Z000C1N37.png,31,0.1625,0.1625
G0,W0082F0001T0006Z000C1N37.png,32,1.0021290811629509,1.03772823167364
G0,W0082F0001T0006Z000C1N37.png,33,0.2646835808265864,1.131800590444542
G0,W0082F0001T0006Z000C1N37.png,34,2.7927663713783946,2.7927663713783946
G0,W0082F0001T0006Z000C1N37.png,35,2.1047514142114268,2.1047514142114268
G0,W0082F0001T0006Z000C1N37.png,36,0.032500000000000466,0.032500000000000466
G0,W0082F0001T0006Z000C1N37.png,37,0.07660323462854156,0.07660323462854156
G0,W0082F0001T0006Z000C1N37.png,38,1.5159712877599298,2.1924330537812327
G0,W0082F0001T0006Z000C1N37.png,39,0.6550584420492571,1.3226541734331012
G0,W0082F0001T0006Z000C1N37.png,40,2.661387896791838,2.7286390990097296
G0,W0082F0001T0006Z000C1N37.png,41,0.08125,0.08125
G0,W0082F0001T0006Z000C1N37.png,42,0.978379559526874,1.0931069538247389
G0,W0082F0001T0006Z000C1N37.png,43,0.0,0.0
G0,W0082F0001T0006Z000C1N37.png,44,2.6580829154028,2.6580829154028
G0,W0082F0001T0006Z000C1N37.png,45,0.550361351904141,0.550361351904141
G0,W0082F0001T0006Z000C1N37.png,46,1.8554119413818124,2.364745699271325
G0,W0082F0001T0006Z000C1N37.png,47,2.4683007678472975,2.4683007678472975
G0,W0082F0001T0006Z000C1N37.png,48,1.3444358714717497,1.3444358714717497
G0,W0082F0001T0006Z000C1N37.png,49,2.197057691550225,2.951064426609491
G0,W0082F0001T0006Z000C1N37.png,50,0.1552279070431606,0.1552279070431606
G0,W0082F0001T0006Z000C1N37.png,51,2.4050000000000007,2.4050000000000007
G0,W0082F0001T0006Z000C1N37.png,52,1.5553378937449014,1.5553378937449014
G0,W0082F0001T0006Z000C1N37.png,53,0.07267220926874317,0.07267220926874317
G0,W0082F0001T0006Z000C1N37.png,54,1.2093853179289973,1.347106595839971
G0,W0082F0001T0006Z000C1N37.png,55,0.05138701197773763,0.05138701197773763
G0,W0082F0001T0006Z000C1N37.png,56,0.6936717923885589,0.6936717923885589
G0,W0082F0002T0006Z000C1N85.png,1,0.4290283609123299,0.4290283609123299
G0,W0082F0002T0006Z000C1N85.png,2,0.046428571428571264,0.046428571428571264
G0,W0082F0002T0006Z000C1N85.png,3,0.11792476415070728,0.11792476415070728
G0,W0082F0002T0006Z000C1N85.png,4,0.11490485194281398,0.11490485194281398
G0,W0082F0002T0006Z000C1N85.png,5,0.08125,0.08125
G0,W0082F0002T0006Z000C1N85.png,6,0.06090951492389731,0.06090951492389731
G0,W0082F0002T0006Z000C1N85.png,7,0.981747485354559,1.2214553307427989
G0,W0082F0002T0006Z000C1N85.png,8,0.0203125,0.0203125
G0,W0082F0002T0006Z000C1N85.png,9,1.040507688582838,1.541610359332085
G0,W0082F0002T0006Z000C1N85.png,10,0.06090951492389731,0.06090951492389731
G0,W0082F0002T0006Z000C1N85.png,11,0.020891791262329693,0.020891791262329693
G0,W0082F0002T0006Z000C1N85.png,12,0.31319451908790447,0.31319451908790447
G0,W0082F0002T0006Z000C1N85.png,13,0.0,0.0
G0,W0082F0002T0006Z000C1N85.png,14,0.08323199857278313,0.08323199857278313
G0,W0082F0002T0006Z000C1N85.png,15,0.1625,0.1625
G0,W0082F0002T0006Z000C1N85.png,16,0.06090951492389731,0.06090951492389731
G0,W0082F0002T0006Z000C1N85.png,17,0.08125,0.08125
G0,W0082F0002T0006Z000C1N85.png,18,0.5138701197773617,0.7267220926874317
G0,W0082F0002T0006Z000C1N85.png,19,0.06513490156330924,0.06513490156330924
G0,W0082F0002T0006Z000C1N85.png,20,1.4509748213179876,1.4509748213179876
G0,W0082F0002T0006Z000C1N85.png,21,0.21125000000000044,0.21125000000000044
G0,W0082F0002T0006Z000C1N85.png,22,0.9403963592549692,1.0863219193682885
G0,W0082F0002T0006Z000C1N85.png,23,0.11490485194281398,0.11490485194281398
G0,W0082F0002T0006Z000C1N85.png,24,0.03830161731427201,0.03830161731427201
G0,W0082F0002T0006Z000C1N85.png,25,0.08838834764831854,0.08838834764831854
G0,W0082F0002T0006Z000C1N85.png,26,0.07300104447424759,0.07300104447424759
G0,W0082F0002T0006Z000C1N85.png,27,0.07660323462854278,0.07660323462854278
G0,W0082F0002T0006Z000C1N85.png,28,0.47593708962556175,0.70511004515696
G0,W0082F0002T0006Z000C1N85.png,29,0.0,0.0
G0,W0082F0002T0006Z000C1N85.png,30,0.18130936747640347,0.18130936747640347
G0,W0082F0002T0006Z000C1N85.png,31,0.07267220926874317,0.1027740239554727
G0,W0082F0002T0006Z000C1N85.png,32,0.642337649721702,1.1447314777929365
G0,W0082F0002T0006Z000C1N85.png,33,0.028726212985703495,0.028726212985703495
G0,W0082F0002T0006Z000C1N85.png,34,0.04596194077712625,0.04596194077712625
G0,W0082F0002T0006Z000C1N85.png,35,0.931225670823136,1.7803949702243045
G0,W0082F0002T0006Z000C1N85.png,36,0.08125,0.08125
G0,W0082F0002T0006Z000C1N85.png,37,0.02708333333333295,0.02708333333333295
G0,W0082F0002T0006Z000C1N85.png,38,0.11490485194281398,0.11490485194281398
G0,W0082F0002T0006Z000C1N85.png,39,0.009848484848485129,0.009848484848485129
G0,W0082F0002T0006Z000C1N85.png,40,0.11490485194281398,0.11490485194281398
G0,W0082F0002T0006Z000C1N85.png,41,0.0804333963599693,0.0804333963599693
G0,W0082F0002T0006Z000C1N85.png,42,0.08750892811593587,0.08750892811593587
G0,W0082F0002T0006Z000C1N85.png,43,0.8365199489551939,1.5628749550107968
G0,W0082F0002T0006Z000C1N85.png,44,0.0,0.0
G0,W0082F0002T0006Z000C1N85.png,45,0.06936717923885606,0.06936717923885606
G0,W0082F0002T0006Z000C1N85.png,46,1.0689226802565193,1.2901579209820258
G0,W0082F0002T0006Z000C1N85.png,47,0.897435582646465,0.897435582646465
G0,W0082F0002T0006Z000C1N85.png,48,0.4510106922582324,0.4510106922582324
G0,W0082F0002T0006Z000C1N85.png,49,0.040625,0.040625
G0,W0082F0002T0006Z000C1N85.png,50,1.1965807768619525,1.250534607899979
G0,W0082F0002T0006Z000C1N85.png,51,0.409845202823917,0.409845202823917
G0,W0082F0002T0006Z000C1N85.png,52,0.1625,0.1625
G0,W0082F0002T0006Z000C1N85.png,53,0.8125,1.3788582233137676
G0,W0082F0002T0006Z000C1N85.png,54,0.027619689031961617,0.027619689031961617
G0,W0082F0002T0006Z000C1N85.png,55,0.2646835808265854,0.2646835808265854
G0,W0082F0002T0006Z000C1N85.png,56,0.0,0.0
G0,W0082F0002T0006Z000C1N85.png,57,0.0,0.0
G0,W0082F0002T0006Z000C1N85.png,58,0.3531234636151443,0.3531234636151443
G0,W0082F0002T0006Z000C1N85.png,59,0.08125,0.08125
G0,W0082F0002T0006Z000C1N85.png,60,0.04642857142857242,0.04642857142857242
G0,W0082F0002T0006Z000C1N85.png,61,3.8881329870517547,4.307016441227036
G0,W0082F0002T0006Z000C1N85.png,62,0.08125,0.18168052317185793
G0,W0082F0002T0006Z000C1N85.png,63,0.032500000000000466,0.032500000000000466
G0,W0082F0002T0006Z000C1N85.png,64,0.040625,0.040625
G0,W0082F0002T0006Z000C1N85.png,65,0.14024964076493818,0.14024964076493818
G0,W0082F0002T0006Z000C1N85.png,66,0.2906888370749727,1.1116710394716596
G0,W0082F0002T0006Z000C1N85.png,67,0.10298732205546009,0.10298732205546009
G0,W0082F0002T0006Z000C1N85.png,68,0.9192388155425119,1.6730398979103878
G0,W0082F0002T0006Z000C1N85.png,69,0.14111627913014643,0.14111627913014643
G0,W0082F0002T0006Z000C1N85.png,70,0.758720139445368,0.758720139445368
G0,W0082F0002T0006Z000C1N85.png,71,0.12112034878123895,0.12112034878123895
G0,W0082F0002T0006Z000C1N85.png,72,0.36336104634371585,0.9884489111734607
G0,W0082F0002T0006Z000C1N85.png,73,0.29963519486201984,0.5290616693732415
G0,W0082F0002T0006Z000C1N85.png,74,0.06895352021571123,0.06895352021571123
G0,W0082F0002T0006Z000C1N85.png,75,0.08125,0.08125
G0,W0082F0002T0006Z000C1N85.png,76,0.8636993472846903,1.4374592385525233
G0,W0082F0002T0006Z000C1N85.png,77,0.9750000000000001,2.036119163998021
G0,W0082F0002T0006Z000C1N85.png,78,0.8660631729557464,2.3309421962998886
G0,W0082F0002T0006Z000C1N85.png,79,0.07267220926874317,0.07267220926874317
G0,W0082F0002T0006Z000C1N85.png,80,0.08125,0.08125
G0,W0082F0002T0006Z000C1N85.png,81,0.9080317635817986,1.425364704493671
G0,W0082F0002T0006Z000C1N85.png,82,0.08125,0.08125
G0,W0082F0002T0006Z000C1N85.png,83,11.081499221675738,11.303507475558193
G0,W0082F0002T0006Z000C1N84.png,1,1.3400093283257397,1.3400093283257397
G0,W0082F0002T0006Z000C1N84.png,2,0.08125,0.08125
G0,W0082F0002T0006Z000C1N84.png,3,2.0889310214796466,2.0889310214796466
G0,W0082F0002T0006Z000C1N84.png,4,1.7068815643579076,1.7068815643579076
G0,W0082F0002T0006Z000C1N84.png,5,2.0682873349706514,2.0682873349706514
G0,W0082F0002T0006Z000C1N84.png,6,0.9917826437783633,0.9917826437783633
G0,W0082F0002T0006Z000C1N84.png,7,3.340155778552851,3.340155778552851
G0,W0082F0002T0006Z000C1N84.png,8,0.05832517101543382,0.05832517101543382
G0,W0082F0002T0006Z000C1N84.png,9,0.047395833333333526,0.047395833333333526
G0,W0082F0002T0006Z000C1N84.png,10,3.3867407274697072,3.3867407274697072
G0,W0082F0002T0006Z000C1N84.png,11,3.207288791002283,3.207288791002283
G0,W0082F0002T0006Z000C1N84.png,12,3.3698893919369053,4.844359728648933
G0,W0082F0002T0006Z000C1N84.png,13,2.1769814528776923,2.1769814528776923
G0,W0082F0002T0006Z000C1N84.png,14,0.19500000000000048,0.19500000000000048
G0,W0082F0002T0006Z000C1N84.png,15,1.2166416949492118,1.2166416949492118
G0,W0082F0002T0006Z000C1N84.png,16,3.3163538901932643,4.060874674869935
G0,W0082F0002T0006Z000C1N84.png,17,1.37139046429365,1.37139046429365
G0,W0082F0002T0006Z000C1N84.png,18,0.03526340337699415,0.03526340337699415
G0,W0082F0002T0006Z000C1N84.png,19,8.363865883094242,8.363865883094242
G0,W0082F0002T0006Z000C1N84.png,20,0.25169148723789264,0.25169148723789264
G0,W0082F0002T0006Z000C1N84.png,21,1.922940507481316,1.922940507481316
G0,W0082F0002T0006Z000C1N84.png,22,10.33893399969262,10.33893399969262
G0,W0082F0002T0006Z000C1N84.png,23,9.44808595033936,9.44808595033936
G0,W0082F0002T0006Z000C1N84.png,24,1.2112034878123843,1.2112034878123843
G0,W0082F0002T0006Z000C1N84.png,25,0.08125,0.08125
G0,W0082F0002T0006Z000C1N84.png,26,1.625,1.625
G0,W0082F0002T0006Z000C1N84.png,27,0.04642857142857242,0.04642857142857242
G0,W0082F0002T0006Z000C1N84.png,28,0.11490485194281398,0.11490485194281398
G0,W0082F0002T0006Z000C1N84.png,29,0.08370029746612594,0.08370029746612594
G0,W0082F0002T0006Z000C1N84.png,30,0.08125,0.08125
G0,W0082F0002T0006Z000C1N84.png,31,0.057096679975264034,0.057096679975264034
G0,W0082F0002T0006Z000C1N84.png,32,0.032499999999998155,0.032499999999998155
G0,W0082F0002T0006Z000C1N84.png,33,1.6351247085467213,1.6351247085467213
G0,W0082F0002T0006Z000C1N84.png,34,0.032499999999998155,0.032499999999998155
G0,W0082F0002T0006Z000C1N84.png,35,0.04642857142857011,0.04642857142857011
G0,W0082F0002T0006Z000C1N84.png,36,0.8125,0.8125
G0,W0082F0003T0006Z000C1N82.png,1,0.04642857142857242,0.04642857142857242
G0,W0082F0003T0006Z000C1N82.png,2,1.119364356454144,5.010299548180727
G0,W0082F0003T0006Z000C1N82.png,3,2.064737843192475,2.3647953282354996
G0,W0082F0003T0006Z000C1N82.png,4,0.19150808657135623,0.19150808657135623
G0,W0082F0003T0006Z000C1N82.png,5,1.9020137354919393,2.6202337681970285
G0,W0082F0003T0006Z000C1N82.png,6,3.5763662162172376,3.5763662162172376
G0,W0082F0003T0006Z000C1N82.png,7,3.9303506522955427,5.890484912127354
G0,W0082F0003T0006Z000C1N82.png,8,4.542302250162786,4.885017101789418
G0,W0082F0003T0006Z000C1N82.png,9,4.539919637229276,4.539919637229276
G0,W0082F0003T0006Z000C1N82.png,10,5.582781878146362,6.972763390895393
G0,W0082F0003T0006Z000C1N82.png,11,2.955839067340082,4.488260753567454
G0,W0082F0003T0006Z000C1N82.png,12,6.198770949528804,6.198770949528804
G0,W0082F0003T0006Z000C1N82.png,13,7.091593835309522,7.091593835309522
G0,W0082F0003T0006Z000C1N82.png,14,7.79168436940948,7.79168436940948
G0,W0082F0003T0006Z000C1N82.png,15,7.430348559750596,8.228473771741934
G0,W0082F0003T0006Z000C1N82.png,16,2.9779661406855262,3.3077443915861213
G0,W0082F0003T0006Z000C1N82.png,17,5.974085475252677,7.157497844262686
G0,W0082F0003T0006Z000C1N82.png,18,0.11051194788347497,0.11051194788347497
G0,W0082F0003T0006Z000C1N82.png,19,5.31861780094227,5.31861780094227
G0,W0082F0003T0006Z000C1N82.png,20,0.7397270987029978,0.7397270987029978
G0,W0082F0003T0006Z000C1N82.png,21,4.060058155029583,4.060058155029583
G0,W0082F0003T0006Z000C1N82.png,22,3.651733321314688,4.42047791533902
G0,W0082F0003T0006Z000C1N82.png,23,2.958068458488079,3.1953180433188777
G0,W0082F0003T0006Z000C1N82.png,24,2.270352395554487,2.270352395554487
G0,W0082F0003T0006Z000C1N82.png,25,0.0,0.0
G0,W0082F0003T0006Z000C1N82.png,26,1.5811760400894928,1.5811760400894928
G0,W0082F0003T0006Z000C1N82.png,27,0.1625,0.1625
G0,W0082F0003T0006Z000C1N82.png,28,0.03869047619047663,0.03869047619047663
G0,W0082F0003T0006Z000C1N82.png,29,2.751597547335003,3.0552273340129705
G0,W0082F0003T0006Z000C1N82.png,30,1.7985454192207657,1.7985454192207657
G0,W0082F0003T0006Z000C1N82.png,31,0.19969683655634612,0.19969683655634612
G0,W0082F0003T0006Z000C1N82.png,32,1.3836376422315202,3.059577687361444
G0,W0082F0003T0006Z000C1N82.png,33,0.08125,0.08125
G0,W0082F0003T0006Z000C1N82.png,34,0.028726212985703495,0.028726212985703495
G0,W0082F0003T0006Z000C1N82.png,35,1.1186433065200998,1.1186433065200998
G0,W0082F0003T0006Z000C1N82.png,36,0.0383016173142716,0.0383016173142716
G0,W0082F0003T0006Z000C1N82.png,37,1.3788582233137676,1.7875
G0,W0082F0003T0006Z000C1N82.png,38,0.07267220926874421,0.07267220926874421
G0,W0082F0003T0006Z000C1N82.png,39,1.0024492575132622,1.0024492575132622
G0,W0082F0003T0006Z000C1N82.png,40,1.7334715080980585,1.7334715080980585
G0,W0082F0003T0006Z000C1N82.png,41,0.0,0.0
G0,W0082F0003T0006Z000C1N82.png,42,1.79487116529293,1.956759119053748
G0,W0082F0003T0006Z000C1N82.png,43,0.07288689868556679,0.07288689868556679
G0,W0082F0003T0006Z000C1N82.png,44,0.03830161731426997,0.13809844515980466
G0,W0082F0003T0006Z000C1N82.png,45,0.040625,0.040625
G0,W0082F0003T0006Z000C1N82.png,46,0.07341001711104958,0.07341001711104958
G0,W0082F0003T0006Z000C1N82.png,47,0.11490485194281398,0.11490485194281398
G0,W0082F0001T0006Z000C1N36.png,1,1.8901315789473685,3.0239570327195584
G0,W0082F0001T0006Z000C1N36.png,2,2.371783389205789,2.864710697926145
G0,W0082F0001T0006Z000C1N36.png,3,2.8654366230674726,3.901726871082933
G0,W0082F0001T0006Z000C1N36.png,4,1.882669900266412,3.45876980030388
G0,W0082F0001T0006Z000C1N36.png,5,2.5072570451840392,3.3933428047612577
G0,W0082F0001T0006Z000C1N36.png,6,0.08125,0.08125
G0,W0082F0001T0006Z000C1N36.png,7,3.1202031883303594,3.3412581469633205
G0,W0082F0001T0006Z000C1N36.png,8,1.380984451598046,2.3467360607637344
G0,W0082F0001T0006Z000C1N36.png,9,1.8140222759387596,2.52665399076142
G0,W0082F0001T0006Z000C1N36.png,10,3.022674726132469,3.350023320814348
G0,W0082F0001T0006Z000C1N36.png,11,1.0771528632540166,1.431965833377034
G0,W0082F0001T0006Z000C1N36.png,12,2.475163174866363,2.8090908788688114
G0,W0082F0001T0006Z000C1N36.png,13,1.8168052317185792,2.21023895766951
G0,W0082F0001T0006Z000C1N36.png,14,1.1883246519851487,1.4326433753784034
G0,W0082F0001T0006Z000C1N36.png,15,2.253131501377583,2.253131501377583
G0,W0082F0001T0006Z000C1N36.png,16,1.117967318281219,1.117967318281219
G0,W0082F0001T0006Z000C1N36.png,17,0.09027777777777712,0.09027777777777712
G0,W0082F0001T0006Z000C1N36.png,18,1.9597257461185738,1.9597257461185738
G0,W0082F0001T0006Z000C1N36.png,19,0.08125,0.08125
G0,W0082F0001T0006Z000C1N36.png,20,3.179486440885976,3.179486440885976
G0,W0082F0001T0006Z000C1N36.png,21,0.8125,1.0900831390311476
G0,W0082F0001T0006Z000C1N36.png,22,1.4397536681668848,1.4397536681668848
G0,W0082F0001T0006Z000C1N36.png,23,3.7519553215805663,4.197745775676001
G0,W0082F0001T0006Z000C1N36.png,24,1.0277402395547235,1.3400093283257397
G0,W0082F0001T0006Z000C1N36.png,25,0.06532419153728682,0.06532419153728682
G0,W0082F0001T0006Z000C1N36.png,26,5.768304951533762,6.087547769604954
G0,W0082F0001T0006Z000C1N36.png,27,0.6544983235697047,1.1166744402714481
G0,W0082F0001T0006Z000C1N36.png,28,0.43754464057967846,0.43754464057967846
G0,W0082F0001T0006Z000C1N36.png,29,3.623604257158886,3.7770327722300743
G0,W0082F0001T0006Z000C1N22.png,1,0.09027777777777735,0.09027777777777735
G0,W0082F0001T0006Z000C1N22.png,2,0.9915350660415817,0.995160033228595
G0,W0082F0001T0006Z000C1N22.png,3,0.0,0.0
G0,W0082F0001T0006Z000C1N22.png,4,0.14630874888399534,0.14630874888399534
G0,W0082F0001T0006Z000C1N22.png,5,1.9447836074873535,2.1452661449300656
G0,W0082F0001T0006Z000C1N22.png,6,0.11490485194281398,0.11490485194281398
G0,W0082F0001T0006Z000C1N22.png,7,0.11490485194281398,0.11490485194281398
G0,W0082F0001T0006Z000C1N22.png,8,0.11490485194281398,0.11490485194281398
G0,W0082F0001T0006Z000C1N22.png,9,0.36336104634371585,0.36336104634371585
G0,W0082F0001T0006Z000C1N22.png,10,0.08022916975111784,0.08022916975111784
G0,W0082F0001T0006Z000C1N22.png,11,0.9084026158592896,0.9084026158592896
G0,W0082F0001T0006Z000C1N22.png,12,0.7267220926874317,0.7267220926874317
G0,W0082F0001T0006Z000C1N22.png,13,1.6907029787931411,1.9175688546959664
G0,W0082F0001T0006Z000C1N22.png,14,1.284675299443404,1.284675299443404
G0,W0082F0001T0006Z000C1N22.png,15,1.458482135265595,1.5263086370572487
G0,W0082F0001T0006Z000C1N22.png,16,1.956759119053748,2.0100139924886093
G0,W0082F0001T0006Z000C1N22.png,17,0.897435582646465,0.897435582646465
G0,W0082F0001T0006Z000C1N22.png,18,0.07267220926874317,0.07267220926874317
G0,W0082F0001T0006Z000C1N22.png,19,0.26202337681970317,1.3576289073233532
G0,W0082F0001T0006Z000C1N22.png,20,0.48783424755383753,0.48783424755383753
G0,W0082F0001T0006Z000C1N22.png,21,0.978379559526874,0.978379559526874
G0,W0082F0001T0006Z000C1N22.png,22,0.8365199489551939,0.981747485354559
G0,W0082F0001T0006Z000C1N22.png,23,0.9084026158592896,0.9084026158592896
G0,W0082F0001T0006Z000C1N22.png,24,0.07660323462854238,0.07660323462854238
G0,W0082F0001T0006Z000C1N22.png,25,1.2295356084717515,1.2295356084717515
G0,W0082F0001T0006Z000C1N22.png,26,0.6544983235697069,0.6544983235697069
G0,W0082F0001T0006Z000C1N22.png,27,0.0,0.0
G0,W0082F0001T0006Z000C1N22.png,28,1.1725081622850222,1.1725081622850222
G0,W0082F0001T0006Z000C1N22.png,29,1.9694630542922653,1.9694630542922653
G0,W0082F0001T0006Z000C1N22.png,30,0.22633630950424152,0.22633630950424152
G0,W0082F0001T0006Z000C1N22.png,31,0.9542080925615936,1.1141668920416723
G0,W0082F0001T0006Z000C1N22.png,32,1.4981759743100942,1.4981759743100942
G0,W0082F0001T0006Z000C1N22.png,33,0.8285906709588275,0.8285906709588275
G0,W0082F0001T0006Z000C1N22.png,34,1.7710029492581298,1.7710029492581298
G0,W0082F0001T0006Z000C1N22.png,35,2.187500000000001,2.187500000000001
G0,W0082F0001T0006Z000C1N22.png,36,0.16900255100115485,0.16900255100115485
G0,W0082F0001T0006Z000C1N22.png,37,1.2977317505097077,1.2977317505097077
G0,W0082F0001T0006Z000C1N22.png,38,2.1885066555719757,4.28321832102181
G0,W0082F0001T0006Z000C1N22.png,39,1.5628749550107968,2.7312571510203867
G0,W0082F0001T0006Z000C1N22.png,40,1.1370202648346384,5.768499368900744
G0,W0082F0003T0006Z000C1N41.png,1,0.05922060518202259,0.05922060518202259
G0,W0082F0003T0006Z000C1N41.png,2,0.0,0.0
G0,W0082F0003T0006Z000C1N41.png,3,0.08125,0.08125
G0,W0082F0003T0006Z000C1N41.png,4,0.03823529411764692,0.03823529411764692
G0,W0082F0003T0006Z000C1N41.png,5,1.105119478834755,1.105119478834755
G0,W0082F0003T0006Z000C1N41.png,6,0.11490485194281398,0.11490485194281398
G0,W0082F0003T0006Z000C1N41.png,7,0.07367463192231734,0.07367463192231734
G0,W0082F0003T0006Z000C1N41.png,8,0.07478629855387195,0.07478629855387195
G0,W0082F0003T0006Z000C1N41.png,9,0.09100137361600702,0.09100137361600702
G0,W0082F0003T0006Z000C1N41.png,10,0.040373449593746065,0.040373449593746065
G0,W0082F0003T0006Z000C1N41.png,11,0.11633229613912045,0.11633229613912045
G0,W0082F0003T0006Z000C1N41.png,12,0.046428571428571264,0.046428571428571264
G0,W0082F0003T0006Z000C1N41.png,13,0.028726212985703495,0.028726212985703495
G0,W0082F0003T0006Z000C1N41.png,14,0.02708333333333295,0.02708333333333295
G0,W0082F0003T0006Z000C1N41.png,15,0.08125,0.08125
G0,W0082F0003T0006Z000C1N41.png,16,0.040625,0.040625
G0,W0082F0003T0006Z000C1N41.png,17,0.03700765289263771,0.03700765289263771
G0,W0082F0003T0006Z000C1N41.png,18,0.8285906709588275,0.8285906709588275
G0,W0082F0003T0006Z000C1N41.png,19,0.0789608069093641,0.0789608069093641
G0,W0082F0003T0006Z000C1N41.png,20,0.02595436045312182,0.02595436045312182
G0,W0082F0003T0006Z000C1N41.png,21,0.07306002695485724,0.07306002695485724
G0,W0082F0003T0006Z000C1N41.png,22,0.0,0.0
G0,W0082F0003T0006Z000C1N41.png,23,0.0,0.0
G0,W0082F0003T0006Z000C1N41.png,24,0.04308931947855524,0.04308931947855524
G0,W0082F0003T0006Z000C1N41.png,25,0.040625,0.040625
G0,W0082F0003T0006Z000C1N41.png,26,0.325,0.325
G0,W0082F0003T0006Z000C1N41.png,27,0.08269624936921517,0.08269624936921517
G0,W0082F0003T0006Z000C1N41.png,28,0.020186724796873678,0.020186724796873678
G0,W0082F0003T0006Z000C1N41.png,29,0.0,0.0
G0,W0082F0003T0006Z000C1N41.png,30,0.0,0.0
G0,W0082F0003T0006Z000C1N41.png,31,0.03830161731427078,0.03830161731427078
G0,W0082F0003T0006Z000C1N41.png,32,0.06187815648514377,0.06187815648514377
G0,W0082F0003T0006Z000C1N41.png,33,0.05709667997526184,0.05709667997526184
G0,W0082F0003T0006Z000C1N41.png,34,0.02271006539648224,0.02271006539648224
G0,W0082F0003T0006Z000C1N41.png,35,0.06090951492389675,0.06090951492389675
G0,W0082F0003T0006Z000C1N41.png,36,2.2807961877379572,2.2807961877379572
G0,W0082F0003T0006Z000C1N41.png,37,0.06090951492389675,0.06090951492389675
G0,W0082F0003T0006Z000C1N41.png,38,0.08125,0.08125
G0,W0082F0003T0006Z000C1N41.png,39,0.0,0.0
G0,W0082F0003T0006Z000C1N41.png,40,0.0,0.0
G0,W0082F0003T0006Z000C1N41.png,41,0.9750000000000001,0.9750000000000001
G0,W0082F0003T0006Z000C1N41.png,42,0.0,0.0
G0,W0082F0003T0006Z000C1N41.png,43,0.06090951492389675,0.06090951492389675
G0,W0082F0003T0006Z000C1N41.png,44,0.1436310649285175,0.1436310649285175
G0,W0082F0003T0006Z000C1N41.png,45,0.49422445558673034,0.49422445558673034
G0,W0082F0003T0006Z000C1N41.png,46,0.08125,0.08125
G0,W0082F0003T0006Z000C1N41.png,47,0.08125,0.08125
G0,W0082F0003T0006Z000C1N41.png,48,0.05190872090624394,0.05190872090624394
G0,W0082F0003T0006Z000C1N41.png,49,0.17954966719656662,0.17954966719656662
G0,W0082F0003T0006Z000C1N41.png,50,0.0,0.0
G0,W0082F0003T0006Z000C1N41.png,51,0.17475756783064408,0.17475756783064408
G0,W0082F0003T0006Z000C1N41.png,52,0.9035935203397605,0.9035935203397605
G0,W0082F0003T0006Z000C1N41.png,53,0.08125,0.08125
G0,W0082F0003T0006Z000C1N41.png,54,0.0,0.0
G0,W0082F0003T0006Z000C1N41.png,55,0.07267220926874239,0.07267220926874239
G0,W0082F0003T0006Z000C1N41.png,56,0.19303555587009902,0.19303555587009902
G0,W0082F0003T0006Z000C1N41.png,57,0.1057637976945683,0.1057637976945683
G0,W0082F0003T0006Z000C1N41.png,58,0.11490485194281398,0.11490485194281398
G0,W0082F0003T0006Z000C1N41.png,59,0.05416666666666821,0.05416666666666821
G0,W0082F0002T0006Z000C1N53.png,1,1.4020857517624017,1.4020857517624017
G0,W0082F0002T0006Z000C1N53.png,2,0.9510068677459697,0.9510068677459697
G0,W0082F0002T0006Z000C1N53.png,3,0.520253844291419,0.520253844291419
G0,W0082F0002T0006Z000C1N53.png,4,0.08125,0.08125
G0,W0082F0002T0006Z000C1N53.png,5,0.07307371624284682,0.07307371624284682
G0,W0082F0002T0006Z000C1N53.png,6,1.4654883998176167,1.4654883998176167
G0,W0082F0002T0006Z000C1N53.png,7,1.1166744402714497,1.1166744402714497
G0,W0082F0002T0006Z000C1N53.png,8,0.0,0.0
G0,W0082F0002T0006Z000C1N53.png,9,1.6750116604071748,1.6750116604071748
G0,W0082F0002T0006Z000C1N53.png,10,0.0,0.0
G0,W0082F0002T0006Z000C1N53.png,11,0.07169117647058816,0.07169117647058816
G0,W0082F0002T0006Z000C1N53.png,12,0.08370029746612852,0.08370029746612852
G0,W0082F0002T0006Z000C1N53.png,13,0.040625,0.040625
G0,W0082F0002T0006Z000C1N53.png,14,0.08125,0.08125
G0,W0082F0002T0006Z000C1N53.png,15,0.05709667997526184,0.05709667997526184
G0,W0082F0002T0006Z000C1N53.png,16,0.028726212985703495,0.028726212985703495
G0,W0082F0002T0006Z000C1N53.png,17,0.07660323462854238,0.07660323462854238
G0,W0082F0002T0006Z000C1N53.png,18,0.042976039616237256,0.042976039616237256
G0,W0082F0002T0006Z000C1N53.png,19,0.0766032346285432,0.0766032346285432
G0,W0082F0002T0006Z000C1N53.png,20,0.0,0.0
G0,W0082F0002T0006Z000C1N53.png,21,0.10161168791584593,0.10161168791584593
G0,W0082F0002T0006Z000C1N53.png,22,2.18352814016419,2.18352814016419
G0,W0082F0002T0006Z000C1N53.png,23,0.0,0.0
G0,W0082F0002T0006Z000C1N53.png,24,0.07665109669796069,0.07665109669796069
G0,W0082F0002T0006Z000C1N53.png,25,0.08125,0.08125
G0,W0082F0002T0006Z000C1N53.png,26,0.06589659407823152,0.06589659407823152
G0,W0082F0002T0006Z000C1N53.png,27,1.4189702472215546,1.4189702472215546
G0,W0082F0002T0006Z000C1N53.png,28,2.7625,2.7625
G0,W0082F0002T0006Z000C1N53.png,29,0.028726212985703495,0.028726212985703495
G0,W0082F0002T0006Z000C1N53.png,30,0.03830161731427242,0.03830161731427242
G0,W0082F0002T0006Z000C1N53.png,31,2.368824207280903,2.368824207280903
G0,W0082F0002T0006Z000C1N53.png,32,0.046428571428571264,0.046428571428571264
G0,W0082F0002T0006Z000C1N53.png,33,3.3667317702038573,3.3667317702038573
G0,W0082F0002T0006Z000C1N53.png,34,0.12668153130008594,0.12668153130008594
G0,W0082F0002T0006Z000C1N53.png,35,0.06397826456292842,0.06397826456292842
G0,W0082F0002T0006Z000C1N53.png,36,0.07267220926874317,0.07267220926874317
G0,W0082F0002T0006Z000C1N53.png,37,0.0,0.0
G0,W0082F0002T0006Z000C1N53.png,38,3.57010606966135,3.57010606966135
G0,W0082F0002T0006Z000C1N53.png,39,0.16922494212629918,0.16922494212629918
G0,W0082F0002T0006Z000C1N53.png,40,0.9884489111734607,0.9884489111734607
G0,W0082F0002T0006Z000C1N53.png,41,1.3504375737608163,1.3504375737608163
G0,W0082F0002T0006Z000C1N53.png,42,1.5453066388340828,1.5453066388340828
G0,W0082F0002T0006Z000C1N53.png,43,0.1625,0.1625
G0,W0082F0002T0006Z000C1N53.png,44,0.08125,0.08125
G0,W0082F0002T0006Z000C1N53.png,45,0.09591558447935779,0.09591558447935779
G0,W0082F0002T0006Z000C1N53.png,46,1.54375,1.54375
G0,W0082F0002T0006Z000C1N53.png,47,0.07267220926874421,0.07267220926874421
G0,W0082F0002T0006Z000C1N53.png,48,0.0,0.0
G0,W0082F0002T0006Z000C1N53.png,49,0.40305241594611546,0.40305241594611546
G0,W0082F0002T0006Z000C1N53.png,50,0.0766032346285432,0.0766032346285432
G0,W0082F0002T0006Z000C1N53.png,51,0.03633610463436952,0.03633610463436952
G0,W0082F0002T0006Z000C1N53.png,52,6.619257534837272,6.619257534837272
G0,W0082F0002T0006Z000C1N53.png,53,3.8247957461804414,3.8247957461804414
G0,W0082F0002T0006Z000C1N53.png,54,0.0,0.0
G0,W0082F0002T0006Z000C1N53.png,55,2.8379404944431093,2.8379404944431093
G0,W0082F0002T0006Z000C1N151.png,1,0.1015625,0.1015625
G0,W0082F0002T0006Z000C1N151.png,2,1.4534441853748634,4.1429533547941375
G0,W0082F0002T0006Z000C1N151.png,3,2.3598272653357957,2.6909441754810817
G0,W0082F0002T0006Z000C1N151.png,4,1.708183428382327,2.2191812961089954
G0,W0082F0002T0006Z000C1N151.png,5,1.955282558305193,2.154465973927762
G0,W0082F0002T0006Z000C1N151.png,6,0.11490485194281398,0.11490485194281398
G0,W0082F0002T0006Z000C1N151.png,7,1.3788582233137676,1.8384776310850237
G0,W0082F0002T0006Z000C1N151.png,8,1.4397536681668848,1.5628749550107968
G0,W0082F0002T0006Z000C1N151.png,9,0.08750892811593587,0.08750892811593587
G0,W0082F0002T0006Z000C1N151.png,10,0.07341001711105177,0.07341001711105177
G0,W0082F0002T0006Z000C1N151.png,11,0.0,0.0
G0,W0082F0002T0006Z000C1N151.png,12,0.09255087109081864,0.09255087109081864
G0,W0082F0002T0006Z000C1N151.png,13,0.07267220926874421,0.07267220926874421
G0,W0082F0002T0006Z000C1N151.png,14,0.23838257067159932,0.23838257067159932
G0,W0082F0002T0006Z000C1N151.png,15,0.1551097281854934,0.1551097281854934
G0,W0082F0002T0006Z000C1N151.png,16,0.04642857142857242,0.04642857142857242
G0,W0082F0002T0006Z000C1N151.png,17,0.36336104634371585,1.8384776310850237
G0,W0082F0002T0006Z000C1N151.png,18,0.33500233208143493,0.8482749038489823
G0,W0082F0002T0006Z000C1N151.png,19,0.08125,0.08125
G0,W0082F0002T0006Z000C1N151.png,20,0.0,0.0
G0,W0082F0002T0006Z000C1N151.png,21,0.5833928541062384,0.8933395522171604
G0,W0082F0002T0006Z000C1N151.png,22,0.08125,0.08125
G0,W0082F0002T0006Z000C1N151.png,23,1.3619981874070173,1.5265489060295447
G0,W0082F0002T0006Z000C1N151.png,24,0.07613763802366443,0.07613763802366443
G0,W0082F0002T0006Z000C1N151.png,25,0.0,0.0
G0,W0082F0002T0006Z000C1N151.png,26,0.16900255100115516,0.16900255100115516
G0,W0082F0002T0006Z000C1N151.png,27,0.08750892811593587,0.08750892811593587
G0,W0082F0002T0006Z000C1N151.png,28,0.08838834764831895,0.08838834764831895
G0,W0082F0002T0006Z000C1N151.png,29,0.12187500000000001,0.16750116604071746
G0,W0082F0002T0006Z000C1N151.png,30,0.05450415695155738,0.05450415695155738
G0,W0082F0002T0006Z000C1N151.png,31,2.2434418312049007,2.2434418312049007
G0,W0082F0002T0006Z000C1N151.png,32,0.08125,0.08125
G0,W0082F0002T0006Z000C1N151.png,33,0.6056017439061934,0.7602653959126525
G0,W0082F0002T0006Z000C1N151.png,34,0.06231590534384778,0.06231590534384778
G0,W0082F0002T0006Z000C1N151.png,35,0.6700046641628699,0.6700046641628699
G0,W0082F0002T0006Z000C1N151.png,36,0.05416666666666821,0.05416666666666821
G0,W0082F0002T0006Z000C1N151.png,37,0.051676604431484176,0.051676604431484176
G0,W0082F0002T0006Z000C1N151.png,38,0.04642857142857242,0.04642857142857242
G0,W0082F0002T0006Z000C1N151.png,39,1.4898910666974954,1.4898910666974954
G0,W0082F0002T0006Z000C1N151.png,40,0.43754464057967846,0.9917826437783633
G0,W0082F0002T0006Z000C1N151.png,41,0.11490485194281398,0.11490485194281398
G0,W0082F0002T0006Z000C1N151.png,42,0.2055480479109454,1.2439478485853024
G0,W0082F0002T0006Z000C1N151.png,43,0.11490485194281398,0.11490485194281398
G0,W0082F0002T0006Z000C1N151.png,44,0.05709667997526184,0.05709667997526184
G0,W0082F0002T0006Z000C1N151.png,45,0.04596194077712625,0.04596194077712625
G0,W0082F0002T0006Z000C1N151.png,46,1.3025365877778636,1.3025365877778636
G0,W0082F0002T0006Z000C1N151.png,47,0.08370029746612916,0.08370029746612916
G0,W0082F0002T0006Z000C1N151.png,48,0.10405076885828438,0.10405076885828438
G0,W0082F0002T0006Z000C1N151.png,49,0.09192388155425167,0.09192388155425167
G0,W0082F0002T0006Z000C1N151.png,50,0.07267220926874421,0.07267220926874421
G0,W0082F0002T0006Z000C1N151.png,51,0.06921162787499324,0.06921162787499324
G0,W0082F0002T0006Z000C1N151.png,52,0.07323776028286229,0.07323776028286229
G0,W0082F0002T0006Z000C1N151.png,53,0.07660323462854156,0.07660323462854156
G0,W0082F0002T0006Z000C1N151.png,54,0.11490485194281398,0.11490485194281398
G0,W0082F0002T0006Z000C1N151.png,55,0.09558823529411663,0.09558823529411663
G0,W0082F0002T0006Z000C1N151.png,56,0.04642857142857011,0.04642857142857011
G0,W0082F0002T0006Z000C1N151.png,57,4.302407245077234,4.302407245077234
G0,W0082F0002T0006Z000C1N151.png,58,0.0766032346285432,0.0766032346285432
G0,W0082F0002T0006Z000C1N151.png,59,0.0766032346285432,0.0766032346285432
G0,W0082F0002T0006Z000C1N151.png,60,0.06770833333333272,0.06770833333333272
G0,W0082F0002T0006Z000C1N151.png,61,0.11490485194281398,0.11490485194281398
G0,W0082F0002T0006Z000C1N151.png,62,0.06077729808236481,0.06077729808236481
G0,W0082F0002T0006Z000C1N151.png,63,0.060909514923899,0.060909514923899
G0,W0082F0002T0006Z000C1N151.png,64,0.08125,0.08125
G0,W0082F0002T0006Z000C1N57.png,1,4.427193135893216,8.821894372100587
G0,W0082F0002T0006Z000C1N57.png,2,3.9337084919958167,8.285906709588275
G0,W0082F0002T0006Z000C1N57.png,3,1.3816882788820355,2.252949455713554
G0,W0082F0002T0006Z000C1N57.png,4,0.08750892811593587,0.08750892811593587
G0,W0082F0002T0006Z000C1N57.png,5,6.054246959779556,9.13853448316523
G0,W0082F0002T0006Z000C1N57.png,6,0.09459160805298471,0.09459160805298471
G0,W0082F0002T0006Z000C1N57.png,7,2.2764504304948088,2.299532900938797
G0,W0082F0002T0006Z000C1N57.png,8,0.07660323462854238,0.07660323462854238
G0,W0082F0002T0006Z000C1N57.png,9,1.7003588775608522,2.8383591760910036
G0,W0082F0002T0006Z000C1N57.png,10,9.429716008719565,11.674593304545159
G0,W0082F0002T0006Z000C1N57.png,11,6.2562500000000005,8.455076600037401
G0,W0082F0002T0006Z000C1N57.png,12,5.629634202148484,7.194181676883063
G0,W0082F0002T0006Z000C1N57.png,13,5.0099042530770985,6.382134488163032
G0,W0082F0002T0006Z000C1N57.png,14,4.362518903174583,5.566399226360091
G0,W0082F0002T0006Z000C1N57.png,15,0.08125,2.6315468953640178
G0,W0082F0002T0006Z000C1N57.png,16,10.56749881712792,11.28176072251136
G0,W0082F0002T0006Z000C1N57.png,17,4.7999430335161275,4.7999430335161275
G0,W0082F0002T0006Z000C1N57.png,18,2.052331924063603,2.5051000275356645
G0,W0082F0002T0006Z000C1N57.png,19,0.9483034925006274,0.9936298844248901
G0,W0082F0002T0006Z000C1N57.png,20,0.11490485194281398,0.11490485194281398
G0,W0082F0002T0006Z000C1N57.png,21,1.1116710394716596,1.2691655723348314
G0,W0082F0002T0006Z000C1N57.png,22,1.7795452661068458,1.7795452661068458
G0,W0082F0002T0006Z000C1N57.png,23,2.270352395554487,2.270352395554487
G0,W0082F0002T0006Z000C1N57.png,24,10.974117276574002,11.132981687310908
G0,W0082F0002T0006Z000C1N57.png,25,2.6453083468662024,2.6453083468662024
G0,W0082F0002T0006Z000C1N57.png,26,1.667907903684617,1.667907903684617
G0,W0082F0002T0006Z000C1N57.png,27,2.795755711788854,2.795755711788854
G0,W0082F0002T0006Z000C1N57.png,28,1.2790424961787823,1.2790424961787823
G0,W0082F0002T0006Z000C1N57.png,29,2.4157361714392573,2.4157361714392573
G0,W0082F0002T0006Z000C1N57.png,30,3.01611556890647,3.01611556890647
G0,W0082F0002T0006Z000C1N57.png,31,1.9668542459979084,1.9668542459979084
G0,W0082F0002T0006Z000C1N57.png,32,0.0,0.0
G0,W0082F0003T0006Z000C1N79.png,1,0.5168306191479834,0.5168306191479834
G0,W0082F0003T0006Z000C1N79.png,2,2.1634481303003317,3.65625
G0,W0082F0003T0006Z000C1N79.png,3,0.7592668056790286,4.424597233532135
G0,W0082F0003T0006Z000C1N79.png,4,0.2569350598886809,5.395636257662297
G0,W0082F0003T0006Z000C1N79.png,5,0.040625,0.12187500000000001
G0,W0082F0003T0006Z000C1N79.png,6,0.9917826437783633,1.0931069538247389
G0,W0082F0003T0006Z000C1N79.png,7,3.252030615630794,4.504797789579461
G0,W0082F0003T0006Z000C1N79.png,8,1.770595572273791,3.103376577303431
G0,W0082F0003T0006Z000C1N79.png,9,3.1868752451460987,4.235650638110397
G0,W0082F0003T0006Z000C1N79.png,10,0.08125,0.18168052317185793
G0,W0082F0003T0006Z000C1N79.png,11,0.8636993472846903,1.38125
G0,W0082F0003T0006Z000C1N79.png,12,0.043610035313621474,0.043610035313621474
G0,W0082F0003T0006Z000C1N79.png,13,4.171031177666915,4.333523758836772
G0,W0082F0003T0006Z000C1N79.png,14,0.07267220926874421,0.07267220926874421
G0,W0082F0003T0006Z000C1N79.png,15,0.08125,0.08125
G0,W0082F0003T0006Z000C1N79.png,16,1.1606225713324816,1.3455932305029297
G0,W0082F0003T0006Z000C1N79.png,17,2.7931438033587566,3.0495839866163075
G0,W0082F0003T0006Z000C1N79.png,18,1.600439392791867,1.9835652875567267
G0,W0082F0003T0006Z000C1N79.png,19,1.1494075410021025,1.1494075410021025
G0,W0082F0003T0006Z000C1N79.png,20,2.1333080148960573,2.2731363618914484
G0,W0082F0003T0006Z000C1N79.png,21,2.70821173196399,3.4730947259790628
G0,W0082F0003T0006Z000C1N79.png,22,5.010788499716275,5.517273191733596
G0,W0082F0003T0006Z000C1N79.png,23,1.7434923644799816,2.7520021120994804
G0,W0082F0003T0006Z000C1N79.png,24,0.7862921998555743,3.1466255866633746
G0,W0082F0003T0006Z000C1N79.png,25,1.8420649079226281,3.23575000965773
G0,W0082F0003T0006Z000C1N79.png,26,3.5163513138621405,4.7965034465222685
G0,W0082F0003T0006Z000C1N79.png,27,1.3884006086140988,4.25303200669828
G0,W0082F0003T0006Z000C1N79.png,28,1.3705387841855898,4.970128634380628
G0,W0082F0003T0006Z000C1N79.png,29,1.7819516162062314,1.951691974287951
G0,W0082F0003T0006Z000C1N79.png,30,0.08125,0.08125
G0,W0082F0003T0006Z000C1N92.png,1,0.07181553246425874,0.07181553246425874
G0,W0082F0003T0006Z000C1N92.png,2,0.05871341946267574,0.05871341946267574
G0,W0082F0003T0006Z000C1N92.png,3,0.08838834764831895,0.08838834764831895
G0,W0082F0003T0006Z000C1N92.png,4,0.04466697761085797,0.04466697761085797
G0,W0082F0003T0006Z000C1N92.png,5,0.0695892857063571,0.0695892857063571
G0,W0082F0003T0006Z000C1N92.png,6,0.05876545584354644,0.05876545584354644
G0,W0082F0003T0006Z000C1N92.png,7,0.07785910905717566,0.07785910905717566
G0,W0082F0003T0006Z000C1N92.png,8,0.0541666666666659,0.0541666666666659
G0,W0082F0003T0006Z000C1N92.png,9,0.08188230525615714,0.08188230525615714
G0,W0082F0003T0006Z000C1N92.png,10,0.0494224455586725,0.0494224455586725
G0,W0082F0003T0006Z000C1N92.png,11,0.08125,0.08125
G0,W0082F0003T0006Z000C1N92.png,12,0.040625,0.040625
G0,W0082F0003T0006Z000C1N92.png,13,0.09027777777777712,0.09027777777777712
G0,W0082F0003T0006Z000C1N92.png,14,0.11490485194281398,0.11490485194281398
G0,W0082F0003T0006Z000C1N92.png,15,0.06516560536394253,0.06516560536394253
G0,W0082F0003T0006Z000C1N92.png,16,0.028854094073367993,0.028854094073367993
G0,W0082F0003T0006Z000C1N92.png,17,0.06700046641628794,0.06700046641628794
G0,W0082F0003T0006Z000C1N92.png,18,0.0,0.0
G0,W0082F0003T0006Z000C1N92.png,19,0.07386363636363616,0.07386363636363616
G0,W0082F0003T0006Z000C1N92.png,20,0.09027777777777712,0.09027777777777712
G0,W0082F0003T0006Z000C1N92.png,21,0.08125,0.08125
G0,W0082F0003T0006Z000C1N92.png,22,0.0,0.0
G0,W0082F0003T0006Z000C1N92.png,23,0.045120461091064865,0.045120461091064865
G0,W0082F0003T0006Z000C1N92.png,24,0.08125,0.08125
G0,W0082F0003T0006Z000C1N92.png,25,0.0,0.0
G0,W0082F0003T0006Z000C1N92.png,26,0.0939905909687241,0.0939905909687241
G0,W0082F0003T0006Z000C1N92.png,27,0.07660323462854156,0.07660323462854156
G0,W0082F0003T0006Z000C1N92.png,28,0.05745242597140699,0.05745242597140699
G0,W0082F0003T0006Z000C1N92.png,29,0.05520397792786396,0.05520397792786396
G0,W0082F0003T0006Z000C1N92.png,30,0.08583513122892156,0.08583513122892156
G0,W0082F0003T0006Z000C1N92.png,31,0.06500000000000006,0.06500000000000006
G0,W0082F0003T0006Z000C1N92.png,32,0.08125,0.08125
G0,W0082F0002T0006Z000C1N80.png,1,3.1046666292577263,3.1046666292577263
G0,W0082F0002T0006Z000C1N80.png,2,0.6556880034074896,0.6556880034074896
G0,W0082F0002T0006Z000C1N80.png,3,1.240227423700992,1.240227423700992
G0,W0082F0002T0006Z000C1N80.png,4,1.240227423700992,1.240227423700992
G0,W0082F0002T0006Z000C1N80.png,5,3.243900526372534,3.243900526372534
G0,W0082F0002T0006Z000C1N80.png,6,1.9117073520808565,1.9117073520808565
G0,W0082F0002T0006Z000C1N80.png,7,0.6035714285714288,0.6035714285714288
G0,W0082F0002T0006Z000C1N80.png,8,0.049549233592323716,0.049549233592323716
G0,W0082F0002T0006Z000C1N80.png,9,0.08125,0.08125
G0,W0082F0002T0006Z000C1N80.png,10,0.8038778626480246,0.8038778626480246
G0,W0082F0002T0006Z000C1N80.png,11,1.1287610741427967,1.1287610741427967
G0,W0082F0002T0006Z000C1N80.png,12,0.04178358252465918,0.04178358252465918
G0,W0082F0002T0006Z000C1N80.png,13,0.0,0.0
G0,W0082F0002T0006Z000C1N80.png,14,0.03828598080930671,0.03828598080930671
G0,W0082F0002T0006Z000C1N80.png,15,0.06423376497217022,0.06423376497217022
G0,W0082F0002T0006Z000C1N80.png,16,0.06090951492389787,0.06090951492389787
G0,W0082F0002T0006Z000C1N80.png,17,0.07660323462854238,0.07660323462854238
G0,W0082F0002T0006Z000C1N80.png,18,0.1520663925273927,0.1520663925273927
G0,W0082F0002T0006Z000C1N80.png,19,0.040625,0.040625
G0,W0082F0002T0006Z000C1N80.png,20,0.08750892811593587,0.08750892811593587
G0,W0082F0002T0006Z000C1N80.png,21,0.0,0.0
G0,W0082F0002T0006Z000C1N80.png,22,0.09013878188660039,0.09013878188660039
G0,W0082F0002T0006Z000C1N80.png,23,0.6852270666082156,0.6852270666082156
G0,W0082F0002T0006Z000C1N80.png,24,0.4412241277030839,0.4412241277030839
G0,W0082F0002T0006Z000C1N80.png,25,0.0,0.0
G0,W0082F0002T0006Z000C1N80.png,26,0.08125,0.08125
G0,W0082F0002T0006Z000C1N80.png,27,0.08125,0.08125
G0,W0082F0002T0006Z000C1N80.png,28,0.07287379692164882,0.07287379692164882
G0,W0082F0002T0006Z000C1N80.png,29,0.06770833333333272,0.06770833333333272
G0,W0082F0002T0006Z000C1N80.png,30,0.02215909090909154,0.02215909090909154
G0,W0082F0002T0006Z000C1N80.png,31,0.08125,0.08125
G0,W0082F0002T0006Z000C1N80.png,32,0.05929270612815599,0.05929270612815599
G0,W0082F0002T0006Z000C1N80.png,33,0.11490485194281398,0.11490485194281398
G0,W0082F0002T0006Z000C1N80.png,34,0.07490879871550496,0.07490879871550496
G0,W0082F0002T0006Z000C1N80.png,35,2.0270205968366484,2.0270205968366484
G0,W0082F0002T0006Z000C1N80.png,36,0.11490485194281398,0.11490485194281398
G0,W0082F0002T0006Z000C1N80.png,37,0.03906013881752754,0.03906013881752754
G0,W0082F0002T0006Z000C1N80.png,38,0.12187500000000001,0.12187500000000001
G0,W0082F0002T0006Z000C1N80.png,39,0.06550584420492658,0.06550584420492658
G0,W0082F0002T0006Z000C1N80.png,40,0.04596194077712625,0.04596194077712625
G0,W0082F0002T0006Z000C1N80.png,41,0.05709667997526184,0.05709667997526184
G0,W0082F0002T0006Z000C1N80.png,42,0.3830161731427124,0.3830161731427124
G0,W0082F0002T0006Z000C1N80.png,43,0.07660323462854156,0.07660323462854156
G0,W0082F0002T0006Z000C1N80.png,44,1.249099984630908,1.249099984630908
G0,W0082F0002T0006Z000C1N80.png,45,0.07267220926874317,0.07267220926874317
G0,W0082F0002T0006Z000C1N80.png,46,0.08750892811593587,0.08750892811593587
G0,W0082F0002T0006Z000C1N80.png,47,0.34590941055788005,0.34590941055788005
G0,W0082F0002T0006Z000C1N80.png,48,1.2720880503379082,1.2720880503379082
G0,W0082F0002T0006Z000C1N80.png,49,0.08125,0.08125
G0,W0082F0002T0006Z000C1N80.png,50,1.4931420362764791,1.4931420362764791
G0,W0082F0002T0006Z000C1N80.png,51,0.11490485194281398,0.11490485194281398
G0,W0082F0002T0006Z000C1N80.png,52,0.7124512653898192,0.7124512653898192
G0,W0082F0002T0006Z000C1N80.png,53,0.08125,0.08125
G0,W0082F0001T0006Z000C1N32.png,1,1.9835652875567267,1.9835652875567267
G0,W0082F0001T0006Z000C1N32.png,2,1.6965498076979646,1.6965498076979646
G0,W0082F0001T0006Z000C1N32.png,3,0.7886785713387225,0.7886785713387225
G0,W0082F0001T0006Z000C1N32.png,4,0.026800186566514225,0.026800186566514225
G0,W0082F0001T0006Z000C1N32.png,5,1.4878126312749367,1.4878126312749367
G0,W0082F0001T0006Z000C1N32.png,6,0.07267220926874395,0.07267220926874395
G0,W0082F0001T0006Z000C1N32.png,7,0.14534441853748686,0.14534441853748686
G0,W0082F0001T0006Z000C1N32.png,8,0.38636271553966434,0.38636271553966434
G0,W0082F0001T0006Z000C1N32.png,9,0.06238651829040522,0.06238651829040522
G0,W0082F0001T0006Z000C1N32.png,10,1.899887550378083,1.899887550378083
G0,W0082F0001T0006Z000C1N32.png,11,1.2700145126119222,1.2700145126119222
G0,W0082F0001T0006Z000C1N32.png,12,0.24375000000000002,0.24375000000000002
G0,W0082F0001T0006Z000C1N32.png,13,0.08125,0.08125
G0,W0082F0001T0006Z000C1N32.png,14,1.5775896369144926,1.5775896369144926
G0,W0082F0001T0006Z000C1N32.png,15,0.028726212985703495,0.028726212985703495
G0,W0082F0001T0006Z000C1N32.png,16,0.11490485194281398,0.11490485194281398
G0,W0082F0001T0006Z000C1N32.png,17,0.06267537378698877,0.06267537378698877
G0,W0082F0001T0006Z000C1N32.png,18,0.08125,0.08125
G0,W0082F0001T0006Z000C1N32.png,19,0.6345827861674157,0.6345827861674157
G0,W0082F0001T0006Z000C1N32.png,20,0.07386363636363685,0.07386363636363685
G0,W0082F0001T0006Z000C1N32.png,21,0.325,0.325
G0,W0082F0001T0006Z000C1N32.png,22,0.21741767989486016,0.21741767989486016
G0,W0082F0001T0006Z000C1N32.png,23,1.0900831390311467,1.0900831390311467
G0,W0082F0001T0006Z000C1N32.png,24,1.0180595819990106,1.0562500000000001
G0,W0082F0001T0006Z000C1N32.png,25,0.08125,0.08125
G0,W0082F0001T0006Z000C1N32.png,26,1.4397536681668848,1.4937630752565816
G0,W0082F0001T0006Z000C1N32.png,27,0.0,0.0
G0,W0082F0001T0006Z000C1N32.png,28,0.0,0.0
G0,W0082F0001T0006Z000C1N32.png,29,0.11490485194281398,0.11490485194281398
G0,W0082F0001T0006Z000C1N32.png,30,0.04999999999999982,0.04999999999999982
G0,W0082F0001T0006Z000C1N32.png,31,0.06090951492389675,0.06090951492389675
G0,W0082F0001T0006Z000C1N32.png,32,0.4510106922582324,0.4510106922582324
G0,W0082F0001T0006Z000C1N32.png,33,0.5138701197773617,0.5138701197773617
G0,W0082F0001T0006Z000C1N32.png,34,0.0,0.0
G0,W0082F0001T0006Z000C1N32.png,35,0.0789608069093641,0.0789608069093641
G0,W0082F0001T0006Z000C1N32.png,36,0.0,0.0
G0,W0082F0001T0006Z000C1N32.png,37,0.7094851236107773,0.7094851236107773
G0,W0082F0001T0006Z000C1N32.png,38,0.0,0.0
G0,W0082F0001T0006Z000C1N32.png,39,0.38301617314271436,0.38301617314271436
G0,W0082F0001T0006Z000C1N32.png,40,0.03830161731427242,0.03830161731427242
G0,W0082F0001T0006Z000C1N32.png,41,0.3633610463437164,0.3633610463437164
G0,W0082F0001T0006Z000C1N32.png,42,0.07660323462854156,0.07660323462854156
G0,W0082F0001T0006Z000C1N32.png,43,0.08125,0.08125
G0,W0082F0001T0006Z000C1N32.png,44,2.145061552147164,2.145061552147164
G0,W0082F0001T0006Z000C1N32.png,45,0.7537552471832286,0.7537552471832286
G0,W0082F0003T0006Z000C1N87.png,1,0.0,0.5138701197773617
G0,W0082F0003T0006Z000C1N87.png,2,0.18032411705061122,0.18032411705061122
G0,W0082F0003T0006Z000C1N87.png,3,0.08125,0.08125
G0,W0082F0003T0006Z000C1N87.png,4,1.462861066540497,1.6654466367914644
G0,W0082F0003T0006Z000C1N87.png,5,0.2052366449974934,0.2052366449974934
G0,W0082F0003T0006Z000C1N87.png,6,2.299532900938797,2.299532900938797
G0,W0082F0003T0006Z000C1N87.png,7,0.040625,0.12187500000000001
G0,W0082F0003T0006Z000C1N87.png,8,0.20433846721474985,0.20433846721474985
G0,W0082F0003T0006Z000C1N87.png,9,2.1862139076494778,2.1862139076494778
G0,W0082F0003T0006Z000C1N87.png,10,0.43184967364234517,0.7887948184572463
G0,W0082F0003T0006Z000C1N87.png,11,3.0885688939215843,3.413467124860001
G0,W0082F0003T0006Z000C1N87.png,12,2.8555904295589887,3.504650308479039
G0,W0082F0003T0006Z000C1N87.png,13,0.08125,0.08125
G0,W0082F0003T0006Z000C1N87.png,14,3.084933143521914,3.793600697226844
G0,W0082F0003T0006Z000C1N87.png,15,1.4937630752565816,2.2191812961089954
G0,W0082F0003T0006Z000C1N87.png,16,3.563903232412463,3.563903232412463
G0,W0082F0003T0006Z000C1N87.png,17,1.585705459899648,1.585705459899648
G0,W0082F0003T0006Z000C1N87.png,18,0.18168052317185793,0.18168052317185793
G0,W0082F0003T0006Z000C1N87.png,19,2.8436315573001836,3.2619169273321975
G0,W0082F0003T0006Z000C1N87.png,20,2.036119163998021,2.036119163998021
G0,W0082F0003T0006Z000C1N87.png,21,0.18168052317185793,0.18168052317185793
G0,W0082F0003T0006Z000C1N87.png,22,2.7252078475778685,2.7252078475778685
G0,W0082F0003T0006Z000C1N87.png,23,2.275,2.275
G0,W0082F0003T0006Z000C1N87.png,24,0.1436310649285175,0.1436310649285175
G0,W0082F0003T0006Z000C1N87.png,25,2.3300482827615396,2.3300482827615396
G0,W0082F0003T0006Z000C1N87.png,26,3.003229056469886,3.003229056469886
G0,W0082F0003T0006Z000C1N87.png,27,3.0875,3.0875
G0,W0082F0003T0006Z000C1N87.png,28,3.8416946994864785,3.8416946994864785
G0,W0082F0002T0006Z000C1N154.png,1,0.8883993877880725,0.8883993877880725
G0,W0082F0002T0006Z000C1N154.png,2,0.5273431712959789,0.5273431712959789
G0,W0082F0002T0006Z000C1N154.png,3,0.2422406975624779,0.3064129385141703
G0,W0082F0002T0006Z000C1N154.png,4,0.07267220926874317,0.07267220926874317
G0,W0082F0002T0006Z000C1N154.png,5,0.04642857142857242,0.04642857142857242
G0,W0082F0002T0006Z000C1N154.png,6,0.040818349522498486,0.040818349522498486
G0,W0082F0002T0006Z000C1N154.png,7,0.0383016173142716,0.0383016173142716
G0,W0082F0002T0006Z000C1N154.png,8,0.08002196963959303,0.08002196963959303
G0,W0082F0002T0006Z000C1N154.png,9,0.07386363636363616,0.07386363636363616
G0,W0082F0002T0006Z000C1N154.png,10,0.08022916975111817,0.08022916975111817
G0,W0082F0002T0006Z000C1N154.png,11,0.07267220926874421,0.07267220926874421
G0,W0082F0002T0006Z000C1N154.png,12,0.0,0.0
G0,W0082F0002T0006Z000C1N154.png,13,0.0,0.0
G0,W0082F0002T0006Z000C1N154.png,14,0.08124999999999954,0.08124999999999954
G0,W0082F0002T0006Z000C1N154.png,15,0.0541666666666659,0.0541666666666659
G0,W0082F0002T0006Z000C1N154.png,16,0.0,0.0
G0,W0082F0002T0006Z000C1N154.png,17,0.0,0.0
G0,W0082F0002T0006Z000C1N154.png,18,0.07287379692164839,0.07287379692164839
G0,W0082F0002T0006Z000C1N154.png,19,0.0,0.0
G0,W0082F0002T0006Z000C1N154.png,20,0.08549671678675635,0.08549671678675635
G0,W0082F0002T0006Z000C1N154.png,21,0.06090951492389675,0.06090951492389675
G0,W0082F0002T0006Z000C1N154.png,22,0.0766032346285432,0.0766032346285432
G0,W0082F0002T0006Z000C1N154.png,23,0.06510023136254355,0.06510023136254355
G0,W0082F0002T0006Z000C1N154.png,24,0.03830161731427242,0.03830161731427242
G0,W0082F0002T0006Z000C1N154.png,25,0.032500000000000466,0.032500000000000466
G0,W0082F0002T0006Z000C1N154.png,26,0.028726212985703495,0.028726212985703495
G0,W0082F0002T0006Z000C1N154.png,27,0.4737648414561807,0.4737648414561807
G0,W0082F0002T0006Z000C1N154.png,28,0.06345827861674122,0.06345827861674122
G0,W0082F0002T0006Z000C1N154.png,29,0.08125,0.08125
G0,W0082F0002T0006Z000C1N154.png,30,0.1398304133150132,0.1398304133150132
G0,W0082F0002T0006Z000C1N154.png,31,0.05202538442914219,0.05202538442914219
G0,W0082F0002T0006Z000C1N154.png,32,0.07660323462854238,0.07660323462854238
G0,W0082F0002T0006Z000C1N154.png,33,0.07267220926874421,0.07267220926874421
G0,W0082F0002T0006Z000C1N154.png,34,0.04642857142857242,0.04642857142857242
G0,W0082F0002T0006Z000C1N154.png,35,0.07288689868556619,0.07288689868556619
G0,W0082F0002T0006Z000C1N154.png,36,0.08125000000000046,0.08125000000000046
G0,W0082F0002T0006Z000C1N154.png,37,0.8048467682189574,0.8048467682189574
G0,W0082F0002T0006Z000C1N154.png,38,0.21534609131166116,0.21534609131166116
G0,W0082F0002T0006Z000C1N154.png,39,0.11490485194281398,0.11490485194281398
G0,W0082F0002T0006Z000C1N154.png,40,0.06550584420492687,0.06550584420492687
G0,W0082F0002T0006Z000C1N154.png,41,1.0900831390311476,1.0900831390311476
G0,W0082F0002T0006Z000C1N154.png,42,0.8125,0.8125
G0,W0082F0002T0006Z000C1N154.png,43,0.09802409975764848,0.09802409975764848
G0,W0082F0002T0006Z000C1N154.png,44,0.07300104447424759,0.07300104447424759
G0,W0082F0002T0006Z000C1N154.png,45,0.11490485194281398,0.11490485194281398
G0,W0082F0002T0006Z000C1N156.png,1,2.8852331469917645,2.97534793133509
G0,W0082F0002T0006Z000C1N156.png,2,1.657181341917655,1.79487116529293
G0,W0082F0002T0006Z000C1N156.png,3,1.0122067476558336,1.0122067476558336
G0,W0082F0002T0006Z000C1N156.png,4,0.0,0.1625
G0,W0082F0002T0006Z000C1N156.png,5,0.11490485194281398,0.11490485194281398
G0,W0082F0002T0006Z000C1N156.png,6,2.228017616626942,3.519699028326144
G0,W0082F0002T0006Z000C1N156.png,7,0.07267220926874343,0.07267220926874343
G0,W0082F0002T0006Z000C1N156.png,8,3.089904491343543,3.10056855925248
G0,W0082F0002T0006Z000C1N156.png,9,2.3392224788496607,2.3598272653357957
G0,W0082F0002T0006Z000C1N156.png,10,0.1625,1.0900831390311476
G0,W0082F0002T0006Z000C1N156.png,11,2.0377396331474738,3.0885688939215843
G0,W0082F0002T0006Z000C1N156.png,12,1.6536365649346567,2.7619689031960926
G0,W0082F0002T0006Z000C1N156.png,13,2.0227090845735396,4.529879894902833
G0,W0082F0002T0006Z000C1N156.png,14,1.7235727791422097,6.837562842490005
G0,W0082F0002T0006Z000C1N156.png,15,0.34373608506159087,6.1778465847530475
G0,W0082F0002T0006Z000C1N156.png,16,2.790739515041905,6.510313883542398
G0,W0082F0002T0006Z000C1N156.png,17,4.019826865014382,6.717463587729309
G0,W0082F0002T0006Z000C1N156.png,18,2.844864067490748,6.616544250022061
G0,W0082F0002T0006Z000C1N156.png,19,2.689853620552613,5.100015318604445
G0,W0082F0002T0006Z000C1N156.png,20,1.1830178570080843,3.9537956446938427
G0,W0082F0002T0006Z000C1N156.png,21,0.6544983235697069,1.1515991297129202
G0,W0082F0002T0006Z000C1N156.png,22,1.9000690776916511,4.680225689002614
G0,W0082F0002T0006Z000C1N156.png,23,0.06090951492389675,0.06090951492389675
G0,W0082F0002T0006Z000C1N156.png,24,0.11490485194281398,0.11490485194281398
G0,W0082F0002T0006Z000C1N156.png,25,1.1440103870267089,1.1440103870267089
G0,W0082F0002T0006Z000C1N156.png,26,0.89375,0.9084026158592896
G0,W0082F0002T0006Z000C1N156.png,27,0.0,0.0
G0,W0082F0002T0006Z000C1N156.png,28,0.11490485194281398,0.11490485194281398
G0,W0082F0002T0006Z000C1N156.png,29,0.10833333333333295,0.10833333333333295
G0,W0082F0002T0006Z000C1N156.png,30,0.07300104447424759,0.07300104447424759
G0,W0082F0002T0006Z000C1N156.png,31,0.7887948184572463,0.9343750000000001
G0,W0082F0002T0006Z000C1N156.png,32,0.6550584420492571,4.44207950317191
G0,W0082F0002T0006Z000C1N156.png,33,1.752364919901103,1.9109474907751913
G0,W0082F0002T0006Z000C1N156.png,34,2.826523992937803,3.13770935963008
G0,W0082F0002T0006Z000C1N156.png,35,0.10357383386985344,0.10357383386985344
G0,W0082F0002T0006Z000C1N156.png,36,3.0917733584465728,3.416366856764654
G0,W0082F0002T0006Z000C1N156.png,37,2.329796426490712,4.193283733808413
G0,W0082F0002T0006Z000C1N156.png,38,3.5518805426183193,4.04170314565556
G0,W0082F0002T0006Z000C1N156.png,39,1.38125,7.677587613469481
G0,W0082F0002T0006Z000C1N156.png,40,4.158956473120691,5.181638725616878
G0,W0082F0002T0006Z000C1N156.png,41,2.6407600274119085,2.6407600274119085
G0,W0082F0002T0006Z000C1N156.png,42,2.96210909880251,5.715590454343282
G0,W0082F0002T0006Z000C1N156.png,43,6.051140999675945,6.059239866113739
G0,W0082F0002T0006Z000C1N142.png,1,0.0,0.0
G0,W0082F0002T0006Z000C1N142.png,2,0.08125,0.08125
G0,W0082F0002T0006Z000C1N142.png,3,0.08125,0.18168052317185793
G0,W0082F0002T0006Z000C1N142.png,4,0.11490485194281398,0.11490485194281398
G0,W0082F0002T0006Z000C1N142.png,5,1.5628749550107968,1.5628749550107968
G0,W0082F0002T0006Z000C1N142.png,6,1.0409041479946652,4.774517829876908
G0,W0082F0002T0006Z000C1N142.png,7,1.9020137354919393,2.4157361714392573
G0,W0082F0002T0006Z000C1N142.png,8,0.11490485194281398,0.11490485194281398
G0,W0082F0002T0006Z000C1N142.png,9,0.09571495202326737,0.09571495202326737
G0,W0082F0002T0006Z000C1N142.png,10,0.0726722092687429,0.0726722092687429
G0,W0082F0002T0006Z000C1N142.png,11,0.9884489111734607,3.575
G0,W0082F0002T0006Z000C1N142.png,12,2.351419857707727,2.7579824172552105
G0,W0082F0002T0006Z000C1N142.png,13,0.07587201394453653,0.07587201394453653
G0,W0082F0002T0006Z000C1N142.png,14,0.07012482038246909,0.07012482038246909
G0,W0082F0002T0006Z000C1N142.png,15,0.05138701197773544,0.05138701197773544
G0,W0082F0002T0006Z000C1N142.png,16,0.08125,0.08125
G0,W0082F0002T0006Z000C1N142.png,17,0.07323776028286229,0.07323776028286229
G0,W0082F0002T0006Z000C1N142.png,18,1.5775896369144926,2.7636945946504294
G0,W0082F0002T0006Z000C1N142.png,19,1.1965807768619525,1.1965807768619525
G0,W0082F0002T0006Z000C1N142.png,20,0.07267220926874421,0.07267220926874421
G0,W0082F0002T0006Z000C1N142.png,21,2.4751262594057706,2.4751262594057706
G0,W0082F0002T0006Z000C1N142.png,22,2.9797821333949908,2.9797821333949908
G0,W0082F0002T0006Z000C1N142.png,23,0.05709667997526184,0.05709667997526184
G0,W0082F0002T0006Z000C1N142.png,24,0.07660323462854156,0.12112034878123895
G0,W0082F0002T0006Z000C1N142.png,25,3.266209576864289,4.1429533547941375
G0,W0082F0002T0006Z000C1N142.png,26,3.428255658821975,4.774755910525903
G0,W0082F0002T0006Z000C1N142.png,27,1.5118832678566823,1.6376461051231428
G0,W0082F0002T0006Z000C1N142.png,28,0.11490485194281398,0.11490485194281398
G0,W0082F0002T0006Z000C1N142.png,29,0.6345827861674157,0.6345827861674157
G0,W0082F0002T0006Z000C1N142.png,30,1.891502792094159,4.264471867945667
G0,W0082F0002T0006Z000C1N142.png,31,2.4375,3.254059964106378
G0,W0082F0002T0006Z000C1N142.png,32,0.3253568597427149,0.3253568597427149
G0,W0082F0002T0006Z000C1N142.png,33,0.6550584420492571,0.6550584420492571
G0,W0082F0002T0006Z000C1N142.png,34,0.072672209268744,0.072672209268744
G0,W0082F0002T0006Z000C1N142.png,35,1.3028533140044969,1.3028533140044969
G0,W0082F0002T0006Z000C1N142.png,36,1.6970361341541906,1.6970361341541906
G0,W0082F0002T0006Z000C1N142.png,37,0.0875089281159357,0.0875089281159357
G0,W0082F0002T0006Z000C1N142.png,38,1.1587049093092865,4.243222928017977
G0,W0082F0002T0006Z000C1N142.png,39,0.978379559526874,1.3226541734331012
G0,W0082F0002T0006Z000C1N142.png,40,0.11490485194281398,0.4737648414561807
G0,W0082F0002T0006Z000C1N142.png,41,0.084016274722714,0.084016274722714
G0,W0082F0002T0006Z000C1N142.png,42,0.09459160805298687,0.09459160805298687
G0,W0082F0002T0006Z000C1N142.png,43,0.11490485194281398,0.11490485194281398
G0,W0082F0002T0006Z000C1N142.png,44,0.06728908265624331,0.06728908265624331
G0,W0082F0003T0006Z000C1N46.png,1,0.0,0.0
G0,W0082F0003T0006Z000C1N46.png,2,1.0470935768486431,1.0470935768486431
G0,W0082F0003T0006Z000C1N46.png,3,1.8527850657860991,1.8527850657860991
G0,W0082F0003T0006Z000C1N46.png,4,0.0,0.0
G0,W0082F0003T0006Z000C1N46.png,5,1.406248456789277,1.406248456789277
G0,W0082F0003T0006Z000C1N46.png,6,0.06090951492389724,0.06090951492389724
G0,W0082F0003T0006Z000C1N46.png,7,0.36837315961158523,0.36837315961158523
G0,W0082F0003T0006Z000C1N46.png,8,0.0,0.0
G0,W0082F0003T0006Z000C1N46.png,9,0.0,0.0
G0,W0082F0003T0006Z000C1N46.png,10,0.8238800547841908,0.8238800547841908
G0,W0082F0003T0006Z000C1N46.png,11,0.046428571428571555,0.046428571428571555
G0,W0082F0003T0006Z000C1N46.png,12,0.06904922257990177,0.06904922257990177
G0,W0082F0003T0006Z000C1N46.png,13,0.027577164466275582,0.027577164466275582
G0,W0082F0003T0006Z000C1N46.png,14,0.0,0.0
G0,W0082F0003T0006Z000C1N46.png,15,0.06871842709362744,0.06871842709362744
G0,W0082F0003T0006Z000C1N46.png,16,0.08125,0.08125
G0,W0082F0003T0006Z000C1N46.png,17,0.0766032346285432,0.0766032346285432
G0,W0082F0003T0006Z000C1N46.png,18,0.21458782807230722,0.21458782807230722
G0,W0082F0003T0006Z000C1N46.png,19,0.08838834764831895,0.08838834764831895
G0,W0082F0003T0006Z000C1N46.png,20,0.11490485194281398,0.11490485194281398
G0,W0082F0003T0006Z000C1N46.png,21,0.0541666666666659,0.0541666666666659
G0,W0082F0003T0006Z000C1N46.png,22,1.6519016151468477,1.6519016151468477
G0,W0082F0003T0006Z000C1N46.png,23,0.06918188211157561,0.06918188211157561
G0,W0082F0003T0006Z000C1N46.png,24,0.1615062516007971,0.1615062516007971
G0,W0082F0003T0006Z000C1N46.png,25,0.08838834764831895,0.08838834764831895
G0,W0082F0003T0006Z000C1N46.png,26,1.9103537710623768,1.9103537710623768
G0,W0082F0003T0006Z000C1N46.png,27,0.06894291116568772,0.06894291116568772
G0,W0082F0003T0006Z000C1N46.png,28,1.892188372820025,1.892188372820025
G0,W0082F0003T0006Z000C1N46.png,29,0.5170324272849791,0.5170324272849791
G0,W0082F0003T0006Z000C1N46.png,30,0.08125,0.08125
G0,W0082F0003T0006Z000C1N46.png,31,0.07891339723417513,0.07891339723417513
G0,W0082F0003T0006Z000C1N46.png,32,1.7745267855121265,1.7745267855121265
G0,W0082F0002T0006Z000C1N54.png,1,0.8950785580048268,0.8950785580048268
G0,W0082F0002T0006Z000C1N54.png,2,0.0569616036564567,0.0569616036564567
G0,W0082F0002T0006Z000C1N54.png,3,0.072672209268744,0.072672209268744
G0,W0082F0002T0006Z000C1N54.png,4,0.05709667997526248,0.05709667997526248
G0,W0082F0002T0006Z000C1N54.png,5,0.028726212985703495,0.028726212985703495
G0,W0082F0002T0006Z000C1N54.png,6,1.0931069538247389,1.0931069538247389
G0,W0082F0002T0006Z000C1N54.png,7,0.0766032346285438,0.0766032346285438
G0,W0082F0002T0006Z000C1N54.png,8,0.7708051796660425,0.7708051796660425
G0,W0082F0002T0006Z000C1N54.png,9,0.8478424414686709,0.8478424414686709
G0,W0082F0002T0006Z000C1N54.png,10,0.05190872090624493,0.05190872090624493
G0,W0082F0002T0006Z000C1N54.png,11,2.135925671043405,2.135925671043405
G0,W0082F0002T0006Z000C1N54.png,12,0.05709667997526166,0.05709667997526166
G0,W0082F0002T0006Z000C1N54.png,13,0.08370029746612852,0.08370029746612852
G0,W0082F0002T0006Z000C1N54.png,14,0.8125,0.8125
G0,W0082F0002T0006Z000C1N54.png,15,0.9762179892319135,0.9762179892319135
G0,W0082F0002T0006Z000C1N54.png,16,1.47692330328004,1.47692330328004
G0,W0082F0002T0006Z000C1N54.png,17,1.112449521827638,1.112449521827638
G0,W0082F0002T0006Z000C1N54.png,18,2.0070924589786316,2.0070924589786316
G0,W0082F0002T0006Z000C1N54.png,19,0.6345827861674157,0.6345827861674157
G0,W0082F0002T0006Z000C1N54.png,20,0.046428571428571264,0.046428571428571264
G0,W0082F0002T0006Z000C1N54.png,21,1.3726972861873705,1.3726972861873705
G0,W0082F0002T0006Z000C1N54.png,22,0.07181553246425874,0.07181553246425874
G0,W0082F0002T0006Z000C1N54.png,23,0.07660323462854238,0.07660323462854238
G0,W0082F0002T0006Z000C1N54.png,24,3.0875,3.0875
G0,W0082F0002T0006Z000C1N54.png,25,0.11490485194281398,0.11490485194281398
G0,W0082F0002T0006Z000C1N54.png,26,0.05624999999999893,0.05624999999999893
G0,W0082F0002T0006Z000C1N54.png,27,0.12187500000000001,0.12187500000000001
G0,W0082F0002T0006Z000C1N54.png,28,0.0902777777777778,0.0902777777777778
G0,W0082F0002T0006Z000C1N54.png,29,2.6362644552050893,2.6362644552050893
G0,W0082F0002T0006Z000C1N54.png,30,0.10833333333333295,0.10833333333333295
G0,W0082F0002T0006Z000C1N54.png,31,1.6367537170816193,1.6367537170816193
G0,W0082F0002T0006Z000C1N54.png,32,0.04642857142857242,0.04642857142857242
G0,W0082F0002T0006Z000C1N54.png,33,0.11490485194281398,0.11490485194281398
G0,W0082F0002T0006Z000C1N54.png,34,0.7267220926874317,0.7267220926874317
G0,W0082F0002T0006Z000C1N54.png,35,0.08125,0.08125
G0,W0082F0002T0006Z000C1N54.png,36,0.08125,0.08125
G0,W0082F0002T0006Z000C1N54.png,37,0.09192388155425167,0.09192388155425167
G0,W0082F0002T0006Z000C1N54.png,38,0.0,0.0
G0,W0082F0002T0006Z000C1N54.png,39,0.9572770730207896,0.9572770730207896
G0,W0082F0002T0006Z000C1N54.png,40,0.07510429106823467,0.07510429106823467
G0,W0082F0002T0006Z000C1N54.png,41,0.04642857142857242,0.04642857142857242
G0,W0082F0002T0006Z000C1N54.png,42,0.04642857142857242,0.04642857142857242
G0,W0082F0002T0006Z000C1N54.png,43,0.0,0.0
G0,W0082F0002T0006Z000C1N54.png,44,0.040625,0.040625
G0,W0082F0002T0006Z000C1N54.png,45,0.11490485194281398,0.11490485194281398
G0,W0082F0002T0006Z000C1N54.png,46,0.0,0.0
G0,W0082F0002T0006Z000C1N54.png,47,0.09027777777777851,0.09027777777777851
G0,W0082F0002T0006Z000C1N54.png,48,2.251952278024559,2.251952278024559
G0,W0082F0002T0006Z000C1N54.png,49,1.0200030637208886,1.0200030637208886
G0,W0082F0002T0006Z000C1N54.png,50,2.025000385802432,2.025000385802432
G0,W0082F0002T0006Z000C1N54.png,51,1.8545657342084156,1.8545657342084156
G0,W0082F0002T0006Z000C1N54.png,52,2.8147291513238892,2.8147291513238892
G0,W0082F0002T0006Z000C1N54.png,53,0.087508928115935,0.087508928115935
G0,W0082F0002T0006Z000C1N54.png,54,0.9915771823927666,0.9915771823927666
G0,W0082F0002T0006Z000C1N54.png,55,0.04642857142857011,0.04642857142857011
G0,W0082F0002T0006Z000C1N54.png,56,3.5071400385499296,3.5071400385499296
G0,W0082F0003T0006Z000C1N91.png,1,0.09917826437783647,0.09917826437783647
G0,W0082F0003T0006Z000C1N91.png,2,0.065,0.065
G0,W0082F0003T0006Z000C1N91.png,3,0.11490485194281398,0.11490485194281398
G0,W0082F0003T0006Z000C1N91.png,4,0.07267220926874343,0.07267220926874343
G0,W0082F0003T0006Z000C1N91.png,5,0.07896080690936336,0.07896080690936336
G0,W0082F0003T0006Z000C1N91.png,6,0.028260869565217516,0.028260869565217516
G0,W0082F0003T0006Z000C1N91.png,7,0.03249999999999988,0.03249999999999988
G0,W0082F0003T0006Z000C1N91.png,8,0.028726212985703495,0.028726212985703495
G0,W0082F0003T0006Z000C1N91.png,9,0.03830161731427201,0.03830161731427201
G0,W0082F0003T0006Z000C1N91.png,10,0.07000714249274813,0.07000714249274813
G0,W0082F0003T0006Z000C1N91.png,11,0.0383016173142716,0.0383016173142716
G0,W0082F0003T0006Z000C1N91.png,12,0.06936717923885517,0.06936717923885517
G0,W0082F0003T0006Z000C1N91.png,13,0.08125,0.08125
G0,W0082F0003T0006Z000C1N91.png,14,0.03830161731427201,0.03830161731427201
G0,W0082F0003T0006Z000C1N91.png,15,0.054166666666666474,0.054166666666666474
G0,W0082F0003T0006Z000C1N91.png,16,0.07896080690936362,0.07896080690936362
G0,W0082F0003T0006Z000C1N91.png,17,0.0,0.0
G0,W0082F0003T0006Z000C1N91.png,18,0.07500382604259877,0.07500382604259877
G0,W0082F0003T0006Z000C1N91.png,19,0.05190872090624622,0.05190872090624622
G0,W0082F0003T0006Z000C1N91.png,20,0.040625,0.040625
G0,W0082F0003T0006Z000C1N91.png,21,0.024412586760954307,0.024412586760954307
G0,W0082F0003T0006Z000C1N91.png,22,0.0816552394216072,0.0816552394216072
G0,W0082F0003T0006Z000C1N91.png,23,0.11490485194281398,0.11490485194281398
G0,W0082F0003T0006Z000C1N91.png,24,0.0,0.0
G0,W0082F0003T0006Z000C1N91.png,25,0.06936717923885517,0.06936717923885517
G0,W0082F0003T0006Z000C1N91.png,26,0.0,0.0
G0,W0082F0003T0006Z000C1N91.png,27,0.0,0.0
G0,W0082F0003T0006Z000C1N91.png,28,0.0,0.0
G0,W0082F0003T0006Z000C1N91.png,29,0.08147538184766144,0.08147538184766144
G0,W0082F0003T0006Z000C1N91.png,30,0.0,0.0
G0,W0082F0003T0006Z000C1N91.png,31,0.0,0.0
G0,W0082F0003T0006Z000C1N91.png,32,0.040625,0.040625
G0,W0082F0003T0006Z000C1N91.png,33,0.0,0.0
G0,W0082F0003T0006Z000C1N91.png,34,0.06807708562388426,0.06807708562388426
G0,W0082F0003T0006Z000C1N91.png,35,0.08125,0.08125
G0,W0082F0003T0006Z000C1N91.png,36,0.025059382506463695,0.025059382506463695
G0,W0082F0003T0006Z000C1N91.png,37,0.11490485194281398,0.11490485194281398
G0,W0082F0003T0006Z000C1N91.png,38,0.09091572076681036,0.09091572076681036
G0,W0082F0003T0006Z000C1N91.png,39,0.0,0.0
G0,W0082F0003T0006Z000C1N91.png,40,0.0,0.0
G0,W0082F0003T0006Z000C1N91.png,41,0.06967482540579464,0.06967482540579464
G0,W0082F0003T0006Z000C1N91.png,42,0.0,0.0
G0,W0082F0003T0006Z000C1N91.png,43,0.049924209139086705,0.049924209139086705
G0,W0082F0003T0006Z000C1N91.png,44,0.0,0.0
G0,W0082F0003T0006Z000C1N91.png,45,0.05190872090624571,0.05190872090624571
G0,W0082F0003T0006Z000C1N91.png,46,0.0,0.0
G0,W0082F0003T0006Z000C1N91.png,47,0.11490485194281398,0.11490485194281398
G0,W0082F0003T0006Z000C1N91.png,48,0.08034467926471259,0.08034467926471259
G0,W0082F0003T0006Z000C1N91.png,49,0.08074689918749471,0.08074689918749471
G0,W0082F0003T0006Z000C1N91.png,50,0.06187815648514457,0.06187815648514457
G0,W0082F0003T0006Z000C1N91.png,51,0.07660323462854156,0.07660323462854156
G0,W0082F0003T0006Z000C1N91.png,52,0.058339285410623484,0.058339285410623484
G0,W0082F0003T0006Z000C1N91.png,53,0.04852284755920361,0.04852284755920361
G0,W0082F0003T0006Z000C1N91.png,54,0.10755552373906531,0.10755552373906531
G0,W0082F0003T0006Z000C1N91.png,55,0.040625,0.040625
G0,W0082F0003T0006Z000C1N91.png,56,0.0,0.0
G0,W0082F0003T0006Z000C1N91.png,57,0.0,0.0
G0,W0082F0003T0006Z000C1N91.png,58,0.02907202679921881,0.02907202679921881
G0,W0082F0003T0006Z000C1N91.png,59,0.0,0.0
G0,W0082F0003T0006Z000C1N91.png,60,0.11490485194281398,0.11490485194281398
G0,W0082F0003T0006Z000C1N91.png,61,0.05909090909091077,0.05909090909091077
G0,W0082F0003T0006Z000C1N91.png,62,0.0,0.0
G0,W0082F0003T0006Z000C1N91.png,63,0.07940102327869782,0.07940102327869782
G0,W0082F0003T0006Z000C1N91.png,64,0.03963414634146432,0.03963414634146432
G0,W0082F0003T0006Z000C1N91.png,65,0.04596194077712625,0.04596194077712625
G0,W0082F0003T0006Z000C1N91.png,66,0.09192388155425167,0.09192388155425167
G0,W0082F0003T0006Z000C1N91.png,67,0.025194555463433542,0.025194555463433542
G0,W0082F0003T0006Z000C1N91.png,68,0.06250000000000128,0.06250000000000128
G0,W0082F0003T0006Z000C1N91.png,69,0.11490485194281398,0.11490485194281398
G0,W0082F0003T0006Z000C1N91.png,70,0.0766032346285432,0.0766032346285432
G0,W0082F0003T0006Z000C1N91.png,71,0.060909514923899,0.060909514923899
G0,W0082F0003T0006Z000C1N91.png,72,0.03644344934278112,0.03644344934278112
G0,W0082F0003T0006Z000C1N91.png,73,0.07222222222222197,0.07222222222222197
G0,W0082F0001T0006Z000C1N31.png,1,0.11490485194281398,0.11490485194281398
G0,W0082F0001T0006Z000C1N31.png,2,0.09597896552693658,0.09597896552693658
G0,W0082F0001T0006Z000C1N31.png,3,1.5060938544284381,1.5060938544284381
G0,W0082F0001T0006Z000C1N31.png,4,0.07660323462854207,0.07660323462854207
G0,W0082F0001T0006Z000C1N31.png,5,0.4142953354794138,0.4142953354794138
G0,W0082F0001T0006Z000C1N31.png,6,0.08125,0.08125
G0,W0082F0001T0006Z000C1N31.png,7,0.05822741707104588,0.05822741707104588
G0,W0082F0001T0006Z000C1N31.png,8,0.129771802265613,0.129771802265613
G0,W0082F0001T0006Z000C1N31.png,9,0.054166666666666474,0.054166666666666474
G0,W0082F0001T0006Z000C1N31.png,10,0.0,0.0
G0,W0082F0001T0006Z000C1N31.png,11,0.2569350598886809,0.2569350598886809
G0,W0082F0001T0006Z000C1N31.png,12,0.05709667997526239,0.05709667997526239
G0,W0082F0001T0006Z000C1N31.png,13,0.08125,0.08125
G0,W0082F0001T0006Z000C1N31.png,14,0.12754179499012394,0.12754179499012394
G0,W0082F0001T0006Z000C1N31.png,15,0.06090951492389787,0.06090951492389787
G0,W0082F0001T0006Z000C1N31.png,16,0.09013878188660039,0.09013878188660039
G0,W0082F0001T0006Z000C1N31.png,17,0.34696804933155506,0.34696804933155506
G0,W0082F0001T0006Z000C1N31.png,18,0.032500000000000466,0.032500000000000466
G0,W0082F0001T0006Z000C1N31.png,19,0.0,0.0
G0,W0082F0001T0006Z000C1N31.png,20,0.07660323462854238,0.07660323462854238
G0,W0082F0001T0006Z000C1N31.png,21,0.0383016173142716,0.0383016173142716
G0,W0082F0001T0006Z000C1N31.png,22,0.07660323462854238,0.07660323462854238
G0,W0082F0001T0006Z000C1N31.png,23,0.20838332733477286,0.20838332733477286
G0,W0082F0001T0006Z000C1N31.png,24,0.11490485194281398,0.11490485194281398
G0,W0082F0001T0006Z000C1N31.png,25,0.08125,0.08125
G0,W0082F0001T0006Z000C1N31.png,26,0.8026907872898507,0.8026907872898507
G0,W0082F0001T0006Z000C1N31.png,27,0.0695892857063571,0.0695892857063571
G0,W0082F0001T0006Z000C1N31.png,28,0.040625,0.040625
G0,W0082F0001T0006Z000C1N31.png,29,0.07851812248042699,0.07851812248042699
G0,W0082F0001T0006Z000C1N31.png,30,0.032500000000000466,0.032500000000000466
G0,W0082F0001T0006Z000C1N31.png,31,0.08125,0.08125
G0,W0082F0001T0006Z000C1N31.png,32,0.0,0.0
G0,W0082F0001T0006Z000C1N31.png,33,0.047794117647058314,0.047794117647058314
G0,W0082F0001T0006Z000C1N31.png,34,0.028548339987632017,0.028548339987632017
G0,W0082F0001T0006Z000C1N31.png,35,0.03385416666666728,0.03385416666666728
G0,W0082F0001T0006Z000C1N31.png,36,0.042976039616237256,0.042976039616237256
G0,W0082F0001T0006Z000C1N31.png,37,0.09084026158592896,0.09084026158592896
G0,W0082F0001T0006Z000C1N31.png,38,0.05709667997526184,0.05709667997526184
G0,W0082F0001T0006Z000C1N31.png,39,0.11490485194281398,0.11490485194281398
G0,W0082F0001T0006Z000C1N31.png,40,0.07660323462854238,0.07660323462854238
G0,W0082F0001T0006Z000C1N31.png,41,0.06770833333333272,0.06770833333333272
G0,W0082F0001T0006Z000C1N31.png,42,0.17129003992578634,0.17129003992578634
G0,W0082F0001T0006Z000C1N31.png,43,0.0,0.0
G0,W0082F0001T0006Z000C1N31.png,44,0.040625,0.040625
G0,W0082F0001T0006Z000C1N31.png,45,0.07267220926874421,0.07267220926874421
G0,W0082F0001T0006Z000C1N31.png,46,0.08125,0.08125
G0,W0082F0001T0006Z000C1N31.png,47,0.08125,0.08125
G0,W0082F0001T0006Z000C1N31.png,48,0.5450415695155738,0.5450415695155738
G0,W0082F0001T0006Z000C1N31.png,49,0.08125,0.08125
G0,W0082F0001T0006Z000C1N31.png,50,0.07267220926874317,0.07267220926874317
G0,W0082F0001T0006Z000C1N31.png,51,0.06589659407823067,0.06589659407823067
G0,W0082F0001T0006Z000C1N31.png,52,0.8526412318862489,0.8526412318862489
G0,W0082F0001T0006Z000C1N31.png,53,0.07660323462854207,0.07660323462854207
G0,W0082F0001T0006Z000C1N31.png,54,0.08125,0.08125
G0,W0082F0001T0006Z000C1N31.png,55,0.032500000000000466,0.032500000000000466
G0,W0082F0001T0006Z000C1N31.png,56,1.469615748259001,1.469615748259001
G0,W0082F0001T0006Z000C1N31.png,57,0.25514952706880495,0.25514952706880495
G0,W0082F0001T0006Z000C1N31.png,58,0.05709667997526293,0.05709667997526293
G0,W0082F0001T0006Z000C1N31.png,59,0.36336104634371585,0.36336104634371585
G0,W0082F0001T0006Z000C1N31.png,60,0.03830161731427242,0.03830161731427242
G0,W0082F0001T0006Z000C1N31.png,61,0.11490485194281398,0.11490485194281398
G0,W0082F0001T0006Z000C1N31.png,62,0.07719937774108794,0.07719937774108794
G0,W0082F0001T0006Z000C1N31.png,63,0.03941203906840411,0.03941203906840411
G0,W0082F0001T0006Z000C1N31.png,64,0.0,0.0
G0,W0082F0001T0006Z000C1N31.png,65,0.25110089239838584,0.25110089239838584
G0,W0082F0001T0006Z000C1N31.png,66,0.07551903733496566,0.07551903733496566
G0,W0082F0001T0006Z000C1N31.png,67,0.0707300967200756,0.0707300967200756
G0,W0082F0001T0006Z000C1N31.png,68,0.08750892811593587,0.08750892811593587
G0,W0082F0001T0006Z000C1N31.png,69,0.07660323462854213,0.07660323462854213
G0,W0082F0001T0006Z000C1N31.png,70,0.09363599839438089,0.09363599839438089
G0,W0082F0001T0006Z000C1N31.png,71,0.0676806916365968,0.0676806916365968
G0,W0082F0001T0006Z000C1N31.png,72,0.09459160805298723,0.09459160805298723
G0,W0082F0001T0006Z000C1N31.png,73,0.05745242597140699,0.05745242597140699
G0,W0082F0001T0006Z000C1N31.png,74,0.053969028964849675,0.053969028964849675
G0,W0082F0001T0006Z000C1N31.png,75,0.11490485194281398,0.11490485194281398
G0,W0082F0001T0006Z000C1N31.png,76,0.08125,0.08125
G0,W0082F0001T0006Z000C1N31.png,77,0.11490485194281398,0.11490485194281398
G0,W0082F0001T0006Z000C1N31.png,78,0.03693181818181808,0.03693181818181808
G0,W0082F0001T0006Z000C1N31.png,79,0.0766032346285432,0.0766032346285432
G0,W0082F0001T0006Z000C1N31.png,80,0.5591511423577723,0.5591511423577723
G0,W0082F0001T0006Z000C1N31.png,81,0.08750892811593565,0.08750892811593565
G0,W0082F0001T0006Z000C1N31.png,82,0.36336104634371585,0.36336104634371585
G0,W0082F0001T0006Z000C1N31.png,83,0.8781016455969077,0.8781016455969077
G0,W0082F0001T0006Z000C1N31.png,84,0.04642857142857011,0.04642857142857011
G0,W0082F0001T0006Z000C1N31.png,85,0.057096679975264034,0.057096679975264034
G0,W0082F0001T0006Z000C1N31.png,86,0.06958928570635797,0.06958928570635797
G0,W0082F0001T0006Z000C1N31.png,87,0.65,0.65
G0,W0082F0001T0006Z000C1N31.png,88,1.6576792182521323,1.6576792182521323
G0,W0082F0002T0006Z000C1N143.png,1,4.452513179218128,9.927004870274036
G0,W0082F0002T0006Z000C1N143.png,2,1.8168052317185792,8.72823185129726
G0,W0082F0002T0006Z000C1N143.png,3,4.545645237477294,4.545645237477294
G0,W0082F0002T0006Z000C1N143.png,4,2.6824807781231166,5.395636257662297
G0,W0082F0002T0006Z000C1N143.png,5,0.22309386140568926,0.22309386140568926
G0,W0082F0002T0006Z000C1N143.png,6,1.8708823722141452,1.9490270099319393
G0,W0082F0002T0006Z000C1N143.png,7,1.4873111668109047,3.565236155594144
G0,W0082F0002T0006Z000C1N143.png,8,0.08125,2.6365593701830425
G0,W0082F0002T0006Z000C1N143.png,9,0.14864395551183393,5.170483832411092
G0,W0082F0002T0006Z000C1N143.png,10,1.562509876511995,4.781143840102814
G0,W0082F0002T0006Z000C1N143.png,11,3.3439212134904213,6.825392938837386
G0,W0082F0002T0006Z000C1N143.png,12,5.414567301502495,9.314028817461324
G0,W0082F0002T0006Z000C1N143.png,13,2.818749230105832,6.5972242690055305
G0,W0082F0002T0006Z000C1N143.png,14,0.8909758081031157,3.121787411183696
G0,W0082F0002T0006Z000C1N143.png,15,3.149129068312205,3.149129068312205
G0,W0082F0002T0006Z000C1N143.png,16,3.7516038236999387,6.7334635404077146
G0,W0082F0002T0006Z000C1N143.png,17,4.51026748154719,7.224157407968216
G0,W0082F0002T0006Z000C1N143.png,18,0.04642857142857242,1.9831577196018295
G0,W0082F0002T0006Z000C1N143.png,19,2.4727543122778872,4.145785175599698
G0,W0082F0002T0006Z000C1N143.png,20,0.09357977743560865,0.09357977743560865
G0,W0082F0002T0006Z000C1N143.png,21,5.647754712345105,9.60098066446276
G0,W0082F0002T0006Z000C1N143.png,22,4.087004222609147,5.243143774552153
G0,W0082F0002T0006Z000C1N143.png,23,0.11490485194281398,0.11490485194281398
G0,W0082F0002T0006Z000C1N143.png,24,2.9000218210385933,7.638347027498815
G0,W0082F0002T0006Z000C1N143.png,25,3.51541249357739,5.285623189369443
G0,W0082F0002T0006Z000C1N143.png,26,2.792211545083932,2.792211545083932
G0,W0082F0002T0006Z000C1N143.png,27,2.8932302448992893,2.8932302448992893
G0,W0082F0002T0006Z000C1N143.png,28,1.4568929506025168,4.533246877028289
G0,W0082F0002T0006Z000C1N143.png,29,3.572229039759349,5.9778137987478335
G0,W0082F0002T0006Z000C1N143.png,30,3.7739825707658543,6.59339842401305
G0,W0082F0002T0006Z000C1N143.png,31,0.08724319383153785,0.08724319383153785
G0,W0082F0002T0006Z000C1N143.png,32,6.680311557105702,8.237964706163774
