group,image,pbody_id,distance_to_nucleus_um,distance_to_mitochondria_um
G1,W0056F0003T0006Z000C1N79.png,1,3.697098207547373,
G1,W0056F0003T0006Z000C1N79.png,2,4.228590375349686,
G1,W0056F0003T0006Z000C1N79.png,3,5.72188788465015,
G1,W0056F0003T0006Z000C1N45.png,1,,
G1,W0056F0003T0006Z000C1N45.png,2,,
G1,W0056F0003T0006Z000C1N45.png,3,,
G1,W0056F0003T0006Z000C1N45.png,4,,
G1,W0056F0003T0006Z000C1N45.png,5,,
G1,W0056F0003T0006Z000C1N45.png,6,,
G1,W0056F0003T0006Z000C1N51.png,1,6.045546010287244,6.045546010287244
G1,W0056F0003T0006Z000C1N51.png,2,3.7501787731319993,3.7501787731319993
G1,W0056F0003T0006Z000C1N51.png,3,1.839031679795137,1.839031679795137
G1,W0056F0003T0006Z000C1N51.png,4,0.11621629422399804,0.11621629422399804
G1,W0056F0003T0006Z000C1N51.png,5,0.03804736005040723,0.03804736005040723
G1,W0056F0003T0006Z000C1N51.png,6,0.964762019428745,2.402646827325962
G1,W0056F0003T0006Z000C1N51.png,7,0.12452117007898447,0.12452117007898447
G1,W0056F0003T0006Z000C1N51.png,8,5.092178855247246,5.092178855247246
G1,W0056F0003T0006Z000C1N51.png,9,0.03901893837593104,0.03901893837593104
G1,W0056F0003T0006Z000C1N51.png,10,4.9186547004745105,4.9186547004745105
G1,W0056F0003T0006Z000C1N51.png,11,1.284675299443404,6.577738260602956
G1,W0056F0003T0006Z000C1N87.png,1,4.741070474384407,10.95986961100078
G1,W0056F0003T0006Z000C1N87.png,2,4.912115906032511,6.829831579780615
G1,W0056F0003T0006Z000C1N87.png,3,2.6000300479032936,2.6000300479032936
G1,W0056F0003T0006Z000C1N87.png,4,0.29000714108420417,0.29000714108420417
G1,W0056F0003T0006Z000C1N50.png,1,0.0833012472910089,0.0833012472910089
G1,W0056F0003T0006Z000C1N50.png,2,1.7604166666666667,1.7604166666666667
G1,W0056F0003T0006Z000C1N50.png,3,0.06958928570635793,0.06958928570635793
G1,W0056F0003T0006Z000C1N50.png,4,4.5529008609896175,4.5529008609896175
G1,W0056F0003T0006Z000C1N50.png,5,2.6679489104720293,2.6679489104720293
G1,W0056F0003T0006Z000C1N50.png,6,6.572278800599721,11.288816930720088
G1,W0056F0003T0006Z000C1N50.png,7,0.04466697761086022,0.04466697761086022
G1,W0056F0003T0006Z000C1N50.png,8,5.837008143090088,5.837008143090088
G1,W0056F0003T0006Z000C1N50.png,9,1.815997583209355,1.815997583209355
G1,W0056F0003T0006Z000C1N50.png,10,8.217102971850846,11.759656935897407
G1,W0056F0003T0006Z000C1N50.png,11,7.6536022998154065,8.183374240445943
G1,W0056F0003T0006Z000C1N50.png,12,7.400889410233071,7.400889410233071
G1,W0056F0003T0006Z000C1N50.png,13,3.3083818741191293,16.07559534278591
G1,W0056F0003T0006Z000C1N50.png,14,6.599508639694935,17.230615159539397
G1,W0056F0003T0006Z000C1N50.png,15,13.632795583946583,13.632795583946583
G1,W0056F0003T0006Z000C1N50.png,16,15.602591744342508,15.602591744342508
G1,W0056F0003T0006Z000C1N78.png,1,,
G1,W0056F0003T0006Z000C1N78.png,2,,
G1,W0056F0003T0006Z000C1N78.png,3,,
G1,W0056F0003T0006Z000C1N78.png,4,,
G1,W0056F0003T0006Z000C1N78.png,5,,
G1,W0056F0003T0006Z000C1N52.png,1,1.4228974822164675,2.5118200420152306
G1,W0056F0003T0006Z000C1N52.png,2,2.6237237179168056,3.8092061046836503
G1,W0056F0003T0006Z000C1N52.png,3,2.806423992378914,4.939042480582648
G1,W0056F0003T0006Z000C1N52.png,4,2.5726048330768063,4.037126053643045
G1,W0056F0003T0006Z000C1N52.png,5,2.4526252659452616,5.770337881492005
G1,W0056F0003T0006Z000C1N52.png,6,4.942912381632917,7.323776028286228
G1,W0056F0003T0006Z000C1N52.png,7,2.438018336814662,6.48023269894836
G1,W0056F0003T0006Z000C1N46.png,1,1.6965498076979646,9.599886067032255
G1,W0056F0003T0006Z000C1N46.png,2,5.141911882996441,5.951250525099747
G1,W0056F0003T0006Z000C1N46.png,3,3.50871180064707,3.50871180064707
G1,W0056F0003T0006Z000C1N46.png,4,3.6535356575852025,4.066855006433325
G1,W0056F0003T0006Z000C1N46.png,5,4.717229427558323,6.9334179682334325
G1,W0056F0003T0006Z000C1N46.png,6,3.310211863709728,5.081753765447971
G1,W0056F0003T0006Z000C1N46.png,7,0.1875801911849961,0.1875801911849961
G1,W0056F0003T0006Z000C1N46.png,8,0.06018518518518505,0.06018518518518505
G1,W0056F0003T0006Z000C1N46.png,9,3.0875,4.399520570471288
G1,W0056F0003T0006Z000C1N46.png,10,2.7300483626668592,6.342185767738123
G1,W0056F0003T0006Z000C1N46.png,11,1.2918918860836313,4.250012466906199
G1,W0056F0003T0006Z000C1N46.png,12,2.275,3.2863591176254614
G1,W0056F0003T0006Z000C1N46.png,13,3.6453446762469484,9.921687959984867
G1,W0056F0003T0006Z000C1N84.png,1,3.064495921665788,9.056573627973565
G1,W0056F0003T0006Z000C1N84.png,2,0.06958928570635742,0.06958928570635742
G1,W0056F0003T0006Z000C1N84.png,3,2.812946836975112,3.3160576677789226
G1,W0056F0003T0006Z000C1N90.png,1,10.342102466958815,
G1,W0056F0003T0006Z000C1N90.png,2,13.382839408174933,
G1,W0056F0003T0006Z000C1N90.png,3,8.288771973716639,
G1,W0056F0003T0006Z000C1N90.png,4,8.005278545560666,
G1,W0056F0003T0006Z000C1N90.png,5,8.478261393995938,
G1,W0056F0003T0006Z000C1N90.png,6,7.015903390913034,
G1,W0056F0003T0006Z000C1N43.png,1,2.948916114439338,3.72561152698453
G1,W0056F0003T0006Z000C1N43.png,2,0.02672205859135234,0.02672205859135234
G1,W0056F0003T0006Z000C1N43.png,3,2.74872276882584,2.74872276882584
G1,W0056F0003T0006Z000C1N43.png,4,1.7985454192207657,1.7985454192207657
G1,W0056F0003T0006Z000C1N43.png,5,0.3216709844269799,0.3216709844269799
G1,W0056F0003T0006Z000C1N43.png,6,3.739069718674836,3.739069718674836
G1,W0056F0003T0006Z000C1N43.png,7,5.295206558766144,5.295206558766144
G1,W0056F0003T0006Z000C1N43.png,8,6.726383428542992,6.967172629154846
G1,W0056F0003T0006Z000C1N43.png,9,5.594616956404511,5.795995324839001
G1,W0056F0003T0006Z000C1N43.png,10,0.08125,0.08125
G1,W0056F0003T0006Z000C1N43.png,11,0.07642695622384689,0.07642695622384689
G1,W0056F0003T0006Z000C1N43.png,12,6.169441594869383,6.2662387569879305
G1,W0056F0003T0006Z000C1N43.png,13,9.16109353310085,9.268269645528349
G1,W0056F0003T0006Z000C1N43.png,14,7.078313206079835,7.078313206079835
G1,W0056F0003T0006Z000C1N81.png,1,3.3674081859235603,15.490539968497709
G1,W0056F0003T0006Z000C1N81.png,2,0.04466697761085797,0.04466697761085797
G1,W0056F0003T0006Z000C1N81.png,3,3.0077655045647798,11.521475664697403
G1,W0056F0003T0006Z000C1N81.png,4,4.634461073084337,12.445626020498153
G1,W0056F0003T0006Z000C1N40.png,1,11.099661497161186,11.099661497161186
G1,W0056F0003T0006Z000C1N40.png,2,11.048207575213274,11.048207575213274
G1,W0056F0003T0006Z000C1N40.png,3,11.321969032529003,11.321969032529003
G1,W0056F0003T0006Z000C1N40.png,4,8.788531233943473,8.788531233943473
G1,W0056F0003T0006Z000C1N40.png,5,10.096445825043444,10.096445825043444
G1,W0056F0003T0006Z000C1N40.png,6,13.71609740870194,13.71609740870194
G1,W0056F0003T0006Z000C1N40.png,7,5.479965035216017,5.479965035216017
G1,W0056F0003T0006Z000C1N40.png,8,12.783390713148057,12.783390713148057
G1,W0056F0003T0006Z000C1N40.png,9,11.996377596521512,14.255473459395544
G1,W0056F0003T0006Z000C1N40.png,10,0.19612068965517312,0.19612068965517312
G1,W0056F0003T0006Z000C1N40.png,11,5.707826381988194,11.101058128203094
G1,W0056F0003T0006Z000C1N40.png,12,4.651589110185894,11.430809518577412
G1,W0056F0003T0006Z000C1N41.png,1,28.07532062990951,
G1,W0056F0003T0006Z000C1N41.png,2,18.884105263605434,
G1,W0056F0003T0006Z000C1N41.png,3,16.493950121938653,
G1,W0056F0003T0006Z000C1N41.png,4,15.016080980905771,
G1,W0056F0003T0006Z000C1N41.png,5,19.384516531808483,
G1,W0056F0003T0006Z000C1N41.png,6,18.252213222491406,
G1,W0056F0003T0006Z000C1N41.png,7,20.124121802461655,
G1,W0056F0003T0006Z000C1N41.png,8,18.673041375994448,
G1,W0056F0003T0006Z000C1N41.png,9,9.185155692462954,
G1,W0056F0003T0006Z000C1N41.png,10,23.038176065470356,
G1,W0056F0003T0006Z000C1N41.png,11,10.841586599755592,
G1,W0056F0003T0006Z000C1N32.png,1,0.05286282530893759,0.05286282530893759
G1,W0056F0003T0006Z000C1N32.png,2,7.661906010844055,7.661906010844055
G1,W0056F0003T0006Z000C1N32.png,3,2.813185348596064,8.118988887512751
G1,W0056F0003T0006Z000C1N32.png,4,7.407088198473787,7.407088198473787
G1,W0056F0003T0006Z000C1N32.png,5,5.121328715528813,5.121328715528813
G1,W0056F0003T0006Z000C1N32.png,6,6.505076142905631,6.887585072069891
G1,W0056F0003T0006Z000C1N32.png,7,4.820909409512092,11.088731650556594
G1,W0056F0003T0006Z000C1N32.png,8,4.5587774958802765,10.707374511224081
G1,W0056F0003T0006Z000C1N32.png,9,0.3170594170720178,0.3170594170720178
G1,W0056F0003T0006Z000C1N32.png,10,9.301616962926392,9.301616962926392
G1,W0056F0003T0006Z000C1N32.png,11,10.525809054414774,13.757838674733762
G1,W0056F0003T0006Z000C1N32.png,12,11.45372866758354,15.140921694719413
G1,W0056F0003T0006Z000C1N32.png,13,9.999033156385671,9.999033156385671
G1,W0056F0003T0006Z000C1N32.png,14,14.30883725102217,19.733325373449393
G1,W0056F0003T0006Z000C1N33.png,1,0.039634146341463165,0.039634146341463165
G1,W0056F0003T0006Z000C1N33.png,2,0.07341001711105177,0.07341001711105177
G1,W0056F0003T0006Z000C1N33.png,3,9.452149226498701,9.452149226498701
G1,W0056F0003T0006Z000C1N33.png,4,13.218805015436907,13.218805015436907
G1,W0056F0003T0006Z000C1N33.png,5,14.30144257638456,14.30144257638456
G1,W0056F0003T0006Z000C1N27.png,1,0.09375956583850233,0.09375956583850233
G1,W0056F0003T0006Z000C1N27.png,2,1.6025004875194266,1.6025004875194266
G1,W0056F0003T0006Z000C1N27.png,3,8.709238418423048,8.709238418423048
G1,W0056F0003T0006Z000C1N27.png,4,6.283359275169947,6.283359275169947
G1,W0056F0003T0006Z000C1N27.png,5,9.581300962030157,9.581300962030157
G1,W0056F0003T0006Z000C1N27.png,6,16.979266419104846,16.979266419104846
G1,W0056F0003T0006Z000C1N27.png,7,8.986409188508267,8.986409188508267
G1,W0056F0003T0006Z000C1N27.png,8,12.647104720547704,12.647104720547704
G1,W0056F0003T0006Z000C1N27.png,9,13.788145015904083,13.788145015904083
G1,W0056F0002T0006Z000C1N4.png,1,14.219279224420974,
G1,W0056F0002T0006Z000C1N4.png,2,11.906105642169484,
G1,W0056F0002T0006Z000C1N4.png,3,8.070113211721383,
G1,W0056F0002T0006Z000C1N4.png,4,7.222469635871587,
G1,W0056F0002T0006Z000C1N4.png,5,6.619257534837272,
G1,W0056F0002T0006Z000C1N4.png,6,5.412128307098789,
G1,W0056F0002T0006Z000C1N4.png,7,9.532794729103436,
G1,W0056F0002T0006Z000C1N4.png,8,13.254693198531232,
G1,W0056F0002T0006Z000C1N4.png,9,13.974660470076053,
G1,W0056F0002T0006Z000C1N5.png,1,4.024233841094786,6.386852110610711
G1,W0056F0002T0006Z000C1N5.png,2,1.6528857341026333,1.6528857341026333
G1,W0056F0002T0006Z000C1N5.png,3,5.114405553438157,5.114405553438157
G1,W0056F0002T0006Z000C1N5.png,4,0.03804736005040723,0.03804736005040723
G1,W0056F0002T0006Z000C1N5.png,5,8.014170194066367,8.014170194066367
G1,W0056F0002T0006Z000C1N5.png,6,10.64157897705975,10.64157897705975
G1,W0056F0002T0006Z000C1N5.png,7,13.577929746002587,13.577929746002587
G1,W0056F0002T0006Z000C1N5.png,8,14.703556383150984,14.703556383150984
G1,W0056F0002T0006Z000C1N5.png,9,15.93760534278911,15.93760534278911
G1,W0056F0002T0006Z000C1N5.png,10,18.34851360162149,18.34851360162149
G1,W0056F0003T0006Z000C1N34.png,1,9.938156892961166,9.938156892961166
G1,W0056F0003T0006Z000C1N34.png,2,0.016414978848972958,0.016414978848972958
G1,W0056F0003T0006Z000C1N34.png,3,9.56184257223472,9.56184257223472
G1,W0056F0003T0006Z000C1N34.png,4,7.478766247187976,7.478766247187976
G1,W0056F0003T0006Z000C1N34.png,5,4.693774343817514,4.693774343817514
G1,W0056F0003T0006Z000C1N34.png,6,8.653456118143113,8.653456118143113
G1,W0056F0003T0006Z000C1N34.png,7,0.3656590538172772,0.3656590538172772
G1,W0056F0003T0006Z000C1N34.png,8,13.423659459730656,13.423659459730656
G1,W0056F0003T0006Z000C1N20.png,1,0.051475840068197824,0.051475840068197824
G1,W0056F0003T0006Z000C1N20.png,2,3.3200533716336347,3.5492995249441255
G1,W0056F0003T0006Z000C1N20.png,3,0.11236319807325681,0.11236319807325681
G1,W0056F0003T0006Z000C1N20.png,4,3.5163513138621405,8.699822645462378
G1,W0056F0003T0006Z000C1N20.png,5,4.589206776302077,4.589206776302077
G1,W0056F0003T0006Z000C1N20.png,6,2.9359520333962594,12.264844336733688
G1,W0056F0003T0006Z000C1N20.png,7,2.403039210656937,18.281972603606967
G1,W0056F0003T0006Z000C1N20.png,8,7.699482531313388,23.931676837405274
G1,W0056F0003T0006Z000C1N20.png,9,7.377213650830509,23.73000803307913
G1,W0056F0002T0006Z000C1N19.png,1,,
G1,W0056F0002T0006Z000C1N19.png,2,,
G1,W0056F0002T0006Z000C1N19.png,3,,
G1,W0056F0001T0006Z000C1N9.png,1,4.675329514399311,9.155113728621986
G1,W0056F0001T0006Z000C1N9.png,2,3.6942596099548752,14.6245282988137
G1,W0056F0001T0006Z000C1N9.png,3,3.448830417692352,8.446624325729186
G1,W0056F0001T0006Z000C1N9.png,4,4.583676601219022,8.886753409095752
G1,W0056F0001T0006Z000C1N9.png,5,0.12627057542433612,0.12627057542433612
G1,W0056F0001T0006Z000C1N9.png,6,0.11607142857142759,11.58506829491994
G1,W0056F0003T0006Z000C1N36.png,1,14.922597168388616,14.922597168388616
G1,W0056F0003T0006Z000C1N36.png,2,7.302350812757364,7.302350812757364
G1,W0056F0003T0006Z000C1N36.png,3,4.556323807671562,4.556323807671562
G1,W0056F0003T0006Z000C1N36.png,4,8.206162403272852,8.206162403272852
G1,W0056F0003T0006Z000C1N36.png,5,10.342698209364904,10.342698209364904
G1,W0056F0003T0006Z000C1N36.png,6,0.30087223795213935,0.30087223795213935
G1,W0056F0003T0006Z000C1N36.png,7,2.368881081128939,2.368881081128939
G1,W0056F0003T0006Z000C1N36.png,8,10.455148917585484,14.86073136846083
G1,W0056F0003T0006Z000C1N36.png,9,9.686485834011219,15.877879906098926
G1,W0056F0003T0006Z000C1N36.png,10,12.207716377039954,18.60118380293336
G1,W0056F0001T0006Z000C1N4.png,1,0.11000315652036653,0.11000315652036653
G1,W0056F0001T0006Z000C1N4.png,2,1.7660670340038167,2.7678272649489957
G1,W0056F0001T0006Z000C1N4.png,3,0.9084026158592896,4.222655599560542
G1,W0056F0001T0006Z000C1N4.png,4,2.108764057616319,3.523800832769608
G1,W0056F0001T0006Z000C1N4.png,5,2.7625,9.447387204936613
G1,W0056F0001T0006Z000C1N4.png,6,0.05043103448275854,0.05043103448275854
G1,W0056F0001T0006Z000C1N4.png,7,6.0212773769358945,11.20425421435983
G1,W0056F0002T0006Z000C1N8.png,1,1.4036700003756755,13.82264250134375
G1,W0056F0002T0006Z000C1N8.png,2,4.535754398006125,10.12080039633824
G1,W0056F0002T0006Z000C1N8.png,3,3.4627435816480703,9.934656569200527
G1,W0056F0002T0006Z000C1N8.png,4,3.575,6.664481412683211
G1,W0056F0002T0006Z000C1N8.png,5,1.3529527892724116,4.340058323340827
G1,W0056F0002T0006Z000C1N8.png,6,2.05466677130753,4.905296532700547
G1,W0056F0002T0006Z000C1N8.png,7,1.2957528277511123,3.8147112951867026
G1,W0056F0002T0006Z000C1N8.png,8,3.3518087030782726,8.040389528470076
G1,W0056F0002T0006Z000C1N8.png,9,0.040625,0.040625
G1,W0056F0002T0006Z000C1N8.png,10,0.270833333333333,13.792837311848173
G1,W0056F0002T0006Z000C1N8.png,11,1.2385229357989302,1.2385229357989302
G1,W0056F0002T0006Z000C1N8.png,12,0.23351927115336799,0.23351927115336799
G1,W0056F0002T0006Z000C1N8.png,13,2.001472856433813,2.289582103502226
G1,W0056F0002T0006Z000C1N8.png,14,4.054283783379435,8.462116631731723
G1,W0056F0002T0006Z000C1N8.png,15,2.6792316687941415,13.228877662525624
G1,W0056F0002T0006Z000C1N8.png,16,1.9984857548904371,2.406152595431138
G1,W0056F0002T0006Z000C1N8.png,17,0.7660323462854272,4.38515884040197
G1,W0056F0003T0006Z000C1N29.png,1,0.02188663846529864,16.750844057658437
G1,W0056F0003T0006Z000C1N29.png,2,2.2650498165575965,3.703036851219226
G1,W0056F0003T0006Z000C1N29.png,3,4.777195993728958,9.800312893601918
G1,W0056F0003T0006Z000C1N29.png,4,0.10985333959228666,0.10985333959228666
G1,W0056F0003T0006Z000C1N29.png,5,5.823996672538158,7.817913744082712
G1,W0056F0003T0006Z000C1N29.png,6,8.617196251380669,8.617196251380669
G1,W0056F0003T0006Z000C1N29.png,7,6.366702690626166,13.379704027196263
G1,W0056F0003T0006Z000C1N29.png,8,7.0430207031500345,7.0430207031500345
G1,W0056F0003T0006Z000C1N29.png,9,8.573677487253383,15.736287940789452
G1,W0056F0003T0006Z000C1N29.png,10,6.449864760097974,21.941851802826264
G1,W0056F0003T0006Z000C1N29.png,11,6.864062322160253,23.43678748916967
G1,W0056F0003T0006Z000C1N29.png,12,8.614416060447743,19.305553969324475
G1,W0056F0002T0006Z000C1N12.png,1,12.142355228490974,
G1,W0056F0002T0006Z000C1N12.png,2,10.933428670565393,
G1,W0056F0002T0006Z000C1N12.png,3,7.859522899468544,
G1,W0056F0003T0006Z000C1N14.png,1,5.342278558875163,5.342278558875163
G1,W0056F0003T0006Z000C1N14.png,2,6.482778758194186,6.482778758194186
G1,W0056F0003T0006Z000C1N14.png,3,2.13335296023447,2.13335296023447
G1,W0056F0003T0006Z000C1N14.png,4,2.26627792315947,2.26627792315947
G1,W0056F0003T0006Z000C1N14.png,5,0.1823661124878527,0.1823661124878527
G1,W0056F0003T0006Z000C1N14.png,6,3.0399821120287993,3.0399821120287993
G1,W0056F0003T0006Z000C1N14.png,7,0.1973138630733837,0.1973138630733837
G1,W0056F0003T0006Z000C1N14.png,8,0.05590169943749506,0.05590169943749506
G1,W0056F0003T0006Z000C1N14.png,9,2.205463199726358,2.205463199726358
G1,W0056F0003T0006Z000C1N14.png,10,0.6602821946187948,3.9939367311269347
G1,W0056F0003T0006Z000C1N14.png,11,4.032661212010088,5.789793698433122
G1,W0056F0003T0006Z000C1N14.png,12,2.569350598886808,4.302415745833962
G1,W0056F0003T0006Z000C1N14.png,13,3.449060107478558,6.997884725043705
G1,W0056F0002T0006Z000C1N9.png,1,10.36008205345503,16.535971358388117
G1,W0056F0002T0006Z000C1N9.png,2,10.660250806881844,16.996259066795407
G1,W0056F0002T0006Z000C1N9.png,3,2.1038044174446213,8.513924014094124
G1,W0056F0002T0006Z000C1N9.png,4,5.475170292101302,11.958947810832463
G1,W0056F0002T0006Z000C1N9.png,5,4.856684343510499,11.382252152474043
G1,W0056F0002T0006Z000C1N9.png,6,0.0,5.9150892850404215
G1,W0056F0002T0006Z000C1N9.png,7,4.570090484970327,10.4577973851074
G1,W0056F0002T0006Z000C1N9.png,8,0.0670278302999759,0.0670278302999759
G1,W0056F0002T0006Z000C1N9.png,9,0.09206563010653676,0.09206563010653676
G1,W0056F0002T0006Z000C1N9.png,10,3.579556579891142,9.082105973823092
G1,W0056F0002T0006Z000C1N9.png,11,2.289462955585873,6.918188211157601
G1,W0056F0002T0006Z000C1N9.png,12,2.145061552147164,8.88750219760873
G1,W0056F0002T0006Z000C1N9.png,13,8.98657136138345,8.98657136138345
G1,W0056F0003T0006Z000C1N17.png,1,18.73084097770096,
G1,W0056F0003T0006Z000C1N17.png,2,14.078015662727472,
G1,W0056F0003T0006Z000C1N17.png,3,10.632438209740542,
G1,W0056F0003T0006Z000C1N17.png,4,13.264816333432359,
G1,W0056F0003T0006Z000C1N17.png,5,10.263340172770693,
G1,W0056F0003T0006Z000C1N17.png,6,2.0349852160551305,
G1,W0056F0003T0006Z000C1N17.png,7,7.299850169695266,
G1,W0056F0003T0006Z000C1N58.png,1,0.08750892811593587,5.14560810910625
G1,W0056F0003T0006Z000C1N58.png,2,1.3359319160052245,8.128119626797746
G1,W0056F0003T0006Z000C1N58.png,3,4.389691793773378,5.774419909767675
G1,W0056F0003T0006Z000C1N58.png,4,3.0672547591963237,3.2348573009968304
G1,W0056F0003T0006Z000C1N58.png,5,0.13377273499521106,0.13377273499521106
G1,W0056F0003T0006Z000C1N58.png,6,0.13303223868901948,0.13303223868901948
G1,W0056F0003T0006Z000C1N58.png,7,4.928377624486724,4.928377624486724
G1,W0056F0003T0006Z000C1N58.png,8,0.08839736640734853,0.08839736640734853
G1,W0056F0003T0006Z000C1N58.png,9,2.6,8.638522009001308
G1,W0056F0003T0006Z000C1N58.png,10,0.07274086512653961,0.07274086512653961
G1,W0056F0001T0006Z000C1N12.png,1,0.40625,13.368773375388635
G1,W0056F0001T0006Z000C1N12.png,2,0.08125,12.165000064221127
G1,W0056F0001T0006Z000C1N12.png,3,0.1111027934286286,0.1111027934286286
G1,W0056F0001T0006Z000C1N12.png,4,2.050657287920144,11.236319807325705
G1,W0056F0001T0006Z000C1N12.png,5,0.05709667997526293,3.4966297706629477
G1,W0056F0001T0006Z000C1N12.png,6,0.039668588817545744,0.039668588817545744
G1,W0056F0001T0006Z000C1N12.png,7,0.22980970388562796,4.3603325561245905
G1,W0056F0003T0006Z000C1N76.png,1,1.5330219339591982,8.788531233943473
G1,W0056F0003T0006Z000C1N76.png,2,2.603188110812135,9.094752486543719
G1,W0056F0003T0006Z000C1N76.png,3,0.08125,5.482418632547135
G1,W0056F0003T0006Z000C1N76.png,4,2.0647094226549174,6.383665189372012
G1,W0056F0003T0006Z000C1N76.png,5,0.06895352021571267,0.06895352021571267
G1,W0056F0003T0006Z000C1N76.png,6,1.8968003486134224,2.853020603237909
G1,W0056F0003T0006Z000C1N76.png,7,0.7357500424736652,0.7357500424736652
G1,W0056F0001T0006Z000C1N14.png,1,0.43754464057967846,3.0885688939215843
G1,W0056F0001T0006Z000C1N14.png,2,0.06090951492389731,0.06090951492389731
G1,W0056F0001T0006Z000C1N14.png,3,2.3450163245700444,3.3312500000000003
G1,W0056F0001T0006Z000C1N14.png,4,0.8734112560656762,1.3809844515980458
G1,W0056F0001T0006Z000C1N14.png,5,0.08125,0.08125
G1,W0056F0001T0006Z000C1N14.png,6,4.100371211122002,4.769921815223594
G1,W0056F0001T0006Z000C1N14.png,7,0.07633406414890824,0.07633406414890824
G1,W0056F0001T0006Z000C1N14.png,8,0.1306483830745711,0.1306483830745711
G1,W0056F0001T0006Z000C1N14.png,9,5.379609240806191,5.379609240806191
G1,W0056F0001T0006Z000C1N14.png,10,4.027939522574867,13.868533451413498
G1,W0056F0001T0006Z000C1N14.png,11,8.699892332344566,11.883639781293047
G1,W0056F0003T0006Z000C1N77.png,1,2.9575446425202108,9.037761493450688
G1,W0056F0003T0006Z000C1N77.png,2,0.06958928570635742,0.06958928570635742
G1,W0056F0003T0006Z000C1N77.png,3,0.146163509688789,0.146163509688789
G1,W0056F0001T0006Z000C1N16.png,1,8.076298773901978,
G1,W0056F0001T0006Z000C1N16.png,2,4.617430687085455,
G1,W0056F0001T0006Z000C1N16.png,3,9.422301166624566,
G1,W0056F0001T0006Z000C1N16.png,4,0.42626445886197095,
G1,W0056F0001T0006Z000C1N16.png,5,2.6905505942092973,
G1,W0056F0001T0006Z000C1N16.png,6,4.955181935896264,
G1,W0056F0001T0006Z000C1N16.png,7,0.6784469601802181,
G1,W0056F0003T0006Z000C1N48.png,1,3.333121086992723,4.4740814156527025
G1,W0056F0003T0006Z000C1N48.png,2,1.4971428681251917,1.7322287536806809
G1,W0056F0003T0006Z000C1N48.png,3,0.05069817872455707,0.05069817872455707
G1,W0056F0003T0006Z000C1N48.png,4,0.9646534351776291,0.9646534351776291
G1,W0056F0003T0006Z000C1N48.png,5,0.047877021642839496,0.047877021642839496
G1,W0056F0003T0006Z000C1N48.png,6,0.08125,0.08125
G1,W0056F0003T0006Z000C1N48.png,7,1.627029982053189,1.627029982053189
G1,W0056F0003T0006Z000C1N48.png,8,0.03869047619047571,0.03869047619047571
G1,W0056F0003T0006Z000C1N48.png,9,1.4506254039206672,7.111654277487061
G1,W0056F0003T0006Z000C1N48.png,10,2.0064642306224556,12.898679186274617
G1,W0056F0003T0006Z000C1N74.png,1,8.25577449425552,8.25577449425552
G1,W0056F0003T0006Z000C1N74.png,2,7.247663955544573,7.247663955544573
G1,W0056F0003T0006Z000C1N74.png,3,7.591639340923214,7.591639340923214
G1,W0056F0003T0006Z000C1N74.png,4,0.2727806837363452,0.2727806837363452
G1,W0056F0003T0006Z000C1N74.png,5,4.997040139547611,4.997040139547611
G1,W0056F0003T0006Z000C1N74.png,6,7.278402947067202,7.278402947067202
G1,W0056F0003T0006Z000C1N74.png,7,3.7277726677602,3.7277726677602
G1,W0056F0003T0006Z000C1N74.png,8,7.069320698545857,7.069320698545857
G1,W0056F0003T0006Z000C1N74.png,9,11.556619854482802,11.556619854482802
G1,W0056F0003T0006Z000C1N74.png,10,5.687242057642898,5.687242057642898
G1,W0056F0003T0006Z000C1N74.png,11,6.59878066388026,6.59878066388026
G1,W0056F0003T0006Z000C1N60.png,1,9.836143297340698,
G1,W0056F0003T0006Z000C1N60.png,2,9.648915094454921,
G1,W0056F0003T0006Z000C1N60.png,3,8.856250000000001,
G1,W0056F0003T0006Z000C1N60.png,4,12.977865403589046,
G1,W0056F0003T0006Z000C1N60.png,5,12.359885024242741,
G1,W0056F0003T0006Z000C1N60.png,6,16.292724996501796,
G1,W0056F0003T0006Z000C1N60.png,7,17.39417045187657,
G1,W0056F0003T0006Z000C1N60.png,8,26.878324342996372,
G1,W0056F0003T0006Z000C1N60.png,9,20.79176404870314,
G1,W0022F0001T0006Z000C1N55.png,1,9.357147019873846,9.737339372448549
G1,W0022F0001T0006Z000C1N55.png,2,3.7210721029235256,4.1294560182813935
G1,W0022F0001T0006Z000C1N55.png,3,8.99753824356665,9.339313560309332
G1,W0022F0001T0006Z000C1N55.png,4,14.478756068208625,14.478756068208625
G1,W0022F0001T0006Z000C1N55.png,5,6.98655516867934,7.268129272722108
G1,W0022F0001T0006Z000C1N55.png,6,5.043393729672511,5.043393729672511
G1,W0022F0001T0006Z000C1N55.png,7,11.111067469532351,11.111067469532351
G1,W0022F0001T0006Z000C1N55.png,8,7.055195337480034,7.055195337480034
G1,W0022F0001T0006Z000C1N55.png,9,9.336102305030725,9.336102305030725
G1,W0022F0001T0006Z000C1N55.png,10,6.963900007920311,6.963900007920311
G1,W0022F0001T0006Z000C1N55.png,11,7.572849060230279,7.572849060230279
G1,W0022F0001T0006Z000C1N55.png,12,6.411516807973415,7.129000435597112
G1,W0022F0001T0006Z000C1N55.png,13,4.585409094344801,4.608386546558351
G1,W0022F0001T0006Z000C1N55.png,14,3.913518238107496,8.437490740735662
G1,W0022F0001T0006Z000C1N55.png,15,4.616973609681996,4.760584424469332
G1,W0022F0001T0006Z000C1N55.png,16,4.905979291894738,5.057655861414456
G1,W0022F0001T0006Z000C1N55.png,17,5.481816532865725,5.64088036125568
G1,W0022F0003T0006Z000C1N36.png,1,1.3202256915906883,1.3202256915906883
G1,W0022F0003T0006Z000C1N36.png,2,0.6700046641628699,0.6700046641628699
G1,W0022F0003T0006Z000C1N36.png,3,1.9347561215822524,2.5669169250289343
G1,W0022F0003T0006Z000C1N36.png,4,1.7196443406016448,7.417681750454141
G1,W0022F0003T0006Z000C1N36.png,5,1.8950593658247228,1.8950593658247228
G1,W0022F0003T0006Z000C1N36.png,6,0.2056483886774341,0.2056483886774341
G1,W0022F0003T0006Z000C1N36.png,7,0.07267220926874395,0.07267220926874395
G1,W0022F0003T0006Z000C1N36.png,8,0.1625,0.1625
G1,W0022F0003T0006Z000C1N36.png,9,1.7826603957063025,2.015197371854893
G1,W0022F0003T0006Z000C1N36.png,10,0.08125,2.406152595431138
G1,W0022F0003T0006Z000C1N36.png,11,2.892424817264817,2.892424817264817
G1,W0022F0003T0006Z000C1N36.png,12,4.333602430404866,4.392807080506734
G1,W0022F0003T0006Z000C1N36.png,13,5.2278124741755825,5.2278124741755825
G1,W0022F0003T0006Z000C1N36.png,14,6.315313014587815,7.181388802932822
G1,W0022F0003T0006Z000C1N36.png,15,0.8165523942160723,0.9917826437783633
G1,W0022F0003T0006Z000C1N36.png,16,8.605268169765116,9.37823016007484
G1,W0022F0003T0006Z000C1N36.png,17,0.07660323462854156,0.22333488805428903
G1,W0022F0003T0006Z000C1N36.png,18,0.6700046641628699,0.8285906709588275
G1,W0022F0003T0006Z000C1N36.png,19,3.03422867413094,3.717073417724183
G1,W0022F0003T0006Z000C1N36.png,20,2.1373537961694598,2.6252678434780705
G1,W0022F0003T0006Z000C1N36.png,21,0.4410714285714276,1.3603650657984776
G1,W0022F0003T0006Z000C1N36.png,22,4.514781133120591,5.420680675248446
G1,W0022F0003T0006Z000C1N36.png,23,2.543527324406011,3.51541249357739
G1,W0022F0003T0006Z000C1N36.png,24,0.7367463192231691,2.9469852768926788
G1,W0022F0003T0006Z000C1N36.png,25,1.7018196244667176,1.7018196244667176
G1,W0022F0003T0006Z000C1N36.png,26,0.05000000000000213,0.05000000000000213
G1,W0022F0003T0006Z000C1N36.png,27,0.22980970388562796,0.22980970388562796
G1,W0022F0003T0006Z000C1N36.png,28,0.0,0.0
G1,W0022F0003T0006Z000C1N36.png,29,2.3188497891450535,2.3188497891450535
G1,W0022F0002T0006Z000C1N31.png,1,5.125909895515571,5.125909895515571
G1,W0022F0002T0006Z000C1N31.png,2,1.5848957477544068,1.5848957477544068
G1,W0022F0002T0006Z000C1N31.png,3,3.539517092768447,3.539517092768447
G1,W0022F0002T0006Z000C1N31.png,4,3.474163476614896,3.474163476614896
G1,W0022F0002T0006Z000C1N31.png,5,0.06964285714285748,0.06964285714285748
G1,W0022F0002T0006Z000C1N31.png,6,0.08125,0.08125
G1,W0022F0002T0006Z000C1N31.png,7,0.04642857142857242,0.04642857142857242
G1,W0022F0002T0006Z000C1N31.png,8,0.08125,0.08125
G1,W0022F0002T0006Z000C1N31.png,9,0.325,0.8125
G1,W0022F0002T0006Z000C1N31.png,10,0.17225022173828447,0.17225022173828447
G1,W0022F0002T0006Z000C1N31.png,11,0.07199984942930937,0.07199984942930937
G1,W0022F0002T0006Z000C1N31.png,12,2.03125,2.03125
G1,W0022F0002T0006Z000C1N31.png,13,2.59554498725493,2.59554498725493
G1,W0022F0002T0006Z000C1N31.png,14,1.79487116529293,1.79487116529293
G1,W0022F0002T0006Z000C1N31.png,15,3.103993940087841,3.103993940087841
G1,W0022F0002T0006Z000C1N31.png,16,0.7312500000000001,0.7312500000000001
G1,W0022F0002T0006Z000C1N31.png,17,0.11490485194281398,0.11490485194281398
G1,W0022F0002T0006Z000C1N31.png,18,0.9689627902499085,0.9689627902499085
G1,W0022F0002T0006Z000C1N31.png,19,0.8165523942160723,0.8165523942160723
G1,W0022F0002T0006Z000C1N31.png,20,5.986642031431311,5.986642031431311
G1,W0022F0002T0006Z000C1N31.png,21,7.180393830115139,7.180393830115139
G1,W0022F0002T0006Z000C1N31.png,22,3.8769024103506533,3.8769024103506533
G1,W0022F0002T0006Z000C1N31.png,23,5.3634574061161535,5.3634574061161535
G1,W0022F0002T0006Z000C1N31.png,24,3.1383962863220445,3.1383962863220445
G1,W0022F0002T0006Z000C1N31.png,25,3.0660438679183963,3.0660438679183963
G1,W0022F0002T0006Z000C1N31.png,26,4.2250000000000005,4.2250000000000005
G1,W0022F0002T0006Z000C1N31.png,27,2.7290809464909613,2.7290809464909613
G1,W0022F0002T0006Z000C1N31.png,28,2.3598334819431646,2.3598334819431646
G1,W0022F0002T0006Z000C1N31.png,29,1.4378197632135958,6.735278271813297
G1,W0022F0002T0006Z000C1N31.png,30,3.0046636204777113,8.043157245275156
G1,W0022F0002T0006Z000C1N31.png,31,3.0193969286100826,9.12933330328672
G1,W0022F0002T0006Z000C1N31.png,32,2.965346733520382,9.262500000000001
G1,W0022F0002T0006Z000C1N31.png,33,5.423433273510628,10.192117222256726
G1,W0022F0003T0006Z000C1N21.png,1,0.08125,0.08125
G1,W0022F0003T0006Z000C1N21.png,2,2.0067269682246263,2.0067269682246263
G1,W0022F0003T0006Z000C1N21.png,3,2.8422298244119744,4.150860891064894
G1,W0022F0003T0006Z000C1N21.png,4,1.7895762089982368,1.9297944049334634
G1,W0022F0003T0006Z000C1N21.png,5,3.079471469465174,3.7077963679590065
G1,W0022F0003T0006Z000C1N21.png,6,2.2807961877379572,2.2807961877379572
G1,W0022F0003T0006Z000C1N21.png,7,4.667886897076687,5.501872780772469
G1,W0022F0003T0006Z000C1N21.png,8,4.494527922930283,6.106195624118179
G1,W0022F0003T0006Z000C1N21.png,9,2.1125000000000003,2.1125000000000003
G1,W0022F0003T0006Z000C1N21.png,10,6.913892829839062,6.913892829839062
G1,W0022F0003T0006Z000C1N21.png,11,0.04832825723580812,0.04832825723580812
G1,W0022F0003T0006Z000C1N21.png,12,0.6443261984429941,0.6443261984429941
G1,W0022F0003T0006Z000C1N21.png,13,5.263341550259813,5.263341550259813
G1,W0022F0003T0006Z000C1N21.png,14,6.090787040077672,6.234332804525127
G1,W0022F0003T0006Z000C1N21.png,15,0.08059514668125004,0.08059514668125004
G1,W0022F0003T0006Z000C1N21.png,16,0.6700046641628699,0.6700046641628699
G1,W0022F0003T0006Z000C1N21.png,17,2.7981159956299164,2.7981159956299164
G1,W0022F0003T0006Z000C1N21.png,18,1.6907029787931411,1.6907029787931411
G1,W0022F0003T0006Z000C1N21.png,19,0.7425378778217313,0.7425378778217313
G1,W0022F0003T0006Z000C1N21.png,20,0.325,0.325
G1,W0022F0003T0006Z000C1N21.png,21,0.0,0.0
G1,W0022F0003T0006Z000C1N21.png,22,1.5773571426774449,1.5773571426774449
G1,W0022F0003T0006Z000C1N21.png,23,2.1331628349836675,2.1331628349836675
G1,W0022F0003T0006Z000C1N21.png,24,3.9986910306596184,3.9986910306596184
G1,W0022F0003T0006Z000C1N21.png,25,2.2633630950424193,2.3266459227824074
G1,W0022F0003T0006Z000C1N21.png,26,3.653727578175095,3.653727578175095
G1,W0022F0003T0006Z000C1N35.png,1,0.05922060518202259,0.05922060518202259
G1,W0022F0003T0006Z000C1N35.png,2,0.06895352021571224,0.06895352021571224
G1,W0022F0003T0006Z000C1N35.png,3,2.036119163998021,2.118740781690861
G1,W0022F0003T0006Z000C1N35.png,4,0.7665109669795991,0.978379559526874
G1,W0022F0003T0006Z000C1N35.png,5,1.245964163822886,1.245964163822886
G1,W0022F0003T0006Z000C1N35.png,6,0.035699908558348196,0.035699908558348196
G1,W0022F0003T0006Z000C1N35.png,7,0.28402039386750366,0.28402039386750366
G1,W0022F0003T0006Z000C1N35.png,8,0.1375070144114315,0.1375070144114315
G1,W0022F0003T0006Z000C1N35.png,9,0.08838834764831895,0.08838834764831895
G1,W0022F0003T0006Z000C1N35.png,10,0.1625,0.1625
G1,W0022F0003T0006Z000C1N35.png,11,0.08125,0.08125
G1,W0022F0003T0006Z000C1N35.png,12,1.5657469735143814,1.8253141971734013
G1,W0022F0003T0006Z000C1N35.png,13,0.056961603656457346,0.056961603656457346
G1,W0022F0003T0006Z000C1N35.png,14,0.0,0.0
G1,W0022F0003T0006Z000C1N35.png,15,0.0,0.0
G1,W0022F0003T0006Z000C1N35.png,16,0.07487454791190389,0.07487454791190389
G1,W0022F0003T0006Z000C1N35.png,17,0.08734112560656782,0.08734112560656782
G1,W0022F0003T0006Z000C1N35.png,18,0.12112034878123948,0.12112034878123948
G1,W0022F0003T0006Z000C1N35.png,19,0.07759560175967667,0.07759560175967667
G1,W0022F0003T0006Z000C1N35.png,20,0.08125,0.08125
G1,W0022F0003T0006Z000C1N35.png,21,0.22980970388562796,0.22980970388562796
G1,W0022F0003T0006Z000C1N35.png,22,0.07267220926874421,0.07267220926874421
G1,W0022F0003T0006Z000C1N35.png,23,0.040625,0.040625
G1,W0022F0003T0006Z000C1N35.png,24,0.0,0.0
G1,W0022F0003T0006Z000C1N35.png,25,0.08617863895711048,0.08617863895711048
G1,W0022F0003T0006Z000C1N35.png,26,0.0437544640579675,0.0437544640579675
G1,W0022F0003T0006Z000C1N35.png,27,0.850433917022495,0.850433917022495
G1,W0022F0003T0006Z000C1N35.png,28,0.06535652568059387,0.06535652568059387
G1,W0022F0003T0006Z000C1N35.png,29,0.06700046641628787,0.06700046641628787
G1,W0022F0003T0006Z000C1N35.png,30,0.06385236878926168,0.06385236878926168
G1,W0022F0003T0006Z000C1N35.png,31,0.06958432142573456,0.06958432142573456
G1,W0022F0003T0006Z000C1N35.png,32,0.0,0.0
G1,W0022F0003T0006Z000C1N35.png,33,0.1625,0.1625
G1,W0022F0003T0006Z000C1N35.png,34,0.07660323462854197,0.07660323462854197
G1,W0022F0003T0006Z000C1N35.png,35,0.08125,0.08125
G1,W0022F0003T0006Z000C1N35.png,36,0.0,0.0
G1,W0022F0003T0006Z000C1N35.png,37,1.7214435963909922,1.820838100680257
G1,W0022F0003T0006Z000C1N35.png,38,0.0814429931460054,0.0814429931460054
G1,W0022F0003T0006Z000C1N35.png,39,0.08363591261239563,0.08363591261239563
G1,W0022F0003T0006Z000C1N35.png,40,0.036285742718784396,0.036285742718784396
G1,W0022F0003T0006Z000C1N35.png,41,1.4070153146246254,1.6223691939477236
G1,W0022F0003T0006Z000C1N35.png,42,0.11490485194281398,0.11490485194281398
G1,W0022F0003T0006Z000C1N35.png,43,1.518298614532809,1.518298614532809
G1,W0022F0003T0006Z000C1N35.png,44,0.067680691636598,0.067680691636598
G1,W0022F0003T0006Z000C1N35.png,45,0.06544983235697156,0.06544983235697156
G1,W0022F0003T0006Z000C1N35.png,46,0.04605733058733481,0.04605733058733481
G1,W0022F0003T0006Z000C1N35.png,47,0.060937500000000006,0.060937500000000006
G1,W0022F0003T0006Z000C1N35.png,48,0.8456247690317502,0.8456247690317502
G1,W0022F0003T0006Z000C1N35.png,49,0.04875000000000185,0.04875000000000185
G1,W0022F0003T0006Z000C1N35.png,50,0.087508928115935,0.087508928115935
G1,W0022F0003T0006Z000C1N34.png,1,0.06537503871912505,0.06537503871912505
G1,W0022F0003T0006Z000C1N34.png,2,1.6331047884321446,1.6331047884321446
G1,W0022F0003T0006Z000C1N34.png,3,1.7817457887015065,1.7817457887015065
G1,W0022F0003T0006Z000C1N34.png,4,1.2425908892533999,1.2425908892533999
G1,W0022F0003T0006Z000C1N34.png,5,0.08421216078188472,0.08421216078188472
G1,W0022F0003T0006Z000C1N34.png,6,0.07562867201532601,0.07562867201532601
G1,W0022F0003T0006Z000C1N34.png,7,0.0,0.0
G1,W0022F0003T0006Z000C1N34.png,8,0.0,0.0
G1,W0022F0003T0006Z000C1N34.png,9,0.0,0.0
G1,W0022F0003T0006Z000C1N34.png,10,0.0,0.0
G1,W0022F0003T0006Z000C1N34.png,11,0.0,0.0
G1,W0022F0003T0006Z000C1N34.png,12,0.07177410322611052,0.07177410322611052
G1,W0022F0003T0006Z000C1N34.png,13,0.027083333333334104,0.027083333333334104
G1,W0022F0003T0006Z000C1N34.png,14,0.032500000000000466,0.032500000000000466
G1,W0022F0003T0006Z000C1N34.png,15,0.0,0.0
G1,W0022F0003T0006Z000C1N34.png,16,0.08003905296791078,0.08003905296791078
G1,W0022F0003T0006Z000C1N34.png,17,0.040625,0.040625
G1,W0022F0003T0006Z000C1N34.png,18,0.0,0.0
G1,W0022F0003T0006Z000C1N34.png,19,0.12710000694219517,0.12710000694219517
G1,W0022F0003T0006Z000C1N34.png,20,0.0383016173142716,0.0383016173142716
G1,W0022F0003T0006Z000C1N34.png,21,0.08838834764831895,0.08838834764831895
G1,W0022F0003T0006Z000C1N34.png,22,0.07267220926874317,0.07267220926874317
G1,W0022F0003T0006Z000C1N34.png,23,0.0875,0.0875
G1,W0022F0003T0006Z000C1N34.png,24,0.0,0.0
G1,W0022F0003T0006Z000C1N34.png,25,0.030280087195310258,0.030280087195310258
G1,W0022F0003T0006Z000C1N34.png,26,0.09255087109081919,0.09255087109081919
G1,W0022F0003T0006Z000C1N34.png,27,0.27398472399386486,0.27398472399386486
G1,W0022F0003T0006Z000C1N34.png,28,0.07660323462854197,0.07660323462854197
G1,W0022F0002T0006Z000C1N26.png,1,10.694919938924274,12.357053906574981
G1,W0022F0002T0006Z000C1N26.png,2,6.671535412903465,9.717530570604087
G1,W0022F0002T0006Z000C1N26.png,3,6.898238052983311,9.986780494493782
G1,W0022F0002T0006Z000C1N26.png,4,3.540246479962785,6.084177852338711
G1,W0022F0002T0006Z000C1N26.png,5,5.462514302040773,6.071501049987557
G1,W0022F0002T0006Z000C1N26.png,6,5.092819018535369,8.224954618246974
G1,W0022F0002T0006Z000C1N26.png,7,6.479466220080597,6.479466220080597
G1,W0022F0002T0006Z000C1N26.png,8,3.981745784953978,3.981745784953978
G1,W0022F0002T0006Z000C1N26.png,9,3.7693539915864736,6.023591496266067
G1,W0022F0002T0006Z000C1N26.png,10,1.508057784453235,1.508057784453235
G1,W0022F0002T0006Z000C1N26.png,11,3.4857250222391416,3.9812629543794342
G1,W0022F0002T0006Z000C1N26.png,12,5.36265388036791,5.820727543926533
G1,W0022F0002T0006Z000C1N26.png,13,4.723693602468306,5.908389162876799
G1,W0022F0002T0006Z000C1N26.png,14,0.4142953354794138,0.4142953354794138
G1,W0022F0002T0006Z000C1N26.png,15,1.7468225121313532,2.398672231094156
G1,W0022F0002T0006Z000C1N26.png,16,4.730226350008428,6.661910375038178
G1,W0022F0002T0006Z000C1N26.png,17,0.40625,0.40625
G1,W0022F0002T0006Z000C1N26.png,18,3.6594584687795306,3.6594584687795306
G1,W0022F0002T0006Z000C1N26.png,19,1.5195270645829249,2.9359932305780276
G1,W0022F0002T0006Z000C1N26.png,20,5.330396326728437,6.047533071426729
G1,W0022F0001T0006Z000C1N57.png,1,0.0755190373349656,0.0755190373349656
G1,W0022F0001T0006Z000C1N57.png,2,4.750172694229127,4.750172694229127
G1,W0022F0001T0006Z000C1N57.png,3,2.8841595402921145,2.8841595402921145
G1,W0022F0001T0006Z000C1N57.png,4,1.8376874904346499,1.8376874904346499
G1,W0022F0001T0006Z000C1N57.png,5,3.796387863162038,3.796387863162038
G1,W0022F0001T0006Z000C1N57.png,6,3.449902172526056,3.449902172526056
G1,W0022F0001T0006Z000C1N57.png,7,3.7664369406174276,3.7664369406174276
G1,W0022F0001T0006Z000C1N57.png,8,1.3556047051974522,1.3556047051974522
G1,W0022F0001T0006Z000C1N57.png,9,0.0695892857063571,0.0695892857063571
G1,W0022F0001T0006Z000C1N57.png,10,2.978779112321019,2.978779112321019
G1,W0022F0001T0006Z000C1N57.png,11,4.242083517499915,4.242083517499915
G1,W0022F0001T0006Z000C1N57.png,12,4.387923156677457,4.387923156677457
G1,W0022F0001T0006Z000C1N57.png,13,6.3133315201098466,6.3133315201098466
G1,W0022F0001T0006Z000C1N57.png,14,3.7215693094446056,3.7215693094446056
G1,W0022F0001T0006Z000C1N57.png,15,3.4032531433920417,3.4032531433920417
G1,W0022F0001T0006Z000C1N57.png,16,5.465534769123695,5.465534769123695
G1,W0022F0001T0006Z000C1N57.png,17,5.3605012853716305,5.3605012853716305
G1,W0022F0001T0006Z000C1N57.png,18,0.3553379664614396,0.3553379664614396
G1,W0022F0001T0006Z000C1N57.png,19,2.512517490610762,2.512517490610762
G1,W0022F0001T0006Z000C1N57.png,20,9.892833975282311,9.892833975282311
G1,W0022F0001T0006Z000C1N57.png,21,4.360887751110808,4.360887751110808
G1,W0022F0001T0006Z000C1N57.png,22,0.08125,0.08125
G1,W0022F0001T0006Z000C1N57.png,23,0.1027740239554716,0.1027740239554716
G1,W0022F0001T0006Z000C1N57.png,24,2.7954665604897375,2.7954665604897375
G1,W0022F0001T0006Z000C1N57.png,25,2.3660357140161676,2.3660357140161676
G1,W0022F0001T0006Z000C1N57.png,26,4.140562499528295,4.140562499528295
G1,W0022F0001T0006Z000C1N57.png,27,1.79487116529293,1.79487116529293
G1,W0022F0001T0006Z000C1N57.png,28,1.8168052317185792,1.8168052317185792
G1,W0022F0001T0006Z000C1N53.png,1,1.6882938838642536,1.6882938838642536
G1,W0022F0001T0006Z000C1N53.png,2,0.9844754413042766,0.9844754413042766
G1,W0022F0001T0006Z000C1N53.png,3,0.34178438899334923,0.34178438899334923
G1,W0022F0001T0006Z000C1N53.png,4,0.29295104113144915,0.29295104113144915
G1,W0022F0001T0006Z000C1N53.png,5,0.0695892857063571,0.0695892857063571
G1,W0022F0001T0006Z000C1N53.png,6,0.0695892857063571,0.0695892857063571
G1,W0022F0001T0006Z000C1N53.png,7,0.11490485194281398,0.11490485194281398
G1,W0022F0001T0006Z000C1N53.png,8,0.3913518238107486,0.3913518238107486
G1,W0022F0001T0006Z000C1N53.png,9,0.11490485194281398,0.11490485194281398
G1,W0022F0001T0006Z000C1N53.png,10,2.036119163998021,2.036119163998021
G1,W0022F0001T0006Z000C1N53.png,11,1.4987419673876574,1.4987419673876574
G1,W0022F0001T0006Z000C1N53.png,12,1.8758019118499694,1.8758019118499694
G1,W0022F0001T0006Z000C1N53.png,13,2.3095589405771833,2.3095589405771833
G1,W0022F0001T0006Z000C1N53.png,14,2.118740781690861,2.118740781690861
G1,W0022F0001T0006Z000C1N53.png,15,0.08125,0.08125
G1,W0022F0001T0006Z000C1N53.png,16,1.4647552056572457,1.4647552056572457
G1,W0022F0001T0006Z000C1N53.png,17,0.08125,0.08125
G1,W0022F0001T0006Z000C1N53.png,18,0.07267220926874421,0.07267220926874421
G1,W0022F0001T0006Z000C1N53.png,19,0.7673895922751232,0.7724333825320004
G1,W0022F0001T0006Z000C1N53.png,20,0.8125,0.8125
G1,W0022F0001T0006Z000C1N53.png,21,2.4751262594057706,2.4751262594057706
G1,W0022F0001T0006Z000C1N53.png,22,2.065732315669191,2.065732315669191
G1,W0022F0001T0006Z000C1N53.png,23,1.4111326346236905,1.4111326346236905
G1,W0022F0001T0006Z000C1N53.png,24,1.3101168840985142,1.3101168840985142
G1,W0022F0001T0006Z000C1N53.png,25,1.006746189774264,1.006746189774264
G1,W0022F0001T0006Z000C1N53.png,26,1.5042738075422644,1.5042738075422644
G1,W0022F0001T0006Z000C1N53.png,27,0.032500000000000466,0.032500000000000466
G1,W0022F0001T0006Z000C1N53.png,28,1.7994628104659458,1.7994628104659458
G1,W0022F0001T0006Z000C1N53.png,29,0.16457581406961358,0.16457581406961358
G1,W0022F0001T0006Z000C1N53.png,30,0.07267220926874421,0.07267220926874421
G1,W0022F0001T0006Z000C1N53.png,31,1.3522695043888258,1.3522695043888258
G1,W0022F0001T0006Z000C1N53.png,32,0.978379559526874,0.978379559526874
G1,W0022F0001T0006Z000C1N53.png,33,1.9835652875567267,1.9835652875567267
G1,W0022F0001T0006Z000C1N53.png,34,4.076642729486796,4.076642729486796
G1,W0022F0002T0006Z000C1N23.png,1,3.4105649275449954,7.6054513754937645
G1,W0022F0002T0006Z000C1N23.png,2,1.541610359332085,1.541610359332085
G1,W0022F0002T0006Z000C1N23.png,3,2.681386781022918,2.681386781022918
G1,W0022F0002T0006Z000C1N23.png,4,7.158858149174351,7.204818266271538
G1,W0022F0002T0006Z000C1N23.png,5,3.7454399357752357,3.7454399357752357
G1,W0022F0002T0006Z000C1N23.png,6,2.0762515051168537,7.622358661365916
G1,W0022F0002T0006Z000C1N23.png,7,3.00625,3.00625
G1,W0022F0002T0006Z000C1N23.png,8,2.09637440370175,8.30684523064866
G1,W0022F0002T0006Z000C1N23.png,9,2.8467996504847335,3.434049104191727
G1,W0022F0002T0006Z000C1N23.png,10,5.0264639921768355,5.458126225646037
G1,W0022F0002T0006Z000C1N23.png,11,5.2,5.364961556246233
G1,W0022F0002T0006Z000C1N23.png,12,6.272584196326104,6.444922904891881
G1,W0022F0002T0006Z000C1N23.png,13,7.816908756023701,7.816908756023701
G1,W0022F0002T0006Z000C1N23.png,14,9.821508603570022,9.821508603570022
G1,W0022F0002T0006Z000C1N23.png,15,8.553875421247508,10.870779033977076
G1,W0022F0002T0006Z000C1N23.png,16,13.466160643797767,13.466160643797767
G1,W0022F0002T0006Z000C1N23.png,17,12.398015214138109,14.479835116464551
G1,W0022F0002T0006Z000C1N23.png,18,12.094969253784816,14.391457969920909
G1,W0022F0002T0006Z000C1N23.png,19,15.265056604054896,15.265056604054896
G1,W0022F0002T0006Z000C1N23.png,20,13.368538816120669,14.773397293044178
G1,W0022F0002T0006Z000C1N23.png,21,14.921622045406915,16.762437833710734
G1,W0022F0001T0006Z000C1N50.png,1,11.275404021737186,11.275404021737186
G1,W0022F0001T0006Z000C1N50.png,2,14.561257864220696,14.561257864220696
G1,W0022F0001T0006Z000C1N50.png,3,2.8051849315152113,2.8051849315152113
G1,W0022F0001T0006Z000C1N50.png,4,7.490879871550471,7.608054941967757
G1,W0022F0001T0006Z000C1N50.png,5,7.699482531313388,8.330403651684593
G1,W0022F0001T0006Z000C1N50.png,6,9.987142124376723,9.987142124376723
G1,W0022F0001T0006Z000C1N50.png,7,6.475579124680665,9.170818188689601
G1,W0022F0001T0006Z000C1N50.png,8,9.455768741884501,9.455768741884501
G1,W0022F0001T0006Z000C1N50.png,9,5.129057083178155,9.747629920267798
G1,W0022F0001T0006Z000C1N50.png,10,5.5088023370579835,5.5088023370579835
G1,W0022F0001T0006Z000C1N50.png,11,0.8750892811593569,9.30658369112963
G1,W0022F0001T0006Z000C1N50.png,12,0.8165523942160723,9.400101811283749
G1,W0022F0001T0006Z000C1N50.png,13,6.414699077728628,6.414699077728628
G1,W0022F0001T0006Z000C1N50.png,14,3.885330002065815,14.962417405131683
G1,W0022F0001T0006Z000C1N50.png,15,5.011880416819619,16.79046534681216
G1,W0022F0001T0006Z000C1N50.png,16,7.430822238529529,13.123384201135963
G1,W0022F0001T0006Z000C1N50.png,17,8.299042207538168,14.222463800709779
G1,W0022F0002T0006Z000C1N35.png,1,0.07726242136567524,0.07726242136567524
G1,W0022F0002T0006Z000C1N35.png,2,0.09765034704381638,0.09765034704381638
G1,W0022F0002T0006Z000C1N35.png,3,0.11490485194281398,0.11490485194281398
G1,W0022F0002T0006Z000C1N35.png,4,1.324993630604304,1.324993630604304
G1,W0022F0002T0006Z000C1N35.png,5,0.05583372201357173,0.05583372201357173
G1,W0022F0002T0006Z000C1N35.png,6,1.3214057973423607,1.3214057973423607
G1,W0022F0002T0006Z000C1N35.png,7,0.08125,0.08125
G1,W0022F0002T0006Z000C1N35.png,8,0.16900255100115485,0.16900255100115485
G1,W0022F0002T0006Z000C1N35.png,9,0.4142953354794138,0.4142953354794138
G1,W0022F0002T0006Z000C1N35.png,10,1.4359119444606963,1.4359119444606963
G1,W0022F0002T0006Z000C1N35.png,11,0.8285906709588275,0.8285906709588275
G1,W0022F0002T0006Z000C1N35.png,12,1.708183428382327,1.708183428382327
G1,W0022F0002T0006Z000C1N35.png,13,1.5278457055606105,1.5278457055606105
G1,W0022F0002T0006Z000C1N35.png,14,0.5755793437335853,0.5755793437335853
G1,W0022F0002T0006Z000C1N35.png,15,0.15471682054021058,0.15471682054021058
G1,W0022F0002T0006Z000C1N35.png,16,2.471122277933652,2.471122277933652
G1,W0022F0002T0006Z000C1N35.png,17,0.6999020521852047,0.6999020521852047
G1,W0022F0002T0006Z000C1N35.png,18,1.131800590444542,1.131800590444542
G1,W0022F0002T0006Z000C1N35.png,19,1.6048753845704036,1.6048753845704036
G1,W0022F0002T0006Z000C1N35.png,20,0.11490485194281398,0.11490485194281398
G1,W0022F0002T0006Z000C1N35.png,21,0.531581799146353,0.531581799146353
G1,W0022F0002T0006Z000C1N35.png,22,1.0951935124794197,1.0951935124794197
G1,W0022F0002T0006Z000C1N35.png,23,0.07786308135936805,0.07786308135936805
G1,W0022F0002T0006Z000C1N35.png,24,1.2045149968144948,1.2045149968144948
G1,W0022F0002T0006Z000C1N35.png,25,1.7273986945693807,1.7273986945693807
G1,W0022F0002T0006Z000C1N35.png,26,1.7273986945693807,1.7273986945693807
G1,W0022F0002T0006Z000C1N35.png,27,2.0682873349706514,2.0682873349706514
G1,W0022F0002T0006Z000C1N35.png,28,0.0,0.0
G1,W0022F0002T0006Z000C1N35.png,29,0.08125,0.08125
G1,W0022F0002T0006Z000C1N35.png,30,2.435730650343016,2.435730650343016
G1,W0022F0002T0006Z000C1N35.png,31,2.5970021779929247,2.5970021779929247
G1,W0022F0002T0006Z000C1N35.png,32,0.03830161731427201,0.03830161731427201
G1,W0022F0002T0006Z000C1N35.png,33,3.558238801437524,3.558238801437524
G1,W0022F0002T0006Z000C1N35.png,34,3.3153584365042645,3.3153584365042645
G1,W0022F0002T0006Z000C1N35.png,35,2.4375,2.4375
G1,W0022F0002T0006Z000C1N35.png,36,3.0747503160700447,3.0747503160700447
G1,W0022F0002T0006Z000C1N35.png,37,0.08492370177969764,0.08492370177969764
G1,W0022F0002T0006Z000C1N35.png,38,0.6023424988902811,0.6023424988902811
G1,W0022F0002T0006Z000C1N35.png,39,1.41022009031392,1.41022009031392
G1,W0022F0002T0006Z000C1N35.png,40,0.3453993319370445,0.3453993319370445
G1,W0022F0002T0006Z000C1N35.png,41,1.4534441853748634,1.4534441853748634
G1,W0022F0002T0006Z000C1N35.png,42,1.4031571544199888,1.4031571544199888
G1,W0022F0002T0006Z000C1N35.png,43,1.1830178570080843,1.1830178570080843
G1,W0022F0002T0006Z000C1N35.png,44,0.1625,0.1625
G1,W0022F0002T0006Z000C1N35.png,45,1.9428152897277706,1.9428152897277706
G1,W0022F0002T0006Z000C1N35.png,46,0.9475296829123614,0.9475296829123614
G1,W0022F0002T0006Z000C1N35.png,47,0.8285906709588281,0.8285906709588281
G1,W0022F0002T0006Z000C1N35.png,48,0.16900255100115516,0.16900255100115516
G1,W0022F0002T0006Z000C1N35.png,49,0.08983691212232871,0.08983691212232871
G1,W0022F0002T0006Z000C1N35.png,50,0.02254641703055463,0.02254641703055463
G1,W0022F0002T0006Z000C1N35.png,51,1.5266877942795833,1.5266877942795833
G1,W0022F0002T0006Z000C1N35.png,52,1.7228065764908145,1.7228065764908145
G1,W0022F0002T0006Z000C1N35.png,53,0.11490485194281398,0.11490485194281398
G1,W0022F0002T0006Z000C1N35.png,54,0.040625,0.040625
G1,W0022F0002T0006Z000C1N35.png,55,1.3325,1.3325
G1,W0022F0002T0006Z000C1N35.png,56,0.08838834764831895,0.08838834764831895
G1,W0022F0002T0006Z000C1N35.png,57,0.06238651829040501,0.06238651829040501
G1,W0022F0002T0006Z000C1N35.png,58,1.21875,1.21875
G1,W0022F0002T0006Z000C1N35.png,59,0.8165523942160723,0.8165523942160723
G1,W0022F0003T0006Z000C1N33.png,1,17.111551619855394,
G1,W0022F0003T0006Z000C1N33.png,2,10.673665021912576,
G1,W0022F0003T0006Z000C1N33.png,3,10.01326625914532,
G1,W0022F0003T0006Z000C1N33.png,4,4.556524340163235,
G1,W0022F0003T0006Z000C1N33.png,5,7.3991416056188575,
G1,W0022F0003T0006Z000C1N33.png,6,4.622415814486851,
G1,W0022F0003T0006Z000C1N33.png,7,7.5032076473998774,
G1,W0022F0003T0006Z000C1N33.png,8,4.276251644255749,
G1,W0022F0003T0006Z000C1N33.png,9,5.005048232784577,
G1,W0022F0003T0006Z000C1N33.png,10,6.241592000693813,
G1,W0022F0003T0006Z000C1N33.png,11,6.653080231178638,
G1,W0022F0003T0006Z000C1N33.png,12,6.700046641628699,
G1,W0022F0003T0006Z000C1N33.png,13,6.867908274176353,
G1,W0022F0003T0006Z000C1N33.png,14,7.015785772099943,
G1,W0022F0003T0006Z000C1N27.png,1,0.07267220926874321,0.07267220926874321
G1,W0022F0003T0006Z000C1N27.png,2,2.1125000000000003,2.1125000000000003
G1,W0022F0003T0006Z000C1N27.png,3,1.170112841780655,1.170112841780655
G1,W0022F0003T0006Z000C1N27.png,4,0.0,0.0
G1,W0022F0003T0006Z000C1N27.png,5,0.7812027763505309,0.7812027763505309
G1,W0022F0003T0006Z000C1N27.png,6,0.36336104634371585,0.36336104634371585
G1,W0022F0003T0006Z000C1N27.png,7,1.8023481521270475,1.8023481521270475
G1,W0022F0003T0006Z000C1N27.png,8,0.6700046641628699,0.6700046641628699
G1,W0022F0003T0006Z000C1N27.png,9,0.978379559526874,0.978379559526874
G1,W0022F0003T0006Z000C1N27.png,10,0.05709667997526293,0.05709667997526293
G1,W0022F0003T0006Z000C1N27.png,11,2.155431114839054,2.155431114839054
G1,W0022F0003T0006Z000C1N27.png,12,0.0,0.0
G1,W0022F0003T0006Z000C1N27.png,13,0.07886785713387287,0.07886785713387287
G1,W0022F0003T0006Z000C1N27.png,14,0.032500000000000466,0.032500000000000466
G1,W0022F0003T0006Z000C1N27.png,15,0.0,0.0
G1,W0022F0003T0006Z000C1N27.png,16,0.0,0.0
G1,W0022F0003T0006Z000C1N27.png,17,0.032500000000000466,0.032500000000000466
G1,W0022F0003T0006Z000C1N27.png,18,0.05416666666666705,0.05416666666666705
G1,W0022F0003T0006Z000C1N27.png,19,0.11490485194281398,0.11490485194281398
G1,W0022F0003T0006Z000C1N27.png,20,0.04199162519899817,0.04199162519899817
G1,W0022F0003T0006Z000C1N27.png,21,0.05918504792563112,0.05918504792563112
G1,W0022F0003T0006Z000C1N27.png,22,2.904161884261964,2.904161884261964
G1,W0022F0003T0006Z000C1N27.png,23,0.39000551716332865,0.39000551716332865
G1,W0022F0003T0006Z000C1N27.png,24,2.54273415083165,2.54273415083165
G1,W0022F0003T0006Z000C1N27.png,25,0.04542013079296448,0.04542013079296448
G1,W0022F0003T0006Z000C1N27.png,26,0.48750000000000004,0.48750000000000004
G1,W0022F0003T0006Z000C1N27.png,27,1.839913381113361,1.839913381113361
G1,W0022F0003T0006Z000C1N27.png,28,0.0,0.0
G1,W0022F0003T0006Z000C1N27.png,29,0.0,0.0
G1,W0022F0003T0006Z000C1N27.png,30,0.01020105577042044,0.01020105577042044
G1,W0022F0003T0006Z000C1N27.png,31,0.0,0.0
G1,W0022F0003T0006Z000C1N27.png,32,0.095588235294118,0.095588235294118
G1,W0022F0003T0006Z000C1N27.png,33,0.07660323462854238,0.07660323462854238
G1,W0022F0003T0006Z000C1N27.png,34,0.07660323462854197,0.07660323462854197
G1,W0022F0003T0006Z000C1N27.png,35,0.036336104634372,0.036336104634372
G1,W0022F0003T0006Z000C1N27.png,36,0.8026907872898494,0.8026907872898494
G1,W0022F0003T0006Z000C1N27.png,37,0.07341001711105195,0.07341001711105195
G1,W0022F0003T0006Z000C1N27.png,38,0.08549671678675635,0.08549671678675635
G1,W0022F0003T0006Z000C1N27.png,39,0.09247111890542078,0.09247111890542078
G1,W0022F0003T0006Z000C1N27.png,40,0.07660323462854156,0.07660323462854156
G1,W0022F0003T0006Z000C1N27.png,41,0.08125,0.08125
G1,W0022F0003T0006Z000C1N27.png,42,0.08125,0.08125
G1,W0022F0003T0006Z000C1N27.png,43,0.1625,0.1625
G1,W0022F0003T0006Z000C1N27.png,44,0.05709667997526184,0.05709667997526184
G1,W0022F0003T0006Z000C1N27.png,45,0.12931865687019387,0.12931865687019387
G1,W0022F0003T0006Z000C1N27.png,46,0.03587662337662341,0.03587662337662341
G1,W0022F0003T0006Z000C1N27.png,47,0.04642857142857242,0.04642857142857242
G1,W0022F0003T0006Z000C1N27.png,48,0.0,0.0
G1,W0022F0003T0006Z000C1N27.png,49,0.05416666666666821,0.05416666666666821
G1,W0022F0003T0006Z000C1N27.png,50,0.0,0.0
G1,W0022F0003T0006Z000C1N27.png,51,0.024024328655489844,0.024024328655489844
G1,W0022F0003T0006Z000C1N27.png,52,0.08125,0.08125
G1,W0022F0003T0006Z000C1N27.png,53,0.028726212985703495,0.028726212985703495
G1,W0022F0003T0006Z000C1N27.png,54,0.2055480479109454,0.2055480479109454
G1,W0022F0003T0006Z000C1N27.png,55,0.07323776028286229,0.07323776028286229
G1,W0022F0003T0006Z000C1N27.png,56,0.03830161731426997,0.03830161731426997
G1,W0022F0003T0006Z000C1N27.png,57,0.14574759384329847,0.14574759384329847
G1,W0022F0003T0006Z000C1N27.png,58,0.0,0.0
G1,W0022F0003T0006Z000C1N27.png,59,1.3340844238652956,1.3340844238652956
G1,W0022F0002T0006Z000C1N34.png,1,1.0707768406791034,1.0707768406791034
G1,W0022F0002T0006Z000C1N34.png,2,2.9797821333949908,2.9797821333949908
G1,W0022F0002T0006Z000C1N34.png,3,0.06770833333333341,0.06770833333333341
G1,W0022F0002T0006Z000C1N34.png,4,0.060909514923897165,0.060909514923897165
G1,W0022F0002T0006Z000C1N34.png,5,2.142837714859019,2.142837714859019
G1,W0022F0002T0006Z000C1N34.png,6,3.9983000314158166,3.9983000314158166
G1,W0022F0002T0006Z000C1N34.png,7,0.9475296829123614,0.9475296829123614
G1,W0022F0002T0006Z000C1N34.png,8,4.067696676253037,4.067696676253037
G1,W0022F0002T0006Z000C1N34.png,9,1.2182082129094354,1.2182082129094354
G1,W0022F0002T0006Z000C1N34.png,10,2.245835507497402,2.245835507497402
G1,W0022F0002T0006Z000C1N34.png,11,0.08125,0.08125
G1,W0022F0002T0006Z000C1N34.png,12,0.07358612641682673,0.07358612641682673
G1,W0022F0002T0006Z000C1N34.png,13,0.6651618185868998,0.6651618185868998
G1,W0022F0002T0006Z000C1N34.png,14,1.5339785780048483,1.5339785780048483
G1,W0022F0002T0006Z000C1N34.png,15,2.5025172276109906,2.5025172276109906
G1,W0022F0002T0006Z000C1N34.png,16,1.0972666311874044,1.0972666311874044
G1,W0022F0002T0006Z000C1N34.png,17,3.4738532280451917,3.4738532280451917
G1,W0022F0002T0006Z000C1N34.png,18,1.0900831390311476,1.0900831390311476
G1,W0022F0002T0006Z000C1N34.png,19,2.9531417119864707,2.9531417119864707
G1,W0022F0002T0006Z000C1N34.png,20,0.2485475561154817,0.2485475561154817
G1,W0022F0002T0006Z000C1N34.png,21,0.11490485194281398,0.11490485194281398
G1,W0022F0002T0006Z000C1N34.png,22,0.0,0.0
G1,W0022F0002T0006Z000C1N34.png,23,0.6504504154685815,0.6504504154685815
G1,W0022F0002T0006Z000C1N34.png,24,2.575370418640759,2.575370418640759
G1,W0022F0002T0006Z000C1N34.png,25,0.1346291201783632,0.1346291201783632
G1,W0022F0002T0006Z000C1N34.png,26,3.155179273828985,3.155179273828985
G1,W0022F0002T0006Z000C1N34.png,27,2.8106607151933387,2.8106607151933387
G1,W0022F0002T0006Z000C1N34.png,28,1.3884006086140988,1.3884006086140988
G1,W0022F0002T0006Z000C1N34.png,29,2.299934781684038,2.299934781684038
G1,W0022F0002T0006Z000C1N34.png,30,2.2575221482855934,2.2575221482855934
G1,W0022F0002T0006Z000C1N34.png,31,1.0900831390311476,1.0900831390311476
G1,W0022F0002T0006Z000C1N34.png,32,1.625,1.625
G1,W0022F0002T0006Z000C1N34.png,33,0.36336104634371585,0.36336104634371585
G1,W0022F0002T0006Z000C1N34.png,34,0.16750116604071746,0.16750116604071746
G1,W0022F0002T0006Z000C1N34.png,35,0.8125,0.8125
G1,W0022F0002T0006Z000C1N34.png,36,0.08125,0.08125
G1,W0022F0002T0006Z000C1N34.png,37,0.2916964270531189,0.2916964270531189
G1,W0022F0002T0006Z000C1N34.png,38,0.6942003043070494,0.6942003043070494
G1,W0022F0002T0006Z000C1N34.png,39,1.2802044957888818,1.2802044957888818
G1,W0022F0002T0006Z000C1N34.png,40,0.04787702164283758,0.04787702164283758
G1,W0022F0002T0006Z000C1N34.png,41,0.08125,0.08125
G1,W0022F0002T0006Z000C1N34.png,42,0.6345827861674157,0.6345827861674157
G1,W0022F0002T0006Z000C1N3.png,1,5.158806289740819,5.158806289740819
G1,W0022F0002T0006Z000C1N3.png,2,8.123781158580037,8.123781158580037
G1,W0022F0002T0006Z000C1N3.png,3,4.626240657754067,4.626240657754067
G1,W0022F0002T0006Z000C1N3.png,4,3.0363545222391637,3.0363545222391637
G1,W0022F0002T0006Z000C1N3.png,5,1.8130217333432026,1.8130217333432026
G1,W0022F0002T0006Z000C1N3.png,6,2.0721936029543664,2.0721936029543664
G1,W0022F0002T0006Z000C1N3.png,7,0.013522897888876131,0.013522897888876131
G1,W0022F0002T0006Z000C1N3.png,8,4.627776962868409,4.627776962868409
G1,W0022F0002T0006Z000C1N3.png,9,2.4266340028512614,2.4266340028512614
G1,W0022F0002T0006Z000C1N3.png,10,2.965346733520382,2.965346733520382
G1,W0022F0002T0006Z000C1N3.png,11,1.3884006086140988,1.3884006086140988
G1,W0022F0002T0006Z000C1N3.png,12,0.7708051796660425,0.7708051796660425
G1,W0022F0002T0006Z000C1N3.png,13,0.12112034878123895,0.12112034878123895
G1,W0022F0002T0006Z000C1N3.png,14,4.326896260600663,4.326896260600663
G1,W0022F0002T0006Z000C1N3.png,15,3.218247668461139,3.218247668461139
G1,W0022F0002T0006Z000C1N3.png,16,5.5820875130265035,5.5820875130265035
G1,W0022F0002T0006Z000C1N3.png,17,4.0625,4.0625
G1,W0022F0002T0006Z000C1N3.png,18,4.296733582254535,4.296733582254535
G1,W0022F0002T0006Z000C1N3.png,19,2.91937997162318,2.91937997162318
G1,W0022F0002T0006Z000C1N3.png,20,1.0341436674853257,1.0341436674853257
G1,W0022F0002T0006Z000C1N3.png,21,0.7267220926874317,0.7267220926874317
G1,W0022F0002T0006Z000C1N3.png,22,2.08681872968759,2.08681872968759
G1,W0022F0002T0006Z000C1N3.png,23,3.3500233208143495,3.3500233208143495
G1,W0022F0002T0006Z000C1N3.png,24,2.689853620552613,2.689853620552613
G1,W0022F0002T0006Z000C1N3.png,25,1.963494970709118,1.963494970709118
G1,W0022F0002T0006Z000C1N3.png,26,0.05511059055971406,0.05511059055971406
G1,W0022F0002T0006Z000C1N3.png,27,0.06782841915041574,0.06782841915041574
G1,W0022F0002T0006Z000C1N3.png,28,0.05416666666666821,0.05416666666666821
G1,W0022F0002T0006Z000C1N3.png,29,0.0,0.0
G1,W0022F0001T0006Z000C1N36.png,1,14.20494369391242,14.20494369391242
G1,W0022F0001T0006Z000C1N36.png,2,14.24194536615346,15.40946467475428
G1,W0022F0001T0006Z000C1N36.png,3,0.07641368410583571,0.07641368410583571
G1,W0022F0001T0006Z000C1N36.png,4,0.07454287776172881,0.07454287776172881
G1,W0022F0001T0006Z000C1N36.png,5,8.095242252110262,10.12526057273618
G1,W0022F0001T0006Z000C1N36.png,6,10.021616758660596,10.021616758660596
G1,W0022F0001T0006Z000C1N36.png,7,0.06056017439061896,0.06056017439061896
G1,W0022F0001T0006Z000C1N36.png,8,4.668207789852314,4.668207789852314
G1,W0022F0001T0006Z000C1N36.png,9,4.894033448684541,4.894033448684541
G1,W0022F0002T0006Z000C1N53.png,1,10.347740190051947,10.347740190051947
G1,W0022F0002T0006Z000C1N53.png,2,4.437172523127764,4.437172523127764
G1,W0022F0002T0006Z000C1N53.png,3,8.20540628169821,8.20540628169821
G1,W0022F0002T0006Z000C1N53.png,4,5.794743429020738,5.794743429020738
G1,W0022F0002T0006Z000C1N53.png,5,3.3940722683083813,3.3940722683083813
G1,W0022F0002T0006Z000C1N53.png,6,5.974917011207463,5.974917011207463
G1,W0022F0002T0006Z000C1N53.png,7,0.0695892857063571,0.0695892857063571
G1,W0022F0002T0006Z000C1N53.png,8,4.283347114115315,4.283347114115315
G1,W0022F0002T0006Z000C1N53.png,9,0.010093362398436839,0.010093362398436839
G1,W0022F0002T0006Z000C1N53.png,10,4.25303200669828,4.25303200669828
G1,W0022F0002T0006Z000C1N53.png,11,0.7367463192231695,0.7367463192231695
G1,W0022F0002T0006Z000C1N53.png,12,1.8040427690329297,1.8040427690329297
G1,W0022F0002T0006Z000C1N53.png,13,2.5003033187909,2.5003033187909
G1,W0022F0002T0006Z000C1N53.png,14,0.04506939094330083,0.04506939094330083
G1,W0022F0002T0006Z000C1N53.png,15,1.8504962631016268,1.8504962631016268
G1,W0022F0002T0006Z000C1N53.png,16,4.695272213017764,4.695272213017764
G1,W0022F0002T0006Z000C1N53.png,17,3.5050688741449862,3.5050688741449862
G1,W0022F0002T0006Z000C1N53.png,18,3.2682301211817997,3.2682301211817997
G1,W0022F0002T0006Z000C1N53.png,19,2.2191812961089954,2.2191812961089954
G1,W0022F0002T0006Z000C1N53.png,20,3.9537956446938427,3.9537956446938427
G1,W0022F0002T0006Z000C1N53.png,21,4.72990082407185,4.72990082407185
G1,W0022F0002T0006Z000C1N53.png,22,0.9777045821719365,0.9777045821719365
G1,W0022F0002T0006Z000C1N53.png,23,3.8490214029063106,3.8490214029063106
G1,W0022F0002T0006Z000C1N53.png,24,4.948251743040162,4.948251743040162
G1,W0022F0002T0006Z000C1N53.png,25,7.10094321419697,7.10094321419697
G1,W0022F0002T0006Z000C1N53.png,26,5.184884715583258,5.184884715583258
G1,W0022F0002T0006Z000C1N53.png,27,5.850564208903275,5.850564208903275
G1,W0022F0002T0006Z000C1N53.png,28,8.085106141945857,8.085106141945857
G1,W0022F0002T0006Z000C1N53.png,29,10.37245485286607,10.37245485286607
G1,W0022F0002T0006Z000C1N46.png,1,6.792969969900257,6.792969969900257
G1,W0022F0002T0006Z000C1N46.png,2,5.384690120639488,5.384690120639488
G1,W0022F0002T0006Z000C1N46.png,3,2.9351386785806217,2.9351386785806217
G1,W0022F0002T0006Z000C1N46.png,4,3.3794530807513814,3.3794530807513814
G1,W0022F0002T0006Z000C1N46.png,5,0.11490485194281398,0.11490485194281398
G1,W0022F0002T0006Z000C1N46.png,6,2.556515500214215,2.9530664851775716
G1,W0022F0002T0006Z000C1N46.png,7,0.1625,0.1625
G1,W0022F0002T0006Z000C1N46.png,8,7.5593071772484555,8.178449195905053
G1,W0022F0002T0006Z000C1N46.png,9,3.7789548819746455,3.9033839485759025
G1,W0022F0002T0006Z000C1N46.png,10,3.5924216543323606,3.5924216543323606
G1,W0022F0002T0006Z000C1N46.png,11,3.2863591176254614,3.563903232412463
G1,W0022F0002T0006Z000C1N46.png,12,6.797682141521883,6.947348783256326
G1,W0022F0001T0006Z000C1N37.png,1,0.0,0.0
G1,W0022F0001T0006Z000C1N37.png,2,0.1625,0.1625
G1,W0022F0001T0006Z000C1N37.png,3,0.22333488805428922,0.22333488805428922
G1,W0022F0001T0006Z000C1N37.png,4,0.22980970388562746,0.27414640249326566
G1,W0022F0001T0006Z000C1N37.png,5,4.4046859911412035,4.4046859911412035
G1,W0022F0001T0006Z000C1N37.png,6,1.4869238379957463,2.099510061895394
G1,W0022F0001T0006Z000C1N37.png,7,2.055480479109447,2.906888370749727
G1,W0022F0001T0006Z000C1N37.png,8,0.0,0.0
G1,W0022F0001T0006Z000C1N37.png,9,0.08125,0.08125
G1,W0022F0001T0006Z000C1N37.png,10,3.934389220266249,5.023248455098484
G1,W0022F0001T0006Z000C1N37.png,11,6.00932724095542,9.642275261691207
G1,W0022F0001T0006Z000C1N37.png,12,4.437820489209138,9.283408175940078
G1,W0022F0001T0006Z000C1N37.png,13,3.9571335901129245,9.199566905566805
G1,W0022F0001T0006Z000C1N37.png,14,3.586880511747715,7.703292270552609
G1,W0022F0001T0006Z000C1N37.png,15,2.9240124200851985,8.371954028649018
G1,W0022F0001T0006Z000C1N37.png,16,3.1729139308370784,3.5088337182744924
G1,W0022F0001T0006Z000C1N37.png,17,2.4905624817888934,8.506947859976638
G1,W0022F0001T0006Z000C1N37.png,18,3.2142565722885283,3.29939033194013
G1,W0022F0001T0006Z000C1N37.png,19,3.675269409117082,3.901795930029123
G1,W0022F0001T0006Z000C1N23.png,1,0.8138254494944833,0.8138254494944833
G1,W0022F0001T0006Z000C1N23.png,2,0.08125,0.08125
G1,W0022F0001T0006Z000C1N23.png,3,0.07267220926874214,0.07267220926874214
G1,W0022F0001T0006Z000C1N23.png,4,0.08125,0.08125
G1,W0022F0001T0006Z000C1N23.png,5,1.5199614509914392,1.5199614509914392
G1,W0022F0001T0006Z000C1N23.png,6,0.5544233525982198,0.5544233525982198
G1,W0022F0001T0006Z000C1N23.png,7,0.0,0.0
G1,W0022F0001T0006Z000C1N23.png,8,0.08125,0.08125
G1,W0022F0001T0006Z000C1N23.png,9,1.956759119053748,1.9768978223469214
G1,W0022F0001T0006Z000C1N23.png,10,1.4310665214758145,1.9081741199959252
G1,W0022F0001T0006Z000C1N23.png,11,0.07267220926874214,0.07267220926874214
G1,W0022F0001T0006Z000C1N23.png,12,2.0377396331474738,2.0377396331474738
G1,W0022F0001T0006Z000C1N23.png,13,0.4737648414561807,0.4737648414561807
G1,W0022F0001T0006Z000C1N23.png,14,0.0,0.0
G1,W0022F0001T0006Z000C1N23.png,15,0.08764386871747175,0.08764386871747175
G1,W0022F0001T0006Z000C1N23.png,16,0.08125,0.08125
G1,W0022F0001T0006Z000C1N23.png,17,0.26811132119989795,0.26811132119989795
G1,W0022F0001T0006Z000C1N23.png,18,0.08137672219813744,0.08137672219813744
G1,W0022F0001T0006Z000C1N23.png,19,1.187118451130253,1.187118451130253
G1,W0022F0001T0006Z000C1N23.png,20,0.08125,0.08125
G1,W0022F0001T0006Z000C1N23.png,21,0.08125,0.08125
G1,W0022F0001T0006Z000C1N23.png,22,0.1625,0.1625
G1,W0022F0001T0006Z000C1N23.png,23,0.05190872090624571,0.05190872090624571
G1,W0022F0001T0006Z000C1N23.png,24,0.08370029746612916,0.08370029746612916
G1,W0022F0001T0006Z000C1N23.png,25,0.06056017439061793,0.06056017439061793
G1,W0022F0001T0006Z000C1N23.png,26,0.6611884291855744,0.7544543650141393
G1,W0022F0001T0006Z000C1N23.png,27,0.0,0.0
G1,W0022F0001T0006Z000C1N23.png,28,1.0593703908454306,1.421294524368542
G1,W0022F0001T0006Z000C1N23.png,29,0.07341001711105177,0.07341001711105177
G1,W0022F0001T0006Z000C1N23.png,30,0.06589659407823038,0.06589659407823038
G1,W0022F0001T0006Z000C1N23.png,31,0.5281250000000001,0.5281250000000001
G1,W0022F0001T0006Z000C1N23.png,32,0.06448578477780147,0.06448578477780147
G1,W0022F0001T0006Z000C1N23.png,33,0.0,0.0
G1,W0022F0001T0006Z000C1N23.png,34,1.2717636622030055,1.2717636622030055
G1,W0022F0001T0006Z000C1N23.png,35,1.0900831390311476,1.0900831390311476
G1,W0022F0001T0006Z000C1N23.png,36,0.028726212985703495,0.028726212985703495
G1,W0022F0001T0006Z000C1N23.png,37,0.040625,0.040625
G1,W0022F0001T0006Z000C1N23.png,38,2.509654574596873,2.509654574596873
G1,W0022F0001T0006Z000C1N23.png,39,0.05709667997526166,0.05709667997526166
G1,W0022F0001T0006Z000C1N23.png,40,0.08125,0.08125
G1,W0022F0001T0006Z000C1N23.png,41,0.13563757491574652,0.13563757491574652
G1,W0022F0001T0006Z000C1N23.png,42,2.3959735998122413,2.3959735998122413
G1,W0022F0001T0006Z000C1N23.png,43,0.07660323462854197,0.07660323462854197
G1,W0022F0001T0006Z000C1N23.png,44,0.0,0.0
G1,W0022F0001T0006Z000C1N23.png,45,1.2875625743289139,1.2875625743289139
G1,W0022F0001T0006Z000C1N23.png,46,0.49422445558673034,0.49422445558673034
G1,W0022F0001T0006Z000C1N23.png,47,0.10938616014491961,0.10938616014491961
G1,W0022F0002T0006Z000C1N51.png,1,0.0,0.0
G1,W0022F0002T0006Z000C1N51.png,2,0.0766032346285421,0.0766032346285421
G1,W0022F0002T0006Z000C1N51.png,3,0.03290681203273214,0.03290681203273214
G1,W0022F0002T0006Z000C1N51.png,4,0.04918410275402761,0.04918410275402761
G1,W0022F0002T0006Z000C1N51.png,5,0.05416666666666705,0.05416666666666705
G1,W0022F0002T0006Z000C1N51.png,6,0.07629097259833545,0.07629097259833545
G1,W0022F0002T0006Z000C1N51.png,7,0.08234600292382524,0.08234600292382524
G1,W0022F0002T0006Z000C1N51.png,8,0.028726212985703495,0.028726212985703495
G1,W0022F0002T0006Z000C1N51.png,9,0.08125,0.08125
G1,W0022F0002T0006Z000C1N51.png,10,0.018168052317186052,0.018168052317186052
G1,W0022F0002T0006Z000C1N51.png,11,0.06728908265624388,0.06728908265624388
G1,W0022F0002T0006Z000C1N51.png,12,0.0,0.0
G1,W0022F0002T0006Z000C1N51.png,13,0.012095247572928132,0.012095247572928132
G1,W0022F0002T0006Z000C1N51.png,14,0.0903008859314239,0.0903008859314239
G1,W0022F0002T0006Z000C1N51.png,15,0.0541666666666659,0.0541666666666659
G1,W0022F0002T0006Z000C1N51.png,16,0.0,0.0
G1,W0022F0002T0006Z000C1N51.png,17,0.7213082867479411,0.7213082867479411
G1,W0022F0002T0006Z000C1N51.png,18,0.0,0.0
G1,W0022F0002T0006Z000C1N51.png,19,0.03014886987687901,0.03014886987687901
G1,W0022F0002T0006Z000C1N51.png,20,0.49422445558673034,0.49422445558673034
G1,W0022F0002T0006Z000C1N51.png,21,0.0726722092687429,0.0726722092687429
G1,W0022F0002T0006Z000C1N51.png,22,0.08125,0.08125
G1,W0022F0002T0006Z000C1N51.png,23,0.5362226423997996,0.5362226423997996
G1,W0022F0002T0006Z000C1N51.png,24,0.0976503470438166,0.0976503470438166
G1,W0022F0002T0006Z000C1N51.png,25,0.059868421052632126,0.059868421052632126
G1,W0022F0002T0006Z000C1N51.png,26,0.07267220926874317,0.07267220926874317
G1,W0022F0002T0006Z000C1N51.png,27,0.0,0.0
G1,W0022F0002T0006Z000C1N51.png,28,0.07570021798827459,0.07570021798827459
G1,W0022F0002T0006Z000C1N51.png,29,0.06287969502590446,0.06287969502590446
G1,W0022F0002T0006Z000C1N51.png,30,0.2483151777829159,0.2483151777829159
G1,W0022F0002T0006Z000C1N51.png,31,0.06500000000000024,0.06500000000000024
G1,W0022F0002T0006Z000C1N51.png,32,0.0,0.0
G1,W0022F0002T0006Z000C1N51.png,33,0.04550602602450578,0.04550602602450578
G1,W0022F0002T0006Z000C1N51.png,34,0.0766032346285432,0.0766032346285432
G1,W0022F0002T0006Z000C1N51.png,35,0.897435582646465,0.897435582646465
G1,W0022F0002T0006Z000C1N51.png,36,0.05709667997526293,0.05709667997526293
G1,W0022F0002T0006Z000C1N51.png,37,0.0,0.0
G1,W0022F0002T0006Z000C1N51.png,38,4.823286185448269,4.823286185448269
G1,W0022F0002T0006Z000C1N51.png,39,0.07267220926874317,0.07267220926874317
G1,W0022F0002T0006Z000C1N51.png,40,0.0,0.0
G1,W0022F0002T0006Z000C1N51.png,41,0.07602653959126553,0.07602653959126553
G1,W0022F0002T0006Z000C1N51.png,42,0.11490485194281398,0.11490485194281398
G1,W0022F0002T0006Z000C1N51.png,43,0.0,0.0
G1,W0022F0002T0006Z000C1N51.png,44,0.07312126941815317,0.07312126941815317
G1,W0022F0002T0006Z000C1N51.png,45,0.5138701197773617,0.5138701197773617
G1,W0022F0002T0006Z000C1N51.png,46,0.08022916975111817,0.08022916975111817
G1,W0022F0002T0006Z000C1N51.png,47,0.05922060518202259,0.05922060518202259
G1,W0022F0002T0006Z000C1N51.png,48,5.627405735549908,5.627405735549908
G1,W0022F0002T0006Z000C1N51.png,49,0.07267220926874317,0.07267220926874317
G1,W0022F0002T0006Z000C1N51.png,50,0.08125,0.08125
G1,W0022F0002T0006Z000C1N51.png,51,0.08125,0.08125
G1,W0022F0002T0006Z000C1N51.png,52,0.6989389279472135,0.6989389279472135
G1,W0022F0002T0006Z000C1N51.png,53,0.0,0.0
G1,W0022F0002T0006Z000C1N51.png,54,0.08125,0.08125
G1,W0022F0002T0006Z000C1N51.png,55,0.06056017439061896,0.06056017439061896
G1,W0022F0002T0006Z000C1N51.png,56,0.033032822394883164,0.033032822394883164
G1,W0022F0002T0006Z000C1N51.png,57,0.06383451074087874,0.06383451074087874
G1,W0022F0002T0006Z000C1N51.png,58,0.0,0.0
G1,W0022F0002T0006Z000C1N51.png,59,0.6130918027848489,0.6130918027848489
G1,W0022F0002T0006Z000C1N51.png,60,0.08125,0.08125
G1,W0022F0002T0006Z000C1N51.png,61,0.57452425971407,0.57452425971407
G1,W0022F0002T0006Z000C1N51.png,62,0.08125,0.08125
G1,W0022F0002T0006Z000C1N51.png,63,0.07566931363181591,0.07566931363181591
G1,W0022F0002T0006Z000C1N51.png,64,0.8636993472846903,0.8636993472846903
G1,W0022F0002T0006Z000C1N51.png,65,0.9084026158592896,0.9084026158592896
G1,W0022F0002T0006Z000C1N51.png,66,0.8671242680109166,0.8671242680109166
G1,W0022F0002T0006Z000C1N51.png,67,0.0,0.0
G1,W0022F0002T0006Z000C1N51.png,68,0.0494224455586725,0.0494224455586725
G1,W0022F0002T0006Z000C1N51.png,69,0.09749999999999907,0.09749999999999907
G1,W0022F0002T0006Z000C1N51.png,70,0.0,0.0
G1,W0022F0002T0006Z000C1N51.png,71,0.08125,0.08125
G1,W0022F0002T0006Z000C1N51.png,72,0.39785827248676175,0.39785827248676175
G1,W0022F0002T0006Z000C1N51.png,73,0.05190872090624468,0.05190872090624468
G1,W0022F0002T0006Z000C1N51.png,74,0.06628725367670706,0.06628725367670706
G1,W0022F0002T0006Z000C1N51.png,75,0.05153882032022072,0.05153882032022072
G1,W0022F0002T0006Z000C1N51.png,76,0.040625,0.040625
G1,W0022F0002T0006Z000C1N51.png,77,0.03830161731427078,0.03830161731427078
G1,W0022F0002T0006Z000C1N51.png,78,0.0766032346285438,0.0766032346285438
G1,W0022F0002T0006Z000C1N51.png,79,0.11490485194281398,0.11490485194281398
G1,W0022F0002T0006Z000C1N51.png,80,0.018168052317186826,0.018168052317186826
G1,W0022F0002T0006Z000C1N51.png,81,0.08125,0.08125
G1,W0022F0002T0006Z000C1N51.png,82,0.035773474939944566,0.035773474939944566
G1,W0022F0002T0006Z000C1N51.png,83,0.030280087195308187,0.030280087195308187
G1,W0022F0002T0006Z000C1N51.png,84,0.03830161731426997,0.03830161731426997
G1,W0022F0002T0006Z000C1N51.png,85,0.08125,0.08125
G1,W0022F0002T0006Z000C1N45.png,1,3.2334004503343263,3.2334004503343263
G1,W0022F0002T0006Z000C1N45.png,2,4.1429533547941375,4.1429533547941375
G1,W0022F0002T0006Z000C1N45.png,3,2.3095589405771833,2.3095589405771833
G1,W0022F0002T0006Z000C1N45.png,4,4.118982353081887,4.276251644255749
G1,W0022F0002T0006Z000C1N45.png,5,2.3992837472879276,2.543527324406011
G1,W0022F0002T0006Z000C1N45.png,6,3.155179273828985,3.155179273828985
G1,W0022F0002T0006Z000C1N45.png,7,3.4211942816069363,3.4211942816069363
G1,W0022F0002T0006Z000C1N45.png,8,3.7375000000000003,3.7375000000000003
G1,W0022F0002T0006Z000C1N45.png,9,0.8608402990728374,0.8608402990728374
G1,W0022F0002T0006Z000C1N45.png,10,1.4189702472215546,1.4189702472215546
G1,W0022F0002T0006Z000C1N45.png,11,1.040507688582838,1.040507688582838
G1,W0022F0002T0006Z000C1N45.png,12,0.05505751283328864,0.05505751283328864
G1,W0022F0002T0006Z000C1N45.png,13,1.7501785623187138,1.7501785623187138
G1,W0022F0002T0006Z000C1N45.png,14,2.1876428524784397,2.1876428524784397
G1,W0022F0002T0006Z000C1N45.png,15,0.3384212251319858,0.3384212251319858
G1,W0022F0002T0006Z000C1N45.png,16,3.657513670514438,3.657513670514438
G1,W0022F0002T0006Z000C1N45.png,17,4.3037397560509705,4.3037397560509705
G1,W0022F0002T0006Z000C1N45.png,18,5.834179998080279,5.834179998080279
G1,W0022F0002T0006Z000C1N45.png,19,5.047972984277947,5.047972984277947
G1,W0022F0002T0006Z000C1N45.png,20,4.701981796274843,4.701981796274843
G1,W0022F0001T0006Z000C1N34.png,1,6.110713056796237,6.448384124143041
G1,W0022F0001T0006Z000C1N34.png,2,12.727806664936422,13.024757675289013
G1,W0022F0001T0006Z000C1N34.png,3,5.6967571246743836,6.044289543260352
G1,W0022F0001T0006Z000C1N34.png,4,7.911735608880492,8.209730612153965
G1,W0022F0001T0006Z000C1N34.png,5,4.619207204197761,4.945666209704462
G1,W0022F0001T0006Z000C1N34.png,6,6.023740327310285,6.3157290665429375
G1,W0022F0001T0006Z000C1N34.png,7,9.092276539445614,9.41691996135902
G1,W0022F0001T0006Z000C1N34.png,8,8.734208965327083,9.221552540109503
G1,W0022F0001T0006Z000C1N34.png,9,2.853020603237909,2.9125603534519247
G1,W0022F0001T0006Z000C1N34.png,10,7.211838340180536,7.856243860907121
G1,W0022F0001T0006Z000C1N34.png,11,8.159053636911574,9.420796476413235
G1,W0022F0001T0006Z000C1N34.png,12,9.267131517492347,11.79804836879812
G1,W0022F0001T0006Z000C1N34.png,13,8.160671694168318,10.690474732209042
G1,W0022F0001T0006Z000C1N34.png,14,8.689192730771945,11.801405173219841
G1,W0022F0001T0006Z000C1N34.png,15,5.472777088690896,8.123781158580037
G1,W0022F0001T0006Z000C1N34.png,16,4.390508227984546,8.781016455969093
G1,W0022F0001T0006Z000C1N34.png,17,4.503557621481043,8.59550209411876
G1,W0022F0001T0006Z000C1N34.png,18,7.945072328584638,13.6061275824014
G1,W0022F0001T0006Z000C1N34.png,19,4.893355361868875,11.694871990073151
G1,W0022F0001T0006Z000C1N34.png,20,0.9955197488309813,8.453954152957804
G1,W0022F0001T0006Z000C1N34.png,21,4.5615923754759145,11.849136308187191
G1,W0022F0001T0006Z000C1N34.png,22,5.065176744576481,10.467470617559625
G1,W0022F0001T0006Z000C1N34.png,23,3.9837364684426606,11.80112547598745
G1,W0022F0001T0006Z000C1N34.png,24,4.205913921380525,12.378998130970151
G1,W0022F0001T0006Z000C1N34.png,25,3.7055701315721983,11.732680054020053
G1,W0022F0001T0006Z000C1N34.png,26,4.960909694803968,13.611254534391751
G1,W0022F0001T0006Z000C1N34.png,27,6.047741838707753,15.224520521108579
G1,W0022F0001T0006Z000C1N34.png,28,5.534550568926081,16.169362425587472
G1,W0022F0001T0006Z000C1N18.png,1,4.125699432557827,4.125699432557827
G1,W0022F0001T0006Z000C1N18.png,2,3.527597668740017,5.370495932639741
G1,W0022F0001T0006Z000C1N18.png,3,1.0277402395547235,6.014695545079568
G1,W0022F0001T0006Z000C1N18.png,4,0.45069954307165594,0.45069954307165594
G1,W0022F0001T0006Z000C1N18.png,5,0.7054475529761237,0.8669270442199849
G1,W0022F0001T0006Z000C1N18.png,6,0.897435582646465,1.3836376422315202
G1,W0022F0001T0006Z000C1N18.png,7,0.08125,0.08125
G1,W0022F0001T0006Z000C1N18.png,8,1.4277823713717717,3.8137334070435496
G1,W0022F0001T0006Z000C1N18.png,9,1.8283414696101425,2.574225773522518
G1,W0022F0001T0006Z000C1N18.png,10,1.4397536681668848,3.007347772539784
G1,W0022F0001T0006Z000C1N18.png,11,2.0516228332712623,2.0516228332712623
G1,W0022F0001T0006Z000C1N18.png,12,0.08125,0.08125
G1,W0022F0001T0006Z000C1N18.png,13,0.6575197739128614,0.6575197739128614
G1,W0022F0001T0006Z000C1N18.png,14,0.07660323462854156,0.07660323462854156
G1,W0022F0001T0006Z000C1N18.png,15,2.1228064909358055,2.1228064909358055
G1,W0022F0001T0006Z000C1N18.png,16,0.05745242597140699,0.05745242597140699
G1,W0022F0001T0006Z000C1N18.png,17,1.8729138394491085,2.0181427105138035
G1,W0022F0001T0006Z000C1N18.png,18,0.5195327713956231,2.164238309070596
G1,W0022F0001T0006Z000C1N18.png,19,0.06310911857336776,0.06310911857336776
G1,W0022F0001T0006Z000C1N18.png,20,2.6800186566514794,2.6800186566514794
G1,W0022F0001T0006Z000C1N18.png,21,0.5560025125350717,0.5560025125350717
G1,W0022F0001T0006Z000C1N18.png,22,1.1547794702885916,1.1547794702885916
G1,W0022F0001T0006Z000C1N18.png,23,0.0,0.0
G1,W0022F0001T0006Z000C1N18.png,24,3.643043719794466,3.643043719794466
G1,W0022F0001T0006Z000C1N18.png,25,3.854025898330212,3.854025898330212
G1,W0022F0001T0006Z000C1N18.png,26,0.13928571428571496,0.13928571428571496
G1,W0022F0001T0006Z000C1N18.png,27,0.22333488805428903,1.0517264246096607
G1,W0022F0001T0006Z000C1N18.png,28,4.9355613282584185,4.9355613282584185
G1,W0022F0001T0006Z000C1N18.png,29,1.1316815475212096,1.9533824830278375
G1,W0022F0001T0006Z000C1N18.png,30,1.694992625352688,2.3638025509758624
G1,W0022F0001T0006Z000C1N18.png,31,0.5138701197773617,3.7691593890415405
G1,W0022F0001T0006Z000C1N18.png,32,2.90410621502783,3.751962921632639
G1,W0022F0001T0006Z000C1N18.png,33,3.9726283677131424,4.231500101884071
G1,W0022F0001T0006Z000C1N18.png,34,2.84375,3.00625
G1,W0022F0001T0006Z000C1N18.png,35,3.917475675534283,4.310102116161069
G1,W0022F0001T0006Z000C1N18.png,36,3.398331846129766,5.259499965963999
G1,W0022F0003T0006Z000C1N47.png,1,0.032499999999999994,0.032499999999999994
G1,W0022F0003T0006Z000C1N47.png,2,0.5280860425893077,0.5280860425893077
G1,W0022F0003T0006Z000C1N47.png,3,0.08125,0.08125
G1,W0022F0003T0006Z000C1N47.png,4,0.05745242597140699,0.05745242597140699
G1,W0022F0003T0006Z000C1N47.png,5,0.09192388155425188,0.09192388155425188
G1,W0022F0003T0006Z000C1N47.png,6,0.0,0.0
G1,W0022F0003T0006Z000C1N47.png,7,0.36336104634371585,0.36336104634371585
G1,W0022F0003T0006Z000C1N47.png,8,0.06809890792318572,0.06809890792318572
G1,W0022F0003T0006Z000C1N47.png,9,0.2485772012876483,0.2485772012876483
G1,W0022F0003T0006Z000C1N47.png,10,1.1718041645257966,1.1718041645257966
G1,W0022F0003T0006Z000C1N47.png,11,0.03633610463437107,0.03633610463437107
G1,W0022F0003T0006Z000C1N47.png,12,1.14904851942814,1.14904851942814
G1,W0022F0003T0006Z000C1N47.png,13,0.053033008588990876,0.053033008588990876
G1,W0022F0003T0006Z000C1N47.png,14,0.07686682712539405,0.07686682712539405
G1,W0022F0003T0006Z000C1N47.png,15,0.07267220926874421,0.07267220926874421
G1,W0022F0003T0006Z000C1N47.png,16,1.0049664480610256,1.0049664480610256
G1,W0022F0003T0006Z000C1N47.png,17,0.08125,0.08125
G1,W0022F0003T0006Z000C1N47.png,18,0.0383016173142716,0.0383016173142716
G1,W0022F0003T0006Z000C1N47.png,19,0.07955357101448668,0.07955357101448668
G1,W0022F0003T0006Z000C1N47.png,20,1.7819516162062314,1.7819516162062314
G1,W0022F0003T0006Z000C1N47.png,21,0.9082007261766413,0.9082007261766413
G1,W0022F0003T0006Z000C1N47.png,22,1.6730398979103878,1.6730398979103878
G1,W0022F0003T0006Z000C1N47.png,23,0.05995035753538106,0.05995035753538106
G1,W0022F0003T0006Z000C1N47.png,24,0.0855182322990578,0.0855182322990578
G1,W0022F0003T0006Z000C1N47.png,25,0.4737648414561807,0.4737648414561807
G1,W0022F0003T0006Z000C1N47.png,26,0.08125,0.08125
G1,W0022F0003T0006Z000C1N47.png,27,0.0585902082262897,0.0585902082262897
G1,W0022F0003T0006Z000C1N47.png,28,0.08370029746612916,0.08370029746612916
G1,W0022F0003T0006Z000C1N47.png,29,0.0,0.0
G1,W0022F0003T0006Z000C1N47.png,30,0.08498704591498588,0.08498704591498588
G1,W0022F0003T0006Z000C1N47.png,31,0.028726212985703495,0.028726212985703495
G1,W0022F0003T0006Z000C1N47.png,32,0.08125,0.08125
G1,W0022F0003T0006Z000C1N47.png,33,0.11490485194281398,0.11490485194281398
G1,W0022F0003T0006Z000C1N47.png,34,1.9897220911474047,1.9897220911474047
G1,W0022F0003T0006Z000C1N47.png,35,2.1327157716160867,2.1327157716160867
G1,W0022F0003T0006Z000C1N47.png,36,1.9192206263220493,1.9192206263220493
G1,W0022F0003T0006Z000C1N47.png,37,0.0,0.0
G1,W0022F0002T0006Z000C1N55.png,1,0.11490485194281398,0.11490485194281398
G1,W0022F0002T0006Z000C1N55.png,2,0.08891329959954818,0.08891329959954818
G1,W0022F0002T0006Z000C1N55.png,3,0.09765034704381595,0.09765034704381595
G1,W0022F0002T0006Z000C1N55.png,4,5.677043960108112,5.677043960108112
G1,W0022F0002T0006Z000C1N55.png,5,1.0487617212499623,1.0487617212499623
G1,W0022F0002T0006Z000C1N55.png,6,0.08125,0.08125
G1,W0022F0002T0006Z000C1N55.png,7,5.5377628697914485,5.5377628697914485
G1,W0022F0002T0006Z000C1N55.png,8,1.0050069962443047,1.0050069962443047
G1,W0022F0002T0006Z000C1N55.png,9,0.08722007062724522,0.08722007062724522
G1,W0022F0002T0006Z000C1N55.png,10,3.416366856764654,3.416366856764654
G1,W0022F0002T0006Z000C1N55.png,11,0.0,0.0
G1,W0022F0002T0006Z000C1N55.png,12,0.13950049577688098,0.13950049577688098
G1,W0022F0002T0006Z000C1N55.png,13,1.1758658895800063,1.1758658895800063
G1,W0022F0002T0006Z000C1N55.png,14,6.851711430703137,6.851711430703137
G1,W0022F0002T0006Z000C1N55.png,15,0.24969599571834886,0.24969599571834886
G1,W0022F0002T0006Z000C1N55.png,16,5.464602704318896,5.464602704318896
G1,W0022F0002T0006Z000C1N55.png,17,1.3884006086140988,1.3884006086140988
G1,W0022F0002T0006Z000C1N55.png,18,2.6050731755557273,2.6050731755557273
G1,W0022F0002T0006Z000C1N55.png,19,4.442502493374103,4.442502493374103
G1,W0022F0002T0006Z000C1N55.png,20,6.3898876408353225,6.3898876408353225
G1,W0022F0002T0006Z000C1N55.png,21,2.220941178732062,2.220941178732062
G1,W0022F0002T0006Z000C1N55.png,22,0.4210227272727277,0.4210227272727277
G1,W0022F0002T0006Z000C1N55.png,23,4.680705242001467,4.680705242001467
G1,W0022F0002T0006Z000C1N55.png,24,5.435813244124565,5.435813244124565
G1,W0022F0002T0006Z000C1N55.png,25,3.9156137769192716,3.9156137769192716
G1,W0022F0002T0006Z000C1N55.png,26,5.011880416819619,5.061685891331069
G1,W0022F0002T0006Z000C1N55.png,27,7.594545283001187,7.594545283001187
G1,W0022F0002T0006Z000C1N55.png,28,5.931806480744293,5.931806480744293
G1,W0022F0002T0006Z000C1N55.png,29,3.793600697226845,3.793600697226845
G1,W0022F0002T0006Z000C1N55.png,30,2.9831034594864456,3.0660438679183963
G1,W0022F0002T0006Z000C1N55.png,31,2.168020410420529,2.168020410420529
G1,W0022F0002T0006Z000C1N55.png,32,5.419111285105828,5.419111285105828
G1,W0022F0002T0006Z000C1N55.png,33,0.4176373060700949,0.4176373060700949
G1,W0022F0002T0006Z000C1N55.png,34,0.07323776028286229,0.07323776028286229
G1,W0022F0002T0006Z000C1N55.png,35,4.670991764336563,4.670991764336563
G1,W0022F0002T0006Z000C1N69.png,1,12.770473757852525,12.770473757852525
G1,W0022F0002T0006Z000C1N69.png,2,12.182082129094354,12.182082129094354
G1,W0022F0002T0006Z000C1N69.png,3,12.781066624601408,12.781066624601408
G1,W0022F0002T0006Z000C1N69.png,4,11.962973622359675,11.962973622359675
G1,W0022F0002T0006Z000C1N69.png,5,11.880294872182256,11.880294872182256
G1,W0022F0002T0006Z000C1N69.png,6,17.487635140650095,17.487635140650095
G1,W0022F0002T0006Z000C1N69.png,7,14.287100825569894,14.287100825569894
G1,W0022F0002T0006Z000C1N69.png,8,10.247040271383105,10.247040271383105
G1,W0022F0002T0006Z000C1N69.png,9,8.672081641682118,8.672081641682118
G1,W0022F0002T0006Z000C1N69.png,10,11.55950805884489,11.55950805884489
G1,W0022F0002T0006Z000C1N69.png,11,16.104634533953952,16.104634533953952
G1,W0022F0002T0006Z000C1N69.png,12,10.142956925636257,10.142956925636257
G1,W0022F0002T0006Z000C1N69.png,13,13.463985526210285,13.463985526210285
G1,W0022F0002T0006Z000C1N69.png,14,3.007347772539784,3.007347772539784
G1,W0022F0002T0006Z000C1N69.png,15,1.3571725897142202,1.3571725897142202
G1,W0022F0002T0006Z000C1N69.png,16,0.29885080818956417,0.29885080818956417
G1,W0022F0002T0006Z000C1N69.png,17,1.5330219339591982,1.5330219339591982
G1,W0022F0002T0006Z000C1N69.png,18,2.7768012172281975,2.7768012172281975
G1,W0022F0002T0006Z000C1N69.png,19,7.429822718275315,7.429822718275315
G1,W0022F0002T0006Z000C1N69.png,20,1.14904851942814,1.14904851942814
G1,W0022F0002T0006Z000C1N69.png,21,1.625,1.625
G1,W0022F0002T0006Z000C1N69.png,22,6.891226305963258,6.891226305963258
G1,W0022F0002T0006Z000C1N69.png,23,14.787723212601053,14.787723212601053
G1,W0022F0002T0006Z000C1N69.png,24,13.420818087477612,13.420818087477612
G1,W0022F0002T0006Z000C1N69.png,25,15.997931771021378,15.997931771021378
G1,W0022F0002T0006Z000C1N69.png,26,6.593776658713882,6.593776658713882
G1,W0022F0002T0006Z000C1N69.png,27,15.254457596469958,15.254457596469958
G1,W0022F0002T0006Z000C1N69.png,28,6.6435896214208805,6.6435896214208805
G1,W0022F0002T0006Z000C1N69.png,29,4.654001134776398,4.654001134776398
G1,W0022F0002T0006Z000C1N69.png,30,11.058507004490586,11.058507004490586
G1,W0022F0002T0006Z000C1N69.png,31,14.841015591322845,14.841015591322845
G1,W0022F0002T0006Z000C1N69.png,32,10.251315285508888,10.251315285508888
G1,W0022F0002T0006Z000C1N69.png,33,10.843146597044605,10.843146597044605
G1,W0022F0002T0006Z000C1N69.png,34,12.4678963442114,12.4678963442114
G1,W0022F0002T0006Z000C1N69.png,35,0.39220092264132056,0.39220092264132056
G1,W0022F0002T0006Z000C1N69.png,36,16.088320686137507,16.088320686137507
G1,W0022F0002T0006Z000C1N54.png,1,1.825363360229605,
G1,W0022F0002T0006Z000C1N54.png,2,3.845273648700571,
G1,W0022F0002T0006Z000C1N54.png,3,10.664866457790271,
G1,W0022F0002T0006Z000C1N54.png,4,14.682664097499474,
G1,W0022F0002T0006Z000C1N54.png,5,5.74435184550877,
G1,W0022F0002T0006Z000C1N54.png,6,10.384754450635798,
G1,W0022F0002T0006Z000C1N54.png,7,5.030287174953335,
G1,W0022F0002T0006Z000C1N54.png,8,20.067196577305516,
G1,W0022F0002T0006Z000C1N54.png,9,13.047242285249402,
G1,W0022F0002T0006Z000C1N54.png,10,7.8715107349224915,
G1,W0022F0002T0006Z000C1N54.png,11,11.016177044874857,
G1,W0022F0003T0006Z000C1N46.png,1,0.08016085899594494,0.08016085899594494
G1,W0022F0003T0006Z000C1N46.png,2,0.0673145600891816,0.0673145600891816
G1,W0022F0003T0006Z000C1N46.png,3,0.05509903576546459,0.05509903576546459
G1,W0022F0003T0006Z000C1N46.png,4,0.07018483307670649,0.07018483307670649
G1,W0022F0003T0006Z000C1N46.png,5,0.06510023136254514,0.06510023136254514
G1,W0022F0003T0006Z000C1N46.png,6,0.08750892811593587,0.08750892811593587
G1,W0022F0003T0006Z000C1N46.png,7,0.0203125,0.0203125
G1,W0022F0003T0006Z000C1N46.png,8,0.040625,0.040625
G1,W0022F0003T0006Z000C1N46.png,9,0.15330219339592138,0.15330219339592138
G1,W0022F0003T0006Z000C1N46.png,10,0.08125,0.08125
G1,W0022F0003T0006Z000C1N46.png,11,0.08125,0.08125
G1,W0022F0003T0006Z000C1N46.png,12,0.03028008719530948,0.03028008719530948
G1,W0022F0003T0006Z000C1N46.png,13,0.060909514923897734,0.060909514923897734
G1,W0022F0003T0006Z000C1N46.png,14,0.8554980590348219,0.8554980590348219
G1,W0022F0003T0006Z000C1N46.png,15,0.0885302803249255,0.0885302803249255
G1,W0022F0003T0006Z000C1N46.png,16,0.07660323462854238,0.07660323462854238
G1,W0022F0003T0006Z000C1N46.png,17,0.8131497402077923,0.8131497402077923
G1,W0022F0003T0006Z000C1N46.png,18,0.07786308135936754,0.07786308135936754
G1,W0022F0003T0006Z000C1N46.png,19,0.07267220926874317,0.07267220926874317
G1,W0022F0003T0006Z000C1N46.png,20,0.0,0.0
G1,W0022F0003T0006Z000C1N46.png,21,0.054588203504105814,0.054588203504105814
G1,W0022F0003T0006Z000C1N46.png,22,1.192897092050367,1.192897092050367
G1,W0022F0003T0006Z000C1N46.png,23,0.0,0.22980970388562796
G1,W0022F0003T0006Z000C1N46.png,24,0.061797966231061305,0.061797966231061305
G1,W0022F0003T0006Z000C1N46.png,25,0.06056017439061896,0.06056017439061896
G1,W0022F0003T0006Z000C1N46.png,26,0.027083333333334104,0.027083333333334104
G1,W0022F0003T0006Z000C1N46.png,27,0.21339412830109422,0.21339412830109422
G1,W0022F0003T0006Z000C1N46.png,28,0.0,0.0
G1,W0022F0003T0006Z000C1N46.png,29,0.0,0.0
G1,W0022F0003T0006Z000C1N46.png,30,0.0842658618176065,0.0842658618176065
G1,W0022F0003T0006Z000C1N46.png,31,0.04732071428032347,0.04732071428032347
G1,W0022F0003T0006Z000C1N46.png,32,0.05709667997526184,0.05709667997526184
G1,W0022F0003T0006Z000C1N46.png,33,0.0,0.0
G1,W0022F0003T0006Z000C1N46.png,34,0.2060730921383253,0.2060730921383253
G1,W0022F0003T0006Z000C1N46.png,35,0.08112606675189984,0.08112606675189984
G1,W0022F0003T0006Z000C1N46.png,36,0.06250000000000036,0.06250000000000036
G1,W0022F0003T0006Z000C1N46.png,37,0.0,0.0
G1,W0022F0003T0006Z000C1N46.png,38,0.48750000000000004,0.48750000000000004
G1,W0022F0003T0006Z000C1N46.png,39,0.01712900399257775,0.01712900399257775
G1,W0022F0003T0006Z000C1N46.png,40,0.08449999999999971,0.08449999999999971
G1,W0022F0003T0006Z000C1N46.png,41,0.0,0.0
G1,W0022F0003T0006Z000C1N46.png,42,0.08613906208294121,0.08613906208294121
G1,W0022F0003T0006Z000C1N46.png,43,0.09428355246922529,0.09428355246922529
G1,W0022F0003T0006Z000C1N46.png,44,0.885274770765035,0.885274770765035
G1,W0022F0003T0006Z000C1N46.png,45,0.07706569906461772,0.07706569906461772
G1,W0022F0003T0006Z000C1N46.png,46,1.4715000849473303,1.4715000849473303
G1,W0022F0003T0006Z000C1N46.png,47,0.5859020822628983,0.5859020822628983
G1,W0022F0003T0006Z000C1N46.png,48,0.058137767414994324,0.058137767414994324
G1,W0022F0003T0006Z000C1N46.png,49,0.0735750042473666,0.0735750042473666
G1,W0022F0003T0006Z000C1N46.png,50,0.05745242597140699,0.05745242597140699
G1,W0022F0003T0006Z000C1N46.png,51,0.09459160805298615,0.09459160805298615
G1,W0022F0003T0006Z000C1N46.png,52,0.08125,0.08125
G1,W0022F0003T0006Z000C1N46.png,53,0.09765034704381638,0.09765034704381638
G1,W0022F0003T0006Z000C1N46.png,54,0.08580246208588611,0.08580246208588611
G1,W0022F0003T0006Z000C1N46.png,55,0.030468750000000003,0.030468750000000003
G1,W0022F0003T0006Z000C1N46.png,56,0.07660323462854374,0.07660323462854374
G1,W0022F0003T0006Z000C1N46.png,57,0.22980970388562796,0.22980970388562796
G1,W0022F0001T0006Z000C1N31.png,1,0.08670897404857068,0.08670897404857068
G1,W0022F0001T0006Z000C1N31.png,2,0.09459160805298543,0.09459160805298543
G1,W0022F0001T0006Z000C1N31.png,3,0.04908641024187301,0.04908641024187301
G1,W0022F0001T0006Z000C1N31.png,4,0.0,0.0
G1,W0022F0001T0006Z000C1N31.png,5,0.22980970388562796,0.22980970388562796
G1,W0022F0001T0006Z000C1N31.png,6,0.05075460587989873,0.05075460587989873
G1,W0022F0001T0006Z000C1N31.png,7,0.0,0.0
G1,W0022F0001T0006Z000C1N31.png,8,0.07329329408365577,0.07329329408365577
G1,W0022F0001T0006Z000C1N31.png,9,0.08125,0.08125
G1,W0022F0001T0006Z000C1N31.png,10,0.0,0.0
G1,W0022F0001T0006Z000C1N31.png,11,0.0564750058053676,0.0564750058053676
G1,W0022F0001T0006Z000C1N31.png,12,0.0,0.0
G1,W0022F0001T0006Z000C1N31.png,13,0.0977434212638744,0.0977434212638744
G1,W0022F0001T0006Z000C1N31.png,14,0.1458482135265585,0.1458482135265585
G1,W0022F0001T0006Z000C1N31.png,15,0.0,0.0
G1,W0022F0001T0006Z000C1N31.png,16,0.0,0.0
G1,W0022F0001T0006Z000C1N31.png,17,0.0,0.0
G1,W0022F0001T0006Z000C1N31.png,18,0.08544063223862361,0.08544063223862361
G1,W0022F0001T0006Z000C1N31.png,19,0.0,0.0
G1,W0022F0001T0006Z000C1N31.png,20,0.0,0.0
G1,W0022F0001T0006Z000C1N31.png,21,0.0,0.0
G1,W0022F0001T0006Z000C1N31.png,22,0.08098056232160117,0.08098056232160117
G1,W0022F0001T0006Z000C1N31.png,23,0.07660323462854156,0.07660323462854156
G1,W0022F0001T0006Z000C1N31.png,24,0.06565991539589364,0.06565991539589364
G1,W0022F0001T0006Z000C1N31.png,25,0.0410374471224337,0.0410374471224337
G1,W0022F0001T0006Z000C1N31.png,26,0.0,0.0
G1,W0022F0001T0006Z000C1N31.png,27,0.07323776028286229,0.07323776028286229
G1,W0022F0001T0006Z000C1N31.png,28,0.0,0.0
G1,W0022F0001T0006Z000C1N31.png,29,0.05745242597140699,0.05745242597140699
G1,W0022F0001T0006Z000C1N31.png,30,0.07660323462854238,0.07660323462854238
G1,W0022F0001T0006Z000C1N31.png,31,0.0,0.0
G1,W0022F0001T0006Z000C1N31.png,32,0.0,0.0
G1,W0022F0001T0006Z000C1N31.png,33,0.0,0.0
G1,W0022F0001T0006Z000C1N31.png,34,0.08704962333127035,0.08704962333127035
G1,W0022F0001T0006Z000C1N31.png,35,0.3943392856693609,0.3943392856693609
G1,W0022F0001T0006Z000C1N31.png,36,0.05580019831075298,0.05580019831075298
G1,W0022F0001T0006Z000C1N31.png,37,0.07660323462854156,0.07660323462854156
G1,W0022F0001T0006Z000C1N31.png,38,0.09084026158592896,0.09084026158592896
G1,W0022F0001T0006Z000C1N31.png,39,0.07649706238815082,0.07649706238815082
G1,W0022F0001T0006Z000C1N19.png,1,1.427782371371771,1.427782371371771
G1,W0022F0001T0006Z000C1N19.png,2,4.2194478825639585,5.471336778883126
G1,W0022F0001T0006Z000C1N19.png,3,6.632707780386529,8.125
G1,W0022F0001T0006Z000C1N19.png,4,1.4397536681668848,1.4397536681668848
G1,W0022F0001T0006Z000C1N19.png,5,0.5048729485869448,0.5048729485869448
G1,W0022F0001T0006Z000C1N19.png,6,4.034597478510519,10.000019851298765
G1,W0022F0001T0006Z000C1N19.png,7,3.281109785363957,9.998299551604319
G1,W0022F0001T0006Z000C1N19.png,8,2.538331144669663,9.10145077721129
G1,W0022F0001T0006Z000C1N19.png,9,2.9797821333949908,4.768897442019487
G1,W0022F0001T0006Z000C1N19.png,10,0.05416666666666821,0.05416666666666821
G1,W0022F0001T0006Z000C1N19.png,11,5.825120706903849,5.825120706903849
G1,W0022F0001T0006Z000C1N19.png,12,1.6231934402419337,1.6231934402419337
G1,W0022F0001T0006Z000C1N19.png,13,1.6418261516509278,1.6418261516509278
G1,W0022F0001T0006Z000C1N19.png,14,3.2259012791001527,4.188246388704943
G1,W0022F0001T0006Z000C1N19.png,15,6.669542348534038,6.727360438702703
G1,W0022F0001T0006Z000C1N19.png,16,6.4751134744435515,6.4751134744435515
G1,W0022F0001T0006Z000C1N19.png,17,7.015785772099943,7.61152497860974
G1,W0022F0001T0006Z000C1N19.png,18,7.696433382129386,7.696433382129386
G1,W0022F0001T0006Z000C1N19.png,19,8.961105191325455,9.302326657885112
G1,W0022F0001T0006Z000C1N33.png,1,,
G1,W0022F0001T0006Z000C1N33.png,2,,
G1,W0022F0001T0006Z000C1N33.png,3,,
G1,W0022F0001T0006Z000C1N33.png,4,,
G1,W0022F0001T0006Z000C1N33.png,5,,
G1,W0022F0001T0006Z000C1N33.png,6,,
G1,W0022F0001T0006Z000C1N33.png,7,,
G1,W0022F0001T0006Z000C1N33.png,8,,
G1,W0022F0001T0006Z000C1N33.png,9,,
G1,W0022F0002T0006Z000C1N43.png,1,3.2334004503343263,3.2334004503343263
G1,W0022F0002T0006Z000C1N43.png,2,6.792969969900257,6.792969969900257
G1,W0022F0002T0006Z000C1N43.png,3,4.1429533547941375,4.1429533547941375
G1,W0022F0002T0006Z000C1N43.png,4,5.411369008006784,5.411369008006784
G1,W0022F0002T0006Z000C1N43.png,5,2.3616915136307615,2.3616915136307615
G1,W0022F0002T0006Z000C1N43.png,6,2.9430073479351018,2.9430073479351018
G1,W0022F0002T0006Z000C1N43.png,7,3.192618439463131,3.192618439463131
G1,W0022F0002T0006Z000C1N43.png,8,3.436596472165448,3.436596472165448
G1,W0022F0002T0006Z000C1N43.png,9,0.11490485194281398,0.11490485194281398
G1,W0022F0002T0006Z000C1N43.png,10,3.741030940796935,3.741030940796935
G1,W0022F0002T0006Z000C1N43.png,11,0.8803942465437153,0.8803942465437153
G1,W0022F0002T0006Z000C1N43.png,12,1.4189702472215546,1.4189702472215546
G1,W0022F0002T0006Z000C1N43.png,13,0.325,0.325
G1,W0022F0002T0006Z000C1N43.png,14,0.1625,0.1625
G1,W0022F0002T0006Z000C1N43.png,15,1.040507688582838,1.040507688582838
G1,W0022F0002T0006Z000C1N43.png,16,1.7501785623187138,1.7501785623187138
G1,W0022F0002T0006Z000C1N43.png,17,2.1876428524784397,2.1876428524784397
G1,W0022F0002T0006Z000C1N43.png,18,5.281286156901023,5.436018393187645
G1,W0022F0002T0006Z000C1N43.png,19,4.587568119385259,4.587568119385259
G1,W0022F0002T0006Z000C1N43.png,20,3.8351377093919328,4.072238327996042
G1,W0022F0002T0006Z000C1N43.png,21,4.071514791362176,4.135572164537717
G1,W0022F0002T0006Z000C1N73.png,1,0.08670897404856986,0.08670897404856986
G1,W0022F0002T0006Z000C1N73.png,2,0.06555809070490923,0.06555809070490923
G1,W0022F0002T0006Z000C1N73.png,3,3.619958779116138,3.619958779116138
G1,W0022F0002T0006Z000C1N73.png,4,11.70451301848992,11.70451301848992
G1,W0022F0002T0006Z000C1N73.png,5,13.1362612486207,13.1362612486207
G1,W0022F0002T0006Z000C1N73.png,6,16.916093899375827,16.916093899375827
G1,W0022F0002T0006Z000C1N73.png,7,18.083116215634472,18.083116215634472
G1,W0022F0002T0006Z000C1N71.png,1,,
G1,W0022F0002T0006Z000C1N71.png,2,,
G1,W0022F0002T0006Z000C1N71.png,3,,
G1,W0022F0002T0006Z000C1N71.png,4,,
G1,W0022F0002T0006Z000C1N71.png,5,,
G1,W0022F0002T0006Z000C1N71.png,6,,
G1,W0022F0002T0006Z000C1N71.png,7,,
G1,W0022F0002T0006Z000C1N71.png,8,,
G1,W0022F0002T0006Z000C1N71.png,9,,
G1,W0022F0002T0006Z000C1N71.png,10,,
G1,W0022F0002T0006Z000C1N71.png,11,,
G1,W0022F0002T0006Z000C1N71.png,12,,
G1,W0022F0002T0006Z000C1N71.png,13,,
G1,W0022F0002T0006Z000C1N71.png,14,,
G1,W0022F0002T0006Z000C1N71.png,15,,
G1,W0022F0002T0006Z000C1N71.png,16,,
G1,W0022F0002T0006Z000C1N71.png,17,,
G1,W0022F0002T0006Z000C1N71.png,18,,
G1,W0022F0002T0006Z000C1N71.png,19,,
G1,W0022F0002T0006Z000C1N71.png,20,,
G1,W0022F0002T0006Z000C1N71.png,21,,
G1,W0022F0002T0006Z000C1N71.png,22,,
G1,W0022F0002T0006Z000C1N64.png,1,6.400210567825093,6.400210567825093
G1,W0022F0002T0006Z000C1N64.png,2,6.126181702742809,6.126181702742809
G1,W0022F0002T0006Z000C1N64.png,3,3.58974233058586,3.58974233058586
G1,W0022F0002T0006Z000C1N64.png,4,2.4924025181539196,2.4924025181539196
G1,W0022F0002T0006Z000C1N64.png,5,0.8285906709588271,0.8285906709588271
G1,W0022F0002T0006Z000C1N64.png,6,4.111093670467188,4.111093670467188
G1,W0022F0002T0006Z000C1N64.png,7,3.7796535886242277,3.7796535886242277
G1,W0022F0002T0006Z000C1N64.png,8,2.2519005861716006,2.2519005861716006
G1,W0022F0002T0006Z000C1N64.png,9,0.8788531233943475,0.8788531233943475
G1,W0022F0002T0006Z000C1N64.png,10,2.269373351028541,2.269373351028541
G1,W0022F0002T0006Z000C1N64.png,11,0.7833502444661428,0.7833502444661428
G1,W0022F0002T0006Z000C1N64.png,12,0.18718599357100488,0.18718599357100488
G1,W0022F0002T0006Z000C1N64.png,13,1.657181341917655,1.657181341917655
G1,W0022F0002T0006Z000C1N64.png,14,0.2630487299572518,0.2630487299572518
G1,W0022F0002T0006Z000C1N64.png,15,1.4800007077279889,1.4800007077279889
G1,W0022F0002T0006Z000C1N64.png,16,2.361846801234153,2.361846801234153
G1,W0022F0002T0006Z000C1N64.png,17,1.397877855894427,1.397877855894427
G1,W0022F0002T0006Z000C1N64.png,18,1.6750116604071748,1.6750116604071748
G1,W0022F0002T0006Z000C1N64.png,19,1.8845796945207702,1.8845796945207702
G1,W0022F0002T0006Z000C1N64.png,20,1.397877855894427,1.397877855894427
G1,W0022F0002T0006Z000C1N64.png,21,1.5450323621206108,1.5450323621206108
G1,W0022F0002T0006Z000C1N64.png,22,2.2575221482855934,2.2575221482855934
G1,W0022F0002T0006Z000C1N64.png,23,0.5273645284132479,0.5273645284132479
G1,W0022F0002T0006Z000C1N64.png,24,2.2825760354282996,2.2825760354282996
G1,W0022F0002T0006Z000C1N64.png,25,2.7672752844630404,2.7672752844630404
G1,W0022F0002T0006Z000C1N64.png,26,0.36336104634371585,0.36336104634371585
G1,W0022F0002T0006Z000C1N60.png,1,7.225884596582276,8.889823118494823
G1,W0022F0002T0006Z000C1N60.png,2,0.02215909090909089,0.02215909090909089
G1,W0022F0002T0006Z000C1N60.png,3,7.239557320763286,8.36541382921076
G1,W0022F0002T0006Z000C1N60.png,4,8.740735301624241,9.087481790275682
G1,W0022F0002T0006Z000C1N60.png,5,5.03308521162209,5.397633439522267
G1,W0022F0002T0006Z000C1N60.png,6,0.08125,0.08125
G1,W0022F0002T0006Z000C1N60.png,7,14.54352304292189,14.54352304292189
G1,W0022F0002T0006Z000C1N60.png,8,15.912610773868158,16.529183767374146
G1,W0022F0002T0006Z000C1N60.png,9,5.099620849876978,10.325024591375072
G1,W0022F0002T0006Z000C1N60.png,10,5.140128416575688,10.461040486278389
G1,W0022F0002T0006Z000C1N60.png,11,13.464734030050503,18.267615642168522
G1,W0022F0002T0006Z000C1N60.png,12,16.44994775827571,19.32624915108982
G1,W0022F0002T0006Z000C1N60.png,13,18.063466669634597,20.47790158011802
G1,W0022F0002T0006Z000C1N60.png,14,11.958940170433165,17.139706276654803
G1,W0022F0002T0006Z000C1N60.png,15,9.92421438956253,14.072537528818318
G1,W0022F0002T0006Z000C1N60.png,16,18.9159360536647,23.42203193151777
G1,W0022F0002T0006Z000C1N74.png,1,1.963494970709118,5.825120706903849
G1,W0022F0002T0006Z000C1N74.png,2,3.04540010598863,6.714919127501752
G1,W0022F0002T0006Z000C1N74.png,3,4.877707581436181,4.877707581436181
G1,W0022F0002T0006Z000C1N74.png,4,9.055095409515795,10.326799442692819
G1,W0022F0002T0006Z000C1N74.png,5,0.11672250432792211,0.11672250432792211
G1,W0022F0002T0006Z000C1N74.png,6,7.035240554546518,7.675903846651463
G1,W0022F0002T0006Z000C1N74.png,7,6.965683804771472,6.965683804771472
G1,W0022F0002T0006Z000C1N74.png,8,8.045498827847089,8.55679733051774
G1,W0022F0002T0006Z000C1N74.png,9,11.41005758366276,11.96914816570085
G1,W0022F0003T0006Z000C1N9.png,1,1.186869553244902,2.112577159084709
G1,W0022F0003T0006Z000C1N9.png,2,0.047794117647058654,0.047794117647058654
G1,W0022F0003T0006Z000C1N9.png,3,5.215844999853811,5.215844999853811
G1,W0022F0003T0006Z000C1N9.png,4,6.969315809118012,6.969315809118012
G1,W0022F0003T0006Z000C1N9.png,5,0.0,0.0
G1,W0022F0003T0006Z000C1N9.png,6,0.11490485194281398,0.11490485194281398
G1,W0022F0003T0006Z000C1N9.png,7,0.31231627252135413,0.31231627252135413
G1,W0022F0003T0006Z000C1N9.png,8,0.16835723101767716,0.16835723101767716
G1,W0022F0003T0006Z000C1N9.png,9,3.2010437750833716,3.2010437750833716
G1,W0022F0003T0006Z000C1N9.png,10,4.604202069580663,4.604202069580663
G1,W0022F0003T0006Z000C1N9.png,11,1.8968003486134224,1.9984857548904371
G1,W0022F0003T0006Z000C1N9.png,12,2.373000803307913,2.373000803307913
G1,W0022F0003T0006Z000C1N9.png,13,1.3449268102763066,1.3449268102763066
G1,W0022F0003T0006Z000C1N9.png,14,0.9475296829123614,0.9475296829123614
G1,W0022F0003T0006Z000C1N9.png,15,0.8125,0.8125
G1,W0022F0003T0006Z000C1N9.png,16,0.3966858881754576,0.3966858881754576
G1,W0022F0003T0006Z000C1N9.png,17,1.1718041645257966,1.1718041645257966
G1,W0022F0003T0006Z000C1N9.png,18,0.08125,0.08125
G1,W0022F0003T0006Z000C1N9.png,19,0.6855882510661926,0.6855882510661926
G1,W0022F0003T0006Z000C1N9.png,20,0.8165523942160723,0.8165523942160723
G1,W0022F0003T0006Z000C1N9.png,21,0.8750892811593569,0.8750892811593569
G1,W0022F0003T0006Z000C1N9.png,22,0.03460581393749662,0.03460581393749662
G1,W0022F0003T0006Z000C1N9.png,23,1.0593703908454306,1.421294524368542
G1,W0022F0003T0006Z000C1N9.png,24,0.8905126025568083,0.8905126025568083
G1,W0022F0003T0006Z000C1N9.png,25,0.06397826456292842,0.06397826456292842
G1,W0022F0003T0006Z000C1N9.png,26,1.2192848620587722,1.2192848620587722
G1,W0022F0003T0006Z000C1N9.png,27,1.4446114026241912,2.9870300522698563
G1,W0022F0002T0006Z000C1N75.png,1,13.403993703142266,13.403993703142266
G1,W0022F0002T0006Z000C1N75.png,2,11.811650893671667,11.811650893671667
G1,W0022F0002T0006Z000C1N75.png,3,12.588506973128306,12.588506973128306
G1,W0022F0002T0006Z000C1N75.png,4,16.022944973537168,16.022944973537168
G1,W0022F0002T0006Z000C1N75.png,5,12.267673793857579,12.267673793857579
G1,W0022F0002T0006Z000C1N75.png,6,8.85942513595941,8.85942513595941
G1,W0022F0002T0006Z000C1N75.png,7,11.979071919915166,11.979071919915166
G1,W0022F0002T0006Z000C1N75.png,8,7.589376312484446,7.589376312484446
G1,W0022F0002T0006Z000C1N75.png,9,6.298487491036631,6.298487491036631
G1,W0022F0002T0006Z000C1N75.png,10,3.8591814222707908,3.8591814222707908
G1,W0022F0002T0006Z000C1N75.png,11,3.819614263901527,3.819614263901527
G1,W0022F0002T0006Z000C1N75.png,12,3.5337111158101195,3.5337111158101195
G1,W0022F0002T0006Z000C1N75.png,13,10.790862682739695,10.790862682739695
G1,W0022F0002T0006Z000C1N75.png,14,6.187815648514426,6.187815648514426
G1,W0022F0002T0006Z000C1N75.png,15,10.164371752597404,10.164371752597404
G1,W0022F0002T0006Z000C1N75.png,16,0.18168052317185793,0.18168052317185793
G1,W0022F0002T0006Z000C1N75.png,17,3.9000000000000004,3.9000000000000004
G1,W0022F0002T0006Z000C1N75.png,18,10.49666985881713,10.49666985881713
G1,W0022F0002T0006Z000C1N75.png,19,9.614702537406579,9.614702537406579
G1,W0022F0002T0006Z000C1N75.png,20,6.895380498726826,6.895380498726826
G1,W0022F0002T0006Z000C1N75.png,21,3.104558140863205,3.104558140863205
G1,W0022F0002T0006Z000C1N75.png,22,3.1242289048659675,3.1242289048659675
G1,W0022F0002T0006Z000C1N75.png,23,3.1614499244808543,3.1614499244808543
G1,W0022F0002T0006Z000C1N75.png,24,4.777195993728958,4.777195993728958
G1,W0022F0002T0006Z000C1N75.png,25,4.895438924716046,4.895438924716046
G1,W0022F0002T0006Z000C1N75.png,26,5.635318660577235,5.635318660577235
G1,W0022F0002T0006Z000C1N61.png,1,2.016753829039242,2.016753829039242
G1,W0022F0002T0006Z000C1N61.png,2,6.874090848977777,6.874090848977777
G1,W0022F0002T0006Z000C1N61.png,3,3.7041343277863352,3.7041343277863352
G1,W0022F0002T0006Z000C1N61.png,4,2.5633827747724296,2.5633827747724296
G1,W0022F0002T0006Z000C1N61.png,5,2.538331144669663,2.538331144669663
G1,W0022F0002T0006Z000C1N61.png,6,0.30724301246964014,0.30724301246964014
G1,W0022F0002T0006Z000C1N61.png,7,0.1484428966946602,0.1484428966946602
G1,W0022F0002T0006Z000C1N61.png,8,1.7785834545140913,1.7785834545140913
G1,W0022F0002T0006Z000C1N61.png,9,1.0517264246096618,1.0517264246096618
G1,W0022F0002T0006Z000C1N61.png,10,4.346880273231485,4.346880273231485
G1,W0022F0002T0006Z000C1N61.png,11,0.6700046641628699,0.6700046641628699
G1,W0022F0002T0006Z000C1N61.png,12,1.0128085949477317,1.0128085949477317
G1,W0022F0002T0006Z000C1N61.png,13,6.0125,6.0125
G1,W0022F0002T0006Z000C1N61.png,14,0.08125,0.08125
G1,W0022F0002T0006Z000C1N61.png,15,2.9125603534519247,2.9125603534519247
G1,W0022F0002T0006Z000C1N61.png,16,1.4534441853748634,1.4534441853748634
G1,W0022F0002T0006Z000C1N61.png,17,1.8168052317185792,1.8168052317185792
G1,W0022F0002T0006Z000C1N61.png,18,2.356193964850942,2.356193964850942
G1,W0022F0002T0006Z000C1N61.png,19,0.1184346249919151,0.1184346249919151
G1,W0022F0002T0006Z000C1N61.png,20,2.9297752969837676,2.9297752969837676
G1,W0022F0002T0006Z000C1N61.png,21,0.08750892811593587,0.08750892811593587
G1,W0022F0002T0006Z000C1N61.png,22,5.128928372477042,5.128928372477042
G1,W0022F0002T0006Z000C1N61.png,23,0.14987589383845382,0.14987589383845382
G1,W0022F0002T0006Z000C1N61.png,24,5.492644228875561,5.492644228875561
G1,W0022F0002T0006Z000C1N61.png,25,5.449204357059846,5.449204357059846
G1,W0022F0002T0006Z000C1N61.png,26,1.5736616957950336,1.5736616957950336
G1,W0022F0002T0006Z000C1N61.png,27,0.40625,0.40625
G1,W0022F0002T0006Z000C1N61.png,28,4.0754792662949475,4.0754792662949475
G1,W0022F0002T0006Z000C1N61.png,29,0.1267108993187754,0.1267108993187754
G1,W0022F0002T0006Z000C1N61.png,30,6.831727548089306,6.831727548089306
G1,W0022F0002T0006Z000C1N61.png,31,5.492325350441473,5.492325350441473
G1,W0022F0002T0006Z000C1N61.png,32,2.82978714968105,2.82978714968105
G1,W0022F0002T0006Z000C1N61.png,33,6.662995408410545,6.662995408410545
G1,W0022F0001T0006Z000C1N10.png,1,8.681035781023194,10.049798526001561
G1,W0022F0001T0006Z000C1N10.png,2,9.967415104821523,11.414603700844566
G1,W0022F0001T0006Z000C1N10.png,3,2.189171147375189,2.189171147375189
G1,W0022F0001T0006Z000C1N10.png,4,9.01399086143313,10.740991865279481
G1,W0022F0001T0006Z000C1N10.png,5,1.1196531812009776,1.1196531812009776
G1,W0022F0001T0006Z000C1N10.png,6,2.82044018062784,2.82044018062784
G1,W0022F0001T0006Z000C1N10.png,7,0.12282345788423571,0.12282345788423571
G1,W0022F0001T0006Z000C1N10.png,8,8.109547806443958,9.712689026474594
G1,W0022F0001T0006Z000C1N10.png,9,1.8527850657860994,1.8527850657860994
G1,W0022F0001T0006Z000C1N10.png,10,5.750410990746662,8.058509186723063
G1,W0022F0001T0006Z000C1N10.png,11,5.435259584037158,7.45220766072679
G1,W0022F0001T0006Z000C1N10.png,12,3.29939033194013,3.29939033194013
G1,W0022F0001T0006Z000C1N10.png,13,3.99335691042793,5.713917442443713
G1,W0022F0001T0006Z000C1N10.png,14,5.930693467040764,6.928676821731549
G1,W0022F0001T0006Z000C1N10.png,15,5.9150892850404215,6.7881445366167625
G1,W0022F0001T0006Z000C1N10.png,16,4.737279890872273,5.496804575131819
G1,W0022F0001T0006Z000C1N10.png,17,5.2114132560179875,5.2114132560179875
G1,W0022F0001T0006Z000C1N10.png,18,5.952492781389995,5.952492781389995
G1,W0022F0001T0006Z000C1N10.png,19,3.688507395350531,3.688507395350531
G1,W0022F0001T0006Z000C1N10.png,20,0.3412560453333574,0.3412560453333574
G1,W0022F0001T0006Z000C1N10.png,21,2.1850057208163096,3.1876519571622
G1,W0022F0001T0006Z000C1N10.png,22,3.490353090629317,4.772637898454651
G1,W0022F0001T0006Z000C1N10.png,23,4.293199564427445,5.859020822628983
G1,W0022F0001T0006Z000C1N10.png,24,0.1625,0.1625
G1,W0022F0001T0006Z000C1N10.png,25,0.10381744181249039,0.10381744181249039
G1,W0022F0001T0006Z000C1N10.png,26,3.470930788303057,7.5355390765063195
G1,W0022F0001T0006Z000C1N10.png,27,0.8883993877880716,2.779441515644624
G1,W0022F0001T0006Z000C1N10.png,28,2.793467285052082,8.515008721965954
G1,W0022F0001T0006Z000C1N10.png,29,3.4524611289951146,5.422215907470138
G1,W0022F0001T0006Z000C1N10.png,30,3.0943133826290676,7.423203583782476
G1,W0022F0001T0006Z000C1N10.png,31,0.6700046641628699,3.58974233058586
G1,W0022F0001T0006Z000C1N10.png,32,3.9845649464527497,6.627231345931723
G1,W0022F0001T0006Z000C1N10.png,33,3.3637892509787237,6.693145981151166
G1,W0022F0001T0006Z000C1N4.png,1,1.7377267174028992,1.7377267174028992
G1,W0022F0001T0006Z000C1N4.png,2,3.9708729558184057,3.9708729558184057
G1,W0022F0001T0006Z000C1N4.png,3,3.0672058858783484,3.0672058858783484
G1,W0022F0001T0006Z000C1N4.png,4,3.0686011580023598,3.0686011580023598
G1,W0022F0001T0006Z000C1N4.png,5,1.4584821352655946,1.4584821352655946
G1,W0022F0001T0006Z000C1N4.png,6,0.02462121212121282,0.02462121212121282
G1,W0022F0001T0006Z000C1N4.png,7,0.7267220926874317,0.7267220926874317
G1,W0022F0001T0006Z000C1N4.png,8,0.6044457952436723,0.6044457952436723
G1,W0022F0001T0006Z000C1N4.png,9,3.567605990016274,5.076662289339326
G1,W0022F0001T0006Z000C1N4.png,10,1.284675299443404,1.284675299443404
G1,W0022F0001T0006Z000C1N4.png,11,0.08125,0.08125
G1,W0022F0001T0006Z000C1N4.png,12,0.040625000000000924,0.040625000000000924
G1,W0022F0001T0006Z000C1N4.png,13,0.203125,0.203125
G1,W0022F0001T0006Z000C1N4.png,14,0.6947943996697873,1.0690629110639374
G1,W0022F0001T0006Z000C1N4.png,15,2.4375,3.0357505249937784
G1,W0022F0001T0006Z000C1N4.png,16,2.359833481943165,2.359833481943165
G1,W0022F0001T0006Z000C1N4.png,17,1.4621934692482894,1.4621934692482894
G1,W0022F0001T0006Z000C1N4.png,18,3.8449766131550587,3.8449766131550587
G1,W0022F0001T0006Z000C1N4.png,19,0.0766032346285432,0.0766032346285432
G1,W0022F0001T0006Z000C1N4.png,20,2.2242890787826433,2.2242890787826433
G1,W0022F0001T0006Z000C1N60.png,1,0.06131250353947212,0.06131250353947212
G1,W0022F0001T0006Z000C1N60.png,2,0.08468605946703427,0.08468605946703427
G1,W0022F0001T0006Z000C1N60.png,3,0.07211635035163677,0.07211635035163677
G1,W0022F0001T0006Z000C1N60.png,4,0.0,0.0
G1,W0022F0001T0006Z000C1N60.png,5,0.07386363636363685,0.07386363636363685
G1,W0022F0001T0006Z000C1N60.png,6,0.06449780014963438,0.06449780014963438
G1,W0022F0001T0006Z000C1N60.png,7,0.02271006539648224,0.02271006539648224
G1,W0022F0001T0006Z000C1N60.png,8,0.059868421052632126,0.059868421052632126
G1,W0022F0001T0006Z000C1N60.png,9,0.05383126612499389,0.05383126612499389
G1,W0022F0001T0006Z000C1N60.png,10,0.08125,0.08125
G1,W0022F0001T0006Z000C1N60.png,11,0.011490485194280746,0.011490485194280746
G1,W0022F0001T0006Z000C1N60.png,12,0.048825173521907975,0.048825173521907975
G1,W0022F0001T0006Z000C1N60.png,13,0.02499999999999991,0.02499999999999991
G1,W0022F0001T0006Z000C1N60.png,14,0.11490485194281398,0.11490485194281398
G1,W0022F0001T0006Z000C1N60.png,15,0.059484164080613064,0.059484164080613064
G1,W0022F0001T0006Z000C1N60.png,16,0.0,0.0
G1,W0022F0001T0006Z000C1N60.png,17,0.06420426611184414,0.06420426611184414
G1,W0022F0001T0006Z000C1N60.png,18,2.795755711788854,2.795755711788854
G1,W0022F0001T0006Z000C1N60.png,19,1.2428860064382414,1.2428860064382414
G1,W0022F0001T0006Z000C1N60.png,20,0.05709667997526184,0.05709667997526184
G1,W0022F0001T0006Z000C1N60.png,21,0.06770672312790053,0.06770672312790053
G1,W0022F0002T0006Z000C1N39.png,1,0.11490485194281398,0.11490485194281398
G1,W0022F0002T0006Z000C1N39.png,2,0.2601269221457095,1.305700392749041
G1,W0022F0002T0006Z000C1N39.png,3,0.08264855364819666,0.08264855364819666
G1,W0022F0002T0006Z000C1N39.png,4,0.0,0.0
G1,W0022F0002T0006Z000C1N39.png,5,0.8411378681423995,0.8411378681423995
G1,W0022F0002T0006Z000C1N39.png,6,0.03830161731427099,0.03830161731427099
G1,W0022F0002T0006Z000C1N39.png,7,0.9978243055123492,0.9978243055123492
G1,W0022F0002T0006Z000C1N39.png,8,0.1839375106184163,0.1839375106184163
G1,W0022F0002T0006Z000C1N39.png,9,0.06510023136254355,0.06510023136254355
G1,W0022F0002T0006Z000C1N39.png,10,1.7250616434235364,1.7250616434235364
G1,W0022F0002T0006Z000C1N39.png,11,0.0623865182904053,0.0623865182904053
G1,W0022F0002T0006Z000C1N39.png,12,0.27181056355733396,0.27181056355733396
G1,W0022F0002T0006Z000C1N39.png,13,0.0,0.0
G1,W0022F0002T0006Z000C1N39.png,14,0.08617863895711048,0.08617863895711048
G1,W0022F0002T0006Z000C1N39.png,15,0.1098276567970509,0.1098276567970509
G1,W0022F0002T0006Z000C1N39.png,16,1.3101168840985142,1.3101168840985142
G1,W0022F0002T0006Z000C1N39.png,17,0.06090951492389787,0.06090951492389787
G1,W0022F0002T0006Z000C1N39.png,18,0.07363930509378583,0.07363930509378583
G1,W0022F0002T0006Z000C1N39.png,19,0.08125,0.08125
G1,W0022F0002T0006Z000C1N39.png,20,0.014770640729317832,0.014770640729317832
G1,W0022F0002T0006Z000C1N39.png,21,0.8750892811593569,0.8750892811593569
G1,W0022F0002T0006Z000C1N39.png,22,0.11490485194281398,0.11490485194281398
G1,W0022F0002T0006Z000C1N39.png,23,0.08125,0.08125
G1,W0022F0002T0006Z000C1N39.png,24,1.8128529962904234,1.8128529962904234
G1,W0022F0002T0006Z000C1N39.png,25,0.07660323462854207,0.07660323462854207
G1,W0022F0002T0006Z000C1N39.png,26,0.5655166025659875,0.5655166025659875
G1,W0022F0002T0006Z000C1N39.png,27,1.2753407622738933,1.2753407622738933
G1,W0022F0002T0006Z000C1N39.png,28,0.0875535327407013,0.0875535327407013
G1,W0022F0002T0006Z000C1N39.png,29,0.11127808634227933,0.11127808634227933
G1,W0022F0002T0006Z000C1N39.png,30,0.08125,0.08125
G1,W0022F0002T0006Z000C1N39.png,31,0.04352678571428645,0.04352678571428645
G1,W0022F0002T0006Z000C1N39.png,32,0.0,0.0
G1,W0022F0002T0006Z000C1N39.png,33,1.5608276206321199,1.5608276206321199
G1,W0022F0002T0006Z000C1N39.png,34,0.5161773556637294,0.5161773556637294
G1,W0022F0002T0006Z000C1N39.png,35,0.0383016173142719,0.0383016173142719
G1,W0022F0002T0006Z000C1N39.png,36,0.07660323462854156,0.07660323462854156
G1,W0022F0002T0006Z000C1N39.png,37,0.0,0.0
G1,W0022F0002T0006Z000C1N39.png,38,1.6750116604071748,1.6750116604071748
G1,W0022F0002T0006Z000C1N39.png,39,0.9475296829123614,0.9475296829123614
G1,W0022F0002T0006Z000C1N39.png,40,0.148845233810552,0.148845233810552
G1,W0022F0002T0006Z000C1N39.png,41,0.05190872090624571,0.05190872090624571
G1,W0022F0002T0006Z000C1N39.png,42,0.0,0.0
G1,W0022F0002T0006Z000C1N39.png,43,0.1157990666116312,0.1157990666116312
G1,W0022F0002T0006Z000C1N39.png,44,0.36173623102038993,0.36173623102038993
G1,W0022F0002T0006Z000C1N39.png,45,0.11490485194281398,0.11490485194281398
G1,W0022F0002T0006Z000C1N39.png,46,0.9884489111734607,0.9884489111734607
G1,W0022F0002T0006Z000C1N39.png,47,0.11490485194281398,0.11490485194281398
G1,W0022F0002T0006Z000C1N39.png,48,0.08125,0.08125
G1,W0022F0002T0006Z000C1N39.png,49,0.8079735023845498,0.8079735023845498
G1,W0022F0002T0006Z000C1N39.png,50,0.70511004515696,0.70511004515696
G1,W0022F0002T0006Z000C1N39.png,51,1.0097974135075465,1.0097974135075465
G1,W0022F0002T0006Z000C1N39.png,52,0.11490485194281398,0.11490485194281398
G1,W0022F0002T0006Z000C1N39.png,53,0.2569350598886809,0.2569350598886809
G1,W0022F0002T0006Z000C1N39.png,54,1.0925028604081553,1.0925028604081553
G1,W0022F0002T0006Z000C1N39.png,55,0.11490485194281398,0.11490485194281398
G1,W0022F0002T0006Z000C1N39.png,56,0.07267220926874317,0.07267220926874317
G1,W0022F0002T0006Z000C1N39.png,57,1.299378039993107,1.299378039993107
G1,W0022F0002T0006Z000C1N39.png,58,0.07267220926874421,0.07267220926874421
G1,W0022F0002T0006Z000C1N39.png,59,0.04605733058733352,0.04605733058733352
G1,W0022F0002T0006Z000C1N39.png,60,1.9768978223469214,1.9768978223469214
G1,W0022F0002T0006Z000C1N39.png,61,1.1881049466261508,1.1881049466261508
G1,W0022F0002T0006Z000C1N39.png,62,0.0837002974661276,0.0837002974661276
G1,W0022F0002T0006Z000C1N39.png,63,0.07267220926874214,0.07267220926874214
G1,W0022F0002T0006Z000C1N39.png,64,0.8683577251852423,0.8683577251852423
G1,W0022F0002T0006Z000C1N39.png,65,0.09027777777777948,0.09027777777777948
G1,W0022F0002T0006Z000C1N39.png,66,1.5178752624968892,1.5178752624968892
G1,W0022F0002T0006Z000C1N39.png,67,0.07660323462854374,0.07660323462854374
G1,W0022F0002T0006Z000C1N39.png,68,0.07660323462854371,0.07660323462854371
G1,W0022F0002T0006Z000C1N39.png,69,0.08838834764831854,0.08838834764831854
G1,W0022F0003T0006Z000C1N17.png,1,5.221713022788701,13.437387031178883
G1,W0022F0003T0006Z000C1N17.png,2,5.0223338006902285,11.226098838817023
G1,W0022F0003T0006Z000C1N17.png,3,9.603338654473244,19.831066715194623
G1,W0022F0003T0006Z000C1N17.png,4,0.5944159277298087,0.5944159277298087
G1,W0022F0003T0006Z000C1N17.png,5,1.6127664508539357,1.6127664508539357
G1,W0022F0003T0006Z000C1N17.png,6,5.548359980155196,17.35064040825383
G1,W0022F0003T0006Z000C1N17.png,7,6.4990249268640286,20.919323752215316
G1,W0022F0003T0006Z000C1N16.png,1,0.09091572076680922,0.09091572076680922
G1,W0022F0003T0006Z000C1N16.png,2,2.114061922579374,2.114061922579374
G1,W0022F0003T0006Z000C1N16.png,3,3.8113823592962075,3.8113823592962075
G1,W0022F0003T0006Z000C1N16.png,4,0.0,0.0
G1,W0022F0003T0006Z000C1N16.png,5,2.958214199479139,2.958214199479139
G1,W0022F0003T0006Z000C1N16.png,6,0.11490485194281398,0.11490485194281398
G1,W0022F0003T0006Z000C1N16.png,7,0.0,0.0
G1,W0022F0003T0006Z000C1N16.png,8,0.520253844291419,0.520253844291419
G1,W0022F0003T0006Z000C1N16.png,9,1.7627299615761551,1.7627299615761551
G1,W0022F0003T0006Z000C1N16.png,10,0.0,0.0
G1,W0022F0003T0006Z000C1N16.png,11,0.04491404111657943,0.04491404111657943
G1,W0022F0003T0006Z000C1N16.png,12,2.361846801234153,2.361846801234153
G1,W0022F0003T0006Z000C1N16.png,13,1.8760913802740768,1.8760913802740768
G1,W0022F0003T0006Z000C1N16.png,14,0.08125,0.08125
G1,W0022F0003T0006Z000C1N16.png,15,2.5305168691395834,2.5305168691395834
G1,W0022F0003T0006Z000C1N16.png,16,1.5975851037050417,1.5975851037050417
G1,W0022F0003T0006Z000C1N16.png,17,0.23627955592768193,0.23627955592768193
G1,W0022F0003T0006Z000C1N16.png,18,0.07905694150420957,0.07905694150420957
G1,W0022F0003T0006Z000C1N16.png,19,0.28072748276552684,0.28072748276552684
G1,W0022F0003T0006Z000C1N16.png,20,0.1533021933959199,0.1533021933959199
G1,W0022F0003T0006Z000C1N16.png,21,0.765191594321585,0.765191594321585
G1,W0022F0003T0006Z000C1N16.png,22,0.7497590217664746,0.7497590217664746
G1,W0022F0003T0006Z000C1N16.png,23,1.0931069538247389,1.0931069538247389
G1,W0022F0003T0006Z000C1N16.png,24,1.14904851942814,1.14904851942814
G1,W0022F0003T0006Z000C1N16.png,25,0.07560026867908407,0.07560026867908407
G1,W0022F0003T0006Z000C1N16.png,26,0.032500000000000466,0.032500000000000466
G1,W0022F0003T0006Z000C1N16.png,27,0.07814506718536995,0.07814506718536995
G1,W0022F0003T0006Z000C1N16.png,28,0.325,0.325
G1,W0022F0003T0006Z000C1N16.png,29,0.36336104634371585,0.36336104634371585
G1,W0022F0003T0006Z000C1N16.png,30,0.06522530396845783,0.06522530396845783
G1,W0022F0003T0006Z000C1N16.png,31,0.08750892811593587,0.08750892811593587
G1,W0022F0003T0006Z000C1N16.png,32,2.4081596047097524,2.4081596047097524
G1,W0022F0003T0006Z000C1N16.png,33,0.7490879871550471,0.7490879871550471
G1,W0022F0003T0006Z000C1N16.png,34,0.08125,0.08125
G1,W0022F0003T0006Z000C1N16.png,35,1.625,1.625
G1,W0022F0003T0006Z000C1N16.png,36,3.7055701315721983,3.7055701315721983
G1,W0022F0003T0006Z000C1N16.png,37,2.26757219963457,2.26757219963457
G1,W0022F0003T0006Z000C1N16.png,38,0.04323960778960985,0.04323960778960985
G1,W0022F0003T0006Z000C1N16.png,39,1.240227423700992,1.240227423700992
G1,W0022F0003T0006Z000C1N16.png,40,2.339379257944295,2.339379257944295
G1,W0022F0003T0006Z000C1N16.png,41,1.7027326476542812,1.7027326476542812
G1,W0022F0003T0006Z000C1N16.png,42,0.3049114055994787,0.3049114055994787
G1,W0022F0003T0006Z000C1N16.png,43,0.05709667997526184,0.05709667997526184
G1,W0022F0003T0006Z000C1N16.png,44,1.6730398979103878,1.6730398979103878
G1,W0022F0003T0006Z000C1N16.png,45,1.6671106179555095,1.6671106179555095
G1,W0022F0003T0006Z000C1N16.png,46,1.9651753261477714,1.9651753261477714
G1,W0022F0001T0006Z000C1N61.png,1,2.290317784840251,2.290317784840251
G1,W0022F0001T0006Z000C1N61.png,2,1.345026979852304,1.345026979852304
G1,W0022F0001T0006Z000C1N61.png,3,0.046428571428571264,0.046428571428571264
G1,W0022F0001T0006Z000C1N61.png,4,0.11490485194281398,0.11490485194281398
G1,W0022F0001T0006Z000C1N61.png,5,1.235427557568634,1.235427557568634
G1,W0022F0001T0006Z000C1N61.png,6,0.27619689031960865,0.27619689031960865
G1,W0022F0001T0006Z000C1N61.png,7,0.08617207121416359,0.08617207121416359
G1,W0022F0001T0006Z000C1N61.png,8,0.0,0.0
G1,W0022F0001T0006Z000C1N61.png,9,0.08125,0.08125
G1,W0022F0001T0006Z000C1N61.png,10,0.26513157894736905,0.26513157894736905
G1,W0022F0001T0006Z000C1N61.png,11,1.9984857548904371,1.9984857548904371
G1,W0022F0001T0006Z000C1N61.png,12,0.6517019950581792,0.6517019950581792
G1,W0022F0001T0006Z000C1N61.png,13,0.11490485194281398,0.11490485194281398
G1,W0022F0001T0006Z000C1N61.png,14,0.19006634897816385,0.19006634897816385
G1,W0022F0001T0006Z000C1N61.png,15,0.0,0.0
G1,W0022F0001T0006Z000C1N61.png,16,0.0,0.0
G1,W0022F0001T0006Z000C1N61.png,17,1.841113862611991,1.841113862611991
G1,W0022F0001T0006Z000C1N61.png,18,2.4292443337136382,2.4292443337136382
G1,W0022F0001T0006Z000C1N61.png,19,0.028726212985703495,0.028726212985703495
G1,W0022F0001T0006Z000C1N61.png,20,0.21474508466758602,0.21474508466758602
G1,W0022F0001T0006Z000C1N61.png,21,1.903748358502247,1.903748358502247
G1,W0022F0001T0006Z000C1N61.png,22,3.7639013171176527,3.7639013171176527
G1,W0022F0001T0006Z000C1N61.png,23,1.2944712682008561,1.2944712682008561
G1,W0022F0001T0006Z000C1N61.png,24,0.054750783355686665,0.054750783355686665
G1,W0022F0001T0006Z000C1N61.png,25,0.06958928570635851,0.06958928570635851
G1,W0022F0001T0006Z000C1N61.png,26,3.307900189514959,3.307900189514959
G1,W0022F0001T0006Z000C1N61.png,27,3.710778533459005,3.710778533459005
G1,W0022F0001T0006Z000C1N61.png,28,1.271244469014516,1.271244469014516
G1,W0022F0001T0006Z000C1N61.png,29,2.9850944813355578,2.9850944813355578
G1,W0022F0001T0006Z000C1N61.png,30,2.148614904291702,2.148614904291702
G1,W0022F0001T0006Z000C1N61.png,31,0.1083333333333341,0.1083333333333341
G1,W0022F0001T0006Z000C1N61.png,32,2.6202337681970285,2.6202337681970285
G1,W0022F0001T0006Z000C1N61.png,33,0.7708051796660425,0.7708051796660425
G1,W0022F0001T0006Z000C1N61.png,34,2.4429106614855978,2.4429106614855978
G1,W0022F0001T0006Z000C1N61.png,35,1.8384776310850237,1.8384776310850237
G1,W0022F0001T0006Z000C1N61.png,36,0.8285906709588275,0.8285906709588275
G1,W0022F0001T0006Z000C1N61.png,37,0.2601269221457095,0.2601269221457095
G1,W0022F0001T0006Z000C1N61.png,38,0.6700046641628699,0.6700046641628699
G1,W0022F0001T0006Z000C1N61.png,39,0.04642857142857011,0.04642857142857011
G1,W0022F0001T0006Z000C1N61.png,40,0.0,0.0
G1,W0022F0002T0006Z000C1N8.png,1,2.4660283858869096,3.188056186769612
G1,W0022F0002T0006Z000C1N8.png,2,0.18168052317185793,0.18168052317185793
G1,W0022F0002T0006Z000C1N8.png,3,0.1098276567970509,0.1098276567970509
G1,W0022F0002T0006Z000C1N8.png,4,0.02188663846529782,0.02188663846529782
G1,W0022F0002T0006Z000C1N8.png,5,1.285888975008788,1.285888975008788
G1,W0022F0002T0006Z000C1N8.png,6,0.0,0.0
G1,W0022F0002T0006Z000C1N8.png,7,0.08125,0.08125
G1,W0022F0002T0006Z000C1N8.png,8,0.028726212985703495,0.028726212985703495
G1,W0022F0002T0006Z000C1N8.png,9,0.08125,0.08125
G1,W0022F0002T0006Z000C1N8.png,10,0.04642857142857242,0.04642857142857242
G1,W0022F0002T0006Z000C1N8.png,11,0.08423365225220382,0.08423365225220382
G1,W0022F0002T0006Z000C1N8.png,12,0.06958928570635765,0.06958928570635765
G1,W0022F0002T0006Z000C1N8.png,13,0.07465679837263724,0.07465679837263724
G1,W0022F0002T0006Z000C1N8.png,14,0.9917826437783633,1.8968003486134224
G1,W0022F0002T0006Z000C1N8.png,15,0.02215909090909154,0.02215909090909154
G1,W0022F0002T0006Z000C1N8.png,16,2.2896431644063013,2.2896431644063013
G1,W0022F0002T0006Z000C1N8.png,17,0.07267220926874317,0.07267220926874317
G1,W0022F0002T0006Z000C1N8.png,18,0.08838834764831895,0.08838834764831895
G1,W0022F0002T0006Z000C1N8.png,19,0.08125,0.08125
G1,W0022F0002T0006Z000C1N8.png,20,0.325,0.325
G1,W0022F0002T0006Z000C1N8.png,21,0.07660323462854217,0.07660323462854217
G1,W0022F0002T0006Z000C1N8.png,22,0.08125,0.08125
G1,W0022F0002T0006Z000C1N8.png,23,1.23647907077387,2.558455798611289
G1,W0022F0002T0006Z000C1N8.png,24,0.0722183650364307,0.0722183650364307
G1,W0022F0002T0006Z000C1N8.png,25,0.0826637212828378,0.0826637212828378
G1,W0022F0002T0006Z000C1N8.png,26,1.8758019118499694,1.8758019118499694
G1,W0022F0002T0006Z000C1N8.png,27,0.08125,0.08125
G1,W0022F0002T0006Z000C1N8.png,28,0.13336994939932195,0.13336994939932195
G1,W0022F0002T0006Z000C1N8.png,29,0.06373774391990998,0.06373774391990998
G1,W0022F0002T0006Z000C1N8.png,30,0.1472549753922688,0.1472549753922688
G1,W0022F0002T0006Z000C1N8.png,31,1.4160499038491259,1.4160499038491259
G1,W0022F0002T0006Z000C1N8.png,32,1.6750116604071748,1.7893456380755508
G1,W0022F0002T0006Z000C1N8.png,33,0.9192388155425119,0.9192388155425119
G1,W0022F0002T0006Z000C1N8.png,34,2.7768012172281975,2.7768012172281975
G1,W0022F0002T0006Z000C1N8.png,35,1.2691655723348314,1.2691655723348314
G1,W0022F0001T0006Z000C1N66.png,1,0.028726212985703495,0.028726212985703495
G1,W0022F0001T0006Z000C1N66.png,2,1.7539464430249858,1.7539464430249858
G1,W0022F0001T0006Z000C1N66.png,3,1.4647552056572457,1.4647552056572457
G1,W0022F0001T0006Z000C1N66.png,4,1.14904851942814,1.14904851942814
G1,W0022F0001T0006Z000C1N66.png,5,0.0755691352613768,0.0755691352613768
G1,W0022F0001T0006Z000C1N66.png,6,1.1863612961488594,1.1863612961488594
G1,W0022F0001T0006Z000C1N66.png,7,0.40625,0.40625
G1,W0022F0001T0006Z000C1N66.png,8,1.5450323621206126,1.5450323621206126
G1,W0022F0001T0006Z000C1N66.png,9,0.046428571428571264,0.046428571428571264
G1,W0022F0001T0006Z000C1N66.png,10,2.118740781690861,2.118740781690861
G1,W0022F0001T0006Z000C1N66.png,11,2.107494068793551,2.107494068793551
G1,W0022F0001T0006Z000C1N66.png,12,0.268001865665147,0.268001865665147
G1,W0022F0001T0006Z000C1N66.png,13,1.271452171731205,1.271452171731205
G1,W0022F0001T0006Z000C1N66.png,14,3.3500233208143495,3.3500233208143495
G1,W0022F0001T0006Z000C1N66.png,15,0.08125,0.08125
G1,W0022F0001T0006Z000C1N66.png,16,0.4142953354794138,0.4142953354794138
G1,W0022F0001T0006Z000C1N66.png,17,0.31231627252135413,0.31231627252135413
G1,W0022F0001T0006Z000C1N66.png,18,0.0,0.0
G1,W0022F0001T0006Z000C1N66.png,19,2.9963519486201884,2.9963519486201884
G1,W0022F0001T0006Z000C1N66.png,20,0.040625,0.040625
G1,W0022F0001T0006Z000C1N66.png,21,3.585138383500922,3.585138383500922
G1,W0022F0001T0006Z000C1N66.png,22,0.1625,0.1625
G1,W0022F0001T0006Z000C1N66.png,23,0.07267220926874317,0.07267220926874317
G1,W0022F0001T0006Z000C1N66.png,24,2.4601860286226245,2.4601860286226245
G1,W0022F0001T0006Z000C1N66.png,25,3.5970908384415314,3.5970908384415314
G1,W0022F0001T0006Z000C1N66.png,26,2.421958170564099,2.421958170564099
G1,W0022F0001T0006Z000C1N66.png,27,1.2375631297028853,1.2375631297028853
G1,W0022F0003T0006Z000C1N39.png,1,8.39395476295292,9.039222259824127
G1,W0022F0003T0006Z000C1N39.png,2,0.7665109669795991,3.2224614524459403
G1,W0022F0003T0006Z000C1N39.png,3,0.22980970388562796,0.22980970388562796
G1,W0022F0003T0006Z000C1N39.png,4,1.0562500000000001,1.0562500000000001
G1,W0022F0003T0006Z000C1N39.png,5,0.18582585934148063,0.18582585934148063
G1,W0022F0003T0006Z000C1N39.png,6,0.09363599839438089,0.09363599839438089
G1,W0022F0003T0006Z000C1N39.png,7,1.7783233401778642,1.7783233401778642
G1,W0022F0003T0006Z000C1N39.png,8,0.14534441853748686,0.14534441853748686
G1,W0022F0003T0006Z000C1N39.png,9,1.853332394269531,2.512203454167341
G1,W0022F0003T0006Z000C1N39.png,10,1.2618857141419568,1.8329795113118124
G1,W0022F0003T0006Z000C1N39.png,11,0.03028008719530948,0.03028008719530948
G1,W0022F0003T0006Z000C1N39.png,12,2.0912998723879848,2.2406446128848723
G1,W0022F0003T0006Z000C1N39.png,13,0.020891791262330407,0.020891791262330407
G1,W0022F0003T0006Z000C1N39.png,14,0.0,0.0
G1,W0022F0003T0006Z000C1N39.png,15,2.22922960684239,2.22922960684239
G1,W0022F0003T0006Z000C1N39.png,16,2.7045390087776515,4.218745370367831
G1,W0022F0003T0006Z000C1N39.png,17,2.9575446425202108,4.512850575024615
G1,W0022F0003T0006Z000C1N39.png,18,3.047145821297366,4.544555894831749
G1,W0022F0003T0006Z000C1N39.png,19,2.6050731755557273,3.876229643609883
G1,W0022F0003T0006Z000C1N39.png,20,2.118740781690861,3.793600697226845
G1,W0022F0003T0006Z000C1N39.png,21,1.7084200243475947,2.2822134183144867
G1,W0022F0003T0006Z000C1N39.png,22,0.8285906709588275,2.1125000000000003
G1,W0022F0003T0006Z000C1N39.png,23,0.7490879871550471,6.089415124829313
G1,W0022F0003T0006Z000C1N39.png,24,0.9201329686142101,1.2856173456136017
G1,W0022F0003T0006Z000C1N39.png,25,0.325,0.36336104634371585
G1,W0022F0003T0006Z000C1N39.png,26,1.3836376422315202,8.69716638480603
G1,W0022F0003T0006Z000C1N39.png,27,1.825866660657344,1.8898267943121139
G1,W0022F0003T0006Z000C1N39.png,28,0.12187500000000001,0.12187500000000001
G1,W0022F0003T0006Z000C1N39.png,29,6.5410034828380885,12.205091470878045
G1,W0022F0003T0006Z000C1N39.png,30,1.2899729520195962,1.2899729520195962
G1,W0022F0003T0006Z000C1N39.png,31,1.8419346966401526,3.9528509220537233
G1,W0022F0003T0006Z000C1N39.png,32,2.8051849315152113,8.794538433027626
G1,W0022F0003T0006Z000C1N39.png,33,4.252169585112471,6.800559745140267
G1,W0022F0003T0006Z000C1N39.png,34,0.6602821946187952,0.6602821946187952
G1,W0022F0003T0006Z000C1N39.png,35,3.4035201146055667,4.391890949803869
G1,W0022F0003T0006Z000C1N38.png,1,3.7325094558802254,4.18677561776714
G1,W0022F0003T0006Z000C1N38.png,2,0.13541666666666669,0.13541666666666669
G1,W0022F0003T0006Z000C1N38.png,3,0.8720665112249184,1.0581233387464817
G1,W0022F0003T0006Z000C1N38.png,4,0.5339285714285714,1.474792444753512
G1,W0022F0003T0006Z000C1N38.png,5,0.897435582646465,0.897435582646465
G1,W0022F0003T0006Z000C1N38.png,6,1.166785708212476,1.4341385819446537
G1,W0022F0003T0006Z000C1N38.png,7,0.1625,0.48750000000000004
G1,W0022F0003T0006Z000C1N38.png,8,3.9000000000000004,4.435386820785759
G1,W0022F0003T0006Z000C1N38.png,9,1.3837039068153676,2.143564992421763
G1,W0022F0003T0006Z000C1N38.png,10,3.913518238107496,4.53255584631894
G1,W0022F0003T0006Z000C1N38.png,11,3.886027052144645,4.605033251780056
G1,W0022F0003T0006Z000C1N38.png,12,3.5101504597381585,6.069761115562952
G1,W0022F0003T0006Z000C1N38.png,13,1.9697320204162516,5.126514051047399
G1,W0022F0003T0006Z000C1N38.png,14,4.8858213229711955,5.138701197773616
G1,W0022F0003T0006Z000C1N38.png,15,3.7945794243647746,3.7945794243647746
G1,W0022F0003T0006Z000C1N38.png,16,1.7235727791422097,6.872232397481913
G1,W0022F0003T0006Z000C1N38.png,17,1.3820300918376915,9.60112800458671
G1,W0022F0003T0006Z000C1N38.png,18,1.3884006086140988,9.620494075150194
G1,W0022F0003T0006Z000C1N38.png,19,2.987526150513163,6.764763946362061
G1,W0022F0003T0006Z000C1N38.png,20,2.459071216943503,6.508119928212756
G1,W0022F0003T0006Z000C1N38.png,21,6.205340441909695,7.148994684569293
G1,W0022F0003T0006Z000C1N38.png,22,5.869727946698983,7.104053620974084
G1,W0022F0003T0006Z000C1N38.png,23,7.504087427862231,8.694129664607033
G1,W0022F0003T0006Z000C1N38.png,24,4.90806495092516,6.775002882840715
G1,W0022F0003T0006Z000C1N38.png,25,2.485772012876483,12.226437798884842
G1,W0022F0003T0006Z000C1N38.png,26,4.608386546558351,8.615948602011274
G1,W0022F0003T0006Z000C1N38.png,27,5.378429258744817,6.1707752511668446
G1,W0022F0003T0006Z000C1N38.png,28,3.0757176499965015,13.321283780570852
G1,W0022F0003T0006Z000C1N38.png,29,3.155179273828985,14.028748385012827
G1,W0022F0003T0006Z000C1N38.png,30,5.806959725191832,6.469459502153175
G1,W0022F0003T0006Z000C1N38.png,31,6.0125,6.272584196326104
G1,W0022F0003T0006Z000C1N38.png,32,4.235685497586845,4.235685497586845
G1,W0022F0003T0006Z000C1N38.png,33,1.7875,8.139611861139327
G1,W0022F0003T0006Z000C1N38.png,34,3.575,6.580748437677891
G1,W0022F0003T0006Z000C1N38.png,35,3.739089335988109,6.20794664623497
G1,W0022F0003T0006Z000C1N38.png,36,4.4145002548419905,5.6338541425919075
G1,W0022F0003T0006Z000C1N38.png,37,3.3814059575862823,3.3814059575862823
G1,W0022F0003T0006Z000C1N38.png,38,3.155179273828985,3.4471455582844195
G1,W0022F0003T0006Z000C1N38.png,39,1.8005834316810885,1.8005834316810885
G1,W0022F0003T0006Z000C1N38.png,40,0.22980970388562796,8.285906709588275
G1,W0022F0003T0006Z000C1N38.png,41,3.8713064834612223,5.002138431599917
G1,W0022F0003T0006Z000C1N38.png,42,1.4625000000000001,1.4625000000000001
G1,W0022F0003T0006Z000C1N38.png,43,0.04861607117551907,0.04861607117551907
G1,W0022F0003T0006Z000C1N38.png,44,1.4715000849473308,11.326611364393148
G1,W0022F0003T0006Z000C1N38.png,45,3.3829240823911833,3.5529782596983193
G1,W0022F0003T0006Z000C1N38.png,46,4.0633124187662455,5.993254671920759
G1,W0022F0003T0006Z000C1N38.png,47,5.021119062423296,6.981915928445984
G1,W0022F0003T0006Z000C1N38.png,48,0.18168052317185793,0.29295104113144915
G1,W0022F0003T0006Z000C1N38.png,49,5.000378457899182,6.913839783763834
G1,W0022F0003T0006Z000C1N38.png,50,4.239039174742314,8.093250467210316
G1,W0022F0003T0006Z000C1N38.png,51,0.5742944040298479,0.5742944040298479
G1,W0022F0003T0006Z000C1N38.png,52,0.1625,2.3266459227824074
G1,W0022F0002T0006Z000C1N29.png,1,4.236810748803935,4.236810748803935
G1,W0022F0002T0006Z000C1N29.png,2,3.049852711607562,3.109869621463254
G1,W0022F0002T0006Z000C1N29.png,3,0.221023895766952,0.221023895766952
G1,W0022F0002T0006Z000C1N29.png,4,1.4981759743100942,1.4981759743100942
G1,W0022F0002T0006Z000C1N29.png,5,1.4715000849473303,1.4715000849473303
G1,W0022F0002T0006Z000C1N29.png,6,0.2667398987986448,0.2667398987986448
G1,W0022F0002T0006Z000C1N29.png,7,0.1027740239554716,0.1027740239554716
G1,W0022F0002T0006Z000C1N29.png,8,0.09357977743560865,0.09357977743560865
G1,W0022F0002T0006Z000C1N29.png,9,0.1542667342904551,0.18055555555555491
G1,W0022F0002T0006Z000C1N29.png,10,0.352083333333333,0.352083333333333
G1,W0022F0002T0006Z000C1N29.png,11,0.039537956446937396,0.039537956446937396
G1,W0022F0002T0006Z000C1N29.png,12,2.29809703885628,2.29809703885628
G1,W0022F0002T0006Z000C1N29.png,13,2.3334350726517434,2.3334350726517434
G1,W0022F0002T0006Z000C1N15.png,1,0.6700046641628699,0.6700046641628699
G1,W0022F0002T0006Z000C1N15.png,2,0.4909212757100107,0.4909212757100107
G1,W0022F0002T0006Z000C1N15.png,3,0.0,0.0
G1,W0022F0002T0006Z000C1N15.png,4,1.572907720207725,1.572907720207725
G1,W0022F0002T0006Z000C1N15.png,5,0.08125,0.08125
G1,W0022F0002T0006Z000C1N15.png,6,0.05745242597140699,0.05745242597140699
G1,W0022F0002T0006Z000C1N15.png,7,0.6700046641628699,0.6700046641628699
G1,W0022F0002T0006Z000C1N15.png,8,0.36336104634371585,0.36336104634371585
G1,W0022F0002T0006Z000C1N15.png,9,0.7241403807745288,0.7241403807745288
G1,W0022F0002T0006Z000C1N15.png,10,1.4087962202261395,1.4087962202261395
G1,W0022F0002T0006Z000C1N15.png,11,0.07364135663209624,0.07364135663209624
G1,W0022F0002T0006Z000C1N15.png,12,1.6965498076979646,1.6965498076979646
G1,W0022F0002T0006Z000C1N15.png,13,0.04764061396721834,0.04764061396721834
G1,W0022F0002T0006Z000C1N15.png,14,0.19953154738202783,0.19953154738202783
G1,W0022F0002T0006Z000C1N15.png,15,0.031876084559788784,0.031876084559788784
G1,W0022F0002T0006Z000C1N15.png,16,1.6750116604071748,1.6750116604071748
G1,W0022F0002T0006Z000C1N15.png,17,0.4881563303737675,0.4881563303737675
G1,W0022F0002T0006Z000C1N15.png,18,1.3263922520318039,1.3263922520318039
G1,W0022F0002T0006Z000C1N15.png,19,2.1481055518141314,2.1481055518141314
G1,W0022F0002T0006Z000C1N15.png,20,0.11607142857142759,0.11607142857142759
G1,W0022F0002T0006Z000C1N15.png,21,0.11490485194281398,0.11490485194281398
G1,W0022F0002T0006Z000C1N15.png,22,0.09253921578050277,0.09253921578050277
G1,W0022F0002T0006Z000C1N15.png,23,0.08750892811593587,0.08750892811593587
G1,W0022F0002T0006Z000C1N15.png,24,0.05922060518202259,0.05922060518202259
G1,W0022F0002T0006Z000C1N15.png,25,0.6700046641628699,0.6700046641628699
G1,W0022F0002T0006Z000C1N15.png,26,1.9984857548904371,1.9984857548904371
G1,W0022F0002T0006Z000C1N15.png,27,0.07742766911971805,0.07742766911971805
G1,W0022F0002T0006Z000C1N15.png,28,0.05922060518202259,0.05922060518202259
G1,W0022F0002T0006Z000C1N15.png,29,0.07500000000000089,0.07500000000000089
G1,W0022F0002T0006Z000C1N15.png,30,0.0,0.0
G1,W0022F0002T0006Z000C1N15.png,31,2.2429748568982415,2.2429748568982415
G1,W0022F0002T0006Z000C1N15.png,32,0.57452425971407,0.57452425971407
G1,W0022F0002T0006Z000C1N15.png,33,0.018168052317185792,0.018168052317185792
G1,W0022F0002T0006Z000C1N15.png,34,2.459490646105663,2.459490646105663
G1,W0022F0002T0006Z000C1N15.png,35,0.06573353655314457,0.06573353655314457
G1,W0022F0002T0006Z000C1N15.png,36,0.1360920657026779,0.1360920657026779
G1,W0022F0002T0006Z000C1N15.png,37,1.2988243651106024,1.2988243651106024
G1,W0022F0002T0006Z000C1N15.png,38,0.08074689918749213,0.08074689918749213
G1,W0022F0002T0006Z000C1N15.png,39,0.07267220926874421,0.07267220926874421
G1,W0022F0002T0006Z000C1N15.png,40,0.07243293666625679,0.07243293666625679
G1,W0022F0002T0006Z000C1N15.png,41,0.09575404328567859,0.09575404328567859
G1,W0022F0002T0006Z000C1N15.png,42,0.5735303951819222,0.5735303951819222
G1,W0022F0002T0006Z000C1N15.png,43,1.1708523130134265,1.1708523130134265
G1,W0022F0002T0006Z000C1N15.png,44,0.9447387204936613,0.9447387204936613
G1,W0046F0003T0006Z000C1N17.png,1,0.046428571428571264,11.766322791799329
G1,W0046F0003T0006Z000C1N17.png,2,3.019393334945136,9.036374219109
G1,W0046F0003T0006Z000C1N17.png,3,1.0562500000000001,6.435184656441492
G1,W0046F0003T0006Z000C1N17.png,4,2.6,3.2903742188389455
G1,W0046F0003T0006Z000C1N17.png,5,1.0405076885828384,3.51616356985849
G1,W0046F0003T0006Z000C1N17.png,6,2.3670588646430235,4.371738156262382
G1,W0046F0003T0006Z000C1N17.png,7,0.31045581408632145,0.32702494170934426
G1,W0046F0003T0006Z000C1N17.png,8,1.0539036438996687,1.6970361341541906
G1,W0046F0003T0006Z000C1N17.png,9,0.0,0.0
G1,W0046F0003T0006Z000C1N17.png,10,1.609406431731898,1.609406431731898
G1,W0046F0001T0006Z000C1N49.png,1,1.2295356084717515,13.617315780376837
G1,W0046F0001T0006Z000C1N49.png,2,2.151501090969847,5.867197715074699
G1,W0046F0001T0006Z000C1N49.png,3,7.397766766058525,19.098071319507632
G1,W0046F0001T0006Z000C1N49.png,4,0.21431335147402172,6.9310028555029755
G1,W0046F0001T0006Z000C1N49.png,5,2.1877232028983924,12.28595647731588
G1,W0046F0001T0006Z000C1N49.png,6,5.481247261531791,18.00943878902222
G1,W0046F0001T0006Z000C1N49.png,7,0.12112034878123792,8.350279644352568
G1,W0046F0001T0006Z000C1N49.png,8,0.26837004129173003,0.26837004129173003
G1,W0046F0001T0006Z000C1N49.png,9,1.9026383819580641,3.226719744957718
G1,W0046F0001T0006Z000C1N49.png,10,0.8365199489551939,11.844121036404516
G1,W0046F0001T0006Z000C1N49.png,11,1.6451871094194728,12.490849775935983
G1,W0046F0001T0006Z000C1N49.png,12,3.9557204162427353,11.505582918617982
G1,W0046F0001T0006Z000C1N49.png,13,3.6693669034619876,10.380374277399099
G1,W0046F0003T0006Z000C1N14.png,1,0.14534441853748634,0.16250000000000023
G1,W0046F0003T0006Z000C1N14.png,2,0.5853431041592421,1.2459987613248822
G1,W0046F0003T0006Z000C1N14.png,3,0.07267220926874317,0.1027740239554727
G1,W0046F0003T0006Z000C1N14.png,4,0.08371212121212102,0.08371212121212102
G1,W0046F0003T0006Z000C1N14.png,5,0.08029705223779741,0.08029705223779741
G1,W0046F0003T0006Z000C1N14.png,6,0.6328002142154444,0.9906430291033759
G1,W0046F0003T0006Z000C1N14.png,7,0.0372224813423816,0.0372224813423816
G1,W0046F0003T0006Z000C1N14.png,8,0.2315981332232624,1.0152186687174838
G1,W0046F0003T0006Z000C1N14.png,9,0.08207489424486708,0.08207489424486708
G1,W0046F0003T0006Z000C1N14.png,10,0.024224069756248412,0.024224069756248412
G1,W0046F0003T0006Z000C1N14.png,11,0.12187500000000001,0.12187500000000001
G1,W0046F0003T0006Z000C1N14.png,12,0.07129803089256603,0.07129803089256603
G1,W0046F0003T0006Z000C1N14.png,13,0.04642857142857242,0.04642857142857242
G1,W0046F0003T0006Z000C1N14.png,14,1.0248695996471902,1.1569035733798965
G1,W0046F0003T0006Z000C1N14.png,15,0.0,1.7875
G1,W0046F0003T0006Z000C1N14.png,16,0.1625,0.1625
G1,W0046F0003T0006Z000C1N14.png,17,0.06834647682873746,0.06834647682873746
G1,W0046F0003T0006Z000C1N14.png,18,0.1625,0.1625
G1,W0046F0002T0006Z000C1N13.png,1,6.634476974277793,6.634476974277793
G1,W0046F0002T0006Z000C1N13.png,2,2.6726186830522605,2.779177598679149
G1,W0046F0002T0006Z000C1N13.png,3,0.0541666666666659,0.0541666666666659
G1,W0046F0002T0006Z000C1N13.png,4,1.861034087806175,3.130119341930362
G1,W0046F0002T0006Z000C1N13.png,5,0.29295104113144915,0.29295104113144915
G1,W0046F0002T0006Z000C1N13.png,6,1.8563446945543278,5.649066571124827
G1,W0046F0002T0006Z000C1N13.png,7,0.5310298200224605,4.976295856109327
G1,W0046F0002T0006Z000C1N13.png,8,0.9752644498136456,2.344422429580538
G1,W0046F0002T0006Z000C1N13.png,9,0.08750892811593587,0.08750892811593587
G1,W0046F0002T0006Z000C1N13.png,10,0.9958420501710558,7.262778489592597
G1,W0046F0002T0006Z000C1N13.png,11,0.08357142857142943,0.08357142857142943
G1,W0046F0002T0006Z000C1N13.png,12,2.7535314201286685,6.266298848112659
G1,W0046F0002T0006Z000C1N13.png,13,0.08125,0.08125
G1,W0046F0002T0006Z000C1N13.png,14,1.6730398979103878,2.6050731755557273
G1,W0046F0002T0006Z000C1N13.png,15,1.6676649093867737,3.2586011185783375
G1,W0046F0002T0006Z000C1N13.png,16,1.7101623282727334,3.2951883557930848
G1,W0046F0002T0006Z000C1N13.png,17,2.6,4.0625
G1,W0046F0002T0006Z000C1N17.png,1,5.492644228875561,13.602036267596112
G1,W0046F0002T0006Z000C1N17.png,2,0.5110073113197338,5.465467665768005
G1,W0046F0002T0006Z000C1N17.png,3,0.24375000000000002,7.438258889854534
G1,W0046F0002T0006Z000C1N17.png,4,1.6730398979103878,7.267220926874317
G1,W0046F0002T0006Z000C1N17.png,5,0.18168052317185793,14.80556931740553
G1,W0046F0002T0006Z000C1N17.png,6,0.02826086956521694,0.02826086956521694
G1,W0046F0002T0006Z000C1N17.png,7,1.261339194071127,8.207858753201105
G1,W0046F0002T0006Z000C1N17.png,8,2.106491455002845,7.712914899699077
G1,W0046F0002T0006Z000C1N17.png,9,2.132153094305918,14.837788047157606
G1,W0046F0002T0006Z000C1N17.png,10,1.5804905613577127,11.611999430403175
G1,W0046F0002T0006Z000C1N17.png,11,3.7972726415005944,14.219807500357462
G1,W0046F0002T0006Z000C1N29.png,1,10.024817295370305,
G1,W0046F0002T0006Z000C1N29.png,2,13.491415094422083,
G1,W0046F0002T0006Z000C1N29.png,3,8.012449175307651,
G1,W0046F0002T0006Z000C1N29.png,4,12.338327878020102,
G1,W0046F0003T0006Z000C1N3.png,1,0.01651641119744171,0.01651641119744171
G1,W0046F0003T0006Z000C1N3.png,2,0.11490485194281398,3.1614499244808543
G1,W0046F0003T0006Z000C1N3.png,3,0.03421052631579045,0.03421052631579045
G1,W0046F0003T0006Z000C1N3.png,4,2.195254113992273,4.988776465727844
G1,W0046F0003T0006Z000C1N3.png,5,2.6202337681970285,4.375446405796785
G1,W0046F0003T0006Z000C1N3.png,6,0.952709950614561,4.694761042907296
G1,W0046F0003T0006Z000C1N3.png,7,0.6772349830171384,5.538927706595285
G1,W0046F0003T0006Z000C1N3.png,8,0.5946009983360456,8.675210632249161
G1,W0046F0003T0006Z000C1N3.png,9,0.1027740239554727,7.194915739603905
G1,W0046F0003T0006Z000C1N3.png,10,0.096657621106631,0.096657621106631
G1,W0046F0003T0006Z000C1N3.png,11,0.8788531233943475,8.86667963854001
G1,W0046F0003T0006Z000C1N3.png,12,1.8527850657860991,8.29387010086365
G1,W0046F0003T0006Z000C1N3.png,13,2.21023895766951,7.720032788142808
G1,W0046F0003T0006Z000C1N3.png,14,2.356865523349965,7.65640283902245
G1,W0046F0003T0006Z000C1N3.png,15,0.06047623786463837,0.06047623786463837
G1,W0046F0003T0006Z000C1N3.png,16,1.6044766475396253,2.5126619972650506
G1,W0046F0003T0006Z000C1N3.png,17,0.4142953354794138,3.671565146500876
G1,W0046F0003T0006Z000C1N3.png,18,1.079622604898704,2.1716411558812734
G1,W0046F0003T0006Z000C1N3.png,19,1.8409094416385743,3.2454642936573745
G1,W0046F0003T0006Z000C1N3.png,20,1.4915517297432228,8.434751867275054
G1,W0046F0003T0006Z000C1N3.png,21,2.420985248198648,2.420985248198648
G1,W0046F0003T0006Z000C1N3.png,22,1.3400093283257397,2.343608329051593
G1,W0046F0003T0006Z000C1N3.png,23,0.23855557085889106,0.23855557085889106
G1,W0046F0003T0006Z000C1N3.png,24,1.3969619574130085,8.531376335313364
G1,W0046F0003T0006Z000C1N3.png,25,0.9224250948210141,1.1047875612784372
G1,W0046F0001T0006Z000C1N14.png,1,7.656677610760686,
G1,W0046F0001T0006Z000C1N14.png,2,14.614051288500873,
G1,W0046F0001T0006Z000C1N14.png,3,14.484621424548864,
G1,W0046F0001T0006Z000C1N14.png,4,6.370746129771614,
G1,W0046F0001T0006Z000C1N14.png,5,7.168874148612318,
G1,W0046F0001T0006Z000C1N14.png,6,12.330740984167647,
G1,W0046F0001T0006Z000C1N14.png,7,10.849419392205244,
G1,W0046F0003T0006Z000C1N1.png,1,2.2289240536923143,9.295824149755346
G1,W0046F0003T0006Z000C1N1.png,2,0.07551903733496566,0.07551903733496566
G1,W0046F0003T0006Z000C1N1.png,3,0.07267220926874421,0.14534441853748634
G1,W0046F0003T0006Z000C1N1.png,4,1.6082382094424097,10.902924316182704
G1,W0046F0001T0006Z000C1N39.png,1,0.7808375454449812,3.8765345055057288
G1,W0046F0001T0006Z000C1N39.png,2,0.09562871817085669,0.09562871817085669
G1,W0046F0001T0006Z000C1N39.png,3,1.177032138477728,8.167822173455013
G1,W0046F0001T0006Z000C1N39.png,4,2.3896341901010705,15.227602661367941
G1,W0046F0001T0006Z000C1N39.png,5,3.4496459815405967,18.06691960970861
G1,W0046F0001T0006Z000C1N39.png,6,1.5942724710393963,10.758498894451497
G1,W0046F0001T0006Z000C1N39.png,7,1.040507688582838,6.099705423215124
G1,W0046F0001T0006Z000C1N39.png,8,0.04642857142857242,13.090737227060941
G1,W0046F0001T0006Z000C1N39.png,9,0.19141529200625745,8.9480595845535
G1,W0046F0001T0006Z000C1N11.png,1,2.566658843943062,
G1,W0046F0001T0006Z000C1N11.png,2,4.6660425549924,
G1,W0046F0001T0006Z000C1N11.png,3,0.6700046641628699,
G1,W0046F0001T0006Z000C1N11.png,4,0.0,
G1,W0046F0001T0006Z000C1N11.png,5,0.6187815648514426,
G1,W0046F0001T0006Z000C1N11.png,6,0.6166441437328333,
G1,W0046F0001T0006Z000C1N11.png,7,0.29295104113144915,
G1,W0046F0001T0006Z000C1N12.png,1,7.89412064481204,
G1,W0046F0001T0006Z000C1N12.png,2,0.5079165699145892,
G1,W0046F0001T0006Z000C1N12.png,3,0.04642857142857242,
G1,W0046F0001T0006Z000C1N12.png,4,0.13619781584637156,
G1,W0046F0001T0006Z000C1N12.png,5,1.708183428382327,
G1,W0046F0001T0006Z000C1N12.png,6,4.539105260125612,
G1,W0046F0001T0006Z000C1N12.png,7,1.0220146226394644,
G1,W0046F0001T0006Z000C1N12.png,8,7.660974562678042,
G1,W0046F0001T0006Z000C1N12.png,9,6.295414874417975,
G1,W0046F0003T0006Z000C1N6.png,1,0.4283389443866916,
G1,W0046F0003T0006Z000C1N6.png,2,0.23260153099715902,
G1,W0046F0003T0006Z000C1N6.png,3,1.3989897522722636,
G1,W0046F0003T0006Z000C1N6.png,4,0.8165523942160723,
G1,W0046F0003T0006Z000C1N6.png,5,1.6618088750650293,
G1,W0046F0003T0006Z000C1N6.png,6,0.7430611466533661,
G1,W0046F0001T0006Z000C1N36.png,1,0.9263925328930496,2.6527845040636078
G1,W0046F0001T0006Z000C1N36.png,2,1.1375,3.906764966055675
G1,W0046F0001T0006Z000C1N36.png,3,0.088829190022199,0.088829190022199
G1,W0046F0001T0006Z000C1N36.png,4,1.21875,1.21875
G1,W0046F0001T0006Z000C1N36.png,5,1.2214553307427989,6.1717919298207065
G1,W0046F0001T0006Z000C1N36.png,6,0.10075582420441502,0.10075582420441502
G1,W0046F0001T0006Z000C1N36.png,7,2.2558969791538694,3.022917384562287
G1,W0046F0001T0006Z000C1N36.png,8,0.07891339723417513,4.968375399461812
G1,W0046F0001T0006Z000C1N36.png,9,0.8058944288489823,3.869434906057282
G1,W0046F0001T0006Z000C1N36.png,10,0.08181209095926459,0.08181209095926459
G1,W0046F0003T0006Z000C1N41.png,1,0.059927038972404735,0.059927038972404735
G1,W0046F0003T0006Z000C1N41.png,2,0.11490485194281398,0.11490485194281398
G1,W0046F0003T0006Z000C1N41.png,3,0.027950849718747662,0.027950849718747662
G1,W0046F0003T0006Z000C1N41.png,4,0.09357977743560751,0.09357977743560751
G1,W0046F0003T0006Z000C1N41.png,5,0.03830161731427017,0.03830161731427017
G1,W0046F0003T0006Z000C1N41.png,6,0.0,0.0
G1,W0046F0003T0006Z000C1N41.png,7,0.08139044954303062,0.08139044954303062
G1,W0046F0003T0006Z000C1N41.png,8,0.11490485194281398,0.11490485194281398
G1,W0046F0003T0006Z000C1N41.png,9,0.5977678571428575,0.5977678571428575
G1,W0046F0003T0006Z000C1N41.png,10,0.05138701197773544,0.05138701197773544
G1,W0046F0003T0006Z000C1N41.png,11,0.05922060518202259,0.05922060518202259
G1,W0046F0003T0006Z000C1N41.png,12,0.13922675509822038,0.13922675509822038
G1,W0046F0003T0006Z000C1N41.png,13,0.06936717923885606,0.06936717923885606
G1,W0046F0003T0006Z000C1N41.png,14,0.11119824381562556,0.11119824381562556
G1,W0046F0003T0006Z000C1N41.png,15,0.06936717923885517,0.06936717923885517
G1,W0046F0003T0006Z000C1N41.png,16,0.04642857142857242,0.19969683655634612
G1,W0046F0003T0006Z000C1N41.png,17,0.05785002535892006,0.05785002535892006
G1,W0046F0003T0006Z000C1N41.png,18,1.3836376422315202,2.4130018907990936
G1,W0046F0003T0006Z000C1N41.png,19,4.3617622147539805,6.966947325387369
G1,W0046F0003T0006Z000C1N41.png,20,6.21095364787481,6.21095364787481
G1,W0046F0001T0006Z000C1N21.png,1,0.06921162787499344,0.06921162787499344
G1,W0046F0001T0006Z000C1N21.png,2,1.6572796997146921,1.6572796997146921
G1,W0046F0001T0006Z000C1N21.png,3,0.04245667262774615,0.04245667262774615
G1,W0046F0001T0006Z000C1N21.png,4,0.5172294295505715,0.5172294295505715
G1,W0046F0001T0006Z000C1N21.png,5,1.6033140170257845,1.6033140170257845
G1,W0046F0001T0006Z000C1N21.png,6,0.032500000000000466,0.032500000000000466
G1,W0046F0001T0006Z000C1N21.png,7,0.1435896932234348,0.1435896932234348
G1,W0046F0001T0006Z000C1N21.png,8,0.06958928570635821,0.06958928570635821
G1,W0046F0001T0006Z000C1N21.png,9,0.0372224813423816,0.0372224813423816
G1,W0046F0001T0006Z000C1N21.png,10,0.16068935852942517,0.16068935852942517
G1,W0046F0001T0006Z000C1N21.png,11,0.0541666666666659,0.0541666666666659
G1,W0046F0001T0006Z000C1N21.png,12,2.8418470815773045,2.8418470815773045
G1,W0046F0001T0006Z000C1N21.png,13,0.07525996611745094,0.07525996611745094
G1,W0046F0001T0006Z000C1N21.png,14,1.1436496711460638,1.4829516201860733
G1,W0046F0001T0006Z000C1N21.png,15,0.09176252138881358,0.09176252138881358
G1,W0046F0001T0006Z000C1N21.png,16,0.06768069163659729,0.06768069163659729
G1,W0046F0001T0006Z000C1N21.png,17,3.7015926952333595,3.7015926952333595
G1,W0046F0001T0006Z000C1N21.png,18,2.176425370321281,2.176425370321281
G1,W0046F0003T0006Z000C1N43.png,1,9.726896521700926,9.726896521700926
G1,W0046F0003T0006Z000C1N43.png,2,3.6361267023310204,3.6361267023310204
G1,W0046F0003T0006Z000C1N43.png,3,4.513029694305553,4.513029694305553
G1,W0046F0003T0006Z000C1N43.png,4,0.07000714249274813,0.07000714249274813
G1,W0046F0003T0006Z000C1N43.png,5,2.6894779444197736,2.6894779444197736
G1,W0046F0003T0006Z000C1N43.png,6,0.07030824987154725,0.07030824987154725
G1,W0046F0003T0006Z000C1N43.png,7,0.6012500000000002,0.6012500000000002
G1,W0046F0003T0006Z000C1N43.png,8,3.50783022952136,3.50783022952136
G1,W0046F0003T0006Z000C1N43.png,9,1.2385229357989298,1.2385229357989298
G1,W0046F0003T0006Z000C1N43.png,10,0.13893216477848058,0.13893216477848058
G1,W0046F0003T0006Z000C1N43.png,11,0.07713336714522774,0.07713336714522774
G1,W0046F0003T0006Z000C1N43.png,12,0.18727199678876177,0.18727199678876177
G1,W0046F0003T0006Z000C1N43.png,13,0.09192388155425167,0.09192388155425167
G1,W0046F0003T0006Z000C1N43.png,14,0.05709667997526166,0.05709667997526166
G1,W0046F0003T0006Z000C1N43.png,15,0.06816889042575622,0.06816889042575622
G1,W0046F0003T0006Z000C1N43.png,16,0.0315966127255391,0.0315966127255391
G1,W0046F0003T0006Z000C1N43.png,17,0.9192388155425119,0.9192388155425119
G1,W0046F0003T0006Z000C1N43.png,18,0.06499999999999896,0.06499999999999896
G1,W0046F0003T0006Z000C1N9.png,1,1.5864569654185394,10.938087930626859
G1,W0046F0003T0006Z000C1N9.png,2,2.7705461335446437,5.147696668582516
G1,W0046F0003T0006Z000C1N9.png,3,0.06589659407823172,0.06589659407823172
G1,W0046F0003T0006Z000C1N9.png,4,0.054166666666666766,0.054166666666666766
G1,W0046F0003T0006Z000C1N9.png,5,2.1871620163925707,3.560441807945833
G1,W0046F0003T0006Z000C1N9.png,6,0.05190872090624571,4.285598584747739
G1,W0046F0003T0006Z000C1N9.png,7,0.4950567004104835,5.324011970126465
G1,W0046F0003T0006Z000C1N9.png,8,2.796589971858937,7.1948639952209215
G1,W0046F0003T0006Z000C1N9.png,9,0.08029705223779729,0.08029705223779729
G1,W0046F0003T0006Z000C1N9.png,10,2.4412586760954094,8.585416666666665
G1,W0046F0003T0006Z000C1N9.png,11,0.06488590113280689,0.06488590113280689
G1,W0046F0003T0006Z000C1N9.png,12,0.08125,2.0377396331474738
G1,W0046F0003T0006Z000C1N9.png,13,0.4568262366142991,2.3654947073411905
G1,W0046F0001T0006Z000C1N34.png,1,0.08125,6.7769514025482
G1,W0046F0001T0006Z000C1N34.png,2,0.06936717923885562,0.06936717923885562
G1,W0046F0001T0006Z000C1N34.png,3,3.793600697226845,7.708051796660424
G1,W0046F0001T0006Z000C1N34.png,4,0.09609734598563159,0.09609734598563159
G1,W0046F0001T0006Z000C1N34.png,5,0.035003571246374605,0.035003571246374605
G1,W0046F0001T0006Z000C1N34.png,6,0.4997998248990644,1.7876139834589637
G1,W0046F0001T0006Z000C1N34.png,7,0.05709667997526184,2.5320301533613025
G1,W0046F0001T0006Z000C1N34.png,8,0.06770833333333272,0.06770833333333272
G1,W0046F0001T0006Z000C1N34.png,9,0.03830161731427242,3.562874005708812
G1,W0046F0001T0006Z000C1N34.png,10,0.05076662289339143,0.05076662289339143
G1,W0046F0001T0006Z000C1N34.png,11,0.08692446908323029,0.08692446908323029
G1,W0046F0001T0006Z000C1N34.png,12,0.032500000000000466,0.032500000000000466
G1,W0046F0001T0006Z000C1N34.png,13,1.0725972645757151,1.6350000943859215
G1,W0046F0001T0006Z000C1N34.png,14,0.3484768997958956,2.2668532483800883
G1,W0046F0001T0006Z000C1N34.png,15,0.9695682028614594,2.6976957760281275
G1,W0046F0001T0006Z000C1N34.png,16,0.1194817095050537,0.1194817095050537
G1,W0046F0001T0006Z000C1N34.png,17,0.06958928570635825,0.06958928570635825
G1,W0046F0001T0006Z000C1N34.png,18,0.05076662289339254,0.05076662289339254
G1,W0046F0001T0006Z000C1N34.png,19,1.420003728966153,1.44153569973522
G1,W0046F0001T0006Z000C1N34.png,20,0.5045109017652645,2.2684314514659683
G1,W0046F0001T0006Z000C1N34.png,21,0.18168052317185793,2.580886778318646
G1,W0046F0001T0006Z000C1N34.png,22,0.08838834764831895,0.08838834764831895
G1,W0046F0001T0006Z000C1N34.png,23,0.11490485194281398,3.093907824257213
G1,W0046F0001T0006Z000C1N19.png,1,9.997909306011467,14.198477288131127
G1,W0046F0001T0006Z000C1N19.png,2,8.015977437465725,8.235060998184121
G1,W0046F0001T0006Z000C1N19.png,3,0.11570005071784228,0.11570005071784228
G1,W0046F0001T0006Z000C1N19.png,4,0.553455056892609,1.7992793696366327
G1,W0046F0001T0006Z000C1N19.png,5,0.08886236101066337,0.08886236101066337
G1,W0046F0001T0006Z000C1N19.png,6,0.07267220926874421,1.2095066142853466
G1,W0046F0001T0006Z000C1N19.png,7,0.9263925328930496,5.704884146501136
G1,W0046F0001T0006Z000C1N19.png,8,2.7462853215938865,5.379819934894452
G1,W0046F0003T0006Z000C1N45.png,1,1.4641234741570992,1.4641234741570992
G1,W0046F0003T0006Z000C1N45.png,2,0.018108234166564617,0.018108234166564617
G1,W0046F0003T0006Z000C1N45.png,3,0.07886785713387255,0.07886785713387255
G1,W0046F0003T0006Z000C1N45.png,4,0.08090203266228171,0.08090203266228171
G1,W0046F0003T0006Z000C1N45.png,5,0.07880356972534193,0.07880356972534193
G1,W0046F0003T0006Z000C1N45.png,6,0.24230248577864813,0.24230248577864813
G1,W0046F0003T0006Z000C1N45.png,7,0.3680151908061167,3.921535795216469
G1,W0046F0003T0006Z000C1N45.png,8,0.057096679975264034,0.057096679975264034
G1,W0046F0003T0006Z000C1N45.png,9,0.0766032346285432,0.0766032346285432
G1,W0046F0003T0006Z000C1N22.png,1,0.0,0.22980970388562796
G1,W0046F0003T0006Z000C1N22.png,2,0.960030708081353,2.403463467380067
G1,W0046F0003T0006Z000C1N22.png,3,0.0,2.1862139076494778
G1,W0046F0003T0006Z000C1N22.png,4,1.158179800143257,1.3225771473040757
G1,W0046F0003T0006Z000C1N22.png,5,2.214953825146443,2.3580306702787612
G1,W0046F0003T0006Z000C1N22.png,6,0.048616071175520144,0.048616071175520144
G1,W0046F0003T0006Z000C1N22.png,7,2.1509260286240073,5.029791666578615
G1,W0046F0003T0006Z000C1N22.png,8,1.830525258980446,2.4381352052995307
G1,W0046F0003T0006Z000C1N22.png,9,4.4039627704954585,7.353717936912917
G1,W0046F0003T0006Z000C1N22.png,10,3.3917374327179304,4.114331848854685
G1,W0046F0003T0006Z000C1N22.png,11,4.198418447305807,5.835975210984292
G1,W0046F0003T0006Z000C1N23.png,1,0.09704569511840859,0.09704569511840859
G1,W0046F0003T0006Z000C1N23.png,2,0.49422445558673034,0.6345827861674157
G1,W0046F0003T0006Z000C1N23.png,3,0.8875763017559472,1.0432049679865734
G1,W0046F0003T0006Z000C1N23.png,4,0.06770833333333365,0.06770833333333365
G1,W0046F0003T0006Z000C1N23.png,5,0.1827285447716922,0.2810703053133248
G1,W0046F0003T0006Z000C1N23.png,6,0.38265692700475573,2.3634961019186655
G1,W0046F0003T0006Z000C1N23.png,7,0.05625286953194986,0.05625286953194986
G1,W0046F0003T0006Z000C1N23.png,8,0.26673989879864435,1.1758658895800058
G1,W0046F0003T0006Z000C1N23.png,9,0.7862463689095526,1.7490838927091417
G1,W0046F0001T0006Z000C1N42.png,1,2.0775158777304736,5.488994607900025
G1,W0046F0001T0006Z000C1N42.png,2,1.717432256726487,5.420394496493876
G1,W0046F0001T0006Z000C1N42.png,3,1.8420649079226281,1.9668542459979084
G1,W0046F0001T0006Z000C1N42.png,4,0.04785747601163444,0.04785747601163444
G1,W0046F0001T0006Z000C1N42.png,5,0.08125,4.7965034465222685
G1,W0046F0001T0006Z000C1N42.png,6,1.1494075410021025,4.32622871365032
G1,W0046F0001T0006Z000C1N42.png,7,4.151111720446103,7.668661496025561
G1,W0046F0001T0006Z000C1N42.png,8,1.7369266140225958,4.6312500000000005
G1,W0046F0001T0006Z000C1N42.png,9,5.202745608065506,7.169644858565813
G1,W0046F0003T0006Z000C1N21.png,1,3.10413282979321,6.353937017707998
G1,W0046F0003T0006Z000C1N21.png,2,0.07632744530147702,0.07632744530147702
G1,W0046F0003T0006Z000C1N21.png,3,2.44426145542984,6.745707547211041
G1,W0046F0003T0006Z000C1N21.png,4,4.592608628301257,8.495508631975662
G1,W0046F0003T0006Z000C1N21.png,5,5.4316095968414375,9.069844007065392
G1,W0046F0003T0006Z000C1N21.png,6,3.562542302651159,14.062661333093754
G1,W0046F0003T0006Z000C1N21.png,7,9.671821990969438,13.263922520318038
G1,W0046F0002T0006Z000C1N26.png,1,6.270894856348872,14.109431836322369
G1,W0046F0002T0006Z000C1N26.png,2,2.339379257944295,10.478730317290353
G1,W0046F0002T0006Z000C1N26.png,3,1.5557142776166342,7.571308256776752
G1,W0046F0002T0006Z000C1N26.png,4,2.44426145542984,7.2984935303458345
G1,W0046F0002T0006Z000C1N26.png,5,4.863269362156377,8.529366143246259
G1,W0046F0002T0006Z000C1N26.png,6,0.0623865182904053,0.0623865182904053
G1,W0046F0002T0006Z000C1N26.png,7,1.4466151224496446,4.333756489755741
G1,W0046F0002T0006Z000C1N26.png,8,2.400518784278404,4.0193576563162114
G1,W0046F0002T0006Z000C1N26.png,9,7.499214242379295,10.562974788452486
G1,W0046F0002T0006Z000C1N26.png,10,9.507487745209492,13.518384355625482
G1,W0046F0001T0006Z000C1N43.png,1,1.6331047884321446,1.8168052317185792
G1,W0046F0001T0006Z000C1N43.png,2,0.07581580895986945,0.07581580895986945
G1,W0046F0001T0006Z000C1N43.png,3,0.08750892811593587,0.08750892811593587
G1,W0046F0001T0006Z000C1N43.png,4,0.0,0.0
G1,W0046F0001T0006Z000C1N43.png,5,0.0789608069093641,0.0789608069093641
G1,W0046F0001T0006Z000C1N43.png,6,0.07614236757768193,0.07614236757768193
G1,W0046F0001T0006Z000C1N43.png,7,0.004513888888887862,0.004513888888887862
G1,W0046F0001T0006Z000C1N43.png,8,0.08670897404856995,0.08670897404856995
G1,W0046F0001T0006Z000C1N43.png,9,0.05296851954227196,0.05296851954227196
G1,W0046F0001T0006Z000C1N6.png,1,1.105119478834755,6.98608270510019
G1,W0046F0001T0006Z000C1N6.png,2,0.13696620158392547,0.13696620158392547
G1,W0046F0001T0006Z000C1N6.png,3,0.9678109618366801,1.1933035652173043
G1,W0046F0001T0006Z000C1N6.png,4,2.842589048737084,3.9537956446938427
G1,W0046F0001T0006Z000C1N6.png,5,1.952832789559628,5.2284667664152416
G1,W0046F0001T0006Z000C1N6.png,6,0.4367056280328378,6.616009885539437
G1,W0046F0001T0006Z000C1N6.png,7,0.8285906709588275,4.290123104294328
G1,W0046F0001T0006Z000C1N6.png,8,0.1625,4.0754792662949475
G1,W0046F0001T0006Z000C1N6.png,9,1.0539360749115672,1.0539360749115672
G1,W0046F0001T0006Z000C1N6.png,10,0.5826239900094808,5.596938276847948
G1,W0046F0001T0006Z000C1N6.png,11,0.08125,0.08125
G1,W0046F0001T0006Z000C1N6.png,12,0.09459160805298471,1.1424773041491314
G1,W0046F0001T0006Z000C1N6.png,13,1.1633229613912037,6.613270867165506
G1,W0046F0001T0006Z000C1N6.png,14,0.0854700554901387,0.0854700554901387
G1,W0046F0001T0006Z000C1N6.png,15,1.8758019118499694,4.397269216513813
G1,W0046F0001T0006Z000C1N6.png,16,6.321217029700077,8.935100635859333
G1,W0046F0002T0006Z000C1N22.png,1,0.4737648414561807,
G1,W0046F0002T0006Z000C1N22.png,2,1.482673366760191,
G1,W0046F0002T0006Z000C1N22.png,3,1.6730398979103878,
G1,W0046F0002T0006Z000C1N22.png,4,0.7055195337480052,
G1,W0046F0002T0006Z000C1N22.png,5,2.0670319545508273,
G1,W0046F0002T0006Z000C1N22.png,6,1.3126339217390353,
G1,W0046F0002T0006Z000C1N22.png,7,2.106491455002845,
G1,W0046F0002T0006Z000C1N22.png,8,2.275,
G1,W0046F0002T0006Z000C1N22.png,9,1.6516846011523132,
G1,W0046F0002T0006Z000C1N22.png,10,4.0134539364492525,
G1,W0046F0002T0006Z000C1N22.png,11,1.6912495380634993,
G1,W0046F0002T0006Z000C1N22.png,12,1.7111952146087834,
G1,W0046F0002T0006Z000C1N22.png,13,6.359106686258868,
G1,W0046F0003T0006Z000C1N25.png,1,0.15189208203449933,0.15189208203449933
G1,W0046F0003T0006Z000C1N25.png,2,1.6990719346717464,8.137331857772146
G1,W0046F0003T0006Z000C1N25.png,3,0.49422445558673034,4.098899433079568
G1,W0046F0003T0006Z000C1N25.png,4,0.09357977743560865,0.8539733998211185
G1,W0046F0003T0006Z000C1N25.png,5,0.09357977743560865,0.09357977743560865
G1,W0046F0003T0006Z000C1N25.png,6,0.2071476677397069,1.6661203531708026
G1,W0046F0003T0006Z000C1N25.png,7,1.072530776073582,6.6368121406760485
G1,W0046F0003T0006Z000C1N25.png,8,0.12112034878123895,3.5634915774030147
G1,W0046F0003T0006Z000C1N25.png,9,1.3025365877778636,5.734316246293014
G1,W0046F0003T0006Z000C1N25.png,10,0.060476237864637385,0.12714400902311945
G1,W0046F0001T0006Z000C1N46.png,1,2.6266819388369997,11.40488540638671
G1,W0046F0001T0006Z000C1N46.png,2,0.054655347691236957,0.054655347691236957
G1,W0046F0001T0006Z000C1N46.png,3,0.7806767897151805,12.166117909999064
G1,W0046F0001T0006Z000C1N46.png,4,4.0339622658745835,5.215844999853811
G1,W0046F0001T0006Z000C1N46.png,5,0.10151585820649509,0.10151585820649509
G1,W0046F0001T0006Z000C1N46.png,6,2.2219250261868573,2.3374812045274878
G1,W0046F0001T0006Z000C1N46.png,7,0.09057208264247243,0.09057208264247243
G1,W0046F0001T0006Z000C1N46.png,8,0.27443123000125264,0.27443123000125264
G1,W0046F0001T0006Z000C1N46.png,9,2.8932302448992893,2.9963519486201884
G1,W0046F0001T0006Z000C1N5.png,1,8.428096611928462,11.069101137852162
G1,W0046F0001T0006Z000C1N5.png,2,0.33460797958207705,1.9119835904107547
G1,W0046F0001T0006Z000C1N5.png,3,0.0,0.0
G1,W0046F0001T0006Z000C1N5.png,4,2.6012692214570947,6.338020811933328
G1,W0046F0001T0006Z000C1N5.png,5,1.8724686769826056,4.032115713629653
G1,W0046F0001T0006Z000C1N5.png,6,0.7332925033762533,6.986533022662802
G1,W0046F0001T0006Z000C1N5.png,7,0.05202538442914219,0.05202538442914219
G1,W0046F0001T0006Z000C1N5.png,8,0.962316225240493,1.2077162576647622
G1,W0046F0001T0006Z000C1N5.png,9,2.591098041854071,3.9679625202993036
G1,W0046F0001T0006Z000C1N5.png,10,1.9512413148263132,5.2284667664152416
G1,W0046F0001T0006Z000C1N5.png,11,4.258214320190554,12.210896748152624
G1,W0046F0001T0006Z000C1N5.png,12,6.107276653713994,13.72187179742618
G1,W0046F0001T0006Z000C1N5.png,13,0.8285906709588275,4.193633567683281
G1,W0046F0001T0006Z000C1N5.png,14,0.1839375106184163,4.006148229011566
G1,W0046F0001T0006Z000C1N5.png,15,4.59619407771256,12.06446227562588
G1,W0046F0001T0006Z000C1N44.png,1,8.896040200561147,9.084026158592895
G1,W0046F0001T0006Z000C1N44.png,2,0.07940102327869751,0.07940102327869751
G1,W0046F0001T0006Z000C1N44.png,3,0.9281670584222816,7.141915908097792
G1,W0046F0001T0006Z000C1N44.png,4,0.08839736640734853,0.08839736640734853
G1,W0046F0001T0006Z000C1N44.png,5,2.328606737175634,2.328606737175634
G1,W0046F0001T0006Z000C1N44.png,6,0.08455006846518741,0.08455006846518741
G1,W0046F0001T0006Z000C1N44.png,7,1.0683336583462828,5.308609686684035
G1,W0046F0001T0006Z000C1N44.png,8,0.057096679975264034,5.574987197571526
G1,W0046F0001T0006Z000C1N44.png,9,0.0967213858419216,0.0967213858419216
G1,W0046F0002T0006Z000C1N21.png,1,2.9131898920637185,13.897365919982423
G1,W0046F0002T0006Z000C1N21.png,2,2.9295104113144914,2.9295104113144914
G1,W0046F0002T0006Z000C1N21.png,3,0.7055195337480034,14.019945891924833
G1,W0046F0002T0006Z000C1N21.png,4,0.09357977743560823,0.09357977743560823
G1,W0046F0002T0006Z000C1N21.png,5,0.07267220926874317,3.793600697226844
G1,W0046F0002T0006Z000C1N21.png,6,2.9134655052016667,7.2229019445095615
G1,W0046F0002T0006Z000C1N21.png,7,2.903479862595916,5.53753174370134
G1,W0046F0002T0006Z000C1N21.png,8,2.288452370052739,8.211195588950492
G1,W0046F0002T0006Z000C1N21.png,9,0.8540917141911635,6.167779495592397
G1,W0046F0002T0006Z000C1N21.png,10,3.9982559131729203,8.84800520911666
G1,W0046F0002T0006Z000C1N21.png,11,1.0180595819990106,3.894071014054572
G1,W0046F0002T0006Z000C1N21.png,12,1.5089285714285718,3.095170386164185
G1,W0046F0002T0006Z000C1N21.png,13,2.8726212985703494,4.15091292669456
G1,W0046F0002T0006Z000C1N21.png,14,0.088397366407349,0.088397366407349
G1,W0046F0002T0006Z000C1N21.png,15,0.21518044954887505,0.21518044954887505
G1,W0046F0002T0006Z000C1N21.png,16,3.3834279708300294,5.90295791416698
G1,W0046F0002T0006Z000C1N21.png,17,3.5759231762581254,5.615662388578929
G1,W0046F0002T0006Z000C1N21.png,18,8.523639128916708,8.629858356311532
G1,W0046F0002T0006Z000C1N21.png,19,5.516629688949586,7.981546098657828
G1,W0046F0003T0006Z000C1N27.png,1,4.433004765393332,4.534303281651989
G1,W0046F0003T0006Z000C1N27.png,2,6.258902080376088,6.258902080376088
G1,W0046F0003T0006Z000C1N27.png,3,3.356974037933273,3.8829940441511863
G1,W0046F0003T0006Z000C1N27.png,4,3.5397408980036946,5.9849877297284415
G1,W0046F0003T0006Z000C1N27.png,5,2.451496633228064,2.451496633228064
G1,W0046F0003T0006Z000C1N27.png,6,0.01816805231718476,0.01816805231718476
G1,W0046F0003T0006Z000C1N27.png,7,0.08839736640734853,0.08839736640734853
G1,W0046F0003T0006Z000C1N27.png,8,0.0,0.0
G1,W0046F0003T0006Z000C1N27.png,9,0.020891791262330203,0.020891791262330203
G1,W0046F0003T0006Z000C1N27.png,10,0.061904761904761685,0.061904761904761685
G1,W0046F0003T0006Z000C1N27.png,11,0.08891329959954858,0.08891329959954858
G1,W0046F0003T0006Z000C1N27.png,12,0.0,2.485772012876483
G1,W0046F0003T0006Z000C1N27.png,13,0.07052680675398607,0.07052680675398607
G1,W0046F0003T0006Z000C1N27.png,14,0.0,0.0
G1,W0046F0003T0006Z000C1N27.png,15,0.08750892811593587,0.08750892811593587
G1,W0046F0003T0006Z000C1N27.png,16,0.04642857142857242,0.04642857142857242
G1,W0046F0003T0006Z000C1N27.png,17,0.05709667997526184,0.05709667997526184
G1,W0046F0003T0006Z000C1N27.png,18,0.07490879871550522,0.07490879871550522
G1,W0046F0003T0006Z000C1N27.png,19,0.08125,0.08125
G1,W0046F0003T0006Z000C1N27.png,20,0.08125,0.08125
G1,W0046F0003T0006Z000C1N27.png,21,0.08125,0.08125
G1,W0046F0003T0006Z000C1N27.png,22,2.4924025181539196,3.1604056800512175
G1,W0046F0003T0006Z000C1N27.png,23,1.0180595819990106,2.5500076593022225
G1,W0046F0003T0006Z000C1N33.png,1,2.052331924063603,2.052331924063603
G1,W0046F0003T0006Z000C1N33.png,2,3.7921386610987744,4.629909893831629
G1,W0046F0003T0006Z000C1N33.png,3,0.9884489111734607,1.2691655723348314
G1,W0046F0003T0006Z000C1N33.png,4,0.3400937218906306,0.3400937218906306
G1,W0046F0003T0006Z000C1N33.png,5,0.1080652684133656,0.1080652684133656
G1,W0046F0003T0006Z000C1N33.png,6,0.034258007985157685,0.034258007985157685
G1,W0046F0003T0006Z000C1N33.png,7,0.5535397456371136,4.273482917948778
G1,W0046F0003T0006Z000C1N33.png,8,0.0766032346285432,2.8343196812560785
G1,W0046F0003T0006Z000C1N33.png,9,0.05709667997526184,0.05709667997526184
G1,W0046F0003T0006Z000C1N33.png,10,0.0541666666666659,0.0541666666666659
G1,W0046F0003T0006Z000C1N33.png,11,1.0660792653456876,2.648500755144314
G1,W0046F0003T0006Z000C1N33.png,12,0.571474566491859,3.862832236329895
G1,W0046F0003T0006Z000C1N32.png,1,4.387745646940453,25.130791164243444
G1,W0046F0003T0006Z000C1N32.png,2,0.9084026158592896,26.353697706631227
G1,W0046F0003T0006Z000C1N32.png,3,2.1292539087115085,23.264027838331035
G1,W0046F0003T0006Z000C1N32.png,4,0.08125,9.681032115043314
G1,W0046F0003T0006Z000C1N32.png,5,4.618876501800941,16.42979918893986
G1,W0046F0003T0006Z000C1N32.png,6,0.046428571428571264,8.068993192955315
G1,W0046F0003T0006Z000C1N32.png,7,3.325520139976436,5.18509691661807
G1,W0046F0003T0006Z000C1N32.png,8,3.2682301211817997,4.4812892257697445
G1,W0046F0003T0006Z000C1N32.png,9,1.8246487640762257,1.8246487640762257
G1,W0046F0003T0006Z000C1N32.png,10,1.0174109297624054,1.0174109297624054
G1,W0046F0003T0006Z000C1N32.png,11,0.07886785713387169,0.07886785713387169
G1,W0046F0003T0006Z000C1N32.png,12,0.07323776028286229,0.07323776028286229
G1,W0046F0003T0006Z000C1N26.png,1,7.486623487928321,9.4113711142426
G1,W0046F0003T0006Z000C1N26.png,2,2.948035346120198,11.367447513992285
G1,W0046F0003T0006Z000C1N26.png,3,2.9831034594864456,11.675147215345937
G1,W0046F0003T0006Z000C1N26.png,4,6.448384124143041,6.448384124143041
G1,W0046F0003T0006Z000C1N26.png,5,3.3823819731810305,6.160550528361893
G1,W0046F0003T0006Z000C1N26.png,6,2.6133922964913077,2.6133922964913077
G1,W0046F0003T0006Z000C1N26.png,7,0.07551903733496555,0.07551903733496555
G1,W0046F0003T0006Z000C1N26.png,8,0.08125,2.0377396331474738
G1,W0046F0003T0006Z000C1N26.png,9,0.08125,0.08125
G1,W0046F0003T0006Z000C1N26.png,10,0.025954360453121966,0.025954360453121966
G1,W0046F0003T0006Z000C1N26.png,11,2.5859974502114267,6.563169608695177
G1,W0046F0003T0006Z000C1N26.png,12,2.9467662360628477,10.209139287912572
G1,W0017F0002T0006Z000C1N9.png,1,1.2900564934036176,1.2900564934036176
G1,W0017F0002T0006Z000C1N9.png,2,3.459629602977163,5.114365833869637
G1,W0017F0002T0006Z000C1N9.png,3,0.0,0.0
G1,W0017F0002T0006Z000C1N9.png,4,0.05416666666666705,0.05416666666666705
G1,W0017F0002T0006Z000C1N9.png,5,3.857640326532386,3.857640326532386
G1,W0017F0002T0006Z000C1N9.png,6,0.14056671706476853,0.14056671706476853
G1,W0017F0002T0006Z000C1N9.png,7,0.1715871607734221,0.1715871607734221
G1,W0017F0002T0006Z000C1N9.png,8,0.7533599059939301,1.4830567750289207
G1,W0017F0002T0006Z000C1N9.png,9,0.0,0.1625
G1,W0017F0002T0006Z000C1N9.png,10,0.08125,0.18168052317185793
G1,W0017F0002T0006Z000C1N9.png,11,0.6512682938889318,3.0749126639020172
G1,W0017F0003T0006Z000C1N22.png,1,,
G1,W0017F0003T0006Z000C1N22.png,2,,
G1,W0017F0003T0006Z000C1N22.png,3,,
G1,W0017F0003T0006Z000C1N22.png,4,,
G1,W0017F0003T0006Z000C1N22.png,5,,
G1,W0017F0003T0006Z000C1N22.png,6,,
G1,W0017F0003T0006Z000C1N22.png,7,,
G1,W0017F0003T0006Z000C1N22.png,8,,
G1,W0017F0003T0006Z000C1N22.png,9,,
G1,W0017F0003T0006Z000C1N22.png,10,,
G1,W0017F0003T0006Z000C1N22.png,11,,
G1,W0017F0003T0006Z000C1N22.png,12,,
G1,W0017F0003T0006Z000C1N22.png,13,,
G1,W0017F0003T0006Z000C1N22.png,14,,
G1,W0017F0003T0006Z000C1N22.png,15,,
G1,W0017F0003T0006Z000C1N22.png,16,,
G1,W0017F0003T0006Z000C1N22.png,17,,
G1,W0017F0003T0006Z000C1N22.png,18,,
G1,W0017F0003T0006Z000C1N22.png,19,,
G1,W0017F0003T0006Z000C1N22.png,20,,
G1,W0017F0003T0006Z000C1N22.png,21,,
G1,W0017F0003T0006Z000C1N22.png,22,,
G1,W0017F0003T0006Z000C1N22.png,23,,
G1,W0017F0001T0006Z000C1N6.png,1,0.08750892811593587,0.08750892811593587
G1,W0017F0001T0006Z000C1N6.png,2,0.040625,3.2946349024778145
G1,W0017F0001T0006Z000C1N6.png,3,0.06936717923885562,0.06936717923885562
G1,W0017F0001T0006Z000C1N6.png,4,0.9192388155425119,0.9475296829123614
G1,W0017F0001T0006Z000C1N6.png,5,0.08750892811593587,0.08750892811593587
G1,W0017F0001T0006Z000C1N6.png,6,0.05709667997526221,0.05709667997526221
G1,W0017F0001T0006Z000C1N6.png,7,0.04055465362687578,0.04055465362687578
G1,W0017F0001T0006Z000C1N6.png,8,0.04642857142857242,0.04642857142857242
G1,W0017F0001T0006Z000C1N6.png,9,0.0,0.0
G1,W0017F0001T0006Z000C1N6.png,10,0.07267220926874395,1.3788582233137687
G1,W0017F0001T0006Z000C1N6.png,11,0.19943012947699207,2.2072870512335294
G1,W0017F0001T0006Z000C1N6.png,12,1.6117369899470895,1.6943858496140718
G1,W0017F0001T0006Z000C1N6.png,13,2.253131501377583,3.997797245046327
G1,W0017F0001T0006Z000C1N6.png,14,3.20603069425419,4.619832417144588
G1,W0017F0001T0006Z000C1N6.png,15,2.13037100614389,2.13037100614389
G1,W0017F0001T0006Z000C1N6.png,16,0.0,4.723693602468306
G1,W0017F0001T0006Z000C1N6.png,17,0.08125,5.3950244728360595
G1,W0017F0001T0006Z000C1N6.png,18,0.43942656169717376,5.67195420054896
G1,W0017F0001T0006Z000C1N6.png,19,2.218586261563882,3.060009191162668
G1,W0017F0001T0006Z000C1N6.png,20,0.8007923864401788,4.107591765602715
G1,W0017F0001T0006Z000C1N6.png,21,0.037901187316495236,0.037901187316495236
G1,W0017F0001T0006Z000C1N6.png,22,0.07267220926874421,2.343608329051592
G1,W0017F0001T0006Z000C1N6.png,23,1.2725999327530129,2.9063252567346765
G1,W0017F0001T0006Z000C1N6.png,24,1.2237870675409768,1.3030085179962814
G1,W0017F0001T0006Z000C1N6.png,25,0.07295455433535246,0.07295455433535246
G1,W0017F0001T0006Z000C1N6.png,26,0.08838834764831895,0.08838834764831895
G1,W0017F0001T0006Z000C1N6.png,27,0.05709667997526184,0.15426673429045468
G1,W0017F0001T0006Z000C1N6.png,28,0.08125,0.08125
G1,W0017F0001T0006Z000C1N6.png,29,0.6700046641628699,2.689853620552613
G1,W0017F0001T0006Z000C1N6.png,30,0.10079790317837098,0.10079790317837098
G1,W0017F0001T0006Z000C1N6.png,31,0.0,2.543527324406011
G1,W0017F0001T0006Z000C1N6.png,32,0.3615024098770824,3.0860596801568505
G1,W0017F0001T0006Z000C1N6.png,33,0.1915080865713575,2.3476735677166785
G1,W0017F0001T0006Z000C1N6.png,34,0.09275513799784824,0.09275513799784824
G1,W0017F0001T0006Z000C1N6.png,35,0.07267220926874421,0.14534441853748634
G1,W0017F0001T0006Z000C1N6.png,36,0.028726212985703495,0.028726212985703495
G1,W0017F0001T0006Z000C1N6.png,37,0.07660323462854238,2.6163116797422203
G1,W0017F0001T0006Z000C1N6.png,38,0.0,4.435386820785759
G1,W0017F0001T0006Z000C1N6.png,39,0.17456510924960345,0.17456510924960345
G1,W0017F0001T0006Z000C1N6.png,40,0.04986998331117833,0.04986998331117833
G1,W0017F0001T0006Z000C1N6.png,41,0.11490485194281398,3.0422673493629717
G1,W0017F0001T0006Z000C1N31.png,1,1.3926090086984337,1.7150532203043891
G1,W0017F0001T0006Z000C1N31.png,2,0.06779291591888302,0.06779291591888302
G1,W0017F0001T0006Z000C1N31.png,3,0.11490485194281398,0.11490485194281398
G1,W0017F0001T0006Z000C1N31.png,4,0.04787702164283872,0.04787702164283872
G1,W0017F0001T0006Z000C1N31.png,5,0.040625,0.040625
G1,W0017F0001T0006Z000C1N31.png,6,0.04642857142857242,0.04642857142857242
G1,W0017F0001T0006Z000C1N31.png,7,0.08125,0.08125
G1,W0017F0001T0006Z000C1N31.png,8,0.0769852980192392,0.0769852980192392
G1,W0017F0001T0006Z000C1N31.png,9,0.030688543368845207,0.030688543368845207
G1,W0017F0001T0006Z000C1N31.png,10,0.0,0.1625
G1,W0017F0001T0006Z000C1N31.png,11,0.1098276567970509,0.1098276567970509
G1,W0017F0001T0006Z000C1N31.png,12,0.07465679837263724,0.07465679837263724
G1,W0017F0001T0006Z000C1N31.png,13,0.06090951492389675,0.06090951492389675
G1,W0017F0001T0006Z000C1N31.png,14,0.5683181654584722,0.5683181654584722
G1,W0017F0001T0006Z000C1N31.png,15,0.025534411542847867,0.025534411542847867
G1,W0017F0001T0006Z000C1N31.png,16,0.07323776028286229,0.07323776028286229
G1,W0017F0001T0006Z000C1N31.png,17,0.028726212985703495,0.028726212985703495
G1,W0017F0001T0006Z000C1N31.png,18,0.07660323462854238,0.07660323462854238
G1,W0017F0001T0006Z000C1N31.png,19,0.15779169517446773,0.15779169517446773
G1,W0017F0001T0006Z000C1N31.png,20,0.29295104113144915,0.29295104113144915
G1,W0017F0001T0006Z000C1N31.png,21,0.5240467536394061,0.5240467536394061
G1,W0017F0001T0006Z000C1N31.png,22,0.8052453904797524,0.8052453904797524
G1,W0017F0001T0006Z000C1N31.png,23,0.06958928570635851,0.06958928570635851
G1,W0017F0001T0006Z000C1N31.png,24,0.06309248369192212,0.06309248369192212
G1,W0017F0001T0006Z000C1N31.png,25,0.11490485194281398,0.11490485194281398
G1,W0017F0001T0006Z000C1N31.png,26,2.773232826954852,3.2752922102462856
G1,W0017F0001T0006Z000C1N31.png,27,0.8125,3.0875
G1,W0017F0001T0006Z000C1N31.png,28,0.8224768349590901,2.414509536518557
G1,W0017F0001T0006Z000C1N31.png,29,1.5849851664414205,3.3936277385475475
G1,W0017F0001T0006Z000C1N31.png,30,0.08125,0.08125
G1,W0017F0001T0006Z000C1N31.png,31,0.9084026158592896,1.105119478834755
G1,W0017F0001T0006Z000C1N31.png,32,0.9241133372424866,4.4960168762735
G1,W0017F0001T0006Z000C1N24.png,1,1.7546625973245769,6.10659214854612
G1,W0017F0001T0006Z000C1N24.png,2,0.18931041000627014,0.18931041000627014
G1,W0017F0001T0006Z000C1N24.png,3,2.740010264579313,2.740010264579313
G1,W0017F0001T0006Z000C1N24.png,4,1.3650764234925856,3.1361101884655667
G1,W0017F0001T0006Z000C1N24.png,5,1.6947348474536594,1.857095751595252
G1,W0017F0001T0006Z000C1N24.png,6,0.09357977743560865,0.09357977743560865
G1,W0017F0001T0006Z000C1N24.png,7,0.21056215175830303,6.554191536530715
G1,W0017F0001T0006Z000C1N24.png,8,1.9919318128236159,2.1151921621103513
G1,W0017F0001T0006Z000C1N24.png,9,2.559777328012784,2.744429227943414
G1,W0017F0001T0006Z000C1N24.png,10,1.0562500000000001,5.458282840097241
G1,W0017F0001T0006Z000C1N24.png,11,0.520253844291419,6.877513744988083
G1,W0017F0001T0006Z000C1N24.png,12,0.0,12.879598693282334
G1,W0017F0001T0006Z000C1N30.png,1,0.0,0.0
G1,W0017F0001T0006Z000C1N30.png,2,0.8125,0.8125
G1,W0017F0001T0006Z000C1N30.png,3,0.24236425824256622,0.24236425824256622
G1,W0017F0001T0006Z000C1N30.png,4,0.05745242597140699,0.05745242597140699
G1,W0017F0001T0006Z000C1N30.png,5,0.08125,0.08125
G1,W0017F0001T0006Z000C1N30.png,6,0.0,0.0
G1,W0017F0001T0006Z000C1N30.png,7,0.07286649147593187,0.07286649147593187
G1,W0017F0001T0006Z000C1N30.png,8,0.07660323462854156,0.07660323462854156
G1,W0017F0001T0006Z000C1N30.png,9,0.049549233592323716,0.049549233592323716
G1,W0017F0001T0006Z000C1N30.png,10,0.05793860278965695,0.05793860278965695
G1,W0017F0001T0006Z000C1N30.png,11,0.058931577604899386,0.058931577604899386
G1,W0017F0001T0006Z000C1N30.png,12,0.0790569415042103,0.0790569415042103
G1,W0017F0001T0006Z000C1N30.png,13,0.11490485194281398,0.11490485194281398
G1,W0017F0001T0006Z000C1N30.png,14,0.0,0.0
G1,W0017F0001T0006Z000C1N30.png,15,0.032500000000000466,0.032500000000000466
G1,W0017F0001T0006Z000C1N30.png,16,0.1625,0.1625
G1,W0017F0001T0006Z000C1N30.png,17,0.0,0.0
G1,W0017F0001T0006Z000C1N30.png,18,0.1625,0.1625
G1,W0017F0001T0006Z000C1N30.png,19,0.22980970388562796,0.22980970388562796
G1,W0017F0001T0006Z000C1N30.png,20,0.48750000000000004,0.48750000000000004
G1,W0017F0001T0006Z000C1N30.png,21,0.8186696809781018,0.8186696809781018
G1,W0017F0001T0006Z000C1N30.png,22,1.3400093283257397,1.3400093283257397
G1,W0017F0001T0006Z000C1N30.png,23,0.8285906709588275,0.8285906709588275
G1,W0017F0001T0006Z000C1N30.png,24,0.4142953354794138,0.4142953354794138
G1,W0017F0001T0006Z000C1N30.png,25,0.9475296829123614,0.9475296829123614
G1,W0017F0001T0006Z000C1N30.png,26,0.08047984043834114,0.08047984043834114
G1,W0017F0001T0006Z000C1N26.png,1,2.1594931806141786,13.12260702352982
G1,W0017F0001T0006Z000C1N26.png,2,3.883885980883064,10.870812771476658
G1,W0017F0001T0006Z000C1N26.png,3,1.5535543923532245,11.816778325753598
G1,W0017F0001T0006Z000C1N26.png,4,0.11490485194281398,0.11490485194281398
G1,W0017F0001T0006Z000C1N26.png,5,2.5014783628886343,3.5739894026143957
G1,W0017F0001T0006Z000C1N26.png,6,1.6707674975637934,11.16695684767395
G1,W0017F0001T0006Z000C1N26.png,7,0.08375058302035873,13.0446267711137
G1,W0017F0001T0006Z000C1N26.png,8,1.4189702472215546,6.553103391714494
G1,W0017F0001T0006Z000C1N26.png,9,1.9871560236931585,12.07271102787191
G1,W0017F0001T0006Z000C1N26.png,10,0.13443384738728198,0.13443384738728198
G1,W0017F0001T0006Z000C1N26.png,11,2.749277177732358,14.122960914765715
G1,W0017F0001T0006Z000C1N26.png,12,1.8983833155616299,10.751552077744396
G1,W0017F0001T0006Z000C1N26.png,13,3.046867822688499,5.541875355270377
G1,W0017F0001T0006Z000C1N26.png,14,1.2375631297028853,9.695682028614595
G1,W0017F0001T0006Z000C1N26.png,15,0.028726212985703495,8.439104303497647
G1,W0017F0001T0006Z000C1N26.png,16,6.25330499320502,7.024228606393167
G1,W0017F0001T0006Z000C1N26.png,17,1.2577797161436512,13.572218681313313
G1,W0017F0001T0006Z000C1N26.png,18,3.055691411121221,13.19516009755092
G1,W0017F0001T0006Z000C1N26.png,19,5.3925766394646635,13.006346107285474
G1,W0017F0001T0006Z000C1N23.png,1,0.11490485194281398,6.460269199112372
G1,W0017F0001T0006Z000C1N23.png,2,0.08125,1.6188947811701662
G1,W0017F0001T0006Z000C1N23.png,3,0.03853284953230886,0.03853284953230886
G1,W0017F0001T0006Z000C1N23.png,4,0.11490485194281398,8.796790075078523
G1,W0017F0001T0006Z000C1N23.png,5,0.43445963653859687,10.326869406469768
G1,W0017F0001T0006Z000C1N20.png,1,0.24375000000000002,1.744511482478691
G1,W0017F0001T0006Z000C1N20.png,2,0.08750892811593587,0.08750892811593587
G1,W0017F0001T0006Z000C1N20.png,3,4.64671279364083,9.390667599128248
G1,W0017F0001T0006Z000C1N20.png,4,1.0121206904814732,5.799854098417824
G1,W0017F0001T0006Z000C1N20.png,5,2.483147810764255,7.748056045352377
G1,W0017F0001T0006Z000C1N20.png,6,0.0,0.0
G1,W0017F0001T0006Z000C1N20.png,7,2.356193964850942,2.4923495441049197
G1,W0017F0001T0006Z000C1N20.png,8,1.9548839302003462,7.18326384827182
G1,W0017F0001T0006Z000C1N20.png,9,3.290037539244376,11.072976354303774
G1,W0017F0001T0006Z000C1N20.png,10,1.719307423523096,10.723523881875446
G1,W0017F0001T0006Z000C1N20.png,11,0.24941337424043603,0.24941337424043603
G1,W0017F0001T0006Z000C1N20.png,12,1.0593703908454306,3.9219434754978306
G1,W0017F0001T0006Z000C1N20.png,13,0.28531780526283246,1.459077191241094
G1,W0017F0001T0006Z000C1N20.png,14,0.0,0.0
G1,W0017F0001T0006Z000C1N20.png,15,0.8636993472846903,2.0889310214796466
G1,W0017F0001T0006Z000C1N20.png,16,1.0965856099730662,1.31244047484067
G1,W0017F0001T0006Z000C1N20.png,17,1.6735229933238662,1.872459162792752
G1,W0017F0001T0006Z000C1N20.png,18,2.7301528469851712,4.101831211803265
G1,W0017F0001T0006Z000C1N20.png,19,1.9815303867493708,2.141639307542498
G1,W0017F0001T0006Z000C1N20.png,20,0.6942003043070494,8.35137759968378
G1,W0017F0001T0006Z000C1N20.png,21,0.08125,9.172617623257825
G1,W0017F0001T0006Z000C1N20.png,22,3.4695550243762545,3.694776437409667
G1,W0017F0001T0006Z000C1N20.png,23,5.401780470649139,6.30084564675231
G1,W0017F0001T0006Z000C1N20.png,24,4.3244544453607086,7.157751480038965
G1,W0017F0001T0006Z000C1N20.png,25,3.883791550219394,7.782866019161721
G1,W0017F0001T0006Z000C1N21.png,1,0.6700046641628699,4.8232671758881445
G1,W0017F0001T0006Z000C1N21.png,2,0.1690025510011549,5.472715544743165
G1,W0017F0001T0006Z000C1N21.png,3,0.2802927926058331,5.681530219975589
G1,W0017F0001T0006Z000C1N21.png,4,0.3222234897019305,0.3222234897019305
G1,W0017F0001T0006Z000C1N21.png,5,2.3873497388338816,5.15806592945971
G1,W0017F0001T0006Z000C1N21.png,6,3.161915839623108,5.908536905848064
G1,W0017F0001T0006Z000C1N21.png,7,2.7547571227887864,2.98420483080874
G1,W0017F0001T0006Z000C1N21.png,8,4.832149832541643,5.137936706017439
G1,W0017F0001T0006Z000C1N21.png,9,4.7125,4.942244555867304
G1,W0017F0001T0006Z000C1N21.png,10,4.532601360990866,4.532601360990866
G1,W0017F0001T0006Z000C1N21.png,11,5.793490420290691,7.545870145317901
G1,W0017F0001T0006Z000C1N21.png,12,4.653291845564815,7.995594490092654
G1,W0017F0001T0006Z000C1N21.png,13,3.0936517661171883,6.192593358198162
G1,W0017F0001T0006Z000C1N21.png,14,0.11667857082124825,0.11667857082124825
G1,W0017F0001T0006Z000C1N21.png,15,2.463255594736365,2.463255594736365
G1,W0017F0001T0006Z000C1N21.png,16,1.6676297217574672,1.6676297217574672
G1,W0017F0001T0006Z000C1N21.png,17,1.767987910026536,1.8105593058499907
G1,W0017F0001T0006Z000C1N21.png,18,4.085963421336378,4.099328530616624
G1,W0017F0001T0006Z000C1N21.png,19,0.08750892811593587,0.08750892811593587
G1,W0017F0001T0006Z000C1N21.png,20,1.2955490209270355,1.3006346107285474
G1,W0017F0001T0006Z000C1N11.png,1,1.4902414285296601,2.180784151470778
G1,W0017F0001T0006Z000C1N11.png,2,0.040625,0.040625
G1,W0017F0001T0006Z000C1N11.png,3,0.7138911856858857,1.0692944519635366
G1,W0017F0001T0006Z000C1N11.png,4,0.0,0.0
G1,W0017F0001T0006Z000C1N11.png,5,0.9224250948210135,1.0967914062796484
G1,W0017F0001T0006Z000C1N11.png,6,0.08011754043570668,0.08011754043570668
G1,W0017F0001T0006Z000C1N11.png,7,0.09192388155425085,0.09192388155425085
G1,W0017F0001T0006Z000C1N11.png,8,0.12942480089176356,0.1828343804234316
G1,W0017F0001T0006Z000C1N11.png,9,0.1625,0.1625
G1,W0017F0001T0006Z000C1N11.png,10,0.0,0.0
G1,W0017F0001T0006Z000C1N11.png,11,0.05745242597140699,0.05745242597140699
G1,W0017F0001T0006Z000C1N11.png,12,2.424368331247452,2.904990198874267
G1,W0017F0001T0006Z000C1N11.png,13,2.9359932305780276,3.3208893763568823
G1,W0017F0001T0006Z000C1N11.png,14,0.040625,0.040625
G1,W0017F0001T0006Z000C1N11.png,15,0.0766032346285432,0.0766032346285432
G1,W0017F0001T0006Z000C1N11.png,16,1.3836376422315202,1.5628749550107968
G1,W0017F0001T0006Z000C1N11.png,17,1.0571369732664322,1.0571369732664322
G1,W0017F0001T0006Z000C1N11.png,18,1.0900831390311476,1.541610359332085
G1,W0017F0001T0006Z000C1N11.png,19,0.19345238095238085,0.9940064505304506
G1,W0017F0001T0006Z000C1N11.png,20,0.8285906709588275,1.3884006086140988
G1,W0017F0001T0006Z000C1N11.png,21,0.07267220926874317,0.07267220926874317
G1,W0017F0001T0006Z000C1N11.png,22,0.04125210432342974,0.04125210432342974
G1,W0017F0001T0006Z000C1N11.png,23,0.072672209268744,0.072672209268744
G1,W0017F0001T0006Z000C1N11.png,24,0.057096679975261674,0.057096679975261674
G1,W0017F0001T0006Z000C1N11.png,25,0.08052453904797524,0.08052453904797524
G1,W0017F0001T0006Z000C1N11.png,26,0.06056017439062,0.06056017439062
G1,W0017F0001T0006Z000C1N11.png,27,0.08125,0.08125
G1,W0017F0001T0006Z000C1N11.png,28,0.10249167720233486,0.10249167720233486
G1,W0017F0001T0006Z000C1N11.png,29,0.08125,0.08125
G1,W0017F0003T0006Z000C1N2.png,1,0.11490485194281398,0.11490485194281398
G1,W0017F0003T0006Z000C1N2.png,2,0.06942003043070465,0.06942003043070465
G1,W0017F0003T0006Z000C1N2.png,3,1.8418575699144708,2.0160849185389815
G1,W0017F0003T0006Z000C1N2.png,4,0.10474763160344364,0.10474763160344364
G1,W0017F0003T0006Z000C1N2.png,5,0.12386996292652874,0.12386996292652874
G1,W0017F0003T0006Z000C1N2.png,6,0.07357500424736692,0.07357500424736692
G1,W0017F0003T0006Z000C1N2.png,7,0.07660323462854238,0.07660323462854238
G1,W0017F0003T0006Z000C1N2.png,8,0.11490485194281398,0.11490485194281398
G1,W0017F0003T0006Z000C1N2.png,9,0.2569350598886809,0.2569350598886809
G1,W0017F0003T0006Z000C1N2.png,10,1.5634662012656357,1.6084216836700498
G1,W0017F0003T0006Z000C1N2.png,11,0.04642857142857242,0.04642857142857242
G1,W0017F0003T0006Z000C1N2.png,12,1.0490203970384828,1.1923589371785004
G1,W0017F0003T0006Z000C1N2.png,13,0.0,0.0
G1,W0017F0003T0006Z000C1N2.png,14,0.05922060518202259,0.05922060518202259
G1,W0017F0003T0006Z000C1N2.png,15,0.49422445558673034,1.0562500000000001
G1,W0017F0003T0006Z000C1N2.png,16,0.0,0.0
G1,W0017F0003T0006Z000C1N2.png,17,0.03830161731427078,0.03830161731427078
G1,W0017F0003T0006Z000C1N2.png,18,1.057637976945693,1.6034156791916987
G1,W0017F0003T0006Z000C1N2.png,19,0.08125,2.03125
G1,W0017F0003T0006Z000C1N1.png,1,0.1044589563116486,16.010208560503713
G1,W0017F0003T0006Z000C1N1.png,2,1.3976850850383915,12.526790805415931
G1,W0017F0003T0006Z000C1N1.png,3,2.220941178732062,10.2115946130277
G1,W0017F0003T0006Z000C1N1.png,4,1.247010313598978,17.228236069184668
G1,W0017F0003T0006Z000C1N1.png,5,1.5330219339591982,11.8625
G1,W0017F0003T0006Z000C1N1.png,6,4.994017221417292,5.921294084303911
G1,W0017F0003T0006Z000C1N1.png,7,3.0335751391716017,7.415592735918013
G1,W0017F0003T0006Z000C1N1.png,8,1.5178752624968892,15.666929990029956
G1,W0017F0003T0006Z000C1N1.png,9,3.2224614524459403,4.651163328942556
G1,W0017F0003T0006Z000C1N1.png,10,2.29809703885628,6.8036869600239545
G1,W0017F0003T0006Z000C1N1.png,11,0.032500000000000466,0.032500000000000466
G1,W0017F0003T0006Z000C1N1.png,12,0.39269899414182396,11.346922490261402
G1,W0017F0003T0006Z000C1N1.png,13,0.18168052317185793,2.4388537907180905
G1,W0017F0003T0006Z000C1N1.png,14,0.0,6.038793857220165
G1,W0017F0003T0006Z000C1N1.png,15,0.1657181341917656,4.082082801707972
G1,W0017F0003T0006Z000C1N1.png,16,2.758913112531818,3.1141122832197303
G1,W0017F0003T0006Z000C1N1.png,17,2.3450163245700444,9.0436031432444
G1,W0017F0003T0006Z000C1N1.png,18,0.8135149910265945,4.149521103769084
G1,W0017F0003T0006Z000C1N1.png,19,1.543636129403558,2.005500249314369
G1,W0017F0003T0006Z000C1N1.png,20,3.2347297510765873,3.3940722683083813
G1,W0017F0003T0006Z000C1N1.png,21,2.2547789958912823,2.417272845131989
G1,W0017F0001T0006Z000C1N28.png,1,0.053263825660263074,0.053263825660263074
G1,W0017F0001T0006Z000C1N28.png,2,0.6963103404932163,1.1683562913816625
G1,W0017F0001T0006Z000C1N28.png,3,0.11632836619313217,0.11632836619313217
G1,W0017F0001T0006Z000C1N28.png,4,0.0346835896194283,0.0346835896194283
G1,W0017F0001T0006Z000C1N28.png,5,0.0,0.0
G1,W0017F0001T0006Z000C1N28.png,6,0.18393242406197874,0.18393242406197874
G1,W0017F0001T0006Z000C1N28.png,7,1.0277402395547235,1.14904851942814
G1,W0017F0001T0006Z000C1N28.png,8,0.07604726808683594,0.07604726808683594
G1,W0017F0001T0006Z000C1N28.png,9,0.2071476677397069,1.0164371752597403
G1,W0017F0001T0006Z000C1N8.png,1,0.7312500000000001,7.27493825145616
G1,W0017F0001T0006Z000C1N8.png,2,0.22044236223885058,1.8951077480544776
G1,W0017F0001T0006Z000C1N8.png,3,0.0383016173142716,0.0383016173142716
G1,W0017F0001T0006Z000C1N8.png,4,0.18168052317185793,2.9575446425202108
G1,W0017F0001T0006Z000C1N8.png,5,0.07267220926874421,3.200878785583734
G1,W0017F0001T0006Z000C1N8.png,6,0.07267220926874421,0.07267220926874421
G1,W0017F0001T0006Z000C1N8.png,7,0.11217944783080812,0.11217944783080812
G1,W0017F0001T0006Z000C1N8.png,8,0.12112034878123895,1.147771088772593
G1,W0017F0001T0006Z000C1N8.png,9,0.6936717923885585,0.6936717923885585
G1,W0017F0001T0006Z000C1N8.png,10,1.6408411543709984,1.6772221020460696
G1,W0017F0001T0006Z000C1N8.png,11,0.08125,0.08125
G1,W0017F0001T0006Z000C1N8.png,12,0.06043645582546832,0.13222862939181848
G1,W0017F0001T0006Z000C1N8.png,13,1.5224892882422851,1.5224892882422851
G1,W0017F0001T0006Z000C1N8.png,14,0.45961940777125593,3.9571335901129245
G1,W0017F0001T0006Z000C1N8.png,15,1.8841592952826471,2.358434332348476
G1,W0017F0001T0006Z000C1N8.png,16,0.17129003992578698,0.17129003992578698
G1,W0017F0001T0006Z000C1N8.png,17,1.1429680083254974,1.1429680083254974
G1,W0017F0001T0006Z000C1N8.png,18,1.68939708180167,1.68939708180167
G1,W0017F0001T0006Z000C1N8.png,19,1.5416103593320862,1.9458288722290051
G1,W0017F0001T0006Z000C1N8.png,20,1.753656893465766,1.753656893465766
G1,W0017F0001T0006Z000C1N8.png,21,1.6509729875305523,5.276178120150567
G1,W0017F0001T0006Z000C1N8.png,22,1.9651753261477714,1.9651753261477714
G1,W0017F0001T0006Z000C1N8.png,23,1.70625,1.70625
G1,W0017F0001T0006Z000C1N8.png,24,2.237286613040201,3.801326979563262
G1,W0017F0001T0006Z000C1N8.png,25,1.656198980477294,5.645466263628484
G1,W0017F0001T0006Z000C1N8.png,26,0.27953701700767736,5.2798084767366715
G1,W0017F0001T0006Z000C1N8.png,27,0.12042214600281267,0.12042214600281267
G1,W0017F0002T0006Z000C1N2.png,1,17.169914867654413,17.169914867654413
G1,W0017F0002T0006Z000C1N2.png,2,17.4959381446809,18.36627450144694
G1,W0017F0002T0006Z000C1N2.png,3,16.967045264276276,18.638623373253722
G1,W0017F0002T0006Z000C1N2.png,4,14.340797626439752,14.340797626439752
G1,W0017F0002T0006Z000C1N2.png,5,11.764341913953489,11.764341913953489
G1,W0017F0002T0006Z000C1N2.png,6,10.898637408103655,10.898637408103655
G1,W0017F0002T0006Z000C1N2.png,7,12.583757236237336,12.583757236237336
G1,W0017F0002T0006Z000C1N2.png,8,11.135762974035002,11.135762974035002
G1,W0017F0002T0006Z000C1N2.png,9,10.937738326068258,15.093827631094426
G1,W0017F0002T0006Z000C1N2.png,10,8.311539209302799,8.311539209302799
G1,W0017F0002T0006Z000C1N2.png,11,9.538140951595336,14.11904326831319
G1,W0017F0002T0006Z000C1N2.png,12,5.532761093025797,5.532761093025797
G1,W0017F0002T0006Z000C1N2.png,13,2.4991708183739196,2.4991708183739196
G1,W0017F0002T0006Z000C1N2.png,14,0.05763677986339156,0.05763677986339156
G1,W0017F0002T0006Z000C1N2.png,15,4.522349016274617,13.255956797794719
G1,W0017F0002T0006Z000C1N2.png,16,2.8852331469917645,2.8852331469917645
G1,W0017F0002T0006Z000C1N2.png,17,3.5620504102272332,3.5620504102272332
G1,W0017F0002T0006Z000C1N2.png,18,1.625,8.600227104559508
G1,W0017F0002T0006Z000C1N2.png,19,4.964675670563877,4.964675670563877
G1,W0017F0002T0006Z000C1N2.png,20,3.638149641301193,9.152443748119953
G1,W0017F0002T0006Z000C1N2.png,21,6.613270867165506,7.596331865611192
G1,W0017F0002T0006Z000C1N3.png,1,5.32780883409458,22.82098626615765
G1,W0017F0002T0006Z000C1N3.png,2,5.365038119881141,15.175009907556717
G1,W0017F0002T0006Z000C1N3.png,3,1.0701256959357814,18.602886303650052
G1,W0017F0002T0006Z000C1N3.png,4,1.4267648063013052,13.168206324799897
G1,W0017F0002T0006Z000C1N3.png,5,4.504797789579461,15.823945956208268
G1,W0017F0002T0006Z000C1N3.png,6,2.12651600334914,12.578014362867455
G1,W0017F0002T0006Z000C1N3.png,7,4.067574955132972,14.404470131373282
G1,W0017F0002T0006Z000C1N3.png,8,3.55364342030007,9.535042986430971
G1,W0017F0002T0006Z000C1N3.png,9,4.723693602468306,13.731971134909948
G1,W0017F0002T0006Z000C1N3.png,10,5.3416854564477125,13.195122574861706
G1,W0017F0002T0006Z000C1N3.png,11,6.664729047849582,11.688286236923272
G1,W0017F0002T0006Z000C1N3.png,12,2.8707822322496006,5.353382400408177
G1,W0017F0002T0006Z000C1N3.png,13,1.7983733562627158,5.510287453687478
G1,W0017F0002T0006Z000C1N3.png,14,2.82253555237918,5.255640686707737
G1,W0017F0002T0006Z000C1N3.png,15,3.9621352355768984,5.21647779876422
G1,W0017F0002T0006Z000C1N3.png,16,8.248101740830888,9.709413351213168
G1,W0017F0002T0006Z000C1N3.png,17,1.2295356084717515,1.2295356084717515
G1,W0017F0002T0006Z000C1N3.png,18,0.07905694150420847,0.07905694150420847
G1,W0017F0003T0006Z000C1N12.png,1,7.659588661892214,16.041894489945093
G1,W0017F0003T0006Z000C1N12.png,2,8.43079066576795,15.905521250496633
G1,W0017F0003T0006Z000C1N12.png,3,0.5656288265176687,11.335701868973306
G1,W0017F0003T0006Z000C1N12.png,4,2.06104694620545,13.86865650538879
G1,W0017F0003T0006Z000C1N12.png,5,3.4772299999025407,9.729515518371008
G1,W0017F0003T0006Z000C1N12.png,6,0.9755415162872368,14.452856335340776
G1,W0017F0003T0006Z000C1N12.png,7,1.821783364755309,7.360036034120602
G1,W0017F0003T0006Z000C1N12.png,8,2.058247805240608,10.03459685427261
G1,W0017F0003T0006Z000C1N12.png,9,0.9917826437783633,4.453952773941368
G1,W0017F0003T0006Z000C1N12.png,10,1.4660065986284727,1.4660065986284727
G1,W0017F0003T0006Z000C1N12.png,11,2.471122277933652,2.471122277933652
G1,W0017F0003T0006Z000C1N12.png,12,0.13336994939932195,0.13336994939932195
G1,W0017F0003T0006Z000C1N12.png,13,4.4603979123092605,4.4603979123092605
G1,W0017F0003T0006Z000C1N12.png,14,1.8968003486134224,1.8968003486134224
G1,W0017F0003T0006Z000C1N12.png,15,4.214048305964231,4.214048305964231
G1,W0017F0003T0006Z000C1N12.png,16,5.596231991259833,13.41683294410421
G1,W0017F0003T0006Z000C1N12.png,17,3.1917503736243016,3.1917503736243016
G1,W0017F0003T0006Z000C1N12.png,18,5.922673593910102,5.922673593910102
G1,W0017F0003T0006Z000C1N12.png,19,4.319261004500654,5.573773687996312
G1,W0017F0003T0006Z000C1N12.png,20,2.8795073363337695,12.52515593715304
G1,W0017F0003T0006Z000C1N12.png,21,9.848358048426144,9.848358048426144
G1,W0017F0003T0006Z000C1N12.png,22,2.5714052578308233,6.7620309449158835
G1,W0017F0003T0006Z000C1N12.png,23,1.019859229120482,12.773287896252693
G1,W0017F0003T0006Z000C1N12.png,24,2.0714766773970688,10.49666985881713
G1,W0017F0003T0006Z000C1N12.png,25,1.1316815475212096,11.164707928333819
G1,W0017F0003T0006Z000C1N12.png,26,0.48750000000000004,15.535543923532256
G1,W0017F0002T0006Z000C1N4.png,1,1.0840102052102647,1.0840102052102647
G1,W0017F0002T0006Z000C1N4.png,2,1.7730960054222802,1.9254097687967047
G1,W0017F0002T0006Z000C1N4.png,3,0.07444496268476342,0.07444496268476342
G1,W0017F0002T0006Z000C1N4.png,4,1.2701014969284936,1.2701014969284936
G1,W0017F0002T0006Z000C1N4.png,5,0.09765034704381595,0.09765034704381595
G1,W0017F0002T0006Z000C1N4.png,6,0.8285906709588275,0.8285906709588275
G1,W0017F0002T0006Z000C1N4.png,7,0.8125,0.8125
G1,W0017F0002T0006Z000C1N4.png,8,0.05469308007245981,0.05469308007245981
G1,W0017F0002T0006Z000C1N4.png,9,0.2467306227776818,0.2467306227776818
G1,W0017F0002T0006Z000C1N4.png,10,1.4697044770973526,1.4697044770973526
G1,W0017F0002T0006Z000C1N4.png,11,0.08426355809139703,0.08426355809139703
G1,W0017F0002T0006Z000C1N4.png,12,0.8778220203623889,0.8778220203623889
G1,W0017F0002T0006Z000C1N4.png,13,0.1625,0.1625
G1,W0017F0002T0006Z000C1N4.png,14,3.7675161247852054,3.7675161247852054
G1,W0017F0002T0006Z000C1N4.png,15,0.016576455476688616,0.016576455476688616
G1,W0017F0002T0006Z000C1N4.png,16,0.03046783451391659,0.03046783451391659
G1,W0017F0002T0006Z000C1N4.png,17,0.6700046641628699,0.6700046641628699
G1,W0017F0002T0006Z000C1N4.png,18,0.09198131603755147,0.09198131603755147
G1,W0017F0002T0006Z000C1N4.png,19,2.177742523807625,2.177742523807625
G1,W0017F0002T0006Z000C1N4.png,20,0.5110073113197307,0.5110073113197307
G1,W0017F0002T0006Z000C1N4.png,21,2.473959100877074,2.473959100877074
G1,W0017F0002T0006Z000C1N4.png,22,0.0,0.0
G1,W0017F0002T0006Z000C1N4.png,23,0.325,0.325
G1,W0017F0003T0006Z000C1N16.png,1,0.1625,0.1625
G1,W0017F0003T0006Z000C1N16.png,2,0.07660323462854292,0.07660323462854292
G1,W0017F0003T0006Z000C1N16.png,3,0.03865543046209745,0.03865543046209745
G1,W0017F0003T0006Z000C1N16.png,4,1.8545657342084156,3.5088337182744924
G1,W0017F0003T0006Z000C1N16.png,5,0.7267220926874317,0.7267220926874317
G1,W0017F0003T0006Z000C1N16.png,6,0.05190872090624546,0.05190872090624546
G1,W0017F0003T0006Z000C1N16.png,7,0.11490485194281398,0.11490485194281398
G1,W0017F0003T0006Z000C1N16.png,8,0.07886785713387227,0.07886785713387227
G1,W0017F0003T0006Z000C1N16.png,9,1.4119455988912584,1.4253886260734323
G1,W0017F0003T0006Z000C1N16.png,10,0.0837002974661282,0.0837002974661282
G1,W0017F0003T0006Z000C1N16.png,11,0.08125,0.08125
G1,W0017F0003T0006Z000C1N16.png,12,0.06589659407823058,0.06589659407823058
G1,W0017F0003T0006Z000C1N16.png,13,1.931290452650766,7.085540403702458
G1,W0017F0003T0006Z000C1N16.png,14,0.21666666666666706,0.4993919914366984
G1,W0017F0003T0006Z000C1N16.png,15,2.563525797502886,2.9901547300963136
G1,W0017F0003T0006Z000C1N16.png,16,0.0676806916365963,0.0676806916365963
G1,W0017F0003T0006Z000C1N16.png,17,0.04603281505326718,0.04603281505326718
G1,W0017F0003T0006Z000C1N16.png,18,0.5138701197773617,1.4534441853748634
G1,W0017F0003T0006Z000C1N16.png,19,0.1647414851955769,1.9501880696344251
G1,W0017F0003T0006Z000C1N16.png,20,0.09765034704381638,0.09765034704381638
G1,W0017F0003T0006Z000C1N16.png,21,0.032500000000000466,0.032500000000000466
G1,W0017F0003T0006Z000C1N16.png,22,1.4625000000000001,5.040120286263018
G1,W0017F0003T0006Z000C1N16.png,23,1.862734884517924,5.4392612090246235
G1,W0017F0003T0006Z000C1N16.png,24,1.1996418736439638,2.8817990257823323
G1,W0017F0003T0006Z000C1N16.png,25,0.8923303840357307,0.9281661946341235
G1,W0017F0003T0006Z000C1N16.png,26,0.22980970388562796,5.7864604897985785
G1,W0017F0003T0006Z000C1N16.png,27,2.526980057538096,8.137701807709302
G1,W0017F0002T0006Z000C1N7.png,1,6.78337759049258,
G1,W0017F0002T0006Z000C1N7.png,2,5.205709755883438,
G1,W0017F0002T0006Z000C1N7.png,3,2.0570856964404767,
G1,W0017F0002T0006Z000C1N7.png,4,3.921101766404438,
G1,W0017F0002T0006Z000C1N7.png,5,8.251176525956769,
G1,W0017F0002T0006Z000C1N7.png,6,5.931815678334547,
G1,W0017F0002T0006Z000C1N7.png,7,5.054654414497592,
G1,W0017F0002T0006Z000C1N7.png,8,5.550748823357078,
G1,W0017F0002T0006Z000C1N7.png,9,3.755230888744096,
G1,W0017F0002T0006Z000C1N7.png,10,3.983736468442661,
G1,W0017F0002T0006Z000C1N7.png,11,5.784783875806935,
G1,W0017F0002T0006Z000C1N7.png,12,5.546465653909704,
G1,W0017F0002T0006Z000C1N7.png,13,4.946250157947937,
G1,W0017F0002T0006Z000C1N7.png,14,4.162030754331352,
G1,W0017F0002T0006Z000C1N7.png,15,0.6989389279472135,
G1,W0017F0002T0006Z000C1N7.png,16,3.0218723289459115,
G1,W0017F0002T0006Z000C1N7.png,17,1.3101168840985142,
G1,W0017F0002T0006Z000C1N7.png,18,4.228123845158749,
G1,W0017F0002T0006Z000C1N7.png,19,2.809365537309487,
G1,W0017F0002T0006Z000C1N7.png,20,6.251499820043187,
G1,W0017F0002T0006Z000C1N13.png,1,21.9471275170579,21.959155977632655
G1,W0017F0002T0006Z000C1N13.png,2,19.300573835367786,19.300573835367786
G1,W0017F0002T0006Z000C1N13.png,3,18.15387570534182,18.15387570534182
G1,W0017F0002T0006Z000C1N13.png,4,16.69267358940742,16.69267358940742
G1,W0017F0002T0006Z000C1N13.png,5,15.897922433985329,15.898614497035497
G1,W0017F0002T0006Z000C1N13.png,6,13.699872764101958,13.699872764101958
G1,W0017F0002T0006Z000C1N13.png,7,13.449268102763066,13.502566885596234
G1,W0017F0002T0006Z000C1N13.png,8,11.052479280686303,11.106057952757133
G1,W0017F0002T0006Z000C1N13.png,9,16.302322016357056,16.341150605909
G1,W0017F0002T0006Z000C1N13.png,10,12.431731062750405,12.432843637198593
G1,W0017F0002T0006Z000C1N13.png,11,14.471755766505941,14.533769180190147
G1,W0017F0002T0006Z000C1N13.png,12,5.145120564670958,5.145120564670958
G1,W0017F0002T0006Z000C1N13.png,13,3.3651246017152827,3.4279680025834702
G1,W0017F0002T0006Z000C1N13.png,14,1.034852713621068,1.222055702040168
G1,W0017F0002T0006Z000C1N13.png,15,0.067680691636598,0.067680691636598
G1,W0041F0001T0006Z000C1N4.png,1,0.09169642092700267,0.09169642092700267
G1,W0041F0001T0006Z000C1N4.png,2,0.08125,0.08125
G1,W0041F0001T0006Z000C1N4.png,3,0.24375000000000002,0.9084026158592896
G1,W0041F0001T0006Z000C1N4.png,4,0.08125,0.08125
G1,W0041F0001T0006Z000C1N4.png,5,0.040625,0.040625
G1,W0041F0001T0006Z000C1N4.png,6,0.6550584420492571,0.6942003043070494
G1,W0041F0001T0006Z000C1N4.png,7,0.05709667997526293,0.05709667997526293
G1,W0041F0001T0006Z000C1N4.png,8,0.06090951492389787,0.06090951492389787
G1,W0041F0001T0006Z000C1N4.png,9,0.47887374268868954,0.47887374268868954
G1,W0041F0001T0006Z000C1N4.png,10,0.7332534284118812,1.3854918525964386
G1,W0041F0001T0006Z000C1N4.png,11,0.06770833333333365,0.06770833333333365
G1,W0041F0001T0006Z000C1N4.png,12,1.9199772134064503,2.1607001180173055
G1,W0041F0001T0006Z000C1N4.png,13,0.203125,0.203125
G1,W0041F0001T0006Z000C1N4.png,14,0.1380984451598049,0.1380984451598049
G1,W0041F0001T0006Z000C1N4.png,15,0.07022564079451316,0.07022564079451316
G1,W0041F0001T0006Z000C1N4.png,16,0.04532734186910057,0.04532734186910057
G1,W0041F0001T0006Z000C1N4.png,17,1.4356721470756784,1.4356721470756784
G1,W0041F0001T0006Z000C1N4.png,18,0.032500000000000466,0.032500000000000466
G1,W0041F0001T0006Z000C1N4.png,19,0.053033008588990876,0.053033008588990876
G1,W0041F0001T0006Z000C1N4.png,20,1.040507688582838,1.040507688582838
G1,W0041F0001T0006Z000C1N4.png,21,0.18168052317185793,1.825866660657344
G1,W0041F0001T0006Z000C1N4.png,22,0.05190872090624481,0.05190872090624481
G1,W0041F0001T0006Z000C1N4.png,23,0.0,0.0
G1,W0041F0001T0006Z000C1N4.png,24,0.05523937806392096,0.05523937806392096
G1,W0041F0001T0006Z000C1N4.png,25,0.07267220926874317,0.07267220926874317
G1,W0041F0001T0006Z000C1N4.png,26,0.05709667997526166,0.05709667997526166
G1,W0041F0001T0006Z000C1N4.png,27,0.05709667997526293,0.05709667997526293
G1,W0041F0001T0006Z000C1N4.png,28,1.6713126974963424,1.752298992127913
G1,W0041F0001T0006Z000C1N4.png,29,0.09765034704381595,0.09765034704381595
G1,W0041F0001T0006Z000C1N4.png,30,1.105119478834755,1.240227423700992
G1,W0041F0001T0006Z000C1N4.png,31,0.08125,0.08125
G1,W0041F0001T0006Z000C1N4.png,32,0.036618880141431144,0.036618880141431144
G1,W0041F0001T0006Z000C1N4.png,33,0.0855263157894729,0.0855263157894729
G1,W0041F0001T0006Z000C1N4.png,34,0.10917640700821048,0.28694277219314934
G1,W0041F0001T0006Z000C1N4.png,35,0.9720332467629387,1.2271843566931988
G1,W0041F0001T0006Z000C1N4.png,36,0.072747245126903,0.072747245126903
G1,W0041F0001T0006Z000C1N4.png,37,0.5450415695155738,0.5450415695155738
G1,W0041F0001T0006Z000C1N4.png,38,0.08125,0.08125
G1,W0041F0001T0006Z000C1N4.png,39,0.09524477328826281,0.09524477328826281
G1,W0041F0001T0006Z000C1N4.png,40,0.07660323462854238,0.12112034878123792
G1,W0041F0001T0006Z000C1N4.png,41,0.08099370638309428,0.08099370638309428
G1,W0041F0001T0006Z000C1N4.png,42,0.526309379072804,1.1245422679917376
G1,W0041F0001T0006Z000C1N4.png,43,0.03028008719531103,0.03028008719531103
G1,W0041F0001T0006Z000C1N4.png,44,1.3325990816821092,1.3325990816821092
G1,W0041F0001T0006Z000C1N4.png,45,0.14549449025380506,0.14549449025380506
G1,W0041F0001T0006Z000C1N4.png,46,1.612451549659709,1.612451549659709
G1,W0041F0001T0006Z000C1N4.png,47,0.09084026158592834,0.09084026158592834
G1,W0041F0001T0006Z000C1N4.png,48,0.22980970388562796,0.36336104634371585
G1,W0041F0001T0006Z000C1N4.png,49,2.118740781690861,2.118740781690861
G1,W0041F0001T0006Z000C1N4.png,50,0.04986998331117635,0.04986998331117635
G1,W0041F0001T0006Z000C1N4.png,51,0.15205307918253105,0.15205307918253105
G1,W0041F0001T0006Z000C1N4.png,52,0.18168052317185793,2.361846801234153
G1,W0041F0001T0006Z000C1N4.png,53,0.8365199489551939,0.8365199489551939
G1,W0041F0001T0006Z000C1N4.png,54,2.239259433942392,2.3942708310673626
G1,W0041F0001T0006Z000C1N4.png,55,0.11628810719687752,0.11628810719687752
G1,W0041F0001T0006Z000C1N4.png,56,0.0473958333333341,0.0473958333333341
G1,W0041F0001T0006Z000C1N4.png,57,0.07905694150421066,0.07905694150421066
G1,W0041F0001T0006Z000C1N4.png,58,0.8712318645083484,0.8712318645083484
G1,W0041F0001T0006Z000C1N4.png,59,0.055536024344562916,0.055536024344562916
G1,W0041F0001T0006Z000C1N4.png,60,0.0828590670958828,0.0828590670958828
G1,W0041F0001T0006Z000C1N4.png,61,0.23204308681929098,0.23204308681929098
G1,W0041F0001T0006Z000C1N4.png,62,0.087508928115935,0.087508928115935
G1,W0041F0001T0006Z000C1N4.png,63,0.0837002974661276,0.0837002974661276
G1,W0041F0001T0006Z000C1N4.png,64,0.1211203487812374,3.753558496798591
G1,W0041F0001T0006Z000C1N4.png,65,0.0,0.0
G1,W0041F0003T0006Z000C1N12.png,1,0.3497280914473514,0.3497280914473514
G1,W0041F0003T0006Z000C1N12.png,2,0.07660323462854197,2.5739142802786232
G1,W0041F0003T0006Z000C1N12.png,3,0.2569350598886809,3.01611556890647
G1,W0041F0003T0006Z000C1N12.png,4,0.7708051796660425,2.9000673483558965
G1,W0041F0003T0006Z000C1N12.png,5,0.325,0.9475296829123614
G1,W0041F0003T0006Z000C1N12.png,6,0.43754464057967846,1.240227423700992
G1,W0041F0003T0006Z000C1N12.png,7,0.6700046641628699,3.7091314684168313
G1,W0041F0003T0006Z000C1N12.png,8,0.5443682628107142,4.466697761085798
G1,W0041F0003T0006Z000C1N12.png,9,1.2428860064382414,3.8608714204179346
G1,W0041F0003T0006Z000C1N12.png,10,1.8640839573366863,3.5433586115435727
G1,W0041F0003T0006Z000C1N12.png,11,0.8474963126763448,4.755450819848734
G1,W0041F0003T0006Z000C1N12.png,12,0.1625,3.4547973891387613
G1,W0041F0003T0006Z000C1N12.png,13,0.06510023136254514,0.11419335995052478
G1,W0041F0003T0006Z000C1N12.png,14,0.18168052317185793,5.001331853866528
G1,W0041F0003T0006Z000C1N12.png,15,1.5420860915943995,3.530611422103668
G1,W0041F0003T0006Z000C1N12.png,16,0.29295104113144915,1.6351247085467213
G1,W0041F0003T0006Z000C1N12.png,17,0.06090951492389675,0.06090951492389675
G1,W0041F0003T0006Z000C1N12.png,18,0.1712900399257877,0.1712900399257877
G1,W0041F0003T0006Z000C1N12.png,19,1.0562500000000001,1.4189702472215546
G1,W0041F0003T0006Z000C1N12.png,20,0.08125,0.08125
G1,W0041F0003T0006Z000C1N12.png,21,0.040625,0.040625
G1,W0041F0003T0006Z000C1N12.png,22,0.9777045821719353,1.269165572334831
G1,W0041F0003T0006Z000C1N12.png,23,1.6330182675973892,1.7927619556282863
G1,W0041F0003T0006Z000C1N12.png,24,3.913518238107496,10.249100570293962
G1,W0041F0003T0006Z000C1N12.png,25,1.3226541734331012,7.0948512361077745
G1,W0041F0003T0006Z000C1N12.png,26,4.41823724040482,9.939435739140325
G1,W0041F0002T0006Z000C1N14.png,1,0.05416666666666705,0.05416666666666705
G1,W0041F0002T0006Z000C1N14.png,2,0.07101843421368458,0.07101843421368458
G1,W0041F0002T0006Z000C1N14.png,3,0.04536516859775416,0.04536516859775416
G1,W0041F0002T0006Z000C1N14.png,4,0.08125,0.08125
G1,W0041F0002T0006Z000C1N14.png,5,0.06895352021571066,0.06895352021571066
G1,W0041F0002T0006Z000C1N14.png,6,0.07803787675186669,0.07803787675186669
G1,W0041F0002T0006Z000C1N14.png,7,0.09101205204901171,0.09101205204901171
G1,W0041F0002T0006Z000C1N14.png,8,0.07126096406869552,0.07126096406869552
G1,W0041F0002T0006Z000C1N14.png,9,0.2422406975624769,0.2422406975624769
G1,W0041F0002T0006Z000C1N14.png,10,0.0,0.0
G1,W0041F0002T0006Z000C1N14.png,11,0.57452425971407,0.57452425971407
G1,W0041F0002T0006Z000C1N14.png,12,0.028726212985703495,0.028726212985703495
G1,W0041F0002T0006Z000C1N14.png,13,0.07267220926874421,0.07267220926874421
G1,W0041F0002T0006Z000C1N14.png,14,0.0478758830556592,0.0478758830556592
G1,W0041F0002T0006Z000C1N14.png,15,0.0541666666666659,0.0541666666666659
G1,W0041F0002T0006Z000C1N14.png,16,0.11490485194281398,0.11490485194281398
G1,W0041F0002T0006Z000C1N14.png,17,0.29295104113144915,0.29295104113144915
G1,W0041F0002T0006Z000C1N14.png,18,0.07267220926874317,0.07267220926874317
G1,W0041F0002T0006Z000C1N14.png,19,0.060610560234092614,0.060610560234092614
G1,W0041F0002T0006Z000C1N14.png,20,0.45961940777125593,0.48750000000000004
G1,W0041F0002T0006Z000C1N14.png,21,0.11490485194281398,0.11490485194281398
G1,W0041F0002T0006Z000C1N14.png,22,0.2516986414133432,0.2516986414133432
G1,W0041F0002T0006Z000C1N14.png,23,0.8013900924312144,0.8013900924312144
G1,W0041F0002T0006Z000C1N14.png,24,0.03385416666666728,0.03385416666666728
G1,W0041F0002T0006Z000C1N14.png,25,0.15980618664572946,0.15980618664572946
G1,W0041F0002T0006Z000C1N14.png,26,1.6025004875194266,1.6750116604071748
G1,W0041F0002T0006Z000C1N14.png,27,2.766045874864688,2.842370312324253
G1,W0041F0002T0006Z000C1N8.png,1,12.62109486495834,
G1,W0041F0002T0006Z000C1N8.png,2,9.52324869070424,
G1,W0041F0002T0006Z000C1N8.png,3,9.31258052620748,
G1,W0041F0002T0006Z000C1N8.png,4,10.859305960567465,
G1,W0041F0002T0006Z000C1N8.png,5,7.000714249274855,
G1,W0041F0002T0006Z000C1N8.png,6,5.982903884309766,
G1,W0041F0002T0006Z000C1N8.png,7,4.352418907598651,
G1,W0041F0002T0006Z000C1N8.png,8,5.432557523855591,
G1,W0041F0001T0006Z000C1N15.png,1,0.06510023136254361,0.06510023136254361
G1,W0041F0001T0006Z000C1N15.png,2,0.12753061237767832,0.12753061237767832
G1,W0041F0001T0006Z000C1N15.png,3,0.6700046641628699,0.6700046641628699
G1,W0041F0001T0006Z000C1N15.png,4,1.1166744402714492,1.2470103135989776
G1,W0041F0001T0006Z000C1N15.png,5,0.8125,0.8750892811593569
G1,W0041F0001T0006Z000C1N15.png,6,1.5034397598493412,1.6644484603871994
G1,W0041F0001T0006Z000C1N15.png,7,0.08370029746612852,0.08370029746612852
G1,W0041F0001T0006Z000C1N15.png,8,0.07905694150420957,0.07905694150420957
G1,W0041F0001T0006Z000C1N15.png,9,0.08750892811593587,0.08750892811593587
G1,W0041F0001T0006Z000C1N15.png,10,2.9430001698946606,2.965346733520382
G1,W0041F0001T0006Z000C1N15.png,11,0.03028008719530948,0.03028008719530948
G1,W0041F0001T0006Z000C1N15.png,12,0.04642857142857242,0.04642857142857242
G1,W0041F0001T0006Z000C1N15.png,13,0.08838834764831895,0.08838834764831895
G1,W0041F0001T0006Z000C1N15.png,14,0.0676806916365979,0.0676806916365979
G1,W0041F0001T0006Z000C1N15.png,15,0.08125,0.08125
G1,W0041F0001T0006Z000C1N15.png,16,0.05709667997526293,0.05709667997526293
G1,W0041F0001T0006Z000C1N15.png,17,0.0935797774356081,0.0935797774356081
G1,W0041F0001T0006Z000C1N15.png,18,0.07267220926874421,0.07267220926874421
G1,W0041F0001T0006Z000C1N15.png,19,0.0902777777777778,0.0902777777777778
G1,W0041F0001T0006Z000C1N15.png,20,0.08125,0.08125
G1,W0041F0001T0006Z000C1N15.png,21,0.36336104634371585,1.2691655723348314
G1,W0041F0001T0006Z000C1N15.png,22,0.08125,0.08125
G1,W0041F0001T0006Z000C1N15.png,23,0.05583372201357156,0.05583372201357156
G1,W0041F0001T0006Z000C1N15.png,24,0.047794117647058314,0.047794117647058314
G1,W0041F0001T0006Z000C1N15.png,25,0.07660323462854156,0.07660323462854156
G1,W0041F0001T0006Z000C1N15.png,26,0.09596659414274282,0.09596659414274282
G1,W0041F0001T0006Z000C1N15.png,27,0.21402513918715674,0.21402513918715674
G1,W0041F0001T0006Z000C1N15.png,28,0.11957547169811367,0.11957547169811367
G1,W0041F0001T0006Z000C1N15.png,29,0.08750892811593587,0.08750892811593587
G1,W0041F0001T0006Z000C1N15.png,30,0.040373449593747356,0.040373449593747356
G1,W0041F0001T0006Z000C1N15.png,31,0.034524611289950546,0.034524611289950546
G1,W0041F0001T0006Z000C1N15.png,32,0.05303300858899006,0.05303300858899006
G1,W0041F0001T0006Z000C1N15.png,33,0.060185185185184585,0.060185185185184585
G1,W0041F0001T0006Z000C1N15.png,34,1.2783792364639768,1.2783792364639768
G1,W0041F0001T0006Z000C1N15.png,35,0.05785002535892006,0.05785002535892006
G1,W0041F0001T0006Z000C1N15.png,36,0.04642857142857242,0.04642857142857242
G1,W0041F0001T0006Z000C1N15.png,37,0.08125,0.08125
G1,W0041F0001T0006Z000C1N15.png,38,0.034210526315789296,0.034210526315789296
G1,W0041F0001T0006Z000C1N15.png,39,0.08750892811593587,0.08750892811593587
G1,W0041F0001T0006Z000C1N15.png,40,0.07341001711105177,0.07341001711105177
G1,W0041F0001T0006Z000C1N15.png,41,0.8540917141911635,0.9281723472771639
G1,W0041F0001T0006Z000C1N15.png,42,0.03830161731427242,0.03830161731427242
G1,W0041F0001T0006Z000C1N15.png,43,0.0993733594386122,0.0993733594386122
G1,W0041F0001T0006Z000C1N15.png,44,0.08125,0.08125
G1,W0041F0001T0006Z000C1N15.png,45,0.0,0.0
G1,W0041F0001T0006Z000C1N15.png,46,0.11607142857142759,0.11607142857142759
G1,W0041F0001T0006Z000C1N15.png,47,0.18168052317185793,0.18168052317185793
G1,W0041F0001T0006Z000C1N15.png,48,0.56875,0.8788531233943475
G1,W0041F0001T0006Z000C1N17.png,1,0.10524947417473841,0.10524947417473841
G1,W0041F0001T0006Z000C1N17.png,2,0.0,0.0
G1,W0041F0001T0006Z000C1N17.png,3,0.6550584420492571,2.0377396331474738
G1,W0041F0001T0006Z000C1N17.png,4,0.0935797774356081,0.0935797774356081
G1,W0041F0001T0006Z000C1N17.png,5,0.22980970388562796,0.8125
G1,W0041F0001T0006Z000C1N17.png,6,2.9853501760812122,5.048647255585215
G1,W0041F0001T0006Z000C1N17.png,7,0.09459160805298535,0.09459160805298535
G1,W0041F0001T0006Z000C1N17.png,8,1.985983191909862,3.517326728897499
G1,W0041F0001T0006Z000C1N17.png,9,0.18168052317185793,4.256910741664664
G1,W0041F0001T0006Z000C1N17.png,10,0.36336104634371585,10.340159875456472
G1,W0041F0001T0006Z000C1N17.png,11,0.7124512653898204,7.8150318119776205
G1,W0041F0001T0006Z000C1N17.png,12,1.3506246192946805,8.014814090043462
G1,W0041F0001T0006Z000C1N17.png,13,0.037790697674418096,0.037790697674418096
G1,W0041F0001T0006Z000C1N17.png,14,0.08370029746612827,0.08370029746612827
G1,W0041F0001T0006Z000C1N17.png,15,0.8426355809139703,9.524712010811083
G1,W0041F0001T0006Z000C1N17.png,16,1.2375631297028853,11.990914529342623
G1,W0041F0001T0006Z000C1N17.png,17,1.1428253869113756,12.227534297799293
G1,W0041F0001T0006Z000C1N17.png,18,0.028726212985703495,5.872034241454362
G1,W0041F0001T0006Z000C1N17.png,19,0.09662944685757086,0.09662944685757086
G1,W0041F0001T0006Z000C1N17.png,20,1.1644226475128412,9.17830738919831
G1,W0041F0001T0006Z000C1N17.png,21,0.1625,6.978045929914764
G1,W0041F0001T0006Z000C1N17.png,22,0.10982765679705203,2.9265599406845832
G1,W0041F0001T0006Z000C1N17.png,23,2.381124094440481,2.381124094440481
G1,W0041F0001T0006Z000C1N17.png,24,1.818021033373722,1.818021033373722
G1,W0041F0001T0006Z000C1N17.png,25,1.3277136311449562,8.41223249307686
G1,W0041F0001T0006Z000C1N17.png,26,0.0902777777777778,2.6032579896149026
G1,W0041F0001T0006Z000C1N17.png,27,1.3101168840985142,11.168846180335729
G1,W0041F0001T0006Z000C1N17.png,28,3.1257499100215935,3.1257499100215935
G1,W0041F0001T0006Z000C1N17.png,29,0.15787653403846888,0.15787653403846888
G1,W0041F0001T0006Z000C1N17.png,30,0.7094851236107773,9.628125
G1,W0041F0001T0006Z000C1N17.png,31,0.8482749038489823,0.8482749038489823
G1,W0041F0001T0006Z000C1N17.png,32,0.9958420501710549,9.865622305370414
G1,W0041F0001T0006Z000C1N17.png,33,2.35625,3.572229039759349
G1,W0041F0001T0006Z000C1N17.png,34,1.8968003486134224,1.8968003486134224
G1,W0041F0001T0006Z000C1N17.png,35,1.8168052317185792,4.653291845564815
G1,W0041F0001T0006Z000C1N17.png,36,0.644119449676369,4.990659950392472
G1,W0041F0001T0006Z000C1N17.png,37,0.8900080631618316,4.517190397729011
G1,W0041F0001T0006Z000C1N17.png,38,1.4537280334754847,8.639715989707792
G1,W0041F0001T0006Z000C1N16.png,1,3.1565180579239525,8.459244942664801
G1,W0041F0001T0006Z000C1N16.png,2,2.6906242651010217,9.242227161957398
G1,W0041F0001T0006Z000C1N16.png,3,2.41071164021019,4.285095565457327
G1,W0041F0001T0006Z000C1N16.png,4,4.026226952398762,6.101629165413303
G1,W0041F0001T0006Z000C1N16.png,5,0.07660323462854197,2.561917277916851
G1,W0041F0001T0006Z000C1N16.png,6,1.0593703908454306,2.391015082553851
G1,W0041F0001T0006Z000C1N16.png,7,0.7490879871550471,2.5239864921389734
G1,W0041F0001T0006Z000C1N16.png,8,0.7303466642629376,0.8989055845860566
G1,W0041F0001T0006Z000C1N16.png,9,0.18760413774754534,0.18760413774754534
G1,W0041F0001T0006Z000C1N16.png,10,1.1403980938689786,1.8758019118499694
G1,W0041F0001T0006Z000C1N16.png,11,0.07267220926874317,0.07267220926874317
G1,W0041F0001T0006Z000C1N16.png,12,0.11490485194281398,0.981747485354559
G1,W0041F0001T0006Z000C1N16.png,13,0.9127672938120979,0.9127672938120979
G1,W0041F0001T0006Z000C1N16.png,14,1.2295356084717515,1.6431795588127307
G1,W0041F0001T0006Z000C1N16.png,15,2.2764504304948088,4.713200378988782
G1,W0041F0001T0006Z000C1N16.png,16,1.3126339217390353,2.580886778318646
G1,W0041F0001T0006Z000C1N16.png,17,0.0,0.0
G1,W0041F0001T0006Z000C1N16.png,18,1.0050069962443047,1.4189702472215546
G1,W0041F0001T0006Z000C1N16.png,19,1.600439392791867,6.855882510661921
G1,W0041F0001T0006Z000C1N16.png,20,2.392451491468658,4.440623451614719
G1,W0041F0001T0006Z000C1N16.png,21,2.2610338235522187,6.179541309554072
G1,W0041F0001T0006Z000C1N16.png,22,0.2569350598886809,4.8492025761974515
G1,W0041F0001T0006Z000C1N16.png,23,1.7031902312233271,1.8862871430290757
G1,W0041F0001T0006Z000C1N16.png,24,4.098623837474123,4.213623572545501
G1,W0041F0001T0006Z000C1N16.png,25,3.009363046207212,3.009363046207212
G1,W0041F0001T0006Z000C1N16.png,26,0.325,3.3500233208143495
G1,W0041F0001T0006Z000C1N16.png,27,2.429701065074673,3.651959287919979
G1,W0041F0001T0006Z000C1N16.png,28,3.4114250952579264,5.608931524561717
G1,W0041F0001T0006Z000C1N16.png,29,3.557935855025558,3.792945058859814
G1,W0041F0001T0006Z000C1N16.png,30,0.7486382194848659,1.3464285714285724
G1,W0041F0001T0006Z000C1N16.png,31,3.799903627478597,3.799903627478597
G1,W0041F0001T0006Z000C1N16.png,32,0.5614786646136485,0.8589285714285712
G1,W0041F0001T0006Z000C1N16.png,33,0.06958928570635851,0.06958928570635851
G1,W0041F0001T0006Z000C1N16.png,34,0.10850038560423889,0.10850038560423889
G1,W0041F0001T0006Z000C1N16.png,35,0.18448501896420197,0.18448501896420197
G1,W0041F0001T0006Z000C1N16.png,36,0.7357500424736652,2.854177311415673
G1,W0041F0001T0006Z000C1N16.png,37,4.253226027455513,4.253226027455513
G1,W0041F0001T0006Z000C1N16.png,38,2.854177311415673,2.854177311415673
G1,W0041F0001T0006Z000C1N16.png,39,2.579433754046099,4.918946083750631
G1,W0041F0001T0006Z000C1N16.png,40,0.9197015241024757,0.9197015241024757
G1,W0041F0001T0006Z000C1N16.png,41,2.7929878714380423,5.034149009514914
G1,W0041F0001T0006Z000C1N16.png,42,1.5607615328742568,4.471703569390529
G1,W0041F0001T0006Z000C1N16.png,43,3.278067577219286,5.4218155800131616
G1,W0041F0001T0006Z000C1N16.png,44,0.046428571428571264,0.046428571428571264
G1,W0041F0001T0006Z000C1N12.png,1,0.04659592852981438,0.1274931915393479
G1,W0041F0001T0006Z000C1N12.png,2,0.08125,7.939667519014886
G1,W0041F0001T0006Z000C1N12.png,3,3.178111172536291,10.995499789686688
G1,W0041F0001T0006Z000C1N12.png,4,0.08125,2.114061922579374
G1,W0041F0001T0006Z000C1N12.png,5,0.07129803089256535,0.07129803089256535
G1,W0041F0001T0006Z000C1N12.png,6,4.0536544324612205,11.36603720554409
G1,W0041F0001T0006Z000C1N12.png,7,3.9303506522955427,11.287610741427967
G1,W0041F0001T0006Z000C1N12.png,8,1.5195270645829249,5.971604160525043
G1,W0041F0001T0006Z000C1N12.png,9,4.613099078339414,11.944095289022211
G1,W0041F0001T0006Z000C1N12.png,10,2.275406615293659,2.4378795119780112
G1,W0041F0001T0006Z000C1N12.png,11,0.08125,0.08125
G1,W0041F0001T0006Z000C1N12.png,12,4.526726190084839,11.792171661742378
G1,W0041F0001T0006Z000C1N12.png,13,3.8351377093919328,10.848624624808437
G1,W0041F0001T0006Z000C1N12.png,14,1.3884006086140988,1.3884006086140988
G1,W0041F0001T0006Z000C1N12.png,15,3.849741265656694,10.6139372554439
G1,W0041F0001T0006Z000C1N12.png,16,0.5653339803789391,4.5418239036334285
G1,W0041F0001T0006Z000C1N12.png,17,3.1604056800512175,3.2142565722885283
G1,W0041F0001T0006Z000C1N12.png,18,4.67875851588859,4.737648414561806
G1,W0041F0001T0006Z000C1N12.png,19,0.9272755124735349,3.18138836382602
G1,W0041F0001T0006Z000C1N12.png,20,5.282149923326675,10.239060396955379
G1,W0041F0001T0006Z000C1N12.png,21,4.972871718132291,10.456341526796072
G1,W0041F0001T0006Z000C1N12.png,22,0.07886785713387255,0.07886785713387255
G1,W0041F0001T0006Z000C1N12.png,23,0.6056017439061939,8.667343723553499
G1,W0041F0003T0006Z000C1N8.png,1,0.06398597701795966,0.06398597701795966
G1,W0041F0003T0006Z000C1N8.png,2,0.6613270867165506,0.7803807664371284
G1,W0041F0003T0006Z000C1N8.png,3,0.08125,0.08125
G1,W0041F0003T0006Z000C1N8.png,4,1.1954904980233834,1.1954904980233834
G1,W0041F0003T0006Z000C1N8.png,5,0.06589659407823058,0.06589659407823058
G1,W0041F0003T0006Z000C1N8.png,6,0.11217944783080812,0.11217944783080812
G1,W0041F0003T0006Z000C1N8.png,7,0.0520236269038667,0.0520236269038667
G1,W0041F0003T0006Z000C1N8.png,8,0.8618629894014478,0.8618629894014478
G1,W0041F0003T0006Z000C1N8.png,9,0.021381578947367873,0.021381578947367873
G1,W0041F0003T0006Z000C1N8.png,10,0.05416666666666705,0.05416666666666705
G1,W0041F0003T0006Z000C1N8.png,11,0.08081408031212467,0.08081408031212467
G1,W0041F0003T0006Z000C1N8.png,12,0.04999999999999982,0.04999999999999982
G1,W0041F0003T0006Z000C1N8.png,13,0.1752877374349435,0.1752877374349435
G1,W0041F0003T0006Z000C1N8.png,14,0.3841224734505052,0.3841224734505052
G1,W0041F0003T0006Z000C1N8.png,15,1.14904851942814,1.14904851942814
G1,W0041F0003T0006Z000C1N8.png,16,0.04642857142857242,0.04642857142857242
G1,W0041F0003T0006Z000C1N8.png,17,0.8002196963959335,0.8002196963959335
G1,W0041F0003T0006Z000C1N8.png,18,0.08125,0.08125
G1,W0041F0003T0006Z000C1N8.png,19,1.0611138016254427,1.0611138016254427
G1,W0041F0003T0006Z000C1N8.png,20,0.0,0.0
G1,W0041F0003T0006Z000C1N8.png,21,1.14904851942814,1.14904851942814
G1,W0041F0003T0006Z000C1N8.png,22,0.04542013079296448,0.04542013079296448
G1,W0041F0003T0006Z000C1N8.png,23,0.7367463192231692,0.7367463192231692
G1,W0041F0003T0006Z000C1N8.png,24,0.09363599839438089,0.09363599839438089
G1,W0041F0003T0006Z000C1N8.png,25,0.07323776028286229,0.07323776028286229
G1,W0041F0003T0006Z000C1N8.png,26,0.08207489424486805,0.08207489424486805
G1,W0041F0003T0006Z000C1N8.png,27,0.0,0.0
G1,W0041F0003T0006Z000C1N8.png,28,0.07052680675398607,0.07052680675398607
G1,W0041F0003T0006Z000C1N8.png,29,0.09540210951546084,0.09540210951546084
G1,W0041F0003T0006Z000C1N8.png,30,0.6700046641628697,0.6700046641628697
G1,W0041F0003T0006Z000C1N8.png,31,0.020891791262330407,0.020891791262330407
G1,W0041F0003T0006Z000C1N8.png,32,0.0,0.0
G1,W0041F0003T0006Z000C1N8.png,33,0.13400093283257364,0.13400093283257364
G1,W0041F0003T0006Z000C1N8.png,34,0.05414455330927918,0.05414455330927918
G1,W0041F0003T0006Z000C1N8.png,35,0.0902777777777778,0.0902777777777778
G1,W0041F0003T0006Z000C1N8.png,36,0.07660323462854238,0.07660323462854238
G1,W0041F0003T0006Z000C1N8.png,37,0.08125,0.08125
G1,W0041F0003T0006Z000C1N8.png,38,0.6700046641628699,0.6700046641628699
G1,W0041F0003T0006Z000C1N8.png,39,0.0790569415042103,0.0790569415042103
G1,W0041F0003T0006Z000C1N8.png,40,0.028726212985703495,0.028726212985703495
G1,W0041F0003T0006Z000C1N8.png,41,0.7600806451612895,0.7600806451612895
G1,W0041F0003T0006Z000C1N8.png,42,0.08838834764831895,0.08838834764831895
G1,W0041F0003T0006Z000C1N8.png,43,0.12181902984779547,0.12181902984779547
G1,W0041F0003T0006Z000C1N8.png,44,0.08125,0.08125
G1,W0041F0003T0006Z000C1N8.png,45,0.04642857142857242,0.04642857142857242
G1,W0041F0003T0006Z000C1N8.png,46,0.06090951492389675,0.06090951492389675
G1,W0041F0003T0006Z000C1N8.png,47,0.08125,0.08125
G1,W0041F0003T0006Z000C1N8.png,48,0.08750892811593587,0.08750892811593587
G1,W0041F0003T0006Z000C1N8.png,49,0.21249999999999983,0.21249999999999983
G1,W0041F0003T0006Z000C1N8.png,50,1.019859229120482,1.019859229120482
G1,W0041F0003T0006Z000C1N8.png,51,0.7490879871550471,0.7490879871550471
G1,W0041F0003T0006Z000C1N8.png,52,1.4374592385525233,1.4374592385525233
G1,W0041F0003T0006Z000C1N8.png,53,0.9700127550181792,0.9700127550181792
G1,W0041F0001T0006Z000C1N10.png,1,0.09377059260482984,0.14393862325056272
G1,W0041F0001T0006Z000C1N10.png,2,0.33500233208143493,0.40625
G1,W0041F0001T0006Z000C1N10.png,3,0.9084026158592896,1.2295356084717515
G1,W0041F0001T0006Z000C1N10.png,4,0.06500000000000006,0.06500000000000006
G1,W0041F0001T0006Z000C1N10.png,5,0.07660323462854213,0.12112034878123826
G1,W0041F0001T0006Z000C1N10.png,6,1.1996418736439638,1.1996418736439638
G1,W0041F0001T0006Z000C1N10.png,7,1.8567891683292965,2.327000567388199
G1,W0041F0001T0006Z000C1N10.png,8,0.18168052317185793,1.6750116604071748
G1,W0041F0001T0006Z000C1N10.png,9,0.5859020822628983,0.8125
G1,W0041F0001T0006Z000C1N10.png,10,0.8250420864685898,3.537046005418143
G1,W0041F0001T0006Z000C1N10.png,11,0.0676806916365974,0.0676806916365974
G1,W0041F0001T0006Z000C1N10.png,12,0.037901187316494736,0.037901187316494736
G1,W0041F0001T0006Z000C1N10.png,13,0.9084026158592896,0.9084026158592896
G1,W0041F0001T0006Z000C1N10.png,14,0.11667857082124772,0.11667857082124772
G1,W0041F0001T0006Z000C1N10.png,15,0.042763157894736614,0.042763157894736614
G1,W0041F0001T0006Z000C1N10.png,16,0.0,3.9537956446938427
G1,W0041F0001T0006Z000C1N10.png,17,0.8713559480898749,0.8713559480898749
G1,W0041F0001T0006Z000C1N10.png,18,0.4768640024781743,1.1297997930226624
G1,W0041F0001T0006Z000C1N10.png,19,0.08125,0.08125
G1,W0041F0001T0006Z000C1N10.png,20,1.2565770845386908,2.924078653078224
G1,W0041F0001T0006Z000C1N10.png,21,0.1720614869327064,0.1720614869327064
G1,W0041F0001T0006Z000C1N10.png,22,0.03824853119407644,0.03824853119407644
G1,W0041F0001T0006Z000C1N10.png,23,0.912933330328672,3.9339182618128965
G1,W0041F0001T0006Z000C1N10.png,24,0.08125,0.08125
G1,W0041F0001T0006Z000C1N10.png,25,1.6165647191271195,1.6165647191271195
G1,W0041F0001T0006Z000C1N10.png,26,0.054716596163244965,0.054716596163244965
G1,W0041F0001T0006Z000C1N10.png,27,0.1625,2.4751262594057706
G1,W0041F0001T0006Z000C1N10.png,28,0.6500000000000001,0.6500000000000001
G1,W0041F0001T0006Z000C1N10.png,29,0.059275533066365675,0.059275533066365675
G1,W0041F0001T0006Z000C1N10.png,30,0.24375000000000002,4.9268595791335486
G1,W0041F0001T0006Z000C1N10.png,31,1.1819012754879326,6.205925847526703
G1,W0041F0001T0006Z000C1N10.png,32,0.046428571428571264,4.031540192845734
G1,W0041F0001T0006Z000C1N10.png,33,0.43089319478555244,3.5797287617656877
G1,W0041F0001T0006Z000C1N10.png,34,0.5552083333333349,6.978689738057529
G1,W0041F0001T0006Z000C1N21.png,1,3.974611812806378,5.092891031869817
G1,W0041F0001T0006Z000C1N21.png,2,0.325,3.0530978120590895
G1,W0041F0001T0006Z000C1N21.png,3,2.1862139076494778,3.6336104634371584
G1,W0041F0001T0006Z000C1N21.png,4,5.382727842625687,5.934471917908487
G1,W0041F0001T0006Z000C1N21.png,5,2.347673567716678,5.392916682762883
G1,W0041F0001T0006Z000C1N21.png,6,3.5974193559239844,4.2085811372769335
G1,W0041F0001T0006Z000C1N21.png,7,0.30280087195309635,1.3544374729220818
G1,W0041F0001T0006Z000C1N21.png,8,4.889366850945529,4.889366850945529
G1,W0041F0001T0006Z000C1N21.png,9,0.2315981332232624,0.6852270666082156
G1,W0041F0001T0006Z000C1N21.png,10,0.06047623786463821,0.06047623786463821
G1,W0041F0001T0006Z000C1N21.png,11,0.19179276304845166,0.19179276304845166
G1,W0041F0001T0006Z000C1N21.png,12,0.09765034704381595,2.8811626282245477
G1,W0041F0001T0006Z000C1N21.png,13,4.6310821821662636,4.632732455789478
G1,W0041F0001T0006Z000C1N21.png,14,2.1065889522849233,2.1065889522849233
G1,W0041F0001T0006Z000C1N21.png,15,0.20063973821919784,0.20063973821919784
G1,W0041F0001T0006Z000C1N21.png,16,2.579433754046098,4.918946083750632
G1,W0041F0001T0006Z000C1N21.png,17,2.8150611921068642,6.438690448676466
G1,W0041F0001T0006Z000C1N21.png,18,1.5709370974668369,3.9874581541207683
G1,W0041F0001T0006Z000C1N21.png,19,2.5351504584979216,2.5351504584979216
G1,W0041F0001T0006Z000C1N21.png,20,0.03830161731427078,2.7031826021479852
G1,W0041F0001T0006Z000C1N21.png,21,2.6453083468662024,3.7126893891086556
G1,W0041F0001T0006Z000C1N21.png,22,0.04506939094329987,0.04506939094329987
G1,W0041F0001T0006Z000C1N21.png,23,1.9850589874543951,4.924110623622651
G1,W0041F0001T0006Z000C1N21.png,24,3.271258597619577,3.883885980883064
G1,W0041F0001T0006Z000C1N21.png,25,0.10938616014491961,0.10938616014491961
G1,W0041F0001T0006Z000C1N21.png,26,2.6850772348192233,5.81156839905928
G1,W0041F0001T0006Z000C1N21.png,27,0.45961940777125593,3.575
G1,W0041F0001T0006Z000C1N21.png,28,2.3130577874590585,2.3130577874590585
G1,W0041F0001T0006Z000C1N21.png,29,1.8705154703984674,6.419264219908697
G1,W0041F0001T0006Z000C1N21.png,30,1.1316815475212096,2.8726212985703494
G1,W0041F0001T0006Z000C1N21.png,31,0.08125,5.326059900386025
G1,W0041F0001T0006Z000C1N21.png,32,2.2764504304948088,2.2764504304948088
G1,W0041F0001T0006Z000C1N21.png,33,1.0562500000000001,4.241374519244911
G1,W0041F0003T0006Z000C1N5.png,1,6.918369810182874,12.399150114061772
G1,W0041F0003T0006Z000C1N5.png,2,2.1250062334530995,9.757255446341235
G1,W0041F0003T0006Z000C1N5.png,3,7.809043432868059,7.960124992233182
G1,W0041F0003T0006Z000C1N5.png,4,6.484747730251348,6.841423691381787
G1,W0041F0003T0006Z000C1N5.png,5,4.378984076610678,4.554368493714931
G1,W0041F0003T0006Z000C1N5.png,6,2.6227520136299582,5.6303377451978855
G1,W0041F0003T0006Z000C1N5.png,7,4.0339622658745835,4.397269216513813
G1,W0041F0003T0006Z000C1N5.png,8,1.762604932467621,1.9916991323172968
G1,W0041F0003T0006Z000C1N5.png,9,2.1087466656760836,2.191039992788813
G1,W0041F0003T0006Z000C1N5.png,10,1.2214553307427989,1.5628749550107968
G1,W0041F0003T0006Z000C1N5.png,11,0.08750892811593587,0.08750892811593587
G1,W0041F0003T0006Z000C1N5.png,12,0.21693759509595292,0.21693759509595292
G1,W0041F0003T0006Z000C1N5.png,13,2.907519137464486,3.201451629296034
G1,W0041F0003T0006Z000C1N5.png,14,2.152496796459256,2.152496796459256
G1,W0041F0003T0006Z000C1N5.png,15,5.692865772449321,5.692865772449321
G1,W0041F0003T0006Z000C1N5.png,16,0.28712360631466916,0.28712360631466916
G1,W0041F0003T0006Z000C1N5.png,17,5.958367956812279,8.331000731480824
G1,W0041F0003T0006Z000C1N6.png,1,0.018814991529363983,0.018814991529363983
G1,W0041F0003T0006Z000C1N6.png,2,0.0,0.0
G1,W0041F0003T0006Z000C1N6.png,3,0.0,0.0
G1,W0041F0003T0006Z000C1N6.png,4,0.0,0.0
G1,W0041F0003T0006Z000C1N6.png,5,0.03830161731427078,0.03830161731427078
G1,W0041F0003T0006Z000C1N6.png,6,0.0541666666666659,0.0541666666666659
G1,W0041F0003T0006Z000C1N6.png,7,0.07341001711105177,0.07341001711105177
G1,W0041F0003T0006Z000C1N6.png,8,0.0,0.0
G1,W0041F0003T0006Z000C1N6.png,9,0.10918636019261282,0.10918636019261282
G1,W0041F0003T0006Z000C1N6.png,10,0.05416666666666705,0.05416666666666705
G1,W0041F0003T0006Z000C1N6.png,11,0.9750000000000001,0.9750000000000001
G1,W0041F0003T0006Z000C1N6.png,12,0.48750000000000004,0.48750000000000004
G1,W0041F0003T0006Z000C1N6.png,13,0.11490485194281398,0.11490485194281398
G1,W0041F0003T0006Z000C1N6.png,14,0.48750000000000004,0.48750000000000004
G1,W0041F0003T0006Z000C1N6.png,15,0.08125,0.08125
G1,W0041F0003T0006Z000C1N6.png,16,0.0,0.0
G1,W0041F0003T0006Z000C1N6.png,17,0.9263925328930496,0.9263925328930496
G1,W0041F0003T0006Z000C1N6.png,18,0.1625,0.1625
G1,W0041F0003T0006Z000C1N6.png,19,0.25529894129760805,0.25529894129760805
G1,W0041F0003T0006Z000C1N6.png,20,0.0,0.0
G1,W0041F0003T0006Z000C1N6.png,21,0.0,0.0
G1,W0041F0003T0006Z000C1N6.png,22,0.0,0.0
G1,W0041F0003T0006Z000C1N6.png,23,0.8125,0.8125
G1,W0041F0003T0006Z000C1N6.png,24,0.22980970388562796,0.22980970388562796
G1,W0041F0003T0006Z000C1N6.png,25,0.5138701197773617,0.5138701197773617
G1,W0041F0003T0006Z000C1N6.png,26,0.032500000000000466,0.032500000000000466
G1,W0041F0003T0006Z000C1N6.png,27,0.08125,0.08125
G1,W0041F0003T0006Z000C1N6.png,28,0.5138701197773617,0.5138701197773617
G1,W0041F0003T0006Z000C1N6.png,29,0.7312500000000001,0.7312500000000001
G1,W0041F0003T0006Z000C1N6.png,30,0.5859020822628983,0.5859020822628983
G1,W0041F0003T0006Z000C1N6.png,31,0.058339285410623484,0.058339285410623484
G1,W0041F0003T0006Z000C1N3.png,1,0.05701104356184068,0.05701104356184068
G1,W0041F0003T0006Z000C1N3.png,2,0.015234375000000001,0.015234375000000001
G1,W0041F0003T0006Z000C1N3.png,3,0.0,0.0
G1,W0041F0003T0006Z000C1N3.png,4,0.021411254990723282,0.021411254990723282
G1,W0041F0003T0006Z000C1N3.png,5,0.041247895569215536,0.041247895569215536
G1,W0041F0003T0006Z000C1N3.png,6,0.04360332556124652,0.04360332556124652
G1,W0041F0003T0006Z000C1N3.png,7,0.0576221528580805,0.0576221528580805
G1,W0041F0003T0006Z000C1N3.png,8,0.046428571428571264,0.046428571428571264
G1,W0041F0003T0006Z000C1N3.png,9,0.0,0.0
G1,W0041F0003T0006Z000C1N3.png,10,0.05416666666666705,0.05416666666666705
G1,W0041F0003T0006Z000C1N3.png,11,0.07784559132019195,0.07784559132019195
G1,W0041F0003T0006Z000C1N3.png,12,0.09084026158592896,0.09084026158592896
G1,W0041F0003T0006Z000C1N3.png,13,0.0,0.0
G1,W0041F0003T0006Z000C1N3.png,14,0.0,0.0
G1,W0041F0003T0006Z000C1N3.png,15,0.07149999999999963,0.07149999999999963
G1,W0041F0003T0006Z000C1N3.png,16,0.0,0.0
G1,W0041F0003T0006Z000C1N3.png,17,0.022159090909090386,0.022159090909090386
G1,W0041F0003T0006Z000C1N3.png,18,0.0,0.0
G1,W0041F0003T0006Z000C1N3.png,19,0.11490485194281398,0.11490485194281398
G1,W0041F0003T0006Z000C1N3.png,20,0.0585902082262897,0.0585902082262897
G1,W0041F0003T0006Z000C1N3.png,21,0.0,0.0
G1,W0041F0003T0006Z000C1N3.png,22,0.023807276193679165,0.023807276193679165
G1,W0041F0003T0006Z000C1N3.png,23,0.08125,0.08125
G1,W0041F0003T0006Z000C1N3.png,24,0.0,0.0
G1,W0041F0003T0006Z000C1N3.png,25,0.10381744181248986,0.10381744181248986
G1,W0041F0003T0006Z000C1N3.png,26,0.08125,0.08125
G1,W0041F0003T0006Z000C1N3.png,27,0.0,0.0
G1,W0041F0003T0006Z000C1N3.png,28,0.0,0.0
G1,W0041F0003T0006Z000C1N3.png,29,0.04999999999999982,0.04999999999999982
G1,W0041F0003T0006Z000C1N3.png,30,0.025534411542848273,0.025534411542848273
G1,W0041F0003T0006Z000C1N3.png,31,0.06589659407823152,0.06589659407823152
G1,W0041F0003T0006Z000C1N3.png,32,0.06056017439061845,0.06056017439061845
G1,W0041F0003T0006Z000C1N3.png,33,0.08125,0.08125
G1,W0041F0003T0006Z000C1N3.png,34,0.05343544799172286,0.05343544799172286
G1,W0041F0003T0006Z000C1N3.png,35,0.08125,0.08125
G1,W0041F0003T0006Z000C1N3.png,36,0.08750892811593587,0.08750892811593587
G1,W0041F0003T0006Z000C1N3.png,37,0.3123162725213549,0.3123162725213549
G1,W0041F0003T0006Z000C1N3.png,38,0.1625,0.1625
G1,W0041F0003T0006Z000C1N3.png,39,0.325,0.325
G1,W0041F0003T0006Z000C1N3.png,40,0.10938616014491961,0.10938616014491961
G1,W0041F0003T0006Z000C1N3.png,41,0.8125,0.8125
G1,W0041F0003T0006Z000C1N3.png,42,0.03906013881752754,0.03906013881752754
G1,W0041F0003T0006Z000C1N3.png,43,0.025000000000001067,0.025000000000001067
G1,W0041F0003T0006Z000C1N3.png,44,0.06770833333333272,0.06770833333333272
G1,W0041F0003T0006Z000C1N3.png,45,0.08125,0.08125
G1,W0041F0003T0006Z000C1N3.png,46,0.325,0.325
G1,W0041F0003T0006Z000C1N3.png,47,0.0,0.0
G1,W0041F0003T0006Z000C1N3.png,48,0.09848987309384101,0.09848987309384101
G1,W0041F0003T0006Z000C1N3.png,49,0.06702653736226587,0.06702653736226587
G1,W0041F0003T0006Z000C1N3.png,50,0.0,0.0
G1,W0041F0003T0006Z000C1N3.png,51,0.0,0.0
G1,W0041F0003T0006Z000C1N3.png,52,0.0,0.0
G1,W0041F0003T0006Z000C1N3.png,53,0.05190872090624622,0.05190872090624622
G1,W0041F0003T0006Z000C1N3.png,54,0.08125,0.08125
G1,W0041F0003T0006Z000C1N3.png,55,0.11490485194281398,0.11490485194281398
G1,W0041F0003T0006Z000C1N3.png,56,0.04046837735089229,0.04046837735089229
G1,W0041F0003T0006Z000C1N3.png,57,0.09445548988365395,0.09445548988365395
G1,W0041F0003T0006Z000C1N3.png,58,0.08549671678675635,0.08549671678675635
G1,W0041F0003T0006Z000C1N3.png,59,0.01712900399257775,0.01712900399257775
G1,W0041F0003T0006Z000C1N3.png,60,0.08852692017382714,0.08852692017382714
G1,W0041F0003T0006Z000C1N3.png,61,0.06895352021571123,0.06895352021571123
G1,W0041F0003T0006Z000C1N3.png,62,0.062423998929586964,0.062423998929586964
G1,W0041F0003T0006Z000C1N3.png,63,0.11490485194281398,0.11490485194281398
G1,W0041F0003T0006Z000C1N3.png,64,0.06335544965938712,0.06335544965938712
G1,W0041F0003T0006Z000C1N3.png,65,0.032499999999998155,0.032499999999998155
G1,W0041F0003T0006Z000C1N3.png,66,0.0705475671339248,0.0705475671339248
G1,W0041F0003T0006Z000C1N3.png,67,0.0,0.0
G1,W0041F0003T0006Z000C1N3.png,68,0.08003905296791078,0.08003905296791078
G1,W0041F0003T0006Z000C1N2.png,1,0.05424374485103832,0.05424374485103832
G1,W0041F0003T0006Z000C1N2.png,2,0.1625,0.1625
G1,W0041F0003T0006Z000C1N2.png,3,0.325,0.325
G1,W0041F0003T0006Z000C1N2.png,4,0.08967146938529456,0.08967146938529456
G1,W0041F0003T0006Z000C1N2.png,5,0.07341001711105213,0.07341001711105213
G1,W0041F0003T0006Z000C1N2.png,6,0.07178621401745082,0.07178621401745082
G1,W0041F0003T0006Z000C1N2.png,7,0.08125,0.08125
G1,W0041F0003T0006Z000C1N2.png,8,0.36336104634371585,0.36336104634371585
G1,W0041F0003T0006Z000C1N2.png,9,0.11490485194281398,0.11490485194281398
G1,W0041F0003T0006Z000C1N2.png,10,0.08858082706766889,0.08858082706766889
G1,W0041F0003T0006Z000C1N2.png,11,1.2078680857196287,1.2078680857196287
G1,W0041F0003T0006Z000C1N2.png,12,0.0,0.0
G1,W0041F0003T0006Z000C1N2.png,13,0.03110157614191824,0.03110157614191824
G1,W0041F0003T0006Z000C1N2.png,14,0.45961940777125593,0.45961940777125593
G1,W0041F0003T0006Z000C1N2.png,15,0.11490485194281398,0.11490485194281398
G1,W0041F0003T0006Z000C1N2.png,16,0.0,0.0
G1,W0041F0003T0006Z000C1N2.png,17,0.0,0.0
G1,W0041F0003T0006Z000C1N2.png,18,0.0,0.0
G1,W0041F0003T0006Z000C1N2.png,19,0.0,0.0
G1,W0041F0003T0006Z000C1N2.png,20,0.05580019831075298,0.05580019831075298
G1,W0041F0003T0006Z000C1N2.png,21,0.0,0.0
G1,W0041F0003T0006Z000C1N2.png,22,0.0,0.0
G1,W0041F0003T0006Z000C1N2.png,23,0.07053140566940996,0.07053140566940996
G1,W0041F0003T0006Z000C1N2.png,24,0.0,0.0
G1,W0041F0003T0006Z000C1N2.png,25,0.08125,0.08125
G1,W0041F0003T0006Z000C1N2.png,26,0.04702250454454775,0.04702250454454775
G1,W0041F0003T0006Z000C1N2.png,27,0.16726143403123447,0.16726143403123447
G1,W0041F0003T0006Z000C1N2.png,28,0.0,0.0
G1,W0041F0003T0006Z000C1N2.png,29,0.08423365225220335,0.08423365225220335
G1,W0041F0001T0006Z000C1N18.png,1,1.9768978223469222,1.9768978223469222
G1,W0041F0001T0006Z000C1N18.png,2,2.610001782233083,2.610001782233083
G1,W0041F0001T0006Z000C1N18.png,3,0.31670730789041096,0.31670730789041096
G1,W0041F0001T0006Z000C1N18.png,4,1.627029982053189,1.627029982053189
G1,W0041F0001T0006Z000C1N18.png,5,0.5362226423997991,0.5443682628107153
G1,W0041F0001T0006Z000C1N18.png,6,0.13478040629485796,0.13478040629485796
G1,W0041F0001T0006Z000C1N18.png,7,0.9136427238584586,0.9136427238584586
G1,W0041F0001T0006Z000C1N18.png,8,0.025534411542848273,0.025534411542848273
G1,W0041F0001T0006Z000C1N18.png,9,0.07267220926874317,0.07267220926874317
G1,W0041F0001T0006Z000C1N18.png,10,0.07660323462854401,0.07660323462854401
G1,W0041F0001T0006Z000C1N18.png,11,0.06358818311015027,0.06358818311015027
G1,W0041F0001T0006Z000C1N18.png,12,0.0,0.0
G1,W0041F0001T0006Z000C1N18.png,13,0.0,0.0
G1,W0041F0001T0006Z000C1N18.png,14,1.1733861125001719,1.1733861125001719
G1,W0041F0001T0006Z000C1N18.png,15,0.05745242597140699,0.05745242597140699
G1,W0041F0001T0006Z000C1N18.png,16,0.9105801721979226,1.1281760722511356
G1,W0041F0001T0006Z000C1N18.png,17,0.42568245859508413,0.42568245859508413
G1,W0041F0001T0006Z000C1N18.png,18,0.06958928570635851,0.06958928570635851
G1,W0041F0001T0006Z000C1N18.png,19,0.06090951492389675,0.06090951492389675
G1,W0041F0001T0006Z000C1N18.png,20,0.11490485194281398,0.57452425971407
G1,W0041F0001T0006Z000C1N18.png,21,0.15103807466993133,0.15103807466993133
G1,W0041F0001T0006Z000C1N18.png,22,0.06936717923885517,0.06936717923885517
G1,W0041F0001T0006Z000C1N18.png,23,0.08125,0.08125
G1,W0041F0001T0006Z000C1N18.png,24,0.11490485194281398,0.11490485194281398
G1,W0041F0001T0006Z000C1N18.png,25,0.03977678550724463,0.03977678550724463
G1,W0041F0001T0006Z000C1N18.png,26,0.08125,0.08125
G1,W0041F0001T0006Z000C1N18.png,27,0.06546747297121308,0.06546747297121308
G1,W0041F0001T0006Z000C1N18.png,28,0.0,0.0
G1,W0041F0001T0006Z000C1N18.png,29,0.08125,0.08125
G1,W0041F0001T0006Z000C1N18.png,30,0.10295701813368852,0.10295701813368852
G1,W0041F0001T0006Z000C1N18.png,31,0.06090951492389675,0.06090951492389675
G1,W0041F0001T0006Z000C1N18.png,32,0.08891329959954858,0.08891329959954858
G1,W0041F0001T0006Z000C1N18.png,33,0.0766032346285432,0.0766032346285432
G1,W0041F0001T0006Z000C1N18.png,34,0.43417886259262206,0.43417886259262206
G1,W0041F0001T0006Z000C1N18.png,35,1.33214405400176,1.33214405400176
G1,W0041F0001T0006Z000C1N18.png,36,0.049048345820857805,0.049048345820857805
G1,W0041F0001T0006Z000C1N18.png,37,0.11490485194281398,0.11490485194281398
G1,W0041F0001T0006Z000C1N18.png,38,0.0,0.0
G1,W0041F0001T0006Z000C1N18.png,39,0.08125,0.08125
G1,W0041F0001T0006Z000C1N18.png,40,0.853683753832234,0.9252822677899467
G1,W0041F0001T0006Z000C1N18.png,41,0.8410086398049443,0.8410086398049443
G1,W0041F0001T0006Z000C1N18.png,42,2.4274312876475004,2.463067986526154
G1,W0041F0001T0006Z000C1N18.png,43,0.6516560536394165,0.6516560536394165
G1,W0041F0001T0006Z000C1N18.png,44,1.956759119053748,1.956759119053748
G1,W0041F0001T0006Z000C1N18.png,45,1.2147361625123803,1.2147361625123803
G1,W0041F0001T0006Z000C1N18.png,46,1.7435067477130655,2.3423908610621877
G1,W0041F0003T0006Z000C1N1.png,1,0.07357251873128544,6.9828138476764465
G1,W0041F0003T0006Z000C1N1.png,2,4.387679612349154,10.119971132071365
G1,W0041F0003T0006Z000C1N1.png,3,1.9668542459979084,1.9668542459979084
G1,W0041F0003T0006Z000C1N1.png,4,0.33500233208143493,0.33500233208143493
G1,W0041F0003T0006Z000C1N1.png,5,0.1612515820204001,4.6734716104982015
G1,W0041F0003T0006Z000C1N1.png,6,0.32550115681272107,6.0093543656515465
G1,W0041F0003T0006Z000C1N1.png,7,3.9358796852874987,10.895130118273837
G1,W0041F0003T0006Z000C1N1.png,8,2.391015082553851,4.832838516337992
G1,W0041F0002T0006Z000C1N7.png,1,7.192805107362496,14.925472406677786
G1,W0041F0002T0006Z000C1N7.png,2,9.458250733853722,11.528850435369137
G1,W0041F0002T0006Z000C1N7.png,3,8.137428211005819,11.238936914263856
G1,W0041F0002T0006Z000C1N7.png,4,7.924791129936802,7.924791129936802
G1,W0041F0002T0006Z000C1N7.png,5,2.6365593701830425,12.30528500533409
G1,W0041F0002T0006Z000C1N7.png,6,6.946281041859738,6.946281041859738
G1,W0041F0002T0006Z000C1N7.png,7,4.994066792204525,11.488761492214902
G1,W0041F0002T0006Z000C1N7.png,8,5.08260927290059,12.968431234642136
G1,W0041F0002T0006Z000C1N7.png,9,0.4046820827389373,0.4046820827389373
G1,W0041F0002T0006Z000C1N7.png,10,7.000714249274855,13.163503048201113
G1,W0041F0002T0006Z000C1N7.png,11,5.982903884309766,7.585267610455298
G1,W0041F0002T0006Z000C1N7.png,12,4.352418907598649,13.695760761900823
G1,W0041F0002T0006Z000C1N3.png,1,12.552796314467146,
G1,W0041F0002T0006Z000C1N3.png,2,10.973361181162538,
G1,W0041F0002T0006Z000C1N3.png,3,7.241060270007749,
G1,W0041F0002T0006Z000C1N3.png,4,6.235051567994892,
G1,W0041F0002T0006Z000C1N3.png,5,7.95741243082871,
G1,W0041F0002T0006Z000C1N3.png,6,9.56992562993569,
G1,W0041F0002T0006Z000C1N3.png,7,2.4268125072432976,
G1,W0041F0002T0006Z000C1N3.png,8,1.6965498076979646,
G1,W0041F0002T0006Z000C1N3.png,9,1.9478724619695136,
G1,W0041F0002T0006Z000C1N3.png,10,0.08125,
G1,W0041F0002T0006Z000C1N3.png,11,0.9766912415139187,
G1,W0041F0002T0006Z000C1N3.png,12,6.014695545079568,
G1,W0041F0002T0006Z000C1N3.png,13,5.327969374260819,
G1,W0041F0002T0006Z000C1N3.png,14,2.4836207601906195,
G1,W0041F0002T0006Z000C1N3.png,15,3.7901187316494456,
G1,W0041F0002T0006Z000C1N3.png,16,2.78108310291308,
G1,W0041F0002T0006Z000C1N1.png,1,0.8383391318553607,6.1784529819364975
G1,W0041F0002T0006Z000C1N1.png,2,1.0277402395547235,6.243046131497027
G1,W0041F0002T0006Z000C1N1.png,3,0.16500841729371743,5.008141149945534
G1,W0041F0002T0006Z000C1N1.png,4,0.23424136491285247,0.23424136491285247
G1,W0041F0002T0006Z000C1N1.png,5,0.08838834764831895,0.08838834764831895
G1,W0041F0002T0006Z000C1N1.png,6,0.5512769267799984,0.5512769267799984
G1,W0041F0002T0006Z000C1N1.png,7,1.363074865984175,3.6312882480295863
G1,W0041F0002T0006Z000C1N1.png,8,2.2630237299583436,2.8029284652487907
