group,image,pbody_id,distance_to_nucleus_um,distance_to_mitochondria_um
G2,W0034F0003T0006Z000C1N14.png,1,1.760624987674042,10.50868233956517
G2,W0034F0003T0006Z000C1N14.png,2,2.6653357681433762,10.312065857864972
G2,W0034F0003T0006Z000C1N14.png,3,2.0005492409898338,10.628000036019243
G2,W0034F0003T0006Z000C1N14.png,4,1.7216566331588887,10.913239164542302
G2,W0034F0003T0006Z000C1N14.png,5,2.300082191231382,10.193140716665942
G2,W0034F0003T0006Z000C1N14.png,6,1.1493322000939674,6.988806223014021
G2,W0034F0003T0006Z000C1N14.png,7,1.8527850657860991,10.59744220319224
G2,W0034F0003T0006Z000C1N14.png,8,4.390635693844801,10.079217378970185
G2,W0034F0003T0006Z000C1N14.png,9,0.08125,0.08125
G2,W0034F0003T0006Z000C1N14.png,10,1.955282558305193,4.36647886692613
G2,W0034F0003T0006Z000C1N14.png,11,0.5859020822628983,2.2633630950424193
G2,W0034F0003T0006Z000C1N14.png,12,1.7810000000000006,7.00260298032096
G2,W0034F0003T0006Z000C1N14.png,13,0.03830161731427242,0.03830161731427242
G2,W0034F0003T0006Z000C1N14.png,14,1.6300082262375357,2.086737036729636
G2,W0034F0003T0006Z000C1N14.png,15,0.0,0.0
G2,W0034F0003T0006Z000C1N14.png,16,1.2173950801814504,2.421877016128193
G2,W0034F0003T0006Z000C1N14.png,17,0.06090951492389675,0.06090951492389675
G2,W0034F0003T0006Z000C1N14.png,18,1.0214285714285725,1.0342739368903262
G2,W0034F0003T0006Z000C1N14.png,19,1.6447055207543992,1.7877954301317582
G2,W0034F0003T0006Z000C1N14.png,20,0.483147234287851,5.238552400234248
G2,W0034F0003T0006Z000C1N14.png,21,1.4528879140581783,4.798399034137982
G2,W0034F0003T0006Z000C1N14.png,22,2.8330424340964253,2.986516701262594
G2,W0034F0003T0006Z000C1N14.png,23,6.7241431842651895,12.821291191315328
G2,W0034F0003T0006Z000C1N14.png,24,6.4984763839303135,12.537009275042434
G2,W0034F0003T0006Z000C1N14.png,25,2.2320758372875193,5.115972846722585
G2,W0034F0003T0006Z000C1N14.png,26,3.104558140863205,3.5970908384415314
G2,W0034F0003T0006Z000C1N14.png,27,0.18168052317185793,10.15625
G2,W0034F0003T0006Z000C1N14.png,28,3.2176641372275014,6.63286702716103
G2,W0034F0003T0006Z000C1N14.png,29,2.5859974502114267,9.633180371118357
G2,W0034F0003T0006Z000C1N14.png,30,3.219614905371278,12.490908499340186
G2,W0034F0003T0006Z000C1N14.png,31,1.7273986945693807,8.126624837532491
G2,W0034F0003T0006Z000C1N14.png,32,0.8750892811593569,10.247812266527916
G2,W0034F0003T0006Z000C1N14.png,33,0.3927083333333323,9.823086170771527
G2,W0034F0002T0006Z000C1N39.png,1,3.3078788618336854,3.3078788618336854
G2,W0034F0002T0006Z000C1N39.png,2,1.3101168840985142,1.3400093283257397
G2,W0034F0002T0006Z000C1N39.png,3,0.07267220926874421,0.07267220926874421
G2,W0034F0002T0006Z000C1N39.png,4,0.7267220926874317,0.7267220926874317
G2,W0034F0002T0006Z000C1N39.png,5,0.05709667997526184,0.05709667997526184
G2,W0034F0002T0006Z000C1N39.png,6,0.0,0.0
G2,W0034F0002T0006Z000C1N39.png,7,0.07660323462854278,8.136186743322837
G2,W0034F0002T0006Z000C1N39.png,8,1.2717636622030055,6.169117263636671
G2,W0034F0002T0006Z000C1N39.png,9,1.482673366760191,1.54375
G2,W0034F0002T0006Z000C1N39.png,10,1.2295356084717515,5.1316306192573915
G2,W0034F0002T0006Z000C1N39.png,11,0.6235051567994884,3.6362337906899707
G2,W0034F0002T0006Z000C1N39.png,12,0.13893216477848058,0.13893216477848058
G2,W0034F0002T0006Z000C1N39.png,13,0.1690025510011549,10.608928571428573
G2,W0034F0002T0006Z000C1N39.png,14,0.07267220926874421,3.434867173559991
G2,W0034F0002T0006Z000C1N39.png,15,0.0383016173142716,4.334179604864365
G2,W0034F0002T0006Z000C1N39.png,16,1.14904851942814,4.984805036307839
G2,W0034F0002T0006Z000C1N39.png,17,1.7539464430249858,6.480674395848012
G2,W0034F0002T0006Z000C1N39.png,18,0.07660323462854238,5.159783721780939
G2,W0034F0002T0006Z000C1N39.png,19,1.8758019118499694,6.90625
G2,W0034F0002T0006Z000C1N39.png,20,2.045822725702303,4.750172694229127
G2,W0034F0002T0006Z000C1N39.png,21,2.9000673483558965,6.158942938930348
G2,W0034F0002T0006Z000C1N39.png,22,2.1307881853474617,5.95974511722145
G2,W0034F0002T0006Z000C1N39.png,23,2.5279067427419073,3.862580905301532
G2,W0034F0002T0006Z000C1N39.png,24,0.04790693543622494,0.04790693543622494
G2,W0034F0002T0006Z000C1N39.png,25,0.08125,2.449657182648217
G2,W0034F0002T0006Z000C1N39.png,26,1.945342428512524,10.553616598588578
G2,W0034F0002T0006Z000C1N4.png,1,0.08125,0.5450415695155738
G2,W0034F0002T0006Z000C1N4.png,2,0.325,0.7267220926874317
G2,W0034F0002T0006Z000C1N4.png,3,0.0,1.397877855894427
G2,W0034F0002T0006Z000C1N4.png,4,0.0,0.0
G2,W0034F0002T0006Z000C1N4.png,5,0.07886785713387255,0.07886785713387255
G2,W0034F0002T0006Z000C1N4.png,6,0.46532918455648087,1.7027642966658652
G2,W0034F0002T0006Z000C1N4.png,7,0.08125,0.08125
G2,W0034F0002T0006Z000C1N4.png,8,0.05813776741499329,0.05813776741499329
G2,W0034F0002T0006Z000C1N4.png,9,0.08125,0.08125
G2,W0034F0002T0006Z000C1N4.png,10,0.04999999999999982,0.04999999999999982
G2,W0034F0002T0006Z000C1N4.png,11,0.05505470399147139,0.05505470399147139
G2,W0034F0002T0006Z000C1N4.png,12,0.0677083333333341,0.17604166666666698
G2,W0034F0002T0006Z000C1N4.png,13,0.07660323462854156,0.07660323462854156
G2,W0034F0002T0006Z000C1N4.png,14,0.07660323462854156,0.07660323462854156
G2,W0034F0002T0006Z000C1N4.png,15,0.5443682628107142,1.0517264246096607
G2,W0034F0002T0006Z000C1N14.png,1,0.0,7.699482531313388
G2,W0034F0002T0006Z000C1N14.png,2,1.290443389159323,10.279409504714996
G2,W0034F0002T0006Z000C1N14.png,3,0.6119155374722889,9.126339114069781
G2,W0034F0002T0006Z000C1N14.png,4,0.11490485194281398,5.9849877297284415
G2,W0034F0002T0006Z000C1N14.png,5,0.33500233208143493,11.834920851551988
G2,W0034F0002T0006Z000C1N14.png,6,0.0,2.055480479109447
G2,W0034F0002T0006Z000C1N14.png,7,0.06056017439061967,0.06056017439061967
G2,W0034F0002T0006Z000C1N14.png,8,0.2569350598886809,4.118982353081887
G2,W0034F0002T0006Z000C1N14.png,9,0.11490485194281398,2.9541945814383994
G2,W0034F0002T0006Z000C1N14.png,10,1.3884006086140988,6.969336858697533
G2,W0034F0002T0006Z000C1N14.png,11,1.397877855894427,7.914267180225849
G2,W0034F0002T0006Z000C1N14.png,12,0.7609351035845845,8.704727802795226
G2,W0034F0002T0006Z000C1N14.png,13,0.11490485194281398,10.0677897586809
G2,W0034F0002T0006Z000C1N14.png,14,2.081015377165676,11.449044719975548
G2,W0034F0002T0006Z000C1N28.png,1,0.06958928570635765,0.06958928570635765
G2,W0034F0002T0006Z000C1N28.png,2,0.072672209268744,0.072672209268744
G2,W0034F0002T0006Z000C1N28.png,3,0.08125,0.08125
G2,W0034F0002T0006Z000C1N28.png,4,0.07660323462854299,0.1211203487812383
G2,W0034F0002T0006Z000C1N28.png,5,0.059868421052632126,0.059868421052632126
G2,W0034F0002T0006Z000C1N28.png,6,0.0,0.0
G2,W0034F0002T0006Z000C1N28.png,7,0.0766032346285438,0.0766032346285438
G2,W0034F0002T0006Z000C1N28.png,8,0.2996351948620189,0.8840955830678037
G2,W0034F0002T0006Z000C1N28.png,9,1.7501785623187138,1.8527850657860991
G2,W0034F0002T0006Z000C1N28.png,10,0.046428571428571264,0.046428571428571264
G2,W0034F0002T0006Z000C1N28.png,11,0.08125,0.08125
G2,W0034F0002T0006Z000C1N28.png,12,0.08125,0.08125
G2,W0034F0002T0006Z000C1N28.png,13,0.0,0.0
G2,W0034F0002T0006Z000C1N28.png,14,0.0,0.0
G2,W0034F0002T0006Z000C1N28.png,15,0.0,0.0
G2,W0034F0002T0006Z000C1N28.png,16,0.04642857142857242,0.04642857142857242
G2,W0034F0002T0006Z000C1N28.png,17,0.07432197775591723,0.12977180226561172
G2,W0034F0002T0006Z000C1N28.png,18,0.08125,0.08125
G2,W0034F0002T0006Z000C1N28.png,19,0.40625,1.931290452650766
G2,W0034F0002T0006Z000C1N28.png,20,0.7490879871550471,1.5522790704316025
G2,W0034F0002T0006Z000C1N28.png,21,0.08750892811593587,0.08750892811593587
G2,W0034F0002T0006Z000C1N28.png,22,1.2691655723348314,2.1373537961694598
G2,W0034F0002T0006Z000C1N28.png,23,0.8287151493897797,1.4738115080729033
G2,W0034F0002T0006Z000C1N28.png,24,0.5982903884309761,0.7886785713387222
G2,W0034F0002T0006Z000C1N28.png,25,0.0,2.6252678434780705
G2,W0034F0002T0006Z000C1N28.png,26,1.9052414626927048,1.9052414626927048
G2,W0034F0002T0006Z000C1N28.png,27,0.09765034704381723,0.09765034704381723
G2,W0034F0002T0006Z000C1N28.png,28,0.19643017207140018,0.19643017207140018
G2,W0034F0002T0006Z000C1N28.png,29,0.924395072466312,0.924395072466312
G2,W0034F0002T0006Z000C1N28.png,30,0.037589073759693475,0.037589073759693475
G2,W0034F0002T0006Z000C1N28.png,31,0.07886785713387255,0.07886785713387255
G2,W0034F0002T0006Z000C1N28.png,32,0.9884489111734607,1.963494970709118
G2,W0034F0002T0006Z000C1N28.png,33,0.08125,1.7819516162062314
G2,W0034F0002T0006Z000C1N28.png,34,0.08838834764831895,0.08838834764831895
G2,W0034F0002T0006Z000C1N28.png,35,0.08188230525615714,0.08188230525615714
G2,W0034F0002T0006Z000C1N28.png,36,1.0050069962443047,1.1633229613912037
G2,W0034F0002T0006Z000C1N28.png,37,0.04642857142857242,0.04642857142857242
G2,W0034F0002T0006Z000C1N28.png,38,0.048825173521907975,0.048825173521907975
G2,W0034F0002T0006Z000C1N28.png,39,0.8750892811593569,2.2807961877379572
G2,W0034F0002T0006Z000C1N28.png,40,0.061320877358367235,0.061320877358367235
G2,W0034F0002T0006Z000C1N28.png,41,0.046428571428571264,0.046428571428571264
G2,W0034F0002T0006Z000C1N28.png,42,1.3022549886852255,3.0105168668445543
G2,W0034F0002T0006Z000C1N28.png,43,0.965924780191543,1.4199241883269413
G2,W0034F0003T0006Z000C1N13.png,1,0.07267220926874421,2.933113746515809
G2,W0034F0003T0006Z000C1N13.png,2,0.04178358252465918,0.8425636364126796
G2,W0034F0003T0006Z000C1N13.png,3,0.03628574271878276,0.03628574271878276
G2,W0034F0003T0006Z000C1N13.png,4,1.5858534768382604,1.5858534768382604
G2,W0034F0003T0006Z000C1N13.png,5,0.025688566354872665,0.025688566354872665
G2,W0034F0003T0006Z000C1N13.png,6,2.467111798236959,2.467111798236959
G2,W0034F0003T0006Z000C1N13.png,7,0.18168052317185793,1.0562500000000001
G2,W0034F0003T0006Z000C1N13.png,8,0.0,2.2633630950424193
G2,W0034F0003T0006Z000C1N13.png,9,0.08125,2.5654936781251285
G2,W0034F0003T0006Z000C1N13.png,10,3.15729991475883,3.3611987943395207
G2,W0034F0003T0006Z000C1N13.png,11,0.08370029746612916,0.08370029746612916
G2,W0034F0003T0006Z000C1N13.png,12,2.4157361714392573,3.7055701315721983
G2,W0034F0003T0006Z000C1N13.png,13,3.6475634003562356,5.926172806493694
G2,W0034F0003T0006Z000C1N13.png,14,0.06770833333333272,0.06770833333333272
G2,W0034F0003T0006Z000C1N13.png,15,1.889632717105511,2.1995935546267535
G2,W0034F0003T0006Z000C1N13.png,16,0.8799041140942583,0.8799041140942583
G2,W0034F0003T0006Z000C1N13.png,17,3.5065626414761333,6.336255578795381
G2,W0034F0003T0006Z000C1N13.png,18,3.7091314684168313,7.48206188159387
G2,W0034F0003T0006Z000C1N11.png,1,2.2885836481247743,2.55701698871813
G2,W0034F0003T0006Z000C1N11.png,2,0.1625,0.1625
G2,W0034F0003T0006Z000C1N11.png,3,0.08838834764831895,0.08838834764831895
G2,W0034F0003T0006Z000C1N11.png,4,1.7061227816734428,2.184460311131111
G2,W0034F0003T0006Z000C1N11.png,5,2.3826863105967644,3.7656349470846497
G2,W0034F0003T0006Z000C1N11.png,6,0.08125,0.08125
G2,W0034F0003T0006Z000C1N11.png,7,1.645437881025139,2.1142570817695043
G2,W0034F0003T0006Z000C1N11.png,8,2.0512384576322296,2.0512384576322296
G2,W0034F0003T0006Z000C1N11.png,9,1.0121535058417548,1.3464285714285713
G2,W0034F0003T0006Z000C1N11.png,10,0.036285742718784396,0.036285742718784396
G2,W0034F0003T0006Z000C1N11.png,11,0.07341001711105177,0.07341001711105177
G2,W0034F0003T0006Z000C1N11.png,12,0.11333467869687497,0.11333467869687497
G2,W0034F0003T0006Z000C1N11.png,13,1.7607446349627693,2.1234577397469803
G2,W0034F0003T0006Z000C1N11.png,14,0.7440789473684211,0.7440789473684211
G2,W0034F0003T0006Z000C1N11.png,15,1.397877855894427,1.7273986945693807
G2,W0034F0003T0006Z000C1N11.png,16,0.6989389279472135,1.6127664508539357
G2,W0034F0003T0006Z000C1N11.png,17,0.07706569906461772,0.07706569906461772
G2,W0034F0003T0006Z000C1N11.png,18,0.8411775789854096,1.5089285714285714
G2,W0034F0003T0006Z000C1N11.png,19,0.1625,0.1625
G2,W0034F0003T0006Z000C1N11.png,20,2.29809703885628,2.6
G2,W0034F0003T0006Z000C1N11.png,21,1.8758019118499702,2.1053002309646955
G2,W0034F0003T0006Z000C1N11.png,22,0.08125,0.08125
G2,W0034F0003T0006Z000C1N11.png,23,0.11490485194281398,0.11490485194281398
G2,W0034F0003T0006Z000C1N11.png,24,0.07284482758620801,0.07284482758620801
G2,W0034F0003T0006Z000C1N11.png,25,0.7490879871550471,0.8165523942160723
G2,W0034F0003T0006Z000C1N11.png,26,0.0,0.0
G2,W0034F0001T0006Z000C1N8.png,1,0.1625,1.1718041645257966
G2,W0034F0001T0006Z000C1N8.png,2,0.08250420864685858,0.08250420864685858
G2,W0034F0001T0006Z000C1N8.png,3,0.19471132478620756,0.19471132478620756
G2,W0034F0001T0006Z000C1N8.png,4,0.26585480730369165,0.2884215703630586
G2,W0034F0001T0006Z000C1N8.png,5,0.046428571428571264,0.046428571428571264
G2,W0034F0001T0006Z000C1N8.png,6,1.5178752624968892,2.0762515051168537
G2,W0034F0001T0006Z000C1N8.png,7,0.36575554372913366,1.2914101540372098
G2,W0034F0001T0006Z000C1N8.png,8,1.3325990816821092,1.3325990816821092
G2,W0034F0001T0006Z000C1N8.png,9,0.08125,0.08125
G2,W0034F0001T0006Z000C1N8.png,10,0.0720513626920724,0.0720513626920724
G2,W0034F0001T0006Z000C1N8.png,11,0.06137708673769041,0.16205357058506556
G2,W0034F0001T0006Z000C1N8.png,12,0.08125,0.18168052317185793
G2,W0034F0001T0006Z000C1N8.png,13,1.3306349298770859,1.827411072630815
G2,W0034F0001T0006Z000C1N8.png,14,0.08125,1.3325990816821092
G2,W0034F0001T0006Z000C1N8.png,15,0.03628574271878358,0.03628574271878358
G2,W0034F0001T0006Z000C1N8.png,16,1.4870747816602914,1.6551484544444959
G2,W0034F0001T0006Z000C1N8.png,17,0.02271006539648224,0.02271006539648224
G2,W0034F0001T0006Z000C1N8.png,18,0.9224250948210119,1.0348527136210668
G2,W0034F0001T0006Z000C1N8.png,19,0.325,0.6700046641628699
G2,W0034F0001T0006Z000C1N8.png,20,0.07267220926874421,0.07267220926874421
G2,W0034F0001T0006Z000C1N8.png,21,0.51190365880972,0.5879329447900029
G2,W0034F0001T0006Z000C1N8.png,22,0.0,0.0
G2,W0034F0001T0006Z000C1N8.png,23,2.0964798417039283,3.38219948181343
G2,W0034F0001T0006Z000C1N8.png,24,0.07222222222222428,0.07222222222222428
G2,W0034F0001T0006Z000C1N8.png,25,0.0,0.0
G2,W0034F0001T0006Z000C1N9.png,1,0.9084026158592896,1.261339194071127
G2,W0034F0001T0006Z000C1N9.png,2,0.08125,0.08125
G2,W0034F0001T0006Z000C1N9.png,3,0.6700046641628699,1.2691655723348314
G2,W0034F0001T0006Z000C1N9.png,4,0.22333488805428958,0.6611884291855751
G2,W0034F0001T0006Z000C1N9.png,5,0.10041560611205223,0.10041560611205223
G2,W0034F0001T0006Z000C1N9.png,6,0.3531234636151431,0.5483957031398237
G2,W0034F0001T0006Z000C1N9.png,7,0.0705475671339248,0.0705475671339248
G2,W0034F0001T0006Z000C1N9.png,8,0.07660323462854238,0.07660323462854238
G2,W0034F0001T0006Z000C1N9.png,9,0.06510023136254514,0.06510023136254514
G2,W0034F0001T0006Z000C1N9.png,10,0.081964098236535,0.081964098236535
G2,W0034F0001T0006Z000C1N9.png,11,0.08125,0.08125
G2,W0034F0001T0006Z000C1N9.png,12,0.028726212985703495,0.028726212985703495
G2,W0034F0001T0006Z000C1N9.png,13,0.04513888888888948,0.04513888888888948
G2,W0034F0001T0006Z000C1N9.png,14,1.3619981874070173,1.3619981874070173
G2,W0034F0001T0006Z000C1N9.png,15,0.2569350598886809,0.2569350598886809
G2,W0034F0001T0006Z000C1N9.png,16,0.0,0.0
G2,W0034F0001T0006Z000C1N9.png,17,1.3743562964500278,1.3743562964500278
G2,W0034F0001T0006Z000C1N9.png,18,0.0,0.0
G2,W0034F0001T0006Z000C1N9.png,19,0.07570021798827396,0.07570021798827396
G2,W0034F0001T0006Z000C1N9.png,20,0.08125,0.08125
G2,W0034F0001T0006Z000C1N9.png,21,0.028726212985703495,0.028726212985703495
G2,W0034F0001T0006Z000C1N9.png,22,0.0,0.0
G2,W0034F0001T0006Z000C1N9.png,23,0.11490485194281398,0.11490485194281398
G2,W0034F0001T0006Z000C1N9.png,24,0.08125,0.08125
G2,W0034F0001T0006Z000C1N9.png,25,1.3306349298770859,1.6543117616834768
G2,W0034F0001T0006Z000C1N9.png,26,0.07490879871550371,0.07490879871550371
G2,W0034F0001T0006Z000C1N9.png,27,1.4770529351874755,1.639511059630366
G2,W0034F0001T0006Z000C1N9.png,28,0.08125,0.08125
G2,W0034F0001T0006Z000C1N9.png,29,0.02271006539648224,0.02271006539648224
G2,W0034F0001T0006Z000C1N9.png,30,0.08125,0.08125
G2,W0034F0001T0006Z000C1N9.png,31,0.04642857142857242,0.04642857142857242
G2,W0034F0001T0006Z000C1N9.png,32,0.04642857142857242,0.04642857142857242
G2,W0034F0001T0006Z000C1N9.png,33,0.9224250948210125,0.9224250948210125
G2,W0034F0001T0006Z000C1N9.png,34,0.08125,0.08125
G2,W0034F0001T0006Z000C1N9.png,35,0.34510516734846575,0.34510516734846575
G2,W0034F0001T0006Z000C1N9.png,36,0.11490485194281398,0.11490485194281398
G2,W0034F0001T0006Z000C1N9.png,37,0.980433577556379,1.4125000000000003
G2,W0034F0001T0006Z000C1N9.png,38,0.787580353043422,1.5492140144279616
G2,W0034F0001T0006Z000C1N9.png,39,0.6245499923154538,1.9909064584340892
G2,W0034F0001T0006Z000C1N9.png,40,0.41114747962257975,0.41114747962257975
G2,W0034F0001T0006Z000C1N9.png,41,0.12426470588235274,0.12426470588235274
G2,W0034F0001T0006Z000C1N9.png,42,1.1985407794480745,1.9634949707091172
G2,W0034F0001T0006Z000C1N9.png,43,1.6750116604071748,1.931290452650766
G2,W0034F0001T0006Z000C1N9.png,44,3.206019971435366,3.206019971435366
G2,W0034F0001T0006Z000C1N14.png,1,0.07267220926874297,0.10277402395547257
G2,W0034F0001T0006Z000C1N14.png,2,0.7803591860058252,3.4149468875661837
G2,W0034F0001T0006Z000C1N14.png,3,0.6700046641628699,4.023310981020483
G2,W0034F0001T0006Z000C1N14.png,4,0.29295104113144915,2.815755060814062
G2,W0034F0001T0006Z000C1N14.png,5,0.0726722092687429,0.0726722092687429
G2,W0034F0001T0006Z000C1N14.png,6,0.06090951492389776,0.06090951492389776
G2,W0034F0001T0006Z000C1N14.png,7,0.08125,0.08125
G2,W0034F0001T0006Z000C1N14.png,8,0.897435582646465,1.511337363066235
G2,W0034F0001T0006Z000C1N14.png,9,2.5632620818012346,2.8652279577722957
G2,W0034F0001T0006Z000C1N14.png,10,1.1950284985074195,1.9223054624113014
G2,W0034F0001T0006Z000C1N14.png,11,1.6127664508539357,2.195254113992273
G2,W0034F0001T0006Z000C1N14.png,12,0.5733484736373007,1.8316344401168652
G2,W0034F0001T0006Z000C1N14.png,13,2.055480479109447,2.2575221482855934
G2,W0034F0001T0006Z000C1N14.png,14,0.08838834764831854,0.08838834764831854
G2,W0034F0001T0006Z000C1N14.png,15,1.8527850657860991,2.1862139076494778
G2,W0034F0001T0006Z000C1N14.png,16,1.2116977557324946,1.716671620097205
G2,W0034F0001T0006Z000C1N14.png,17,1.9916841003421093,2.2372866130401996
G2,W0034F0001T0006Z000C1N14.png,18,1.9785667950564623,1.9785667950564623
G2,W0034F0001T0006Z000C1N14.png,19,0.0,0.1625
G2,W0034F0001T0006Z000C1N14.png,20,0.0,0.5138701197773617
G2,W0034F0001T0006Z000C1N14.png,21,0.028726212985703495,0.028726212985703495
G2,W0034F0001T0006Z000C1N14.png,22,0.08125,0.08125
G2,W0034F0001T0006Z000C1N14.png,23,0.7267220926874317,0.7267220926874317
G2,W0034F0001T0006Z000C1N14.png,24,0.032500000000000466,0.032500000000000466
G2,W0034F0001T0006Z000C1N14.png,25,0.07267220926874421,0.14534441853748634
G2,W0034F0001T0006Z000C1N14.png,26,0.4367056280328388,0.4367056280328388
G2,W0034F0001T0006Z000C1N14.png,27,1.1830178570080843,1.4715000849473303
G2,W0034F0001T0006Z000C1N14.png,28,0.07267220926874317,0.07267220926874317
G2,W0034F0001T0006Z000C1N14.png,29,0.08891329959954858,0.08891329959954858
G2,W0034F0001T0006Z000C1N14.png,30,0.07267220926874421,1.269165572334831
G2,W0034F0001T0006Z000C1N14.png,31,0.040373449593747356,0.040373449593747356
G2,W0034F0001T0006Z000C1N14.png,32,0.0,0.0
G2,W0034F0001T0006Z000C1N14.png,33,0.021613053682672606,0.021613053682672606
G2,W0034F0001T0006Z000C1N14.png,34,0.08125,0.08125
G2,W0034F0001T0006Z000C1N14.png,35,0.9447387204936613,1.4697044770973506
G2,W0034F0001T0006Z000C1N14.png,36,0.08125,0.08125
G2,W0034F0001T0006Z000C1N14.png,37,0.08125,0.08125
G2,W0034F0001T0006Z000C1N14.png,38,0.062386518290405375,0.14226315002443646
G2,W0034F0001T0006Z000C1N14.png,39,0.0,0.0
G2,W0034F0001T0006Z000C1N14.png,40,0.08125,0.08125
G2,W0034F0001T0006Z000C1N14.png,41,0.05264053793957614,0.05264053793957614
G2,W0034F0001T0006Z000C1N14.png,42,0.08125,0.08125
G2,W0034F0001T0006Z000C1N14.png,43,0.07660323462854156,0.07660323462854156
G2,W0034F0001T0006Z000C1N14.png,44,0.07060349365524728,0.07060349365524728
G2,W0034F0001T0006Z000C1N14.png,45,0.08750892811593587,0.08750892811593587
G2,W0034F0001T0006Z000C1N14.png,46,0.05458820350410496,0.05458820350410496
G2,W0034F0001T0006Z000C1N14.png,47,0.0766032346285432,0.0766032346285432
G2,W0034F0001T0006Z000C1N14.png,48,0.04642857142857011,0.04642857142857011
G2,W0034F0001T0006Z000C1N14.png,49,0.040625,1.1382252152474044
G2,W0034F0001T0006Z000C1N14.png,50,0.1160714285714299,2.4778463585401376
G2,W0034F0001T0006Z000C1N14.png,51,0.09363599839438089,0.09363599839438089
G2,W0034F0001T0006Z000C1N14.png,52,0.08125,0.08125
G2,W0034F0001T0006Z000C1N14.png,53,0.03906013881752625,0.03906013881752625
G2,W0034F0001T0006Z000C1N14.png,54,0.11490485194281398,1.5628749550107968
G2,W0034F0001T0006Z000C1N14.png,55,0.0,0.0
G2,W0034F0001T0006Z000C1N14.png,56,0.19150808657135798,1.9276789620047114
G2,W0034F0001T0006Z000C1N14.png,57,0.0,0.0
G2,W0034F0001T0006Z000C1N29.png,1,6.914527229359615,6.914527229359615
G2,W0034F0001T0006Z000C1N29.png,2,1.7564794406739308,1.7564794406739308
G2,W0034F0001T0006Z000C1N29.png,3,2.689853620552613,2.689853620552613
G2,W0034F0001T0006Z000C1N29.png,4,0.18168052317185793,0.18168052317185793
G2,W0034F0001T0006Z000C1N29.png,5,1.0791522206371642,1.0791522206371642
G2,W0034F0001T0006Z000C1N29.png,6,0.1098276567970509,0.1098276567970509
G2,W0034F0001T0006Z000C1N29.png,7,0.40625,0.40625
G2,W0034F0001T0006Z000C1N29.png,8,0.8482749038489823,1.0562500000000001
G2,W0034F0001T0006Z000C1N29.png,9,0.06513808583956887,0.06513808583956887
G2,W0034F0001T0006Z000C1N29.png,10,0.06958928570635851,0.06958928570635851
G2,W0034F0001T0006Z000C1N29.png,11,0.11490485194281398,0.11490485194281398
G2,W0034F0001T0006Z000C1N29.png,12,0.4737648414561807,0.4737648414561807
G2,W0034F0001T0006Z000C1N29.png,13,0.6989389279472135,2.5305168691395834
G2,W0034F0001T0006Z000C1N29.png,14,0.08125,0.08125
G2,W0034F0001T0006Z000C1N29.png,15,0.7357500424736652,2.0714766773970688
G2,W0034F0001T0006Z000C1N29.png,16,0.1625,2.480454847401984
G2,W0034F0001T0006Z000C1N29.png,17,0.3303525286869708,0.3303525286869708
G2,W0034F0001T0006Z000C1N29.png,18,0.10002746204949169,0.10002746204949169
G2,W0034F0001T0006Z000C1N29.png,19,0.08125,0.08125
G2,W0034F0001T0006Z000C1N29.png,20,0.11490485194281398,2.2310486603837223
G2,W0034F0001T0006Z000C1N29.png,21,0.520253844291419,1.627029982053189
G2,W0034F0001T0006Z000C1N29.png,22,0.08125,1.8898267943121139
G2,W0034F0001T0006Z000C1N29.png,23,0.24485294680935427,0.24485294680935427
G2,W0034F0001T0006Z000C1N29.png,24,0.04506939094329987,0.04506939094329987
G2,W0034F0001T0006Z000C1N29.png,25,0.07267220926874317,0.07267220926874317
G2,W0034F0001T0006Z000C1N29.png,26,0.30832207186641625,0.9447387204936616
G2,W0034F0001T0006Z000C1N29.png,27,0.05745242597140699,0.05745242597140699
G2,W0034F0001T0006Z000C1N29.png,28,1.040507688582838,1.5330219339591982
G2,W0034F0001T0006Z000C1N29.png,29,0.16900255100115485,1.7583193288606302
G2,W0034F0001T0006Z000C1N29.png,30,0.07660323462854156,0.07660323462854156
G2,W0034F0001T0006Z000C1N29.png,31,0.04642857142857242,0.04642857142857242
G2,W0034F0001T0006Z000C1N29.png,32,0.08125,0.08125
G2,W0034F0001T0006Z000C1N29.png,33,0.04642857142857242,0.04642857142857242
G2,W0034F0001T0006Z000C1N29.png,34,0.07267220926874421,0.07267220926874421
G2,W0034F0001T0006Z000C1N29.png,35,0.12187500000000001,0.12187500000000001
G2,W0034F0001T0006Z000C1N29.png,36,0.05583372201357212,0.05583372201357212
G2,W0034F0001T0006Z000C1N29.png,37,0.03830161731427201,0.03830161731427201
G2,W0034F0001T0006Z000C1N29.png,38,0.6187815648514426,1.708183428382327
G2,W0034F0001T0006Z000C1N29.png,39,0.07660323462854156,0.07660323462854156
G2,W0034F0001T0006Z000C1N29.png,40,0.03830161731427242,1.1342712111993114
G2,W0034F0001T0006Z000C1N29.png,41,0.11490485194281398,0.11490485194281398
G2,W0034F0001T0006Z000C1N29.png,42,0.978379559526874,1.4647552056572457
G2,W0034F0001T0006Z000C1N29.png,43,0.08125,0.08125
G2,W0034F0001T0006Z000C1N29.png,44,0.07267220926874317,0.07267220926874317
G2,W0034F0001T0006Z000C1N29.png,45,0.0885982965133385,0.0885982965133385
G2,W0034F0001T0006Z000C1N29.png,46,1.2479702908878787,1.3936307375531944
G2,W0034F0001T0006Z000C1N29.png,47,0.08125,0.08125
G2,W0034F0001T0006Z000C1N29.png,48,0.65,0.65
G2,W0034F0001T0006Z000C1N29.png,49,0.9518741792511235,1.06325800167457
G2,W0034F0001T0006Z000C1N29.png,50,1.0562500000000001,1.0562500000000001
G2,W0034F0001T0006Z000C1N29.png,51,0.22980970388562796,0.22980970388562796
G2,W0034F0001T0006Z000C1N29.png,52,0.028726212985703495,0.1839375106184163
G2,W0034F0001T0006Z000C1N29.png,53,0.0773809523809528,0.0773809523809528
G2,W0034F0001T0006Z000C1N29.png,54,0.03830161731427078,0.03830161731427078
G2,W0034F0001T0006Z000C1N29.png,55,1.0277402395547235,1.8168052317185792
G2,W0034F0001T0006Z000C1N29.png,56,0.11490485194281398,2.6824807781231166
G2,W0034F0003T0006Z000C1N4.png,1,0.1801284067301791,0.1801284067301791
G2,W0034F0003T0006Z000C1N4.png,2,0.05745242597140699,0.05745242597140699
G2,W0034F0003T0006Z000C1N4.png,3,0.40625,0.40625
G2,W0034F0003T0006Z000C1N4.png,4,0.10293250365478299,0.10293250365478299
G2,W0034F0003T0006Z000C1N4.png,5,0.06958928570635765,0.06958928570635765
G2,W0034F0003T0006Z000C1N4.png,6,0.060909514923897165,0.060909514923897165
G2,W0034F0003T0006Z000C1N4.png,7,0.12112034878123845,0.12112034878123845
G2,W0034F0003T0006Z000C1N4.png,8,0.04506939094329923,0.04506939094329923
G2,W0034F0003T0006Z000C1N4.png,9,0.11485794242792013,0.11485794242792013
G2,W0034F0003T0006Z000C1N4.png,10,0.0,0.0
G2,W0034F0003T0006Z000C1N4.png,11,0.0,0.0
G2,W0034F0003T0006Z000C1N4.png,12,0.11490485194281398,0.11490485194281398
G2,W0034F0003T0006Z000C1N4.png,13,0.07205136269207127,0.07205136269207127
G2,W0034F0003T0006Z000C1N4.png,14,0.07660323462854238,0.07660323462854238
G2,W0034F0003T0006Z000C1N4.png,15,0.060937500000000006,0.060937500000000006
G2,W0034F0003T0006Z000C1N4.png,16,0.032499999999998155,0.13000000000000186
G2,W0034F0003T0006Z000C1N4.png,17,0.6512682938889318,0.7887948184572463
G2,W0034F0003T0006Z000C1N4.png,18,0.10174262872562347,0.10174262872562347
G2,W0034F0003T0006Z000C1N4.png,19,0.45961940777125593,0.8125
G2,W0034F0003T0006Z000C1N4.png,20,0.08125,0.08125
G2,W0034F0003T0006Z000C1N4.png,21,1.4773480964076082,1.5435318052030766
G2,W0034F0003T0006Z000C1N4.png,22,0.6527512756321011,1.368527956350552
G2,W0034F0003T0006Z000C1N4.png,23,0.0,0.0
G2,W0034F0003T0006Z000C1N4.png,24,0.0,0.0
G2,W0034F0003T0006Z000C1N4.png,25,0.1625,0.1625
G2,W0034F0003T0006Z000C1N4.png,26,0.0,0.0
G2,W0034F0003T0006Z000C1N4.png,27,0.0,0.0
G2,W0034F0003T0006Z000C1N4.png,28,0.0,0.0
G2,W0034F0003T0006Z000C1N4.png,29,1.5751496223040617,2.220287341336516
G2,W0034F0003T0006Z000C1N4.png,30,2.2018214689640323,3.4480866793893443
G2,W0034F0003T0006Z000C1N4.png,31,0.8268182824673278,0.9224250948210133
G2,W0034F0003T0006Z000C1N4.png,32,0.09084026158592896,0.09084026158592896
G2,W0034F0003T0006Z000C1N4.png,33,0.04642857142857242,0.04642857142857242
G2,W0034F0003T0006Z000C1N4.png,34,0.03830161731427242,0.03830161731427242
G2,W0034F0003T0006Z000C1N4.png,35,1.397877855894426,1.427782371371771
G2,W0034F0003T0006Z000C1N4.png,36,0.7708051796660425,0.897435582646465
G2,W0034F0003T0006Z000C1N4.png,37,0.0,0.0
G2,W0034F0003T0006Z000C1N4.png,38,0.05416666666666821,0.05416666666666821
G2,W0034F0003T0006Z000C1N4.png,39,0.04125210432342716,0.04125210432342716
G2,W0034F0003T0006Z000C1N4.png,40,0.08370029746612787,0.08370029746612787
G2,W0034F0003T0006Z000C1N4.png,41,0.0,0.0
G2,W0034F0002T0006Z000C1N48.png,1,0.136046511627907,0.136046511627907
G2,W0034F0002T0006Z000C1N48.png,2,0.0771993777410875,0.0771993777410875
G2,W0034F0002T0006Z000C1N48.png,3,0.072672209268744,0.072672209268744
G2,W0034F0002T0006Z000C1N48.png,4,1.2619851734200758,1.2619851734200758
G2,W0034F0002T0006Z000C1N48.png,5,0.09084026158592896,0.09084026158592896
G2,W0034F0002T0006Z000C1N48.png,6,0.08125,0.08125
G2,W0034F0002T0006Z000C1N48.png,7,0.054166666666666474,0.054166666666666474
G2,W0034F0002T0006Z000C1N48.png,8,0.08125,0.08125
G2,W0034F0002T0006Z000C1N48.png,9,0.039480403454683045,0.039480403454683045
G2,W0034F0002T0006Z000C1N48.png,10,0.040625,0.040625
G2,W0034F0002T0006Z000C1N48.png,11,0.043603325561246,0.043603325561246
G2,W0034F0002T0006Z000C1N48.png,12,0.07432197775591624,0.07432197775591624
G2,W0034F0002T0006Z000C1N48.png,13,0.6211576103208458,0.7146092095082804
G2,W0034F0002T0006Z000C1N48.png,14,0.0,0.0
G2,W0034F0002T0006Z000C1N48.png,15,0.08125,0.08125
G2,W0034F0002T0006Z000C1N48.png,16,0.060777298082366156,0.060777298082366156
G2,W0034F0002T0006Z000C1N48.png,17,0.11490485194281398,0.11490485194281398
G2,W0034F0002T0006Z000C1N48.png,18,0.07660323462854238,0.07660323462854238
G2,W0034F0002T0006Z000C1N48.png,19,0.09459160805298615,0.09459160805298615
G2,W0034F0002T0006Z000C1N48.png,20,0.0,0.0
G2,W0034F0002T0006Z000C1N48.png,21,0.07896080690936312,0.07896080690936312
G2,W0034F0002T0006Z000C1N48.png,22,0.07274086512653748,0.07274086512653748
G2,W0034F0002T0006Z000C1N48.png,23,0.11490485194281398,0.11490485194281398
G2,W0034F0002T0006Z000C1N48.png,24,0.04506939094329923,0.04506939094329923
G2,W0034F0002T0006Z000C1N48.png,25,0.07603453162872757,0.07603453162872757
G2,W0034F0002T0006Z000C1N48.png,26,0.1196596341275987,0.1196596341275987
G2,W0034F0002T0006Z000C1N48.png,27,0.09848987309384101,0.09848987309384101
G2,W0034F0002T0006Z000C1N48.png,28,0.08838834764831895,0.08838834764831895
G2,W0034F0002T0006Z000C1N48.png,29,2.0131134761993805,2.0131134761993805
G2,W0034F0002T0006Z000C1N48.png,30,0.07267220926874317,0.07267220926874317
G2,W0034F0002T0006Z000C1N48.png,31,0.05814405359843762,0.05814405359843762
G2,W0034F0002T0006Z000C1N48.png,32,0.08125,0.08125
G2,W0034F0002T0006Z000C1N48.png,33,0.05076662289339292,0.05076662289339292
G2,W0034F0002T0006Z000C1N48.png,34,0.1001470368020393,0.1001470368020393
G2,W0034F0002T0006Z000C1N48.png,35,0.0,0.0
G2,W0034F0002T0006Z000C1N48.png,36,0.032673437341804674,0.032673437341804674
G2,W0034F0002T0006Z000C1N48.png,37,0.11490485194281398,0.11490485194281398
G2,W0034F0002T0006Z000C1N48.png,38,0.06964285714285748,0.06964285714285748
G2,W0034F0002T0006Z000C1N48.png,39,0.09027777777777851,0.09027777777777851
G2,W0034F0002T0006Z000C1N48.png,40,0.09765034704381627,0.09765034704381627
G2,W0034F0002T0006Z000C1N48.png,41,0.005416666666666359,0.005416666666666359
G2,W0034F0002T0006Z000C1N48.png,42,0.06056017439061974,0.11166744402714507
G2,W0034F0002T0006Z000C1N48.png,43,0.04999999999999982,0.04999999999999982
G2,W0034F0002T0006Z000C1N48.png,44,1.2691655723348314,1.3400093283257397
G2,W0034F0002T0006Z000C1N48.png,45,0.0,0.0
G2,W0034F0002T0006Z000C1N48.png,46,0.08750892811593587,0.08750892811593587
G2,W0034F0002T0006Z000C1N48.png,47,0.08750892811593587,0.08750892811593587
G2,W0034F0002T0006Z000C1N48.png,48,0.07660323462854197,1.355249567012987
G2,W0034F0002T0006Z000C1N48.png,49,1.0562500000000001,1.0562500000000001
G2,W0034F0002T0006Z000C1N48.png,50,2.1575279274698858,2.1575279274698858
G2,W0034F0002T0006Z000C1N48.png,51,0.18168052317185793,0.18168052317185793
G2,W0034F0002T0006Z000C1N48.png,52,0.0,0.9884489111734607
G2,W0034F0002T0006Z000C1N48.png,53,0.05955076745902307,0.05955076745902307
G2,W0034F0002T0006Z000C1N48.png,54,0.08125,0.08125
G2,W0034F0002T0006Z000C1N48.png,55,2.35422566297758,2.40417027729365
G2,W0034F0002T0006Z000C1N48.png,56,0.0186338998124987,0.0186338998124987
G2,W0034F0002T0006Z000C1N48.png,57,2.5498638307869603,2.5498638307869603
G2,W0034F0002T0006Z000C1N48.png,58,2.4563851743975333,2.4563851743975333
G2,W0034F0002T0006Z000C1N48.png,59,0.05590169943749713,0.05590169943749713
G2,W0034F0002T0006Z000C1N48.png,60,0.11490485194281398,0.11490485194281398
G2,W0034F0002T0006Z000C1N48.png,61,0.08125,0.08125
G2,W0034F0002T0006Z000C1N48.png,62,1.3464285714285724,1.3506246192946805
G2,W0034F0002T0006Z000C1N48.png,63,0.02271006539648224,0.02271006539648224
G2,W0034F0002T0006Z000C1N48.png,64,1.1287610741427967,1.4374592385525233
G2,W0034F0002T0006Z000C1N48.png,65,0.651127494342612,0.8079735023845489
G2,W0034F0002T0006Z000C1N48.png,66,1.2575416625954252,2.142830729003873
G2,W0034F0002T0006Z000C1N48.png,67,0.0,0.0
G2,W0034F0002T0006Z000C1N48.png,68,0.0,0.0
G2,W0034F0002T0006Z000C1N48.png,69,0.1742500095175243,0.1742500095175243
G2,W0034F0002T0006Z000C1N48.png,70,0.0,0.0
G2,W0034F0002T0006Z000C1N48.png,71,0.08891329959954858,0.08891329959954858
G2,W0034F0002T0006Z000C1N48.png,72,0.05709667997526184,0.05709667997526184
G2,W0034F0002T0006Z000C1N48.png,73,0.060937500000000006,0.060937500000000006
G2,W0034F0002T0006Z000C1N48.png,74,0.11490485194281398,0.11490485194281398
G2,W0034F0002T0006Z000C1N48.png,75,0.12643417954096944,0.12643417954096944
G2,W0034F0002T0006Z000C1N48.png,76,1.0309249654041523,1.0422468548840893
G2,W0034F0002T0006Z000C1N48.png,77,1.54375,1.54375
G2,W0034F0002T0006Z000C1N51.png,1,0.07386363636363584,0.07386363636363584
G2,W0034F0002T0006Z000C1N51.png,2,0.531629000837285,0.531629000837285
G2,W0034F0002T0006Z000C1N51.png,3,0.0383016173142719,0.0383016173142719
G2,W0034F0002T0006Z000C1N51.png,4,0.0,0.0
G2,W0034F0002T0006Z000C1N51.png,5,0.060560174390619476,0.060560174390619476
G2,W0034F0002T0006Z000C1N51.png,6,0.025534411542847867,0.025534411542847867
G2,W0034F0002T0006Z000C1N51.png,7,0.0695892857063571,0.0695892857063571
G2,W0034F0002T0006Z000C1N51.png,8,0.29169642705311744,0.29169642705311744
G2,W0034F0002T0006Z000C1N51.png,9,0.0541666666666659,0.0541666666666659
G2,W0034F0002T0006Z000C1N51.png,10,0.01767766952966444,0.01767766952966444
G2,W0034F0002T0006Z000C1N51.png,11,0.059657587763651376,0.059657587763651376
G2,W0034F0002T0006Z000C1N51.png,12,0.042763157894737364,0.042763157894737364
G2,W0034F0002T0006Z000C1N51.png,13,0.0,0.0
G2,W0034F0002T0006Z000C1N51.png,14,0.11490485194281398,0.11490485194281398
G2,W0034F0002T0006Z000C1N51.png,15,0.07052302927901505,0.07052302927901505
G2,W0034F0002T0006Z000C1N51.png,16,0.07695559204460944,0.07695559204460944
G2,W0034F0002T0006Z000C1N51.png,17,0.0,0.0
G2,W0034F0002T0006Z000C1N51.png,18,0.2846972380637215,0.2846972380637215
G2,W0034F0002T0006Z000C1N51.png,19,0.08125,0.08125
G2,W0034F0002T0006Z000C1N51.png,20,1.0932918136508285,1.0932918136508285
G2,W0034F0002T0006Z000C1N51.png,21,0.05745242597140699,0.05745242597140699
G2,W0034F0002T0006Z000C1N51.png,22,0.0990959703412223,0.0990959703412223
G2,W0034F0002T0006Z000C1N51.png,23,0.007181553246425874,0.007181553246425874
G2,W0034F0002T0006Z000C1N51.png,24,0.08750892811593565,0.08750892811593565
G2,W0034F0002T0006Z000C1N51.png,25,0.06499999999999931,0.06499999999999931
G2,W0034F0002T0006Z000C1N51.png,26,0.07323776028286229,0.07323776028286229
G2,W0034F0002T0006Z000C1N51.png,27,0.11490485194281398,0.11490485194281398
G2,W0034F0002T0006Z000C1N51.png,28,0.0,0.0
G2,W0034F0002T0006Z000C1N51.png,29,0.07267220926874317,0.07267220926874317
G2,W0034F0002T0006Z000C1N51.png,30,0.0,0.0
G2,W0034F0002T0006Z000C1N51.png,31,0.0,0.0
G2,W0034F0002T0006Z000C1N51.png,32,0.11490485194281398,0.11490485194281398
G2,W0034F0002T0006Z000C1N51.png,33,0.07267220926874421,0.07267220926874421
G2,W0034F0002T0006Z000C1N51.png,34,0.032500000000000466,0.032500000000000466
G2,W0034F0002T0006Z000C1N51.png,35,0.046428571428571264,0.046428571428571264
G2,W0034F0002T0006Z000C1N51.png,36,1.106910113785217,1.1116710394716607
G2,W0034F0002T0006Z000C1N51.png,37,0.09357977743560816,0.09357977743560816
G2,W0034F0002T0006Z000C1N51.png,38,0.11490485194281398,0.11490485194281398
G2,W0034F0002T0006Z000C1N51.png,39,0.032499999999999564,0.032499999999999564
G2,W0034F0002T0006Z000C1N51.png,40,0.06589659407823067,0.06589659407823067
G2,W0034F0002T0006Z000C1N51.png,41,0.018168052317186826,0.018168052317186826
G2,W0034F0002T0006Z000C1N51.png,42,0.08125,0.08125
G2,W0034F0002T0006Z000C1N51.png,43,0.2916964270531191,0.2916964270531191
G2,W0034F0002T0006Z000C1N51.png,44,0.9777045821719347,0.9777045821719347
G2,W0034F0002T0006Z000C1N51.png,45,0.05803571428571333,0.05803571428571333
G2,W0034F0002T0006Z000C1N51.png,46,0.07660323462854401,0.07660323462854401
G2,W0034F0002T0006Z000C1N51.png,47,0.027083333333333383,0.027083333333333383
G2,W0034F0002T0006Z000C1N51.png,48,0.11490485194281398,0.11490485194281398
G2,W0034F0002T0006Z000C1N51.png,49,0.65,0.65
G2,W0034F0002T0006Z000C1N51.png,50,0.03952847075210351,0.03952847075210351
G2,W0034F0002T0006Z000C1N51.png,51,0.9577319217963747,0.9826809718118644
G2,W0034F0003T0006Z000C1N41.png,1,5.345237366104521,5.724522359987774
G2,W0034F0003T0006Z000C1N41.png,2,0.0760947201008134,0.0760947201008134
G2,W0034F0003T0006Z000C1N41.png,3,0.2621512867012875,0.2621512867012875
G2,W0034F0003T0006Z000C1N41.png,4,0.060937500000000006,0.060937500000000006
G2,W0034F0003T0006Z000C1N41.png,5,0.07267220926874317,0.07267220926874317
G2,W0034F0003T0006Z000C1N41.png,6,0.055887982203261875,0.055887982203261875
G2,W0034F0003T0006Z000C1N41.png,7,0.08125,0.08125
G2,W0034F0003T0006Z000C1N41.png,8,0.08466673301049364,0.08466673301049364
G2,W0034F0003T0006Z000C1N41.png,9,0.06958928570635742,0.06958928570635742
G2,W0034F0003T0006Z000C1N41.png,10,0.08750892811593587,0.08750892811593587
G2,W0034F0003T0006Z000C1N41.png,11,0.12820508323520907,0.12820508323520907
G2,W0034F0003T0006Z000C1N41.png,12,0.0902777777777778,0.0902777777777778
G2,W0034F0003T0006Z000C1N41.png,13,0.02499999999999991,0.02499999999999991
G2,W0034F0003T0006Z000C1N41.png,14,0.08750892811593587,0.08750892811593587
G2,W0034F0003T0006Z000C1N41.png,15,0.07274086512653961,0.07274086512653961
G2,W0034F0003T0006Z000C1N41.png,16,0.5138701197773617,1.14904851942814
G2,W0034F0003T0006Z000C1N41.png,17,1.9918682342213303,2.476459481295828
G2,W0034F0002T0006Z000C1N56.png,1,0.0,0.0
G2,W0034F0002T0006Z000C1N56.png,2,0.0,0.0
G2,W0034F0002T0006Z000C1N56.png,3,0.0,0.0
G2,W0034F0002T0006Z000C1N56.png,4,0.11490485194281398,0.11490485194281398
G2,W0034F0002T0006Z000C1N56.png,5,0.08029220621521276,0.08029220621521276
G2,W0034F0002T0006Z000C1N56.png,6,0.0,0.0
G2,W0034F0002T0006Z000C1N56.png,7,0.0,0.0
G2,W0034F0002T0006Z000C1N56.png,8,0.08125,0.08125
G2,W0034F0002T0006Z000C1N56.png,9,0.06689530430826304,0.06689530430826304
G2,W0034F0002T0006Z000C1N56.png,10,0.0,0.0
G2,W0034F0002T0006Z000C1N56.png,11,0.0541666666666659,0.0541666666666659
G2,W0034F0002T0006Z000C1N56.png,12,0.11490485194281398,0.11490485194281398
G2,W0034F0002T0006Z000C1N56.png,13,0.0,0.0
G2,W0034F0002T0006Z000C1N56.png,14,0.0,0.0
G2,W0034F0002T0006Z000C1N56.png,15,0.05340002340823428,0.05340002340823428
G2,W0034F0002T0006Z000C1N56.png,16,0.0,0.0
G2,W0034F0002T0006Z000C1N56.png,17,0.06589659407823172,0.06589659407823172
G2,W0034F0002T0006Z000C1N56.png,18,0.05803571428571495,0.05803571428571495
G2,W0034F0002T0006Z000C1N56.png,19,0.0,0.0
G2,W0034F0002T0006Z000C1N56.png,20,0.075438556689247,0.075438556689247
G2,W0034F0002T0006Z000C1N56.png,21,0.0,0.0
G2,W0034F0002T0006Z000C1N56.png,22,0.052659648681878016,0.052659648681878016
G2,W0034F0002T0006Z000C1N56.png,23,0.0,0.0
G2,W0034F0002T0006Z000C1N56.png,24,0.019080933177549202,0.019080933177549202
G2,W0034F0002T0006Z000C1N56.png,25,0.0,0.0
G2,W0034F0002T0006Z000C1N56.png,26,0.07660323462854238,0.07660323462854238
G2,W0034F0002T0006Z000C1N56.png,27,0.07558139534883619,0.07558139534883619
G2,W0034F0002T0006Z000C1N56.png,28,0.024447840838896243,0.024447840838896243
G2,W0034F0002T0006Z000C1N56.png,29,0.0,0.0
G2,W0034F0002T0006Z000C1N56.png,30,0.0,0.0
G2,W0034F0002T0006Z000C1N56.png,31,0.0,0.0
G2,W0034F0002T0006Z000C1N56.png,32,0.0,0.0
G2,W0034F0002T0006Z000C1N56.png,33,0.07660323462854238,0.07660323462854238
G2,W0034F0002T0006Z000C1N56.png,34,0.08265366481983193,0.08265366481983193
G2,W0034F0002T0006Z000C1N56.png,35,0.08125,0.08125
G2,W0034F0002T0006Z000C1N56.png,36,0.07847188080336515,0.07847188080336515
G2,W0034F0002T0006Z000C1N56.png,37,0.07686270270544988,0.07686270270544988
G2,W0034F0002T0006Z000C1N56.png,38,0.0,0.0
G2,W0034F0002T0006Z000C1N56.png,39,0.07032397301629033,0.07032397301629033
G2,W0034F0002T0006Z000C1N56.png,40,0.0,0.0
G2,W0034F0002T0006Z000C1N56.png,41,0.03292454629484899,0.03292454629484899
G2,W0034F0002T0006Z000C1N56.png,42,0.02708333333333295,0.02708333333333295
G2,W0034F0002T0006Z000C1N56.png,43,0.0,0.0
G2,W0034F0002T0006Z000C1N56.png,44,0.0,0.0
G2,W0034F0002T0006Z000C1N56.png,45,0.0,0.0
G2,W0034F0002T0006Z000C1N56.png,46,0.03190498400775574,0.03190498400775574
G2,W0034F0002T0006Z000C1N56.png,47,0.0,0.0
G2,W0034F0002T0006Z000C1N56.png,48,0.07660323462854156,0.07660323462854156
G2,W0034F0002T0006Z000C1N56.png,49,0.0,0.0
G2,W0034F0002T0006Z000C1N56.png,50,0.09030088593142438,0.09030088593142438
G2,W0034F0002T0006Z000C1N56.png,51,0.08536934655257064,0.08536934655257064
G2,W0034F0002T0006Z000C1N56.png,52,0.04542013079296448,0.04542013079296448
G2,W0034F0002T0006Z000C1N56.png,53,0.08125,0.08125
G2,W0034F0002T0006Z000C1N56.png,54,0.0,0.0
G2,W0034F0002T0006Z000C1N56.png,55,0.0,0.0
G2,W0034F0002T0006Z000C1N56.png,56,0.032499999999998155,0.032499999999998155
G2,W0034F0002T0006Z000C1N56.png,57,0.0,0.0
G2,W0034F0002T0006Z000C1N56.png,58,0.033447652154133485,0.033447652154133485
G2,W0034F0002T0006Z000C1N56.png,59,0.08144476655992122,0.08144476655992122
G2,W0034F0002T0006Z000C1N56.png,60,0.0,0.0
G2,W0034F0002T0006Z000C1N56.png,61,0.06500000000000093,0.06500000000000093
G2,W0034F0002T0006Z000C1N56.png,62,0.08024588691883673,0.08024588691883673
G2,W0034F0002T0006Z000C1N56.png,63,0.03028008719530793,0.03028008719530793
G2,W0034F0002T0006Z000C1N56.png,64,0.0,0.0
G2,W0034F0002T0006Z000C1N56.png,65,0.040625,0.040625
G2,W0034F0002T0006Z000C1N56.png,66,0.0,0.0
G2,W0034F0002T0006Z000C1N56.png,67,0.0,0.0
G2,W0034F0002T0006Z000C1N56.png,68,0.0,0.0
G2,W0034F0002T0006Z000C1N56.png,69,0.08125,0.08125
G2,W0034F0002T0006Z000C1N56.png,70,0.06688636749760553,0.06688636749760553
G2,W0034F0002T0006Z000C1N56.png,71,0.08125,0.08125
G2,W0034F0002T0006Z000C1N56.png,72,0.0861390620829424,0.0861390620829424
G2,W0034F0001T0006Z000C1N27.png,1,0.0771993777410875,0.0771993777410875
G2,W0034F0001T0006Z000C1N27.png,2,0.08125,0.08125
G2,W0034F0001T0006Z000C1N27.png,3,0.0,0.0
G2,W0034F0001T0006Z000C1N27.png,4,0.05416666666666821,0.05416666666666821
G2,W0034F0001T0006Z000C1N27.png,5,0.09013878188659966,0.09013878188659966
G2,W0034F0001T0006Z000C1N27.png,6,0.04642857142857141,0.04642857142857141
G2,W0034F0001T0006Z000C1N27.png,7,0.0,0.0
G2,W0034F0001T0006Z000C1N27.png,8,0.08207489424486765,0.08207489424486765
G2,W0034F0001T0006Z000C1N27.png,9,0.10000069614371117,0.10000069614371117
G2,W0034F0001T0006Z000C1N27.png,10,0.040625,0.040625
G2,W0034F0001T0006Z000C1N27.png,11,0.04999999999999982,0.04999999999999982
G2,W0034F0001T0006Z000C1N27.png,12,0.0,0.0
G2,W0034F0001T0006Z000C1N27.png,13,0.032500000000000466,0.032500000000000466
G2,W0034F0001T0006Z000C1N27.png,14,0.0,0.0
G2,W0034F0001T0006Z000C1N27.png,15,0.08125,0.08125
G2,W0034F0001T0006Z000C1N27.png,16,0.09765034704381723,0.09765034704381723
G2,W0034F0001T0006Z000C1N27.png,17,0.07914541692591431,0.07914541692591431
G2,W0034F0001T0006Z000C1N27.png,18,0.07660323462854238,0.07660323462854238
G2,W0034F0001T0006Z000C1N27.png,19,0.03526340337699415,0.03526340337699415
G2,W0034F0001T0006Z000C1N27.png,20,0.07660323462854238,0.07660323462854238
G2,W0034F0001T0006Z000C1N27.png,21,0.08886236101066448,0.08886236101066448
G2,W0034F0001T0006Z000C1N27.png,22,0.052232142857144837,0.052232142857144837
G2,W0034F0001T0006Z000C1N27.png,23,0.0,0.0
G2,W0034F0001T0006Z000C1N27.png,24,0.03830161731426997,0.03830161731426997
G2,W0034F0001T0006Z000C1N27.png,25,1.38125,1.38125
G2,W0034F0001T0006Z000C1N27.png,26,0.07267220926874421,0.07267220926874421
G2,W0034F0001T0006Z000C1N27.png,27,0.0,0.0
G2,W0034F0001T0006Z000C1N27.png,28,0.08750892811593587,0.08750892811593587
G2,W0034F0001T0006Z000C1N27.png,29,0.0,0.0
G2,W0034F0001T0006Z000C1N27.png,30,0.0,0.0
G2,W0034F0001T0006Z000C1N27.png,31,0.045961940777124614,0.045961940777124614
G2,W0034F0001T0006Z000C1N27.png,32,0.0,0.0
G2,W0034F0001T0006Z000C1N27.png,33,0.05617991096370393,0.05617991096370393
G2,W0034F0001T0006Z000C1N27.png,34,0.04624478615923798,0.04624478615923798
G2,W0034F0001T0006Z000C1N27.png,35,0.07267220926874421,0.07267220926874421
G2,W0034F0001T0006Z000C1N27.png,36,0.08125,0.08125
G2,W0034F0001T0006Z000C1N27.png,37,0.08125,0.08125
G2,W0034F0001T0006Z000C1N27.png,38,0.0,0.0
G2,W0034F0001T0006Z000C1N27.png,39,0.07367463192231755,0.07367463192231755
G2,W0034F0001T0006Z000C1N27.png,40,0.08279565481415205,0.08279565481415205
G2,W0034F0001T0006Z000C1N27.png,41,0.03693181818181808,0.03693181818181808
G2,W0034F0001T0006Z000C1N27.png,42,0.08125,0.08125
G2,W0034F0001T0006Z000C1N27.png,43,0.04642857142857242,0.04642857142857242
G2,W0034F0001T0006Z000C1N27.png,44,0.12790108511781992,0.12790108511781992
G2,W0034F0001T0006Z000C1N27.png,45,0.046428571428571264,0.046428571428571264
G2,W0034F0001T0006Z000C1N27.png,46,0.05078125,0.05078125
G2,W0034F0001T0006Z000C1N27.png,47,0.0776598808830227,0.0776598808830227
G2,W0034F0001T0006Z000C1N27.png,48,0.8636993472846903,0.8636993472846903
G2,W0034F0001T0006Z000C1N27.png,49,0.03830161731427242,0.03830161731427242
G2,W0034F0001T0006Z000C1N27.png,50,0.12830883003206614,0.12830883003206614
G2,W0034F0001T0006Z000C1N27.png,51,1.3126339217390353,1.3126339217390353
G2,W0034F0001T0006Z000C1N27.png,52,0.05709667997526184,0.05709667997526184
G2,W0034F0001T0006Z000C1N27.png,53,0.08002196963959397,0.08002196963959397
G2,W0034F0001T0006Z000C1N27.png,54,0.21125318875144275,0.21125318875144275
G2,W0034F0001T0006Z000C1N27.png,55,0.09027777777777712,0.09027777777777712
G2,W0034F0001T0006Z000C1N27.png,56,0.04642857142857242,0.04642857142857242
G2,W0034F0001T0006Z000C1N27.png,57,0.06090951492389675,0.06090951492389675
G2,W0034F0001T0006Z000C1N27.png,58,0.07323776028286229,0.07323776028286229
G2,W0034F0001T0006Z000C1N27.png,59,1.2720880503379082,1.2720880503379082
G2,W0034F0001T0006Z000C1N27.png,60,4.14375,4.14375
G2,W0034F0001T0006Z000C1N27.png,61,0.117707821205048,0.117707821205048
G2,W0034F0001T0006Z000C1N27.png,62,0.10445895631164974,0.10445895631164974
G2,W0034F0001T0006Z000C1N27.png,63,0.07987873462254001,0.07987873462254001
G2,W0034F0003T0006Z000C1N9.png,1,5.9150892850404215,15.934945873770642
G2,W0034F0003T0006Z000C1N9.png,2,1.7336544961582925,14.178119679594047
G2,W0034F0003T0006Z000C1N9.png,3,1.963494970709118,12.214553307427988
G2,W0034F0003T0006Z000C1N9.png,4,1.760624987674043,10.508682339565171
G2,W0034F0003T0006Z000C1N9.png,5,4.293284990184607,10.312065857864972
G2,W0034F0003T0006Z000C1N9.png,6,4.970382003993757,10.628000036019243
G2,W0034F0003T0006Z000C1N9.png,7,1.1777747324138432,7.006899849991615
G2,W0034F0003T0006Z000C1N9.png,8,5.132848411213797,11.63562182749594
G2,W0034F0003T0006Z000C1N9.png,9,4.476401149503417,10.16963913363785
G2,W0034F0003T0006Z000C1N9.png,10,0.08125,0.08125
G2,W0034F0003T0006Z000C1N9.png,11,1.955282558305193,5.011304116226883
G2,W0034F0003T0006Z000C1N9.png,12,0.5859020822628983,2.2633630950424193
G2,W0034F0003T0006Z000C1N9.png,13,3.2397706522446,6.999340533007558
G2,W0034F0003T0006Z000C1N9.png,14,0.03830161731427078,0.03830161731427078
G2,W0034F0003T0006Z000C1N8.png,1,0.08736736599340168,0.08736736599340168
G2,W0034F0003T0006Z000C1N8.png,2,0.919238815542512,0.919238815542512
G2,W0034F0003T0006Z000C1N8.png,3,0.11490485194281398,0.11490485194281398
G2,W0034F0003T0006Z000C1N8.png,4,0.03250000000000003,0.03250000000000003
G2,W0034F0003T0006Z000C1N8.png,5,0.11490485194281398,0.11490485194281398
G2,W0034F0003T0006Z000C1N8.png,6,0.03190498400775559,0.03190498400775559
G2,W0034F0003T0006Z000C1N8.png,7,0.0,0.1625
G2,W0034F0003T0006Z000C1N8.png,8,0.08750892811593565,0.08750892811593565
G2,W0034F0003T0006Z000C1N8.png,9,0.06936717923885584,0.06936717923885584
G2,W0034F0003T0006Z000C1N8.png,10,0.9510068677459697,1.0686768980847299
G2,W0034F0003T0006Z000C1N8.png,11,0.040625,0.040625
G2,W0034F0003T0006Z000C1N8.png,12,0.15426673429045498,2.081093703581465
G2,W0034F0003T0006Z000C1N8.png,13,0.0,0.0
G2,W0034F0003T0006Z000C1N8.png,14,0.06601562500000001,0.06601562500000001
G2,W0034F0003T0006Z000C1N8.png,15,0.09765034704381627,0.09765034704381627
G2,W0034F0003T0006Z000C1N8.png,16,1.0180595819990106,1.482673366760191
G2,W0034F0003T0006Z000C1N8.png,17,0.8502959043768237,1.5120360858789048
G2,W0034F0003T0006Z000C1N8.png,18,0.11490485194281398,0.11490485194281398
G2,W0034F0003T0006Z000C1N8.png,19,0.0667981880176218,0.0667981880176218
G2,W0034F0003T0006Z000C1N8.png,20,0.0935797774356081,0.0935797774356081
G2,W0034F0003T0006Z000C1N8.png,21,0.046428571428571264,0.046428571428571264
G2,W0034F0003T0006Z000C1N8.png,22,0.07660323462854278,0.12112034878123817
G2,W0034F0003T0006Z000C1N8.png,23,0.08125,0.08125
G2,W0034F0003T0006Z000C1N8.png,24,1.0917640700820954,1.6846181668424325
G2,W0034F0003T0006Z000C1N8.png,25,0.40625,2.3280641770578403
G2,W0034F0003T0006Z000C1N8.png,26,0.06090951492389787,0.06090951492389787
G2,W0034F0003T0006Z000C1N8.png,27,0.04642857142857242,0.04642857142857242
G2,W0034F0003T0006Z000C1N8.png,28,0.0,0.0
G2,W0034F0003T0006Z000C1N8.png,29,0.11490485194281398,0.11490485194281398
G2,W0034F0003T0006Z000C1N8.png,30,0.11490485194281398,1.284675299443404
G2,W0034F0003T0006Z000C1N8.png,31,0.0,2.6800186566514794
G2,W0034F0003T0006Z000C1N8.png,32,0.0,0.9884489111734607
G2,W0034F0003T0006Z000C1N8.png,33,0.08125,1.105119478834755
G2,W0034F0003T0006Z000C1N8.png,34,0.09100137361600671,0.09100137361600671
G2,W0034F0003T0006Z000C1N8.png,35,0.08125,0.08125
G2,W0034F0003T0006Z000C1N8.png,36,0.07660323462854156,0.07660323462854156
G2,W0034F0003T0006Z000C1N8.png,37,0.07267220926874421,0.07267220926874421
G2,W0034F0003T0006Z000C1N8.png,38,0.08125,0.08125
G2,W0034F0003T0006Z000C1N8.png,39,0.0,0.0
G2,W0034F0003T0006Z000C1N8.png,40,0.08125,0.08125
G2,W0034F0003T0006Z000C1N8.png,41,0.08125,0.08125
G2,W0034F0003T0006Z000C1N8.png,42,0.028726212985703495,0.028726212985703495
G2,W0034F0003T0006Z000C1N8.png,43,0.0,0.0
G2,W0034F0003T0006Z000C1N8.png,44,0.04178358252466,0.04178358252466
G2,W0034F0003T0006Z000C1N8.png,45,0.43754464057967846,0.6942003043070494
G2,W0034F0003T0006Z000C1N8.png,46,0.6277353142662259,0.6277353142662259
G2,W0034F0003T0006Z000C1N8.png,47,0.582211323756422,1.848562769078857
G2,W0034F0003T0006Z000C1N8.png,48,0.4844813951249548,2.1448905695991933
G2,W0034F0003T0006Z000C1N8.png,49,0.028726212985703495,0.028726212985703495
G2,W0034F0003T0006Z000C1N8.png,50,0.45316409420980414,0.45316409420980414
G2,W0034F0003T0006Z000C1N8.png,51,0.032500000000000466,0.032500000000000466
G2,W0034F0003T0006Z000C1N8.png,52,0.09013878188660039,0.09013878188660039
G2,W0034F0003T0006Z000C1N8.png,53,0.03830161731427242,0.03830161731427242
G2,W0034F0003T0006Z000C1N8.png,54,0.0,0.0
G2,W0034F0003T0006Z000C1N8.png,55,0.11490485194281398,0.11490485194281398
G2,W0034F0003T0006Z000C1N8.png,56,0.08125,0.08125
G2,W0034F0003T0006Z000C1N8.png,57,0.520253844291419,0.520253844291419
G2,W0034F0003T0006Z000C1N8.png,58,0.6035714285714276,0.6250637722566825
G2,W0034F0003T0006Z000C1N8.png,59,0.8475449955791433,0.8475449955791433
G2,W0034F0002T0006Z000C1N43.png,1,0.08125,0.08125
G2,W0034F0002T0006Z000C1N43.png,2,0.039412039068403966,0.039412039068403966
G2,W0034F0002T0006Z000C1N43.png,3,0.053542783268104056,0.053542783268104056
G2,W0034F0002T0006Z000C1N43.png,4,0.11490485194281398,0.11490485194281398
G2,W0034F0002T0006Z000C1N43.png,5,0.017105263157894648,0.017105263157894648
G2,W0034F0002T0006Z000C1N43.png,6,0.07603453162872748,0.07603453162872748
G2,W0034F0002T0006Z000C1N43.png,7,0.08125,0.08125
G2,W0034F0002T0006Z000C1N43.png,8,0.07854161807622244,0.07854161807622244
G2,W0034F0002T0006Z000C1N43.png,9,0.11490485194281398,0.11490485194281398
G2,W0034F0002T0006Z000C1N43.png,10,0.03425800798515805,0.03425800798515805
G2,W0034F0002T0006Z000C1N43.png,11,0.08125,0.08125
G2,W0034F0002T0006Z000C1N43.png,12,0.08560236129830776,0.08560236129830776
G2,W0034F0002T0006Z000C1N43.png,13,0.040625,0.040625
G2,W0034F0002T0006Z000C1N43.png,14,0.07432197775591651,0.07432197775591651
G2,W0034F0002T0006Z000C1N43.png,15,0.1027740239554716,0.1027740239554716
G2,W0034F0002T0006Z000C1N43.png,16,0.57452425971407,0.8365199489551939
G2,W0034F0002T0006Z000C1N43.png,17,0.06728908265624331,0.06728908265624331
G2,W0034F0002T0006Z000C1N43.png,18,0.8285906709588275,2.1125000000000003
G2,W0034F0002T0006Z000C1N43.png,19,0.059499847597246164,0.059499847597246164
G2,W0034F0002T0006Z000C1N43.png,20,0.08125,0.08125
G2,W0034F0002T0006Z000C1N43.png,21,0.0919238815542525,0.0919238815542525
G2,W0034F0002T0006Z000C1N43.png,22,1.4777128286922443,1.4777128286922443
G2,W0034F0002T0006Z000C1N43.png,23,0.06373774391991026,0.06373774391991026
G2,W0034F0002T0006Z000C1N43.png,24,0.0,0.0
G2,W0034F0002T0006Z000C1N43.png,25,0.05104859036782752,0.05104859036782752
G2,W0034F0002T0006Z000C1N43.png,26,0.07609472010081425,0.07609472010081425
G2,W0034F0002T0006Z000C1N43.png,27,0.08891329959954858,0.08891329959954858
G2,W0034F0002T0006Z000C1N43.png,28,0.06510023136254361,0.06510023136254361
G2,W0034F0002T0006Z000C1N43.png,29,0.057352941176470384,0.057352941176470384
G2,W0034F0002T0006Z000C1N43.png,30,0.08125,0.08125
G2,W0034F0002T0006Z000C1N43.png,31,0.65,0.65
G2,W0034F0002T0006Z000C1N43.png,32,1.4048484893737596,1.4048484893737596
G2,W0034F0002T0006Z000C1N43.png,33,0.07660323462854238,0.07660323462854238
G2,W0034F0002T0006Z000C1N43.png,34,0.005803571428572418,0.005803571428572418
G2,W0034F0002T0006Z000C1N43.png,35,0.06813019618944673,0.06813019618944673
G2,W0034F0002T0006Z000C1N43.png,36,0.07267220926874421,0.07267220926874421
G2,W0034F0002T0006Z000C1N43.png,37,0.8788531233943475,1.0686768980847299
G2,W0034F0002T0006Z000C1N43.png,38,0.07323776028286229,0.07323776028286229
G2,W0034F0002T0006Z000C1N43.png,39,0.06809890792318522,0.06809890792318522
G2,W0034F0002T0006Z000C1N43.png,40,0.06936717923885517,0.06936717923885517
G2,W0034F0002T0006Z000C1N43.png,41,0.05745242597140699,0.05745242597140699
G2,W0034F0002T0006Z000C1N43.png,42,0.09192388155425167,0.09192388155425167
G2,W0034F0002T0006Z000C1N43.png,43,0.07863734785084253,0.07863734785084253
G2,W0034F0002T0006Z000C1N43.png,44,0.032500000000000466,0.032500000000000466
G2,W0034F0002T0006Z000C1N43.png,45,0.03362068965517313,0.03362068965517313
G2,W0034F0002T0006Z000C1N43.png,46,0.09459160805298507,0.09459160805298507
G2,W0034F0002T0006Z000C1N43.png,47,0.08617863895711048,0.08617863895711048
G2,W0034F0002T0006Z000C1N43.png,48,0.0,0.0
G2,W0034F0002T0006Z000C1N43.png,49,0.11490485194281398,0.11490485194281398
G2,W0034F0002T0006Z000C1N43.png,50,0.0790569415042103,0.0790569415042103
G2,W0034F0002T0006Z000C1N43.png,51,0.14508928571428506,0.14508928571428506
G2,W0034F0002T0006Z000C1N43.png,52,0.04276315789473806,0.04276315789473806
G2,W0034F0002T0006Z000C1N43.png,53,0.07660323462854156,0.07660323462854156
G2,W0034F0002T0006Z000C1N43.png,54,0.05000000000000213,0.05000000000000213
G2,W0034F0002T0006Z000C1N43.png,55,0.11490485194281398,0.11490485194281398
G2,W0034F0002T0006Z000C1N43.png,56,0.9689627902499076,0.9689627902499076
G2,W0034F0002T0006Z000C1N43.png,57,0.08125,0.08125
G2,W0034F0002T0006Z000C1N43.png,58,0.0,0.0
G2,W0034F0002T0006Z000C1N43.png,59,0.06770833333333456,0.06770833333333456
G2,W0034F0002T0006Z000C1N43.png,60,0.0766032346285438,0.0766032346285438
G2,W0034F0002T0006Z000C1N43.png,61,0.04642857142857011,0.04642857142857011
G2,W0034F0002T0006Z000C1N43.png,62,0.08838834764831895,0.08838834764831895
G2,W0034F0002T0006Z000C1N55.png,1,0.0,0.0
G2,W0034F0002T0006Z000C1N55.png,2,0.0,0.0
G2,W0034F0002T0006Z000C1N55.png,3,0.0,0.0
G2,W0034F0002T0006Z000C1N55.png,4,0.0,0.0
G2,W0034F0002T0006Z000C1N55.png,5,0.07341001711105165,0.07341001711105165
G2,W0034F0002T0006Z000C1N55.png,6,0.0,0.0
G2,W0034F0002T0006Z000C1N55.png,7,0.07660323462854292,0.07660323462854292
G2,W0034F0002T0006Z000C1N55.png,8,0.07660323462854292,0.07660323462854292
G2,W0034F0002T0006Z000C1N55.png,9,0.08125,0.08125
G2,W0034F0002T0006Z000C1N55.png,10,0.0,0.0
G2,W0034F0002T0006Z000C1N55.png,11,0.09084026158592896,0.09084026158592896
G2,W0034F0002T0006Z000C1N55.png,12,0.08125,0.08125
G2,W0034F0002T0006Z000C1N55.png,13,0.0,0.0
G2,W0034F0002T0006Z000C1N55.png,14,0.0,0.0
G2,W0034F0002T0006Z000C1N55.png,15,0.0,0.0
G2,W0034F0002T0006Z000C1N55.png,16,0.08125,0.08125
G2,W0034F0002T0006Z000C1N55.png,17,0.0,0.0
G2,W0034F0002T0006Z000C1N55.png,18,0.0766032346285421,0.0766032346285421
G2,W0034F0002T0006Z000C1N55.png,19,0.0541666666666659,0.0541666666666659
G2,W0034F0002T0006Z000C1N55.png,20,0.08076358070800622,0.08076358070800622
G2,W0034F0002T0006Z000C1N55.png,21,0.0,0.0
G2,W0034F0002T0006Z000C1N55.png,22,0.0,0.0
G2,W0034F0002T0006Z000C1N55.png,23,0.032499999999999994,0.032499999999999994
G2,W0034F0002T0006Z000C1N55.png,24,0.0,0.0
G2,W0034F0002T0006Z000C1N55.png,25,0.0,0.0
G2,W0034F0002T0006Z000C1N55.png,26,0.0,0.0
G2,W0034F0002T0006Z000C1N55.png,27,0.09765034704381638,0.09765034704381638
G2,W0034F0002T0006Z000C1N55.png,28,0.05416666666666667,0.05416666666666667
G2,W0034F0002T0006Z000C1N55.png,29,0.0,0.0
G2,W0034F0002T0006Z000C1N55.png,30,0.0,0.0
G2,W0034F0002T0006Z000C1N55.png,31,0.0,0.0
G2,W0034F0002T0006Z000C1N55.png,32,0.08125,0.08125
G2,W0034F0002T0006Z000C1N55.png,33,0.08125,0.08125
G2,W0034F0002T0006Z000C1N55.png,34,0.08125,0.08125
G2,W0034F0002T0006Z000C1N55.png,35,0.0,0.0
G2,W0034F0002T0006Z000C1N55.png,36,0.10833333333333353,0.10833333333333353
G2,W0034F0002T0006Z000C1N55.png,37,0.08125,0.08125
G2,W0034F0002T0006Z000C1N55.png,38,0.0,0.0
G2,W0034F0002T0006Z000C1N55.png,39,0.08125,0.08125
G2,W0034F0002T0006Z000C1N55.png,40,0.0,0.0
G2,W0034F0002T0006Z000C1N55.png,41,0.0,0.0
G2,W0034F0002T0006Z000C1N55.png,42,0.0,0.0
G2,W0034F0002T0006Z000C1N55.png,43,0.09084026158592896,0.09084026158592896
G2,W0034F0002T0006Z000C1N55.png,44,0.0,0.0
G2,W0034F0002T0006Z000C1N55.png,45,0.040625,0.040625
G2,W0034F0002T0006Z000C1N55.png,46,0.0,0.0
G2,W0034F0002T0006Z000C1N55.png,47,0.0,0.0
G2,W0034F0002T0006Z000C1N55.png,48,0.22980970388562796,0.22980970388562796
G2,W0034F0002T0006Z000C1N55.png,49,0.0,0.0
G2,W0034F0002T0006Z000C1N55.png,50,0.0,0.0
G2,W0034F0002T0006Z000C1N55.png,51,0.0,0.0
G2,W0034F0002T0006Z000C1N55.png,52,0.07660323462854247,0.07660323462854247
G2,W0034F0002T0006Z000C1N55.png,53,0.05745242597140699,0.05745242597140699
G2,W0034F0002T0006Z000C1N55.png,54,0.11490485194281398,0.11490485194281398
G2,W0034F0002T0006Z000C1N55.png,55,0.0,0.0
G2,W0034F0002T0006Z000C1N55.png,56,0.0,0.0
G2,W0034F0002T0006Z000C1N55.png,57,0.0,0.0
G2,W0034F0002T0006Z000C1N55.png,58,0.041036907507483754,0.041036907507483754
G2,W0034F0002T0006Z000C1N55.png,59,0.0,0.0
G2,W0034F0002T0006Z000C1N55.png,60,0.0,0.0
G2,W0034F0002T0006Z000C1N55.png,61,0.11490485194281398,0.11490485194281398
G2,W0034F0002T0006Z000C1N55.png,62,0.0,0.0
G2,W0034F0002T0006Z000C1N55.png,63,0.08125,0.08125
G2,W0034F0002T0006Z000C1N55.png,64,0.08125,0.08125
G2,W0034F0002T0006Z000C1N55.png,65,0.0,0.0
G2,W0034F0002T0006Z000C1N55.png,66,0.0,0.0
G2,W0034F0002T0006Z000C1N55.png,67,0.0,0.0
G2,W0034F0002T0006Z000C1N55.png,68,0.0,0.0
G2,W0034F0002T0006Z000C1N55.png,69,0.10277402395547225,0.10277402395547225
G2,W0034F0002T0006Z000C1N55.png,70,0.0,0.0
G2,W0034F0002T0006Z000C1N55.png,71,0.0,0.0
G2,W0034F0002T0006Z000C1N55.png,72,0.0,0.0
G2,W0034F0002T0006Z000C1N55.png,73,0.325,0.325
G2,W0034F0002T0006Z000C1N55.png,74,0.11718041645257893,0.11718041645257893
G2,W0034F0002T0006Z000C1N55.png,75,0.0,0.0
G2,W0034F0002T0006Z000C1N55.png,76,0.0,0.0
G2,W0034F0002T0006Z000C1N55.png,77,0.0,0.0
G2,W0034F0002T0006Z000C1N55.png,78,0.0,0.0
G2,W0034F0002T0006Z000C1N55.png,79,0.06500000000000006,0.06500000000000006
G2,W0034F0002T0006Z000C1N55.png,80,0.0,0.0
G2,W0034F0002T0006Z000C1N55.png,81,0.0,0.0
G2,W0034F0002T0006Z000C1N55.png,82,0.0,0.0
G2,W0034F0002T0006Z000C1N55.png,83,0.0,0.0
G2,W0034F0002T0006Z000C1N55.png,84,0.0,0.0
G2,W0034F0002T0006Z000C1N55.png,85,0.0,0.0
G2,W0034F0002T0006Z000C1N55.png,86,0.0,0.0
G2,W0034F0002T0006Z000C1N55.png,87,0.11490485194281398,0.11490485194281398
G2,W0034F0002T0006Z000C1N55.png,88,0.0,0.0
G2,W0034F0002T0006Z000C1N55.png,89,0.11490485194281398,0.11490485194281398
G2,W0034F0002T0006Z000C1N55.png,90,0.0,0.0
G2,W0034F0002T0006Z000C1N55.png,91,0.0947529682912362,0.0947529682912362
G2,W0034F0002T0006Z000C1N55.png,92,0.06056017439061974,0.06056017439061974
G2,W0034F0002T0006Z000C1N55.png,93,0.1625,0.1625
G2,W0034F0002T0006Z000C1N55.png,94,0.0575814640314053,0.0575814640314053
G2,W0034F0002T0006Z000C1N55.png,95,0.054166666666666766,0.054166666666666766
G2,W0034F0002T0006Z000C1N55.png,96,0.0,0.0
G2,W0034F0002T0006Z000C1N55.png,97,0.03282995769794633,0.03282995769794633
G2,W0034F0002T0006Z000C1N55.png,98,0.0,0.0
G2,W0034F0002T0006Z000C1N55.png,99,0.0,0.0
G2,W0034F0002T0006Z000C1N55.png,100,0.08125,0.08125
G2,W0034F0002T0006Z000C1N55.png,101,0.11490485194281398,0.11490485194281398
G2,W0034F0002T0006Z000C1N55.png,102,0.08125,0.08125
G2,W0034F0002T0006Z000C1N55.png,103,0.0,0.0
G2,W0034F0002T0006Z000C1N55.png,104,0.0,0.0
G2,W0034F0002T0006Z000C1N55.png,105,0.11490485194281398,0.11490485194281398
G2,W0034F0002T0006Z000C1N55.png,106,0.0,0.0
G2,W0034F0002T0006Z000C1N55.png,107,0.040625,0.040625
G2,W0034F0002T0006Z000C1N55.png,108,0.07660323462854217,0.07660323462854217
G2,W0034F0002T0006Z000C1N55.png,109,0.0,0.0
G2,W0034F0002T0006Z000C1N55.png,110,0.11490485194281398,0.11490485194281398
G2,W0034F0002T0006Z000C1N55.png,111,0.1625,0.1625
G2,W0034F0002T0006Z000C1N55.png,112,0.0,0.0
G2,W0034F0002T0006Z000C1N55.png,113,0.11490485194281398,0.11490485194281398
G2,W0034F0002T0006Z000C1N55.png,114,0.0,0.0
G2,W0034F0002T0006Z000C1N55.png,115,0.11607142857142845,0.11607142857142845
G2,W0034F0002T0006Z000C1N55.png,116,0.08370029746612763,0.08370029746612763
G2,W0034F0002T0006Z000C1N55.png,117,0.11490485194281398,0.11490485194281398
G2,W0034F0002T0006Z000C1N55.png,118,0.11490485194281398,0.11490485194281398
G2,W0034F0002T0006Z000C1N55.png,119,0.054166666666666766,0.054166666666666766
G2,W0034F0002T0006Z000C1N55.png,120,0.0,0.0
G2,W0034F0002T0006Z000C1N55.png,121,0.07093039964541377,0.07093039964541377
G2,W0034F0002T0006Z000C1N55.png,122,0.0,0.0
G2,W0034F0002T0006Z000C1N55.png,123,0.0,0.0
G2,W0034F0002T0006Z000C1N55.png,124,0.0,0.0
G2,W0034F0002T0006Z000C1N55.png,125,0.22980970388562796,0.22980970388562796
G2,W0034F0002T0006Z000C1N55.png,126,0.0,0.0
G2,W0034F0002T0006Z000C1N55.png,127,0.06964285714285748,0.06964285714285748
G2,W0034F0002T0006Z000C1N55.png,128,0.0,0.0
G2,W0034F0002T0006Z000C1N55.png,129,0.0,0.0
G2,W0034F0002T0006Z000C1N55.png,130,0.0,0.0
G2,W0034F0002T0006Z000C1N55.png,131,0.08125,0.08125
G2,W0034F0002T0006Z000C1N55.png,132,0.06120633462252011,0.06120633462252011
G2,W0034F0002T0006Z000C1N55.png,133,0.08125,0.08125
G2,W0034F0002T0006Z000C1N55.png,134,0.07267220926874395,0.07267220926874395
G2,W0034F0002T0006Z000C1N55.png,135,0.08125,0.08125
G2,W0034F0002T0006Z000C1N55.png,136,0.0,0.0
G2,W0034F0002T0006Z000C1N55.png,137,0.0,0.0
G2,W0034F0002T0006Z000C1N55.png,138,0.0459619407771242,0.0459619407771242
G2,W0034F0002T0006Z000C1N55.png,139,0.09084026158592896,0.09084026158592896
G2,W0034F0002T0006Z000C1N55.png,140,0.08125,0.08125
G2,W0034F0002T0006Z000C1N55.png,141,0.0,0.0
G2,W0034F0002T0006Z000C1N55.png,142,0.08125,0.08125
G2,W0034F0002T0006Z000C1N55.png,143,0.0,0.0
G2,W0034F0002T0006Z000C1N55.png,144,0.36336104634371585,0.36336104634371585
G2,W0034F0002T0006Z000C1N55.png,145,0.0,0.0
G2,W0034F0002T0006Z000C1N55.png,146,0.0,0.0
G2,W0034F0002T0006Z000C1N55.png,147,0.06572321427822687,0.06572321427822687
G2,W0034F0002T0006Z000C1N55.png,148,0.05745242597140699,0.05745242597140699
G2,W0034F0002T0006Z000C1N55.png,149,0.0,0.0
G2,W0034F0002T0006Z000C1N55.png,150,0.0,0.0
G2,W0034F0002T0006Z000C1N55.png,151,0.0,0.0
G2,W0034F0002T0006Z000C1N55.png,152,0.0,0.0
G2,W0034F0002T0006Z000C1N55.png,153,0.0,0.0
G2,W0034F0002T0006Z000C1N55.png,154,0.027868520085658283,0.027868520085658283
G2,W0034F0002T0006Z000C1N55.png,155,0.0,0.0
G2,W0034F0002T0006Z000C1N55.png,156,0.0,0.0
G2,W0034F0002T0006Z000C1N55.png,157,0.0,0.0
G2,W0034F0002T0006Z000C1N55.png,158,0.0,0.0
G2,W0034F0002T0006Z000C1N55.png,159,0.0,0.0
G2,W0034F0002T0006Z000C1N55.png,160,0.0,0.0
G2,W0034F0002T0006Z000C1N55.png,161,0.040625,0.040625
G2,W0034F0002T0006Z000C1N55.png,162,0.0,0.0
G2,W0034F0002T0006Z000C1N55.png,163,0.0,0.0
G2,W0034F0002T0006Z000C1N55.png,164,0.0,0.0
G2,W0034F0002T0006Z000C1N55.png,165,0.11490485194281398,0.11490485194281398
G2,W0034F0002T0006Z000C1N55.png,166,0.08125,0.08125
G2,W0034F0002T0006Z000C1N55.png,167,0.07267220926874395,0.07267220926874395
G2,W0034F0002T0006Z000C1N55.png,168,0.07660323462854197,0.07660323462854197
G2,W0034F0002T0006Z000C1N55.png,169,0.1625,0.1625
G2,W0034F0002T0006Z000C1N55.png,170,0.09540918701861129,0.09540918701861129
G2,W0034F0002T0006Z000C1N55.png,171,0.0,0.0
G2,W0034F0002T0006Z000C1N55.png,172,0.0,0.0
G2,W0034F0002T0006Z000C1N55.png,173,0.0,0.0
G2,W0034F0002T0006Z000C1N55.png,174,0.0,0.0
G2,W0034F0002T0006Z000C1N55.png,175,0.08125,0.08125
G2,W0034F0002T0006Z000C1N55.png,176,0.0,0.0
G2,W0034F0002T0006Z000C1N55.png,177,0.0,0.0
G2,W0034F0002T0006Z000C1N55.png,178,0.0,0.0
G2,W0034F0002T0006Z000C1N55.png,179,0.0,0.0
G2,W0034F0002T0006Z000C1N55.png,180,0.0,0.0
G2,W0034F0002T0006Z000C1N55.png,181,0.07323776028286229,0.07323776028286229
G2,W0034F0002T0006Z000C1N55.png,182,0.0,0.0
G2,W0034F0002T0006Z000C1N55.png,183,0.11490485194281398,0.11490485194281398
G2,W0034F0002T0006Z000C1N55.png,184,0.0541666666666659,0.0541666666666659
G2,W0034F0002T0006Z000C1N55.png,185,0.0,0.0
G2,W0034F0002T0006Z000C1N55.png,186,0.11490485194281398,0.11490485194281398
G2,W0034F0002T0006Z000C1N55.png,187,0.0,0.0
G2,W0034F0002T0006Z000C1N55.png,188,0.08125,0.08125
G2,W0034F0002T0006Z000C1N55.png,189,0.0,0.0
G2,W0034F0002T0006Z000C1N55.png,190,0.0,0.0
G2,W0034F0002T0006Z000C1N55.png,191,0.0,0.0
G2,W0034F0002T0006Z000C1N55.png,192,0.09084026158592896,0.09084026158592896
G2,W0034F0002T0006Z000C1N55.png,193,0.0726722092687429,0.0726722092687429
G2,W0034F0002T0006Z000C1N55.png,194,0.0,0.0
G2,W0034F0002T0006Z000C1N55.png,195,0.06056017439061974,0.06056017439061974
G2,W0034F0002T0006Z000C1N55.png,196,0.0,0.0
G2,W0034F0002T0006Z000C1N55.png,197,0.0,0.0
G2,W0034F0002T0006Z000C1N55.png,198,0.0,0.0
G2,W0034F0002T0006Z000C1N55.png,199,0.0,0.0
G2,W0034F0002T0006Z000C1N55.png,200,0.09084026158592896,0.09084026158592896
G2,W0034F0002T0006Z000C1N55.png,201,0.0,0.0
G2,W0034F0002T0006Z000C1N55.png,202,0.0,0.0
G2,W0034F0002T0006Z000C1N55.png,203,0.0,0.0
G2,W0034F0002T0006Z000C1N55.png,204,0.0,0.0
G2,W0034F0002T0006Z000C1N55.png,205,0.0,0.0
G2,W0034F0002T0006Z000C1N55.png,206,0.12846752994434044,0.12846752994434044
G2,W0034F0002T0006Z000C1N55.png,207,0.0,0.0
G2,W0034F0002T0006Z000C1N55.png,208,0.0,0.0
G2,W0034F0002T0006Z000C1N55.png,209,0.0,0.0
G2,W0034F0002T0006Z000C1N55.png,210,0.06964285714285748,0.06964285714285748
G2,W0034F0002T0006Z000C1N55.png,211,0.054166666666666474,0.054166666666666474
G2,W0034F0002T0006Z000C1N55.png,212,0.08125,0.08125
G2,W0034F0002T0006Z000C1N55.png,213,0.0,0.0
G2,W0034F0002T0006Z000C1N55.png,214,0.08125,0.08125
G2,W0034F0002T0006Z000C1N55.png,215,0.2569350598886809,0.2569350598886809
G2,W0034F0002T0006Z000C1N55.png,216,0.0,0.0
G2,W0034F0002T0006Z000C1N55.png,217,0.0,0.0
G2,W0034F0002T0006Z000C1N55.png,218,0.09084026158592896,0.09084026158592896
G2,W0034F0002T0006Z000C1N55.png,219,0.05745242597140699,0.05745242597140699
G2,W0034F0002T0006Z000C1N55.png,220,0.08125,0.08125
G2,W0034F0002T0006Z000C1N55.png,221,0.09084026158592896,0.09084026158592896
G2,W0034F0002T0006Z000C1N55.png,222,0.11490485194281398,0.11490485194281398
G2,W0034F0002T0006Z000C1N55.png,223,0.1625,0.1625
G2,W0034F0002T0006Z000C1N55.png,224,0.0,0.0
G2,W0034F0002T0006Z000C1N55.png,225,0.019500000000000017,0.019500000000000017
G2,W0034F0002T0006Z000C1N55.png,226,0.0,0.0
G2,W0034F0002T0006Z000C1N55.png,227,0.0,0.0
G2,W0034F0002T0006Z000C1N55.png,228,0.04671546543430584,0.04671546543430584
G2,W0034F0002T0006Z000C1N55.png,229,0.0,0.0
G2,W0034F0002T0006Z000C1N55.png,230,0.0,0.0
G2,W0034F0002T0006Z000C1N55.png,231,0.0,0.0
G2,W0034F0002T0006Z000C1N55.png,232,0.0,0.0
G2,W0034F0002T0006Z000C1N55.png,233,0.07267220926874395,0.07267220926874395
G2,W0034F0002T0006Z000C1N55.png,234,0.0,0.0
G2,W0034F0002T0006Z000C1N55.png,235,0.0,0.0
G2,W0034F0002T0006Z000C1N55.png,236,0.11490485194281398,0.11490485194281398
G2,W0034F0002T0006Z000C1N55.png,237,0.0,0.0
G2,W0034F0002T0006Z000C1N55.png,238,0.0,0.0
G2,W0034F0002T0006Z000C1N55.png,239,0.0,0.0
G2,W0034F0002T0006Z000C1N55.png,240,0.0,0.0
G2,W0034F0002T0006Z000C1N55.png,241,0.11490485194281398,0.11490485194281398
G2,W0034F0002T0006Z000C1N55.png,242,0.09848987309384101,0.09848987309384101
G2,W0034F0002T0006Z000C1N55.png,243,0.0,0.0
G2,W0034F0002T0006Z000C1N55.png,244,0.0766032346285432,0.0766032346285432
G2,W0034F0002T0006Z000C1N55.png,245,0.0,0.0
G2,W0034F0002T0006Z000C1N55.png,246,0.0,0.0
G2,W0034F0002T0006Z000C1N55.png,247,0.0,0.0
G2,W0034F0002T0006Z000C1N55.png,248,0.0,0.0
G2,W0034F0002T0006Z000C1N55.png,249,0.0,0.0
G2,W0034F0002T0006Z000C1N55.png,250,0.0,0.0
G2,W0034F0002T0006Z000C1N55.png,251,0.05416666666666821,0.05416666666666821
G2,W0034F0002T0006Z000C1N55.png,252,0.0,0.0
G2,W0034F0002T0006Z000C1N55.png,253,0.0,0.0
G2,W0034F0002T0006Z000C1N55.png,254,0.08125,0.08125
G2,W0034F0002T0006Z000C1N55.png,255,0.0,0.0
G2,W0034F0002T0006Z000C1N55.png,256,0.040625,0.040625
G2,W0034F0002T0006Z000C1N55.png,257,0.0,0.0
G2,W0034F0002T0006Z000C1N55.png,258,0.08125,0.08125
G2,W0034F0002T0006Z000C1N55.png,259,0.0,0.0
G2,W0034F0002T0006Z000C1N55.png,260,0.05416666666666705,0.05416666666666705
G2,W0034F0002T0006Z000C1N55.png,261,0.08125,0.08125
G2,W0034F0002T0006Z000C1N55.png,262,0.08125,0.08125
G2,W0034F0002T0006Z000C1N55.png,263,0.22980970388562796,0.22980970388562796
G2,W0034F0002T0006Z000C1N55.png,264,0.0,0.0
G2,W0034F0002T0006Z000C1N55.png,265,0.0,0.0
G2,W0034F0002T0006Z000C1N55.png,266,0.0,0.0
G2,W0034F0002T0006Z000C1N55.png,267,0.05745242597140699,0.05745242597140699
G2,W0034F0002T0006Z000C1N55.png,268,0.08125,0.08125
G2,W0034F0002T0006Z000C1N55.png,269,0.1625,0.1625
G2,W0034F0002T0006Z000C1N55.png,270,0.08125,0.08125
G2,W0034F0002T0006Z000C1N55.png,271,0.1625,0.1625
G2,W0034F0002T0006Z000C1N55.png,272,0.0,0.0
G2,W0034F0002T0006Z000C1N55.png,273,0.0,0.0
G2,W0034F0002T0006Z000C1N55.png,274,0.0,0.0
G2,W0034F0002T0006Z000C1N55.png,275,0.0,0.0
G2,W0034F0002T0006Z000C1N55.png,276,0.05416666666666705,0.05416666666666705
G2,W0034F0002T0006Z000C1N55.png,277,0.0,0.0
G2,W0034F0002T0006Z000C1N55.png,278,0.0,0.0
G2,W0034F0002T0006Z000C1N55.png,279,0.11490485194281398,0.11490485194281398
G2,W0034F0002T0006Z000C1N55.png,280,0.0,0.0
G2,W0034F0002T0006Z000C1N55.png,281,0.0,0.0
G2,W0034F0002T0006Z000C1N55.png,282,0.05583372201357259,0.05583372201357259
G2,W0034F0002T0006Z000C1N55.png,283,0.0,0.0
G2,W0034F0002T0006Z000C1N55.png,284,0.0,0.0
G2,W0034F0002T0006Z000C1N55.png,285,0.08837443571514668,0.08837443571514668
G2,W0034F0002T0006Z000C1N55.png,286,0.22980970388562796,0.22980970388562796
G2,W0034F0002T0006Z000C1N55.png,287,0.0,0.0
G2,W0034F0002T0006Z000C1N55.png,288,0.11490485194281398,0.11490485194281398
G2,W0034F0002T0006Z000C1N55.png,289,0.0,0.0
G2,W0034F0002T0006Z000C1N55.png,290,0.08125,0.08125
G2,W0034F0002T0006Z000C1N55.png,291,0.22980970388562796,0.22980970388562796
G2,W0034F0002T0006Z000C1N55.png,292,0.057352941176470384,0.057352941176470384
G2,W0034F0002T0006Z000C1N55.png,293,0.0,0.0
G2,W0034F0002T0006Z000C1N55.png,294,0.0,0.0
G2,W0034F0002T0006Z000C1N55.png,295,0.09192388155425167,0.09192388155425167
G2,W0034F0002T0006Z000C1N55.png,296,0.08370029746612852,0.08370029746612852
G2,W0034F0002T0006Z000C1N55.png,297,0.0,0.0
G2,W0034F0002T0006Z000C1N55.png,298,0.11490485194281398,0.11490485194281398
G2,W0034F0002T0006Z000C1N55.png,299,0.0,0.0
G2,W0034F0002T0006Z000C1N55.png,300,0.0,0.0
G2,W0034F0002T0006Z000C1N55.png,301,0.0,0.0
G2,W0034F0002T0006Z000C1N55.png,302,0.0,0.0
G2,W0034F0002T0006Z000C1N55.png,303,0.0,0.0
G2,W0034F0002T0006Z000C1N55.png,304,0.325,0.325
G2,W0034F0002T0006Z000C1N55.png,305,0.11490485194281398,0.11490485194281398
G2,W0034F0002T0006Z000C1N55.png,306,0.0,0.0
G2,W0034F0002T0006Z000C1N55.png,307,0.06513808583956932,0.06513808583956932
G2,W0034F0002T0006Z000C1N55.png,308,0.0,0.0
G2,W0034F0002T0006Z000C1N55.png,309,0.11490485194281398,0.11490485194281398
G2,W0034F0002T0006Z000C1N55.png,310,0.0,0.0
G2,W0034F0002T0006Z000C1N55.png,311,0.0,0.0
G2,W0034F0002T0006Z000C1N55.png,312,0.0,0.0
G2,W0034F0002T0006Z000C1N55.png,313,0.08125,0.08125
G2,W0034F0002T0006Z000C1N55.png,314,0.05745242597140699,0.05745242597140699
G2,W0034F0002T0006Z000C1N55.png,315,0.08125,0.08125
G2,W0034F0002T0006Z000C1N55.png,316,0.07444496268476306,0.07444496268476306
G2,W0034F0002T0006Z000C1N55.png,317,0.11490485194281398,0.11490485194281398
G2,W0034F0002T0006Z000C1N55.png,318,0.0,0.0
G2,W0034F0002T0006Z000C1N55.png,319,0.0,0.0
G2,W0034F0002T0006Z000C1N55.png,320,0.08125,0.08125
G2,W0034F0002T0006Z000C1N55.png,321,0.0,0.0
G2,W0034F0002T0006Z000C1N55.png,322,0.0,0.0
G2,W0034F0002T0006Z000C1N55.png,323,0.0,0.0
G2,W0034F0002T0006Z000C1N55.png,324,0.0,0.0
G2,W0034F0002T0006Z000C1N55.png,325,0.0,0.0
G2,W0034F0002T0006Z000C1N55.png,326,0.08125,0.08125
G2,W0034F0002T0006Z000C1N55.png,327,0.0,0.0
G2,W0034F0002T0006Z000C1N55.png,328,0.07490879871550522,0.07490879871550522
G2,W0034F0002T0006Z000C1N55.png,329,0.0,0.0
G2,W0034F0002T0006Z000C1N55.png,330,0.0,0.0
G2,W0034F0002T0006Z000C1N55.png,331,0.0,0.0
G2,W0034F0002T0006Z000C1N55.png,332,0.0,0.0
G2,W0034F0002T0006Z000C1N55.png,333,0.08125,0.08125
G2,W0034F0002T0006Z000C1N55.png,334,0.0,0.0
G2,W0034F0002T0006Z000C1N55.png,335,0.0,0.0
G2,W0034F0002T0006Z000C1N55.png,336,0.11490485194281398,0.11490485194281398
G2,W0034F0002T0006Z000C1N55.png,337,0.09848987309384101,0.09848987309384101
G2,W0034F0002T0006Z000C1N55.png,338,0.22980970388562796,0.22980970388562796
G2,W0034F0002T0006Z000C1N55.png,339,0.0,0.0
G2,W0034F0002T0006Z000C1N55.png,340,0.0,0.0
G2,W0034F0002T0006Z000C1N55.png,341,0.0,0.0
G2,W0034F0002T0006Z000C1N55.png,342,0.0,0.0
G2,W0034F0002T0006Z000C1N55.png,343,0.0,0.0
G2,W0034F0002T0006Z000C1N55.png,344,0.08125,0.08125
G2,W0034F0002T0006Z000C1N55.png,345,0.0,0.0
G2,W0034F0002T0006Z000C1N55.png,346,0.032499999999998155,0.032499999999998155
G2,W0034F0002T0006Z000C1N55.png,347,0.11490485194281398,0.11490485194281398
G2,W0034F0002T0006Z000C1N55.png,348,0.0,0.0
G2,W0034F0002T0006Z000C1N55.png,349,0.0,0.0
G2,W0034F0002T0006Z000C1N55.png,350,0.0,0.0
G2,W0034F0002T0006Z000C1N55.png,351,0.0,0.0
G2,W0034F0002T0006Z000C1N55.png,352,0.0,0.0
G2,W0034F0002T0006Z000C1N55.png,353,0.0,0.0
G2,W0034F0002T0006Z000C1N55.png,354,0.0,0.0
G2,W0034F0002T0006Z000C1N55.png,355,0.08370029746612823,0.08370029746612823
G2,W0034F0002T0006Z000C1N55.png,356,0.06647675520622415,0.06647675520622415
G2,W0034F0002T0006Z000C1N55.png,357,0.0,0.0
G2,W0034F0002T0006Z000C1N55.png,358,0.08564501996289349,0.08564501996289349
G2,W0034F0002T0006Z000C1N55.png,359,0.0,0.0
G2,W0034F0002T0006Z000C1N55.png,360,0.0,0.0
G2,W0034F0002T0006Z000C1N55.png,361,0.08125,0.08125
G2,W0034F0002T0006Z000C1N55.png,362,0.05416666666666705,0.05416666666666705
G2,W0034F0002T0006Z000C1N55.png,363,0.0,0.0
G2,W0034F0002T0006Z000C1N55.png,364,0.0,0.0
G2,W0034F0002T0006Z000C1N55.png,365,0.05416666666666667,0.05416666666666667
G2,W0034F0002T0006Z000C1N55.png,366,0.0,0.0
G2,W0034F0002T0006Z000C1N55.png,367,0.0,0.0
G2,W0034F0002T0006Z000C1N55.png,368,0.0,0.0
G2,W0034F0002T0006Z000C1N55.png,369,0.1083333333333341,0.1083333333333341
G2,W0034F0002T0006Z000C1N55.png,370,0.05745242597140699,0.05745242597140699
G2,W0034F0002T0006Z000C1N55.png,371,0.08886236101066346,0.08886236101066346
G2,W0034F0002T0006Z000C1N55.png,372,0.0,0.0
G2,W0034F0002T0006Z000C1N55.png,373,0.08125,0.08125
G2,W0034F0002T0006Z000C1N55.png,374,0.0,0.0
G2,W0034F0002T0006Z000C1N55.png,375,0.07660323462854156,0.07660323462854156
G2,W0034F0002T0006Z000C1N55.png,376,0.1625,0.1625
G2,W0034F0002T0006Z000C1N55.png,377,0.0,0.0
G2,W0034F0002T0006Z000C1N55.png,378,0.032500000000000466,0.032500000000000466
G2,W0034F0002T0006Z000C1N55.png,379,0.0,0.0
G2,W0034F0002T0006Z000C1N55.png,380,0.0,0.0
G2,W0034F0002T0006Z000C1N55.png,381,0.1625,0.1625
G2,W0034F0002T0006Z000C1N55.png,382,0.0,0.0
G2,W0034F0002T0006Z000C1N55.png,383,0.0541666666666659,0.0541666666666659
G2,W0034F0002T0006Z000C1N55.png,384,0.08125,0.08125
G2,W0034F0002T0006Z000C1N55.png,385,0.0,0.0
G2,W0034F0002T0006Z000C1N55.png,386,0.0,0.0
G2,W0034F0002T0006Z000C1N55.png,387,0.0,0.0
G2,W0034F0002T0006Z000C1N55.png,388,0.0,0.0
G2,W0034F0002T0006Z000C1N55.png,389,0.0,0.0
G2,W0034F0002T0006Z000C1N55.png,390,0.08125,0.08125
G2,W0034F0002T0006Z000C1N55.png,391,0.0541666666666659,0.0541666666666659
G2,W0034F0002T0006Z000C1N55.png,392,0.0,0.0
G2,W0034F0002T0006Z000C1N55.png,393,0.0,0.0
G2,W0034F0002T0006Z000C1N55.png,394,0.0,0.0
G2,W0034F0002T0006Z000C1N55.png,395,0.08125,0.08125
G2,W0034F0002T0006Z000C1N55.png,396,0.07660323462854207,0.07660323462854207
G2,W0034F0002T0006Z000C1N55.png,397,0.0,0.0
G2,W0034F0002T0006Z000C1N55.png,398,0.0,0.0
G2,W0034F0002T0006Z000C1N55.png,399,0.0,0.0
G2,W0034F0002T0006Z000C1N55.png,400,0.0,0.0
G2,W0034F0002T0006Z000C1N55.png,401,0.11490485194281398,0.11490485194281398
G2,W0034F0002T0006Z000C1N55.png,402,0.0,0.0
G2,W0034F0002T0006Z000C1N55.png,403,0.10420292702222694,0.10420292702222694
G2,W0034F0002T0006Z000C1N55.png,404,0.0875089281159357,0.0875089281159357
G2,W0034F0002T0006Z000C1N55.png,405,0.0,0.0
G2,W0034F0002T0006Z000C1N55.png,406,0.0,0.0
G2,W0034F0002T0006Z000C1N55.png,407,0.0,0.0
G2,W0034F0002T0006Z000C1N55.png,408,0.0,0.0
G2,W0034F0002T0006Z000C1N55.png,409,0.0,0.0
G2,W0034F0002T0006Z000C1N55.png,410,0.08125,0.08125
G2,W0034F0002T0006Z000C1N55.png,411,0.0,0.0
G2,W0034F0002T0006Z000C1N55.png,412,0.0,0.0
G2,W0034F0002T0006Z000C1N55.png,413,0.08125,0.08125
G2,W0034F0002T0006Z000C1N55.png,414,0.06373774391991015,0.06373774391991015
G2,W0034F0002T0006Z000C1N55.png,415,0.040625,0.040625
G2,W0034F0002T0006Z000C1N55.png,416,0.0,0.0
G2,W0034F0002T0006Z000C1N55.png,417,0.0,0.0
G2,W0034F0002T0006Z000C1N55.png,418,0.0,0.0
G2,W0034F0002T0006Z000C1N55.png,419,0.11490485194281398,0.11490485194281398
G2,W0034F0002T0006Z000C1N55.png,420,0.1625,0.1625
G2,W0034F0002T0006Z000C1N55.png,421,0.0,0.0
G2,W0034F0002T0006Z000C1N55.png,422,0.09732885169920916,0.09732885169920916
G2,W0034F0002T0006Z000C1N55.png,423,0.06964285714285748,0.06964285714285748
G2,W0034F0002T0006Z000C1N55.png,424,0.11490485194281398,0.11490485194281398
G2,W0034F0002T0006Z000C1N55.png,425,0.0,0.0
G2,W0034F0002T0006Z000C1N55.png,426,0.0,0.0
G2,W0034F0002T0006Z000C1N55.png,427,0.0,0.0
G2,W0034F0002T0006Z000C1N55.png,428,0.0,0.0
G2,W0034F0002T0006Z000C1N55.png,429,0.11490485194281398,0.11490485194281398
G2,W0034F0002T0006Z000C1N55.png,430,0.0,0.0
G2,W0034F0002T0006Z000C1N55.png,431,0.1625,0.1625
G2,W0034F0002T0006Z000C1N55.png,432,0.0,0.0
G2,W0034F0002T0006Z000C1N55.png,433,0.0,0.0
G2,W0034F0002T0006Z000C1N55.png,434,0.11490485194281398,0.11490485194281398
G2,W0034F0002T0006Z000C1N55.png,435,0.0,0.0
G2,W0034F0002T0006Z000C1N55.png,436,0.0,0.0
G2,W0034F0002T0006Z000C1N55.png,437,0.08125,0.08125
G2,W0034F0002T0006Z000C1N55.png,438,0.0,0.0
G2,W0034F0002T0006Z000C1N55.png,439,0.0,0.0
G2,W0034F0002T0006Z000C1N55.png,440,0.1625,0.1625
G2,W0034F0002T0006Z000C1N55.png,441,0.09084026158592896,0.09084026158592896
G2,W0034F0002T0006Z000C1N55.png,442,0.0,0.0
G2,W0034F0002T0006Z000C1N55.png,443,0.0,0.0
G2,W0034F0002T0006Z000C1N55.png,444,0.0,0.0
G2,W0034F0002T0006Z000C1N55.png,445,0.0,0.0
G2,W0034F0002T0006Z000C1N55.png,446,0.08125,0.08125
G2,W0034F0002T0006Z000C1N55.png,447,0.08125,0.08125
G2,W0034F0002T0006Z000C1N55.png,448,0.0,0.0
G2,W0034F0002T0006Z000C1N55.png,449,0.11490485194281398,0.11490485194281398
G2,W0034F0002T0006Z000C1N55.png,450,0.08125,0.08125
G2,W0034F0002T0006Z000C1N55.png,451,0.08125,0.08125
G2,W0034F0002T0006Z000C1N55.png,452,0.0,0.0
G2,W0034F0002T0006Z000C1N55.png,453,0.0,0.0
G2,W0034F0002T0006Z000C1N55.png,454,0.0,0.0
G2,W0034F0002T0006Z000C1N55.png,455,0.08125,0.08125
G2,W0034F0002T0006Z000C1N55.png,456,0.11490485194281398,0.11490485194281398
G2,W0034F0002T0006Z000C1N55.png,457,0.0,0.0
G2,W0034F0002T0006Z000C1N55.png,458,0.0,0.0
G2,W0034F0002T0006Z000C1N55.png,459,0.0,0.0
G2,W0034F0002T0006Z000C1N55.png,460,0.08125,0.08125
G2,W0034F0002T0006Z000C1N55.png,461,0.0,0.0
G2,W0034F0002T0006Z000C1N55.png,462,0.11490485194281398,0.11490485194281398
G2,W0034F0002T0006Z000C1N55.png,463,0.051068823085696546,0.051068823085696546
G2,W0034F0002T0006Z000C1N55.png,464,0.08125,0.08125
G2,W0034F0002T0006Z000C1N55.png,465,0.09084026158592896,0.09084026158592896
G2,W0034F0002T0006Z000C1N55.png,466,0.06500000000000093,0.06500000000000093
G2,W0034F0002T0006Z000C1N55.png,467,0.0,0.0
G2,W0034F0002T0006Z000C1N55.png,468,0.04642857142857242,0.04642857142857242
G2,W0034F0002T0006Z000C1N55.png,469,0.0,0.0
G2,W0034F0002T0006Z000C1N55.png,470,0.11490485194281398,0.11490485194281398
G2,W0034F0002T0006Z000C1N55.png,471,0.0,0.0
G2,W0034F0002T0006Z000C1N55.png,472,0.0,0.0
G2,W0034F0002T0006Z000C1N55.png,473,0.0,0.0
G2,W0034F0002T0006Z000C1N55.png,474,0.09984841827817373,0.09984841827817373
G2,W0034F0002T0006Z000C1N55.png,475,0.08125,0.08125
G2,W0034F0002T0006Z000C1N55.png,476,0.0,0.0
G2,W0034F0002T0006Z000C1N55.png,477,0.0,0.0
G2,W0034F0002T0006Z000C1N55.png,478,0.0,0.0
G2,W0034F0002T0006Z000C1N55.png,479,0.07660323462854197,0.07660323462854197
G2,W0034F0002T0006Z000C1N55.png,480,0.0,0.0
G2,W0034F0002T0006Z000C1N55.png,481,0.07270462568962577,0.07270462568962577
G2,W0034F0002T0006Z000C1N55.png,482,0.0,0.0
G2,W0034F0002T0006Z000C1N55.png,483,0.11490485194281398,0.11490485194281398
G2,W0034F0002T0006Z000C1N55.png,484,0.0,0.0
G2,W0034F0002T0006Z000C1N55.png,485,0.0,0.0
G2,W0034F0002T0006Z000C1N55.png,486,0.07267220926874317,0.07267220926874317
G2,W0034F0002T0006Z000C1N55.png,487,0.0,0.0
G2,W0034F0002T0006Z000C1N55.png,488,0.0,0.0
G2,W0034F0002T0006Z000C1N55.png,489,0.08125,0.08125
G2,W0034F0002T0006Z000C1N55.png,490,0.0,0.0
G2,W0034F0002T0006Z000C1N55.png,491,0.0,0.0
G2,W0034F0002T0006Z000C1N55.png,492,0.0605601743906187,0.0605601743906187
G2,W0034F0002T0006Z000C1N55.png,493,0.08125,0.08125
G2,W0034F0002T0006Z000C1N55.png,494,0.0,0.0
G2,W0034F0002T0006Z000C1N55.png,495,0.0,0.0
G2,W0034F0002T0006Z000C1N55.png,496,0.144694998742802,0.144694998742802
G2,W0034F0002T0006Z000C1N55.png,497,0.0,0.0
G2,W0034F0002T0006Z000C1N55.png,498,0.04596194077712594,0.04596194077712594
G2,W0034F0002T0006Z000C1N55.png,499,0.0,0.0
G2,W0034F0002T0006Z000C1N55.png,500,0.0541666666666659,0.0541666666666659
G2,W0034F0002T0006Z000C1N55.png,501,0.0,0.0
G2,W0034F0002T0006Z000C1N55.png,502,0.0,0.0
G2,W0034F0002T0006Z000C1N55.png,503,0.0,0.0
G2,W0034F0002T0006Z000C1N55.png,504,0.08125,0.08125
G2,W0034F0002T0006Z000C1N55.png,505,0.1083333333333341,0.1083333333333341
G2,W0034F0002T0006Z000C1N55.png,506,0.0,0.0
G2,W0034F0002T0006Z000C1N55.png,507,0.0,0.0
G2,W0034F0002T0006Z000C1N55.png,508,0.08125,0.08125
G2,W0034F0002T0006Z000C1N55.png,509,0.0,0.0
G2,W0034F0002T0006Z000C1N55.png,510,0.0,0.0
G2,W0034F0002T0006Z000C1N55.png,511,0.0,0.0
G2,W0034F0002T0006Z000C1N55.png,512,0.07660323462854238,0.07660323462854238
G2,W0034F0002T0006Z000C1N55.png,513,0.0,0.0
G2,W0034F0002T0006Z000C1N55.png,514,0.05191610624950314,0.05191610624950314
G2,W0034F0002T0006Z000C1N55.png,515,0.0,0.0
G2,W0034F0002T0006Z000C1N55.png,516,0.0,0.0
G2,W0034F0002T0006Z000C1N55.png,517,0.0,0.0
G2,W0034F0002T0006Z000C1N55.png,518,0.0,0.0
G2,W0034F0002T0006Z000C1N55.png,519,0.08125,0.08125
G2,W0034F0002T0006Z000C1N55.png,520,0.0,0.0
G2,W0034F0002T0006Z000C1N55.png,521,0.0,0.0
G2,W0034F0002T0006Z000C1N55.png,522,0.09192388155425188,0.09192388155425188
G2,W0034F0002T0006Z000C1N55.png,523,0.11490485194281398,0.11490485194281398
G2,W0034F0002T0006Z000C1N55.png,524,0.07660323462854197,0.07660323462854197
G2,W0034F0002T0006Z000C1N55.png,525,0.08125,0.08125
G2,W0034F0002T0006Z000C1N55.png,526,0.0,0.0
G2,W0034F0002T0006Z000C1N55.png,527,0.0,0.0
G2,W0034F0002T0006Z000C1N55.png,528,0.0,0.0
G2,W0034F0002T0006Z000C1N55.png,529,0.0,0.0
G2,W0034F0002T0006Z000C1N55.png,530,0.0,0.0
G2,W0034F0002T0006Z000C1N55.png,531,0.0,0.0
G2,W0034F0002T0006Z000C1N55.png,532,0.0,0.0
G2,W0034F0002T0006Z000C1N55.png,533,0.22980970388562796,0.22980970388562796
G2,W0034F0002T0006Z000C1N55.png,534,0.12999999999999953,0.12999999999999953
G2,W0034F0002T0006Z000C1N55.png,535,0.030059253607042993,0.030059253607042993
G2,W0034F0002T0006Z000C1N55.png,536,0.05190872090624468,0.05190872090624468
G2,W0034F0002T0006Z000C1N55.png,537,0.08125,0.08125
G2,W0034F0002T0006Z000C1N55.png,538,0.05745242597140699,0.05745242597140699
G2,W0034F0002T0006Z000C1N55.png,539,0.0,0.0
G2,W0034F0002T0006Z000C1N55.png,540,0.07306002695485724,0.07306002695485724
G2,W0034F0002T0006Z000C1N55.png,541,0.15133862726363093,0.15133862726363093
G2,W0034F0002T0006Z000C1N55.png,542,0.12112034878123826,0.12112034878123826
G2,W0034F0002T0006Z000C1N55.png,543,0.08125,0.08125
G2,W0034F0002T0006Z000C1N55.png,544,0.09084026158592896,0.09084026158592896
G2,W0034F0002T0006Z000C1N55.png,545,0.0,0.0
G2,W0034F0002T0006Z000C1N55.png,546,0.0,0.0
G2,W0034F0002T0006Z000C1N55.png,547,0.0,0.0
G2,W0034F0002T0006Z000C1N55.png,548,0.0,0.0
G2,W0034F0002T0006Z000C1N55.png,549,0.08125,0.08125
G2,W0034F0002T0006Z000C1N55.png,550,0.0,0.0
G2,W0034F0002T0006Z000C1N55.png,551,0.0,0.0
G2,W0034F0002T0006Z000C1N55.png,552,0.08125,0.08125
G2,W0034F0002T0006Z000C1N55.png,553,0.0,0.0
G2,W0034F0002T0006Z000C1N55.png,554,0.1015625,0.1015625
G2,W0034F0002T0006Z000C1N55.png,555,0.0,0.0
G2,W0034F0002T0006Z000C1N55.png,556,0.10833333333333353,0.10833333333333353
G2,W0034F0002T0006Z000C1N55.png,557,0.11490485194281398,0.11490485194281398
G2,W0034F0002T0006Z000C1N55.png,558,0.0,0.0
G2,W0034F0002T0006Z000C1N55.png,559,0.08125,0.08125
G2,W0034F0002T0006Z000C1N55.png,560,0.0,0.0
G2,W0034F0002T0006Z000C1N55.png,561,0.08125,0.08125
G2,W0034F0002T0006Z000C1N55.png,562,0.0,0.0
G2,W0034F0002T0006Z000C1N55.png,563,0.0,0.0
G2,W0034F0002T0006Z000C1N55.png,564,0.08125,0.08125
G2,W0034F0002T0006Z000C1N55.png,565,0.0,0.0
G2,W0034F0002T0006Z000C1N55.png,566,0.0,0.0
G2,W0034F0002T0006Z000C1N55.png,567,0.0,0.0
G2,W0034F0002T0006Z000C1N55.png,568,0.10213764617138983,0.10213764617138983
G2,W0034F0002T0006Z000C1N55.png,569,0.11490485194281398,0.11490485194281398
G2,W0034F0002T0006Z000C1N55.png,570,0.0,0.0
G2,W0034F0002T0006Z000C1N55.png,571,0.1625,0.1625
G2,W0034F0002T0006Z000C1N55.png,572,0.18168052317185793,0.18168052317185793
G2,W0034F0002T0006Z000C1N55.png,573,0.11490485194281398,0.11490485194281398
G2,W0034F0002T0006Z000C1N55.png,574,0.11490485194281398,0.11490485194281398
G2,W0034F0002T0006Z000C1N55.png,575,0.07660323462854217,0.07660323462854217
G2,W0034F0002T0006Z000C1N55.png,576,0.10833333333333295,0.10833333333333295
G2,W0034F0002T0006Z000C1N55.png,577,0.0,0.0
G2,W0034F0002T0006Z000C1N55.png,578,0.08125,0.08125
G2,W0034F0002T0006Z000C1N55.png,579,0.0,0.0
G2,W0034F0002T0006Z000C1N55.png,580,0.08125,0.08125
G2,W0034F0002T0006Z000C1N55.png,581,0.040625,0.040625
G2,W0034F0002T0006Z000C1N55.png,582,0.11490485194281398,0.11490485194281398
G2,W0034F0002T0006Z000C1N55.png,583,0.0,0.0
G2,W0034F0002T0006Z000C1N55.png,584,0.0,0.0
G2,W0034F0002T0006Z000C1N55.png,585,0.11490485194281398,0.11490485194281398
G2,W0034F0002T0006Z000C1N55.png,586,0.1625,0.1625
G2,W0034F0002T0006Z000C1N55.png,587,0.0,0.0
G2,W0034F0002T0006Z000C1N55.png,588,0.06056017439061845,0.06056017439061845
G2,W0034F0002T0006Z000C1N55.png,589,0.08125,0.08125
G2,W0034F0002T0006Z000C1N55.png,590,0.0,0.0
G2,W0034F0002T0006Z000C1N55.png,591,0.0,0.0
G2,W0034F0002T0006Z000C1N55.png,592,0.0,0.0
G2,W0034F0002T0006Z000C1N55.png,593,0.0,0.0
G2,W0034F0002T0006Z000C1N55.png,594,0.0,0.0
G2,W0034F0002T0006Z000C1N55.png,595,0.0,0.0
G2,W0034F0002T0006Z000C1N55.png,596,0.0,0.0
G2,W0034F0002T0006Z000C1N55.png,597,0.09084026158592896,0.09084026158592896
G2,W0034F0002T0006Z000C1N55.png,598,0.0,0.0
G2,W0034F0002T0006Z000C1N55.png,599,0.0,0.0
G2,W0034F0002T0006Z000C1N55.png,600,0.08125,0.08125
G2,W0034F0002T0006Z000C1N55.png,601,0.11490485194281398,0.11490485194281398
G2,W0034F0002T0006Z000C1N55.png,602,0.0644870244589467,0.0644870244589467
G2,W0034F0002T0006Z000C1N55.png,603,0.09084026158592896,0.09084026158592896
G2,W0034F0002T0006Z000C1N55.png,604,0.0,0.0
G2,W0034F0002T0006Z000C1N55.png,605,0.0,0.0
G2,W0034F0002T0006Z000C1N55.png,606,0.07660323462854207,0.07660323462854207
G2,W0034F0002T0006Z000C1N55.png,607,0.0,0.0
G2,W0034F0002T0006Z000C1N55.png,608,0.0,0.0
G2,W0034F0002T0006Z000C1N55.png,609,0.0,0.0
G2,W0034F0002T0006Z000C1N55.png,610,0.0,0.0
G2,W0034F0002T0006Z000C1N55.png,611,0.08125,0.08125
G2,W0034F0002T0006Z000C1N55.png,612,0.22980970388562796,0.22980970388562796
G2,W0034F0002T0006Z000C1N55.png,613,0.0,0.0
G2,W0034F0002T0006Z000C1N55.png,614,0.0,0.0
G2,W0034F0002T0006Z000C1N55.png,615,0.0,0.0
G2,W0034F0002T0006Z000C1N55.png,616,0.0,0.0
G2,W0034F0002T0006Z000C1N55.png,617,0.04001952648395431,0.04001952648395431
G2,W0034F0002T0006Z000C1N55.png,618,0.08125,0.08125
G2,W0034F0002T0006Z000C1N55.png,619,0.0,0.0
G2,W0034F0002T0006Z000C1N55.png,620,0.0,0.0
G2,W0034F0002T0006Z000C1N55.png,621,0.0,0.0
G2,W0034F0002T0006Z000C1N55.png,622,0.040625,0.040625
G2,W0034F0002T0006Z000C1N55.png,623,0.0,0.0
G2,W0034F0002T0006Z000C1N55.png,624,0.0,0.0
G2,W0034F0002T0006Z000C1N55.png,625,0.07341001711104994,0.07341001711104994
G2,W0034F0002T0006Z000C1N55.png,626,0.11490485194281398,0.11490485194281398
G2,W0034F0002T0006Z000C1N55.png,627,0.0,0.0
G2,W0034F0002T0006Z000C1N55.png,628,0.11490485194281398,0.11490485194281398
G2,W0034F0002T0006Z000C1N55.png,629,0.08125,0.08125
G2,W0034F0002T0006Z000C1N55.png,630,0.0,0.0
G2,W0034F0002T0006Z000C1N55.png,631,0.08125,0.08125
G2,W0034F0002T0006Z000C1N55.png,632,0.08125,0.08125
G2,W0034F0002T0006Z000C1N55.png,633,0.11490485194281398,0.11490485194281398
G2,W0034F0002T0006Z000C1N55.png,634,0.040625,0.040625
G2,W0034F0002T0006Z000C1N55.png,635,0.0,0.0
G2,W0034F0002T0006Z000C1N55.png,636,0.15700544523612966,0.15700544523612966
G2,W0034F0002T0006Z000C1N55.png,637,0.0,0.0
G2,W0034F0002T0006Z000C1N55.png,638,0.0,0.0
G2,W0034F0002T0006Z000C1N55.png,639,0.1625,0.1625
G2,W0034F0002T0006Z000C1N55.png,640,0.0,0.0
G2,W0034F0002T0006Z000C1N55.png,641,0.0,0.0
G2,W0034F0002T0006Z000C1N55.png,642,0.0,0.0
G2,W0034F0002T0006Z000C1N55.png,643,0.027083333333334104,0.027083333333334104
G2,W0034F0002T0006Z000C1N55.png,644,0.05416666666666821,0.05416666666666821
G2,W0034F0002T0006Z000C1N55.png,645,0.0,0.0
G2,W0034F0002T0006Z000C1N55.png,646,0.03211688248608511,0.03211688248608511
G2,W0034F0002T0006Z000C1N55.png,647,0.0,0.0
G2,W0034F0002T0006Z000C1N55.png,648,0.08125,0.08125
G2,W0034F0002T0006Z000C1N55.png,649,0.08125,0.08125
G2,W0034F0002T0006Z000C1N55.png,650,0.0,0.0
G2,W0034F0002T0006Z000C1N55.png,651,0.11490485194281398,0.11490485194281398
G2,W0034F0002T0006Z000C1N55.png,652,0.0,0.0
G2,W0034F0002T0006Z000C1N55.png,653,0.08125,0.08125
G2,W0034F0002T0006Z000C1N55.png,654,0.0,0.0
G2,W0034F0002T0006Z000C1N55.png,655,0.053263825660263074,0.053263825660263074
G2,W0034F0002T0006Z000C1N55.png,656,0.08125,0.08125
G2,W0034F0002T0006Z000C1N55.png,657,0.0,0.0
G2,W0034F0002T0006Z000C1N55.png,658,0.0,0.0
G2,W0034F0002T0006Z000C1N55.png,659,0.0,0.0
G2,W0034F0002T0006Z000C1N55.png,660,0.0,0.0
G2,W0034F0002T0006Z000C1N55.png,661,0.1083333333333318,0.1083333333333318
G2,W0034F0002T0006Z000C1N55.png,662,0.0,0.0
G2,W0034F0002T0006Z000C1N55.png,663,0.0,0.0
G2,W0034F0002T0006Z000C1N55.png,664,0.0,0.0
G2,W0034F0002T0006Z000C1N55.png,665,0.08125,0.08125
G2,W0034F0002T0006Z000C1N55.png,666,0.0,0.0
G2,W0034F0002T0006Z000C1N55.png,667,0.0,0.0
G2,W0034F0002T0006Z000C1N55.png,668,0.14647552056572458,0.14647552056572458
G2,W0034F0002T0006Z000C1N55.png,669,0.0,0.0
G2,W0034F0002T0006Z000C1N55.png,670,0.0,0.0
G2,W0034F0002T0006Z000C1N55.png,671,0.0,0.0
G2,W0034F0002T0006Z000C1N55.png,672,0.22980970388562796,0.22980970388562796
G2,W0034F0002T0006Z000C1N55.png,673,0.1083333333333341,0.1083333333333341
G2,W0034F0002T0006Z000C1N55.png,674,0.10885722815635153,0.10885722815635153
G2,W0034F0002T0006Z000C1N55.png,675,0.0,0.0
G2,W0034F0002T0006Z000C1N55.png,676,0.0,0.0
G2,W0034F0002T0006Z000C1N55.png,677,0.032499999999998155,0.032499999999998155
G2,W0034F0002T0006Z000C1N55.png,678,0.0,0.0
G2,W0034F0002T0006Z000C1N55.png,679,0.12112034878123715,0.12112034878123715
G2,W0034F0002T0006Z000C1N55.png,680,0.0,0.0
G2,W0034F0002T0006Z000C1N55.png,681,0.08125,0.08125
G2,W0034F0002T0006Z000C1N55.png,682,0.08125,0.08125
G2,W0034F0002T0006Z000C1N55.png,683,0.0,0.0
G2,W0034F0002T0006Z000C1N55.png,684,0.0,0.0
G2,W0034F0002T0006Z000C1N55.png,685,0.0,0.0
G2,W0034F0002T0006Z000C1N55.png,686,0.0,0.0
G2,W0034F0002T0006Z000C1N55.png,687,0.11490485194281398,0.11490485194281398
G2,W0034F0002T0006Z000C1N55.png,688,0.08125,0.08125
G2,W0034F0002T0006Z000C1N55.png,689,0.0,0.0
G2,W0034F0002T0006Z000C1N55.png,690,0.1625,0.1625
G2,W0034F0002T0006Z000C1N55.png,691,0.0,0.0
G2,W0034F0002T0006Z000C1N55.png,692,0.0,0.0
G2,W0034F0002T0006Z000C1N55.png,693,0.0,0.0
G2,W0034F0002T0006Z000C1N55.png,694,0.11490485194281398,0.11490485194281398
G2,W0034F0002T0006Z000C1N55.png,695,0.0,0.0
G2,W0034F0002T0006Z000C1N55.png,696,0.07660323462854401,0.07660323462854401
G2,W0034F0002T0006Z000C1N55.png,697,0.0,0.0
G2,W0034F0002T0006Z000C1N55.png,698,0.06056017439061896,0.06056017439061896
G2,W0034F0002T0006Z000C1N55.png,699,0.07660323462854401,0.07660323462854401
G2,W0034F0002T0006Z000C1N55.png,700,0.0,0.0
G2,W0034F0002T0006Z000C1N55.png,701,0.0,0.0
G2,W0034F0002T0006Z000C1N55.png,702,0.1625,0.1625
G2,W0034F0002T0006Z000C1N55.png,703,0.1625,0.1625
G2,W0034F0002T0006Z000C1N55.png,704,0.03830161731427078,0.03830161731427078
G2,W0034F0002T0006Z000C1N55.png,705,0.0,0.0
G2,W0034F0002T0006Z000C1N55.png,706,0.05416666666666821,0.05416666666666821
G2,W0034F0002T0006Z000C1N55.png,707,0.0,0.0
G2,W0034F0002T0006Z000C1N55.png,708,0.08125,0.08125
G2,W0034F0002T0006Z000C1N55.png,709,0.11490485194281398,0.11490485194281398
G2,W0034F0002T0006Z000C1N55.png,710,0.08125,0.08125
G2,W0034F0002T0006Z000C1N55.png,711,0.08564501996289367,0.08564501996289367
G2,W0034F0002T0006Z000C1N55.png,712,0.08125,0.08125
G2,W0034F0002T0006Z000C1N55.png,713,0.22980970388562796,0.22980970388562796
G2,W0034F0002T0006Z000C1N55.png,714,0.0,0.0
G2,W0034F0002T0006Z000C1N55.png,715,0.08125,0.08125
G2,W0034F0002T0006Z000C1N55.png,716,0.08125,0.08125
G2,W0034F0002T0006Z000C1N55.png,717,0.0,0.0
G2,W0034F0002T0006Z000C1N55.png,718,0.11490485194281398,0.11490485194281398
G2,W0034F0002T0006Z000C1N55.png,719,0.040625,0.040625
G2,W0034F0002T0006Z000C1N55.png,720,0.0,0.0
G2,W0034F0002T0006Z000C1N55.png,721,0.0541666666666659,0.0541666666666659
G2,W0034F0002T0006Z000C1N55.png,722,0.0,0.0
G2,W0034F0002T0006Z000C1N55.png,723,0.0541666666666659,0.0541666666666659
G2,W0034F0002T0006Z000C1N55.png,724,0.0,0.0
G2,W0034F0002T0006Z000C1N55.png,725,0.0,0.0
G2,W0034F0002T0006Z000C1N55.png,726,0.0,0.0
G2,W0034F0002T0006Z000C1N55.png,727,0.0,0.0
G2,W0034F0002T0006Z000C1N55.png,728,0.0,0.0
G2,W0034F0002T0006Z000C1N55.png,729,0.08125,0.08125
G2,W0034F0002T0006Z000C1N55.png,730,0.11490485194281398,0.11490485194281398
G2,W0034F0002T0006Z000C1N55.png,731,0.0,0.0
G2,W0034F0002T0006Z000C1N55.png,732,0.0,0.0
G2,W0034F0002T0006Z000C1N55.png,733,0.08125,0.08125
G2,W0034F0002T0006Z000C1N55.png,734,0.08125,0.08125
G2,W0034F0002T0006Z000C1N55.png,735,0.06510023136254514,0.06510023136254514
G2,W0034F0002T0006Z000C1N55.png,736,0.0,0.0
G2,W0034F0002T0006Z000C1N55.png,737,0.07896080690936212,0.07896080690936212
G2,W0034F0002T0006Z000C1N55.png,738,0.0,0.0
G2,W0034F0002T0006Z000C1N55.png,739,0.0,0.0
G2,W0034F0002T0006Z000C1N55.png,740,0.05416666666666821,0.05416666666666821
G2,W0034F0002T0006Z000C1N55.png,741,0.0,0.0
G2,W0034F0002T0006Z000C1N55.png,742,0.0,0.0
G2,W0034F0002T0006Z000C1N55.png,743,0.0,0.0
G2,W0034F0002T0006Z000C1N55.png,744,0.08125,0.08125
G2,W0034F0002T0006Z000C1N55.png,745,0.1625,0.1625
G2,W0034F0002T0006Z000C1N55.png,746,0.0,0.0
G2,W0034F0002T0006Z000C1N55.png,747,0.08125,0.08125
G2,W0034F0002T0006Z000C1N55.png,748,0.0,0.0
G2,W0034F0002T0006Z000C1N55.png,749,0.0,0.0
G2,W0034F0002T0006Z000C1N55.png,750,0.10833333333333353,0.10833333333333353
G2,W0034F0002T0006Z000C1N55.png,751,0.0,0.0
G2,W0034F0002T0006Z000C1N55.png,752,0.08125,0.08125
G2,W0034F0002T0006Z000C1N55.png,753,0.0,0.0
G2,W0034F0002T0006Z000C1N55.png,754,0.11837009585126247,0.11837009585126247
G2,W0034F0002T0006Z000C1N55.png,755,0.0,0.0
G2,W0034F0002T0006Z000C1N55.png,756,0.0,0.0
G2,W0034F0002T0006Z000C1N55.png,757,0.0766032346285432,0.0766032346285432
G2,W0034F0002T0006Z000C1N55.png,758,0.040625,0.040625
G2,W0034F0002T0006Z000C1N55.png,759,0.0,0.0
G2,W0034F0002T0006Z000C1N55.png,760,0.11490485194281398,0.11490485194281398
G2,W0034F0002T0006Z000C1N55.png,761,0.0,0.0
G2,W0034F0002T0006Z000C1N55.png,762,0.0,0.0
G2,W0034F0002T0006Z000C1N55.png,763,0.0,0.0
G2,W0034F0002T0006Z000C1N55.png,764,0.0,0.0
G2,W0034F0002T0006Z000C1N55.png,765,0.0,0.0
G2,W0034F0002T0006Z000C1N55.png,766,0.08125,0.08125
G2,W0034F0002T0006Z000C1N55.png,767,0.0,0.0
G2,W0034F0002T0006Z000C1N55.png,768,0.0,0.0
G2,W0034F0002T0006Z000C1N55.png,769,0.1625,0.1625
G2,W0034F0002T0006Z000C1N55.png,770,0.10833333333333295,0.10833333333333295
G2,W0034F0002T0006Z000C1N55.png,771,0.0,0.0
G2,W0034F0002T0006Z000C1N55.png,772,0.12767857142857011,0.12767857142857011
G2,W0034F0002T0006Z000C1N55.png,773,0.0,0.0
G2,W0034F0002T0006Z000C1N55.png,774,0.0,0.0
G2,W0034F0002T0006Z000C1N55.png,775,0.0,0.0
G2,W0034F0002T0006Z000C1N55.png,776,0.0,0.0
G2,W0034F0002T0006Z000C1N55.png,777,0.0,0.0
G2,W0034F0002T0006Z000C1N55.png,778,0.0,0.0
G2,W0034F0002T0006Z000C1N55.png,779,0.0,0.0
G2,W0034F0002T0006Z000C1N55.png,780,0.0,0.0
G2,W0034F0002T0006Z000C1N55.png,781,0.1083333333333318,0.1083333333333318
G2,W0034F0002T0006Z000C1N55.png,782,0.0,0.0
G2,W0034F0002T0006Z000C1N55.png,783,0.0,0.0
G2,W0034F0002T0006Z000C1N55.png,784,0.0,0.0
G2,W0034F0002T0006Z000C1N55.png,785,0.0,0.0
G2,W0034F0002T0006Z000C1N55.png,786,0.0,0.0
G2,W0034F0002T0006Z000C1N55.png,787,0.0,0.0
G2,W0034F0002T0006Z000C1N55.png,788,0.0,0.0
G2,W0034F0002T0006Z000C1N55.png,789,0.0,0.0
G2,W0034F0002T0006Z000C1N55.png,790,0.0,0.0
G2,W0034F0002T0006Z000C1N55.png,791,0.0,0.0
G2,W0034F0002T0006Z000C1N55.png,792,0.0,0.0
G2,W0034F0002T0006Z000C1N41.png,1,0.1921983993948398,0.1921983993948398
G2,W0034F0002T0006Z000C1N41.png,2,1.0277402395547235,4.8232671758881445
G2,W0034F0002T0006Z000C1N41.png,3,2.378558189849473,2.378558189849473
G2,W0034F0002T0006Z000C1N41.png,4,1.4189702472215546,2.953077049875265
G2,W0034F0002T0006Z000C1N41.png,5,1.1403980938689786,1.1403980938689786
G2,W0034F0002T0006Z000C1N41.png,6,2.269779864825139,2.6043207506498938
G2,W0034F0002T0006Z000C1N41.png,7,0.2315981332232624,0.2315981332232624
G2,W0034F0002T0006Z000C1N41.png,8,2.1862139076494778,2.538331144669663
G2,W0034F0002T0006Z000C1N41.png,9,0.08125,2.361846801234153
G2,W0034F0002T0006Z000C1N41.png,10,0.2569350598886809,2.6726186830522605
G2,W0034F0002T0006Z000C1N41.png,11,0.11490485194281398,0.4737648414561807
G2,W0034F0002T0006Z000C1N41.png,12,0.060909514923897796,0.060909514923897796
G2,W0034F0002T0006Z000C1N41.png,13,0.05190872090624622,0.05190872090624622
G2,W0034F0002T0006Z000C1N41.png,14,0.08125,0.08125
G2,W0034F0002T0006Z000C1N41.png,15,1.21875,1.5775896369144926
G2,W0034F0002T0006Z000C1N41.png,16,0.028726212985703495,1.8387020409279204
G2,W0034F0002T0006Z000C1N41.png,17,0.0,0.0
G2,W0034F0002T0006Z000C1N41.png,18,0.028260869565218096,0.028260869565218096
G2,W0034F0002T0006Z000C1N41.png,19,0.0,0.0
G2,W0034F0002T0006Z000C1N41.png,20,0.05709667997526184,0.05709667997526184
G2,W0034F0002T0006Z000C1N41.png,21,0.05709667997526184,0.05709667997526184
G2,W0034F0002T0006Z000C1N41.png,22,0.08125,1.0686768980847299
G2,W0034F0002T0006Z000C1N41.png,23,0.07267220926874421,0.07267220926874421
G2,W0034F0002T0006Z000C1N41.png,24,0.11490485194281398,1.0593703908454306
G2,W0034F0002T0006Z000C1N41.png,25,0.08370029746612916,0.08370029746612916
G2,W0034F0002T0006Z000C1N41.png,26,0.036285742718784396,0.036285742718784396
G2,W0034F0002T0006Z000C1N41.png,27,0.0,0.0
G2,W0034F0002T0006Z000C1N41.png,28,1.7805618188159043,3.1533479851778177
G2,W0034F0002T0006Z000C1N41.png,29,0.8125,0.8125
G2,W0034F0002T0006Z000C1N41.png,30,1.3526813134497082,4.0246243881244075
G2,W0034F0002T0006Z000C1N41.png,31,0.15910714202897336,0.15910714202897336
G2,W0034F0002T0006Z000C1N41.png,32,0.9084026158592896,3.6850256528957845
G2,W0034F0002T0006Z000C1N41.png,33,1.040507688582838,2.036119163998021
G2,W0034F0002T0006Z000C1N41.png,34,0.6282114757015547,0.6282114757015547
G2,W0034F0002T0006Z000C1N41.png,35,0.051908720906244155,0.051908720906244155
G2,W0034F0002T0006Z000C1N41.png,36,0.6936717923885596,0.7124512653898201
G2,W0034F0002T0006Z000C1N41.png,37,0.08125,0.08125
G2,W0034F0002T0006Z000C1N41.png,38,0.11490485194281398,4.0216698179984895
G2,W0034F0002T0006Z000C1N41.png,39,0.11490485194281398,0.11490485194281398
G2,W0034F0002T0006Z000C1N41.png,40,0.11490485194281398,0.11490485194281398
G2,W0034F0002T0006Z000C1N41.png,41,0.08125,1.951691974287951
G2,W0034F0002T0006Z000C1N41.png,42,1.8968003486134224,2.0889310214796466
G2,W0034F0002T0006Z000C1N41.png,43,0.0,0.22980970388562796
G2,W0034F0001T0006Z000C1N18.png,1,0.07755486409274674,0.07755486409274674
G2,W0034F0001T0006Z000C1N18.png,2,0.07267220926874336,0.07267220926874336
G2,W0034F0001T0006Z000C1N18.png,3,0.037222481342381736,0.037222481342381736
G2,W0034F0001T0006Z000C1N18.png,4,0.11490485194281398,0.11490485194281398
G2,W0034F0001T0006Z000C1N18.png,5,0.055239378063923344,0.055239378063923344
G2,W0034F0001T0006Z000C1N18.png,6,0.0,0.0
G2,W0034F0001T0006Z000C1N18.png,7,0.07905694150420983,0.07905694150420983
G2,W0034F0001T0006Z000C1N18.png,8,0.07281400883629789,0.07281400883629789
G2,W0034F0001T0006Z000C1N18.png,9,0.03611111111111214,0.03611111111111214
G2,W0034F0001T0006Z000C1N18.png,10,0.0,0.0
G2,W0034F0001T0006Z000C1N18.png,11,0.0,0.0
G2,W0034F0001T0006Z000C1N18.png,12,0.10456499361939924,0.10456499361939924
G2,W0034F0001T0006Z000C1N18.png,13,0.016249999999999078,0.016249999999999078
G2,W0034F0001T0006Z000C1N18.png,14,1.149686702492853,1.1648982132453563
G2,W0034F0001T0006Z000C1N18.png,15,0.08613906208294181,0.08613906208294181
G2,W0034F0001T0006Z000C1N18.png,16,0.07432197775591741,0.07432197775591741
G2,W0034F0001T0006Z000C1N18.png,17,0.046428571428571264,0.046428571428571264
G2,W0034F0001T0006Z000C1N18.png,18,0.03823529411764692,0.03823529411764692
G2,W0034F0001T0006Z000C1N18.png,19,0.07660323462854238,0.07660323462854238
G2,W0034F0001T0006Z000C1N18.png,20,0.05190872090624468,0.05190872090624468
G2,W0034F0001T0006Z000C1N18.png,21,0.0766032346285432,0.0766032346285432
G2,W0034F0001T0006Z000C1N18.png,22,0.09013878188660039,0.09013878188660039
G2,W0034F0001T0006Z000C1N18.png,23,0.06894291116568772,0.06894291116568772
G2,W0034F0001T0006Z000C1N18.png,24,0.07549175535747679,0.07549175535747679
G2,W0034F0001T0006Z000C1N18.png,25,0.08124999999999954,0.08124999999999954
G2,W0034F0001T0006Z000C1N18.png,26,0.06510023136254514,0.06510023136254514
G2,W0034F0001T0006Z000C1N18.png,27,0.22980970388562796,0.22980970388562796
G2,W0034F0001T0006Z000C1N18.png,28,0.0,0.0
G2,W0034F0001T0006Z000C1N18.png,29,0.10452390518442521,0.10452390518442521
G2,W0034F0001T0006Z000C1N18.png,30,0.028726212985703495,0.028726212985703495
G2,W0034F0001T0006Z000C1N18.png,31,0.0,0.0
G2,W0034F0001T0006Z000C1N18.png,32,0.11490485194281398,0.11490485194281398
G2,W0034F0001T0006Z000C1N18.png,33,0.08012502437597094,0.08012502437597094
G2,W0034F0001T0006Z000C1N18.png,34,0.046428571428571264,0.046428571428571264
G2,W0034F0001T0006Z000C1N18.png,35,0.0,0.0
G2,W0034F0001T0006Z000C1N18.png,36,0.8125,0.8125
G2,W0034F0001T0006Z000C1N18.png,37,0.02708333333333295,0.02708333333333295
G2,W0034F0001T0006Z000C1N18.png,38,1.4036423251168746,1.5146908864203812
G2,W0034F0001T0006Z000C1N18.png,39,0.08356716504931917,0.08356716504931917
G2,W0034F0001T0006Z000C1N18.png,40,0.07432197775591741,0.07432197775591741
G2,W0034F0001T0006Z000C1N18.png,41,0.040625,0.040625
G2,W0034F0001T0006Z000C1N18.png,42,0.03255011568127273,0.03255011568127273
G2,W0034F0001T0006Z000C1N18.png,43,0.09084026158592831,0.09084026158592831
G2,W0034F0001T0006Z000C1N18.png,44,0.040625,0.040625
G2,W0034F0001T0006Z000C1N18.png,45,0.49422445558673034,0.49422445558673034
G2,W0034F0001T0006Z000C1N18.png,46,0.24375000000000002,0.24375000000000002
G2,W0034F0001T0006Z000C1N18.png,47,0.0,0.0
G2,W0034F0001T0006Z000C1N18.png,48,0.07660323462854238,0.12112034878123948
G2,W0034F0001T0006Z000C1N18.png,49,0.10405076885828365,0.10405076885828365
G2,W0034F0001T0006Z000C1N18.png,50,0.07267220926874317,0.07267220926874317
G2,W0034F0001T0006Z000C1N18.png,51,0.0,0.0
G2,W0034F0001T0006Z000C1N18.png,52,0.05745242597140699,0.05745242597140699
G2,W0034F0001T0006Z000C1N18.png,53,0.07341001711105195,0.07341001711105195
G2,W0034F0001T0006Z000C1N18.png,54,0.028726212985703495,0.028726212985703495
G2,W0034F0001T0006Z000C1N18.png,55,0.07934261150226993,0.07934261150226993
G2,W0034F0001T0006Z000C1N18.png,56,0.048825173521907975,0.048825173521907975
G2,W0034F0001T0006Z000C1N18.png,57,0.08125,0.08125
G2,W0034F0001T0006Z000C1N18.png,58,0.07323776028286229,0.07323776028286229
G2,W0034F0001T0006Z000C1N18.png,59,0.07887948184572591,0.07887948184572591
G2,W0034F0001T0006Z000C1N18.png,60,0.07267220926874421,0.07267220926874421
G2,W0034F0001T0006Z000C1N18.png,61,0.10213764617138983,0.10213764617138983
G2,W0034F0001T0006Z000C1N18.png,62,0.0,0.0
G2,W0034F0001T0006Z000C1N18.png,63,0.0,0.0
G2,W0034F0001T0006Z000C1N18.png,64,0.044666977610857694,0.044666977610857694
G2,W0034F0001T0006Z000C1N18.png,65,0.08149003006503437,0.08149003006503437
G2,W0034F0001T0006Z000C1N18.png,66,0.09701744190197516,0.09701744190197516
G2,W0034F0001T0006Z000C1N18.png,67,0.11470607903638519,0.11470607903638519
G2,W0034F0001T0006Z000C1N18.png,68,0.06958928570635851,0.06958928570635851
G2,W0034F0001T0006Z000C1N18.png,69,0.06936717923885698,0.06936717923885698
G2,W0034F0001T0006Z000C1N18.png,70,0.04360332556124704,0.04360332556124704
G2,W0034F0001T0006Z000C1N18.png,71,0.08125,0.08125
G2,W0034F0001T0006Z000C1N18.png,72,0.11490485194281398,0.11490485194281398
G2,W0034F0001T0006Z000C1N30.png,1,0.04642857142857242,0.04642857142857242
G2,W0034F0001T0006Z000C1N30.png,2,0.45961940777125593,0.6894291116568838
G2,W0034F0001T0006Z000C1N30.png,3,0.06679818801762209,0.06679818801762209
G2,W0034F0001T0006Z000C1N30.png,4,0.05918504792563112,0.05918504792563112
G2,W0034F0001T0006Z000C1N30.png,5,0.07475932449725985,0.07475932449725985
G2,W0034F0001T0006Z000C1N30.png,6,0.035003571246374605,0.035003571246374605
G2,W0034F0001T0006Z000C1N30.png,7,0.028726212985703495,0.028726212985703495
G2,W0034F0001T0006Z000C1N30.png,8,0.0513870119777358,0.0513870119777358
G2,W0034F0001T0006Z000C1N30.png,9,0.09138213416442219,0.09138213416442219
G2,W0034F0001T0006Z000C1N30.png,10,0.052232142857142526,0.052232142857142526
G2,W0034F0001T0006Z000C1N30.png,11,0.042976039616237256,0.042976039616237256
G2,W0034F0001T0006Z000C1N30.png,12,0.04642857142857242,0.04642857142857242
G2,W0034F0001T0006Z000C1N30.png,13,0.07706569906461772,0.07706569906461772
G2,W0034F0001T0006Z000C1N30.png,14,1.1830178570080843,1.1830178570080843
G2,W0034F0001T0006Z000C1N30.png,15,1.0595387988253278,1.123294503031392
G2,W0034F0001T0006Z000C1N30.png,16,0.1625,0.1625
G2,W0034F0001T0006Z000C1N30.png,17,0.188505534188663,1.3225001166888333
G2,W0034F0001T0006Z000C1N30.png,18,0.06090951492389675,0.06090951492389675
G2,W0034F0001T0006Z000C1N30.png,19,1.7805618188159043,2.1439071553182987
G2,W0034F0001T0006Z000C1N31.png,1,0.0766032346285421,0.0766032346285421
G2,W0034F0001T0006Z000C1N31.png,2,0.09765034704381638,0.09765034704381638
G2,W0034F0001T0006Z000C1N31.png,3,0.0818607021359077,0.0818607021359077
G2,W0034F0001T0006Z000C1N31.png,4,0.08125,0.08125
G2,W0034F0001T0006Z000C1N31.png,5,0.07665109669795996,0.07665109669795996
G2,W0034F0001T0006Z000C1N31.png,6,0.06700046641628682,0.06700046641628682
G2,W0034F0001T0006Z000C1N31.png,7,0.07660323462854217,0.07660323462854217
G2,W0034F0001T0006Z000C1N31.png,8,0.0,0.0
G2,W0034F0001T0006Z000C1N31.png,9,0.09765034704381723,0.09765034704381723
G2,W0034F0001T0006Z000C1N31.png,10,0.04874062770346084,0.04874062770346084
G2,W0034F0001T0006Z000C1N31.png,11,0.05745242597140699,0.05745242597140699
G2,W0034F0001T0006Z000C1N31.png,12,0.06679818801762387,0.06679818801762387
G2,W0034F0001T0006Z000C1N31.png,13,0.05918504792563011,0.05918504792563011
G2,W0034F0001T0006Z000C1N31.png,14,0.046428571428571264,0.046428571428571264
G2,W0034F0001T0006Z000C1N31.png,15,0.11490485194281398,0.11490485194281398
G2,W0034F0001T0006Z000C1N31.png,16,1.6429745687847603,1.8339285714285714
G2,W0034F0001T0006Z000C1N31.png,17,0.07665109669796069,0.07665109669796069
G2,W0034F0001T0006Z000C1N31.png,18,0.09987839828733971,0.09987839828733971
G2,W0034F0001T0006Z000C1N31.png,19,0.52712383478385,0.6892965673681156
G2,W0034F0001T0006Z000C1N31.png,20,0.0766032346285432,0.0766032346285432
G2,W0034F0001T0006Z000C1N31.png,21,0.08750892811593587,0.08750892811593587
G2,W0034F0001T0006Z000C1N31.png,22,0.08750892811593587,0.08750892811593587
G2,W0034F0001T0006Z000C1N31.png,23,0.07267220926874421,0.07267220926874421
G2,W0034F0001T0006Z000C1N31.png,24,0.08125,0.08125
G2,W0034F0001T0006Z000C1N31.png,25,0.04178358252466,0.04178358252466
G2,W0034F0001T0006Z000C1N31.png,26,0.0,0.0
G2,W0034F0001T0006Z000C1N31.png,27,0.0,0.0
G2,W0034F0001T0006Z000C1N31.png,28,0.11490485194281398,0.11490485194281398
G2,W0034F0001T0006Z000C1N31.png,29,0.48750000000000004,0.9750000000000001
G2,W0034F0001T0006Z000C1N31.png,30,0.0,0.0
G2,W0034F0001T0006Z000C1N31.png,31,0.08750892811593587,0.08750892811593587
G2,W0034F0001T0006Z000C1N31.png,32,0.040625,0.040625
G2,W0034F0001T0006Z000C1N31.png,33,0.11490485194281398,0.11490485194281398
G2,W0034F0001T0006Z000C1N31.png,34,0.03830161731427078,0.03830161731427078
G2,W0034F0001T0006Z000C1N31.png,35,0.9971339669067463,2.1970331630150133
G2,W0034F0001T0006Z000C1N31.png,36,0.036336104634371584,0.036336104634371584
G2,W0034F0001T0006Z000C1N31.png,37,0.09017776082112929,0.09017776082112929
G2,W0034F0001T0006Z000C1N31.png,38,0.04999999999999982,0.04999999999999982
G2,W0034F0001T0006Z000C1N31.png,39,0.8043339635996979,0.8043339635996979
G2,W0034F0001T0006Z000C1N31.png,40,0.08125,0.08125
G2,W0034F0001T0006Z000C1N31.png,41,0.8165523942160723,0.8165523942160723
G2,W0034F0001T0006Z000C1N31.png,42,0.09017776082112929,0.09017776082112929
G2,W0034F0001T0006Z000C1N31.png,43,0.07323776028286229,0.07323776028286229
G2,W0034F0001T0006Z000C1N31.png,44,0.08370029746612916,0.08370029746612916
G2,W0034F0001T0006Z000C1N31.png,45,0.8482749038489823,1.1633229613912037
G2,W0034F0001T0006Z000C1N31.png,46,0.978379559526874,0.978379559526874
G2,W0034F0001T0006Z000C1N31.png,47,0.032500000000000466,0.032500000000000466
G2,W0034F0001T0006Z000C1N31.png,48,0.08125,0.08125
G2,W0034F0001T0006Z000C1N31.png,49,0.30923292192132373,0.7198090024443992
G2,W0034F0001T0006Z000C1N31.png,50,0.5478768156274182,0.5478768156274182
G2,W0034F0001T0006Z000C1N31.png,51,0.08125,0.08125
G2,W0034F0001T0006Z000C1N31.png,52,0.08125,0.08125
G2,W0034F0001T0006Z000C1N31.png,53,0.040625,0.040625
G2,W0034F0001T0006Z000C1N31.png,54,0.0,0.0
G2,W0034F0001T0006Z000C1N31.png,55,0.07267220926874421,0.07267220926874421
G2,W0034F0001T0006Z000C1N31.png,56,0.07267220926874421,0.07267220926874421
G2,W0034F0001T0006Z000C1N31.png,57,0.08125,0.08125
G2,W0034F0001T0006Z000C1N31.png,58,0.06768069163659729,0.06768069163659729
G2,W0034F0001T0006Z000C1N31.png,59,1.6025004875194266,1.6025004875194266
G2,W0034F0001T0006Z000C1N31.png,60,0.07660323462854156,0.07660323462854156
G2,W0034F0001T0006Z000C1N31.png,61,1.1047875612784372,1.247010313598979
G2,W0034F0001T0006Z000C1N31.png,62,0.6132087735836778,0.6132087735836778
G2,W0034F0001T0006Z000C1N31.png,63,0.4501028633395979,0.4501028633395979
G2,W0034F0003T0006Z000C1N35.png,1,0.5138701197773617,1.0277402395547235
G2,W0034F0003T0006Z000C1N35.png,2,0.08125,0.08125
G2,W0034F0003T0006Z000C1N35.png,3,0.0383016173142716,0.0383016173142716
G2,W0034F0003T0006Z000C1N35.png,4,0.028726212985703495,0.028726212985703495
G2,W0034F0003T0006Z000C1N35.png,5,1.4469801527664432,1.8788963682172575
G2,W0034F0003T0006Z000C1N35.png,6,0.0,0.0
G2,W0034F0003T0006Z000C1N35.png,7,0.05745242597140699,0.05745242597140699
G2,W0034F0003T0006Z000C1N35.png,8,0.9425276709433141,0.9425276709433141
G2,W0034F0003T0006Z000C1N35.png,9,0.028726212985703495,0.028726212985703495
G2,W0034F0003T0006Z000C1N35.png,10,0.04642857142857242,0.04642857142857242
G2,W0034F0003T0006Z000C1N35.png,11,0.6345827861674157,0.9084026158592896
G2,W0034F0003T0006Z000C1N35.png,12,0.7665109669795991,0.9917826437783633
G2,W0034F0003T0006Z000C1N35.png,13,0.4900573945978165,0.5597153294309529
G2,W0034F0003T0006Z000C1N35.png,14,0.0,0.0
G2,W0034F0003T0006Z000C1N35.png,15,0.05922060518202259,0.05922060518202259
G2,W0034F0003T0006Z000C1N35.png,16,0.05745242597140699,0.05745242597140699
G2,W0034F0003T0006Z000C1N35.png,17,0.0,0.0
G2,W0034F0003T0006Z000C1N35.png,18,0.0,0.0
G2,W0034F0003T0006Z000C1N35.png,19,0.11490485194281398,0.11490485194281398
G2,W0034F0003T0006Z000C1N35.png,20,0.0203125,0.0203125
G2,W0034F0003T0006Z000C1N35.png,21,0.07886785713387255,0.07886785713387255
G2,W0034F0003T0006Z000C1N35.png,22,0.06958928570635821,0.06958928570635821
G2,W0034F0003T0006Z000C1N35.png,23,0.028726212985703495,0.028726212985703495
G2,W0034F0003T0006Z000C1N35.png,24,0.07267220926874421,0.07267220926874421
G2,W0034F0003T0006Z000C1N35.png,25,0.06697693811119823,0.06697693811119823
G2,W0034F0003T0006Z000C1N35.png,26,0.07660323462854238,0.07660323462854238
G2,W0034F0003T0006Z000C1N35.png,27,0.0,0.0
G2,W0034F0003T0006Z000C1N35.png,28,0.08125,0.08125
G2,W0034F0003T0006Z000C1N35.png,29,0.08125,0.08125
G2,W0034F0003T0006Z000C1N35.png,30,0.08500919067959599,0.08500919067959599
G2,W0034F0003T0006Z000C1N35.png,31,0.028726212985703495,0.028726212985703495
G2,W0034F0003T0006Z000C1N35.png,32,0.0541666666666659,0.0541666666666659
G2,W0034F0003T0006Z000C1N35.png,33,0.65,0.8285906709588275
G2,W0034F0003T0006Z000C1N35.png,34,0.0,0.0
G2,W0034F0003T0006Z000C1N35.png,35,0.027072276654638305,0.027072276654638305
G2,W0034F0003T0006Z000C1N35.png,36,0.07886785713387287,0.07886785713387287
G2,W0034F0003T0006Z000C1N35.png,37,0.040625,0.040625
G2,W0034F0003T0006Z000C1N35.png,38,0.0,0.0
G2,W0034F0003T0006Z000C1N35.png,39,0.08516788521995469,0.08516788521995469
G2,W0034F0003T0006Z000C1N35.png,40,0.0,0.0
G2,W0034F0003T0006Z000C1N35.png,41,0.0,0.0
G2,W0034F0003T0006Z000C1N35.png,42,0.0,0.0
G2,W0034F0003T0006Z000C1N35.png,43,0.08125,0.08125
G2,W0034F0003T0006Z000C1N35.png,44,0.08125,0.08125
G2,W0034F0003T0006Z000C1N35.png,45,0.08125,0.08125
G2,W0034F0003T0006Z000C1N35.png,46,0.08323199857278313,0.08323199857278313
G2,W0034F0003T0006Z000C1N35.png,47,0.04492949596243017,0.04492949596243017
G2,W0034F0003T0006Z000C1N35.png,48,0.06728908265624325,0.06728908265624325
G2,W0034F0003T0006Z000C1N35.png,49,0.08125,0.08125
G2,W0034F0003T0006Z000C1N35.png,50,0.08370029746612916,0.08370029746612916
G2,W0034F0003T0006Z000C1N35.png,51,0.08891329959954858,0.08891329959954858
G2,W0034F0003T0006Z000C1N35.png,52,0.07018738391943359,0.07018738391943359
G2,W0034F0003T0006Z000C1N35.png,53,0.05492832021214672,0.05492832021214672
G2,W0034F0003T0006Z000C1N35.png,54,0.07955357101448711,0.07955357101448711
G2,W0034F0003T0006Z000C1N35.png,55,0.028726212985703495,0.028726212985703495
G2,W0034F0003T0006Z000C1N35.png,56,0.0,0.0
G2,W0034F0003T0006Z000C1N35.png,57,0.08125,0.08125
G2,W0034F0003T0006Z000C1N35.png,58,0.040625,0.040625
G2,W0034F0003T0006Z000C1N35.png,59,0.08535789001466333,0.08535789001466333
G2,W0034F0003T0006Z000C1N35.png,60,2.5775594076567865,2.689853620552613
G2,W0034F0003T0006Z000C1N35.png,61,0.08125,0.08125
G2,W0034F0003T0006Z000C1N35.png,62,0.8772293029761379,1.007627163190831
G2,W0034F0003T0006Z000C1N35.png,63,0.11490485194281398,0.11490485194281398
G2,W0034F0003T0006Z000C1N35.png,64,0.07267220926874214,0.07267220926874214
G2,W0034F0002T0006Z000C1N26.png,1,0.04642857142857143,0.04642857142857143
G2,W0034F0002T0006Z000C1N26.png,2,0.05583372201357174,0.05583372201357174
G2,W0034F0002T0006Z000C1N26.png,3,0.06383602885711837,0.06383602885711837
G2,W0034F0002T0006Z000C1N26.png,4,0.09192388155425188,0.09192388155425188
G2,W0034F0002T0006Z000C1N26.png,5,0.22980970388562796,0.5138701197773617
G2,W0034F0002T0006Z000C1N26.png,6,0.04950310474005104,0.04950310474005104
G2,W0034F0002T0006Z000C1N26.png,7,0.8290316452694263,1.1094825627712341
G2,W0034F0002T0006Z000C1N26.png,8,0.11490485194281398,0.11490485194281398
G2,W0034F0002T0006Z000C1N26.png,9,1.044967520095987,1.2974810665499346
G2,W0034F0002T0006Z000C1N26.png,10,0.6700046641628699,1.7501785623187138
G2,W0034F0002T0006Z000C1N26.png,11,0.9224250948210135,2.555036556598663
G2,W0034F0002T0006Z000C1N26.png,12,0.9475296829123614,1.6730398979103878
G2,W0034F0002T0006Z000C1N26.png,13,1.161903408743601,1.4463869317198632
G2,W0034F0002T0006Z000C1N26.png,14,0.07323776028286229,1.6687185448814459
G2,W0034F0002T0006Z000C1N26.png,15,0.05745242597140699,0.05745242597140699
G2,W0034F0002T0006Z000C1N26.png,16,0.05709667997526293,0.1098276567970509
G2,W0034F0002T0006Z000C1N26.png,17,0.11490485194281398,0.11490485194281398
G2,W0034F0002T0006Z000C1N26.png,18,0.05709667997526293,0.05709667997526293
G2,W0034F0002T0006Z000C1N26.png,19,0.08125,0.08125
G2,W0034F0002T0006Z000C1N26.png,20,0.08125,0.08125
G2,W0034F0002T0006Z000C1N26.png,21,0.49422445558673034,0.7665109669795991
G2,W0034F0002T0006Z000C1N26.png,22,0.08125,0.08125
G2,W0034F0002T0006Z000C1N26.png,23,0.08125,0.08125
G2,W0034F0002T0006Z000C1N26.png,24,0.028726212985703495,0.028726212985703495
G2,W0034F0002T0006Z000C1N26.png,25,0.06958928570635851,0.06958928570635851
G2,W0034F0002T0006Z000C1N26.png,26,0.05156513040428759,0.05156513040428759
G2,W0034F0002T0006Z000C1N26.png,27,0.0,0.0
G2,W0034F0002T0006Z000C1N26.png,28,0.04642857142857242,0.04642857142857242
G2,W0034F0002T0006Z000C1N26.png,29,0.07660323462854156,0.07660323462854156
G2,W0034F0002T0006Z000C1N26.png,30,0.04642857142857242,0.04642857142857242
G2,W0034F0002T0006Z000C1N26.png,31,0.06731456008918203,0.06731456008918203
G2,W0034F0002T0006Z000C1N26.png,32,0.29295104113144915,0.33500233208143493
G2,W0034F0002T0006Z000C1N26.png,33,0.1625,1.9020137354919393
G2,W0034F0003T0006Z000C1N22.png,1,5.940147436091128,
G2,W0034F0003T0006Z000C1N22.png,2,8.457906457311113,
G2,W0034F0003T0006Z000C1N22.png,3,5.652859677266384,
G2,W0034F0003T0006Z000C1N22.png,4,2.9942857362503834,
G2,W0034F0003T0006Z000C1N22.png,5,4.503983576297271,
G2,W0034F0003T0006Z000C1N22.png,6,4.619832417144588,
G2,W0034F0003T0006Z000C1N22.png,7,6.270478949011791,
G2,W0034F0003T0006Z000C1N22.png,8,8.24290221112958,
G2,W0034F0003T0006Z000C1N22.png,9,3.0392101719670124,
G2,W0034F0003T0006Z000C1N22.png,10,9.151940230171272,
G2,W0034F0003T0006Z000C1N22.png,11,0.08125,
G2,W0034F0003T0006Z000C1N22.png,12,6.795497079357444,
G2,W0034F0003T0006Z000C1N22.png,13,2.0377396331474738,
G2,W0034F0003T0006Z000C1N22.png,14,1.2209881711947632,
G2,W0034F0003T0006Z000C1N22.png,15,4.1652018258422965,
G2,W0034F0003T0006Z000C1N22.png,16,5.615364861775608,
G2,W0034F0003T0006Z000C1N22.png,17,4.039867511922748,
G2,W0034F0003T0006Z000C1N22.png,18,5.370495932639741,
G2,W0034F0003T0006Z000C1N22.png,19,6.504568706878267,
G2,W0034F0003T0006Z000C1N22.png,20,7.271761521460945,
G2,W0034F0002T0006Z000C1N30.png,1,0.03830161731427078,0.03830161731427078
G2,W0034F0002T0006Z000C1N30.png,2,1.5423385811940842,2.1898559721290827
G2,W0034F0002T0006Z000C1N30.png,3,0.0,0.0
G2,W0034F0002T0006Z000C1N30.png,4,0.03830161731427242,0.03830161731427242
G2,W0034F0002T0006Z000C1N30.png,5,1.5995764477171777,2.162360917738317
G2,W0034F0002T0006Z000C1N30.png,6,2.3670588646430226,2.4212332069039793
G2,W0034F0002T0006Z000C1N30.png,7,0.3306635433582753,0.3306635433582753
G2,W0034F0002T0006Z000C1N30.png,8,0.4766803449215926,1.7647400614730484
G2,W0034F0002T0006Z000C1N30.png,9,0.14682003422210427,1.049018613285965
G2,W0034F0002T0006Z000C1N30.png,10,0.06768069163659848,0.06768069163659848
G2,W0034F0002T0006Z000C1N30.png,11,0.4142953354794138,0.897435582646465
G2,W0034F0002T0006Z000C1N30.png,12,0.14460096395083116,0.14460096395083116
G2,W0034F0002T0006Z000C1N30.png,13,0.0,2.8379404944431093
G2,W0034F0002T0006Z000C1N30.png,14,0.060909514923899,0.060909514923899
G2,W0034F0002T0006Z000C1N30.png,15,0.0,0.0
G2,W0034F0002T0006Z000C1N30.png,16,1.3400093283257397,2.0100139924886093
G2,W0034F0001T0006Z000C1N7.png,1,9.923140921025228,
G2,W0034F0001T0006Z000C1N7.png,2,15.614857020338835,
G2,W0034F0001T0006Z000C1N7.png,3,11.025832665580761,
G2,W0034F0001T0006Z000C1N7.png,4,3.4778627796232686,
G2,W0034F0001T0006Z000C1N7.png,5,7.375264070021933,
G2,W0034F0001T0006Z000C1N7.png,6,11.055375530709032,
G2,W0034F0001T0006Z000C1N7.png,7,8.504899782625307,
G2,W0034F0001T0006Z000C1N7.png,8,1.380175043820239,
G2,W0034F0001T0006Z000C1N7.png,9,4.687216658103186,
G2,W0034F0001T0006Z000C1N7.png,10,3.831884916576813,
G2,W0034F0001T0006Z000C1N7.png,11,3.0951703861641864,
G2,W0034F0002T0006Z000C1N25.png,1,0.0,0.0
G2,W0034F0002T0006Z000C1N25.png,2,0.041783582524659406,0.041783582524659406
G2,W0034F0002T0006Z000C1N25.png,3,0.03250000000000003,0.03250000000000003
G2,W0034F0002T0006Z000C1N25.png,4,0.07660323462854293,0.07660323462854293
G2,W0034F0002T0006Z000C1N25.png,5,0.08125,0.08125
G2,W0034F0002T0006Z000C1N25.png,6,0.01835250427776317,0.01835250427776317
G2,W0034F0002T0006Z000C1N25.png,7,0.07657196161861342,0.07657196161861342
G2,W0034F0002T0006Z000C1N25.png,8,0.17044525453906617,0.17044525453906617
G2,W0034F0002T0006Z000C1N25.png,9,0.060909514923897165,0.060909514923897165
G2,W0034F0002T0006Z000C1N25.png,10,0.07660323462854299,0.07660323462854299
G2,W0034F0002T0006Z000C1N25.png,11,0.018168052317186052,0.018168052317186052
G2,W0034F0002T0006Z000C1N25.png,12,0.03249999999999988,0.03249999999999988
G2,W0034F0002T0006Z000C1N25.png,13,0.05709667997526239,0.05709667997526239
G2,W0034F0002T0006Z000C1N25.png,14,0.07267220926874395,0.07267220926874395
G2,W0034F0002T0006Z000C1N25.png,15,0.07660323462854197,0.07660323462854197
G2,W0034F0002T0006Z000C1N25.png,16,0.07267220926874395,0.07267220926874395
G2,W0034F0002T0006Z000C1N25.png,17,0.07274086512653846,0.07274086512653846
G2,W0034F0002T0006Z000C1N25.png,18,1.1050000000000002,1.482584314634416
G2,W0034F0002T0006Z000C1N25.png,19,2.0714766773970688,2.4563851743975333
G2,W0034F0002T0006Z000C1N25.png,20,0.0695892857063571,0.0695892857063571
G2,W0034F0002T0006Z000C1N25.png,21,0.07660323462854238,0.12112034878123792
G2,W0034F0002T0006Z000C1N25.png,22,0.0494224455586725,0.0494224455586725
G2,W0034F0002T0006Z000C1N25.png,23,0.0,0.0
G2,W0034F0002T0006Z000C1N25.png,24,0.24375000000000002,0.24375000000000002
G2,W0034F0002T0006Z000C1N25.png,25,0.07660323462854156,0.07660323462854156
G2,W0034F0002T0006Z000C1N25.png,26,0.07323776028286229,0.07323776028286229
G2,W0034F0002T0006Z000C1N25.png,27,0.11490485194281398,0.11490485194281398
G2,W0034F0002T0006Z000C1N25.png,28,0.08125,0.08125
G2,W0034F0002T0006Z000C1N25.png,29,0.7392311367976264,0.7392311367976264
G2,W0034F0002T0006Z000C1N25.png,30,0.1684673045044067,0.1684673045044067
G2,W0034F0002T0006Z000C1N25.png,31,0.06958928570635742,0.06958928570635742
G2,W0034F0002T0006Z000C1N25.png,32,0.18168052317185793,0.18168052317185793
G2,W0034F0002T0006Z000C1N25.png,33,0.08750892811593565,0.08750892811593565
G2,W0034F0002T0006Z000C1N25.png,34,0.09459160805298615,0.09459160805298615
G2,W0034F0002T0006Z000C1N25.png,35,0.07886785713387287,0.07886785713387287
G2,W0034F0002T0006Z000C1N25.png,36,0.028260869565217374,0.028260869565217374
G2,W0034F0002T0006Z000C1N25.png,37,0.3468358961942785,0.5757995648564594
G2,W0034F0002T0006Z000C1N25.png,38,0.05871341946267574,0.05871341946267574
G2,W0034F0002T0006Z000C1N25.png,39,0.6700046641628699,0.8750892811593569
G2,W0034F0002T0006Z000C1N25.png,40,0.07886785713387287,0.07886785713387287
G2,W0034F0002T0006Z000C1N25.png,41,0.6776247835064944,1.6891838306972078
G2,W0034F0002T0006Z000C1N25.png,42,0.08125,0.08125
G2,W0034F0002T0006Z000C1N25.png,43,0.06768069163659729,0.06768069163659729
G2,W0034F0002T0006Z000C1N25.png,44,0.044194173824157836,0.044194173824157836
G2,W0034F0002T0006Z000C1N25.png,45,0.01915080865713621,0.01915080865713621
G2,W0034F0002T0006Z000C1N25.png,46,0.04642857142857242,0.04642857142857242
G2,W0034F0001T0006Z000C1N3.png,1,0.08370029746612823,0.08370029746612823
G2,W0034F0001T0006Z000C1N3.png,2,0.0,0.0
G2,W0034F0001T0006Z000C1N3.png,3,0.07323776028286229,0.07323776028286229
G2,W0034F0001T0006Z000C1N3.png,4,0.03852255966710653,0.03852255966710653
G2,W0034F0001T0006Z000C1N3.png,5,0.08125,0.08125
G2,W0034F0001T0006Z000C1N3.png,6,0.0,0.0
G2,W0034F0001T0006Z000C1N3.png,7,0.07660323462854217,0.07660323462854217
G2,W0034F0001T0006Z000C1N3.png,8,0.08125,0.08125
G2,W0034F0001T0006Z000C1N3.png,9,0.03028008719530948,0.03028008719530948
G2,W0034F0001T0006Z000C1N3.png,10,0.07660323462854197,0.22333488805428917
G2,W0034F0001T0006Z000C1N3.png,11,0.07432197775591769,0.07432197775591769
G2,W0034F0001T0006Z000C1N3.png,12,0.08125,0.08125
G2,W0034F0001T0006Z000C1N3.png,13,0.08125,0.08125
G2,W0034F0001T0006Z000C1N3.png,14,0.08125,0.08125
G2,W0034F0001T0006Z000C1N3.png,15,0.0541666666666659,0.0541666666666659
G2,W0034F0001T0006Z000C1N3.png,16,1.3101168840985142,1.3101168840985142
G2,W0034F0001T0006Z000C1N3.png,17,0.11490485194281398,1.1996418736439638
G2,W0034F0001T0006Z000C1N3.png,18,0.05709667997526293,0.05709667997526293
G2,W0034F0001T0006Z000C1N3.png,19,0.02795084971874753,0.02795084971874753
G2,W0034F0001T0006Z000C1N3.png,20,0.12112034878123948,1.3190445300376412
G2,W0034F0001T0006Z000C1N3.png,21,0.07267220926874421,3.9390750817926783
G2,W0034F0001T0006Z000C1N3.png,22,0.2055480479109454,3.770560303191026
G2,W0034F0001T0006Z000C1N3.png,23,1.120690530710865,4.934390832780172
G2,W0034F0001T0006Z000C1N3.png,24,1.3126339217390353,4.36411592564863
G2,W0034F0001T0006Z000C1N3.png,25,1.350132010328064,3.94470632719503
G2,W0034F0001T0006Z000C1N3.png,26,3.5997407796333842,6.781117190199726
G2,W0034F0001T0006Z000C1N3.png,27,2.885233146991763,6.310044695760878
G2,W0034F0001T0006Z000C1N3.png,28,0.5591511423577704,2.652485862356292
G2,W0034F0001T0006Z000C1N3.png,29,1.8188731940903833,3.199302936502557
G2,W0034F0001T0006Z000C1N3.png,30,0.9224250948210133,4.578605516117567
G2,W0034F0001T0006Z000C1N3.png,31,1.4973053213385186,2.3134374142719065
G2,W0034F0001T0006Z000C1N3.png,32,0.047794117647059,0.047794117647059
G2,W0034F0001T0006Z000C1N3.png,33,1.395987553669444,1.395987553669444
G2,W0034F0001T0006Z000C1N3.png,34,1.4898910666974954,5.203965772910598
G2,W0034F0001T0006Z000C1N3.png,35,1.14904851942814,2.1862139076494778
G2,W0034F0001T0006Z000C1N3.png,36,0.06770833333333272,0.06770833333333272
G2,W0034F0001T0006Z000C1N3.png,37,2.2764504304948088,2.4388537907180905
G2,W0034F0001T0006Z000C1N3.png,38,1.4189702472215546,1.9984857548904371
G2,W0034F0001T0006Z000C1N3.png,39,0.978379559526874,1.9175688546959664
G2,W0034F0001T0006Z000C1N3.png,40,0.08125,0.08125
G2,W0034F0001T0006Z000C1N3.png,41,0.5138701197773617,1.397877855894427
G2,W0034F0001T0006Z000C1N3.png,42,0.07660323462854238,0.07660323462854238
G2,W0034F0001T0006Z000C1N3.png,43,0.06770833333333456,0.06770833333333456
G2,W0034F0001T0006Z000C1N3.png,44,2.0158443571422446,2.9796590502196
G2,W0034F0001T0006Z000C1N3.png,45,0.08125,0.08125
G2,W0034F0001T0006Z000C1N3.png,46,7.630581973218033,7.9939430195617485
G2,W0034F0002T0006Z000C1N9.png,1,0.12999999999999953,0.12999999999999953
G2,W0034F0002T0006Z000C1N9.png,2,0.07267220926874421,0.07267220926874421
G2,W0034F0002T0006Z000C1N9.png,3,0.08370029746612852,0.08370029746612852
G2,W0034F0002T0006Z000C1N9.png,4,0.08022916975111809,0.08022916975111809
G2,W0034F0002T0006Z000C1N9.png,5,0.07267220926874421,0.07267220926874421
G2,W0034F0002T0006Z000C1N9.png,6,0.07267220926874421,0.07267220926874421
G2,W0034F0002T0006Z000C1N9.png,7,0.08125,0.08125
G2,W0034F0002T0006Z000C1N9.png,8,0.4659592852981421,0.4659592852981421
G2,W0034F0002T0006Z000C1N9.png,9,0.05922060518202259,0.05922060518202259
G2,W0034F0002T0006Z000C1N9.png,10,0.05709667997526184,0.05709667997526184
G2,W0034F0002T0006Z000C1N9.png,11,0.05553602434456318,0.05553602434456318
G2,W0034F0002T0006Z000C1N9.png,12,0.049244936546918874,0.049244936546918874
G2,W0034F0002T0006Z000C1N9.png,13,0.6388707726900106,0.6875350720571584
G2,W0034F0002T0006Z000C1N9.png,14,0.07851812248042613,0.07851812248042613
G2,W0034F0002T0006Z000C1N9.png,15,0.2333606220654971,0.2333606220654971
G2,W0034F0002T0006Z000C1N9.png,16,0.07905694150421066,0.07905694150421066
G2,W0034F0002T0006Z000C1N9.png,17,0.02595436045312182,0.02595436045312182
G2,W0034F0002T0006Z000C1N9.png,18,2.151207872916981,2.3450163245700444
G2,W0034F0002T0006Z000C1N9.png,19,0.1625,0.1625
G2,W0034F0002T0006Z000C1N9.png,20,0.05340002340823428,0.05340002340823428
G2,W0034F0002T0006Z000C1N9.png,21,1.7629398584309246,1.8924875238103365
G2,W0034F0002T0006Z000C1N9.png,22,0.2253469547164995,0.2253469547164995
G2,W0034F0002T0006Z000C1N9.png,23,1.625,1.625
G2,W0034F0002T0006Z000C1N9.png,24,1.1718041645257966,1.1718041645257966
G2,W0034F0002T0006Z000C1N9.png,25,0.07267220926874421,0.07267220926874421
G2,W0034F0002T0006Z000C1N9.png,26,0.10182580664035547,0.10182580664035547
G2,W0034F0002T0006Z000C1N9.png,27,0.07905694150421066,0.07905694150421066
G2,W0034F0002T0006Z000C1N9.png,28,1.0931069538247389,1.0931069538247389
G2,W0034F0002T0006Z000C1N9.png,29,0.04642857142857242,0.04642857142857242
G2,W0034F0002T0006Z000C1N9.png,30,0.1625,0.1625
G2,W0034F0002T0006Z000C1N9.png,31,0.0,0.0
G2,W0034F0002T0006Z000C1N9.png,32,1.63425250496978,1.63425250496978
G2,W0034F0002T0006Z000C1N9.png,33,0.05450415695155944,0.05450415695155944
G2,W0034F0002T0006Z000C1N9.png,34,0.0766032346285432,0.0766032346285432
G2,W0034F0002T0006Z000C1N9.png,35,0.028726212985703495,0.028726212985703495
G2,W0034F0002T0006Z000C1N9.png,36,0.04642857142857011,0.04642857142857011
G2,W0034F0002T0006Z000C1N9.png,37,1.390775974950675,1.390775974950675
G2,W0034F0002T0006Z000C1N9.png,38,0.0,0.0
G2,W0034F0003T0006Z000C1N26.png,1,1.8040427690329297,25.53280442024534
G2,W0034F0003T0006Z000C1N26.png,2,0.9524224786333655,23.68374002588106
G2,W0034F0003T0006Z000C1N26.png,3,2.6012692214570947,24.744993969740626
G2,W0034F0003T0006Z000C1N26.png,4,2.591098041854071,20.483542364847445
G2,W0034F0003T0006Z000C1N26.png,5,4.6488059332411655,19.250956616041606
G2,W0034F0003T0006Z000C1N26.png,6,0.5039425241057168,18.81547930930888
G2,W0034F0003T0006Z000C1N26.png,7,0.9272828671042078,11.200202722077176
G2,W0034F0003T0006Z000C1N26.png,8,2.4647321383649166,11.906629295504063
G2,W0034F0003T0006Z000C1N26.png,9,2.1125000000000007,11.837542238573006
G2,W0034F0003T0006Z000C1N26.png,10,4.561753173275479,7.311998439589244
G2,W0034F0003T0006Z000C1N26.png,11,5.04183075855975,5.793162093435357
G2,W0034F0003T0006Z000C1N26.png,12,5.043844048591072,10.34303003936483
G2,W0034F0003T0006Z000C1N26.png,13,4.098194748338895,4.305579252006924
G2,W0034F0003T0006Z000C1N26.png,14,3.842437659659209,3.9987912714535443
G2,W0034F0003T0006Z000C1N26.png,15,2.6606447737803878,3.1387396932917024
G2,W0034F0003T0006Z000C1N26.png,16,2.195254113992273,2.368824207280903
G2,W0034F0003T0006Z000C1N26.png,17,6.775295196520961,12.658322361197788
G2,W0034F0003T0006Z000C1N26.png,18,1.1092931307819403,1.135176197777243
G2,W0034F0003T0006Z000C1N26.png,19,0.09558823529411663,0.09558823529411663
G2,W0034F0002T0006Z000C1N20.png,1,5.8170460716758985,5.8170460716758985
G2,W0034F0002T0006Z000C1N20.png,2,3.8724024514630897,3.8724024514630897
G2,W0034F0002T0006Z000C1N20.png,3,0.08125,0.08125
G2,W0034F0002T0006Z000C1N20.png,4,2.3660357140161685,2.3660357140161685
G2,W0034F0002T0006Z000C1N20.png,5,3.5809023017018924,6.313827254776411
G2,W0034F0002T0006Z000C1N20.png,6,7.076683766072919,7.076683766072919
G2,W0034F0002T0006Z000C1N20.png,7,4.134098654322786,10.387582270849819
G2,W0034F0002T0006Z000C1N20.png,8,10.227177335413717,10.227177335413717
G2,W0034F0002T0006Z000C1N20.png,9,10.210704018945021,10.210704018945021
G2,W0034F0002T0006Z000C1N20.png,10,8.567066038487885,8.567066038487885
G2,W0034F0002T0006Z000C1N20.png,11,3.3737099675746434,3.3737099675746434
G2,W0034F0002T0006Z000C1N20.png,12,2.5653979783242367,11.402880530849496
G2,W0034F0002T0006Z000C1N20.png,13,0.32143650146178576,0.32143650146178576
G2,W0034F0002T0006Z000C1N20.png,14,0.8636993472846903,10.239111976265326
G2,W0034F0002T0006Z000C1N20.png,15,0.5675880988886205,1.31614968753558
G2,W0034F0002T0006Z000C1N20.png,16,0.07905694150420847,0.07905694150420847
G2,W0034F0002T0006Z000C1N22.png,1,0.08125,0.08125
G2,W0034F0002T0006Z000C1N22.png,2,0.04642857142857011,0.04642857142857011
G2,W0034F0002T0006Z000C1N22.png,3,0.07886785713387261,0.07886785713387261
G2,W0034F0002T0006Z000C1N22.png,4,0.05709667997526266,0.05709667997526266
G2,W0034F0002T0006Z000C1N22.png,5,0.06056017439062064,0.06056017439062064
G2,W0034F0002T0006Z000C1N22.png,6,0.040625,0.040625
G2,W0034F0002T0006Z000C1N22.png,7,0.0,0.0
G2,W0034F0002T0006Z000C1N22.png,8,0.06353990254065617,0.06353990254065617
G2,W0034F0002T0006Z000C1N22.png,9,0.08125,0.08125
G2,W0034F0002T0006Z000C1N22.png,10,0.08125,0.08125
G2,W0034F0002T0006Z000C1N22.png,11,0.04110960958218805,0.04110960958218805
G2,W0034F0002T0006Z000C1N22.png,12,0.06090951492389731,0.06090951492389731
G2,W0034F0002T0006Z000C1N22.png,13,0.08125,0.08125
G2,W0034F0002T0006Z000C1N22.png,14,1.3101168840985142,1.4534441853748634
G2,W0034F0002T0006Z000C1N22.png,15,1.5963092197315656,2.195254113992273
G2,W0034F0002T0006Z000C1N22.png,16,0.0,0.0
G2,W0034F0002T0006Z000C1N22.png,17,0.11490485194281398,0.11490485194281398
G2,W0034F0002T0006Z000C1N22.png,18,0.01816805231718476,0.01816805231718476
G2,W0034F0002T0006Z000C1N22.png,19,0.05608972391540406,0.05608972391540406
G2,W0034F0002T0006Z000C1N22.png,20,0.04308931947855524,0.04308931947855524
G2,W0034F0002T0006Z000C1N22.png,21,0.032500000000000466,0.032500000000000466
G2,W0034F0002T0006Z000C1N22.png,22,0.05859020822628983,0.05859020822628983
G2,W0034F0002T0006Z000C1N22.png,23,0.03255011568127209,0.03255011568127209
G2,W0034F0002T0006Z000C1N22.png,24,0.0,0.0
G2,W0034F0002T0006Z000C1N22.png,25,0.057352941176470384,0.057352941176470384
G2,W0034F0002T0006Z000C1N22.png,26,0.07886785713387287,0.07886785713387287
G2,W0034F0002T0006Z000C1N22.png,27,0.06090951492389675,0.06090951492389675
G2,W0034F0002T0006Z000C1N22.png,28,0.0541666666666659,0.0541666666666659
G2,W0034F0002T0006Z000C1N22.png,29,0.08838834764831895,0.08838834764831895
G2,W0034F0002T0006Z000C1N22.png,30,0.06768069163659729,0.06768069163659729
G2,W0034F0002T0006Z000C1N22.png,31,0.4142953354794138,1.1547794702885916
G2,W0034F0002T0006Z000C1N22.png,32,0.08113738733326738,0.08113738733326738
G2,W0034F0002T0006Z000C1N22.png,33,0.032500000000000466,0.032500000000000466
G2,W0034F0002T0006Z000C1N22.png,34,0.08750892811593587,0.08750892811593587
G2,W0034F0002T0006Z000C1N22.png,35,0.11490485194281398,0.11490485194281398
G2,W0034F0002T0006Z000C1N22.png,36,0.05737279679111259,0.05737279679111259
G2,W0034F0002T0006Z000C1N22.png,37,0.20948075454430978,0.20948075454430978
G2,W0034F0002T0006Z000C1N22.png,38,0.325,0.45961940777125593
G2,W0034F0002T0006Z000C1N22.png,39,0.08812799848882832,0.08812799848882832
G2,W0034F0002T0006Z000C1N22.png,40,0.04811784305302357,0.04811784305302357
G2,W0034F0002T0006Z000C1N22.png,41,0.09288733343012118,0.09288733343012118
G2,W0034F0002T0006Z000C1N22.png,42,0.5859020822628983,0.9884489111734607
G2,W0034F0002T0006Z000C1N22.png,43,0.7660323462854273,1.0887365256214305
G2,W0034F0002T0006Z000C1N22.png,44,0.8285906709588275,1.0900831390311476
G2,W0034F0002T0006Z000C1N22.png,45,1.1449816675875517,1.315706065551783
G2,W0034F0002T0006Z000C1N22.png,46,0.11490485194281398,0.11490485194281398
G2,W0034F0002T0006Z000C1N22.png,47,0.07300104447424759,0.07300104447424759
G2,W0034F0002T0006Z000C1N22.png,48,0.05709667997526385,0.10982765679704967
G2,W0034F0002T0006Z000C1N22.png,49,0.08750892811593569,0.08750892811593569
G2,W0034F0002T0006Z000C1N22.png,50,0.057096679975264034,0.057096679975264034
G2,W0034F0002T0006Z000C1N22.png,51,0.08125,0.08125
G2,W0034F0002T0006Z000C1N22.png,52,0.0,0.0
G2,W0034F0003T0006Z000C1N24.png,1,1.713941086137285,6.930690677683029
G2,W0034F0003T0006Z000C1N24.png,2,0.5478768156274191,1.9505526427771436
G2,W0034F0003T0006Z000C1N24.png,3,2.171284187209564,6.319596973223786
G2,W0034F0003T0006Z000C1N24.png,4,2.1465997822137224,2.368824207280903
G2,W0034F0003T0006Z000C1N24.png,5,0.0,0.0
G2,W0034F0003T0006Z000C1N24.png,6,0.18168052317185793,4.670991764336563
G2,W0034F0003T0006Z000C1N24.png,7,1.4898910666974954,6.859853343230087
G2,W0034F0003T0006Z000C1N24.png,8,0.24375000000000002,4.445050794141728
G2,W0034F0003T0006Z000C1N24.png,9,3.0335751391716017,4.545645237477294
G2,W0034F0003T0006Z000C1N24.png,10,2.076711307662165,6.3514137897084915
G2,W0034F0003T0006Z000C1N24.png,11,1.3953831674589514,4.509395332786992
G2,W0034F0003T0006Z000C1N24.png,12,0.05735294117647154,0.05735294117647154
G2,W0034F0003T0006Z000C1N24.png,13,0.9479650285282153,2.2297537437601713
G2,W0034F0003T0006Z000C1N24.png,14,0.4484925502191112,0.5039425241057178
G2,W0034F0003T0006Z000C1N24.png,15,0.0,3.5786912761511016
G2,W0034F0003T0006Z000C1N24.png,16,0.08549671678675741,0.08549671678675741
G2,W0034F0003T0006Z000C1N24.png,17,1.5184742705530545,4.515558995174691
G2,W0034F0003T0006Z000C1N24.png,18,0.4431706519585543,2.352495493765279
G2,W0034F0003T0006Z000C1N24.png,19,0.17385435209911093,0.17385435209911093
G2,W0034F0003T0006Z000C1N24.png,20,1.2639533713709536,1.4937630752565816
G2,W0034F0003T0006Z000C1N24.png,21,1.996246477767713,3.8767133309028665
G2,W0034F0003T0006Z000C1N24.png,22,2.535208324773331,4.64306606672789
G2,W0034F0003T0006Z000C1N24.png,23,2.391015082553851,2.8817990257823323
G2,W0034F0003T0006Z000C1N24.png,24,2.2304189068423903,2.2304189068423903
G2,W0034F0003T0006Z000C1N24.png,25,2.4976238708020086,2.4976238708020086
G2,W0034F0003T0006Z000C1N18.png,1,5.530304185969293,10.775100518095586
G2,W0034F0003T0006Z000C1N18.png,2,4.476401149503418,10.878295778153387
G2,W0034F0003T0006Z000C1N18.png,3,4.97419905612954,5.724522359987774
G2,W0034F0003T0006Z000C1N18.png,4,0.8125,4.812305190862276
G2,W0034F0003T0006Z000C1N18.png,5,1.7936575209658505,9.077122198510056
G2,W0034F0003T0006Z000C1N18.png,6,1.8894774409873223,3.861897202153367
G2,W0034F0003T0006Z000C1N18.png,7,1.8040427690329297,3.9845649464527497
G2,W0034F0003T0006Z000C1N18.png,8,0.3678750212368326,1.0033634841123131
G2,W0034F0003T0006Z000C1N18.png,9,0.1625,0.1625
G2,W0034F0003T0006Z000C1N18.png,10,0.8039151050785585,4.834719857790763
G2,W0034F0003T0006Z000C1N18.png,11,0.4844813951249548,3.0741671184602533
G2,W0034F0003T0006Z000C1N18.png,12,0.6187815648514426,2.289462955585873
G2,W0034F0003T0006Z000C1N18.png,13,0.9084026158592896,2.476459481295828
G2,W0034F0003T0006Z000C1N18.png,14,0.07708051796660499,0.07708051796660499
G2,W0034F0003T0006Z000C1N18.png,15,0.06423376497217022,0.06423376497217022
G2,W0034F0003T0006Z000C1N18.png,16,0.19969683655634612,2.531315349370597
G2,W0034F0003T0006Z000C1N18.png,17,0.8165523942160723,4.318496736423452
G2,W0034F0003T0006Z000C1N18.png,18,2.296979636694433,5.569758450901519
G2,W0034F0003T0006Z000C1N25.png,1,0.56875,0.56875
G2,W0034F0003T0006Z000C1N25.png,2,0.48750000000000004,0.48750000000000004
G2,W0034F0003T0006Z000C1N25.png,3,0.08125,0.08125
G2,W0034F0003T0006Z000C1N25.png,4,0.1625,0.1625
G2,W0034F0003T0006Z000C1N25.png,5,0.032500000000000466,0.032500000000000466
G2,W0034F0003T0006Z000C1N25.png,6,0.11718041645258034,0.11718041645258034
G2,W0034F0003T0006Z000C1N25.png,7,0.0,0.0
G2,W0034F0003T0006Z000C1N25.png,8,0.06988425425191923,0.06988425425191923
G2,W0034F0003T0006Z000C1N25.png,9,0.06090951492389787,0.06090951492389787
G2,W0034F0003T0006Z000C1N25.png,10,0.08125,0.08125
G2,W0034F0003T0006Z000C1N25.png,11,0.06532419153728555,0.06532419153728555
G2,W0034F0003T0006Z000C1N25.png,12,0.08125,0.08125
G2,W0034F0003T0006Z000C1N25.png,13,0.07847188080336426,0.07847188080336426
G2,W0034F0003T0006Z000C1N25.png,14,0.9581686127119199,1.0796507232138943
G2,W0034F0003T0006Z000C1N25.png,15,0.07660323462854156,0.07660323462854156
G2,W0034F0003T0006Z000C1N25.png,16,0.0,0.0
G2,W0034F0003T0006Z000C1N25.png,17,0.11490485194281398,0.11490485194281398
G2,W0034F0003T0006Z000C1N25.png,18,0.07660323462854238,0.07660323462854238
G2,W0034F0003T0006Z000C1N25.png,19,0.11490485194281398,0.11490485194281398
G2,W0034F0003T0006Z000C1N25.png,20,1.21875,1.21875
G2,W0034F0003T0006Z000C1N25.png,21,0.7437784407635365,0.7437784407635365
G2,W0034F0003T0006Z000C1N25.png,22,0.11652255028919542,0.11652255028919542
G2,W0034F0003T0006Z000C1N25.png,23,0.2569350598886809,0.2569350598886809
G2,W0027F0001T0006Z000C1N35.png,1,0.08125,0.08125
G2,W0027F0001T0006Z000C1N35.png,2,0.07030824987154738,0.07030824987154738
G2,W0027F0001T0006Z000C1N35.png,3,0.06423376497217022,0.06423376497217022
G2,W0027F0001T0006Z000C1N35.png,4,0.08125,0.6550584420492571
G2,W0027F0001T0006Z000C1N35.png,5,0.05143555900035103,0.05143555900035103
G2,W0027F0001T0006Z000C1N35.png,6,1.2732047546338416,2.919226555194981
G2,W0027F0001T0006Z000C1N35.png,7,1.284675299443404,2.7312571510203867
G2,W0027F0001T0006Z000C1N35.png,8,0.06589659407823172,0.06589659407823172
G2,W0027F0001T0006Z000C1N35.png,9,1.053008916285982,2.2617550952990273
G2,W0027F0001T0006Z000C1N35.png,10,0.028726212985703495,0.028726212985703495
G2,W0027F0001T0006Z000C1N35.png,11,0.2987526150513157,2.398072793932662
G2,W0027F0001T0006Z000C1N35.png,12,1.482584314634416,2.2366045694310834
G2,W0027F0001T0006Z000C1N35.png,13,0.028726212985703495,0.028726212985703495
G2,W0027F0001T0006Z000C1N35.png,14,0.03493856214843441,0.03493856214843441
G2,W0027F0001T0006Z000C1N35.png,15,0.040625,0.040625
G2,W0027F0001T0006Z000C1N35.png,16,0.06958928570635742,0.06958928570635742
G2,W0027F0001T0006Z000C1N35.png,17,0.12112034878123895,0.8052453904797533
G2,W0027F0001T0006Z000C1N35.png,18,0.6700046641628699,3.651733321314688
G2,W0027F0001T0006Z000C1N35.png,19,0.0766032346285432,3.068435291624852
G2,W0027F0001T0006Z000C1N35.png,20,0.3447145558284419,3.007347772539784
G2,W0027F0001T0006Z000C1N35.png,21,0.236603571401618,5.814957544986895
G2,W0027F0001T0006Z000C1N35.png,22,0.9755415162872362,3.0730979890006767
G2,W0027F0001T0006Z000C1N35.png,23,0.06958928570635742,0.06958928570635742
G2,W0027F0001T0006Z000C1N35.png,24,0.7490879871550471,2.471122277933652
G2,W0027F0001T0006Z000C1N35.png,25,0.09317900566922621,0.09317900566922621
G2,W0027F0001T0006Z000C1N35.png,26,1.931290452650766,3.2347297510765873
G2,W0027F0001T0006Z000C1N35.png,27,1.5607615328742568,2.82044018062784
G2,W0027F0001T0006Z000C1N35.png,28,1.039167418470726,2.5640065016059888
G2,W0027F0001T0006Z000C1N35.png,29,1.4466151224496446,5.368036914226653
G2,W0027F0001T0006Z000C1N35.png,30,0.6809990937035086,2.7651871122267657
G2,W0027F0001T0006Z000C1N35.png,31,1.6198515379818121,3.5810998517158366
G2,W0027F0002T0006Z000C1N46.png,1,12.75625,
G2,W0027F0002T0006Z000C1N46.png,2,12.87590773499096,
G2,W0027F0002T0006Z000C1N46.png,3,6.069149702164594,
G2,W0027F0002T0006Z000C1N46.png,4,1.6671106179555095,
G2,W0027F0002T0006Z000C1N46.png,5,5.164330789172979,
G2,W0027F0002T0006Z000C1N46.png,6,4.754687243263221,
G2,W0027F0002T0006Z000C1N46.png,7,3.9303506522955427,
G2,W0027F0002T0006Z000C1N46.png,8,0.1098276567970509,
G2,W0027F0002T0006Z000C1N46.png,9,5.3507921434587615,
G2,W0027F0002T0006Z000C1N53.png,1,0.07905694150420957,0.07905694150420957
G2,W0027F0002T0006Z000C1N53.png,2,0.07267220926874421,0.07267220926874421
G2,W0027F0002T0006Z000C1N53.png,3,0.08125,0.08125
G2,W0027F0002T0006Z000C1N53.png,4,0.032500000000000466,0.032500000000000466
G2,W0027F0002T0006Z000C1N53.png,5,0.08750892811593587,0.08750892811593587
G2,W0027F0002T0006Z000C1N53.png,6,0.0,0.0
G2,W0027F0002T0006Z000C1N53.png,7,0.05670020150931273,0.05670020150931273
G2,W0027F0002T0006Z000C1N53.png,8,0.05745242597140699,0.05745242597140699
G2,W0027F0002T0006Z000C1N53.png,9,0.06875350720571567,0.06875350720571567
G2,W0027F0002T0006Z000C1N53.png,10,0.20108349089992447,0.9196875530920815
G2,W0027F0002T0006Z000C1N53.png,11,1.5149503169710303,3.52493576099489
G2,W0027F0002T0006Z000C1N53.png,12,0.08750892811593587,0.08750892811593587
G2,W0027F0002T0006Z000C1N53.png,13,0.10405076885828365,0.10405076885828365
G2,W0027F0002T0006Z000C1N53.png,14,2.06104694620545,2.564930061231351
G2,W0027F0002T0006Z000C1N53.png,15,0.060560174390619476,0.060560174390619476
G2,W0027F0002T0006Z000C1N53.png,16,0.09459160805298471,0.09459160805298471
G2,W0027F0002T0006Z000C1N53.png,17,0.09459160805298543,0.09459160805298543
G2,W0027F0002T0006Z000C1N53.png,18,0.08125,0.08125
G2,W0027F0002T0006Z000C1N53.png,19,0.04642857142857242,0.04642857142857242
G2,W0027F0002T0006Z000C1N53.png,20,0.5813776741499453,0.8285906709588269
G2,W0027F0002T0006Z000C1N53.png,21,0.032500000000000466,0.032500000000000466
G2,W0027F0002T0006Z000C1N53.png,22,0.11490485194281398,0.11490485194281398
G2,W0027F0002T0006Z000C1N53.png,23,1.1318005904445414,1.1318005904445414
G2,W0027F0002T0006Z000C1N53.png,24,0.2569350598886809,0.2569350598886809
G2,W0027F0002T0006Z000C1N53.png,25,0.2569350598886809,0.6989389279472135
G2,W0027F0002T0006Z000C1N53.png,26,0.08125,0.08125
G2,W0027F0002T0006Z000C1N53.png,27,0.08125,0.08125
G2,W0027F0002T0006Z000C1N53.png,28,0.1625,0.1625
G2,W0027F0002T0006Z000C1N53.png,29,0.0,0.0
G2,W0027F0002T0006Z000C1N53.png,30,1.5474148344103094,1.5474148344103094
G2,W0027F0002T0006Z000C1N53.png,31,0.08125,0.08125
G2,W0027F0002T0006Z000C1N53.png,32,0.0677083333333341,0.0677083333333341
G2,W0027F0002T0006Z000C1N53.png,33,1.426221036625284,1.426221036625284
G2,W0027F0002T0006Z000C1N53.png,34,0.08805473146896713,0.08805473146896713
G2,W0027F0002T0006Z000C1N53.png,35,0.07267220926874421,0.07267220926874421
G2,W0027F0002T0006Z000C1N53.png,36,0.032500000000000466,0.032500000000000466
G2,W0027F0002T0006Z000C1N53.png,37,0.07267220926874421,0.07267220926874421
G2,W0027F0002T0006Z000C1N53.png,38,1.8369340712792506,1.8369340712792506
G2,W0027F0002T0006Z000C1N53.png,39,0.06056017439061896,0.06056017439061896
G2,W0027F0002T0006Z000C1N53.png,40,0.08125,0.08125
G2,W0027F0002T0006Z000C1N53.png,41,0.3830161731427125,0.3830161731427125
G2,W0027F0002T0006Z000C1N53.png,42,0.6345827861674157,0.8636993472846903
G2,W0027F0002T0006Z000C1N53.png,43,1.5186342548487448,1.5186342548487448
G2,W0027F0002T0006Z000C1N53.png,44,0.7587201394453699,0.8840955830678048
G2,W0027F0002T0006Z000C1N53.png,45,1.0593703908454306,1.4937630752565816
G2,W0027F0002T0006Z000C1N53.png,46,0.17948378043055058,0.17948378043055058
G2,W0027F0002T0006Z000C1N53.png,47,1.090681100205592,1.2788891603919017
G2,W0027F0002T0006Z000C1N53.png,48,1.21875,1.21875
G2,W0027F0002T0006Z000C1N53.png,49,1.1633229613912037,1.3126339217390353
G2,W0027F0002T0006Z000C1N53.png,50,0.7490879871550471,0.7490879871550471
G2,W0027F0002T0006Z000C1N53.png,51,0.9263925328930496,0.9263925328930496
G2,W0027F0002T0006Z000C1N53.png,52,2.3506225370587255,2.498852360041296
G2,W0027F0002T0006Z000C1N53.png,53,2.4429106614855978,3.0530978120590895
G2,W0027F0002T0006Z000C1N53.png,54,3.7394865644396957,3.8713301674779688
G2,W0027F0002T0006Z000C1N53.png,55,2.9351386785806217,3.4710015215352468
G2,W0027F0002T0006Z000C1N53.png,56,0.18168052317185793,0.18168052317185793
G2,W0027F0002T0006Z000C1N53.png,57,3.737508831511305,4.06608154623404
G2,W0027F0002T0006Z000C1N53.png,58,3.7028059203357473,3.7028059203357473
G2,W0027F0002T0006Z000C1N53.png,59,0.7903245467991981,0.7903245467991981
G2,W0027F0002T0006Z000C1N53.png,60,3.36772823899666,3.36772823899666
G2,W0027F0002T0006Z000C1N53.png,61,3.5970908384415314,3.7055701315721983
G2,W0027F0002T0006Z000C1N53.png,62,3.7875051567621663,3.7875051567621663
G2,W0027F0002T0006Z000C1N53.png,63,3.0357505249937784,3.0357505249937784
G2,W0027F0002T0006Z000C1N53.png,64,1.308099766837375,1.308099766837375
G2,W0027F0002T0006Z000C1N53.png,65,1.8214503149962689,1.8214503149962689
G2,W0027F0002T0006Z000C1N53.png,66,0.9271839833004484,0.9271839833004484
G2,W0027F0002T0006Z000C1N53.png,67,0.5859020822628983,0.5859020822628983
G2,W0027F0002T0006Z000C1N53.png,68,0.08736736599340168,0.08736736599340168
G2,W0027F0002T0006Z000C1N53.png,69,0.5397165416331985,0.5397165416331985
G2,W0027F0002T0006Z000C1N53.png,70,0.06510023136254611,0.06510023136254611
G2,W0027F0002T0006Z000C1N53.png,71,1.2295356084717515,1.2295356084717515
G2,W0027F0002T0006Z000C1N53.png,72,0.08125,0.08125
G2,W0027F0002T0006Z000C1N53.png,73,0.040625,0.040625
G2,W0027F0002T0006Z000C1N53.png,74,0.29849884840648805,0.29849884840648805
G2,W0027F0002T0006Z000C1N53.png,75,2.457015835846818,2.457015835846818
G2,W0027F0002T0006Z000C1N53.png,76,0.56875,0.56875
G2,W0027F0002T0006Z000C1N53.png,77,0.05190872090624364,0.05190872090624364
G2,W0027F0001T0006Z000C1N22.png,1,5.90615409975053,5.90615409975053
G2,W0027F0001T0006Z000C1N22.png,2,1.708183428382327,3.6571526663512426
G2,W0027F0001T0006Z000C1N22.png,3,4.796978256217658,5.157224945707235
G2,W0027F0001T0006Z000C1N22.png,4,1.4372884321492618,3.453944512623356
G2,W0027F0001T0006Z000C1N22.png,5,4.943588018838139,4.943588018838139
G2,W0027F0001T0006Z000C1N22.png,6,0.9079987916046784,2.8835801917446693
G2,W0027F0001T0006Z000C1N22.png,7,0.040625,1.7879615881290627
G2,W0027F0001T0006Z000C1N22.png,8,2.4375,4.1429533547941375
G2,W0027F0001T0006Z000C1N22.png,9,2.5859974502114267,2.5859974502114267
G2,W0027F0001T0006Z000C1N22.png,10,0.09192388155425085,0.09192388155425085
G2,W0027F0001T0006Z000C1N22.png,11,1.4937630752565816,1.4937630752565816
G2,W0027F0001T0006Z000C1N22.png,12,1.8168052317185792,1.8168052317185792
G2,W0027F0001T0006Z000C1N22.png,13,0.0,0.6894291116568838
G2,W0027F0001T0006Z000C1N22.png,14,0.08125,1.0050069962443047
G2,W0027F0001T0006Z000C1N22.png,15,0.020186724796873678,0.020186724796873678
G2,W0027F0001T0006Z000C1N22.png,16,4.840269807103274,9.154807669865177
G2,W0027F0001T0006Z000C1N22.png,17,0.0766032346285432,0.0766032346285432
G2,W0027F0001T0006Z000C1N22.png,18,0.36336104634371585,0.9475296829123614
G2,W0027F0001T0006Z000C1N22.png,19,4.776684666821748,9.487363182478575
G2,W0027F0001T0006Z000C1N22.png,20,4.149608603531183,8.760980699242525
G2,W0027F0001T0006Z000C1N22.png,21,0.11490485194281398,0.11490485194281398
G2,W0027F0001T0006Z000C1N22.png,22,0.11490485194281398,0.4737648414561807
G2,W0027F0001T0006Z000C1N22.png,23,0.08125,0.08125
G2,W0027F0001T0006Z000C1N22.png,24,0.08125,0.08125
G2,W0027F0001T0006Z000C1N22.png,25,0.08370029746612852,0.08370029746612852
G2,W0027F0001T0006Z000C1N22.png,26,0.08125,1.6188947811701662
G2,W0027F0001T0006Z000C1N22.png,27,1.21875,2.471122277933652
G2,W0027F0001T0006Z000C1N22.png,28,0.0,0.0
G2,W0027F0001T0006Z000C1N22.png,29,0.05709667997526293,0.05709667997526293
G2,W0027F0001T0006Z000C1N22.png,30,0.09459160805298543,0.23357732717152846
G2,W0027F0001T0006Z000C1N22.png,31,0.028726212985703495,2.945382542270613
G2,W0027F0001T0006Z000C1N22.png,32,0.028726212985703495,0.028726212985703495
G2,W0027F0001T0006Z000C1N22.png,33,0.0,1.541610359332085
G2,W0027F0001T0006Z000C1N22.png,34,0.8883993877880716,0.8883993877880716
G2,W0027F0001T0006Z000C1N22.png,35,1.8554009688210356,1.858448201965218
G2,W0027F0001T0006Z000C1N22.png,36,0.945980164814371,8.724028917624905
G2,W0027F0001T0006Z000C1N22.png,37,1.1403980938689786,6.991750160903921
G2,W0027F0001T0006Z000C1N22.png,38,0.0,1.5330219339591982
G2,W0027F0001T0006Z000C1N22.png,39,0.11490485194281398,0.11490485194281398
G2,W0027F0001T0006Z000C1N22.png,40,0.08125,9.645507778883392
G2,W0027F0001T0006Z000C1N22.png,41,0.07267220926874421,6.141124184544715
G2,W0027F0001T0006Z000C1N22.png,42,0.04642857142857011,10.140418783869084
G2,W0027F0001T0006Z000C1N22.png,43,0.8125,2.569350598886808
G2,W0027F0001T0006Z000C1N22.png,44,0.18168052317185793,4.397269216513813
G2,W0027F0001T0006Z000C1N22.png,45,0.0,1.8168052317185792
G2,W0027F0001T0006Z000C1N22.png,46,1.4425021663761906,2.9937069412352293
G2,W0027F0001T0006Z000C1N22.png,47,0.0,4.237481563381722
G2,W0027F0001T0006Z000C1N22.png,48,0.03830161731427242,3.117525783997446
G2,W0027F0001T0006Z000C1N22.png,49,0.07886785713387287,0.07886785713387287
G2,W0027F0001T0006Z000C1N22.png,50,1.040507688582838,7.4767660957127715
G2,W0027F0001T0006Z000C1N22.png,51,0.8395134379508182,10.970964591251764
G2,W0027F0001T0006Z000C1N22.png,52,0.10381744181248936,5.998636111990928
G2,W0027F0001T0006Z000C1N22.png,53,0.3447145558284419,3.9219434754978306
G2,W0027F0001T0006Z000C1N22.png,54,1.4647552056572457,8.906793843044758
G2,W0027F0001T0006Z000C1N22.png,55,2.1877232028983924,6.984192531173521
G2,W0027F0001T0006Z000C1N3.png,1,0.07660323462854271,0.07660323462854271
G2,W0027F0001T0006Z000C1N3.png,2,0.03633610463437168,0.03633610463437168
G2,W0027F0001T0006Z000C1N3.png,3,0.56875,0.5915089285040421
G2,W0027F0001T0006Z000C1N3.png,4,0.08125,0.08125
G2,W0027F0001T0006Z000C1N3.png,5,0.06589659407823162,0.06589659407823162
G2,W0027F0001T0006Z000C1N3.png,6,0.06656561218544878,0.06656561218544878
G2,W0027F0001T0006Z000C1N3.png,7,0.07905694150420921,0.07905694150420921
G2,W0027F0001T0006Z000C1N3.png,8,0.02154465973927762,0.02154465973927762
G2,W0027F0001T0006Z000C1N3.png,9,1.0611138016254436,2.0023798340974177
G2,W0027F0001T0006Z000C1N3.png,10,0.03830161731427078,0.03830161731427078
G2,W0027F0001T0006Z000C1N3.png,11,0.271049913402597,0.271049913402597
G2,W0027F0001T0006Z000C1N3.png,12,0.09027777777777746,0.09027777777777746
G2,W0027F0001T0006Z000C1N3.png,13,1.1403980938689786,1.1403980938689786
G2,W0027F0001T0006Z000C1N3.png,14,0.08125,0.08125
G2,W0027F0001T0006Z000C1N3.png,15,0.0,0.0
G2,W0027F0001T0006Z000C1N3.png,16,0.0,0.0
G2,W0027F0001T0006Z000C1N3.png,17,0.04404601026663047,0.04404601026663047
G2,W0027F0001T0006Z000C1N3.png,18,0.054144553309278594,0.054144553309278594
G2,W0027F0001T0006Z000C1N3.png,19,0.08125,0.08125
G2,W0027F0001T0006Z000C1N3.png,20,0.07660323462854238,0.07660323462854238
G2,W0027F0001T0006Z000C1N3.png,21,0.0383016173142716,0.0383016173142716
G2,W0027F0001T0006Z000C1N3.png,22,0.0330328223948842,0.0330328223948842
G2,W0027F0001T0006Z000C1N3.png,23,1.4466151224496446,1.4466151224496446
G2,W0027F0001T0006Z000C1N3.png,24,0.07060349365524746,0.07060349365524746
G2,W0027F0001T0006Z000C1N3.png,25,0.05753194493814407,0.05753194493814407
G2,W0027F0001T0006Z000C1N3.png,26,0.07267220926874421,0.07267220926874421
G2,W0027F0001T0006Z000C1N3.png,27,0.08125,0.08125
G2,W0027F0001T0006Z000C1N3.png,28,0.08125,0.08125
G2,W0027F0001T0006Z000C1N3.png,29,0.0,0.0
G2,W0027F0001T0006Z000C1N3.png,30,0.6894291116568838,0.6894291116568838
G2,W0027F0001T0006Z000C1N3.png,31,0.0,0.0
G2,W0027F0001T0006Z000C1N3.png,32,0.9884489111734612,0.9884489111734612
G2,W0027F0001T0006Z000C1N3.png,33,0.08149003006503304,0.08149003006503304
G2,W0027F0001T0006Z000C1N3.png,34,1.5691981431610222,1.5691981431610222
G2,W0027F0001T0006Z000C1N3.png,35,0.07267220926874421,0.07267220926874421
G2,W0027F0001T0006Z000C1N3.png,36,0.0766032346285432,0.0766032346285432
G2,W0027F0001T0006Z000C1N3.png,37,0.031973455594813786,0.031973455594813786
G2,W0027F0001T0006Z000C1N3.png,38,0.07041666666666782,0.07041666666666782
G2,W0027F0001T0006Z000C1N3.png,39,0.02595436045312182,0.02595436045312182
G2,W0027F0001T0006Z000C1N3.png,40,0.0,0.0
G2,W0027F0001T0006Z000C1N3.png,41,0.03421052631579045,0.03421052631579045
G2,W0027F0001T0006Z000C1N3.png,42,0.040625,0.040625
G2,W0027F0001T0006Z000C1N3.png,43,0.0,0.0
G2,W0027F0001T0006Z000C1N3.png,44,0.20004339806929683,0.20004339806929683
G2,W0027F0001T0006Z000C1N3.png,45,0.07660323462854238,0.07660323462854238
G2,W0027F0001T0006Z000C1N3.png,46,0.09208333333333327,0.09208333333333327
G2,W0027F0001T0006Z000C1N3.png,47,0.7357500424736652,0.7357500424736652
G2,W0027F0001T0006Z000C1N3.png,48,0.1625,0.1625
G2,W0027F0001T0006Z000C1N3.png,49,0.08125,0.08125
G2,W0027F0001T0006Z000C1N3.png,50,0.07267220926874421,0.07267220926874421
G2,W0027F0001T0006Z000C1N3.png,51,0.06589659407823152,0.06589659407823152
G2,W0027F0001T0006Z000C1N3.png,52,0.17086664436410653,0.17086664436410653
G2,W0027F0001T0006Z000C1N3.png,53,1.403533487309796,1.403533487309796
G2,W0027F0001T0006Z000C1N3.png,54,0.05709667997526184,0.05709667997526184
G2,W0027F0001T0006Z000C1N3.png,55,0.08125,0.08125
G2,W0027F0001T0006Z000C1N3.png,56,0.028726212985703495,0.028726212985703495
G2,W0027F0001T0006Z000C1N3.png,57,0.019337340467598975,0.019337340467598975
G2,W0027F0001T0006Z000C1N3.png,58,0.0,0.0
G2,W0027F0001T0006Z000C1N3.png,59,0.09765034704381595,0.09765034704381595
G2,W0027F0001T0006Z000C1N3.png,60,1.6520833333333333,1.6520833333333333
G2,W0027F0001T0006Z000C1N3.png,61,0.0,0.0
G2,W0027F0001T0006Z000C1N3.png,62,1.530278606948226,1.530278606948226
G2,W0027F0001T0006Z000C1N3.png,63,0.08125,0.08125
G2,W0027F0001T0006Z000C1N3.png,64,1.2029391090159145,2.0974463640341336
G2,W0027F0001T0006Z000C1N3.png,65,0.5859020822628974,0.5859020822628974
G2,W0027F0001T0006Z000C1N3.png,66,1.1633229613912037,1.5607615328742568
G2,W0027F0002T0006Z000C1N9.png,1,3.927467377331096,4.151242283943446
G2,W0027F0002T0006Z000C1N9.png,2,6.719642574768738,6.900824619098339
G2,W0027F0002T0006Z000C1N9.png,3,1.6572513005163152,1.8466832363282408
G2,W0027F0002T0006Z000C1N9.png,4,0.7587201394453691,1.0200030637208892
G2,W0027F0002T0006Z000C1N9.png,5,0.09913511990017451,0.09913511990017451
G2,W0027F0002T0006Z000C1N9.png,6,5.172928253988656,5.345230523793438
G2,W0027F0002T0006Z000C1N9.png,7,5.447757814960132,8.414057807139654
G2,W0027F0002T0006Z000C1N9.png,8,3.58158523857531,9.883088338816325
G2,W0027F0002T0006Z000C1N9.png,9,2.3661046052713774,9.858349867711004
G2,W0027F0002T0006Z000C1N9.png,10,1.7893456380755508,12.04063594925534
G2,W0027F0002T0006Z000C1N54.png,1,0.032500000000000466,0.032500000000000466
G2,W0027F0002T0006Z000C1N54.png,2,0.4226394397999086,0.4226394397999086
G2,W0027F0002T0006Z000C1N54.png,3,0.6516560536394165,0.6602821946187948
G2,W0027F0002T0006Z000C1N54.png,4,0.06522530396845935,0.06522530396845935
G2,W0027F0002T0006Z000C1N54.png,5,1.3708304145264012,1.7372235194817693
G2,W0027F0002T0006Z000C1N54.png,6,0.08838834764831895,0.08838834764831895
G2,W0027F0002T0006Z000C1N54.png,7,0.08744855630597977,0.08744855630597977
G2,W0027F0002T0006Z000C1N54.png,8,0.0383016173142716,0.0383016173142716
G2,W0027F0002T0006Z000C1N54.png,9,0.11490485194281398,0.11490485194281398
G2,W0027F0002T0006Z000C1N54.png,10,0.9917826437783633,0.9917826437783633
G2,W0027F0002T0006Z000C1N54.png,11,0.08370029746612659,0.08370029746612659
G2,W0027F0002T0006Z000C1N54.png,12,0.09459160805298615,0.09459160805298615
G2,W0027F0002T0006Z000C1N54.png,13,0.11490485194281398,0.11490485194281398
G2,W0027F0002T0006Z000C1N54.png,14,1.131800590444542,1.131800590444542
G2,W0027F0002T0006Z000C1N54.png,15,0.2569350598886809,0.2569350598886809
G2,W0027F0002T0006Z000C1N54.png,16,0.08125,0.08125
G2,W0027F0002T0006Z000C1N54.png,17,0.08125,0.08125
G2,W0027F0002T0006Z000C1N54.png,18,0.08125,0.08125
G2,W0027F0002T0006Z000C1N54.png,19,0.04642857142857242,0.04642857142857242
G2,W0027F0002T0006Z000C1N54.png,20,0.1625,0.1625
G2,W0027F0002T0006Z000C1N54.png,21,1.5762500000000002,1.5762500000000002
G2,W0027F0002T0006Z000C1N54.png,22,0.08805473146896713,0.08805473146896713
G2,W0027F0002T0006Z000C1N54.png,23,0.05153882032022072,0.05153882032022072
G2,W0027F0002T0006Z000C1N54.png,24,1.426221036625284,1.426221036625284
G2,W0027F0002T0006Z000C1N54.png,25,1.783137877023693,1.783137877023693
G2,W0027F0002T0006Z000C1N54.png,26,0.11490485194281398,0.11490485194281398
G2,W0027F0002T0006Z000C1N54.png,27,0.0,0.0
G2,W0027F0002T0006Z000C1N54.png,28,0.08125,0.08125
G2,W0027F0002T0006Z000C1N54.png,29,0.06958928570635742,0.06958928570635742
G2,W0027F0002T0006Z000C1N54.png,30,0.3830161731427124,0.3830161731427124
G2,W0027F0002T0006Z000C1N54.png,31,1.4669610251246255,1.4669610251246255
G2,W0027F0002T0006Z000C1N54.png,32,0.6345827861674157,0.7665109669795991
G2,W0027F0002T0006Z000C1N54.png,33,1.1146362915767631,1.1473236520267502
G2,W0027F0002T0006Z000C1N54.png,34,0.7614851895326327,0.7614851895326327
G2,W0027F0002T0006Z000C1N54.png,35,1.625,1.625
G2,W0027F0002T0006Z000C1N54.png,36,0.0,0.0
G2,W0027F0002T0006Z000C1N54.png,37,0.08125,0.08125
G2,W0027F0002T0006Z000C1N54.png,38,0.0,0.0
G2,W0027F0002T0006Z000C1N54.png,39,2.2807961877379572,2.569350598886808
G2,W0027F0002T0006Z000C1N54.png,40,2.7636945946504294,3.0150209887329145
G2,W0027F0002T0006Z000C1N54.png,41,0.0,0.0
G2,W0027F0002T0006Z000C1N54.png,42,0.04642857142857242,0.04642857142857242
G2,W0027F0002T0006Z000C1N54.png,43,3.517654384427943,3.688547660740994
G2,W0027F0002T0006Z000C1N54.png,44,1.0852875891829636,1.106703933163253
G2,W0027F0002T0006Z000C1N54.png,45,0.10439817302930117,0.10439817302930117
G2,W0027F0002T0006Z000C1N54.png,46,0.16317010593572095,0.16317010593572095
G2,W0027F0002T0006Z000C1N54.png,47,0.7814114030804766,0.8323199857278311
G2,W0027F0002T0006Z000C1N54.png,48,1.7875,1.7875
G2,W0027F0002T0006Z000C1N40.png,1,13.393440850375232,
G2,W0027F0002T0006Z000C1N40.png,2,12.066896470661938,
G2,W0027F0002T0006Z000C1N40.png,3,14.953532191425543,
G2,W0027F0002T0006Z000C1N40.png,4,5.053050371365356,
G2,W0027F0002T0006Z000C1N40.png,5,11.05238944753577,
G2,W0027F0002T0006Z000C1N40.png,6,3.5633770850135953,
G2,W0027F0002T0006Z000C1N40.png,7,9.325008378012322,
G2,W0027F0002T0006Z000C1N40.png,8,9.626679541920751,
G2,W0027F0002T0006Z000C1N40.png,9,6.879920947346382,
G2,W0027F0002T0006Z000C1N40.png,10,7.394196415094746,
G2,W0027F0002T0006Z000C1N40.png,11,9.069156559153912,
G2,W0027F0001T0006Z000C1N24.png,1,7.530345381355359,7.530345381355359
G2,W0027F0001T0006Z000C1N24.png,2,7.334584706205253,7.334584706205253
G2,W0027F0001T0006Z000C1N24.png,3,1.313452035667843,1.3341664064126333
G2,W0027F0001T0006Z000C1N24.png,4,1.460693328525874,1.460693328525874
G2,W0027F0001T0006Z000C1N24.png,5,0.5915089285040421,0.5915089285040421
G2,W0027F0001T0006Z000C1N24.png,6,0.1551097281854945,0.1551097281854945
G2,W0027F0001T0006Z000C1N24.png,7,0.05745242597140699,0.05745242597140699
G2,W0027F0001T0006Z000C1N24.png,8,0.09765034704381595,0.09765034704381595
G2,W0027F0001T0006Z000C1N24.png,9,0.08125,0.08125
G2,W0027F0001T0006Z000C1N24.png,10,0.15512609579829087,0.15512609579829087
G2,W0027F0001T0006Z000C1N24.png,11,0.7490879871550471,0.7490879871550471
G2,W0027F0001T0006Z000C1N24.png,12,0.09357977743560865,0.09357977743560865
G2,W0027F0001T0006Z000C1N24.png,13,0.6845089480788399,0.6845089480788399
G2,W0027F0001T0006Z000C1N24.png,14,0.0,0.0
G2,W0027F0001T0006Z000C1N24.png,15,0.07660323462854238,0.07660323462854238
G2,W0027F0001T0006Z000C1N24.png,16,0.032500000000000466,0.032500000000000466
G2,W0027F0001T0006Z000C1N24.png,17,0.08750892811593587,0.08750892811593587
G2,W0027F0001T0006Z000C1N24.png,18,0.07312126941815317,0.07312126941815317
G2,W0027F0001T0006Z000C1N24.png,19,0.8165523942160723,0.8482749038489823
G2,W0027F0001T0006Z000C1N24.png,20,0.08125,0.08125
G2,W0027F0001T0006Z000C1N24.png,21,0.08125,0.08125
G2,W0027F0001T0006Z000C1N24.png,22,0.08125,0.08125
G2,W0027F0001T0006Z000C1N24.png,23,0.025534411542848273,0.025534411542848273
G2,W0027F0001T0006Z000C1N24.png,24,0.06958928570635742,0.06958928570635742
G2,W0027F0001T0006Z000C1N24.png,25,0.07660323462854238,0.07660323462854238
G2,W0027F0001T0006Z000C1N24.png,26,0.9120888069346852,0.9120888069346852
G2,W0027F0001T0006Z000C1N24.png,27,0.05976726018664919,0.05976726018664919
G2,W0027F0001T0006Z000C1N24.png,28,0.0,0.0
G2,W0027F0001T0006Z000C1N24.png,29,0.07660323462854156,0.07660323462854156
G2,W0027F0001T0006Z000C1N24.png,30,0.04642857142857242,0.04642857142857242
G2,W0027F0001T0006Z000C1N24.png,31,0.08312265885224723,0.08312265885224723
G2,W0027F0001T0006Z000C1N24.png,32,0.4737648414561807,0.4737648414561807
G2,W0027F0001T0006Z000C1N24.png,33,0.08125,0.08125
G2,W0027F0001T0006Z000C1N24.png,34,0.0,0.0
G2,W0027F0001T0006Z000C1N24.png,35,0.05190872090624571,0.05190872090624571
G2,W0027F0001T0006Z000C1N24.png,36,0.058962382075353724,0.058962382075353724
G2,W0027F0001T0006Z000C1N24.png,37,0.0,0.0
G2,W0027F0001T0006Z000C1N24.png,38,0.08125,0.08125
G2,W0027F0001T0006Z000C1N24.png,39,0.07660323462854156,0.12112034878123895
G2,W0027F0001T0006Z000C1N24.png,40,0.325,0.325
G2,W0027F0001T0006Z000C1N24.png,41,0.05190872090624571,0.05190872090624571
G2,W0027F0001T0006Z000C1N24.png,42,0.09357977743560865,0.09357977743560865
G2,W0027F0001T0006Z000C1N24.png,43,0.08125,0.08125
G2,W0027F0001T0006Z000C1N24.png,44,1.5775896369144926,1.5775896369144926
G2,W0027F0001T0006Z000C1N24.png,45,0.6345827861674157,0.6345827861674157
G2,W0027F0001T0006Z000C1N24.png,46,0.16295076369532355,0.16295076369532355
G2,W0027F0001T0006Z000C1N24.png,47,0.05803571428571495,0.05803571428571495
G2,W0027F0001T0006Z000C1N24.png,48,0.01712900399257775,0.01712900399257775
G2,W0027F0001T0006Z000C1N24.png,49,0.034258007985157685,0.034258007985157685
G2,W0027F0001T0006Z000C1N24.png,50,0.057096679975264034,0.057096679975264034
G2,W0027F0001T0006Z000C1N24.png,51,0.9475296829123614,0.9475296829123614
G2,W0027F0001T0006Z000C1N43.png,1,1.2666523261211688,7.625786243782107
G2,W0027F0001T0006Z000C1N43.png,2,0.048616071175520144,0.048616071175520144
G2,W0027F0001T0006Z000C1N43.png,3,0.08750892811593565,0.08750892811593565
G2,W0027F0001T0006Z000C1N43.png,4,0.2859792807422927,0.2859792807422927
G2,W0027F0001T0006Z000C1N43.png,5,0.07660323462854217,0.07660323462854217
G2,W0027F0001T0006Z000C1N43.png,6,0.07660323462854238,2.2095751225568727
G2,W0027F0001T0006Z000C1N43.png,7,0.08125,0.08125
G2,W0027F0001T0006Z000C1N43.png,8,2.8315647666577903,4.335526528321305
G2,W0027F0001T0006Z000C1N43.png,9,0.08750892811593587,0.08750892811593587
G2,W0027F0001T0006Z000C1N43.png,10,0.6370343138433663,0.7182191578345406
G2,W0027F0001T0006Z000C1N43.png,11,0.08125,2.0570856964404767
G2,W0027F0001T0006Z000C1N43.png,12,2.4201045948470896,4.621975362331566
G2,W0027F0001T0006Z000C1N43.png,13,0.11490485194281398,0.9263925328930496
G2,W0027F0001T0006Z000C1N43.png,14,1.1316815475212108,2.0993339717634267
G2,W0027F0001T0006Z000C1N43.png,15,0.07267220926874317,0.07267220926874317
G2,W0027F0001T0006Z000C1N43.png,16,0.06388914019952041,0.06388914019952041
G2,W0027F0001T0006Z000C1N43.png,17,0.07660323462854238,0.73674631922317
G2,W0027F0001T0006Z000C1N43.png,18,0.0,1.3788582233137676
G2,W0027F0001T0006Z000C1N43.png,19,1.8527850657860991,5.171994900422853
G2,W0027F0001T0006Z000C1N43.png,20,0.07660323462854156,0.07660323462854156
G2,W0027F0001T0006Z000C1N43.png,21,0.08125,3.6957587600518518
G2,W0027F0001T0006Z000C1N43.png,22,0.04642857142857011,0.04642857142857011
G2,W0027F0001T0006Z000C1N43.png,23,1.3,1.9768978223469214
G2,W0027F0001T0006Z000C1N43.png,24,0.041875291510179366,0.041875291510179366
G2,W0027F0001T0006Z000C1N43.png,25,1.4893737330621672,4.855274313794236
G2,W0027F0001T0006Z000C1N43.png,26,0.18168052317185793,0.18168052317185793
G2,W0027F0001T0006Z000C1N43.png,27,1.708183428382327,5.281874963022127
G2,W0027F0001T0006Z000C1N81.png,1,0.11490485194281398,0.11490485194281398
G2,W0027F0001T0006Z000C1N81.png,2,0.03028008719531032,0.03028008719531032
G2,W0027F0001T0006Z000C1N81.png,3,0.05583372201357281,0.05583372201357281
G2,W0027F0001T0006Z000C1N81.png,4,0.6944350693811628,0.6944350693811628
G2,W0027F0001T0006Z000C1N81.png,5,0.04642857142857242,0.04642857142857242
G2,W0027F0001T0006Z000C1N81.png,6,0.07267220926874395,0.07267220926874395
G2,W0027F0001T0006Z000C1N81.png,7,0.04308931947855524,0.04308931947855524
G2,W0027F0001T0006Z000C1N81.png,8,0.02595436045312337,0.02595436045312337
G2,W0027F0001T0006Z000C1N81.png,9,0.27143451794284384,0.27143451794284384
G2,W0027F0001T0006Z000C1N81.png,10,0.9572770730207896,0.9572770730207896
G2,W0027F0001T0006Z000C1N81.png,11,0.8365199489551939,0.8365199489551939
G2,W0027F0001T0006Z000C1N81.png,12,0.8883993877880731,1.1928970920503676
G2,W0027F0001T0006Z000C1N81.png,13,0.07323776028286229,0.07323776028286229
G2,W0027F0001T0006Z000C1N81.png,14,0.9459801648143698,0.9459801648143698
G2,W0027F0001T0006Z000C1N81.png,15,0.6700046641628699,0.9475296829123614
G2,W0027F0001T0006Z000C1N81.png,16,0.11490485194281398,0.11490485194281398
G2,W0027F0001T0006Z000C1N81.png,17,0.07660323462854238,0.07660323462854238
G2,W0027F0001T0006Z000C1N81.png,18,0.0976503470438166,0.0976503470438166
G2,W0027F0001T0006Z000C1N81.png,19,0.05817483325708661,0.05817483325708661
G2,W0027F0001T0006Z000C1N81.png,20,2.764358035280925,2.764358035280925
G2,W0027F0001T0006Z000C1N81.png,21,1.423174214578568,1.4589891284240282
G2,W0027F0001T0006Z000C1N81.png,22,0.06090951492389787,0.06090951492389787
G2,W0027F0001T0006Z000C1N81.png,23,0.07267220926874317,0.07267220926874317
G2,W0027F0001T0006Z000C1N81.png,24,0.09357977743560865,0.09357977743560865
G2,W0027F0001T0006Z000C1N81.png,25,2.3067572101395104,2.3067572101395104
G2,W0027F0001T0006Z000C1N81.png,26,0.33636802193513493,0.33636802193513493
G2,W0027F0001T0006Z000C1N81.png,27,2.6453083468662024,2.6453083468662024
G2,W0027F0001T0006Z000C1N81.png,28,0.0,0.0
G2,W0027F0001T0006Z000C1N81.png,29,1.327903025932613,1.4719449381095904
G2,W0027F0001T0006Z000C1N81.png,30,0.07660323462854238,0.07660323462854238
G2,W0027F0001T0006Z000C1N81.png,31,0.10870883994743029,0.10870883994743029
G2,W0027F0001T0006Z000C1N81.png,32,0.11490485194281398,0.11490485194281398
G2,W0027F0001T0006Z000C1N81.png,33,1.956759119053748,2.118740781690861
G2,W0027F0001T0006Z000C1N81.png,34,0.11490485194281398,0.11490485194281398
G2,W0027F0001T0006Z000C1N81.png,35,0.11490485194281398,0.11490485194281398
G2,W0027F0001T0006Z000C1N81.png,36,0.022980970388561492,0.022980970388561492
G2,W0027F0001T0006Z000C1N81.png,37,1.2680091569946257,1.2680091569946257
G2,W0027F0001T0006Z000C1N81.png,38,0.02595436045312182,0.02595436045312182
G2,W0027F0001T0006Z000C1N81.png,39,0.08125,0.08125
G2,W0027F0001T0006Z000C1N81.png,40,0.0541666666666659,0.0541666666666659
G2,W0027F0001T0006Z000C1N81.png,41,0.07660323462854156,0.07660323462854156
G2,W0027F0001T0006Z000C1N81.png,42,0.11546052631579044,0.11546052631579044
G2,W0027F0001T0006Z000C1N81.png,43,0.06310911857336776,0.06310911857336776
G2,W0027F0001T0006Z000C1N81.png,44,0.0,0.0
G2,W0027F0001T0006Z000C1N81.png,45,0.08838834764831895,0.08838834764831895
G2,W0027F0001T0006Z000C1N81.png,46,0.08125,0.08125
G2,W0027F0001T0006Z000C1N81.png,47,0.0751652984061209,0.0751652984061209
G2,W0027F0001T0006Z000C1N81.png,48,0.07786308135936754,0.07786308135936754
G2,W0027F0001T0006Z000C1N81.png,49,0.03830161731427242,0.03830161731427242
G2,W0027F0001T0006Z000C1N81.png,50,0.08125,0.08125
G2,W0027F0001T0006Z000C1N81.png,51,0.07660323462854238,0.07660323462854238
G2,W0027F0001T0006Z000C1N81.png,52,0.06947735233751508,0.06947735233751508
G2,W0027F0001T0006Z000C1N81.png,53,0.08125,0.08125
G2,W0027F0001T0006Z000C1N81.png,54,0.07660323462854156,0.07660323462854156
G2,W0027F0001T0006Z000C1N81.png,55,0.8958161286118816,1.257315469976841
G2,W0027F0001T0006Z000C1N81.png,56,1.6907029787931411,1.6907029787931411
G2,W0027F0001T0006Z000C1N81.png,57,0.7967472936885317,0.8449999999999996
G2,W0027F0001T0006Z000C1N81.png,58,0.08055587242548307,0.08055587242548307
G2,W0027F0001T0006Z000C1N42.png,1,0.8475449955791433,0.8475449955791433
G2,W0027F0001T0006Z000C1N42.png,2,0.08365199489551979,0.08365199489551979
G2,W0027F0001T0006Z000C1N42.png,3,0.2329796426490704,0.2329796426490704
G2,W0027F0001T0006Z000C1N42.png,4,0.025000000000001067,0.025000000000001067
G2,W0027F0001T0006Z000C1N42.png,5,0.040625,0.040625
G2,W0027F0001T0006Z000C1N42.png,6,0.06056017439061845,0.06056017439061845
G2,W0027F0001T0006Z000C1N42.png,7,0.6340045784973128,0.6340045784973128
G2,W0027F0001T0006Z000C1N42.png,8,0.1436310649285175,0.1436310649285175
G2,W0027F0001T0006Z000C1N42.png,9,0.0,0.0
G2,W0027F0001T0006Z000C1N42.png,10,0.9074710770426425,0.9428099810835895
G2,W0027F0001T0006Z000C1N42.png,11,0.03028008719531,0.03028008719531
G2,W0027F0001T0006Z000C1N42.png,12,0.0,0.0
G2,W0027F0001T0006Z000C1N42.png,13,0.05167660443148497,0.05167660443148497
G2,W0027F0001T0006Z000C1N42.png,14,0.04779411764705923,0.04779411764705923
G2,W0027F0001T0006Z000C1N42.png,15,0.09662944685757063,0.09662944685757063
G2,W0027F0001T0006Z000C1N42.png,16,0.08125,0.08125
G2,W0027F0001T0006Z000C1N42.png,17,0.059555970147810444,0.059555970147810444
G2,W0027F0001T0006Z000C1N42.png,18,0.07217371689303698,0.07217371689303698
G2,W0027F0001T0006Z000C1N42.png,19,0.0,0.0
G2,W0027F0001T0006Z000C1N42.png,20,0.028726212985703495,0.028726212985703495
G2,W0027F0001T0006Z000C1N42.png,21,0.028726212985703495,0.028726212985703495
G2,W0027F0001T0006Z000C1N42.png,22,0.08125,0.08125
G2,W0027F0001T0006Z000C1N42.png,23,0.04642857142857242,0.04642857142857242
G2,W0027F0001T0006Z000C1N42.png,24,0.19622071490083004,0.19622071490083004
G2,W0027F0001T0006Z000C1N54.png,1,0.7970050275179508,0.9483034925006283
G2,W0027F0001T0006Z000C1N54.png,2,0.08040055969954504,0.08040055969954504
G2,W0027F0001T0006Z000C1N54.png,3,0.1605844124304255,0.1605844124304255
G2,W0027F0001T0006Z000C1N54.png,4,0.14835916364944762,0.14835916364944762
G2,W0027F0001T0006Z000C1N54.png,5,0.071341713062386,0.071341713062386
G2,W0027F0001T0006Z000C1N54.png,6,0.05583372201357183,0.05583372201357183
G2,W0027F0001T0006Z000C1N54.png,7,0.06770833333333365,0.06770833333333365
G2,W0027F0001T0006Z000C1N54.png,8,0.09027777777777712,0.09027777777777712
G2,W0027F0001T0006Z000C1N54.png,9,0.08636993472846824,0.08636993472846824
G2,W0027F0001T0006Z000C1N54.png,10,0.07341001711105177,0.07341001711105177
G2,W0027F0001T0006Z000C1N54.png,11,0.07844827586206948,0.07844827586206948
G2,W0027F0001T0006Z000C1N54.png,12,0.07052680675398607,0.07052680675398607
G2,W0027F0001T0006Z000C1N54.png,13,0.028726212985703495,0.028726212985703495
G2,W0027F0001T0006Z000C1N54.png,14,0.7626219249491993,1.035040148740198
G2,W0027F0001T0006Z000C1N54.png,15,0.05326382566026403,0.05326382566026403
G2,W0027F0001T0006Z000C1N54.png,16,0.7842203532808893,0.7842203532808893
G2,W0027F0001T0006Z000C1N54.png,17,0.0,0.0
G2,W0027F0001T0006Z000C1N54.png,18,0.08750892811593587,0.08750892811593587
G2,W0027F0001T0006Z000C1N54.png,19,0.07660323462854156,0.07660323462854156
G2,W0027F0001T0006Z000C1N54.png,20,0.06936717923885517,0.06936717923885517
G2,W0027F0001T0006Z000C1N54.png,21,0.09676198058342178,0.09676198058342178
G2,W0027F0001T0006Z000C1N54.png,22,0.8482749038489823,1.0562500000000001
G2,W0027F0001T0006Z000C1N54.png,23,0.09317900566922621,0.09317900566922621
G2,W0027F0001T0006Z000C1N54.png,24,0.7208667836383416,0.7208667836383416
G2,W0027F0001T0006Z000C1N54.png,25,0.08125,0.08125
G2,W0027F0001T0006Z000C1N54.png,26,0.06936717923885517,0.06936717923885517
G2,W0027F0001T0006Z000C1N54.png,27,2.0855925250526655,2.0855925250526655
G2,W0027F0001T0006Z000C1N54.png,28,0.08125,0.08125
G2,W0027F0001T0006Z000C1N54.png,29,0.9458931268372549,1.3189821103403785
G2,W0027F0001T0006Z000C1N54.png,30,0.22333488805428922,0.22333488805428922
G2,W0027F0001T0006Z000C1N54.png,31,0.08125,0.08125
G2,W0027F0001T0006Z000C1N54.png,32,0.040625,0.040625
G2,W0027F0001T0006Z000C1N54.png,33,0.032500000000000466,0.032500000000000466
G2,W0027F0001T0006Z000C1N54.png,34,0.15585394654446783,0.15585394654446783
G2,W0027F0001T0006Z000C1N54.png,35,0.8258845656288429,0.9582214028711805
G2,W0027F0001T0006Z000C1N54.png,36,0.0,0.0
G2,W0027F0001T0006Z000C1N54.png,37,0.08125,0.08125
G2,W0027F0001T0006Z000C1N54.png,38,0.02708333333333295,0.02708333333333295
G2,W0027F0001T0006Z000C1N54.png,39,1.1718041645257966,1.1718041645257966
G2,W0027F0001T0006Z000C1N54.png,40,1.0214285714285714,1.1839285714285712
G2,W0027F0001T0006Z000C1N54.png,41,0.0,0.9192388155425119
G2,W0027F0001T0006Z000C1N54.png,42,0.09765034704381723,0.09765034704381723
G2,W0027F0001T0006Z000C1N40.png,1,1.2686730272217506,11.20184136648971
G2,W0027F0001T0006Z000C1N40.png,2,0.9079987916046782,9.028951312614083
G2,W0027F0001T0006Z000C1N40.png,3,1.7783010814617768,10.094811827373412
G2,W0027F0001T0006Z000C1N40.png,4,0.08125,7.966229993698399
G2,W0027F0001T0006Z000C1N40.png,5,0.07267220926874421,7.604236072742612
G2,W0027F0001T0006Z000C1N40.png,6,0.0383016173142716,5.662036251551987
G2,W0027F0001T0006Z000C1N40.png,7,0.15320646925708475,6.933544918646513
G2,W0027F0001T0006Z000C1N40.png,8,0.08750892811593587,5.828949975124165
G2,W0027F0001T0006Z000C1N40.png,9,0.11490485194281398,4.631962664465248
G2,W0027F0001T0006Z000C1N40.png,10,2.216576840676858,7.053440677472591
G2,W0027F0001T0006Z000C1N40.png,11,0.22980970388562796,2.7672752844630404
G2,W0027F0001T0006Z000C1N40.png,12,0.025534411542848273,0.025534411542848273
G2,W0027F0001T0006Z000C1N40.png,13,0.9461423505881819,4.111100238258014
G2,W0027F0001T0006Z000C1N40.png,14,0.18168052317185793,3.3312500000000003
G2,W0027F0001T0006Z000C1N40.png,15,0.0,1.600439392791867
G2,W0027F0001T0006Z000C1N40.png,16,0.07300104447424759,0.07300104447424759
G2,W0027F0001T0006Z000C1N40.png,17,1.3226541734331012,2.66148014505087
G2,W0027F0001T0006Z000C1N40.png,18,0.07341001711105213,0.09571495202326692
G2,W0027F0001T0006Z000C1N40.png,19,0.057096679975264034,0.2174176798948625
G2,W0027F0002T0006Z000C1N19.png,1,1.3337612249207287,1.8256821830958068
G2,W0027F0002T0006Z000C1N19.png,2,0.11607142857142759,0.11607142857142759
G2,W0027F0002T0006Z000C1N19.png,3,1.421294524368542,1.7985454192207657
G2,W0027F0002T0006Z000C1N19.png,4,0.07267220926874395,0.07267220926874395
G2,W0027F0002T0006Z000C1N19.png,5,0.19457116962957458,0.19457116962957458
G2,W0027F0002T0006Z000C1N19.png,6,0.7194556208037587,1.0659629940067505
G2,W0027F0002T0006Z000C1N19.png,7,0.08744855630597889,0.08744855630597889
G2,W0027F0002T0006Z000C1N19.png,8,0.0,0.0
G2,W0027F0002T0006Z000C1N19.png,9,0.08195226024991224,0.08195226024991224
G2,W0027F0002T0006Z000C1N19.png,10,0.4625277124298879,0.4625277124298879
G2,W0027F0002T0006Z000C1N19.png,11,0.040625,0.040625
G2,W0027F0002T0006Z000C1N19.png,12,0.12112034878123895,0.12112034878123895
G2,W0027F0002T0006Z000C1N19.png,13,0.08125,0.08125
G2,W0027F0002T0006Z000C1N19.png,14,0.04642857142857242,0.04642857142857242
G2,W0027F0002T0006Z000C1N19.png,15,0.1842463063100285,0.1842463063100285
G2,W0027F0002T0006Z000C1N19.png,16,0.11607142857142874,0.11607142857142874
G2,W0027F0002T0006Z000C1N19.png,17,0.0,0.0
G2,W0027F0002T0006Z000C1N19.png,18,0.07323776028286229,0.07323776028286229
G2,W0027F0002T0006Z000C1N19.png,19,0.8365199489551939,0.981747485354559
G2,W0027F0002T0006Z000C1N19.png,20,1.9656611115275957,2.1297846596031706
G2,W0027F0002T0006Z000C1N19.png,21,0.10576379769456905,0.10576379769456905
G2,W0027F0002T0006Z000C1N19.png,22,0.6323003392441479,0.6323003392441479
G2,W0027F0002T0006Z000C1N19.png,23,0.07423453116930699,0.07423453116930699
G2,W0027F0002T0006Z000C1N19.png,24,0.11490485194281398,0.11490485194281398
G2,W0027F0002T0006Z000C1N19.png,25,0.08125,0.08125
G2,W0027F0002T0006Z000C1N19.png,26,0.028726212985703495,0.028726212985703495
G2,W0027F0002T0006Z000C1N19.png,27,0.07267220926874317,0.07267220926874317
G2,W0027F0002T0006Z000C1N19.png,28,1.0443206099336437,1.2426470588235285
G2,W0027F0002T0006Z000C1N19.png,29,1.5940100550359015,1.5940100550359015
G2,W0027F0002T0006Z000C1N19.png,30,1.143406675916584,1.3520204080092395
G2,W0027F0002T0006Z000C1N19.png,31,2.1877232028983924,2.1877232028983924
G2,W0027F0002T0006Z000C1N19.png,32,1.32290062690772,1.32290062690772
G2,W0027F0002T0006Z000C1N19.png,33,0.10041560611205148,0.10041560611205148
G2,W0027F0002T0006Z000C1N19.png,34,0.7934307374115546,1.1923589371785004
G2,W0027F0002T0006Z000C1N31.png,1,1.6431795588127307,3.619958779116138
G2,W0027F0002T0006Z000C1N31.png,2,1.2545168392652217,3.6401450863942233
G2,W0027F0002T0006Z000C1N31.png,3,0.57452425971407,2.989735042608291
G2,W0027F0002T0006Z000C1N31.png,4,0.05745242597140699,0.05745242597140699
G2,W0027F0002T0006Z000C1N31.png,5,1.5522790704316025,4.619832417144588
G2,W0027F0002T0006Z000C1N31.png,6,0.09027777777777896,0.09027777777777896
G2,W0027F0002T0006Z000C1N31.png,7,0.05000000000000213,0.05000000000000213
G2,W0027F0002T0006Z000C1N31.png,8,0.06987712429686779,0.06987712429686779
G2,W0027F0002T0006Z000C1N31.png,9,0.07267220926874317,2.860184653129933
G2,W0027F0002T0006Z000C1N31.png,10,0.11490485194281398,0.11490485194281398
G2,W0027F0002T0006Z000C1N31.png,11,0.039480403454683045,0.039480403454683045
G2,W0027F0003T0006Z000C1N37.png,1,7.254492142803658,7.254492142803658
G2,W0027F0003T0006Z000C1N37.png,2,0.22980970388562796,0.22980970388562796
G2,W0027F0003T0006Z000C1N37.png,3,1.7061726172928695,1.7061726172928695
G2,W0027F0003T0006Z000C1N37.png,4,4.912770348795067,5.481816532865725
G2,W0027F0003T0006Z000C1N37.png,5,2.5626100586121177,7.8585006720429815
G2,W0027F0003T0006Z000C1N37.png,6,4.589294608107003,4.746001606615826
G2,W0027F0003T0006Z000C1N37.png,7,1.4981759743100942,4.375446405796785
G2,W0027F0003T0006Z000C1N37.png,8,1.1965807768619525,10.972327091622613
G2,W0027F0003T0006Z000C1N37.png,9,2.948392785829468,3.0027481715973536
G2,W0027F0003T0006Z000C1N37.png,10,0.09459160805298543,0.09459160805298543
G2,W0027F0003T0006Z000C1N37.png,11,0.2315981332232624,6.999358578313623
G2,W0027F0003T0006Z000C1N37.png,12,3.477979948419045,12.471723882645025
G2,W0027F0003T0006Z000C1N37.png,13,1.6374221382039995,1.6374221382039995
G2,W0027F0003T0006Z000C1N22.png,1,1.0297147663309478,1.26916557233483
G2,W0027F0003T0006Z000C1N22.png,2,0.08125,0.08125
G2,W0027F0003T0006Z000C1N22.png,3,0.0,0.0
G2,W0027F0003T0006Z000C1N22.png,4,0.170018381359193,2.399381430702505
G2,W0027F0003T0006Z000C1N22.png,5,0.08750892811593587,0.08750892811593587
G2,W0027F0003T0006Z000C1N22.png,6,0.040625,0.040625
G2,W0027F0003T0006Z000C1N22.png,7,0.05190872090624571,0.05190872090624571
G2,W0027F0003T0006Z000C1N22.png,8,0.08838834764831895,0.08838834764831895
G2,W0027F0003T0006Z000C1N22.png,9,0.22980970388562796,0.8285906709588275
G2,W0027F0003T0006Z000C1N22.png,10,0.02595436045312182,0.02595436045312182
G2,W0027F0003T0006Z000C1N22.png,11,0.08125,0.08125
G2,W0027F0003T0006Z000C1N22.png,12,0.036443449342783096,0.036443449342783096
G2,W0027F0003T0006Z000C1N22.png,13,1.4850757556434626,3.0211018271484997
G2,W0027F0003T0006Z000C1N22.png,14,0.08734112560656897,0.08734112560656897
G2,W0027F0003T0006Z000C1N22.png,15,0.11490485194281398,0.11490485194281398
G2,W0027F0003T0006Z000C1N22.png,16,0.40625,2.4388537907180905
G2,W0027F0001T0006Z000C1N82.png,1,0.08750892811593587,0.08750892811593587
G2,W0027F0001T0006Z000C1N82.png,2,0.04226183497091919,0.04226183497091919
G2,W0027F0001T0006Z000C1N82.png,3,0.9884489111734603,0.9884489111734603
G2,W0027F0001T0006Z000C1N82.png,4,0.06281449798434047,0.06281449798434047
G2,W0027F0001T0006Z000C1N82.png,5,0.0766032346285432,0.0766032346285432
G2,W0027F0001T0006Z000C1N82.png,6,0.0630610720353244,0.0630610720353244
G2,W0027F0001T0006Z000C1N82.png,7,0.07660323462854238,0.07660323462854238
G2,W0027F0001T0006Z000C1N82.png,8,1.0180595819990106,1.0180595819990106
G2,W0027F0001T0006Z000C1N82.png,9,0.08125,0.08125
G2,W0027F0001T0006Z000C1N82.png,10,0.1625,0.1625
G2,W0027F0001T0006Z000C1N82.png,11,0.12757476353440292,0.12757476353440292
G2,W0027F0001T0006Z000C1N82.png,12,1.9905789393764044,1.9905789393764044
G2,W0027F0001T0006Z000C1N82.png,13,0.05709667997526184,0.05709667997526184
G2,W0027F0001T0006Z000C1N82.png,14,0.0,0.0
G2,W0027F0001T0006Z000C1N82.png,15,0.07660323462854156,0.07660323462854156
G2,W0027F0001T0006Z000C1N82.png,16,0.9084026158592896,0.9084026158592896
G2,W0027F0001T0006Z000C1N82.png,17,0.06090951492389675,0.06090951492389675
G2,W0027F0001T0006Z000C1N82.png,18,0.05590169943749506,0.05590169943749506
G2,W0027F0001T0006Z000C1N82.png,19,0.08125,0.08125
G2,W0027F0001T0006Z000C1N82.png,20,0.032500000000000466,0.032500000000000466
G2,W0027F0001T0006Z000C1N82.png,21,0.14574089037738064,0.14574089037738064
G2,W0027F0001T0006Z000C1N82.png,22,0.11490485194281398,0.11490485194281398
G2,W0027F0001T0006Z000C1N82.png,23,0.09765034704381595,0.09765034704381595
G2,W0027F0001T0006Z000C1N82.png,24,1.3137510571937814,1.3137510571937814
G2,W0027F0001T0006Z000C1N82.png,25,0.6550584420492571,0.7312500000000001
G2,W0027F0001T0006Z000C1N55.png,1,3.0925443077082795,5.097030087394575
G2,W0027F0001T0006Z000C1N55.png,2,1.1700000000000006,1.8487901449326263
G2,W0027F0001T0006Z000C1N55.png,3,1.956759119053748,2.0682873349706514
G2,W0027F0001T0006Z000C1N55.png,4,0.8125,1.2375631297028853
G2,W0027F0001T0006Z000C1N55.png,5,0.7490879871550471,1.2717636622030055
G2,W0027F0001T0006Z000C1N55.png,6,0.03028008719530948,0.03028008719530948
G2,W0027F0001T0006Z000C1N55.png,7,0.0383016173142716,0.0383016173142716
G2,W0027F0001T0006Z000C1N55.png,8,0.033854166666665436,0.033854166666665436
G2,W0027F0001T0006Z000C1N55.png,9,0.8002196963959335,2.5448247115469464
G2,W0027F0001T0006Z000C1N55.png,10,1.4454597126396143,2.285365495392556
G2,W0027F0001T0006Z000C1N55.png,11,1.1830178570080843,1.1830178570080843
G2,W0027F0001T0006Z000C1N55.png,12,1.3126339217390353,1.4189702472215546
G2,W0027F0001T0006Z000C1N55.png,13,0.10381744181249039,2.767177912050249
G2,W0027F0001T0006Z000C1N55.png,14,1.1996418736439638,1.8420649079226281
G2,W0027F0001T0006Z000C1N55.png,15,3.258142913104724,3.258142913104724
G2,W0027F0001T0006Z000C1N55.png,16,0.05709667997526184,2.9315684136989755
G2,W0027F0001T0006Z000C1N55.png,17,0.08750892811593587,0.08750892811593587
G2,W0027F0001T0006Z000C1N55.png,18,0.0,0.8750892811593569
G2,W0027F0001T0006Z000C1N55.png,19,0.7312500000000001,0.7312500000000001
G2,W0027F0001T0006Z000C1N55.png,20,0.07267220926874421,0.07267220926874421
G2,W0027F0001T0006Z000C1N55.png,21,2.569350598886808,3.1215230657485136
G2,W0027F0001T0006Z000C1N55.png,22,0.325,2.9295104113144914
G2,W0027F0001T0006Z000C1N55.png,23,0.1453444185374858,0.1453444185374858
G2,W0027F0001T0006Z000C1N55.png,24,1.6750116604071748,2.2937840596926296
G2,W0027F0001T0006Z000C1N55.png,25,0.8228342785761905,0.8228342785761905
G2,W0027F0001T0006Z000C1N55.png,26,1.6086679271993958,3.0357505249937784
G2,W0027F0001T0006Z000C1N55.png,27,2.055480479109447,2.055480479109447
G2,W0027F0001T0006Z000C1N55.png,28,0.41850148733064213,1.5384609988225117
G2,W0027F0001T0006Z000C1N55.png,29,0.2992198998670617,4.753670809689867
G2,W0027F0001T0006Z000C1N55.png,30,0.0766032346285432,0.8268182824673297
G2,W0027F0001T0006Z000C1N55.png,31,2.006155944475333,4.2748607463666515
G2,W0027F0001T0006Z000C1N55.png,32,0.08338540040078951,0.08338540040078951
G2,W0027F0001T0006Z000C1N55.png,33,0.22214924298824248,0.22214924298824248
G2,W0027F0001T0006Z000C1N55.png,34,2.0636940199100495,5.107210455112703
G2,W0027F0001T0006Z000C1N55.png,35,1.4279574573494827,4.614464351363005
G2,W0027F0001T0006Z000C1N55.png,36,1.284675299443404,4.727884370942251
G2,W0027F0001T0006Z000C1N55.png,37,0.06090951492389675,0.06090951492389675
G2,W0027F0001T0006Z000C1N55.png,38,1.4691635327523573,3.180293599469478
G2,W0027F0001T0006Z000C1N55.png,39,0.08564501996289385,0.08564501996289385
G2,W0027F0001T0006Z000C1N55.png,40,1.0459466480159818,1.0459466480159818
G2,W0027F0001T0006Z000C1N55.png,41,0.1625,4.732071428032337
G2,W0027F0003T0006Z000C1N9.png,1,0.0,6.272584196326104
G2,W0027F0003T0006Z000C1N9.png,2,0.07660323462854257,3.2738362011900075
G2,W0027F0003T0006Z000C1N9.png,3,0.8539733998211191,4.910589689977806
G2,W0027F0003T0006Z000C1N9.png,4,0.04642857142857141,0.04642857142857141
G2,W0027F0003T0006Z000C1N9.png,5,0.05190872090624507,0.11837009585126108
G2,W0027F0003T0006Z000C1N9.png,6,1.0900831390311476,3.8523126171171516
G2,W0027F0003T0006Z000C1N9.png,7,1.4025924657576057,4.609102746196921
G2,W0027F0003T0006Z000C1N9.png,8,1.105119478834755,2.476459481295828
G2,W0027F0003T0006Z000C1N9.png,9,0.993411410679053,0.993411410679053
G2,W0027F0003T0006Z000C1N9.png,10,0.1001470368020393,0.1001470368020393
G2,W0027F0003T0006Z000C1N9.png,11,2.21023895766951,5.047972984277947
G2,W0027F0003T0006Z000C1N9.png,12,0.04596194077712625,0.04596194077712625
G2,W0027F0003T0006Z000C1N9.png,13,0.08750892811593565,0.08750892811593565
G2,W0027F0003T0006Z000C1N9.png,14,0.057352941176470384,0.057352941176470384
G2,W0027F0003T0006Z000C1N9.png,15,0.06090951492389675,0.06090951492389675
G2,W0027F0003T0006Z000C1N9.png,16,0.06090951492389675,0.06090951492389675
G2,W0027F0003T0006Z000C1N9.png,17,0.9936148188122323,1.3522196887838507
G2,W0027F0003T0006Z000C1N9.png,18,0.12187500000000001,2.429701065074673
G2,W0027F0003T0006Z000C1N9.png,19,2.343960407222144,2.6255821527091854
G2,W0027F0003T0006Z000C1N9.png,20,1.5890555862681455,3.366241528953322
G2,W0027F0003T0006Z000C1N9.png,21,0.8524772481877081,4.166851924256211
G2,W0027F0003T0006Z000C1N9.png,22,2.48709952806477,3.4018434800119772
G2,W0027F0003T0006Z000C1N9.png,23,3.140382280560053,5.173200254006756
G2,W0027F0003T0006Z000C1N9.png,24,3.1604056800512175,3.520104091145601
G2,W0027F0003T0006Z000C1N9.png,25,2.373390243933769,4.4866482478571905
G2,W0027F0003T0006Z000C1N9.png,26,3.19014596061058,5.6669684355923495
G2,W0027F0003T0006Z000C1N9.png,27,3.4638816722961865,6.56032185419119
G2,W0027F0003T0006Z000C1N9.png,28,1.9559184262485003,3.171599785433519
G2,W0027F0003T0006Z000C1N9.png,29,0.05469308007245981,0.05469308007245981
G2,W0027F0001T0006Z000C1N51.png,1,0.43089319478555244,1.5903533043989
G2,W0027F0001T0006Z000C1N51.png,2,0.072672209268744,0.072672209268744
G2,W0027F0001T0006Z000C1N51.png,3,0.0734100171110515,0.0734100171110515
G2,W0027F0001T0006Z000C1N51.png,4,0.10652765132052679,0.10652765132052679
G2,W0027F0001T0006Z000C1N51.png,5,0.8989055845860557,3.1551792738289843
G2,W0027F0001T0006Z000C1N51.png,6,3.489891675888922,6.215979923506735
G2,W0027F0001T0006Z000C1N51.png,7,0.05190872090624468,0.05190872090624468
G2,W0027F0001T0006Z000C1N51.png,8,0.07060349365524746,0.07060349365524746
G2,W0027F0001T0006Z000C1N51.png,9,0.06090951492389787,0.06090951492389787
G2,W0027F0001T0006Z000C1N51.png,10,0.0,0.1625
G2,W0027F0001T0006Z000C1N51.png,11,0.04468435824150936,0.04468435824150936
G2,W0027F0001T0006Z000C1N51.png,12,3.00805531471847,4.936190615740498
G2,W0027F0001T0006Z000C1N51.png,13,0.04506939094329987,0.04506939094329987
G2,W0027F0001T0006Z000C1N51.png,14,2.24138106142173,2.24138106142173
G2,W0027F0001T0006Z000C1N51.png,15,0.4152336204749592,0.4152336204749592
G2,W0027F0001T0006Z000C1N51.png,16,0.08125,0.08125
G2,W0027F0001T0006Z000C1N51.png,17,0.0776598808830227,0.0776598808830227
G2,W0027F0001T0006Z000C1N51.png,18,0.04037344959374632,0.04037344959374632
G2,W0027F0001T0006Z000C1N51.png,19,3.0061379598537177,3.5216155593646477
G2,W0027F0001T0006Z000C1N51.png,20,2.904990198874267,2.904990198874267
G2,W0027F0001T0006Z000C1N51.png,21,1.0900831390311476,1.0900831390311476
G2,W0027F0001T0006Z000C1N51.png,22,3.2298274574850994,3.2298274574850994
G2,W0027F0002T0006Z000C1N20.png,1,1.2565770845386905,1.6256631300010769
G2,W0027F0002T0006Z000C1N20.png,2,1.421294524368542,1.511337363066235
G2,W0027F0002T0006Z000C1N20.png,3,0.2422406975624779,0.2422406975624779
G2,W0027F0002T0006Z000C1N20.png,4,0.09804980615624158,0.09804980615624158
G2,W0027F0002T0006Z000C1N20.png,5,0.0,0.0
G2,W0027F0002T0006Z000C1N20.png,6,0.03211688248608511,0.03211688248608511
G2,W0027F0002T0006Z000C1N20.png,7,0.34441839946238223,0.34441839946238223
G2,W0027F0002T0006Z000C1N20.png,8,0.6879806400699886,0.9085156544850753
G2,W0027F0002T0006Z000C1N20.png,9,0.03941203906840411,0.03941203906840411
G2,W0027F0002T0006Z000C1N20.png,10,0.0330328223948842,0.0330328223948842
G2,W0027F0002T0006Z000C1N20.png,11,0.12112034878123826,0.12112034878123826
G2,W0027F0002T0006Z000C1N20.png,12,0.06169281052033576,0.06169281052033576
G2,W0027F0002T0006Z000C1N20.png,13,0.04596194077712625,0.04596194077712625
G2,W0027F0002T0006Z000C1N20.png,14,1.0524305945049295,1.1181251746785772
G2,W0027F0002T0006Z000C1N20.png,15,0.18075178664868258,0.18075178664868258
G2,W0027F0002T0006Z000C1N20.png,16,0.08125,0.08125
G2,W0027F0002T0006Z000C1N20.png,17,1.3028533140044969,1.5903533043989
G2,W0027F0002T0006Z000C1N20.png,18,0.0,0.0
G2,W0027F0002T0006Z000C1N20.png,19,0.05709667997526166,0.05709667997526166
G2,W0027F0002T0006Z000C1N20.png,20,0.8365199489551939,0.981747485354559
G2,W0027F0002T0006Z000C1N20.png,21,0.028726212985703495,0.028726212985703495
G2,W0027F0002T0006Z000C1N20.png,22,0.5489812597472876,0.5489812597472876
G2,W0027F0002T0006Z000C1N20.png,23,0.07423453116930598,0.07423453116930598
G2,W0027F0002T0006Z000C1N20.png,24,0.08125,0.08125
G2,W0027F0002T0006Z000C1N20.png,25,0.11490485194281398,0.11490485194281398
G2,W0027F0002T0006Z000C1N20.png,26,2.41486153847379,2.6880859826277885
G2,W0027F0002T0006Z000C1N20.png,27,0.040373449593747356,0.040373449593747356
G2,W0027F0002T0006Z000C1N20.png,28,0.05624999999999893,0.05624999999999893
G2,W0027F0002T0006Z000C1N20.png,29,0.0,0.0
G2,W0027F0002T0006Z000C1N20.png,30,0.07660323462854156,0.07660323462854156
G2,W0027F0002T0006Z000C1N20.png,31,1.7314192155569954,1.9268659787333424
G2,W0027F0002T0006Z000C1N20.png,32,0.6045349452264942,0.6045349452264942
G2,W0027F0002T0006Z000C1N20.png,33,0.7934307374115546,1.1923589371785004
G2,W0027F0002T0006Z000C1N20.png,34,0.91933820882988,0.9994800226837679
G2,W0027F0002T0006Z000C1N20.png,35,9.084026158592895,9.084026158592895
G2,W0027F0003T0006Z000C1N32.png,1,0.07115487705650013,0.07115487705650013
G2,W0027F0003T0006Z000C1N32.png,2,0.57452425971407,0.57452425971407
G2,W0027F0003T0006Z000C1N32.png,3,0.06890062870404977,0.06890062870404977
G2,W0027F0003T0006Z000C1N32.png,4,0.08125,0.08125
G2,W0027F0003T0006Z000C1N32.png,5,0.07660323462854238,0.07660323462854238
G2,W0027F0003T0006Z000C1N32.png,6,0.08125,0.08125
G2,W0027F0003T0006Z000C1N32.png,7,0.07060349365524746,0.07060349365524746
G2,W0027F0003T0006Z000C1N32.png,8,0.03824853119407541,0.03824853119407541
G2,W0027F0003T0006Z000C1N32.png,9,0.09581387087244989,0.09581387087244989
G2,W0027F0003T0006Z000C1N32.png,10,0.05745242597140699,0.05745242597140699
G2,W0027F0003T0006Z000C1N32.png,11,0.36336104634371585,0.45961940777125593
G2,W0027F0003T0006Z000C1N32.png,12,0.5477265196042439,0.5477265196042439
G2,W0027F0003T0006Z000C1N32.png,13,0.06270894856348791,0.06270894856348791
G2,W0027F0003T0006Z000C1N32.png,14,0.058962382075353724,0.058962382075353724
G2,W0027F0003T0006Z000C1N32.png,15,0.08074689918749213,0.08074689918749213
G2,W0027F0003T0006Z000C1N32.png,16,0.9447387204936607,0.9447387204936607
G2,W0027F0003T0006Z000C1N32.png,17,0.07267220926874317,0.07267220926874317
G2,W0027F0003T0006Z000C1N32.png,18,0.6550584420492571,0.6550584420492571
G2,W0027F0003T0006Z000C1N32.png,19,0.12187500000000001,0.12187500000000001
G2,W0027F0003T0006Z000C1N32.png,20,0.07660323462854238,0.07660323462854238
G2,W0027F0003T0006Z000C1N32.png,21,0.052404675363939605,0.052404675363939605
G2,W0027F0003T0006Z000C1N32.png,22,0.5527389189300854,0.5527389189300854
G2,W0027F0003T0006Z000C1N32.png,23,0.15418475849023602,0.15418475849023602
G2,W0027F0003T0006Z000C1N32.png,24,0.028726212985703495,0.028726212985703495
G2,W0027F0003T0006Z000C1N32.png,25,0.07267220926874421,0.07267220926874421
G2,W0027F0003T0006Z000C1N32.png,26,0.08636993472846911,0.08636993472846911
G2,W0027F0002T0006Z000C1N34.png,1,10.718325878842352,13.191804560473459
G2,W0027F0002T0006Z000C1N34.png,2,1.1718041645257966,5.749836954210093
G2,W0027F0002T0006Z000C1N34.png,3,1.0996114984533691,5.223675366676202
G2,W0027F0002T0006Z000C1N34.png,4,0.05745242597140699,6.737628999228884
G2,W0027F0002T0006Z000C1N34.png,5,9.250019003358858,11.997794393658362
G2,W0027F0002T0006Z000C1N34.png,6,3.3352110596632416,4.539105260125612
G2,W0027F0002T0006Z000C1N34.png,7,0.1625,5.364961556246233
G2,W0027F0002T0006Z000C1N34.png,8,2.968253046483602,3.1579108834733103
G2,W0027F0002T0006Z000C1N34.png,9,0.08370029746612852,4.342064439519383
G2,W0027F0002T0006Z000C1N34.png,10,0.7267220926874317,2.9295104113144914
G2,W0027F0002T0006Z000C1N34.png,11,0.1784455964218592,0.1784455964218592
G2,W0027F0002T0006Z000C1N34.png,12,1.2428860064382414,1.2428860064382414
G2,W0027F0002T0006Z000C1N34.png,13,1.2078680857196287,4.2132649528008566
G2,W0027F0002T0006Z000C1N34.png,14,2.9831034594864456,5.4943266193410825
G2,W0027F0002T0006Z000C1N34.png,15,1.4647552056572457,3.6957587600518518
G2,W0027F0002T0006Z000C1N34.png,16,0.07267220926874317,1.7151257242546387
G2,W0027F0002T0006Z000C1N34.png,17,1.012206747655834,2.8267527748283903
G2,W0027F0002T0006Z000C1N34.png,18,0.1657181341917656,0.1657181341917656
G2,W0027F0002T0006Z000C1N34.png,19,0.07267220926874421,1.8211603443958475
G2,W0027F0002T0006Z000C1N34.png,20,0.059150892850403064,0.059150892850403064
G2,W0027F0002T0006Z000C1N34.png,21,6.0130489614254765,9.75033853578941
G2,W0027F0002T0006Z000C1N34.png,22,0.65,4.4145002548419905
G2,W0027F0002T0006Z000C1N34.png,23,2.2575221482855934,3.741030940796935
G2,W0027F0002T0006Z000C1N34.png,24,0.08125,3.3940722683083813
G2,W0027F0002T0006Z000C1N34.png,25,1.8782289689804468,5.4679050409814245
G2,W0027F0002T0006Z000C1N34.png,26,1.8687500000000001,4.89189779763437
G2,W0027F0002T0006Z000C1N34.png,27,2.8932302448992893,6.451065803415743
G2,W0027F0002T0006Z000C1N34.png,28,1.6750116604071748,5.377866241596196
G2,W0027F0002T0006Z000C1N34.png,29,1.79487116529293,5.401750295043265
G2,W0027F0002T0006Z000C1N34.png,30,2.677126336868269,5.310893048161322
G2,W0027F0002T0006Z000C1N34.png,31,2.386447421042998,6.8552539189590025
G2,W0027F0002T0006Z000C1N34.png,32,8.896040200561147,11.773122196341973
G2,W0027F0003T0006Z000C1N27.png,1,0.1625,2.3266459227824074
G2,W0027F0003T0006Z000C1N27.png,2,0.05709667997526256,0.05709667997526256
G2,W0027F0003T0006Z000C1N27.png,3,0.060909514923897345,0.060909514923897345
G2,W0027F0003T0006Z000C1N27.png,4,0.08750892811593587,0.08750892811593587
G2,W0027F0003T0006Z000C1N27.png,5,0.040625,0.040625
G2,W0027F0003T0006Z000C1N27.png,6,0.04999999999999997,0.04999999999999997
G2,W0027F0003T0006Z000C1N27.png,7,0.08838834764831874,0.08838834764831874
G2,W0027F0003T0006Z000C1N27.png,8,0.053033008588990474,0.053033008588990474
G2,W0027F0003T0006Z000C1N27.png,9,0.08125,0.08125
G2,W0027F0003T0006Z000C1N27.png,10,0.036443449342783096,0.036443449342783096
G2,W0027F0003T0006Z000C1N27.png,11,0.028726212985703495,0.028726212985703495
G2,W0027F0003T0006Z000C1N27.png,12,0.030227654104551308,0.030227654104551308
G2,W0027F0003T0006Z000C1N27.png,13,1.4915517297432228,3.0106386884679472
G2,W0027F0003T0006Z000C1N27.png,14,0.09987839828734045,0.09987839828734045
G2,W0027F0003T0006Z000C1N27.png,15,0.2569350598886809,0.2569350598886809
G2,W0027F0003T0006Z000C1N27.png,16,0.07626735913511418,0.07626735913511418
G2,W0027F0003T0006Z000C1N27.png,17,0.8312008032904113,2.784702255249316
G2,W0027F0003T0006Z000C1N27.png,18,0.8750892811593569,0.8750892811593569
G2,W0027F0003T0006Z000C1N27.png,19,6.499437604802358,8.566940055001654
G2,W0027F0003T0006Z000C1N27.png,20,7.725161810603064,7.725161810603064
G2,W0027F0001T0006Z000C1N50.png,1,0.0,2.1680204104205294
G2,W0027F0001T0006Z000C1N50.png,2,0.0,0.0
G2,W0027F0001T0006Z000C1N50.png,3,2.4375,2.6050731755557273
G2,W0027F0001T0006Z000C1N50.png,4,2.3297964264907125,2.4441114040803376
G2,W0027F0001T0006Z000C1N50.png,5,2.6453083468662024,2.78155194990135
G2,W0027F0001T0006Z000C1N50.png,6,3.8042202898739816,3.931656819614629
G2,W0027F0001T0006Z000C1N50.png,7,0.03249999999999988,0.03249999999999988
G2,W0027F0001T0006Z000C1N50.png,8,3.2348533289298564,3.437842543486572
G2,W0027F0001T0006Z000C1N50.png,9,0.05745242597140699,0.05745242597140699
G2,W0027F0001T0006Z000C1N50.png,10,5.290616693732405,5.290616693732405
G2,W0027F0001T0006Z000C1N50.png,11,0.08125,0.08125
G2,W0027F0001T0006Z000C1N50.png,12,0.5915089285040421,1.6750116604071748
G2,W0027F0001T0006Z000C1N50.png,13,0.09013878188659942,0.09013878188659942
G2,W0027F0001T0006Z000C1N50.png,14,1.105119478834755,1.4647552056572457
G2,W0027F0001T0006Z000C1N50.png,15,0.5138701197773617,2.3095589405771833
G2,W0027F0001T0006Z000C1N50.png,16,0.7267220926874317,1.1830178570080843
G2,W0027F0001T0006Z000C1N50.png,17,0.046428571428571264,0.046428571428571264
G2,W0027F0001T0006Z000C1N50.png,18,0.4700534598341352,1.42536470449367
G2,W0027F0001T0006Z000C1N50.png,19,0.11490485194281398,2.368824207280903
G2,W0027F0001T0006Z000C1N50.png,20,1.6484119040930143,1.6484119040930143
G2,W0027F0001T0006Z000C1N50.png,21,1.4444264824911641,1.82583538376709
G2,W0027F0001T0006Z000C1N50.png,22,0.22980970388562796,1.3101168840985142
G2,W0027F0001T0006Z000C1N50.png,23,0.7490879871550471,1.931290452650766
G2,W0027F0001T0006Z000C1N50.png,24,0.10293250365478299,0.10293250365478299
G2,W0027F0001T0006Z000C1N50.png,25,0.18168052317185793,0.18168052317185793
G2,W0027F0001T0006Z000C1N50.png,26,0.06345827861674122,0.06345827861674122
G2,W0027F0001T0006Z000C1N50.png,27,0.1473492638446329,0.1473492638446329
G2,W0027F0001T0006Z000C1N50.png,28,0.7482061881593861,0.7482061881593861
G2,W0027F0001T0006Z000C1N50.png,29,0.08125,0.08125
G2,W0027F0001T0006Z000C1N50.png,30,0.028726212985703495,0.028726212985703495
G2,W0027F0001T0006Z000C1N50.png,31,0.1087088399474318,0.1087088399474318
G2,W0027F0001T0006Z000C1N50.png,32,0.05178691693492672,0.05178691693492672
G2,W0027F0001T0006Z000C1N50.png,33,0.399880624547989,1.0785833365525779
G2,W0027F0001T0006Z000C1N50.png,34,0.11490485194281398,1.9533824830278375
G2,W0027F0001T0006Z000C1N50.png,35,1.6992378692872154,2.6486952296844373
G2,W0027F0001T0006Z000C1N50.png,36,2.2896431644063013,2.2896431644063013
G2,W0027F0001T0006Z000C1N50.png,37,0.04642857142857242,3.020534526624487
G2,W0027F0001T0006Z000C1N50.png,38,0.5450415695155738,2.9974533461757162
G2,W0027F0001T0006Z000C1N50.png,39,0.08125,0.08125
G2,W0027F0001T0006Z000C1N50.png,40,0.08125,0.08125
G2,W0027F0001T0006Z000C1N50.png,41,0.38437489501443106,0.9670214183531395
G2,W0027F0001T0006Z000C1N50.png,42,0.09794117872374265,0.09794117872374265
G2,W0027F0001T0006Z000C1N50.png,43,0.6598739830220515,1.3250457250485306
G2,W0027F0001T0006Z000C1N50.png,44,0.0,0.8750892811593569
G2,W0027F0001T0006Z000C1N50.png,45,0.08933395522171594,0.08933395522171594
G2,W0027F0001T0006Z000C1N50.png,46,5.286872007624168,5.286872007624168
G2,W0027F0001T0006Z000C1N50.png,47,5.97615705324082,5.97615705324082
G2,W0027F0001T0006Z000C1N52.png,1,1.0046718039606106,3.660797908452556
G2,W0027F0001T0006Z000C1N52.png,2,0.8750892811593569,3.0875
G2,W0027F0001T0006Z000C1N52.png,3,0.9125945546735783,5.758391667666144
G2,W0027F0001T0006Z000C1N52.png,4,0.11490485194281398,2.4239205071536487
G2,W0027F0001T0006Z000C1N52.png,5,2.019156902958617,4.50611831154646
G2,W0027F0001T0006Z000C1N52.png,6,0.9566489189849177,2.674337659327964
G2,W0027F0001T0006Z000C1N52.png,7,0.03028008719531103,0.03028008719531103
G2,W0027F0001T0006Z000C1N52.png,8,0.0,0.0
G2,W0027F0001T0006Z000C1N52.png,9,0.8365199489551939,2.323806817487202
G2,W0027F0001T0006Z000C1N52.png,10,0.9876307715013374,5.968600075582623
G2,W0027F0001T0006Z000C1N52.png,11,0.6056017439061939,1.5745645341561025
G2,W0027F0001T0006Z000C1N52.png,12,1.908174119995926,2.0697054272421376
G2,W0027F0001T0006Z000C1N52.png,13,0.0585902082262897,0.0585902082262897
G2,W0027F0001T0006Z000C1N52.png,14,0.897435582646465,3.854025898330212
G2,W0027F0001T0006Z000C1N52.png,15,0.03830161731427078,0.03830161731427078
G2,W0027F0001T0006Z000C1N52.png,16,1.2078680857196287,1.3522695043888258
G2,W0027F0001T0006Z000C1N52.png,17,0.0794010232786981,0.0794010232786981
G2,W0027F0001T0006Z000C1N52.png,18,0.9917826437783633,7.025658888139959
G2,W0027F0001T0006Z000C1N52.png,19,0.032500000000000466,0.032500000000000466
G2,W0027F0001T0006Z000C1N52.png,20,0.7021496967712089,8.237942507839284
G2,W0027F0001T0006Z000C1N52.png,21,0.9447387204936607,9.081409582217951
G2,W0027F0001T0006Z000C1N52.png,22,2.78155194990135,9.012526005510331
G2,W0027F0002T0006Z000C1N37.png,1,0.08125,0.08125
G2,W0027F0002T0006Z000C1N37.png,2,0.0,0.0
G2,W0027F0002T0006Z000C1N37.png,3,0.05670020150931353,0.05670020150931353
G2,W0027F0002T0006Z000C1N37.png,4,0.046428571428571264,0.046428571428571264
G2,W0027F0002T0006Z000C1N37.png,5,0.05471659616324478,0.05471659616324478
G2,W0027F0002T0006Z000C1N37.png,6,0.07323776028286229,0.07323776028286229
G2,W0027F0002T0006Z000C1N37.png,7,0.061555361261225704,0.061555361261225704
G2,W0027F0002T0006Z000C1N37.png,8,0.0885982965133385,0.0885982965133385
G2,W0027F0002T0006Z000C1N37.png,9,0.046428571428571555,0.046428571428571555
G2,W0027F0002T0006Z000C1N37.png,10,0.09459160805298507,0.09459160805298507
G2,W0027F0002T0006Z000C1N37.png,11,0.0283875817456028,0.0283875817456028
G2,W0027F0002T0006Z000C1N37.png,12,0.056034482758620614,0.056034482758620614
G2,W0027F0002T0006Z000C1N37.png,13,0.0822192191643774,0.0822192191643774
G2,W0027F0002T0006Z000C1N37.png,14,0.0,0.0
G2,W0027F0002T0006Z000C1N37.png,15,0.897435582646465,0.897435582646465
G2,W0027F0002T0006Z000C1N37.png,16,0.520253844291419,0.520253844291419
G2,W0027F0002T0006Z000C1N37.png,17,0.08125,0.08125
G2,W0027F0002T0006Z000C1N37.png,18,0.08717656491102364,0.08717656491102364
G2,W0027F0002T0006Z000C1N37.png,19,0.6936717923885589,0.6936717923885589
G2,W0027F0002T0006Z000C1N37.png,20,0.028686398395557332,0.028686398395557332
G2,W0027F0002T0006Z000C1N37.png,21,0.08125,0.08125
G2,W0027F0002T0006Z000C1N37.png,22,0.0,0.0
G2,W0027F0002T0006Z000C1N37.png,23,1.4784622735952526,1.4784622735952526
G2,W0027F0002T0006Z000C1N37.png,24,0.08125,0.08125
G2,W0027F0002T0006Z000C1N37.png,25,0.03830161731427078,0.03830161731427078
G2,W0027F0002T0006Z000C1N37.png,26,0.08125,0.08125
G2,W0027F0002T0006Z000C1N37.png,27,0.03830161731426997,0.03830161731426997
G2,W0027F0002T0006Z000C1N37.png,28,0.028726212985703495,0.028726212985703495
G2,W0027F0002T0006Z000C1N37.png,29,0.0735725187312861,0.0735725187312861
G2,W0027F0002T0006Z000C1N37.png,30,2.050657287920144,2.050657287920144
G2,W0027F0002T0006Z000C1N37.png,31,0.6598780663880263,0.6598780663880263
G2,W0027F0002T0006Z000C1N37.png,32,0.11490485194281398,0.11490485194281398
G2,W0027F0002T0006Z000C1N37.png,33,0.07734769560643033,0.07734769560643033
G2,W0027F0002T0006Z000C1N37.png,34,0.11490485194281398,0.11490485194281398
G2,W0027F0002T0006Z000C1N37.png,35,0.07660323462854156,0.07660323462854156
G2,W0027F0002T0006Z000C1N37.png,36,0.07267220926874277,0.07267220926874277
G2,W0027F0002T0006Z000C1N37.png,37,0.8750892811593569,0.8750892811593569
G2,W0027F0002T0006Z000C1N37.png,38,0.07660323462854156,0.07660323462854156
G2,W0027F0002T0006Z000C1N37.png,39,0.0,0.0
G2,W0027F0002T0006Z000C1N37.png,40,0.04642857142857242,0.04642857142857242
G2,W0027F0002T0006Z000C1N37.png,41,0.08125,0.08125
G2,W0027F0002T0006Z000C1N37.png,42,1.38125,1.38125
G2,W0027F0002T0006Z000C1N37.png,43,0.053457462642505754,0.053457462642505754
G2,W0027F0002T0006Z000C1N37.png,44,0.06958928570635851,0.06958928570635851
G2,W0027F0002T0006Z000C1N37.png,45,0.04193548387096886,0.04193548387096886
G2,W0027F0002T0006Z000C1N37.png,46,0.04406399924441479,0.04406399924441479
G2,W0027F0002T0006Z000C1N37.png,47,0.028726212985703495,0.028726212985703495
G2,W0027F0002T0006Z000C1N37.png,48,0.07989573849039557,0.07989573849039557
G2,W0027F0002T0006Z000C1N37.png,49,2.5768118563667484,2.5768118563667484
G2,W0027F0002T0006Z000C1N37.png,50,0.07323776028286229,0.07323776028286229
G2,W0027F0002T0006Z000C1N37.png,51,0.040625,0.040625
G2,W0027F0002T0006Z000C1N37.png,52,0.014772727272727692,0.014772727272727692
G2,W0027F0002T0006Z000C1N37.png,53,0.08838834764831895,0.08838834764831895
G2,W0027F0002T0006Z000C1N37.png,54,0.028498905595585454,0.028498905595585454
G2,W0027F0002T0006Z000C1N37.png,55,0.10213764617139147,0.10213764617139147
G2,W0027F0002T0006Z000C1N37.png,56,0.3631540177412845,0.3631540177412845
G2,W0027F0002T0006Z000C1N37.png,57,0.11490485194281398,0.11490485194281398
G2,W0027F0002T0006Z000C1N37.png,58,0.07872822670780388,0.07872822670780388
G2,W0027F0002T0006Z000C1N37.png,59,0.5025034981221523,0.6613270867165506
G2,W0027F0002T0006Z000C1N37.png,60,0.1625,0.1625
G2,W0027F0002T0006Z000C1N37.png,61,0.06768069163659848,0.06768069163659848
G2,W0027F0002T0006Z000C1N37.png,62,0.08125,0.08125
G2,W0027F0002T0006Z000C1N37.png,63,0.08370029746612916,0.08370029746612916
G2,W0027F0002T0006Z000C1N37.png,64,0.07776689468724592,0.07776689468724592
G2,W0027F0002T0006Z000C1N37.png,65,0.07267220926874239,0.07267220926874239
G2,W0027F0002T0006Z000C1N37.png,66,0.06770833333333272,0.06770833333333272
G2,W0027F0002T0006Z000C1N37.png,67,0.087508928115935,0.087508928115935
G2,W0027F0002T0006Z000C1N37.png,68,0.049244936546920505,0.049244936546920505
G2,W0027F0003T0006Z000C1N24.png,1,0.0,0.0
G2,W0027F0003T0006Z000C1N24.png,2,1.6331047884321446,1.6331047884321446
G2,W0027F0003T0006Z000C1N24.png,3,0.08125,0.08125
G2,W0027F0003T0006Z000C1N24.png,4,1.4625000000000001,1.4625000000000001
G2,W0027F0003T0006Z000C1N24.png,5,0.8285906709588275,0.8285906709588275
G2,W0027F0003T0006Z000C1N24.png,6,1.1403980938689786,1.1403980938689786
G2,W0027F0003T0006Z000C1N24.png,7,1.0277402395547235,1.0277402395547235
G2,W0027F0003T0006Z000C1N24.png,8,0.45961940777125593,0.45961940777125593
G2,W0027F0003T0006Z000C1N24.png,9,0.49422445558673034,0.49422445558673034
G2,W0027F0003T0006Z000C1N24.png,10,0.8750892811593569,0.8750892811593569
G2,W0027F0003T0006Z000C1N24.png,11,0.1625,0.1625
G2,W0027F0003T0006Z000C1N24.png,12,0.65,0.65
G2,W0027F0003T0006Z000C1N24.png,13,0.45961940777125593,0.45961940777125593
G2,W0027F0003T0006Z000C1N24.png,14,1.3101168840985142,1.3101168840985142
G2,W0027F0003T0006Z000C1N24.png,15,0.5859020822628983,0.5859020822628983
G2,W0027F0003T0006Z000C1N24.png,16,0.6894291116568838,0.6894291116568838
G2,W0027F0003T0006Z000C1N24.png,17,0.6700046641628699,0.6700046641628699
G2,W0027F0003T0006Z000C1N24.png,18,0.0,0.0
G2,W0027F0003T0006Z000C1N24.png,19,0.1625,0.1625
G2,W0027F0003T0006Z000C1N24.png,20,0.31551792738289847,0.31551792738289847
G2,W0027F0003T0006Z000C1N24.png,21,0.5859020822628983,0.5859020822628983
G2,W0027F0003T0006Z000C1N24.png,22,0.48750000000000004,0.48750000000000004
G2,W0027F0003T0006Z000C1N24.png,23,0.9475296829123614,0.9475296829123614
G2,W0027F0003T0006Z000C1N24.png,24,0.36336104634371585,0.36336104634371585
G2,W0027F0003T0006Z000C1N24.png,25,0.22980970388562796,0.22980970388562796
G2,W0027F0003T0006Z000C1N24.png,26,0.5859020822628983,0.5859020822628983
G2,W0027F0003T0006Z000C1N24.png,27,0.45961940777125593,0.45961940777125593
G2,W0027F0003T0006Z000C1N24.png,28,0.8125,0.8125
G2,W0027F0003T0006Z000C1N24.png,29,0.56875,0.56875
G2,W0027F0003T0006Z000C1N24.png,30,0.48750000000000004,0.48750000000000004
G2,W0027F0003T0006Z000C1N24.png,31,0.0,0.0
G2,W0027F0003T0006Z000C1N24.png,32,0.22980970388562796,0.22980970388562796
G2,W0027F0003T0006Z000C1N24.png,33,0.11250573906389866,0.11250573906389866
G2,W0027F0003T0006Z000C1N24.png,34,0.5138701197773617,0.5138701197773617
G2,W0027F0003T0006Z000C1N24.png,35,0.36336104634371585,0.36336104634371585
G2,W0027F0003T0006Z000C1N24.png,36,0.36336104634371585,0.36336104634371585
G2,W0027F0003T0006Z000C1N24.png,37,0.5859020822628983,0.5859020822628983
G2,W0027F0003T0006Z000C1N24.png,38,0.45961940777125593,0.45961940777125593
G2,W0027F0003T0006Z000C1N24.png,39,0.36336104634371585,0.36336104634371585
G2,W0027F0003T0006Z000C1N24.png,40,0.65,0.65
G2,W0027F0003T0006Z000C1N24.png,41,0.0,0.0
G2,W0027F0003T0006Z000C1N24.png,42,0.6700046641628699,0.6700046641628699
G2,W0027F0003T0006Z000C1N24.png,43,0.7357500424736652,0.7357500424736652
G2,W0027F0003T0006Z000C1N24.png,44,0.8125,0.8125
G2,W0027F0003T0006Z000C1N24.png,45,0.325,0.325
G2,W0027F0003T0006Z000C1N24.png,46,0.1625,0.1625
G2,W0027F0003T0006Z000C1N24.png,47,0.8285906709588275,0.8285906709588275
G2,W0027F0003T0006Z000C1N24.png,48,0.08125,0.08125
G2,W0027F0003T0006Z000C1N24.png,49,0.7267220926874317,0.7267220926874317
G2,W0027F0003T0006Z000C1N24.png,50,0.325,0.325
G2,W0027F0003T0006Z000C1N24.png,51,0.0,0.0
G2,W0027F0003T0006Z000C1N24.png,52,0.5138701197773617,0.5138701197773617
G2,W0027F0003T0006Z000C1N24.png,53,0.36336104634371585,0.36336104634371585
G2,W0027F0003T0006Z000C1N24.png,54,0.39060138817526574,0.39060138817526574
G2,W0027F0003T0006Z000C1N24.png,55,0.0,0.0
G2,W0027F0003T0006Z000C1N24.png,56,0.40625,0.40625
G2,W0027F0003T0006Z000C1N24.png,57,0.65,0.65
G2,W0027F0003T0006Z000C1N24.png,58,0.1625,0.1625
G2,W0027F0003T0006Z000C1N24.png,59,0.12846752994434044,0.12846752994434044
G2,W0027F0003T0006Z000C1N24.png,60,0.0,0.0
G2,W0027F0003T0006Z000C1N24.png,61,0.5281250000000001,0.5281250000000001
G2,W0027F0003T0006Z000C1N24.png,62,0.1625,0.1625
G2,W0027F0003T0006Z000C1N24.png,63,0.22980970388562796,0.22980970388562796
G2,W0027F0003T0006Z000C1N24.png,64,0.22333488805429041,0.22333488805429041
G2,W0027F0003T0006Z000C1N24.png,65,0.22980970388562796,0.22980970388562796
G2,W0027F0003T0006Z000C1N24.png,66,0.22980970388562796,0.22980970388562796
G2,W0027F0003T0006Z000C1N24.png,67,0.05416666666666705,0.05416666666666705
G2,W0027F0003T0006Z000C1N24.png,68,0.0,0.0
G2,W0027F0003T0006Z000C1N24.png,69,0.33500233208143493,0.33500233208143493
G2,W0027F0003T0006Z000C1N24.png,70,0.36336104634371585,0.36336104634371585
G2,W0027F0003T0006Z000C1N24.png,71,0.5915089285040421,0.5915089285040421
G2,W0027F0003T0006Z000C1N24.png,72,0.325,0.325
G2,W0027F0003T0006Z000C1N24.png,73,0.0,0.0
G2,W0027F0003T0006Z000C1N24.png,74,0.3425800798515743,0.3425800798515743
G2,W0027F0003T0006Z000C1N24.png,75,0.325,0.325
G2,W0027F0003T0006Z000C1N24.png,76,0.11490485194281398,0.11490485194281398
G2,W0027F0003T0006Z000C1N24.png,77,0.08125,0.08125
G2,W0027F0003T0006Z000C1N24.png,78,0.08125,0.08125
G2,W0027F0003T0006Z000C1N24.png,79,0.015419168966093997,0.015419168966093997
G2,W0027F0003T0006Z000C1N24.png,80,0.0,0.0
G2,W0027F0003T0006Z000C1N24.png,81,0.5138701197773617,0.5138701197773617
G2,W0027F0003T0006Z000C1N24.png,82,0.36336104634371585,0.36336104634371585
G2,W0027F0003T0006Z000C1N24.png,83,0.11490485194281398,0.11490485194281398
G2,W0027F0003T0006Z000C1N24.png,84,0.08125,0.08125
G2,W0027F0003T0006Z000C1N24.png,85,0.03723784175146147,0.03723784175146147
G2,W0027F0003T0006Z000C1N24.png,86,0.0,0.0
G2,W0027F0003T0006Z000C1N24.png,87,0.04596194077712625,0.04596194077712625
G2,W0027F0003T0006Z000C1N24.png,88,0.0,0.0
G2,W0027F0003T0006Z000C1N24.png,89,0.0,0.0
G2,W0027F0003T0006Z000C1N24.png,90,0.36336104634371585,0.36336104634371585
G2,W0027F0003T0006Z000C1N24.png,91,0.7267220926874317,0.7267220926874317
G2,W0027F0003T0006Z000C1N24.png,92,0.0,0.0
G2,W0027F0003T0006Z000C1N24.png,93,0.08125,0.08125
G2,W0027F0003T0006Z000C1N24.png,94,0.0,0.0
G2,W0027F0003T0006Z000C1N24.png,95,0.5138701197773617,0.5138701197773617
G2,W0027F0003T0006Z000C1N24.png,96,0.0,0.0
G2,W0027F0003T0006Z000C1N24.png,97,0.0,0.0
G2,W0027F0003T0006Z000C1N24.png,98,0.09421779670733757,0.09421779670733757
G2,W0027F0003T0006Z000C1N24.png,99,0.0,0.0
G2,W0027F0003T0006Z000C1N24.png,100,0.6700046641628699,0.6700046641628699
G2,W0027F0003T0006Z000C1N24.png,101,1.14904851942814,1.14904851942814
G2,W0027F0003T0006Z000C1N24.png,102,0.07462899779164521,0.07462899779164521
G2,W0027F0003T0006Z000C1N24.png,103,1.2375631297028853,1.2375631297028853
G2,W0027F0003T0006Z000C1N24.png,104,0.0,0.0
G2,W0027F0003T0006Z000C1N24.png,105,0.08125,0.08125
G2,W0027F0003T0006Z000C1N24.png,106,0.024224069756248412,0.024224069756248412
G2,W0027F0003T0006Z000C1N24.png,107,0.6700046641628699,0.6700046641628699
G2,W0027F0003T0006Z000C1N24.png,108,0.08125,0.08125
G2,W0027F0003T0006Z000C1N24.png,109,0.0,0.0
G2,W0027F0003T0006Z000C1N24.png,110,0.22980970388562796,0.22980970388562796
G2,W0027F0003T0006Z000C1N24.png,111,0.0,0.0
G2,W0027F0003T0006Z000C1N24.png,112,0.0,0.0
G2,W0027F0003T0006Z000C1N24.png,113,0.21396553460779608,0.21396553460779608
G2,W0027F0003T0006Z000C1N24.png,114,0.0,0.0
G2,W0027F0003T0006Z000C1N24.png,115,0.6700046641628699,0.6700046641628699
G2,W0027F0003T0006Z000C1N24.png,116,0.9084026158592896,0.9084026158592896
G2,W0027F0003T0006Z000C1N24.png,117,0.0,0.0
G2,W0027F0003T0006Z000C1N24.png,118,0.18413126021307352,0.18413126021307352
G2,W0027F0003T0006Z000C1N24.png,119,0.0,0.0
G2,W0027F0003T0006Z000C1N24.png,120,0.0,0.0
G2,W0027F0003T0006Z000C1N24.png,121,0.37916666666666593,0.37916666666666593
G2,W0027F0003T0006Z000C1N24.png,122,0.0,0.0
G2,W0027F0003T0006Z000C1N24.png,123,0.0,0.0
G2,W0027F0003T0006Z000C1N24.png,124,0.08125,0.08125
G2,W0027F0003T0006Z000C1N24.png,125,0.1625,0.1625
G2,W0027F0003T0006Z000C1N24.png,126,0.0,0.0
G2,W0027F0003T0006Z000C1N24.png,127,0.7267220926874317,0.7267220926874317
G2,W0027F0003T0006Z000C1N24.png,128,0.8125,0.8125
G2,W0027F0003T0006Z000C1N24.png,129,0.0,0.0
G2,W0027F0003T0006Z000C1N24.png,130,0.06745947857788487,0.06745947857788487
G2,W0027F0003T0006Z000C1N24.png,131,0.0,0.0
G2,W0027F0003T0006Z000C1N24.png,132,0.08125,0.08125
G2,W0027F0003T0006Z000C1N24.png,133,0.0,0.0
G2,W0027F0003T0006Z000C1N24.png,134,0.0,0.0
G2,W0027F0003T0006Z000C1N24.png,135,0.0,0.0
G2,W0027F0003T0006Z000C1N24.png,136,0.0,0.0
G2,W0027F0003T0006Z000C1N24.png,137,0.0,0.0
G2,W0027F0003T0006Z000C1N24.png,138,0.0,0.0
G2,W0027F0003T0006Z000C1N24.png,139,0.08125,0.08125
G2,W0027F0003T0006Z000C1N24.png,140,0.07267220926874421,0.07267220926874421
G2,W0027F0003T0006Z000C1N24.png,141,0.0,0.0
G2,W0027F0002T0006Z000C1N22.png,1,4.913076715511371,4.913076715511371
G2,W0027F0002T0006Z000C1N22.png,2,3.220983137889343,3.220983137889343
G2,W0027F0002T0006Z000C1N22.png,3,0.0417764887384918,0.0417764887384918
G2,W0027F0002T0006Z000C1N22.png,4,4.63766003766986,6.783280226041086
G2,W0027F0002T0006Z000C1N22.png,5,0.29295104113144915,4.079526818455787
G2,W0027F0002T0006Z000C1N22.png,6,0.6700046641628699,3.5003571246374277
G2,W0027F0002T0006Z000C1N22.png,7,0.07267220926874421,2.4719235930748336
G2,W0027F0002T0006Z000C1N22.png,8,0.09011408745705439,0.09011408745705439
G2,W0027F0002T0006Z000C1N22.png,9,0.0383016173142716,3.7482785400619436
G2,W0027F0002T0006Z000C1N22.png,10,0.3646205338163987,0.7511659051194273
G2,W0027F0002T0006Z000C1N22.png,11,0.05735294117647154,0.05735294117647154
G2,W0027F0002T0006Z000C1N22.png,12,1.3257281335248208,1.8685731189027284
G2,W0027F0002T0006Z000C1N22.png,13,0.2569350598886809,1.4025924657576057
G2,W0027F0002T0006Z000C1N22.png,14,0.036285742718784396,0.036285742718784396
G2,W0027F0002T0006Z000C1N22.png,15,0.05709667997526184,0.05709667997526184
G2,W0027F0002T0006Z000C1N22.png,16,0.08125,0.08125
G2,W0027F0002T0006Z000C1N22.png,17,0.08125,1.0562500000000001
G2,W0027F0002T0006Z000C1N22.png,18,0.0,3.741030940796935
G2,W0027F0002T0006Z000C1N22.png,19,0.6838539683294964,2.4434222926051894
G2,W0027F0002T0006Z000C1N22.png,20,0.7267220926874317,1.3101168840985142
G2,W0027F0002T0006Z000C1N22.png,21,0.08125,1.6750116604071748
G2,W0027F0002T0006Z000C1N22.png,22,0.681629708798961,1.2753407622738935
G2,W0027F0002T0006Z000C1N22.png,23,0.11490485194281398,0.11490485194281398
G2,W0027F0002T0006Z000C1N22.png,24,1.0277402395547235,4.0625
G2,W0027F0002T0006Z000C1N22.png,25,0.07932284827092696,0.07932284827092696
G2,W0027F0002T0006Z000C1N22.png,26,1.426589026314166,5.509154313504024
G2,W0027F0002T0006Z000C1N22.png,27,2.391868152172789,2.391868152172789
G2,W0027F0002T0006Z000C1N22.png,28,0.3499764786960636,2.2991532560339265
G2,W0027F0002T0006Z000C1N22.png,29,1.1436496711460638,1.1436496711460638
G2,W0027F0002T0006Z000C1N22.png,30,1.641350484265085,5.2262774768604086
G2,W0027F0002T0006Z000C1N22.png,31,2.944356957066347,2.944356957066347
G2,W0027F0002T0006Z000C1N22.png,32,1.3101168840985142,2.569350598886808
G2,W0027F0002T0006Z000C1N22.png,33,3.6488397128402346,5.959121160036941
G2,W0027F0002T0006Z000C1N22.png,34,2.965346733520382,3.51541249357739
G2,W0027F0002T0006Z000C1N22.png,35,3.801388726505092,5.634416562520028
G2,W0027F0002T0006Z000C1N22.png,36,4.326896260600663,5.384613495878791
G2,W0027F0003T0006Z000C1N30.png,1,1.2426470588235299,1.2426470588235299
G2,W0027F0003T0006Z000C1N30.png,2,2.1156863724405404,4.666071428571429
G2,W0027F0003T0006Z000C1N30.png,3,0.2324385703934999,0.2324385703934999
G2,W0027F0003T0006Z000C1N30.png,4,2.4116335879440722,5.850564208903275
G2,W0027F0003T0006Z000C1N30.png,5,1.9441717308427937,3.1209637156594447
G2,W0027F0003T0006Z000C1N30.png,6,2.2655049669118013,7.093474383299809
G2,W0027F0003T0006Z000C1N30.png,7,1.0341436674853257,4.118982353081887
G2,W0027F0003T0006Z000C1N30.png,8,0.07660323462854238,3.857640326532386
G2,W0027F0003T0006Z000C1N30.png,9,2.5923716217008703,8.99272709610383
G2,W0027F0003T0006Z000C1N30.png,10,2.7300483626668592,3.109869621463254
G2,W0027F0003T0006Z000C1N30.png,11,1.7273986945693807,9.900505037623082
G2,W0027F0003T0006Z000C1N30.png,12,0.19150808657135718,5.801778492889533
G2,W0027F0003T0006Z000C1N30.png,13,0.1436310649285175,4.32622871365032
G2,W0027F0003T0006Z000C1N30.png,14,1.4062484567892768,10.271262668511381
G2,W0027F0003T0006Z000C1N30.png,15,0.12112034878123845,8.49190995726063
G2,W0027F0003T0006Z000C1N30.png,16,1.718024358465557,4.984454786078696
G2,W0027F0003T0006Z000C1N30.png,17,0.07500000000000089,0.07500000000000089
G2,W0027F0003T0006Z000C1N30.png,18,2.0559264985307997,13.771242508419292
G2,W0027F0003T0006Z000C1N30.png,19,0.38123941524393395,6.4901216259025745
G2,W0027F0003T0006Z000C1N30.png,20,2.3109876811657823,12.025274490110402
G2,W0027F0003T0006Z000C1N30.png,21,0.11490485194281398,5.704884146501136
G2,W0027F0003T0006Z000C1N30.png,22,2.2099288865008777,8.982410754513667
G2,W0027F0001T0006Z000C1N76.png,1,0.8308504678941931,1.0852707035574118
G2,W0027F0001T0006Z000C1N76.png,2,0.19179276304845153,0.19179276304845153
G2,W0027F0001T0006Z000C1N76.png,3,0.39269899414182347,0.39269899414182347
G2,W0027F0001T0006Z000C1N76.png,4,1.105119478834755,1.1633229613912037
G2,W0027F0001T0006Z000C1N76.png,5,1.8527850657860991,1.963494970709118
G2,W0027F0001T0006Z000C1N76.png,6,1.625,1.7501785623187138
G2,W0027F0001T0006Z000C1N76.png,7,0.08125,0.08125
G2,W0027F0001T0006Z000C1N76.png,8,0.10838621756071172,0.10838621756071172
G2,W0027F0001T0006Z000C1N76.png,9,2.3660357140161685,2.4429106614855978
G2,W0027F0001T0006Z000C1N76.png,10,0.04532734186910197,0.04532734186910197
G2,W0027F0001T0006Z000C1N76.png,11,0.08370029746612866,0.08370029746612866
G2,W0027F0001T0006Z000C1N76.png,12,0.03028008719530948,0.03028008719530948
G2,W0027F0001T0006Z000C1N76.png,13,0.07660323462854238,0.07660323462854238
G2,W0027F0001T0006Z000C1N76.png,14,0.07660323462854238,0.07660323462854238
G2,W0027F0001T0006Z000C1N76.png,15,0.07267220926874421,0.07267220926874421
G2,W0027F0001T0006Z000C1N76.png,16,0.05709667997526293,0.05709667997526293
G2,W0027F0001T0006Z000C1N76.png,17,0.1963803715213861,0.1963803715213861
G2,W0027F0001T0006Z000C1N76.png,18,0.08125,0.08125
G2,W0027F0001T0006Z000C1N76.png,19,0.08125,0.08125
G2,W0027F0001T0006Z000C1N76.png,20,0.07267220926874317,0.07267220926874317
G2,W0027F0001T0006Z000C1N76.png,21,0.08125,0.08125
G2,W0027F0001T0006Z000C1N76.png,22,0.06397826456292836,0.06397826456292836
G2,W0027F0001T0006Z000C1N76.png,23,3.697643769273136,3.8458333333333337
G2,W0027F0001T0006Z000C1N76.png,24,0.08125,0.08125
G2,W0027F0001T0006Z000C1N76.png,25,0.1027740239554716,0.1027740239554716
G2,W0027F0001T0006Z000C1N76.png,26,0.013975424859371699,0.013975424859371699
G2,W0027F0001T0006Z000C1N76.png,27,0.06090951492389675,0.06090951492389675
G2,W0027F0001T0006Z000C1N76.png,28,0.042822509981446565,0.042822509981446565
G2,W0027F0001T0006Z000C1N76.png,29,0.0720513626920724,0.0720513626920724
G2,W0027F0001T0006Z000C1N76.png,30,0.1456531878614947,0.1456531878614947
G2,W0027F0001T0006Z000C1N76.png,31,0.5450415695155738,0.5450415695155738
G2,W0027F0001T0006Z000C1N76.png,32,0.044787116406906226,0.044787116406906226
G2,W0027F0001T0006Z000C1N76.png,33,0.028726212985703495,0.028726212985703495
G2,W0027F0001T0006Z000C1N76.png,34,0.0919238815542525,0.0919238815542525
G2,W0027F0001T0006Z000C1N76.png,35,0.05190872090624571,0.05190872090624571
G2,W0027F0001T0006Z000C1N76.png,36,0.032500000000000466,0.032500000000000466
G2,W0027F0001T0006Z000C1N76.png,37,0.2680018656651473,0.2680018656651473
G2,W0027F0001T0006Z000C1N76.png,38,0.03830161731427242,0.03830161731427242
G2,W0027F0001T0006Z000C1N76.png,39,0.08125,0.08125
G2,W0027F0003T0006Z000C1N29.png,1,0.9084026158592896,1.0562500000000001
G2,W0027F0003T0006Z000C1N29.png,2,0.02946278254943987,0.02946278254943987
G2,W0027F0003T0006Z000C1N29.png,3,0.520253844291419,1.7819516162062314
G2,W0027F0003T0006Z000C1N29.png,4,2.3896341901010705,3.2224614524459403
G2,W0027F0003T0006Z000C1N29.png,5,0.5915089285040421,1.7893456380755508
G2,W0027F0003T0006Z000C1N29.png,6,1.6326097331623146,2.456440020951175
G2,W0027F0003T0006Z000C1N29.png,7,0.11490485194281398,0.11490485194281398
G2,W0027F0003T0006Z000C1N29.png,8,0.10188698165737411,0.10188698165737411
G2,W0027F0003T0006Z000C1N29.png,9,0.08125,0.08125
G2,W0027F0003T0006Z000C1N29.png,10,0.89375,0.89375
G2,W0027F0003T0006Z000C1N29.png,11,0.07660323462854238,0.07660323462854238
G2,W0027F0003T0006Z000C1N29.png,12,0.028726212985703495,0.028726212985703495
G2,W0027F0003T0006Z000C1N29.png,13,0.08125,0.978379559526874
G2,W0027F0003T0006Z000C1N29.png,14,1.6721628127135892,4.449916119683855
G2,W0027F0003T0006Z000C1N29.png,15,0.11490485194281398,0.11490485194281398
G2,W0027F0003T0006Z000C1N29.png,16,0.08125,0.08125
G2,W0027F0003T0006Z000C1N29.png,17,0.0,0.9475296829123614
G2,W0027F0003T0006Z000C1N29.png,18,0.07267220926874317,0.07267220926874317
G2,W0027F0003T0006Z000C1N29.png,19,0.8039151050785585,1.0889083801951311
G2,W0027F0003T0006Z000C1N29.png,20,1.2485166980511313,1.7635648932807946
G2,W0027F0003T0006Z000C1N29.png,21,0.08125,0.08125
G2,W0027F0003T0006Z000C1N29.png,22,0.08125,0.08125
G2,W0027F0003T0006Z000C1N29.png,23,0.0,1.1830178570080843
G2,W0027F0003T0006Z000C1N29.png,24,0.0,1.14904851942814
G2,W0027F0003T0006Z000C1N29.png,25,0.19969683655634682,0.19969683655634682
G2,W0027F0003T0006Z000C1N29.png,26,0.0,1.541610359332085
G2,W0027F0003T0006Z000C1N29.png,27,0.0,0.0
G2,W0027F0003T0006Z000C1N29.png,28,0.7832865431258056,2.00936512991259
G2,W0027F0003T0006Z000C1N29.png,29,1.2691655723348314,4.302415745833962
G2,W0027F0003T0006Z000C1N14.png,1,2.330274930131636,4.415816034438029
G2,W0027F0003T0006Z000C1N14.png,2,1.708183428382327,1.708183428382327
G2,W0027F0003T0006Z000C1N14.png,3,3.2520720435640125,4.901073979033491
G2,W0027F0003T0006Z000C1N14.png,4,0.08125,0.08125
G2,W0027F0003T0006Z000C1N14.png,5,0.04506939094329923,0.04506939094329923
G2,W0027F0003T0006Z000C1N14.png,6,0.0,0.0
G2,W0027F0003T0006Z000C1N14.png,7,1.7369266140225958,6.3275964285422
G2,W0027F0003T0006Z000C1N14.png,8,0.11490485194281398,1.284675299443404
G2,W0027F0003T0006Z000C1N14.png,9,0.65,5.232903711134001
G2,W0027F0003T0006Z000C1N14.png,10,0.520253844291419,1.240227423700992
G2,W0027F0003T0006Z000C1N14.png,11,1.3226541734331012,5.825687325329089
G2,W0027F0003T0006Z000C1N14.png,12,0.1625,0.1625
G2,W0027F0003T0006Z000C1N14.png,13,0.08125,2.400659089187801
G2,W0027F0003T0006Z000C1N14.png,14,0.08125,0.08125
G2,W0027F0003T0006Z000C1N14.png,15,1.9651753261477714,5.26873517198388
G2,W0027F0003T0006Z000C1N14.png,16,0.36336104634371585,1.963494970709118
G2,W0027F0003T0006Z000C1N14.png,17,0.11490485194281398,0.11490485194281398
G2,W0027F0003T0006Z000C1N14.png,18,0.05190872090624571,1.0913183611147228
G2,W0027F0003T0006Z000C1N14.png,19,0.9558536760404284,4.0134539364492525
G2,W0027F0003T0006Z000C1N14.png,20,0.08750892811593587,0.08750892811593587
G2,W0027F0003T0006Z000C1N14.png,21,0.040625,0.12187500000000001
G2,W0027F0003T0006Z000C1N14.png,22,1.9943012947699232,2.6605459994956115
G2,W0027F0003T0006Z000C1N14.png,23,1.1718041645257966,7.4696992074647826
G2,W0027F0003T0006Z000C1N7.png,1,1.7960550788803444,1.9430170700400755
G2,W0027F0003T0006Z000C1N7.png,2,0.046428571428571264,0.046428571428571264
G2,W0027F0003T0006Z000C1N7.png,3,2.13735379616946,3.1257499100215944
G2,W0027F0003T0006Z000C1N7.png,4,1.2078680857196287,1.3619981874070173
G2,W0027F0003T0006Z000C1N7.png,5,2.471122277933652,4.225781177782399
G2,W0027F0003T0006Z000C1N7.png,6,2.576136614267943,4.218616044705257
G2,W0027F0003T0006Z000C1N7.png,7,1.0683336583462837,1.9916841003421082
G2,W0027F0003T0006Z000C1N7.png,8,0.29295104113144915,0.9084026158592896
G2,W0027F0003T0006Z000C1N7.png,9,0.07267220926874421,0.14534441853748634
G2,W0027F0003T0006Z000C1N7.png,10,0.5523937806392188,3.1026674231842652
G2,W0027F0003T0006Z000C1N7.png,11,0.07267220926874421,0.07267220926874421
G2,W0027F0003T0006Z000C1N7.png,12,0.11490485194281398,1.5458866792232864
G2,W0027F0003T0006Z000C1N7.png,13,0.0,0.22980970388562796
G2,W0027F0003T0006Z000C1N7.png,14,0.0478574760116322,0.0478574760116322
G2,W0027F0003T0006Z000C1N7.png,15,0.032500000000000466,0.032500000000000466
G2,W0027F0003T0006Z000C1N7.png,16,0.087508928115935,0.087508928115935
G2,W0027F0003T0006Z000C1N7.png,17,0.5138701197773617,1.3788582233137676
G2,W0027F0003T0006Z000C1N7.png,18,0.04642857142857011,0.04642857142857011
G2,W0027F0003T0006Z000C1N7.png,19,0.046428571428571555,6.860440055499505
G2,W0027F0003T0006Z000C1N7.png,20,0.7357500424736652,1.6451871094194728
G2,W0027F0003T0006Z000C1N7.png,21,0.040625,0.040625
G2,W0027F0003T0006Z000C1N7.png,22,0.11490485194281398,0.11490485194281398
G2,W0027F0003T0006Z000C1N7.png,23,0.34683589619428085,0.8268182824673265
G2,W0027F0003T0006Z000C1N7.png,24,0.08125,0.08125
G2,W0027F0003T0006Z000C1N7.png,25,0.11490485194281398,0.11490485194281398
G2,W0027F0003T0006Z000C1N7.png,26,0.11490485194281398,1.708183428382327
G2,W0027F0003T0006Z000C1N7.png,27,0.08125,0.08125
G2,W0027F0003T0006Z000C1N7.png,28,0.7267220926874317,2.906888370749727
G2,W0027F0003T0006Z000C1N7.png,29,0.9781921125360684,3.4101885359455477
G2,W0027F0003T0006Z000C1N7.png,30,1.567136233952015,1.567136233952015
G2,W0027F0003T0006Z000C1N7.png,31,2.8051849315152113,2.8051849315152113
G2,W0027F0003T0006Z000C1N7.png,32,0.08125,0.08125
G2,W0027F0003T0006Z000C1N7.png,33,2.7174127645720287,5.077661107069296
G2,W0027F0003T0006Z000C1N7.png,34,3.5873917182652035,4.048482761925892
G2,W0027F0003T0006Z000C1N7.png,35,5.536206975322644,5.536206975322644
G2,W0027F0001T0006Z000C1N75.png,1,0.0,0.0
G2,W0027F0001T0006Z000C1N75.png,2,0.0,0.0
G2,W0027F0001T0006Z000C1N75.png,3,0.0,0.0
G2,W0027F0001T0006Z000C1N75.png,4,0.0,0.0
G2,W0027F0001T0006Z000C1N75.png,5,0.0,0.0
G2,W0027F0001T0006Z000C1N75.png,6,0.0,0.0
G2,W0027F0001T0006Z000C1N75.png,7,0.0,0.0
G2,W0027F0001T0006Z000C1N75.png,8,0.08125,0.08125
G2,W0027F0001T0006Z000C1N75.png,9,0.0,0.0
G2,W0027F0001T0006Z000C1N75.png,10,0.0,0.0
G2,W0027F0001T0006Z000C1N75.png,11,0.0,0.0
G2,W0027F0001T0006Z000C1N75.png,12,0.0,0.0
G2,W0027F0001T0006Z000C1N75.png,13,0.0,0.0
G2,W0027F0001T0006Z000C1N75.png,14,0.0,0.0
G2,W0027F0001T0006Z000C1N75.png,15,0.0,0.0
G2,W0027F0001T0006Z000C1N75.png,16,0.07660323462854213,0.07660323462854213
G2,W0027F0001T0006Z000C1N75.png,17,0.0,0.0
G2,W0027F0001T0006Z000C1N75.png,18,0.0,0.0
G2,W0027F0001T0006Z000C1N75.png,19,0.0,0.0
G2,W0027F0001T0006Z000C1N75.png,20,0.0,0.0
G2,W0027F0001T0006Z000C1N75.png,21,0.0,0.0
G2,W0027F0001T0006Z000C1N75.png,22,0.0,0.0
G2,W0027F0001T0006Z000C1N75.png,23,0.0,0.0
G2,W0027F0001T0006Z000C1N75.png,24,0.0,0.0
G2,W0027F0001T0006Z000C1N75.png,25,0.0,0.0
G2,W0027F0001T0006Z000C1N75.png,26,0.0,0.0
G2,W0027F0001T0006Z000C1N75.png,27,0.0,0.0
G2,W0027F0001T0006Z000C1N75.png,28,0.0,0.0
G2,W0027F0001T0006Z000C1N75.png,29,0.0,0.0
G2,W0027F0001T0006Z000C1N75.png,30,0.0,0.0
G2,W0027F0001T0006Z000C1N75.png,31,0.0,0.0
G2,W0027F0001T0006Z000C1N75.png,32,0.0,0.0
G2,W0027F0001T0006Z000C1N75.png,33,0.0,0.0
G2,W0027F0001T0006Z000C1N75.png,34,0.08125,0.08125
G2,W0027F0001T0006Z000C1N75.png,35,0.0,0.0
G2,W0027F0001T0006Z000C1N75.png,36,0.0,0.0
G2,W0027F0001T0006Z000C1N75.png,37,0.0,0.0
G2,W0027F0001T0006Z000C1N75.png,38,0.0,0.0
G2,W0027F0001T0006Z000C1N75.png,39,0.0,0.0
G2,W0027F0001T0006Z000C1N75.png,40,0.0,0.0
G2,W0027F0001T0006Z000C1N75.png,41,0.0,0.0
G2,W0027F0001T0006Z000C1N75.png,42,0.0,0.0
G2,W0027F0001T0006Z000C1N75.png,43,0.0,0.0
G2,W0027F0001T0006Z000C1N75.png,44,0.0,0.0
G2,W0027F0001T0006Z000C1N75.png,45,0.0,0.0
G2,W0027F0001T0006Z000C1N75.png,46,0.08125,0.08125
G2,W0027F0001T0006Z000C1N75.png,47,0.0,0.0
G2,W0027F0001T0006Z000C1N75.png,48,0.0,0.0
G2,W0027F0001T0006Z000C1N75.png,49,0.0,0.0
G2,W0027F0001T0006Z000C1N75.png,50,0.0,0.0
G2,W0027F0001T0006Z000C1N75.png,51,0.0,0.0
G2,W0027F0001T0006Z000C1N75.png,52,0.0,0.0
G2,W0027F0001T0006Z000C1N75.png,53,0.0,0.0
G2,W0027F0001T0006Z000C1N75.png,54,0.0,0.0
G2,W0027F0001T0006Z000C1N75.png,55,0.0,0.0
G2,W0027F0001T0006Z000C1N75.png,56,0.0,0.0
G2,W0027F0001T0006Z000C1N75.png,57,0.0,0.0
G2,W0027F0001T0006Z000C1N75.png,58,0.0,0.0
G2,W0027F0001T0006Z000C1N75.png,59,0.0,0.0
G2,W0027F0001T0006Z000C1N75.png,60,0.0,0.0
G2,W0027F0001T0006Z000C1N75.png,61,0.0,0.0
G2,W0027F0001T0006Z000C1N75.png,62,0.0,0.0
G2,W0027F0001T0006Z000C1N75.png,63,0.0,0.0
G2,W0027F0001T0006Z000C1N75.png,64,0.0,0.0
G2,W0027F0001T0006Z000C1N75.png,65,0.0,0.0
G2,W0027F0001T0006Z000C1N75.png,66,0.0,0.0
G2,W0027F0001T0006Z000C1N75.png,67,0.06450798705561507,0.06450798705561507
G2,W0027F0001T0006Z000C1N75.png,68,0.08375058302035873,0.08375058302035873
G2,W0027F0001T0006Z000C1N75.png,69,0.11490485194281398,0.11490485194281398
G2,W0027F0001T0006Z000C1N75.png,70,0.11490485194281398,0.11490485194281398
G2,W0027F0001T0006Z000C1N75.png,71,0.0,0.0
G2,W0027F0001T0006Z000C1N75.png,72,0.08125,0.08125
G2,W0027F0001T0006Z000C1N75.png,73,0.09084026158592896,0.09084026158592896
G2,W0027F0001T0006Z000C1N75.png,74,0.08125,0.08125
G2,W0027F0001T0006Z000C1N75.png,75,0.0,0.0
G2,W0027F0001T0006Z000C1N75.png,76,0.0,0.0
G2,W0027F0001T0006Z000C1N75.png,77,0.0,0.0
G2,W0027F0001T0006Z000C1N75.png,78,0.054166666666666474,0.054166666666666474
G2,W0027F0001T0006Z000C1N75.png,79,0.0,0.0
G2,W0027F0001T0006Z000C1N75.png,80,0.06958432142573326,0.06958432142573326
G2,W0027F0001T0006Z000C1N75.png,81,0.0,0.0
G2,W0027F0001T0006Z000C1N75.png,82,0.0,0.0
G2,W0027F0001T0006Z000C1N75.png,83,0.0,0.0
G2,W0027F0001T0006Z000C1N75.png,84,0.0,0.0
G2,W0027F0001T0006Z000C1N75.png,85,0.0,0.0
G2,W0027F0001T0006Z000C1N75.png,86,0.0,0.0
G2,W0027F0001T0006Z000C1N75.png,87,0.0,0.0
G2,W0027F0001T0006Z000C1N75.png,88,0.08125,0.08125
G2,W0027F0001T0006Z000C1N75.png,89,0.0,0.0
G2,W0027F0001T0006Z000C1N75.png,90,0.0541666666666659,0.0541666666666659
G2,W0027F0001T0006Z000C1N75.png,91,0.0,0.0
G2,W0027F0001T0006Z000C1N75.png,92,0.0,0.0
G2,W0027F0001T0006Z000C1N75.png,93,0.08125,0.08125
G2,W0027F0001T0006Z000C1N75.png,94,0.0,0.0
G2,W0027F0001T0006Z000C1N75.png,95,0.054166666666666474,0.054166666666666474
G2,W0027F0001T0006Z000C1N75.png,96,0.0728868986855663,0.0728868986855663
G2,W0027F0001T0006Z000C1N75.png,97,0.09084026158592896,0.09084026158592896
G2,W0027F0001T0006Z000C1N75.png,98,0.0,0.0
G2,W0027F0001T0006Z000C1N75.png,99,0.06423376497217022,0.06423376497217022
G2,W0027F0001T0006Z000C1N75.png,100,0.08125,0.08125
G2,W0027F0001T0006Z000C1N75.png,101,0.0,0.0
G2,W0027F0001T0006Z000C1N75.png,102,0.0,0.0
G2,W0027F0001T0006Z000C1N75.png,103,0.0,0.0
G2,W0027F0001T0006Z000C1N75.png,104,0.0,0.0
G2,W0027F0001T0006Z000C1N75.png,105,0.0,0.0
G2,W0027F0001T0006Z000C1N75.png,106,0.0,0.0
G2,W0027F0001T0006Z000C1N75.png,107,0.0,0.0
G2,W0027F0001T0006Z000C1N75.png,108,0.08125,0.08125
G2,W0027F0001T0006Z000C1N75.png,109,0.0,0.0
G2,W0027F0001T0006Z000C1N75.png,110,0.11490485194281398,0.11490485194281398
G2,W0027F0001T0006Z000C1N75.png,111,0.0,0.0
G2,W0027F0001T0006Z000C1N75.png,112,0.0,0.0
G2,W0027F0001T0006Z000C1N75.png,113,0.0,0.0
G2,W0027F0001T0006Z000C1N75.png,114,0.0,0.0
G2,W0027F0001T0006Z000C1N75.png,115,0.0766032346285432,0.0766032346285432
G2,W0027F0001T0006Z000C1N75.png,116,0.0,0.0
G2,W0027F0001T0006Z000C1N75.png,117,0.0,0.0
G2,W0027F0001T0006Z000C1N75.png,118,0.0,0.0
G2,W0027F0001T0006Z000C1N75.png,119,0.11490485194281398,0.11490485194281398
G2,W0027F0001T0006Z000C1N75.png,120,0.0,0.0
G2,W0027F0001T0006Z000C1N75.png,121,0.11490485194281398,0.11490485194281398
G2,W0027F0001T0006Z000C1N75.png,122,0.0,0.0
G2,W0027F0001T0006Z000C1N75.png,123,0.0,0.0
G2,W0027F0001T0006Z000C1N75.png,124,0.0,0.0
G2,W0027F0001T0006Z000C1N75.png,125,0.0,0.0
G2,W0027F0001T0006Z000C1N75.png,126,0.0,0.0
G2,W0027F0001T0006Z000C1N75.png,127,0.0,0.0
G2,W0027F0001T0006Z000C1N75.png,128,0.08523915205066572,0.08523915205066572
G2,W0027F0001T0006Z000C1N75.png,129,0.0,0.0
G2,W0027F0001T0006Z000C1N75.png,130,0.0,0.0
G2,W0027F0001T0006Z000C1N75.png,131,0.0,0.0
G2,W0027F0001T0006Z000C1N75.png,132,0.0,0.0
G2,W0027F0001T0006Z000C1N75.png,133,0.0,0.0
G2,W0027F0001T0006Z000C1N75.png,134,0.05416666666666705,0.05416666666666705
G2,W0027F0001T0006Z000C1N75.png,135,0.0,0.0
G2,W0027F0001T0006Z000C1N75.png,136,0.0,0.0
G2,W0027F0001T0006Z000C1N75.png,137,0.0,0.0
G2,W0027F0001T0006Z000C1N75.png,138,0.05745242597140699,0.05745242597140699
G2,W0027F0001T0006Z000C1N75.png,139,0.0,0.0
G2,W0027F0001T0006Z000C1N75.png,140,0.0,0.0
G2,W0027F0001T0006Z000C1N75.png,141,0.0,0.0
G2,W0027F0001T0006Z000C1N75.png,142,0.0,0.0
G2,W0027F0001T0006Z000C1N75.png,143,0.0,0.0
G2,W0027F0001T0006Z000C1N75.png,144,0.0,0.0
G2,W0027F0001T0006Z000C1N75.png,145,0.0,0.0
G2,W0027F0001T0006Z000C1N75.png,146,0.0,0.0
G2,W0027F0001T0006Z000C1N75.png,147,0.08125,0.08125
G2,W0027F0001T0006Z000C1N75.png,148,0.08125,0.08125
G2,W0027F0001T0006Z000C1N75.png,149,0.0,0.0
G2,W0027F0001T0006Z000C1N75.png,150,0.0,0.0
G2,W0027F0001T0006Z000C1N75.png,151,0.0,0.0
G2,W0027F0001T0006Z000C1N75.png,152,0.0,0.0
G2,W0027F0001T0006Z000C1N75.png,153,0.08125,0.08125
G2,W0027F0001T0006Z000C1N75.png,154,0.08125,0.08125
G2,W0027F0001T0006Z000C1N75.png,155,0.11490485194281398,0.11490485194281398
G2,W0027F0001T0006Z000C1N75.png,156,0.0,0.0
G2,W0027F0001T0006Z000C1N75.png,157,0.0,0.0
G2,W0027F0001T0006Z000C1N75.png,158,0.0,0.0
G2,W0027F0001T0006Z000C1N75.png,159,0.0,0.0
G2,W0027F0001T0006Z000C1N75.png,160,0.0,0.0
G2,W0027F0001T0006Z000C1N75.png,161,0.0,0.0
G2,W0027F0001T0006Z000C1N75.png,162,0.0,0.0
G2,W0027F0001T0006Z000C1N75.png,163,0.040625,0.040625
G2,W0027F0001T0006Z000C1N75.png,164,0.0,0.0
G2,W0027F0001T0006Z000C1N75.png,165,0.0,0.0
G2,W0027F0001T0006Z000C1N75.png,166,0.0,0.0
G2,W0027F0001T0006Z000C1N75.png,167,0.0,0.0
G2,W0027F0001T0006Z000C1N75.png,168,0.0,0.0
G2,W0027F0001T0006Z000C1N75.png,169,0.0,0.0
G2,W0027F0001T0006Z000C1N75.png,170,0.0,0.0
G2,W0027F0001T0006Z000C1N75.png,171,0.0,0.0
G2,W0027F0001T0006Z000C1N75.png,172,0.0,0.0
G2,W0027F0001T0006Z000C1N75.png,173,0.0,0.0
G2,W0027F0001T0006Z000C1N75.png,174,0.0,0.0
G2,W0027F0001T0006Z000C1N75.png,175,0.0,0.0
G2,W0027F0001T0006Z000C1N75.png,176,0.06499999999999977,0.06499999999999977
G2,W0027F0001T0006Z000C1N75.png,177,0.06851601597031465,0.06851601597031465
G2,W0027F0001T0006Z000C1N75.png,178,0.0,0.0
G2,W0027F0001T0006Z000C1N75.png,179,0.0,0.0
G2,W0027F0001T0006Z000C1N75.png,180,0.0,0.0
G2,W0027F0001T0006Z000C1N75.png,181,0.0,0.0
G2,W0027F0001T0006Z000C1N75.png,182,0.0,0.0
G2,W0027F0001T0006Z000C1N75.png,183,0.08125,0.08125
G2,W0027F0001T0006Z000C1N75.png,184,0.11490485194281398,0.11490485194281398
G2,W0027F0001T0006Z000C1N75.png,185,0.0,0.0
G2,W0027F0001T0006Z000C1N75.png,186,0.0,0.0
G2,W0027F0001T0006Z000C1N75.png,187,0.0,0.0
G2,W0027F0001T0006Z000C1N75.png,188,0.0,0.0
G2,W0027F0001T0006Z000C1N75.png,189,0.108145743005001,0.108145743005001
G2,W0027F0001T0006Z000C1N75.png,190,0.0,0.0
G2,W0027F0001T0006Z000C1N75.png,191,0.11490485194281398,0.11490485194281398
G2,W0027F0001T0006Z000C1N75.png,192,0.04037344959374632,0.04037344959374632
G2,W0027F0001T0006Z000C1N75.png,193,0.032500000000000466,0.032500000000000466
G2,W0027F0001T0006Z000C1N75.png,194,0.0,0.0
G2,W0027F0001T0006Z000C1N75.png,195,0.0,0.0
G2,W0027F0001T0006Z000C1N75.png,196,0.0,0.0
G2,W0027F0001T0006Z000C1N75.png,197,0.0,0.0
G2,W0027F0001T0006Z000C1N75.png,198,0.0,0.0
G2,W0027F0001T0006Z000C1N75.png,199,0.11490485194281398,0.11490485194281398
G2,W0027F0001T0006Z000C1N75.png,200,0.054166666666666474,0.054166666666666474
G2,W0027F0001T0006Z000C1N75.png,201,0.0,0.0
G2,W0027F0001T0006Z000C1N75.png,202,0.0,0.0
G2,W0027F0001T0006Z000C1N75.png,203,0.0,0.0
G2,W0027F0001T0006Z000C1N75.png,204,0.0,0.0
G2,W0027F0001T0006Z000C1N75.png,205,0.0,0.0
G2,W0027F0001T0006Z000C1N75.png,206,0.0,0.0
G2,W0027F0001T0006Z000C1N75.png,207,0.0,0.0
G2,W0027F0001T0006Z000C1N75.png,208,0.0,0.0
G2,W0027F0001T0006Z000C1N75.png,209,0.05190872090624597,0.05190872090624597
G2,W0027F0001T0006Z000C1N75.png,210,0.0,0.0
G2,W0027F0001T0006Z000C1N75.png,211,0.0,0.0
G2,W0027F0001T0006Z000C1N75.png,212,0.0,0.0
G2,W0027F0001T0006Z000C1N75.png,213,0.08125,0.08125
G2,W0027F0001T0006Z000C1N75.png,214,0.0,0.0
G2,W0027F0001T0006Z000C1N75.png,215,0.0541666666666659,0.0541666666666659
G2,W0027F0001T0006Z000C1N75.png,216,0.0,0.0
G2,W0027F0001T0006Z000C1N75.png,217,0.08125,0.08125
G2,W0027F0001T0006Z000C1N75.png,218,0.0,0.0
G2,W0027F0001T0006Z000C1N75.png,219,0.0,0.0
G2,W0027F0001T0006Z000C1N75.png,220,0.09084026158592896,0.09084026158592896
G2,W0027F0001T0006Z000C1N75.png,221,0.0,0.0
G2,W0027F0001T0006Z000C1N75.png,222,0.0,0.0
G2,W0027F0001T0006Z000C1N75.png,223,0.0,0.0
G2,W0027F0001T0006Z000C1N75.png,224,0.0,0.0
G2,W0027F0001T0006Z000C1N75.png,225,0.0,0.0
G2,W0027F0001T0006Z000C1N75.png,226,0.08125,0.08125
G2,W0027F0001T0006Z000C1N75.png,227,0.0,0.0
G2,W0027F0001T0006Z000C1N75.png,228,0.0,0.0
G2,W0027F0001T0006Z000C1N75.png,229,0.08125,0.08125
G2,W0027F0001T0006Z000C1N75.png,230,0.0,0.0
G2,W0027F0001T0006Z000C1N75.png,231,0.0,0.0
G2,W0027F0001T0006Z000C1N75.png,232,0.0,0.0
G2,W0027F0001T0006Z000C1N75.png,233,0.0,0.0
G2,W0027F0001T0006Z000C1N75.png,234,0.0,0.0
G2,W0027F0001T0006Z000C1N75.png,235,0.040625,0.040625
G2,W0027F0001T0006Z000C1N75.png,236,0.0,0.0
G2,W0027F0001T0006Z000C1N75.png,237,0.08125,0.08125
G2,W0027F0001T0006Z000C1N75.png,238,0.0,0.0
G2,W0027F0001T0006Z000C1N75.png,239,0.0541666666666659,0.0541666666666659
G2,W0027F0001T0006Z000C1N75.png,240,0.0,0.0
G2,W0027F0001T0006Z000C1N75.png,241,0.0,0.0
G2,W0027F0001T0006Z000C1N75.png,242,0.0,0.0
G2,W0027F0001T0006Z000C1N75.png,243,0.0,0.0
G2,W0027F0001T0006Z000C1N75.png,244,0.06964285714285748,0.06964285714285748
G2,W0027F0001T0006Z000C1N75.png,245,0.0,0.0
G2,W0027F0001T0006Z000C1N75.png,246,0.0,0.0
G2,W0027F0001T0006Z000C1N75.png,247,0.0,0.0
G2,W0027F0001T0006Z000C1N75.png,248,0.0,0.0
G2,W0027F0001T0006Z000C1N75.png,249,0.0,0.0
G2,W0027F0001T0006Z000C1N75.png,250,0.0,0.0
G2,W0027F0001T0006Z000C1N75.png,251,0.0,0.0
G2,W0027F0001T0006Z000C1N75.png,252,0.0,0.0
G2,W0027F0001T0006Z000C1N75.png,253,0.0,0.0
G2,W0027F0001T0006Z000C1N75.png,254,0.0,0.0
G2,W0027F0001T0006Z000C1N75.png,255,0.0,0.0
G2,W0027F0001T0006Z000C1N75.png,256,0.0,0.0
G2,W0027F0001T0006Z000C1N75.png,257,0.0,0.0
G2,W0027F0001T0006Z000C1N75.png,258,0.0,0.0
G2,W0027F0001T0006Z000C1N75.png,259,0.0,0.0
G2,W0027F0001T0006Z000C1N75.png,260,0.0,0.0
G2,W0027F0001T0006Z000C1N75.png,261,0.0,0.0
G2,W0027F0001T0006Z000C1N75.png,262,0.0,0.0
G2,W0027F0001T0006Z000C1N75.png,263,0.11490485194281398,0.11490485194281398
G2,W0027F0001T0006Z000C1N75.png,264,0.11490485194281398,0.11490485194281398
G2,W0027F0001T0006Z000C1N75.png,265,0.0,0.0
G2,W0027F0001T0006Z000C1N75.png,266,0.06047623786463837,0.06047623786463837
G2,W0027F0001T0006Z000C1N75.png,267,0.0,0.0
G2,W0027F0001T0006Z000C1N75.png,268,0.0,0.0
G2,W0027F0001T0006Z000C1N75.png,269,0.0,0.0
G2,W0027F0001T0006Z000C1N75.png,270,0.0,0.0
G2,W0027F0001T0006Z000C1N75.png,271,0.0,0.0
G2,W0027F0001T0006Z000C1N75.png,272,0.0,0.0
G2,W0027F0001T0006Z000C1N75.png,273,0.0,0.0
G2,W0027F0001T0006Z000C1N75.png,274,0.0,0.0
G2,W0027F0001T0006Z000C1N75.png,275,0.08125,0.08125
G2,W0027F0001T0006Z000C1N75.png,276,0.0,0.0
G2,W0027F0001T0006Z000C1N75.png,277,0.11490485194281398,0.11490485194281398
G2,W0027F0001T0006Z000C1N75.png,278,0.0,0.0
G2,W0027F0001T0006Z000C1N75.png,279,0.0,0.0
G2,W0027F0001T0006Z000C1N75.png,280,0.0,0.0
G2,W0027F0001T0006Z000C1N75.png,281,0.0,0.0
G2,W0027F0001T0006Z000C1N75.png,282,0.0,0.0
G2,W0027F0001T0006Z000C1N75.png,283,0.0,0.0
G2,W0027F0001T0006Z000C1N75.png,284,0.0,0.0
G2,W0027F0001T0006Z000C1N75.png,285,0.0,0.0
G2,W0027F0001T0006Z000C1N75.png,286,0.0,0.0
G2,W0027F0001T0006Z000C1N75.png,287,0.0,0.0
G2,W0027F0001T0006Z000C1N75.png,288,0.0,0.0
G2,W0027F0001T0006Z000C1N75.png,289,0.0,0.0
G2,W0027F0001T0006Z000C1N75.png,290,0.0,0.0
G2,W0027F0001T0006Z000C1N75.png,291,0.0,0.0
G2,W0027F0001T0006Z000C1N75.png,292,0.0,0.0
G2,W0027F0001T0006Z000C1N75.png,293,0.0,0.0
G2,W0027F0001T0006Z000C1N75.png,294,0.0,0.0
G2,W0027F0001T0006Z000C1N75.png,295,0.0,0.0
G2,W0027F0001T0006Z000C1N75.png,296,0.0,0.0
G2,W0027F0001T0006Z000C1N75.png,297,0.0,0.0
G2,W0027F0001T0006Z000C1N75.png,298,0.0,0.0
G2,W0027F0001T0006Z000C1N75.png,299,0.0,0.0
G2,W0027F0001T0006Z000C1N75.png,300,0.0,0.0
G2,W0027F0001T0006Z000C1N75.png,301,0.0,0.0
G2,W0027F0001T0006Z000C1N75.png,302,0.0,0.0
G2,W0027F0001T0006Z000C1N75.png,303,0.0,0.0
G2,W0027F0001T0006Z000C1N75.png,304,0.0,0.0
G2,W0027F0001T0006Z000C1N75.png,305,0.0,0.0
G2,W0027F0001T0006Z000C1N75.png,306,0.0,0.0
G2,W0027F0001T0006Z000C1N75.png,307,0.0,0.0
G2,W0027F0001T0006Z000C1N75.png,308,0.0,0.0
G2,W0027F0001T0006Z000C1N75.png,309,0.0,0.0
G2,W0027F0001T0006Z000C1N75.png,310,0.0,0.0
G2,W0027F0001T0006Z000C1N75.png,311,0.0,0.0
G2,W0027F0001T0006Z000C1N75.png,312,0.0,0.0
G2,W0027F0001T0006Z000C1N75.png,313,0.0,0.0
G2,W0027F0001T0006Z000C1N75.png,314,0.0,0.0
G2,W0027F0001T0006Z000C1N75.png,315,0.07660323462854197,0.07660323462854197
G2,W0027F0001T0006Z000C1N75.png,316,0.0,0.0
G2,W0027F0001T0006Z000C1N75.png,317,0.0,0.0
G2,W0027F0001T0006Z000C1N75.png,318,0.08125,0.08125
G2,W0027F0001T0006Z000C1N75.png,319,0.0,0.0
G2,W0027F0001T0006Z000C1N75.png,320,0.0,0.0
G2,W0027F0001T0006Z000C1N75.png,321,0.0,0.0
G2,W0027F0001T0006Z000C1N75.png,322,0.0,0.0
G2,W0027F0001T0006Z000C1N75.png,323,0.0,0.0
G2,W0027F0001T0006Z000C1N75.png,324,0.0,0.0
G2,W0027F0001T0006Z000C1N75.png,325,0.0,0.0
G2,W0027F0001T0006Z000C1N75.png,326,0.11490485194281398,0.11490485194281398
G2,W0027F0001T0006Z000C1N75.png,327,0.0,0.0
G2,W0027F0001T0006Z000C1N75.png,328,0.0,0.0
G2,W0027F0001T0006Z000C1N75.png,329,0.0,0.0
G2,W0027F0001T0006Z000C1N75.png,330,0.0,0.0
G2,W0027F0001T0006Z000C1N75.png,331,0.0,0.0
G2,W0027F0001T0006Z000C1N75.png,332,0.0,0.0
G2,W0027F0001T0006Z000C1N75.png,333,0.0,0.0
G2,W0027F0001T0006Z000C1N75.png,334,0.08125,0.08125
G2,W0027F0001T0006Z000C1N75.png,335,0.0,0.0
G2,W0027F0001T0006Z000C1N75.png,336,0.0,0.0
G2,W0027F0001T0006Z000C1N75.png,337,0.0,0.0
G2,W0027F0001T0006Z000C1N75.png,338,0.0,0.0
G2,W0027F0001T0006Z000C1N75.png,339,0.0,0.0
G2,W0027F0001T0006Z000C1N75.png,340,0.0,0.0
G2,W0027F0001T0006Z000C1N75.png,341,0.0,0.0
G2,W0027F0001T0006Z000C1N75.png,342,0.0,0.0
G2,W0027F0001T0006Z000C1N75.png,343,0.0,0.0
G2,W0027F0001T0006Z000C1N75.png,344,0.0,0.0
G2,W0027F0001T0006Z000C1N75.png,345,0.0,0.0
G2,W0027F0001T0006Z000C1N75.png,346,0.0,0.0
G2,W0027F0001T0006Z000C1N75.png,347,0.0,0.0
G2,W0027F0001T0006Z000C1N75.png,348,0.0,0.0
G2,W0027F0001T0006Z000C1N75.png,349,0.0,0.0
G2,W0027F0001T0006Z000C1N75.png,350,0.0,0.0
G2,W0027F0001T0006Z000C1N75.png,351,0.0,0.0
G2,W0027F0001T0006Z000C1N75.png,352,0.0,0.0
G2,W0027F0001T0006Z000C1N75.png,353,0.0,0.0
G2,W0027F0001T0006Z000C1N75.png,354,0.0,0.0
G2,W0027F0001T0006Z000C1N75.png,355,0.0,0.0
G2,W0027F0001T0006Z000C1N75.png,356,0.0,0.0
G2,W0027F0001T0006Z000C1N75.png,357,0.0,0.0
G2,W0027F0001T0006Z000C1N75.png,358,0.0,0.0
G2,W0027F0001T0006Z000C1N75.png,359,0.0,0.0
G2,W0027F0001T0006Z000C1N75.png,360,0.0,0.0
G2,W0027F0001T0006Z000C1N75.png,361,0.0,0.0
G2,W0027F0001T0006Z000C1N75.png,362,0.0,0.0
G2,W0027F0001T0006Z000C1N75.png,363,0.0,0.0
G2,W0027F0001T0006Z000C1N75.png,364,0.0,0.0
G2,W0027F0001T0006Z000C1N75.png,365,0.0,0.0
G2,W0027F0001T0006Z000C1N75.png,366,0.0,0.0
G2,W0027F0001T0006Z000C1N75.png,367,0.0,0.0
G2,W0027F0001T0006Z000C1N75.png,368,0.0,0.0
G2,W0027F0001T0006Z000C1N75.png,369,0.0,0.0
G2,W0027F0001T0006Z000C1N75.png,370,0.0,0.0
G2,W0027F0001T0006Z000C1N75.png,371,0.0,0.0
G2,W0027F0001T0006Z000C1N75.png,372,0.0,0.0
G2,W0027F0001T0006Z000C1N75.png,373,0.0,0.0
G2,W0027F0001T0006Z000C1N75.png,374,0.0,0.0
G2,W0027F0001T0006Z000C1N75.png,375,0.0,0.0
G2,W0027F0001T0006Z000C1N75.png,376,0.0,0.0
G2,W0027F0001T0006Z000C1N75.png,377,0.0,0.0
G2,W0027F0001T0006Z000C1N75.png,378,0.0,0.0
G2,W0027F0001T0006Z000C1N75.png,379,0.0,0.0
G2,W0027F0001T0006Z000C1N75.png,380,0.0,0.0
G2,W0027F0001T0006Z000C1N75.png,381,0.0,0.0
G2,W0027F0001T0006Z000C1N75.png,382,0.0,0.0
G2,W0027F0001T0006Z000C1N75.png,383,0.0,0.0
G2,W0027F0001T0006Z000C1N75.png,384,0.0,0.0
G2,W0027F0001T0006Z000C1N75.png,385,0.11490485194281398,0.11490485194281398
G2,W0027F0001T0006Z000C1N75.png,386,0.0,0.0
G2,W0027F0001T0006Z000C1N75.png,387,0.08125,0.08125
G2,W0027F0001T0006Z000C1N75.png,388,0.0,0.0
G2,W0027F0001T0006Z000C1N75.png,389,0.0,0.0
G2,W0027F0001T0006Z000C1N75.png,390,0.0,0.0
G2,W0027F0001T0006Z000C1N75.png,391,0.0,0.0
G2,W0027F0001T0006Z000C1N75.png,392,0.0,0.0
G2,W0027F0001T0006Z000C1N75.png,393,0.0,0.0
G2,W0027F0001T0006Z000C1N75.png,394,0.0,0.0
G2,W0027F0001T0006Z000C1N75.png,395,0.0,0.0
G2,W0027F0001T0006Z000C1N75.png,396,0.0,0.0
G2,W0027F0001T0006Z000C1N75.png,397,0.0,0.0
G2,W0027F0001T0006Z000C1N75.png,398,0.0,0.0
G2,W0027F0001T0006Z000C1N75.png,399,0.11490485194281398,0.11490485194281398
G2,W0027F0001T0006Z000C1N75.png,400,0.0,0.0
G2,W0027F0001T0006Z000C1N75.png,401,0.0,0.0
G2,W0027F0001T0006Z000C1N75.png,402,0.08125,0.08125
G2,W0027F0001T0006Z000C1N75.png,403,0.0,0.0
G2,W0027F0001T0006Z000C1N75.png,404,0.0,0.0
G2,W0027F0001T0006Z000C1N75.png,405,0.0,0.0
G2,W0027F0001T0006Z000C1N75.png,406,0.0,0.0
G2,W0027F0002T0006Z000C1N38.png,1,0.8165523942160723,0.9084026158592896
G2,W0027F0002T0006Z000C1N38.png,2,0.11490485194281398,0.11490485194281398
G2,W0027F0002T0006Z000C1N38.png,3,0.06944190807802127,0.06944190807802127
G2,W0027F0002T0006Z000C1N38.png,4,0.046428571428571264,0.046428571428571264
G2,W0027F0002T0006Z000C1N38.png,5,0.032500000000000466,0.032500000000000466
G2,W0027F0002T0006Z000C1N38.png,6,0.07267220926874317,0.07267220926874317
G2,W0027F0002T0006Z000C1N38.png,7,0.09208333333333327,0.09208333333333327
G2,W0027F0002T0006Z000C1N38.png,8,0.015798306362769354,0.015798306362769354
G2,W0027F0002T0006Z000C1N38.png,9,0.09013878188659942,0.09013878188659942
G2,W0027F0002T0006Z000C1N38.png,10,0.06936717923885517,0.06936717923885517
G2,W0027F0002T0006Z000C1N38.png,11,0.07660323462854238,0.07660323462854238
G2,W0027F0002T0006Z000C1N38.png,12,0.04142953354794128,0.04142953354794128
G2,W0027F0002T0006Z000C1N38.png,13,0.06770833333333272,0.06770833333333272
G2,W0027F0002T0006Z000C1N38.png,14,0.040625,0.040625
G2,W0027F0002T0006Z000C1N38.png,15,0.10702176125615245,0.10702176125615245
G2,W0027F0002T0006Z000C1N38.png,16,0.040625,0.040625
G2,W0027F0002T0006Z000C1N38.png,17,0.04605733058733374,0.04605733058733374
G2,W0027F0002T0006Z000C1N38.png,18,0.06250000000000012,0.06250000000000012
G2,W0027F0002T0006Z000C1N38.png,19,0.0,0.0
G2,W0027F0002T0006Z000C1N38.png,20,0.08125,0.08125
G2,W0027F0002T0006Z000C1N38.png,21,0.09192388155425167,0.09192388155425167
G2,W0027F0002T0006Z000C1N38.png,22,0.6989389279472135,0.6989389279472135
G2,W0027F0002T0006Z000C1N38.png,23,0.7490879871550471,0.7665109669795991
G2,W0027F0002T0006Z000C1N38.png,24,0.07647058823529385,0.07647058823529385
G2,W0027F0002T0006Z000C1N38.png,25,0.07267220926874317,0.07267220926874317
G2,W0027F0002T0006Z000C1N38.png,26,0.060937500000000006,0.060937500000000006
G2,W0027F0002T0006Z000C1N38.png,27,0.05737279679111259,0.05737279679111259
G2,W0027F0002T0006Z000C1N38.png,28,0.06944190807802215,0.06944190807802215
G2,W0027F0002T0006Z000C1N38.png,29,1.0335013304297198,1.0335013304297198
G2,W0027F0002T0006Z000C1N38.png,30,1.2877129802047327,1.3727869481831623
G2,W0027F0002T0006Z000C1N38.png,31,0.08838834764831895,0.08838834764831895
G2,W0027F0003T0006Z000C1N16.png,1,0.0,0.0
G2,W0027F0003T0006Z000C1N16.png,2,0.06056017439062068,0.06056017439062068
G2,W0027F0003T0006Z000C1N16.png,3,0.09357977743560751,0.09357977743560751
G2,W0027F0003T0006Z000C1N16.png,4,0.0,0.0
G2,W0027F0003T0006Z000C1N16.png,5,2.8739030089146653,2.8739030089146653
G2,W0027F0003T0006Z000C1N16.png,6,0.07882407813680793,0.07882407813680793
G2,W0027F0003T0006Z000C1N16.png,7,0.1135503269824112,0.1135503269824112
G2,W0027F0003T0006Z000C1N16.png,8,0.6640941577421257,1.412299103830544
G2,W0027F0003T0006Z000C1N16.png,9,0.8125,2.8379404944431093
G2,W0027F0003T0006Z000C1N16.png,10,2.358691560611343,2.358691560611343
G2,W0027F0003T0006Z000C1N16.png,11,0.7997612490959751,0.8883993877880718
G2,W0027F0003T0006Z000C1N16.png,12,0.520253844291419,1.3025365877778636
G2,W0027F0003T0006Z000C1N16.png,13,0.0,0.0
G2,W0027F0003T0006Z000C1N16.png,14,2.0831208224947284,2.199944759407483
G2,W0027F0003T0006Z000C1N16.png,15,0.10405076885828365,0.10405076885828365
G2,W0027F0003T0006Z000C1N16.png,16,0.08125,0.08125
G2,W0027F0003T0006Z000C1N16.png,17,1.4136473816879105,1.4136473816879105
G2,W0027F0003T0006Z000C1N16.png,18,0.2569350598886809,1.7539464430249858
G2,W0027F0003T0006Z000C1N16.png,19,0.09459160805298543,0.10652765132052741
G2,W0027F0003T0006Z000C1N16.png,20,0.03421052631579045,0.03421052631579045
G2,W0027F0003T0006Z000C1N16.png,21,1.6331047884321446,1.6331047884321446
G2,W0027F0003T0006Z000C1N16.png,22,0.7716786135776078,2.067244851368651
G2,W0027F0003T0006Z000C1N16.png,23,2.02998571765638,3.3907208447795023
G2,W0027F0003T0006Z000C1N16.png,24,0.8530276959161408,1.5955014885608854
G2,W0027F0003T0006Z000C1N16.png,25,3.5081403265887268,4.784160141228596
G2,W0027F0003T0006Z000C1N16.png,26,0.6947943996697873,2.183381166977608
G2,W0027F0003T0006Z000C1N16.png,27,0.0902777777777778,0.0902777777777778
G2,W0027F0003T0006Z000C1N16.png,28,3.4567077002546807,4.118982353081887
G2,W0027F0003T0006Z000C1N16.png,29,0.040625,0.040625
G2,W0027F0003T0006Z000C1N16.png,30,3.8848419620767713,4.4339912404415625
G2,W0027F0003T0006Z000C1N16.png,31,3.5833000240699913,4.098899433079568
G2,W0027F0003T0006Z000C1N16.png,32,0.0,0.36336104634371585
G2,W0027F0003T0006Z000C1N16.png,33,0.09357977743560865,0.09357977743560865
G2,W0027F0003T0006Z000C1N16.png,34,0.07660323462854238,0.847842441468671
G2,W0027F0003T0006Z000C1N16.png,35,0.08750892811593587,0.08750892811593587
G2,W0027F0003T0006Z000C1N16.png,36,0.041783582524660814,0.041783582524660814
G2,W0027F0003T0006Z000C1N16.png,37,0.07660323462854238,0.12112034878123948
G2,W0027F0003T0006Z000C1N16.png,38,0.051422244763485524,0.051422244763485524
G2,W0027F0003T0006Z000C1N16.png,39,0.0,1.3
G2,W0027F0003T0006Z000C1N16.png,40,0.04506939094329987,0.04506939094329987
G2,W0027F0003T0006Z000C1N16.png,41,0.08838834764831895,0.08838834764831895
G2,W0027F0003T0006Z000C1N16.png,42,1.519030082841721,1.6809744343172284
G2,W0027F0003T0006Z000C1N16.png,43,0.06056017439061845,0.06056017439061845
G2,W0027F0003T0006Z000C1N16.png,44,0.07323776028286229,0.07323776028286229
G2,W0027F0003T0006Z000C1N16.png,45,0.978379559526874,1.5607615328742568
G2,W0027F0003T0006Z000C1N16.png,46,0.03830161731427242,0.138098445159804
G2,W0027F0003T0006Z000C1N16.png,47,0.032500000000000466,0.032500000000000466
G2,W0027F0003T0006Z000C1N16.png,48,0.7066881937070981,1.2929987251057125
G2,W0027F0003T0006Z000C1N16.png,49,0.07341001711105213,0.07341001711105213
G2,W0027F0003T0006Z000C1N16.png,50,0.11490485194281398,0.11490485194281398
G2,W0027F0003T0006Z000C1N16.png,51,0.16900255100115516,3.7073875676182824
G2,W0027F0003T0006Z000C1N16.png,52,2.0444104915139967,2.698582708165992
G2,W0027F0003T0006Z000C1N16.png,53,0.9889237275386246,1.5645823901461864
G2,W0027F0003T0006Z000C1N16.png,54,0.8933395522171588,2.9169642705311896
G2,W0027F0002T0006Z000C1N29.png,1,1.4903217866547405,1.579216138187269
G2,W0027F0002T0006Z000C1N29.png,2,1.0940925119682057,1.2562017708276854
G2,W0027F0002T0006Z000C1N29.png,3,0.84256363641268,1.266066682699344
G2,W0027F0002T0006Z000C1N29.png,4,0.07169117647058769,0.07169117647058769
G2,W0027F0002T0006Z000C1N29.png,5,0.0,0.0
G2,W0027F0002T0006Z000C1N29.png,6,0.11490485194281398,0.11490485194281398
G2,W0027F0002T0006Z000C1N29.png,7,1.3504375737608163,1.554934810731627
G2,W0027F0002T0006Z000C1N29.png,8,0.0,0.0
G2,W0027F0002T0006Z000C1N29.png,9,0.2569350598886809,0.2569350598886809
G2,W0027F0002T0006Z000C1N29.png,10,0.046428571428571264,0.046428571428571264
G2,W0027F0002T0006Z000C1N29.png,11,0.520253844291419,1.0180595819990106
G2,W0027F0002T0006Z000C1N29.png,12,0.09459160805298507,0.09459160805298507
G2,W0027F0002T0006Z000C1N29.png,13,0.032500000000000466,0.032500000000000466
G2,W0027F0002T0006Z000C1N29.png,14,0.08125,0.08125
G2,W0027F0002T0006Z000C1N29.png,15,0.06770833333333272,0.06770833333333272
G2,W0027F0002T0006Z000C1N29.png,16,0.046428571428571264,0.046428571428571264
G2,W0027F0002T0006Z000C1N29.png,17,0.06383602885711742,0.06383602885711742
G2,W0027F0002T0006Z000C1N29.png,18,0.0,0.0
G2,W0027F0002T0006Z000C1N29.png,19,0.20029407360407817,0.20029407360407817
G2,W0027F0002T0006Z000C1N29.png,20,1.0365665981981096,1.0863219193682878
G2,W0027F0002T0006Z000C1N29.png,21,0.47874805795519065,0.47874805795519065
G2,W0027F0002T0006Z000C1N29.png,22,0.0,0.0
G2,W0027F0002T0006Z000C1N29.png,23,0.0,0.0
G2,W0027F0002T0006Z000C1N29.png,24,1.5002083188677502,1.6626879592996402
G2,W0027F0002T0006Z000C1N29.png,25,0.07786308135936754,0.07786308135936754
G2,W0027F0002T0006Z000C1N29.png,26,0.8125,1.14904851942814
G2,W0027F0002T0006Z000C1N29.png,27,0.07660323462854156,0.07660323462854156
G2,W0027F0002T0006Z000C1N29.png,28,0.04999999999999982,0.04999999999999982
G2,W0027F0002T0006Z000C1N29.png,29,0.0346835896194292,0.0346835896194292
G2,W0027F0002T0006Z000C1N29.png,30,0.3429512984554007,0.3429512984554007
G2,W0027F0002T0006Z000C1N29.png,31,0.9320934638267994,0.9320934638267994
G2,W0027F0002T0006Z000C1N28.png,1,0.01767766952966365,0.01767766952966365
G2,W0027F0002T0006Z000C1N28.png,2,0.8215897794063654,0.8215897794063654
G2,W0027F0002T0006Z000C1N28.png,3,0.038301617314271445,0.038301617314271445
G2,W0027F0002T0006Z000C1N28.png,4,1.133786099817285,1.133786099817285
G2,W0027F0002T0006Z000C1N28.png,5,0.10524947417473865,0.10524947417473865
G2,W0027F0002T0006Z000C1N28.png,6,0.06589659407823086,0.06589659407823086
G2,W0027F0002T0006Z000C1N28.png,7,0.8131497402077923,0.931225670823136
G2,W0027F0002T0006Z000C1N28.png,8,1.3884006086140988,1.600439392791867
G2,W0027F0002T0006Z000C1N28.png,9,0.11166744402714494,0.11166744402714494
G2,W0027F0002T0006Z000C1N28.png,10,0.6099705423215125,0.6099705423215125
G2,W0027F0002T0006Z000C1N28.png,11,0.06601562500000001,0.06601562500000001
G2,W0027F0002T0006Z000C1N28.png,12,0.06770833333333272,0.06770833333333272
G2,W0027F0002T0006Z000C1N28.png,13,0.032500000000000466,0.032500000000000466
G2,W0027F0002T0006Z000C1N28.png,14,0.11490485194281398,0.11490485194281398
G2,W0027F0002T0006Z000C1N28.png,15,1.3157734476820089,1.4031806781826066
G2,W0027F0002T0006Z000C1N28.png,16,0.015065284926524473,0.015065284926524473
G2,W0027F0002T0006Z000C1N28.png,17,0.08125,0.08125
G2,W0027F0002T0006Z000C1N28.png,18,0.0,0.0
G2,W0027F0002T0006Z000C1N28.png,19,0.6700046641628699,1.0900831390311476
G2,W0027F0002T0006Z000C1N28.png,20,0.09091572076680883,0.09091572076680883
G2,W0027F0002T0006Z000C1N28.png,21,0.09459160805298471,0.09459160805298471
G2,W0027F0002T0006Z000C1N28.png,22,0.06770833333333272,0.06770833333333272
G2,W0027F0002T0006Z000C1N28.png,23,0.04642857142857242,0.04642857142857242
G2,W0027F0002T0006Z000C1N28.png,24,1.1526687030057208,2.0587894231535415
G2,W0027F0002T0006Z000C1N28.png,25,0.0,0.0
G2,W0027F0002T0006Z000C1N28.png,26,0.2996841508618321,0.2996841508618321
G2,W0027F0002T0006Z000C1N28.png,27,0.9375841628888583,0.9375841628888583
G2,W0027F0002T0006Z000C1N28.png,28,0.08125,0.08125
G2,W0027F0002T0006Z000C1N28.png,29,1.5209343806706863,1.5209343806706863
G2,W0027F0002T0006Z000C1N28.png,30,0.07886785713387287,0.07886785713387287
G2,W0027F0002T0006Z000C1N28.png,31,0.06904922257990063,0.06904922257990063
G2,W0027F0002T0006Z000C1N28.png,32,0.020203520078029162,0.020203520078029162
G2,W0027F0002T0006Z000C1N28.png,33,0.65,0.65
G2,W0027F0002T0006Z000C1N28.png,34,0.9147754164274416,0.9147754164274416
G2,W0027F0003T0006Z000C1N12.png,1,1.14904851942814,1.14904851942814
G2,W0027F0003T0006Z000C1N12.png,2,0.06589659407823048,0.06589659407823048
G2,W0027F0003T0006Z000C1N12.png,3,1.0353155020453961,1.3804206693938612
G2,W0027F0003T0006Z000C1N12.png,4,0.088397366407349,0.088397366407349
G2,W0027F0003T0006Z000C1N12.png,5,0.18168052317185793,0.5915089285040421
G2,W0027F0003T0006Z000C1N12.png,6,0.046428571428571264,0.046428571428571264
G2,W0027F0003T0006Z000C1N12.png,7,0.11490485194281398,0.11490485194281398
G2,W0027F0003T0006Z000C1N12.png,8,0.11490485194281398,0.11490485194281398
G2,W0027F0003T0006Z000C1N12.png,9,0.054091591555511104,0.054091591555511104
G2,W0027F0003T0006Z000C1N12.png,10,1.3836376422315202,1.3836376422315202
G2,W0027F0003T0006Z000C1N12.png,11,0.09459160805298543,0.09459160805298543
G2,W0027F0003T0006Z000C1N12.png,12,0.028726212985703495,0.028726212985703495
G2,W0027F0003T0006Z000C1N12.png,13,0.020186724796873678,0.020186724796873678
G2,W0027F0003T0006Z000C1N12.png,14,0.06894291116568772,0.06894291116568772
G2,W0027F0003T0006Z000C1N12.png,15,0.771875,0.912933330328672
G2,W0027F0003T0006Z000C1N12.png,16,0.747578498293732,0.7546099065816139
G2,W0027F0003T0006Z000C1N12.png,17,0.08125,0.08125
G2,W0027F0003T0006Z000C1N12.png,18,1.2363771561389447,1.380984451598047
G2,W0027F0003T0006Z000C1N12.png,19,1.10856044039105,1.141065839467645
G2,W0027F0003T0006Z000C1N12.png,20,0.08145700670492713,0.08145700670492713
G2,W0027F0003T0006Z000C1N12.png,21,0.33500233208143493,0.33500233208143493
G2,W0027F0003T0006Z000C1N12.png,22,0.07386363636363616,0.07386363636363616
G2,W0027F0003T0006Z000C1N12.png,23,0.05813776741499329,0.05813776741499329
G2,W0027F0003T0006Z000C1N12.png,24,1.0277402395547235,1.0277402395547235
G2,W0027F0003T0006Z000C1N12.png,25,0.8482749038489823,0.8482749038489823
G2,W0027F0003T0006Z000C1N12.png,26,0.05803571428571495,0.05803571428571495
G2,W0027F0003T0006Z000C1N12.png,27,0.024224069756248412,0.024224069756248412
G2,W0027F0003T0006Z000C1N12.png,28,0.06250637722566872,0.06250637722566872
G2,W0027F0003T0006Z000C1N12.png,29,1.0976270569961366,1.0976270569961366
G2,W0027F0003T0006Z000C1N12.png,30,0.0,0.0
G2,W0027F0003T0006Z000C1N12.png,31,0.57452425971407,0.57452425971407
G2,W0027F0003T0006Z000C1N12.png,32,0.05147584006819825,0.05147584006819825
G2,W0027F0003T0006Z000C1N12.png,33,0.08125,0.08125
G2,W0027F0003T0006Z000C1N12.png,34,0.060909514923898886,0.060909514923898886
G2,W0027F0003T0006Z000C1N12.png,35,1.1274606577270117,1.1274606577270117
G2,W0027F0003T0006Z000C1N12.png,36,1.6750116604071748,1.6750116604071748
G2,W0027F0003T0006Z000C1N12.png,37,0.22980970388562796,0.6700046641628699
G2,W0027F0003T0006Z000C1N12.png,38,1.8375020996040752,1.8375020996040752
G2,W0027F0003T0006Z000C1N12.png,39,0.06770833333333319,0.06770833333333319
G2,W0027F0003T0006Z000C1N12.png,40,0.04506939094329987,0.04506939094329987
G2,W0027F0003T0006Z000C1N12.png,41,0.040625,0.2601269221457095
G2,W0027F0003T0006Z000C1N12.png,42,0.07267220926874317,0.07267220926874317
G2,W0027F0003T0006Z000C1N12.png,43,0.0667981880176235,0.0667981880176235
G2,W0027F0003T0006Z000C1N12.png,44,0.08074689918749264,0.08074689918749264
G2,W0027F0003T0006Z000C1N12.png,45,0.4737648414561807,0.4737648414561807
G2,W0027F0003T0006Z000C1N12.png,46,0.0,0.0
G2,W0027F0003T0006Z000C1N12.png,47,0.04642857142857242,0.04642857142857242
G2,W0027F0003T0006Z000C1N12.png,48,0.08125,0.08125
G2,W0027F0003T0006Z000C1N3.png,1,6.4743330040415925,10.149928588281902
G2,W0027F0003T0006Z000C1N3.png,2,7.2682301930310995,12.664463212952304
G2,W0027F0003T0006Z000C1N3.png,3,6.504061231261588,9.239664834289176
G2,W0027F0003T0006Z000C1N3.png,4,6.914714835045622,7.132057907785102
G2,W0027F0003T0006Z000C1N3.png,5,6.356222345072582,12.169069397451887
G2,W0027F0003T0006Z000C1N3.png,6,5.685642553836813,7.448103785528233
G2,W0027F0003T0006Z000C1N3.png,7,5.770466293983529,7.135211980032548
G2,W0027F0003T0006Z000C1N3.png,8,5.043321009568552,7.487157986994948
G2,W0027F0003T0006Z000C1N3.png,9,5.492644228875561,5.492644228875561
G2,W0027F0003T0006Z000C1N3.png,10,5.591511423577708,5.591511423577708
G2,W0027F0003T0006Z000C1N3.png,11,4.051516402070958,6.894530497521205
G2,W0027F0003T0006Z000C1N3.png,12,5.551782399251793,15.533665711850853
G2,W0027F0003T0006Z000C1N3.png,13,5.84253478154911,16.392398650195904
G2,W0027F0003T0006Z000C1N3.png,14,5.273118740366085,16.321343388336636
G2,W0027F0003T0006Z000C1N3.png,15,1.3932869707158106,6.126836950926851
G2,W0027F0003T0006Z000C1N3.png,16,5.025034981221524,17.667905444972813
G2,W0027F0003T0006Z000C1N3.png,17,0.11051194788347522,0.11051194788347522
G2,W0027F0003T0006Z000C1N3.png,18,2.7636945946504294,15.522152768301826
G2,W0027F0003T0006Z000C1N3.png,19,2.9866666957310266,8.117096850766426
G2,W0027F0003T0006Z000C1N3.png,20,3.1394478515337694,16.146687208604124
G2,W0027F0003T0006Z000C1N3.png,21,2.155431114839054,2.155431114839054
G2,W0027F0003T0006Z000C1N3.png,22,4.0339622658745835,8.672462254890476
G2,W0027F0003T0006Z000C1N3.png,23,4.329717892802024,9.866339754754545
G2,W0027F0003T0006Z000C1N3.png,24,3.793600697226845,3.793600697226845
G2,W0027F0003T0006Z000C1N3.png,25,4.514865257216027,10.518402847837107
G2,W0027F0003T0006Z000C1N3.png,26,6.449864760097976,6.449864760097976
G2,W0027F0003T0006Z000C1N3.png,27,3.9337084919958167,14.337805140606424
G2,W0027F0003T0006Z000C1N3.png,28,8.865190441411848,8.865190441411848
G2,W0027F0003T0006Z000C1N3.png,29,2.289462955585873,18.072235698025853
G2,W0027F0003T0006Z000C1N3.png,30,9.56992562993569,9.56992562993569
G2,W0027F0003T0006Z000C1N3.png,31,8.92419464153489,10.824256614197578
G2,W0027F0003T0006Z000C1N3.png,32,10.232339969430258,10.526187581456071
G2,W0027F0003T0006Z000C1N3.png,33,10.775255246988587,10.775255246988587
G2,W0027F0003T0006Z000C1N3.png,34,11.964734966245596,11.964734966245596
G2,W0027F0003T0006Z000C1N3.png,35,5.723691990315343,15.277800275235963
G2,W0027F0003T0006Z000C1N3.png,36,7.291253857362258,14.602639155731405
G2,W0027F0003T0006Z000C1N3.png,37,2.862261179993887,19.831159391535838
G2,W0027F0003T0006Z000C1N3.png,38,7.268230193031098,17.82239734778187
G2,W0027F0002T0006Z000C1N16.png,1,1.1964139124901554,5.013793474007481
G2,W0027F0002T0006Z000C1N16.png,2,0.4253824171855976,3.615652180448376
G2,W0027F0002T0006Z000C1N16.png,3,0.25383311446696666,2.0659879597906667
G2,W0027F0002T0006Z000C1N16.png,4,1.0307764064044151,6.337512327404184
G2,W0027F0002T0006Z000C1N16.png,5,0.08125,0.08125
G2,W0027F0002T0006Z000C1N16.png,6,0.06589659407823172,0.06589659407823172
G2,W0027F0002T0006Z000C1N16.png,7,0.0,0.9192388155425119
G2,W0027F0002T0006Z000C1N16.png,8,0.08125,1.240227423700992
G2,W0027F0002T0006Z000C1N16.png,9,0.07660323462854238,1.9356532417306114
G2,W0027F0002T0006Z000C1N16.png,10,0.1624999999999991,2.2150126974805366
G2,W0027F0002T0006Z000C1N16.png,11,0.07269736842105266,0.07269736842105266
G2,W0027F0002T0006Z000C1N16.png,12,0.22980970388562796,4.265431543232173
G2,W0027F0002T0006Z000C1N16.png,13,0.11490485194281398,0.11490485194281398
G2,W0027F0002T0006Z000C1N16.png,14,1.2436071091688516,1.7544575064604182
G2,W0027F0002T0006Z000C1N16.png,15,0.12112034878123792,1.842463063100287
G2,W0027F0002T0006Z000C1N16.png,16,0.027045795777755552,0.027045795777755552
G2,W0027F0002T0006Z000C1N16.png,17,0.0,0.0
G2,W0027F0002T0006Z000C1N16.png,18,0.38301617314271436,1.5320646925708543
G2,W0027F0002T0006Z000C1N16.png,19,0.5138701197773617,1.8950593658247228
G2,W0027F0002T0006Z000C1N16.png,20,0.08125,3.38628322242839
G2,W0027F0002T0006Z000C1N16.png,21,0.12112034878123895,2.546409509267684
G2,W0027F0002T0006Z000C1N16.png,22,0.7357500424736652,4.574598684584255
G2,W0027F0002T0006Z000C1N16.png,23,1.5013015186830387,6.1064643002313534
G2,W0027F0003T0006Z000C1N11.png,1,1.3400093283257397,7.000714249274855
G2,W0027F0003T0006Z000C1N11.png,2,0.05735294117646923,0.05735294117646923
G2,W0027F0003T0006Z000C1N11.png,3,2.4388537907180905,4.137372543354055
G2,W0027F0003T0006Z000C1N11.png,4,0.10277402395547142,0.10277402395547142
G2,W0027F0003T0006Z000C1N11.png,5,0.5180805014002389,1.8060300272981473
G2,W0027F0003T0006Z000C1N11.png,6,1.429445915381201,2.2029390879005253
G2,W0027F0003T0006Z000C1N11.png,7,3.1420859443421745,4.485346038114859
G2,W0027F0003T0006Z000C1N11.png,8,2.2355057508121208,4.403281981876026
G2,W0027F0003T0006Z000C1N11.png,9,2.961641597198266,3.265157574447118
G2,W0027F0003T0006Z000C1N11.png,10,0.05709667997526293,0.05709667997526293
G2,W0027F0003T0006Z000C1N11.png,11,3.0891699842200735,3.970093584086684
G2,W0027F0003T0006Z000C1N11.png,12,1.9559184262485,3.0105438450684594
G2,W0027F0003T0006Z000C1N11.png,13,0.07292410676327925,0.2013113476199376
G2,W0027F0003T0006Z000C1N11.png,14,0.040625,3.381649987894223
G2,W0027F0003T0006Z000C1N11.png,15,0.29295104113144915,3.6706660243748686
G2,W0027F0003T0006Z000C1N11.png,16,0.05735294117647154,0.05735294117647154
G2,W0027F0003T0006Z000C1N11.png,17,0.040625,1.3504375737608163
G2,W0027F0003T0006Z000C1N11.png,18,1.7819516162062314,2.862261179993887
G2,W0027F0003T0006Z000C1N11.png,19,0.05745242597140699,0.05745242597140699
G2,W0027F0003T0006Z000C1N11.png,20,1.676037362253426,5.235467884243215
G2,W0027F0003T0006Z000C1N11.png,21,0.1625,3.903383948575902
G2,W0027F0003T0006Z000C1N11.png,22,1.7397221127277442,4.923378297759296
G2,W0027F0003T0006Z000C1N11.png,23,0.0,0.0
G2,W0027F0003T0006Z000C1N11.png,24,1.6123826568253734,2.553645620878365
G2,W0027F0003T0006Z000C1N11.png,25,0.8788531233943475,3.319338460070018
G2,W0027F0001T0006Z000C1N72.png,1,0.07267220926874338,0.07267220926874338
G2,W0027F0001T0006Z000C1N72.png,2,0.07660323462854197,0.07660323462854197
G2,W0027F0001T0006Z000C1N72.png,3,0.07267220926874395,0.07267220926874395
G2,W0027F0001T0006Z000C1N72.png,4,0.07660323462854238,0.07660323462854238
G2,W0027F0001T0006Z000C1N72.png,5,0.06090951492389675,0.06090951492389675
G2,W0027F0001T0006Z000C1N72.png,6,0.47640613967218653,1.6254028426290035
G2,W0027F0001T0006Z000C1N72.png,7,1.9615443533094021,2.5500000000000003
G2,W0027F0001T0006Z000C1N72.png,8,0.6140962935993833,2.40769538569822
G2,W0027F0001T0006Z000C1N72.png,9,0.4436962781692957,0.4436962781692957
G2,W0027F0001T0006Z000C1N72.png,10,0.14472628753087324,0.14472628753087324
G2,W0027F0001T0006Z000C1N72.png,11,0.07660323462854197,0.07660323462854197
G2,W0027F0001T0006Z000C1N72.png,12,0.05709667997526184,0.05709667997526184
G2,W0027F0001T0006Z000C1N72.png,13,0.08720665112248994,0.08720665112248994
G2,W0027F0001T0006Z000C1N72.png,14,0.03804736005040466,0.03804736005040466
G2,W0027F0001T0006Z000C1N72.png,15,0.057096679975264034,0.057096679975264034
G2,W0027F0001T0006Z000C1N72.png,16,0.10046540716679551,0.10046540716679551
G2,W0027F0001T0006Z000C1N72.png,17,0.0,0.0
G2,W0027F0001T0006Z000C1N72.png,18,0.07660323462854361,0.07660323462854361
G2,W0027F0001T0006Z000C1N72.png,19,0.03028008719530793,0.03028008719530793
G2,W0027F0001T0006Z000C1N72.png,20,0.040625,0.040625
G2,W0027F0001T0006Z000C1N72.png,21,0.0789608069093641,0.0789608069093641
G2,W0027F0001T0006Z000C1N72.png,22,0.08125,0.08125
G2,W0027F0001T0006Z000C1N29.png,1,0.061904761904761685,0.061904761904761685
G2,W0027F0001T0006Z000C1N29.png,2,1.5330219339591993,1.5330219339591993
G2,W0027F0001T0006Z000C1N29.png,3,0.11490485194281398,9.831585738068911
G2,W0027F0001T0006Z000C1N29.png,4,0.5614786646136485,0.707178931258791
G2,W0027F0001T0006Z000C1N29.png,5,0.9570960309707695,15.584156668312211
G2,W0027F0001T0006Z000C1N29.png,6,1.6907029787931411,11.65052473335429
G2,W0027F0001T0006Z000C1N29.png,7,0.0,6.276792572644089
G2,W0027F0001T0006Z000C1N29.png,8,0.7660323462854263,12.664463212952308
G2,W0027F0001T0006Z000C1N29.png,9,3.11558287717416,9.85222189698334
G2,W0027F0001T0006Z000C1N29.png,10,0.9690839030296144,6.7723671596011705
G2,W0027F0001T0006Z000C1N29.png,11,1.8561132104481126,11.381076673584095
G2,W0027F0001T0006Z000C1N29.png,12,2.293873996137593,4.383030854632015
G2,W0027F0001T0006Z000C1N29.png,13,1.5265489060295447,11.300762211572279
G2,W0027F0001T0006Z000C1N29.png,14,1.2078680857196287,10.27643884390405
G2,W0027F0001T0006Z000C1N29.png,15,0.14534441853748634,6.777633252102094
G2,W0027F0001T0006Z000C1N29.png,16,2.4375,9.543330459016916
G2,W0027F0001T0006Z000C1N29.png,17,1.9020137354919393,8.75089281159357
G2,W0027F0001T0006Z000C1N29.png,18,1.03772823167364,8.957835530015746
G2,W0027F0001T0006Z000C1N29.png,19,3.5611236376318085,8.04703215865949
G2,W0027F0001T0006Z000C1N29.png,20,3.678750212368326,10.088750696939636
G2,W0027F0001T0006Z000C1N29.png,21,2.03125,7.734129415292971
G2,W0027F0001T0006Z000C1N29.png,22,2.981135712927019,5.646079330434133
G2,W0027F0001T0006Z000C1N29.png,23,5.975052301026326,9.767588302646667
G2,W0027F0001T0006Z000C1N29.png,24,4.865522812785439,7.752234082150952
G2,W0027F0001T0006Z000C1N29.png,25,6.51724275480053,11.15524330191861
G2,W0027F0001T0006Z000C1N29.png,26,4.7125,7.5750103135243325
G2,W0027F0001T0006Z000C1N29.png,27,4.768897442019487,8.182080744682247
G2,W0027F0001T0006Z000C1N29.png,28,3.155179273828985,5.992703897240377
G2,W0027F0001T0006Z000C1N29.png,29,2.0504784333310018,4.466697761085799
G2,W0027F0001T0006Z000C1N29.png,30,1.105119478834755,3.0237665357133645
G2,W0027F0001T0006Z000C1N29.png,31,1.625,1.625
G2,W0027F0001T0006Z000C1N29.png,32,0.08125,0.08125
G2,W0027F0001T0006Z000C1N29.png,33,0.11490485194281398,0.11490485194281398
G2,W0027F0001T0006Z000C1N29.png,34,0.9710989666995852,2.1206872596224553
G2,W0027F0001T0006Z000C1N29.png,35,0.02995299730828754,0.02995299730828754
G2,W0027F0001T0006Z000C1N29.png,36,0.4737648414561807,0.6989389279472135
G2,W0027F0001T0006Z000C1N29.png,37,0.06770833333333456,0.06770833333333456
G2,W0027F0001T0006Z000C1N29.png,38,1.5582250318872446,9.005711881911392
G2,W0027F0001T0006Z000C1N29.png,39,1.1928970920503676,4.658648245169646
G2,W0027F0001T0006Z000C1N29.png,40,0.20131134761993888,3.9018098375857004
G2,W0027F0001T0006Z000C1N8.png,1,0.2569350598886809,11.45884279170458
G2,W0027F0001T0006Z000C1N8.png,2,2.2098889132237085,15.161294766898672
G2,W0027F0001T0006Z000C1N8.png,3,3.6336104634371584,12.738383188222908
G2,W0027F0001T0006Z000C1N8.png,4,1.1284868922657565,5.539263814218964
G2,W0027F0001T0006Z000C1N8.png,5,0.9224250948210135,6.4637880190763966
G2,W0027F0001T0006Z000C1N8.png,6,0.7490879871550471,7.589376312484446
G2,W0027F0001T0006Z000C1N8.png,7,0.08125,5.113588667706858
G2,W0027F0001T0006Z000C1N8.png,8,0.7665109669795991,3.8428759168752773
G2,W0027F0001T0006Z000C1N8.png,9,0.5735303951819216,2.140173676176196
G2,W0027F0001T0006Z000C1N8.png,10,0.18168052317185793,2.2472639614651415
G2,W0027F0001T0006Z000C1N8.png,11,1.5607615328742568,8.445702031950926
G2,W0027F0001T0006Z000C1N8.png,12,1.67532692705036,3.0274321317743853
G2,W0027F0001T0006Z000C1N8.png,13,0.06090951492389787,4.584831992649943
G2,W0027F0001T0006Z000C1N8.png,14,1.5794673140566948,2.6837611926232583
G2,W0027F0001T0006Z000C1N8.png,15,3.4567077002546807,8.334365040301511
G2,W0027F0001T0006Z000C1N8.png,16,0.06845043993107251,0.06845043993107251
G2,W0027F0001T0006Z000C1N8.png,17,1.4981759743100942,4.177862042959293
G2,W0027F0001T0006Z000C1N8.png,18,0.0,0.0
G2,W0027F0001T0006Z000C1N8.png,19,1.625,1.6730398979103878
G2,W0027F0001T0006Z000C1N8.png,20,0.11490485194281398,4.1825997447759695
G2,W0027F0001T0006Z000C1N8.png,21,0.18168052317185793,3.0584986615167904
G2,W0027F0001T0006Z000C1N8.png,22,1.6431795588127307,3.527597668740017
G2,W0027F0001T0006Z000C1N8.png,23,0.10982765679705203,3.6545889573973787
G2,W0027F0001T0006Z000C1N8.png,24,0.22980970388562796,2.21023895766951
G2,W0027F0001T0006Z000C1N8.png,25,0.0,4.0134539364492525
G2,W0027F0001T0006Z000C1N8.png,26,1.6800400954210066,1.9379255804998174
G2,W0027F0001T0006Z000C1N8.png,27,0.09027777777777746,0.09027777777777746
G2,W0027F0001T0006Z000C1N8.png,28,0.18055555555555608,3.310869037105545
G2,W0027F0001T0006Z000C1N8.png,29,0.08125,4.172327924852024
G2,W0027F0001T0006Z000C1N8.png,30,0.08125,0.08125
G2,W0027F0001T0006Z000C1N8.png,31,0.9915350660415804,1.985709534491865
G2,W0027F0001T0006Z000C1N8.png,32,1.4981759743100942,7.1666000481399825
G2,W0027F0001T0006Z000C1N8.png,33,1.4822280526288791,4.942778823698266
G2,W0027F0001T0006Z000C1N8.png,34,6.627231345931723,6.627231345931723
G2,W0027F0001T0006Z000C1N8.png,35,6.407624852470686,6.407624852470686
G2,W0027F0001T0006Z000C1N8.png,36,5.722509776674275,5.983535618785562
G2,W0027F0001T0006Z000C1N8.png,37,6.258360033786807,6.296219723969297
G2,W0027F0001T0006Z000C1N8.png,38,5.801695948436043,5.801695948436043
G2,W0027F0001T0006Z000C1N8.png,39,5.909109374971149,5.909109374971149
G2,W0027F0001T0006Z000C1N8.png,40,3.1268057282952517,7.8812500000000005
G2,W0027F0001T0006Z000C1N8.png,41,7.822112046132099,7.860358514049327
G2,W0027F0002T0006Z000C1N48.png,1,0.09637181130687657,0.09637181130687657
G2,W0027F0002T0006Z000C1N48.png,2,0.04642857142857242,0.04642857142857242
G2,W0027F0002T0006Z000C1N48.png,3,0.0726722092687429,0.0726722092687429
G2,W0027F0002T0006Z000C1N48.png,4,0.08370029746612803,0.08370029746612803
G2,W0027F0002T0006Z000C1N48.png,5,0.0935797774356081,0.0935797774356081
G2,W0027F0002T0006Z000C1N48.png,6,0.059868421052632126,0.059868421052632126
G2,W0027F0002T0006Z000C1N48.png,7,0.057352941176470384,0.057352941176470384
G2,W0027F0002T0006Z000C1N48.png,8,0.07267220926874421,0.07267220926874421
G2,W0027F0002T0006Z000C1N48.png,9,1.7216566331588887,1.7216566331588887
G2,W0027F0002T0006Z000C1N48.png,10,0.09357977743560751,0.09357977743560751
G2,W0027F0002T0006Z000C1N48.png,11,0.06090951492389675,0.06090951492389675
G2,W0027F0002T0006Z000C1N48.png,12,0.08125,0.08125
G2,W0027F0002T0006Z000C1N48.png,13,0.11490485194281398,0.11490485194281398
G2,W0027F0002T0006Z000C1N48.png,14,0.08125,0.08125
G2,W0027F0002T0006Z000C1N48.png,15,0.06090951492389675,0.06090951492389675
G2,W0027F0002T0006Z000C1N48.png,16,0.040625,0.040625
G2,W0027F0002T0006Z000C1N48.png,17,0.028726212985703495,0.028726212985703495
G2,W0027F0002T0006Z000C1N48.png,18,0.08838834764831895,0.08838834764831895
G2,W0027F0002T0006Z000C1N48.png,19,1.4647552056572457,1.4647552056572457
G2,W0027F0002T0006Z000C1N48.png,20,0.2646835808265864,0.2646835808265864
G2,W0027F0002T0006Z000C1N48.png,21,0.08125,0.08125
G2,W0027F0002T0006Z000C1N48.png,22,0.07465679837263814,0.07465679837263814
G2,W0027F0002T0006Z000C1N48.png,23,0.08125,0.08125
G2,W0027F0002T0006Z000C1N48.png,24,0.23265673238626433,0.23265673238626433
G2,W0027F0002T0006Z000C1N48.png,25,0.05745242597140699,0.05745242597140699
G2,W0027F0002T0006Z000C1N48.png,26,1.3709892578495617,1.3709892578495617
G2,W0027F0002T0006Z000C1N48.png,27,0.8966633213657822,0.8966633213657822
G2,W0027F0002T0006Z000C1N48.png,28,0.10933592539593637,0.10933592539593637
G2,W0027F0001T0006Z000C1N9.png,1,0.032500000000000466,0.032500000000000466
G2,W0027F0001T0006Z000C1N9.png,2,0.05121550707888865,0.05121550707888865
G2,W0027F0001T0006Z000C1N9.png,3,0.046428571428571264,0.046428571428571264
G2,W0027F0001T0006Z000C1N9.png,4,0.08125,0.08125
G2,W0027F0001T0006Z000C1N9.png,5,0.06936717923885606,0.06936717923885606
G2,W0027F0001T0006Z000C1N9.png,6,0.0203125,0.0203125
G2,W0027F0001T0006Z000C1N9.png,7,0.09190338494359407,0.09190338494359407
G2,W0027F0001T0006Z000C1N9.png,8,0.0766032346285432,0.0766032346285432
G2,W0027F0001T0006Z000C1N9.png,9,0.06936717923885606,0.06936717923885606
G2,W0027F0001T0006Z000C1N9.png,10,0.06936717923885606,0.06936717923885606
G2,W0027F0001T0006Z000C1N9.png,11,0.08125,0.08125
G2,W0027F0001T0006Z000C1N9.png,12,0.0,0.0
G2,W0027F0001T0006Z000C1N9.png,13,0.5138701197773617,0.5138701197773617
G2,W0027F0001T0006Z000C1N9.png,14,0.06250637722566808,0.06250637722566808
G2,W0027F0001T0006Z000C1N9.png,15,0.0695892857063571,0.0695892857063571
G2,W0027F0001T0006Z000C1N9.png,16,0.09084026158592896,0.09084026158592896
G2,W0027F0001T0006Z000C1N9.png,17,0.06090951492389675,0.06090951492389675
G2,W0027F0001T0006Z000C1N9.png,18,0.0,0.0
G2,W0027F0001T0006Z000C1N9.png,19,0.04620721821812994,0.04620721821812994
G2,W0027F0001T0006Z000C1N9.png,20,0.0,0.0
G2,W0027F0001T0006Z000C1N9.png,21,0.06090951492389675,0.06090951492389675
G2,W0027F0001T0006Z000C1N9.png,22,0.0790569415042103,0.0790569415042103
G2,W0027F0001T0006Z000C1N9.png,23,0.0,0.0
G2,W0027F0001T0006Z000C1N9.png,24,0.0,0.0
G2,W0027F0001T0006Z000C1N9.png,25,0.04642857142857242,0.04642857142857242
G2,W0027F0001T0006Z000C1N9.png,26,0.04642857142857242,0.04642857142857242
G2,W0027F0001T0006Z000C1N9.png,27,0.08125,0.08125
G2,W0027F0001T0006Z000C1N9.png,28,0.0,0.0
G2,W0027F0001T0006Z000C1N9.png,29,0.0,0.0
G2,W0027F0001T0006Z000C1N9.png,30,0.0,0.0
G2,W0027F0001T0006Z000C1N9.png,31,0.0,0.0
G2,W0027F0001T0006Z000C1N9.png,32,0.043610035313621474,0.043610035313621474
G2,W0027F0001T0006Z000C1N9.png,33,0.0976503470438166,0.0976503470438166
G2,W0027F0001T0006Z000C1N9.png,34,0.06488590113280569,0.06488590113280569
G2,W0027F0001T0006Z000C1N9.png,35,0.14534441853748634,0.14534441853748634
G2,W0027F0001T0006Z000C1N9.png,36,0.07267220926874421,0.07267220926874421
G2,W0027F0001T0006Z000C1N9.png,37,0.030280087195310515,0.030280087195310515
G2,W0027F0001T0006Z000C1N9.png,38,0.07267220926874277,0.07267220926874277
G2,W0027F0001T0006Z000C1N9.png,39,0.06090951492389675,0.06090951492389675
G2,W0027F0001T0006Z000C1N9.png,40,0.022980970388561492,0.022980970388561492
G2,W0027F0001T0006Z000C1N9.png,41,0.0612825877028339,0.0612825877028339
G2,W0027F0001T0006Z000C1N9.png,42,0.08258205598720823,0.08258205598720823
G2,W0027F0001T0006Z000C1N9.png,43,0.07323776028286229,0.07323776028286229
G2,W0027F0001T0006Z000C1N9.png,44,0.08564501996289385,0.08564501996289385
G2,W0027F0002T0006Z000C1N3.png,1,0.51886411583682,0.51886411583682
G2,W0027F0002T0006Z000C1N3.png,2,2.6031177093635325,2.6894197451418402
G2,W0027F0002T0006Z000C1N3.png,3,0.12022115038544588,0.12022115038544588
G2,W0027F0002T0006Z000C1N3.png,4,0.025954360453122854,0.025954360453122854
G2,W0027F0002T0006Z000C1N3.png,5,0.028726212985703495,0.028726212985703495
G2,W0027F0002T0006Z000C1N3.png,6,0.0676806916365979,0.0676806916365979
G2,W0027F0002T0006Z000C1N3.png,7,0.11490485194281398,0.11490485194281398
G2,W0027F0002T0006Z000C1N3.png,8,0.07267220926874421,0.07267220926874421
G2,W0027F0002T0006Z000C1N3.png,9,1.846754588565523,1.846754588565523
G2,W0027F0002T0006Z000C1N3.png,10,0.02708333333333295,0.02708333333333295
G2,W0027F0002T0006Z000C1N3.png,11,0.08113738733326775,0.08113738733326775
G2,W0027F0002T0006Z000C1N3.png,12,0.08125,0.08125
G2,W0027F0002T0006Z000C1N3.png,13,0.0842635580913954,0.0842635580913954
G2,W0027F0002T0006Z000C1N3.png,14,0.049939199143669476,0.049939199143669476
G2,W0027F0002T0006Z000C1N3.png,15,0.0541666666666659,0.0541666666666659
G2,W0027F0002T0006Z000C1N3.png,16,0.07065217391304454,0.07065217391304454
G2,W0027F0002T0006Z000C1N3.png,17,0.07267220926874421,0.07267220926874421
G2,W0027F0002T0006Z000C1N3.png,18,0.11490485194281398,0.11490485194281398
G2,W0027F0002T0006Z000C1N3.png,19,0.08125,0.08125
G2,W0027F0002T0006Z000C1N3.png,20,0.08789592962387077,0.08789592962387077
G2,W0027F0002T0006Z000C1N3.png,21,0.0541666666666659,0.0541666666666659
G2,W0027F0002T0006Z000C1N3.png,22,0.04506939094329987,0.04506939094329987
G2,W0027F0002T0006Z000C1N3.png,23,0.11490485194281398,0.11490485194281398
G2,W0027F0002T0006Z000C1N3.png,24,2.658739258453984,2.658739258453984
G2,W0027F0002T0006Z000C1N3.png,25,0.9447464630795858,0.9447464630795858
G2,W0027F0002T0006Z000C1N3.png,26,0.0,0.0
G2,W0027F0002T0006Z000C1N3.png,27,0.08125,0.08125
G2,W0027F0002T0006Z000C1N3.png,28,0.36336104634371585,0.36336104634371585
G2,W0027F0002T0006Z000C1N3.png,29,0.16068935852942517,0.16068935852942517
G2,W0027F0002T0006Z000C1N3.png,30,0.49422445558673034,0.49422445558673034
G2,W0027F0002T0006Z000C1N3.png,31,0.6550584420492571,0.7490879871550471
G2,W0027F0002T0006Z000C1N3.png,32,1.4013943948796141,1.4013943948796141
G2,W0027F0002T0006Z000C1N3.png,33,0.1584764628643576,0.1584764628643576
G2,W0027F0002T0006Z000C1N3.png,34,1.0900831390311476,1.0900831390311476
