group,image,pbody_id,distance_to_nucleus_um,distance_to_mitochondria_um
G2,W0034F0003T0006Z000C1N14.png,1,1.760624987674042,10.50868233956517
G2,W0034F0003T0006Z000C1N14.png,2,2.6653357681433762,10.312065857864972
G2,W0034F0003T0006Z000C1N14.png,3,2.0005492409898338,10.628000036019243
G2,W0034F0003T0006Z000C1N14.png,4,1.7216566331588887,10.913239164542302
G2,W0034F0003T0006Z000C1N14.png,5,2.300082191231382,10.193140716665942
G2,W0034F0003T0006Z000C1N14.png,6,1.1493322000939674,6.988806223014021
G2,W0034F0003T0006Z000C1N14.png,7,1.8527850657860991,10.59744220319224
G2,W0034F0003T0006Z000C1N14.png,8,4.390635693844801,10.079217378970185
G2,W0034F0003T0006Z000C1N14.png,9,0.08125,0.08125
G2,W0034F0003T0006Z000C1N14.png,10,1.955282558305193,4.36647886692613
G2,W0034F0003T0006Z000C1N14.png,11,0.5859020822628983,2.2633630950424193
G2,W0034F0003T0006Z000C1N14.png,12,1.7810000000000006,7.00260298032096
G2,W0034F0003T0006Z000C1N14.png,13,0.03830161731427242,0.03830161731427242
G2,W0034F0003T0006Z000C1N14.png,14,1.6300082262375357,2.086737036729636
G2,W0034F0003T0006Z000C1N14.png,15,0.0,0.0
G2,W0034F0003T0006Z000C1N14.png,16,1.2173950801814504,2.421877016128193
G2,W0034F0003T0006Z000C1N14.png,17,0.06090951492389675,0.06090951492389675
G2,W0034F0003T0006Z000C1N14.png,18,1.0214285714285725,1.0342739368903262
G2,W0034F0003T0006Z000C1N14.png,19,1.6447055207543992,1.7877954301317582
G2,W0034F0003T0006Z000C1N14.png,20,0.483147234287851,5.238552400234248
G2,W0034F0003T0006Z000C1N14.png,21,1.4528879140581783,4.798399034137982
G2,W0034F0003T0006Z000C1N14.png,22,2.8330424340964253,2.986516701262594
G2,W0034F0003T0006Z000C1N14.png,23,6.7241431842651895,12.821291191315328
G2,W0034F0003T0006Z000C1N14.png,24,6.4984763839303135,12.537009275042434
G2,W0034F0003T0006Z000C1N14.png,25,2.2320758372875193,5.115972846722585
G2,W0034F0003T0006Z000C1N14.png,26,3.104558140863205,3.5970908384415314
G2,W0034F0003T0006Z000C1N14.png,27,0.18168052317185793,10.15625
G2,W0034F0003T0006Z000C1N14.png,28,3.2176641372275014,6.63286702716103
G2,W0034F0003T0006Z000C1N14.png,29,2.5859974502114267,9.633180371118357
G2,W0034F0003T0006Z000C1N14.png,30,3.219614905371278,12.490908499340186
G2,W0034F0003T0006Z000C1N14.png,31,1.7273986945693807,8.126624837532491
G2,W0034F0003T0006Z000C1N14.png,32,0.8750892811593569,10.247812266527916
G2,W0034F0003T0006Z000C1N14.png,33,0.3927083333333323,9.823086170771527
G2,W0034F0002T0006Z000C1N39.png,1,3.3078788618336854,3.3078788618336854
G2,W0034F0002T0006Z000C1N39.png,2,1.3101168840985142,1.3400093283257397
G2,W0034F0002T0006Z000C1N39.png,3,0.07267220926874421,0.07267220926874421
G2,W0034F0002T0006Z000C1N39.png,4,0.7267220926874317,0.7267220926874317
G2,W0034F0002T0006Z000C1N39.png,5,0.05709667997526184,0.05709667997526184
G2,W0034F0002T0006Z000C1N39.png,6,0.0,0.0
G2,W0034F0002T0006Z000C1N39.png,7,0.07660323462854278,8.136186743322837
G2,W0034F0002T0006Z000C1N39.png,8,1.2717636622030055,6.169117263636671
G2,W0034F0002T0006Z000C1N39.png,9,1.482673366760191,1.54375
G2,W0034F0002T0006Z000C1N39.png,10,1.2295356084717515,5.1316306192573915
G2,W0034F0002T0006Z000C1N39.png,11,0.6235051567994884,3.6362337906899707
G2,W0034F0002T0006Z000C1N39.png,12,0.13893216477848058,0.13893216477848058
G2,W0034F0002T0006Z000C1N39.png,13,0.1690025510011549,10.608928571428573
G2,W0034F0002T0006Z000C1N39.png,14,0.07267220926874421,3.434867173559991
G2,W0034F0002T0006Z000C1N39.png,15,0.0383016173142716,4.334179604864365
G2,W0034F0002T0006Z000C1N39.png,16,1.14904851942814,4.984805036307839
G2,W0034F0002T0006Z000C1N39.png,17,1.7539464430249858,6.480674395848012
G2,W0034F0002T0006Z000C1N39.png,18,0.07660323462854238,5.159783721780939
G2,W0034F0002T0006Z000C1N39.png,19,1.8758019118499694,6.90625
G2,W0034F0002T0006Z000C1N39.png,20,2.045822725702303,4.750172694229127
G2,W0034F0002T0006Z000C1N39.png,21,2.9000673483558965,6.158942938930348
G2,W0034F0002T0006Z000C1N39.png,22,2.1307881853474617,5.95974511722145
G2,W0034F0002T0006Z000C1N39.png,23,2.5279067427419073,3.862580905301532
G2,W0034F0002T0006Z000C1N39.png,24,0.04790693543622494,0.04790693543622494
G2,W0034F0002T0006Z000C1N39.png,25,0.08125,2.449657182648217
G2,W0034F0002T0006Z000C1N39.png,26,1.945342428512524,10.553616598588578
G2,W0034F0002T0006Z000C1N4.png,1,0.08125,0.5450415695155738
G2,W0034F0002T0006Z000C1N4.png,2,0.325,0.7267220926874317
G2,W0034F0002T0006Z000C1N4.png,3,0.0,1.397877855894427
G2,W0034F0002T0006Z000C1N4.png,4,0.0,0.0
G2,W0034F0002T0006Z000C1N4.png,5,0.07886785713387255,0.07886785713387255
G2,W0034F0002T0006Z000C1N4.png,6,0.46532918455648087,1.7027642966658652
G2,W0034F0002T0006Z000C1N4.png,7,0.08125,0.08125
G2,W0034F0002T0006Z000C1N4.png,8,0.05813776741499329,0.05813776741499329
G2,W0034F0002T0006Z000C1N4.png,9,0.08125,0.08125
G2,W0034F0002T0006Z000C1N4.png,10,0.04999999999999982,0.04999999999999982
G2,W0034F0002T0006Z000C1N4.png,11,0.05505470399147139,0.05505470399147139
G2,W0034F0002T0006Z000C1N4.png,12,0.0677083333333341,0.17604166666666698
G2,W0034F0002T0006Z000C1N4.png,13,0.07660323462854156,0.07660323462854156
G2,W0034F0002T0006Z000C1N4.png,14,0.07660323462854156,0.07660323462854156
G2,W0034F0002T0006Z000C1N4.png,15,0.5443682628107142,1.0517264246096607
G2,W0034F0002T0006Z000C1N14.png,1,0.0,7.699482531313388
G2,W0034F0002T0006Z000C1N14.png,2,1.290443389159323,10.279409504714996
G2,W0034F0002T0006Z000C1N14.png,3,0.6119155374722889,9.126339114069781
G2,W0034F0002T0006Z000C1N14.png,4,0.11490485194281398,5.9849877297284415
G2,W0034F0002T0006Z000C1N14.png,5,0.33500233208143493,11.834920851551988
G2,W0034F0002T0006Z000C1N14.png,6,0.0,2.055480479109447
G2,W0034F0002T0006Z000C1N14.png,7,0.06056017439061967,0.06056017439061967
G2,W0034F0002T0006Z000C1N14.png,8,0.2569350598886809,4.118982353081887
G2,W0034F0002T0006Z000C1N14.png,9,0.11490485194281398,2.9541945814383994
G2,W0034F0002T0006Z000C1N14.png,10,1.3884006086140988,6.969336858697533
G2,W0034F0002T0006Z000C1N14.png,11,1.397877855894427,7.914267180225849
G2,W0034F0002T0006Z000C1N14.png,12,0.7609351035845845,8.704727802795226
G2,W0034F0002T0006Z000C1N14.png,13,0.11490485194281398,10.0677897586809
G2,W0034F0002T0006Z000C1N14.png,14,2.081015377165676,11.449044719975548
G2,W0034F0002T0006Z000C1N28.png,1,0.06958928570635765,0.06958928570635765
G2,W0034F0002T0006Z000C1N28.png,2,0.072672209268744,0.072672209268744
G2,W0034F0002T0006Z000C1N28.png,3,0.08125,0.08125
G2,W0034F0002T0006Z000C1N28.png,4,0.07660323462854299,0.1211203487812383
G2,W0034F0002T0006Z000C1N28.png,5,0.059868421052632126,0.059868421052632126
G2,W0034F0002T0006Z000C1N28.png,6,0.0,0.0
G2,W0034F0002T0006Z000C1N28.png,7,0.0766032346285438,0.0766032346285438
G2,W0034F0002T0006Z000C1N28.png,8,0.2996351948620189,0.8840955830678037
G2,W0034F0002T0006Z000C1N28.png,9,1.7501785623187138,1.8527850657860991
G2,W0034F0002T0006Z000C1N28.png,10,0.046428571428571264,0.046428571428571264
G2,W0034F0002T0006Z000C1N28.png,11,0.08125,0.08125
G2,W0034F0002T0006Z000C1N28.png,12,0.08125,0.08125
G2,W0034F0002T0006Z000C1N28.png,13,0.0,0.0
G2,W0034F0002T0006Z000C1N28.png,14,0.0,0.0
G2,W0034F0002T0006Z000C1N28.png,15,0.0,0.0
G2,W0034F0002T0006Z000C1N28.png,16,0.04642857142857242,0.04642857142857242
G2,W0034F0002T0006Z000C1N28.png,17,0.07432197775591723,0.12977180226561172
G2,W0034F0002T0006Z000C1N28.png,18,0.08125,0.08125
G2,W0034F0002T0006Z000C1N28.png,19,0.40625,1.931290452650766
G2,W0034F0002T0006Z000C1N28.png,20,0.7490879871550471,1.5522790704316025
G2,W0034F0002T0006Z000C1N28.png,21,0.08750892811593587,0.08750892811593587
G2,W0034F0002T0006Z000C1N28.png,22,1.2691655723348314,2.1373537961694598
G2,W0034F0002T0006Z000C1N28.png,23,0.8287151493897797,1.4738115080729033
G2,W0034F0002T0006Z000C1N28.png,24,0.5982903884309761,0.7886785713387222
G2,W0034F0002T0006Z000C1N28.png,25,0.0,2.6252678434780705
G2,W0034F0002T0006Z000C1N28.png,26,1.9052414626927048,1.9052414626927048
G2,W0034F0002T0006Z000C1N28.png,27,0.09765034704381723,0.09765034704381723
G2,W0034F0002T0006Z000C1N28.png,28,0.19643017207140018,0.19643017207140018
G2,W0034F0002T0006Z000C1N28.png,29,0.924395072466312,0.924395072466312
G2,W0034F0002T0006Z000C1N28.png,30,0.037589073759693475,0.037589073759693475
G2,W0034F0002T0006Z000C1N28.png,31,0.07886785713387255,0.07886785713387255
G2,W0034F0002T0006Z000C1N28.png,32,0.9884489111734607,1.963494970709118
G2,W0034F0002T0006Z000C1N28.png,33,0.08125,1.7819516162062314
G2,W0034F0002T0006Z000C1N28.png,34,0.08838834764831895,0.08838834764831895
G2,W0034F0002T0006Z000C1N28.png,35,0.08188230525615714,0.08188230525615714
G2,W0034F0002T0006Z000C1N28.png,36,1.0050069962443047,1.1633229613912037
G2,W0034F0002T0006Z000C1N28.png,37,0.04642857142857242,0.04642857142857242
G2,W0034F0002T0006Z000C1N28.png,38,0.048825173521907975,0.048825173521907975
G2,W0034F0002T0006Z000C1N28.png,39,0.8750892811593569,2.2807961877379572
G2,W0034F0002T0006Z000C1N28.png,40,0.061320877358367235,0.061320877358367235
G2,W0034F0002T0006Z000C1N28.png,41,0.046428571428571264,0.046428571428571264
G2,W0034F0002T0006Z000C1N28.png,42,1.3022549886852255,3.0105168668445543
G2,W0034F0002T0006Z000C1N28.png,43,0.965924780191543,1.4199241883269413
G2,W0034F0003T0006Z000C1N13.png,1,0.07267220926874421,2.933113746515809
G2,W0034F0003T0006Z000C1N13.png,2,0.04178358252465918,0.8425636364126796
G2,W0034F0003T0006Z000C1N13.png,3,0.03628574271878276,0.03628574271878276
G2,W0034F0003T0006Z000C1N13.png,4,1.5858534768382604,1.5858534768382604
G2,W0034F0003T0006Z000C1N13.png,5,0.025688566354872665,0.025688566354872665
G2,W0034F0003T0006Z000C1N13.png,6,2.467111798236959,2.467111798236959
G2,W0034F0003T0006Z000C1N13.png,7,0.18168052317185793,1.0562500000000001
G2,W0034F0003T0006Z000C1N13.png,8,0.0,2.2633630950424193
G2,W0034F0003T0006Z000C1N13.png,9,0.08125,2.5654936781251285
G2,W0034F0003T0006Z000C1N13.png,10,3.15729991475883,3.3611987943395207
G2,W0034F0003T0006Z000C1N13.png,11,0.08370029746612916,0.08370029746612916
G2,W0034F0003T0006Z000C1N13.png,12,2.4157361714392573,3.7055701315721983
G2,W0034F0003T0006Z000C1N13.png,13,3.6475634003562356,5.926172806493694
G2,W0034F0003T0006Z000C1N13.png,14,0.06770833333333272,0.06770833333333272
G2,W0034F0003T0006Z000C1N13.png,15,1.889632717105511,2.1995935546267535
G2,W0034F0003T0006Z000C1N13.png,16,0.8799041140942583,0.8799041140942583
G2,W0034F0003T0006Z000C1N13.png,17,3.5065626414761333,6.336255578795381
G2,W0034F0003T0006Z000C1N13.png,18,3.7091314684168313,7.48206188159387
G2,W0034F0003T0006Z000C1N11.png,1,2.2885836481247743,2.55701698871813
G2,W0034F0003T0006Z000C1N11.png,2,0.1625,0.1625
G2,W0034F0003T0006Z000C1N11.png,3,0.08838834764831895,0.08838834764831895
G2,W0034F0003T0006Z000C1N11.png,4,1.7061227816734428,2.184460311131111
G2,W0034F0003T0006Z000C1N11.png,5,2.3826863105967644,3.7656349470846497
G2,W0034F0003T0006Z000C1N11.png,6,0.08125,0.08125
G2,W0034F0003T0006Z000C1N11.png,7,1.645437881025139,2.1142570817695043
G2,W0034F0003T0006Z000C1N11.png,8,2.0512384576322296,2.0512384576322296
G2,W0034F0003T0006Z000C1N11.png,9,1.0121535058417548,1.3464285714285713
G2,W0034F0003T0006Z000C1N11.png,10,0.036285742718784396,0.036285742718784396
G2,W0034F0003T0006Z000C1N11.png,11,0.07341001711105177,0.07341001711105177
G2,W0034F0003T0006Z000C1N11.png,12,0.11333467869687497,0.11333467869687497
G2,W0034F0003T0006Z000C1N11.png,13,1.7607446349627693,2.1234577397469803
G2,W0034F0003T0006Z000C1N11.png,14,0.7440789473684211,0.7440789473684211
G2,W0034F0003T0006Z000C1N11.png,15,1.397877855894427,1.7273986945693807
G2,W0034F0003T0006Z000C1N11.png,16,0.6989389279472135,1.6127664508539357
G2,W0034F0003T0006Z000C1N11.png,17,0.07706569906461772,0.07706569906461772
G2,W0034F0003T0006Z000C1N11.png,18,0.8411775789854096,1.5089285714285714
G2,W0034F0003T0006Z000C1N11.png,19,0.1625,0.1625
G2,W0034F0003T0006Z000C1N11.png,20,2.29809703885628,2.6
G2,W0034F0003T0006Z000C1N11.png,21,1.8758019118499702,2.1053002309646955
G2,W0034F0003T0006Z000C1N11.png,22,0.08125,0.08125
G2,W0034F0003T0006Z000C1N11.png,23,0.11490485194281398,0.11490485194281398
G2,W0034F0003T0006Z000C1N11.png,24,0.07284482758620801,0.07284482758620801
G2,W0034F0003T0006Z000C1N11.png,25,0.7490879871550471,0.8165523942160723
G2,W0034F0003T0006Z000C1N11.png,26,0.0,0.0
G2,W0034F0001T0006Z000C1N8.png,1,0.1625,1.1718041645257966
G2,W0034F0001T0006Z000C1N8.png,2,0.08250420864685858,0.08250420864685858
G2,W0034F0001T0006Z000C1N8.png,3,0.19471132478620756,0.19471132478620756
G2,W0034F0001T0006Z000C1N8.png,4,0.26585480730369165,0.2884215703630586
G2,W0034F0001T0006Z000C1N8.png,5,0.046428571428571264,0.046428571428571264
G2,W0034F0001T0006Z000C1N8.png,6,1.5178752624968892,2.0762515051168537
G2,W0034F0001T0006Z000C1N8.png,7,0.36575554372913366,1.2914101540372098
G2,W0034F0001T0006Z000C1N8.png,8,1.3325990816821092,1.3325990816821092
G2,W0034F0001T0006Z000C1N8.png,9,0.08125,0.08125
G2,W0034F0001T0006Z000C1N8.png,10,0.0720513626920724,0.0720513626920724
G2,W0034F0001T0006Z000C1N8.png,11,0.06137708673769041,0.16205357058506556
G2,W0034F0001T0006Z000C1N8.png,12,0.08125,0.18168052317185793
G2,W0034F0001T0006Z000C1N8.png,13,1.3306349298770859,1.827411072630815
G2,W0034F0001T0006Z000C1N8.png,14,0.08125,1.3325990816821092
G2,W0034F0001T0006Z000C1N8.png,15,0.03628574271878358,0.03628574271878358
G2,W0034F0001T0006Z000C1N8.png,16,1.4870747816602914,1.6551484544444959
G2,W0034F0001T0006Z000C1N8.png,17,0.02271006539648224,0.02271006539648224
G2,W0034F0001T0006Z000C1N8.png,18,0.9224250948210119,1.0348527136210668
G2,W0034F0001T0006Z000C1N8.png,19,0.325,0.6700046641628699
G2,W0034F0001T0006Z000C1N8.png,20,0.07267220926874421,0.07267220926874421
G2,W0034F0001T0006Z000C1N8.png,21,0.51190365880972,0.5879329447900029
G2,W0034F0001T0006Z000C1N8.png,22,0.0,0.0
G2,W0034F0001T0006Z000C1N8.png,23,2.0964798417039283,3.38219948181343
G2,W0034F0001T0006Z000C1N8.png,24,0.07222222222222428,0.07222222222222428
G2,W0034F0001T0006Z000C1N8.png,25,0.0,0.0
G2,W0034F0001T0006Z000C1N9.png,1,0.9084026158592896,1.261339194071127
G2,W0034F0001T0006Z000C1N9.png,2,0.08125,0.08125
G2,W0034F0001T0006Z000C1N9.png,3,0.6700046641628699,1.2691655723348314
G2,W0034F0001T0006Z000C1N9.png,4,0.22333488805428958,0.6611884291855751
G2,W0034F0001T0006Z000C1N9.png,5,0.10041560611205223,0.10041560611205223
G2,W0034F0001T0006Z000C1N9.png,6,0.3531234636151431,0.5483957031398237
G2,W0034F0001T0006Z000C1N9.png,7,0.0705475671339248,0.0705475671339248
G2,W0034F0001T0006Z000C1N9.png,8,0.07660323462854238,0.07660323462854238
G2,W0034F0001T0006Z000C1N9.png,9,0.06510023136254514,0.06510023136254514
G2,W0034F0001T0006Z000C1N9.png,10,0.081964098236535,0.081964098236535
G2,W0034F0001T0006Z000C1N9.png,11,0.08125,0.08125
G2,W0034F0001T0006Z000C1N9.png,12,0.028726212985703495,0.028726212985703495
G2,W0034F0001T0006Z000C1N9.png,13,0.04513888888888948,0.04513888888888948
G2,W0034F0001T0006Z000C1N9.png,14,1.3619981874070173,1.3619981874070173
G2,W0034F0001T0006Z000C1N9.png,15,0.2569350598886809,0.2569350598886809
G2,W0034F0001T0006Z000C1N9.png,16,0.0,0.0
G2,W0034F0001T0006Z000C1N9.png,17,1.3743562964500278,1.3743562964500278
G2,W0034F0001T0006Z000C1N9.png,18,0.0,0.0
G2,W0034F0001T0006Z000C1N9.png,19,0.07570021798827396,0.07570021798827396
G2,W0034F0001T0006Z000C1N9.png,20,0.08125,0.08125
G2,W0034F0001T0006Z000C1N9.png,21,0.028726212985703495,0.028726212985703495
G2,W0034F0001T0006Z000C1N9.png,22,0.0,0.0
G2,W0034F0001T0006Z000C1N9.png,23,0.11490485194281398,0.11490485194281398
G2,W0034F0001T0006Z000C1N9.png,24,0.08125,0.08125
G2,W0034F0001T0006Z000C1N9.png,25,1.3306349298770859,1.6543117616834768
G2,W0034F0001T0006Z000C1N9.png,26,0.07490879871550371,0.07490879871550371
G2,W0034F0001T0006Z000C1N9.png,27,1.4770529351874755,1.639511059630366
G2,W0034F0001T0006Z000C1N9.png,28,0.08125,0.08125
G2,W0034F0001T0006Z000C1N9.png,29,0.02271006539648224,0.02271006539648224
G2,W0034F0001T0006Z000C1N9.png,30,0.08125,0.08125
G2,W0034F0001T0006Z000C1N9.png,31,0.04642857142857242,0.04642857142857242
G2,W0034F0001T0006Z000C1N9.png,32,0.04642857142857242,0.04642857142857242
G2,W0034F0001T0006Z000C1N9.png,33,0.9224250948210125,0.9224250948210125
G2,W0034F0001T0006Z000C1N9.png,34,0.08125,0.08125
G2,W0034F0001T0006Z000C1N9.png,35,0.34510516734846575,0.34510516734846575
G2,W0034F0001T0006Z000C1N9.png,36,0.11490485194281398,0.11490485194281398
G2,W0034F0001T0006Z000C1N9.png,37,0.980433577556379,1.4125000000000003
G2,W0034F0001T0006Z000C1N9.png,38,0.787580353043422,1.5492140144279616
G2,W0034F0001T0006Z000C1N9.png,39,0.6245499923154538,1.9909064584340892
G2,W0034F0001T0006Z000C1N9.png,40,0.41114747962257975,0.41114747962257975
G2,W0034F0001T0006Z000C1N9.png,41,0.12426470588235274,0.12426470588235274
G2,W0034F0001T0006Z000C1N9.png,42,1.1985407794480745,1.9634949707091172
G2,W0034F0001T0006Z000C1N9.png,43,1.6750116604071748,1.931290452650766
G2,W0034F0001T0006Z000C1N9.png,44,3.206019971435366,3.206019971435366
G2,W0034F0001T0006Z000C1N14.png,1,0.07267220926874297,0.10277402395547257
G2,W0034F0001T0006Z000C1N14.png,2,0.7803591860058252,3.4149468875661837
G2,W0034F0001T0006Z000C1N14.png,3,0.6700046641628699,4.023310981020483
G2,W0034F0001T0006Z000C1N14.png,4,0.29295104113144915,2.815755060814062
G2,W0034F0001T0006Z000C1N14.png,5,0.0726722092687429,0.0726722092687429
G2,W0034F0001T0006Z000C1N14.png,6,0.06090951492389776,0.06090951492389776
G2,W0034F0001T0006Z000C1N14.png,7,0.08125,0.08125
G2,W0034F0001T0006Z000C1N14.png,8,0.897435582646465,1.511337363066235
G2,W0034F0001T0006Z000C1N14.png,9,2.5632620818012346,2.8652279577722957
G2,W0034F0001T0006Z000C1N14.png,10,1.1950284985074195,1.9223054624113014
G2,W0034F0001T0006Z000C1N14.png,11,1.6127664508539357,2.195254113992273
G2,W0034F0001T0006Z000C1N14.png,12,0.5733484736373007,1.8316344401168652
G2,W0034F0001T0006Z000C1N14.png,13,2.055480479109447,2.2575221482855934
G2,W0034F0001T0006Z000C1N14.png,14,0.08838834764831854,0.08838834764831854
G2,W0034F0001T0006Z000C1N14.png,15,1.8527850657860991,2.1862139076494778
G2,W0034F0001T0006Z000C1N14.png,16,1.2116977557324946,1.716671620097205
G2,W0034F0001T0006Z000C1N14.png,17,1.9916841003421093,2.2372866130401996
G2,W0034F0001T0006Z000C1N14.png,18,1.9785667950564623,1.9785667950564623
G2,W0034F0001T0006Z000C1N14.png,19,0.0,0.1625
G2,W0034F0001T0006Z000C1N14.png,20,0.0,0.5138701197773617
G2,W0034F0001T0006Z000C1N14.png,21,0.028726212985703495,0.028726212985703495
G2,W0034F0001T0006Z000C1N14.png,22,0.08125,0.08125
G2,W0034F0001T0006Z000C1N14.png,23,0.7267220926874317,0.7267220926874317
G2,W0034F0001T0006Z000C1N14.png,24,0.032500000000000466,0.032500000000000466
G2,W0034F0001T0006Z000C1N14.png,25,0.07267220926874421,0.14534441853748634
G2,W0034F0001T0006Z000C1N14.png,26,0.4367056280328388,0.4367056280328388
G2,W0034F0001T0006Z000C1N14.png,27,1.1830178570080843,1.4715000849473303
G2,W0034F0001T0006Z000C1N14.png,28,0.07267220926874317,0.07267220926874317
G2,W0034F0001T0006Z000C1N14.png,29,0.08891329959954858,0.08891329959954858
G2,W0034F0001T0006Z000C1N14.png,30,0.07267220926874421,1.269165572334831
G2,W0034F0001T0006Z000C1N14.png,31,0.040373449593747356,0.040373449593747356
G2,W0034F0001T0006Z000C1N14.png,32,0.0,0.0
G2,W0034F0001T0006Z000C1N14.png,33,0.021613053682672606,0.021613053682672606
G2,W0034F0001T0006Z000C1N14.png,34,0.08125,0.08125
G2,W0034F0001T0006Z000C1N14.png,35,0.9447387204936613,1.4697044770973506
G2,W0034F0001T0006Z000C1N14.png,36,0.08125,0.08125
G2,W0034F0001T0006Z000C1N14.png,37,0.08125,0.08125
G2,W0034F0001T0006Z000C1N14.png,38,0.062386518290405375,0.14226315002443646
G2,W0034F0001T0006Z000C1N14.png,39,0.0,0.0
G2,W0034F0001T0006Z000C1N14.png,40,0.08125,0.08125
G2,W0034F0001T0006Z000C1N14.png,41,0.05264053793957614,0.05264053793957614
G2,W0034F0001T0006Z000C1N14.png,42,0.08125,0.08125
G2,W0034F0001T0006Z000C1N14.png,43,0.07660323462854156,0.07660323462854156
G2,W0034F0001T0006Z000C1N14.png,44,0.07060349365524728,0.07060349365524728
G2,W0034F0001T0006Z000C1N14.png,45,0.08750892811593587,0.08750892811593587
G2,W0034F0001T0006Z000C1N14.png,46,0.05458820350410496,0.05458820350410496
G2,W0034F0001T0006Z000C1N14.png,47,0.0766032346285432,0.0766032346285432
G2,W0034F0001T0006Z000C1N14.png,48,0.04642857142857011,0.04642857142857011
G2,W0034F0001T0006Z000C1N14.png,49,0.040625,1.1382252152474044
G2,W0034F0001T0006Z000C1N14.png,50,0.1160714285714299,2.4778463585401376
G2,W0034F0001T0006Z000C1N14.png,51,0.09363599839438089,0.09363599839438089
G2,W0034F0001T0006Z000C1N14.png,52,0.08125,0.08125
G2,W0034F0001T0006Z000C1N14.png,53,0.03906013881752625,0.03906013881752625
G2,W0034F0001T0006Z000C1N14.png,54,0.11490485194281398,1.5628749550107968
G2,W0034F0001T0006Z000C1N14.png,55,0.0,0.0
G2,W0034F0001T0006Z000C1N14.png,56,0.19150808657135798,1.9276789620047114
G2,W0034F0001T0006Z000C1N14.png,57,0.0,0.0
G2,W0034F0001T0006Z000C1N29.png,1,6.914527229359615,6.914527229359615
G2,W0034F0001T0006Z000C1N29.png,2,1.7564794406739308,1.7564794406739308
G2,W0034F0001T0006Z000C1N29.png,3,2.689853620552613,2.689853620552613
G2,W0034F0001T0006Z000C1N29.png,4,0.18168052317185793,0.18168052317185793
G2,W0034F0001T0006Z000C1N29.png,5,1.0791522206371642,1.0791522206371642
G2,W0034F0001T0006Z000C1N29.png,6,0.1098276567970509,0.1098276567970509
G2,W0034F0001T0006Z000C1N29.png,7,0.40625,0.40625
G2,W0034F0001T0006Z000C1N29.png,8,0.8482749038489823,1.0562500000000001
G2,W0034F0001T0006Z000C1N29.png,9,0.06513808583956887,0.06513808583956887
G2,W0034F0001T0006Z000C1N29.png,10,0.06958928570635851,0.06958928570635851
G2,W0034F0001T0006Z000C1N29.png,11,0.11490485194281398,0.11490485194281398
G2,W0034F0001T0006Z000C1N29.png,12,0.4737648414561807,0.4737648414561807
G2,W0034F0001T0006Z000C1N29.png,13,0.6989389279472135,2.5305168691395834
G2,W0034F0001T0006Z000C1N29.png,14,0.08125,0.08125
G2,W0034F0001T0006Z000C1N29.png,15,0.7357500424736652,2.0714766773970688
G2,W0034F0001T0006Z000C1N29.png,16,0.1625,2.480454847401984
G2,W0034F0001T0006Z000C1N29.png,17,0.3303525286869708,0.3303525286869708
G2,W0034F0001T0006Z000C1N29.png,18,0.10002746204949169,0.10002746204949169
G2,W0034F0001T0006Z000C1N29.png,19,0.08125,0.08125
G2,W0034F0001T0006Z000C1N29.png,20,0.11490485194281398,2.2310486603837223
G2,W0034F0001T0006Z000C1N29.png,21,0.520253844291419,1.627029982053189
G2,W0034F0001T0006Z000C1N29.png,22,0.08125,1.8898267943121139
G2,W0034F0001T0006Z000C1N29.png,23,0.24485294680935427,0.24485294680935427
G2,W0034F0001T0006Z000C1N29.png,24,0.04506939094329987,0.04506939094329987
G2,W0034F0001T0006Z000C1N29.png,25,0.07267220926874317,0.07267220926874317
G2,W0034F0001T0006Z000C1N29.png,26,0.30832207186641625,0.9447387204936616
G2,W0034F0001T0006Z000C1N29.png,27,0.05745242597140699,0.05745242597140699
G2,W0034F0001T0006Z000C1N29.png,28,1.040507688582838,1.5330219339591982
G2,W0034F0001T0006Z000C1N29.png,29,0.16900255100115485,1.7583193288606302
G2,W0034F0001T0006Z000C1N29.png,30,0.07660323462854156,0.07660323462854156
G2,W0034F0001T0006Z000C1N29.png,31,0.04642857142857242,0.04642857142857242
G2,W0034F0001T0006Z000C1N29.png,32,0.08125,0.08125
G2,W0034F0001T0006Z000C1N29.png,33,0.04642857142857242,0.04642857142857242
G2,W0034F0001T0006Z000C1N29.png,34,0.07267220926874421,0.07267220926874421
G2,W0034F0001T0006Z000C1N29.png,35,0.12187500000000001,0.12187500000000001
G2,W0034F0001T0006Z000C1N29.png,36,0.05583372201357212,0.05583372201357212
G2,W0034F0001T0006Z000C1N29.png,37,0.03830161731427201,0.03830161731427201
G2,W0034F0001T0006Z000C1N29.png,38,0.6187815648514426,1.708183428382327
G2,W0034F0001T0006Z000C1N29.png,39,0.07660323462854156,0.07660323462854156
G2,W0034F0001T0006Z000C1N29.png,40,0.03830161731427242,1.1342712111993114
G2,W0034F0001T0006Z000C1N29.png,41,0.11490485194281398,0.11490485194281398
G2,W0034F0001T0006Z000C1N29.png,42,0.978379559526874,1.4647552056572457
G2,W0034F0001T0006Z000C1N29.png,43,0.08125,0.08125
G2,W0034F0001T0006Z000C1N29.png,44,0.07267220926874317,0.07267220926874317
G2,W0034F0001T0006Z000C1N29.png,45,0.0885982965133385,0.0885982965133385
G2,W0034F0001T0006Z000C1N29.png,46,1.2479702908878787,1.3936307375531944
G2,W0034F0001T0006Z000C1N29.png,47,0.08125,0.08125
G2,W0034F0001T0006Z000C1N29.png,48,0.65,0.65
G2,W0034F0001T0006Z000C1N29.png,49,0.9518741792511235,1.06325800167457
G2,W0034F0001T0006Z000C1N29.png,50,1.0562500000000001,1.0562500000000001
G2,W0034F0001T0006Z000C1N29.png,51,0.22980970388562796,0.22980970388562796
G2,W0034F0001T0006Z000C1N29.png,52,0.028726212985703495,0.1839375106184163
G2,W0034F0001T0006Z000C1N29.png,53,0.0773809523809528,0.0773809523809528
G2,W0034F0001T0006Z000C1N29.png,54,0.03830161731427078,0.03830161731427078
G2,W0034F0001T0006Z000C1N29.png,55,1.0277402395547235,1.8168052317185792
G2,W0034F0001T0006Z000C1N29.png,56,0.11490485194281398,2.6824807781231166
G2,W0034F0003T0006Z000C1N4.png,1,0.1801284067301791,0.1801284067301791
G2,W0034F0003T0006Z000C1N4.png,2,0.05745242597140699,0.05745242597140699
G2,W0034F0003T0006Z000C1N4.png,3,0.40625,0.40625
G2,W0034F0003T0006Z000C1N4.png,4,0.10293250365478299,0.10293250365478299
G2,W0034F0003T0006Z000C1N4.png,5,0.06958928570635765,0.06958928570635765
G2,W0034F0003T0006Z000C1N4.png,6,0.060909514923897165,0.060909514923897165
G2,W0034F0003T0006Z000C1N4.png,7,0.12112034878123845,0.12112034878123845
G2,W0034F0003T0006Z000C1N4.png,8,0.04506939094329923,0.04506939094329923
G2,W0034F0003T0006Z000C1N4.png,9,0.11485794242792013,0.11485794242792013
G2,W0034F0003T0006Z000C1N4.png,10,0.0,0.0
G2,W0034F0003T0006Z000C1N4.png,11,0.0,0.0
G2,W0034F0003T0006Z000C1N4.png,12,0.11490485194281398,0.11490485194281398
G2,W0034F0003T0006Z000C1N4.png,13,0.07205136269207127,0.07205136269207127
G2,W0034F0003T0006Z000C1N4.png,14,0.07660323462854238,0.07660323462854238
G2,W0034F0003T0006Z000C1N4.png,15,0.060937500000000006,0.060937500000000006
G2,W0034F0003T0006Z000C1N4.png,16,0.032499999999998155,0.13000000000000186
G2,W0034F0003T0006Z000C1N4.png,17,0.6512682938889318,0.7887948184572463
G2,W0034F0003T0006Z000C1N4.png,18,0.10174262872562347,0.10174262872562347
G2,W0034F0003T0006Z000C1N4.png,19,0.45961940777125593,0.8125
G2,W0034F0003T0006Z000C1N4.png,20,0.08125,0.08125
G2,W0034F0003T0006Z000C1N4.png,21,1.4773480964076082,1.5435318052030766
G2,W0034F0003T0006Z000C1N4.png,22,0.6527512756321011,1.368527956350552
G2,W0034F0003T0006Z000C1N4.png,23,0.0,0.0
G2,W0034F0003T0006Z000C1N4.png,24,0.0,0.0
G2,W0034F0003T0006Z000C1N4.png,25,0.1625,0.1625
G2,W0034F0003T0006Z000C1N4.png,26,0.0,0.0
G2,W0034F0003T0006Z000C1N4.png,27,0.0,0.0
G2,W0034F0003T0006Z000C1N4.png,28,0.0,0.0
G2,W0034F0003T0006Z000C1N4.png,29,1.5751496223040617,2.220287341336516
G2,W0034F0003T0006Z000C1N4.png,30,2.2018214689640323,3.4480866793893443
G2,W0034F0003T0006Z000C1N4.png,31,0.8268182824673278,0.9224250948210133
G2,W0034F0003T0006Z000C1N4.png,32,0.09084026158592896,0.09084026158592896
G2,W0034F0003T0006Z000C1N4.png,33,0.04642857142857242,0.04642857142857242
G2,W0034F0003T0006Z000C1N4.png,34,0.03830161731427242,0.03830161731427242
G2,W0034F0003T0006Z000C1N4.png,35,1.397877855894426,1.427782371371771
G2,W0034F0003T0006Z000C1N4.png,36,0.7708051796660425,0.897435582646465
G2,W0034F0003T0006Z000C1N4.png,37,0.0,0.0
G2,W0034F0003T0006Z000C1N4.png,38,0.05416666666666821,0.05416666666666821
G2,W0034F0003T0006Z000C1N4.png,39,0.04125210432342716,0.04125210432342716
G2,W0034F0003T0006Z000C1N4.png,40,0.08370029746612787,0.08370029746612787
G2,W0034F0003T0006Z000C1N4.png,41,0.0,0.0
G2,W0034F0002T0006Z000C1N48.png,1,0.136046511627907,0.136046511627907
G2,W0034F0002T0006Z000C1N48.png,2,0.0771993777410875,0.0771993777410875
G2,W0034F0002T0006Z000C1N48.png,3,0.072672209268744,0.072672209268744
G2,W0034F0002T0006Z000C1N48.png,4,1.2619851734200758,1.2619851734200758
G2,W0034F0002T0006Z000C1N48.png,5,0.09084026158592896,0.09084026158592896
G2,W0034F0002T0006Z000C1N48.png,6,0.08125,0.08125
G2,W0034F0002T0006Z000C1N48.png,7,0.054166666666666474,0.054166666666666474
G2,W0034F0002T0006Z000C1N48.png,8,0.08125,0.08125
G2,W0034F0002T0006Z000C1N48.png,9,0.039480403454683045,0.039480403454683045
G2,W0034F0002T0006Z000C1N48.png,10,0.040625,0.040625
G2,W0034F0002T0006Z000C1N48.png,11,0.043603325561246,0.043603325561246
G2,W0034F0002T0006Z000C1N48.png,12,0.07432197775591624,0.07432197775591624
G2,W0034F0002T0006Z000C1N48.png,13,0.6211576103208458,0.7146092095082804
G2,W0034F0002T0006Z000C1N48.png,14,0.0,0.0
G2,W0034F0002T0006Z000C1N48.png,15,0.08125,0.08125
G2,W0034F0002T0006Z000C1N48.png,16,0.060777298082366156,0.060777298082366156
G2,W0034F0002T0006Z000C1N48.png,17,0.11490485194281398,0.11490485194281398
G2,W0034F0002T0006Z000C1N48.png,18,0.07660323462854238,0.07660323462854238
G2,W0034F0002T0006Z000C1N48.png,19,0.09459160805298615,0.09459160805298615
G2,W0034F0002T0006Z000C1N48.png,20,0.0,0.0
G2,W0034F0002T0006Z000C1N48.png,21,0.07896080690936312,0.07896080690936312
G2,W0034F0002T0006Z000C1N48.png,22,0.07274086512653748,0.07274086512653748
G2,W0034F0002T0006Z000C1N48.png,23,0.11490485194281398,0.11490485194281398
G2,W0034F0002T0006Z000C1N48.png,24,0.04506939094329923,0.04506939094329923
G2,W0034F0002T0006Z000C1N48.png,25,0.07603453162872757,0.07603453162872757
G2,W0034F0002T0006Z000C1N48.png,26,0.1196596341275987,0.1196596341275987
G2,W0034F0002T0006Z000C1N48.png,27,0.09848987309384101,0.09848987309384101
G2,W0034F0002T0006Z000C1N48.png,28,0.08838834764831895,0.08838834764831895
G2,W0034F0002T0006Z000C1N48.png,29,2.0131134761993805,2.0131134761993805
G2,W0034F0002T0006Z000C1N48.png,30,0.07267220926874317,0.07267220926874317
G2,W0034F0002T0006Z000C1N48.png,31,0.05814405359843762,0.05814405359843762
G2,W0034F0002T0006Z000C1N48.png,32,0.08125,0.08125
G2,W0034F0002T0006Z000C1N48.png,33,0.05076662289339292,0.05076662289339292
G2,W0034F0002T0006Z000C1N48.png,34,0.1001470368020393,0.1001470368020393
G2,W0034F0002T0006Z000C1N48.png,35,0.0,0.0
G2,W0034F0002T0006Z000C1N48.png,36,0.032673437341804674,0.032673437341804674
G2,W0034F0002T0006Z000C1N48.png,37,0.11490485194281398,0.11490485194281398
G2,W0034F0002T0006Z000C1N48.png,38,0.06964285714285748,0.06964285714285748
G2,W0034F0002T0006Z000C1N48.png,39,0.09027777777777851,0.09027777777777851
G2,W0034F0002T0006Z000C1N48.png,40,0.09765034704381627,0.09765034704381627
G2,W0034F0002T0006Z000C1N48.png,41,0.005416666666666359,0.005416666666666359
G2,W0034F0002T0006Z000C1N48.png,42,0.06056017439061974,0.11166744402714507
G2,W0034F0002T0006Z000C1N48.png,43,0.04999999999999982,0.04999999999999982
G2,W0034F0002T0006Z000C1N48.png,44,1.2691655723348314,1.3400093283257397
G2,W0034F0002T0006Z000C1N48.png,45,0.0,0.0
G2,W0034F0002T0006Z000C1N48.png,46,0.08750892811593587,0.08750892811593587
G2,W0034F0002T0006Z000C1N48.png,47,0.08750892811593587,0.08750892811593587
G2,W0034F0002T0006Z000C1N48.png,48,0.07660323462854197,1.355249567012987
G2,W0034F0002T0006Z000C1N48.png,49,1.0562500000000001,1.0562500000000001
G2,W0034F0002T0006Z000C1N48.png,50,2.1575279274698858,2.1575279274698858
G2,W0034F0002T0006Z000C1N48.png,51,0.18168052317185793,0.18168052317185793
G2,W0034F0002T0006Z000C1N48.png,52,0.0,0.9884489111734607
G2,W0034F0002T0006Z000C1N48.png,53,0.05955076745902307,0.05955076745902307
G2,W0034F0002T0006Z000C1N48.png,54,0.08125,0.08125
G2,W0034F0002T0006Z000C1N48.png,55,2.35422566297758,2.40417027729365
G2,W0034F0002T0006Z000C1N48.png,56,0.0186338998124987,0.0186338998124987
G2,W0034F0002T0006Z000C1N48.png,57,2.5498638307869603,2.5498638307869603
G2,W0034F0002T0006Z000C1N48.png,58,2.4563851743975333,2.4563851743975333
G2,W0034F0002T0006Z000C1N48.png,59,0.05590169943749713,0.05590169943749713
G2,W0034F0002T0006Z000C1N48.png,60,0.11490485194281398,0.11490485194281398
G2,W0034F0002T0006Z000C1N48.png,61,0.08125,0.08125
G2,W0034F0002T0006Z000C1N48.png,62,1.3464285714285724,1.3506246192946805
G2,W0034F0002T0006Z000C1N48.png,63,0.02271006539648224,0.02271006539648224
G2,W0034F0002T0006Z000C1N48.png,64,1.1287610741427967,1.4374592385525233
G2,W0034F0002T0006Z000C1N48.png,65,0.651127494342612,0.8079735023845489
G2,W0034F0002T0006Z000C1N48.png,66,1.2575416625954252,2.142830729003873
G2,W0034F0002T0006Z000C1N48.png,67,0.0,0.0
G2,W0034F0002T0006Z000C1N48.png,68,0.0,0.0
G2,W0034F0002T0006Z000C1N48.png,69,0.1742500095175243,0.1742500095175243
G2,W0034F0002T0006Z000C1N48.png,70,0.0,0.0
G2,W0034F0002T0006Z000C1N48.png,71,0.08891329959954858,0.08891329959954858
G2,W0034F0002T0006Z000C1N48.png,72,0.05709667997526184,0.05709667997526184
G2,W0034F0002T0006Z000C1N48.png,73,0.060937500000000006,0.060937500000000006
G2,W0034F0002T0006Z000C1N48.png,74,0.11490485194281398,0.11490485194281398
G2,W0034F0002T0006Z000C1N48.png,75,0.12643417954096944,0.12643417954096944
G2,W0034F0002T0006Z000C1N48.png,76,1.0309249654041523,1.0422468548840893
G2,W0034F0002T0006Z000C1N48.png,77,1.54375,1.54375
G2,W0034F0002T0006Z000C1N51.png,1,0.07386363636363584,0.07386363636363584
G2,W0034F0002T0006Z000C1N51.png,2,0.531629000837285,0.531629000837285
G2,W0034F0002T0006Z000C1N51.png,3,0.0383016173142719,0.0383016173142719
G2,W0034F0002T0006Z000C1N51.png,4,0.0,0.0
G2,W0034F0002T0006Z000C1N51.png,5,0.060560174390619476,0.060560174390619476
G2,W0034F0002T0006Z000C1N51.png,6,0.025534411542847867,0.025534411542847867
G2,W0034F0002T0006Z000C1N51.png,7,0.0695892857063571,0.0695892857063571
G2,W0034F0002T0006Z000C1N51.png,8,0.29169642705311744,0.29169642705311744
G2,W0034F0002T0006Z000C1N51.png,9,0.0541666666666659,0.0541666666666659
G2,W0034F0002T0006Z000C1N51.png,10,0.01767766952966444,0.01767766952966444
G2,W0034F0002T0006Z000C1N51.png,11,0.059657587763651376,0.059657587763651376
G2,W0034F0002T0006Z000C1N51.png,12,0.042763157894737364,0.042763157894737364
G2,W0034F0002T0006Z000C1N51.png,13,0.0,0.0
G2,W0034F0002T0006Z000C1N51.png,14,0.11490485194281398,0.11490485194281398
G2,W0034F0002T0006Z000C1N51.png,15,0.07052302927901505,0.07052302927901505
G2,W0034F0002T0006Z000C1N51.png,16,0.07695559204460944,0.07695559204460944
G2,W0034F0002T0006Z000C1N51.png,17,0.0,0.0
G2,W0034F0002T0006Z000C1N51.png,18,0.2846972380637215,0.2846972380637215
G2,W0034F0002T0006Z000C1N51.png,19,0.08125,0.08125
G2,W0034F0002T0006Z000C1N51.png,20,1.0932918136508285,1.0932918136508285
G2,W0034F0002T0006Z000C1N51.png,21,0.05745242597140699,0.05745242597140699
G2,W0034F0002T0006Z000C1N51.png,22,0.0990959703412223,0.0990959703412223
G2,W0034F0002T0006Z000C1N51.png,23,0.007181553246425874,0.007181553246425874
G2,W0034F0002T0006Z000C1N51.png,24,0.08750892811593565,0.08750892811593565
G2,W0034F0002T0006Z000C1N51.png,25,0.06499999999999931,0.06499999999999931
G2,W0034F0002T0006Z000C1N51.png,26,0.07323776028286229,0.07323776028286229
G2,W0034F0002T0006Z000C1N51.png,27,0.11490485194281398,0.11490485194281398
G2,W0034F0002T0006Z000C1N51.png,28,0.0,0.0
G2,W0034F0002T0006Z000C1N51.png,29,0.07267220926874317,0.07267220926874317
G2,W0034F0002T0006Z000C1N51.png,30,0.0,0.0
G2,W0034F0002T0006Z000C1N51.png,31,0.0,0.0
G2,W0034F0002T0006Z000C1N51.png,32,0.11490485194281398,0.11490485194281398
G2,W0034F0002T0006Z000C1N51.png,33,0.07267220926874421,0.07267220926874421
G2,W0034F0002T0006Z000C1N51.png,34,0.032500000000000466,0.032500000000000466
G2,W0034F0002T0006Z000C1N51.png,35,0.046428571428571264,0.046428571428571264
G2,W0034F0002T0006Z000C1N51.png,36,1.106910113785217,1.1116710394716607
G2,W0034F0002T0006Z000C1N51.png,37,0.09357977743560816,0.09357977743560816
G2,W0034F0002T0006Z000C1N51.png,38,0.11490485194281398,0.11490485194281398
G2,W0034F0002T0006Z000C1N51.png,39,0.032499999999999564,0.032499999999999564
G2,W0034F0002T0006Z000C1N51.png,40,0.06589659407823067,0.06589659407823067
G2,W0034F0002T0006Z000C1N51.png,41,0.018168052317186826,0.018168052317186826
G2,W0034F0002T0006Z000C1N51.png,42,0.08125,0.08125
G2,W0034F0002T0006Z000C1N51.png,43,0.2916964270531191,0.2916964270531191
G2,W0034F0002T0006Z000C1N51.png,44,0.9777045821719347,0.9777045821719347
G2,W0034F0002T0006Z000C1N51.png,45,0.05803571428571333,0.05803571428571333
G2,W0034F0002T0006Z000C1N51.png,46,0.07660323462854401,0.07660323462854401
G2,W0034F0002T0006Z000C1N51.png,47,0.027083333333333383,0.027083333333333383
G2,W0034F0002T0006Z000C1N51.png,48,0.11490485194281398,0.11490485194281398
G2,W0034F0002T0006Z000C1N51.png,49,0.65,0.65
G2,W0034F0002T0006Z000C1N51.png,50,0.03952847075210351,0.03952847075210351
G2,W0034F0002T0006Z000C1N51.png,51,0.9577319217963747,0.9826809718118644
G2,W0034F0003T0006Z000C1N41.png,1,5.345237366104521,5.724522359987774
G2,W0034F0003T0006Z000C1N41.png,2,0.0760947201008134,0.0760947201008134
G2,W0034F0003T0006Z000C1N41.png,3,0.2621512867012875,0.2621512867012875
G2,W0034F0003T0006Z000C1N41.png,4,0.060937500000000006,0.060937500000000006
G2,W0034F0003T0006Z000C1N41.png,5,0.07267220926874317,0.07267220926874317
G2,W0034F0003T0006Z000C1N41.png,6,0.055887982203261875,0.055887982203261875
G2,W0034F0003T0006Z000C1N41.png,7,0.08125,0.08125
G2,W0034F0003T0006Z000C1N41.png,8,0.08466673301049364,0.08466673301049364
G2,W0034F0003T0006Z000C1N41.png,9,0.06958928570635742,0.06958928570635742
G2,W0034F0003T0006Z000C1N41.png,10,0.08750892811593587,0.08750892811593587
G2,W0034F0003T0006Z000C1N41.png,11,0.12820508323520907,0.12820508323520907
G2,W0034F0003T0006Z000C1N41.png,12,0.0902777777777778,0.0902777777777778
G2,W0034F0003T0006Z000C1N41.png,13,0.02499999999999991,0.02499999999999991
G2,W0034F0003T0006Z000C1N41.png,14,0.08750892811593587,0.08750892811593587
G2,W0034F0003T0006Z000C1N41.png,15,0.07274086512653961,0.07274086512653961
G2,W0034F0003T0006Z000C1N41.png,16,0.5138701197773617,1.14904851942814
G2,W0034F0003T0006Z000C1N41.png,17,1.9918682342213303,2.476459481295828
G2,W0034F0002T0006Z000C1N56.png,1,0.0,0.0
G2,W0034F0002T0006Z000C1N56.png,2,0.0,0.0
G2,W0034F0002T0006Z000C1N56.png,3,0.0,0.0
G2,W0034F0002T0006Z000C1N56.png,4,0.11490485194281398,0.11490485194281398
G2,W0034F0002T0006Z000C1N56.png,5,0.08029220621521276,0.08029220621521276
G2,W0034F0002T0006Z000C1N56.png,6,0.0,0.0
G2,W0034F0002T0006Z000C1N56.png,7,0.0,0.0
G2,W0034F0002T0006Z000C1N56.png,8,0.08125,0.08125
G2,W0034F0002T0006Z000C1N56.png,9,0.06689530430826304,0.06689530430826304
G2,W0034F0002T0006Z000C1N56.png,10,0.0,0.0
G2,W0034F0002T0006Z000C1N56.png,11,0.0541666666666659,0.0541666666666659
G2,W0034F0002T0006Z000C1N56.png,12,0.11490485194281398,0.11490485194281398
G2,W0034F0002T0006Z000C1N56.png,13,0.0,0.0
G2,W0034F0002T0006Z000C1N56.png,14,0.0,0.0
G2,W0034F0002T0006Z000C1N56.png,15,0.05340002340823428,0.05340002340823428
G2,W0034F0002T0006Z000C1N56.png,16,0.0,0.0
G2,W0034F0002T0006Z000C1N56.png,17,0.06589659407823172,0.06589659407823172
G2,W0034F0002T0006Z000C1N56.png,18,0.05803571428571495,0.05803571428571495
G2,W0034F0002T0006Z000C1N56.png,19,0.0,0.0
G2,W0034F0002T0006Z000C1N56.png,20,0.075438556689247,0.075438556689247
G2,W0034F0002T0006Z000C1N56.png,21,0.0,0.0
G2,W0034F0002T0006Z000C1N56.png,22,0.052659648681878016,0.052659648681878016
G2,W0034F0002T0006Z000C1N56.png,23,0.0,0.0
G2,W0034F0002T0006Z000C1N56.png,24,0.019080933177549202,0.019080933177549202
G2,W0034F0002T0006Z000C1N56.png,25,0.0,0.0
G2,W0034F0002T0006Z000C1N56.png,26,0.07660323462854238,0.07660323462854238
G2,W0034F0002T0006Z000C1N56.png,27,0.07558139534883619,0.07558139534883619
G2,W0034F0002T0006Z000C1N56.png,28,0.024447840838896243,0.024447840838896243
G2,W0034F0002T0006Z000C1N56.png,29,0.0,0.0
G2,W0034F0002T0006Z000C1N56.png,30,0.0,0.0
G2,W0034F0002T0006Z000C1N56.png,31,0.0,0.0
G2,W0034F0002T0006Z000C1N56.png,32,0.0,0.0
G2,W0034F0002T0006Z000C1N56.png,33,0.07660323462854238,0.07660323462854238
G2,W0034F0002T0006Z000C1N56.png,34,0.08265366481983193,0.08265366481983193
G2,W0034F0002T0006Z000C1N56.png,35,0.08125,0.08125
G2,W0034F0002T0006Z000C1N56.png,36,0.07847188080336515,0.07847188080336515
G2,W0034F0002T0006Z000C1N56.png,37,0.07686270270544988,0.07686270270544988
G2,W0034F0002T0006Z000C1N56.png,38,0.0,0.0
G2,W0034F0002T0006Z000C1N56.png,39,0.07032397301629033,0.07032397301629033
G2,W0034F0002T0006Z000C1N56.png,40,0.0,0.0
G2,W0034F0002T0006Z000C1N56.png,41,0.03292454629484899,0.03292454629484899
G2,W0034F0002T0006Z000C1N56.png,42,0.02708333333333295,0.02708333333333295
G2,W0034F0002T0006Z000C1N56.png,43,0.0,0.0
G2,W0034F0002T0006Z000C1N56.png,44,0.0,0.0
G2,W0034F0002T0006Z000C1N56.png,45,0.0,0.0
G2,W0034F0002T0006Z000C1N56.png,46,0.03190498400775574,0.03190498400775574
G2,W0034F0002T0006Z000C1N56.png,47,0.0,0.0
G2,W0034F0002T0006Z000C1N56.png,48,0.07660323462854156,0.07660323462854156
G2,W0034F0002T0006Z000C1N56.png,49,0.0,0.0
G2,W0034F0002T0006Z000C1N56.png,50,0.09030088593142438,0.09030088593142438
G2,W0034F0002T0006Z000C1N56.png,51,0.08536934655257064,0.08536934655257064
G2,W0034F0002T0006Z000C1N56.png,52,0.04542013079296448,0.04542013079296448
G2,W0034F0002T0006Z000C1N56.png,53,0.08125,0.08125
G2,W0034F0002T0006Z000C1N56.png,54,0.0,0.0
G2,W0034F0002T0006Z000C1N56.png,55,0.0,0.0
G2,W0034F0002T0006Z000C1N56.png,56,0.032499999999998155,0.032499999999998155
G2,W0034F0002T0006Z000C1N56.png,57,0.0,0.0
G2,W0034F0002T0006Z000C1N56.png,58,0.033447652154133485,0.033447652154133485
G2,W0034F0002T0006Z000C1N56.png,59,0.08144476655992122,0.08144476655992122
G2,W0034F0002T0006Z000C1N56.png,60,0.0,0.0
G2,W0034F0002T0006Z000C1N56.png,61,0.06500000000000093,0.06500000000000093
G2,W0034F0002T0006Z000C1N56.png,62,0.08024588691883673,0.08024588691883673
G2,W0034F0002T0006Z000C1N56.png,63,0.03028008719530793,0.03028008719530793
G2,W0034F0002T0006Z000C1N56.png,64,0.0,0.0
G2,W0034F0002T0006Z000C1N56.png,65,0.040625,0.040625
G2,W0034F0002T0006Z000C1N56.png,66,0.0,0.0
G2,W0034F0002T0006Z000C1N56.png,67,0.0,0.0
G2,W0034F0002T0006Z000C1N56.png,68,0.0,0.0
G2,W0034F0002T0006Z000C1N56.png,69,0.08125,0.08125
G2,W0034F0002T0006Z000C1N56.png,70,0.06688636749760553,0.06688636749760553
G2,W0034F0002T0006Z000C1N56.png,71,0.08125,0.08125
G2,W0034F0002T0006Z000C1N56.png,72,0.0861390620829424,0.0861390620829424
G2,W0034F0001T0006Z000C1N27.png,1,0.0771993777410875,0.0771993777410875
G2,W0034F0001T0006Z000C1N27.png,2,0.08125,0.08125
G2,W0034F0001T0006Z000C1N27.png,3,0.0,0.0
G2,W0034F0001T0006Z000C1N27.png,4,0.05416666666666821,0.05416666666666821
G2,W0034F0001T0006Z000C1N27.png,5,0.09013878188659966,0.09013878188659966
G2,W0034F0001T0006Z000C1N27.png,6,0.04642857142857141,0.04642857142857141
G2,W0034F0001T0006Z000C1N27.png,7,0.0,0.0
G2,W0034F0001T0006Z000C1N27.png,8,0.08207489424486765,0.08207489424486765
G2,W0034F0001T0006Z000C1N27.png,9,0.10000069614371117,0.10000069614371117
G2,W0034F0001T0006Z000C1N27.png,10,0.040625,0.040625
G2,W0034F0001T0006Z000C1N27.png,11,0.04999999999999982,0.04999999999999982
G2,W0034F0001T0006Z000C1N27.png,12,0.0,0.0
G2,W0034F0001T0006Z000C1N27.png,13,0.032500000000000466,0.032500000000000466
G2,W0034F0001T0006Z000C1N27.png,14,0.0,0.0
G2,W0034F0001T0006Z000C1N27.png,15,0.08125,0.08125
G2,W0034F0001T0006Z000C1N27.png,16,0.09765034704381723,0.09765034704381723
G2,W0034F0001T0006Z000C1N27.png,17,0.07914541692591431,0.07914541692591431
G2,W0034F0001T0006Z000C1N27.png,18,0.07660323462854238,0.07660323462854238
G2,W0034F0001T0006Z000C1N27.png,19,0.03526340337699415,0.03526340337699415
G2,W0034F0001T0006Z000C1N27.png,20,0.07660323462854238,0.07660323462854238
G2,W0034F0001T0006Z000C1N27.png,21,0.08886236101066448,0.08886236101066448
G2,W0034F0001T0006Z000C1N27.png,22,0.052232142857144837,0.052232142857144837
G2,W0034F0001T0006Z000C1N27.png,23,0.0,0.0
G2,W0034F0001T0006Z000C1N27.png,24,0.03830161731426997,0.03830161731426997
G2,W0034F0001T0006Z000C1N27.png,25,1.38125,1.38125
G2,W0034F0001T0006Z000C1N27.png,26,0.07267220926874421,0.07267220926874421
G2,W0034F0001T0006Z000C1N27.png,27,0.0,0.0
G2,W0034F0001T0006Z000C1N27.png,28,0.08750892811593587,0.08750892811593587
G2,W0034F0001T0006Z000C1N27.png,29,0.0,0.0
G2,W0034F0001T0006Z000C1N27.png,30,0.0,0.0
G2,W0034F0001T0006Z000C1N27.png,31,0.045961940777124614,0.045961940777124614
G2,W0034F0001T0006Z000C1N27.png,32,0.0,0.0
G2,W0034F0001T0006Z000C1N27.png,33,0.05617991096370393,0.05617991096370393
G2,W0034F0001T0006Z000C1N27.png,34,0.04624478615923798,0.04624478615923798
G2,W0034F0001T0006Z000C1N27.png,35,0.07267220926874421,0.07267220926874421
G2,W0034F0001T0006Z000C1N27.png,36,0.08125,0.08125
G2,W0034F0001T0006Z000C1N27.png,37,0.08125,0.08125
G2,W0034F0001T0006Z000C1N27.png,38,0.0,0.0
G2,W0034F0001T0006Z000C1N27.png,39,0.07367463192231755,0.07367463192231755
G2,W0034F0001T0006Z000C1N27.png,40,0.08279565481415205,0.08279565481415205
G2,W0034F0001T0006Z000C1N27.png,41,0.03693181818181808,0.03693181818181808
G2,W0034F0001T0006Z000C1N27.png,42,0.08125,0.08125
G2,W0034F0001T0006Z000C1N27.png,43,0.04642857142857242,0.04642857142857242
G2,W0034F0001T0006Z000C1N27.png,44,0.12790108511781992,0.12790108511781992
G2,W0034F0001T0006Z000C1N27.png,45,0.046428571428571264,0.046428571428571264
G2,W0034F0001T0006Z000C1N27.png,46,0.05078125,0.05078125
G2,W0034F0001T0006Z000C1N27.png,47,0.0776598808830227,0.0776598808830227
G2,W0034F0001T0006Z000C1N27.png,48,0.8636993472846903,0.8636993472846903
G2,W0034F0001T0006Z000C1N27.png,49,0.03830161731427242,0.03830161731427242
G2,W0034F0001T0006Z000C1N27.png,50,0.12830883003206614,0.12830883003206614
G2,W0034F0001T0006Z000C1N27.png,51,1.3126339217390353,1.3126339217390353
G2,W0034F0001T0006Z000C1N27.png,52,0.05709667997526184,0.05709667997526184
G2,W0034F0001T0006Z000C1N27.png,53,0.08002196963959397,0.08002196963959397
G2,W0034F0001T0006Z000C1N27.png,54,0.21125318875144275,0.21125318875144275
G2,W0034F0001T0006Z000C1N27.png,55,0.09027777777777712,0.09027777777777712
G2,W0034F0001T0006Z000C1N27.png,56,0.04642857142857242,0.04642857142857242
G2,W0034F0001T0006Z000C1N27.png,57,0.06090951492389675,0.06090951492389675
G2,W0034F0001T0006Z000C1N27.png,58,0.07323776028286229,0.07323776028286229
G2,W0034F0001T0006Z000C1N27.png,59,1.2720880503379082,1.2720880503379082
G2,W0034F0001T0006Z000C1N27.png,60,4.14375,4.14375
G2,W0034F0001T0006Z000C1N27.png,61,0.117707821205048,0.117707821205048
G2,W0034F0001T0006Z000C1N27.png,62,0.10445895631164974,0.10445895631164974
G2,W0034F0001T0006Z000C1N27.png,63,0.07987873462254001,0.07987873462254001
G2,W0034F0003T0006Z000C1N9.png,1,5.9150892850404215,15.934945873770642
G2,W0034F0003T0006Z000C1N9.png,2,1.7336544961582925,14.178119679594047
G2,W0034F0003T0006Z000C1N9.png,3,1.963494970709118,12.214553307427988
G2,W0034F0003T0006Z000C1N9.png,4,1.760624987674043,10.508682339565171
G2,W0034F0003T0006Z000C1N9.png,5,4.293284990184607,10.312065857864972
G2,W0034F0003T0006Z000C1N9.png,6,4.970382003993757,10.628000036019243
G2,W0034F0003T0006Z000C1N9.png,7,1.1777747324138432,7.006899849991615
G2,W0034F0003T0006Z000C1N9.png,8,5.132848411213797,11.63562182749594
G2,W0034F0003T0006Z000C1N9.png,9,4.476401149503417,10.16963913363785
G2,W0034F0003T0006Z000C1N9.png,10,0.08125,0.08125
G2,W0034F0003T0006Z000C1N9.png,11,1.955282558305193,5.011304116226883
G2,W0034F0003T0006Z000C1N9.png,12,0.5859020822628983,2.2633630950424193
G2,W0034F0003T0006Z000C1N9.png,13,3.2397706522446,6.999340533007558
G2,W0034F0003T0006Z000C1N9.png,14,0.03830161731427078,0.03830161731427078
G2,W0034F0003T0006Z000C1N8.png,1,0.08736736599340168,0.08736736599340168
G2,W0034F0003T0006Z000C1N8.png,2,0.919238815542512,0.919238815542512
G2,W0034F0003T0006Z000C1N8.png,3,0.11490485194281398,0.11490485194281398
G2,W0034F0003T0006Z000C1N8.png,4,0.03250000000000003,0.03250000000000003
G2,W0034F0003T0006Z000C1N8.png,5,0.11490485194281398,0.11490485194281398
G2,W0034F0003T0006Z000C1N8.png,6,0.03190498400775559,0.03190498400775559
G2,W0034F0003T0006Z000C1N8.png,7,0.0,0.1625
G2,W0034F0003T0006Z000C1N8.png,8,0.08750892811593565,0.08750892811593565
G2,W0034F0003T0006Z000C1N8.png,9,0.06936717923885584,0.06936717923885584
G2,W0034F0003T0006Z000C1N8.png,10,0.9510068677459697,1.0686768980847299
G2,W0034F0003T0006Z000C1N8.png,11,0.040625,0.040625
G2,W0034F0003T0006Z000C1N8.png,12,0.15426673429045498,2.081093703581465
G2,W0034F0003T0006Z000C1N8.png,13,0.0,0.0
G2,W0034F0003T0006Z000C1N8.png,14,0.06601562500000001,0.06601562500000001
G2,W0034F0003T0006Z000C1N8.png,15,0.09765034704381627,0.09765034704381627
G2,W0034F0003T0006Z000C1N8.png,16,1.0180595819990106,1.482673366760191
G2,W0034F0003T0006Z000C1N8.png,17,0.8502959043768237,1.5120360858789048
G2,W0034F0003T0006Z000C1N8.png,18,0.11490485194281398,0.11490485194281398
G2,W0034F0003T0006Z000C1N8.png,19,0.0667981880176218,0.0667981880176218
G2,W0034F0003T0006Z000C1N8.png,20,0.0935797774356081,0.0935797774356081
G2,W0034F0003T0006Z000C1N8.png,21,0.046428571428571264,0.046428571428571264
G2,W0034F0003T0006Z000C1N8.png,22,0.07660323462854278,0.12112034878123817
G2,W0034F0003T0006Z000C1N8.png,23,0.08125,0.08125
G2,W0034F0003T0006Z000C1N8.png,24,1.0917640700820954,1.6846181668424325
G2,W0034F0003T0006Z000C1N8.png,25,0.40625,2.3280641770578403
G2,W0034F0003T0006Z000C1N8.png,26,0.06090951492389787,0.06090951492389787
G2,W0034F0003T0006Z000C1N8.png,27,0.04642857142857242,0.04642857142857242
G2,W0034F0003T0006Z000C1N8.png,28,0.0,0.0
G2,W0034F0003T0006Z000C1N8.png,29,0.11490485194281398,0.11490485194281398
G2,W0034F0003T0006Z000C1N8.png,30,0.11490485194281398,1.284675299443404
G2,W0034F0003T0006Z000C1N8.png,31,0.0,2.6800186566514794
G2,W0034F0003T0006Z000C1N8.png,32,0.0,0.9884489111734607
G2,W0034F0003T0006Z000C1N8.png,33,0.08125,1.105119478834755
G2,W0034F0003T0006Z000C1N8.png,34,0.09100137361600671,0.09100137361600671
G2,W0034F0003T0006Z000C1N8.png,35,0.08125,0.08125
G2,W0034F0003T0006Z000C1N8.png,36,0.07660323462854156,0.07660323462854156
G2,W0034F0003T0006Z000C1N8.png,37,0.07267220926874421,0.07267220926874421
G2,W0034F0003T0006Z000C1N8.png,38,0.08125,0.08125
G2,W0034F0003T0006Z000C1N8.png,39,0.0,0.0
G2,W0034F0003T0006Z000C1N8.png,40,0.08125,0.08125
G2,W0034F0003T0006Z000C1N8.png,41,0.08125,0.08125
G2,W0034F0003T0006Z000C1N8.png,42,0.028726212985703495,0.028726212985703495
G2,W0034F0003T0006Z000C1N8.png,43,0.0,0.0
G2,W0034F0003T0006Z000C1N8.png,44,0.04178358252466,0.04178358252466
G2,W0034F0003T0006Z000C1N8.png,45,0.43754464057967846,0.6942003043070494
G2,W0034F0003T0006Z000C1N8.png,46,0.6277353142662259,0.6277353142662259
G2,W0034F0003T0006Z000C1N8.png,47,0.582211323756422,1.848562769078857
G2,W0034F0003T0006Z000C1N8.png,48,0.4844813951249548,2.1448905695991933
G2,W0034F0003T0006Z000C1N8.png,49,0.028726212985703495,0.028726212985703495
G2,W0034F0003T0006Z000C1N8.png,50,0.45316409420980414,0.45316409420980414
G2,W0034F0003T0006Z000C1N8.png,51,0.032500000000000466,0.032500000000000466
G2,W0034F0003T0006Z000C1N8.png,52,0.09013878188660039,0.09013878188660039
G2,W0034F0003T0006Z000C1N8.png,53,0.03830161731427242,0.03830161731427242
G2,W0034F0003T0006Z000C1N8.png,54,0.0,0.0
G2,W0034F0003T0006Z000C1N8.png,55,0.11490485194281398,0.11490485194281398
G2,W0034F0003T0006Z000C1N8.png,56,0.08125,0.08125
G2,W0034F0003T0006Z000C1N8.png,57,0.520253844291419,0.520253844291419
G2,W0034F0003T0006Z000C1N8.png,58,0.6035714285714276,0.6250637722566825
G2,W0034F0003T0006Z000C1N8.png,59,0.8475449955791433,0.8475449955791433
G2,W0034F0002T0006Z000C1N43.png,1,0.08125,0.08125
G2,W0034F0002T0006Z000C1N43.png,2,0.039412039068403966,0.039412039068403966
G2,W0034F0002T0006Z000C1N43.png,3,0.053542783268104056,0.053542783268104056
G2,W0034F0002T0006Z000C1N43.png,4,0.11490485194281398,0.11490485194281398
G2,W0034F0002T0006Z000C1N43.png,5,0.017105263157894648,0.017105263157894648
G2,W0034F0002T0006Z000C1N43.png,6,0.07603453162872748,0.07603453162872748
G2,W0034F0002T0006Z000C1N43.png,7,0.08125,0.08125
G2,W0034F0002T0006Z000C1N43.png,8,0.07854161807622244,0.07854161807622244
G2,W0034F0002T0006Z000C1N43.png,9,0.11490485194281398,0.11490485194281398
G2,W0034F0002T0006Z000C1N43.png,10,0.03425800798515805,0.03425800798515805
G2,W0034F0002T0006Z000C1N43.png,11,0.08125,0.08125
G2,W0034F0002T0006Z000C1N43.png,12,0.08560236129830776,0.08560236129830776
G2,W0034F0002T0006Z000C1N43.png,13,0.040625,0.040625
G2,W0034F0002T0006Z000C1N43.png,14,0.07432197775591651,0.07432197775591651
G2,W0034F0002T0006Z000C1N43.png,15,0.1027740239554716,0.1027740239554716
G2,W0034F0002T0006Z000C1N43.png,16,0.57452425971407,0.8365199489551939
G2,W0034F0002T0006Z000C1N43.png,17,0.06728908265624331,0.06728908265624331
G2,W0034F0002T0006Z000C1N43.png,18,0.8285906709588275,2.1125000000000003
G2,W0034F0002T0006Z000C1N43.png,19,0.059499847597246164,0.059499847597246164
G2,W0034F0002T0006Z000C1N43.png,20,0.08125,0.08125
G2,W0034F0002T0006Z000C1N43.png,21,0.0919238815542525,0.0919238815542525
G2,W0034F0002T0006Z000C1N43.png,22,1.4777128286922443,1.4777128286922443
G2,W0034F0002T0006Z000C1N43.png,23,0.06373774391991026,0.06373774391991026
G2,W0034F0002T0006Z000C1N43.png,24,0.0,0.0
G2,W0034F0002T0006Z000C1N43.png,25,0.05104859036782752,0.05104859036782752
G2,W0034F0002T0006Z000C1N43.png,26,0.07609472010081425,0.07609472010081425
G2,W0034F0002T0006Z000C1N43.png,27,0.08891329959954858,0.08891329959954858
G2,W0034F0002T0006Z000C1N43.png,28,0.06510023136254361,0.06510023136254361
G2,W0034F0002T0006Z000C1N43.png,29,0.057352941176470384,0.057352941176470384
G2,W0034F0002T0006Z000C1N43.png,30,0.08125,0.08125
G2,W0034F0002T0006Z000C1N43.png,31,0.65,0.65
G2,W0034F0002T0006Z000C1N43.png,32,1.4048484893737596,1.4048484893737596
G2,W0034F0002T0006Z000C1N43.png,33,0.07660323462854238,0.07660323462854238
G2,W0034F0002T0006Z000C1N43.png,34,0.005803571428572418,0.005803571428572418
G2,W0034F0002T0006Z000C1N43.png,35,0.06813019618944673,0.06813019618944673
G2,W0034F0002T0006Z000C1N43.png,36,0.07267220926874421,0.07267220926874421
G2,W0034F0002T0006Z000C1N43.png,37,0.8788531233943475,1.0686768980847299
G2,W0034F0002T0006Z000C1N43.png,38,0.07323776028286229,0.07323776028286229
G2,W0034F0002T0006Z000C1N43.png,39,0.06809890792318522,0.06809890792318522
G2,W0034F0002T0006Z000C1N43.png,40,0.06936717923885517,0.06936717923885517
G2,W0034F0002T0006Z000C1N43.png,41,0.05745242597140699,0.05745242597140699
G2,W0034F0002T0006Z000C1N43.png,42,0.09192388155425167,0.09192388155425167
G2,W0034F0002T0006Z000C1N43.png,43,0.07863734785084253,0.07863734785084253
G2,W0034F0002T0006Z000C1N43.png,44,0.032500000000000466,0.032500000000000466
G2,W0034F0002T0006Z000C1N43.png,45,0.03362068965517313,0.03362068965517313
G2,W0034F0002T0006Z000C1N43.png,46,0.09459160805298507,0.09459160805298507
G2,W0034F0002T0006Z000C1N43.png,47,0.08617863895711048,0.08617863895711048
G2,W0034F0002T0006Z000C1N43.png,48,0.0,0.0
G2,W0034F0002T0006Z000C1N43.png,49,0.11490485194281398,0.11490485194281398
G2,W0034F0002T0006Z000C1N43.png,50,0.0790569415042103,0.0790569415042103
G2,W0034F0002T0006Z000C1N43.png,51,0.14508928571428506,0.14508928571428506
G2,W0034F0002T0006Z000C1N43.png,52,0.04276315789473806,0.04276315789473806
G2,W0034F0002T0006Z000C1N43.png,53,0.07660323462854156,0.07660323462854156
G2,W0034F0002T0006Z000C1N43.png,54,0.05000000000000213,0.05000000000000213
G2,W0034F0002T0006Z000C1N43.png,55,0.11490485194281398,0.11490485194281398
G2,W0034F0002T0006Z000C1N43.png,56,0.9689627902499076,0.9689627902499076
G2,W0034F0002T0006Z000C1N43.png,57,0.08125,0.08125
G2,W0034F0002T0006Z000C1N43.png,58,0.0,0.0
G2,W0034F0002T0006Z000C1N43.png,59,0.06770833333333456,0.06770833333333456
G2,W0034F0002T0006Z000C1N43.png,60,0.0766032346285438,0.0766032346285438
G2,W0034F0002T0006Z000C1N43.png,61,0.04642857142857011,0.04642857142857011
G2,W0034F0002T0006Z000C1N43.png,62,0.08838834764831895,0.08838834764831895
G2,W0034F0002T0006Z000C1N55.png,1,0.0,0.0
G2,W0034F0002T0006Z000C1N55.png,2,0.0,0.0
G2,W0034F0002T0006Z000C1N55.png,3,0.0,0.0
G2,W0034F0002T0006Z000C1N55.png,4,0.0,0.0
G2,W0034F0002T0006Z000C1N55.png,5,0.07341001711105165,0.07341001711105165
G2,W0034F0002T0006Z000C1N55.png,6,0.0,0.0
G2,W0034F0002T0006Z000C1N55.png,7,0.07660323462854292,0.07660323462854292
G2,W0034F0002T0006Z000C1N55.png,8,0.07660323462854292,0.07660323462854292
G2,W0034F0002T0006Z000C1N55.png,9,0.08125,0.08125
G2,W0034F0002T0006Z000C1N55.png,10,0.0,0.0
G2,W0034F0002T0006Z000C1N55.png,11,0.09084026158592896,0.09084026158592896
G2,W0034F0002T0006Z000C1N55.png,12,0.08125,0.08125
G2,W0034F0002T0006Z000C1N55.png,13,0.0,0.0
G2,W0034F0002T0006Z000C1N55.png,14,0.0,0.0
G2,W0034F0002T0006Z000C1N55.png,15,0.0,0.0
G2,W0034F0002T0006Z000C1N55.png,16,0.08125,0.08125
G2,W0034F0002T0006Z000C1N55.png,17,0.0,0.0
G2,W0034F0002T0006Z000C1N55.png,18,0.0766032346285421,0.0766032346285421
G2,W0034F0002T0006Z000C1N55.png,19,0.0541666666666659,0.0541666666666659
G2,W0034F0002T0006Z000C1N55.png,20,0.08076358070800622,0.08076358070800622
G2,W0034F0002T0006Z000C1N55.png,21,0.0,0.0
G2,W0034F0002T0006Z000C1N55.png,22,0.0,0.0
G2,W0034F0002T0006Z000C1N55.png,23,0.032499999999999994,0.032499999999999994
G2,W0034F0002T0006Z000C1N55.png,24,0.0,0.0
G2,W0034F0002T0006Z000C1N55.png,25,0.0,0.0
G2,W0034F0002T0006Z000C1N55.png,26,0.0,0.0
G2,W0034F0002T0006Z000C1N55.png,27,0.09765034704381638,0.09765034704381638
G2,W0034F0002T0006Z000C1N55.png,28,0.05416666666666667,0.05416666666666667
G2,W0034F0002T0006Z000C1N55.png,29,0.0,0.0
G2,W0034F0002T0006Z000C1N55.png,30,0.0,0.0
G2,W0034F0002T0006Z000C1N55.png,31,0.0,0.0
G2,W0034F0002T0006Z000C1N55.png,32,0.08125,0.08125
G2,W0034F0002T0006Z000C1N55.png,33,0.08125,0.08125
G2,W0034F0002T0006Z000C1N55.png,34,0.08125,0.08125
G2,W0034F0002T0006Z000C1N55.png,35,0.0,0.0
G2,W0034F0002T0006Z000C1N55.png,36,0.10833333333333353,0.10833333333333353
G2,W0034F0002T0006Z000C1N55.png,37,0.08125,0.08125
G2,W0034F0002T0006Z000C1N55.png,38,0.0,0.0
G2,W0034F0002T0006Z000C1N55.png,39,0.08125,0.08125
G2,W0034F0002T0006Z000C1N55.png,40,0.0,0.0
G2,W0034F0002T0006Z000C1N55.png,41,0.0,0.0
G2,W0034F0002T0006Z000C1N55.png,42,0.0,0.0
G2,W0034F0002T0006Z000C1N55.png,43,0.09084026158592896,0.09084026158592896
G2,W0034F0002T0006Z000C1N55.png,44,0.0,0.0
G2,W0034F0002T0006Z000C1N55.png,45,0.040625,0.040625
G2,W0034F0002T0006Z000C1N55.png,46,0.0,0.0
G2,W0034F0002T0006Z000C1N55.png,47,0.0,0.0
G2,W0034F0002T0006Z000C1N55.png,48,0.22980970388562796,0.22980970388562796
G2,W0034F0002T0006Z000C1N55.png,49,0.0,0.0
G2,W0034F0002T0006Z000C1N55.png,50,0.0,0.0
G2,W0034F0002T0006Z000C1N55.png,51,0.0,0.0
G2,W0034F0002T0006Z000C1N55.png,52,0.07660323462854247,0.07660323462854247
G2,W0034F0002T0006Z000C1N55.png,53,0.05745242597140699,0.05745242597140699
G2,W0034F0002T0006Z000C1N55.png,54,0.11490485194281398,0.11490485194281398
G2,W0034F0002T0006Z000C1N55.png,55,0.0,0.0
G2,W0034F0002T0006Z000C1N55.png,56,0.0,0.0
G2,W0034F0002T0006Z000C1N55.png,57,0.0,0.0
G2,W0034F0002T0006Z000C1N55.png,58,0.041036907507483754,0.041036907507483754
G2,W0034F0002T0006Z000C1N55.png,59,0.0,0.0
G2,W0034F0002T0006Z000C1N55.png,60,0.0,0.0
G2,W0034F0002T0006Z000C1N55.png,61,0.11490485194281398,0.11490485194281398
G2,W0034F0002T0006Z000C1N55.png,62,0.0,0.0
G2,W0034F0002T0006Z000C1N55.png,63,0.08125,0.08125
G2,W0034F0002T0006Z000C1N55.png,64,0.08125,0.08125
G2,W0034F0002T0006Z000C1N55.png,65,0.0,0.0
G2,W0034F0002T0006Z000C1N55.png,66,0.0,0.0
G2,W0034F0002T0006Z000C1N55.png,67,0.0,0.0
G2,W0034F0002T0006Z000C1N55.png,68,0.0,0.0
G2,W0034F0002T0006Z000C1N55.png,69,0.10277402395547225,0.10277402395547225
G2,W0034F0002T0006Z000C1N55.png,70,0.0,0.0
G2,W0034F0002T0006Z000C1N55.png,71,0.0,0.0
G2,W0034F0002T0006Z000C1N55.png,72,0.0,0.0
G2,W0034F0002T0006Z000C1N55.png,73,0.325,0.325
G2,W0034F0002T0006Z000C1N55.png,74,0.11718041645257893,0.11718041645257893
G2,W0034F0002T0006Z000C1N55.png,75,0.0,0.0
G2,W0034F0002T0006Z000C1N55.png,76,0.0,0.0
G2,W0034F0002T0006Z000C1N55.png,77,0.0,0.0
G2,W0034F0002T0006Z000C1N55.png,78,0.0,0.0
G2,W0034F0002T0006Z000C1N55.png,79,0.06500000000000006,0.06500000000000006
G2,W0034F0002T0006Z000C1N55.png,80,0.0,0.0
G2,W0034F0002T0006Z000C1N55.png,81,0.0,0.0
G2,W0034F0002T0006Z000C1N55.png,82,0.0,0.0
G2,W0034F0002T0006Z000C1N55.png,83,0.0,0.0
G2,W0034F0002T0006Z000C1N55.png,84,0.0,0.0
G2,W0034F0002T0006Z000C1N55.png,85,0.0,0.0
G2,W0034F0002T0006Z000C1N55.png,86,0.0,0.0
G2,W0034F0002T0006Z000C1N55.png,87,0.11490485194281398,0.11490485194281398
G2,W0034F0002T0006Z000C1N55.png,88,0.0,0.0
G2,W0034F0002T0006Z000C1N55.png,89,0.11490485194281398,0.11490485194281398
G2,W0034F0002T0006Z000C1N55.png,90,0.0,0.0
G2,W0034F0002T0006Z000C1N55.png,91,0.0947529682912362,0.0947529682912362
G2,W0034F0002T0006Z000C1N55.png,92,0.06056017439061974,0.06056017439061974
G2,W0034F0002T0006Z000C1N55.png,93,0.1625,0.1625
G2,W0034F0002T0006Z000C1N55.png,94,0.0575814640314053,0.0575814640314053
G2,W0034F0002T0006Z000C1N55.png,95,0.054166666666666766,0.054166666666666766
G2,W0034F0002T0006Z000C1N55.png,96,0.0,0.0
G2,W0034F0002T0006Z000C1N55.png,97,0.03282995769794633,0.03282995769794633
G2,W0034F0002T0006Z000C1N55.png,98,0.0,0.0
G2,W0034F0002T0006Z000C1N55.png,99,0.0,0.0
G2,W0034F0002T0006Z000C1N55.png,100,0.08125,0.08125
G2,W0034F0002T0006Z000C1N55.png,101,0.11490485194281398,0.11490485194281398
G2,W0034F0002T0006Z000C1N55.png,102,0.08125,0.08125
G2,W0034F0002T0006Z000C1N55.png,103,0.0,0.0
G2,W0034F0002T0006Z000C1N55.png,104,0.0,0.0
G2,W0034F0002T0006Z000C1N55.png,105,0.11490485194281398,0.11490485194281398
G2,W0034F0002T0006Z000C1N55.png,106,0.0,0.0
G2,W0034F0002T0006Z000C1N55.png,107,0.040625,0.040625
G2,W0034F0002T0006Z000C1N55.png,108,0.07660323462854217,0.07660323462854217
G2,W0034F0002T0006Z000C1N55.png,109,0.0,0.0
G2,W0034F0002T0006Z000C1N55.png,110,0.11490485194281398,0.11490485194281398
G2,W0034F0002T0006Z000C1N55.png,111,0.1625,0.1625
G2,W0034F0002T0006Z000C1N55.png,112,0.0,0.0
G2,W0034F0002T0006Z000C1N55.png,113,0.11490485194281398,0.11490485194281398
G2,W0034F0002T0006Z000C1N55.png,114,0.0,0.0
G2,W0034F0002T0006Z000C1N55.png,115,0.11607142857142845,0.11607142857142845
G2,W0034F0002T0006Z000C1N55.png,116,0.08370029746612763,0.08370029746612763
G2,W0034F0002T0006Z000C1N55.png,117,0.11490485194281398,0.11490485194281398
G2,W0034F0002T0006Z000C1N55.png,118,0.11490485194281398,0.11490485194281398
G2,W0034F0002T0006Z000C1N55.png,119,0.054166666666666766,0.054166666666666766
G2,W0034F0002T0006Z000C1N55.png,120,0.0,0.0
G2,W0034F0002T0006Z000C1N55.png,121,0.07093039964541377,0.07093039964541377
G2,W0034F0002T0006Z000C1N55.png,122,0.0,0.0
G2,W0034F0002T0006Z000C1N55.png,123,0.0,0.0
G2,W0034F0002T0006Z000C1N55.png,124,0.0,0.0
G2,W0034F0002T0006Z000C1N55.png,125,0.22980970388562796,0.22980970388562796
G2,W0034F0002T0006Z000C1N55.png,126,0.0,0.0
G2,W0034F0002T0006Z000C1N55.png,127,0.06964285714285748,0.06964285714285748
G2,W0034F0002T0006Z000C1N55.png,128,0.0,0.0
G2,W0034F0002T0006Z000C1N55.png,129,0.0,0.0
G2,W0034F0002T0006Z000C1N55.png,130,0.0,0.0
G2,W0034F0002T0006Z000C1N55.png,131,0.08125,0.08125
G2,W0034F0002T0006Z000C1N55.png,132,0.06120633462252011,0.06120633462252011
G2,W0034F0002T0006Z000C1N55.png,133,0.08125,0.08125
G2,W0034F0002T0006Z000C1N55.png,134,0.07267220926874395,0.07267220926874395
G2,W0034F0002T0006Z000C1N55.png,135,0.08125,0.08125
G2,W0034F0002T0006Z000C1N55.png,136,0.0,0.0
G2,W0034F0002T0006Z000C1N55.png,137,0.0,0.0
G2,W0034F0002T0006Z000C1N55.png,138,0.0459619407771242,0.0459619407771242
G2,W0034F0002T0006Z000C1N55.png,139,0.09084026158592896,0.09084026158592896
G2,W0034F0002T0006Z000C1N55.png,140,0.08125,0.08125
G2,W0034F0002T0006Z000C1N55.png,141,0.0,0.0
G2,W0034F0002T0006Z000C1N55.png,142,0.08125,0.08125
G2,W0034F0002T0006Z000C1N55.png,143,0.0,0.0
G2,W0034F0002T0006Z000C1N55.png,144,0.36336104634371585,0.36336104634371585
G2,W0034F0002T0006Z000C1N55.png,145,0.0,0.0
G2,W0034F0002T0006Z000C1N55.png,146,0.0,0.0
G2,W0034F0002T0006Z000C1N55.png,147,0.06572321427822687,0.06572321427822687
G2,W0034F0002T0006Z000C1N55.png,148,0.05745242597140699,0.05745242597140699
G2,W0034F0002T0006Z000C1N55.png,149,0.0,0.0
G2,W0034F0002T0006Z000C1N55.png,150,0.0,0.0
G2,W0034F0002T0006Z000C1N55.png,151,0.0,0.0
G2,W0034F0002T0006Z000C1N55.png,152,0.0,0.0
G2,W0034F0002T0006Z000C1N55.png,153,0.0,0.0
G2,W0034F0002T0006Z000C1N55.png,154,0.027868520085658283,0.027868520085658283
G2,W0034F0002T0006Z000C1N55.png,155,0.0,0.0
G2,W0034F0002T0006Z000C1N55.png,156,0.0,0.0
G2,W0034F0002T0006Z000C1N55.png,157,0.0,0.0
G2,W0034F0002T0006Z000C1N55.png,158,0.0,0.0
G2,W0034F0002T0006Z000C1N55.png,159,0.0,0.0
G2,W0034F0002T0006Z000C1N55.png,160,0.0,0.0
G2,W0034F0002T0006Z000C1N55.png,161,0.040625,0.040625
G2,W0034F0002T0006Z000C1N55.png,162,0.0,0.0
G2,W0034F0002T0006Z000C1N55.png,163,0.0,0.0
G2,W0034F0002T0006Z000C1N55.png,164,0.0,0.0
G2,W0034F0002T0006Z000C1N55.png,165,0.11490485194281398,0.11490485194281398
G2,W0034F0002T0006Z000C1N55.png,166,0.08125,0.08125
G2,W0034F0002T0006Z000C1N55.png,167,0.07267220926874395,0.07267220926874395
G2,W0034F0002T0006Z000C1N55.png,168,0.07660323462854197,0.07660323462854197
G2,W0034F0002T0006Z000C1N55.png,169,0.1625,0.1625
G2,W0034F0002T0006Z000C1N55.png,170,0.09540918701861129,0.09540918701861129
G2,W0034F0002T0006Z000C1N55.png,171,0.0,0.0
G2,W0034F0002T0006Z000C1N55.png,172,0.0,0.0
G2,W0034F0002T0006Z000C1N55.png,173,0.0,0.0
G2,W0034F0002T0006Z000C1N55.png,174,0.0,0.0
G2,W0034F0002T0006Z000C1N55.png,175,0.08125,0.08125
G2,W0034F0002T0006Z000C1N55.png,176,0.0,0.0
G2,W0034F0002T0006Z000C1N55.png,177,0.0,0.0
G2,W0034F0002T0006Z000C1N55.png,178,0.0,0.0
G2,W0034F0002T0006Z000C1N55.png,179,0.0,0.0
G2,W0034F0002T0006Z000C1N55.png,180,0.0,0.0
G2,W0034F0002T0006Z000C1N55.png,181,0.07323776028286229,0.07323776028286229
G2,W0034F0002T0006Z000C1N55.png,182,0.0,0.0
G2,W0034F0002T0006Z000C1N55.png,183,0.11490485194281398,0.11490485194281398
G2,W0034F0002T0006Z000C1N55.png,184,0.0541666666666659,0.0541666666666659
G2,W0034F0002T0006Z000C1N55.png,185,0.0,0.0
G2,W0034F0002T0006Z000C1N55.png,186,0.11490485194281398,0.11490485194281398
G2,W0034F0002T0006Z000C1N55.png,187,0.0,0.0
G2,W0034F0002T0006Z000C1N55.png,188,0.08125,0.08125
G2,W0034F0002T0006Z000C1N55.png,189,0.0,0.0
G2,W0034F0002T0006Z000C1N55.png,190,0.0,0.0
G2,W0034F0002T0006Z000C1N55.png,191,0.0,0.0
G2,W0034F0002T0006Z000C1N55.png,192,0.09084026158592896,0.09084026158592896
G2,W0034F0002T0006Z000C1N55.png,193,0.0726722092687429,0.0726722092687429
G2,W0034F0002T0006Z000C1N55.png,194,0.0,0.0
G2,W0034F0002T0006Z000C1N55.png,195,0.06056017439061974,0.06056017439061974
G2,W0034F0002T0006Z000C1N55.png,196,0.0,0.0
G2,W0034F0002T0006Z000C1N55.png,197,0.0,0.0
G2,W0034F0002T0006Z000C1N55.png,198,0.0,0.0
G2,W0034F0002T0006Z000C1N55.png,199,0.0,0.0
G2,W0034F0002T0006Z000C1N55.png,200,0.09084026158592896,0.09084026158592896
G2,W0034F0002T0006Z000C1N55.png,201,0.0,0.0
G2,W0034F0002T0006Z000C1N55.png,202,0.0,0.0
G2,W0034F0002T0006Z000C1N55.png,203,0.0,0.0
G2,W0034F0002T0006Z000C1N55.png,204,0.0,0.0
G2,W0034F0002T0006Z000C1N55.png,205,0.0,0.0
G2,W0034F0002T0006Z000C1N55.png,206,0.12846752994434044,0.12846752994434044
G2,W0034F0002T0006Z000C1N55.png,207,0.0,0.0
G2,W0034F0002T0006Z000C1N55.png,208,0.0,0.0
G2,W0034F0002T0006Z000C1N55.png,209,0.0,0.0
G2,W0034F0002T0006Z000C1N55.png,210,0.06964285714285748,0.06964285714285748
G2,W0034F0002T0006Z000C1N55.png,211,0.054166666666666474,0.054166666666666474
G2,W0034F0002T0006Z000C1N55.png,212,0.08125,0.08125
G2,W0034F0002T0006Z000C1N55.png,213,0.0,0.0
G2,W0034F0002T0006Z000C1N55.png,214,0.08125,0.08125
G2,W0034F0002T0006Z000C1N55.png,215,0.2569350598886809,0.2569350598886809
G2,W0034F0002T0006Z000C1N55.png,216,0.0,0.0
G2,W0034F0002T0006Z000C1N55.png,217,0.0,0.0
G2,W0034F0002T0006Z000C1N55.png,218,0.09084026158592896,0.09084026158592896
G2,W0034F0002T0006Z000C1N55.png,219,0.05745242597140699,0.05745242597140699
G2,W0034F0002T0006Z000C1N55.png,220,0.08125,0.08125
G2,W0034F0002T0006Z000C1N55.png,221,0.09084026158592896,0.09084026158592896
G2,W0034F0002T0006Z000C1N55.png,222,0.11490485194281398,0.11490485194281398
G2,W0034F0002T0006Z000C1N55.png,223,0.1625,0.1625
G2,W0034F0002T0006Z000C1N55.png,224,0.0,0.0
G2,W0034F0002T0006Z000C1N55.png,225,0.019500000000000017,0.019500000000000017
G2,W0034F0002T0006Z000C1N55.png,226,0.0,0.0
G2,W0034F0002T0006Z000C1N55.png,227,0.0,0.0
G2,W0034F0002T0006Z000C1N55.png,228,0.04671546543430584,0.04671546543430584
G2,W0034F0002T0006Z000C1N55.png,229,0.0,0.0
G2,W0034F0002T0006Z000C1N55.png,230,0.0,0.0
G2,W0034F0002T0006Z000C1N55.png,231,0.0,0.0
G2,W0034F0002T0006Z000C1N55.png,232,0.0,0.0
G2,W0034F0002T0006Z000C1N55.png,233,0.07267220926874395,0.07267220926874395
G2,W0034F0002T0006Z000C1N55.png,234,0.0,0.0
G2,W0034F0002T0006Z000C1N55.png,235,0.0,0.0
G2,W0034F0002T0006Z000C1N55.png,236,0.11490485194281398,0.11490485194281398
G2,W0034F0002T0006Z000C1N55.png,237,0.0,0.0
G2,W0034F0002T0006Z000C1N55.png,238,0.0,0.0
G2,W0034F0002T0006Z000C1N55.png,239,0.0,0.0
G2,W0034F0002T0006Z000C1N55.png,240,0.0,0.0
G2,W0034F0002T0006Z000C1N55.png,241,0.11490485194281398,0.11490485194281398
G2,W0034F0002T0006Z000C1N55.png,242,0.09848987309384101,0.09848987309384101
G2,W0034F0002T0006Z000C1N55.png,243,0.0,0.0
G2,W0034F0002T0006Z000C1N55.png,244,0.0766032346285432,0.0766032346285432
G2,W0034F0002T0006Z000C1N55.png,245,0.0,0.0
G2,W0034F0002T0006Z000C1N55.png,246,0.0,0.0
G2,W0034F0002T0006Z000C1N55.png,247,0.0,0.0
G2,W0034F0002T0006Z000C1N55.png,248,0.0,0.0
G2,W0034F0002T0006Z000C1N55.png,249,0.0,0.0
G2,W0034F0002T0006Z000C1N55.png,250,0.0,0.0
G2,W0034F0002T0006Z000C1N55.png,251,0.05416666666666821,0.05416666666666821
G2,W0034F0002T0006Z000C1N55.png,252,0.0,0.0
G2,W0034F0002T0006Z000C1N55.png,253,0.0,0.0
G2,W0034F0002T0006Z000C1N55.png,254,0.08125,0.08125
G2,W0034F0002T0006Z000C1N55.png,255,0.0,0.0
G2,W0034F0002T0006Z000C1N55.png,256,0.040625,0.040625
G2,W0034F0002T0006Z000C1N55.png,257,0.0,0.0
G2,W0034F0002T0006Z000C1N55.png,258,0.08125,0.08125
G2,W0034F0002T0006Z000C1N55.png,259,0.0,0.0
G2,W0034F0002T0006Z000C1N55.png,260,0.05416666666666705,0.05416666666666705
G2,W0034F0002T0006Z000C1N55.png,261,0.08125,0.08125
G2,W0034F0002T0006Z000C1N55.png,262,0.08125,0.08125
G2,W0034F0002T0006Z000C1N55.png,263,0.22980970388562796,0.22980970388562796
G2,W0034F0002T0006Z000C1N55.png,264,0.0,0.0
G2,W0034F0002T0006Z000C1N55.png,265,0.0,0.0
G2,W0034F0002T0006Z000C1N55.png,266,0.0,0.0
G2,W0034F0002T0006Z000C1N55.png,267,0.05745242597140699,0.05745242597140699
G2,W0034F0002T0006Z000C1N55.png,268,0.08125,0.08125
G2,W0034F0002T0006Z000C1N55.png,269,0.1625,0.1625
G2,W0034F0002T0006Z000C1N55.png,270,0.08125,0.08125
G2,W0034F0002T0006Z000C1N55.png,271,0.1625,0.1625
G2,W0034F0002T0006Z000C1N55.png,272,0.0,0.0
G2,W0034F0002T0006Z000C1N55.png,273,0.0,0.0
G2,W0034F0002T0006Z000C1N55.png,274,0.0,0.0
G2,W0034F0002T0006Z000C1N55.png,275,0.0,0.0
G2,W0034F0002T0006Z000C1N55.png,276,0.05416666666666705,0.05416666666666705
G2,W0034F0002T0006Z000C1N55.png,277,0.0,0.0
G2,W0034F0002T0006Z000C1N55.png,278,0.0,0.0
G2,W0034F0002T0006Z000C1N55.png,279,0.11490485194281398,0.11490485194281398
G2,W0034F0002T0006Z000C1N55.png,280,0.0,0.0
G2,W0034F0002T0006Z000C1N55.png,281,0.0,0.0
G2,W0034F0002T0006Z000C1N55.png,282,0.05583372201357259,0.05583372201357259
G2,W0034F0002T0006Z000C1N55.png,283,0.0,0.0
G2,W0034F0002T0006Z000C1N55.png,284,0.0,0.0
G2,W0034F0002T0006Z000C1N55.png,285,0.08837443571514668,0.08837443571514668
G2,W0034F0002T0006Z000C1N55.png,286,0.22980970388562796,0.22980970388562796
G2,W0034F0002T0006Z000C1N55.png,287,0.0,0.0
G2,W0034F0002T0006Z000C1N55.png,288,0.11490485194281398,0.11490485194281398
G2,W0034F0002T0006Z000C1N55.png,289,0.0,0.0
G2,W0034F0002T0006Z000C1N55.png,290,0.08125,0.08125
G2,W0034F0002T0006Z000C1N55.png,291,0.22980970388562796,0.22980970388562796
G2,W0034F0002T0006Z000C1N55.png,292,0.057352941176470384,0.057352941176470384
G2,W0034F0002T0006Z000C1N55.png,293,0.0,0.0
G2,W0034F0002T0006Z000C1N55.png,294,0.0,0.0
G2,W0034F0002T0006Z000C1N55.png,295,0.09192388155425167,0.09192388155425167
G2,W0034F0002T0006Z000C1N55.png,296,0.08370029746612852,0.08370029746612852
G2,W0034F0002T0006Z000C1N55.png,297,0.0,0.0
G2,W0034F0002T0006Z000C1N55.png,298,0.11490485194281398,0.11490485194281398
G2,W0034F0002T0006Z000C1N55.png,299,0.0,0.0
G2,W0034F0002T0006Z000C1N55.png,300,0.0,0.0
G2,W0034F0002T0006Z000C1N55.png,301,0.0,0.0
G2,W0034F0002T0006Z000C1N55.png,302,0.0,0.0
G2,W0034F0002T0006Z000C1N55.png,303,0.0,0.0
G2,W0034F0002T0006Z000C1N55.png,304,0.325,0.325
G2,W0034F0002T0006Z000C1N55.png,305,0.11490485194281398,0.11490485194281398
G2,W0034F0002T0006Z000C1N55.png,306,0.0,0.0
G2,W0034F0002T0006Z000C1N55.png,307,0.06513808583956932,0.06513808583956932
G2,W0034F0002T0006Z000C1N55.png,308,0.0,0.0
G2,W0034F0002T0006Z000C1N55.png,309,0.11490485194281398,0.11490485194281398
G2,W0034F0002T0006Z000C1N55.png,310,0.0,0.0
G2,W0034F0002T0006Z000C1N55.png,311,0.0,0.0
G2,W0034F0002T0006Z000C1N55.png,312,0.0,0.0
G2,W0034F0002T0006Z000C1N55.png,313,0.08125,0.08125
G2,W0034F0002T0006Z000C1N55.png,314,0.05745242597140699,0.05745242597140699
G2,W0034F0002T0006Z000C1N55.png,315,0.08125,0.08125
G2,W0034F0002T0006Z000C1N55.png,316,0.07444496268476306,0.07444496268476306
G2,W0034F0002T0006Z000C1N55.png,317,0.11490485194281398,0.11490485194281398
G2,W0034F0002T0006Z000C1N55.png,318,0.0,0.0
G2,W0034F0002T0006Z000C1N55.png,319,0.0,0.0
G2,W0034F0002T0006Z000C1N55.png,320,0.08125,0.08125
G2,W0034F0002T0006Z000C1N55.png,321,0.0,0.0
G2,W0034F0002T0006Z000C1N55.png,322,0.0,0.0
G2,W0034F0002T0006Z000C1N55.png,323,0.0,0.0
G2,W0034F0002T0006Z000C1N55.png,324,0.0,0.0
G2,W0034F0002T0006Z000C1N55.png,325,0.0,0.0
G2,W0034F0002T0006Z000C1N55.png,326,0.08125,0.08125
G2,W0034F0002T0006Z000C1N55.png,327,0.0,0.0
G2,W0034F0002T0006Z000C1N55.png,328,0.07490879871550522,0.07490879871550522
G2,W0034F0002T0006Z000C1N55.png,329,0.0,0.0
G2,W0034F0002T0006Z000C1N55.png,330,0.0,0.0
G2,W0034F0002T0006Z000C1N55.png,331,0.0,0.0
G2,W0034F0002T0006Z000C1N55.png,332,0.0,0.0
G2,W0034F0002T0006Z000C1N55.png,333,0.08125,0.08125
G2,W0034F0002T0006Z000C1N55.png,334,0.0,0.0
G2,W0034F0002T0006Z000C1N55.png,335,0.0,0.0
G2,W0034F0002T0006Z000C1N55.png,336,0.11490485194281398,0.11490485194281398
G2,W0034F0002T0006Z000C1N55.png,337,0.09848987309384101,0.09848987309384101
G2,W0034F0002T0006Z000C1N55.png,338,0.22980970388562796,0.22980970388562796
G2,W0034F0002T0006Z000C1N55.png,339,0.0,0.0
G2,W0034F0002T0006Z000C1N55.png,340,0.0,0.0
G2,W0034F0002T0006Z000C1N55.png,341,0.0,0.0
G2,W0034F0002T0006Z000C1N55.png,342,0.0,0.0
G2,W0034F0002T0006Z000C1N55.png,343,0.0,0.0
G2,W0034F0002T0006Z000C1N55.png,344,0.08125,0.08125
G2,W0034F0002T0006Z000C1N55.png,345,0.0,0.0
G2,W0034F0002T0006Z000C1N55.png,346,0.032499999999998155,0.032499999999998155
G2,W0034F0002T0006Z000C1N55.png,347,0.11490485194281398,0.11490485194281398
G2,W0034F0002T0006Z000C1N55.png,348,0.0,0.0
G2,W0034F0002T0006Z000C1N55.png,349,0.0,0.0
G2,W0034F0002T0006Z000C1N55.png,350,0.0,0.0
G2,W0034F0002T0006Z000C1N55.png,351,0.0,0.0
G2,W0034F0002T0006Z000C1N55.png,352,0.0,0.0
G2,W0034F0002T0006Z000C1N55.png,353,0.0,0.0
G2,W0034F0002T0006Z000C1N55.png,354,0.0,0.0
G2,W0034F0002T0006Z000C1N55.png,355,0.08370029746612823,0.08370029746612823
G2,W0034F0002T0006Z000C1N55.png,356,0.06647675520622415,0.06647675520622415
G2,W0034F0002T0006Z000C1N55.png,357,0.0,0.0
G2,W0034F0002T0006Z000C1N55.png,358,0.08564501996289349,0.08564501996289349
G2,W0034F0002T0006Z000C1N55.png,359,0.0,0.0
G2,W0034F0002T0006Z000C1N55.png,360,0.0,0.0
G2,W0034F0002T0006Z000C1N55.png,361,0.08125,0.08125
G2,W0034F0002T0006Z000C1N55.png,362,0.05416666666666705,0.05416666666666705
G2,W0034F0002T0006Z000C1N55.png,363,0.0,0.0
G2,W0034F0002T0006Z000C1N55.png,364,0.0,0.0
G2,W0034F0002T0006Z000C1N55.png,365,0.05416666666666667,0.05416666666666667
G2,W0034F0002T0006Z000C1N55.png,366,0.0,0.0
G2,W0034F0002T0006Z000C1N55.png,367,0.0,0.0
G2,W0034F0002T0006Z000C1N55.png,368,0.0,0.0
G2,W0034F0002T0006Z000C1N55.png,369,0.1083333333333341,0.1083333333333341
G2,W0034F0002T0006Z000C1N55.png,370,0.05745242597140699,0.05745242597140699
G2,W0034F0002T0006Z000C1N55.png,371,0.08886236101066346,0.08886236101066346
G2,W0034F0002T0006Z000C1N55.png,372,0.0,0.0
G2,W0034F0002T0006Z000C1N55.png,373,0.08125,0.08125
G2,W0034F0002T0006Z000C1N55.png,374,0.0,0.0
G2,W0034F0002T0006Z000C1N55.png,375,0.07660323462854156,0.07660323462854156
G2,W0034F0002T0006Z000C1N55.png,376,0.1625,0.1625
G2,W0034F0002T0006Z000C1N55.png,377,0.0,0.0
G2,W0034F0002T0006Z000C1N55.png,378,0.032500000000000466,0.032500000000000466
G2,W0034F0002T0006Z000C1N55.png,379,0.0,0.0
G2,W0034F0002T0006Z000C1N55.png,380,0.0,0.0
G2,W0034F0002T0006Z000C1N55.png,381,0.1625,0.1625
G2,W0034F0002T0006Z000C1N55.png,382,0.0,0.0
G2,W0034F0002T0006Z000C1N55.png,383,0.0541666666666659,0.0541666666666659
G2,W0034F0002T0006Z000C1N55.png,384,0.08125,0.08125
G2,W0034F0002T0006Z000C1N55.png,385,0.0,0.0
G2,W0034F0002T0006Z000C1N55.png,386,0.0,0.0
G2,W0034F0002T0006Z000C1N55.png,387,0.0,0.0
G2,W0034F0002T0006Z000C1N55.png,388,0.0,0.0
G2,W0034F0002T0006Z000C1N55.png,389,0.0,0.0
G2,W0034F0002T0006Z000C1N55.png,390,0.08125,0.08125
G2,W0034F0002T0006Z000C1N55.png,391,0.0541666666666659,0.0541666666666659
G2,W0034F0002T0006Z000C1N55.png,392,0.0,0.0
G2,W0034F0002T0006Z000C1N55.png,393,0.0,0.0
G2,W0034F0002T0006Z000C1N55.png,394,0.0,0.0
G2,W0034F0002T0006Z000C1N55.png,395,0.08125,0.08125
G2,W0034F0002T0006Z000C1N55.png,396,0.07660323462854207,0.07660323462854207
G2,W0034F0002T0006Z000C1N55.png,397,0.0,0.0
G2,W0034F0002T0006Z000C1N55.png,398,0.0,0.0
G2,W0034F0002T0006Z000C1N55.png,399,0.0,0.0
G2,W0034F0002T0006Z000C1N55.png,400,0.0,0.0
G2,W0034F0002T0006Z000C1N55.png,401,0.11490485194281398,0.11490485194281398
G2,W0034F0002T0006Z000C1N55.png,402,0.0,0.0
G2,W0034F0002T0006Z000C1N55.png,403,0.10420292702222694,0.10420292702222694
G2,W0034F0002T0006Z000C1N55.png,404,0.0875089281159357,0.0875089281159357
G2,W0034F0002T0006Z000C1N55.png,405,0.0,0.0
G2,W0034F0002T0006Z000C1N55.png,406,0.0,0.0
G2,W0034F0002T0006Z000C1N55.png,407,0.0,0.0
G2,W0034F0002T0006Z000C1N55.png,408,0.0,0.0
G2,W0034F0002T0006Z000C1N55.png,409,0.0,0.0
G2,W0034F0002T0006Z000C1N55.png,410,0.08125,0.08125
G2,W0034F0002T0006Z000C1N55.png,411,0.0,0.0
G2,W0034F0002T0006Z000C1N55.png,412,0.0,0.0
G2,W0034F0002T0006Z000C1N55.png,413,0.08125,0.08125
G2,W0034F0002T0006Z000C1N55.png,414,0.06373774391991015,0.06373774391991015
G2,W0034F0002T0006Z000C1N55.png,415,0.040625,0.040625
G2,W0034F0002T0006Z000C1N55.png,416,0.0,0.0
G2,W0034F0002T0006Z000C1N55.png,417,0.0,0.0
G2,W0034F0002T0006Z000C1N55.png,418,0.0,0.0
G2,W0034F0002T0006Z000C1N55.png,419,0.11490485194281398,0.11490485194281398
G2,W0034F0002T0006Z000C1N55.png,420,0.1625,0.1625
G2,W0034F0002T0006Z000C1N55.png,421,0.0,0.0
G2,W0034F0002T0006Z000C1N55.png,422,0.09732885169920916,0.09732885169920916
G2,W0034F0002T0006Z000C1N55.png,423,0.06964285714285748,0.06964285714285748
G2,W0034F0002T0006Z000C1N55.png,424,0.11490485194281398,0.11490485194281398
G2,W0034F0002T0006Z000C1N55.png,425,0.0,0.0
G2,W0034F0002T0006Z000C1N55.png,426,0.0,0.0
G2,W0034F0002T0006Z000C1N55.png,427,0.0,0.0
G2,W0034F0002T0006Z000C1N55.png,428,0.0,0.0
G2,W0034F0002T0006Z000C1N55.png,429,0.11490485194281398,0.11490485194281398
G2,W0034F0002T0006Z000C1N55.png,430,0.0,0.0
G2,W0034F0002T0006Z000C1N55.png,431,0.1625,0.1625
G2,W0034F0002T0006Z000C1N55.png,432,0.0,0.0
G2,W0034F0002T0006Z000C1N55.png,433,0.0,0.0
G2,W0034F0002T0006Z000C1N55.png,434,0.11490485194281398,0.11490485194281398
G2,W0034F0002T0006Z000C1N55.png,435,0.0,0.0
G2,W0034F0002T0006Z000C1N55.png,436,0.0,0.0
G2,W0034F0002T0006Z000C1N55.png,437,0.08125,0.08125
G2,W0034F0002T0006Z000C1N55.png,438,0.0,0.0
G2,W0034F0002T0006Z000C1N55.png,439,0.0,0.0
G2,W0034F0002T0006Z000C1N55.png,440,0.1625,0.1625
G2,W0034F0002T0006Z000C1N55.png,441,0.09084026158592896,0.09084026158592896
G2,W0034F0002T0006Z000C1N55.png,442,0.0,0.0
G2,W0034F0002T0006Z000C1N55.png,443,0.0,0.0
G2,W0034F0002T0006Z000C1N55.png,444,0.0,0.0
G2,W0034F0002T0006Z000C1N55.png,445,0.0,0.0
G2,W0034F0002T0006Z000C1N55.png,446,0.08125,0.08125
G2,W0034F0002T0006Z000C1N55.png,447,0.08125,0.08125
G2,W0034F0002T0006Z000C1N55.png,448,0.0,0.0
G2,W0034F0002T0006Z000C1N55.png,449,0.11490485194281398,0.11490485194281398
G2,W0034F0002T0006Z000C1N55.png,450,0.08125,0.08125
G2,W0034F0002T0006Z000C1N55.png,451,0.08125,0.08125
G2,W0034F0002T0006Z000C1N55.png,452,0.0,0.0
G2,W0034F0002T0006Z000C1N55.png,453,0.0,0.0
G2,W0034F0002T0006Z000C1N55.png,454,0.0,0.0
G2,W0034F0002T0006Z000C1N55.png,455,0.08125,0.08125
G2,W0034F0002T0006Z000C1N55.png,456,0.11490485194281398,0.11490485194281398
G2,W0034F0002T0006Z000C1N55.png,457,0.0,0.0
G2,W0034F0002T0006Z000C1N55.png,458,0.0,0.0
G2,W0034F0002T0006Z000C1N55.png,459,0.0,0.0
G2,W0034F0002T0006Z000C1N55.png,460,0.08125,0.08125
G2,W0034F0002T0006Z000C1N55.png,461,0.0,0.0
G2,W0034F0002T0006Z000C1N55.png,462,0.11490485194281398,0.11490485194281398
G2,W0034F0002T0006Z000C1N55.png,463,0.051068823085696546,0.051068823085696546
G2,W0034F0002T0006Z000C1N55.png,464,0.08125,0.08125
G2,W0034F0002T0006Z000C1N55.png,465,0.09084026158592896,0.09084026158592896
G2,W0034F0002T0006Z000C1N55.png,466,0.06500000000000093,0.06500000000000093
G2,W0034F0002T0006Z000C1N55.png,467,0.0,0.0
G2,W0034F0002T0006Z000C1N55.png,468,0.04642857142857242,0.04642857142857242
G2,W0034F0002T0006Z000C1N55.png,469,0.0,0.0
G2,W0034F0002T0006Z000C1N55.png,470,0.11490485194281398,0.11490485194281398
G2,W0034F0002T0006Z000C1N55.png,471,0.0,0.0
G2,W0034F0002T0006Z000C1N55.png,472,0.0,0.0
G2,W0034F0002T0006Z000C1N55.png,473,0.0,0.0
G2,W0034F0002T0006Z000C1N55.png,474,0.09984841827817373,0.09984841827817373
G2,W0034F0002T0006Z000C1N55.png,475,0.08125,0.08125
G2,W0034F0002T0006Z000C1N55.png,476,0.0,0.0
G2,W0034F0002T0006Z000C1N55.png,477,0.0,0.0
G2,W0034F0002T0006Z000C1N55.png,478,0.0,0.0
G2,W0034F0002T0006Z000C1N55.png,479,0.07660323462854197,0.07660323462854197
G2,W0034F0002T0006Z000C1N55.png,480,0.0,0.0
G2,W0034F0002T0006Z000C1N55.png,481,0.07270462568962577,0.07270462568962577
G2,W0034F0002T0006Z000C1N55.png,482,0.0,0.0
G2,W0034F0002T0006Z000C1N55.png,483,0.11490485194281398,0.11490485194281398
G2,W0034F0002T0006Z000C1N55.png,484,0.0,0.0
G2,W0034F0002T0006Z000C1N55.png,485,0.0,0.0
G2,W0034F0002T0006Z000C1N55.png,486,0.07267220926874317,0.07267220926874317
G2,W0034F0002T0006Z000C1N55.png,487,0.0,0.0
G2,W0034F0002T0006Z000C1N55.png,488,0.0,0.0
G2,W0034F0002T0006Z000C1N55.png,489,0.08125,0.08125
G2,W0034F0002T0006Z000C1N55.png,490,0.0,0.0
G2,W0034F0002T0006Z000C1N55.png,491,0.0,0.0
G2,W0034F0002T0006Z000C1N55.png,492,0.0605601743906187,0.0605601743906187
G2,W0034F0002T0006Z000C1N55.png,493,0.08125,0.08125
G2,W0034F0002T0006Z000C1N55.png,494,0.0,0.0
G2,W0034F0002T0006Z000C1N55.png,495,0.0,0.0
G2,W0034F0002T0006Z000C1N55.png,496,0.144694998742802,0.144694998742802
G2,W0034F0002T0006Z000C1N55.png,497,0.0,0.0
G2,W0034F0002T0006Z000C1N55.png,498,0.04596194077712594,0.04596194077712594
G2,W0034F0002T0006Z000C1N55.png,499,0.0,0.0
G2,W0034F0002T0006Z000C1N55.png,500,0.0541666666666659,0.0541666666666659
G2,W0034F0002T0006Z000C1N55.png,501,0.0,0.0
G2,W0034F0002T0006Z000C1N55.png,502,0.0,0.0
G2,W0034F0002T0006Z000C1N55.png,503,0.0,0.0
G2,W0034F0002T0006Z000C1N55.png,504,0.08125,0.08125
G2,W0034F0002T0006Z000C1N55.png,505,0.1083333333333341,0.1083333333333341
G2,W0034F0002T0006Z000C1N55.png,506,0.0,0.0
G2,W0034F0002T0006Z000C1N55.png,507,0.0,0.0
G2,W0034F0002T0006Z000C1N55.png,508,0.08125,0.08125
G2,W0034F0002T0006Z000C1N55.png,509,0.0,0.0
G2,W0034F0002T0006Z000C1N55.png,510,0.0,0.0
G2,W0034F0002T0006Z000C1N55.png,511,0.0,0.0
G2,W0034F0002T0006Z000C1N55.png,512,0.07660323462854238,0.07660323462854238
G2,W0034F0002T0006Z000C1N55.png,513,0.0,0.0
G2,W0034F0002T0006Z000C1N55.png,514,0.05191610624950314,0.05191610624950314
G2,W0034F0002T0006Z000C1N55.png,515,0.0,0.0
G2,W0034F0002T0006Z000C1N55.png,516,0.0,0.0
G2,W0034F0002T0006Z000C1N55.png,517,0.0,0.0
G2,W0034F0002T0006Z000C1N55.png,518,0.0,0.0
G2,W0034F0002T0006Z000C1N55.png,519,0.08125,0.08125
G2,W0034F0002T0006Z000C1N55.png,520,0.0,0.0
G2,W0034F0002T0006Z000C1N55.png,521,0.0,0.0
G2,W0034F0002T0006Z000C1N55.png,522,0.09192388155425188,0.09192388155425188
G2,W0034F0002T0006Z000C1N55.png,523,0.11490485194281398,0.11490485194281398
G2,W0034F0002T0006Z000C1N55.png,524,0.07660323462854197,0.07660323462854197
G2,W0034F0002T0006Z000C1N55.png,525,0.08125,0.08125
G2,W0034F0002T0006Z000C1N55.png,526,0.0,0.0
G2,W0034F0002T0006Z000C1N55.png,527,0.0,0.0
G2,W0034F0002T0006Z000C1N55.png,528,0.0,0.0
G2,W0034F0002T0006Z000C1N55.png,529,0.0,0.0
G2,W0034F0002T0006Z000C1N55.png,530,0.0,0.0
G2,W0034F0002T0006Z000C1N55.png,531,0.0,0.0
G2,W0034F0002T0006Z000C1N55.png,532,0.0,0.0
G2,W0034F0002T0006Z000C1N55.png,533,0.22980970388562796,0.22980970388562796
G2,W0034F0002T0006Z000C1N55.png,534,0.12999999999999953,0.12999999999999953
G2,W0034F0002T0006Z000C1N55.png,535,0.030059253607042993,0.030059253607042993
G2,W0034F0002T0006Z000C1N55.png,536,0.05190872090624468,0.05190872090624468
G2,W0034F0002T0006Z000C1N55.png,537,0.08125,0.08125
G2,W0034F0002T0006Z000C1N55.png,538,0.05745242597140699,0.05745242597140699
G2,W0034F0002T0006Z000C1N55.png,539,0.0,0.0
G2,W0034F0002T0006Z000C1N55.png,540,0.07306002695485724,0.07306002695485724
G2,W0034F0002T0006Z000C1N55.png,541,0.15133862726363093,0.15133862726363093
G2,W0034F0002T0006Z000C1N55.png,542,0.12112034878123826,0.12112034878123826
G2,W0034F0002T0006Z000C1N55.png,543,0.08125,0.08125
G2,W0034F0002T0006Z000C1N55.png,544,0.09084026158592896,0.09084026158592896
G2,W0034F0002T0006Z000C1N55.png,545,0.0,0.0
G2,W0034F0002T0006Z000C1N55.png,546,0.0,0.0
G2,W0034F0002T0006Z000C1N55.png,547,0.0,0.0
G2,W0034F0002T0006Z000C1N55.png,548,0.0,0.0
G2,W0034F0002T0006Z000C1N55.png,549,0.08125,0.08125
G2,W0034F0002T0006Z000C1N55.png,550,0.0,0.0
G2,W0034F0002T0006Z000C1N55.png,551,0.0,0.0
G2,W0034F0002T0006Z000C1N55.png,552,0.08125,0.08125
G2,W0034F0002T0006Z000C1N55.png,553,0.0,0.0
G2,W0034F0002T0006Z000C1N55.png,554,0.1015625,0.1015625
G2,W0034F0002T0006Z000C1N55.png,555,0.0,0.0
G2,W0034F0002T0006Z000C1N55.png,556,0.10833333333333353,0.10833333333333353
G2,W0034F0002T0006Z000C1N55.png,557,0.11490485194281398,0.11490485194281398
G2,W0034F0002T0006Z000C1N55.png,558,0.0,0.0
G2,W0034F0002T0006Z000C1N55.png,559,0.08125,0.08125
G2,W0034F0002T0006Z000C1N55.png,560,0.0,0.0
G2,W0034F0002T0006Z000C1N55.png,561,0.08125,0.08125
G2,W0034F0002T0006Z000C1N55.png,562,0.0,0.0
G2,W0034F0002T0006Z000C1N55.png,563,0.0,0.0
G2,W0034F0002T0006Z000C1N55.png,564,0.08125,0.08125
G2,W0034F0002T0006Z000C1N55.png,565,0.0,0.0
G2,W0034F0002T0006Z000C1N55.png,566,0.0,0.0
G2,W0034F0002T0006Z000C1N55.png,567,0.0,0.0
G2,W0034F0002T0006Z000C1N55.png,568,0.10213764617138983,0.10213764617138983
G2,W0034F0002T0006Z000C1N55.png,569,0.11490485194281398,0.11490485194281398
G2,W0034F0002T0006Z000C1N55.png,570,0.0,0.0
G2,W0034F0002T0006Z000C1N55.png,571,0.1625,0.1625
G2,W0034F0002T0006Z000C1N55.png,572,0.18168052317185793,0.18168052317185793
G2,W0034F0002T0006Z000C1N55.png,573,0.11490485194281398,0.11490485194281398
G2,W0034F0002T0006Z000C1N55.png,574,0.11490485194281398,0.11490485194281398
G2,W0034F0002T0006Z000C1N55.png,575,0.07660323462854217,0.07660323462854217
G2,W0034F0002T0006Z000C1N55.png,576,0.10833333333333295,0.10833333333333295
G2,W0034F0002T0006Z000C1N55.png,577,0.0,0.0
G2,W0034F0002T0006Z000C1N55.png,578,0.08125,0.08125
G2,W0034F0002T0006Z000C1N55.png,579,0.0,0.0
G2,W0034F0002T0006Z000C1N55.png,580,0.08125,0.08125
G2,W0034F0002T0006Z000C1N55.png,581,0.040625,0.040625
G2,W0034F0002T0006Z000C1N55.png,582,0.11490485194281398,0.11490485194281398
G2,W0034F0002T0006Z000C1N55.png,583,0.0,0.0
G2,W0034F0002T0006Z000C1N55.png,584,0.0,0.0
G2,W0034F0002T0006Z000C1N55.png,585,0.11490485194281398,0.11490485194281398
G2,W0034F0002T0006Z000C1N55.png,586,0.1625,0.1625
G2,W0034F0002T0006Z000C1N55.png,587,0.0,0.0
G2,W0034F0002T0006Z000C1N55.png,588,0.06056017439061845,0.06056017439061845
G2,W0034F0002T0006Z000C1N55.png,589,0.08125,0.08125
G2,W0034F0002T0006Z000C1N55.png,590,0.0,0.0
G2,W0034F0002T0006Z000C1N55.png,591,0.0,0.0
G2,W0034F0002T0006Z000C1N55.png,592,0.0,0.0
G2,W0034F0002T0006Z000C1N55.png,593,0.0,0.0
G2,W0034F0002T0006Z000C1N55.png,594,0.0,0.0
G2,W0034F0002T0006Z000C1N55.png,595,0.0,0.0
G2,W0034F0002T0006Z000C1N55.png,596,0.0,0.0
G2,W0034F0002T0006Z000C1N55.png,597,0.09084026158592896,0.09084026158592896
G2,W0034F0002T0006Z000C1N55.png,598,0.0,0.0
G2,W0034F0002T0006Z000C1N55.png,599,0.0,0.0
G2,W0034F0002T0006Z000C1N55.png,600,0.08125,0.08125
G2,W0034F0002T0006Z000C1N55.png,601,0.11490485194281398,0.11490485194281398
G2,W0034F0002T0006Z000C1N55.png,602,0.0644870244589467,0.0644870244589467
G2,W0034F0002T0006Z000C1N55.png,603,0.09084026158592896,0.09084026158592896
G2,W0034F0002T0006Z000C1N55.png,604,0.0,0.0
G2,W0034F0002T0006Z000C1N55.png,605,0.0,0.0
G2,W0034F0002T0006Z000C1N55.png,606,0.07660323462854207,0.07660323462854207
G2,W0034F0002T0006Z000C1N55.png,607,0.0,0.0
G2,W0034F0002T0006Z000C1N55.png,608,0.0,0.0
G2,W0034F0002T0006Z000C1N55.png,609,0.0,0.0
G2,W0034F0002T0006Z000C1N55.png,610,0.0,0.0
G2,W0034F0002T0006Z000C1N55.png,611,0.08125,0.08125
G2,W0034F0002T0006Z000C1N55.png,612,0.22980970388562796,0.22980970388562796
G2,W0034F0002T0006Z000C1N55.png,613,0.0,0.0
G2,W0034F0002T0006Z000C1N55.png,614,0.0,0.0
G2,W0034F0002T0006Z000C1N55.png,615,0.0,0.0
G2,W0034F0002T0006Z000C1N55.png,616,0.0,0.0
G2,W0034F0002T0006Z000C1N55.png,617,0.04001952648395431,0.04001952648395431
G2,W0034F0002T0006Z000C1N55.png,618,0.08125,0.08125
G2,W0034F0002T0006Z000C1N55.png,619,0.0,0.0
G2,W0034F0002T0006Z000C1N55.png,620,0.0,0.0
G2,W0034F0002T0006Z000C1N55.png,621,0.0,0.0
G2,W0034F0002T0006Z000C1N55.png,622,0.040625,0.040625
G2,W0034F0002T0006Z000C1N55.png,623,0.0,0.0
G2,W0034F0002T0006Z000C1N55.png,624,0.0,0.0
G2,W0034F0002T0006Z000C1N55.png,625,0.07341001711104994,0.07341001711104994
G2,W0034F0002T0006Z000C1N55.png,626,0.11490485194281398,0.11490485194281398
G2,W0034F0002T0006Z000C1N55.png,627,0.0,0.0
G2,W0034F0002T0006Z000C1N55.png,628,0.11490485194281398,0.11490485194281398
G2,W0034F0002T0006Z000C1N55.png,629,0.08125,0.08125
G2,W0034F0002T0006Z000C1N55.png,630,0.0,0.0
G2,W0034F0002T0006Z000C1N55.png,631,0.08125,0.08125
G2,W0034F0002T0006Z000C1N55.png,632,0.08125,0.08125
G2,W0034F0002T0006Z000C1N55.png,633,0.11490485194281398,0.11490485194281398
G2,W0034F0002T0006Z000C1N55.png,634,0.040625,0.040625
G2,W0034F0002T0006Z000C1N55.png,635,0.0,0.0
G2,W0034F0002T0006Z000C1N55.png,636,0.15700544523612966,0.15700544523612966
G2,W0034F0002T0006Z000C1N55.png,637,0.0,0.0
G2,W0034F0002T0006Z000C1N55.png,638,0.0,0.0
G2,W0034F0002T0006Z000C1N55.png,639,0.1625,0.1625
G2,W0034F0002T0006Z000C1N55.png,640,0.0,0.0
G2,W0034F0002T0006Z000C1N55.png,641,0.0,0.0
G2,W0034F0002T0006Z000C1N55.png,642,0.0,0.0
G2,W0034F0002T0006Z000C1N55.png,643,0.027083333333334104,0.027083333333334104
G2,W0034F0002T0006Z000C1N55.png,644,0.05416666666666821,0.05416666666666821
G2,W0034F0002T0006Z000C1N55.png,645,0.0,0.0
G2,W0034F0002T0006Z000C1N55.png,646,0.03211688248608511,0.03211688248608511
G2,W0034F0002T0006Z000C1N55.png,647,0.0,0.0
G2,W0034F0002T0006Z000C1N55.png,648,0.08125,0.08125
G2,W0034F0002T0006Z000C1N55.png,649,0.08125,0.08125
G2,W0034F0002T0006Z000C1N55.png,650,0.0,0.0
G2,W0034F0002T0006Z000C1N55.png,651,0.11490485194281398,0.11490485194281398
G2,W0034F0002T0006Z000C1N55.png,652,0.0,0.0
G2,W0034F0002T0006Z000C1N55.png,653,0.08125,0.08125
G2,W0034F0002T0006Z000C1N55.png,654,0.0,0.0
G2,W0034F0002T0006Z000C1N55.png,655,0.053263825660263074,0.053263825660263074
G2,W0034F0002T0006Z000C1N55.png,656,0.08125,0.08125
G2,W0034F0002T0006Z000C1N55.png,657,0.0,0.0
G2,W0034F0002T0006Z000C1N55.png,658,0.0,0.0
G2,W0034F0002T0006Z000C1N55.png,659,0.0,0.0
G2,W0034F0002T0006Z000C1N55.png,660,0.0,0.0
G2,W0034F0002T0006Z000C1N55.png,661,0.1083333333333318,0.1083333333333318
G2,W0034F0002T0006Z000C1N55.png,662,0.0,0.0
G2,W0034F0002T0006Z000C1N55.png,663,0.0,0.0
G2,W0034F0002T0006Z000C1N55.png,664,0.0,0.0
G2,W0034F0002T0006Z000C1N55.png,665,0.08125,0.08125
G2,W0034F0002T0006Z000C1N55.png,666,0.0,0.0
G2,W0034F0002T0006Z000C1N55.png,667,0.0,0.0
G2,W0034F0002T0006Z000C1N55.png,668,0.14647552056572458,0.14647552056572458
G2,W0034F0002T0006Z000C1N55.png,669,0.0,0.0
G2,W0034F0002T0006Z000C1N55.png,670,0.0,0.0
G2,W0034F0002T0006Z000C1N55.png,671,0.0,0.0
G2,W0034F0002T0006Z000C1N55.png,672,0.22980970388562796,0.22980970388562796
G2,W0034F0002T0006Z000C1N55.png,673,0.1083333333333341,0.1083333333333341
G2,W0034F0002T0006Z000C1N55.png,674,0.10885722815635153,0.10885722815635153
G2,W0034F0002T0006Z000C1N55.png,675,0.0,0.0
G2,W0034F0002T0006Z000C1N55.png,676,0.0,0.0
G2,W0034F0002T0006Z000C1N55.png,677,0.032499999999998155,0.032499999999998155
G2,W0034F0002T0006Z000C1N55.png,678,0.0,0.0
G2,W0034F0002T0006Z000C1N55.png,679,0.12112034878123715,0.12112034878123715
G2,W0034F0002T0006Z000C1N55.png,680,0.0,0.0
G2,W0034F0002T0006Z000C1N55.png,681,0.08125,0.08125
G2,W0034F0002T0006Z000C1N55.png,682,0.08125,0.08125
G2,W0034F0002T0006Z000C1N55.png,683,0.0,0.0
G2,W0034F0002T0006Z000C1N55.png,684,0.0,0.0
G2,W0034F0002T0006Z000C1N55.png,685,0.0,0.0
G2,W0034F0002T0006Z000C1N55.png,686,0.0,0.0
G2,W0034F0002T0006Z000C1N55.png,687,0.11490485194281398,0.11490485194281398
G2,W0034F0002T0006Z000C1N55.png,688,0.08125,0.08125
G2,W0034F0002T0006Z000C1N55.png,689,0.0,0.0
G2,W0034F0002T0006Z000C1N55.png,690,0.1625,0.1625
G2,W0034F0002T0006Z000C1N55.png,691,0.0,0.0
G2,W0034F0002T0006Z000C1N55.png,692,0.0,0.0
G2,W0034F0002T0006Z000C1N55.png,693,0.0,0.0
G2,W0034F0002T0006Z000C1N55.png,694,0.11490485194281398,0.11490485194281398
G2,W0034F0002T0006Z000C1N55.png,695,0.0,0.0
G2,W0034F0002T0006Z000C1N55.png,696,0.07660323462854401,0.07660323462854401
G2,W0034F0002T0006Z000C1N55.png,697,0.0,0.0
G2,W0034F0002T0006Z000C1N55.png,698,0.06056017439061896,0.06056017439061896
G2,W0034F0002T0006Z000C1N55.png,699,0.07660323462854401,0.07660323462854401
G2,W0034F0002T0006Z000C1N55.png,700,0.0,0.0
G2,W0034F0002T0006Z000C1N55.png,701,0.0,0.0
G2,W0034F0002T0006Z000C1N55.png,702,0.1625,0.1625
G2,W0034F0002T0006Z000C1N55.png,703,0.1625,0.1625
G2,W0034F0002T0006Z000C1N55.png,704,0.03830161731427078,0.03830161731427078
G2,W0034F0002T0006Z000C1N55.png,705,0.0,0.0
G2,W0034F0002T0006Z000C1N55.png,706,0.05416666666666821,0.05416666666666821
G2,W0034F0002T0006Z000C1N55.png,707,0.0,0.0
G2,W0034F0002T0006Z000C1N55.png,708,0.08125,0.08125
G2,W0034F0002T0006Z000C1N55.png,709,0.11490485194281398,0.11490485194281398
G2,W0034F0002T0006Z000C1N55.png,710,0.08125,0.08125
G2,W0034F0002T0006Z000C1N55.png,711,0.08564501996289367,0.08564501996289367
G2,W0034F0002T0006Z000C1N55.png,712,0.08125,0.08125
G2,W0034F0002T0006Z000C1N55.png,713,0.22980970388562796,0.22980970388562796
G2,W0034F0002T0006Z000C1N55.png,714,0.0,0.0
G2,W0034F0002T0006Z000C1N55.png,715,0.08125,0.08125
G2,W0034F0002T0006Z000C1N55.png,716,0.08125,0.08125
G2,W0034F0002T0006Z000C1N55.png,717,0.0,0.0
G2,W0034F0002T0006Z000C1N55.png,718,0.11490485194281398,0.11490485194281398
G2,W0034F0002T0006Z000C1N55.png,719,0.040625,0.040625
G2,W0034F0002T0006Z000C1N55.png,720,0.0,0.0
G2,W0034F0002T0006Z000C1N55.png,721,0.0541666666666659,0.0541666666666659
G2,W0034F0002T0006Z000C1N55.png,722,0.0,0.0
G2,W0034F0002T0006Z000C1N55.png,723,0.0541666666666659,0.0541666666666659
G2,W0034F0002T0006Z000C1N55.png,724,0.0,0.0
G2,W0034F0002T0006Z000C1N55.png,725,0.0,0.0
G2,W0034F0002T0006Z000C1N55.png,726,0.0,0.0
G2,W0034F0002T0006Z000C1N55.png,727,0.0,0.0
G2,W0034F0002T0006Z000C1N55.png,728,0.0,0.0
G2,W0034F0002T0006Z000C1N55.png,729,0.08125,0.08125
G2,W0034F0002T0006Z000C1N55.png,730,0.11490485194281398,0.11490485194281398
G2,W0034F0002T0006Z000C1N55.png,731,0.0,0.0
G2,W0034F0002T0006Z000C1N55.png,732,0.0,0.0
G2,W0034F0002T0006Z000C1N55.png,733,0.08125,0.08125
G2,W0034F0002T0006Z000C1N55.png,734,0.08125,0.08125
G2,W0034F0002T0006Z000C1N55.png,735,0.06510023136254514,0.06510023136254514
G2,W0034F0002T0006Z000C1N55.png,736,0.0,0.0
G2,W0034F0002T0006Z000C1N55.png,737,0.07896080690936212,0.07896080690936212
G2,W0034F0002T0006Z000C1N55.png,738,0.0,0.0
G2,W0034F0002T0006Z000C1N55.png,739,0.0,0.0
G2,W0034F0002T0006Z000C1N55.png,740,0.05416666666666821,0.05416666666666821
G2,W0034F0002T0006Z000C1N55.png,741,0.0,0.0
G2,W0034F0002T0006Z000C1N55.png,742,0.0,0.0
G2,W0034F0002T0006Z000C1N55.png,743,0.0,0.0
G2,W0034F0002T0006Z000C1N55.png,744,0.08125,0.08125
G2,W0034F0002T0006Z000C1N55.png,745,0.1625,0.1625
G2,W0034F0002T0006Z000C1N55.png,746,0.0,0.0
G2,W0034F0002T0006Z000C1N55.png,747,0.08125,0.08125
G2,W0034F0002T0006Z000C1N55.png,748,0.0,0.0
G2,W0034F0002T0006Z000C1N55.png,749,0.0,0.0
G2,W0034F0002T0006Z000C1N55.png,750,0.10833333333333353,0.10833333333333353
G2,W0034F0002T0006Z000C1N55.png,751,0.0,0.0
G2,W0034F0002T0006Z000C1N55.png,752,0.08125,0.08125
G2,W0034F0002T0006Z000C1N55.png,753,0.0,0.0
G2,W0034F0002T0006Z000C1N55.png,754,0.11837009585126247,0.11837009585126247
G2,W0034F0002T0006Z000C1N55.png,755,0.0,0.0
G2,W0034F0002T0006Z000C1N55.png,756,0.0,0.0
G2,W0034F0002T0006Z000C1N55.png,757,0.0766032346285432,0.0766032346285432
G2,W0034F0002T0006Z000C1N55.png,758,0.040625,0.040625
G2,W0034F0002T0006Z000C1N55.png,759,0.0,0.0
G2,W0034F0002T0006Z000C1N55.png,760,0.11490485194281398,0.11490485194281398
G2,W0034F0002T0006Z000C1N55.png,761,0.0,0.0
G2,W0034F0002T0006Z000C1N55.png,762,0.0,0.0
G2,W0034F0002T0006Z000C1N55.png,763,0.0,0.0
G2,W0034F0002T0006Z000C1N55.png,764,0.0,0.0
G2,W0034F0002T0006Z000C1N55.png,765,0.0,0.0
G2,W0034F0002T0006Z000C1N55.png,766,0.08125,0.08125
G2,W0034F0002T0006Z000C1N55.png,767,0.0,0.0
G2,W0034F0002T0006Z000C1N55.png,768,0.0,0.0
G2,W0034F0002T0006Z000C1N55.png,769,0.1625,0.1625
G2,W0034F0002T0006Z000C1N55.png,770,0.10833333333333295,0.10833333333333295
G2,W0034F0002T0006Z000C1N55.png,771,0.0,0.0
G2,W0034F0002T0006Z000C1N55.png,772,0.12767857142857011,0.12767857142857011
G2,W0034F0002T0006Z000C1N55.png,773,0.0,0.0
G2,W0034F0002T0006Z000C1N55.png,774,0.0,0.0
G2,W0034F0002T0006Z000C1N55.png,775,0.0,0.0
G2,W0034F0002T0006Z000C1N55.png,776,0.0,0.0
G2,W0034F0002T0006Z000C1N55.png,777,0.0,0.0
G2,W0034F0002T0006Z000C1N55.png,778,0.0,0.0
G2,W0034F0002T0006Z000C1N55.png,779,0.0,0.0
G2,W0034F0002T0006Z000C1N55.png,780,0.0,0.0
G2,W0034F0002T0006Z000C1N55.png,781,0.1083333333333318,0.1083333333333318
G2,W0034F0002T0006Z000C1N55.png,782,0.0,0.0
G2,W0034F0002T0006Z000C1N55.png,783,0.0,0.0
G2,W0034F0002T0006Z000C1N55.png,784,0.0,0.0
G2,W0034F0002T0006Z000C1N55.png,785,0.0,0.0
G2,W0034F0002T0006Z000C1N55.png,786,0.0,0.0
G2,W0034F0002T0006Z000C1N55.png,787,0.0,0.0
G2,W0034F0002T0006Z000C1N55.png,788,0.0,0.0
G2,W0034F0002T0006Z000C1N55.png,789,0.0,0.0
G2,W0034F0002T0006Z000C1N55.png,790,0.0,0.0
G2,W0034F0002T0006Z000C1N55.png,791,0.0,0.0
G2,W0034F0002T0006Z000C1N55.png,792,0.0,0.0
G2,W0034F0002T0006Z000C1N41.png,1,0.1921983993948398,0.1921983993948398
G2,W0034F0002T0006Z000C1N41.png,2,1.0277402395547235,4.8232671758881445
G2,W0034F0002T0006Z000C1N41.png,3,2.378558189849473,2.378558189849473
G2,W0034F0002T0006Z000C1N41.png,4,1.4189702472215546,2.953077049875265
G2,W0034F0002T0006Z000C1N41.png,5,1.1403980938689786,1.1403980938689786
G2,W0034F0002T0006Z000C1N41.png,6,2.269779864825139,2.6043207506498938
G2,W0034F0002T0006Z000C1N41.png,7,0.2315981332232624,0.2315981332232624
G2,W0034F0002T0006Z000C1N41.png,8,2.1862139076494778,2.538331144669663
G2,W0034F0002T0006Z000C1N41.png,9,0.08125,2.361846801234153
G2,W0034F0002T0006Z000C1N41.png,10,0.2569350598886809,2.6726186830522605
G2,W0034F0002T0006Z000C1N41.png,11,0.11490485194281398,0.4737648414561807
G2,W0034F0002T0006Z000C1N41.png,12,0.060909514923897796,0.060909514923897796
G2,W0034F0002T0006Z000C1N41.png,13,0.05190872090624622,0.05190872090624622
G2,W0034F0002T0006Z000C1N41.png,14,0.08125,0.08125
G2,W0034F0002T0006Z000C1N41.png,15,1.21875,1.5775896369144926
G2,W0034F0002T0006Z000C1N41.png,16,0.028726212985703495,1.8387020409279204
G2,W0034F0002T0006Z000C1N41.png,17,0.0,0.0
G2,W0034F0002T0006Z000C1N41.png,18,0.028260869565218096,0.028260869565218096
G2,W0034F0002T0006Z000C1N41.png,19,0.0,0.0
G2,W0034F0002T0006Z000C1N41.png,20,0.05709667997526184,0.05709667997526184
G2,W0034F0002T0006Z000C1N41.png,21,0.05709667997526184,0.05709667997526184
G2,W0034F0002T0006Z000C1N41.png,22,0.08125,1.0686768980847299
G2,W0034F0002T0006Z000C1N41.png,23,0.07267220926874421,0.07267220926874421
G2,W0034F0002T0006Z000C1N41.png,24,0.11490485194281398,1.0593703908454306
G2,W0034F0002T0006Z000C1N41.png,25,0.08370029746612916,0.08370029746612916
G2,W0034F0002T0006Z000C1N41.png,26,0.036285742718784396,0.036285742718784396
G2,W0034F0002T0006Z000C1N41.png,27,0.0,0.0
G2,W0034F0002T0006Z000C1N41.png,28,1.7805618188159043,3.1533479851778177
G2,W0034F0002T0006Z000C1N41.png,29,0.8125,0.8125
G2,W0034F0002T0006Z000C1N41.png,30,1.3526813134497082,4.0246243881244075
G2,W0034F0002T0006Z000C1N41.png,31,0.15910714202897336,0.15910714202897336
G2,W0034F0002T0006Z000C1N41.png,32,0.9084026158592896,3.6850256528957845
G2,W0034F0002T0006Z000C1N41.png,33,1.040507688582838,2.036119163998021
G2,W0034F0002T0006Z000C1N41.png,34,0.6282114757015547,0.6282114757015547
G2,W0034F0002T0006Z000C1N41.png,35,0.051908720906244155,0.051908720906244155
G2,W0034F0002T0006Z000C1N41.png,36,0.6936717923885596,0.7124512653898201
G2,W0034F0002T0006Z000C1N41.png,37,0.08125,0.08125
G2,W0034F0002T0006Z000C1N41.png,38,0.11490485194281398,4.0216698179984895
G2,W0034F0002T0006Z000C1N41.png,39,0.11490485194281398,0.11490485194281398
G2,W0034F0002T0006Z000C1N41.png,40,0.11490485194281398,0.11490485194281398
G2,W0034F0002T0006Z000C1N41.png,41,0.08125,1.951691974287951
G2,W0034F0002T0006Z000C1N41.png,42,1.8968003486134224,2.0889310214796466
G2,W0034F0002T0006Z000C1N41.png,43,0.0,0.22980970388562796
G2,W0034F0001T0006Z000C1N18.png,1,0.07755486409274674,0.07755486409274674
G2,W0034F0001T0006Z000C1N18.png,2,0.07267220926874336,0.07267220926874336
G2,W0034F0001T0006Z000C1N18.png,3,0.037222481342381736,0.037222481342381736
G2,W0034F0001T0006Z000C1N18.png,4,0.11490485194281398,0.11490485194281398
G2,W0034F0001T0006Z000C1N18.png,5,0.055239378063923344,0.055239378063923344
G2,W0034F0001T0006Z000C1N18.png,6,0.0,0.0
G2,W0034F0001T0006Z000C1N18.png,7,0.07905694150420983,0.07905694150420983
G2,W0034F0001T0006Z000C1N18.png,8,0.07281400883629789,0.07281400883629789
G2,W0034F0001T0006Z000C1N18.png,9,0.03611111111111214,0.03611111111111214
G2,W0034F0001T0006Z000C1N18.png,10,0.0,0.0
G2,W0034F0001T0006Z000C1N18.png,11,0.0,0.0
G2,W0034F0001T0006Z000C1N18.png,12,0.10456499361939924,0.10456499361939924
G2,W0034F0001T0006Z000C1N18.png,13,0.016249999999999078,0.016249999999999078
G2,W0034F0001T0006Z000C1N18.png,14,1.149686702492853,1.1648982132453563
G2,W0034F0001T0006Z000C1N18.png,15,0.08613906208294181,0.08613906208294181
G2,W0034F0001T0006Z000C1N18.png,16,0.07432197775591741,0.07432197775591741
G2,W0034F0001T0006Z000C1N18.png,17,0.046428571428571264,0.046428571428571264
G2,W0034F0001T0006Z000C1N18.png,18,0.03823529411764692,0.03823529411764692
G2,W0034F0001T0006Z000C1N18.png,19,0.07660323462854238,0.07660323462854238
G2,W0034F0001T0006Z000C1N18.png,20,0.05190872090624468,0.05190872090624468
G2,W0034F0001T0006Z000C1N18.png,21,0.0766032346285432,0.0766032346285432
G2,W0034F0001T0006Z000C1N18.png,22,0.09013878188660039,0.09013878188660039
G2,W0034F0001T0006Z000C1N18.png,23,0.06894291116568772,0.06894291116568772
G2,W0034F0001T0006Z000C1N18.png,24,0.07549175535747679,0.07549175535747679
G2,W0034F0001T0006Z000C1N18.png,25,0.08124999999999954,0.08124999999999954
G2,W0034F0001T0006Z000C1N18.png,26,0.06510023136254514,0.06510023136254514
G2,W0034F0001T0006Z000C1N18.png,27,0.22980970388562796,0.22980970388562796
G2,W0034F0001T0006Z000C1N18.png,28,0.0,0.0
G2,W0034F0001T0006Z000C1N18.png,29,0.10452390518442521,0.10452390518442521
G2,W0034F0001T0006Z000C1N18.png,30,0.028726212985703495,0.028726212985703495
G2,W0034F0001T0006Z000C1N18.png,31,0.0,0.0
G2,W0034F0001T0006Z000C1N18.png,32,0.11490485194281398,0.11490485194281398
G2,W0034F0001T0006Z000C1N18.png,33,0.08012502437597094,0.08012502437597094
G2,W0034F0001T0006Z000C1N18.png,34,0.046428571428571264,0.046428571428571264
G2,W0034F0001T0006Z000C1N18.png,35,0.0,0.0
G2,W0034F0001T0006Z000C1N18.png,36,0.8125,0.8125
G2,W0034F0001T0006Z000C1N18.png,37,0.02708333333333295,0.02708333333333295
G2,W0034F0001T0006Z000C1N18.png,38,1.4036423251168746,1.5146908864203812
G2,W0034F0001T0006Z000C1N18.png,39,0.08356716504931917,0.08356716504931917
G2,W0034F0001T0006Z000C1N18.png,40,0.07432197775591741,0.07432197775591741
G2,W0034F0001T0006Z000C1N18.png,41,0.040625,0.040625
G2,W0034F0001T0006Z000C1N18.png,42,0.03255011568127273,0.03255011568127273
G2,W0034F0001T0006Z000C1N18.png,43,0.09084026158592831,0.09084026158592831
G2,W0034F0001T0006Z000C1N18.png,44,0.040625,0.040625
G2,W0034F0001T0006Z000C1N18.png,45,0.49422445558673034,0.49422445558673034
G2,W0034F0001T0006Z000C1N18.png,46,0.24375000000000002,0.24375000000000002
G2,W0034F0001T0006Z000C1N18.png,47,0.0,0.0
G2,W0034F0001T0006Z000C1N18.png,48,0.07660323462854238,0.12112034878123948
G2,W0034F0001T0006Z000C1N18.png,49,0.10405076885828365,0.10405076885828365
G2,W0034F0001T0006Z000C1N18.png,50,0.07267220926874317,0.07267220926874317
G2,W0034F0001T0006Z000C1N18.png,51,0.0,0.0
G2,W0034F0001T0006Z000C1N18.png,52,0.05745242597140699,0.05745242597140699
G2,W0034F0001T0006Z000C1N18.png,53,0.07341001711105195,0.07341001711105195
G2,W0034F0001T0006Z000C1N18.png,54,0.028726212985703495,0.028726212985703495
G2,W0034F0001T0006Z000C1N18.png,55,0.07934261150226993,0.07934261150226993
G2,W0034F0001T0006Z000C1N18.png,56,0.048825173521907975,0.048825173521907975
G2,W0034F0001T0006Z000C1N18.png,57,0.08125,0.08125
G2,W0034F0001T0006Z000C1N18.png,58,0.07323776028286229,0.07323776028286229
G2,W0034F0001T0006Z000C1N18.png,59,0.07887948184572591,0.07887948184572591
G2,W0034F0001T0006Z000C1N18.png,60,0.07267220926874421,0.07267220926874421
G2,W0034F0001T0006Z000C1N18.png,61,0.10213764617138983,0.10213764617138983
G2,W0034F0001T0006Z000C1N18.png,62,0.0,0.0
G2,W0034F0001T0006Z000C1N18.png,63,0.0,0.0
G2,W0034F0001T0006Z000C1N18.png,64,0.044666977610857694,0.044666977610857694
G2,W0034F0001T0006Z000C1N18.png,65,0.08149003006503437,0.08149003006503437
G2,W0034F0001T0006Z000C1N18.png,66,0.09701744190197516,0.09701744190197516
G2,W0034F0001T0006Z000C1N18.png,67,0.11470607903638519,0.11470607903638519
G2,W0034F0001T0006Z000C1N18.png,68,0.06958928570635851,0.06958928570635851
G2,W0034F0001T0006Z000C1N18.png,69,0.06936717923885698,0.06936717923885698
G2,W0034F0001T0006Z000C1N18.png,70,0.04360332556124704,0.04360332556124704
G2,W0034F0001T0006Z000C1N18.png,71,0.08125,0.08125
G2,W0034F0001T0006Z000C1N18.png,72,0.11490485194281398,0.11490485194281398
G2,W0034F0001T0006Z000C1N30.png,1,0.04642857142857242,0.04642857142857242
G2,W0034F0001T0006Z000C1N30.png,2,0.45961940777125593,0.6894291116568838
G2,W0034F0001T0006Z000C1N30.png,3,0.06679818801762209,0.06679818801762209
G2,W0034F0001T0006Z000C1N30.png,4,0.05918504792563112,0.05918504792563112
G2,W0034F0001T0006Z000C1N30.png,5,0.07475932449725985,0.07475932449725985
G2,W0034F0001T0006Z000C1N30.png,6,0.035003571246374605,0.035003571246374605
G2,W0034F0001T0006Z000C1N30.png,7,0.028726212985703495,0.028726212985703495
G2,W0034F0001T0006Z000C1N30.png,8,0.0513870119777358,0.0513870119777358
G2,W0034F0001T0006Z000C1N30.png,9,0.09138213416442219,0.09138213416442219
G2,W0034F0001T0006Z000C1N30.png,10,0.052232142857142526,0.052232142857142526
G2,W0034F0001T0006Z000C1N30.png,11,0.042976039616237256,0.042976039616237256
G2,W0034F0001T0006Z000C1N30.png,12,0.04642857142857242,0.04642857142857242
G2,W0034F0001T0006Z000C1N30.png,13,0.07706569906461772,0.07706569906461772
G2,W0034F0001T0006Z000C1N30.png,14,1.1830178570080843,1.1830178570080843
G2,W0034F0001T0006Z000C1N30.png,15,1.0595387988253278,1.123294503031392
G2,W0034F0001T0006Z000C1N30.png,16,0.1625,0.1625
G2,W0034F0001T0006Z000C1N30.png,17,0.188505534188663,1.3225001166888333
G2,W0034F0001T0006Z000C1N30.png,18,0.06090951492389675,0.06090951492389675
G2,W0034F0001T0006Z000C1N30.png,19,1.7805618188159043,2.1439071553182987
G2,W0034F0001T0006Z000C1N31.png,1,0.0766032346285421,0.0766032346285421
G2,W0034F0001T0006Z000C1N31.png,2,0.09765034704381638,0.09765034704381638
G2,W0034F0001T0006Z000C1N31.png,3,0.0818607021359077,0.0818607021359077
G2,W0034F0001T0006Z000C1N31.png,4,0.08125,0.08125
G2,W0034F0001T0006Z000C1N31.png,5,0.07665109669795996,0.07665109669795996
G2,W0034F0001T0006Z000C1N31.png,6,0.06700046641628682,0.06700046641628682
G2,W0034F0001T0006Z000C1N31.png,7,0.07660323462854217,0.07660323462854217
G2,W0034F0001T0006Z000C1N31.png,8,0.0,0.0
G2,W0034F0001T0006Z000C1N31.png,9,0.09765034704381723,0.09765034704381723
G2,W0034F0001T0006Z000C1N31.png,10,0.04874062770346084,0.04874062770346084
G2,W0034F0001T0006Z000C1N31.png,11,0.05745242597140699,0.05745242597140699
G2,W0034F0001T0006Z000C1N31.png,12,0.06679818801762387,0.06679818801762387
G2,W0034F0001T0006Z000C1N31.png,13,0.05918504792563011,0.05918504792563011
G2,W0034F0001T0006Z000C1N31.png,14,0.046428571428571264,0.046428571428571264
G2,W0034F0001T0006Z000C1N31.png,15,0.11490485194281398,0.11490485194281398
G2,W0034F0001T0006Z000C1N31.png,16,1.6429745687847603,1.8339285714285714
G2,W0034F0001T0006Z000C1N31.png,17,0.07665109669796069,0.07665109669796069
G2,W0034F0001T0006Z000C1N31.png,18,0.09987839828733971,0.09987839828733971
G2,W0034F0001T0006Z000C1N31.png,19,0.52712383478385,0.6892965673681156
G2,W0034F0001T0006Z000C1N31.png,20,0.0766032346285432,0.0766032346285432
G2,W0034F0001T0006Z000C1N31.png,21,0.08750892811593587,0.08750892811593587
G2,W0034F0001T0006Z000C1N31.png,22,0.08750892811593587,0.08750892811593587
G2,W0034F0001T0006Z000C1N31.png,23,0.07267220926874421,0.07267220926874421
G2,W0034F0001T0006Z000C1N31.png,24,0.08125,0.08125
G2,W0034F0001T0006Z000C1N31.png,25,0.04178358252466,0.04178358252466
G2,W0034F0001T0006Z000C1N31.png,26,0.0,0.0
G2,W0034F0001T0006Z000C1N31.png,27,0.0,0.0
G2,W0034F0001T0006Z000C1N31.png,28,0.11490485194281398,0.11490485194281398
G2,W0034F0001T0006Z000C1N31.png,29,0.48750000000000004,0.9750000000000001
G2,W0034F0001T0006Z000C1N31.png,30,0.0,0.0
G2,W0034F0001T0006Z000C1N31.png,31,0.08750892811593587,0.08750892811593587
G2,W0034F0001T0006Z000C1N31.png,32,0.040625,0.040625
G2,W0034F0001T0006Z000C1N31.png,33,0.11490485194281398,0.11490485194281398
G2,W0034F0001T0006Z000C1N31.png,34,0.03830161731427078,0.03830161731427078
G2,W0034F0001T0006Z000C1N31.png,35,0.9971339669067463,2.1970331630150133
G2,W0034F0001T0006Z000C1N31.png,36,0.036336104634371584,0.036336104634371584
G2,W0034F0001T0006Z000C1N31.png,37,0.09017776082112929,0.09017776082112929
G2,W0034F0001T0006Z000C1N31.png,38,0.04999999999999982,0.04999999999999982
G2,W0034F0001T0006Z000C1N31.png,39,0.8043339635996979,0.8043339635996979
G2,W0034F0001T0006Z000C1N31.png,40,0.08125,0.08125
G2,W0034F0001T0006Z000C1N31.png,41,0.8165523942160723,0.8165523942160723
G2,W0034F0001T0006Z000C1N31.png,42,0.09017776082112929,0.09017776082112929
G2,W0034F0001T0006Z000C1N31.png,43,0.07323776028286229,0.07323776028286229
G2,W0034F0001T0006Z000C1N31.png,44,0.08370029746612916,0.08370029746612916
G2,W0034F0001T0006Z000C1N31.png,45,0.8482749038489823,1.1633229613912037
G2,W0034F0001T0006Z000C1N31.png,46,0.978379559526874,0.978379559526874
G2,W0034F0001T0006Z000C1N31.png,47,0.032500000000000466,0.032500000000000466
G2,W0034F0001T0006Z000C1N31.png,48,0.08125,0.08125
G2,W0034F0001T0006Z000C1N31.png,49,0.30923292192132373,0.7198090024443992
G2,W0034F0001T0006Z000C1N31.png,50,0.5478768156274182,0.5478768156274182
G2,W0034F0001T0006Z000C1N31.png,51,0.08125,0.08125
G2,W0034F0001T0006Z000C1N31.png,52,0.08125,0.08125
G2,W0034F0001T0006Z000C1N31.png,53,0.040625,0.040625
G2,W0034F0001T0006Z000C1N31.png,54,0.0,0.0
G2,W0034F0001T0006Z000C1N31.png,55,0.07267220926874421,0.07267220926874421
G2,W0034F0001T0006Z000C1N31.png,56,0.07267220926874421,0.07267220926874421
G2,W0034F0001T0006Z000C1N31.png,57,0.08125,0.08125
G2,W0034F0001T0006Z000C1N31.png,58,0.06768069163659729,0.06768069163659729
G2,W0034F0001T0006Z000C1N31.png,59,1.6025004875194266,1.6025004875194266
G2,W0034F0001T0006Z000C1N31.png,60,0.07660323462854156,0.07660323462854156
G2,W0034F0001T0006Z000C1N31.png,61,1.1047875612784372,1.247010313598979
G2,W0034F0001T0006Z000C1N31.png,62,0.6132087735836778,0.6132087735836778
G2,W0034F0001T0006Z000C1N31.png,63,0.4501028633395979,0.4501028633395979
G2,W0034F0003T0006Z000C1N35.png,1,0.5138701197773617,1.0277402395547235
G2,W0034F0003T0006Z000C1N35.png,2,0.08125,0.08125
G2,W0034F0003T0006Z000C1N35.png,3,0.0383016173142716,0.0383016173142716
G2,W0034F0003T0006Z000C1N35.png,4,0.028726212985703495,0.028726212985703495
G2,W0034F0003T0006Z000C1N35.png,5,1.4469801527664432,1.8788963682172575
G2,W0034F0003T0006Z000C1N35.png,6,0.0,0.0
G2,W0034F0003T0006Z000C1N35.png,7,0.05745242597140699,0.05745242597140699
G2,W0034F0003T0006Z000C1N35.png,8,0.9425276709433141,0.9425276709433141
G2,W0034F0003T0006Z000C1N35.png,9,0.028726212985703495,0.028726212985703495
G2,W0034F0003T0006Z000C1N35.png,10,0.04642857142857242,0.04642857142857242
G2,W0034F0003T0006Z000C1N35.png,11,0.6345827861674157,0.9084026158592896
G2,W0034F0003T0006Z000C1N35.png,12,0.7665109669795991,0.9917826437783633
G2,W0034F0003T0006Z000C1N35.png,13,0.4900573945978165,0.5597153294309529
G2,W0034F0003T0006Z000C1N35.png,14,0.0,0.0
G2,W0034F0003T0006Z000C1N35.png,15,0.05922060518202259,0.05922060518202259
G2,W0034F0003T0006Z000C1N35.png,16,0.05745242597140699,0.05745242597140699
G2,W0034F0003T0006Z000C1N35.png,17,0.0,0.0
G2,W0034F0003T0006Z000C1N35.png,18,0.0,0.0
G2,W0034F0003T0006Z000C1N35.png,19,0.11490485194281398,0.11490485194281398
G2,W0034F0003T0006Z000C1N35.png,20,0.0203125,0.0203125
G2,W0034F0003T0006Z000C1N35.png,21,0.07886785713387255,0.07886785713387255
G2,W0034F0003T0006Z000C1N35.png,22,0.06958928570635821,0.06958928570635821
G2,W0034F0003T0006Z000C1N35.png,23,0.028726212985703495,0.028726212985703495
G2,W0034F0003T0006Z000C1N35.png,24,0.07267220926874421,0.07267220926874421
G2,W0034F0003T0006Z000C1N35.png,25,0.06697693811119823,0.06697693811119823
G2,W0034F0003T0006Z000C1N35.png,26,0.07660323462854238,0.07660323462854238
G2,W0034F0003T0006Z000C1N35.png,27,0.0,0.0
G2,W0034F0003T0006Z000C1N35.png,28,0.08125,0.08125
G2,W0034F0003T0006Z000C1N35.png,29,0.08125,0.08125
G2,W0034F0003T0006Z000C1N35.png,30,0.08500919067959599,0.08500919067959599
G2,W0034F0003T0006Z000C1N35.png,31,0.028726212985703495,0.028726212985703495
G2,W0034F0003T0006Z000C1N35.png,32,0.0541666666666659,0.0541666666666659
G2,W0034F0003T0006Z000C1N35.png,33,0.65,0.8285906709588275
G2,W0034F0003T0006Z000C1N35.png,34,0.0,0.0
G2,W0034F0003T0006Z000C1N35.png,35,0.027072276654638305,0.027072276654638305
G2,W0034F0003T0006Z000C1N35.png,36,0.07886785713387287,0.07886785713387287
G2,W0034F0003T0006Z000C1N35.png,37,0.040625,0.040625
G2,W0034F0003T0006Z000C1N35.png,38,0.0,0.0
G2,W0034F0003T0006Z000C1N35.png,39,0.08516788521995469,0.08516788521995469
G2,W0034F0003T0006Z000C1N35.png,40,0.0,0.0
G2,W0034F0003T0006Z000C1N35.png,41,0.0,0.0
G2,W0034F0003T0006Z000C1N35.png,42,0.0,0.0
G2,W0034F0003T0006Z000C1N35.png,43,0.08125,0.08125
G2,W0034F0003T0006Z000C1N35.png,44,0.08125,0.08125
G2,W0034F0003T0006Z000C1N35.png,45,0.08125,0.08125
G2,W0034F0003T0006Z000C1N35.png,46,0.08323199857278313,0.08323199857278313
G2,W0034F0003T0006Z000C1N35.png,47,0.04492949596243017,0.04492949596243017
G2,W0034F0003T0006Z000C1N35.png,48,0.06728908265624325,0.06728908265624325
G2,W0034F0003T0006Z000C1N35.png,49,0.08125,0.08125
G2,W0034F0003T0006Z000C1N35.png,50,0.08370029746612916,0.08370029746612916
G2,W0034F0003T0006Z000C1N35.png,51,0.08891329959954858,0.08891329959954858
G2,W0034F0003T0006Z000C1N35.png,52,0.07018738391943359,0.07018738391943359
G2,W0034F0003T0006Z000C1N35.png,53,0.05492832021214672,0.05492832021214672
G2,W0034F0003T0006Z000C1N35.png,54,0.07955357101448711,0.07955357101448711
G2,W0034F0003T0006Z000C1N35.png,55,0.028726212985703495,0.028726212985703495
G2,W0034F0003T0006Z000C1N35.png,56,0.0,0.0
G2,W0034F0003T0006Z000C1N35.png,57,0.08125,0.08125
G2,W0034F0003T0006Z000C1N35.png,58,0.040625,0.040625
G2,W0034F0003T0006Z000C1N35.png,59,0.08535789001466333,0.08535789001466333
G2,W0034F0003T0006Z000C1N35.png,60,2.5775594076567865,2.689853620552613
G2,W0034F0003T0006Z000C1N35.png,61,0.08125,0.08125
G2,W0034F0003T0006Z000C1N35.png,62,0.8772293029761379,1.007627163190831
G2,W0034F0003T0006Z000C1N35.png,63,0.11490485194281398,0.11490485194281398
G2,W0034F0003T0006Z000C1N35.png,64,0.07267220926874214,0.07267220926874214
G2,W0034F0002T0006Z000C1N26.png,1,0.04642857142857143,0.04642857142857143
G2,W0034F0002T0006Z000C1N26.png,2,0.05583372201357174,0.05583372201357174
G2,W0034F0002T0006Z000C1N26.png,3,0.06383602885711837,0.06383602885711837
G2,W0034F0002T0006Z000C1N26.png,4,0.09192388155425188,0.09192388155425188
G2,W0034F0002T0006Z000C1N26.png,5,0.22980970388562796,0.5138701197773617
G2,W0034F0002T0006Z000C1N26.png,6,0.04950310474005104,0.04950310474005104
G2,W0034F0002T0006Z000C1N26.png,7,0.8290316452694263,1.1094825627712341
G2,W0034F0002T0006Z000C1N26.png,8,0.11490485194281398,0.11490485194281398
G2,W0034F0002T0006Z000C1N26.png,9,1.044967520095987,1.2974810665499346
G2,W0034F0002T0006Z000C1N26.png,10,0.6700046641628699,1.7501785623187138
G2,W0034F0002T0006Z000C1N26.png,11,0.9224250948210135,2.555036556598663
G2,W0034F0002T0006Z000C1N26.png,12,0.9475296829123614,1.6730398979103878
G2,W0034F0002T0006Z000C1N26.png,13,1.161903408743601,1.4463869317198632
G2,W0034F0002T0006Z000C1N26.png,14,0.07323776028286229,1.6687185448814459
G2,W0034F0002T0006Z000C1N26.png,15,0.05745242597140699,0.05745242597140699
G2,W0034F0002T0006Z000C1N26.png,16,0.05709667997526293,0.1098276567970509
G2,W0034F0002T0006Z000C1N26.png,17,0.11490485194281398,0.11490485194281398
G2,W0034F0002T0006Z000C1N26.png,18,0.05709667997526293,0.05709667997526293
G2,W0034F0002T0006Z000C1N26.png,19,0.08125,0.08125
G2,W0034F0002T0006Z000C1N26.png,20,0.08125,0.08125
G2,W0034F0002T0006Z000C1N26.png,21,0.49422445558673034,0.7665109669795991
G2,W0034F0002T0006Z000C1N26.png,22,0.08125,0.08125
G2,W0034F0002T0006Z000C1N26.png,23,0.08125,0.08125
G2,W0034F0002T0006Z000C1N26.png,24,0.028726212985703495,0.028726212985703495
G2,W0034F0002T0006Z000C1N26.png,25,0.06958928570635851,0.06958928570635851
G2,W0034F0002T0006Z000C1N26.png,26,0.05156513040428759,0.05156513040428759
G2,W0034F0002T0006Z000C1N26.png,27,0.0,0.0
G2,W0034F0002T0006Z000C1N26.png,28,0.04642857142857242,0.04642857142857242
G2,W0034F0002T0006Z000C1N26.png,29,0.07660323462854156,0.07660323462854156
G2,W0034F0002T0006Z000C1N26.png,30,0.04642857142857242,0.04642857142857242
G2,W0034F0002T0006Z000C1N26.png,31,0.06731456008918203,0.06731456008918203
G2,W0034F0002T0006Z000C1N26.png,32,0.29295104113144915,0.33500233208143493
G2,W0034F0002T0006Z000C1N26.png,33,0.1625,1.9020137354919393
G2,W0034F0003T0006Z000C1N22.png,1,5.940147436091128,
G2,W0034F0003T0006Z000C1N22.png,2,8.457906457311113,
G2,W0034F0003T0006Z000C1N22.png,3,5.652859677266384,
G2,W0034F0003T0006Z000C1N22.png,4,2.9942857362503834,
G2,W0034F0003T0006Z000C1N22.png,5,4.503983576297271,
G2,W0034F0003T0006Z000C1N22.png,6,4.619832417144588,
G2,W0034F0003T0006Z000C1N22.png,7,6.270478949011791,
G2,W0034F0003T0006Z000C1N22.png,8,8.24290221112958,
G2,W0034F0003T0006Z000C1N22.png,9,3.0392101719670124,
G2,W0034F0003T0006Z000C1N22.png,10,9.151940230171272,
G2,W0034F0003T0006Z000C1N22.png,11,0.08125,
G2,W0034F0003T0006Z000C1N22.png,12,6.795497079357444,
G2,W0034F0003T0006Z000C1N22.png,13,2.0377396331474738,
G2,W0034F0003T0006Z000C1N22.png,14,1.2209881711947632,
G2,W0034F0003T0006Z000C1N22.png,15,4.1652018258422965,
G2,W0034F0003T0006Z000C1N22.png,16,5.615364861775608,
G2,W0034F0003T0006Z000C1N22.png,17,4.039867511922748,
G2,W0034F0003T0006Z000C1N22.png,18,5.370495932639741,
G2,W0034F0003T0006Z000C1N22.png,19,6.504568706878267,
G2,W0034F0003T0006Z000C1N22.png,20,7.271761521460945,
G2,W0034F0002T0006Z000C1N30.png,1,0.03830161731427078,0.03830161731427078
G2,W0034F0002T0006Z000C1N30.png,2,1.5423385811940842,2.1898559721290827
G2,W0034F0002T0006Z000C1N30.png,3,0.0,0.0
G2,W0034F0002T0006Z000C1N30.png,4,0.03830161731427242,0.03830161731427242
G2,W0034F0002T0006Z000C1N30.png,5,1.5995764477171777,2.162360917738317
G2,W0034F0002T0006Z000C1N30.png,6,2.3670588646430226,2.4212332069039793
G2,W0034F0002T0006Z000C1N30.png,7,0.3306635433582753,0.3306635433582753
G2,W0034F0002T0006Z000C1N30.png,8,0.4766803449215926,1.7647400614730484
G2,W0034F0002T0006Z000C1N30.png,9,0.14682003422210427,1.049018613285965
G2,W0034F0002T0006Z000C1N30.png,10,0.06768069163659848,0.06768069163659848
G2,W0034F0002T0006Z000C1N30.png,11,0.4142953354794138,0.897435582646465
G2,W0034F0002T0006Z000C1N30.png,12,0.14460096395083116,0.14460096395083116
G2,W0034F0002T0006Z000C1N30.png,13,0.0,2.8379404944431093
G2,W0034F0002T0006Z000C1N30.png,14,0.060909514923899,0.060909514923899
G2,W0034F0002T0006Z000C1N30.png,15,0.0,0.0
G2,W0034F0002T0006Z000C1N30.png,16,1.3400093283257397,2.0100139924886093
G2,W0034F0001T0006Z000C1N7.png,1,9.923140921025228,
G2,W0034F0001T0006Z000C1N7.png,2,15.614857020338835,
G2,W0034F0001T0006Z000C1N7.png,3,11.025832665580761,
G2,W0034F0001T0006Z000C1N7.png,4,3.4778627796232686,
G2,W0034F0001T0006Z000C1N7.png,5,7.375264070021933,
G2,W0034F0001T0006Z000C1N7.png,6,11.055375530709032,
G2,W0034F0001T0006Z000C1N7.png,7,8.504899782625307,
G2,W0034F0001T0006Z000C1N7.png,8,1.380175043820239,
G2,W0034F0001T0006Z000C1N7.png,9,4.687216658103186,
G2,W0034F0001T0006Z000C1N7.png,10,3.831884916576813,
G2,W0034F0001T0006Z000C1N7.png,11,3.0951703861641864,
G2,W0034F0002T0006Z000C1N25.png,1,0.0,0.0
G2,W0034F0002T0006Z000C1N25.png,2,0.041783582524659406,0.041783582524659406
G2,W0034F0002T0006Z000C1N25.png,3,0.03250000000000003,0.03250000000000003
G2,W0034F0002T0006Z000C1N25.png,4,0.07660323462854293,0.07660323462854293
G2,W0034F0002T0006Z000C1N25.png,5,0.08125,0.08125
G2,W0034F0002T0006Z000C1N25.png,6,0.01835250427776317,0.01835250427776317
G2,W0034F0002T0006Z000C1N25.png,7,0.07657196161861342,0.07657196161861342
G2,W0034F0002T0006Z000C1N25.png,8,0.17044525453906617,0.17044525453906617
G2,W0034F0002T0006Z000C1N25.png,9,0.060909514923897165,0.060909514923897165
G2,W0034F0002T0006Z000C1N25.png,10,0.07660323462854299,0.07660323462854299
G2,W0034F0002T0006Z000C1N25.png,11,0.018168052317186052,0.018168052317186052
G2,W0034F0002T0006Z000C1N25.png,12,0.03249999999999988,0.03249999999999988
G2,W0034F0002T0006Z000C1N25.png,13,0.05709667997526239,0.05709667997526239
G2,W0034F0002T0006Z000C1N25.png,14,0.07267220926874395,0.07267220926874395
G2,W0034F0002T0006Z000C1N25.png,15,0.07660323462854197,0.07660323462854197
G2,W0034F0002T0006Z000C1N25.png,16,0.07267220926874395,0.07267220926874395
G2,W0034F0002T0006Z000C1N25.png,17,0.07274086512653846,0.07274086512653846
G2,W0034F0002T0006Z000C1N25.png,18,1.1050000000000002,1.482584314634416
G2,W0034F0002T0006Z000C1N25.png,19,2.0714766773970688,2.4563851743975333
G2,W0034F0002T0006Z000C1N25.png,20,0.0695892857063571,0.0695892857063571
G2,W0034F0002T0006Z000C1N25.png,21,0.07660323462854238,0.12112034878123792
G2,W0034F0002T0006Z000C1N25.png,22,0.0494224455586725,0.0494224455586725
G2,W0034F0002T0006Z000C1N25.png,23,0.0,0.0
G2,W0034F0002T0006Z000C1N25.png,24,0.24375000000000002,0.24375000000000002
G2,W0034F0002T0006Z000C1N25.png,25,0.07660323462854156,0.07660323462854156
G2,W0034F0002T0006Z000C1N25.png,26,0.07323776028286229,0.07323776028286229
G2,W0034F0002T0006Z000C1N25.png,27,0.11490485194281398,0.11490485194281398
G2,W0034F0002T0006Z000C1N25.png,28,0.08125,0.08125
G2,W0034F0002T0006Z000C1N25.png,29,0.7392311367976264,0.7392311367976264
G2,W0034F0002T0006Z000C1N25.png,30,0.1684673045044067,0.1684673045044067
G2,W0034F0002T0006Z000C1N25.png,31,0.06958928570635742,0.06958928570635742
G2,W0034F0002T0006Z000C1N25.png,32,0.18168052317185793,0.18168052317185793
G2,W0034F0002T0006Z000C1N25.png,33,0.08750892811593565,0.08750892811593565
G2,W0034F0002T0006Z000C1N25.png,34,0.09459160805298615,0.09459160805298615
G2,W0034F0002T0006Z000C1N25.png,35,0.07886785713387287,0.07886785713387287
G2,W0034F0002T0006Z000C1N25.png,36,0.028260869565217374,0.028260869565217374
G2,W0034F0002T0006Z000C1N25.png,37,0.3468358961942785,0.5757995648564594
G2,W0034F0002T0006Z000C1N25.png,38,0.05871341946267574,0.05871341946267574
G2,W0034F0002T0006Z000C1N25.png,39,0.6700046641628699,0.8750892811593569
G2,W0034F0002T0006Z000C1N25.png,40,0.07886785713387287,0.07886785713387287
G2,W0034F0002T0006Z000C1N25.png,41,0.6776247835064944,1.6891838306972078
G2,W0034F0002T0006Z000C1N25.png,42,0.08125,0.08125
G2,W0034F0002T0006Z000C1N25.png,43,0.06768069163659729,0.06768069163659729
G2,W0034F0002T0006Z000C1N25.png,44,0.044194173824157836,0.044194173824157836
G2,W0034F0002T0006Z000C1N25.png,45,0.01915080865713621,0.01915080865713621
G2,W0034F0002T0006Z000C1N25.png,46,0.04642857142857242,0.04642857142857242
G2,W0034F0001T0006Z000C1N3.png,1,0.08370029746612823,0.08370029746612823
G2,W0034F0001T0006Z000C1N3.png,2,0.0,0.0
G2,W0034F0001T0006Z000C1N3.png,3,0.07323776028286229,0.07323776028286229
G2,W0034F0001T0006Z000C1N3.png,4,0.03852255966710653,0.03852255966710653
G2,W0034F0001T0006Z000C1N3.png,5,0.08125,0.08125
G2,W0034F0001T0006Z000C1N3.png,6,0.0,0.0
G2,W0034F0001T0006Z000C1N3.png,7,0.07660323462854217,0.07660323462854217
G2,W0034F0001T0006Z000C1N3.png,8,0.08125,0.08125
G2,W0034F0001T0006Z000C1N3.png,9,0.03028008719530948,0.03028008719530948
G2,W0034F0001T0006Z000C1N3.png,10,0.07660323462854197,0.22333488805428917
G2,W0034F0001T0006Z000C1N3.png,11,0.07432197775591769,0.07432197775591769
G2,W0034F0001T0006Z000C1N3.png,12,0.08125,0.08125
G2,W0034F0001T0006Z000C1N3.png,13,0.08125,0.08125
G2,W0034F0001T0006Z000C1N3.png,14,0.08125,0.08125
G2,W0034F0001T0006Z000C1N3.png,15,0.0541666666666659,0.0541666666666659
G2,W0034F0001T0006Z000C1N3.png,16,1.3101168840985142,1.3101168840985142
G2,W0034F0001T0006Z000C1N3.png,17,0.11490485194281398,1.1996418736439638
G2,W0034F0001T0006Z000C1N3.png,18,0.05709667997526293,0.05709667997526293
G2,W0034F0001T0006Z000C1N3.png,19,0.02795084971874753,0.02795084971874753
G2,W0034F0001T0006Z000C1N3.png,20,0.12112034878123948,1.3190445300376412
G2,W0034F0001T0006Z000C1N3.png,21,0.07267220926874421,3.9390750817926783
G2,W0034F0001T0006Z000C1N3.png,22,0.2055480479109454,3.770560303191026
G2,W0034F0001T0006Z000C1N3.png,23,1.120690530710865,4.934390832780172
G2,W0034F0001T0006Z000C1N3.png,24,1.3126339217390353,4.36411592564863
G2,W0034F0001T0006Z000C1N3.png,25,1.350132010328064,3.94470632719503
G2,W0034F0001T0006Z000C1N3.png,26,3.5997407796333842,6.781117190199726
G2,W0034F0001T0006Z000C1N3.png,27,2.885233146991763,6.310044695760878
G2,W0034F0001T0006Z000C1N3.png,28,0.5591511423577704,2.652485862356292
G2,W0034F0001T0006Z000C1N3.png,29,1.8188731940903833,3.199302936502557
G2,W0034F0001T0006Z000C1N3.png,30,0.9224250948210133,4.578605516117567
G2,W0034F0001T0006Z000C1N3.png,31,1.4973053213385186,2.3134374142719065
G2,W0034F0001T0006Z000C1N3.png,32,0.047794117647059,0.047794117647059
G2,W0034F0001T0006Z000C1N3.png,33,1.395987553669444,1.395987553669444
G2,W0034F0001T0006Z000C1N3.png,34,1.4898910666974954,5.203965772910598
G2,W0034F0001T0006Z000C1N3.png,35,1.14904851942814,2.1862139076494778
G2,W0034F0001T0006Z000C1N3.png,36,0.06770833333333272,0.06770833333333272
G2,W0034F0001T0006Z000C1N3.png,37,2.2764504304948088,2.4388537907180905
G2,W0034F0001T0006Z000C1N3.png,38,1.4189702472215546,1.9984857548904371
G2,W0034F0001T0006Z000C1N3.png,39,0.978379559526874,1.9175688546959664
G2,W0034F0001T0006Z000C1N3.png,40,0.08125,0.08125
G2,W0034F0001T0006Z000C1N3.png,41,0.5138701197773617,1.397877855894427
G2,W0034F0001T0006Z000C1N3.png,42,0.07660323462854238,0.07660323462854238
G2,W0034F0001T0006Z000C1N3.png,43,0.06770833333333456,0.06770833333333456
G2,W0034F0001T0006Z000C1N3.png,44,2.0158443571422446,2.9796590502196
G2,W0034F0001T0006Z000C1N3.png,45,0.08125,0.08125
G2,W0034F0001T0006Z000C1N3.png,46,7.630581973218033,7.9939430195617485
G2,W0034F0002T0006Z000C1N9.png,1,0.12999999999999953,0.12999999999999953
G2,W0034F0002T0006Z000C1N9.png,2,0.07267220926874421,0.07267220926874421
G2,W0034F0002T0006Z000C1N9.png,3,0.08370029746612852,0.08370029746612852
G2,W0034F0002T0006Z000C1N9.png,4,0.08022916975111809,0.08022916975111809
G2,W0034F0002T0006Z000C1N9.png,5,0.07267220926874421,0.07267220926874421
G2,W0034F0002T0006Z000C1N9.png,6,0.07267220926874421,0.07267220926874421
G2,W0034F0002T0006Z000C1N9.png,7,0.08125,0.08125
G2,W0034F0002T0006Z000C1N9.png,8,0.4659592852981421,0.4659592852981421
G2,W0034F0002T0006Z000C1N9.png,9,0.05922060518202259,0.05922060518202259
G2,W0034F0002T0006Z000C1N9.png,10,0.05709667997526184,0.05709667997526184
G2,W0034F0002T0006Z000C1N9.png,11,0.05553602434456318,0.05553602434456318
G2,W0034F0002T0006Z000C1N9.png,12,0.049244936546918874,0.049244936546918874
G2,W0034F0002T0006Z000C1N9.png,13,0.6388707726900106,0.6875350720571584
G2,W0034F0002T0006Z000C1N9.png,14,0.07851812248042613,0.07851812248042613
G2,W0034F0002T0006Z000C1N9.png,15,0.2333606220654971,0.2333606220654971
G2,W0034F0002T0006Z000C1N9.png,16,0.07905694150421066,0.07905694150421066
G2,W0034F0002T0006Z000C1N9.png,17,0.02595436045312182,0.02595436045312182
G2,W0034F0002T0006Z000C1N9.png,18,2.151207872916981,2.3450163245700444
G2,W0034F0002T0006Z000C1N9.png,19,0.1625,0.1625
G2,W0034F0002T0006Z000C1N9.png,20,0.05340002340823428,0.05340002340823428
G2,W0034F0002T0006Z000C1N9.png,21,1.7629398584309246,1.8924875238103365
G2,W0034F0002T0006Z000C1N9.png,22,0.2253469547164995,0.2253469547164995
G2,W0034F0002T0006Z000C1N9.png,23,1.625,1.625
G2,W0034F0002T0006Z000C1N9.png,24,1.1718041645257966,1.1718041645257966
G2,W0034F0002T0006Z000C1N9.png,25,0.07267220926874421,0.07267220926874421
G2,W0034F0002T0006Z000C1N9.png,26,0.10182580664035547,0.10182580664035547
G2,W0034F0002T0006Z000C1N9.png,27,0.07905694150421066,0.07905694150421066
G2,W0034F0002T0006Z000C1N9.png,28,1.0931069538247389,1.0931069538247389
G2,W0034F0002T0006Z000C1N9.png,29,0.04642857142857242,0.04642857142857242
G2,W0034F0002T0006Z000C1N9.png,30,0.1625,0.1625
G2,W0034F0002T0006Z000C1N9.png,31,0.0,0.0
G2,W0034F0002T0006Z000C1N9.png,32,1.63425250496978,1.63425250496978
G2,W0034F0002T0006Z000C1N9.png,33,0.05450415695155944,0.05450415695155944
G2,W0034F0002T0006Z000C1N9.png,34,0.0766032346285432,0.0766032346285432
G2,W0034F0002T0006Z000C1N9.png,35,0.028726212985703495,0.028726212985703495
G2,W0034F0002T0006Z000C1N9.png,36,0.04642857142857011,0.04642857142857011
G2,W0034F0002T0006Z000C1N9.png,37,1.390775974950675,1.390775974950675
G2,W0034F0002T0006Z000C1N9.png,38,0.0,0.0
G2,W0034F0003T0006Z000C1N26.png,1,1.8040427690329297,25.53280442024534
G2,W0034F0003T0006Z000C1N26.png,2,0.9524224786333655,23.68374002588106
G2,W0034F0003T0006Z000C1N26.png,3,2.6012692214570947,24.744993969740626
G2,W0034F0003T0006Z000C1N26.png,4,2.591098041854071,20.483542364847445
G2,W0034F0003T0006Z000C1N26.png,5,4.6488059332411655,19.250956616041606
G2,W0034F0003T0006Z000C1N26.png,6,0.5039425241057168,18.81547930930888
G2,W0034F0003T0006Z000C1N26.png,7,0.9272828671042078,11.200202722077176
G2,W0034F0003T0006Z000C1N26.png,8,2.4647321383649166,11.906629295504063
G2,W0034F0003T0006Z000C1N26.png,9,2.1125000000000007,11.837542238573006
G2,W0034F0003T0006Z000C1N26.png,10,4.561753173275479,7.311998439589244
G2,W0034F0003T0006Z000C1N26.png,11,5.04183075855975,5.793162093435357
G2,W0034F0003T0006Z000C1N26.png,12,5.043844048591072,10.34303003936483
G2,W0034F0003T0006Z000C1N26.png,13,4.098194748338895,4.305579252006924
G2,W0034F0003T0006Z000C1N26.png,14,3.842437659659209,3.9987912714535443
G2,W0034F0003T0006Z000C1N26.png,15,2.6606447737803878,3.1387396932917024
G2,W0034F0003T0006Z000C1N26.png,16,2.195254113992273,2.368824207280903
G2,W0034F0003T0006Z000C1N26.png,17,6.775295196520961,12.658322361197788
G2,W0034F0003T0006Z000C1N26.png,18,1.1092931307819403,1.135176197777243
G2,W0034F0003T0006Z000C1N26.png,19,0.09558823529411663,0.09558823529411663
G2,W0034F0002T0006Z000C1N20.png,1,5.8170460716758985,5.8170460716758985
G2,W0034F0002T0006Z000C1N20.png,2,3.8724024514630897,3.8724024514630897
G2,W0034F0002T0006Z000C1N20.png,3,0.08125,0.08125
G2,W0034F0002T0006Z000C1N20.png,4,2.3660357140161685,2.3660357140161685
G2,W0034F0002T0006Z000C1N20.png,5,3.5809023017018924,6.313827254776411
G2,W0034F0002T0006Z000C1N20.png,6,7.076683766072919,7.076683766072919
G2,W0034F0002T0006Z000C1N20.png,7,4.134098654322786,10.387582270849819
G2,W0034F0002T0006Z000C1N20.png,8,10.227177335413717,10.227177335413717
G2,W0034F0002T0006Z000C1N20.png,9,10.210704018945021,10.210704018945021
G2,W0034F0002T0006Z000C1N20.png,10,8.567066038487885,8.567066038487885
G2,W0034F0002T0006Z000C1N20.png,11,3.3737099675746434,3.3737099675746434
G2,W0034F0002T0006Z000C1N20.png,12,2.5653979783242367,11.402880530849496
G2,W0034F0002T0006Z000C1N20.png,13,0.32143650146178576,0.32143650146178576
G2,W0034F0002T0006Z000C1N20.png,14,0.8636993472846903,10.239111976265326
G2,W0034F0002T0006Z000C1N20.png,15,0.5675880988886205,1.31614968753558
G2,W0034F0002T0006Z000C1N20.png,16,0.07905694150420847,0.07905694150420847
G2,W0034F0002T0006Z000C1N22.png,1,0.08125,0.08125
G2,W0034F0002T0006Z000C1N22.png,2,0.04642857142857011,0.04642857142857011
G2,W0034F0002T0006Z000C1N22.png,3,0.07886785713387261,0.07886785713387261
G2,W0034F0002T0006Z000C1N22.png,4,0.05709667997526266,0.05709667997526266
G2,W0034F0002T0006Z000C1N22.png,5,0.06056017439062064,0.06056017439062064
G2,W0034F0002T0006Z000C1N22.png,6,0.040625,0.040625
G2,W0034F0002T0006Z000C1N22.png,7,0.0,0.0
G2,W0034F0002T0006Z000C1N22.png,8,0.06353990254065617,0.06353990254065617
G2,W0034F0002T0006Z000C1N22.png,9,0.08125,0.08125
G2,W0034F0002T0006Z000C1N22.png,10,0.08125,0.08125
G2,W0034F0002T0006Z000C1N22.png,11,0.04110960958218805,0.04110960958218805
G2,W0034F0002T0006Z000C1N22.png,12,0.06090951492389731,0.06090951492389731
G2,W0034F0002T0006Z000C1N22.png,13,0.08125,0.08125
G2,W0034F0002T0006Z000C1N22.png,14,1.3101168840985142,1.4534441853748634
G2,W0034F0002T0006Z000C1N22.png,15,1.5963092197315656,2.195254113992273
G2,W0034F0002T0006Z000C1N22.png,16,0.0,0.0
G2,W0034F0002T0006Z000C1N22.png,17,0.11490485194281398,0.11490485194281398
G2,W0034F0002T0006Z000C1N22.png,18,0.01816805231718476,0.01816805231718476
G2,W0034F0002T0006Z000C1N22.png,19,0.05608972391540406,0.05608972391540406
G2,W0034F0002T0006Z000C1N22.png,20,0.04308931947855524,0.04308931947855524
G2,W0034F0002T0006Z000C1N22.png,21,0.032500000000000466,0.032500000000000466
G2,W0034F0002T0006Z000C1N22.png,22,0.05859020822628983,0.05859020822628983
G2,W0034F0002T0006Z000C1N22.png,23,0.03255011568127209,0.03255011568127209
G2,W0034F0002T0006Z000C1N22.png,24,0.0,0.0
G2,W0034F0002T0006Z000C1N22.png,25,0.057352941176470384,0.057352941176470384
G2,W0034F0002T0006Z000C1N22.png,26,0.07886785713387287,0.07886785713387287
G2,W0034F0002T0006Z000C1N22.png,27,0.06090951492389675,0.06090951492389675
G2,W0034F0002T0006Z000C1N22.png,28,0.0541666666666659,0.0541666666666659
G2,W0034F0002T0006Z000C1N22.png,29,0.08838834764831895,0.08838834764831895
G2,W0034F0002T0006Z000C1N22.png,30,0.06768069163659729,0.06768069163659729
G2,W0034F0002T0006Z000C1N22.png,31,0.4142953354794138,1.1547794702885916
G2,W0034F0002T0006Z000C1N22.png,32,0.08113738733326738,0.08113738733326738
G2,W0034F0002T0006Z000C1N22.png,33,0.032500000000000466,0.032500000000000466
G2,W0034F0002T0006Z000C1N22.png,34,0.08750892811593587,0.08750892811593587
G2,W0034F0002T0006Z000C1N22.png,35,0.11490485194281398,0.11490485194281398
G2,W0034F0002T0006Z000C1N22.png,36,0.05737279679111259,0.05737279679111259
G2,W0034F0002T0006Z000C1N22.png,37,0.20948075454430978,0.20948075454430978
G2,W0034F0002T0006Z000C1N22.png,38,0.325,0.45961940777125593
G2,W0034F0002T0006Z000C1N22.png,39,0.08812799848882832,0.08812799848882832
G2,W0034F0002T0006Z000C1N22.png,40,0.04811784305302357,0.04811784305302357
G2,W0034F0002T0006Z000C1N22.png,41,0.09288733343012118,0.09288733343012118
G2,W0034F0002T0006Z000C1N22.png,42,0.5859020822628983,0.9884489111734607
G2,W0034F0002T0006Z000C1N22.png,43,0.7660323462854273,1.0887365256214305
G2,W0034F0002T0006Z000C1N22.png,44,0.8285906709588275,1.0900831390311476
G2,W0034F0002T0006Z000C1N22.png,45,1.1449816675875517,1.315706065551783
G2,W0034F0002T0006Z000C1N22.png,46,0.11490485194281398,0.11490485194281398
G2,W0034F0002T0006Z000C1N22.png,47,0.07300104447424759,0.07300104447424759
G2,W0034F0002T0006Z000C1N22.png,48,0.05709667997526385,0.10982765679704967
G2,W0034F0002T0006Z000C1N22.png,49,0.08750892811593569,0.08750892811593569
G2,W0034F0002T0006Z000C1N22.png,50,0.057096679975264034,0.057096679975264034
G2,W0034F0002T0006Z000C1N22.png,51,0.08125,0.08125
G2,W0034F0002T0006Z000C1N22.png,52,0.0,0.0
G2,W0034F0003T0006Z000C1N24.png,1,1.713941086137285,6.930690677683029
G2,W0034F0003T0006Z000C1N24.png,2,0.5478768156274191,1.9505526427771436
G2,W0034F0003T0006Z000C1N24.png,3,2.171284187209564,6.319596973223786
G2,W0034F0003T0006Z000C1N24.png,4,2.1465997822137224,2.368824207280903
G2,W0034F0003T0006Z000C1N24.png,5,0.0,0.0
G2,W0034F0003T0006Z000C1N24.png,6,0.18168052317185793,4.670991764336563
G2,W0034F0003T0006Z000C1N24.png,7,1.4898910666974954,6.859853343230087
G2,W0034F0003T0006Z000C1N24.png,8,0.24375000000000002,4.445050794141728
G2,W0034F0003T0006Z000C1N24.png,9,3.0335751391716017,4.545645237477294
G2,W0034F0003T0006Z000C1N24.png,10,2.076711307662165,6.3514137897084915
G2,W0034F0003T0006Z000C1N24.png,11,1.3953831674589514,4.509395332786992
G2,W0034F0003T0006Z000C1N24.png,12,0.05735294117647154,0.05735294117647154
G2,W0034F0003T0006Z000C1N24.png,13,0.9479650285282153,2.2297537437601713
G2,W0034F0003T0006Z000C1N24.png,14,0.4484925502191112,0.5039425241057178
G2,W0034F0003T0006Z000C1N24.png,15,0.0,3.5786912761511016
G2,W0034F0003T0006Z000C1N24.png,16,0.08549671678675741,0.08549671678675741
G2,W0034F0003T0006Z000C1N24.png,17,1.5184742705530545,4.515558995174691
G2,W0034F0003T0006Z000C1N24.png,18,0.4431706519585543,2.352495493765279
G2,W0034F0003T0006Z000C1N24.png,19,0.17385435209911093,0.17385435209911093
G2,W0034F0003T0006Z000C1N24.png,20,1.2639533713709536,1.4937630752565816
G2,W0034F0003T0006Z000C1N24.png,21,1.996246477767713,3.8767133309028665
G2,W0034F0003T0006Z000C1N24.png,22,2.535208324773331,4.64306606672789
G2,W0034F0003T0006Z000C1N24.png,23,2.391015082553851,2.8817990257823323
G2,W0034F0003T0006Z000C1N24.png,24,2.2304189068423903,2.2304189068423903
G2,W0034F0003T0006Z000C1N24.png,25,2.4976238708020086,2.4976238708020086
G2,W0034F0003T0006Z000C1N18.png,1,5.530304185969293,10.775100518095586
G2,W0034F0003T0006Z000C1N18.png,2,4.476401149503418,10.878295778153387
G2,W0034F0003T0006Z000C1N18.png,3,4.97419905612954,5.724522359987774
G2,W0034F0003T0006Z000C1N18.png,4,0.8125,4.812305190862276
G2,W0034F0003T0006Z000C1N18.png,5,1.7936575209658505,9.077122198510056
G2,W0034F0003T0006Z000C1N18.png,6,1.8894774409873223,3.861897202153367
G2,W0034F0003T0006Z000C1N18.png,7,1.8040427690329297,3.9845649464527497
G2,W0034F0003T0006Z000C1N18.png,8,0.3678750212368326,1.0033634841123131
G2,W0034F0003T0006Z000C1N18.png,9,0.1625,0.1625
G2,W0034F0003T0006Z000C1N18.png,10,0.8039151050785585,4.834719857790763
G2,W0034F0003T0006Z000C1N18.png,11,0.4844813951249548,3.0741671184602533
G2,W0034F0003T0006Z000C1N18.png,12,0.6187815648514426,2.289462955585873
G2,W0034F0003T0006Z000C1N18.png,13,0.9084026158592896,2.476459481295828
G2,W0034F0003T0006Z000C1N18.png,14,0.07708051796660499,0.07708051796660499
G2,W0034F0003T0006Z000C1N18.png,15,0.06423376497217022,0.06423376497217022
G2,W0034F0003T0006Z000C1N18.png,16,0.19969683655634612,2.531315349370597
G2,W0034F0003T0006Z000C1N18.png,17,0.8165523942160723,4.318496736423452
G2,W0034F0003T0006Z000C1N18.png,18,2.296979636694433,5.569758450901519
G2,W0034F0003T0006Z000C1N25.png,1,0.56875,0.56875
G2,W0034F0003T0006Z000C1N25.png,2,0.48750000000000004,0.48750000000000004
G2,W0034F0003T0006Z000C1N25.png,3,0.08125,0.08125
G2,W0034F0003T0006Z000C1N25.png,4,0.1625,0.1625
G2,W0034F0003T0006Z000C1N25.png,5,0.032500000000000466,0.032500000000000466
G2,W0034F0003T0006Z000C1N25.png,6,0.11718041645258034,0.11718041645258034
G2,W0034F0003T0006Z000C1N25.png,7,0.0,0.0
G2,W0034F0003T0006Z000C1N25.png,8,0.06988425425191923,0.06988425425191923
G2,W0034F0003T0006Z000C1N25.png,9,0.06090951492389787,0.06090951492389787
G2,W0034F0003T0006Z000C1N25.png,10,0.08125,0.08125
G2,W0034F0003T0006Z000C1N25.png,11,0.06532419153728555,0.06532419153728555
G2,W0034F0003T0006Z000C1N25.png,12,0.08125,0.08125
G2,W0034F0003T0006Z000C1N25.png,13,0.07847188080336426,0.07847188080336426
G2,W0034F0003T0006Z000C1N25.png,14,0.9581686127119199,1.0796507232138943
G2,W0034F0003T0006Z000C1N25.png,15,0.07660323462854156,0.07660323462854156
G2,W0034F0003T0006Z000C1N25.png,16,0.0,0.0
G2,W0034F0003T0006Z000C1N25.png,17,0.11490485194281398,0.11490485194281398
G2,W0034F0003T0006Z000C1N25.png,18,0.07660323462854238,0.07660323462854238
G2,W0034F0003T0006Z000C1N25.png,19,0.11490485194281398,0.11490485194281398
G2,W0034F0003T0006Z000C1N25.png,20,1.21875,1.21875
G2,W0034F0003T0006Z000C1N25.png,21,0.7437784407635365,0.7437784407635365
G2,W0034F0003T0006Z000C1N25.png,22,0.11652255028919542,0.11652255028919542
G2,W0034F0003T0006Z000C1N25.png,23,0.2569350598886809,0.2569350598886809
G2,W0027F0001T0006Z000C1N35.png,1,0.08125,0.08125
G2,W0027F0001T0006Z000C1N35.png,2,0.07030824987154738,0.07030824987154738
G2,W0027F0001T0006Z000C1N35.png,3,0.06423376497217022,0.06423376497217022
G2,W0027F0001T0006Z000C1N35.png,4,0.08125,0.6550584420492571
G2,W0027F0001T0006Z000C1N35.png,5,0.05143555900035103,0.05143555900035103
G2,W0027F0001T0006Z000C1N35.png,6,1.2732047546338416,2.919226555194981
G2,W0027F0001T0006Z000C1N35.png,7,1.284675299443404,2.7312571510203867
G2,W0027F0001T0006Z000C1N35.png,8,0.06589659407823172,0.06589659407823172
G2,W0027F0001T0006Z000C1N35.png,9,1.053008916285982,2.2617550952990273
G2,W0027F0001T0006Z000C1N35.png,10,0.028726212985703495,0.028726212985703495
G2,W0027F0001T0006Z000C1N35.png,11,0.2987526150513157,2.398072793932662
G2,W0027F0001T0006Z000C1N35.png,12,1.482584314634416,2.2366045694310834
G2,W0027F0001T0006Z000C1N35.png,13,0.028726212985703495,0.028726212985703495
G2,W0027F0001T0006Z000C1N35.png,14,0.03493856214843441,0.03493856214843441
G2,W0027F0001T0006Z000C1N35.png,15,0.040625,0.040625
G2,W0027F0001T0006Z000C1N35.png,16,0.06958928570635742,0.06958928570635742
G2,W0027F0001T0006Z000C1N35.png,17,0.12112034878123895,0.8052453904797533
G2,W0027F0001T0006Z000C1N35.png,18,0.6700046641628699,3.651733321314688
G2,W0027F0001T0006Z000C1N35.png,19,0.0766032346285432,3.068435291624852
G2,W0027F0001T0006Z000C1N35.png,20,0.3447145558284419,3.007347772539784
G2,W0027F0001T0006Z000C1N35.png,21,0.236603571401618,5.814957544986895
G2,W0027F0001T0006Z000C1N35.png,22,0.9755415162872362,3.0730979890006767
G2,W0027F0001T0006Z000C1N35.png,23,0.06958928570635742,0.06958928570635742
G2,W0027F0001T0006Z000C1N35.png,24,0.7490879871550471,2.471122277933652
G2,W0027F0001T0006Z000C1N35.png,25,0.09317900566922621,0.09317900566922621
G2,W0027F0001T0006Z000C1N35.png,26,1.931290452650766,3.2347297510765873
G2,W0027F0001T0006Z000C1N35.png,27,1.5607615328742568,2.82044018062784
G2,W0027F0001T0006Z000C1N35.png,28,1.039167418470726,2.5640065016059888
G2,W0027F0001T0006Z000C1N35.png,29,1.4466151224496446,5.368036914226653
G2,W0027F0001T0006Z000C1N35.png,30,0.6809990937035086,2.7651871122267657
G2,W0027F0001T0006Z000C1N35.png,31,1.6198515379818121,3.5810998517158366
G2,W0027F0002T0006Z000C1N46.png,1,12.75625,
G2,W0027F0002T0006Z000C1N46.png,2,12.87590773499096,
G2,W0027F0002T0006Z000C1N46.png,3,6.069149702164594,
G2,W0027F0002T0006Z000C1N46.png,4,1.6671106179555095,
G2,W0027F0002T0006Z000C1N46.png,5,5.164330789172979,
G2,W0027F0002T0006Z000C1N46.png,6,4.754687243263221,
G2,W0027F0002T0006Z000C1N46.png,7,3.9303506522955427,
G2,W0027F0002T0006Z000C1N46.png,8,0.1098276567970509,
G2,W0027F0002T0006Z000C1N46.png,9,5.3507921434587615,
G2,W0027F0002T0006Z000C1N53.png,1,0.07905694150420957,0.07905694150420957
G2,W0027F0002T0006Z000C1N53.png,2,0.07267220926874421,0.07267220926874421
G2,W0027F0002T0006Z000C1N53.png,3,0.08125,0.08125
G2,W0027F0002T0006Z000C1N53.png,4,0.032500000000000466,0.032500000000000466
G2,W0027F0002T0006Z000C1N53.png,5,0.08750892811593587,0.08750892811593587
G2,W0027F0002T0006Z000C1N53.png,6,0.0,0.0
G2,W0027F0002T0006Z000C1N53.png,7,0.05670020150931273,0.05670020150931273
G2,W0027F0002T0006Z000C1N53.png,8,0.05745242597140699,0.05745242597140699
G2,W0027F0002T0006Z000C1N53.png,9,0.06875350720571567,0.06875350720571567
G2,W0027F0002T0006Z000C1N53.png,10,0.20108349089992447,0.9196875530920815
G2,W0027F0002T0006Z000C1N53.png,11,1.5149503169710303,3.52493576099489
G2,W0027F0002T0006Z000C1N53.png,12,0.08750892811593587,0.08750892811593587
G2,W0027F0002T0006Z000C1N53.png,13,0.10405076885828365,0.10405076885828365
G2,W0027F0002T0006Z000C1N53.png,14,2.06104694620545,2.564930061231351
G2,W0027F0002T0006Z000C1N53.png,15,0.060560174390619476,0.060560174390619476
G2,W0027F0002T0006Z000C1N53.png,16,0.09459160805298471,0.09459160805298471
G2,W0027F0002T0006Z000C1N53.png,17,0.09459160805298543,0.09459160805298543
G2,W0027F0002T0006Z000C1N53.png,18,0.08125,0.08125
G2,W0027F0002T0006Z000C1N53.png,19,0.04642857142857242,0.04642857142857242
G2,W0027F0002T0006Z000C1N53.png,20,0.5813776741499453,0.8285906709588269
G2,W0027F0002T0006Z000C1N53.png,21,0.032500000000000466,0.032500000000000466
G2,W0027F0002T0006Z000C1N53.png,22,0.11490485194281398,0.11490485194281398
G2,W0027F0002T0006Z000C1N53.png,23,1.1318005904445414,1.1318005904445414
G2,W0027F0002T0006Z000C1N53.png,24,0.2569350598886809,0.2569350598886809
G2,W0027F0002T0006Z000C1N53.png,25,0.2569350598886809,0.6989389279472135
G2,W0027F0002T0006Z000C1N53.png,26,0.08125,0.08125
G2,W0027F0002T0006Z000C1N53.png,27,0.08125,0.08125
G2,W0027F0002T0006Z000C1N53.png,28,0.1625,0.1625
G2,W0027F0002T0006Z000C1N53.png,29,0.0,0.0
G2,W0027F0002T0006Z000C1N53.png,30,1.5474148344103094,1.5474148344103094
G2,W0027F0002T0006Z000C1N53.png,31,0.08125,0.08125
G2,W0027F0002T0006Z000C1N53.png,32,0.0677083333333341,0.0677083333333341
G2,W0027F0002T0006Z000C1N53.png,33,1.426221036625284,1.426221036625284
G2,W0027F0002T0006Z000C1N53.png,34,0.08805473146896713,0.08805473146896713
G2,W0027F0002T0006Z000C1N53.png,35,0.07267220926874421,0.07267220926874421
G2,W0027F0002T0006Z000C1N53.png,36,0.032500000000000466,0.032500000000000466
G2,W0027F0002T0006Z000C1N53.png,37,0.07267220926874421,0.07267220926874421
G2,W0027F0002T0006Z000C1N53.png,38,1.8369340712792506,1.8369340712792506
G2,W0027F0002T0006Z000C1N53.png,39,0.06056017439061896,0.06056017439061896
G2,W0027F0002T0006Z000C1N53.png,40,0.08125,0.08125
G2,W0027F0002T0006Z000C1N53.png,41,0.3830161731427125,0.3830161731427125
G2,W0027F0002T0006Z000C1N53.png,42,0.6345827861674157,0.8636993472846903
G2,W0027F0002T0006Z000C1N53.png,43,1.5186342548487448,1.5186342548487448
G2,W0027F0002T0006Z000C1N53.png,44,0.7587201394453699,0.8840955830678048
G2,W0027F0002T0006Z000C1N53.png,45,1.0593703908454306,1.4937630752565816
G2,W0027F0002T0006Z000C1N53.png,46,0.17948378043055058,0.17948378043055058
G2,W0027F0002T0006Z000C1N53.png,47,1.090681100205592,1.2788891603919017
G2,W0027F0002T0006Z000C1N53.png,48,1.21875,1.21875
G2,W0027F0002T0006Z000C1N53.png,49,1.1633229613912037,1.3126339217390353
G2,W0027F0002T0006Z000C1N53.png,50,0.7490879871550471,0.7490879871550471
G2,W0027F0002T0006Z000C1N53.png,51,0.9263925328930496,0.9263925328930496
G2,W0027F0002T0006Z000C1N53.png,52,2.3506225370587255,2.498852360041296
G2,W0027F0002T0006Z000C1N53.png,53,2.4429106614855978,3.0530978120590895
G2,W0027F0002T0006Z000C1N53.png,54,3.7394865644396957,3.8713301674779688
G2,W0027F0002T0006Z000C1N53.png,55,2.9351386785806217,3.4710015215352468
G2,W0027F0002T0006Z000C1N53.png,56,0.18168052317185793,0.18168052317185793
G2,W0027F0002T0006Z000C1N53.png,57,3.737508831511305,4.06608154623404
G2,W0027F0002T0006Z000C1N53.png,58,3.7028059203357473,3.7028059203357473
G2,W0027F0002T0006Z000C1N53.png,59,0.7903245467991981,0.7903245467991981
G2,W0027F0002T0006Z000C1N53.png,60,3.36772823899666,3.36772823899666
G2,W0027F0002T0006Z000C1N53.png,61,3.5970908384415314,3.7055701315721983
G2,W0027F0002T0006Z000C1N53.png,62,3.7875051567621663,3.7875051567621663
G2,W0027F0002T0006Z000C1N53.png,63,3.0357505249937784,3.0357505249937784
G2,W0027F0002T0006Z000C1N53.png,64,1.308099766837375,1.308099766837375
G2,W0027F0002T0006Z000C1N53.png,65,1.8214503149962689,1.8214503149962689
G2,W0027F0002T0006Z000C1N53.png,66,0.9271839833004484,0.9271839833004484
G2,W0027F0002T0006Z000C1N53.png,67,0.5859020822628983,0.5859020822628983
G2,W0027F0002T0006Z000C1N53.png,68,0.08736736599340168,0.08736736599340168
G2,W0027F0002T0006Z000C1N53.png,69,0.5397165416331985,0.5397165416331985
G2,W0027F0002T0006Z000C1N53.png,70,0.06510023136254611,0.06510023136254611
G2,W0027F0002T0006Z000C1N53.png,71,1.2295356084717515,1.2295356084717515
G2,W0027F0002T0006Z000C1N53.png,72,0.08125,0.08125
G2,W0027F0002T0006Z000C1N53.png,73,0.040625,0.040625
G2,W0027F0002T0006Z000C1N53.png,74,0.29849884840648805,0.29849884840648805
G2,W0027F0002T0006Z000C1N53.png,75,2.457015835846818,2.457015835846818
G2,W0027F0002T0006Z000C1N53.png,76,0.56875,0.56875
G2,W0027F0002T0006Z000C1N53.png,77,0.05190872090624364,0.05190872090624364
G2,W0027F0001T0006Z000C1N22.png,1,5.90615409975053,5.90615409975053
G2,W0027F0001T0006Z000C1N22.png,2,1.708183428382327,3.6571526663512426
G2,W0027F0001T0006Z000C1N22.png,3,4.796978256217658,5.157224945707235
G2,W0027F0001T0006Z000C1N22.png,4,1.4372884321492618,3.453944512623356
G2,W0027F0001T0006Z000C1N22.png,5,4.943588018838139,4.943588018838139
G2,W0027F0001T0006Z000C1N22.png,6,0.9079987916046784,2.8835801917446693
G2,W0027F0001T0006Z000C1N22.png,7,0.040625,1.7879615881290627
G2,W0027F0001T0006Z000C1N22.png,8,2.4375,4.1429533547941375
G2,W0027F0001T0006Z000C1N22.png,9,2.5859974502114267,2.5859974502114267
G2,W0027F0001T0006Z000C1N22.png,10,0.09192388155425085,0.09192388155425085
G2,W0027F0001T0006Z000C1N22.png,11,1.4937630752565816,1.4937630752565816
G2,W0027F0001T0006Z000C1N22.png,12,1.8168052317185792,1.8168052317185792
G2,W0027F0001T0006Z000C1N22.png,13,0.0,0.6894291116568838
G2,W0027F0001T0006Z000C1N22.png,14,0.08125,1.0050069962443047
G2,W0027F0001T0006Z000C1N22.png,15,0.020186724796873678,0.020186724796873678
G2,W0027F0001T0006Z000C1N22.png,16,4.840269807103274,9.154807669865177
G2,W0027F0001T0006Z000C1N22.png,17,0.0766032346285432,0.0766032346285432
G2,W0027F0001T0006Z000C1N22.png,18,0.36336104634371585,0.9475296829123614
G2,W0027F0001T0006Z000C1N22.png,19,4.776684666821748,9.487363182478575
G2,W0027F0001T0006Z000C1N22.png,20,4.149608603531183,8.760980699242525
G2,W0027F0001T0006Z000C1N22.png,21,0.11490485194281398,0.11490485194281398
G2,W0027F0001T0006Z000C1N22.png,22,0.11490485194281398,0.4737648414561807
G2,W0027F0001T0006Z000C1N22.png,23,0.08125,0.08125
G2,W0027F0001T0006Z000C1N22.png,24,0.08125,0.08125
G2,W0027F0001T0006Z000C1N22.png,25,0.08370029746612852,0.08370029746612852
G2,W0027F0001T0006Z000C1N22.png,26,0.08125,1.6188947811701662
G2,W0027F0001T0006Z000C1N22.png,27,1.21875,2.471122277933652
G2,W0027F0001T0006Z000C1N22.png,28,0.0,0.0
G2,W0027F0001T0006Z000C1N22.png,29,0.05709667997526293,0.05709667997526293
G2,W0027F0001T0006Z000C1N22.png,30,0.09459160805298543,0.23357732717152846
G2,W0027F0001T0006Z000C1N22.png,31,0.028726212985703495,2.945382542270613
G2,W0027F0001T0006Z000C1N22.png,32,0.028726212985703495,0.028726212985703495
G2,W0027F0001T0006Z000C1N22.png,33,0.0,1.541610359332085
G2,W0027F0001T0006Z000C1N22.png,34,0.8883993877880716,0.8883993877880716
G2,W0027F0001T0006Z000C1N22.png,35,1.8554009688210356,1.858448201965218
G2,W0027F0001T0006Z000C1N22.png,36,0.945980164814371,8.724028917624905
G2,W0027F0001T0006Z000C1N22.png,37,1.1403980938689786,6.991750160903921
G2,W0027F0001T0006Z000C1N22.png,38,0.0,1.5330219339591982
G2,W0027F0001T0006Z000C1N22.png,39,0.11490485194281398,0.11490485194281398
G2,W0027F0001T0006Z000C1N22.png,40,0.08125,9.645507778883392
G2,W0027F0001T0006Z000C1N22.png,41,0.07267220926874421,6.141124184544715
G2,W0027F0001T0006Z000C1N22.png,42,0.04642857142857011,10.140418783869084
G2,W0027F0001T0006Z000C1N22.png,43,0.8125,2.569350598886808
G2,W0027F0001T0006Z000C1N22.png,44,0.18168052317185793,4.397269216513813
G2,W0027F0001T0006Z000C1N22.png,45,0.0,1.8168052317185792
G2,W0027F0001T0006Z000C1N22.png,46,1.4425021663761906,2.9937069412352293
G2,W0027F0001T0006Z000C1N22.png,47,0.0,4.237481563381722
G2,W0027F0001T0006Z000C1N22.png,48,0.03830161731427242,3.117525783997446
G2,W0027F0001T0006Z000C1N22.png,49,0.07886785713387287,0.07886785713387287
G2,W0027F0001T0006Z000C1N22.png,50,1.040507688582838,7.4767660957127715
G2,W0027F0001T0006Z000C1N22.png,51,0.8395134379508182,10.970964591251764
G2,W0027F0001T0006Z000C1N22.png,52,0.10381744181248936,5.998636111990928
G2,W0027F0001T0006Z000C1N22.png,53,0.3447145558284419,3.9219434754978306
G2,W0027F0001T0006Z000C1N22.png,54,1.4647552056572457,8.906793843044758
G2,W0027F0001T0006Z000C1N22.png,55,2.1877232028983924,6.984192531173521
G2,W0027F0001T0006Z000C1N3.png,1,0.07660323462854271,0.07660323462854271
G2,W0027F0001T0006Z000C1N3.png,2,0.03633610463437168,0.03633610463437168
G2,W0027F0001T0006Z000C1N3.png,3,0.56875,0.5915089285040421
G2,W0027F0001T0006Z000C1N3.png,4,0.08125,0.08125
G2,W0027F0001T0006Z000C1N3.png,5,0.06589659407823162,0.06589659407823162
G2,W0027F0001T0006Z000C1N3.png,6,0.06656561218544878,0.06656561218544878
G2,W0027F0001T0006Z000C1N3.png,7,0.07905694150420921,0.07905694150420921
G2,W0027F0001T0006Z000C1N3.png,8,0.02154465973927762,0.02154465973927762
G2,W0027F0001T0006Z000C1N3.png,9,1.0611138016254436,2.0023798340974177
G2,W0027F0001T0006Z000C1N3.png,10,0.03830161731427078,0.03830161731427078
G2,W0027F0001T0006Z000C1N3.png,11,0.271049913402597,0.271049913402597
G2,W0027F0001T0006Z000C1N3.png,12,0.09027777777777746,0.09027777777777746
G2,W0027F0001T0006Z000C1N3.png,13,1.1403980938689786,1.1403980938689786
G2,W0027F0001T0006Z000C1N3.png,14,0.08125,0.08125
G2,W0027F0001T0006Z000C1N3.png,15,0.0,0.0
G2,W0027F0001T0006Z000C1N3.png,16,0.0,0.0
G2,W0027F0001T0006Z000C1N3.png,17,0.04404601026663047,0.04404601026663047
G2,W0027F0001T0006Z000C1N3.png,18,0.054144553309278594,0.054144553309278594
G2,W0027F0001T0006Z000C1N3.png,19,0.08125,0.08125
G2,W0027F0001T0006Z000C1N3.png,20,0.07660323462854238,0.07660323462854238
G2,W0027F0001T0006Z000C1N3.png,21,0.0383016173142716,0.0383016173142716
G2,W0027F0001T0006Z000C1N3.png,22,0.0330328223948842,0.0330328223948842
G2,W0027F0001T0006Z000C1N3.png,23,1.4466151224496446,1.4466151224496446
G2,W0027F0001T0006Z000C1N3.png,24,0.07060349365524746,0.07060349365524746
G2,W0027F0001T0006Z000C1N3.png,25,0.05753194493814407,0.05753194493814407
G2,W0027F0001T0006Z000C1N3.png,26,0.07267220926874421,0.07267220926874421
G2,W0027F0001T0006Z000C1N3.png,27,0.08125,0.08125
G2,W0027F0001T0006Z000C1N3.png,28,0.08125,0.08125
G2,W0027F0001T0006Z000C1N3.png,29,0.0,0.0
G2,W0027F0001T0006Z000C1N3.png,30,0.6894291116568838,0.6894291116568838
G2,W0027F0001T0006Z000C1N3.png,31,0.0,0.0
G2,W0027F0001T0006Z000C1N3.png,32,0.9884489111734612,0.9884489111734612
G2,W0027F0001T0006Z000C1N3.png,33,0.08149003006503304,0.08149003006503304
G2,W0027F0001T0006Z000C1N3.png,34,1.5691981431610222,1.5691981431610222
G2,W0027F0001T0006Z000C1N3.png,35,0.07267220926874421,0.07267220926874421
G2,W0027F0001T0006Z000C1N3.png,36,0.0766032346285432,0.0766032346285432
G2,W0027F0001T0006Z000C1N3.png,37,0.031973455594813786,0.031973455594813786
G2,W0027F0001T0006Z000C1N3.png,38,0.07041666666666782,0.07041666666666782
G2,W0027F0001T0006Z000C1N3.png,39,0.02595436045312182,0.02595436045312182
G2,W0027F0001T0006Z000C1N3.png,40,0.0,0.0
G2,W0027F0001T0006Z000C1N3.png,41,0.03421052631579045,0.03421052631579045
G2,W0027F0001T0006Z000C1N3.png,42,0.040625,0.040625
G2,W0027F0001T0006Z000C1N3.png,43,0.0,0.0
G2,W0027F0001T0006Z000C1N3.png,44,0.20004339806929683,0.20004339806929683
G2,W0027F0001T0006Z000C1N3.png,45,0.07660323462854238,0.07660323462854238
G2,W0027F0001T0006Z000C1N3.png,46,0.09208333333333327,0.09208333333333327
G2,W0027F0001T0006Z000C1N3.png,47,0.7357500424736652,0.7357500424736652
G2,W0027F0001T0006Z000C1N3.png,48,0.1625,0.1625
G2,W0027F0001T0006Z000C1N3.png,49,0.08125,0.08125
G2,W0027F0001T0006Z000C1N3.png,50,0.07267220926874421,0.07267220926874421
G2,W0027F0001T0006Z000C1N3.png,51,0.06589659407823152,0.06589659407823152
G2,W0027F0001T0006Z000C1N3.png,52,0.17086664436410653,0.17086664436410653
G2,W0027F0001T0006Z000C1N3.png,53,1.403533487309796,1.403533487309796
G2,W0027F0001T0006Z000C1N3.png,54,0.05709667997526184,0.05709667997526184
G2,W0027F0001T0006Z000C1N3.png,55,0.08125,0.08125
G2,W0027F0001T0006Z000C1N3.png,56,0.028726212985703495,0.028726212985703495
G2,W0027F0001T0006Z000C1N3.png,57,0.019337340467598975,0.019337340467598975
G2,W0027F0001T0006Z000C1N3.png,58,0.0,0.0
G2,W0027F0001T0006Z000C1N3.png,59,0.09765034704381595,0.09765034704381595
G2,W0027F0001T0006Z000C1N3.png,60,1.6520833333333333,1.6520833333333333
G2,W0027F0001T0006Z000C1N3.png,61,0.0,0.0
G2,W0027F0001T0006Z000C1N3.png,62,1.530278606948226,1.530278606948226
G2,W0027F0001T0006Z000C1N3.png,63,0.08125,0.08125
G2,W0027F0001T0006Z000C1N3.png,64,1.2029391090159145,2.0974463640341336
G2,W0027F0001T0006Z000C1N3.png,65,0.5859020822628974,0.5859020822628974
G2,W0027F0001T0006Z000C1N3.png,66,1.1633229613912037,1.5607615328742568
G2,W0027F0002T0006Z000C1N9.png,1,3.927467377331096,4.151242283943446
G2,W0027F0002T0006Z000C1N9.png,2,6.719642574768738,6.900824619098339
G2,W0027F0002T0006Z000C1N9.png,3,1.6572513005163152,1.8466832363282408
G2,W0027F0002T0006Z000C1N9.png,4,0.7587201394453691,1.0200030637208892
G2,W0027F0002T0006Z000C1N9.png,5,0.09913511990017451,0.09913511990017451
G2,W0027F0002T0006Z000C1N9.png,6,5.172928253988656,5.345230523793438
G2,W0027F0002T0006Z000C1N9.png,7,5.447757814960132,8.414057807139654
G2,W0027F0002T0006Z000C1N9.png,8,3.58158523857531,9.883088338816325
G2,W0027F0002T0006Z000C1N9.png,9,2.3661046052713774,9.858349867711004
G2,W0027F0002T0006Z000C1N9.png,10,1.7893456380755508,12.04063594925534
G2,W0027F0002T0006Z000C1N54.png,1,0.032500000000000466,0.032500000000000466
G2,W0027F0002T0006Z000C1N54.png,2,0.4226394397999086,0.4226394397999086
G2,W0027F0002T0006Z000C1N54.png,3,0.6516560536394165,0.6602821946187948
G2,W0027F0002T0006Z000C1N54.png,4,0.06522530396845935,0.06522530396845935
G2,W0027F0002T0006Z000C1N54.png,5,1.3708304145264012,1.7372235194817693
G2,W0027F0002T0006Z000C1N54.png,6,0.08838834764831895,0.08838834764831895
G2,W0027F0002T0006Z000C1N54.png,7,0.08744855630597977,0.08744855630597977
G2,W0027F0002T0006Z000C1N54.png,8,0.0383016173142716,0.0383016173142716
G2,W0027F0002T0006Z000C1N54.png,9,0.11490485194281398,0.11490485194281398
G2,W0027F0002T0006Z000C1N54.png,10,0.9917826437783633,0.9917826437783633
G2,W0027F0002T0006Z000C1N54.png,11,0.08370029746612659,0.08370029746612659
G2,W0027F0002T0006Z000C1N54.png,12,0.09459160805298615,0.09459160805298615
G2,W0027F0002T0006Z000C1N54.png,13,0.11490485194281398,0.11490485194281398
G2,W0027F0002T0006Z000C1N54.png,14,1.131800590444542,1.131800590444542
G2,W0027F0002T0006Z000C1N54.png,15,0.2569350598886809,0.2569350598886809
G2,W0027F0002T0006Z000C1N54.png,16,0.08125,0.08125
G2,W0027F0002T0006Z000C1N54.png,17,0.08125,0.08125
G2,W0027F0002T0006Z000C1N54.png,18,0.08125,0.08125
G2,W0027F0002T0006Z000C1N54.png,19,0.04642857142857242,0.04642857142857242
G2,W0027F0002T0006Z000C1N54.png,20,0.1625,0.1625
G2,W0027F0002T0006Z000C1N54.png,21,1.5762500000000002,1.5762500000000002
G2,W0027F0002T0006Z000C1N54.png,22,0.08805473146896713,0.08805473146896713
G2,W0027F0002T0006Z000C1N54.png,23,0.05153882032022072,0.05153882032022072
G2,W0027F0002T0006Z000C1N54.png,24,1.426221036625284,1.426221036625284
G2,W0027F0002T0006Z000C1N54.png,25,1.783137877023693,1.783137877023693
G2,W0027F0002T0006Z000C1N54.png,26,0.11490485194281398,0.11490485194281398
G2,W0027F0002T0006Z000C1N54.png,27,0.0,0.0
G2,W0027F0002T0006Z000C1N54.png,28,0.08125,0.08125
G2,W0027F0002T0006Z000C1N54.png,29,0.06958928570635742,0.06958928570635742
G2,W0027F0002T0006Z000C1N54.png,30,0.3830161731427124,0.3830161731427124
G2,W0027F0002T0006Z000C1N54.png,31,1.4669610251246255,1.4669610251246255
G2,W0027F0002T0006Z000C1N54.png,32,0.6345827861674157,0.7665109669795991
G2,W0027F0002T0006Z000C1N54.png,33,1.1146362915767631,1.1473236520267502
G2,W0027F0002T0006Z000C1N54.png,34,0.7614851895326327,0.7614851895326327
G2,W0027F0002T0006Z000C1N54.png,35,1.625,1.625
G2,W0027F0002T0006Z000C1N54.png,36,0.0,0.0
G2,W0027F0002T0006Z000C1N54.png,37,0.08125,0.08125
G2,W0027F0002T0006Z000C1N54.png,38,0.0,0.0
G2,W0027F0002T0006Z000C1N54.png,39,2.2807961877379572,2.569350598886808
G2,W0027F0002T0006Z000C1N54.png,40,2.7636945946504294,3.0150209887329145
G2,W0027F0002T0006Z000C1N54.png,41,0.0,0.0
G2,W0027F0002T0006Z000C1N54.png,42,0.04642857142857242,0.04642857142857242
G2,W0027F0002T0006Z000C1N54.png,43,3.517654384427943,3.688547660740994
G2,W0027F0002T0006Z000C1N54.png,44,1.0852875891829636,1.106703933163253
G2,W0027F0002T0006Z000C1N54.png,45,0.10439817302930117,0.10439817302930117
G2,W0027F0002T0006Z000C1N54.png,46,0.16317010593572095,0.16317010593572095
G2,W0027F0002T0006Z000C1N54.png,47,0.7814114030804766,0.8323199857278311
G2,W0027F0002T0006Z000C1N54.png,48,1.7875,1.7875
G2,W0027F0002T0006Z000C1N40.png,1,13.393440850375232,
G2,W0027F0002T0006Z000C1N40.png,2,12.066896470661938,
G2,W0027F0002T0006Z000C1N40.png,3,14.953532191425543,
G2,W0027F0002T0006Z000C1N40.png,4,5.053050371365356,
G2,W0027F0002T0006Z000C1N40.png,5,11.05238944753577,
G2,W0027F0002T0006Z000C1N40.png,6,3.5633770850135953,
G2,W0027F0002T0006Z000C1N40.png,7,9.325008378012322,
G2,W0027F0002T0006Z000C1N40.png,8,9.626679541920751,
G2,W0027F0002T0006Z000C1N40.png,9,6.879920947346382,
G2,W0027F0002T0006Z000C1N40.png,10,7.394196415094746,
G2,W0027F0002T0006Z000C1N40.png,11,9.069156559153912,
G2,W0027F0001T0006Z000C1N24.png,1,7.530345381355359,7.530345381355359
G2,W0027F0001T0006Z000C1N24.png,2,7.334584706205253,7.334584706205253
G2,W0027F0001T0006Z000C1N24.png,3,1.313452035667843,1.3341664064126333
G2,W0027F0001T0006Z000C1N24.png,4,1.460693328525874,1.460693328525874
G2,W0027F0001T0006Z000C1N24.png,5,0.5915089285040421,0.5915089285040421
G2,W0027F0001T0006Z000C1N24.png,6,0.1551097281854945,0.1551097281854945
G2,W0027F0001T0006Z000C1N24.png,7,0.05745242597140699,0.05745242597140699
G2,W0027F0001T0006Z000C1N24.png,8,0.09765034704381595,0.09765034704381595
G2,W0027F0001T0006Z000C1N24.png,9,0.08125,0.08125
G2,W0027F0001T0006Z000C1N24.png,10,0.15512609579829087,0.15512609579829087
G2,W0027F0001T0006Z000C1N24.png,11,0.7490879871550471,0.7490879871550471
G2,W0027F0001T0006Z000C1N24.png,12,0.09357977743560865,0.09357977743560865
G2,W0027F0001T0006Z000C1N24.png,13,0.6845089480788399,0.6845089480788399
G2,W0027F0001T0006Z000C1N24.png,14,0.0,0.0
G2,W0027F0001T0006Z000C1N24.png,15,0.07660323462854238,0.07660323462854238
G2,W0027F0001T0006Z000C1N24.png,16,0.032500000000000466,0.032500000000000466
G2,W0027F0001T0006Z000C1N24.png,17,0.08750892811593587,0.08750892811593587
G2,W0027F0001T0006Z000C1N24.png,18,0.07312126941815317,0.07312126941815317
G2,W0027F0001T0006Z000C1N24.png,19,0.8165523942160723,0.8482749038489823
G2,W0027F0001T0006Z000C1N24.png,20,0.08125,0.08125
G2,W0027F0001T0006Z000C1N24.png,21,0.08125,0.08125
G2,W0027F0001T0006Z000C1N24.png,22,0.08125,0.08125
G2,W0027F0001T0006Z000C1N24.png,23,0.025534411542848273,0.025534411542848273
G2,W0027F0001T0006Z000C1N24.png,24,0.06958928570635742,0.06958928570635742
G2,W0027F0001T0006Z000C1N24.png,25,0.07660323462854238,0.07660323462854238
G2,W0027F0001T0006Z000C1N24.png,26,0.9120888069346852,0.9120888069346852
G2,W0027F0001T0006Z000C1N24.png,27,0.05976726018664919,0.05976726018664919
G2,W0027F0001T0006Z000C1N24.png,28,0.0,0.0
G2,W0027F0001T0006Z000C1N24.png,29,0.07660323462854156,0.07660323462854156
G2,W0027F0001T0006Z000C1N24.png,30,0.04642857142857242,0.04642857142857242
G2,W0027F0001T0006Z000C1N24.png,31,0.08312265885224723,0.08312265885224723
G2,W0027F0001T0006Z000C1N24.png,32,0.4737648414561807,0.4737648414561807
G2,W0027F0001T0006Z000C1N24.png,33,0.08125,0.08125
G2,W0027F0001T0006Z000C1N24.png,34,0.0,0.0
G2,W0027F0001T0006Z000C1N24.png,35,0.05190872090624571,0.05190872090624571
G2,W0027F0001T0006Z000C1N24.png,36,0.058962382075353724,0.058962382075353724
G2,W0027F0001T0006Z000C1N24.png,37,0.0,0.0
G2,W0027F0001T0006Z000C1N24.png,38,0.08125,0.08125
G2,W0027F0001T0006Z000C1N24.png,39,0.07660323462854156,0.12112034878123895
G2,W0027F0001T0006Z000C1N24.png,40,0.325,0.325
G2,W0027F0001T0006Z000C1N24.png,41,0.05190872090624571,0.05190872090624571
G2,W0027F0001T0006Z000C1N24.png,42,0.09357977743560865,0.09357977743560865
G2,W0027F0001T0006Z000C1N24.png,43,0.08125,0.08125
G2,W0027F0001T0006Z000C1N24.png,44,1.5775896369144926,1.5775896369144926
G2,W0027F0001T0006Z000C1N24.png,45,0.6345827861674157,0.6345827861674157
G2,W0027F0001T0006Z000C1N24.png,46,0.16295076369532355,0.16295076369532355
G2,W0027F0001T0006Z000C1N24.png,47,0.05803571428571495,0.05803571428571495
G2,W0027F0001T0006Z000C1N24.png,48,0.01712900399257775,0.01712900399257775
G2,W0027F0001T0006Z000C1N24.png,49,0.034258007985157685,0.034258007985157685
G2,W0027F0001T0006Z000C1N24.png,50,0.057096679975264034,0.057096679975264034
G2,W0027F0001T0006Z000C1N24.png,51,0.9475296829123614,0.9475296829123614
G2,W0027F0001T0006Z000C1N43.png,1,1.2666523261211688,7.625786243782107
G2,W0027F0001T0006Z000C1N43.png,2,0.048616071175520144,0.048616071175520144
G2,W0027F0001T0006Z000C1N43.png,3,0.08750892811593565,0.08750892811593565
G2,W0027F0001T0006Z000C1N43.png,4,0.2859792807422927,0.2859792807422927
G2,W0027F0001T0006Z000C1N43.png,5,0.07660323462854217,0.07660323462854217
G2,W0027F0001T0006Z000C1N43.png,6,0.07660323462854238,2.2095751225568727
G2,W0027F0001T0006Z000C1N43.png,7,0.08125,0.08125
G2,W0027F0001T0006Z000C1N43.png,8,2.8315647666577903,4.335526528321305
G2,W0027F0001T0006Z000C1N43.png,9,0.08750892811593587,0.08750892811593587
G2,W0027F0001T0006Z000C1N43.png,10,0.6370343138433663,0.7182191578345406
G2,W0027F0001T0006Z000C1N43.png,11,0.08125,2.0570856964404767
G2,W0027F0001T0006Z000C1N43.png,12,2.4201045948470896,4.621975362331566
G2,W0027F0001T0006Z000C1N43.png,13,0.11490485194281398,0.9263925328930496
G2,W0027F0001T0006Z000C1N43.png,14,1.1316815475212108,2.0993339717634267
G2,W0027F0001T0006Z000C1N43.png,15,0.07267220926874317,0.07267220926874317
G2,W0027F0001T0006Z000C1N43.png,16,0.06388914019952041,0.06388914019952041
G2,W0027F0001T0006Z000C1N43.png,17,0.07660323462854238,0.73674631922317
G2,W0027F0001T0006Z000C1N43.png,18,0.0,1.3788582233137676
G2,W0027F0001T0006Z000C1N43.png,19,1.8527850657860991,5.171994900422853
G2,W0027F0001T0006Z000C1N43.png,20,0.07660323462854156,0.07660323462854156
G2,W0027F0001T0006Z000C1N43.png,21,0.08125,3.6957587600518518
G2,W0027F0001T0006Z000C1N43.png,22,0.04642857142857011,0.04642857142857011
G2,W0027F0001T0006Z000C1N43.png,23,1.3,1.9768978223469214
G2,W0027F0001T0006Z000C1N43.png,24,0.041875291510179366,0.041875291510179366
G2,W0027F0001T0006Z000C1N43.png,25,1.4893737330621672,4.855274313794236
G2,W0027F0001T0006Z000C1N43.png,26,0.18168052317185793,0.18168052317185793
G2,W0027F0001T0006Z000C1N43.png,27,1.708183428382327,5.281874963022127
G2,W0027F0001T0006Z000C1N81.png,1,0.11490485194281398,0.11490485194281398
G2,W0027F0001T0006Z000C1N81.png,2,0.03028008719531032,0.03028008719531032
G2,W0027F0001T0006Z000C1N81.png,3,0.05583372201357281,0.05583372201357281
G2,W0027F0001T0006Z000C1N81.png,4,0.6944350693811628,0.6944350693811628
G2,W0027F0001T0006Z000C1N81.png,5,0.04642857142857242,0.04642857142857242
G2,W0027F0001T0006Z000C1N81.png,6,0.07267220926874395,0.07267220926874395
G2,W0027F0001T0006Z000C1N81.png,7,0.04308931947855524,0.04308931947855524
G2,W0027F0001T0006Z000C1N81.png,8,0.02595436045312337,0.02595436045312337
G2,W0027F0001T0006Z000C1N81.png,9,0.27143451794284384,0.27143451794284384
G2,W0027F0001T0006Z000C1N81.png,10,0.9572770730207896,0.9572770730207896
G2,W0027F0001T0006Z000C1N81.png,11,0.8365199489551939,0.8365199489551939
G2,W0027F0001T0006Z000C1N81.png,12,0.8883993877880731,1.1928970920503676
G2,W0027F0001T0006Z000C1N81.png,13,0.07323776028286229,0.07323776028286229
G2,W0027F0001T0006Z000C1N81.png,14,0.9459801648143698,0.9459801648143698
G2,W0027F0001T0006Z000C1N81.png,15,0.6700046641628699,0.9475296829123614
G2,W0027F0001T0006Z000C1N81.png,16,0.11490485194281398,0.11490485194281398
G2,W0027F0001T0006Z000C1N81.png,17,0.07660323462854238,0.07660323462854238
G2,W0027F0001T0006Z000C1N81.png,18,0.0976503470438166,0.0976503470438166
G2,W0027F0001T0006Z000C1N81.png,19,0.05817483325708661,0.05817483325708661
G2,W0027F0001T0006Z000C1N81.png,20,2.764358035280925,2.764358035280925
G2,W0027F0001T0006Z000C1N81.png,21,1.423174214578568,1.4589891284240282
G2,W0027F0001T0006Z000C1N81.png,22,0.06090951492389787,0.06090951492389787
G2,W0027F0001T0006Z000C1N81.png,23,0.07267220926874317,0.07267220926874317
G2,W0027F0001T0006Z000C1N81.png,24,0.09357977743560865,0.09357977743560865
G2,W0027F0001T0006Z000C1N81.png,25,2.3067572101395104,2.3067572101395104
G2,W0027F0001T0006Z000C1N81.png,26,0.33636802193513493,0.33636802193513493
G2,W0027F0001T0006Z000C1N81.png,27,2.6453083468662024,2.6453083468662024
G2,W0027F0001T0006Z000C1N81.png,28,0.0,0.0
G2,W0027F0001T0006Z000C1N81.png,29,1.327903025932613,1.4719449381095904
G2,W0027F0001T0006Z000C1N81.png,30,0.07660323462854238,0.07660323462854238
G2,W0027F0001T0006Z000C1N81.png,31,0.10870883994743029,0.10870883994743029
G2,W0027F0001T0006Z000C1N81.png,32,0.11490485194281398,0.11490485194281398
G2,W0027F0001T0006Z000C1N81.png,33,1.956759119053748,2.118740781690861
G2,W0027F0001T0006Z000C1N81.png,34,0.11490485194281398,0.11490485194281398
G2,W0027F0001T0006Z000C1N81.png,35,0.11490485194281398,0.11490485194281398
G2,W0027F0001T0006Z000C1N81.png,36,0.022980970388561492,0.022980970388561492
G2,W0027F0001T0006Z000C1N81.png,37,1.2680091569946257,1.2680091569946257
G2,W0027F0001T0006Z000C1N81.png,38,0.02595436045312182,0.02595436045312182
G2,W0027F0001T0006Z000C1N81.png,39,0.08125,0.08125
G2,W0027F0001T0006Z000C1N81.png,40,0.0541666666666659,0.0541666666666659
G2,W0027F0001T0006Z000C1N81.png,41,0.07660323462854156,0.07660323462854156
G2,W0027F0001T0006Z000C1N81.png,42,0.11546052631579044,0.11546052631579044
G2,W0027F0001T0006Z000C1N81.png,43,0.06310911857336776,0.06310911857336776
G2,W0027F0001T0006Z000C1N81.png,44,0.0,0.0
G2,W0027F0001T0006Z000C1N81.png,45,0.08838834764831895,0.08838834764831895
G2,W0027F0001T0006Z000C1N81.png,46,0.08125,0.08125
G2,W0027F0001T0006Z000C1N81.png,47,0.0751652984061209,0.0751652984061209
G2,W0027F0001T0006Z000C1N81.png,48,0.07786308135936754,0.07786308135936754
G2,W0027F0001T0006Z000C1N81.png,49,0.03830161731427242,0.03830161731427242
G2,W0027F0001T0006Z000C1N81.png,50,0.08125,0.08125
G2,W0027F0001T0006Z000C1N81.png,51,0.07660323462854238,0.07660323462854238
G2,W0027F0001T0006Z000C1N81.png,52,0.06947735233751508,0.06947735233751508
G2,W0027F0001T0006Z000C1N81.png,53,0.08125,0.08125
G2,W0027F0001T0006Z000C1N81.png,54,0.07660323462854156,0.07660323462854156
G2,W0027F0001T0006Z000C1N81.png,55,0.8958161286118816,1.257315469976841
G2,W0027F0001T0006Z000C1N81.png,56,1.6907029787931411,1.6907029787931411
G2,W0027F0001T0006Z000C1N81.png,57,0.7967472936885317,0.8449999999999996
G2,W0027F0001T0006Z000C1N81.png,58,0.08055587242548307,0.08055587242548307
G2,W0027F0001T0006Z000C1N42.png,1,0.8475449955791433,0.8475449955791433
G2,W0027F0001T0006Z000C1N42.png,2,0.08365199489551979,0.08365199489551979
G2,W0027F0001T0006Z000C1N42.png,3,0.2329796426490704,0.2329796426490704
G2,W0027F0001T0006Z000C1N42.png,4,0.025000000000001067,0.025000000000001067
G2,W0027F0001T0006Z000C1N42.png,5,0.040625,0.040625
G2,W0027F0001T0006Z000C1N42.png,6,0.06056017439061845,0.06056017439061845
G2,W0027F0001T0006Z000C1N42.png,7,0.6340045784973128,0.6340045784973128
G2,W0027F0001T0006Z000C1N42.png,8,0.1436310649285175,0.1436310649285175
G2,W0027F0001T0006Z000C1N42.png,9,0.0,0.0
G2,W0027F0001T0006Z000C1N42.png,10,0.9074710770426425,0.9428099810835895
G2,W0027F0001T0006Z000C1N42.png,11,0.03028008719531,0.03028008719531
G2,W0027F0001T0006Z000C1N42.png,12,0.0,0.0
G2,W0027F0001T0006Z000C1N42.png,13,0.05167660443148497,0.05167660443148497
G2,W0027F0001T0006Z000C1N42.png,14,0.04779411764705923,0.04779411764705923
G2,W0027F0001T0006Z000C1N42.png,15,0.09662944685757063,0.09662944685757063
G2,W0027F0001T0006Z000C1N42.png,16,0.08125,0.08125
G2,W0027F0001T0006Z000C1N42.png,17,0.059555970147810444,0.059555970147810444
G2,W0027F0001T0006Z000C1N42.png,18,0.07217371689303698,0.07217371689303698
G2,W0027F0001T0006Z000C1N42.png,19,0.0,0.0
G2,W0027F0001T0006Z000C1N42.png,20,0.028726212985703495,0.028726212985703495
G2,W0027F0001T0006Z000C1N42.png,21,0.028726212985703495,0.028726212985703495
G2,W0027F0001T0006Z000C1N42.png,22,0.08125,0.08125
G2,W0027F0001T0006Z000C1N42.png,23,0.04642857142857242,0.04642857142857242
G2,W0027F0001T0006Z000C1N42.png,24,0.19622071490083004,0.19622071490083004
G2,W0027F0001T0006Z000C1N54.png,1,0.7970050275179508,0.9483034925006283
G2,W0027F0001T0006Z000C1N54.png,2,0.08040055969954504,0.08040055969954504
G2,W0027F0001T0006Z000C1N54.png,3,0.1605844124304255,0.1605844124304255
G2,W0027F0001T0006Z000C1N54.png,4,0.14835916364944762,0.14835916364944762
G2,W0027F0001T0006Z000C1N54.png,5,0.071341713062386,0.071341713062386
G2,W0027F0001T0006Z000C1N54.png,6,0.05583372201357183,0.05583372201357183
G2,W0027F0001T0006Z000C1N54.png,7,0.06770833333333365,0.06770833333333365
G2,W0027F0001T0006Z000C1N54.png,8,0.09027777777777712,0.09027777777777712
G2,W0027F0001T0006Z000C1N54.png,9,0.08636993472846824,0.08636993472846824
G2,W0027F0001T0006Z000C1N54.png,10,0.07341001711105177,0.07341001711105177
G2,W0027F0001T0006Z000C1N54.png,11,0.07844827586206948,0.07844827586206948
G2,W0027F0001T0006Z000C1N54.png,12,0.07052680675398607,0.07052680675398607
G2,W0027F0001T0006Z000C1N54.png,13,0.028726212985703495,0.028726212985703495
G2,W0027F0001T0006Z000C1N54.png,14,0.7626219249491993,1.035040148740198
G2,W0027F0001T0006Z000C1N54.png,15,0.05326382566026403,0.05326382566026403
G2,W0027F0001T0006Z000C1N54.png,16,0.7842203532808893,0.7842203532808893
G2,W0027F0001T0006Z000C1N54.png,17,0.0,0.0
G2,W0027F0001T0006Z000C1N54.png,18,0.08750892811593587,0.08750892811593587
G2,W0027F0001T0006Z000C1N54.png,19,0.07660323462854156,0.07660323462854156
G2,W0027F0001T0006Z000C1N54.png,20,0.06936717923885517,0.06936717923885517
G2,W0027F0001T0006Z000C1N54.png,21,0.09676198058342178,0.09676198058342178
G2,W0027F0001T0006Z000C1N54.png,22,0.8482749038489823,1.0562500000000001
G2,W0027F0001T0006Z000C1N54.png,23,0.09317900566922621,0.09317900566922621
G2,W0027F0001T0006Z000C1N54.png,24,0.7208667836383416,0.7208667836383416
G2,W0027F0001T0006Z000C1N54.png,25,0.08125,0.08125
G2,W0027F0001T0006Z000C1N54.png,26,0.06936717923885517,0.06936717923885517
G2,W0027F0001T0006Z000C1N54.png,27,2.0855925250526655,2.0855925250526655
G2,W0027F0001T0006Z000C1N54.png,28,0.08125,0.08125
G2,W0027F0001T0006Z000C1N54.png,29,0.9458931268372549,1.3189821103403785
G2,W0027F0001T0006Z000C1N54.png,30,0.22333488805428922,0.22333488805428922
G2,W0027F0001T0006Z000C1N54.png,31,0.08125,0.08125
G2,W0027F0001T0006Z000C1N54.png,32,0.040625,0.040625
G2,W0027F0001T0006Z000C1N54.png,33,0.032500000000000466,0.032500000000000466
G2,W0027F0001T0006Z000C1N54.png,34,0.15585394654446783,0.15585394654446783
G2,W0027F0001T0006Z000C1N54.png,35,0.8258845656288429,0.9582214028711805
G2,W0027F0001T0006Z000C1N54.png,36,0.0,0.0
G2,W0027F0001T0006Z000C1N54.png,37,0.08125,0.08125
G2,W0027F0001T0006Z000C1N54.png,38,0.02708333333333295,0.02708333333333295
G2,W0027F0001T0006Z000C1N54.png,39,1.1718041645257966,1.1718041645257966
G2,W0027F0001T0006Z000C1N54.png,40,1.0214285714285714,1.1839285714285712
G2,W0027F0001T0006Z000C1N54.png,41,0.0,0.9192388155425119
G2,W0027F0001T0006Z000C1N54.png,42,0.09765034704381723,0.09765034704381723
G2,W0027F0001T0006Z000C1N40.png,1,1.2686730272217506,11.20184136648971
G2,W0027F0001T0006Z000C1N40.png,2,0.9079987916046782,9.028951312614083
G2,W0027F0001T0006Z000C1N40.png,3,1.7783010814617768,10.094811827373412
G2,W0027F0001T0006Z000C1N40.png,4,0.08125,7.966229993698399
G2,W0027F0001T0006Z000C1N40.png,5,0.07267220926874421,7.604236072742612
G2,W0027F0001T0006Z000C1N40.png,6,0.0383016173142716,5.662036251551987
G2,W0027F0001T0006Z000C1N40.png,7,0.15320646925708475,6.933544918646513
G2,W0027F0001T0006Z000C1N40.png,8,0.08750892811593587,5.828949975124165
G2,W0027F0001T0006Z000C1N40.png,9,0.11490485194281398,4.631962664465248
G2,W0027F0001T0006Z000C1N40.png,10,2.216576840676858,7.053440677472591
G2,W0027F0001T0006Z000C1N40.png,11,0.22980970388562796,2.7672752844630404
G2,W0027F0001T0006Z000C1N40.png,12,0.025534411542848273,0.025534411542848273
G2,W0027F0001T0006Z000C1N40.png,13,0.9461423505881819,4.111100238258014
G2,W0027F0001T0006Z000C1N40.png,14,0.18168052317185793,3.3312500000000003
G2,W0027F0001T0006Z000C1N40.png,15,0.0,1.600439392791867
G2,W0027F0001T0006Z000C1N40.png,16,0.07300104447424759,0.07300104447424759
G2,W0027F0001T0006Z000C1N40.png,17,1.3226541734331012,2.66148014505087
G2,W0027F0001T0006Z000C1N40.png,18,0.07341001711105213,0.09571495202326692
G2,W0027F0001T0006Z000C1N40.png,19,0.057096679975264034,0.2174176798948625
G2,W0027F0002T0006Z000C1N19.png,1,1.3337612249207287,1.8256821830958068
G2,W0027F0002T0006Z000C1N19.png,2,0.11607142857142759,0.11607142857142759
G2,W0027F0002T0006Z000C1N19.png,3,1.421294524368542,1.7985454192207657
G2,W0027F0002T0006Z000C1N19.png,4,0.07267220926874395,0.07267220926874395
G2,W0027F0002T0006Z000C1N19.png,5,0.19457116962957458,0.19457116962957458
G2,W0027F0002T0006Z000C1N19.png,6,0.7194556208037587,1.0659629940067505
G2,W0027F0002T0006Z000C1N19.png,7,0.08744855630597889,0.08744855630597889
G2,W0027F0002T0006Z000C1N19.png,8,0.0,0.0
G2,W0027F0002T0006Z000C1N19.png,9,0.08195226024991224,0.08195226024991224
G2,W0027F0002T0006Z000C1N19.png,10,0.4625277124298879,0.4625277124298879
G2,W0027F0002T0006Z000C1N19.png,11,0.040625,0.040625
G2,W0027F0002T0006Z000C1N19.png,12,0.12112034878123895,0.12112034878123895
G2,W0027F0002T0006Z000C1N19.png,13,0.08125,0.08125
G2,W0027F0002T0006Z000C1N19.png,14,0.04642857142857242,0.04642857142857242
G2,W0027F0002T0006Z000C1N19.png,15,0.1842463063100285,0.1842463063100285
G2,W0027F0002T0006Z000C1N19.png,16,0.11607142857142874,0.11607142857142874
G2,W0027F0002T0006Z000C1N19.png,17,0.0,0.0
G2,W0027F0002T0006Z000C1N19.png,18,0.07323776028286229,0.07323776028286229
G2,W0027F0002T0006Z000C1N19.png,19,0.8365199489551939,0.981747485354559
G2,W0027F0002T0006Z000C1N19.png,20,1.9656611115275957,2.1297846596031706
G2,W0027F0002T0006Z000C1N19.png,21,0.10576379769456905,0.10576379769456905
G2,W0027F0002T0006Z000C1N19.png,22,0.6323003392441479,0.6323003392441479
G2,W0027F0002T0006Z000C1N19.png,23,0.07423453116930699,0.07423453116930699
G2,W0027F0002T0006Z000C1N19.png,24,0.11490485194281398,0.11490485194281398
G2,W0027F0002T0006Z000C1N19.png,25,0.08125,0.08125
G2,W0027F0002T0006Z000C1N19.png,26,0.028726212985703495,0.028726212985703495
G2,W0027F0002T0006Z000C1N19.png,27,0.07267220926874317,0.07267220926874317
G2,W0027F0002T0006Z000C1N19.png,28,1.0443206099336437,1.2426470588235285
G2,W0027F0002T0006Z000C1N19.png,29,1.5940100550359015,1.5940100550359015
G2,W0027F0002T0006Z000C1N19.png,30,1.143406675916584,1.3520204080092395
G2,W0027F0002T0006Z000C1N19.png,31,2.1877232028983924,2.1877232028983924
G2,W0027F0002T0006Z000C1N19.png,32,1.32290062690772,1.32290062690772
G2,W0027F0002T0006Z000C1N19.png,33,0.10041560611205148,0.10041560611205148
G2,W0027F0002T0006Z000C1N19.png,34,0.7934307374115546,1.1923589371785004
G2,W0027F0002T0006Z000C1N31.png,1,1.6431795588127307,3.619958779116138
G2,W0027F0002T0006Z000C1N31.png,2,1.2545168392652217,3.6401450863942233
G2,W0027F0002T0006Z000C1N31.png,3,0.57452425971407,2.989735042608291
G2,W0027F0002T0006Z000C1N31.png,4,0.05745242597140699,0.05745242597140699
G2,W0027F0002T0006Z000C1N31.png,5,1.5522790704316025,4.619832417144588
G2,W0027F0002T0006Z000C1N31.png,6,0.09027777777777896,0.09027777777777896
G2,W0027F0002T0006Z000C1N31.png,7,0.05000000000000213,0.05000000000000213
G2,W0027F0002T0006Z000C1N31.png,8,0.06987712429686779,0.06987712429686779
G2,W0027F0002T0006Z000C1N31.png,9,0.07267220926874317,2.860184653129933
G2,W0027F0002T0006Z000C1N31.png,10,0.11490485194281398,0.11490485194281398
G2,W0027F0002T0006Z000C1N31.png,11,0.039480403454683045,0.039480403454683045
G2,W0027F0003T0006Z000C1N37.png,1,7.254492142803658,7.254492142803658
G2,W0027F0003T0006Z000C1N37.png,2,0.22980970388562796,0.22980970388562796
G2,W0027F0003T0006Z000C1N37.png,3,1.7061726172928695,1.7061726172928695
G2,W0027F0003T0006Z000C1N37.png,4,4.912770348795067,5.481816532865725
G2,W0027F0003T0006Z000C1N37.png,5,2.5626100586121177,7.8585006720429815
G2,W0027F0003T0006Z000C1N37.png,6,4.589294608107003,4.746001606615826
G2,W0027F0003T0006Z000C1N37.png,7,1.4981759743100942,4.375446405796785
G2,W0027F0003T0006Z000C1N37.png,8,1.1965807768619525,10.972327091622613
G2,W0027F0003T0006Z000C1N37.png,9,2.948392785829468,3.0027481715973536
G2,W0027F0003T0006Z000C1N37.png,10,0.09459160805298543,0.09459160805298543
G2,W0027F0003T0006Z000C1N37.png,11,0.2315981332232624,6.999358578313623
G2,W0027F0003T0006Z000C1N37.png,12,3.477979948419045,12.471723882645025
G2,W0027F0003T0006Z000C1N37.png,13,1.6374221382039995,1.6374221382039995
G2,W0027F0003T0006Z000C1N22.png,1,1.0297147663309478,1.26916557233483
G2,W0027F0003T0006Z000C1N22.png,2,0.08125,0.08125
G2,W0027F0003T0006Z000C1N22.png,3,0.0,0.0
G2,W0027F0003T0006Z000C1N22.png,4,0.170018381359193,2.399381430702505
G2,W0027F0003T0006Z000C1N22.png,5,0.08750892811593587,0.08750892811593587
G2,W0027F0003T0006Z000C1N22.png,6,0.040625,0.040625
G2,W0027F0003T0006Z000C1N22.png,7,0.05190872090624571,0.05190872090624571
G2,W0027F0003T0006Z000C1N22.png,8,0.08838834764831895,0.08838834764831895
G2,W0027F0003T0006Z000C1N22.png,9,0.22980970388562796,0.8285906709588275
G2,W0027F0003T0006Z000C1N22.png,10,0.02595436045312182,0.02595436045312182
G2,W0027F0003T0006Z000C1N22.png,11,0.08125,0.08125
G2,W0027F0003T0006Z000C1N22.png,12,0.036443449342783096,0.036443449342783096
G2,W0027F0003T0006Z000C1N22.png,13,1.4850757556434626,3.0211018271484997
G2,W0027F0003T0006Z000C1N22.png,14,0.08734112560656897,0.08734112560656897
G2,W0027F0003T0006Z000C1N22.png,15,0.11490485194281398,0.11490485194281398
G2,W0027F0003T0006Z000C1N22.png,16,0.40625,2.4388537907180905
G2,W0027F0001T0006Z000C1N82.png,1,0.08750892811593587,0.08750892811593587
G2,W0027F0001T0006Z000C1N82.png,2,0.04226183497091919,0.04226183497091919
G2,W0027F0001T0006Z000C1N82.png,3,0.9884489111734603,0.9884489111734603
G2,W0027F0001T0006Z000C1N82.png,4,0.06281449798434047,0.06281449798434047
G2,W0027F0001T0006Z000C1N82.png,5,0.0766032346285432,0.0766032346285432
G2,W0027F0001T0006Z000C1N82.png,6,0.0630610720353244,0.0630610720353244
G2,W0027F0001T0006Z000C1N82.png,7,0.07660323462854238,0.07660323462854238
G2,W0027F0001T0006Z000C1N82.png,8,1.0180595819990106,1.0180595819990106
G2,W0027F0001T0006Z000C1N82.png,9,0.08125,0.08125
G2,W0027F0001T0006Z000C1N82.png,10,0.1625,0.1625
G2,W0027F0001T0006Z000C1N82.png,11,0.12757476353440292,0.12757476353440292
G2,W0027F0001T0006Z000C1N82.png,12,1.9905789393764044,1.9905789393764044
G2,W0027F0001T0006Z000C1N82.png,13,0.05709667997526184,0.05709667997526184
G2,W0027F0001T0006Z000C1N82.png,14,0.0,0.0
G2,W0027F0001T0006Z000C1N82.png,15,0.07660323462854156,0.07660323462854156
G2,W0027F0001T0006Z000C1N82.png,16,0.9084026158592896,0.9084026158592896
G2,W0027F0001T0006Z000C1N82.png,17,0.06090951492389675,0.06090951492389675
G2,W0027F0001T0006Z000C1N82.png,18,0.05590169943749506,0.05590169943749506
G2,W0027F0001T0006Z000C1N82.png,19,0.08125,0.08125
G2,W0027F0001T0006Z000C1N82.png,20,0.032500000000000466,0.032500000000000466
G2,W0027F0001T0006Z000C1N82.png,21,0.14574089037738064,0.14574089037738064
G2,W0027F0001T0006Z000C1N82.png,22,0.11490485194281398,0.11490485194281398
G2,W0027F0001T0006Z000C1N82.png,23,0.09765034704381595,0.09765034704381595
G2,W0027F0001T0006Z000C1N82.png,24,1.3137510571937814,1.3137510571937814
G2,W0027F0001T0006Z000C1N82.png,25,0.6550584420492571,0.7312500000000001
G2,W0027F0001T0006Z000C1N55.png,1,3.0925443077082795,5.097030087394575
G2,W0027F0001T0006Z000C1N55.png,2,1.1700000000000006,1.8487901449326263
G2,W0027F0001T0006Z000C1N55.png,3,1.956759119053748,2.0682873349706514
G2,W0027F0001T0006Z000C1N55.png,4,0.8125,1.2375631297028853
G2,W0027F0001T0006Z000C1N55.png,5,0.7490879871550471,1.2717636622030055
G2,W0027F0001T0006Z000C1N55.png,6,0.03028008719530948,0.03028008719530948
G2,W0027F0001T0006Z000C1N55.png,7,0.0383016173142716,0.0383016173142716
G2,W0027F0001T0006Z000C1N55.png,8,0.033854166666665436,0.033854166666665436
G2,W0027F0001T0006Z000C1N55.png,9,0.8002196963959335,2.5448247115469464
G2,W0027F0001T0006Z000C1N55.png,10,1.4454597126396143,2.285365495392556
G2,W0027F0001T0006Z000C1N55.png,11,1.1830178570080843,1.1830178570080843
G2,W0027F0001T0006Z000C1N55.png,12,1.3126339217390353,1.4189702472215546
G2,W0027F0001T0006Z000C1N55.png,13,0.10381744181249039,2.767177912050249
G2,W0027F0001T0006Z000C1N55.png,14,1.1996418736439638,1.8420649079226281
G2,W0027F0001T0006Z000C1N55.png,15,3.258142913104724,3.258142913104724
G2,W0027F0001T0006Z000C1N55.png,16,0.05709667997526184,2.9315684136989755
G2,W0027F0001T0006Z000C1N55.png,17,0.08750892811593587,0.08750892811593587
G2,W0027F0001T0006Z000C1N55.png,18,0.0,0.8750892811593569
G2,W0027F0001T0006Z000C1N55.png,19,0.7312500000000001,0.7312500000000001
G2,W0027F0001T0006Z000C1N55.png,20,0.07267220926874421,0.07267220926874421
G2,W0027F0001T0006Z000C1N55.png,21,2.569350598886808,3.1215230657485136
G2,W0027F0001T0006Z000C1N55.png,22,0.325,2.9295104113144914
G2,W0027F0001T0006Z000C1N55.png,23,0.1453444185374858,0.1453444185374858
G2,W0027F0001T0006Z000C1N55.png,24,1.6750116604071748,2.2937840596926296
G2,W0027F0001T0006Z000C1N55.png,25,0.8228342785761905,0.8228342785761905
G2,W0027F0001T0006Z000C1N55.png,26,1.6086679271993958,3.0357505249937784
G2,W0027F0001T0006Z000C1N55.png,27,2.055480479109447,2.055480479109447
G2,W0027F0001T0006Z000C1N55.png,28,0.41850148733064213,1.5384609988225117
G2,W0027F0001T0006Z000C1N55.png,29,0.2992198998670617,4.753670809689867
G2,W0027F0001T0006Z000C1N55.png,30,0.0766032346285432,0.8268182824673297
G2,W0027F0001T0006Z000C1N55.png,31,2.006155944475333,4.2748607463666515
G2,W0027F0001T0006Z000C1N55.png,32,0.08338540040078951,0.08338540040078951
G2,W0027F0001T0006Z000C1N55.png,33,0.22214924298824248,0.22214924298824248
G2,W0027F0001T0006Z000C1N55.png,34,2.0636940199100495,5.107210455112703
G2,W0027F0001T0006Z000C1N55.png,35,1.4279574573494827,4.614464351363005
G2,W0027F0001T0006Z000C1N55.png,36,1.284675299443404,4.727884370942251
G2,W0027F0001T0006Z000C1N55.png,37,0.06090951492389675,0.06090951492389675
G2,W0027F0001T0006Z000C1N55.png,38,1.4691635327523573,3.180293599469478
G2,W0027F0001T0006Z000C1N55.png,39,0.08564501996289385,0.08564501996289385
G2,W0027F0001T0006Z000C1N55.png,40,1.0459466480159818,1.0459466480159818
G2,W0027F0001T0006Z000C1N55.png,41,0.1625,4.732071428032337
G2,W0027F0003T0006Z000C1N9.png,1,0.0,6.272584196326104
G2,W0027F0003T0006Z000C1N9.png,2,0.07660323462854257,3.2738362011900075
G2,W0027F0003T0006Z000C1N9.png,3,0.8539733998211191,4.910589689977806
G2,W0027F0003T0006Z000C1N9.png,4,0.04642857142857141,0.04642857142857141
G2,W0027F0003T0006Z000C1N9.png,5,0.05190872090624507,0.11837009585126108
G2,W0027F0003T0006Z000C1N9.png,6,1.0900831390311476,3.8523126171171516
G2,W0027F0003T0006Z000C1N9.png,7,1.4025924657576057,4.609102746196921
G2,W0027F0003T0006Z000C1N9.png,8,1.105119478834755,2.476459481295828
G2,W0027F0003T0006Z000C1N9.png,9,0.993411410679053,0.993411410679053
G2,W0027F0003T0006Z000C1N9.png,10,0.1001470368020393,0.1001470368020393
G2,W0027F0003T0006Z000C1N9.png,11,2.21023895766951,5.047972984277947
G2,W0027F0003T0006Z000C1N9.png,12,0.04596194077712625,0.04596194077712625
G2,W0027F0003T0006Z000C1N9.png,13,0.08750892811593565,0.08750892811593565
G2,W0027F0003T0006Z000C1N9.png,14,0.057352941176470384,0.057352941176470384
G2,W0027F0003T0006Z000C1N9.png,15,0.06090951492389675,0.06090951492389675
G2,W0027F0003T0006Z000C1N9.png,16,0.06090951492389675,0.06090951492389675
G2,W0027F0003T0006Z000C1N9.png,17,0.9936148188122323,1.3522196887838507
G2,W0027F0003T0006Z000C1N9.png,18,0.12187500000000001,2.429701065074673
G2,W0027F0003T0006Z000C1N9.png,19,2.343960407222144,2.6255821527091854
G2,W0027F0003T0006Z000C1N9.png,20,1.5890555862681455,3.366241528953322
G2,W0027F0003T0006Z000C1N9.png,21,0.8524772481877081,4.166851924256211
G2,W0027F0003T0006Z000C1N9.png,22,2.48709952806477,3.4018434800119772
G2,W0027F0003T0006Z000C1N9.png,23,3.140382280560053,5.173200254006756
G2,W0027F0003T0006Z000C1N9.png,24,3.1604056800512175,3.520104091145601
G2,W0027F0003T0006Z000C1N9.png,25,2.373390243933769,4.4866482478571905
G2,W0027F0003T0006Z000C1N9.png,26,3.19014596061058,5.6669684355923495
G2,W0027F0003T0006Z000C1N9.png,27,3.4638816722961865,6.56032185419119
G2,W0027F0003T0006Z000C1N9.png,28,1.9559184262485003,3.171599785433519
G2,W0027F0003T0006Z000C1N9.png,29,0.05469308007245981,0.05469308007245981
G2,W0027F0001T0006Z000C1N51.png,1,0.43089319478555244,1.5903533043989
G2,W0027F0001T0006Z000C1N51.png,2,0.072672209268744,0.072672209268744
G2,W0027F0001T0006Z000C1N51.png,3,0.0734100171110515,0.0734100171110515
G2,W0027F0001T0006Z000C1N51.png,4,0.10652765132052679,0.10652765132052679
G2,W0027F0001T0006Z000C1N51.png,5,0.8989055845860557,3.1551792738289843
G2,W0027F0001T0006Z000C1N51.png,6,3.489891675888922,6.215979923506735
G2,W0027F0001T0006Z000C1N51.png,7,0.05190872090624468,0.05190872090624468
G2,W0027F0001T0006Z000C1N51.png,8,0.07060349365524746,0.07060349365524746
G2,W0027F0001T0006Z000C1N51.png,9,0.06090951492389787,0.06090951492389787
G2,W0027F0001T0006Z000C1N51.png,10,0.0,0.1625
G2,W0027F0001T0006Z000C1N51.png,11,0.04468435824150936,0.04468435824150936
G2,W0027F0001T0006Z000C1N51.png,12,3.00805531471847,4.936190615740498
G2,W0027F0001T0006Z000C1N51.png,13,0.04506939094329987,0.04506939094329987
G2,W0027F0001T0006Z000C1N51.png,14,2.24138106142173,2.24138106142173
G2,W0027F0001T0006Z000C1N51.png,15,0.4152336204749592,0.4152336204749592
G2,W0027F0001T0006Z000C1N51.png,16,0.08125,0.08125
G2,W0027F0001T0006Z000C1N51.png,17,0.0776598808830227,0.0776598808830227
G2,W0027F0001T0006Z000C1N51.png,18,0.04037344959374632,0.04037344959374632
G2,W0027F0001T0006Z000C1N51.png,19,3.0061379598537177,3.5216155593646477
G2,W0027F0001T0006Z000C1N51.png,20,2.904990198874267,2.904990198874267
G2,W0027F0001T0006Z000C1N51.png,21,1.0900831390311476,1.0900831390311476
G2,W0027F0001T0006Z000C1N51.png,22,3.2298274574850994,3.2298274574850994
G2,W0027F0002T0006Z000C1N20.png,1,1.2565770845386905,1.6256631300010769
G2,W0027F0002T0006Z000C1N20.png,2,1.421294524368542,1.511337363066235
G2,W0027F0002T0006Z000C1N20.png,3,0.2422406975624779,0.2422406975624779
G2,W0027F0002T0006Z000C1N20.png,4,0.09804980615624158,0.09804980615624158
G2,W0027F0002T0006Z000C1N20.png,5,0.0,0.0
G2,W0027F0002T0006Z000C1N20.png,6,0.03211688248608511,0.03211688248608511
G2,W0027F0002T0006Z000C1N20.png,7,0.34441839946238223,0.34441839946238223
G2,W0027F0002T0006Z000C1N20.png,8,0.6879806400699886,0.9085156544850753
G2,W0027F0002T0006Z000C1N20.png,9,0.03941203906840411,0.03941203906840411
G2,W0027F0002T0006Z000C1N20.png,10,0.0330328223948842,0.0330328223948842
G2,W0027F0002T0006Z000C1N20.png,11,0.12112034878123826,0.12112034878123826
G2,W0027F0002T0006Z000C1N20.png,12,0.06169281052033576,0.06169281052033576
G2,W0027F0002T0006Z000C1N20.png,13,0.04596194077712625,0.04596194077712625
G2,W0027F0002T0006Z000C1N20.png,14,1.0524305945049295,1.1181251746785772
G2,W0027F0002T0006Z000C1N20.png,15,0.18075178664868258,0.18075178664868258
G2,W0027F0002T0006Z000C1N20.png,16,0.08125,0.08125
G2,W0027F0002T0006Z000C1N20.png,17,1.3028533140044969,1.5903533043989
G2,W0027F0002T0006Z000C1N20.png,18,0.0,0.0
G2,W0027F0002T0006Z000C1N20.png,19,0.05709667997526166,0.05709667997526166
G2,W0027F0002T0006Z000C1N20.png,20,0.8365199489551939,0.981747485354559
G2,W0027F0002T0006Z000C1N20.png,21,0.028726212985703495,0.028726212985703495
G2,W0027F0002T0006Z000C1N20.png,22,0.5489812597472876,0.5489812597472876
G2,W0027F0002T0006Z000C1N20.png,23,0.07423453116930598,0.07423453116930598
G2,W0027F0002T0006Z000C1N20.png,24,0.08125,0.08125
G2,W0027F0002T0006Z000C1N20.png,25,0.11490485194281398,0.11490485194281398
G2,W0027F0002T0006Z000C1N20.png,26,2.41486153847379,2.6880859826277885
G2,W0027F0002T0006Z000C1N20.png,27,0.040373449593747356,0.040373449593747356
G2,W0027F0002T0006Z000C1N20.png,28,0.05624999999999893,0.05624999999999893
G2,W0027F0002T0006Z000C1N20.png,29,0.0,0.0
G2,W0027F0002T0006Z000C1N20.png,30,0.07660323462854156,0.07660323462854156
G2,W0027F0002T0006Z000C1N20.png,31,1.7314192155569954,1.9268659787333424
G2,W0027F0002T0006Z000C1N20.png,32,0.6045349452264942,0.6045349452264942
G2,W0027F0002T0006Z000C1N20.png,33,0.7934307374115546,1.1923589371785004
G2,W0027F0002T0006Z000C1N20.png,34,0.91933820882988,0.9994800226837679
G2,W0027F0002T0006Z000C1N20.png,35,9.084026158592895,9.084026158592895
G2,W0027F0003T0006Z000C1N32.png,1,0.07115487705650013,0.07115487705650013
G2,W0027F0003T0006Z000C1N32.png,2,0.57452425971407,0.57452425971407
G2,W0027F0003T0006Z000C1N32.png,3,0.06890062870404977,0.06890062870404977
G2,W0027F0003T0006Z000C1N32.png,4,0.08125,0.08125
G2,W0027F0003T0006Z000C1N32.png,5,0.07660323462854238,0.07660323462854238
G2,W0027F0003T0006Z000C1N32.png,6,0.08125,0.08125
G2,W0027F0003T0006Z000C1N32.png,7,0.07060349365524746,0.07060349365524746
G2,W0027F0003T0006Z000C1N32.png,8,0.03824853119407541,0.03824853119407541
G2,W0027F0003T0006Z000C1N32.png,9,0.09581387087244989,0.09581387087244989
G2,W0027F0003T0006Z000C1N32.png,10,0.05745242597140699,0.05745242597140699
G2,W0027F0003T0006Z000C1N32.png,11,0.36336104634371585,0.45961940777125593
G2,W0027F0003T0006Z000C1N32.png,12,0.5477265196042439,0.5477265196042439
G2,W0027F0003T0006Z000C1N32.png,13,0.06270894856348791,0.06270894856348791
G2,W0027F0003T0006Z000C1N32.png,14,0.058962382075353724,0.058962382075353724
G2,W0027F0003T0006Z000C1N32.png,15,0.08074689918749213,0.08074689918749213
G2,W0027F0003T0006Z000C1N32.png,16,0.9447387204936607,0.9447387204936607
G2,W0027F0003T0006Z000C1N32.png,17,0.07267220926874317,0.07267220926874317
G2,W0027F0003T0006Z000C1N32.png,18,0.6550584420492571,0.6550584420492571
G2,W0027F0003T0006Z000C1N32.png,19,0.12187500000000001,0.12187500000000001
G2,W0027F0003T0006Z000C1N32.png,20,0.07660323462854238,0.07660323462854238
G2,W0027F0003T0006Z000C1N32.png,21,0.052404675363939605,0.052404675363939605
G2,W0027F0003T0006Z000C1N32.png,22,0.5527389189300854,0.5527389189300854
G2,W0027F0003T0006Z000C1N32.png,23,0.15418475849023602,0.15418475849023602
G2,W0027F0003T0006Z000C1N32.png,24,0.028726212985703495,0.028726212985703495
G2,W0027F0003T0006Z000C1N32.png,25,0.07267220926874421,0.07267220926874421
G2,W0027F0003T0006Z000C1N32.png,26,0.08636993472846911,0.08636993472846911
G2,W0027F0002T0006Z000C1N34.png,1,10.718325878842352,13.191804560473459
G2,W0027F0002T0006Z000C1N34.png,2,1.1718041645257966,5.749836954210093
G2,W0027F0002T0006Z000C1N34.png,3,1.0996114984533691,5.223675366676202
G2,W0027F0002T0006Z000C1N34.png,4,0.05745242597140699,6.737628999228884
G2,W0027F0002T0006Z000C1N34.png,5,9.250019003358858,11.997794393658362
G2,W0027F0002T0006Z000C1N34.png,6,3.3352110596632416,4.539105260125612
G2,W0027F0002T0006Z000C1N34.png,7,0.1625,5.364961556246233
G2,W0027F0002T0006Z000C1N34.png,8,2.968253046483602,3.1579108834733103
G2,W0027F0002T0006Z000C1N34.png,9,0.08370029746612852,4.342064439519383
G2,W0027F0002T0006Z000C1N34.png,10,0.7267220926874317,2.9295104113144914
G2,W0027F0002T0006Z000C1N34.png,11,0.1784455964218592,0.1784455964218592
G2,W0027F0002T0006Z000C1N34.png,12,1.2428860064382414,1.2428860064382414
G2,W0027F0002T0006Z000C1N34.png,13,1.2078680857196287,4.2132649528008566
G2,W0027F0002T0006Z000C1N34.png,14,2.9831034594864456,5.4943266193410825
G2,W0027F0002T0006Z000C1N34.png,15,1.4647552056572457,3.6957587600518518
G2,W0027F0002T0006Z000C1N34.png,16,0.07267220926874317,1.7151257242546387
G2,W0027F0002T0006Z000C1N34.png,17,1.012206747655834,2.8267527748283903
G2,W0027F0002T0006Z000C1N34.png,18,0.1657181341917656,0.1657181341917656
G2,W0027F0002T0006Z000C1N34.png,19,0.07267220926874421,1.8211603443958475
G2,W0027F0002T0006Z000C1N34.png,20,0.059150892850403064,0.059150892850403064
G2,W0027F0002T0006Z000C1N34.png,21,6.0130489614254765,9.75033853578941
G2,W0027F0002T0006Z000C1N34.png,22,0.65,4.4145002548419905
G2,W0027F0002T0006Z000C1N34.png,23,2.2575221482855934,3.741030940796935
G2,W0027F0002T0006Z000C1N34.png,24,0.08125,3.3940722683083813
G2,W0027F0002T0006Z000C1N34.png,25,1.8782289689804468,5.4679050409814245
G2,W0027F0002T0006Z000C1N34.png,26,1.8687500000000001,4.89189779763437
G2,W0027F0002T0006Z000C1N34.png,27,2.8932302448992893,6.451065803415743
G2,W0027F0002T0006Z000C1N34.png,28,1.6750116604071748,5.377866241596196
G2,W0027F0002T0006Z000C1N34.png,29,1.79487116529293,5.401750295043265
G2,W0027F0002T0006Z000C1N34.png,30,2.677126336868269,5.310893048161322
G2,W0027F0002T0006Z000C1N34.png,31,2.386447421042998,6.8552539189590025
G2,W0027F0002T0006Z000C1N34.png,32,8.896040200561147,11.773122196341973
G2,W0027F0003T0006Z000C1N27.png,1,0.1625,2.3266459227824074
G2,W0027F0003T0006Z000C1N27.png,2,0.05709667997526256,0.05709667997526256
G2,W0027F0003T0006Z000C1N27.png,3,0.060909514923897345,0.060909514923897345
G2,W0027F0003T0006Z000C1N27.png,4,0.08750892811593587,0.08750892811593587
G2,W0027F0003T0006Z000C1N27.png,5,0.040625,0.040625
G2,W0027F0003T0006Z000C1N27.png,6,0.04999999999999997,0.04999999999999997
G2,W0027F0003T0006Z000C1N27.png,7,0.08838834764831874,0.08838834764831874
G2,W0027F0003T0006Z000C1N27.png,8,0.053033008588990474,0.053033008588990474
G2,W0027F0003T0006Z000C1N27.png,9,0.08125,0.08125
G2,W0027F0003T0006Z000C1N27.png,10,0.036443449342783096,0.036443449342783096
G2,W0027F0003T0006Z000C1N27.png,11,0.028726212985703495,0.028726212985703495
G2,W0027F0003T0006Z000C1N27.png,12,0.030227654104551308,0.030227654104551308
G2,W0027F0003T0006Z000C1N27.png,13,1.4915517297432228,3.0106386884679472
G2,W0027F0003T0006Z000C1N27.png,14,0.09987839828734045,0.09987839828734045
G2,W0027F0003T0006Z000C1N27.png,15,0.2569350598886809,0.2569350598886809
G2,W0027F0003T0006Z000C1N27.png,16,0.07626735913511418,0.07626735913511418
G2,W0027F0003T0006Z000C1N27.png,17,0.8312008032904113,2.784702255249316
G2,W0027F0003T0006Z000C1N27.png,18,0.8750892811593569,0.8750892811593569
G2,W0027F0003T0006Z000C1N27.png,19,6.499437604802358,8.566940055001654
G2,W0027F0003T0006Z000C1N27.png,20,7.725161810603064,7.725161810603064
G2,W0027F0001T0006Z000C1N50.png,1,0.0,2.1680204104205294
G2,W0027F0001T0006Z000C1N50.png,2,0.0,0.0
G2,W0027F0001T0006Z000C1N50.png,3,2.4375,2.6050731755557273
G2,W0027F0001T0006Z000C1N50.png,4,2.3297964264907125,2.4441114040803376
G2,W0027F0001T0006Z000C1N50.png,5,2.6453083468662024,2.78155194990135
G2,W0027F0001T0006Z000C1N50.png,6,3.8042202898739816,3.931656819614629
G2,W0027F0001T0006Z000C1N50.png,7,0.03249999999999988,0.03249999999999988
G2,W0027F0001T0006Z000C1N50.png,8,3.2348533289298564,3.437842543486572
G2,W0027F0001T0006Z000C1N50.png,9,0.05745242597140699,0.05745242597140699
G2,W0027F0001T0006Z000C1N50.png,10,5.290616693732405,5.290616693732405
G2,W0027F0001T0006Z000C1N50.png,11,0.08125,0.08125
G2,W0027F0001T0006Z000C1N50.png,12,0.5915089285040421,1.6750116604071748
G2,W0027F0001T0006Z000C1N50.png,13,0.09013878188659942,0.09013878188659942
G2,W0027F0001T0006Z000C1N50.png,14,1.105119478834755,1.4647552056572457
G2,W0027F0001T0006Z000C1N50.png,15,0.5138701197773617,2.3095589405771833
G2,W0027F0001T0006Z000C1N50.png,16,0.7267220926874317,1.1830178570080843
G2,W0027F0001T0006Z000C1N50.png,17,0.046428571428571264,0.046428571428571264
G2,W0027F0001T0006Z000C1N50.png,18,0.4700534598341352,1.42536470449367
G2,W0027F0001T0006Z000C1N50.png,19,0.11490485194281398,2.368824207280903
G2,W0027F0001T0006Z000C1N50.png,20,1.6484119040930143,1.6484119040930143
G2,W0027F0001T0006Z000C1N50.png,21,1.4444264824911641,1.82583538376709
G2,W0027F0001T0006Z000C1N50.png,22,0.22980970388562796,1.3101168840985142
G2,W0027F0001T0006Z000C1N50.png,23,0.7490879871550471,1.931290452650766
G2,W0027F0001T0006Z000C1N50.png,24,0.10293250365478299,0.10293250365478299
G2,W0027F0001T0006Z000C1N50.png,25,0.18168052317185793,0.18168052317185793
G2,W0027F0001T0006Z000C1N50.png,26,0.06345827861674122,0.06345827861674122
G2,W0027F0001T0006Z000C1N50.png,27,0.1473492638446329,0.1473492638446329
G2,W0027F0001T0006Z000C1N50.png,28,0.7482061881593861,0.7482061881593861
G2,W0027F0001T0006Z000C1N50.png,29,0.08125,0.08125
G2,W0027F0001T0006Z000C1N50.png,30,0.028726212985703495,0.028726212985703495
G2,W0027F0001T0006Z000C1N50.png,31,0.1087088399474318,0.1087088399474318
G2,W0027F0001T0006Z000C1N50.png,32,0.05178691693492672,0.05178691693492672
G2,W0027F0001T0006Z000C1N50.png,33,0.399880624547989,1.0785833365525779
G2,W0027F0001T0006Z000C1N50.png,34,0.11490485194281398,1.9533824830278375
G2,W0027F0001T0006Z000C1N50.png,35,1.6992378692872154,2.6486952296844373
G2,W0027F0001T0006Z000C1N50.png,36,2.2896431644063013,2.2896431644063013
G2,W0027F0001T0006Z000C1N50.png,37,0.04642857142857242,3.020534526624487
G2,W0027F0001T0006Z000C1N50.png,38,0.5450415695155738,2.9974533461757162
G2,W0027F0001T0006Z000C1N50.png,39,0.08125,0.08125
G2,W0027F0001T0006Z000C1N50.png,40,0.08125,0.08125
G2,W0027F0001T0006Z000C1N50.png,41,0.38437489501443106,0.9670214183531395
G2,W0027F0001T0006Z000C1N50.png,42,0.09794117872374265,0.09794117872374265
G2,W0027F0001T0006Z000C1N50.png,43,0.6598739830220515,1.3250457250485306
G2,W0027F0001T0006Z000C1N50.png,44,0.0,0.8750892811593569
G2,W0027F0001T0006Z000C1N50.png,45,0.08933395522171594,0.08933395522171594
G2,W0027F0001T0006Z000C1N50.png,46,5.286872007624168,5.286872007624168
G2,W0027F0001T0006Z000C1N50.png,47,5.97615705324082,5.97615705324082
G2,W0027F0001T0006Z000C1N52.png,1,1.0046718039606106,3.660797908452556
G2,W0027F0001T0006Z000C1N52.png,2,0.8750892811593569,3.0875
G2,W0027F0001T0006Z000C1N52.png,3,0.9125945546735783,5.758391667666144
G2,W0027F0001T0006Z000C1N52.png,4,0.11490485194281398,2.4239205071536487
G2,W0027F0001T0006Z000C1N52.png,5,2.019156902958617,4.50611831154646
G2,W0027F0001T0006Z000C1N52.png,6,0.9566489189849177,2.674337659327964
G2,W0027F0001T0006Z000C1N52.png,7,0.03028008719531103,0.03028008719531103
G2,W0027F0001T0006Z000C1N52.png,8,0.0,0.0
G2,W0027F0001T0006Z000C1N52.png,9,0.8365199489551939,2.323806817487202
G2,W0027F0001T0006Z000C1N52.png,10,0.9876307715013374,5.968600075582623
G2,W0027F0001T0006Z000C1N52.png,11,0.6056017439061939,1.5745645341561025
G2,W0027F0001T0006Z000C1N52.png,12,1.908174119995926,2.0697054272421376
G2,W0027F0001T0006Z000C1N52.png,13,0.0585902082262897,0.0585902082262897
G2,W0027F0001T0006Z000C1N52.png,14,0.897435582646465,3.854025898330212
G2,W0027F0001T0006Z000C1N52.png,15,0.03830161731427078,0.03830161731427078
G2,W0027F0001T0006Z000C1N52.png,16,1.2078680857196287,1.3522695043888258
G2,W0027F0001T0006Z000C1N52.png,17,0.0794010232786981,0.0794010232786981
G2,W0027F0001T0006Z000C1N52.png,18,0.9917826437783633,7.025658888139959
G2,W0027F0001T0006Z000C1N52.png,19,0.032500000000000466,0.032500000000000466
G2,W0027F0001T0006Z000C1N52.png,20,0.7021496967712089,8.237942507839284
G2,W0027F0001T0006Z000C1N52.png,21,0.9447387204936607,9.081409582217951
G2,W0027F0001T0006Z000C1N52.png,22,2.78155194990135,9.012526005510331
G2,W0027F0002T0006Z000C1N37.png,1,0.08125,0.08125
G2,W0027F0002T0006Z000C1N37.png,2,0.0,0.0
G2,W0027F0002T0006Z000C1N37.png,3,0.05670020150931353,0.05670020150931353
G2,W0027F0002T0006Z000C1N37.png,4,0.046428571428571264,0.046428571428571264
G2,W0027F0002T0006Z000C1N37.png,5,0.05471659616324478,0.05471659616324478
G2,W0027F0002T0006Z000C1N37.png,6,0.07323776028286229,0.07323776028286229
G2,W0027F0002T0006Z000C1N37.png,7,0.061555361261225704,0.061555361261225704
G2,W0027F0002T0006Z000C1N37.png,8,0.0885982965133385,0.0885982965133385
G2,W0027F0002T0006Z000C1N37.png,9,0.046428571428571555,0.046428571428571555
G2,W0027F0002T0006Z000C1N37.png,10,0.09459160805298507,0.09459160805298507
G2,W0027F0002T0006Z000C1N37.png,11,0.0283875817456028,0.0283875817456028
G2,W0027F0002T0006Z000C1N37.png,12,0.056034482758620614,0.056034482758620614
G2,W0027F0002T0006Z000C1N37.png,13,0.0822192191643774,0.0822192191643774
G2,W0027F0002T0006Z000C1N37.png,14,0.0,0.0
G2,W0027F0002T0006Z000C1N37.png,15,0.897435582646465,0.897435582646465
G2,W0027F0002T0006Z000C1N37.png,16,0.520253844291419,0.520253844291419
G2,W0027F0002T0006Z000C1N37.png,17,0.08125,0.08125
G2,W0027F0002T0006Z000C1N37.png,18,0.08717656491102364,0.08717656491102364
G2,W0027F0002T0006Z000C1N37.png,19,0.6936717923885589,0.6936717923885589
G2,W0027F0002T0006Z000C1N37.png,20,0.028686398395557332,0.028686398395557332
G2,W0027F0002T0006Z000C1N37.png,21,0.08125,0.08125
G2,W0027F0002T0006Z000C1N37.png,22,0.0,0.0
G2,W0027F0002T0006Z000C1N37.png,23,1.4784622735952526,1.4784622735952526
G2,W0027F0002T0006Z000C1N37.png,24,0.08125,0.08125
G2,W0027F0002T0006Z000C1N37.png,25,0.03830161731427078,0.03830161731427078
G2,W0027F0002T0006Z000C1N37.png,26,0.08125,0.08125
G2,W0027F0002T0006Z000C1N37.png,27,0.03830161731426997,0.03830161731426997
G2,W0027F0002T0006Z000C1N37.png,28,0.028726212985703495,0.028726212985703495
G2,W0027F0002T0006Z000C1N37.png,29,0.0735725187312861,0.0735725187312861
G2,W0027F0002T0006Z000C1N37.png,30,2.050657287920144,2.050657287920144
G2,W0027F0002T0006Z000C1N37.png,31,0.6598780663880263,0.6598780663880263
G2,W0027F0002T0006Z000C1N37.png,32,0.11490485194281398,0.11490485194281398
G2,W0027F0002T0006Z000C1N37.png,33,0.07734769560643033,0.07734769560643033
G2,W0027F0002T0006Z000C1N37.png,34,0.11490485194281398,0.11490485194281398
G2,W0027F0002T0006Z000C1N37.png,35,0.07660323462854156,0.07660323462854156
G2,W0027F0002T0006Z000C1N37.png,36,0.07267220926874277,0.07267220926874277
G2,W0027F0002T0006Z000C1N37.png,37,0.8750892811593569,0.8750892811593569
G2,W0027F0002T0006Z000C1N37.png,38,0.07660323462854156,0.07660323462854156
G2,W0027F0002T0006Z000C1N37.png,39,0.0,0.0
G2,W0027F0002T0006Z000C1N37.png,40,0.04642857142857242,0.04642857142857242
G2,W0027F0002T0006Z000C1N37.png,41,0.08125,0.08125
G2,W0027F0002T0006Z000C1N37.png,42,1.38125,1.38125
G2,W0027F0002T0006Z000C1N37.png,43,0.053457462642505754,0.053457462642505754
G2,W0027F0002T0006Z000C1N37.png,44,0.06958928570635851,0.06958928570635851
G2,W0027F0002T0006Z000C1N37.png,45,0.04193548387096886,0.04193548387096886
G2,W0027F0002T0006Z000C1N37.png,46,0.04406399924441479,0.04406399924441479
G2,W0027F0002T0006Z000C1N37.png,47,0.028726212985703495,0.028726212985703495
G2,W0027F0002T0006Z000C1N37.png,48,0.07989573849039557,0.07989573849039557
G2,W0027F0002T0006Z000C1N37.png,49,2.5768118563667484,2.5768118563667484
G2,W0027F0002T0006Z000C1N37.png,50,0.07323776028286229,0.07323776028286229
G2,W0027F0002T0006Z000C1N37.png,51,0.040625,0.040625
G2,W0027F0002T0006Z000C1N37.png,52,0.014772727272727692,0.014772727272727692
G2,W0027F0002T0006Z000C1N37.png,53,0.08838834764831895,0.08838834764831895
G2,W0027F0002T0006Z000C1N37.png,54,0.028498905595585454,0.028498905595585454
G2,W0027F0002T0006Z000C1N37.png,55,0.10213764617139147,0.10213764617139147
G2,W0027F0002T0006Z000C1N37.png,56,0.3631540177412845,0.3631540177412845
G2,W0027F0002T0006Z000C1N37.png,57,0.11490485194281398,0.11490485194281398
G2,W0027F0002T0006Z000C1N37.png,58,0.07872822670780388,0.07872822670780388
G2,W0027F0002T0006Z000C1N37.png,59,0.5025034981221523,0.6613270867165506
G2,W0027F0002T0006Z000C1N37.png,60,0.1625,0.1625
G2,W0027F0002T0006Z000C1N37.png,61,0.06768069163659848,0.06768069163659848
G2,W0027F0002T0006Z000C1N37.png,62,0.08125,0.08125
G2,W0027F0002T0006Z000C1N37.png,63,0.08370029746612916,0.08370029746612916
G2,W0027F0002T0006Z000C1N37.png,64,0.07776689468724592,0.07776689468724592
G2,W0027F0002T0006Z000C1N37.png,65,0.07267220926874239,0.07267220926874239
G2,W0027F0002T0006Z000C1N37.png,66,0.06770833333333272,0.06770833333333272
G2,W0027F0002T0006Z000C1N37.png,67,0.087508928115935,0.087508928115935
G2,W0027F0002T0006Z000C1N37.png,68,0.049244936546920505,0.049244936546920505
G2,W0027F0003T0006Z000C1N24.png,1,0.0,0.0
G2,W0027F0003T0006Z000C1N24.png,2,1.6331047884321446,1.6331047884321446
G2,W0027F0003T0006Z000C1N24.png,3,0.08125,0.08125
G2,W0027F0003T0006Z000C1N24.png,4,1.4625000000000001,1.4625000000000001
G2,W0027F0003T0006Z000C1N24.png,5,0.8285906709588275,0.8285906709588275
G2,W0027F0003T0006Z000C1N24.png,6,1.1403980938689786,1.1403980938689786
G2,W0027F0003T0006Z000C1N24.png,7,1.0277402395547235,1.0277402395547235
G2,W0027F0003T0006Z000C1N24.png,8,0.45961940777125593,0.45961940777125593
G2,W0027F0003T0006Z000C1N24.png,9,0.49422445558673034,0.49422445558673034
G2,W0027F0003T0006Z000C1N24.png,10,0.8750892811593569,0.8750892811593569
G2,W0027F0003T0006Z000C1N24.png,11,0.1625,0.1625
G2,W0027F0003T0006Z000C1N24.png,12,0.65,0.65
G2,W0027F0003T0006Z000C1N24.png,13,0.45961940777125593,0.45961940777125593
G2,W0027F0003T0006Z000C1N24.png,14,1.3101168840985142,1.3101168840985142
G2,W0027F0003T0006Z000C1N24.png,15,0.5859020822628983,0.5859020822628983
G2,W0027F0003T0006Z000C1N24.png,16,0.6894291116568838,0.6894291116568838
G2,W0027F0003T0006Z000C1N24.png,17,0.6700046641628699,0.6700046641628699
G2,W0027F0003T0006Z000C1N24.png,18,0.0,0.0
G2,W0027F0003T0006Z000C1N24.png,19,0.1625,0.1625
G2,W0027F0003T0006Z000C1N24.png,20,0.31551792738289847,0.31551792738289847
G2,W0027F0003T0006Z000C1N24.png,21,0.5859020822628983,0.5859020822628983
G2,W0027F0003T0006Z000C1N24.png,22,0.48750000000000004,0.48750000000000004
G2,W0027F0003T0006Z000C1N24.png,23,0.9475296829123614,0.9475296829123614
G2,W0027F0003T0006Z000C1N24.png,24,0.36336104634371585,0.36336104634371585
G2,W0027F0003T0006Z000C1N24.png,25,0.22980970388562796,0.22980970388562796
G2,W0027F0003T0006Z000C1N24.png,26,0.5859020822628983,0.5859020822628983
G2,W0027F0003T0006Z000C1N24.png,27,0.45961940777125593,0.45961940777125593
G2,W0027F0003T0006Z000C1N24.png,28,0.8125,0.8125
G2,W0027F0003T0006Z000C1N24.png,29,0.56875,0.56875
G2,W0027F0003T0006Z000C1N24.png,30,0.48750000000000004,0.48750000000000004
G2,W0027F0003T0006Z000C1N24.png,31,0.0,0.0
G2,W0027F0003T0006Z000C1N24.png,32,0.22980970388562796,0.22980970388562796
G2,W0027F0003T0006Z000C1N24.png,33,0.11250573906389866,0.11250573906389866
G2,W0027F0003T0006Z000C1N24.png,34,0.5138701197773617,0.5138701197773617
G2,W0027F0003T0006Z000C1N24.png,35,0.36336104634371585,0.36336104634371585
G2,W0027F0003T0006Z000C1N24.png,36,0.36336104634371585,0.36336104634371585
G2,W0027F0003T0006Z000C1N24.png,37,0.5859020822628983,0.5859020822628983
G2,W0027F0003T0006Z000C1N24.png,38,0.45961940777125593,0.45961940777125593
G2,W0027F0003T0006Z000C1N24.png,39,0.36336104634371585,0.36336104634371585
G2,W0027F0003T0006Z000C1N24.png,40,0.65,0.65
G2,W0027F0003T0006Z000C1N24.png,41,0.0,0.0
G2,W0027F0003T0006Z000C1N24.png,42,0.6700046641628699,0.6700046641628699
G2,W0027F0003T0006Z000C1N24.png,43,0.7357500424736652,0.7357500424736652
G2,W0027F0003T0006Z000C1N24.png,44,0.8125,0.8125
G2,W0027F0003T0006Z000C1N24.png,45,0.325,0.325
G2,W0027F0003T0006Z000C1N24.png,46,0.1625,0.1625
G2,W0027F0003T0006Z000C1N24.png,47,0.8285906709588275,0.8285906709588275
G2,W0027F0003T0006Z000C1N24.png,48,0.08125,0.08125
G2,W0027F0003T0006Z000C1N24.png,49,0.7267220926874317,0.7267220926874317
G2,W0027F0003T0006Z000C1N24.png,50,0.325,0.325
G2,W0027F0003T0006Z000C1N24.png,51,0.0,0.0
G2,W0027F0003T0006Z000C1N24.png,52,0.5138701197773617,0.5138701197773617
G2,W0027F0003T0006Z000C1N24.png,53,0.36336104634371585,0.36336104634371585
G2,W0027F0003T0006Z000C1N24.png,54,0.39060138817526574,0.39060138817526574
G2,W0027F0003T0006Z000C1N24.png,55,0.0,0.0
G2,W0027F0003T0006Z000C1N24.png,56,0.40625,0.40625
G2,W0027F0003T0006Z000C1N24.png,57,0.65,0.65
G2,W0027F0003T0006Z000C1N24.png,58,0.1625,0.1625
G2,W0027F0003T0006Z000C1N24.png,59,0.12846752994434044,0.12846752994434044
G2,W0027F0003T0006Z000C1N24.png,60,0.0,0.0
G2,W0027F0003T0006Z000C1N24.png,61,0.5281250000000001,0.5281250000000001
G2,W0027F0003T0006Z000C1N24.png,62,0.1625,0.1625
G2,W0027F0003T0006Z000C1N24.png,63,0.22980970388562796,0.22980970388562796
G2,W0027F0003T0006Z000C1N24.png,64,0.22333488805429041,0.22333488805429041
G2,W0027F0003T0006Z000C1N24.png,65,0.22980970388562796,0.22980970388562796
G2,W0027F0003T0006Z000C1N24.png,66,0.22980970388562796,0.22980970388562796
G2,W0027F0003T0006Z000C1N24.png,67,0.05416666666666705,0.05416666666666705
G2,W0027F0003T0006Z000C1N24.png,68,0.0,0.0
G2,W0027F0003T0006Z000C1N24.png,69,0.33500233208143493,0.33500233208143493
G2,W0027F0003T0006Z000C1N24.png,70,0.36336104634371585,0.36336104634371585
G2,W0027F0003T0006Z000C1N24.png,71,0.5915089285040421,0.5915089285040421
G2,W0027F0003T0006Z000C1N24.png,72,0.325,0.325
G2,W0027F0003T0006Z000C1N24.png,73,0.0,0.0
G2,W0027F0003T0006Z000C1N24.png,74,0.3425800798515743,0.3425800798515743
G2,W0027F0003T0006Z000C1N24.png,75,0.325,0.325
G2,W0027F0003T0006Z000C1N24.png,76,0.11490485194281398,0.11490485194281398
G2,W0027F0003T0006Z000C1N24.png,77,0.08125,0.08125
G2,W0027F0003T0006Z000C1N24.png,78,0.08125,0.08125
G2,W0027F0003T0006Z000C1N24.png,79,0.015419168966093997,0.015419168966093997
G2,W0027F0003T0006Z000C1N24.png,80,0.0,0.0
G2,W0027F0003T0006Z000C1N24.png,81,0.5138701197773617,0.5138701197773617
G2,W0027F0003T0006Z000C1N24.png,82,0.36336104634371585,0.36336104634371585
G2,W0027F0003T0006Z000C1N24.png,83,0.11490485194281398,0.11490485194281398
G2,W0027F0003T0006Z000C1N24.png,84,0.08125,0.08125
G2,W0027F0003T0006Z000C1N24.png,85,0.03723784175146147,0.03723784175146147
G2,W0027F0003T0006Z000C1N24.png,86,0.0,0.0
G2,W0027F0003T0006Z000C1N24.png,87,0.04596194077712625,0.04596194077712625
G2,W0027F0003T0006Z000C1N24.png,88,0.0,0.0
G2,W0027F0003T0006Z000C1N24.png,89,0.0,0.0
G2,W0027F0003T0006Z000C1N24.png,90,0.36336104634371585,0.36336104634371585
G2,W0027F0003T0006Z000C1N24.png,91,0.7267220926874317,0.7267220926874317
G2,W0027F0003T0006Z000C1N24.png,92,0.0,0.0
G2,W0027F0003T0006Z000C1N24.png,93,0.08125,0.08125
G2,W0027F0003T0006Z000C1N24.png,94,0.0,0.0
G2,W0027F0003T0006Z000C1N24.png,95,0.5138701197773617,0.5138701197773617
G2,W0027F0003T0006Z000C1N24.png,96,0.0,0.0
G2,W0027F0003T0006Z000C1N24.png,97,0.0,0.0
G2,W0027F0003T0006Z000C1N24.png,98,0.09421779670733757,0.09421779670733757
G2,W0027F0003T0006Z000C1N24.png,99,0.0,0.0
G2,W0027F0003T0006Z000C1N24.png,100,0.6700046641628699,0.6700046641628699
G2,W0027F0003T0006Z000C1N24.png,101,1.14904851942814,1.14904851942814
G2,W0027F0003T0006Z000C1N24.png,102,0.07462899779164521,0.07462899779164521
G2,W0027F0003T0006Z000C1N24.png,103,1.2375631297028853,1.2375631297028853
G2,W0027F0003T0006Z000C1N24.png,104,0.0,0.0
G2,W0027F0003T0006Z000C1N24.png,105,0.08125,0.08125
G2,W0027F0003T0006Z000C1N24.png,106,0.024224069756248412,0.024224069756248412
G2,W0027F0003T0006Z000C1N24.png,107,0.6700046641628699,0.6700046641628699
G2,W0027F0003T0006Z000C1N24.png,108,0.08125,0.08125
G2,W0027F0003T0006Z000C1N24.png,109,0.0,0.0
G2,W0027F0003T0006Z000C1N24.png,110,0.22980970388562796,0.22980970388562796
G2,W0027F0003T0006Z000C1N24.png,111,0.0,0.0
G2,W0027F0003T0006Z000C1N24.png,112,0.0,0.0
G2,W0027F0003T0006Z000C1N24.png,113,0.21396553460779608,0.21396553460779608
G2,W0027F0003T0006Z000C1N24.png,114,0.0,0.0
G2,W0027F0003T0006Z000C1N24.png,115,0.6700046641628699,0.6700046641628699
G2,W0027F0003T0006Z000C1N24.png,116,0.9084026158592896,0.9084026158592896
G2,W0027F0003T0006Z000C1N24.png,117,0.0,0.0
G2,W0027F0003T0006Z000C1N24.png,118,0.18413126021307352,0.18413126021307352
G2,W0027F0003T0006Z000C1N24.png,119,0.0,0.0
G2,W0027F0003T0006Z000C1N24.png,120,0.0,0.0
G2,W0027F0003T0006Z000C1N24.png,121,0.37916666666666593,0.37916666666666593
G2,W0027F0003T0006Z000C1N24.png,122,0.0,0.0
G2,W0027F0003T0006Z000C1N24.png,123,0.0,0.0
G2,W0027F0003T0006Z000C1N24.png,124,0.08125,0.08125
G2,W0027F0003T0006Z000C1N24.png,125,0.1625,0.1625
G2,W0027F0003T0006Z000C1N24.png,126,0.0,0.0
G2,W0027F0003T0006Z000C1N24.png,127,0.7267220926874317,0.7267220926874317
G2,W0027F0003T0006Z000C1N24.png,128,0.8125,0.8125
G2,W0027F0003T0006Z000C1N24.png,129,0.0,0.0
G2,W0027F0003T0006Z000C1N24.png,130,0.06745947857788487,0.06745947857788487
G2,W0027F0003T0006Z000C1N24.png,131,0.0,0.0
G2,W0027F0003T0006Z000C1N24.png,132,0.08125,0.08125
G2,W0027F0003T0006Z000C1N24.png,133,0.0,0.0
G2,W0027F0003T0006Z000C1N24.png,134,0.0,0.0
G2,W0027F0003T0006Z000C1N24.png,135,0.0,0.0
G2,W0027F0003T0006Z000C1N24.png,136,0.0,0.0
G2,W0027F0003T0006Z000C1N24.png,137,0.0,0.0
G2,W0027F0003T0006Z000C1N24.png,138,0.0,0.0
G2,W0027F0003T0006Z000C1N24.png,139,0.08125,0.08125
G2,W0027F0003T0006Z000C1N24.png,140,0.07267220926874421,0.07267220926874421
G2,W0027F0003T0006Z000C1N24.png,141,0.0,0.0
G2,W0027F0002T0006Z000C1N22.png,1,4.913076715511371,4.913076715511371
G2,W0027F0002T0006Z000C1N22.png,2,3.220983137889343,3.220983137889343
G2,W0027F0002T0006Z000C1N22.png,3,0.0417764887384918,0.0417764887384918
G2,W0027F0002T0006Z000C1N22.png,4,4.63766003766986,6.783280226041086
G2,W0027F0002T0006Z000C1N22.png,5,0.29295104113144915,4.079526818455787
G2,W0027F0002T0006Z000C1N22.png,6,0.6700046641628699,3.5003571246374277
G2,W0027F0002T0006Z000C1N22.png,7,0.07267220926874421,2.4719235930748336
G2,W0027F0002T0006Z000C1N22.png,8,0.09011408745705439,0.09011408745705439
G2,W0027F0002T0006Z000C1N22.png,9,0.0383016173142716,3.7482785400619436
G2,W0027F0002T0006Z000C1N22.png,10,0.3646205338163987,0.7511659051194273
G2,W0027F0002T0006Z000C1N22.png,11,0.05735294117647154,0.05735294117647154
G2,W0027F0002T0006Z000C1N22.png,12,1.3257281335248208,1.8685731189027284
G2,W0027F0002T0006Z000C1N22.png,13,0.2569350598886809,1.4025924657576057
G2,W0027F0002T0006Z000C1N22.png,14,0.036285742718784396,0.036285742718784396
G2,W0027F0002T0006Z000C1N22.png,15,0.05709667997526184,0.05709667997526184
G2,W0027F0002T0006Z000C1N22.png,16,0.08125,0.08125
G2,W0027F0002T0006Z000C1N22.png,17,0.08125,1.0562500000000001
G2,W0027F0002T0006Z000C1N22.png,18,0.0,3.741030940796935
G2,W0027F0002T0006Z000C1N22.png,19,0.6838539683294964,2.4434222926051894
G2,W0027F0002T0006Z000C1N22.png,20,0.7267220926874317,1.3101168840985142
G2,W0027F0002T0006Z000C1N22.png,21,0.08125,1.6750116604071748
G2,W0027F0002T0006Z000C1N22.png,22,0.681629708798961,1.2753407622738935
G2,W0027F0002T0006Z000C1N22.png,23,0.11490485194281398,0.11490485194281398
G2,W0027F0002T0006Z000C1N22.png,24,1.0277402395547235,4.0625
G2,W0027F0002T0006Z000C1N22.png,25,0.07932284827092696,0.07932284827092696
G2,W0027F0002T0006Z000C1N22.png,26,1.426589026314166,5.509154313504024
G2,W0027F0002T0006Z000C1N22.png,27,2.391868152172789,2.391868152172789
G2,W0027F0002T0006Z000C1N22.png,28,0.3499764786960636,2.2991532560339265
G2,W0027F0002T0006Z000C1N22.png,29,1.1436496711460638,1.1436496711460638
G2,W0027F0002T0006Z000C1N22.png,30,1.641350484265085,5.2262774768604086
G2,W0027F0002T0006Z000C1N22.png,31,2.944356957066347,2.944356957066347
G2,W0027F0002T0006Z000C1N22.png,32,1.3101168840985142,2.569350598886808
G2,W0027F0002T0006Z000C1N22.png,33,3.6488397128402346,5.959121160036941
G2,W0027F0002T0006Z000C1N22.png,34,2.965346733520382,3.51541249357739
G2,W0027F0002T0006Z000C1N22.png,35,3.801388726505092,5.634416562520028
G2,W0027F0002T0006Z000C1N22.png,36,4.326896260600663,5.384613495878791
G2,W0027F0003T0006Z000C1N30.png,1,1.2426470588235299,1.2426470588235299
G2,W0027F0003T0006Z000C1N30.png,2,2.1156863724405404,4.666071428571429
G2,W0027F0003T0006Z000C1N30.png,3,0.2324385703934999,0.2324385703934999
G2,W0027F0003T0006Z000C1N30.png,4,2.4116335879440722,5.850564208903275
G2,W0027F0003T0006Z000C1N30.png,5,1.9441717308427937,3.1209637156594447
G2,W0027F0003T0006Z000C1N30.png,6,2.2655049669118013,7.093474383299809
G2,W0027F0003T0006Z000C1N30.png,7,1.0341436674853257,4.118982353081887
G2,W0027F0003T0006Z000C1N30.png,8,0.07660323462854238,3.857640326532386
G2,W0027F0003T0006Z000C1N30.png,9,2.5923716217008703,8.99272709610383
G2,W0027F0003T0006Z000C1N30.png,10,2.7300483626668592,3.109869621463254
G2,W0027F0003T0006Z000C1N30.png,11,1.7273986945693807,9.900505037623082
G2,W0027F0003T0006Z000C1N30.png,12,0.19150808657135718,5.801778492889533
G2,W0027F0003T0006Z000C1N30.png,13,0.1436310649285175,4.32622871365032
G2,W0027F0003T0006Z000C1N30.png,14,1.4062484567892768,10.271262668511381
G2,W0027F0003T0006Z000C1N30.png,15,0.12112034878123845,8.49190995726063
G2,W0027F0003T0006Z000C1N30.png,16,1.718024358465557,4.984454786078696
G2,W0027F0003T0006Z000C1N30.png,17,0.07500000000000089,0.07500000000000089
G2,W0027F0003T0006Z000C1N30.png,18,2.0559264985307997,13.771242508419292
G2,W0027F0003T0006Z000C1N30.png,19,0.38123941524393395,6.4901216259025745
G2,W0027F0003T0006Z000C1N30.png,20,2.3109876811657823,12.025274490110402
G2,W0027F0003T0006Z000C1N30.png,21,0.11490485194281398,5.704884146501136
G2,W0027F0003T0006Z000C1N30.png,22,2.2099288865008777,8.982410754513667
G2,W0027F0001T0006Z000C1N76.png,1,0.8308504678941931,1.0852707035574118
G2,W0027F0001T0006Z000C1N76.png,2,0.19179276304845153,0.19179276304845153
G2,W0027F0001T0006Z000C1N76.png,3,0.39269899414182347,0.39269899414182347
G2,W0027F0001T0006Z000C1N76.png,4,1.105119478834755,1.1633229613912037
G2,W0027F0001T0006Z000C1N76.png,5,1.8527850657860991,1.963494970709118
G2,W0027F0001T0006Z000C1N76.png,6,1.625,1.7501785623187138
G2,W0027F0001T0006Z000C1N76.png,7,0.08125,0.08125
G2,W0027F0001T0006Z000C1N76.png,8,0.10838621756071172,0.10838621756071172
G2,W0027F0001T0006Z000C1N76.png,9,2.3660357140161685,2.4429106614855978
G2,W0027F0001T0006Z000C1N76.png,10,0.04532734186910197,0.04532734186910197
G2,W0027F0001T0006Z000C1N76.png,11,0.08370029746612866,0.08370029746612866
G2,W0027F0001T0006Z000C1N76.png,12,0.03028008719530948,0.03028008719530948
G2,W0027F0001T0006Z000C1N76.png,13,0.07660323462854238,0.07660323462854238
G2,W0027F0001T0006Z000C1N76.png,14,0.07660323462854238,0.07660323462854238
G2,W0027F0001T0006Z000C1N76.png,15,0.07267220926874421,0.07267220926874421
G2,W0027F0001T0006Z000C1N76.png,16,0.05709667997526293,0.05709667997526293
G2,W0027F0001T0006Z000C1N76.png,17,0.1963803715213861,0.1963803715213861
G2,W0027F0001T0006Z000C1N76.png,18,0.08125,0.08125
G2,W0027F0001T0006Z000C1N76.png,19,0.08125,0.08125
G2,W0027F0001T0006Z000C1N76.png,20,0.07267220926874317,0.07267220926874317
G2,W0027F0001T0006Z000C1N76.png,21,0.08125,0.08125
G2,W0027F0001T0006Z000C1N76.png,22,0.06397826456292836,0.06397826456292836
G2,W0027F0001T0006Z000C1N76.png,23,3.697643769273136,3.8458333333333337
G2,W0027F0001T0006Z000C1N76.png,24,0.08125,0.08125
G2,W0027F0001T0006Z000C1N76.png,25,0.1027740239554716,0.1027740239554716
G2,W0027F0001T0006Z000C1N76.png,26,0.013975424859371699,0.013975424859371699
G2,W0027F0001T0006Z000C1N76.png,27,0.06090951492389675,0.06090951492389675
G2,W0027F0001T0006Z000C1N76.png,28,0.042822509981446565,0.042822509981446565
G2,W0027F0001T0006Z000C1N76.png,29,0.0720513626920724,0.0720513626920724
G2,W0027F0001T0006Z000C1N76.png,30,0.1456531878614947,0.1456531878614947
G2,W0027F0001T0006Z000C1N76.png,31,0.5450415695155738,0.5450415695155738
G2,W0027F0001T0006Z000C1N76.png,32,0.044787116406906226,0.044787116406906226
G2,W0027F0001T0006Z000C1N76.png,33,0.028726212985703495,0.028726212985703495
G2,W0027F0001T0006Z000C1N76.png,34,0.0919238815542525,0.0919238815542525
G2,W0027F0001T0006Z000C1N76.png,35,0.05190872090624571,0.05190872090624571
G2,W0027F0001T0006Z000C1N76.png,36,0.032500000000000466,0.032500000000000466
G2,W0027F0001T0006Z000C1N76.png,37,0.2680018656651473,0.2680018656651473
G2,W0027F0001T0006Z000C1N76.png,38,0.03830161731427242,0.03830161731427242
G2,W0027F0001T0006Z000C1N76.png,39,0.08125,0.08125
G2,W0027F0003T0006Z000C1N29.png,1,0.9084026158592896,1.0562500000000001
G2,W0027F0003T0006Z000C1N29.png,2,0.02946278254943987,0.02946278254943987
G2,W0027F0003T0006Z000C1N29.png,3,0.520253844291419,1.7819516162062314
G2,W0027F0003T0006Z000C1N29.png,4,2.3896341901010705,3.2224614524459403
G2,W0027F0003T0006Z000C1N29.png,5,0.5915089285040421,1.7893456380755508
G2,W0027F0003T0006Z000C1N29.png,6,1.6326097331623146,2.456440020951175
G2,W0027F0003T0006Z000C1N29.png,7,0.11490485194281398,0.11490485194281398
G2,W0027F0003T0006Z000C1N29.png,8,0.10188698165737411,0.10188698165737411
G2,W0027F0003T0006Z000C1N29.png,9,0.08125,0.08125
G2,W0027F0003T0006Z000C1N29.png,10,0.89375,0.89375
G2,W0027F0003T0006Z000C1N29.png,11,0.07660323462854238,0.07660323462854238
G2,W0027F0003T0006Z000C1N29.png,12,0.028726212985703495,0.028726212985703495
G2,W0027F0003T0006Z000C1N29.png,13,0.08125,0.978379559526874
G2,W0027F0003T0006Z000C1N29.png,14,1.6721628127135892,4.449916119683855
G2,W0027F0003T0006Z000C1N29.png,15,0.11490485194281398,0.11490485194281398
G2,W0027F0003T0006Z000C1N29.png,16,0.08125,0.08125
G2,W0027F0003T0006Z000C1N29.png,17,0.0,0.9475296829123614
G2,W0027F0003T0006Z000C1N29.png,18,0.07267220926874317,0.07267220926874317
G2,W0027F0003T0006Z000C1N29.png,19,0.8039151050785585,1.0889083801951311
G2,W0027F0003T0006Z000C1N29.png,20,1.2485166980511313,1.7635648932807946
G2,W0027F0003T0006Z000C1N29.png,21,0.08125,0.08125
G2,W0027F0003T0006Z000C1N29.png,22,0.08125,0.08125
G2,W0027F0003T0006Z000C1N29.png,23,0.0,1.1830178570080843
G2,W0027F0003T0006Z000C1N29.png,24,0.0,1.14904851942814
G2,W0027F0003T0006Z000C1N29.png,25,0.19969683655634682,0.19969683655634682
G2,W0027F0003T0006Z000C1N29.png,26,0.0,1.541610359332085
G2,W0027F0003T0006Z000C1N29.png,27,0.0,0.0
G2,W0027F0003T0006Z000C1N29.png,28,0.7832865431258056,2.00936512991259
G2,W0027F0003T0006Z000C1N29.png,29,1.2691655723348314,4.302415745833962
G2,W0027F0003T0006Z000C1N14.png,1,2.330274930131636,4.415816034438029
G2,W0027F0003T0006Z000C1N14.png,2,1.708183428382327,1.708183428382327
G2,W0027F0003T0006Z000C1N14.png,3,3.2520720435640125,4.901073979033491
G2,W0027F0003T0006Z000C1N14.png,4,0.08125,0.08125
G2,W0027F0003T0006Z000C1N14.png,5,0.04506939094329923,0.04506939094329923
G2,W0027F0003T0006Z000C1N14.png,6,0.0,0.0
G2,W0027F0003T0006Z000C1N14.png,7,1.7369266140225958,6.3275964285422
G2,W0027F0003T0006Z000C1N14.png,8,0.11490485194281398,1.284675299443404
G2,W0027F0003T0006Z000C1N14.png,9,0.65,5.232903711134001
G2,W0027F0003T0006Z000C1N14.png,10,0.520253844291419,1.240227423700992
G2,W0027F0003T0006Z000C1N14.png,11,1.3226541734331012,5.825687325329089
G2,W0027F0003T0006Z000C1N14.png,12,0.1625,0.1625
G2,W0027F0003T0006Z000C1N14.png,13,0.08125,2.400659089187801
G2,W0027F0003T0006Z000C1N14.png,14,0.08125,0.08125
G2,W0027F0003T0006Z000C1N14.png,15,1.9651753261477714,5.26873517198388
G2,W0027F0003T0006Z000C1N14.png,16,0.36336104634371585,1.963494970709118
G2,W0027F0003T0006Z000C1N14.png,17,0.11490485194281398,0.11490485194281398
G2,W0027F0003T0006Z000C1N14.png,18,0.05190872090624571,1.0913183611147228
G2,W0027F0003T0006Z000C1N14.png,19,0.9558536760404284,4.0134539364492525
G2,W0027F0003T0006Z000C1N14.png,20,0.08750892811593587,0.08750892811593587
G2,W0027F0003T0006Z000C1N14.png,21,0.040625,0.12187500000000001
G2,W0027F0003T0006Z000C1N14.png,22,1.9943012947699232,2.6605459994956115
G2,W0027F0003T0006Z000C1N14.png,23,1.1718041645257966,7.4696992074647826
G2,W0027F0003T0006Z000C1N7.png,1,1.7960550788803444,1.9430170700400755
G2,W0027F0003T0006Z000C1N7.png,2,0.046428571428571264,0.046428571428571264
G2,W0027F0003T0006Z000C1N7.png,3,2.13735379616946,3.1257499100215944
G2,W0027F0003T0006Z000C1N7.png,4,1.2078680857196287,1.3619981874070173
G2,W0027F0003T0006Z000C1N7.png,5,2.471122277933652,4.225781177782399
G2,W0027F0003T0006Z000C1N7.png,6,2.576136614267943,4.218616044705257
G2,W0027F0003T0006Z000C1N7.png,7,1.0683336583462837,1.9916841003421082
G2,W0027F0003T0006Z000C1N7.png,8,0.29295104113144915,0.9084026158592896
G2,W0027F0003T0006Z000C1N7.png,9,0.07267220926874421,0.14534441853748634
G2,W0027F0003T0006Z000C1N7.png,10,0.5523937806392188,3.1026674231842652
G2,W0027F0003T0006Z000C1N7.png,11,0.07267220926874421,0.07267220926874421
G2,W0027F0003T0006Z000C1N7.png,12,0.11490485194281398,1.5458866792232864
G2,W0027F0003T0006Z000C1N7.png,13,0.0,0.22980970388562796
G2,W0027F0003T0006Z000C1N7.png,14,0.0478574760116322,0.0478574760116322
G2,W0027F0003T0006Z000C1N7.png,15,0.032500000000000466,0.032500000000000466
G2,W0027F0003T0006Z000C1N7.png,16,0.087508928115935,0.087508928115935
G2,W0027F0003T0006Z000C1N7.png,17,0.5138701197773617,1.3788582233137676
G2,W0027F0003T0006Z000C1N7.png,18,0.04642857142857011,0.04642857142857011
G2,W0027F0003T0006Z000C1N7.png,19,0.046428571428571555,6.860440055499505
G2,W0027F0003T0006Z000C1N7.png,20,0.7357500424736652,1.6451871094194728
G2,W0027F0003T0006Z000C1N7.png,21,0.040625,0.040625
G2,W0027F0003T0006Z000C1N7.png,22,0.11490485194281398,0.11490485194281398
G2,W0027F0003T0006Z000C1N7.png,23,0.34683589619428085,0.8268182824673265
G2,W0027F0003T0006Z000C1N7.png,24,0.08125,0.08125
G2,W0027F0003T0006Z000C1N7.png,25,0.11490485194281398,0.11490485194281398
G2,W0027F0003T0006Z000C1N7.png,26,0.11490485194281398,1.708183428382327
G2,W0027F0003T0006Z000C1N7.png,27,0.08125,0.08125
G2,W0027F0003T0006Z000C1N7.png,28,0.7267220926874317,2.906888370749727
G2,W0027F0003T0006Z000C1N7.png,29,0.9781921125360684,3.4101885359455477
G2,W0027F0003T0006Z000C1N7.png,30,1.567136233952015,1.567136233952015
G2,W0027F0003T0006Z000C1N7.png,31,2.8051849315152113,2.8051849315152113
G2,W0027F0003T0006Z000C1N7.png,32,0.08125,0.08125
G2,W0027F0003T0006Z000C1N7.png,33,2.7174127645720287,5.077661107069296
G2,W0027F0003T0006Z000C1N7.png,34,3.5873917182652035,4.048482761925892
G2,W0027F0003T0006Z000C1N7.png,35,5.536206975322644,5.536206975322644
G2,W0027F0001T0006Z000C1N75.png,1,0.0,0.0
G2,W0027F0001T0006Z000C1N75.png,2,0.0,0.0
G2,W0027F0001T0006Z000C1N75.png,3,0.0,0.0
G2,W0027F0001T0006Z000C1N75.png,4,0.0,0.0
G2,W0027F0001T0006Z000C1N75.png,5,0.0,0.0
G2,W0027F0001T0006Z000C1N75.png,6,0.0,0.0
G2,W0027F0001T0006Z000C1N75.png,7,0.0,0.0
G2,W0027F0001T0006Z000C1N75.png,8,0.08125,0.08125
G2,W0027F0001T0006Z000C1N75.png,9,0.0,0.0
G2,W0027F0001T0006Z000C1N75.png,10,0.0,0.0
G2,W0027F0001T0006Z000C1N75.png,11,0.0,0.0
G2,W0027F0001T0006Z000C1N75.png,12,0.0,0.0
G2,W0027F0001T0006Z000C1N75.png,13,0.0,0.0
G2,W0027F0001T0006Z000C1N75.png,14,0.0,0.0
G2,W0027F0001T0006Z000C1N75.png,15,0.0,0.0
G2,W0027F0001T0006Z000C1N75.png,16,0.07660323462854213,0.07660323462854213
G2,W0027F0001T0006Z000C1N75.png,17,0.0,0.0
G2,W0027F0001T0006Z000C1N75.png,18,0.0,0.0
G2,W0027F0001T0006Z000C1N75.png,19,0.0,0.0
G2,W0027F0001T0006Z000C1N75.png,20,0.0,0.0
G2,W0027F0001T0006Z000C1N75.png,21,0.0,0.0
G2,W0027F0001T0006Z000C1N75.png,22,0.0,0.0
G2,W0027F0001T0006Z000C1N75.png,23,0.0,0.0
G2,W0027F0001T0006Z000C1N75.png,24,0.0,0.0
G2,W0027F0001T0006Z000C1N75.png,25,0.0,0.0
G2,W0027F0001T0006Z000C1N75.png,26,0.0,0.0
G2,W0027F0001T0006Z000C1N75.png,27,0.0,0.0
G2,W0027F0001T0006Z000C1N75.png,28,0.0,0.0
G2,W0027F0001T0006Z000C1N75.png,29,0.0,0.0
G2,W0027F0001T0006Z000C1N75.png,30,0.0,0.0
G2,W0027F0001T0006Z000C1N75.png,31,0.0,0.0
G2,W0027F0001T0006Z000C1N75.png,32,0.0,0.0
G2,W0027F0001T0006Z000C1N75.png,33,0.0,0.0
G2,W0027F0001T0006Z000C1N75.png,34,0.08125,0.08125
G2,W0027F0001T0006Z000C1N75.png,35,0.0,0.0
G2,W0027F0001T0006Z000C1N75.png,36,0.0,0.0
G2,W0027F0001T0006Z000C1N75.png,37,0.0,0.0
G2,W0027F0001T0006Z000C1N75.png,38,0.0,0.0
G2,W0027F0001T0006Z000C1N75.png,39,0.0,0.0
G2,W0027F0001T0006Z000C1N75.png,40,0.0,0.0
G2,W0027F0001T0006Z000C1N75.png,41,0.0,0.0
G2,W0027F0001T0006Z000C1N75.png,42,0.0,0.0
G2,W0027F0001T0006Z000C1N75.png,43,0.0,0.0
G2,W0027F0001T0006Z000C1N75.png,44,0.0,0.0
G2,W0027F0001T0006Z000C1N75.png,45,0.0,0.0
G2,W0027F0001T0006Z000C1N75.png,46,0.08125,0.08125
G2,W0027F0001T0006Z000C1N75.png,47,0.0,0.0
G2,W0027F0001T0006Z000C1N75.png,48,0.0,0.0
G2,W0027F0001T0006Z000C1N75.png,49,0.0,0.0
G2,W0027F0001T0006Z000C1N75.png,50,0.0,0.0
G2,W0027F0001T0006Z000C1N75.png,51,0.0,0.0
G2,W0027F0001T0006Z000C1N75.png,52,0.0,0.0
G2,W0027F0001T0006Z000C1N75.png,53,0.0,0.0
G2,W0027F0001T0006Z000C1N75.png,54,0.0,0.0
G2,W0027F0001T0006Z000C1N75.png,55,0.0,0.0
G2,W0027F0001T0006Z000C1N75.png,56,0.0,0.0
G2,W0027F0001T0006Z000C1N75.png,57,0.0,0.0
G2,W0027F0001T0006Z000C1N75.png,58,0.0,0.0
G2,W0027F0001T0006Z000C1N75.png,59,0.0,0.0
G2,W0027F0001T0006Z000C1N75.png,60,0.0,0.0
G2,W0027F0001T0006Z000C1N75.png,61,0.0,0.0
G2,W0027F0001T0006Z000C1N75.png,62,0.0,0.0
G2,W0027F0001T0006Z000C1N75.png,63,0.0,0.0
G2,W0027F0001T0006Z000C1N75.png,64,0.0,0.0
G2,W0027F0001T0006Z000C1N75.png,65,0.0,0.0
G2,W0027F0001T0006Z000C1N75.png,66,0.0,0.0
G2,W0027F0001T0006Z000C1N75.png,67,0.06450798705561507,0.06450798705561507
G2,W0027F0001T0006Z000C1N75.png,68,0.08375058302035873,0.08375058302035873
G2,W0027F0001T0006Z000C1N75.png,69,0.11490485194281398,0.11490485194281398
G2,W0027F0001T0006Z000C1N75.png,70,0.11490485194281398,0.11490485194281398
G2,W0027F0001T0006Z000C1N75.png,71,0.0,0.0
G2,W0027F0001T0006Z000C1N75.png,72,0.08125,0.08125
G2,W0027F0001T0006Z000C1N75.png,73,0.09084026158592896,0.09084026158592896
G2,W0027F0001T0006Z000C1N75.png,74,0.08125,0.08125
G2,W0027F0001T0006Z000C1N75.png,75,0.0,0.0
G2,W0027F0001T0006Z000C1N75.png,76,0.0,0.0
G2,W0027F0001T0006Z000C1N75.png,77,0.0,0.0
G2,W0027F0001T0006Z000C1N75.png,78,0.054166666666666474,0.054166666666666474
G2,W0027F0001T0006Z000C1N75.png,79,0.0,0.0
G2,W0027F0001T0006Z000C1N75.png,80,0.06958432142573326,0.06958432142573326
G2,W0027F0001T0006Z000C1N75.png,81,0.0,0.0
G2,W0027F0001T0006Z000C1N75.png,82,0.0,0.0
G2,W0027F0001T0006Z000C1N75.png,83,0.0,0.0
G2,W0027F0001T0006Z000C1N75.png,84,0.0,0.0
G2,W0027F0001T0006Z000C1N75.png,85,0.0,0.0
G2,W0027F0001T0006Z000C1N75.png,86,0.0,0.0
G2,W0027F0001T0006Z000C1N75.png,87,0.0,0.0
G2,W0027F0001T0006Z000C1N75.png,88,0.08125,0.08125
G2,W0027F0001T0006Z000C1N75.png,89,0.0,0.0
G2,W0027F0001T0006Z000C1N75.png,90,0.0541666666666659,0.0541666666666659
G2,W0027F0001T0006Z000C1N75.png,91,0.0,0.0
G2,W0027F0001T0006Z000C1N75.png,92,0.0,0.0
G2,W0027F0001T0006Z000C1N75.png,93,0.08125,0.08125
G2,W0027F0001T0006Z000C1N75.png,94,0.0,0.0
G2,W0027F0001T0006Z000C1N75.png,95,0.054166666666666474,0.054166666666666474
G2,W0027F0001T0006Z000C1N75.png,96,0.0728868986855663,0.0728868986855663
G2,W0027F0001T0006Z000C1N75.png,97,0.09084026158592896,0.09084026158592896
G2,W0027F0001T0006Z000C1N75.png,98,0.0,0.0
G2,W0027F0001T0006Z000C1N75.png,99,0.06423376497217022,0.06423376497217022
G2,W0027F0001T0006Z000C1N75.png,100,0.08125,0.08125
G2,W0027F0001T0006Z000C1N75.png,101,0.0,0.0
G2,W0027F0001T0006Z000C1N75.png,102,0.0,0.0
G2,W0027F0001T0006Z000C1N75.png,103,0.0,0.0
G2,W0027F0001T0006Z000C1N75.png,104,0.0,0.0
G2,W0027F0001T0006Z000C1N75.png,105,0.0,0.0
G2,W0027F0001T0006Z000C1N75.png,106,0.0,0.0
G2,W0027F0001T0006Z000C1N75.png,107,0.0,0.0
G2,W0027F0001T0006Z000C1N75.png,108,0.08125,0.08125
G2,W0027F0001T0006Z000C1N75.png,109,0.0,0.0
G2,W0027F0001T0006Z000C1N75.png,110,0.11490485194281398,0.11490485194281398
G2,W0027F0001T0006Z000C1N75.png,111,0.0,0.0
G2,W0027F0001T0006Z000C1N75.png,112,0.0,0.0
G2,W0027F0001T0006Z000C1N75.png,113,0.0,0.0
G2,W0027F0001T0006Z000C1N75.png,114,0.0,0.0
G2,W0027F0001T0006Z000C1N75.png,115,0.0766032346285432,0.0766032346285432
G2,W0027F0001T0006Z000C1N75.png,116,0.0,0.0
G2,W0027F0001T0006Z000C1N75.png,117,0.0,0.0
G2,W0027F0001T0006Z000C1N75.png,118,0.0,0.0
G2,W0027F0001T0006Z000C1N75.png,119,0.11490485194281398,0.11490485194281398
G2,W0027F0001T0006Z000C1N75.png,120,0.0,0.0
G2,W0027F0001T0006Z000C1N75.png,121,0.11490485194281398,0.11490485194281398
G2,W0027F0001T0006Z000C1N75.png,122,0.0,0.0
G2,W0027F0001T0006Z000C1N75.png,123,0.0,0.0
G2,W0027F0001T0006Z000C1N75.png,124,0.0,0.0
G2,W0027F0001T0006Z000C1N75.png,125,0.0,0.0
G2,W0027F0001T0006Z000C1N75.png,126,0.0,0.0
G2,W0027F0001T0006Z000C1N75.png,127,0.0,0.0
G2,W0027F0001T0006Z000C1N75.png,128,0.08523915205066572,0.08523915205066572
G2,W0027F0001T0006Z000C1N75.png,129,0.0,0.0
G2,W0027F0001T0006Z000C1N75.png,130,0.0,0.0
G2,W0027F0001T0006Z000C1N75.png,131,0.0,0.0
G2,W0027F0001T0006Z000C1N75.png,132,0.0,0.0
G2,W0027F0001T0006Z000C1N75.png,133,0.0,0.0
G2,W0027F0001T0006Z000C1N75.png,134,0.05416666666666705,0.05416666666666705
G2,W0027F0001T0006Z000C1N75.png,135,0.0,0.0
G2,W0027F0001T0006Z000C1N75.png,136,0.0,0.0
G2,W0027F0001T0006Z000C1N75.png,137,0.0,0.0
G2,W0027F0001T0006Z000C1N75.png,138,0.05745242597140699,0.05745242597140699
G2,W0027F0001T0006Z000C1N75.png,139,0.0,0.0
G2,W0027F0001T0006Z000C1N75.png,140,0.0,0.0
G2,W0027F0001T0006Z000C1N75.png,141,0.0,0.0
G2,W0027F0001T0006Z000C1N75.png,142,0.0,0.0
G2,W0027F0001T0006Z000C1N75.png,143,0.0,0.0
G2,W0027F0001T0006Z000C1N75.png,144,0.0,0.0
G2,W0027F0001T0006Z000C1N75.png,145,0.0,0.0
G2,W0027F0001T0006Z000C1N75.png,146,0.0,0.0
G2,W0027F0001T0006Z000C1N75.png,147,0.08125,0.08125
G2,W0027F0001T0006Z000C1N75.png,148,0.08125,0.08125
G2,W0027F0001T0006Z000C1N75.png,149,0.0,0.0
G2,W0027F0001T0006Z000C1N75.png,150,0.0,0.0
G2,W0027F0001T0006Z000C1N75.png,151,0.0,0.0
G2,W0027F0001T0006Z000C1N75.png,152,0.0,0.0
G2,W0027F0001T0006Z000C1N75.png,153,0.08125,0.08125
G2,W0027F0001T0006Z000C1N75.png,154,0.08125,0.08125
G2,W0027F0001T0006Z000C1N75.png,155,0.11490485194281398,0.11490485194281398
G2,W0027F0001T0006Z000C1N75.png,156,0.0,0.0
G2,W0027F0001T0006Z000C1N75.png,157,0.0,0.0
G2,W0027F0001T0006Z000C1N75.png,158,0.0,0.0
G2,W0027F0001T0006Z000C1N75.png,159,0.0,0.0
G2,W0027F0001T0006Z000C1N75.png,160,0.0,0.0
G2,W0027F0001T0006Z000C1N75.png,161,0.0,0.0
G2,W0027F0001T0006Z000C1N75.png,162,0.0,0.0
G2,W0027F0001T0006Z000C1N75.png,163,0.040625,0.040625
G2,W0027F0001T0006Z000C1N75.png,164,0.0,0.0
G2,W0027F0001T0006Z000C1N75.png,165,0.0,0.0
G2,W0027F0001T0006Z000C1N75.png,166,0.0,0.0
G2,W0027F0001T0006Z000C1N75.png,167,0.0,0.0
G2,W0027F0001T0006Z000C1N75.png,168,0.0,0.0
G2,W0027F0001T0006Z000C1N75.png,169,0.0,0.0
G2,W0027F0001T0006Z000C1N75.png,170,0.0,0.0
G2,W0027F0001T0006Z000C1N75.png,171,0.0,0.0
G2,W0027F0001T0006Z000C1N75.png,172,0.0,0.0
G2,W0027F0001T0006Z000C1N75.png,173,0.0,0.0
G2,W0027F0001T0006Z000C1N75.png,174,0.0,0.0
G2,W0027F0001T0006Z000C1N75.png,175,0.0,0.0
G2,W0027F0001T0006Z000C1N75.png,176,0.06499999999999977,0.06499999999999977
G2,W0027F0001T0006Z000C1N75.png,177,0.06851601597031465,0.06851601597031465
G2,W0027F0001T0006Z000C1N75.png,178,0.0,0.0
G2,W0027F0001T0006Z000C1N75.png,179,0.0,0.0
G2,W0027F0001T0006Z000C1N75.png,180,0.0,0.0
G2,W0027F0001T0006Z000C1N75.png,181,0.0,0.0
G2,W0027F0001T0006Z000C1N75.png,182,0.0,0.0
G2,W0027F0001T0006Z000C1N75.png,183,0.08125,0.08125
G2,W0027F0001T0006Z000C1N75.png,184,0.11490485194281398,0.11490485194281398
G2,W0027F0001T0006Z000C1N75.png,185,0.0,0.0
G2,W0027F0001T0006Z000C1N75.png,186,0.0,0.0
G2,W0027F0001T0006Z000C1N75.png,187,0.0,0.0
G2,W0027F0001T0006Z000C1N75.png,188,0.0,0.0
G2,W0027F0001T0006Z000C1N75.png,189,0.108145743005001,0.108145743005001
G2,W0027F0001T0006Z000C1N75.png,190,0.0,0.0
G2,W0027F0001T0006Z000C1N75.png,191,0.11490485194281398,0.11490485194281398
G2,W0027F0001T0006Z000C1N75.png,192,0.04037344959374632,0.04037344959374632
G2,W0027F0001T0006Z000C1N75.png,193,0.032500000000000466,0.032500000000000466
G2,W0027F0001T0006Z000C1N75.png,194,0.0,0.0
G2,W0027F0001T0006Z000C1N75.png,195,0.0,0.0
G2,W0027F0001T0006Z000C1N75.png,196,0.0,0.0
G2,W0027F0001T0006Z000C1N75.png,197,0.0,0.0
G2,W0027F0001T0006Z000C1N75.png,198,0.0,0.0
G2,W0027F0001T0006Z000C1N75.png,199,0.11490485194281398,0.11490485194281398
G2,W0027F0001T0006Z000C1N75.png,200,0.054166666666666474,0.054166666666666474
G2,W0027F0001T0006Z000C1N75.png,201,0.0,0.0
G2,W0027F0001T0006Z000C1N75.png,202,0.0,0.0
G2,W0027F0001T0006Z000C1N75.png,203,0.0,0.0
G2,W0027F0001T0006Z000C1N75.png,204,0.0,0.0
G2,W0027F0001T0006Z000C1N75.png,205,0.0,0.0
G2,W0027F0001T0006Z000C1N75.png,206,0.0,0.0
G2,W0027F0001T0006Z000C1N75.png,207,0.0,0.0
G2,W0027F0001T0006Z000C1N75.png,208,0.0,0.0
G2,W0027F0001T0006Z000C1N75.png,209,0.05190872090624597,0.05190872090624597
G2,W0027F0001T0006Z000C1N75.png,210,0.0,0.0
G2,W0027F0001T0006Z000C1N75.png,211,0.0,0.0
G2,W0027F0001T0006Z000C1N75.png,212,0.0,0.0
G2,W0027F0001T0006Z000C1N75.png,213,0.08125,0.08125
G2,W0027F0001T0006Z000C1N75.png,214,0.0,0.0
G2,W0027F0001T0006Z000C1N75.png,215,0.0541666666666659,0.0541666666666659
G2,W0027F0001T0006Z000C1N75.png,216,0.0,0.0
G2,W0027F0001T0006Z000C1N75.png,217,0.08125,0.08125
G2,W0027F0001T0006Z000C1N75.png,218,0.0,0.0
G2,W0027F0001T0006Z000C1N75.png,219,0.0,0.0
G2,W0027F0001T0006Z000C1N75.png,220,0.09084026158592896,0.09084026158592896
G2,W0027F0001T0006Z000C1N75.png,221,0.0,0.0
G2,W0027F0001T0006Z000C1N75.png,222,0.0,0.0
G2,W0027F0001T0006Z000C1N75.png,223,0.0,0.0
G2,W0027F0001T0006Z000C1N75.png,224,0.0,0.0
G2,W0027F0001T0006Z000C1N75.png,225,0.0,0.0
G2,W0027F0001T0006Z000C1N75.png,226,0.08125,0.08125
G2,W0027F0001T0006Z000C1N75.png,227,0.0,0.0
G2,W0027F0001T0006Z000C1N75.png,228,0.0,0.0
G2,W0027F0001T0006Z000C1N75.png,229,0.08125,0.08125
G2,W0027F0001T0006Z000C1N75.png,230,0.0,0.0
G2,W0027F0001T0006Z000C1N75.png,231,0.0,0.0
G2,W0027F0001T0006Z000C1N75.png,232,0.0,0.0
G2,W0027F0001T0006Z000C1N75.png,233,0.0,0.0
G2,W0027F0001T0006Z000C1N75.png,234,0.0,0.0
G2,W0027F0001T0006Z000C1N75.png,235,0.040625,0.040625
G2,W0027F0001T0006Z000C1N75.png,236,0.0,0.0
G2,W0027F0001T0006Z000C1N75.png,237,0.08125,0.08125
G2,W0027F0001T0006Z000C1N75.png,238,0.0,0.0
G2,W0027F0001T0006Z000C1N75.png,239,0.0541666666666659,0.0541666666666659
G2,W0027F0001T0006Z000C1N75.png,240,0.0,0.0
G2,W0027F0001T0006Z000C1N75.png,241,0.0,0.0
G2,W0027F0001T0006Z000C1N75.png,242,0.0,0.0
G2,W0027F0001T0006Z000C1N75.png,243,0.0,0.0
G2,W0027F0001T0006Z000C1N75.png,244,0.06964285714285748,0.06964285714285748
G2,W0027F0001T0006Z000C1N75.png,245,0.0,0.0
G2,W0027F0001T0006Z000C1N75.png,246,0.0,0.0
G2,W0027F0001T0006Z000C1N75.png,247,0.0,0.0
G2,W0027F0001T0006Z000C1N75.png,248,0.0,0.0
G2,W0027F0001T0006Z000C1N75.png,249,0.0,0.0
G2,W0027F0001T0006Z000C1N75.png,250,0.0,0.0
G2,W0027F0001T0006Z000C1N75.png,251,0.0,0.0
G2,W0027F0001T0006Z000C1N75.png,252,0.0,0.0
G2,W0027F0001T0006Z000C1N75.png,253,0.0,0.0
G2,W0027F0001T0006Z000C1N75.png,254,0.0,0.0
G2,W0027F0001T0006Z000C1N75.png,255,0.0,0.0
G2,W0027F0001T0006Z000C1N75.png,256,0.0,0.0
G2,W0027F0001T0006Z000C1N75.png,257,0.0,0.0
G2,W0027F0001T0006Z000C1N75.png,258,0.0,0.0
G2,W0027F0001T0006Z000C1N75.png,259,0.0,0.0
G2,W0027F0001T0006Z000C1N75.png,260,0.0,0.0
G2,W0027F0001T0006Z000C1N75.png,261,0.0,0.0
G2,W0027F0001T0006Z000C1N75.png,262,0.0,0.0
G2,W0027F0001T0006Z000C1N75.png,263,0.11490485194281398,0.11490485194281398
G2,W0027F0001T0006Z000C1N75.png,264,0.11490485194281398,0.11490485194281398
G2,W0027F0001T0006Z000C1N75.png,265,0.0,0.0
G2,W0027F0001T0006Z000C1N75.png,266,0.06047623786463837,0.06047623786463837
G2,W0027F0001T0006Z000C1N75.png,267,0.0,0.0
G2,W0027F0001T0006Z000C1N75.png,268,0.0,0.0
G2,W0027F0001T0006Z000C1N75.png,269,0.0,0.0
G2,W0027F0001T0006Z000C1N75.png,270,0.0,0.0
G2,W0027F0001T0006Z000C1N75.png,271,0.0,0.0
G2,W0027F0001T0006Z000C1N75.png,272,0.0,0.0
G2,W0027F0001T0006Z000C1N75.png,273,0.0,0.0
G2,W0027F0001T0006Z000C1N75.png,274,0.0,0.0
G2,W0027F0001T0006Z000C1N75.png,275,0.08125,0.08125
G2,W0027F0001T0006Z000C1N75.png,276,0.0,0.0
G2,W0027F0001T0006Z000C1N75.png,277,0.11490485194281398,0.11490485194281398
G2,W0027F0001T0006Z000C1N75.png,278,0.0,0.0
G2,W0027F0001T0006Z000C1N75.png,279,0.0,0.0
G2,W0027F0001T0006Z000C1N75.png,280,0.0,0.0
G2,W0027F0001T0006Z000C1N75.png,281,0.0,0.0
G2,W0027F0001T0006Z000C1N75.png,282,0.0,0.0
G2,W0027F0001T0006Z000C1N75.png,283,0.0,0.0
G2,W0027F0001T0006Z000C1N75.png,284,0.0,0.0
G2,W0027F0001T0006Z000C1N75.png,285,0.0,0.0
G2,W0027F0001T0006Z000C1N75.png,286,0.0,0.0
G2,W0027F0001T0006Z000C1N75.png,287,0.0,0.0
G2,W0027F0001T0006Z000C1N75.png,288,0.0,0.0
G2,W0027F0001T0006Z000C1N75.png,289,0.0,0.0
G2,W0027F0001T0006Z000C1N75.png,290,0.0,0.0
G2,W0027F0001T0006Z000C1N75.png,291,0.0,0.0
G2,W0027F0001T0006Z000C1N75.png,292,0.0,0.0
G2,W0027F0001T0006Z000C1N75.png,293,0.0,0.0
G2,W0027F0001T0006Z000C1N75.png,294,0.0,0.0
G2,W0027F0001T0006Z000C1N75.png,295,0.0,0.0
G2,W0027F0001T0006Z000C1N75.png,296,0.0,0.0
G2,W0027F0001T0006Z000C1N75.png,297,0.0,0.0
G2,W0027F0001T0006Z000C1N75.png,298,0.0,0.0
G2,W0027F0001T0006Z000C1N75.png,299,0.0,0.0
G2,W0027F0001T0006Z000C1N75.png,300,0.0,0.0
G2,W0027F0001T0006Z000C1N75.png,301,0.0,0.0
G2,W0027F0001T0006Z000C1N75.png,302,0.0,0.0
G2,W0027F0001T0006Z000C1N75.png,303,0.0,0.0
G2,W0027F0001T0006Z000C1N75.png,304,0.0,0.0
G2,W0027F0001T0006Z000C1N75.png,305,0.0,0.0
G2,W0027F0001T0006Z000C1N75.png,306,0.0,0.0
G2,W0027F0001T0006Z000C1N75.png,307,0.0,0.0
G2,W0027F0001T0006Z000C1N75.png,308,0.0,0.0
G2,W0027F0001T0006Z000C1N75.png,309,0.0,0.0
G2,W0027F0001T0006Z000C1N75.png,310,0.0,0.0
G2,W0027F0001T0006Z000C1N75.png,311,0.0,0.0
G2,W0027F0001T0006Z000C1N75.png,312,0.0,0.0
G2,W0027F0001T0006Z000C1N75.png,313,0.0,0.0
G2,W0027F0001T0006Z000C1N75.png,314,0.0,0.0
G2,W0027F0001T0006Z000C1N75.png,315,0.07660323462854197,0.07660323462854197
G2,W0027F0001T0006Z000C1N75.png,316,0.0,0.0
G2,W0027F0001T0006Z000C1N75.png,317,0.0,0.0
G2,W0027F0001T0006Z000C1N75.png,318,0.08125,0.08125
G2,W0027F0001T0006Z000C1N75.png,319,0.0,0.0
G2,W0027F0001T0006Z000C1N75.png,320,0.0,0.0
G2,W0027F0001T0006Z000C1N75.png,321,0.0,0.0
G2,W0027F0001T0006Z000C1N75.png,322,0.0,0.0
G2,W0027F0001T0006Z000C1N75.png,323,0.0,0.0
G2,W0027F0001T0006Z000C1N75.png,324,0.0,0.0
G2,W0027F0001T0006Z000C1N75.png,325,0.0,0.0
G2,W0027F0001T0006Z000C1N75.png,326,0.11490485194281398,0.11490485194281398
G2,W0027F0001T0006Z000C1N75.png,327,0.0,0.0
G2,W0027F0001T0006Z000C1N75.png,328,0.0,0.0
G2,W0027F0001T0006Z000C1N75.png,329,0.0,0.0
G2,W0027F0001T0006Z000C1N75.png,330,0.0,0.0
G2,W0027F0001T0006Z000C1N75.png,331,0.0,0.0
G2,W0027F0001T0006Z000C1N75.png,332,0.0,0.0
G2,W0027F0001T0006Z000C1N75.png,333,0.0,0.0
G2,W0027F0001T0006Z000C1N75.png,334,0.08125,0.08125
G2,W0027F0001T0006Z000C1N75.png,335,0.0,0.0
G2,W0027F0001T0006Z000C1N75.png,336,0.0,0.0
G2,W0027F0001T0006Z000C1N75.png,337,0.0,0.0
G2,W0027F0001T0006Z000C1N75.png,338,0.0,0.0
G2,W0027F0001T0006Z000C1N75.png,339,0.0,0.0
G2,W0027F0001T0006Z000C1N75.png,340,0.0,0.0
G2,W0027F0001T0006Z000C1N75.png,341,0.0,0.0
G2,W0027F0001T0006Z000C1N75.png,342,0.0,0.0
G2,W0027F0001T0006Z000C1N75.png,343,0.0,0.0
G2,W0027F0001T0006Z000C1N75.png,344,0.0,0.0
G2,W0027F0001T0006Z000C1N75.png,345,0.0,0.0
G2,W0027F0001T0006Z000C1N75.png,346,0.0,0.0
G2,W0027F0001T0006Z000C1N75.png,347,0.0,0.0
G2,W0027F0001T0006Z000C1N75.png,348,0.0,0.0
G2,W0027F0001T0006Z000C1N75.png,349,0.0,0.0
G2,W0027F0001T0006Z000C1N75.png,350,0.0,0.0
G2,W0027F0001T0006Z000C1N75.png,351,0.0,0.0
G2,W0027F0001T0006Z000C1N75.png,352,0.0,0.0
G2,W0027F0001T0006Z000C1N75.png,353,0.0,0.0
G2,W0027F0001T0006Z000C1N75.png,354,0.0,0.0
G2,W0027F0001T0006Z000C1N75.png,355,0.0,0.0
G2,W0027F0001T0006Z000C1N75.png,356,0.0,0.0
G2,W0027F0001T0006Z000C1N75.png,357,0.0,0.0
G2,W0027F0001T0006Z000C1N75.png,358,0.0,0.0
G2,W0027F0001T0006Z000C1N75.png,359,0.0,0.0
G2,W0027F0001T0006Z000C1N75.png,360,0.0,0.0
G2,W0027F0001T0006Z000C1N75.png,361,0.0,0.0
G2,W0027F0001T0006Z000C1N75.png,362,0.0,0.0
G2,W0027F0001T0006Z000C1N75.png,363,0.0,0.0
G2,W0027F0001T0006Z000C1N75.png,364,0.0,0.0
G2,W0027F0001T0006Z000C1N75.png,365,0.0,0.0
G2,W0027F0001T0006Z000C1N75.png,366,0.0,0.0
G2,W0027F0001T0006Z000C1N75.png,367,0.0,0.0
G2,W0027F0001T0006Z000C1N75.png,368,0.0,0.0
G2,W0027F0001T0006Z000C1N75.png,369,0.0,0.0
G2,W0027F0001T0006Z000C1N75.png,370,0.0,0.0
G2,W0027F0001T0006Z000C1N75.png,371,0.0,0.0
G2,W0027F0001T0006Z000C1N75.png,372,0.0,0.0
G2,W0027F0001T0006Z000C1N75.png,373,0.0,0.0
G2,W0027F0001T0006Z000C1N75.png,374,0.0,0.0
G2,W0027F0001T0006Z000C1N75.png,375,0.0,0.0
G2,W0027F0001T0006Z000C1N75.png,376,0.0,0.0
G2,W0027F0001T0006Z000C1N75.png,377,0.0,0.0
G2,W0027F0001T0006Z000C1N75.png,378,0.0,0.0
G2,W0027F0001T0006Z000C1N75.png,379,0.0,0.0
G2,W0027F0001T0006Z000C1N75.png,380,0.0,0.0
G2,W0027F0001T0006Z000C1N75.png,381,0.0,0.0
G2,W0027F0001T0006Z000C1N75.png,382,0.0,0.0
G2,W0027F0001T0006Z000C1N75.png,383,0.0,0.0
G2,W0027F0001T0006Z000C1N75.png,384,0.0,0.0
G2,W0027F0001T0006Z000C1N75.png,385,0.11490485194281398,0.11490485194281398
G2,W0027F0001T0006Z000C1N75.png,386,0.0,0.0
G2,W0027F0001T0006Z000C1N75.png,387,0.08125,0.08125
G2,W0027F0001T0006Z000C1N75.png,388,0.0,0.0
G2,W0027F0001T0006Z000C1N75.png,389,0.0,0.0
G2,W0027F0001T0006Z000C1N75.png,390,0.0,0.0
G2,W0027F0001T0006Z000C1N75.png,391,0.0,0.0
G2,W0027F0001T0006Z000C1N75.png,392,0.0,0.0
G2,W0027F0001T0006Z000C1N75.png,393,0.0,0.0
G2,W0027F0001T0006Z000C1N75.png,394,0.0,0.0
G2,W0027F0001T0006Z000C1N75.png,395,0.0,0.0
G2,W0027F0001T0006Z000C1N75.png,396,0.0,0.0
G2,W0027F0001T0006Z000C1N75.png,397,0.0,0.0
G2,W0027F0001T0006Z000C1N75.png,398,0.0,0.0
G2,W0027F0001T0006Z000C1N75.png,399,0.11490485194281398,0.11490485194281398
G2,W0027F0001T0006Z000C1N75.png,400,0.0,0.0
G2,W0027F0001T0006Z000C1N75.png,401,0.0,0.0
G2,W0027F0001T0006Z000C1N75.png,402,0.08125,0.08125
G2,W0027F0001T0006Z000C1N75.png,403,0.0,0.0
G2,W0027F0001T0006Z000C1N75.png,404,0.0,0.0
G2,W0027F0001T0006Z000C1N75.png,405,0.0,0.0
G2,W0027F0001T0006Z000C1N75.png,406,0.0,0.0
G2,W0027F0002T0006Z000C1N38.png,1,0.8165523942160723,0.9084026158592896
G2,W0027F0002T0006Z000C1N38.png,2,0.11490485194281398,0.11490485194281398
G2,W0027F0002T0006Z000C1N38.png,3,0.06944190807802127,0.06944190807802127
G2,W0027F0002T0006Z000C1N38.png,4,0.046428571428571264,0.046428571428571264
G2,W0027F0002T0006Z000C1N38.png,5,0.032500000000000466,0.032500000000000466
G2,W0027F0002T0006Z000C1N38.png,6,0.07267220926874317,0.07267220926874317
G2,W0027F0002T0006Z000C1N38.png,7,0.09208333333333327,0.09208333333333327
G2,W0027F0002T0006Z000C1N38.png,8,0.015798306362769354,0.015798306362769354
G2,W0027F0002T0006Z000C1N38.png,9,0.09013878188659942,0.09013878188659942
G2,W0027F0002T0006Z000C1N38.png,10,0.06936717923885517,0.06936717923885517
G2,W0027F0002T0006Z000C1N38.png,11,0.07660323462854238,0.07660323462854238
G2,W0027F0002T0006Z000C1N38.png,12,0.04142953354794128,0.04142953354794128
G2,W0027F0002T0006Z000C1N38.png,13,0.06770833333333272,0.06770833333333272
G2,W0027F0002T0006Z000C1N38.png,14,0.040625,0.040625
G2,W0027F0002T0006Z000C1N38.png,15,0.10702176125615245,0.10702176125615245
G2,W0027F0002T0006Z000C1N38.png,16,0.040625,0.040625
G2,W0027F0002T0006Z000C1N38.png,17,0.04605733058733374,0.04605733058733374
G2,W0027F0002T0006Z000C1N38.png,18,0.06250000000000012,0.06250000000000012
G2,W0027F0002T0006Z000C1N38.png,19,0.0,0.0
G2,W0027F0002T0006Z000C1N38.png,20,0.08125,0.08125
G2,W0027F0002T0006Z000C1N38.png,21,0.09192388155425167,0.09192388155425167
G2,W0027F0002T0006Z000C1N38.png,22,0.6989389279472135,0.6989389279472135
G2,W0027F0002T0006Z000C1N38.png,23,0.7490879871550471,0.7665109669795991
G2,W0027F0002T0006Z000C1N38.png,24,0.07647058823529385,0.07647058823529385
G2,W0027F0002T0006Z000C1N38.png,25,0.07267220926874317,0.07267220926874317
G2,W0027F0002T0006Z000C1N38.png,26,0.060937500000000006,0.060937500000000006
G2,W0027F0002T0006Z000C1N38.png,27,0.05737279679111259,0.05737279679111259
G2,W0027F0002T0006Z000C1N38.png,28,0.06944190807802215,0.06944190807802215
G2,W0027F0002T0006Z000C1N38.png,29,1.0335013304297198,1.0335013304297198
G2,W0027F0002T0006Z000C1N38.png,30,1.2877129802047327,1.3727869481831623
G2,W0027F0002T0006Z000C1N38.png,31,0.08838834764831895,0.08838834764831895
G2,W0027F0003T0006Z000C1N16.png,1,0.0,0.0
G2,W0027F0003T0006Z000C1N16.png,2,0.06056017439062068,0.06056017439062068
G2,W0027F0003T0006Z000C1N16.png,3,0.09357977743560751,0.09357977743560751
G2,W0027F0003T0006Z000C1N16.png,4,0.0,0.0
G2,W0027F0003T0006Z000C1N16.png,5,2.8739030089146653,2.8739030089146653
G2,W0027F0003T0006Z000C1N16.png,6,0.07882407813680793,0.07882407813680793
G2,W0027F0003T0006Z000C1N16.png,7,0.1135503269824112,0.1135503269824112
G2,W0027F0003T0006Z000C1N16.png,8,0.6640941577421257,1.412299103830544
G2,W0027F0003T0006Z000C1N16.png,9,0.8125,2.8379404944431093
G2,W0027F0003T0006Z000C1N16.png,10,2.358691560611343,2.358691560611343
G2,W0027F0003T0006Z000C1N16.png,11,0.7997612490959751,0.8883993877880718
G2,W0027F0003T0006Z000C1N16.png,12,0.520253844291419,1.3025365877778636
G2,W0027F0003T0006Z000C1N16.png,13,0.0,0.0
G2,W0027F0003T0006Z000C1N16.png,14,2.0831208224947284,2.199944759407483
G2,W0027F0003T0006Z000C1N16.png,15,0.10405076885828365,0.10405076885828365
G2,W0027F0003T0006Z000C1N16.png,16,0.08125,0.08125
G2,W0027F0003T0006Z000C1N16.png,17,1.4136473816879105,1.4136473816879105
G2,W0027F0003T0006Z000C1N16.png,18,0.2569350598886809,1.7539464430249858
G2,W0027F0003T0006Z000C1N16.png,19,0.09459160805298543,0.10652765132052741
G2,W0027F0003T0006Z000C1N16.png,20,0.03421052631579045,0.03421052631579045
G2,W0027F0003T0006Z000C1N16.png,21,1.6331047884321446,1.6331047884321446
G2,W0027F0003T0006Z000C1N16.png,22,0.7716786135776078,2.067244851368651
G2,W0027F0003T0006Z000C1N16.png,23,2.02998571765638,3.3907208447795023
G2,W0027F0003T0006Z000C1N16.png,24,0.8530276959161408,1.5955014885608854
G2,W0027F0003T0006Z000C1N16.png,25,3.5081403265887268,4.784160141228596
G2,W0027F0003T0006Z000C1N16.png,26,0.6947943996697873,2.183381166977608
G2,W0027F0003T0006Z000C1N16.png,27,0.0902777777777778,0.0902777777777778
G2,W0027F0003T0006Z000C1N16.png,28,3.4567077002546807,4.118982353081887
G2,W0027F0003T0006Z000C1N16.png,29,0.040625,0.040625
G2,W0027F0003T0006Z000C1N16.png,30,3.8848419620767713,4.4339912404415625
G2,W0027F0003T0006Z000C1N16.png,31,3.5833000240699913,4.098899433079568
G2,W0027F0003T0006Z000C1N16.png,32,0.0,0.36336104634371585
G2,W0027F0003T0006Z000C1N16.png,33,0.09357977743560865,0.09357977743560865
G2,W0027F0003T0006Z000C1N16.png,34,0.07660323462854238,0.847842441468671
G2,W0027F0003T0006Z000C1N16.png,35,0.08750892811593587,0.08750892811593587
G2,W0027F0003T0006Z000C1N16.png,36,0.041783582524660814,0.041783582524660814
G2,W0027F0003T0006Z000C1N16.png,37,0.07660323462854238,0.12112034878123948
G2,W0027F0003T0006Z000C1N16.png,38,0.051422244763485524,0.051422244763485524
G2,W0027F0003T0006Z000C1N16.png,39,0.0,1.3
G2,W0027F0003T0006Z000C1N16.png,40,0.04506939094329987,0.04506939094329987
G2,W0027F0003T0006Z000C1N16.png,41,0.08838834764831895,0.08838834764831895
G2,W0027F0003T0006Z000C1N16.png,42,1.519030082841721,1.6809744343172284
G2,W0027F0003T0006Z000C1N16.png,43,0.06056017439061845,0.06056017439061845
G2,W0027F0003T0006Z000C1N16.png,44,0.07323776028286229,0.07323776028286229
G2,W0027F0003T0006Z000C1N16.png,45,0.978379559526874,1.5607615328742568
G2,W0027F0003T0006Z000C1N16.png,46,0.03830161731427242,0.138098445159804
G2,W0027F0003T0006Z000C1N16.png,47,0.032500000000000466,0.032500000000000466
G2,W0027F0003T0006Z000C1N16.png,48,0.7066881937070981,1.2929987251057125
G2,W0027F0003T0006Z000C1N16.png,49,0.07341001711105213,0.07341001711105213
G2,W0027F0003T0006Z000C1N16.png,50,0.11490485194281398,0.11490485194281398
G2,W0027F0003T0006Z000C1N16.png,51,0.16900255100115516,3.7073875676182824
G2,W0027F0003T0006Z000C1N16.png,52,2.0444104915139967,2.698582708165992
G2,W0027F0003T0006Z000C1N16.png,53,0.9889237275386246,1.5645823901461864
G2,W0027F0003T0006Z000C1N16.png,54,0.8933395522171588,2.9169642705311896
G2,W0027F0002T0006Z000C1N29.png,1,1.4903217866547405,1.579216138187269
G2,W0027F0002T0006Z000C1N29.png,2,1.0940925119682057,1.2562017708276854
G2,W0027F0002T0006Z000C1N29.png,3,0.84256363641268,1.266066682699344
G2,W0027F0002T0006Z000C1N29.png,4,0.07169117647058769,0.07169117647058769
G2,W0027F0002T0006Z000C1N29.png,5,0.0,0.0
G2,W0027F0002T0006Z000C1N29.png,6,0.11490485194281398,0.11490485194281398
G2,W0027F0002T0006Z000C1N29.png,7,1.3504375737608163,1.554934810731627
G2,W0027F0002T0006Z000C1N29.png,8,0.0,0.0
G2,W0027F0002T0006Z000C1N29.png,9,0.2569350598886809,0.2569350598886809
G2,W0027F0002T0006Z000C1N29.png,10,0.046428571428571264,0.046428571428571264
G2,W0027F0002T0006Z000C1N29.png,11,0.520253844291419,1.0180595819990106
G2,W0027F0002T0006Z000C1N29.png,12,0.09459160805298507,0.09459160805298507
G2,W0027F0002T0006Z000C1N29.png,13,0.032500000000000466,0.032500000000000466
G2,W0027F0002T0006Z000C1N29.png,14,0.08125,0.08125
G2,W0027F0002T0006Z000C1N29.png,15,0.06770833333333272,0.06770833333333272
G2,W0027F0002T0006Z000C1N29.png,16,0.046428571428571264,0.046428571428571264
G2,W0027F0002T0006Z000C1N29.png,17,0.06383602885711742,0.06383602885711742
G2,W0027F0002T0006Z000C1N29.png,18,0.0,0.0
G2,W0027F0002T0006Z000C1N29.png,19,0.20029407360407817,0.20029407360407817
G2,W0027F0002T0006Z000C1N29.png,20,1.0365665981981096,1.0863219193682878
G2,W0027F0002T0006Z000C1N29.png,21,0.47874805795519065,0.47874805795519065
G2,W0027F0002T0006Z000C1N29.png,22,0.0,0.0
G2,W0027F0002T0006Z000C1N29.png,23,0.0,0.0
G2,W0027F0002T0006Z000C1N29.png,24,1.5002083188677502,1.6626879592996402
G2,W0027F0002T0006Z000C1N29.png,25,0.07786308135936754,0.07786308135936754
G2,W0027F0002T0006Z000C1N29.png,26,0.8125,1.14904851942814
G2,W0027F0002T0006Z000C1N29.png,27,0.07660323462854156,0.07660323462854156
G2,W0027F0002T0006Z000C1N29.png,28,0.04999999999999982,0.04999999999999982
G2,W0027F0002T0006Z000C1N29.png,29,0.0346835896194292,0.0346835896194292
G2,W0027F0002T0006Z000C1N29.png,30,0.3429512984554007,0.3429512984554007
G2,W0027F0002T0006Z000C1N29.png,31,0.9320934638267994,0.9320934638267994
G2,W0027F0002T0006Z000C1N28.png,1,0.01767766952966365,0.01767766952966365
G2,W0027F0002T0006Z000C1N28.png,2,0.8215897794063654,0.8215897794063654
G2,W0027F0002T0006Z000C1N28.png,3,0.038301617314271445,0.038301617314271445
G2,W0027F0002T0006Z000C1N28.png,4,1.133786099817285,1.133786099817285
G2,W0027F0002T0006Z000C1N28.png,5,0.10524947417473865,0.10524947417473865
G2,W0027F0002T0006Z000C1N28.png,6,0.06589659407823086,0.06589659407823086
G2,W0027F0002T0006Z000C1N28.png,7,0.8131497402077923,0.931225670823136
G2,W0027F0002T0006Z000C1N28.png,8,1.3884006086140988,1.600439392791867
G2,W0027F0002T0006Z000C1N28.png,9,0.11166744402714494,0.11166744402714494
G2,W0027F0002T0006Z000C1N28.png,10,0.6099705423215125,0.6099705423215125
G2,W0027F0002T0006Z000C1N28.png,11,0.06601562500000001,0.06601562500000001
G2,W0027F0002T0006Z000C1N28.png,12,0.06770833333333272,0.06770833333333272
G2,W0027F0002T0006Z000C1N28.png,13,0.032500000000000466,0.032500000000000466
G2,W0027F0002T0006Z000C1N28.png,14,0.11490485194281398,0.11490485194281398
G2,W0027F0002T0006Z000C1N28.png,15,1.3157734476820089,1.4031806781826066
G2,W0027F0002T0006Z000C1N28.png,16,0.015065284926524473,0.015065284926524473
G2,W0027F0002T0006Z000C1N28.png,17,0.08125,0.08125
G2,W0027F0002T0006Z000C1N28.png,18,0.0,0.0
G2,W0027F0002T0006Z000C1N28.png,19,0.6700046641628699,1.0900831390311476
G2,W0027F0002T0006Z000C1N28.png,20,0.09091572076680883,0.09091572076680883
G2,W0027F0002T0006Z000C1N28.png,21,0.09459160805298471,0.09459160805298471
G2,W0027F0002T0006Z000C1N28.png,22,0.06770833333333272,0.06770833333333272
G2,W0027F0002T0006Z000C1N28.png,23,0.04642857142857242,0.04642857142857242
G2,W0027F0002T0006Z000C1N28.png,24,1.1526687030057208,2.0587894231535415
G2,W0027F0002T0006Z000C1N28.png,25,0.0,0.0
G2,W0027F0002T0006Z000C1N28.png,26,0.2996841508618321,0.2996841508618321
G2,W0027F0002T0006Z000C1N28.png,27,0.9375841628888583,0.9375841628888583
G2,W0027F0002T0006Z000C1N28.png,28,0.08125,0.08125
G2,W0027F0002T0006Z000C1N28.png,29,1.5209343806706863,1.5209343806706863
G2,W0027F0002T0006Z000C1N28.png,30,0.07886785713387287,0.07886785713387287
G2,W0027F0002T0006Z000C1N28.png,31,0.06904922257990063,0.06904922257990063
G2,W0027F0002T0006Z000C1N28.png,32,0.020203520078029162,0.020203520078029162
G2,W0027F0002T0006Z000C1N28.png,33,0.65,0.65
G2,W0027F0002T0006Z000C1N28.png,34,0.9147754164274416,0.9147754164274416
G2,W0027F0003T0006Z000C1N12.png,1,1.14904851942814,1.14904851942814
G2,W0027F0003T0006Z000C1N12.png,2,0.06589659407823048,0.06589659407823048
G2,W0027F0003T0006Z000C1N12.png,3,1.0353155020453961,1.3804206693938612
G2,W0027F0003T0006Z000C1N12.png,4,0.088397366407349,0.088397366407349
G2,W0027F0003T0006Z000C1N12.png,5,0.18168052317185793,0.5915089285040421
G2,W0027F0003T0006Z000C1N12.png,6,0.046428571428571264,0.046428571428571264
G2,W0027F0003T0006Z000C1N12.png,7,0.11490485194281398,0.11490485194281398
G2,W0027F0003T0006Z000C1N12.png,8,0.11490485194281398,0.11490485194281398
G2,W0027F0003T0006Z000C1N12.png,9,0.054091591555511104,0.054091591555511104
G2,W0027F0003T0006Z000C1N12.png,10,1.3836376422315202,1.3836376422315202
G2,W0027F0003T0006Z000C1N12.png,11,0.09459160805298543,0.09459160805298543
G2,W0027F0003T0006Z000C1N12.png,12,0.028726212985703495,0.028726212985703495
G2,W0027F0003T0006Z000C1N12.png,13,0.020186724796873678,0.020186724796873678
G2,W0027F0003T0006Z000C1N12.png,14,0.06894291116568772,0.06894291116568772
G2,W0027F0003T0006Z000C1N12.png,15,0.771875,0.912933330328672
G2,W0027F0003T0006Z000C1N12.png,16,0.747578498293732,0.7546099065816139
G2,W0027F0003T0006Z000C1N12.png,17,0.08125,0.08125
G2,W0027F0003T0006Z000C1N12.png,18,1.2363771561389447,1.380984451598047
G2,W0027F0003T0006Z000C1N12.png,19,1.10856044039105,1.141065839467645
G2,W0027F0003T0006Z000C1N12.png,20,0.08145700670492713,0.08145700670492713
G2,W0027F0003T0006Z000C1N12.png,21,0.33500233208143493,0.33500233208143493
G2,W0027F0003T0006Z000C1N12.png,22,0.07386363636363616,0.07386363636363616
G2,W0027F0003T0006Z000C1N12.png,23,0.05813776741499329,0.05813776741499329
G2,W0027F0003T0006Z000C1N12.png,24,1.0277402395547235,1.0277402395547235
G2,W0027F0003T0006Z000C1N12.png,25,0.8482749038489823,0.8482749038489823
G2,W0027F0003T0006Z000C1N12.png,26,0.05803571428571495,0.05803571428571495
G2,W0027F0003T0006Z000C1N12.png,27,0.024224069756248412,0.024224069756248412
G2,W0027F0003T0006Z000C1N12.png,28,0.06250637722566872,0.06250637722566872
G2,W0027F0003T0006Z000C1N12.png,29,1.0976270569961366,1.0976270569961366
G2,W0027F0003T0006Z000C1N12.png,30,0.0,0.0
G2,W0027F0003T0006Z000C1N12.png,31,0.57452425971407,0.57452425971407
G2,W0027F0003T0006Z000C1N12.png,32,0.05147584006819825,0.05147584006819825
G2,W0027F0003T0006Z000C1N12.png,33,0.08125,0.08125
G2,W0027F0003T0006Z000C1N12.png,34,0.060909514923898886,0.060909514923898886
G2,W0027F0003T0006Z000C1N12.png,35,1.1274606577270117,1.1274606577270117
G2,W0027F0003T0006Z000C1N12.png,36,1.6750116604071748,1.6750116604071748
G2,W0027F0003T0006Z000C1N12.png,37,0.22980970388562796,0.6700046641628699
G2,W0027F0003T0006Z000C1N12.png,38,1.8375020996040752,1.8375020996040752
G2,W0027F0003T0006Z000C1N12.png,39,0.06770833333333319,0.06770833333333319
G2,W0027F0003T0006Z000C1N12.png,40,0.04506939094329987,0.04506939094329987
G2,W0027F0003T0006Z000C1N12.png,41,0.040625,0.2601269221457095
G2,W0027F0003T0006Z000C1N12.png,42,0.07267220926874317,0.07267220926874317
G2,W0027F0003T0006Z000C1N12.png,43,0.0667981880176235,0.0667981880176235
G2,W0027F0003T0006Z000C1N12.png,44,0.08074689918749264,0.08074689918749264
G2,W0027F0003T0006Z000C1N12.png,45,0.4737648414561807,0.4737648414561807
G2,W0027F0003T0006Z000C1N12.png,46,0.0,0.0
G2,W0027F0003T0006Z000C1N12.png,47,0.04642857142857242,0.04642857142857242
G2,W0027F0003T0006Z000C1N12.png,48,0.08125,0.08125
G2,W0027F0003T0006Z000C1N3.png,1,6.4743330040415925,10.149928588281902
G2,W0027F0003T0006Z000C1N3.png,2,7.2682301930310995,12.664463212952304
G2,W0027F0003T0006Z000C1N3.png,3,6.504061231261588,9.239664834289176
G2,W0027F0003T0006Z000C1N3.png,4,6.914714835045622,7.132057907785102
G2,W0027F0003T0006Z000C1N3.png,5,6.356222345072582,12.169069397451887
G2,W0027F0003T0006Z000C1N3.png,6,5.685642553836813,7.448103785528233
G2,W0027F0003T0006Z000C1N3.png,7,5.770466293983529,7.135211980032548
G2,W0027F0003T0006Z000C1N3.png,8,5.043321009568552,7.487157986994948
G2,W0027F0003T0006Z000C1N3.png,9,5.492644228875561,5.492644228875561
G2,W0027F0003T0006Z000C1N3.png,10,5.591511423577708,5.591511423577708
G2,W0027F0003T0006Z000C1N3.png,11,4.051516402070958,6.894530497521205
G2,W0027F0003T0006Z000C1N3.png,12,5.551782399251793,15.533665711850853
G2,W0027F0003T0006Z000C1N3.png,13,5.84253478154911,16.392398650195904
G2,W0027F0003T0006Z000C1N3.png,14,5.273118740366085,16.321343388336636
G2,W0027F0003T0006Z000C1N3.png,15,1.3932869707158106,6.126836950926851
G2,W0027F0003T0006Z000C1N3.png,16,5.025034981221524,17.667905444972813
G2,W0027F0003T0006Z000C1N3.png,17,0.11051194788347522,0.11051194788347522
G2,W0027F0003T0006Z000C1N3.png,18,2.7636945946504294,15.522152768301826
G2,W0027F0003T0006Z000C1N3.png,19,2.9866666957310266,8.117096850766426
G2,W0027F0003T0006Z000C1N3.png,20,3.1394478515337694,16.146687208604124
G2,W0027F0003T0006Z000C1N3.png,21,2.155431114839054,2.155431114839054
G2,W0027F0003T0006Z000C1N3.png,22,4.0339622658745835,8.672462254890476
G2,W0027F0003T0006Z000C1N3.png,23,4.329717892802024,9.866339754754545
G2,W0027F0003T0006Z000C1N3.png,24,3.793600697226845,3.793600697226845
G2,W0027F0003T0006Z000C1N3.png,25,4.514865257216027,10.518402847837107
G2,W0027F0003T0006Z000C1N3.png,26,6.449864760097976,6.449864760097976
G2,W0027F0003T0006Z000C1N3.png,27,3.9337084919958167,14.337805140606424
G2,W0027F0003T0006Z000C1N3.png,28,8.865190441411848,8.865190441411848
G2,W0027F0003T0006Z000C1N3.png,29,2.289462955585873,18.072235698025853
G2,W0027F0003T0006Z000C1N3.png,30,9.56992562993569,9.56992562993569
G2,W0027F0003T0006Z000C1N3.png,31,8.92419464153489,10.824256614197578
G2,W0027F0003T0006Z000C1N3.png,32,10.232339969430258,10.526187581456071
G2,W0027F0003T0006Z000C1N3.png,33,10.775255246988587,10.775255246988587
G2,W0027F0003T0006Z000C1N3.png,34,11.964734966245596,11.964734966245596
G2,W0027F0003T0006Z000C1N3.png,35,5.723691990315343,15.277800275235963
G2,W0027F0003T0006Z000C1N3.png,36,7.291253857362258,14.602639155731405
G2,W0027F0003T0006Z000C1N3.png,37,2.862261179993887,19.831159391535838
G2,W0027F0003T0006Z000C1N3.png,38,7.268230193031098,17.82239734778187
G2,W0027F0002T0006Z000C1N16.png,1,1.1964139124901554,5.013793474007481
G2,W0027F0002T0006Z000C1N16.png,2,0.4253824171855976,3.615652180448376
G2,W0027F0002T0006Z000C1N16.png,3,0.25383311446696666,2.0659879597906667
G2,W0027F0002T0006Z000C1N16.png,4,1.0307764064044151,6.337512327404184
G2,W0027F0002T0006Z000C1N16.png,5,0.08125,0.08125
G2,W0027F0002T0006Z000C1N16.png,6,0.06589659407823172,0.06589659407823172
G2,W0027F0002T0006Z000C1N16.png,7,0.0,0.9192388155425119
G2,W0027F0002T0006Z000C1N16.png,8,0.08125,1.240227423700992
G2,W0027F0002T0006Z000C1N16.png,9,0.07660323462854238,1.9356532417306114
G2,W0027F0002T0006Z000C1N16.png,10,0.1624999999999991,2.2150126974805366
G2,W0027F0002T0006Z000C1N16.png,11,0.07269736842105266,0.07269736842105266
G2,W0027F0002T0006Z000C1N16.png,12,0.22980970388562796,4.265431543232173
G2,W0027F0002T0006Z000C1N16.png,13,0.11490485194281398,0.11490485194281398
G2,W0027F0002T0006Z000C1N16.png,14,1.2436071091688516,1.7544575064604182
G2,W0027F0002T0006Z000C1N16.png,15,0.12112034878123792,1.842463063100287
G2,W0027F0002T0006Z000C1N16.png,16,0.027045795777755552,0.027045795777755552
G2,W0027F0002T0006Z000C1N16.png,17,0.0,0.0
G2,W0027F0002T0006Z000C1N16.png,18,0.38301617314271436,1.5320646925708543
G2,W0027F0002T0006Z000C1N16.png,19,0.5138701197773617,1.8950593658247228
G2,W0027F0002T0006Z000C1N16.png,20,0.08125,3.38628322242839
G2,W0027F0002T0006Z000C1N16.png,21,0.12112034878123895,2.546409509267684
G2,W0027F0002T0006Z000C1N16.png,22,0.7357500424736652,4.574598684584255
G2,W0027F0002T0006Z000C1N16.png,23,1.5013015186830387,6.1064643002313534
G2,W0027F0003T0006Z000C1N11.png,1,1.3400093283257397,7.000714249274855
G2,W0027F0003T0006Z000C1N11.png,2,0.05735294117646923,0.05735294117646923
G2,W0027F0003T0006Z000C1N11.png,3,2.4388537907180905,4.137372543354055
G2,W0027F0003T0006Z000C1N11.png,4,0.10277402395547142,0.10277402395547142
G2,W0027F0003T0006Z000C1N11.png,5,0.5180805014002389,1.8060300272981473
G2,W0027F0003T0006Z000C1N11.png,6,1.429445915381201,2.2029390879005253
G2,W0027F0003T0006Z000C1N11.png,7,3.1420859443421745,4.485346038114859
G2,W0027F0003T0006Z000C1N11.png,8,2.2355057508121208,4.403281981876026
G2,W0027F0003T0006Z000C1N11.png,9,2.961641597198266,3.265157574447118
G2,W0027F0003T0006Z000C1N11.png,10,0.05709667997526293,0.05709667997526293
G2,W0027F0003T0006Z000C1N11.png,11,3.0891699842200735,3.970093584086684
G2,W0027F0003T0006Z000C1N11.png,12,1.9559184262485,3.0105438450684594
G2,W0027F0003T0006Z000C1N11.png,13,0.07292410676327925,0.2013113476199376
G2,W0027F0003T0006Z000C1N11.png,14,0.040625,3.381649987894223
G2,W0027F0003T0006Z000C1N11.png,15,0.29295104113144915,3.6706660243748686
G2,W0027F0003T0006Z000C1N11.png,16,0.05735294117647154,0.05735294117647154
G2,W0027F0003T0006Z000C1N11.png,17,0.040625,1.3504375737608163
G2,W0027F0003T0006Z000C1N11.png,18,1.7819516162062314,2.862261179993887
G2,W0027F0003T0006Z000C1N11.png,19,0.05745242597140699,0.05745242597140699
G2,W0027F0003T0006Z000C1N11.png,20,1.676037362253426,5.235467884243215
G2,W0027F0003T0006Z000C1N11.png,21,0.1625,3.903383948575902
G2,W0027F0003T0006Z000C1N11.png,22,1.7397221127277442,4.923378297759296
G2,W0027F0003T0006Z000C1N11.png,23,0.0,0.0
G2,W0027F0003T0006Z000C1N11.png,24,1.6123826568253734,2.553645620878365
G2,W0027F0003T0006Z000C1N11.png,25,0.8788531233943475,3.319338460070018
G2,W0027F0001T0006Z000C1N72.png,1,0.07267220926874338,0.07267220926874338
G2,W0027F0001T0006Z000C1N72.png,2,0.07660323462854197,0.07660323462854197
G2,W0027F0001T0006Z000C1N72.png,3,0.07267220926874395,0.07267220926874395
G2,W0027F0001T0006Z000C1N72.png,4,0.07660323462854238,0.07660323462854238
G2,W0027F0001T0006Z000C1N72.png,5,0.06090951492389675,0.06090951492389675
G2,W0027F0001T0006Z000C1N72.png,6,0.47640613967218653,1.6254028426290035
G2,W0027F0001T0006Z000C1N72.png,7,1.9615443533094021,2.5500000000000003
G2,W0027F0001T0006Z000C1N72.png,8,0.6140962935993833,2.40769538569822
G2,W0027F0001T0006Z000C1N72.png,9,0.4436962781692957,0.4436962781692957
G2,W0027F0001T0006Z000C1N72.png,10,0.14472628753087324,0.14472628753087324
G2,W0027F0001T0006Z000C1N72.png,11,0.07660323462854197,0.07660323462854197
G2,W0027F0001T0006Z000C1N72.png,12,0.05709667997526184,0.05709667997526184
G2,W0027F0001T0006Z000C1N72.png,13,0.08720665112248994,0.08720665112248994
G2,W0027F0001T0006Z000C1N72.png,14,0.03804736005040466,0.03804736005040466
G2,W0027F0001T0006Z000C1N72.png,15,0.057096679975264034,0.057096679975264034
G2,W0027F0001T0006Z000C1N72.png,16,0.10046540716679551,0.10046540716679551
G2,W0027F0001T0006Z000C1N72.png,17,0.0,0.0
G2,W0027F0001T0006Z000C1N72.png,18,0.07660323462854361,0.07660323462854361
G2,W0027F0001T0006Z000C1N72.png,19,0.03028008719530793,0.03028008719530793
G2,W0027F0001T0006Z000C1N72.png,20,0.040625,0.040625
G2,W0027F0001T0006Z000C1N72.png,21,0.0789608069093641,0.0789608069093641
G2,W0027F0001T0006Z000C1N72.png,22,0.08125,0.08125
G2,W0027F0001T0006Z000C1N29.png,1,0.061904761904761685,0.061904761904761685
G2,W0027F0001T0006Z000C1N29.png,2,1.5330219339591993,1.5330219339591993
G2,W0027F0001T0006Z000C1N29.png,3,0.11490485194281398,9.831585738068911
G2,W0027F0001T0006Z000C1N29.png,4,0.5614786646136485,0.707178931258791
G2,W0027F0001T0006Z000C1N29.png,5,0.9570960309707695,15.584156668312211
G2,W0027F0001T0006Z000C1N29.png,6,1.6907029787931411,11.65052473335429
G2,W0027F0001T0006Z000C1N29.png,7,0.0,6.276792572644089
G2,W0027F0001T0006Z000C1N29.png,8,0.7660323462854263,12.664463212952308
G2,W0027F0001T0006Z000C1N29.png,9,3.11558287717416,9.85222189698334
G2,W0027F0001T0006Z000C1N29.png,10,0.9690839030296144,6.7723671596011705
G2,W0027F0001T0006Z000C1N29.png,11,1.8561132104481126,11.381076673584095
G2,W0027F0001T0006Z000C1N29.png,12,2.293873996137593,4.383030854632015
G2,W0027F0001T0006Z000C1N29.png,13,1.5265489060295447,11.300762211572279
G2,W0027F0001T0006Z000C1N29.png,14,1.2078680857196287,10.27643884390405
G2,W0027F0001T0006Z000C1N29.png,15,0.14534441853748634,6.777633252102094
G2,W0027F0001T0006Z000C1N29.png,16,2.4375,9.543330459016916
G2,W0027F0001T0006Z000C1N29.png,17,1.9020137354919393,8.75089281159357
G2,W0027F0001T0006Z000C1N29.png,18,1.03772823167364,8.957835530015746
G2,W0027F0001T0006Z000C1N29.png,19,3.5611236376318085,8.04703215865949
G2,W0027F0001T0006Z000C1N29.png,20,3.678750212368326,10.088750696939636
G2,W0027F0001T0006Z000C1N29.png,21,2.03125,7.734129415292971
G2,W0027F0001T0006Z000C1N29.png,22,2.981135712927019,5.646079330434133
G2,W0027F0001T0006Z000C1N29.png,23,5.975052301026326,9.767588302646667
G2,W0027F0001T0006Z000C1N29.png,24,4.865522812785439,7.752234082150952
G2,W0027F0001T0006Z000C1N29.png,25,6.51724275480053,11.15524330191861
G2,W0027F0001T0006Z000C1N29.png,26,4.7125,7.5750103135243325
G2,W0027F0001T0006Z000C1N29.png,27,4.768897442019487,8.182080744682247
G2,W0027F0001T0006Z000C1N29.png,28,3.155179273828985,5.992703897240377
G2,W0027F0001T0006Z000C1N29.png,29,2.0504784333310018,4.466697761085799
G2,W0027F0001T0006Z000C1N29.png,30,1.105119478834755,3.0237665357133645
G2,W0027F0001T0006Z000C1N29.png,31,1.625,1.625
G2,W0027F0001T0006Z000C1N29.png,32,0.08125,0.08125
G2,W0027F0001T0006Z000C1N29.png,33,0.11490485194281398,0.11490485194281398
G2,W0027F0001T0006Z000C1N29.png,34,0.9710989666995852,2.1206872596224553
G2,W0027F0001T0006Z000C1N29.png,35,0.02995299730828754,0.02995299730828754
G2,W0027F0001T0006Z000C1N29.png,36,0.4737648414561807,0.6989389279472135
G2,W0027F0001T0006Z000C1N29.png,37,0.06770833333333456,0.06770833333333456
G2,W0027F0001T0006Z000C1N29.png,38,1.5582250318872446,9.005711881911392
G2,W0027F0001T0006Z000C1N29.png,39,1.1928970920503676,4.658648245169646
G2,W0027F0001T0006Z000C1N29.png,40,0.20131134761993888,3.9018098375857004
G2,W0027F0001T0006Z000C1N8.png,1,0.2569350598886809,11.45884279170458
G2,W0027F0001T0006Z000C1N8.png,2,2.2098889132237085,15.161294766898672
G2,W0027F0001T0006Z000C1N8.png,3,3.6336104634371584,12.738383188222908
G2,W0027F0001T0006Z000C1N8.png,4,1.1284868922657565,5.539263814218964
G2,W0027F0001T0006Z000C1N8.png,5,0.9224250948210135,6.4637880190763966
G2,W0027F0001T0006Z000C1N8.png,6,0.7490879871550471,7.589376312484446
G2,W0027F0001T0006Z000C1N8.png,7,0.08125,5.113588667706858
G2,W0027F0001T0006Z000C1N8.png,8,0.7665109669795991,3.8428759168752773
G2,W0027F0001T0006Z000C1N8.png,9,0.5735303951819216,2.140173676176196
G2,W0027F0001T0006Z000C1N8.png,10,0.18168052317185793,2.2472639614651415
G2,W0027F0001T0006Z000C1N8.png,11,1.5607615328742568,8.445702031950926
G2,W0027F0001T0006Z000C1N8.png,12,1.67532692705036,3.0274321317743853
G2,W0027F0001T0006Z000C1N8.png,13,0.06090951492389787,4.584831992649943
G2,W0027F0001T0006Z000C1N8.png,14,1.5794673140566948,2.6837611926232583
G2,W0027F0001T0006Z000C1N8.png,15,3.4567077002546807,8.334365040301511
G2,W0027F0001T0006Z000C1N8.png,16,0.06845043993107251,0.06845043993107251
G2,W0027F0001T0006Z000C1N8.png,17,1.4981759743100942,4.177862042959293
G2,W0027F0001T0006Z000C1N8.png,18,0.0,0.0
G2,W0027F0001T0006Z000C1N8.png,19,1.625,1.6730398979103878
G2,W0027F0001T0006Z000C1N8.png,20,0.11490485194281398,4.1825997447759695
G2,W0027F0001T0006Z000C1N8.png,21,0.18168052317185793,3.0584986615167904
G2,W0027F0001T0006Z000C1N8.png,22,1.6431795588127307,3.527597668740017
G2,W0027F0001T0006Z000C1N8.png,23,0.10982765679705203,3.6545889573973787
G2,W0027F0001T0006Z000C1N8.png,24,0.22980970388562796,2.21023895766951
G2,W0027F0001T0006Z000C1N8.png,25,0.0,4.0134539364492525
G2,W0027F0001T0006Z000C1N8.png,26,1.6800400954210066,1.9379255804998174
G2,W0027F0001T0006Z000C1N8.png,27,0.09027777777777746,0.09027777777777746
G2,W0027F0001T0006Z000C1N8.png,28,0.18055555555555608,3.310869037105545
G2,W0027F0001T0006Z000C1N8.png,29,0.08125,4.172327924852024
G2,W0027F0001T0006Z000C1N8.png,30,0.08125,0.08125
G2,W0027F0001T0006Z000C1N8.png,31,0.9915350660415804,1.985709534491865
G2,W0027F0001T0006Z000C1N8.png,32,1.4981759743100942,7.1666000481399825
G2,W0027F0001T0006Z000C1N8.png,33,1.4822280526288791,4.942778823698266
G2,W0027F0001T0006Z000C1N8.png,34,6.627231345931723,6.627231345931723
G2,W0027F0001T0006Z000C1N8.png,35,6.407624852470686,6.407624852470686
G2,W0027F0001T0006Z000C1N8.png,36,5.722509776674275,5.983535618785562
G2,W0027F0001T0006Z000C1N8.png,37,6.258360033786807,6.296219723969297
G2,W0027F0001T0006Z000C1N8.png,38,5.801695948436043,5.801695948436043
G2,W0027F0001T0006Z000C1N8.png,39,5.909109374971149,5.909109374971149
G2,W0027F0001T0006Z000C1N8.png,40,3.1268057282952517,7.8812500000000005
G2,W0027F0001T0006Z000C1N8.png,41,7.822112046132099,7.860358514049327
G2,W0027F0002T0006Z000C1N48.png,1,0.09637181130687657,0.09637181130687657
G2,W0027F0002T0006Z000C1N48.png,2,0.04642857142857242,0.04642857142857242
G2,W0027F0002T0006Z000C1N48.png,3,0.0726722092687429,0.0726722092687429
G2,W0027F0002T0006Z000C1N48.png,4,0.08370029746612803,0.08370029746612803
G2,W0027F0002T0006Z000C1N48.png,5,0.0935797774356081,0.0935797774356081
G2,W0027F0002T0006Z000C1N48.png,6,0.059868421052632126,0.059868421052632126
G2,W0027F0002T0006Z000C1N48.png,7,0.057352941176470384,0.057352941176470384
G2,W0027F0002T0006Z000C1N48.png,8,0.07267220926874421,0.07267220926874421
G2,W0027F0002T0006Z000C1N48.png,9,1.7216566331588887,1.7216566331588887
G2,W0027F0002T0006Z000C1N48.png,10,0.09357977743560751,0.09357977743560751
G2,W0027F0002T0006Z000C1N48.png,11,0.06090951492389675,0.06090951492389675
G2,W0027F0002T0006Z000C1N48.png,12,0.08125,0.08125
G2,W0027F0002T0006Z000C1N48.png,13,0.11490485194281398,0.11490485194281398
G2,W0027F0002T0006Z000C1N48.png,14,0.08125,0.08125
G2,W0027F0002T0006Z000C1N48.png,15,0.06090951492389675,0.06090951492389675
G2,W0027F0002T0006Z000C1N48.png,16,0.040625,0.040625
G2,W0027F0002T0006Z000C1N48.png,17,0.028726212985703495,0.028726212985703495
G2,W0027F0002T0006Z000C1N48.png,18,0.08838834764831895,0.08838834764831895
G2,W0027F0002T0006Z000C1N48.png,19,1.4647552056572457,1.4647552056572457
G2,W0027F0002T0006Z000C1N48.png,20,0.2646835808265864,0.2646835808265864
G2,W0027F0002T0006Z000C1N48.png,21,0.08125,0.08125
G2,W0027F0002T0006Z000C1N48.png,22,0.07465679837263814,0.07465679837263814
G2,W0027F0002T0006Z000C1N48.png,23,0.08125,0.08125
G2,W0027F0002T0006Z000C1N48.png,24,0.23265673238626433,0.23265673238626433
G2,W0027F0002T0006Z000C1N48.png,25,0.05745242597140699,0.05745242597140699
G2,W0027F0002T0006Z000C1N48.png,26,1.3709892578495617,1.3709892578495617
G2,W0027F0002T0006Z000C1N48.png,27,0.8966633213657822,0.8966633213657822
G2,W0027F0002T0006Z000C1N48.png,28,0.10933592539593637,0.10933592539593637
G2,W0027F0001T0006Z000C1N9.png,1,0.032500000000000466,0.032500000000000466
G2,W0027F0001T0006Z000C1N9.png,2,0.05121550707888865,0.05121550707888865
G2,W0027F0001T0006Z000C1N9.png,3,0.046428571428571264,0.046428571428571264
G2,W0027F0001T0006Z000C1N9.png,4,0.08125,0.08125
G2,W0027F0001T0006Z000C1N9.png,5,0.06936717923885606,0.06936717923885606
G2,W0027F0001T0006Z000C1N9.png,6,0.0203125,0.0203125
G2,W0027F0001T0006Z000C1N9.png,7,0.09190338494359407,0.09190338494359407
G2,W0027F0001T0006Z000C1N9.png,8,0.0766032346285432,0.0766032346285432
G2,W0027F0001T0006Z000C1N9.png,9,0.06936717923885606,0.06936717923885606
G2,W0027F0001T0006Z000C1N9.png,10,0.06936717923885606,0.06936717923885606
G2,W0027F0001T0006Z000C1N9.png,11,0.08125,0.08125
G2,W0027F0001T0006Z000C1N9.png,12,0.0,0.0
G2,W0027F0001T0006Z000C1N9.png,13,0.5138701197773617,0.5138701197773617
G2,W0027F0001T0006Z000C1N9.png,14,0.06250637722566808,0.06250637722566808
G2,W0027F0001T0006Z000C1N9.png,15,0.0695892857063571,0.0695892857063571
G2,W0027F0001T0006Z000C1N9.png,16,0.09084026158592896,0.09084026158592896
G2,W0027F0001T0006Z000C1N9.png,17,0.06090951492389675,0.06090951492389675
G2,W0027F0001T0006Z000C1N9.png,18,0.0,0.0
G2,W0027F0001T0006Z000C1N9.png,19,0.04620721821812994,0.04620721821812994
G2,W0027F0001T0006Z000C1N9.png,20,0.0,0.0
G2,W0027F0001T0006Z000C1N9.png,21,0.06090951492389675,0.06090951492389675
G2,W0027F0001T0006Z000C1N9.png,22,0.0790569415042103,0.0790569415042103
G2,W0027F0001T0006Z000C1N9.png,23,0.0,0.0
G2,W0027F0001T0006Z000C1N9.png,24,0.0,0.0
G2,W0027F0001T0006Z000C1N9.png,25,0.04642857142857242,0.04642857142857242
G2,W0027F0001T0006Z000C1N9.png,26,0.04642857142857242,0.04642857142857242
G2,W0027F0001T0006Z000C1N9.png,27,0.08125,0.08125
G2,W0027F0001T0006Z000C1N9.png,28,0.0,0.0
G2,W0027F0001T0006Z000C1N9.png,29,0.0,0.0
G2,W0027F0001T0006Z000C1N9.png,30,0.0,0.0
G2,W0027F0001T0006Z000C1N9.png,31,0.0,0.0
G2,W0027F0001T0006Z000C1N9.png,32,0.043610035313621474,0.043610035313621474
G2,W0027F0001T0006Z000C1N9.png,33,0.0976503470438166,0.0976503470438166
G2,W0027F0001T0006Z000C1N9.png,34,0.06488590113280569,0.06488590113280569
G2,W0027F0001T0006Z000C1N9.png,35,0.14534441853748634,0.14534441853748634
G2,W0027F0001T0006Z000C1N9.png,36,0.07267220926874421,0.07267220926874421
G2,W0027F0001T0006Z000C1N9.png,37,0.030280087195310515,0.030280087195310515
G2,W0027F0001T0006Z000C1N9.png,38,0.07267220926874277,0.07267220926874277
G2,W0027F0001T0006Z000C1N9.png,39,0.06090951492389675,0.06090951492389675
G2,W0027F0001T0006Z000C1N9.png,40,0.022980970388561492,0.022980970388561492
G2,W0027F0001T0006Z000C1N9.png,41,0.0612825877028339,0.0612825877028339
G2,W0027F0001T0006Z000C1N9.png,42,0.08258205598720823,0.08258205598720823
G2,W0027F0001T0006Z000C1N9.png,43,0.07323776028286229,0.07323776028286229
G2,W0027F0001T0006Z000C1N9.png,44,0.08564501996289385,0.08564501996289385
G2,W0027F0002T0006Z000C1N3.png,1,0.51886411583682,0.51886411583682
G2,W0027F0002T0006Z000C1N3.png,2,2.6031177093635325,2.6894197451418402
G2,W0027F0002T0006Z000C1N3.png,3,0.12022115038544588,0.12022115038544588
G2,W0027F0002T0006Z000C1N3.png,4,0.025954360453122854,0.025954360453122854
G2,W0027F0002T0006Z000C1N3.png,5,0.028726212985703495,0.028726212985703495
G2,W0027F0002T0006Z000C1N3.png,6,0.0676806916365979,0.0676806916365979
G2,W0027F0002T0006Z000C1N3.png,7,0.11490485194281398,0.11490485194281398
G2,W0027F0002T0006Z000C1N3.png,8,0.07267220926874421,0.07267220926874421
G2,W0027F0002T0006Z000C1N3.png,9,1.846754588565523,1.846754588565523
G2,W0027F0002T0006Z000C1N3.png,10,0.02708333333333295,0.02708333333333295
G2,W0027F0002T0006Z000C1N3.png,11,0.08113738733326775,0.08113738733326775
G2,W0027F0002T0006Z000C1N3.png,12,0.08125,0.08125
G2,W0027F0002T0006Z000C1N3.png,13,0.0842635580913954,0.0842635580913954
G2,W0027F0002T0006Z000C1N3.png,14,0.049939199143669476,0.049939199143669476
G2,W0027F0002T0006Z000C1N3.png,15,0.0541666666666659,0.0541666666666659
G2,W0027F0002T0006Z000C1N3.png,16,0.07065217391304454,0.07065217391304454
G2,W0027F0002T0006Z000C1N3.png,17,0.07267220926874421,0.07267220926874421
G2,W0027F0002T0006Z000C1N3.png,18,0.11490485194281398,0.11490485194281398
G2,W0027F0002T0006Z000C1N3.png,19,0.08125,0.08125
G2,W0027F0002T0006Z000C1N3.png,20,0.08789592962387077,0.08789592962387077
G2,W0027F0002T0006Z000C1N3.png,21,0.0541666666666659,0.0541666666666659
G2,W0027F0002T0006Z000C1N3.png,22,0.04506939094329987,0.04506939094329987
G2,W0027F0002T0006Z000C1N3.png,23,0.11490485194281398,0.11490485194281398
G2,W0027F0002T0006Z000C1N3.png,24,2.658739258453984,2.658739258453984
G2,W0027F0002T0006Z000C1N3.png,25,0.9447464630795858,0.9447464630795858
G2,W0027F0002T0006Z000C1N3.png,26,0.0,0.0
G2,W0027F0002T0006Z000C1N3.png,27,0.08125,0.08125
G2,W0027F0002T0006Z000C1N3.png,28,0.36336104634371585,0.36336104634371585
G2,W0027F0002T0006Z000C1N3.png,29,0.16068935852942517,0.16068935852942517
G2,W0027F0002T0006Z000C1N3.png,30,0.49422445558673034,0.49422445558673034
G2,W0027F0002T0006Z000C1N3.png,31,0.6550584420492571,0.7490879871550471
G2,W0027F0002T0006Z000C1N3.png,32,1.4013943948796141,1.4013943948796141
G2,W0027F0002T0006Z000C1N3.png,33,0.1584764628643576,0.1584764628643576
G2,W0027F0002T0006Z000C1N3.png,34,1.0900831390311476,1.0900831390311476
G2,W0076F0001T0006Z000C1N12.png,1,0.11570005071784122,0.11570005071784122
G2,W0076F0001T0006Z000C1N12.png,2,0.05222947815582374,0.05222947815582374
G2,W0076F0001T0006Z000C1N12.png,3,1.21875,1.21875
G2,W0076F0001T0006Z000C1N12.png,4,0.07269736842105239,0.07269736842105239
G2,W0076F0001T0006Z000C1N12.png,5,0.07315061506009068,0.07315061506009068
G2,W0076F0001T0006Z000C1N12.png,6,0.30026030373660795,0.30026030373660795
G2,W0076F0001T0006Z000C1N12.png,7,0.0,0.0
G2,W0076F0001T0006Z000C1N12.png,8,0.07323776028286229,0.07323776028286229
G2,W0076F0001T0006Z000C1N12.png,9,0.0,0.0
G2,W0076F0001T0006Z000C1N12.png,10,0.36336104634371585,0.36336104634371585
G2,W0076F0001T0006Z000C1N12.png,11,0.06770833333333365,0.06770833333333365
G2,W0076F0001T0006Z000C1N12.png,12,0.14787723212601045,0.14787723212601045
G2,W0076F0001T0006Z000C1N12.png,13,0.08125,0.08125
G2,W0076F0001T0006Z000C1N12.png,14,0.05190872090624468,0.05190872090624468
G2,W0076F0001T0006Z000C1N12.png,15,0.0,0.0
G2,W0076F0001T0006Z000C1N12.png,16,0.09459160805298471,0.09459160805298471
G2,W0076F0001T0006Z000C1N12.png,17,0.05709667997526293,0.05709667997526293
G2,W0076F0001T0006Z000C1N12.png,18,0.08125,0.08125
G2,W0076F0001T0006Z000C1N12.png,19,0.09459160805298471,0.09459160805298471
G2,W0076F0001T0006Z000C1N12.png,20,0.11490485194281398,0.11490485194281398
G2,W0076F0001T0006Z000C1N12.png,21,0.09765034704381595,0.09765034704381595
G2,W0076F0001T0006Z000C1N12.png,22,0.07007143261653763,0.07007143261653763
G2,W0076F0001T0006Z000C1N12.png,23,0.0,0.0
G2,W0076F0001T0006Z000C1N12.png,24,0.07987873462254001,0.07987873462254001
G2,W0076F0001T0006Z000C1N12.png,25,0.07893710563105277,0.07893710563105277
G2,W0076F0001T0006Z000C1N12.png,26,0.0,0.0
G2,W0076F0001T0006Z000C1N12.png,27,0.07660323462854238,0.07660323462854238
G2,W0076F0001T0006Z000C1N12.png,28,0.8617473054018496,0.8617473054018496
G2,W0076F0001T0006Z000C1N12.png,29,0.037222481342382714,0.037222481342382714
G2,W0076F0001T0006Z000C1N12.png,30,0.08125,0.08125
G2,W0076F0001T0006Z000C1N12.png,31,0.08125,0.08125
G2,W0076F0001T0006Z000C1N12.png,32,0.09540210951546084,0.09540210951546084
G2,W0076F0001T0006Z000C1N12.png,33,0.09319185705962893,0.09319185705962893
G2,W0076F0001T0006Z000C1N12.png,34,0.0,0.0
G2,W0076F0001T0006Z000C1N12.png,35,0.05975142492537086,0.05975142492537086
G2,W0076F0001T0006Z000C1N12.png,36,0.9884489111734607,0.9884489111734607
G2,W0076F0001T0006Z000C1N12.png,37,0.056961603656457055,0.056961603656457055
G2,W0076F0001T0006Z000C1N12.png,38,0.09751500346242581,0.09751500346242581
G2,W0076F0001T0006Z000C1N12.png,39,0.08125,0.08125
G2,W0076F0001T0006Z000C1N12.png,40,0.8052453904797533,0.8052453904797533
G2,W0076F0001T0006Z000C1N12.png,41,0.11490485194281398,0.11490485194281398
G2,W0076F0001T0006Z000C1N12.png,42,0.032500000000000466,0.032500000000000466
G2,W0076F0001T0006Z000C1N12.png,43,0.07267220926874421,0.07267220926874421
G2,W0076F0001T0006Z000C1N12.png,44,0.0676806916365963,0.0676806916365963
G2,W0076F0001T0006Z000C1N12.png,45,0.6700046641628699,0.6700046641628699
G2,W0076F0001T0006Z000C1N12.png,46,0.005000000000001137,0.005000000000001137
G2,W0076F0001T0006Z000C1N12.png,47,0.11490485194281398,0.11490485194281398
G2,W0076F0001T0006Z000C1N12.png,48,0.04642857142857011,0.04642857142857011
G2,W0076F0001T0006Z000C1N12.png,49,0.4420477915339023,0.4420477915339023
G2,W0076F0001T0006Z000C1N12.png,50,0.05745242597140699,0.05745242597140699
G2,W0076F0001T0006Z000C1N12.png,51,0.5525132300471751,0.5525132300471751
G2,W0076F0001T0006Z000C1N12.png,52,0.047394919088311165,0.047394919088311165
G2,W0076F0001T0006Z000C1N12.png,53,0.07660323462854156,0.07660323462854156
G2,W0076F0001T0006Z000C1N12.png,54,0.11490485194281398,0.11490485194281398
G2,W0076F0001T0006Z000C1N12.png,55,0.04642857142857242,0.04642857142857242
G2,W0076F0001T0006Z000C1N12.png,56,0.0807880860808561,0.0807880860808561
G2,W0076F0001T0006Z000C1N12.png,57,0.08125,0.08125
G2,W0076F0001T0006Z000C1N12.png,58,1.1339124508925116,1.1339124508925116
G2,W0076F0001T0006Z000C1N12.png,59,0.0,0.0
G2,W0076F0001T0006Z000C1N12.png,60,0.08370029746612888,0.08370029746612888
G2,W0076F0001T0006Z000C1N12.png,61,1.3584930887649818,1.3584930887649818
G2,W0076F0001T0006Z000C1N12.png,62,0.05289510506549123,0.05289510506549123
G2,W0076F0001T0006Z000C1N12.png,63,0.08125,0.08125
G2,W0076F0001T0006Z000C1N12.png,64,1.4189702472215546,1.4189702472215546
G2,W0076F0001T0006Z000C1N12.png,65,0.0,0.0
G2,W0076F0001T0006Z000C1N12.png,66,2.7625,2.7625
G2,W0076F0001T0006Z000C1N12.png,67,1.9872597688497802,1.9872597688497802
G2,W0076F0001T0006Z000C1N13.png,1,0.21880262593521066,0.21880262593521066
G2,W0076F0001T0006Z000C1N13.png,2,0.08125,0.08125
G2,W0076F0001T0006Z000C1N13.png,3,0.11490485194281398,0.11490485194281398
G2,W0076F0001T0006Z000C1N13.png,4,1.1771382655293599,1.1771382655293599
G2,W0076F0001T0006Z000C1N13.png,5,0.05709667997526239,0.05709667997526239
G2,W0076F0001T0006Z000C1N13.png,6,0.04506939094329923,0.04506939094329923
G2,W0076F0001T0006Z000C1N13.png,7,0.5138701197773617,0.5859020822628983
G2,W0076F0001T0006Z000C1N13.png,8,0.02790009915537649,0.02790009915537649
G2,W0076F0001T0006Z000C1N13.png,9,0.1478772321260095,0.1478772321260095
G2,W0076F0001T0006Z000C1N13.png,10,0.4737648414561807,0.4737648414561807
G2,W0076F0001T0006Z000C1N13.png,11,0.06958928570635821,0.06958928570635821
G2,W0076F0001T0006Z000C1N13.png,12,0.5859020822628983,0.5859020822628983
G2,W0076F0001T0006Z000C1N13.png,13,0.09459160805298543,0.09459160805298543
G2,W0076F0001T0006Z000C1N13.png,14,0.08125,0.08125
G2,W0076F0001T0006Z000C1N13.png,15,0.08125,0.08125
G2,W0076F0001T0006Z000C1N13.png,16,1.3,1.3
G2,W0076F0001T0006Z000C1N13.png,17,0.0,0.0
G2,W0076F0001T0006Z000C1N13.png,18,0.08125,0.08125
G2,W0076F0001T0006Z000C1N13.png,19,0.07707464359872912,0.07707464359872912
G2,W0076F0001T0006Z000C1N13.png,20,0.04642857142857242,0.04642857142857242
G2,W0076F0001T0006Z000C1N13.png,21,0.0,0.0
G2,W0076F0001T0006Z000C1N13.png,22,0.0,0.0
G2,W0076F0001T0006Z000C1N13.png,23,0.09100137361600559,0.09100137361600559
G2,W0076F0001T0006Z000C1N13.png,24,0.0383016173142716,0.0383016173142716
G2,W0076F0001T0006Z000C1N13.png,25,0.4098452028239174,0.4098452028239174
G2,W0076F0001T0006Z000C1N13.png,26,0.03830161731427242,0.03830161731427242
G2,W0076F0001T0006Z000C1N13.png,27,0.5534550568926077,0.5534550568926077
G2,W0076F0001T0006Z000C1N13.png,28,0.07660323462854238,0.07660323462854238
G2,W0076F0001T0006Z000C1N13.png,29,1.5178752624968892,1.5178752624968892
G2,W0076F0001T0006Z000C1N13.png,30,0.11490485194281398,0.11490485194281398
G2,W0076F0001T0006Z000C1N13.png,31,0.11490485194281398,0.11490485194281398
G2,W0076F0001T0006Z000C1N13.png,32,0.04642857142857242,0.04642857142857242
G2,W0076F0001T0006Z000C1N13.png,33,0.07267220926874421,0.07267220926874421
G2,W0076F0001T0006Z000C1N13.png,34,0.04642857142857242,0.04642857142857242
G2,W0076F0001T0006Z000C1N13.png,35,0.0,0.0
G2,W0076F0001T0006Z000C1N13.png,36,0.05138701197773544,0.05138701197773544
G2,W0076F0001T0006Z000C1N13.png,37,0.08375058302035873,0.08375058302035873
G2,W0076F0001T0006Z000C1N13.png,38,1.4189702472215546,1.4189702472215546
G2,W0076F0001T0006Z000C1N13.png,39,0.11490485194281398,0.11490485194281398
G2,W0076F0001T0006Z000C1N13.png,40,0.43670562803283897,0.43670562803283897
G2,W0076F0001T0006Z000C1N13.png,41,0.08125,0.08125
G2,W0076F0001T0006Z000C1N13.png,42,1.0392536866947553,1.0392536866947553
G2,W0076F0001T0006Z000C1N13.png,43,1.7300623795665162,1.7300623795665162
G2,W0076F0001T0006Z000C1N13.png,44,2.081015377165676,2.081015377165676
G2,W0076F0001T0006Z000C1N11.png,1,0.0,0.0
G2,W0076F0001T0006Z000C1N11.png,2,0.0,0.0
G2,W0076F0001T0006Z000C1N11.png,3,0.06056017439061935,0.06056017439061935
G2,W0076F0001T0006Z000C1N11.png,4,0.0,0.0
G2,W0076F0001T0006Z000C1N11.png,5,0.325,0.325
G2,W0076F0001T0006Z000C1N11.png,6,0.325,0.325
G2,W0076F0001T0006Z000C1N11.png,7,0.0,0.0
G2,W0076F0001T0006Z000C1N11.png,8,0.0,0.0
G2,W0076F0001T0006Z000C1N11.png,9,0.0,0.0
G2,W0076F0001T0006Z000C1N11.png,10,0.05416666666666705,0.05416666666666705
G2,W0076F0001T0006Z000C1N11.png,11,0.0,0.0
G2,W0076F0001T0006Z000C1N11.png,12,0.19530069408763287,0.19530069408763287
G2,W0076F0001T0006Z000C1N11.png,13,0.325,0.325
G2,W0076F0001T0006Z000C1N11.png,14,0.0,0.0
G2,W0076F0001T0006Z000C1N11.png,15,0.0,0.0
G2,W0076F0001T0006Z000C1N11.png,16,0.11830178570080845,0.11830178570080845
G2,W0076F0001T0006Z000C1N11.png,17,0.1625,0.1625
G2,W0076F0001T0006Z000C1N11.png,18,0.04642857142857242,0.04642857142857242
G2,W0076F0001T0006Z000C1N11.png,19,0.09750563632685363,0.09750563632685363
G2,W0076F0001T0006Z000C1N11.png,20,0.07267220926874395,0.07267220926874395
G2,W0076F0001T0006Z000C1N11.png,21,0.08734112560656782,0.08734112560656782
G2,W0076F0001T0006Z000C1N11.png,22,0.0,0.0
G2,W0076F0001T0006Z000C1N11.png,23,0.07660323462854197,0.07660323462854197
G2,W0076F0001T0006Z000C1N11.png,24,0.0,0.0
G2,W0076F0001T0006Z000C1N11.png,25,0.0,0.0
G2,W0076F0001T0006Z000C1N11.png,26,0.11490485194281398,0.11490485194281398
G2,W0076F0001T0006Z000C1N11.png,27,0.0,0.0
G2,W0076F0001T0006Z000C1N11.png,28,0.07905694150420957,0.07905694150420957
G2,W0076F0001T0006Z000C1N11.png,29,0.07660323462854278,0.07660323462854278
G2,W0076F0001T0006Z000C1N11.png,30,0.06177805694834129,0.06177805694834129
G2,W0076F0001T0006Z000C1N11.png,31,0.06499999999999977,0.06499999999999977
G2,W0076F0001T0006Z000C1N11.png,32,0.051908720906245195,0.051908720906245195
G2,W0076F0001T0006Z000C1N11.png,33,0.0,0.0
G2,W0076F0001T0006Z000C1N11.png,34,0.07602653959126553,0.07602653959126553
G2,W0076F0001T0006Z000C1N11.png,35,0.0541666666666659,0.0541666666666659
G2,W0076F0001T0006Z000C1N11.png,36,0.08125,0.08125
G2,W0076F0001T0006Z000C1N11.png,37,0.0,0.0
G2,W0076F0001T0006Z000C1N11.png,38,0.1625,0.1625
G2,W0076F0001T0006Z000C1N11.png,39,0.020186724796873678,0.020186724796873678
G2,W0076F0001T0006Z000C1N11.png,40,0.0,0.0
G2,W0076F0001T0006Z000C1N11.png,41,0.0,0.0
G2,W0076F0001T0006Z000C1N11.png,42,0.08330124729100902,0.08330124729100902
G2,W0076F0001T0006Z000C1N11.png,43,0.0,0.0
G2,W0076F0001T0006Z000C1N11.png,44,0.04715339781338288,0.04715339781338288
G2,W0076F0001T0006Z000C1N11.png,45,1.3101168840985142,1.3101168840985142
G2,W0076F0001T0006Z000C1N11.png,46,0.06749451913324479,0.06749451913324479
G2,W0076F0001T0006Z000C1N11.png,47,0.0,0.0
G2,W0076F0001T0006Z000C1N11.png,48,0.08125,0.08125
G2,W0076F0001T0006Z000C1N11.png,49,0.07357500424736692,0.07357500424736692
G2,W0076F0001T0006Z000C1N11.png,50,0.0,0.0
G2,W0076F0001T0006Z000C1N11.png,51,0.0,0.0
G2,W0076F0001T0006Z000C1N11.png,52,0.22980970388562796,0.22980970388562796
G2,W0076F0001T0006Z000C1N11.png,53,0.04225063775028864,0.04225063775028864
G2,W0076F0001T0006Z000C1N11.png,54,0.06098671115792517,0.06098671115792517
G2,W0076F0001T0006Z000C1N11.png,55,0.060393404285981264,0.060393404285981264
G2,W0076F0001T0006Z000C1N11.png,56,0.08125,0.08125
G2,W0076F0001T0006Z000C1N11.png,57,0.08125,0.08125
G2,W0076F0001T0006Z000C1N11.png,58,0.08207489424486643,0.08207489424486643
G2,W0076F0001T0006Z000C1N11.png,59,0.05326382566026403,0.05326382566026403
G2,W0076F0001T0006Z000C1N11.png,60,0.08125,0.08125
G2,W0076F0001T0006Z000C1N11.png,61,0.1625,0.1625
G2,W0076F0001T0006Z000C1N11.png,62,0.18168052317185793,0.18168052317185793
G2,W0076F0001T0006Z000C1N11.png,63,0.0,0.0
G2,W0076F0001T0006Z000C1N11.png,64,0.02321428571428621,0.02321428571428621
G2,W0076F0001T0006Z000C1N11.png,65,0.325,0.325
G2,W0076F0001T0006Z000C1N11.png,66,0.06862166910318858,0.06862166910318858
G2,W0076F0001T0006Z000C1N11.png,67,0.05326382566026339,0.05326382566026339
G2,W0076F0001T0006Z000C1N11.png,68,0.0,0.0
G2,W0076F0001T0006Z000C1N11.png,69,0.0,0.0
G2,W0076F0001T0006Z000C1N11.png,70,0.032500000000000466,0.032500000000000466
G2,W0076F0001T0006Z000C1N11.png,71,0.06090951492389675,0.06090951492389675
G2,W0076F0001T0006Z000C1N11.png,72,0.04642857142857242,0.04642857142857242
G2,W0076F0001T0006Z000C1N11.png,73,0.05714418420405603,0.05714418420405603
G2,W0076F0001T0006Z000C1N11.png,74,0.11490485194281398,0.11490485194281398
G2,W0076F0001T0006Z000C1N11.png,75,0.0,0.0
G2,W0076F0001T0006Z000C1N11.png,76,0.0541666666666659,0.0541666666666659
G2,W0076F0001T0006Z000C1N11.png,77,0.06090951492389661,0.06090951492389661
G2,W0076F0001T0006Z000C1N11.png,78,0.06747445238116286,0.06747445238116286
G2,W0076F0001T0006Z000C1N11.png,79,0.09765034704381595,0.09765034704381595
G2,W0076F0001T0006Z000C1N11.png,80,0.09281783673214682,0.09281783673214682
G2,W0076F0001T0006Z000C1N11.png,81,0.0,0.0
G2,W0076F0001T0006Z000C1N11.png,82,0.0,0.0
G2,W0076F0001T0006Z000C1N11.png,83,0.0,0.0
G2,W0076F0001T0006Z000C1N11.png,84,0.09065468373820292,0.09065468373820292
G2,W0076F0001T0006Z000C1N11.png,85,0.36336104634371585,0.36336104634371585
G2,W0076F0001T0006Z000C1N11.png,86,0.09357977743560865,0.09357977743560865
G2,W0076F0001T0006Z000C1N11.png,87,0.33500233208143493,0.33500233208143493
G2,W0076F0001T0006Z000C1N11.png,88,0.11490485194281398,0.11490485194281398
G2,W0076F0001T0006Z000C1N11.png,89,0.0,0.0
G2,W0076F0001T0006Z000C1N11.png,90,0.027083333333334104,0.027083333333334104
G2,W0076F0001T0006Z000C1N11.png,91,0.08125,0.08125
G2,W0076F0001T0006Z000C1N11.png,92,0.07288689868556619,0.07288689868556619
G2,W0076F0001T0006Z000C1N11.png,93,0.0,0.0
G2,W0076F0001T0006Z000C1N11.png,94,0.0,0.0
G2,W0076F0001T0006Z000C1N11.png,95,0.0,0.0
G2,W0076F0001T0006Z000C1N11.png,96,0.060560174390618574,0.060560174390618574
G2,W0076F0001T0006Z000C1N11.png,97,0.325,0.325
G2,W0076F0001T0006Z000C1N11.png,98,0.0,0.0
G2,W0076F0001T0006Z000C1N11.png,99,0.06809890792318578,0.06809890792318578
G2,W0076F0001T0006Z000C1N11.png,100,0.1625,0.1625
G2,W0076F0001T0006Z000C1N11.png,101,0.07660323462854156,0.07660323462854156
G2,W0076F0001T0006Z000C1N11.png,102,0.0,0.0
G2,W0076F0001T0006Z000C1N11.png,103,0.08125,0.08125
G2,W0076F0001T0006Z000C1N11.png,104,0.06056017439061896,0.06056017439061896
G2,W0076F0001T0006Z000C1N11.png,105,0.040625,0.040625
G2,W0076F0001T0006Z000C1N11.png,106,0.9652178551044837,0.9652178551044837
G2,W0076F0001T0006Z000C1N11.png,107,0.08125,0.08125
G2,W0076F0001T0006Z000C1N11.png,108,0.020303171641299664,0.020303171641299664
G2,W0076F0001T0006Z000C1N11.png,109,0.0,0.0
G2,W0076F0001T0006Z000C1N11.png,110,0.07660323462854156,0.07660323462854156
G2,W0076F0001T0006Z000C1N11.png,111,0.08125,0.08125
G2,W0076F0001T0006Z000C1N11.png,112,0.07267220926874317,0.07267220926874317
G2,W0076F0001T0006Z000C1N11.png,113,0.08125,0.08125
G2,W0076F0001T0006Z000C1N11.png,114,0.0,0.0
G2,W0076F0001T0006Z000C1N11.png,115,0.0,0.0
G2,W0076F0001T0006Z000C1N11.png,116,0.050389110926867084,0.050389110926867084
G2,W0076F0001T0006Z000C1N11.png,117,0.0,0.0
G2,W0076F0001T0006Z000C1N11.png,118,0.045300723333646827,0.045300723333646827
G2,W0076F0001T0006Z000C1N11.png,119,0.11490485194281398,0.11490485194281398
G2,W0076F0001T0006Z000C1N11.png,120,0.11490485194281398,0.11490485194281398
G2,W0076F0001T0006Z000C1N11.png,121,0.0,0.0
G2,W0076F0001T0006Z000C1N11.png,122,0.0,0.0
G2,W0076F0001T0006Z000C1N11.png,123,0.11490485194281398,0.11490485194281398
G2,W0076F0001T0006Z000C1N11.png,124,0.08564501996289349,0.08564501996289349
G2,W0076F0001T0006Z000C1N11.png,125,0.08188230525615714,0.08188230525615714
G2,W0076F0001T0006Z000C1N11.png,126,0.0,0.0
G2,W0076F0001T0006Z000C1N11.png,127,0.08125,0.08125
G2,W0076F0001T0006Z000C1N11.png,128,0.05745242597140699,0.05745242597140699
G2,W0076F0001T0006Z000C1N11.png,129,0.07233075612248208,0.07233075612248208
G2,W0076F0001T0006Z000C1N11.png,130,0.11490485194281398,0.11490485194281398
G2,W0076F0001T0006Z000C1N11.png,131,0.7267220926874317,0.7267220926874317
G2,W0076F0001T0006Z000C1N11.png,132,0.07315437444199752,0.07315437444199752
G2,W0076F0001T0006Z000C1N11.png,133,0.06565991539589511,0.06565991539589511
G2,W0076F0001T0006Z000C1N11.png,134,0.06423376497217022,0.06423376497217022
G2,W0076F0001T0006Z000C1N11.png,135,0.0,0.0
G2,W0076F0001T0006Z000C1N11.png,136,0.5859020822628983,0.5859020822628983
G2,W0076F0001T0006Z000C1N11.png,137,0.08805473146896713,0.08805473146896713
G2,W0076F0001T0006Z000C1N11.png,138,0.03941203906840411,0.03941203906840411
G2,W0076F0001T0006Z000C1N11.png,139,0.11490485194281398,0.11490485194281398
G2,W0076F0001T0006Z000C1N11.png,140,0.08121268656519641,0.08121268656519641
G2,W0076F0001T0006Z000C1N11.png,141,0.06249999999999944,0.06249999999999944
G2,W0076F0001T0006Z000C1N11.png,142,0.07660323462854238,0.07660323462854238
G2,W0076F0001T0006Z000C1N11.png,143,0.05518756526868519,0.05518756526868519
G2,W0076F0001T0006Z000C1N11.png,144,0.07660323462854238,0.07660323462854238
G2,W0076F0001T0006Z000C1N11.png,145,0.49050002831577677,0.49050002831577677
G2,W0076F0001T0006Z000C1N11.png,146,0.22980970388562796,0.22980970388562796
G2,W0076F0001T0006Z000C1N11.png,147,0.0,0.0
G2,W0076F0001T0006Z000C1N11.png,148,0.325,0.325
G2,W0076F0001T0006Z000C1N11.png,149,0.0,0.0
G2,W0076F0001T0006Z000C1N11.png,150,0.0,0.0
G2,W0076F0001T0006Z000C1N11.png,151,0.36336104634371585,0.36336104634371585
G2,W0076F0001T0006Z000C1N11.png,152,0.45961940777125593,0.45961940777125593
G2,W0076F0001T0006Z000C1N11.png,153,0.0,0.0
G2,W0076F0001T0006Z000C1N11.png,154,0.1625,0.1625
G2,W0076F0001T0006Z000C1N11.png,155,0.0,0.0
G2,W0076F0001T0006Z000C1N11.png,156,0.0541666666666659,0.0541666666666659
G2,W0076F0001T0006Z000C1N11.png,157,0.09357977743560865,0.09357977743560865
G2,W0076F0001T0006Z000C1N11.png,158,0.0,0.0
G2,W0076F0001T0006Z000C1N11.png,159,0.05709667997526184,0.05709667997526184
G2,W0076F0001T0006Z000C1N11.png,160,0.060909514923899,0.060909514923899
G2,W0076F0001T0006Z000C1N11.png,161,0.07267220926874317,0.07267220926874317
G2,W0076F0001T0006Z000C1N11.png,162,0.07267220926874317,0.07267220926874317
G2,W0076F0001T0006Z000C1N11.png,163,0.29295104113144915,0.29295104113144915
G2,W0076F0001T0006Z000C1N11.png,164,0.40625,0.40625
G2,W0076F0001T0006Z000C1N11.png,165,0.7267220926874317,0.7267220926874317
G2,W0076F0001T0006Z000C1N11.png,166,0.038235294117649234,0.038235294117649234
G2,W0076F0001T0006Z000C1N11.png,167,0.07267220926874421,0.07267220926874421
G2,W0076F0001T0006Z000C1N11.png,168,0.48750000000000004,0.48750000000000004
G2,W0076F0001T0006Z000C1N11.png,169,0.07934261150226993,0.07934261150226993
G2,W0076F0001T0006Z000C1N11.png,170,0.08824482554061833,0.08824482554061833
G2,W0076F0001T0006Z000C1N11.png,171,0.9884489111734607,0.9884489111734607
G2,W0076F0001T0006Z000C1N11.png,172,0.18168052317185793,0.18168052317185793
G2,W0076F0001T0006Z000C1N11.png,173,0.11446432053710281,0.11446432053710281
G2,W0076F0002T0006Z000C1N4.png,1,1.2674999999999996,1.2674999999999996
G2,W0076F0002T0006Z000C1N4.png,2,1.3101168840985142,1.3101168840985142
G2,W0076F0002T0006Z000C1N4.png,3,0.8125,0.8125
G2,W0076F0002T0006Z000C1N4.png,4,0.7812027763505315,0.7812027763505315
G2,W0076F0002T0006Z000C1N4.png,5,0.11792476415070745,0.11792476415070745
G2,W0076F0002T0006Z000C1N4.png,6,0.07267220926874421,0.07267220926874421
G2,W0076F0002T0006Z000C1N4.png,7,0.08125,0.08125
G2,W0076F0002T0006Z000C1N4.png,8,1.4675693392903109,1.7916500120349956
G2,W0076F0002T0006Z000C1N4.png,9,0.43754464057967846,1.8968003486134224
G2,W0076F0002T0006Z000C1N4.png,10,0.48750000000000004,0.8285906709588275
G2,W0076F0002T0006Z000C1N4.png,11,1.8330835530602527,2.2589838008494
G2,W0076F0002T0006Z000C1N4.png,12,3.0714219528583175,3.0714219528583175
G2,W0076F0002T0006Z000C1N4.png,13,0.11490485194281398,0.11490485194281398
G2,W0076F0002T0006Z000C1N4.png,14,1.38125,1.38125
G2,W0076F0002T0006Z000C1N4.png,15,2.1846297041934686,2.4547960426705733
G2,W0076F0002T0006Z000C1N4.png,16,0.0,0.0
G2,W0076F0002T0006Z000C1N4.png,17,0.05190872090624571,0.05190872090624571
G2,W0076F0002T0006Z000C1N4.png,18,0.028726212985703495,0.028726212985703495
G2,W0076F0002T0006Z000C1N4.png,19,0.07886785713387287,0.07886785713387287
G2,W0076F0002T0006Z000C1N4.png,20,0.9598357787779235,0.964410081633097
G2,W0076F0002T0006Z000C1N4.png,21,0.11490485194281398,0.11490485194281398
G2,W0076F0002T0006Z000C1N4.png,22,0.06904922257990313,0.06904922257990313
G2,W0076F0002T0006Z000C1N4.png,23,0.0,0.0
G2,W0076F0002T0006Z000C1N4.png,24,0.08125,0.08125
G2,W0076F0002T0006Z000C1N4.png,25,0.023214285714285056,0.023214285714285056
G2,W0076F0002T0006Z000C1N4.png,26,0.07660323462854156,0.12112034878123895
G2,W0076F0002T0006Z000C1N4.png,27,0.054166666666666474,0.054166666666666474
G2,W0076F0002T0006Z000C1N4.png,28,0.04642857142857242,0.04642857142857242
G2,W0076F0002T0006Z000C1N4.png,29,0.08125,0.08125
G2,W0076F0002T0006Z000C1N4.png,30,0.11490485194281398,0.11490485194281398
G2,W0076F0002T0006Z000C1N4.png,31,0.6555495803275093,0.6555495803275093
G2,W0076F0002T0006Z000C1N4.png,32,0.08125,0.08125
G2,W0076F0002T0006Z000C1N4.png,33,0.0,0.0
G2,W0076F0002T0006Z000C1N4.png,34,0.08125,0.08125
G2,W0076F0002T0006Z000C1N4.png,35,0.8365199489551939,0.8365199489551939
G2,W0076F0002T0006Z000C1N4.png,36,0.03830161731427242,0.03830161731427242
G2,W0076F0002T0006Z000C1N4.png,37,0.05737279679111259,0.05737279679111259
G2,W0076F0002T0006Z000C1N4.png,38,0.07660323462854238,0.07660323462854238
G2,W0076F0002T0006Z000C1N4.png,39,0.0626484562661581,0.0626484562661581
G2,W0076F0002T0006Z000C1N4.png,40,0.07052680675398607,0.07052680675398607
G2,W0076F0002T0006Z000C1N4.png,41,1.442115975339059,1.442115975339059
G2,W0076F0002T0006Z000C1N4.png,42,0.03830161731427078,0.03830161731427078
G2,W0076F0002T0006Z000C1N4.png,43,0.0705268067539883,0.0705268067539883
G2,W0076F0002T0006Z000C1N4.png,44,0.058164539559181494,0.058164539559181494
G2,W0076F0002T0006Z000C1N4.png,45,0.9689627902499076,1.0305911194821904
G2,W0076F0002T0006Z000C1N4.png,46,0.57452425971407,0.57452425971407
G2,W0076F0002T0006Z000C1N4.png,47,0.13089966471393988,0.13089966471393988
G2,W0076F0002T0006Z000C1N4.png,48,1.0365665981981071,1.0863219193682858
G2,W0076F0002T0006Z000C1N4.png,49,1.0050069962443047,1.0050069962443047
G2,W0076F0001T0006Z000C1N10.png,1,0.10498348077604165,0.10498348077604165
G2,W0076F0001T0006Z000C1N10.png,2,1.21875,1.21875
G2,W0076F0001T0006Z000C1N10.png,3,0.7312500000000001,0.7312500000000001
G2,W0076F0001T0006Z000C1N10.png,4,0.7696682337546615,0.7696682337546615
G2,W0076F0001T0006Z000C1N10.png,5,0.0488251735219083,0.0488251735219083
G2,W0076F0001T0006Z000C1N10.png,6,0.43754464057967846,0.43754464057967846
G2,W0076F0001T0006Z000C1N10.png,7,1.3517812323005534,1.3517812323005534
G2,W0076F0001T0006Z000C1N10.png,8,2.339379257944295,2.339379257944295
G2,W0076F0001T0006Z000C1N10.png,9,1.5775896369144926,1.6671106179555095
G2,W0076F0001T0006Z000C1N10.png,10,0.08125,0.08125
G2,W0076F0001T0006Z000C1N10.png,11,0.09459160805298543,0.09459160805298543
G2,W0076F0001T0006Z000C1N10.png,12,0.762769074957977,0.762769074957977
G2,W0076F0001T0006Z000C1N10.png,13,1.2869571401393116,1.2869571401393116
G2,W0076F0001T0006Z000C1N10.png,14,0.0726722092687429,0.0726722092687429
G2,W0076F0001T0006Z000C1N10.png,15,0.7022108254668091,0.759420723360539
G2,W0076F0001T0006Z000C1N10.png,16,0.06090951492389731,0.06090951492389731
G2,W0076F0001T0006Z000C1N10.png,17,1.4374592385525233,1.4374592385525233
G2,W0076F0001T0006Z000C1N10.png,18,0.36336104634371585,0.36336104634371585
G2,W0076F0001T0006Z000C1N10.png,19,0.9479166666666664,0.9479166666666664
G2,W0076F0001T0006Z000C1N10.png,20,0.05153882032022072,0.05153882032022072
G2,W0076F0001T0006Z000C1N10.png,21,0.0935797774356081,0.0935797774356081
G2,W0076F0001T0006Z000C1N10.png,22,0.09987839828733971,0.09987839828733971
G2,W0076F0001T0006Z000C1N10.png,23,0.0935797774356081,0.0935797774356081
G2,W0076F0001T0006Z000C1N10.png,24,0.08124999999999954,0.08124999999999954
G2,W0076F0001T0006Z000C1N10.png,25,1.1725363134035554,1.1725363134035554
G2,W0076F0001T0006Z000C1N10.png,26,0.1271440090231188,0.1271440090231188
G2,W0076F0001T0006Z000C1N10.png,27,0.027916861006785917,0.027916861006785917
G2,W0076F0001T0006Z000C1N10.png,28,0.32499999999999957,0.32499999999999957
G2,W0076F0001T0006Z000C1N10.png,29,0.0,0.0
G2,W0076F0001T0006Z000C1N10.png,30,0.028726212985703495,0.028726212985703495
G2,W0076F0001T0006Z000C1N10.png,31,0.07660323462854238,0.07660323462854238
G2,W0076F0001T0006Z000C1N10.png,32,0.08188230525615714,0.08188230525615714
G2,W0076F0001T0006Z000C1N10.png,33,0.06770833333333456,0.06770833333333456
G2,W0076F0001T0006Z000C1N10.png,34,0.08125,0.08125
G2,W0076F0001T0006Z000C1N10.png,35,0.11490485194281398,0.11490485194281398
G2,W0076F0001T0006Z000C1N10.png,36,0.07660323462854278,0.07660323462854278
G2,W0076F0001T0006Z000C1N10.png,37,1.3663929360225227,1.420535994881899
G2,W0076F0001T0006Z000C1N10.png,38,0.07386363636363616,0.07386363636363616
G2,W0076F0001T0006Z000C1N10.png,39,0.14764131218501061,0.14764131218501061
G2,W0076F0001T0006Z000C1N10.png,40,0.032500000000000466,0.032500000000000466
G2,W0076F0001T0006Z000C1N10.png,41,0.08125,0.08125
G2,W0076F0001T0006Z000C1N10.png,42,0.07660323462854156,0.07660323462854156
G2,W0076F0001T0006Z000C1N10.png,43,0.24089115671339398,0.24089115671339398
G2,W0076F0001T0006Z000C1N10.png,44,0.09913511990017451,0.09913511990017451
G2,W0076F0001T0006Z000C1N10.png,45,0.08125,0.08125
G2,W0076F0001T0006Z000C1N10.png,46,0.040625,0.040625
G2,W0076F0001T0006Z000C1N10.png,47,0.035003571246374605,0.035003571246374605
G2,W0076F0001T0006Z000C1N10.png,48,0.1631578086534872,0.1631578086534872
G2,W0076F0001T0006Z000C1N10.png,49,0.032500000000000466,0.032500000000000466
G2,W0076F0001T0006Z000C1N10.png,50,0.0,0.0
G2,W0076F0001T0006Z000C1N10.png,51,0.0,0.0
G2,W0076F0001T0006Z000C1N10.png,52,0.0,0.0
G2,W0076F0001T0006Z000C1N10.png,53,0.08750892811593587,0.08750892811593587
G2,W0076F0001T0006Z000C1N10.png,54,0.1983429440877279,0.1983429440877279
G2,W0076F0001T0006Z000C1N10.png,55,0.45961940777125593,0.45961940777125593
G2,W0076F0001T0006Z000C1N10.png,56,0.0,0.0
G2,W0076F0001T0006Z000C1N10.png,57,0.29963519486201984,0.29963519486201984
G2,W0076F0001T0006Z000C1N10.png,58,0.0,0.0
G2,W0076F0001T0006Z000C1N10.png,59,0.01562659430641611,0.01562659430641611
G2,W0076F0001T0006Z000C1N10.png,60,0.0,0.0
G2,W0076F0001T0006Z000C1N10.png,61,0.05709667997526184,0.05709667997526184
G2,W0076F0001T0006Z000C1N10.png,62,0.0,0.0
G2,W0076F0001T0006Z000C1N10.png,63,0.0,0.0
G2,W0076F0001T0006Z000C1N10.png,64,0.07267220926874421,0.07267220926874421
G2,W0076F0001T0006Z000C1N10.png,65,0.11490485194281398,0.11490485194281398
G2,W0076F0001T0006Z000C1N10.png,66,0.032500000000000466,0.032500000000000466
G2,W0076F0001T0006Z000C1N10.png,67,0.08125,0.08125
G2,W0076F0001T0006Z000C1N10.png,68,0.14444444444444451,0.14444444444444451
G2,W0076F0001T0006Z000C1N10.png,69,0.028726212985703495,0.028726212985703495
G2,W0076F0001T0006Z000C1N10.png,70,0.03830161731427242,0.03830161731427242
G2,W0076F0001T0006Z000C1N10.png,71,0.0,0.0
G2,W0076F0001T0006Z000C1N10.png,72,0.041783582524660814,0.041783582524660814
G2,W0076F0001T0006Z000C1N10.png,73,0.04642857142857011,0.04642857142857011
G2,W0076F0001T0006Z000C1N10.png,74,0.0,0.0
G2,W0076F0001T0006Z000C1N10.png,75,0.16900255100115455,0.16900255100115455
G2,W0076F0001T0006Z000C1N10.png,76,0.8125,0.8125
G2,W0076F0001T0006Z000C1N10.png,77,0.1645141613875587,0.1645141613875587
G2,W0076F0001T0006Z000C1N10.png,78,1.9339548210855408,1.9339548210855408
G2,W0076F0001T0006Z000C1N14.png,1,0.0633554496593877,0.0633554496593877
G2,W0076F0001T0006Z000C1N14.png,2,0.07219884771318102,0.07219884771318102
G2,W0076F0001T0006Z000C1N14.png,3,0.08125,0.08125
G2,W0076F0001T0006Z000C1N14.png,4,0.07444496268476306,0.07444496268476306
G2,W0076F0001T0006Z000C1N14.png,5,1.5058065420278552,1.5058065420278552
G2,W0076F0001T0006Z000C1N14.png,6,1.2691655723348314,1.2691655723348314
G2,W0076F0001T0006Z000C1N14.png,7,0.07341001711105195,0.07341001711105195
G2,W0076F0001T0006Z000C1N14.png,8,0.08125,0.08125
G2,W0076F0001T0006Z000C1N14.png,9,0.0816552394216072,0.0816552394216072
G2,W0076F0001T0006Z000C1N14.png,10,0.05153882032022072,0.05153882032022072
G2,W0076F0001T0006Z000C1N14.png,11,0.09039707452989229,0.09039707452989229
G2,W0076F0001T0006Z000C1N14.png,12,0.06702783029997449,0.06702783029997449
G2,W0076F0001T0006Z000C1N14.png,13,0.08125,0.08125
G2,W0076F0001T0006Z000C1N14.png,14,1.3884006086140988,1.3884006086140988
G2,W0076F0001T0006Z000C1N14.png,15,0.05469308007245981,0.05469308007245981
G2,W0076F0001T0006Z000C1N14.png,16,0.9448163585527549,0.9448163585527549
G2,W0076F0001T0006Z000C1N14.png,17,0.0,0.0
G2,W0076F0001T0006Z000C1N14.png,18,0.04506939094329923,0.04506939094329923
G2,W0076F0001T0006Z000C1N14.png,19,0.9884489111734607,0.9884489111734607
G2,W0076F0001T0006Z000C1N14.png,20,0.0522294781558252,0.0522294781558252
G2,W0076F0001T0006Z000C1N14.png,21,0.06770833333333272,0.06770833333333272
G2,W0076F0001T0006Z000C1N14.png,22,0.8474963126763448,0.8474963126763448
G2,W0076F0001T0006Z000C1N14.png,23,0.09751500346242581,0.09751500346242581
G2,W0076F0001T0006Z000C1N14.png,24,0.11490485194281398,0.11490485194281398
G2,W0076F0001T0006Z000C1N14.png,25,0.8734112560656767,0.8734112560656767
G2,W0076F0001T0006Z000C1N14.png,26,0.0,0.0
G2,W0076F0001T0006Z000C1N14.png,27,0.09524844158830142,0.09524844158830142
G2,W0076F0001T0006Z000C1N14.png,28,0.6700046641628699,0.6700046641628699
G2,W0076F0001T0006Z000C1N14.png,29,0.04124931901225361,0.04124931901225361
G2,W0076F0001T0006Z000C1N14.png,30,0.07267220926874317,0.07267220926874317
G2,W0076F0001T0006Z000C1N14.png,31,0.09319185705962779,0.09319185705962779
G2,W0076F0001T0006Z000C1N14.png,32,0.046428571428571264,0.046428571428571264
G2,W0076F0001T0006Z000C1N14.png,33,0.07052680675398607,0.07052680675398607
G2,W0076F0001T0006Z000C1N14.png,34,0.07609472010081446,0.07609472010081446
G2,W0076F0001T0006Z000C1N14.png,35,0.05745242597140699,0.05745242597140699
G2,W0076F0001T0006Z000C1N14.png,36,0.0,0.0
G2,W0076F0001T0006Z000C1N14.png,37,0.07660323462854207,0.07660323462854207
G2,W0076F0001T0006Z000C1N14.png,38,0.04642857142857242,0.04642857142857242
G2,W0076F0001T0006Z000C1N14.png,39,0.07323776028286229,0.07323776028286229
G2,W0076F0001T0006Z000C1N14.png,40,0.10405076885828378,0.10405076885828378
G2,W0076F0001T0006Z000C1N14.png,41,0.08125,0.08125
G2,W0076F0001T0006Z000C1N14.png,42,0.06958928570635742,0.06958928570635742
G2,W0076F0001T0006Z000C1N14.png,43,0.0,0.0
G2,W0076F0001T0006Z000C1N14.png,44,1.390775974950675,1.390775974950675
G2,W0076F0001T0006Z000C1N14.png,45,0.052895105065490104,0.052895105065490104
G2,W0076F0001T0006Z000C1N14.png,46,0.04642857142857242,0.04642857142857242
G2,W0076F0001T0006Z000C1N14.png,47,0.03534478766037352,0.03534478766037352
G2,W0076F0001T0006Z000C1N14.png,48,0.032500000000000466,0.032500000000000466
G2,W0076F0001T0006Z000C1N14.png,49,0.0,0.0
G2,W0076F0001T0006Z000C1N14.png,50,0.5859020822628983,0.5859020822628983
G2,W0076F0001T0006Z000C1N14.png,51,0.01015625,0.01015625
G2,W0076F0001T0006Z000C1N14.png,52,0.9884489111734607,0.9884489111734607
G2,W0076F0001T0006Z000C1N14.png,53,0.7490879871550471,0.7490879871550471
G2,W0076F0001T0006Z000C1N14.png,54,0.4596194077712556,0.4596194077712556
G2,W0076F0001T0006Z000C1N14.png,55,1.1282126437561537,1.1282126437561537
G2,W0076F0001T0006Z000C1N14.png,56,2.1877232028983924,2.1877232028983924
G2,W0076F0001T0006Z000C1N14.png,57,1.226019983523923,1.226019983523923
G2,W0076F0001T0006Z000C1N15.png,1,0.07267220926874297,0.07267220926874297
G2,W0076F0001T0006Z000C1N15.png,2,0.09192388155425182,0.09192388155425182
G2,W0076F0001T0006Z000C1N15.png,3,0.0,0.0
G2,W0076F0001T0006Z000C1N15.png,4,0.11490485194281398,0.11490485194281398
G2,W0076F0001T0006Z000C1N15.png,5,0.006500000000000006,0.006500000000000006
G2,W0076F0001T0006Z000C1N15.png,6,0.08125,0.08125
G2,W0076F0001T0006Z000C1N15.png,7,0.07393861606300527,0.07393861606300527
G2,W0076F0001T0006Z000C1N15.png,8,0.7226734701401757,0.7226734701401757
G2,W0076F0001T0006Z000C1N15.png,9,0.09462752512937568,0.09462752512937568
G2,W0076F0001T0006Z000C1N15.png,10,0.04642857142857242,0.04642857142857242
G2,W0076F0001T0006Z000C1N15.png,11,1.46306412731124,1.46306412731124
G2,W0076F0001T0006Z000C1N15.png,12,0.0,0.0
G2,W0076F0001T0006Z000C1N15.png,13,0.08750892811593587,0.08750892811593587
G2,W0076F0001T0006Z000C1N15.png,14,0.19033197665623258,0.19033197665623258
G2,W0076F0001T0006Z000C1N15.png,15,0.08370029746612866,0.08370029746612866
G2,W0076F0001T0006Z000C1N15.png,16,0.05288189884728489,0.05288189884728489
G2,W0076F0001T0006Z000C1N15.png,17,0.11490485194281398,0.11490485194281398
G2,W0076F0001T0006Z000C1N15.png,18,0.05652173913043503,0.05652173913043503
G2,W0076F0001T0006Z000C1N15.png,19,0.056961603656457346,0.056961603656457346
G2,W0076F0001T0006Z000C1N15.png,20,0.07660323462854197,0.07660323462854197
G2,W0076F0001T0006Z000C1N15.png,21,0.0695892857063571,0.0695892857063571
G2,W0076F0001T0006Z000C1N15.png,22,0.07109375,0.07109375
G2,W0076F0001T0006Z000C1N15.png,23,1.1892790949247365,1.1892790949247365
G2,W0076F0001T0006Z000C1N15.png,24,0.04804867299281558,0.04804867299281558
G2,W0076F0001T0006Z000C1N15.png,25,0.03783465681590888,0.03783465681590888
G2,W0076F0001T0006Z000C1N15.png,26,0.0,0.0
G2,W0076F0001T0006Z000C1N15.png,27,0.06412253759006806,0.06412253759006806
G2,W0076F0001T0006Z000C1N15.png,28,0.02321428571428621,0.02321428571428621
G2,W0076F0001T0006Z000C1N15.png,29,0.1027740239554716,0.1027740239554716
G2,W0076F0001T0006Z000C1N15.png,30,1.0392536866947564,1.0392536866947564
G2,W0076F0001T0006Z000C1N15.png,31,1.7985454192207657,1.7985454192207657
G2,W0076F0001T0006Z000C1N15.png,32,0.07935982354752734,0.07935982354752734
G2,W0076F0001T0006Z000C1N15.png,33,0.6700046641628699,0.6700046641628699
G2,W0076F0001T0006Z000C1N15.png,34,0.6631777861758474,0.6631777861758474
G2,W0076F0001T0006Z000C1N15.png,35,0.0,0.0
G2,W0076F0001T0006Z000C1N15.png,36,0.0,0.0
G2,W0076F0001T0006Z000C1N15.png,37,0.0,0.0
G2,W0076F0001T0006Z000C1N15.png,38,0.0,0.0
G2,W0076F0001T0006Z000C1N15.png,39,0.22980970388562796,0.22980970388562796
G2,W0076F0001T0006Z000C1N15.png,40,0.031954070343866076,0.031954070343866076
G2,W0076F0001T0006Z000C1N15.png,41,0.0,0.0
G2,W0076F0001T0006Z000C1N15.png,42,0.07578959627186319,0.07578959627186319
G2,W0076F0001T0006Z000C1N15.png,43,0.0744449626847632,0.0744449626847632
G2,W0076F0001T0006Z000C1N15.png,44,0.11490485194281398,0.11490485194281398
G2,W0076F0001T0006Z000C1N15.png,45,0.0,0.0
G2,W0076F0001T0006Z000C1N15.png,46,0.1625,0.1625
G2,W0076F0001T0006Z000C1N15.png,47,0.0,0.0
G2,W0076F0001T0006Z000C1N15.png,48,0.0,0.0
G2,W0076F0001T0006Z000C1N15.png,49,0.0,0.0
G2,W0076F0002T0006Z000C1N3.png,1,1.4613083493958035,1.4613083493958035
G2,W0076F0002T0006Z000C1N3.png,2,0.13777286880472836,0.13777286880472836
G2,W0076F0002T0006Z000C1N3.png,3,2.0889310214796466,2.0889310214796466
G2,W0076F0002T0006Z000C1N3.png,4,1.6671106179555095,1.6671106179555095
G2,W0076F0002T0006Z000C1N3.png,5,0.07965686274509776,0.07965686274509776
G2,W0076F0002T0006Z000C1N3.png,6,0.07386363636363616,0.07386363636363616
G2,W0076F0002T0006Z000C1N3.png,7,1.8900451073486317,1.9349188956678522
G2,W0076F0002T0006Z000C1N3.png,8,0.7303466642629376,0.7725161810603065
G2,W0076F0002T0006Z000C1N3.png,9,0.08670897404856949,0.08670897404856949
G2,W0076F0002T0006Z000C1N3.png,10,0.08125,0.08125
G2,W0076F0002T0006Z000C1N3.png,11,0.11490485194281398,0.11490485194281398
G2,W0076F0002T0006Z000C1N3.png,12,0.028726212985703495,0.028726212985703495
G2,W0076F0002T0006Z000C1N3.png,13,0.0695892857063571,0.0695892857063571
G2,W0076F0002T0006Z000C1N3.png,14,1.8919603296287395,1.8919603296287395
G2,W0076F0002T0006Z000C1N3.png,15,0.0902777777777778,0.0902777777777778
G2,W0076F0002T0006Z000C1N3.png,16,0.10666299166486169,0.10666299166486169
G2,W0076F0002T0006Z000C1N3.png,17,0.022980970388562307,0.022980970388562307
G2,W0076F0002T0006Z000C1N3.png,18,0.5813776741499453,0.5813776741499453
G2,W0076F0002T0006Z000C1N3.png,19,0.12672533773673608,0.12672533773673608
G2,W0076F0002T0006Z000C1N3.png,20,0.8052453904797523,0.8052453904797523
G2,W0076F0002T0006Z000C1N3.png,21,0.7885305225215429,0.7885305225215429
G2,W0076F0002T0006Z000C1N3.png,22,0.07267220926874317,0.07267220926874317
G2,W0076F0002T0006Z000C1N3.png,23,0.09459160805298543,0.09459160805298543
G2,W0076F0002T0006Z000C1N3.png,24,0.08125,0.08125
G2,W0076F0002T0006Z000C1N3.png,25,0.06056017439061896,0.06056017439061896
G2,W0076F0002T0006Z000C1N3.png,26,0.0,0.0
G2,W0076F0002T0006Z000C1N3.png,27,0.08125,0.08125
G2,W0076F0002T0006Z000C1N3.png,28,0.5525597394173775,0.5525597394173775
G2,W0076F0002T0006Z000C1N3.png,29,0.07660323462854238,0.07660323462854238
G2,W0076F0002T0006Z000C1N3.png,30,0.07660323462854238,0.07660323462854238
G2,W0076F0002T0006Z000C1N3.png,31,0.0,0.0
G2,W0076F0002T0006Z000C1N3.png,32,0.07267220926874421,0.07267220926874421
G2,W0076F0002T0006Z000C1N3.png,33,0.0,0.0
G2,W0076F0002T0006Z000C1N3.png,34,0.07660323462854156,0.07660323462854156
G2,W0076F0002T0006Z000C1N3.png,35,0.032500000000000466,0.032500000000000466
G2,W0076F0002T0006Z000C1N3.png,36,0.07267220926874421,0.07267220926874421
G2,W0076F0002T0006Z000C1N3.png,37,0.05190872090624468,0.05190872090624468
G2,W0076F0002T0006Z000C1N3.png,38,0.05745242597140699,0.05745242597140699
G2,W0076F0002T0006Z000C1N3.png,39,0.06090951492389675,0.06090951492389675
G2,W0076F0002T0006Z000C1N3.png,40,0.07851812248042536,0.07851812248042536
G2,W0076F0002T0006Z000C1N3.png,41,0.9316192969570838,0.9316192969570838
G2,W0076F0002T0006Z000C1N3.png,42,0.06423376497217022,0.06423376497217022
G2,W0076F0002T0006Z000C1N3.png,43,0.0,0.0
G2,W0076F0002T0006Z000C1N3.png,44,0.07660323462854238,0.07660323462854238
G2,W0076F0002T0006Z000C1N3.png,45,0.040625000000000924,0.040625000000000924
G2,W0076F0002T0006Z000C1N3.png,46,0.06249999999999944,0.06249999999999944
G2,W0076F0002T0006Z000C1N3.png,47,0.07541182088881515,0.07541182088881515
G2,W0076F0002T0006Z000C1N3.png,48,0.08125,0.08125
G2,W0076F0002T0006Z000C1N3.png,49,0.14534441853748634,0.14534441853748634
G2,W0076F0002T0006Z000C1N3.png,50,0.03028008719531,0.03028008719531
G2,W0076F0002T0006Z000C1N3.png,51,0.0,0.0
G2,W0076F0002T0006Z000C1N3.png,52,0.08805473146896771,0.08805473146896771
G2,W0076F0002T0006Z000C1N3.png,53,0.07886785713387287,0.07886785713387287
G2,W0076F0002T0006Z000C1N3.png,54,0.032500000000000466,0.032500000000000466
G2,W0076F0002T0006Z000C1N3.png,55,0.054588203504104094,0.054588203504104094
G2,W0076F0002T0006Z000C1N3.png,56,0.0807880860808561,0.0807880860808561
G2,W0076F0002T0006Z000C1N3.png,57,0.08125,0.08125
G2,W0076F0002T0006Z000C1N3.png,58,1.2750038296511113,1.2750038296511113
G2,W0076F0002T0006Z000C1N3.png,59,0.11490485194281398,0.11490485194281398
G2,W0076F0002T0006Z000C1N3.png,60,0.07660323462854156,0.07660323462854156
G2,W0076F0002T0006Z000C1N3.png,61,0.22980970388562796,0.22980970388562796
G2,W0076F0002T0006Z000C1N3.png,62,1.9092857043476874,1.9092857043476874
G2,W0076F0002T0006Z000C1N3.png,63,0.8380186811267137,0.8380186811267137
G2,W0076F0002T0006Z000C1N3.png,64,1.6089243908004194,1.6089243908004194
G2,W0076F0002T0006Z000C1N3.png,65,0.4636377562367664,0.4636377562367664
G2,W0076F0002T0006Z000C1N3.png,66,0.6947346615795119,0.6947346615795119
G2,W0076F0002T0006Z000C1N28.png,1,1.5256824098798734,1.5256824098798734
G2,W0076F0002T0006Z000C1N28.png,2,0.9750000000000001,1.600439392791867
G2,W0076F0002T0006Z000C1N28.png,3,0.18168052317185793,0.18168052317185793
G2,W0076F0002T0006Z000C1N28.png,4,0.1657181341917656,0.19500000000000048
G2,W0076F0002T0006Z000C1N28.png,5,0.3126336519749945,0.3126336519749945
G2,W0076F0002T0006Z000C1N28.png,6,0.09765034704381595,0.09765034704381595
G2,W0076F0002T0006Z000C1N28.png,7,0.05156513040428759,0.05156513040428759
G2,W0076F0002T0006Z000C1N28.png,8,0.9160282180593515,0.9160282180593515
G2,W0076F0002T0006Z000C1N28.png,9,0.04642857142857242,0.04642857142857242
G2,W0076F0002T0006Z000C1N28.png,10,0.38133679567556983,0.38133679567556983
G2,W0076F0002T0006Z000C1N28.png,11,0.028726212985703495,0.028726212985703495
G2,W0076F0002T0006Z000C1N28.png,12,0.1027740239554716,0.1027740239554716
G2,W0076F0002T0006Z000C1N28.png,13,0.1231060606060595,0.1231060606060595
G2,W0076F0002T0006Z000C1N28.png,14,0.05709667997526184,0.05709667997526184
G2,W0076F0002T0006Z000C1N28.png,15,0.08125,0.08125
G2,W0076F0002T0006Z000C1N28.png,16,0.641162921553725,1.0293250365478337
G2,W0076F0002T0006Z000C1N28.png,17,1.7501785623187138,2.2807961877379572
G2,W0076F0002T0006Z000C1N28.png,18,0.021886638465299455,0.021886638465299455
G2,W0076F0002T0006Z000C1N28.png,19,0.05670020150931304,0.05670020150931304
G2,W0076F0002T0006Z000C1N28.png,20,0.040625,0.040625
G2,W0076F0003T0006Z000C1N7.png,1,5.119475395029505,5.119475395029505
G2,W0076F0003T0006Z000C1N7.png,2,1.7875,1.7875
G2,W0076F0003T0006Z000C1N7.png,3,0.07893710563105312,0.07893710563105312
G2,W0076F0003T0006Z000C1N7.png,4,0.9615325023557026,0.9615325023557026
G2,W0076F0003T0006Z000C1N7.png,5,0.08125,0.08125
G2,W0076F0003T0006Z000C1N7.png,6,0.8400200477105038,0.8400200477105038
G2,W0076F0003T0006Z000C1N7.png,7,0.5755432216610672,0.5755432216610672
G2,W0076F0003T0006Z000C1N7.png,8,0.5362226423997991,0.5362226423997991
G2,W0076F0003T0006Z000C1N7.png,9,0.18168052317185793,0.18168052317185793
G2,W0076F0003T0006Z000C1N7.png,10,0.05745242597140699,0.05745242597140699
G2,W0076F0003T0006Z000C1N7.png,11,0.4466697761085797,0.4466697761085797
G2,W0076F0003T0006Z000C1N7.png,12,0.07932284827092696,0.07932284827092696
G2,W0076F0003T0006Z000C1N7.png,13,0.08222810917026092,0.08222810917026092
G2,W0076F0003T0006Z000C1N7.png,14,0.08370029746612852,0.08370029746612852
G2,W0076F0003T0006Z000C1N7.png,15,0.06035098490754207,0.06035098490754207
G2,W0076F0003T0006Z000C1N7.png,16,0.07267220926874317,0.07267220926874317
G2,W0076F0003T0006Z000C1N7.png,17,0.0,0.0
G2,W0076F0003T0006Z000C1N7.png,18,0.090416588294269,0.090416588294269
G2,W0076F0003T0006Z000C1N7.png,19,0.1308301059408665,0.1308301059408665
G2,W0076F0003T0006Z000C1N7.png,20,0.13254412133893,0.13254412133893
G2,W0076F0003T0006Z000C1N7.png,21,0.11490485194281398,0.11490485194281398
G2,W0076F0003T0006Z000C1N7.png,22,0.025534411542848273,0.025534411542848273
G2,W0076F0003T0006Z000C1N7.png,23,0.07267220926874336,0.07267220926874336
G2,W0076F0003T0006Z000C1N7.png,24,0.041196942735320284,0.041196942735320284
G2,W0076F0003T0006Z000C1N7.png,25,0.0855263157894729,0.0855263157894729
G2,W0076F0003T0006Z000C1N7.png,26,0.0,0.0
G2,W0076F0003T0006Z000C1N7.png,27,0.12419348222122827,0.12419348222122827
G2,W0076F0003T0006Z000C1N7.png,28,0.08125,0.08125
G2,W0076F0003T0006Z000C1N7.png,29,0.08125,0.08125
G2,W0076F0003T0006Z000C1N7.png,30,0.06226409773726825,0.06226409773726825
G2,W0076F0003T0006Z000C1N7.png,31,0.11490485194281398,0.11490485194281398
G2,W0076F0003T0006Z000C1N7.png,32,0.0,0.0
G2,W0076F0003T0006Z000C1N7.png,33,0.03535533905932807,0.03535533905932807
G2,W0076F0003T0006Z000C1N7.png,34,0.11310332051319849,0.11310332051319849
G2,W0076F0003T0006Z000C1N7.png,35,0.0,0.0
G2,W0076F0003T0006Z000C1N7.png,36,0.079699284915663,0.079699284915663
G2,W0076F0003T0006Z000C1N7.png,37,0.0,0.0
G2,W0076F0003T0006Z000C1N7.png,38,0.09596659414274282,0.09596659414274282
G2,W0076F0003T0006Z000C1N7.png,39,0.07660323462854156,0.07660323462854156
G2,W0076F0003T0006Z000C1N7.png,40,0.04642857142857242,0.04642857142857242
G2,W0076F0003T0006Z000C1N7.png,41,0.08125,0.08125
G2,W0076F0003T0006Z000C1N7.png,42,0.11490485194281398,0.11490485194281398
G2,W0076F0003T0006Z000C1N7.png,43,0.11490485194281398,0.11490485194281398
G2,W0076F0003T0006Z000C1N7.png,44,0.0,0.0
G2,W0076F0003T0006Z000C1N7.png,45,0.0,0.0
G2,W0076F0003T0006Z000C1N7.png,46,0.0,0.0
G2,W0076F0003T0006Z000C1N7.png,47,0.0,0.0
G2,W0076F0003T0006Z000C1N7.png,48,0.05109764714208504,0.05109764714208504
G2,W0076F0003T0006Z000C1N7.png,49,0.24558210640772296,0.24558210640772296
G2,W0076F0003T0006Z000C1N7.png,50,0.09192388155425167,0.09192388155425167
G2,W0076F0003T0006Z000C1N7.png,51,0.040625,0.040625
G2,W0076F0003T0006Z000C1N7.png,52,3.8325548348979956,3.8325548348979956
G2,W0076F0003T0006Z000C1N7.png,53,0.06090951492389675,0.06090951492389675
G2,W0076F0003T0006Z000C1N7.png,54,0.9084026158592896,0.9084026158592896
G2,W0076F0003T0006Z000C1N7.png,55,0.11490485194281398,0.11490485194281398
G2,W0076F0003T0006Z000C1N7.png,56,0.9192388155425119,0.9192388155425119
G2,W0076F0003T0006Z000C1N7.png,57,0.07660323462854156,0.07660323462854156
G2,W0076F0003T0006Z000C1N7.png,58,0.04671546543430475,0.04671546543430475
G2,W0076F0003T0006Z000C1N7.png,59,0.0,0.0
G2,W0076F0003T0006Z000C1N7.png,60,0.038124714779729584,0.038124714779729584
G2,W0076F0003T0006Z000C1N7.png,61,0.06513490156330919,0.06513490156330919
G2,W0076F0003T0006Z000C1N7.png,62,0.07660323462854156,0.07660323462854156
G2,W0076F0003T0006Z000C1N7.png,63,0.07660323462854156,0.07660323462854156
G2,W0076F0003T0006Z000C1N7.png,64,1.14904851942814,1.14904851942814
G2,W0076F0003T0006Z000C1N7.png,65,0.0,0.0
G2,W0076F0003T0006Z000C1N7.png,66,0.08125,0.08125
G2,W0076F0003T0006Z000C1N7.png,67,0.08125,0.08125
G2,W0076F0003T0006Z000C1N7.png,68,0.0,0.0
G2,W0076F0003T0006Z000C1N7.png,69,0.0902777777777778,0.0902777777777778
G2,W0076F0003T0006Z000C1N7.png,70,0.07292410676328052,0.07292410676328052
G2,W0076F0003T0006Z000C1N7.png,71,0.032500000000000466,0.032500000000000466
G2,W0076F0003T0006Z000C1N7.png,72,0.08125,0.08125
G2,W0076F0003T0006Z000C1N7.png,73,0.0,0.0
G2,W0076F0003T0006Z000C1N7.png,74,0.08125,0.08125
G2,W0076F0003T0006Z000C1N7.png,75,0.08370029746612916,0.08370029746612916
G2,W0076F0003T0006Z000C1N7.png,76,0.04642857142857242,0.04642857142857242
G2,W0076F0003T0006Z000C1N7.png,77,0.08125,0.08125
G2,W0076F0003T0006Z000C1N7.png,78,0.08017967862368675,0.08017967862368675
G2,W0076F0003T0006Z000C1N7.png,79,0.030280087195310258,0.030280087195310258
G2,W0076F0003T0006Z000C1N7.png,80,0.08125,0.08125
G2,W0076F0003T0006Z000C1N7.png,81,0.0,0.0
G2,W0076F0003T0006Z000C1N7.png,82,0.08125,0.08125
G2,W0076F0003T0006Z000C1N7.png,83,0.08125,0.08125
G2,W0076F0003T0006Z000C1N7.png,84,0.045961940777125836,0.045961940777125836
G2,W0076F0003T0006Z000C1N7.png,85,0.032500000000000466,0.032500000000000466
G2,W0076F0003T0006Z000C1N7.png,86,0.35918797788930446,0.35918797788930446
G2,W0076F0003T0006Z000C1N7.png,87,0.0,0.0
G2,W0076F0003T0006Z000C1N7.png,88,0.06792906198185521,0.06792906198185521
G2,W0076F0003T0006Z000C1N7.png,89,0.03804736005040702,0.03804736005040702
G2,W0076F0003T0006Z000C1N7.png,90,0.08125,0.08125
G2,W0076F0003T0006Z000C1N7.png,91,0.07341001711105177,0.07341001711105177
G2,W0076F0003T0006Z000C1N7.png,92,0.06770833333333272,0.06770833333333272
G2,W0076F0003T0006Z000C1N7.png,93,0.03211688248608511,0.03211688248608511
G2,W0076F0003T0006Z000C1N7.png,94,0.08125,0.08125
G2,W0076F0003T0006Z000C1N7.png,95,0.08838834764831854,0.08838834764831854
G2,W0076F0003T0006Z000C1N7.png,96,0.045961940777124614,0.045961940777124614
G2,W0076F0003T0006Z000C1N7.png,97,0.9084026158592896,0.9084026158592896
G2,W0076F0003T0006Z000C1N7.png,98,0.0,0.0
G2,W0076F0003T0006Z000C1N7.png,99,0.046428571428571264,0.046428571428571264
G2,W0076F0003T0006Z000C1N7.png,100,0.07267220926874317,0.07267220926874317
G2,W0076F0003T0006Z000C1N7.png,101,0.08125,0.08125
G2,W0076F0003T0006Z000C1N7.png,102,1.903748358502247,1.903748358502247
G2,W0076F0003T0006Z000C1N7.png,103,0.11490485194281398,0.11490485194281398
G2,W0076F0003T0006Z000C1N7.png,104,0.07660323462854371,0.07660323462854371
G2,W0076F0003T0006Z000C1N7.png,105,2.220287341336517,2.220287341336517
G2,W0076F0003T0006Z000C1N7.png,106,0.08125,0.08125
G2,W0076F0003T0006Z000C1N7.png,107,0.08125,0.08125
G2,W0076F0003T0006Z000C1N7.png,108,0.0,0.0
G2,W0076F0003T0006Z000C1N7.png,109,0.057096679975264034,0.057096679975264034
G2,W0076F0003T0006Z000C1N7.png,110,0.8750892811593569,0.8750892811593569
G2,W0076F0003T0006Z000C1N7.png,111,0.07267220926874395,0.07267220926874395
G2,W0076F0003T0006Z000C1N7.png,112,0.07660323462854361,0.07660323462854361
G2,W0076F0003T0006Z000C1N7.png,113,0.051908720906244155,0.051908720906244155
G2,W0076F0003T0006Z000C1N7.png,114,0.520253844291419,0.520253844291419
G2,W0076F0002T0006Z000C1N15.png,1,0.0885982965133385,0.0885982965133385
G2,W0076F0002T0006Z000C1N15.png,2,0.0383016173142716,0.0383016173142716
G2,W0076F0002T0006Z000C1N15.png,3,0.33500233208143493,0.33500233208143493
G2,W0076F0002T0006Z000C1N15.png,4,0.032500000000000466,0.032500000000000466
G2,W0076F0002T0006Z000C1N15.png,5,0.0,0.0
G2,W0076F0002T0006Z000C1N15.png,6,0.09984841827817306,0.09984841827817306
G2,W0076F0002T0006Z000C1N15.png,7,0.08125,0.08125
G2,W0076F0002T0006Z000C1N15.png,8,0.032500000000000466,0.032500000000000466
G2,W0076F0002T0006Z000C1N15.png,9,0.047295804026492354,0.047295804026492354
G2,W0076F0002T0006Z000C1N15.png,10,0.03830161731427078,0.03830161731427078
G2,W0076F0002T0006Z000C1N15.png,11,0.21924330537812323,0.21924330537812323
G2,W0076F0002T0006Z000C1N15.png,12,0.5523937806392175,0.5523937806392175
G2,W0076F0002T0006Z000C1N15.png,13,0.08125,0.08125
G2,W0076F0002T0006Z000C1N15.png,14,0.0757765088508886,0.0757765088508886
G2,W0076F0002T0006Z000C1N15.png,15,0.48750000000000004,0.48750000000000004
G2,W0076F0002T0006Z000C1N15.png,16,0.018168052317185792,0.018168052317185792
G2,W0076F0002T0006Z000C1N15.png,17,0.0,0.0
G2,W0076F0002T0006Z000C1N15.png,18,0.09765034704381595,0.09765034704381595
G2,W0076F0002T0006Z000C1N15.png,19,0.09459160805298543,0.09459160805298543
G2,W0076F0002T0006Z000C1N15.png,20,0.07786308135936754,0.07786308135936754
G2,W0076F0002T0006Z000C1N15.png,21,0.06090951492389675,0.06090951492389675
G2,W0076F0002T0006Z000C1N15.png,22,0.08125,0.08125
G2,W0076F0002T0006Z000C1N15.png,23,0.095588235294118,0.095588235294118
G2,W0076F0002T0006Z000C1N15.png,24,1.1477710887725934,1.1477710887725934
G2,W0076F0002T0006Z000C1N15.png,25,0.046428571428571264,0.046428571428571264
G2,W0076F0002T0006Z000C1N15.png,26,0.046428571428571264,0.046428571428571264
G2,W0076F0002T0006Z000C1N15.png,27,0.028726212985703495,0.028726212985703495
G2,W0076F0002T0006Z000C1N15.png,28,0.040625,0.040625
G2,W0076F0002T0006Z000C1N15.png,29,0.07267220926874421,0.07267220926874421
G2,W0076F0002T0006Z000C1N15.png,30,0.08125,0.08125
G2,W0076F0002T0006Z000C1N15.png,31,0.07219902653170235,0.07219902653170235
G2,W0076F0002T0006Z000C1N15.png,32,0.8750892811593569,0.8750892811593569
G2,W0076F0002T0006Z000C1N15.png,33,0.7997612490959748,0.7997612490959748
G2,W0076F0002T0006Z000C1N15.png,34,0.05766129032258132,0.05766129032258132
G2,W0076F0002T0006Z000C1N15.png,35,0.05709667997526184,0.05709667997526184
G2,W0076F0002T0006Z000C1N15.png,36,0.06471240044588121,0.06471240044588121
G2,W0076F0002T0006Z000C1N15.png,37,0.07267220926874338,0.07267220926874338
G2,W0076F0002T0006Z000C1N15.png,38,1.956759119053748,1.956759119053748
G2,W0076F0002T0006Z000C1N15.png,39,1.549214014427962,1.549214014427962
G2,W0076F0002T0006Z000C1N15.png,40,0.14024964076493818,0.14024964076493818
G2,W0076F0002T0006Z000C1N15.png,41,0.09909597034122339,0.09909597034122339
G2,W0076F0002T0006Z000C1N15.png,42,0.07660323462854197,0.07660323462854197
G2,W0076F0002T0006Z000C1N15.png,43,0.08750892811593565,0.08750892811593565
G2,W0076F0002T0006Z000C1N15.png,44,0.0,0.0
G2,W0076F0002T0006Z000C1N15.png,45,0.08125,0.08125
G2,W0076F0002T0006Z000C1N15.png,46,0.09909597034122321,0.09909597034122321
G2,W0076F0002T0006Z000C1N15.png,47,0.073410017111052,0.073410017111052
G2,W0076F0002T0006Z000C1N15.png,48,0.10103700714881993,0.10103700714881993
G2,W0076F0002T0006Z000C1N15.png,49,0.03303282239488368,0.03303282239488368
G2,W0076F0002T0006Z000C1N15.png,50,0.045069390943300466,0.045069390943300466
G2,W0076F0002T0006Z000C1N15.png,51,0.029652865017500356,0.029652865017500356
G2,W0076F0002T0006Z000C1N15.png,52,0.032499999999998155,0.032499999999998155
G2,W0076F0002T0006Z000C1N17.png,1,0.14327307794011204,0.14327307794011204
G2,W0076F0002T0006Z000C1N17.png,2,0.108145743005001,0.108145743005001
G2,W0076F0002T0006Z000C1N17.png,3,0.07030824987154789,0.07030824987154789
G2,W0076F0002T0006Z000C1N17.png,4,1.844850189642027,1.844850189642027
G2,W0076F0002T0006Z000C1N17.png,5,2.3992837472879276,2.3992837472879276
G2,W0076F0002T0006Z000C1N17.png,6,0.57452425971407,0.57452425971407
G2,W0076F0002T0006Z000C1N17.png,7,1.1318005904445412,1.1318005904445412
G2,W0076F0002T0006Z000C1N17.png,8,0.060777298082366156,0.060777298082366156
G2,W0076F0002T0006Z000C1N17.png,9,0.032500000000000466,0.032500000000000466
G2,W0076F0002T0006Z000C1N17.png,10,0.08370029746612852,0.08370029746612852
G2,W0076F0002T0006Z000C1N17.png,11,0.0,0.0
G2,W0076F0002T0006Z000C1N17.png,12,2.3594212473504976,2.3594212473504976
G2,W0076F0002T0006Z000C1N17.png,13,0.21261521750074858,0.21261521750074858
G2,W0076F0002T0006Z000C1N17.png,14,0.032500000000000466,0.032500000000000466
G2,W0076F0002T0006Z000C1N17.png,15,0.06090951492389675,0.06090951492389675
G2,W0076F0002T0006Z000C1N17.png,16,0.11490485194281398,0.11490485194281398
G2,W0076F0002T0006Z000C1N17.png,17,0.05190872090624571,0.05190872090624571
G2,W0076F0002T0006Z000C1N17.png,18,0.048202684686014144,0.048202684686014144
G2,W0076F0002T0006Z000C1N17.png,19,0.08125,0.08125
G2,W0076F0002T0006Z000C1N17.png,20,0.05094800715329773,0.05094800715329773
G2,W0076F0002T0006Z000C1N17.png,21,0.10581233387464747,0.10581233387464747
G2,W0076F0002T0006Z000C1N17.png,22,0.07660323462854156,0.07660323462854156
G2,W0076F0002T0006Z000C1N17.png,23,0.040625,0.040625
G2,W0076F0002T0006Z000C1N17.png,24,0.03526340337699303,0.03526340337699303
G2,W0076F0002T0006Z000C1N17.png,25,0.07905694150421066,0.07905694150421066
G2,W0076F0002T0006Z000C1N17.png,26,0.11490485194281398,0.11490485194281398
G2,W0076F0002T0006Z000C1N17.png,27,0.03693181818181923,0.03693181818181923
G2,W0076F0002T0006Z000C1N17.png,28,0.08125,0.08125
G2,W0076F0002T0006Z000C1N17.png,29,0.0789608069093641,0.0789608069093641
G2,W0076F0002T0006Z000C1N17.png,30,0.08125,0.08125
G2,W0076F0002T0006Z000C1N17.png,31,0.04787702164283986,0.04787702164283986
G2,W0076F0002T0006Z000C1N17.png,32,0.0730600269548576,0.0730600269548576
G2,W0076F0002T0006Z000C1N17.png,33,0.0,0.0
G2,W0076F0002T0006Z000C1N17.png,34,0.0766032346285432,0.0766032346285432
G2,W0076F0002T0006Z000C1N17.png,35,1.4773480964076084,1.4773480964076084
G2,W0076F0002T0006Z000C1N17.png,36,0.040625,0.040625
G2,W0076F0002T0006Z000C1N17.png,37,0.07660323462854238,0.07660323462854238
G2,W0076F0002T0006Z000C1N17.png,38,0.08723136605883029,0.08723136605883029
G2,W0076F0002T0006Z000C1N17.png,39,0.028726212985703495,0.028726212985703495
G2,W0076F0002T0006Z000C1N17.png,40,1.21875,1.21875
G2,W0076F0002T0006Z000C1N17.png,41,0.0,0.0
G2,W0076F0002T0006Z000C1N17.png,42,0.11490485194281398,0.11490485194281398
G2,W0076F0002T0006Z000C1N17.png,43,0.058499999999999906,0.058499999999999906
G2,W0076F0002T0006Z000C1N17.png,44,0.09013878188660039,0.09013878188660039
G2,W0076F0002T0006Z000C1N17.png,45,0.032500000000000466,0.032500000000000466
G2,W0076F0002T0006Z000C1N17.png,46,0.07660323462854156,0.07660323462854156
G2,W0076F0002T0006Z000C1N17.png,47,0.032500000000000466,0.032500000000000466
G2,W0076F0002T0006Z000C1N17.png,48,0.40625,0.40625
G2,W0076F0002T0006Z000C1N17.png,49,0.043483535978972455,0.043483535978972455
G2,W0076F0002T0006Z000C1N17.png,50,1.5436180093021645,1.5436180093021645
G2,W0076F0002T0006Z000C1N17.png,51,0.06786199230791967,0.06786199230791967
G2,W0076F0002T0006Z000C1N17.png,52,0.087508928115935,0.087508928115935
G2,W0076F0002T0006Z000C1N17.png,53,0.08125,0.08125
G2,W0076F0002T0006Z000C1N17.png,54,0.060909514923899,0.060909514923899
G2,W0076F0002T0006Z000C1N16.png,1,2.023511493773163,2.0242363481594423
G2,W0076F0002T0006Z000C1N16.png,2,0.9884489111734607,0.9884489111734607
G2,W0076F0002T0006Z000C1N16.png,3,0.07267220926874343,0.07267220926874343
G2,W0076F0002T0006Z000C1N16.png,4,2.339379257944295,2.339379257944295
G2,W0076F0002T0006Z000C1N16.png,5,1.1565281656575355,1.1565281656575355
G2,W0076F0002T0006Z000C1N16.png,6,0.05709667997526266,0.05709667997526266
G2,W0076F0002T0006Z000C1N16.png,7,0.08125,0.08125
G2,W0076F0002T0006Z000C1N16.png,8,0.060436455825467056,0.060436455825467056
G2,W0076F0002T0006Z000C1N16.png,9,0.07267220926874395,0.07267220926874395
G2,W0076F0002T0006Z000C1N16.png,10,0.08125,0.08125
G2,W0076F0002T0006Z000C1N16.png,11,0.08125,0.08125
G2,W0076F0002T0006Z000C1N16.png,12,0.07267220926874395,0.07267220926874395
G2,W0076F0002T0006Z000C1N16.png,13,1.1375,1.1375
G2,W0076F0002T0006Z000C1N16.png,14,0.0,0.0
G2,W0076F0002T0006Z000C1N16.png,15,0.07660323462854401,0.07660323462854401
G2,W0076F0002T0006Z000C1N16.png,16,0.2374000714089162,0.2374000714089162
G2,W0076F0002T0006Z000C1N16.png,17,0.046428571428571264,0.046428571428571264
G2,W0076F0002T0006Z000C1N16.png,18,0.0947898381766213,0.0947898381766213
G2,W0076F0002T0006Z000C1N16.png,19,0.7490879871550471,0.7490879871550471
G2,W0076F0002T0006Z000C1N16.png,20,1.7819516162062314,1.7819516162062314
G2,W0076F0002T0006Z000C1N16.png,21,0.789608069093635,0.789608069093635
G2,W0076F0002T0006Z000C1N16.png,22,0.06589659407823172,0.06589659407823172
G2,W0076F0002T0006Z000C1N16.png,23,1.0562500000000001,1.0562500000000001
G2,W0076F0002T0006Z000C1N16.png,24,0.2916964270531189,0.2916964270531189
G2,W0076F0002T0006Z000C1N16.png,25,0.1599522498191954,0.1599522498191954
G2,W0076F0002T0006Z000C1N16.png,26,0.11633229613911997,0.11633229613911997
G2,W0076F0002T0006Z000C1N16.png,27,0.032500000000000466,0.032500000000000466
G2,W0076F0002T0006Z000C1N16.png,28,0.028726212985703495,0.028726212985703495
G2,W0076F0002T0006Z000C1N16.png,29,0.0,0.0
G2,W0076F0002T0006Z000C1N16.png,30,0.040625,0.040625
G2,W0076F0002T0006Z000C1N16.png,31,0.21151326570749243,0.21151326570749243
G2,W0076F0002T0006Z000C1N16.png,32,0.07274086512653961,0.07274086512653961
G2,W0076F0002T0006Z000C1N16.png,33,0.08125,0.08125
G2,W0076F0002T0006Z000C1N16.png,34,0.022980970388561492,0.022980970388561492
G2,W0076F0002T0006Z000C1N16.png,35,0.09357977743560865,0.09357977743560865
G2,W0076F0002T0006Z000C1N16.png,36,0.059090909090908465,0.059090909090908465
G2,W0076F0002T0006Z000C1N16.png,37,0.0,0.0
G2,W0076F0002T0006Z000C1N16.png,38,0.8135149910265945,0.8135149910265945
G2,W0076F0002T0006Z000C1N16.png,39,0.08125,0.08125
G2,W0076F0002T0006Z000C1N16.png,40,0.10283954772620678,0.10283954772620678
G2,W0076F0002T0006Z000C1N16.png,41,0.08125,0.08125
G2,W0076F0002T0006Z000C1N16.png,42,0.29295104113144915,0.29295104113144915
G2,W0076F0002T0006Z000C1N16.png,43,0.05922060518202259,0.05922060518202259
G2,W0076F0002T0006Z000C1N16.png,44,0.12707980508131192,0.12707980508131192
G2,W0076F0002T0006Z000C1N16.png,45,0.6529411914916115,0.6577380952380952
G2,W0076F0002T0006Z000C1N16.png,46,0.3435303731607309,0.3435303731607309
G2,W0076F0002T0006Z000C1N16.png,47,0.07478629855387138,0.07478629855387138
G2,W0076F0003T0006Z000C1N1.png,1,1.4590341873548407,1.5460875992392422
G2,W0076F0003T0006Z000C1N1.png,2,1.1414428194480202,1.1414428194480202
G2,W0076F0003T0006Z000C1N1.png,3,2.160700118017307,2.160700118017307
G2,W0076F0003T0006Z000C1N1.png,4,0.0,0.0
G2,W0076F0003T0006Z000C1N1.png,5,1.1287610741427967,1.1287610741427967
G2,W0076F0003T0006Z000C1N1.png,6,0.08125,0.08125
G2,W0076F0003T0006Z000C1N1.png,7,0.07616842041485972,0.07616842041485972
G2,W0076F0003T0006Z000C1N1.png,8,0.11490485194281398,0.11490485194281398
G2,W0076F0003T0006Z000C1N1.png,9,0.1625,0.1625
G2,W0076F0003T0006Z000C1N1.png,10,3.903383948575902,3.903383948575902
G2,W0076F0003T0006Z000C1N1.png,11,1.3101168840985142,1.3101168840985142
G2,W0076F0003T0006Z000C1N1.png,12,1.5522790704316025,1.5522790704316025
G2,W0076F0003T0006Z000C1N1.png,13,0.24375000000000002,0.24375000000000002
G2,W0076F0003T0006Z000C1N1.png,14,1.3843677298606725,1.3843677298606725
G2,W0076F0003T0006Z000C1N1.png,15,1.0341436674853257,1.0341436674853257
G2,W0076F0003T0006Z000C1N1.png,16,0.37691593890415354,0.37691593890415354
G2,W0076F0003T0006Z000C1N1.png,17,2.3209888439809614,2.3209888439809614
G2,W0076F0003T0006Z000C1N1.png,18,1.4239997963820148,1.4239997963820148
G2,W0076F0002T0006Z000C1N11.png,1,0.11490485194281398,0.11490485194281398
G2,W0076F0002T0006Z000C1N11.png,2,0.520253844291419,0.8636993472846903
G2,W0076F0002T0006Z000C1N11.png,3,0.30692214386156325,0.30692214386156325
G2,W0076F0002T0006Z000C1N11.png,4,1.874675388567311,2.2131640952491525
G2,W0076F0002T0006Z000C1N11.png,5,0.06958928570635821,0.06958928570635821
G2,W0076F0002T0006Z000C1N11.png,6,1.040507688582838,1.4625000000000001
G2,W0076F0002T0006Z000C1N11.png,7,0.11490485194281398,0.11490485194281398
G2,W0076F0002T0006Z000C1N11.png,8,2.3654947073411905,2.589329587066735
G2,W0076F0002T0006Z000C1N11.png,9,0.07432197775591651,0.07432197775591651
G2,W0076F0002T0006Z000C1N11.png,10,1.1402372818969644,1.2681537665813416
G2,W0076F0002T0006Z000C1N11.png,11,0.028726212985703495,0.028726212985703495
G2,W0076F0002T0006Z000C1N11.png,12,2.2072501274209952,2.2072501274209952
G2,W0076F0002T0006Z000C1N11.png,13,0.8883993877880723,1.1965807768619525
G2,W0076F0002T0006Z000C1N11.png,14,1.2237281408952225,1.5446333737322424
G2,W0076F0002T0006Z000C1N11.png,15,0.12507028995604977,0.12507028995604977
G2,W0076F0002T0006Z000C1N11.png,16,0.0,0.0
G2,W0076F0002T0006Z000C1N11.png,17,0.620113711850496,1.305700392749041
G2,W0076F0002T0006Z000C1N11.png,18,0.0,0.0
G2,W0076F0002T0006Z000C1N11.png,19,0.3093907824257213,0.3093907824257213
G2,W0076F0002T0006Z000C1N11.png,20,0.544368262810714,0.544368262810714
G2,W0076F0002T0006Z000C1N11.png,21,0.08125,0.08125
G2,W0076F0002T0006Z000C1N11.png,22,0.08125,0.08125
G2,W0076F0002T0006Z000C1N11.png,23,1.6671106179555095,2.151207872916981
G2,W0076F0002T0006Z000C1N11.png,24,0.07267220926874421,0.07267220926874421
G2,W0076F0002T0006Z000C1N11.png,25,0.0,0.0
G2,W0076F0002T0006Z000C1N11.png,26,0.0,0.0
G2,W0076F0002T0006Z000C1N11.png,27,0.0,0.1625
G2,W0076F0002T0006Z000C1N11.png,28,0.07905694150420983,0.07905694150420983
G2,W0076F0002T0006Z000C1N11.png,29,0.08125,0.08125
G2,W0076F0002T0006Z000C1N11.png,30,0.09238235762308697,0.09238235762308697
G2,W0076F0002T0006Z000C1N11.png,31,1.0517264246096607,2.3598272653357952
G2,W0076F0002T0006Z000C1N11.png,32,0.08125,0.08125
G2,W0076F0002T0006Z000C1N11.png,33,0.0,0.0
G2,W0076F0002T0006Z000C1N11.png,34,0.07660323462854238,0.07660323462854238
G2,W0076F0002T0006Z000C1N11.png,35,0.08125,0.08125
G2,W0076F0002T0006Z000C1N11.png,36,0.11490485194281398,0.11490485194281398
G2,W0076F0002T0006Z000C1N11.png,37,0.23051212947854707,0.23051212947854707
G2,W0076F0002T0006Z000C1N11.png,38,0.03830161731427242,0.03830161731427242
G2,W0076F0002T0006Z000C1N11.png,39,0.09206563010653676,0.09206563010653676
G2,W0076F0002T0006Z000C1N11.png,40,0.08125,0.18168052317185793
G2,W0076F0002T0006Z000C1N11.png,41,0.10381744181249039,0.10381744181249039
G2,W0076F0002T0006Z000C1N11.png,42,0.07267220926874421,0.07267220926874421
G2,W0076F0002T0006Z000C1N11.png,43,1.2127103751851196,1.4030726576528598
G2,W0076F0002T0006Z000C1N11.png,44,0.0,0.0
G2,W0076F0002T0006Z000C1N11.png,45,0.3717866439800861,0.3717866439800861
G2,W0076F0002T0006Z000C1N11.png,46,0.0,0.0
G2,W0076F0002T0006Z000C1N11.png,47,0.06679818801762209,0.06679818801762209
G2,W0076F0002T0006Z000C1N11.png,48,0.021886638465299455,0.021886638465299455
G2,W0076F0002T0006Z000C1N11.png,49,0.0875089281159357,0.0875089281159357
G2,W0076F0002T0006Z000C1N11.png,50,0.18168052317185793,0.18168052317185793
G2,W0076F0002T0006Z000C1N11.png,51,0.06238651829040522,0.06238651829040522
G2,W0076F0002T0006Z000C1N11.png,52,0.08125,0.08125
G2,W0076F0002T0006Z000C1N11.png,53,0.08125,0.08125
G2,W0076F0002T0006Z000C1N11.png,54,0.1160714285714299,0.16900255100115455
G2,W0076F0002T0006Z000C1N11.png,55,0.40625,0.7665109669795991
G2,W0076F0002T0006Z000C1N11.png,56,0.9475296829123614,2.6050731755557273
G2,W0076F0002T0006Z000C1N11.png,57,0.05745242597140699,0.05745242597140699
G2,W0076F0002T0006Z000C1N11.png,58,1.821443452320165,3.7754345776347398
G2,W0076F0002T0006Z000C1N11.png,59,0.07267220926874395,0.07267220926874395
G2,W0076F0003T0006Z000C1N16.png,1,0.054166666666666474,0.054166666666666474
G2,W0076F0003T0006Z000C1N16.png,2,0.0,0.0
G2,W0076F0003T0006Z000C1N16.png,3,0.0,0.0
G2,W0076F0003T0006Z000C1N16.png,4,0.0,0.0
G2,W0076F0003T0006Z000C1N16.png,5,0.08125,0.08125
G2,W0076F0003T0006Z000C1N16.png,6,0.11490485194281398,0.11490485194281398
G2,W0076F0003T0006Z000C1N16.png,7,1.0351645400611442,1.0351645400611442
G2,W0076F0003T0006Z000C1N16.png,8,1.8217330813686967,1.8217330813686967
G2,W0076F0003T0006Z000C1N16.png,9,0.0513870119777358,0.0513870119777358
G2,W0076F0003T0006Z000C1N16.png,10,0.08750892811593587,0.08750892811593587
G2,W0076F0003T0006Z000C1N16.png,11,0.07905694150420957,0.07905694150420957
G2,W0076F0003T0006Z000C1N16.png,12,0.05701990469344923,0.05701990469344923
G2,W0076F0003T0006Z000C1N16.png,13,0.059429111014374474,0.059429111014374474
G2,W0076F0003T0006Z000C1N16.png,14,0.01915080865713539,0.01915080865713539
G2,W0076F0003T0006Z000C1N16.png,15,0.13198915326059876,0.13198915326059876
G2,W0076F0003T0006Z000C1N16.png,16,0.0,0.0
G2,W0076F0003T0006Z000C1N16.png,17,0.09192388155425085,0.09192388155425085
G2,W0076F0003T0006Z000C1N16.png,18,0.029545454545454233,0.029545454545454233
G2,W0076F0003T0006Z000C1N16.png,19,0.0,0.0
G2,W0076F0003T0006Z000C1N16.png,20,0.0,0.0
G2,W0076F0003T0006Z000C1N16.png,21,0.08838834764831895,0.08838834764831895
G2,W0076F0003T0006Z000C1N16.png,22,0.08370029746612852,0.08370029746612852
G2,W0076F0003T0006Z000C1N16.png,23,0.325,0.325
G2,W0076F0003T0006Z000C1N16.png,24,0.0,0.0
G2,W0076F0003T0006Z000C1N16.png,25,0.15841280699954727,0.15841280699954727
G2,W0076F0003T0006Z000C1N16.png,26,0.11490485194281398,0.11490485194281398
G2,W0076F0003T0006Z000C1N16.png,27,0.0,0.0
G2,W0076F0003T0006Z000C1N16.png,28,0.06090951492389675,0.06090951492389675
G2,W0076F0003T0006Z000C1N16.png,29,0.06250637722566915,0.06250637722566915
G2,W0076F0003T0006Z000C1N16.png,30,0.05709667997526166,0.05709667997526166
G2,W0076F0003T0006Z000C1N16.png,31,0.07660323462854156,0.07660323462854156
G2,W0076F0003T0006Z000C1N16.png,32,0.0,0.0
G2,W0076F0003T0006Z000C1N16.png,33,0.08750892811593565,0.08750892811593565
G2,W0076F0003T0006Z000C1N16.png,34,0.046428571428571264,0.046428571428571264
G2,W0076F0003T0006Z000C1N16.png,35,0.0,0.0
G2,W0076F0003T0006Z000C1N16.png,36,0.0935797774356081,0.0935797774356081
G2,W0076F0003T0006Z000C1N16.png,37,0.08125,0.08125
G2,W0076F0003T0006Z000C1N16.png,38,0.07267220926874317,0.07267220926874317
G2,W0076F0003T0006Z000C1N16.png,39,0.4737648414561807,0.4737648414561807
G2,W0076F0003T0006Z000C1N16.png,40,0.0,0.0
G2,W0076F0003T0006Z000C1N16.png,41,0.05709667997526166,0.05709667997526166
G2,W0076F0003T0006Z000C1N16.png,42,0.028726212985703495,0.028726212985703495
G2,W0076F0003T0006Z000C1N16.png,43,0.0,0.0
G2,W0076F0003T0006Z000C1N16.png,44,0.0,0.0
G2,W0076F0003T0006Z000C1N16.png,45,0.07660323462854303,0.07660323462854303
G2,W0076F0003T0006Z000C1N16.png,46,0.11490485194281398,0.11490485194281398
G2,W0076F0003T0006Z000C1N16.png,47,0.05709667997526184,0.05709667997526184
G2,W0076F0003T0006Z000C1N16.png,48,0.07660323462854156,0.07660323462854156
G2,W0076F0003T0006Z000C1N16.png,49,0.030280087195310515,0.030280087195310515
G2,W0076F0003T0006Z000C1N16.png,50,0.04542013079296448,0.04542013079296448
G2,W0076F0003T0006Z000C1N16.png,51,0.0,0.0
G2,W0076F0003T0006Z000C1N16.png,52,0.0720513626920724,0.0720513626920724
G2,W0076F0003T0006Z000C1N16.png,53,0.08125,0.08125
G2,W0076F0003T0006Z000C1N16.png,54,0.07660323462854156,0.07660323462854156
G2,W0076F0003T0006Z000C1N16.png,55,0.08125,0.08125
G2,W0076F0003T0006Z000C1N16.png,56,0.08125,0.08125
G2,W0076F0003T0006Z000C1N16.png,57,0.0229809703885621,0.0229809703885621
G2,W0076F0003T0006Z000C1N16.png,58,0.07660323462854156,0.07660323462854156
G2,W0076F0003T0006Z000C1N16.png,59,0.040625,0.040625
G2,W0076F0003T0006Z000C1N16.png,60,0.05745242597140699,0.05745242597140699
G2,W0076F0003T0006Z000C1N16.png,61,0.046428571428571264,0.046428571428571264
G2,W0076F0003T0006Z000C1N16.png,62,0.0,0.0
G2,W0076F0003T0006Z000C1N16.png,63,0.08125,0.08125
G2,W0076F0003T0006Z000C1N16.png,64,0.0976503470438166,0.0976503470438166
G2,W0076F0003T0006Z000C1N16.png,65,0.08125,0.08125
G2,W0076F0003T0006Z000C1N16.png,66,0.3463398728253498,0.3463398728253498
G2,W0076F0003T0006Z000C1N16.png,67,0.028726212985703495,0.028726212985703495
G2,W0076F0003T0006Z000C1N16.png,68,0.9475296829123614,0.9475296829123614
G2,W0076F0003T0006Z000C1N16.png,69,0.08188230525615714,0.08188230525615714
G2,W0076F0003T0006Z000C1N16.png,70,0.0,0.0
G2,W0076F0002T0006Z000C1N20.png,1,0.0,0.0
G2,W0076F0002T0006Z000C1N20.png,2,0.03128616191753452,0.03128616191753452
G2,W0076F0002T0006Z000C1N20.png,3,0.08750892811593587,0.08750892811593587
G2,W0076F0002T0006Z000C1N20.png,4,0.06606564478976697,0.06606564478976697
G2,W0076F0002T0006Z000C1N20.png,5,0.05583372201357289,0.05583372201357289
G2,W0076F0002T0006Z000C1N20.png,6,0.08125,0.08125
G2,W0076F0002T0006Z000C1N20.png,7,0.0,0.0
G2,W0076F0002T0006Z000C1N20.png,8,0.05633418366705171,0.05633418366705171
G2,W0076F0002T0006Z000C1N20.png,9,0.052023626903866124,0.052023626903866124
G2,W0076F0002T0006Z000C1N20.png,10,0.08125,0.08125
G2,W0076F0002T0006Z000C1N20.png,11,0.0,0.0
G2,W0076F0002T0006Z000C1N20.png,12,0.07882407813680793,0.07882407813680793
G2,W0076F0002T0006Z000C1N20.png,13,0.07660323462854278,0.07660323462854278
G2,W0076F0002T0006Z000C1N20.png,14,0.08125,0.08125
G2,W0076F0002T0006Z000C1N20.png,15,0.0,0.0
G2,W0076F0002T0006Z000C1N20.png,16,0.040625,0.040625
G2,W0076F0002T0006Z000C1N20.png,17,0.0,0.0
G2,W0076F0002T0006Z000C1N20.png,18,0.06589659407823172,0.06589659407823172
G2,W0076F0002T0006Z000C1N20.png,19,0.028726212985703495,0.028726212985703495
G2,W0076F0002T0006Z000C1N20.png,20,0.0,0.0
G2,W0076F0002T0006Z000C1N20.png,21,0.11490485194281398,0.11490485194281398
G2,W0076F0002T0006Z000C1N20.png,22,0.06534687468361153,0.06534687468361153
G2,W0076F0002T0006Z000C1N20.png,23,0.07660323462854238,0.07660323462854238
G2,W0076F0002T0006Z000C1N20.png,24,0.0,0.0
G2,W0076F0002T0006Z000C1N20.png,25,0.08125,0.08125
G2,W0076F0002T0006Z000C1N20.png,26,0.07660323462854238,0.07660323462854238
G2,W0076F0002T0006Z000C1N20.png,27,0.07899153181385143,0.07899153181385143
G2,W0076F0002T0006Z000C1N20.png,28,0.0,0.0
G2,W0076F0002T0006Z000C1N20.png,29,0.5859020822628983,0.5859020822628983
G2,W0076F0002T0006Z000C1N20.png,30,0.09013878188659942,0.09013878188659942
G2,W0076F0002T0006Z000C1N20.png,31,0.032500000000000466,0.032500000000000466
G2,W0076F0002T0006Z000C1N20.png,32,0.0976503470438166,0.0976503470438166
G2,W0076F0002T0006Z000C1N20.png,33,0.0,0.0
G2,W0076F0002T0006Z000C1N20.png,34,0.07660323462854278,0.07660323462854278
G2,W0076F0002T0006Z000C1N20.png,35,0.08125,0.08125
G2,W0076F0002T0006Z000C1N20.png,36,0.05709667997526184,0.05709667997526184
G2,W0076F0002T0006Z000C1N20.png,37,0.08616207092101423,0.08616207092101423
G2,W0076F0002T0006Z000C1N20.png,38,0.16507225911740742,0.16507225911740742
G2,W0076F0002T0006Z000C1N20.png,39,0.08125,0.08125
G2,W0076F0002T0006Z000C1N20.png,40,0.0,0.0
G2,W0076F0002T0006Z000C1N20.png,41,0.09943088051505945,0.09943088051505945
G2,W0076F0002T0006Z000C1N20.png,42,0.0766032346285432,0.0766032346285432
G2,W0076F0002T0006Z000C1N20.png,43,0.08750892811593587,0.08750892811593587
G2,W0076F0002T0006Z000C1N20.png,44,0.0,0.0
G2,W0076F0002T0006Z000C1N20.png,45,0.1625,0.1625
G2,W0076F0002T0006Z000C1N20.png,46,0.10213764617138983,0.10213764617138983
G2,W0076F0002T0006Z000C1N20.png,47,0.08125,0.08125
G2,W0076F0002T0006Z000C1N20.png,48,0.07323776028286229,0.07323776028286229
G2,W0076F0002T0006Z000C1N20.png,49,0.09209328990289703,0.09209328990289703
G2,W0076F0002T0006Z000C1N20.png,50,0.05709667997526184,0.05709667997526184
G2,W0076F0002T0006Z000C1N20.png,51,0.0330328223948842,0.0330328223948842
G2,W0076F0002T0006Z000C1N20.png,52,0.08125,0.08125
G2,W0076F0002T0006Z000C1N20.png,53,0.06090951492389675,0.06090951492389675
G2,W0076F0002T0006Z000C1N20.png,54,0.07267220926874317,0.07267220926874317
G2,W0076F0002T0006Z000C1N20.png,55,0.08125,0.08125
G2,W0076F0002T0006Z000C1N20.png,56,0.08125,0.08125
G2,W0076F0002T0006Z000C1N20.png,57,0.05609985630597489,0.05609985630597489
G2,W0076F0002T0006Z000C1N20.png,58,0.0,0.0
G2,W0076F0002T0006Z000C1N20.png,59,0.07267220926874421,0.07267220926874421
G2,W0076F0002T0006Z000C1N20.png,60,0.8409473127446809,0.8409473127446809
G2,W0076F0002T0006Z000C1N20.png,61,0.0,0.0
G2,W0076F0002T0006Z000C1N20.png,62,0.07341001711105177,0.07341001711105177
G2,W0076F0002T0006Z000C1N20.png,63,0.3268795649776841,0.3268795649776841
G2,W0076F0002T0006Z000C1N20.png,64,0.0766032346285432,0.0766032346285432
G2,W0076F0002T0006Z000C1N20.png,65,0.14274169993815533,0.14274169993815533
G2,W0076F0002T0006Z000C1N20.png,66,0.6611884291855744,0.6611884291855744
G2,W0076F0002T0006Z000C1N20.png,67,0.65,0.65
G2,W0076F0002T0006Z000C1N20.png,68,0.08125,0.08125
G2,W0076F0002T0006Z000C1N20.png,69,0.0,0.0
G2,W0076F0002T0006Z000C1N20.png,70,0.0,0.0
G2,W0076F0002T0006Z000C1N20.png,71,0.07660323462854156,0.07660323462854156
G2,W0076F0002T0006Z000C1N20.png,72,0.11490485194281398,0.11490485194281398
G2,W0076F0002T0006Z000C1N20.png,73,0.05824491066226797,0.05824491066226797
G2,W0076F0002T0006Z000C1N20.png,74,0.08125,0.08125
G2,W0076F0002T0006Z000C1N20.png,75,0.08125,0.08125
G2,W0076F0002T0006Z000C1N20.png,76,0.07660323462854156,0.07660323462854156
G2,W0076F0002T0006Z000C1N20.png,77,0.11490485194281398,0.11490485194281398
G2,W0076F0002T0006Z000C1N20.png,78,0.08125,0.08125
G2,W0076F0002T0006Z000C1N20.png,79,0.07267220926874317,0.07267220926874317
G2,W0076F0002T0006Z000C1N20.png,80,0.012500000000000533,0.012500000000000533
G2,W0076F0002T0006Z000C1N20.png,81,0.04431818181818077,0.04431818181818077
G2,W0076F0002T0006Z000C1N20.png,82,0.10716416652620951,0.10716416652620951
G2,W0076F0002T0006Z000C1N20.png,83,0.2102231990118549,0.2102231990118549
G2,W0076F0002T0006Z000C1N20.png,84,1.0433523775184819,1.0433523775184819
G2,W0076F0003T0006Z000C1N9.png,1,0.08125,3.964633692095652
G2,W0076F0003T0006Z000C1N9.png,2,1.7369266140225958,5.001331853866528
G2,W0076F0003T0006Z000C1N9.png,3,1.3397572645113096,4.286364670532179
G2,W0076F0003T0006Z000C1N9.png,4,1.3101168840985142,5.005949585243543
G2,W0076F0003T0006Z000C1N9.png,5,2.3221016881265135,2.3221016881265135
G2,W0076F0003T0006Z000C1N9.png,6,1.5963092197315656,5.191105674613069
G2,W0076F0003T0006Z000C1N9.png,7,0.13000000000000012,0.13000000000000012
G2,W0076F0003T0006Z000C1N9.png,8,1.7565060731661148,1.7565060731661148
G2,W0076F0003T0006Z000C1N9.png,9,1.4417900958723346,2.751592026546734
G2,W0076F0003T0006Z000C1N9.png,10,0.08125,0.08125
G2,W0076F0003T0006Z000C1N9.png,11,0.16007810593582192,0.16007810593582192
G2,W0076F0003T0006Z000C1N9.png,12,0.8500994089528827,2.6371469441618234
G2,W0076F0003T0006Z000C1N9.png,13,0.3500357124637426,5.481720190779533
G2,W0076F0003T0006Z000C1N9.png,14,0.65,4.1429533547941375
G2,W0076F0003T0006Z000C1N9.png,15,1.0641287785780247,5.721944713766287
G2,W0076F0003T0006Z000C1N9.png,16,0.0776598808830227,0.0776598808830227
G2,W0076F0003T0006Z000C1N9.png,17,0.06558668053420512,0.06558668053420512
G2,W0076F0003T0006Z000C1N9.png,18,0.11490485194281398,6.918188211157601
G2,W0076F0003T0006Z000C1N9.png,19,0.3447145558284419,0.3447145558284419
G2,W0076F0003T0006Z000C1N9.png,20,1.5819491954296185,9.017016125140183
G2,W0076F0003T0006Z000C1N9.png,21,0.11490485194281398,2.0328743505194806
G2,W0076F0003T0006Z000C1N9.png,22,0.18168052317185793,1.4647552056572457
G2,W0076F0003T0006Z000C1N9.png,23,1.6940256762191515,2.9137750142718666
G2,W0076F0003T0006Z000C1N9.png,24,1.4528958005077501,3.182089264424033
G2,W0076F0003T0006Z000C1N9.png,25,2.361846801234153,3.9008462623512865
G2,W0076F0003T0006Z000C1N9.png,26,3.4433132663177775,5.631510121628124
G2,W0076F0003T0006Z000C1N9.png,27,2.5654936781251285,4.471703569390529
G2,W0076F0003T0006Z000C1N9.png,28,3.026124038688908,5.122721000360148
G2,W0076F0003T0006Z000C1N9.png,29,3.109869621463254,4.929538676438192
G2,W0076F0003T0006Z000C1N9.png,30,6.936108819471876,9.512246565466132
G2,W0076F0003T0006Z000C1N9.png,31,5.364961556246233,7.441364542205952
G2,W0076F0003T0006Z000C1N9.png,32,6.713396486340764,8.894973398375765
G2,W0076F0002T0006Z000C1N32.png,1,0.6240277932339191,0.6240277932339191
G2,W0076F0002T0006Z000C1N32.png,2,0.06921162787499324,0.06921162787499324
G2,W0076F0002T0006Z000C1N32.png,3,1.4534441853748634,1.4534441853748634
G2,W0076F0002T0006Z000C1N32.png,4,0.27619689031960887,0.27619689031960887
G2,W0076F0002T0006Z000C1N32.png,5,0.06894291116568772,0.06894291116568772
G2,W0076F0002T0006Z000C1N32.png,6,0.048616071175520144,0.048616071175520144
G2,W0076F0002T0006Z000C1N32.png,7,0.08125,0.08125
G2,W0076F0002T0006Z000C1N32.png,8,0.02595436045312182,0.02595436045312182
G2,W0076F0002T0006Z000C1N32.png,9,0.9200364198709141,0.9200364198709141
G2,W0076F0002T0006Z000C1N32.png,10,0.08124999999999954,0.08124999999999954
G2,W0076F0002T0006Z000C1N32.png,11,0.08750892811593587,0.08750892811593587
G2,W0076F0002T0006Z000C1N32.png,12,0.7267220926874317,0.7267220926874317
G2,W0076F0002T0006Z000C1N32.png,13,0.9884489111734607,0.9884489111734607
G2,W0076F0002T0006Z000C1N32.png,14,0.08125,0.08125
G2,W0076F0002T0006Z000C1N32.png,15,0.11490485194281398,0.11490485194281398
G2,W0076F0002T0006Z000C1N32.png,16,0.04642857142857242,0.04642857142857242
G2,W0076F0002T0006Z000C1N32.png,17,0.05709667997526293,0.05709667997526293
G2,W0076F0002T0006Z000C1N32.png,18,1.178125,1.178125
G2,W0076F0002T0006Z000C1N32.png,19,0.03830161731427242,0.03830161731427242
G2,W0076F0002T0006Z000C1N32.png,20,0.08370029746612916,0.08370029746612916
G2,W0076F0002T0006Z000C1N32.png,21,0.0804333963599693,0.0804333963599693
G2,W0076F0002T0006Z000C1N32.png,22,0.39147727272727234,0.39147727272727234
G2,W0076F0002T0006Z000C1N32.png,23,0.028726212985703495,0.028726212985703495
G2,W0076F0002T0006Z000C1N32.png,24,1.2790424961787823,1.2790424961787823
G2,W0076F0002T0006Z000C1N32.png,25,0.047794117647058314,0.047794117647058314
G2,W0076F0002T0006Z000C1N32.png,26,0.060777298082366156,0.060777298082366156
G2,W0076F0002T0006Z000C1N32.png,27,1.0822795801021905,1.0822795801021905
G2,W0076F0002T0006Z000C1N32.png,28,1.0510566772961816,1.0510566772961816
G2,W0076F0002T0006Z000C1N32.png,29,0.08125,0.08125
G2,W0076F0002T0006Z000C1N32.png,30,0.14362455090030787,0.14362455090030787
G2,W0076F0002T0006Z000C1N32.png,31,0.09518564869157975,0.09518564869157975
G2,W0076F0002T0006Z000C1N32.png,32,0.07850272261806458,0.07850272261806458
G2,W0076F0002T0006Z000C1N32.png,33,1.1633229613912037,1.1633229613912037
G2,W0076F0002T0006Z000C1N32.png,34,0.48750000000000004,0.48750000000000004
G2,W0076F0002T0006Z000C1N32.png,35,0.8296271753022563,0.8296271753022563
G2,W0076F0002T0006Z000C1N32.png,36,0.15828146171262011,0.15828146171262011
G2,W0076F0002T0006Z000C1N32.png,37,1.21875,1.21875
G2,W0076F0002T0006Z000C1N32.png,38,2.485181778506801,2.485181778506801
G2,W0076F0003T0006Z000C1N20.png,1,0.06280217809445165,0.06280217809445165
G2,W0076F0003T0006Z000C1N20.png,2,0.04215285195168472,0.04215285195168472
G2,W0076F0003T0006Z000C1N20.png,3,0.09505570616288825,0.09505570616288825
G2,W0076F0003T0006Z000C1N20.png,4,0.04875281816342781,0.04875281816342781
G2,W0076F0003T0006Z000C1N20.png,5,0.0,0.0
G2,W0076F0003T0006Z000C1N20.png,6,0.0417835825246602,0.0417835825246602
G2,W0076F0003T0006Z000C1N20.png,7,0.08190722319284299,0.08190722319284299
G2,W0076F0003T0006Z000C1N20.png,8,0.0813263884394088,0.0813263884394088
G2,W0076F0003T0006Z000C1N20.png,9,0.0,0.0
G2,W0076F0003T0006Z000C1N20.png,10,0.05745242597140699,0.05745242597140699
G2,W0076F0003T0006Z000C1N20.png,11,0.11490485194281398,0.11490485194281398
G2,W0076F0003T0006Z000C1N20.png,12,0.06288232223736277,0.06288232223736277
G2,W0076F0003T0006Z000C1N20.png,13,0.012500000000000533,0.012500000000000533
G2,W0076F0003T0006Z000C1N20.png,14,0.0,0.0
G2,W0076F0003T0006Z000C1N20.png,15,0.020186724796873678,0.020186724796873678
G2,W0076F0003T0006Z000C1N20.png,16,0.0,0.0
G2,W0076F0003T0006Z000C1N20.png,17,0.0,0.0
G2,W0076F0003T0006Z000C1N20.png,18,0.06544983235696945,0.06544983235696945
G2,W0076F0003T0006Z000C1N20.png,19,0.0,0.0
G2,W0076F0003T0006Z000C1N20.png,20,1.67216281271359,1.67216281271359
G2,W0076F0003T0006Z000C1N20.png,21,0.06700046641628794,0.06700046641628794
G2,W0076F0003T0006Z000C1N20.png,22,0.0,0.0
G2,W0076F0003T0006Z000C1N20.png,23,0.0330328223948842,0.0330328223948842
G2,W0076F0003T0006Z000C1N20.png,24,0.0,0.0
G2,W0076F0003T0006Z000C1N20.png,25,0.0,0.0
G2,W0076F0003T0006Z000C1N20.png,26,0.060937500000000006,0.060937500000000006
G2,W0076F0003T0006Z000C1N20.png,27,0.08662164797402222,0.08662164797402222
G2,W0076F0003T0006Z000C1N20.png,28,0.04642857142857242,0.04642857142857242
G2,W0076F0003T0006Z000C1N20.png,29,0.0203125,0.0203125
G2,W0076F0003T0006Z000C1N20.png,30,0.0,0.0
G2,W0076F0003T0006Z000C1N20.png,31,0.0541666666666659,0.0541666666666659
G2,W0076F0003T0006Z000C1N20.png,32,0.0,0.0
G2,W0076F0003T0006Z000C1N20.png,33,0.004452054794520421,0.004452054794520421
G2,W0076F0003T0006Z000C1N20.png,34,0.0,0.0
G2,W0076F0003T0006Z000C1N20.png,35,0.0,0.0
G2,W0076F0003T0006Z000C1N20.png,36,0.11490485194281398,0.11490485194281398
G2,W0076F0003T0006Z000C1N20.png,37,0.08750892811593587,0.08750892811593587
G2,W0076F0003T0006Z000C1N20.png,38,0.0383016173142716,0.0383016173142716
G2,W0076F0003T0006Z000C1N20.png,39,0.03255011568127209,0.03255011568127209
G2,W0076F0003T0006Z000C1N20.png,40,0.040625,0.040625
G2,W0076F0003T0006Z000C1N20.png,41,0.0,0.0
G2,W0076F0003T0006Z000C1N20.png,42,0.0,0.0
G2,W0076F0003T0006Z000C1N20.png,43,0.0,0.0
G2,W0076F0003T0006Z000C1N20.png,44,0.08125,0.08125
G2,W0076F0003T0006Z000C1N20.png,45,0.0513870119777358,0.0513870119777358
G2,W0076F0003T0006Z000C1N20.png,46,0.08370029746612852,0.08370029746612852
G2,W0076F0003T0006Z000C1N20.png,47,0.0,0.0
G2,W0076F0003T0006Z000C1N20.png,48,0.0,0.0
G2,W0076F0003T0006Z000C1N20.png,49,0.08125,0.08125
G2,W0076F0003T0006Z000C1N20.png,50,0.08125,0.08125
G2,W0076F0003T0006Z000C1N20.png,51,0.0383016173142716,0.0383016173142716
G2,W0076F0003T0006Z000C1N20.png,52,0.04999999999999982,0.04999999999999982
G2,W0076F0003T0006Z000C1N20.png,53,0.07660323462854401,0.07660323462854401
G2,W0076F0003T0006Z000C1N20.png,54,0.07660323462854238,0.07660323462854238
G2,W0076F0003T0006Z000C1N20.png,55,0.07660323462854156,0.07660323462854156
G2,W0076F0003T0006Z000C1N20.png,56,0.0,0.0
G2,W0076F0003T0006Z000C1N20.png,57,0.0,0.0
G2,W0076F0003T0006Z000C1N20.png,58,0.05745242597140699,0.05745242597140699
G2,W0076F0003T0006Z000C1N20.png,59,0.07181553246425874,0.07181553246425874
G2,W0076F0003T0006Z000C1N20.png,60,0.0,0.0
G2,W0076F0003T0006Z000C1N20.png,61,0.08125,0.08125
G2,W0076F0003T0006Z000C1N20.png,62,0.05922060518202259,0.05922060518202259
G2,W0076F0003T0006Z000C1N20.png,63,0.05745242597140699,0.05745242597140699
G2,W0076F0003T0006Z000C1N20.png,64,0.06964285714285748,0.06964285714285748
G2,W0076F0003T0006Z000C1N20.png,65,0.8165523942160723,0.8165523942160723
G2,W0076F0003T0006Z000C1N20.png,66,0.1625,0.1625
G2,W0076F0003T0006Z000C1N20.png,67,0.0541666666666659,0.0541666666666659
G2,W0076F0003T0006Z000C1N20.png,68,0.0,0.0
G2,W0076F0003T0006Z000C1N20.png,69,0.04924242424242495,0.04924242424242495
G2,W0076F0003T0006Z000C1N20.png,70,0.07271854157135683,0.07271854157135683
G2,W0076F0003T0006Z000C1N20.png,71,0.11490485194281398,0.11490485194281398
G2,W0076F0003T0006Z000C1N20.png,72,0.0541666666666659,0.0541666666666659
G2,W0076F0003T0006Z000C1N20.png,73,0.08370029746612916,0.08370029746612916
G2,W0076F0003T0006Z000C1N20.png,74,0.08370029746612916,0.08370029746612916
G2,W0076F0003T0006Z000C1N20.png,75,0.0,0.0
G2,W0076F0003T0006Z000C1N20.png,76,0.0,0.0
G2,W0076F0003T0006Z000C1N20.png,77,0.032500000000000466,0.032500000000000466
G2,W0076F0003T0006Z000C1N20.png,78,0.10213764617138983,0.10213764617138983
G2,W0076F0003T0006Z000C1N20.png,79,0.0,0.0
G2,W0076F0003T0006Z000C1N20.png,80,0.0,0.0
G2,W0076F0003T0006Z000C1N20.png,81,0.0,0.0
G2,W0076F0003T0006Z000C1N20.png,82,0.0,0.0
G2,W0076F0003T0006Z000C1N20.png,83,0.0,0.0
G2,W0076F0003T0006Z000C1N20.png,84,0.07562388023616744,0.07562388023616744
G2,W0076F0003T0006Z000C1N20.png,85,0.06499999999999977,0.06499999999999977
G2,W0076F0003T0006Z000C1N20.png,86,0.0,0.0
G2,W0076F0003T0006Z000C1N20.png,87,0.17176239417964279,0.17176239417964279
G2,W0076F0003T0006Z000C1N20.png,88,0.040625,0.040625
G2,W0076F0003T0006Z000C1N20.png,89,0.032829957697945916,0.032829957697945916
G2,W0076F0003T0006Z000C1N20.png,90,0.08125,0.08125
G2,W0076F0003T0006Z000C1N20.png,91,0.0,0.0
G2,W0076F0003T0006Z000C1N20.png,92,0.0,0.0
G2,W0076F0003T0006Z000C1N20.png,93,0.0,0.0
G2,W0076F0003T0006Z000C1N20.png,94,0.4737648414561807,0.4737648414561807
G2,W0076F0003T0006Z000C1N20.png,95,0.0937443331620627,0.0937443331620627
G2,W0076F0003T0006Z000C1N20.png,96,0.0541666666666659,0.0541666666666659
G2,W0076F0003T0006Z000C1N20.png,97,0.0,0.0
G2,W0076F0003T0006Z000C1N20.png,98,0.08110930725375075,0.08110930725375075
G2,W0076F0003T0006Z000C1N20.png,99,0.08125,0.08125
G2,W0076F0003T0006Z000C1N20.png,100,0.08370029746612916,0.08370029746612916
G2,W0076F0003T0006Z000C1N20.png,101,0.6852270666082156,0.6852270666082156
G2,W0076F0003T0006Z000C1N20.png,102,0.07707464359872768,0.07707464359872768
G2,W0076F0003T0006Z000C1N20.png,103,0.08125,0.08125
G2,W0076F0003T0006Z000C1N20.png,104,0.07267220926874421,0.07267220926874421
G2,W0076F0003T0006Z000C1N20.png,105,0.10452390518442596,0.10452390518442596
G2,W0076F0003T0006Z000C1N20.png,106,0.08461103815565565,0.08461103815565565
G2,W0076F0003T0006Z000C1N20.png,107,0.11490485194281398,0.11490485194281398
G2,W0076F0003T0006Z000C1N20.png,108,0.9948398112259073,0.9948398112259073
G2,W0076F0003T0006Z000C1N20.png,109,0.0,0.0
G2,W0076F0003T0006Z000C1N20.png,110,0.4659592852981421,0.583392854106237
G2,W0076F0003T0006Z000C1N20.png,111,1.0277402395547235,1.0277402395547235
G2,W0076F0002T0006Z000C1N24.png,1,1.8527850657860991,1.8527850657860991
G2,W0076F0002T0006Z000C1N24.png,2,0.07267220926874318,0.07267220926874318
G2,W0076F0002T0006Z000C1N24.png,3,1.3788582233137676,1.3788582233137676
G2,W0076F0002T0006Z000C1N24.png,4,0.12846752994434044,0.12846752994434044
G2,W0076F0002T0006Z000C1N24.png,5,0.48750000000000004,0.48750000000000004
G2,W0076F0002T0006Z000C1N24.png,6,0.7124512653898198,0.7124512653898198
G2,W0076F0002T0006Z000C1N24.png,7,0.05756617464031831,0.05756617464031831
G2,W0076F0002T0006Z000C1N24.png,8,0.6700046641628699,0.6700046641628699
G2,W0076F0002T0006Z000C1N24.png,9,1.4682664097499474,1.4682664097499474
G2,W0076F0002T0006Z000C1N24.png,10,0.07660323462854293,0.07660323462854293
G2,W0076F0002T0006Z000C1N24.png,11,0.7267220926874317,0.7267220926874317
G2,W0076F0002T0006Z000C1N24.png,12,0.0,0.0
G2,W0076F0002T0006Z000C1N24.png,13,0.08835809809323876,0.08835809809323876
G2,W0076F0002T0006Z000C1N24.png,14,0.08125,0.08125
G2,W0076F0002T0006Z000C1N24.png,15,0.0,0.0
G2,W0076F0002T0006Z000C1N24.png,16,0.0976503470438166,0.0976503470438166
G2,W0076F0002T0006Z000C1N24.png,17,0.0,0.0
G2,W0076F0002T0006Z000C1N24.png,18,0.0,0.0
G2,W0076F0002T0006Z000C1N24.png,19,0.040625,0.040625
G2,W0076F0002T0006Z000C1N24.png,20,0.0,0.0
G2,W0076F0002T0006Z000C1N24.png,21,0.07831227553838489,0.07831227553838489
G2,W0076F0002T0006Z000C1N24.png,22,0.08841025939868125,0.08841025939868125
G2,W0076F0002T0006Z000C1N24.png,23,0.0,0.0
G2,W0076F0002T0006Z000C1N24.png,24,0.0,0.0
G2,W0076F0002T0006Z000C1N24.png,25,0.0,0.0
G2,W0076F0002T0006Z000C1N24.png,26,0.0,0.0
G2,W0076F0002T0006Z000C1N24.png,27,0.11490485194281398,0.11490485194281398
G2,W0076F0002T0006Z000C1N24.png,28,0.08074689918749264,0.08074689918749264
G2,W0076F0002T0006Z000C1N24.png,29,0.0,0.0
G2,W0076F0002T0006Z000C1N24.png,30,0.05190872090624481,0.05190872090624481
G2,W0076F0002T0006Z000C1N24.png,31,0.0605601743906187,0.0605601743906187
G2,W0076F0002T0006Z000C1N24.png,32,0.05041532112938139,0.05041532112938139
G2,W0076F0002T0006Z000C1N24.png,33,0.06499999999999999,0.06499999999999999
G2,W0076F0002T0006Z000C1N24.png,34,0.7267220926874317,0.7267220926874317
G2,W0076F0002T0006Z000C1N24.png,35,0.0,0.0
G2,W0076F0002T0006Z000C1N24.png,36,0.0919238815542525,0.0919238815542525
G2,W0076F0002T0006Z000C1N24.png,37,0.08189169677079589,0.08189169677079589
G2,W0076F0002T0006Z000C1N24.png,38,0.49422445558673034,0.49422445558673034
G2,W0076F0002T0006Z000C1N24.png,39,0.03830161731427242,0.03830161731427242
G2,W0076F0002T0006Z000C1N24.png,40,0.071298030892565,0.071298030892565
G2,W0076F0002T0006Z000C1N24.png,41,0.07660323462854197,0.07660323462854197
G2,W0076F0002T0006Z000C1N24.png,42,0.10405076885828438,0.10405076885828438
G2,W0076F0002T0006Z000C1N24.png,43,0.08125,0.08125
G2,W0076F0002T0006Z000C1N24.png,44,2.413305852744093,2.413305852744093
G2,W0076F0002T0006Z000C1N24.png,45,0.05803571428571518,0.05803571428571518
G2,W0076F0002T0006Z000C1N24.png,46,0.0,0.0
G2,W0076F0002T0006Z000C1N24.png,47,0.08125,0.08125
G2,W0076F0002T0006Z000C1N24.png,48,0.06056017439061896,0.06056017439061896
G2,W0076F0002T0006Z000C1N24.png,49,0.08125,0.08125
G2,W0076F0002T0006Z000C1N24.png,50,0.06768069163659729,0.06768069163659729
G2,W0076F0002T0006Z000C1N24.png,51,0.08125,0.08125
G2,W0076F0002T0006Z000C1N24.png,52,0.05153882032022072,0.05153882032022072
G2,W0076F0002T0006Z000C1N24.png,53,0.0673145600891816,0.0673145600891816
G2,W0076F0002T0006Z000C1N24.png,54,0.08125,0.08125
G2,W0076F0002T0006Z000C1N24.png,55,0.08125,0.08125
G2,W0076F0002T0006Z000C1N24.png,56,0.0605601743906187,0.0605601743906187
G2,W0076F0002T0006Z000C1N24.png,57,0.0,0.0
G2,W0076F0002T0006Z000C1N24.png,58,0.045198537264947436,0.045198537264947436
G2,W0076F0002T0006Z000C1N24.png,59,0.08125,0.08125
G2,W0076F0002T0006Z000C1N24.png,60,0.0,0.0
G2,W0076F0002T0006Z000C1N24.png,61,0.7062469272302871,0.7062469272302871
G2,W0076F0002T0006Z000C1N24.png,62,0.11490485194281398,0.11490485194281398
G2,W0076F0002T0006Z000C1N24.png,63,0.0,0.0
G2,W0076F0002T0006Z000C1N24.png,64,0.040625,0.040625
G2,W0076F0002T0006Z000C1N24.png,65,0.08771737656774381,0.08771737656774381
G2,W0076F0002T0006Z000C1N24.png,66,0.08125,0.08125
G2,W0076F0002T0006Z000C1N24.png,67,0.02826086956521694,0.02826086956521694
G2,W0076F0002T0006Z000C1N24.png,68,0.07660323462854156,0.07660323462854156
G2,W0076F0002T0006Z000C1N24.png,69,0.08125,0.08125
G2,W0076F0002T0006Z000C1N24.png,70,0.05625286953194857,0.05625286953194857
G2,W0076F0002T0006Z000C1N24.png,71,0.032500000000000466,0.032500000000000466
G2,W0076F0002T0006Z000C1N24.png,72,0.1015625,0.1015625
G2,W0076F0002T0006Z000C1N24.png,73,0.08125,0.08125
G2,W0076F0002T0006Z000C1N24.png,74,0.07660323462854197,0.07660323462854197
G2,W0076F0002T0006Z000C1N24.png,75,0.023214285714285632,0.023214285714285632
G2,W0076F0002T0006Z000C1N24.png,76,0.08125,0.08125
G2,W0076F0002T0006Z000C1N24.png,77,0.08125,0.08125
G2,W0076F0002T0006Z000C1N24.png,78,0.028676470588234616,0.028676470588234616
G2,W0076F0002T0006Z000C1N24.png,79,0.0330328223948842,0.0330328223948842
G2,W0076F0002T0006Z000C1N24.png,80,0.040625,0.040625
G2,W0076F0002T0006Z000C1N24.png,81,0.0,0.0
G2,W0076F0002T0006Z000C1N24.png,82,0.0,0.0
G2,W0076F0002T0006Z000C1N24.png,83,0.05745242597140699,0.05745242597140699
G2,W0076F0002T0006Z000C1N24.png,84,0.05745242597140699,0.05745242597140699
G2,W0076F0002T0006Z000C1N24.png,85,0.07065217391304363,0.07065217391304363
G2,W0076F0002T0006Z000C1N24.png,86,0.07432197775591813,0.07432197775591813
G2,W0076F0002T0006Z000C1N24.png,87,0.0,0.0
G2,W0076F0002T0006Z000C1N24.png,88,0.0,0.0
G2,W0076F0002T0006Z000C1N24.png,89,0.04542013079296448,0.04542013079296448
G2,W0076F0002T0006Z000C1N24.png,90,0.0,0.0
G2,W0076F0002T0006Z000C1N24.png,91,0.0,0.0
G2,W0076F0002T0006Z000C1N24.png,92,0.06423376497217022,0.06423376497217022
G2,W0076F0002T0006Z000C1N24.png,93,0.0203125,0.0203125
G2,W0076F0002T0006Z000C1N24.png,94,0.07267220926874421,0.07267220926874421
G2,W0076F0002T0006Z000C1N24.png,95,0.0,0.0
G2,W0076F0002T0006Z000C1N24.png,96,0.08125,0.08125
G2,W0076F0002T0006Z000C1N24.png,97,0.0,0.0
G2,W0076F0002T0006Z000C1N24.png,98,0.0,0.0
G2,W0076F0002T0006Z000C1N24.png,99,0.08125,0.08125
G2,W0076F0002T0006Z000C1N24.png,100,0.08125,0.08125
G2,W0076F0002T0006Z000C1N24.png,101,0.0766032346285432,0.0766032346285432
G2,W0076F0002T0006Z000C1N24.png,102,0.04506939094329987,0.04506939094329987
G2,W0076F0002T0006Z000C1N24.png,103,0.04642857142857011,0.04642857142857011
G2,W0076F0002T0006Z000C1N24.png,104,0.06589659407823172,0.06589659407823172
G2,W0076F0002T0006Z000C1N24.png,105,0.0,0.0
G2,W0076F0002T0006Z000C1N24.png,106,0.017677669529662453,0.017677669529662453
G2,W0076F0002T0006Z000C1N24.png,107,0.11490485194281398,0.11490485194281398
G2,W0076F0002T0006Z000C1N24.png,108,0.0,0.0
G2,W0076F0002T0006Z000C1N24.png,109,0.0,0.0
G2,W0076F0002T0006Z000C1N24.png,110,0.012500000000000533,0.012500000000000533
G2,W0076F0002T0006Z000C1N24.png,111,0.0,0.0
G2,W0076F0002T0006Z000C1N24.png,112,0.06500000000000093,0.06500000000000093
G2,W0076F0002T0006Z000C1N24.png,113,0.04642857142857011,0.04642857142857011
G2,W0076F0002T0006Z000C1N24.png,114,0.0,0.0
G2,W0076F0002T0006Z000C1N24.png,115,0.0,0.0
G2,W0076F0001T0006Z000C1N5.png,1,0.038301617314271036,0.038301617314271036
G2,W0076F0001T0006Z000C1N5.png,2,0.11490485194281398,0.11490485194281398
G2,W0076F0001T0006Z000C1N5.png,3,0.060909514923898886,0.060909514923898886
G2,W0076F0001T0006Z000C1N5.png,4,0.08125,0.08125
G2,W0076F0001T0006Z000C1N5.png,5,0.08125,0.08125
G2,W0076F0001T0006Z000C1N5.png,6,0.11490485194281398,0.11490485194281398
G2,W0076F0001T0006Z000C1N5.png,7,0.08125,0.08125
G2,W0076F0001T0006Z000C1N5.png,8,0.08750892811593587,0.08750892811593587
G2,W0076F0001T0006Z000C1N5.png,9,0.08125,0.08125
G2,W0076F0001T0006Z000C1N5.png,10,0.08125,0.08125
G2,W0076F0001T0006Z000C1N5.png,11,0.046428571428571264,0.046428571428571264
G2,W0076F0001T0006Z000C1N5.png,12,0.03830161731427201,0.548395703139825
G2,W0076F0001T0006Z000C1N5.png,13,0.4142953354794138,0.4142953354794138
G2,W0076F0001T0006Z000C1N5.png,14,1.116674440271449,1.6826576614259823
G2,W0076F0001T0006Z000C1N5.png,15,0.06290322580645213,0.06290322580645213
G2,W0076F0001T0006Z000C1N5.png,16,0.57452425971407,1.9533824830278375
G2,W0076F0001T0006Z000C1N5.png,17,0.1839375106184163,0.1839375106184163
G2,W0076F0001T0006Z000C1N5.png,18,0.08125,0.08125
G2,W0076F0001T0006Z000C1N5.png,19,0.0,0.0
G2,W0076F0001T0006Z000C1N5.png,20,0.17262305644975542,0.21260847925562296
G2,W0076F0001T0006Z000C1N5.png,21,0.11490485194281398,0.11490485194281398
G2,W0076F0001T0006Z000C1N5.png,22,0.032500000000000466,0.032500000000000466
G2,W0076F0001T0006Z000C1N5.png,23,0.028726212985703495,0.028726212985703495
G2,W0076F0001T0006Z000C1N5.png,24,0.07955357101448668,0.07955357101448668
G2,W0076F0001T0006Z000C1N5.png,25,0.08125,0.08125
G2,W0076F0001T0006Z000C1N5.png,26,0.08125,0.08125
G2,W0076F0001T0006Z000C1N5.png,27,0.042822509981446565,0.042822509981446565
G2,W0076F0001T0006Z000C1N5.png,28,1.3522695043888258,1.3522695043888258
G2,W0076F0001T0006Z000C1N5.png,29,0.07660323462854156,0.07660323462854156
G2,W0076F0001T0006Z000C1N5.png,30,0.05190872090624571,0.05190872090624571
G2,W0076F0001T0006Z000C1N5.png,31,0.3551102875537838,1.1628016944484758
G2,W0076F0001T0006Z000C1N5.png,32,0.08750892811593587,0.08750892811593587
G2,W0076F0001T0006Z000C1N5.png,33,0.11490485194281398,0.897435582646465
G2,W0076F0001T0006Z000C1N5.png,34,2.1673436442387772,2.299373404985706
G2,W0076F0001T0006Z000C1N5.png,35,0.11490485194281398,0.11490485194281398
G2,W0076F0001T0006Z000C1N5.png,36,0.0,0.0
G2,W0076F0001T0006Z000C1N5.png,37,1.7027326476542801,2.0550871735321414
G2,W0076F0001T0006Z000C1N5.png,38,0.05709667997526184,0.05709667997526184
G2,W0076F0001T0006Z000C1N5.png,39,3.0237665357133645,3.0237665357133645
G2,W0076F0001T0006Z000C1N5.png,40,0.11490485194281398,0.11490485194281398
G2,W0076F0001T0006Z000C1N5.png,41,0.1625,1.1830178570080843
G2,W0076F0001T0006Z000C1N5.png,42,0.07660323462854238,0.07660323462854238
G2,W0076F0001T0006Z000C1N5.png,43,1.0277402395547235,1.0277402395547235
G2,W0076F0001T0006Z000C1N5.png,44,2.6824807781231166,2.6824807781231166
G2,W0076F0001T0006Z000C1N5.png,45,2.2764504304948088,2.2764504304948088
G2,W0076F0001T0006Z000C1N5.png,46,0.48750000000000004,0.48750000000000004
G2,W0076F0001T0006Z000C1N5.png,47,0.04642857142857242,0.04642857142857242
G2,W0076F0001T0006Z000C1N5.png,48,0.11490485194281398,0.11490485194281398
G2,W0076F0001T0006Z000C1N5.png,49,0.08303103352181454,0.08303103352181454
G2,W0076F0001T0006Z000C1N5.png,50,0.032500000000000466,0.032500000000000466
G2,W0076F0001T0006Z000C1N5.png,51,0.0,0.0
G2,W0076F0001T0006Z000C1N5.png,52,2.1801662780622952,2.1801662780622952
G2,W0076F0001T0006Z000C1N5.png,53,0.07341001711105177,0.07341001711105177
G2,W0076F0001T0006Z000C1N5.png,54,0.08636993472846911,0.08636993472846911
G2,W0076F0001T0006Z000C1N5.png,55,1.6110943485718021,1.6994484399357341
G2,W0076F0001T0006Z000C1N5.png,56,0.8098425930452197,0.9065468373820229
G2,W0076F0001T0006Z000C1N5.png,57,0.9758459871439755,1.7805618188159043
G2,W0076F0001T0006Z000C1N5.png,58,0.11490485194281398,0.11490485194281398
G2,W0076F0001T0006Z000C1N5.png,59,0.06056017439061896,0.06056017439061896
G2,W0076F0001T0006Z000C1N5.png,60,0.8144476655992097,1.4725763986971965
G2,W0076F0001T0006Z000C1N5.png,61,0.18168052317185793,0.18168052317185793
G2,W0076F0001T0006Z000C1N5.png,62,0.6717758647793177,1.0029028180736155
G2,W0076F0001T0006Z000C1N5.png,63,1.6351247085467213,1.6351247085467213
G2,W0076F0001T0006Z000C1N5.png,64,1.903748358502247,1.903748358502247
G2,W0076F0001T0006Z000C1N6.png,1,2.6,2.6
G2,W0076F0001T0006Z000C1N6.png,2,0.14964123763187773,0.14964123763187773
G2,W0076F0001T0006Z000C1N6.png,3,0.06589659407823162,0.06589659407823162
G2,W0076F0001T0006Z000C1N6.png,4,0.03854025898330121,0.03854025898330121
G2,W0076F0001T0006Z000C1N6.png,5,0.07905694150420957,0.07905694150420957
G2,W0076F0001T0006Z000C1N6.png,6,0.059118058602607,0.059118058602607
G2,W0076F0001T0006Z000C1N6.png,7,0.069877124296868,0.069877124296868
G2,W0076F0001T0006Z000C1N6.png,8,0.04642857142857242,0.04642857142857242
G2,W0076F0001T0006Z000C1N6.png,9,0.04642857142857242,0.04642857142857242
G2,W0076F0001T0006Z000C1N6.png,10,0.08125,0.08125
G2,W0076F0001T0006Z000C1N6.png,11,0.03853732179936456,0.03853732179936456
G2,W0076F0001T0006Z000C1N6.png,12,0.040625,0.040625
G2,W0076F0001T0006Z000C1N6.png,13,0.07267220926874421,0.07267220926874421
G2,W0076F0001T0006Z000C1N6.png,14,0.0,0.0
G2,W0076F0001T0006Z000C1N6.png,15,0.0695892857063571,0.0695892857063571
G2,W0076F0001T0006Z000C1N6.png,16,0.08125,0.08125
G2,W0076F0001T0006Z000C1N6.png,17,0.08125,0.08125
G2,W0076F0001T0006Z000C1N6.png,18,0.05874075710088087,0.05874075710088087
G2,W0076F0001T0006Z000C1N6.png,19,0.046428571428571264,0.046428571428571264
G2,W0076F0001T0006Z000C1N6.png,20,0.08483829849991686,0.08483829849991686
G2,W0076F0001T0006Z000C1N6.png,21,0.11490485194281398,0.11490485194281398
G2,W0076F0001T0006Z000C1N6.png,22,0.07885136706895232,0.07885136706895232
G2,W0076F0001T0006Z000C1N6.png,23,0.08750892811593565,0.08750892811593565
G2,W0076F0001T0006Z000C1N6.png,24,0.07052680675398607,0.07052680675398607
G2,W0076F0001T0006Z000C1N6.png,25,0.07899153181385195,0.07899153181385195
G2,W0076F0001T0006Z000C1N6.png,26,0.07267220926874421,0.07267220926874421
G2,W0076F0001T0006Z000C1N6.png,27,0.6942003043070494,0.6942003043070494
G2,W0076F0001T0006Z000C1N6.png,28,0.08074689918749264,0.08074689918749264
G2,W0076F0001T0006Z000C1N6.png,29,0.08125,0.08125
G2,W0076F0001T0006Z000C1N6.png,30,0.058208955223881635,0.058208955223881635
G2,W0076F0001T0006Z000C1N6.png,31,0.11490485194281398,0.11490485194281398
G2,W0076F0001T0006Z000C1N6.png,32,0.0,0.0
G2,W0076F0001T0006Z000C1N6.png,33,0.08125,0.08125
G2,W0076F0001T0006Z000C1N6.png,34,0.08750892811593587,0.08750892811593587
G2,W0076F0001T0006Z000C1N6.png,35,0.6370343138433674,0.6507049129064236
G2,W0076F0001T0006Z000C1N6.png,36,0.07323776028286229,0.07323776028286229
G2,W0076F0001T0006Z000C1N6.png,37,0.08750892811593587,0.08750892811593587
G2,W0076F0001T0006Z000C1N6.png,38,0.09513911032578222,0.09513911032578222
G2,W0076F0001T0006Z000C1N6.png,39,0.11490485194281398,0.11490485194281398
G2,W0076F0001T0006Z000C1N6.png,40,0.08125,0.08125
G2,W0076F0001T0006Z000C1N6.png,41,0.04642857142857242,0.04642857142857242
G2,W0076F0001T0006Z000C1N6.png,42,0.028726212985703495,0.028726212985703495
G2,W0076F0001T0006Z000C1N6.png,43,0.5614786646136497,0.5614786646136497
G2,W0076F0001T0006Z000C1N6.png,44,0.06589659407823038,0.06589659407823038
G2,W0076F0001T0006Z000C1N6.png,45,0.05709667997526184,0.05709667997526184
G2,W0076F0001T0006Z000C1N6.png,46,0.08125,0.08125
G2,W0076F0001T0006Z000C1N6.png,47,0.09459160805298471,0.09459160805298471
G2,W0076F0001T0006Z000C1N6.png,48,0.03611111111111214,0.03611111111111214
G2,W0076F0001T0006Z000C1N6.png,49,0.0585902082262897,0.0585902082262897
G2,W0076F0001T0006Z000C1N6.png,50,0.080788086080855,0.080788086080855
G2,W0076F0001T0006Z000C1N6.png,51,0.5443682628107146,0.5443682628107146
G2,W0076F0001T0006Z000C1N6.png,52,0.05190872090624468,0.05190872090624468
G2,W0076F0001T0006Z000C1N6.png,53,0.05929270612815599,0.05929270612815599
G2,W0076F0001T0006Z000C1N6.png,54,0.080838114239885,0.080838114239885
G2,W0076F0001T0006Z000C1N6.png,55,0.609375,0.609375
G2,W0076F0001T0006Z000C1N6.png,56,0.06281172263200582,0.06281172263200582
G2,W0076F0001T0006Z000C1N6.png,57,0.08125,0.08125
G2,W0076F0001T0006Z000C1N6.png,58,0.040625,0.040625
G2,W0076F0001T0006Z000C1N6.png,59,0.08125,0.08125
G2,W0076F0001T0006Z000C1N6.png,60,0.09459160805298543,0.09459160805298543
G2,W0076F0001T0006Z000C1N6.png,61,0.08450127550057758,0.08450127550057758
G2,W0076F0001T0006Z000C1N6.png,62,0.06250637722566915,0.06250637722566915
G2,W0076F0001T0006Z000C1N6.png,63,0.04642857142857242,0.04642857142857242
G2,W0076F0001T0006Z000C1N6.png,64,0.07267220926874317,0.07267220926874317
G2,W0076F0001T0006Z000C1N6.png,65,0.0,0.0
G2,W0076F0001T0006Z000C1N6.png,66,0.08125,0.08125
G2,W0076F0001T0006Z000C1N6.png,67,0.030280087195308964,0.030280087195308964
G2,W0076F0001T0006Z000C1N6.png,68,0.0,0.0
G2,W0076F0001T0006Z000C1N6.png,69,0.09751500346242722,0.09751500346242722
G2,W0076F0001T0006Z000C1N6.png,70,0.08125,0.08125
G2,W0076F0001T0006Z000C1N6.png,71,0.08125,0.08125
G2,W0076F0001T0006Z000C1N6.png,72,0.03804736005040509,0.03804736005040509
G2,W0076F0001T0006Z000C1N6.png,73,0.05000000000000213,0.05000000000000213
G2,W0076F0001T0006Z000C1N6.png,74,0.07267220926874317,0.07267220926874317
G2,W0076F0001T0006Z000C1N6.png,75,0.03350023320814159,0.03350023320814159
G2,W0076F0001T0006Z000C1N6.png,76,0.08125,0.08125
G2,W0076F0001T0006Z000C1N6.png,77,0.0,0.0
G2,W0076F0001T0006Z000C1N6.png,78,0.04642857142857242,0.04642857142857242
G2,W0076F0001T0006Z000C1N22.png,1,1.0593703908454306,1.1316815475212096
G2,W0076F0001T0006Z000C1N22.png,2,0.18168052317185793,0.18168052317185793
G2,W0076F0001T0006Z000C1N22.png,3,0.10093362398436502,0.10093362398436502
G2,W0076F0001T0006Z000C1N22.png,4,0.11490485194281398,0.11490485194281398
G2,W0076F0001T0006Z000C1N22.png,5,0.08750892811593587,0.08750892811593587
G2,W0076F0001T0006Z000C1N22.png,6,0.07267220926874343,0.07267220926874343
G2,W0076F0001T0006Z000C1N22.png,7,1.048851689183293,1.0570294855366862
G2,W0076F0001T0006Z000C1N22.png,8,0.07267220926874395,1.233288287465668
G2,W0076F0001T0006Z000C1N22.png,9,0.0,0.0
G2,W0076F0001T0006Z000C1N22.png,10,0.028726212985703495,0.028726212985703495
G2,W0076F0001T0006Z000C1N22.png,11,0.2714345179428426,0.2714345179428426
G2,W0076F0001T0006Z000C1N22.png,12,0.08062579101020005,0.08062579101020005
G2,W0076F0001T0006Z000C1N22.png,13,0.7267220926874317,0.7267220926874317
G2,W0076F0001T0006Z000C1N22.png,14,0.08125,0.08125
G2,W0076F0001T0006Z000C1N22.png,15,0.48750000000000004,0.8750892811593569
G2,W0076F0001T0006Z000C1N22.png,16,1.1287610741427967,1.5607615328742568
G2,W0076F0001T0006Z000C1N22.png,17,0.0383016173142716,0.0383016173142716
G2,W0076F0001T0006Z000C1N22.png,18,0.08838834764831895,0.08838834764831895
G2,W0076F0001T0006Z000C1N22.png,19,0.31958295396158165,0.31958295396158165
G2,W0076F0001T0006Z000C1N22.png,20,0.65,0.8125
G2,W0076F0001T0006Z000C1N22.png,21,0.08370029746612916,0.08370029746612916
G2,W0076F0001T0006Z000C1N22.png,22,1.4981759743100942,1.7501785623187138
G2,W0076F0001T0006Z000C1N22.png,23,0.08125,0.08125
G2,W0076F0001T0006Z000C1N22.png,24,0.5870832676182184,0.770752310556638
G2,W0076F0001T0006Z000C1N22.png,25,0.07267220926874421,0.07267220926874421
G2,W0076F0001T0006Z000C1N22.png,26,0.89375,1.825866660657344
G2,W0076F0001T0006Z000C1N22.png,27,0.05709667997526184,0.05709667997526184
G2,W0058F0001T0006Z000C1N34.png,1,0.20849993338661335,0.20849993338661335
G2,W0058F0001T0006Z000C1N34.png,2,0.08125,0.08125
G2,W0058F0001T0006Z000C1N34.png,3,0.032500000000000466,0.032500000000000466
G2,W0058F0001T0006Z000C1N34.png,4,0.32829957697946865,0.7831166475522454
G2,W0058F0001T0006Z000C1N34.png,5,0.06589659407823172,0.06589659407823172
G2,W0058F0001T0006Z000C1N34.png,6,0.11490485194281398,0.11490485194281398
G2,W0058F0001T0006Z000C1N34.png,7,1.9440560127898059,4.672518239400555
G2,W0058F0001T0006Z000C1N34.png,8,3.634337112872167,3.634337112872167
G2,W0058F0001T0006Z000C1N34.png,9,0.0976281209488332,0.0976281209488332
G2,W0058F0001T0006Z000C1N34.png,10,0.2569350598886809,3.6281559537869925
G2,W0058F0001T0006Z000C1N34.png,11,0.08125,2.24138106142173
G2,W0058F0001T0006Z000C1N34.png,12,0.1414601934401512,0.1414601934401512
G2,W0058F0001T0006Z000C1N34.png,13,0.8125,2.987526150513163
G2,W0058F0001T0006Z000C1N34.png,14,0.028726212985703495,0.1436310649285175
G2,W0058F0001T0006Z000C1N34.png,15,2.1680204104205294,2.1680204104205294
G2,W0058F0001T0006Z000C1N34.png,16,0.06958928570635818,0.06958928570635818
G2,W0058F0001T0006Z000C1N34.png,17,0.032500000000000466,0.032500000000000466
G2,W0058F0001T0006Z000C1N34.png,18,0.8002196963959335,1.4189702472215546
G2,W0058F0001T0006Z000C1N34.png,19,0.0,0.0
G2,W0058F0001T0006Z000C1N34.png,20,0.36336104634371585,1.14904851942814
G2,W0058F0001T0006Z000C1N34.png,21,0.5859020822628983,1.3
G2,W0058F0001T0006Z000C1N34.png,22,0.0,0.1625
G2,W0058F0001T0006Z000C1N34.png,23,1.4397536681668848,2.826285658775489
G2,W0058F0001T0006Z000C1N34.png,24,1.4937630752565816,2.520060143131509
G2,W0058F0001T0006Z000C1N34.png,25,2.5350382650173238,3.4974307260721362
G2,W0058F0001T0006Z000C1N34.png,26,10.357383386985344,10.774742601333918
G2,W0058F0001T0006Z000C1N35.png,1,1.5395552568942144,1.5395552568942144
G2,W0058F0001T0006Z000C1N35.png,2,0.08346883807185643,0.08346883807185643
G2,W0058F0001T0006Z000C1N35.png,3,0.07126096406869628,0.07126096406869628
G2,W0058F0001T0006Z000C1N35.png,4,3.206017983687614,6.265381843516143
G2,W0058F0001T0006Z000C1N35.png,5,0.05190872090624468,0.05190872090624468
G2,W0058F0001T0006Z000C1N35.png,6,0.09024092218212992,0.09024092218212992
G2,W0058F0001T0006Z000C1N35.png,7,0.08891329959954812,0.08891329959954812
G2,W0058F0001T0006Z000C1N35.png,8,2.485919549572038,6.020607334282075
G2,W0058F0001T0006Z000C1N35.png,9,1.6576239060440972,3.0691523553834137
G2,W0058F0001T0006Z000C1N35.png,10,2.114061922579374,6.953879874753373
G2,W0058F0001T0006Z000C1N35.png,11,0.057352941176470384,0.057352941176470384
G2,W0058F0001T0006Z000C1N35.png,12,0.2816531044749693,0.2816531044749693
G2,W0058F0001T0006Z000C1N35.png,13,0.06589659407823058,0.06589659407823058
G2,W0058F0001T0006Z000C1N35.png,14,1.8733019574445098,4.229877585750218
G2,W0058F0001T0006Z000C1N35.png,15,1.4625000000000001,1.4715000849473303
G2,W0058F0001T0006Z000C1N35.png,16,1.6730398979103878,1.6730398979103878
G2,W0058F0001T0006Z000C1N35.png,17,0.040625,5.984022509201065
G2,W0058F0001T0006Z000C1N35.png,18,1.9020137354919393,4.5529008609896175
G2,W0058F0001T0006Z000C1N35.png,19,0.11490485194281398,6.918188211157601
G2,W0058F0001T0006Z000C1N35.png,20,0.38074967170044904,4.650141294896318
G2,W0058F0001T0006Z000C1N35.png,21,0.027045795777756648,0.027045795777756648
G2,W0058F0001T0006Z000C1N35.png,22,1.1445553855242643,5.109116872058299
G2,W0058F0001T0006Z000C1N35.png,23,2.0328743505194806,6.076935134177425
G2,W0058F0001T0006Z000C1N35.png,24,0.6989389279472135,10.584352395163345
G2,W0058F0001T0006Z000C1N35.png,25,0.2569350598886809,8.69716638480603
G2,W0058F0001T0006Z000C1N35.png,26,3.837520358252188,5.636557570893781
G2,W0058F0001T0006Z000C1N35.png,27,3.121787411183696,7.10008321364088
G2,W0058F0001T0006Z000C1N35.png,28,1.3915507266157785,11.634416617600031
G2,W0058F0001T0006Z000C1N35.png,29,1.4647552056572457,10.383800860595315
G2,W0058F0001T0006Z000C1N23.png,1,0.04374999999999999,0.04374999999999999
G2,W0058F0001T0006Z000C1N23.png,2,0.08750892811593587,0.08750892811593587
G2,W0058F0001T0006Z000C1N23.png,3,0.07660323462854278,0.07660323462854278
G2,W0058F0001T0006Z000C1N23.png,4,0.4142953354794138,0.4142953354794138
G2,W0058F0001T0006Z000C1N23.png,5,0.028726212985703495,0.028726212985703495
G2,W0058F0001T0006Z000C1N23.png,6,0.05264053793957455,0.05264053793957455
G2,W0058F0001T0006Z000C1N23.png,7,0.13619781584637283,0.13619781584637283
G2,W0058F0001T0006Z000C1N23.png,8,0.0,0.0
G2,W0058F0001T0006Z000C1N23.png,9,0.06523497591315644,0.06523497591315644
G2,W0058F0001T0006Z000C1N23.png,10,0.11490485194281398,0.11490485194281398
G2,W0058F0001T0006Z000C1N23.png,11,0.10267565989660915,0.10267565989660915
G2,W0058F0001T0006Z000C1N23.png,12,0.032500000000000466,0.032500000000000466
G2,W0058F0001T0006Z000C1N23.png,13,0.0,0.0
G2,W0058F0001T0006Z000C1N23.png,14,0.028726212985703495,0.028726212985703495
G2,W0058F0001T0006Z000C1N23.png,15,0.0976503470438166,0.0976503470438166
G2,W0058F0001T0006Z000C1N23.png,16,0.08125,0.08125
G2,W0058F0001T0006Z000C1N23.png,17,0.06250637722566872,0.06250637722566872
G2,W0058F0001T0006Z000C1N23.png,18,1.14904851942814,1.14904851942814
G2,W0058F0001T0006Z000C1N23.png,19,0.052680799626844174,0.052680799626844174
G2,W0058F0001T0006Z000C1N23.png,20,0.609375,0.609375
G2,W0058F0001T0006Z000C1N23.png,21,0.05709667997526184,0.05709667997526184
G2,W0058F0001T0006Z000C1N23.png,22,0.5859020822628983,0.5859020822628983
G2,W0058F0001T0006Z000C1N23.png,23,0.02595436045312182,0.02595436045312182
G2,W0058F0001T0006Z000C1N23.png,24,0.07267220926874421,0.07267220926874421
G2,W0058F0001T0006Z000C1N23.png,25,0.40625,0.7490879871550471
G2,W0058F0001T0006Z000C1N23.png,26,0.09357977743560865,0.09357977743560865
G2,W0058F0001T0006Z000C1N23.png,27,0.07532642463262056,0.07532642463262056
G2,W0058F0001T0006Z000C1N23.png,28,0.025534411542848273,0.025534411542848273
G2,W0058F0001T0006Z000C1N23.png,29,0.040625,0.040625
G2,W0058F0001T0006Z000C1N23.png,30,0.07267220926874317,0.07267220926874317
G2,W0058F0001T0006Z000C1N23.png,31,0.08125,0.08125
G2,W0058F0001T0006Z000C1N23.png,32,1.6797344470183382,1.6797344470183382
G2,W0058F0001T0006Z000C1N23.png,33,0.08125,0.08125
G2,W0058F0001T0006Z000C1N23.png,34,0.05745242597140699,0.05745242597140699
G2,W0058F0001T0006Z000C1N23.png,35,0.060909514923899,0.060909514923899
G2,W0058F0001T0006Z000C1N23.png,36,0.07267220926874214,0.07267220926874214
G2,W0058F0001T0006Z000C1N23.png,37,0.03801726581436303,0.03801726581436303
G2,W0058F0001T0006Z000C1N22.png,1,0.0,0.0
G2,W0058F0001T0006Z000C1N22.png,2,0.1083333333333341,0.1083333333333341
G2,W0058F0001T0006Z000C1N22.png,3,0.22980970388562796,0.22980970388562796
G2,W0058F0001T0006Z000C1N22.png,4,0.45961940777125593,0.45961940777125593
G2,W0058F0001T0006Z000C1N22.png,5,0.24270609798684448,0.24270609798684448
G2,W0058F0001T0006Z000C1N22.png,6,0.325,0.325
G2,W0058F0001T0006Z000C1N22.png,7,0.1625,0.1625
G2,W0058F0001T0006Z000C1N22.png,8,0.0,0.0
G2,W0058F0001T0006Z000C1N22.png,9,0.11490485194281398,0.11490485194281398
G2,W0058F0001T0006Z000C1N22.png,10,0.13541666666666657,0.13541666666666657
G2,W0058F0001T0006Z000C1N22.png,11,0.1625,0.1625
G2,W0058F0001T0006Z000C1N22.png,12,0.29250000000000015,0.29250000000000015
G2,W0058F0001T0006Z000C1N22.png,13,0.0,0.0
G2,W0058F0001T0006Z000C1N22.png,14,0.325,0.325
G2,W0058F0001T0006Z000C1N22.png,15,0.0,0.0
G2,W0058F0001T0006Z000C1N22.png,16,0.5859020822628983,0.5859020822628983
G2,W0058F0001T0006Z000C1N22.png,17,0.48750000000000004,0.48750000000000004
G2,W0058F0001T0006Z000C1N22.png,18,0.0,0.0
G2,W0058F0001T0006Z000C1N22.png,19,0.6894291116568838,0.6894291116568838
G2,W0058F0001T0006Z000C1N22.png,20,0.6550584420492571,0.6550584420492571
G2,W0058F0001T0006Z000C1N22.png,21,0.325,0.325
G2,W0058F0001T0006Z000C1N22.png,22,0.45961940777125593,0.45961940777125593
G2,W0058F0001T0006Z000C1N22.png,23,0.7845990715805111,0.7845990715805111
G2,W0058F0001T0006Z000C1N22.png,24,0.65,0.65
G2,W0058F0001T0006Z000C1N22.png,25,0.5138701197773617,0.5138701197773617
G2,W0058F0001T0006Z000C1N22.png,26,0.8125,0.8125
G2,W0058F0001T0006Z000C1N22.png,27,0.11490485194281398,0.11490485194281398
G2,W0058F0001T0006Z000C1N22.png,28,0.1625,0.1625
G2,W0058F0001T0006Z000C1N22.png,29,0.3447145558284419,0.3447145558284419
G2,W0058F0001T0006Z000C1N22.png,30,0.0,0.0
G2,W0058F0001T0006Z000C1N22.png,31,0.22980970388562796,0.22980970388562796
G2,W0058F0001T0006Z000C1N22.png,32,0.36336104634371585,0.36336104634371585
G2,W0058F0001T0006Z000C1N22.png,33,0.0,0.0
G2,W0058F0001T0006Z000C1N22.png,34,0.36336104634371585,0.36336104634371585
G2,W0058F0001T0006Z000C1N22.png,35,0.08125,0.08125
G2,W0058F0001T0006Z000C1N22.png,36,1.0900831390311476,1.0900831390311476
G2,W0058F0001T0006Z000C1N22.png,37,0.0,0.0
G2,W0058F0001T0006Z000C1N22.png,38,0.5138701197773617,0.5138701197773617
G2,W0058F0001T0006Z000C1N22.png,39,0.4142953354794138,0.4142953354794138
G2,W0058F0001T0006Z000C1N22.png,40,0.4142953354794138,0.4142953354794138
G2,W0058F0001T0006Z000C1N22.png,41,0.5859020822628983,0.5859020822628983
G2,W0058F0001T0006Z000C1N22.png,42,0.1625,0.1625
G2,W0058F0001T0006Z000C1N22.png,43,0.22980970388562796,0.22980970388562796
G2,W0058F0001T0006Z000C1N22.png,44,0.45961940777125593,0.45961940777125593
G2,W0058F0001T0006Z000C1N22.png,45,0.08125,0.08125
G2,W0058F0001T0006Z000C1N22.png,46,0.0,0.0
G2,W0058F0001T0006Z000C1N22.png,47,0.2298097038856278,0.2298097038856278
G2,W0058F0001T0006Z000C1N22.png,48,0.45961940777125593,0.45961940777125593
G2,W0058F0001T0006Z000C1N22.png,49,0.7267220926874317,0.7267220926874317
G2,W0058F0001T0006Z000C1N22.png,50,0.5859020822628983,0.5859020822628983
G2,W0058F0001T0006Z000C1N22.png,51,0.5859020822628983,0.5859020822628983
G2,W0058F0001T0006Z000C1N22.png,52,0.43754464057967846,0.43754464057967846
G2,W0058F0001T0006Z000C1N22.png,53,0.4142953354794138,0.4142953354794138
G2,W0058F0001T0006Z000C1N22.png,54,0.22980970388562796,0.22980970388562796
G2,W0058F0001T0006Z000C1N22.png,55,0.8636993472846903,0.8636993472846903
G2,W0058F0001T0006Z000C1N22.png,56,0.7641523624303026,0.7641523624303026
G2,W0058F0001T0006Z000C1N22.png,57,0.5138701197773617,0.5138701197773617
G2,W0058F0001T0006Z000C1N22.png,58,0.6894291116568838,0.6894291116568838
G2,W0058F0001T0006Z000C1N22.png,59,0.36336104634371585,0.36336104634371585
G2,W0058F0001T0006Z000C1N22.png,60,0.08125,0.08125
G2,W0058F0001T0006Z000C1N22.png,61,0.0,0.0
G2,W0058F0001T0006Z000C1N22.png,62,0.1625,0.1625
G2,W0058F0001T0006Z000C1N22.png,63,0.0,0.0
G2,W0058F0001T0006Z000C1N22.png,64,0.48750000000000004,0.48750000000000004
G2,W0058F0001T0006Z000C1N22.png,65,0.5859020822628983,0.5859020822628983
G2,W0058F0001T0006Z000C1N22.png,66,0.4142953354794138,0.4142953354794138
G2,W0058F0001T0006Z000C1N22.png,67,0.4142953354794138,0.4142953354794138
G2,W0058F0001T0006Z000C1N22.png,68,0.36336104634371585,0.36336104634371585
G2,W0058F0001T0006Z000C1N22.png,69,0.1625,0.1625
G2,W0058F0001T0006Z000C1N22.png,70,0.325,0.325
G2,W0058F0001T0006Z000C1N22.png,71,0.7233075612248223,0.7233075612248223
G2,W0058F0001T0006Z000C1N22.png,72,0.08266409012509819,0.08266409012509819
G2,W0058F0001T0006Z000C1N22.png,73,0.36336104634371585,0.36336104634371585
G2,W0058F0001T0006Z000C1N22.png,74,0.3447145558284419,0.3447145558284419
G2,W0058F0001T0006Z000C1N22.png,75,0.5138701197773617,0.5138701197773617
G2,W0058F0001T0006Z000C1N22.png,76,0.57452425971407,0.57452425971407
G2,W0058F0001T0006Z000C1N22.png,77,0.26898536205526147,0.26898536205526147
G2,W0058F0001T0006Z000C1N22.png,78,0.22980970388562796,0.22980970388562796
G2,W0058F0001T0006Z000C1N22.png,79,0.9192388155425119,0.9192388155425119
G2,W0058F0001T0006Z000C1N22.png,80,0.6894291116568838,0.6894291116568838
G2,W0058F0001T0006Z000C1N22.png,81,0.43754464057967846,0.43754464057967846
G2,W0058F0001T0006Z000C1N22.png,82,0.0,0.0
G2,W0058F0001T0006Z000C1N22.png,83,0.9263925328930496,0.9263925328930496
G2,W0058F0001T0006Z000C1N22.png,84,0.5658407737606048,0.5658407737606048
G2,W0058F0001T0006Z000C1N22.png,85,0.11490485194281398,0.11490485194281398
G2,W0058F0001T0006Z000C1N22.png,86,0.0,0.0
G2,W0058F0001T0006Z000C1N22.png,87,0.325,0.325
G2,W0058F0001T0006Z000C1N22.png,88,0.0,0.0
G2,W0058F0001T0006Z000C1N22.png,89,0.0,0.0
G2,W0058F0001T0006Z000C1N22.png,90,0.22980970388562796,0.22980970388562796
G2,W0058F0001T0006Z000C1N22.png,91,0.7267220926874317,0.7267220926874317
G2,W0058F0001T0006Z000C1N22.png,92,0.45961940777125593,0.45961940777125593
G2,W0058F0001T0006Z000C1N22.png,93,0.0,0.0
G2,W0058F0001T0006Z000C1N22.png,94,0.11490485194281398,0.11490485194281398
G2,W0058F0001T0006Z000C1N22.png,95,0.5138701197773617,0.5138701197773617
G2,W0058F0001T0006Z000C1N22.png,96,0.5859020822628983,0.5859020822628983
G2,W0058F0001T0006Z000C1N22.png,97,0.5859020822628983,0.5859020822628983
G2,W0058F0001T0006Z000C1N22.png,98,0.0,0.0
G2,W0058F0001T0006Z000C1N22.png,99,0.1625,0.1625
G2,W0058F0001T0006Z000C1N22.png,100,0.04596194077712625,0.04596194077712625
G2,W0058F0001T0006Z000C1N22.png,101,0.65,0.65
G2,W0058F0001T0006Z000C1N22.png,102,0.22980970388562796,0.22980970388562796
G2,W0058F0001T0006Z000C1N22.png,103,0.08125,0.08125
G2,W0058F0001T0006Z000C1N22.png,104,0.22980970388562796,0.22980970388562796
G2,W0058F0001T0006Z000C1N22.png,105,0.0,0.0
G2,W0058F0001T0006Z000C1N22.png,106,0.22980970388562796,0.22980970388562796
G2,W0058F0001T0006Z000C1N22.png,107,0.49939199143669805,0.49939199143669805
G2,W0058F0001T0006Z000C1N22.png,108,0.08125,0.08125
G2,W0058F0001T0006Z000C1N22.png,109,0.36336104634371585,0.36336104634371585
G2,W0058F0001T0006Z000C1N22.png,110,0.29295104113144915,0.29295104113144915
G2,W0058F0001T0006Z000C1N22.png,111,0.36336104634371585,0.36336104634371585
G2,W0058F0001T0006Z000C1N22.png,112,0.6700046641628699,0.6700046641628699
G2,W0058F0001T0006Z000C1N22.png,113,0.0,0.0
G2,W0058F0001T0006Z000C1N22.png,114,0.05416666666666705,0.05416666666666705
G2,W0058F0001T0006Z000C1N22.png,115,0.57452425971407,0.57452425971407
G2,W0058F0001T0006Z000C1N22.png,116,0.325,0.325
G2,W0058F0001T0006Z000C1N22.png,117,0.5859020822628983,0.5859020822628983
G2,W0058F0001T0006Z000C1N22.png,118,0.325,0.325
G2,W0058F0001T0006Z000C1N22.png,119,0.48750000000000004,0.48750000000000004
G2,W0058F0001T0006Z000C1N22.png,120,0.1625,0.1625
G2,W0058F0001T0006Z000C1N22.png,121,0.45961940777125593,0.45961940777125593
G2,W0058F0001T0006Z000C1N22.png,122,0.11490485194281398,0.11490485194281398
G2,W0058F0001T0006Z000C1N22.png,123,0.0,0.0
G2,W0058F0001T0006Z000C1N22.png,124,0.0,0.0
G2,W0058F0001T0006Z000C1N22.png,125,0.48750000000000004,0.48750000000000004
G2,W0058F0001T0006Z000C1N22.png,126,0.36336104634371585,0.36336104634371585
G2,W0058F0001T0006Z000C1N22.png,127,0.0,0.0
G2,W0058F0001T0006Z000C1N22.png,128,0.325,0.325
G2,W0058F0001T0006Z000C1N22.png,129,0.0744449626847632,0.0744449626847632
G2,W0058F0001T0006Z000C1N22.png,130,0.0,0.0
G2,W0058F0001T0006Z000C1N22.png,131,0.0,0.0
G2,W0058F0001T0006Z000C1N22.png,132,0.325,0.325
G2,W0058F0001T0006Z000C1N22.png,133,0.18715955487121574,0.18715955487121574
G2,W0058F0001T0006Z000C1N22.png,134,0.0,0.0
G2,W0058F0001T0006Z000C1N22.png,135,0.18168052317185793,0.18168052317185793
G2,W0058F0001T0006Z000C1N22.png,136,0.11490485194281398,0.11490485194281398
G2,W0058F0001T0006Z000C1N22.png,137,0.45961940777125593,0.45961940777125593
G2,W0058F0001T0006Z000C1N22.png,138,0.325,0.325
G2,W0058F0001T0006Z000C1N22.png,139,0.0,0.0
G2,W0058F0001T0006Z000C1N22.png,140,0.0,0.0
G2,W0058F0001T0006Z000C1N22.png,141,0.1625,0.1625
G2,W0058F0001T0006Z000C1N22.png,142,0.18168052317185793,0.18168052317185793
G2,W0058F0001T0006Z000C1N22.png,143,0.0,0.0
G2,W0058F0001T0006Z000C1N22.png,144,0.5138701197773617,0.5138701197773617
G2,W0058F0001T0006Z000C1N22.png,145,0.22980970388562796,0.22980970388562796
G2,W0058F0001T0006Z000C1N22.png,146,0.0,0.0
G2,W0058F0001T0006Z000C1N22.png,147,0.48750000000000004,0.48750000000000004
G2,W0058F0001T0006Z000C1N22.png,148,0.325,0.325
G2,W0058F0001T0006Z000C1N22.png,149,0.5859020822628983,0.5859020822628983
G2,W0058F0001T0006Z000C1N22.png,150,0.48750000000000004,0.48750000000000004
G2,W0058F0001T0006Z000C1N22.png,151,0.0,0.0
G2,W0058F0001T0006Z000C1N22.png,152,0.1625,0.1625
G2,W0058F0001T0006Z000C1N22.png,153,0.08125,0.08125
G2,W0058F0001T0006Z000C1N22.png,154,0.1625,0.1625
G2,W0058F0001T0006Z000C1N22.png,155,0.22980970388562796,0.22980970388562796
G2,W0058F0001T0006Z000C1N22.png,156,0.0,0.0
G2,W0058F0001T0006Z000C1N22.png,157,0.7267220926874317,0.7267220926874317
G2,W0058F0001T0006Z000C1N22.png,158,0.5138701197773617,0.5138701197773617
G2,W0058F0001T0006Z000C1N36.png,1,13.748815687632883,13.748815687632883
G2,W0058F0001T0006Z000C1N36.png,2,13.48967519273743,13.48967519273743
G2,W0058F0001T0006Z000C1N36.png,3,12.455094687739455,12.455094687739455
G2,W0058F0001T0006Z000C1N36.png,4,4.251479521884117,7.6711360387494105
G2,W0058F0001T0006Z000C1N36.png,5,1.5458866792232864,10.976270569961367
G2,W0058F0001T0006Z000C1N36.png,6,2.4268125072432976,8.047493604863101
G2,W0058F0001T0006Z000C1N36.png,7,4.7390137753017765,5.489253848429676
G2,W0058F0001T0006Z000C1N36.png,8,3.6956923285346797,6.22775151609961
G2,W0058F0001T0006Z000C1N36.png,9,4.017588953588956,4.017588953588956
G2,W0058F0001T0006Z000C1N36.png,10,3.75687910705149,3.75687910705149
G2,W0058F0001T0006Z000C1N36.png,11,0.9510068677459697,7.538756632396353
G2,W0058F0001T0006Z000C1N36.png,12,1.5420860915943997,1.5420860915943997
G2,W0058F0001T0006Z000C1N36.png,13,2.2479623489334113,2.2479623489334113
G2,W0058F0001T0006Z000C1N36.png,14,1.2502999640086367,1.6475929412327557
G2,W0058F0001T0006Z000C1N36.png,15,0.17693883275130862,0.17693883275130862
G2,W0058F0001T0006Z000C1N36.png,16,0.04642857142857242,5.686362860082937
G2,W0058F0001T0006Z000C1N36.png,17,0.0,3.876229643609883
G2,W0058F0001T0006Z000C1N36.png,18,0.1274754878398194,0.1274754878398194
G2,W0058F0001T0006Z000C1N36.png,19,1.7501785623187138,1.7875
G2,W0058F0001T0006Z000C1N36.png,20,0.13541666666666544,2.8100181951269354
G2,W0058F0001T0006Z000C1N36.png,21,0.8870166116752014,8.229390615225357
G2,W0058F0001T0006Z000C1N36.png,22,0.3083220718664165,10.121023910652518
G2,W0058F0001T0006Z000C1N36.png,23,0.05922060518202259,0.05922060518202259
G2,W0058F0001T0006Z000C1N36.png,24,0.09357977743560751,0.09357977743560751
G2,W0058F0001T0006Z000C1N36.png,25,0.04999999999999982,0.04999999999999982
G2,W0058F0001T0006Z000C1N36.png,26,1.5982561681174954,4.174726725603854
G2,W0058F0001T0006Z000C1N36.png,27,0.04642857142857242,4.924110623622654
G2,W0058F0001T0006Z000C1N36.png,28,0.6700046641628699,2.8932302448992893
G2,W0058F0001T0006Z000C1N36.png,29,0.2569350598886809,8.850657637995043
G2,W0058F0001T0006Z000C1N36.png,30,1.8168052317185792,8.202629151680576
G2,W0058F0001T0006Z000C1N36.png,31,4.205580370174846,7.695365894484808
G2,W0058F0002T0006Z000C1N6.png,1,2.2472639614651415,12.343851265407405
G2,W0058F0002T0006Z000C1N6.png,2,1.2375631297028844,10.083645484149073
G2,W0058F0002T0006Z000C1N6.png,3,3.6745486542567383,10.734757871628965
G2,W0058F0002T0006Z000C1N6.png,4,0.2979166666666682,5.405076141025007
G2,W0058F0002T0006Z000C1N6.png,5,0.203125,8.478175681750468
G2,W0058F0002T0006Z000C1N6.png,6,0.8365199489551939,6.068238263697299
G2,W0058F0002T0006Z000C1N6.png,7,0.6540498834186885,3.549053571024253
G2,W0058F0002T0006Z000C1N6.png,8,0.06090951492389787,2.7056684547797207
G2,W0058F0002T0006Z000C1N6.png,9,1.136636559351638,1.136636559351638
G2,W0058F0002T0006Z000C1N6.png,10,1.240227423700992,2.2589838008494
G2,W0058F0002T0006Z000C1N6.png,11,0.09518564869157996,0.09518564869157996
G2,W0058F0002T0006Z000C1N6.png,12,0.0769736842105262,0.0769736842105262
G2,W0058F0002T0006Z000C1N6.png,13,0.06679818801762209,0.06679818801762209
G2,W0058F0002T0006Z000C1N6.png,14,1.3337612249207287,1.6256631300010769
G2,W0058F0002T0006Z000C1N6.png,15,0.06090951492389675,0.10445895631164974
G2,W0058F0002T0006Z000C1N6.png,16,0.08370029746612721,0.08370029746612721
G2,W0058F0002T0006Z000C1N6.png,17,0.06936717923885517,0.06936717923885517
G2,W0058F0002T0006Z000C1N6.png,18,0.04431818181818077,0.04431818181818077
G2,W0058F0002T0006Z000C1N6.png,19,0.1625,2.4157361714392573
G2,W0058F0002T0006Z000C1N6.png,20,0.9598357787779239,6.0560174390619315
G2,W0058F0002T0006Z000C1N6.png,21,0.4237481563381724,3.6841298158452562
G2,W0058F0002T0006Z000C1N6.png,22,0.11490485194281398,1.9668542459979084
G2,W0058F0002T0006Z000C1N6.png,23,0.08125,7.491320498583678
G2,W0058F0002T0006Z000C1N6.png,24,0.20810153771656875,2.7473555467030484
G2,W0058F0002T0006Z000C1N6.png,25,0.05709667997526184,0.05709667997526184
G2,W0058F0002T0006Z000C1N6.png,26,0.0,0.0
G2,W0058F0002T0006Z000C1N6.png,27,0.978379559526874,2.0570856964404767
G2,W0058F0002T0006Z000C1N6.png,28,0.0,1.8950593658247228
G2,W0058F0002T0006Z000C1N6.png,29,0.10445895631164748,0.15910714202897422
G2,W0058F0002T0006Z000C1N6.png,30,1.2192848620587722,1.2192848620587722
G2,W0058F0002T0006Z000C1N7.png,1,0.06090951492389731,0.06090951492389731
G2,W0058F0002T0006Z000C1N7.png,2,0.5867293034357536,0.5867293034357536
G2,W0058F0002T0006Z000C1N7.png,3,0.07721376010229587,0.07721376010229587
G2,W0058F0002T0006Z000C1N7.png,4,0.11490485194281398,0.11490485194281398
G2,W0058F0002T0006Z000C1N7.png,5,0.9192388155425119,1.040507688582838
G2,W0058F0002T0006Z000C1N7.png,6,0.29295104113144915,0.40625
G2,W0058F0002T0006Z000C1N7.png,7,0.05450415695155686,0.05450415695155686
G2,W0058F0002T0006Z000C1N7.png,8,0.07823309068446879,0.07823309068446879
G2,W0058F0002T0006Z000C1N7.png,9,0.033854166666666595,0.033854166666666595
G2,W0058F0002T0006Z000C1N7.png,10,0.06090951492389787,0.06090951492389787
G2,W0058F0002T0006Z000C1N7.png,11,0.046428571428571264,0.046428571428571264
G2,W0058F0002T0006Z000C1N7.png,12,0.11490485194281398,0.11490485194281398
G2,W0058F0002T0006Z000C1N7.png,13,0.06120633462252011,0.06120633462252011
G2,W0058F0002T0006Z000C1N7.png,14,0.05709667997526184,0.05709667997526184
G2,W0058F0002T0006Z000C1N7.png,15,0.0790569415042103,0.0790569415042103
G2,W0058F0002T0006Z000C1N7.png,16,0.028726212985703495,0.028726212985703495
G2,W0058F0002T0006Z000C1N7.png,17,0.06499999999999977,0.06499999999999977
G2,W0058F0002T0006Z000C1N7.png,18,0.07341001711105177,0.07341001711105177
G2,W0058F0002T0006Z000C1N7.png,19,0.016927083333332718,0.016927083333332718
G2,W0058F0002T0006Z000C1N7.png,20,0.05709667997526184,0.05709667997526184
G2,W0058F0002T0006Z000C1N7.png,21,0.08125,0.18168052317185793
G2,W0058F0002T0006Z000C1N7.png,22,1.0741947888741805,2.222338920546949
G2,W0058F0002T0006Z000C1N7.png,23,0.11490485194281398,0.11490485194281398
G2,W0058F0002T0006Z000C1N7.png,24,0.29295104113144915,1.4647552056572457
G2,W0058F0002T0006Z000C1N7.png,25,0.08125,0.08125
G2,W0058F0002T0006Z000C1N7.png,26,0.7941629123831958,1.3820989734147302
G2,W0058F0002T0006Z000C1N7.png,27,0.07267220926874421,0.07267220926874421
G2,W0058F0001T0006Z000C1N27.png,1,1.6256631300010769,2.217541529188003
G2,W0058F0001T0006Z000C1N27.png,2,0.8701487235067392,1.3297146099361132
G2,W0058F0001T0006Z000C1N27.png,3,0.052640537939575544,0.052640537939575544
G2,W0058F0001T0006Z000C1N27.png,4,0.04642857142857242,0.04642857142857242
G2,W0058F0001T0006Z000C1N27.png,5,0.520253844291419,0.7490879871550471
G2,W0058F0001T0006Z000C1N27.png,6,0.05709667997526293,0.05709667997526293
G2,W0058F0001T0006Z000C1N27.png,7,0.41340914123366485,0.42392122073433586
G2,W0058F0001T0006Z000C1N27.png,8,0.0,0.1625
G2,W0058F0001T0006Z000C1N27.png,9,0.08125,0.08125
G2,W0058F0001T0006Z000C1N27.png,10,0.0,0.0
G2,W0058F0001T0006Z000C1N27.png,11,0.06135921783465994,0.06135921783465994
G2,W0058F0001T0006Z000C1N27.png,12,2.6824807781231166,4.7167007139524975
G2,W0058F0001T0006Z000C1N27.png,13,0.0769736842105262,0.0769736842105262
G2,W0058F0001T0006Z000C1N27.png,14,0.11490485194281398,1.3836376422315202
G2,W0058F0001T0006Z000C1N27.png,15,0.032500000000000466,0.032500000000000466
G2,W0058F0001T0006Z000C1N27.png,16,0.553455056892609,0.9447387204936607
G2,W0058F0001T0006Z000C1N27.png,17,0.11490485194281398,1.4937630752565816
G2,W0058F0001T0006Z000C1N27.png,18,0.04642857142857242,0.04642857142857242
G2,W0058F0001T0006Z000C1N27.png,19,0.07660323462854156,0.12112034878123895
G2,W0058F0001T0006Z000C1N27.png,20,0.0,0.0
G2,W0058F0001T0006Z000C1N27.png,21,0.9510068677459697,1.261339194071127
G2,W0058F0001T0006Z000C1N27.png,22,0.04642857142857242,0.04642857142857242
G2,W0058F0001T0006Z000C1N27.png,23,0.13626039237889345,0.13626039237889345
G2,W0058F0001T0006Z000C1N27.png,24,0.08125,0.08125
G2,W0058F0001T0006Z000C1N27.png,25,1.5775896369144926,1.744511482478691
G2,W0058F0001T0006Z000C1N27.png,26,0.57452425971407,1.284675299443404
G2,W0058F0001T0006Z000C1N27.png,27,0.08125,0.08125
G2,W0058F0001T0006Z000C1N27.png,28,0.04642857142857141,0.04642857142857141
G2,W0058F0001T0006Z000C1N27.png,29,0.030280087195310515,0.030280087195310515
G2,W0058F0001T0006Z000C1N27.png,30,0.10405076885828438,0.10405076885828438
G2,W0058F0001T0006Z000C1N19.png,1,0.04431818181818178,0.04431818181818178
G2,W0058F0001T0006Z000C1N19.png,2,0.09459160805298482,0.09459160805298482
G2,W0058F0001T0006Z000C1N19.png,3,0.11490485194281398,0.11490485194281398
G2,W0058F0001T0006Z000C1N19.png,4,0.050052993039260814,0.050052993039260814
G2,W0058F0001T0006Z000C1N19.png,5,0.0,0.0
G2,W0058F0001T0006Z000C1N19.png,6,0.0,0.0
G2,W0058F0001T0006Z000C1N19.png,7,0.0,0.0
G2,W0058F0001T0006Z000C1N19.png,8,0.0,0.0
G2,W0058F0001T0006Z000C1N19.png,9,0.057284060549707576,0.057284060549707576
G2,W0058F0001T0006Z000C1N19.png,10,0.0,0.0
G2,W0058F0001T0006Z000C1N19.png,11,0.03611111111111098,0.03611111111111098
G2,W0058F0001T0006Z000C1N19.png,12,0.08125,0.08125
G2,W0058F0001T0006Z000C1N19.png,13,0.0,0.0
G2,W0058F0001T0006Z000C1N19.png,14,2.988423709839562,5.891500473735977
G2,W0058F0003T0006Z000C1N20.png,1,0.7312500000000001,0.7312500000000001
G2,W0058F0003T0006Z000C1N20.png,2,0.08636993472846824,0.08636993472846824
G2,W0058F0003T0006Z000C1N20.png,3,0.08370029746612852,0.08370029746612852
G2,W0058F0003T0006Z000C1N20.png,4,0.1261380082256757,0.1261380082256757
G2,W0058F0003T0006Z000C1N20.png,5,0.05709667997526293,0.05709667997526293
G2,W0058F0003T0006Z000C1N20.png,6,0.11490485194281398,0.11490485194281398
G2,W0058F0003T0006Z000C1N20.png,7,0.0695892857063571,0.0695892857063571
G2,W0058F0003T0006Z000C1N20.png,8,0.0976503470438166,0.0976503470438166
G2,W0058F0003T0006Z000C1N20.png,9,0.08125,0.08125
G2,W0058F0003T0006Z000C1N20.png,10,0.046428571428571264,0.046428571428571264
G2,W0058F0003T0006Z000C1N20.png,11,0.09084026158592896,0.09084026158592896
G2,W0058F0003T0006Z000C1N20.png,12,0.08125,0.08125
G2,W0058F0003T0006Z000C1N20.png,13,0.0,0.0
G2,W0058F0003T0006Z000C1N20.png,14,0.07267220926874317,0.07267220926874317
G2,W0058F0003T0006Z000C1N20.png,15,0.07660323462854238,0.07660323462854238
G2,W0058F0003T0006Z000C1N20.png,16,0.040625,0.040625
G2,W0058F0003T0006Z000C1N20.png,17,0.08750892811593587,0.08750892811593587
G2,W0058F0003T0006Z000C1N20.png,18,0.05416666666666682,0.05416666666666682
G2,W0058F0003T0006Z000C1N20.png,19,0.08125,0.08125
G2,W0058F0003T0006Z000C1N20.png,20,0.07267220926874421,0.07267220926874421
G2,W0058F0003T0006Z000C1N20.png,21,0.09128775326737407,0.09128775326737407
G2,W0058F0003T0006Z000C1N20.png,22,0.040625,0.040625
G2,W0058F0003T0006Z000C1N20.png,23,0.0,0.0
G2,W0058F0003T0006Z000C1N20.png,24,0.03943392856693612,0.03943392856693612
G2,W0058F0003T0006Z000C1N20.png,25,0.07660323462854238,0.07660323462854238
G2,W0058F0003T0006Z000C1N20.png,26,0.05709667997526184,0.05709667997526184
G2,W0058F0003T0006Z000C1N20.png,27,0.08125,0.08125
G2,W0058F0003T0006Z000C1N20.png,28,0.1625,0.1625
G2,W0058F0003T0006Z000C1N20.png,29,0.08125,0.08125
G2,W0058F0003T0006Z000C1N20.png,30,0.0,0.0
G2,W0058F0003T0006Z000C1N20.png,31,0.0,0.0
G2,W0058F0003T0006Z000C1N20.png,32,0.12112034878123895,0.12112034878123895
G2,W0058F0003T0006Z000C1N20.png,33,0.11490485194281398,0.11490485194281398
G2,W0058F0003T0006Z000C1N20.png,34,0.01911764705882346,0.01911764705882346
G2,W0058F0003T0006Z000C1N20.png,35,0.08125,0.08125
G2,W0058F0003T0006Z000C1N20.png,36,0.05147584006819825,0.05147584006819825
G2,W0058F0003T0006Z000C1N20.png,37,0.05264053793957515,0.05264053793957515
G2,W0058F0003T0006Z000C1N20.png,38,0.18168052317185793,0.18168052317185793
G2,W0058F0003T0006Z000C1N20.png,39,0.5016817420561566,0.5016817420561566
G2,W0058F0003T0006Z000C1N20.png,40,0.0,0.0
G2,W0058F0003T0006Z000C1N20.png,41,0.14252192813739104,0.14252192813739104
G2,W0058F0002T0006Z000C1N26.png,1,4.225781177782399,4.225781177782399
G2,W0058F0002T0006Z000C1N26.png,2,1.8685305055042583,2.056886299725874
G2,W0058F0002T0006Z000C1N26.png,3,0.5456591805573614,0.5456591805573614
G2,W0058F0002T0006Z000C1N26.png,4,0.16750116604071746,0.16750116604071746
G2,W0058F0002T0006Z000C1N26.png,5,0.03830161731427078,0.03830161731427078
G2,W0058F0002T0006Z000C1N26.png,6,0.05583372201357268,0.05583372201357268
G2,W0058F0002T0006Z000C1N26.png,7,0.669803552147485,1.6283956867896399
G2,W0058F0002T0006Z000C1N26.png,8,0.0977434212638744,0.0977434212638744
G2,W0058F0002T0006Z000C1N26.png,9,0.10405076885828438,0.10405076885828438
G2,W0058F0002T0006Z000C1N26.png,10,0.07581580895986945,0.07581580895986945
G2,W0058F0002T0006Z000C1N26.png,11,0.07284482758620588,0.07284482758620588
G2,W0058F0002T0006Z000C1N26.png,12,0.08125,0.8165523942160723
G2,W0058F0002T0006Z000C1N26.png,13,0.08125,0.08125
G2,W0058F0002T0006Z000C1N26.png,14,0.11490485194281398,0.11490485194281398
G2,W0058F0002T0006Z000C1N26.png,15,0.40625,0.40625
G2,W0058F0002T0006Z000C1N26.png,16,0.07007319815145821,0.07007319815145821
G2,W0058F0003T0006Z000C1N21.png,1,0.08125,1.0562500000000001
G2,W0058F0003T0006Z000C1N21.png,2,0.05709667997526293,0.05709667997526293
G2,W0058F0003T0006Z000C1N21.png,3,0.08125,0.08125
G2,W0058F0003T0006Z000C1N21.png,4,0.1027740239554727,0.1027740239554727
G2,W0058F0003T0006Z000C1N21.png,5,0.07267220926874421,0.07267220926874421
G2,W0058F0003T0006Z000C1N21.png,6,0.08125,0.08125
G2,W0058F0003T0006Z000C1N21.png,7,1.5676197372529477,1.5676197372529477
G2,W0058F0003T0006Z000C1N21.png,8,0.06090951492389675,0.06090951492389675
G2,W0058F0003T0006Z000C1N21.png,9,0.0902777777777778,0.0902777777777778
G2,W0058F0003T0006Z000C1N21.png,10,0.9510068677459697,1.1633229613912037
G2,W0058F0003T0006Z000C1N21.png,11,2.2169490930668663,2.2169490930668663
G2,W0058F0003T0006Z000C1N21.png,12,0.08125,0.08125
G2,W0058F0003T0006Z000C1N21.png,13,1.6451871094194728,1.6451871094194728
G2,W0058F0003T0006Z000C1N21.png,14,0.03853732179936384,0.03853732179936384
G2,W0058F0003T0006Z000C1N21.png,15,0.08750892811593587,0.08750892811593587
G2,W0058F0003T0006Z000C1N21.png,16,0.046428571428571264,0.046428571428571264
G2,W0058F0003T0006Z000C1N21.png,17,0.06090951492389675,0.06090951492389675
G2,W0058F0003T0006Z000C1N21.png,18,0.040625,0.040625
G2,W0058F0003T0006Z000C1N21.png,19,0.981747485354559,1.284675299443404
G2,W0058F0003T0006Z000C1N21.png,20,0.5290616693732415,0.5290616693732415
G2,W0058F0003T0006Z000C1N21.png,21,0.0,0.0
G2,W0058F0003T0006Z000C1N21.png,22,2.643582448795621,2.643582448795621
G2,W0058F0003T0006Z000C1N21.png,23,0.09596659414274282,0.09596659414274282
G2,W0058F0003T0006Z000C1N21.png,24,0.0,0.0
G2,W0058F0003T0006Z000C1N21.png,25,0.040625,0.16750116604071746
G2,W0058F0003T0006Z000C1N21.png,26,0.04447929752625012,0.04447929752625012
G2,W0058F0003T0006Z000C1N21.png,27,0.07660323462854156,0.07660323462854156
G2,W0058F0003T0006Z000C1N21.png,28,1.0900831390311476,1.0900831390311476
G2,W0058F0003T0006Z000C1N21.png,29,0.04620721821812994,0.04620721821812994
G2,W0058F0003T0006Z000C1N21.png,30,0.0,0.0
G2,W0058F0003T0006Z000C1N21.png,31,1.146701124699786,1.3464285714285706
G2,W0058F0003T0006Z000C1N21.png,32,0.020891791262330407,0.020891791262330407
G2,W0058F0003T0006Z000C1N21.png,33,0.0,0.0
G2,W0058F0003T0006Z000C1N21.png,34,0.07267220926874421,0.07267220926874421
G2,W0058F0003T0006Z000C1N21.png,35,1.2375631297028853,1.79487116529293
G2,W0058F0003T0006Z000C1N21.png,36,0.1401463963029157,0.1401463963029157
G2,W0058F0003T0006Z000C1N21.png,37,0.6182370064736242,1.6734022325453495
G2,W0058F0003T0006Z000C1N21.png,38,1.1948170950505352,2.122243156573959
G2,W0058F0003T0006Z000C1N21.png,39,1.5724761524423834,2.4881079659050167
G2,W0058F0003T0006Z000C1N21.png,40,0.36336104634371585,0.9884489111734607
G2,W0058F0003T0006Z000C1N21.png,41,0.1625,0.1625
G2,W0058F0003T0006Z000C1N21.png,42,0.3726043050530208,1.1958096056149108
G2,W0058F0003T0006Z000C1N21.png,43,0.08125,0.08125
G2,W0058F0003T0006Z000C1N21.png,44,0.08207489424486708,0.08207489424486708
G2,W0058F0003T0006Z000C1N21.png,45,0.0784718808033655,0.0784718808033655
G2,W0058F0003T0006Z000C1N21.png,46,0.04642857142857242,0.04642857142857242
G2,W0058F0003T0006Z000C1N21.png,47,0.08891329959954858,0.08891329959954858
G2,W0058F0002T0006Z000C1N25.png,1,0.10151585820649545,0.10151585820649545
G2,W0058F0002T0006Z000C1N25.png,2,0.061892109148032136,0.061892109148032136
G2,W0058F0002T0006Z000C1N25.png,3,0.40625,0.40625
G2,W0058F0002T0006Z000C1N25.png,4,0.07267220926874395,0.07267220926874395
G2,W0058F0002T0006Z000C1N25.png,5,0.03977678550724463,0.03977678550724463
G2,W0058F0002T0006Z000C1N25.png,6,0.07786308135936805,0.07786308135936805
G2,W0058F0002T0006Z000C1N25.png,7,0.0,0.1625
G2,W0058F0002T0006Z000C1N25.png,8,0.08478424414686737,0.08478424414686737
G2,W0058F0002T0006Z000C1N25.png,9,0.08125,0.08125
G2,W0058F0002T0006Z000C1N25.png,10,0.08670604483977726,0.08670604483977726
G2,W0058F0002T0006Z000C1N25.png,11,0.07660323462854238,0.07660323462854238
G2,W0058F0002T0006Z000C1N25.png,12,0.026352313834737864,0.15618054011659332
G2,W0058F0002T0006Z000C1N25.png,13,0.06550584420492514,0.06550584420492514
G2,W0058F0002T0006Z000C1N25.png,14,0.08125,0.18168052317185793
G2,W0058F0002T0006Z000C1N25.png,15,0.0919238815542525,0.0919238815542525
G2,W0058F0002T0006Z000C1N25.png,16,0.0766032346285432,0.12112034878124
G2,W0058F0002T0006Z000C1N25.png,17,0.0,0.0
G2,W0058F0002T0006Z000C1N25.png,18,0.08125,0.08125
G2,W0058F0002T0006Z000C1N25.png,19,0.040625,0.040625
G2,W0058F0002T0006Z000C1N25.png,20,0.07755486409274767,0.07755486409274767
G2,W0058F0002T0006Z000C1N25.png,21,0.060937500000000006,0.060937500000000006
G2,W0058F0002T0006Z000C1N25.png,22,0.0541666666666659,0.0541666666666659
G2,W0058F0002T0006Z000C1N25.png,23,0.01816805231718476,0.01816805231718476
G2,W0058F0002T0006Z000C1N25.png,24,0.3907187387526992,0.3907187387526992
G2,W0058F0002T0006Z000C1N25.png,25,0.8194537146757395,1.047093576848644
G2,W0058F0002T0006Z000C1N25.png,26,0.08125,0.08125
G2,W0058F0002T0006Z000C1N25.png,27,0.08125,0.08125
G2,W0058F0002T0006Z000C1N25.png,28,1.2078680857196287,1.4647552056572457
G2,W0058F0003T0006Z000C1N23.png,1,0.0,0.0
G2,W0058F0003T0006Z000C1N23.png,2,0.016576455476689164,0.016576455476689164
G2,W0058F0003T0006Z000C1N23.png,3,1.1272799256902415,1.1272799256902415
G2,W0058F0003T0006Z000C1N23.png,4,0.05076662289339299,0.05076662289339299
G2,W0058F0003T0006Z000C1N23.png,5,0.08125,0.08125
G2,W0058F0003T0006Z000C1N23.png,6,0.08125,0.08125
G2,W0058F0003T0006Z000C1N23.png,7,1.1718041645257966,1.1718041645257966
G2,W0058F0003T0006Z000C1N23.png,8,0.07719937774108784,0.07719937774108784
G2,W0058F0003T0006Z000C1N23.png,9,0.6182370064736257,0.6182370064736257
G2,W0058F0003T0006Z000C1N23.png,10,1.0846866547021254,1.0846866547021254
G2,W0058F0003T0006Z000C1N23.png,11,1.529918298472177,1.827240063593178
G2,W0058F0003T0006Z000C1N23.png,12,1.1954799310841644,1.488649896928421
G2,W0058F0003T0006Z000C1N23.png,13,0.08125,0.08125
G2,W0058F0003T0006Z000C1N23.png,14,0.1625,0.1625
G2,W0058F0003T0006Z000C1N23.png,15,0.06688636749760553,0.06688636749760553
G2,W0058F0003T0006Z000C1N23.png,16,0.08125,0.08125
G2,W0058F0003T0006Z000C1N23.png,17,0.08188230525615714,0.08188230525615714
G2,W0058F0003T0006Z000C1N23.png,18,0.08081408031212306,0.08081408031212306
G2,W0058F0003T0006Z000C1N23.png,19,0.046428571428571264,0.046428571428571264
G2,W0058F0003T0006Z000C1N23.png,20,0.08891329959954812,0.08891329959954812
G2,W0058F0003T0006Z000C1N23.png,21,0.13959849589042683,0.13959849589042683
G2,W0058F0003T0006Z000C1N23.png,22,0.11490485194281398,0.11490485194281398
G2,W0058F0003T0006Z000C1N23.png,23,0.16900255100115485,0.16900255100115485
G2,W0058F0003T0006Z000C1N23.png,24,0.1778686197478459,0.1778686197478459
G2,W0058F0003T0006Z000C1N23.png,25,0.07551903733496566,0.07551903733496566
G2,W0058F0003T0006Z000C1N23.png,26,0.05834015551637442,0.05834015551637442
G2,W0058F0003T0006Z000C1N23.png,27,1.3101168840985142,1.3400093283257397
G2,W0058F0003T0006Z000C1N23.png,28,0.08125000000000046,0.08125000000000046
G2,W0058F0003T0006Z000C1N23.png,29,0.12112034878123895,0.12112034878123895
G2,W0058F0003T0006Z000C1N23.png,30,1.708183428382327,1.708183428382327
G2,W0058F0003T0006Z000C1N2.png,1,3.527597668740017,7.713616714129631
G2,W0058F0003T0006Z000C1N2.png,2,2.9974533461757162,8.123781158580037
G2,W0058F0003T0006Z000C1N2.png,3,0.05859020822628977,0.05859020822628977
G2,W0058F0003T0006Z000C1N2.png,4,3.5050688741449862,9.670115449802035
G2,W0058F0003T0006Z000C1N2.png,5,4.901443200479922,11.519571794837677
G2,W0058F0003T0006Z000C1N2.png,6,4.367633704141605,17.721411909964868
G2,W0058F0003T0006Z000C1N2.png,7,3.3104043751082908,15.123277313799063
G2,W0058F0003T0006Z000C1N2.png,8,2.6527845040636078,18.133500161992995
G2,W0058F0003T0006Z000C1N2.png,9,3.209385649933645,20.46978337086155
G2,W0058F0003T0006Z000C1N2.png,10,1.4937630752565816,9.847687704481697
G2,W0058F0003T0006Z000C1N2.png,11,1.7152961916492742,10.92383256294794
G2,W0058F0003T0006Z000C1N2.png,12,1.7139706276654803,9.847352515397223
G2,W0058F0003T0006Z000C1N2.png,13,4.028951476501052,8.170890404356188
G2,W0058F0003T0006Z000C1N2.png,14,0.07905694150420811,0.07905694150420811
G2,W0058F0001T0006Z000C1N41.png,1,0.12388444811289115,0.12388444811289115
G2,W0058F0001T0006Z000C1N41.png,2,0.7457758648716114,0.7457758648716114
G2,W0058F0001T0006Z000C1N41.png,3,0.20202702702702685,0.20202702702702685
G2,W0058F0001T0006Z000C1N41.png,4,2.0473955437083213,2.0473955437083213
G2,W0058F0001T0006Z000C1N41.png,5,0.6700046641628699,0.8125
G2,W0058F0001T0006Z000C1N41.png,6,0.775823926319808,0.7912097187207127
G2,W0058F0001T0006Z000C1N41.png,7,0.08125,0.08125
G2,W0058F0001T0006Z000C1N41.png,8,0.0,0.0
G2,W0058F0001T0006Z000C1N41.png,9,0.05469308007245981,0.05469308007245981
G2,W0058F0001T0006Z000C1N41.png,10,0.07021963174283112,0.07021963174283112
G2,W0058F0001T0006Z000C1N41.png,11,0.6511274943426127,0.6511274943426127
G2,W0058F0001T0006Z000C1N41.png,12,0.0766032346285432,0.0766032346285432
G2,W0058F0001T0006Z000C1N41.png,13,0.06226409773726825,0.06226409773726825
G2,W0058F0001T0006Z000C1N41.png,14,0.0756287681486009,0.0756287681486009
G2,W0058F0001T0006Z000C1N41.png,15,0.08750892811593587,0.08750892811593587
G2,W0058F0001T0006Z000C1N41.png,16,0.3722948726778574,0.3722948726778574
G2,W0058F0001T0006Z000C1N41.png,17,0.060937500000000006,0.060937500000000006
G2,W0058F0001T0006Z000C1N41.png,18,0.058144053598439896,0.058144053598439896
G2,W0058F0001T0006Z000C1N41.png,19,0.028726212985703495,0.028726212985703495
G2,W0058F0001T0006Z000C1N41.png,20,0.11490485194281398,0.11490485194281398
G2,W0058F0001T0006Z000C1N41.png,21,0.06316864552749032,0.06316864552749032
G2,W0058F0001T0006Z000C1N41.png,22,0.05909090909090962,0.05909090909090962
G2,W0058F0001T0006Z000C1N41.png,23,0.0,0.0
G2,W0058F0001T0006Z000C1N41.png,24,0.11490485194281398,0.11490485194281398
G2,W0058F0001T0006Z000C1N41.png,25,0.04642857142857242,0.04642857142857242
G2,W0058F0001T0006Z000C1N41.png,26,0.8788531233943475,0.8788531233943475
G2,W0058F0001T0006Z000C1N41.png,27,0.0,0.0
G2,W0058F0001T0006Z000C1N41.png,28,0.06958928570635742,0.06958928570635742
G2,W0058F0001T0006Z000C1N41.png,29,0.06155536126122465,0.06155536126122465
G2,W0058F0001T0006Z000C1N41.png,30,0.04861607117551907,0.04861607117551907
G2,W0058F0001T0006Z000C1N41.png,31,0.16034901170744878,0.16034901170744878
G2,W0058F0001T0006Z000C1N41.png,32,1.0014182405162004,1.4273312978222366
G2,W0058F0001T0006Z000C1N41.png,33,0.9755415162872362,0.9755415162872362
G2,W0058F0001T0006Z000C1N41.png,34,1.6431795588127307,1.6431795588127307
G2,W0058F0002T0006Z000C1N34.png,1,2.847638056354776,2.847638056354776
G2,W0058F0002T0006Z000C1N34.png,2,0.05922060518202259,0.05922060518202259
G2,W0058F0002T0006Z000C1N34.png,3,0.48695803207258037,0.48695803207258037
G2,W0058F0002T0006Z000C1N34.png,4,0.018196067834702033,0.018196067834702033
G2,W0058F0002T0006Z000C1N34.png,5,0.08750892811593587,0.08750892811593587
G2,W0058F0002T0006Z000C1N34.png,6,1.3072194295068313,1.3072194295068313
G2,W0058F0002T0006Z000C1N34.png,7,1.3797197405632786,1.4488039247945188
G2,W0058F0002T0006Z000C1N34.png,8,0.07267220926874317,0.07267220926874317
G2,W0058F0002T0006Z000C1N34.png,9,0.16693767614371197,0.16693767614371197
G2,W0058F0002T0006Z000C1N34.png,10,0.06770833333333365,0.06770833333333365
G2,W0058F0002T0006Z000C1N34.png,11,0.05509903576546364,0.05509903576546364
G2,W0058F0002T0006Z000C1N34.png,12,0.014772727272727692,0.014772727272727692
G2,W0058F0002T0006Z000C1N34.png,13,0.0,0.0
G2,W0058F0002T0006Z000C1N34.png,14,0.08125,0.08125
G2,W0058F0002T0006Z000C1N34.png,15,1.1964734966245598,1.1964734966245598
G2,W0058F0002T0006Z000C1N34.png,16,0.011206896551724377,0.011206896551724377
G2,W0058F0002T0006Z000C1N34.png,17,0.0892669446600988,0.0892669446600988
G2,W0058F0002T0006Z000C1N34.png,18,0.0,0.0
G2,W0058F0002T0006Z000C1N34.png,19,0.6702479042014383,0.6767823405052424
G2,W0058F0002T0006Z000C1N34.png,20,0.0,0.0
G2,W0058F0002T0006Z000C1N34.png,21,0.0884095583067807,0.0884095583067807
G2,W0058F0002T0006Z000C1N34.png,22,0.11490485194281398,0.11490485194281398
G2,W0058F0002T0006Z000C1N34.png,23,0.043597560975609365,0.043597560975609365
G2,W0058F0002T0006Z000C1N34.png,24,0.06936717923885517,0.06936717923885517
G2,W0058F0002T0006Z000C1N34.png,25,0.222082787407781,0.222082787407781
G2,W0058F0001T0006Z000C1N50.png,1,0.03250000000000003,0.03250000000000003
G2,W0058F0001T0006Z000C1N50.png,2,0.07432197775591756,0.07432197775591756
G2,W0058F0001T0006Z000C1N50.png,3,1.21875,2.0826009129211482
G2,W0058F0001T0006Z000C1N50.png,4,0.05709667997526266,0.05709667997526266
G2,W0058F0001T0006Z000C1N50.png,5,0.028726212985703495,0.028726212985703495
G2,W0058F0001T0006Z000C1N50.png,6,0.08125,0.08125
G2,W0058F0001T0006Z000C1N50.png,7,0.08125,0.08125
G2,W0058F0001T0006Z000C1N50.png,8,1.3,1.600439392791867
G2,W0058F0001T0006Z000C1N50.png,9,0.09406342284523343,0.09406342284523343
G2,W0058F0001T0006Z000C1N50.png,10,0.053033008588990474,0.053033008588990474
G2,W0058F0001T0006Z000C1N50.png,11,0.0,1.79487116529293
G2,W0058F0001T0006Z000C1N50.png,12,0.041196942735320895,0.041196942735320895
G2,W0058F0001T0006Z000C1N50.png,13,0.11490485194281398,0.11490485194281398
G2,W0058F0001T0006Z000C1N50.png,14,0.032500000000000466,0.326620957686429
G2,W0058F0001T0006Z000C1N50.png,15,0.5220153254455279,0.6792689084596766
G2,W0058F0001T0006Z000C1N50.png,16,0.046428571428571264,0.046428571428571264
G2,W0058F0001T0006Z000C1N50.png,17,0.0383016173142716,0.13809844515980377
G2,W0058F0001T0006Z000C1N50.png,18,0.7267220926874317,2.569350598886808
G2,W0058F0001T0006Z000C1N50.png,19,0.284375,2.9252821044516377
G2,W0058F0001T0006Z000C1N50.png,20,1.0277402395547235,4.237481563381722
G2,W0058F0001T0006Z000C1N50.png,21,0.08125,3.520104091145601
G2,W0058F0001T0006Z000C1N50.png,22,1.4250169210604633,4.412542842445811
G2,W0058F0001T0006Z000C1N50.png,23,1.1375,4.2747075923389195
G2,W0058F0001T0006Z000C1N50.png,24,0.12019156279446372,0.12019156279446372
G2,W0058F0001T0006Z000C1N50.png,25,0.08125,0.6550584420492571
G2,W0058F0001T0006Z000C1N50.png,26,3.1290296333337895,3.6784387549004696
G2,W0058F0001T0006Z000C1N50.png,27,0.07647058823529385,0.07647058823529385
G2,W0058F0002T0006Z000C1N21.png,1,3.842429244631578,
G2,W0058F0002T0006Z000C1N21.png,2,9.149598219017294,
G2,W0058F0002T0006Z000C1N21.png,3,0.43536207264473653,
G2,W0058F0002T0006Z000C1N21.png,4,6.074194248828212,
G2,W0058F0003T0006Z000C1N4.png,1,3.393099615395929,15.077513264792707
G2,W0058F0003T0006Z000C1N4.png,2,7.096040073324152,12.660292392840784
G2,W0058F0003T0006Z000C1N4.png,3,5.902468960342454,10.568831010804791
G2,W0058F0003T0006Z000C1N4.png,4,3.9244675196133296,6.072044677248349
G2,W0058F0003T0006Z000C1N4.png,5,3.6703315839240487,7.044422670037072
G2,W0058F0003T0006Z000C1N4.png,6,3.136292098163052,8.724449302104976
G2,W0058F0003T0006Z000C1N4.png,7,2.611400785498082,7.537005062523177
G2,W0058F0003T0006Z000C1N4.png,8,1.3060544277981192,1.742230908918991
G2,W0058F0003T0006Z000C1N4.png,9,0.15330219339591944,0.15330219339591944
G2,W0058F0003T0006Z000C1N4.png,10,0.7942577116402458,1.2385229357989298
G2,W0058F0003T0006Z000C1N4.png,11,0.575135853516367,5.091414341811125
G2,W0058F0003T0006Z000C1N4.png,12,5.226750043346725,7.55941633928341
G2,W0058F0003T0006Z000C1N4.png,13,0.9215808290593911,2.2916392237070498
G2,W0058F0003T0006Z000C1N4.png,14,1.4829516201860733,1.4829516201860733
G2,W0058F0003T0006Z000C1N4.png,15,0.10054174544996224,0.10054174544996224
G2,W0058F0003T0006Z000C1N4.png,16,0.08125,0.08125
G2,W0058F0003T0006Z000C1N4.png,17,0.1625,1.625
G2,W0058F0003T0006Z000C1N4.png,18,1.7583193288606311,2.3392352775369716
G2,W0058F0003T0006Z000C1N4.png,19,1.0803500590086519,2.7653661602037443
G2,W0058F0003T0006Z000C1N4.png,20,1.3270179209415371,3.562461622600306
G2,W0058F0003T0006Z000C1N4.png,21,0.053263825660263074,0.053263825660263074
G2,W0058F0003T0006Z000C1N4.png,22,1.757706246788695,2.4375
G2,W0058F0003T0006Z000C1N4.png,23,0.08125,5.465534769123695
G2,W0058F0003T0006Z000C1N4.png,24,1.0931069538247389,3.527597668740017
G2,W0058F0002T0006Z000C1N23.png,1,0.0747593244972601,0.0747593244972601
G2,W0058F0002T0006Z000C1N23.png,2,0.7940371924123125,1.1862878727782282
G2,W0058F0002T0006Z000C1N23.png,3,0.17341794809713953,0.17341794809713953
G2,W0058F0002T0006Z000C1N23.png,4,1.243549764032385,3.7903364482094464
G2,W0058F0002T0006Z000C1N23.png,5,0.8482749038489823,4.127787883661175
G2,W0058F0002T0006Z000C1N23.png,6,0.12753012097473207,0.12753012097473207
G2,W0058F0002T0006Z000C1N23.png,7,3.0090594979993335,3.875173584821718
G2,W0058F0001T0006Z000C1N46.png,1,0.06488590113280639,0.06488590113280639
G2,W0058F0001T0006Z000C1N46.png,2,0.05745242597140699,0.05745242597140699
G2,W0058F0001T0006Z000C1N46.png,3,0.046428571428571264,0.046428571428571264
G2,W0058F0001T0006Z000C1N46.png,4,0.06738424455226284,0.06738424455226284
G2,W0058F0001T0006Z000C1N46.png,5,0.0383016173142716,0.0383016173142716
G2,W0058F0001T0006Z000C1N46.png,6,0.04814814814814836,0.04814814814814836
G2,W0058F0001T0006Z000C1N46.png,7,0.07955357101448668,0.07955357101448668
G2,W0058F0001T0006Z000C1N46.png,8,0.0,0.0
G2,W0058F0001T0006Z000C1N46.png,9,0.088280865903785,0.088280865903785
G2,W0058F0001T0006Z000C1N46.png,10,0.06510023136254514,0.06510023136254514
G2,W0058F0001T0006Z000C1N46.png,11,0.032500000000000466,0.032500000000000466
G2,W0058F0001T0006Z000C1N46.png,12,0.0825820559872079,0.0825820559872079
G2,W0058F0001T0006Z000C1N46.png,13,0.0,0.0
G2,W0058F0001T0006Z000C1N46.png,14,0.08125,0.08125
G2,W0058F0001T0006Z000C1N46.png,15,0.0,0.0
G2,W0058F0001T0006Z000C1N46.png,16,0.08891329959954812,0.08891329959954812
G2,W0058F0001T0006Z000C1N46.png,17,0.06904922257990177,0.06904922257990177
G2,W0058F0001T0006Z000C1N46.png,18,0.05709667997526184,0.05709667997526184
G2,W0058F0001T0006Z000C1N46.png,19,0.0541666666666659,0.0541666666666659
G2,W0058F0001T0006Z000C1N46.png,20,0.09363599839438089,0.09363599839438089
G2,W0058F0001T0006Z000C1N46.png,21,0.08670897404856949,0.08670897404856949
G2,W0058F0001T0006Z000C1N46.png,22,0.06936717923885517,0.06936717923885517
G2,W0058F0001T0006Z000C1N46.png,23,0.041196942735320895,0.041196942735320895
G2,W0058F0001T0006Z000C1N46.png,24,0.0,0.0
G2,W0058F0001T0006Z000C1N46.png,25,0.04642857142857242,0.04642857142857242
G2,W0058F0001T0006Z000C1N46.png,26,0.028726212985703495,0.028726212985703495
G2,W0058F0001T0006Z000C1N46.png,27,0.09363599839438089,0.09363599839438089
G2,W0058F0001T0006Z000C1N46.png,28,0.028726212985703495,0.028726212985703495
G2,W0058F0001T0006Z000C1N46.png,29,0.07786308135936805,0.07786308135936805
G2,W0058F0001T0006Z000C1N46.png,30,0.025170592702299308,0.025170592702299308
G2,W0058F0001T0006Z000C1N46.png,31,0.0626753737869887,0.0626753737869887
G2,W0058F0001T0006Z000C1N46.png,32,0.032500000000000466,0.032500000000000466
G2,W0058F0001T0006Z000C1N46.png,33,0.06728908265624559,0.06728908265624559
G2,W0058F0001T0006Z000C1N46.png,34,0.0,0.0
G2,W0058F0001T0006Z000C1N46.png,35,0.046428571428571264,0.046428571428571264
G2,W0058F0001T0006Z000C1N46.png,36,0.09750563632685177,0.09750563632685177
G2,W0058F0001T0006Z000C1N46.png,37,0.08683426232101636,0.08683426232101636
G2,W0058F0001T0006Z000C1N46.png,38,0.09030088593142438,0.09030088593142438
G2,W0058F0001T0006Z000C1N46.png,39,0.07649706238815107,0.07649706238815107
G2,W0058F0001T0006Z000C1N46.png,40,0.06770833333333456,0.06770833333333456
G2,W0058F0003T0006Z000C1N9.png,1,0.06288232223736237,0.06288232223736237
G2,W0058F0003T0006Z000C1N9.png,2,0.7704203501135861,0.7704203501135861
G2,W0058F0003T0006Z000C1N9.png,3,1.3004061865432663,1.3004061865432663
G2,W0058F0003T0006Z000C1N9.png,4,0.11490485194281398,0.11490485194281398
G2,W0058F0003T0006Z000C1N9.png,5,0.0695892857063571,0.0695892857063571
G2,W0058F0003T0006Z000C1N9.png,6,0.0,0.0
G2,W0058F0003T0006Z000C1N9.png,7,0.08125,0.08125
G2,W0058F0003T0006Z000C1N9.png,8,0.040625,0.040625
G2,W0058F0003T0006Z000C1N9.png,9,0.08125,0.08125
G2,W0058F0003T0006Z000C1N9.png,10,0.08125,0.08125
G2,W0058F0003T0006Z000C1N9.png,11,0.11490485194281398,0.11490485194281398
G2,W0058F0003T0006Z000C1N9.png,12,0.07169805193988371,0.07169805193988371
G2,W0058F0003T0006Z000C1N9.png,13,0.08125,0.08125
G2,W0058F0003T0006Z000C1N9.png,14,0.08125,0.08125
G2,W0058F0003T0006Z000C1N9.png,15,0.57452425971407,0.6187815648514426
G2,W0058F0003T0006Z000C1N9.png,16,0.07660323462854238,0.07660323462854238
G2,W0058F0003T0006Z000C1N9.png,17,0.08125,0.08125
G2,W0058F0003T0006Z000C1N9.png,18,0.08125,0.08125
G2,W0058F0003T0006Z000C1N9.png,19,0.04062500000000023,0.04062500000000023
G2,W0058F0003T0006Z000C1N9.png,20,0.08125,0.08125
G2,W0058F0003T0006Z000C1N9.png,21,0.0,0.0
G2,W0058F0003T0006Z000C1N9.png,22,1.22213072771492,1.22213072771492
G2,W0058F0003T0006Z000C1N9.png,23,0.11490485194281398,0.11490485194281398
G2,W0058F0003T0006Z000C1N9.png,24,0.08125,0.08125
G2,W0058F0003T0006Z000C1N9.png,25,0.09357977743560865,0.09357977743560865
G2,W0058F0003T0006Z000C1N9.png,26,0.06589659407823038,0.06589659407823038
G2,W0058F0003T0006Z000C1N9.png,27,0.08933395522171594,0.08933395522171594
G2,W0058F0003T0006Z000C1N9.png,28,0.07642201072994403,0.07642201072994403
G2,W0058F0003T0006Z000C1N9.png,29,0.0,0.0
G2,W0058F0003T0006Z000C1N9.png,30,0.028726212985703495,0.028726212985703495
G2,W0058F0003T0006Z000C1N9.png,31,0.06005434782608667,0.11309866180248324
G2,W0058F0003T0006Z000C1N9.png,32,0.09936148188122207,0.09936148188122207
G2,W0058F0003T0006Z000C1N9.png,33,1.1015669326151953,1.1015669326151953
G2,W0058F0003T0006Z000C1N9.png,34,0.08125,0.08125
G2,W0058F0003T0006Z000C1N9.png,35,0.18168052317185793,0.18168052317185793
G2,W0058F0003T0006Z000C1N9.png,36,0.05745242597140699,0.05745242597140699
G2,W0058F0003T0006Z000C1N9.png,37,0.08370029746612787,0.08370029746612787
G2,W0058F0003T0006Z000C1N9.png,38,2.016048114505208,2.016048114505208
G2,W0058F0002T0006Z000C1N10.png,1,0.0,7.107401511804438
G2,W0058F0002T0006Z000C1N10.png,2,0.9192388155425119,9.285279007655076
G2,W0058F0002T0006Z000C1N10.png,3,0.9510068677459697,10.077948157363185
G2,W0058F0002T0006Z000C1N10.png,4,0.08838834764831874,0.08838834764831874
G2,W0058F0002T0006Z000C1N10.png,5,0.06090951492389731,0.06090951492389731
G2,W0058F0002T0006Z000C1N10.png,6,0.9192388155425119,2.7672752844630404
G2,W0058F0002T0006Z000C1N10.png,7,0.11490485194281398,9.561989365451105
G2,W0058F0002T0006Z000C1N10.png,8,1.7895762089982368,1.9366240459398671
G2,W0058F0002T0006Z000C1N10.png,9,0.7665109669795991,3.9679625202993036
G2,W0058F0002T0006Z000C1N10.png,10,0.5138701197773617,1.6086679271993958
G2,W0058F0002T0006Z000C1N10.png,11,1.6331047884321446,2.543527324406011
G2,W0058F0002T0006Z000C1N10.png,12,0.03611111111111214,0.03611111111111214
G2,W0058F0002T0006Z000C1N10.png,13,1.625,2.29809703885628
G2,W0058F0002T0006Z000C1N10.png,14,2.2754737116136714,8.027512083771787
G2,W0058F0002T0006Z000C1N10.png,15,0.032500000000000466,1.3004061865432663
G2,W0058F0002T0006Z000C1N10.png,16,0.06589659407823172,0.06589659407823172
G2,W0058F0002T0006Z000C1N10.png,17,1.3836376422315202,1.8420649079226281
G2,W0058F0002T0006Z000C1N10.png,18,0.0670278302999751,0.0670278302999751
G2,W0058F0002T0006Z000C1N10.png,19,4.5179676016988,5.979470085216582
G2,W0058F0002T0006Z000C1N10.png,20,1.3449268102763066,3.5471929923532493
G2,W0058F0002T0006Z000C1N10.png,21,1.8257550653474786,3.2477924601485135
G2,W0058F0002T0006Z000C1N10.png,22,1.6231934402419337,2.8600820695295517
G2,W0058F0002T0006Z000C1N10.png,23,0.29295104113144915,2.82044018062784
G2,W0058F0002T0006Z000C1N10.png,24,3.563903232412463,5.4237037621905575
G2,W0058F0002T0006Z000C1N10.png,25,2.6315468953640178,3.8428759168752773
G2,W0058F0002T0006Z000C1N10.png,26,0.09596659414274282,0.09596659414274282
G2,W0058F0002T0006Z000C1N10.png,27,0.11490485194281398,3.9621352355768984
G2,W0058F0002T0006Z000C1N10.png,28,0.08125,4.636948248848589
G2,W0058F0002T0006Z000C1N10.png,29,0.8840955830678041,0.8840955830678041
G2,W0058F0002T0006Z000C1N10.png,30,0.11490485194281398,0.11490485194281398
G2,W0058F0002T0006Z000C1N10.png,31,1.0174109297624034,1.1650241413807687
G2,W0058F0002T0006Z000C1N10.png,32,0.028726212985703495,0.028726212985703495
G2,W0058F0002T0006Z000C1N10.png,33,2.1970331630150133,2.3173625105067273
G2,W0058F0002T0006Z000C1N10.png,34,0.046428571428571264,0.046428571428571264
G2,W0058F0002T0006Z000C1N10.png,35,1.3584930887649818,2.2529687205009217
G2,W0058F0002T0006Z000C1N10.png,36,0.8482749038489823,3.630884232869454
G2,W0058F0002T0006Z000C1N10.png,37,0.09027777777777712,0.130200462725089
G2,W0058F0002T0006Z000C1N10.png,38,1.725235248301219,4.670316847506026
G2,W0058F0002T0006Z000C1N14.png,1,0.04367056280328394,0.04367056280328394
G2,W0058F0002T0006Z000C1N14.png,2,0.08370029746612888,0.08370029746612888
G2,W0058F0002T0006Z000C1N14.png,3,0.09518564869157838,0.09518564869157838
G2,W0058F0002T0006Z000C1N14.png,4,0.0695892857063571,0.0695892857063571
G2,W0058F0002T0006Z000C1N14.png,5,0.06018518518518517,0.06018518518518517
G2,W0058F0002T0006Z000C1N14.png,6,0.054166666666666766,0.054166666666666766
G2,W0058F0002T0006Z000C1N14.png,7,0.10213764617139003,0.10213764617139003
G2,W0058F0002T0006Z000C1N14.png,8,0.028446514925778633,0.028446514925778633
G2,W0058F0002T0006Z000C1N14.png,9,0.2519805446427799,0.2519805446427799
G2,W0058F0002T0006Z000C1N14.png,10,0.57452425971407,0.57452425971407
G2,W0058F0002T0006Z000C1N14.png,11,0.36336104634371585,0.36336104634371585
G2,W0058F0002T0006Z000C1N14.png,12,0.36336104634371585,0.36336104634371585
G2,W0058F0002T0006Z000C1N14.png,13,0.18168052317185793,0.18168052317185793
G2,W0058F0002T0006Z000C1N14.png,14,1.3101168840985142,1.3101168840985142
G2,W0058F0002T0006Z000C1N14.png,15,0.061602594733135584,0.061602594733135584
G2,W0058F0002T0006Z000C1N14.png,16,0.0,0.0
G2,W0058F0002T0006Z000C1N14.png,17,0.05667072388761324,0.05667072388761324
G2,W0058F0002T0006Z000C1N14.png,18,0.22980970388562796,0.22980970388562796
G2,W0058F0002T0006Z000C1N14.png,19,0.07660323462854238,0.07660323462854238
G2,W0058F0002T0006Z000C1N14.png,20,0.06958928570635818,0.06958928570635818
G2,W0058F0002T0006Z000C1N14.png,21,0.7267220926874317,0.7267220926874317
G2,W0058F0002T0006Z000C1N14.png,22,0.03816186635509952,0.03816186635509952
G2,W0058F0002T0006Z000C1N14.png,23,0.12289321491077557,0.12289321491077557
G2,W0058F0002T0006Z000C1N14.png,24,0.0917625213888149,0.0917625213888149
G2,W0058F0002T0006Z000C1N14.png,25,1.4534441853748634,1.4534441853748634
G2,W0058F0002T0006Z000C1N14.png,26,0.0766032346285432,0.0766032346285432
G2,W0058F0002T0006Z000C1N14.png,27,0.0705268067539883,0.0705268067539883
G2,W0058F0002T0006Z000C1N14.png,28,1.5013015186830392,1.5013015186830392
G2,W0058F0002T0006Z000C1N14.png,29,0.07267220926874214,0.07267220926874214
G2,W0058F0003T0006Z000C1N12.png,1,0.955738959832945,1.7502046654912287
G2,W0058F0003T0006Z000C1N12.png,2,0.4909784351126584,0.4909784351126584
G2,W0058F0003T0006Z000C1N12.png,3,0.11490485194281398,0.11490485194281398
G2,W0058F0003T0006Z000C1N12.png,4,0.028726212985703495,0.028726212985703495
G2,W0058F0003T0006Z000C1N12.png,5,0.09325996581991843,0.09325996581991843
G2,W0058F0003T0006Z000C1N12.png,6,0.04550068680800407,0.04550068680800407
G2,W0058F0003T0006Z000C1N12.png,7,1.0953232125957246,1.1342382170021261
G2,W0058F0003T0006Z000C1N12.png,8,0.08125,0.49422445558673034
G2,W0058F0003T0006Z000C1N12.png,9,0.10405076885828438,0.10405076885828438
G2,W0058F0003T0006Z000C1N12.png,10,0.4844142877910047,1.9495873293719483
G2,W0058F0003T0006Z000C1N12.png,11,0.07267220926874317,0.7587201394453691
G2,W0058F0003T0006Z000C1N12.png,12,0.07432197775591813,0.07432197775591813
G2,W0058F0003T0006Z000C1N12.png,13,0.3807496717004495,0.46219753623315657
G2,W0058F0003T0006Z000C1N12.png,14,0.07267220926874421,0.07267220926874421
G2,W0058F0003T0006Z000C1N12.png,15,0.032500000000000466,0.032500000000000466
G2,W0058F0003T0006Z000C1N12.png,16,0.08125,0.08125
G2,W0058F0003T0006Z000C1N12.png,17,1.075941448221045,1.2943000038630919
G2,W0058F0003T0006Z000C1N12.png,18,0.45316409420980347,1.0445895631164908
G2,W0058F0003T0006Z000C1N12.png,19,0.09459160805298507,0.09459160805298507
G2,W0058F0003T0006Z000C1N12.png,20,0.07660323462854238,0.8268182824673288
G2,W0058F0003T0006Z000C1N12.png,21,1.1633229613912037,2.0377396331474738
G2,W0058F0003T0006Z000C1N12.png,22,0.025657894736841682,0.025657894736841682
G2,W0058F0003T0006Z000C1N12.png,23,2.5305168691395834,3.110930829349955
G2,W0058F0003T0006Z000C1N12.png,24,1.0260663073966103,1.9304901787712907
G2,W0058F0003T0006Z000C1N12.png,25,0.05745242597140699,0.05745242597140699
G2,W0058F0003T0006Z000C1N12.png,26,0.0,0.0
G2,W0058F0003T0006Z000C1N12.png,27,0.06087368903653446,0.06087368903653446
G2,W0058F0003T0006Z000C1N12.png,28,0.9263925328930496,1.0593703908454306
G2,W0058F0003T0006Z000C1N12.png,29,1.0900831390311476,1.4981759743100942
G2,W0058F0003T0006Z000C1N12.png,30,0.9884489111734607,2.2575221482855934
G2,W0058F0003T0006Z000C1N12.png,31,1.3101168840985142,1.3101168840985142
G2,W0058F0002T0006Z000C1N16.png,1,0.06047623786463948,0.06047623786463948
G2,W0058F0002T0006Z000C1N16.png,2,0.9087165773227842,0.9087165773227842
G2,W0058F0002T0006Z000C1N16.png,3,1.8968003486134224,1.8968003486134224
G2,W0058F0002T0006Z000C1N16.png,4,1.5252438498984002,1.5252438498984002
G2,W0058F0002T0006Z000C1N16.png,5,1.1375,1.1375
G2,W0058F0002T0006Z000C1N16.png,6,0.08125,0.08125
G2,W0058F0002T0006Z000C1N16.png,7,0.05416666666666705,0.05416666666666705
G2,W0058F0002T0006Z000C1N16.png,8,0.040625,0.040625
G2,W0058F0002T0006Z000C1N16.png,9,0.0695892857063571,0.0695892857063571
G2,W0058F0002T0006Z000C1N16.png,10,0.07052680675398607,0.07052680675398607
G2,W0058F0002T0006Z000C1N16.png,11,0.0,0.0
G2,W0058F0002T0006Z000C1N16.png,12,0.07833772208092063,0.07833772208092063
G2,W0058F0002T0006Z000C1N16.png,13,0.04874999999999954,0.04874999999999954
G2,W0058F0002T0006Z000C1N16.png,14,0.08125,0.08125
G2,W0058F0002T0006Z000C1N16.png,15,0.08365199489551926,0.08365199489551926
G2,W0058F0002T0006Z000C1N16.png,16,0.03028008719531,0.03028008719531
G2,W0058F0002T0006Z000C1N16.png,17,1.2969652821962334,1.7427084484576882
G2,W0058F0002T0006Z000C1N16.png,18,2.0207579023722744,2.0207579023722744
G2,W0058F0002T0006Z000C1N16.png,19,0.036443449342783096,0.036443449342783096
G2,W0058F0002T0006Z000C1N16.png,20,0.04861607117551907,0.04861607117551907
G2,W0058F0002T0006Z000C1N16.png,21,0.05927501089416945,0.05927501089416945
G2,W0058F0002T0006Z000C1N16.png,22,0.2620233768197017,0.2620233768197017
G2,W0058F0002T0006Z000C1N16.png,23,0.03778048259174033,0.03778048259174033
G2,W0058F0002T0006Z000C1N16.png,24,0.06958928570635742,0.06958928570635742
G2,W0058F0002T0006Z000C1N16.png,25,1.5775896369144926,1.5775896369144926
G2,W0058F0002T0006Z000C1N16.png,26,1.7040380609909793,1.7040380609909793
G2,W0058F0002T0006Z000C1N16.png,27,0.11607142857142759,0.11607142857142759
G2,W0058F0002T0006Z000C1N16.png,28,1.1896403069488515,1.1896403069488515
G2,W0058F0002T0006Z000C1N16.png,29,0.08370029746612721,0.08370029746612721
G2,W0058F0002T0006Z000C1N16.png,30,0.03633610463436952,0.03633610463436952
G2,W0058F0002T0006Z000C1N16.png,31,0.060909514923899,0.060909514923899
G2,W0058F0002T0006Z000C1N16.png,32,0.12070565329067287,0.12070565329067287
G2,W0058F0002T0006Z000C1N16.png,33,0.041875291510179366,0.041875291510179366
G2,W0058F0003T0006Z000C1N11.png,1,0.0483809902917117,0.0483809902917117
G2,W0058F0003T0006Z000C1N11.png,2,0.09475296829123589,0.09475296829123589
G2,W0058F0003T0006Z000C1N11.png,3,0.04492949596242903,0.04492949596242903
G2,W0058F0003T0006Z000C1N11.png,4,0.06728908265624331,0.06728908265624331
G2,W0058F0003T0006Z000C1N11.png,5,0.04999999999999982,0.04999999999999982
G2,W0058F0003T0006Z000C1N11.png,6,0.6792465443824909,0.685695232146825
G2,W0058F0003T0006Z000C1N11.png,7,0.05709667997526293,0.05709667997526293
G2,W0058F0003T0006Z000C1N11.png,8,0.02826086956521694,0.02826086956521694
G2,W0058F0003T0006Z000C1N11.png,9,0.0881279984888292,0.0881279984888292
G2,W0058F0003T0006Z000C1N11.png,10,0.11490485194281398,0.11490485194281398
G2,W0058F0003T0006Z000C1N11.png,11,0.06958928570635742,0.06958928570635742
G2,W0058F0003T0006Z000C1N11.png,12,0.0,0.0
G2,W0058F0003T0006Z000C1N11.png,13,0.06090951492389675,0.06090951492389675
G2,W0058F0003T0006Z000C1N11.png,14,0.08125,0.08125
G2,W0058F0003T0006Z000C1N11.png,15,0.0,0.0
G2,W0058F0003T0006Z000C1N11.png,16,0.08222810917025998,0.08222810917025998
G2,W0058F0003T0006Z000C1N11.png,17,0.5359569071312105,0.5359569071312105
G2,W0058F0003T0006Z000C1N11.png,18,0.059868421052632126,0.059868421052632126
G2,W0058F0003T0006Z000C1N11.png,19,0.06090951492389675,0.06090951492389675
G2,W0058F0003T0006Z000C1N11.png,20,0.6133044603711201,0.6133044603711201
G2,W0058F0003T0006Z000C1N11.png,21,0.0639777294284949,0.0639777294284949
G2,W0058F0003T0006Z000C1N11.png,22,0.05190872090624622,0.05190872090624622
G2,W0058F0003T0006Z000C1N11.png,23,0.07490879871550371,0.07490879871550371
G2,W0058F0003T0006Z000C1N11.png,24,0.04642857142857242,0.04642857142857242
G2,W0058F0003T0006Z000C1N11.png,25,0.18168052317185793,0.18168052317185793
G2,W0058F0001T0006Z000C1N29.png,1,0.07267220926874235,2.118740781690859
G2,W0058F0001T0006Z000C1N29.png,2,0.0,1.3
G2,W0058F0001T0006Z000C1N29.png,3,0.04642857142857011,0.04642857142857011
G2,W0058F0001T0006Z000C1N29.png,4,1.105119478834755,4.0339622658745835
G2,W0058F0001T0006Z000C1N29.png,5,1.6907029787931411,2.114061922579374
G2,W0058F0001T0006Z000C1N29.png,6,0.11011502566657692,0.11011502566657692
G2,W0058F0001T0006Z000C1N29.png,7,0.598290388430977,3.4300803764473042
G2,W0058F0001T0006Z000C1N29.png,8,0.07267220926874421,0.1027740239554716
G2,W0058F0001T0006Z000C1N29.png,9,0.08125,0.08125
G2,W0058F0001T0006Z000C1N29.png,10,0.06169281052033576,0.06169281052033576
G2,W0058F0001T0006Z000C1N29.png,11,0.11892019966720953,0.11892019966720953
G2,W0058F0001T0006Z000C1N29.png,12,0.40785178048609655,4.271512875025937
G2,W0058F0001T0006Z000C1N29.png,13,1.1756925986072013,4.489992301128982
G2,W0058F0001T0006Z000C1N29.png,14,0.0,2.7625
G2,W0058F0001T0006Z000C1N29.png,15,1.511337363066235,1.6451871094194728
G2,W0058F0001T0006Z000C1N29.png,16,1.1547794702885916,3.4567077002546807
G2,W0058F0001T0006Z000C1N29.png,17,0.08258205598720823,0.08258205598720823
G2,W0058F0001T0006Z000C1N29.png,18,0.1625,4.3724278152989555
G2,W0058F0001T0006Z000C1N29.png,19,1.2691655723348314,4.177862042959293
G2,W0058F0001T0006Z000C1N29.png,20,0.07267220926874317,1.7696839407080582
G2,W0058F0001T0006Z000C1N29.png,21,1.2922808237796644,3.5687199086412162
G2,W0058F0001T0006Z000C1N29.png,22,0.33500233208143493,2.611400785498082
G2,W0058F0001T0006Z000C1N29.png,23,0.07905694150420847,0.07905694150420847
G2,W0058F0001T0006Z000C1N29.png,24,2.172862103168941,4.097436511941063
G2,W0058F0001T0006Z000C1N14.png,1,0.08074689918749264,0.08074689918749264
G2,W0058F0001T0006Z000C1N14.png,2,0.047376484145617945,0.047376484145617945
G2,W0058F0001T0006Z000C1N14.png,3,0.07267220926874395,0.07267220926874395
G2,W0058F0001T0006Z000C1N14.png,4,0.06177805694834129,0.06177805694834129
G2,W0058F0001T0006Z000C1N14.png,5,0.08838834764831895,0.08838834764831895
G2,W0058F0001T0006Z000C1N14.png,6,0.0766032346285432,0.0766032346285432
G2,W0058F0001T0006Z000C1N14.png,7,0.06958928570635821,0.06958928570635821
G2,W0058F0001T0006Z000C1N14.png,8,0.07267220926874421,0.07267220926874421
G2,W0058F0001T0006Z000C1N14.png,9,0.0,0.0
G2,W0058F0001T0006Z000C1N14.png,10,0.06357200451156012,0.06357200451156012
G2,W0058F0001T0006Z000C1N14.png,11,0.6345827861674157,0.8788531233943475
G2,W0058F0001T0006Z000C1N14.png,12,0.0935797774356081,0.0935797774356081
G2,W0058F0001T0006Z000C1N14.png,13,0.0513870119777358,0.0513870119777358
G2,W0058F0001T0006Z000C1N14.png,14,0.0,0.0
G2,W0058F0001T0006Z000C1N14.png,15,1.2428860064382414,1.4025924657576057
G2,W0058F0001T0006Z000C1N14.png,16,0.08125,0.08125
G2,W0058F0001T0006Z000C1N14.png,17,0.07886785713387255,0.07886785713387255
G2,W0058F0001T0006Z000C1N14.png,18,0.07341001711105177,0.07341001711105177
G2,W0058F0001T0006Z000C1N14.png,19,0.07323776028286229,0.07323776028286229
G2,W0058F0001T0006Z000C1N14.png,20,0.5581092808650974,0.9183590206538662
G2,W0058F0001T0006Z000C1N14.png,21,0.1839375106184163,0.1839375106184163
G2,W0058F0001T0006Z000C1N14.png,22,0.08125,0.08125
G2,W0058F0001T0006Z000C1N14.png,23,0.07267220926874421,0.07267220926874421
G2,W0058F0001T0006Z000C1N14.png,24,0.028726212985703495,0.028726212985703495
G2,W0058F0001T0006Z000C1N14.png,25,0.07770049938121767,0.07770049938121767
G2,W0058F0001T0006Z000C1N14.png,26,0.028726212985703495,0.028726212985703495
G2,W0058F0001T0006Z000C1N14.png,27,0.08125,0.08125
G2,W0058F0001T0006Z000C1N14.png,28,1.9768978223469214,1.9835652875567267
G2,W0058F0001T0006Z000C1N14.png,29,0.040625,0.040625
G2,W0058F0001T0006Z000C1N14.png,30,0.10777919500202034,0.10777919500202034
G2,W0058F0001T0006Z000C1N14.png,31,0.05709667997526293,0.05709667997526293
G2,W0058F0001T0006Z000C1N14.png,32,0.658074843767789,0.7267220926874326
G2,W0058F0001T0006Z000C1N14.png,33,0.08125,0.08125
G2,W0058F0001T0006Z000C1N14.png,34,0.03526340337699415,0.03526340337699415
G2,W0058F0001T0006Z000C1N14.png,35,0.0,0.0
G2,W0058F0001T0006Z000C1N14.png,36,0.28830610150197084,0.28830610150197084
G2,W0058F0001T0006Z000C1N14.png,37,1.3788582233137676,1.3788582233137676
G2,W0058F0001T0006Z000C1N14.png,38,1.3831498372274134,1.483850331251624
G2,W0058F0002T0006Z000C1N8.png,1,0.0,0.0
G2,W0058F0002T0006Z000C1N8.png,2,0.29295104113144915,0.29295104113144915
G2,W0058F0002T0006Z000C1N8.png,3,0.08125,0.08125
G2,W0058F0002T0006Z000C1N8.png,4,0.08125,0.08125
G2,W0058F0002T0006Z000C1N8.png,5,1.8298394738337034,3.055691411121221
G2,W0058F0002T0006Z000C1N8.png,6,0.0540728715025005,0.0540728715025005
G2,W0058F0002T0006Z000C1N8.png,7,0.6613270867165506,2.556794333853429
G2,W0058F0002T0006Z000C1N8.png,8,0.06692159591641565,0.06692159591641565
G2,W0058F0002T0006Z000C1N8.png,9,1.0562500000000001,1.0562500000000001
G2,W0058F0002T0006Z000C1N8.png,10,0.08627629183711644,0.08627629183711644
G2,W0058F0002T0006Z000C1N8.png,11,0.09363599839438089,0.09363599839438089
G2,W0058F0002T0006Z000C1N8.png,12,0.06647559779378409,0.06647559779378409
G2,W0058F0002T0006Z000C1N8.png,13,1.1274794760918105,1.938607388145392
G2,W0058F0002T0006Z000C1N8.png,14,0.0,0.0
G2,W0058F0002T0006Z000C1N8.png,15,0.08125,0.08125
G2,W0058F0002T0006Z000C1N8.png,16,0.038161866355098405,0.038161866355098405
G2,W0058F0002T0006Z000C1N8.png,17,0.07267220926874421,0.07267220926874421
G2,W0058F0002T0006Z000C1N8.png,18,0.07267220926874421,0.07267220926874421
G2,W0058F0002T0006Z000C1N8.png,19,0.7665109669795991,2.539631186314265
G2,W0058F0002T0006Z000C1N8.png,20,0.06090951492389675,0.06090951492389675
G2,W0058F0002T0006Z000C1N8.png,21,0.15910714202897336,0.15910714202897336
G2,W0058F0002T0006Z000C1N8.png,22,0.04055465362687619,0.04055465362687619
G2,W0058F0002T0006Z000C1N8.png,23,0.10870883994743029,0.10870883994743029
G2,W0058F0002T0006Z000C1N8.png,24,0.8125,1.040507688582838
G2,W0058F0002T0006Z000C1N8.png,25,1.241971975527716,1.4845196986979678
G2,W0058F0002T0006Z000C1N8.png,26,0.3471001521535247,0.3471001521535247
G2,W0058F0002T0006Z000C1N8.png,27,0.8425636364126807,1.004979852600157
G2,W0058F0001T0006Z000C1N5.png,1,0.18168052317185793,0.18168052317185793
G2,W0058F0001T0006Z000C1N5.png,2,0.5148836480492139,1.4243323331550437
G2,W0058F0001T0006Z000C1N5.png,3,0.1963803715213861,0.1963803715213861
G2,W0058F0001T0006Z000C1N5.png,4,0.0752599661174518,0.0752599661174518
G2,W0058F0001T0006Z000C1N5.png,5,0.6989389279472135,0.8043339635996979
G2,W0058F0001T0006Z000C1N5.png,6,0.05709667997526293,0.05709667997526293
G2,W0058F0001T0006Z000C1N5.png,7,0.08125,0.08125
G2,W0058F0001T0006Z000C1N5.png,8,0.08370029746612852,0.08370029746612852
G2,W0058F0001T0006Z000C1N5.png,9,0.032500000000000466,0.032500000000000466
G2,W0058F0001T0006Z000C1N5.png,10,0.0,0.0
G2,W0058F0001T0006Z000C1N5.png,11,1.5691981431610222,1.5691981431610222
G2,W0058F0001T0006Z000C1N5.png,12,0.9694358011593369,0.9694358011593369
G2,W0058F0001T0006Z000C1N5.png,13,0.07267220926874421,0.07267220926874421
G2,W0058F0001T0006Z000C1N5.png,14,0.03241071411701414,0.03241071411701414
G2,W0058F0001T0006Z000C1N5.png,15,0.0,0.0
G2,W0058F0001T0006Z000C1N5.png,16,0.05745242597140699,0.05745242597140699
G2,W0058F0001T0006Z000C1N5.png,17,0.07660323462854156,0.07660323462854156
G2,W0058F0001T0006Z000C1N5.png,18,0.07267220926874338,0.07267220926874338
G2,W0058F0001T0006Z000C1N5.png,19,0.041196942735320895,0.041196942735320895
G2,W0058F0001T0006Z000C1N5.png,20,0.09014797925225672,0.09014797925225672
G2,W0058F0001T0006Z000C1N5.png,21,0.6187815648514426,1.0341436674853257
G2,W0058F0001T0006Z000C1N5.png,22,0.07272203595218951,0.07272203595218951
G2,W0058F0001T0006Z000C1N5.png,23,0.07660323462854156,0.07660323462854156
G2,W0058F0001T0006Z000C1N5.png,24,0.36643898312732337,0.36643898312732337
G2,W0058F0001T0006Z000C1N5.png,25,0.08125,0.08125
G2,W0058F0001T0006Z000C1N5.png,26,1.3,1.3101168840985142
G2,W0058F0001T0006Z000C1N5.png,27,0.0,0.0
G2,W0058F0001T0006Z000C1N5.png,28,0.6894291116568838,0.7267220926874317
G2,W0058F0001T0006Z000C1N5.png,29,0.40625,0.43754464057967846
G2,W0058F0001T0006Z000C1N5.png,30,0.0,0.0
G2,W0058F0001T0006Z000C1N5.png,31,0.0383016173142716,0.0383016173142716
G2,W0058F0001T0006Z000C1N5.png,32,0.0,0.0
G2,W0058F0001T0006Z000C1N5.png,33,1.5951600516179494,1.9022065494957288
G2,W0058F0001T0006Z000C1N5.png,34,0.11490485194281398,0.11490485194281398
G2,W0058F0001T0006Z000C1N5.png,35,0.08125,0.08125
G2,W0058F0001T0006Z000C1N5.png,36,0.028726212985703495,0.028726212985703495
G2,W0058F0001T0006Z000C1N5.png,37,0.36336104634371585,0.48750000000000004
G2,W0058F0001T0006Z000C1N5.png,38,0.5837070975193326,1.2383037863792186
G2,W0058F0001T0006Z000C1N5.png,39,0.897435582646465,0.897435582646465
G2,W0058F0001T0006Z000C1N5.png,40,0.3366535682270426,0.3366535682270426
G2,W0058F0001T0006Z000C1N5.png,41,0.11490485194281398,0.11490485194281398
G2,W0058F0001T0006Z000C1N10.png,1,0.08125,0.08125
G2,W0058F0001T0006Z000C1N10.png,2,0.03941203906840398,0.03941203906840398
G2,W0058F0001T0006Z000C1N10.png,3,0.0,0.1625
G2,W0058F0001T0006Z000C1N10.png,4,0.11490485194281398,0.11490485194281398
G2,W0058F0001T0006Z000C1N10.png,5,0.06090951492389787,0.06090951492389787
G2,W0058F0001T0006Z000C1N10.png,6,0.06774527982679526,0.06774527982679526
G2,W0058F0001T0006Z000C1N10.png,7,0.032500000000000466,0.032500000000000466
G2,W0058F0001T0006Z000C1N10.png,8,0.8125,0.8125
G2,W0058F0001T0006Z000C1N10.png,9,0.06958928570635821,0.06958928570635821
G2,W0058F0001T0006Z000C1N10.png,10,0.11490485194281398,0.11490485194281398
G2,W0058F0001T0006Z000C1N10.png,11,0.0676806916365979,0.0676806916365979
G2,W0058F0001T0006Z000C1N10.png,12,0.06249999999999944,0.06249999999999944
G2,W0058F0001T0006Z000C1N10.png,13,0.08370029746612916,0.08370029746612916
G2,W0058F0001T0006Z000C1N10.png,14,0.22586638749490687,0.22586638749490687
G2,W0058F0001T0006Z000C1N10.png,15,0.04958573602193285,0.04958573602193285
G2,W0058F0001T0006Z000C1N10.png,16,0.0,0.0
G2,W0058F0001T0006Z000C1N10.png,17,0.08125,0.08125
G2,W0058F0001T0006Z000C1N10.png,18,0.08125,0.08125
G2,W0058F0001T0006Z000C1N10.png,19,0.08838834764831895,0.08838834764831895
G2,W0058F0001T0006Z000C1N10.png,20,0.04642857142857242,0.04642857142857242
G2,W0058F0001T0006Z000C1N10.png,21,0.032500000000000466,0.032500000000000466
G2,W0058F0001T0006Z000C1N10.png,22,0.08188230525615714,0.08188230525615714
G2,W0058F0001T0006Z000C1N10.png,23,0.036336104634371584,0.036336104634371584
G2,W0058F0001T0006Z000C1N10.png,24,0.11490485194281398,0.11490485194281398
G2,W0058F0001T0006Z000C1N10.png,25,0.1436310649285175,0.1436310649285175
G2,W0058F0001T0006Z000C1N10.png,26,0.07660323462854156,0.07660323462854156
G2,W0058F0001T0006Z000C1N10.png,27,0.05945121951219417,0.05945121951219417
G2,W0058F0001T0006Z000C1N10.png,28,0.08709663047073848,0.08709663047073848
G2,W0058F0001T0006Z000C1N10.png,29,0.07267220926874421,0.07267220926874421
G2,W0058F0001T0006Z000C1N10.png,30,0.16438379971177694,0.16438379971177694
G2,W0058F0001T0006Z000C1N10.png,31,0.6989389279472135,0.6989389279472135
G2,W0058F0001T0006Z000C1N10.png,32,10.074017089150685,10.074017089150685
G2,W0058F0001T0006Z000C1N39.png,1,3.3092686020562847,3.3092686020562847
G2,W0058F0001T0006Z000C1N39.png,2,2.9219123442446007,2.9219123442446007
G2,W0058F0001T0006Z000C1N39.png,3,1.250299964008637,3.0357505249937793
G2,W0058F0001T0006Z000C1N39.png,4,1.5738294591149695,1.5843908701882914
G2,W0058F0001T0006Z000C1N39.png,5,0.04506939094329923,0.04506939094329923
G2,W0058F0001T0006Z000C1N39.png,6,1.6331047884321446,1.7875
G2,W0058F0001T0006Z000C1N39.png,7,0.8870166116752007,6.976848787604762
G2,W0058F0001T0006Z000C1N39.png,8,1.3339744552360144,5.3272303949196305
G2,W0058F0001T0006Z000C1N39.png,9,2.195254113992273,4.6886248650323905
G2,W0058F0001T0006Z000C1N39.png,10,1.582406663000204,4.013182049856356
G2,W0058F0001T0006Z000C1N39.png,11,0.6345827861674157,0.6345827861674157
G2,W0058F0001T0006Z000C1N39.png,12,0.06958928570635851,0.06958928570635851
G2,W0058F0001T0006Z000C1N39.png,13,0.2569350598886809,7.069216938600768
G2,W0058F0001T0006Z000C1N39.png,14,1.8168052317185792,8.067924531749167
G2,W0058F0001T0006Z000C1N39.png,15,4.155857855351754,7.523221573715761
G2,W0058F0001T0006Z000C1N39.png,16,5.036771900786808,9.64478531023659
G2,W0058F0001T0006Z000C1N39.png,17,5.16790878886228,9.92421438956253
G2,W0058F0001T0006Z000C1N39.png,18,4.934678837577448,10.82741146739152
G2,W0058F0001T0006Z000C1N39.png,19,5.146118413155903,10.67633107106036
G2,W0058F0001T0006Z000C1N39.png,20,3.25,6.272584196326104
G2,W0058F0001T0006Z000C1N39.png,21,2.4472085565778325,13.977776183671578
G2,W0028F0001T0006Z000C1N55.png,1,0.07821796226943036,0.07821796226943036
G2,W0028F0001T0006Z000C1N55.png,2,0.04596194077712551,0.04596194077712551
G2,W0028F0001T0006Z000C1N55.png,3,0.0,0.0
G2,W0028F0001T0006Z000C1N55.png,4,0.11490485194281398,0.11490485194281398
G2,W0028F0001T0006Z000C1N55.png,5,0.0,0.0
G2,W0028F0001T0006Z000C1N55.png,6,0.0,0.0
G2,W0028F0001T0006Z000C1N55.png,7,0.0,0.0
G2,W0028F0001T0006Z000C1N55.png,8,0.05416666666666662,0.05416666666666662
G2,W0028F0001T0006Z000C1N55.png,9,0.05745242597140699,0.05745242597140699
G2,W0028F0001T0006Z000C1N55.png,10,0.11490485194281398,0.11490485194281398
G2,W0028F0001T0006Z000C1N55.png,11,0.11490485194281398,0.11490485194281398
G2,W0028F0001T0006Z000C1N55.png,12,0.0,0.0
G2,W0028F0001T0006Z000C1N55.png,13,0.0,0.0
G2,W0028F0001T0006Z000C1N55.png,14,0.054166666666666474,0.054166666666666474
G2,W0028F0001T0006Z000C1N55.png,15,0.03830161731427099,0.03830161731427099
G2,W0028F0001T0006Z000C1N55.png,16,0.060909514923897796,0.060909514923897796
G2,W0028F0001T0006Z000C1N55.png,17,0.08125,0.08125
G2,W0028F0001T0006Z000C1N55.png,18,0.18168052317185793,0.18168052317185793
G2,W0028F0001T0006Z000C1N55.png,19,0.0,0.0
G2,W0028F0001T0006Z000C1N55.png,20,0.0819522602499127,0.0819522602499127
G2,W0028F0001T0006Z000C1N55.png,21,0.0,0.0
G2,W0028F0001T0006Z000C1N55.png,22,0.040625,0.040625
G2,W0028F0001T0006Z000C1N55.png,23,0.0,0.0
G2,W0028F0001T0006Z000C1N55.png,24,0.08125,0.08125
G2,W0028F0001T0006Z000C1N55.png,25,0.22980970388562796,0.22980970388562796
G2,W0028F0001T0006Z000C1N55.png,26,0.04560883484947335,0.04560883484947335
G2,W0028F0001T0006Z000C1N55.png,27,0.0942677118602933,0.0942677118602933
G2,W0028F0001T0006Z000C1N55.png,28,0.08125,0.08125
G2,W0028F0001T0006Z000C1N55.png,29,0.0,0.0
G2,W0028F0001T0006Z000C1N55.png,30,0.0,0.0
G2,W0028F0001T0006Z000C1N55.png,31,0.0,0.0
G2,W0028F0001T0006Z000C1N55.png,32,0.0,0.0
G2,W0028F0001T0006Z000C1N55.png,33,0.0,0.0
G2,W0028F0001T0006Z000C1N55.png,34,0.0,0.0
G2,W0028F0001T0006Z000C1N55.png,35,0.0,0.0
G2,W0028F0001T0006Z000C1N55.png,36,0.0,0.0
G2,W0028F0001T0006Z000C1N55.png,37,0.11490485194281398,0.11490485194281398
G2,W0028F0001T0006Z000C1N55.png,38,0.897435582646465,0.897435582646465
G2,W0028F0001T0006Z000C1N55.png,39,0.0,0.0
G2,W0028F0001T0006Z000C1N55.png,40,0.0881279984888292,0.0881279984888292
G2,W0028F0001T0006Z000C1N55.png,41,0.0,0.0
G2,W0028F0001T0006Z000C1N55.png,42,0.0,0.0
G2,W0028F0001T0006Z000C1N55.png,43,0.09723214235103986,0.09723214235103986
G2,W0028F0001T0006Z000C1N55.png,44,0.0541666666666659,0.0541666666666659
G2,W0028F0001T0006Z000C1N55.png,45,0.08125,0.08125
G2,W0028F0001T0006Z000C1N55.png,46,0.0,0.0
G2,W0028F0001T0006Z000C1N55.png,47,0.07341001711105122,0.07341001711105122
G2,W0028F0001T0006Z000C1N55.png,48,0.09084026158592896,0.09084026158592896
G2,W0028F0001T0006Z000C1N55.png,49,0.0,0.0
G2,W0028F0001T0006Z000C1N55.png,50,0.0,0.0
G2,W0028F0001T0006Z000C1N55.png,51,0.03611111111111098,0.03611111111111098
G2,W0028F0001T0006Z000C1N55.png,52,0.08564501996289367,0.08564501996289367
G2,W0028F0001T0006Z000C1N55.png,53,0.0,0.0
G2,W0028F0001T0006Z000C1N55.png,54,0.8285906709588275,0.8285906709588275
G2,W0028F0001T0006Z000C1N55.png,55,0.08125,0.08125
G2,W0028F0001T0006Z000C1N55.png,56,0.0,0.0
G2,W0028F0001T0006Z000C1N55.png,57,0.08125,0.08125
G2,W0028F0001T0006Z000C1N55.png,58,0.0,0.0
G2,W0028F0001T0006Z000C1N55.png,59,0.08125,0.08125
G2,W0028F0001T0006Z000C1N55.png,60,0.06606564478976736,0.06606564478976736
G2,W0028F0001T0006Z000C1N55.png,61,0.11490485194281398,0.11490485194281398
G2,W0028F0001T0006Z000C1N55.png,62,0.0,0.0
G2,W0028F0001T0006Z000C1N55.png,63,0.0,0.0
G2,W0028F0001T0006Z000C1N55.png,64,0.0,0.0
G2,W0028F0001T0006Z000C1N55.png,65,0.0,0.0
G2,W0028F0001T0006Z000C1N55.png,66,0.0,0.0
G2,W0028F0001T0006Z000C1N55.png,67,0.0,0.0
G2,W0028F0001T0006Z000C1N55.png,68,0.4737648414561807,0.4737648414561807
G2,W0028F0001T0006Z000C1N55.png,69,0.09713541625158492,0.09713541625158492
G2,W0028F0001T0006Z000C1N55.png,70,0.0,0.0
G2,W0028F0001T0006Z000C1N55.png,71,0.046428571428571264,0.046428571428571264
G2,W0028F0001T0006Z000C1N55.png,72,0.05745242597140699,0.05745242597140699
G2,W0028F0001T0006Z000C1N55.png,73,0.07660323462854238,0.07660323462854238
G2,W0028F0001T0006Z000C1N55.png,74,0.032500000000000466,0.032500000000000466
G2,W0028F0001T0006Z000C1N55.png,75,0.0,0.0
G2,W0028F0001T0006Z000C1N55.png,76,0.11490485194281398,0.11490485194281398
G2,W0028F0001T0006Z000C1N55.png,77,0.07525073827618632,0.07525073827618632
G2,W0028F0001T0006Z000C1N55.png,78,0.07267220926874317,0.07267220926874317
G2,W0028F0001T0006Z000C1N55.png,79,0.8285906709588275,0.8285906709588275
G2,W0028F0001T0006Z000C1N55.png,80,0.0,0.0
G2,W0028F0001T0006Z000C1N55.png,81,0.0,0.0
G2,W0028F0001T0006Z000C1N55.png,82,0.07660323462854238,0.07660323462854238
G2,W0028F0001T0006Z000C1N55.png,83,0.20093081433359128,0.20093081433359128
G2,W0028F0001T0006Z000C1N55.png,84,0.0,0.0
G2,W0028F0001T0006Z000C1N55.png,85,0.0,0.0
G2,W0028F0001T0006Z000C1N55.png,86,0.771875,0.771875
G2,W0028F0001T0006Z000C1N55.png,87,0.07267220926874214,0.07267220926874214
G2,W0028F0001T0006Z000C1N55.png,88,0.23560922899015133,0.23560922899015133
G2,W0028F0001T0006Z000C1N55.png,89,0.08003905296791078,0.08003905296791078
G2,W0028F0001T0006Z000C1N55.png,90,0.07660323462854238,0.07660323462854238
G2,W0028F0001T0006Z000C1N55.png,91,0.0,0.0
G2,W0028F0001T0006Z000C1N55.png,92,0.0,0.0
G2,W0028F0001T0006Z000C1N55.png,93,0.04619108357229364,0.04619108357229364
G2,W0028F0001T0006Z000C1N55.png,94,0.0,0.0
G2,W0028F0001T0006Z000C1N55.png,95,0.11490485194281398,0.11490485194281398
G2,W0028F0001T0006Z000C1N55.png,96,0.0,0.0
G2,W0028F0001T0006Z000C1N55.png,97,0.0,0.0
G2,W0028F0001T0006Z000C1N55.png,98,0.0,0.0
G2,W0028F0001T0006Z000C1N55.png,99,0.11490485194281398,0.11490485194281398
G2,W0028F0001T0006Z000C1N55.png,100,0.0,0.0
G2,W0028F0001T0006Z000C1N55.png,101,0.10267565989660915,0.10267565989660915
G2,W0028F0001T0006Z000C1N55.png,102,0.04113521279362829,0.04113521279362829
G2,W0028F0001T0006Z000C1N55.png,103,0.0,0.0
G2,W0028F0001T0006Z000C1N55.png,104,0.11490485194281398,0.11490485194281398
G2,W0028F0001T0006Z000C1N55.png,105,0.05326382566026403,0.05326382566026403
G2,W0028F0001T0006Z000C1N55.png,106,0.0,0.0
G2,W0028F0001T0006Z000C1N55.png,107,0.0,0.0
G2,W0028F0001T0006Z000C1N55.png,108,0.07886785713387255,0.07886785713387255
G2,W0028F0001T0006Z000C1N55.png,109,0.02055480479109407,0.02055480479109407
G2,W0028F0001T0006Z000C1N55.png,110,0.08125,0.08125
G2,W0028F0001T0006Z000C1N55.png,111,0.0,0.0
G2,W0028F0001T0006Z000C1N55.png,112,0.07267220926874421,0.07267220926874421
G2,W0028F0001T0006Z000C1N55.png,113,0.06499999999999977,0.06499999999999977
G2,W0028F0001T0006Z000C1N55.png,114,0.08125,0.08125
G2,W0028F0001T0006Z000C1N55.png,115,0.08125,0.08125
G2,W0028F0001T0006Z000C1N55.png,116,0.0,0.0
G2,W0028F0001T0006Z000C1N55.png,117,0.11490485194281398,0.11490485194281398
G2,W0028F0001T0006Z000C1N55.png,118,0.05745242597140699,0.05745242597140699
G2,W0028F0001T0006Z000C1N55.png,119,0.0,0.0
G2,W0028F0001T0006Z000C1N55.png,120,0.0,0.0
G2,W0028F0001T0006Z000C1N55.png,121,0.08125,0.08125
G2,W0028F0001T0006Z000C1N55.png,122,0.0,0.0
G2,W0028F0001T0006Z000C1N55.png,123,0.0,0.0
G2,W0028F0001T0006Z000C1N55.png,124,0.0,0.0
G2,W0028F0001T0006Z000C1N55.png,125,0.0541666666666659,0.0541666666666659
G2,W0028F0001T0006Z000C1N55.png,126,0.0,0.0
G2,W0028F0001T0006Z000C1N55.png,127,0.09765034704381644,0.09765034704381644
G2,W0028F0001T0006Z000C1N55.png,128,0.016249999999999078,0.016249999999999078
G2,W0028F0001T0006Z000C1N55.png,129,0.07660323462854238,0.07660323462854238
G2,W0028F0001T0006Z000C1N55.png,130,0.0,0.0
G2,W0028F0001T0006Z000C1N55.png,131,0.05559026693385897,0.05559026693385897
G2,W0028F0001T0006Z000C1N55.png,132,0.11490485194281398,0.11490485194281398
G2,W0028F0001T0006Z000C1N55.png,133,0.06423376497217022,0.06423376497217022
G2,W0028F0001T0006Z000C1N55.png,134,0.0,0.0
G2,W0028F0001T0006Z000C1N55.png,135,0.040625,0.040625
G2,W0028F0001T0006Z000C1N55.png,136,0.0,0.0
G2,W0028F0001T0006Z000C1N55.png,137,0.0,0.0
G2,W0028F0001T0006Z000C1N55.png,138,0.0,0.0
G2,W0028F0001T0006Z000C1N55.png,139,0.0,0.0
G2,W0028F0001T0006Z000C1N55.png,140,0.0,0.0
G2,W0028F0001T0006Z000C1N55.png,141,0.0,0.0
G2,W0028F0001T0006Z000C1N55.png,142,0.0,0.0
G2,W0028F0001T0006Z000C1N55.png,143,0.0,0.0
G2,W0028F0001T0006Z000C1N55.png,144,0.0,0.0
G2,W0028F0001T0006Z000C1N55.png,145,0.03722248134238215,0.03722248134238215
G2,W0028F0001T0006Z000C1N55.png,146,0.0,0.0
G2,W0028F0001T0006Z000C1N55.png,147,0.0,0.0
G2,W0028F0001T0006Z000C1N55.png,148,0.011607142857142528,0.011607142857142528
G2,W0028F0001T0006Z000C1N55.png,149,0.0,0.0
G2,W0028F0001T0006Z000C1N55.png,150,0.0,0.0
G2,W0028F0001T0006Z000C1N55.png,151,0.0,0.0
G2,W0028F0001T0006Z000C1N55.png,152,0.05834015551637406,0.05834015551637406
G2,W0028F0001T0006Z000C1N55.png,153,0.07418465594195872,0.07418465594195872
G2,W0028F0001T0006Z000C1N55.png,154,0.0,0.0
G2,W0028F0001T0006Z000C1N55.png,155,0.07713336714522774,0.07713336714522774
G2,W0028F0001T0006Z000C1N55.png,156,0.06500000000000093,0.06500000000000093
G2,W0028F0001T0006Z000C1N55.png,157,0.0,0.0
G2,W0028F0001T0006Z000C1N55.png,158,0.0,0.0
G2,W0028F0001T0006Z000C1N55.png,159,0.0,0.0
G2,W0028F0001T0006Z000C1N55.png,160,0.0,0.0
G2,W0028F0001T0006Z000C1N55.png,161,0.04874999999999954,0.04874999999999954
G2,W0028F0001T0006Z000C1N55.png,162,0.0,0.0
G2,W0028F0001T0006Z000C1N55.png,163,0.08207489424486708,0.08207489424486708
G2,W0028F0001T0006Z000C1N55.png,164,0.36336104634371585,0.36336104634371585
G2,W0028F0001T0006Z000C1N55.png,165,0.0901591821996108,0.0901591821996108
G2,W0028F0001T0006Z000C1N55.png,166,0.0,0.0
G2,W0028F0001T0006Z000C1N55.png,167,0.0,0.0
G2,W0028F0001T0006Z000C1N55.png,168,0.09084026158592896,0.09084026158592896
G2,W0028F0001T0006Z000C1N55.png,169,0.07267220926874421,0.07267220926874421
G2,W0028F0001T0006Z000C1N55.png,170,0.0,0.0
G2,W0028F0001T0006Z000C1N55.png,171,0.04888522910859699,0.04888522910859699
G2,W0028F0001T0006Z000C1N55.png,172,0.0,0.0
G2,W0028F0001T0006Z000C1N55.png,173,0.0,0.0
G2,W0028F0001T0006Z000C1N55.png,174,0.0,0.0
G2,W0028F0001T0006Z000C1N55.png,175,0.0,0.0
G2,W0028F0001T0006Z000C1N55.png,176,0.0,0.0
G2,W0028F0001T0006Z000C1N55.png,177,0.0,0.0
G2,W0028F0001T0006Z000C1N55.png,178,0.08125,0.08125
G2,W0028F0001T0006Z000C1N55.png,179,0.0541666666666659,0.0541666666666659
G2,W0028F0001T0006Z000C1N55.png,180,0.0,0.0
G2,W0028F0001T0006Z000C1N55.png,181,0.0,0.0
G2,W0028F0001T0006Z000C1N55.png,182,0.12187500000000001,0.12187500000000001
G2,W0028F0001T0006Z000C1N55.png,183,0.05416666666666705,0.05416666666666705
G2,W0028F0001T0006Z000C1N55.png,184,0.0,0.0
G2,W0028F0001T0006Z000C1N55.png,185,0.0,0.0
G2,W0028F0001T0006Z000C1N55.png,186,0.06572321427822655,0.06572321427822655
G2,W0028F0001T0006Z000C1N55.png,187,0.0,0.0
G2,W0028F0001T0006Z000C1N55.png,188,0.11490485194281398,0.11490485194281398
G2,W0028F0001T0006Z000C1N55.png,189,0.0,0.0
G2,W0028F0001T0006Z000C1N55.png,190,0.11490485194281398,0.11490485194281398
G2,W0028F0001T0006Z000C1N55.png,191,0.0,0.0
G2,W0028F0001T0006Z000C1N55.png,192,0.08125,0.08125
G2,W0028F0001T0006Z000C1N55.png,193,0.0,0.0
G2,W0028F0001T0006Z000C1N55.png,194,0.0,0.0
G2,W0028F0001T0006Z000C1N55.png,195,0.0,0.0
G2,W0028F0001T0006Z000C1N55.png,196,0.11490485194281398,0.11490485194281398
G2,W0028F0001T0006Z000C1N55.png,197,0.0,0.0
G2,W0028F0001T0006Z000C1N55.png,198,0.0,0.0
G2,W0028F0001T0006Z000C1N55.png,199,0.0,0.0
G2,W0028F0001T0006Z000C1N55.png,200,0.0,0.0
G2,W0028F0001T0006Z000C1N55.png,201,0.0,0.0
G2,W0028F0001T0006Z000C1N55.png,202,0.07660323462854238,0.07660323462854238
G2,W0028F0001T0006Z000C1N55.png,203,0.0,0.0
G2,W0028F0001T0006Z000C1N55.png,204,0.0,0.0
G2,W0028F0001T0006Z000C1N55.png,205,0.0,0.0
G2,W0028F0001T0006Z000C1N55.png,206,0.0,0.0
G2,W0028F0001T0006Z000C1N55.png,207,0.07267220926874317,0.07267220926874317
G2,W0028F0001T0006Z000C1N55.png,208,0.05190872090624571,0.05190872090624571
G2,W0028F0001T0006Z000C1N55.png,209,0.09401069196682652,0.09401069196682652
G2,W0028F0001T0006Z000C1N55.png,210,0.09825127792828131,0.09825127792828131
G2,W0028F0001T0006Z000C1N55.png,211,0.0,0.0
G2,W0028F0001T0006Z000C1N55.png,212,0.0,0.0
G2,W0028F0001T0006Z000C1N55.png,213,0.0,0.0
G2,W0028F0001T0006Z000C1N55.png,214,0.0,0.0
G2,W0028F0001T0006Z000C1N55.png,215,0.07497433240137062,0.07497433240137062
G2,W0028F0001T0006Z000C1N55.png,216,0.10174262872562347,0.10174262872562347
G2,W0028F0001T0006Z000C1N55.png,217,0.028726212985703495,0.028726212985703495
G2,W0028F0001T0006Z000C1N55.png,218,0.06606564478976633,0.06606564478976633
G2,W0028F0001T0006Z000C1N55.png,219,0.0,0.0
G2,W0028F0001T0006Z000C1N55.png,220,0.0,0.0
G2,W0028F0001T0006Z000C1N55.png,221,0.0,0.0
G2,W0028F0001T0006Z000C1N55.png,222,0.0,0.0
G2,W0028F0001T0006Z000C1N55.png,223,0.0,0.0
G2,W0028F0001T0006Z000C1N55.png,224,0.0,0.0
G2,W0028F0001T0006Z000C1N55.png,225,0.09765034704381595,0.09765034704381595
G2,W0028F0001T0006Z000C1N55.png,226,0.0,0.0
G2,W0028F0001T0006Z000C1N55.png,227,0.06894291116568772,0.06894291116568772
G2,W0028F0001T0006Z000C1N55.png,228,0.03532608695651973,0.03532608695651973
G2,W0028F0001T0006Z000C1N55.png,229,0.0,0.0
G2,W0028F0001T0006Z000C1N55.png,230,0.0,0.0
G2,W0028F0001T0006Z000C1N55.png,231,0.0,0.0
G2,W0028F0001T0006Z000C1N55.png,232,0.0,0.0
G2,W0028F0001T0006Z000C1N55.png,233,0.0,0.0
G2,W0028F0001T0006Z000C1N55.png,234,0.0,0.0
G2,W0028F0001T0006Z000C1N55.png,235,0.0,0.0
G2,W0028F0001T0006Z000C1N55.png,236,0.02196736603812647,0.02196736603812647
G2,W0028F0001T0006Z000C1N55.png,237,0.0,0.0
G2,W0028F0001T0006Z000C1N55.png,238,0.015476190476191577,0.015476190476191577
G2,W0028F0001T0006Z000C1N55.png,239,0.0,0.0
G2,W0028F0001T0006Z000C1N55.png,240,0.05918504792563112,0.05918504792563112
G2,W0028F0001T0006Z000C1N55.png,241,0.0,0.0
G2,W0028F0001T0006Z000C1N55.png,242,0.0,0.0
G2,W0028F0001T0006Z000C1N55.png,243,0.06894291116568772,0.06894291116568772
G2,W0028F0001T0006Z000C1N55.png,244,0.0,0.0
G2,W0028F0001T0006Z000C1N55.png,245,0.0,0.0
G2,W0028F0001T0006Z000C1N55.png,246,0.08125,0.08125
G2,W0028F0001T0006Z000C1N55.png,247,0.0,0.0
G2,W0028F0001T0006Z000C1N55.png,248,0.07267220926874421,0.07267220926874421
G2,W0028F0001T0006Z000C1N55.png,249,0.11490485194281398,0.11490485194281398
G2,W0028F0001T0006Z000C1N55.png,250,0.04729580402649217,0.04729580402649217
G2,W0028F0001T0006Z000C1N55.png,251,0.0,0.0
G2,W0028F0001T0006Z000C1N55.png,252,0.0,0.0
G2,W0028F0001T0006Z000C1N55.png,253,0.0,0.0
G2,W0028F0001T0006Z000C1N55.png,254,0.213237403494198,0.213237403494198
G2,W0028F0001T0006Z000C1N55.png,255,0.36336104634371585,0.36336104634371585
G2,W0028F0001T0006Z000C1N55.png,256,0.05745242597140699,0.05745242597140699
G2,W0028F0001T0006Z000C1N55.png,257,0.11490485194281398,0.11490485194281398
G2,W0028F0001T0006Z000C1N55.png,258,0.0,0.0
G2,W0028F0001T0006Z000C1N55.png,259,0.0,0.0
G2,W0028F0001T0006Z000C1N55.png,260,0.0,0.0
G2,W0028F0001T0006Z000C1N55.png,261,0.032499999999998155,0.032499999999998155
G2,W0028F0001T0006Z000C1N55.png,262,0.0,0.0
G2,W0028F0001T0006Z000C1N55.png,263,0.11718041645257876,0.11718041645257876
G2,W0028F0001T0006Z000C1N55.png,264,0.0,0.0
G2,W0028F0001T0006Z000C1N55.png,265,0.0,0.0
G2,W0028F0001T0006Z000C1N55.png,266,0.325,0.325
G2,W0028F0001T0006Z000C1N55.png,267,0.3468358961942776,0.3468358961942776
G2,W0028F0001T0006Z000C1N55.png,268,0.0635399025406557,0.0635399025406557
G2,W0028F0001T0006Z000C1N55.png,269,0.0,0.0
G2,W0028F0001T0006Z000C1N55.png,270,0.11490485194281398,0.11490485194281398
G2,W0028F0001T0006Z000C1N55.png,271,0.22980970388562796,0.22980970388562796
G2,W0028F0001T0006Z000C1N55.png,272,0.0,0.0
G2,W0028F0001T0006Z000C1N55.png,273,0.02335024773024289,0.02335024773024289
G2,W0028F0001T0006Z000C1N55.png,274,0.060937500000000006,0.060937500000000006
G2,W0028F0001T0006Z000C1N55.png,275,0.08370029746612787,0.08370029746612787
G2,W0028F0001T0006Z000C1N55.png,276,0.0,0.0
G2,W0028F0001T0006Z000C1N55.png,277,0.0,0.0
G2,W0028F0001T0006Z000C1N55.png,278,0.0541666666666659,0.0541666666666659
G2,W0028F0001T0006Z000C1N55.png,279,0.13661506760797398,0.13661506760797398
G2,W0028F0001T0006Z000C1N55.png,280,0.0,0.0
G2,W0028F0001T0006Z000C1N55.png,281,0.08370029746612721,0.08370029746612721
G2,W0028F0001T0006Z000C1N55.png,282,0.08125,0.08125
G2,W0028F0001T0006Z000C1N55.png,283,0.08125,0.08125
G2,W0028F0001T0006Z000C1N82.png,1,1.1375,1.1375
G2,W0028F0001T0006Z000C1N82.png,2,0.07267220926874317,0.07267220926874317
G2,W0028F0001T0006Z000C1N82.png,3,0.7633406414890922,0.7633406414890922
G2,W0028F0001T0006Z000C1N82.png,4,0.07267220926874421,0.07267220926874421
G2,W0028F0001T0006Z000C1N82.png,5,0.02708333333333295,0.02708333333333295
G2,W0028F0001T0006Z000C1N82.png,6,0.21124999999999827,0.21124999999999827
G2,W0028F0001T0006Z000C1N82.png,7,0.07812027763505283,0.07812027763505283
G2,W0028F0001T0006Z000C1N82.png,8,0.07660323462854156,0.07660323462854156
G2,W0028F0001T0006Z000C1N82.png,9,0.6209116281726406,0.6209116281726406
G2,W0028F0001T0006Z000C1N82.png,10,0.07267220926874421,0.07267220926874421
G2,W0028F0001T0006Z000C1N82.png,11,0.07341001711105177,0.07341001711105177
G2,W0028F0001T0006Z000C1N82.png,12,0.0,0.0
G2,W0028F0001T0006Z000C1N82.png,13,0.07660323462854156,0.07660323462854156
G2,W0028F0001T0006Z000C1N82.png,14,0.04642857142857242,0.04642857142857242
G2,W0028F0001T0006Z000C1N82.png,15,0.03824853119407644,0.03824853119407644
G2,W0028F0001T0006Z000C1N82.png,16,0.08125,0.08125
G2,W0028F0001T0006Z000C1N82.png,17,0.07660323462854156,0.07660323462854156
G2,W0028F0001T0006Z000C1N82.png,18,0.11490485194281398,0.11490485194281398
G2,W0028F0001T0006Z000C1N82.png,19,0.08125,0.08125
G2,W0028F0001T0006Z000C1N82.png,20,0.08125,0.08125
G2,W0028F0001T0006Z000C1N82.png,21,0.04642857142857242,0.04642857142857242
G2,W0028F0001T0006Z000C1N82.png,22,0.9917826437783633,0.9917826437783633
G2,W0028F0001T0006Z000C1N82.png,23,0.11490485194281398,0.11490485194281398
G2,W0028F0001T0006Z000C1N82.png,24,0.06936717923885517,0.06936717923885517
G2,W0028F0001T0006Z000C1N82.png,25,0.37840159332613477,0.37840159332613477
G2,W0028F0001T0006Z000C1N82.png,26,0.08969407680807973,0.08969407680807973
G2,W0028F0001T0006Z000C1N82.png,27,1.1994704894316088,1.1994704894316088
G2,W0028F0001T0006Z000C1N82.png,28,0.0,0.0
G2,W0028F0001T0006Z000C1N82.png,29,1.6509911216216362,1.6509911216216362
G2,W0028F0001T0006Z000C1N82.png,30,0.11490485194281398,0.11490485194281398
G2,W0028F0001T0006Z000C1N82.png,31,0.22333488805429125,0.22333488805429125
G2,W0028F0001T0006Z000C1N82.png,32,0.07267220926874317,0.07267220926874317
G2,W0028F0001T0006Z000C1N96.png,1,7.014374192506414,7.066881937070973
G2,W0028F0001T0006Z000C1N96.png,2,0.4142953354794138,0.4142953354794138
G2,W0028F0001T0006Z000C1N96.png,3,0.6345827861674157,0.6345827861674157
G2,W0028F0001T0006Z000C1N96.png,4,0.08125,0.08125
G2,W0028F0001T0006Z000C1N96.png,5,0.56875,0.56875
G2,W0028F0001T0006Z000C1N96.png,6,0.07267220926874421,0.07267220926874421
G2,W0028F0001T0006Z000C1N96.png,7,0.07660323462854238,0.07660323462854238
G2,W0028F0001T0006Z000C1N96.png,8,0.028726212985703495,0.028726212985703495
G2,W0028F0001T0006Z000C1N96.png,9,0.0,0.0
G2,W0028F0001T0006Z000C1N96.png,10,0.03869047619047571,0.03869047619047571
G2,W0028F0001T0006Z000C1N96.png,11,0.08125,0.08125
G2,W0028F0001T0006Z000C1N96.png,12,0.028726212985703495,0.028726212985703495
G2,W0028F0001T0006Z000C1N96.png,13,0.09319185705962826,0.09319185705962826
G2,W0028F0001T0006Z000C1N96.png,14,0.0,0.0
G2,W0028F0001T0006Z000C1N96.png,15,0.0,0.0
G2,W0028F0001T0006Z000C1N96.png,16,0.0,0.0
G2,W0028F0001T0006Z000C1N96.png,17,0.6550584420492571,0.6550584420492571
G2,W0028F0001T0006Z000C1N96.png,18,0.028726212985703495,0.028726212985703495
G2,W0028F0001T0006Z000C1N96.png,19,0.04142953354794128,0.04142953354794128
G2,W0028F0001T0006Z000C1N96.png,20,0.08125,0.08125
G2,W0028F0001T0006Z000C1N96.png,21,0.06320798718517667,0.06320798718517667
G2,W0028F0001T0006Z000C1N96.png,22,0.11490485194281398,0.11490485194281398
G2,W0028F0001T0006Z000C1N96.png,23,0.08839736640734853,0.08839736640734853
G2,W0028F0001T0006Z000C1N96.png,24,0.325,0.325
G2,W0028F0001T0006Z000C1N96.png,25,0.07267220926874421,0.07267220926874421
G2,W0028F0001T0006Z000C1N96.png,26,0.07062469272302885,0.07062469272302885
G2,W0028F0001T0006Z000C1N96.png,27,1.1868695532449027,1.1868695532449027
G2,W0028F0001T0006Z000C1N96.png,28,1.0277402395547235,1.0277402395547235
G2,W0028F0001T0006Z000C1N96.png,29,0.0,0.0
G2,W0028F0001T0006Z000C1N96.png,30,0.046428571428571264,0.046428571428571264
G2,W0028F0001T0006Z000C1N96.png,31,0.11490485194281398,0.11490485194281398
G2,W0028F0001T0006Z000C1N96.png,32,0.11490485194281398,0.11490485194281398
G2,W0028F0001T0006Z000C1N96.png,33,0.03830161731427017,0.03830161731427017
G2,W0028F0001T0006Z000C1N96.png,34,0.01816805231718502,0.01816805231718502
G2,W0028F0001T0006Z000C1N96.png,35,0.8165523942160723,0.8165523942160723
G2,W0028F0001T0006Z000C1N96.png,36,0.9084026158592896,1.2295356084717515
G2,W0028F0001T0006Z000C1N96.png,37,0.0,0.0
G2,W0028F0002T0006Z000C1N18.png,1,0.0,0.0
G2,W0028F0002T0006Z000C1N18.png,2,0.08370029746612861,0.08370029746612861
G2,W0028F0002T0006Z000C1N18.png,3,2.2584909231608594,2.2584909231608594
G2,W0028F0002T0006Z000C1N18.png,4,0.08125,0.08125
G2,W0028F0002T0006Z000C1N18.png,5,0.07660323462854293,0.07660323462854293
G2,W0028F0002T0006Z000C1N18.png,6,0.08125,0.08125
G2,W0028F0002T0006Z000C1N18.png,7,0.04642857142857242,0.04642857142857242
G2,W0028F0002T0006Z000C1N18.png,8,0.0,0.0
G2,W0028F0002T0006Z000C1N18.png,9,1.8168052317185792,1.8168052317185792
G2,W0028F0002T0006Z000C1N18.png,10,0.0,0.0
G2,W0028F0002T0006Z000C1N18.png,11,2.118740781690861,2.118740781690861
G2,W0028F0002T0006Z000C1N18.png,12,0.08370029746612852,0.08370029746612852
G2,W0028F0002T0006Z000C1N18.png,13,0.0,0.0
G2,W0028F0002T0006Z000C1N18.png,14,0.0,0.0
G2,W0028F0002T0006Z000C1N18.png,15,0.0,0.0
G2,W0028F0002T0006Z000C1N18.png,16,0.09084026158592896,0.09084026158592896
G2,W0028F0002T0006Z000C1N18.png,17,0.08125,0.08125
G2,W0028F0002T0006Z000C1N18.png,18,0.48750000000000004,0.48750000000000004
G2,W0028F0002T0006Z000C1N18.png,19,1.6809916158327498,1.6809916158327498
G2,W0028F0002T0006Z000C1N18.png,20,0.07660323462854197,0.07660323462854197
G2,W0028F0002T0006Z000C1N18.png,21,0.0,0.0
G2,W0028F0002T0006Z000C1N18.png,22,0.0,0.0
G2,W0028F0002T0006Z000C1N18.png,23,0.0,0.0
G2,W0028F0002T0006Z000C1N18.png,24,0.04642857142857242,0.04642857142857242
G2,W0028F0002T0006Z000C1N18.png,25,0.0,0.0
G2,W0028F0002T0006Z000C1N18.png,26,0.07267220926874421,0.07267220926874421
G2,W0028F0002T0006Z000C1N18.png,27,0.011171089560377889,0.011171089560377889
G2,W0028F0002T0006Z000C1N18.png,28,0.07267220926874317,0.07267220926874317
G2,W0028F0002T0006Z000C1N18.png,29,0.0,0.0
G2,W0028F0002T0006Z000C1N18.png,30,0.0766032346285432,0.0766032346285432
G2,W0028F0002T0006Z000C1N18.png,31,0.57452425971407,0.57452425971407
G2,W0028F0002T0006Z000C1N18.png,32,0.5378019682292452,0.5378019682292452
G2,W0028F0002T0006Z000C1N18.png,33,0.7198768340834424,0.7198768340834424
G2,W0028F0002T0006Z000C1N18.png,34,0.15703624496085236,0.15703624496085236
G2,W0028F0002T0006Z000C1N18.png,35,0.585902082262898,0.585902082262898
G2,W0028F0002T0006Z000C1N18.png,36,0.11490485194281398,0.11490485194281398
G2,W0028F0002T0006Z000C1N18.png,37,0.09192388155425167,0.09192388155425167
G2,W0028F0002T0006Z000C1N18.png,38,0.040625,0.040625
G2,W0028F0002T0006Z000C1N18.png,39,0.0,0.0
G2,W0028F0002T0006Z000C1N18.png,40,0.08125,0.08125
G2,W0028F0002T0006Z000C1N18.png,41,1.0073204982366841,1.0073204982366841
G2,W0028F0002T0006Z000C1N18.png,42,0.08125,0.08125
G2,W0028F0002T0006Z000C1N18.png,43,0.0766032346285432,0.0766032346285432
G2,W0028F0002T0006Z000C1N18.png,44,0.040625,0.040625
G2,W0028F0002T0006Z000C1N18.png,45,0.07660323462854238,0.07660323462854238
G2,W0028F0002T0006Z000C1N18.png,46,0.08125,0.08125
G2,W0028F0002T0006Z000C1N18.png,47,0.0,0.0
G2,W0028F0002T0006Z000C1N18.png,48,0.06056017439061974,0.06056017439061974
G2,W0028F0002T0006Z000C1N18.png,49,0.08125,0.08125
G2,W0028F0002T0006Z000C1N18.png,50,0.07660323462854238,0.07660323462854238
G2,W0028F0002T0006Z000C1N18.png,51,1.0900831390311476,1.0900831390311476
G2,W0028F0002T0006Z000C1N18.png,52,0.65,0.65
G2,W0028F0002T0006Z000C1N18.png,53,0.08125,0.08125
G2,W0028F0002T0006Z000C1N18.png,54,0.0735725187312861,0.0735725187312861
G2,W0028F0002T0006Z000C1N18.png,55,0.0,0.0
G2,W0028F0002T0006Z000C1N18.png,56,0.05745242597140699,0.05745242597140699
G2,W0028F0002T0006Z000C1N18.png,57,0.0,0.0
G2,W0028F0002T0006Z000C1N18.png,58,0.07267220926874421,0.07267220926874421
G2,W0028F0002T0006Z000C1N18.png,59,0.07267220926874421,0.07267220926874421
G2,W0028F0002T0006Z000C1N18.png,60,0.030280087195310258,0.030280087195310258
G2,W0028F0002T0006Z000C1N18.png,61,0.05745242597140699,0.05745242597140699
G2,W0028F0002T0006Z000C1N18.png,62,0.08125,0.08125
G2,W0028F0002T0006Z000C1N18.png,63,0.04759858191164994,0.04759858191164994
G2,W0028F0002T0006Z000C1N18.png,64,0.08125,0.08125
G2,W0028F0002T0006Z000C1N18.png,65,0.022980970388562307,0.022980970388562307
G2,W0028F0002T0006Z000C1N18.png,66,0.0786772379633767,0.0786772379633767
G2,W0028F0002T0006Z000C1N18.png,67,0.01816805231718476,0.01816805231718476
G2,W0028F0002T0006Z000C1N18.png,68,0.11490485194281398,0.11490485194281398
G2,W0028F0002T0006Z000C1N18.png,69,0.0,0.0
G2,W0028F0002T0006Z000C1N18.png,70,0.06056017439061845,0.06056017439061845
G2,W0028F0002T0006Z000C1N18.png,71,0.08186070213590788,0.08186070213590788
G2,W0028F0002T0006Z000C1N18.png,72,0.055749654642489176,0.055749654642489176
G2,W0028F0002T0006Z000C1N18.png,73,0.06510023136254514,0.06510023136254514
G2,W0028F0002T0006Z000C1N18.png,74,0.032673437341804674,0.032673437341804674
G2,W0028F0002T0006Z000C1N18.png,75,0.1458482135265585,0.1458482135265585
G2,W0028F0002T0006Z000C1N18.png,76,0.45961940777125593,0.45961940777125593
G2,W0028F0002T0006Z000C1N18.png,77,0.0,0.0
G2,W0028F0002T0006Z000C1N18.png,78,0.11490485194281398,0.11490485194281398
G2,W0028F0002T0006Z000C1N18.png,79,0.0,0.0
G2,W0028F0002T0006Z000C1N18.png,80,0.24375000000000002,0.24375000000000002
G2,W0028F0002T0006Z000C1N18.png,81,0.07267220926874317,0.07267220926874317
G2,W0028F0002T0006Z000C1N18.png,82,0.0,0.0
G2,W0028F0002T0006Z000C1N18.png,83,0.11490485194281398,0.11490485194281398
G2,W0028F0002T0006Z000C1N18.png,84,0.05709667997526184,0.05709667997526184
G2,W0028F0002T0006Z000C1N18.png,85,0.43754464057967846,0.43754464057967846
G2,W0028F0002T0006Z000C1N18.png,86,0.0,0.0
G2,W0028F0002T0006Z000C1N18.png,87,1.3522695043888258,1.3522695043888258
G2,W0028F0002T0006Z000C1N18.png,88,0.07660323462854156,0.07660323462854156
G2,W0028F0002T0006Z000C1N18.png,89,0.0,0.0
G2,W0028F0002T0006Z000C1N18.png,90,0.15426673429045468,0.15426673429045468
G2,W0028F0002T0006Z000C1N18.png,91,1.2078680857196287,1.2078680857196287
G2,W0028F0002T0006Z000C1N18.png,92,1.9835652875567267,1.9835652875567267
G2,W0028F0002T0006Z000C1N18.png,93,1.0686768980847299,1.0686768980847299
G2,W0028F0002T0006Z000C1N18.png,94,0.40625,0.40625
G2,W0028F0002T0006Z000C1N18.png,95,1.6730398979103878,1.6730398979103878
G2,W0028F0002T0006Z000C1N18.png,96,2.8276677172871216,2.8276677172871216
G2,W0028F0002T0006Z000C1N18.png,97,3.8040274709838786,3.8040274709838786
G2,W0028F0002T0006Z000C1N18.png,98,0.0766032346285432,0.0766032346285432
G2,W0028F0002T0006Z000C1N18.png,99,0.40625,0.40625
G2,W0028F0002T0006Z000C1N18.png,100,0.0,0.0
G2,W0028F0002T0006Z000C1N18.png,101,0.040625,0.040625
G2,W0028F0003T0006Z000C1N23.png,1,0.08125,0.08125
G2,W0028F0003T0006Z000C1N23.png,2,0.1891960329628739,0.1891960329628739
G2,W0028F0003T0006Z000C1N23.png,3,0.325,0.325
G2,W0028F0003T0006Z000C1N23.png,4,0.12112034878123883,0.12112034878123883
G2,W0028F0003T0006Z000C1N23.png,5,0.07660323462854257,0.07660323462854257
G2,W0028F0003T0006Z000C1N23.png,6,0.06565991539589347,0.06565991539589347
G2,W0028F0003T0006Z000C1N23.png,7,0.03249999999999988,0.03249999999999988
G2,W0028F0003T0006Z000C1N23.png,8,0.325,0.325
G2,W0028F0003T0006Z000C1N23.png,9,0.7704625234234308,0.7704625234234308
G2,W0028F0003T0006Z000C1N23.png,10,0.09640536937202943,0.09640536937202943
G2,W0028F0003T0006Z000C1N23.png,11,0.06120633462252011,0.06120633462252011
G2,W0028F0003T0006Z000C1N23.png,12,0.08125,0.08125
G2,W0028F0003T0006Z000C1N23.png,13,0.0,0.0
G2,W0028F0003T0006Z000C1N23.png,14,0.08125,0.08125
G2,W0028F0003T0006Z000C1N23.png,15,0.0,0.0
G2,W0028F0003T0006Z000C1N23.png,16,0.0,0.0
G2,W0028F0003T0006Z000C1N23.png,17,0.07000714249274835,0.07000714249274835
G2,W0028F0003T0006Z000C1N23.png,18,0.09251085509414175,0.09251085509414175
G2,W0028F0003T0006Z000C1N23.png,19,0.0,0.0
G2,W0028F0003T0006Z000C1N23.png,20,0.07883168040119734,0.07883168040119734
G2,W0028F0003T0006Z000C1N23.png,21,0.36336104634371585,0.36336104634371585
G2,W0028F0003T0006Z000C1N23.png,22,0.05583372201357281,0.05583372201357281
G2,W0028F0003T0006Z000C1N23.png,23,0.2601269221457095,0.2601269221457095
G2,W0028F0003T0006Z000C1N23.png,24,0.48750000000000004,0.48750000000000004
G2,W0028F0003T0006Z000C1N23.png,25,0.05542708884161043,0.05542708884161043
G2,W0028F0003T0006Z000C1N23.png,26,1.2691655723348314,1.2691655723348314
G2,W0028F0003T0006Z000C1N23.png,27,0.04642857142857143,0.04642857142857143
G2,W0028F0003T0006Z000C1N23.png,28,0.06358695652173899,0.06358695652173899
G2,W0028F0003T0006Z000C1N23.png,29,0.0,0.0
G2,W0028F0003T0006Z000C1N23.png,30,0.036336104634372104,0.036336104634372104
G2,W0028F0003T0006Z000C1N23.png,31,0.07660323462854292,0.07660323462854292
G2,W0028F0003T0006Z000C1N23.png,32,0.0,0.0
G2,W0028F0003T0006Z000C1N23.png,33,0.45961940777125593,0.45961940777125593
G2,W0028F0003T0006Z000C1N23.png,34,0.06565991539589347,0.06565991539589347
G2,W0028F0003T0006Z000C1N23.png,35,0.0,0.0
G2,W0028F0003T0006Z000C1N23.png,36,0.3943392856693617,0.3943392856693617
G2,W0028F0003T0006Z000C1N23.png,37,0.01624999999999994,0.01624999999999994
G2,W0028F0003T0006Z000C1N23.png,38,0.0,0.0
G2,W0028F0003T0006Z000C1N23.png,39,0.06737400239222158,0.06737400239222158
G2,W0028F0003T0006Z000C1N23.png,40,0.0,0.0
G2,W0028F0003T0006Z000C1N23.png,41,0.0,0.0
G2,W0028F0003T0006Z000C1N23.png,42,0.09874548844176764,0.09874548844176764
G2,W0028F0003T0006Z000C1N23.png,43,0.0,0.0
G2,W0028F0003T0006Z000C1N23.png,44,0.0,0.0
G2,W0028F0003T0006Z000C1N23.png,45,0.09762812094883301,0.09762812094883301
G2,W0028F0003T0006Z000C1N23.png,46,0.08549671678675635,0.08549671678675635
G2,W0028F0003T0006Z000C1N23.png,47,0.0728232951059874,0.0728232951059874
G2,W0028F0003T0006Z000C1N23.png,48,0.08125,0.08125
G2,W0028F0003T0006Z000C1N23.png,49,0.0,0.0
G2,W0028F0003T0006Z000C1N23.png,50,0.07665109669796069,0.07665109669796069
G2,W0028F0003T0006Z000C1N23.png,51,0.07544642857142855,0.07544642857142855
G2,W0028F0003T0006Z000C1N23.png,52,0.0,0.0
G2,W0028F0003T0006Z000C1N23.png,53,0.11490485194281398,0.11490485194281398
G2,W0028F0003T0006Z000C1N23.png,54,0.22980970388562796,0.22980970388562796
G2,W0028F0003T0006Z000C1N23.png,55,0.0,0.0
G2,W0028F0003T0006Z000C1N23.png,56,0.08125,0.08125
G2,W0028F0003T0006Z000C1N23.png,57,0.08125,0.08125
G2,W0028F0003T0006Z000C1N23.png,58,0.061491913957981176,0.061491913957981176
G2,W0028F0003T0006Z000C1N23.png,59,0.032500000000000466,0.032500000000000466
G2,W0028F0003T0006Z000C1N23.png,60,0.036336104634372104,0.036336104634372104
G2,W0028F0003T0006Z000C1N23.png,61,0.0,0.0
G2,W0028F0003T0006Z000C1N23.png,62,0.009027777777778035,0.009027777777778035
G2,W0028F0003T0006Z000C1N23.png,63,0.07660323462854238,0.07660323462854238
G2,W0028F0003T0006Z000C1N23.png,64,0.014826432508749973,0.014826432508749973
G2,W0028F0003T0006Z000C1N23.png,65,0.05909090909090962,0.05909090909090962
G2,W0028F0003T0006Z000C1N23.png,66,0.0,0.0
G2,W0028F0003T0006Z000C1N23.png,67,0.0,0.0
G2,W0028F0003T0006Z000C1N23.png,68,0.0,0.0
G2,W0028F0003T0006Z000C1N23.png,69,0.0,0.0
G2,W0028F0003T0006Z000C1N23.png,70,0.022976552245604732,0.022976552245604732
G2,W0028F0003T0006Z000C1N23.png,71,0.08125,0.08125
G2,W0028F0003T0006Z000C1N23.png,72,0.08125,0.08125
G2,W0028F0003T0006Z000C1N23.png,73,0.0433544870242848,0.0433544870242848
G2,W0028F0003T0006Z000C1N23.png,74,0.0,0.0
G2,W0028F0003T0006Z000C1N23.png,75,0.0,0.0
G2,W0028F0003T0006Z000C1N23.png,76,0.06167390339609439,0.06167390339609439
G2,W0028F0003T0006Z000C1N23.png,77,0.0,0.0
G2,W0028F0003T0006Z000C1N23.png,78,0.0,0.0
G2,W0028F0003T0006Z000C1N23.png,79,0.07708051796660499,0.07708051796660499
G2,W0028F0003T0006Z000C1N23.png,80,0.016249999999999078,0.016249999999999078
G2,W0028F0003T0006Z000C1N23.png,81,0.08370029746612916,0.08370029746612916
G2,W0028F0003T0006Z000C1N23.png,82,0.0,0.0
G2,W0028F0003T0006Z000C1N23.png,83,0.027559987592306018,0.027559987592306018
G2,W0028F0003T0006Z000C1N23.png,84,0.0,0.0
G2,W0028F0003T0006Z000C1N23.png,85,0.04642857142857242,0.04642857142857242
G2,W0028F0003T0006Z000C1N23.png,86,0.0541666666666659,0.0541666666666659
G2,W0028F0003T0006Z000C1N23.png,87,0.0,0.0
G2,W0028F0003T0006Z000C1N23.png,88,0.09848987309384101,0.09848987309384101
G2,W0028F0003T0006Z000C1N23.png,89,0.0,0.0
G2,W0028F0003T0006Z000C1N23.png,90,0.07341001711105195,0.07341001711105195
G2,W0028F0003T0006Z000C1N23.png,91,0.0,0.0
G2,W0028F0003T0006Z000C1N23.png,92,0.0,0.0
G2,W0028F0003T0006Z000C1N23.png,93,0.0,0.0
G2,W0028F0003T0006Z000C1N23.png,94,0.03250000000000003,0.03250000000000003
G2,W0028F0003T0006Z000C1N23.png,95,0.05138701197773571,0.05138701197773571
G2,W0028F0003T0006Z000C1N23.png,96,0.08724319383153785,0.08724319383153785
G2,W0028F0003T0006Z000C1N23.png,97,0.05745242597140699,0.05745242597140699
G2,W0028F0003T0006Z000C1N23.png,98,0.08125,0.08125
G2,W0028F0003T0006Z000C1N23.png,99,0.06510023136254467,0.06510023136254467
G2,W0028F0003T0006Z000C1N23.png,100,0.0,0.0
G2,W0028F0003T0006Z000C1N23.png,101,0.0,0.0
G2,W0028F0003T0006Z000C1N23.png,102,0.0,0.0
G2,W0028F0003T0006Z000C1N23.png,103,0.3053362565956379,0.3053362565956379
G2,W0028F0003T0006Z000C1N23.png,104,0.0,0.0
G2,W0028F0003T0006Z000C1N23.png,105,0.07267220926874421,0.07267220926874421
G2,W0028F0003T0006Z000C1N23.png,106,0.08125,0.08125
G2,W0028F0003T0006Z000C1N23.png,107,0.08125,0.08125
G2,W0028F0003T0006Z000C1N23.png,108,0.03750000000000044,0.03750000000000044
G2,W0028F0003T0006Z000C1N23.png,109,0.06500000000000006,0.06500000000000006
G2,W0028F0003T0006Z000C1N23.png,110,0.09084026158592896,0.09084026158592896
G2,W0028F0003T0006Z000C1N23.png,111,0.0,0.0
G2,W0028F0003T0006Z000C1N23.png,112,0.0,0.0
G2,W0028F0003T0006Z000C1N23.png,113,0.05416666666666682,0.05416666666666682
G2,W0028F0003T0006Z000C1N23.png,114,0.08673552734117071,0.08673552734117071
G2,W0028F0003T0006Z000C1N23.png,115,0.07267220926874395,0.07267220926874395
G2,W0028F0003T0006Z000C1N23.png,116,0.06500000000000093,0.06500000000000093
G2,W0028F0003T0006Z000C1N23.png,117,0.040625,0.040625
G2,W0028F0003T0006Z000C1N23.png,118,0.0,0.0
G2,W0028F0003T0006Z000C1N23.png,119,0.08125,0.08125
G2,W0028F0003T0006Z000C1N23.png,120,0.08370029746612892,0.08370029746612892
G2,W0028F0003T0006Z000C1N23.png,121,0.0,0.0
G2,W0028F0003T0006Z000C1N23.png,122,0.08613906208294148,0.08613906208294148
G2,W0028F0003T0006Z000C1N23.png,123,0.09459160805298543,0.09459160805298543
G2,W0028F0003T0006Z000C1N23.png,124,0.0,0.0
G2,W0028F0003T0006Z000C1N23.png,125,0.11030865786510151,0.11030865786510151
G2,W0028F0003T0006Z000C1N23.png,126,0.0,0.0
G2,W0028F0003T0006Z000C1N23.png,127,0.08125,0.08125
G2,W0028F0003T0006Z000C1N23.png,128,0.0724212158888308,0.0724212158888308
G2,W0028F0003T0006Z000C1N23.png,129,0.0,0.0
G2,W0028F0003T0006Z000C1N23.png,130,0.0,0.0
G2,W0028F0003T0006Z000C1N23.png,131,0.0,0.0
G2,W0028F0003T0006Z000C1N23.png,132,0.07532642463262046,0.07532642463262046
G2,W0028F0003T0006Z000C1N23.png,133,0.08125,0.08125
G2,W0028F0003T0006Z000C1N23.png,134,0.0,0.0
G2,W0028F0003T0006Z000C1N23.png,135,0.08125,0.08125
G2,W0028F0003T0006Z000C1N23.png,136,0.0,0.0
G2,W0028F0003T0006Z000C1N23.png,137,0.0,0.0
G2,W0028F0003T0006Z000C1N23.png,138,0.08125,0.08125
G2,W0028F0003T0006Z000C1N23.png,139,0.0,0.0
G2,W0028F0003T0006Z000C1N23.png,140,0.0,0.0
G2,W0028F0003T0006Z000C1N23.png,141,0.0,0.0
G2,W0028F0003T0006Z000C1N23.png,142,0.027083333333334104,0.027083333333334104
G2,W0028F0003T0006Z000C1N23.png,143,0.1625,0.1625
G2,W0028F0003T0006Z000C1N23.png,144,0.08125,0.08125
G2,W0028F0003T0006Z000C1N23.png,145,0.04603281505326724,0.04603281505326724
G2,W0028F0003T0006Z000C1N23.png,146,0.1412069873104949,0.1412069873104949
G2,W0028F0003T0006Z000C1N23.png,147,0.0,0.0
G2,W0028F0003T0006Z000C1N23.png,148,0.10429454363008503,0.10429454363008503
G2,W0028F0003T0006Z000C1N23.png,149,0.36336104634371585,0.36336104634371585
G2,W0028F0003T0006Z000C1N23.png,150,0.0203125,0.0203125
G2,W0028F0003T0006Z000C1N23.png,151,0.07660323462854238,0.07660323462854238
G2,W0028F0003T0006Z000C1N23.png,152,0.12112034878123895,0.12112034878123895
G2,W0028F0003T0006Z000C1N23.png,153,0.061909008518500154,0.061909008518500154
G2,W0028F0003T0006Z000C1N23.png,154,0.05709667997526184,0.05709667997526184
G2,W0028F0003T0006Z000C1N23.png,155,0.36336104634371585,0.36336104634371585
G2,W0028F0003T0006Z000C1N23.png,156,0.5859020822628983,0.5859020822628983
G2,W0028F0003T0006Z000C1N23.png,157,1.6086679271993958,1.6086679271993958
G2,W0028F0003T0006Z000C1N23.png,158,1.3884006086140988,1.3884006086140988
G2,W0028F0003T0006Z000C1N23.png,159,0.08370029746612892,0.08370029746612892
G2,W0028F0003T0006Z000C1N23.png,160,1.14904851942814,1.14904851942814
G2,W0028F0003T0006Z000C1N23.png,161,0.33500233208143493,0.33500233208143493
G2,W0028F0003T0006Z000C1N23.png,162,0.0,0.0
G2,W0028F0003T0006Z000C1N23.png,163,1.0669595951945785,1.0669595951945785
G2,W0028F0003T0006Z000C1N23.png,164,0.0,0.0
G2,W0028F0003T0006Z000C1N23.png,165,0.08025302972777996,0.08025302972777996
G2,W0028F0003T0006Z000C1N23.png,166,0.0,0.0
G2,W0028F0003T0006Z000C1N23.png,167,0.05416666666666821,0.05416666666666821
G2,W0028F0003T0006Z000C1N23.png,168,0.0,0.0
G2,W0028F0003T0006Z000C1N23.png,169,0.023214285714285632,0.023214285714285632
G2,W0028F0003T0006Z000C1N23.png,170,0.048522847559204614,0.048522847559204614
G2,W0028F0003T0006Z000C1N23.png,171,0.5525597394173775,0.5525597394173775
G2,W0028F0003T0006Z000C1N23.png,172,0.07660323462854374,0.07660323462854374
G2,W0028F0001T0006Z000C1N68.png,1,0.2721841314053575,0.2721841314053575
G2,W0028F0001T0006Z000C1N68.png,2,0.11166744402714346,0.11166744402714346
G2,W0028F0001T0006Z000C1N68.png,3,0.05190872090624468,0.05190872090624468
G2,W0028F0001T0006Z000C1N68.png,4,0.08125,0.08125
G2,W0028F0001T0006Z000C1N68.png,5,0.040625,0.040625
G2,W0028F0001T0006Z000C1N68.png,6,0.0,0.0
G2,W0028F0001T0006Z000C1N68.png,7,0.7602653959126525,0.7602653959126525
G2,W0028F0001T0006Z000C1N68.png,8,0.08125,0.08125
G2,W0028F0001T0006Z000C1N68.png,9,0.0,0.0
G2,W0028F0001T0006Z000C1N68.png,10,0.08125,0.08125
G2,W0028F0001T0006Z000C1N68.png,11,0.08125,0.08125
G2,W0028F0001T0006Z000C1N68.png,12,0.09027777777777712,0.09027777777777712
G2,W0028F0001T0006Z000C1N68.png,13,0.6894291116568838,0.6894291116568838
G2,W0028F0001T0006Z000C1N68.png,14,0.6128258770283419,0.6128258770283419
G2,W0028F0001T0006Z000C1N68.png,15,0.0,0.0
G2,W0028F0001T0006Z000C1N68.png,16,0.8125,0.8125
G2,W0028F0001T0006Z000C1N68.png,17,0.04671546543430566,0.04671546543430566
G2,W0028F0001T0006Z000C1N68.png,18,0.0,0.0
G2,W0028F0001T0006Z000C1N68.png,19,0.07267220926874317,0.07267220926874317
G2,W0028F0001T0006Z000C1N68.png,20,0.026753142398394592,0.026753142398394592
G2,W0028F0001T0006Z000C1N68.png,21,0.186076655396837,0.186076655396837
G2,W0028F0001T0006Z000C1N68.png,22,0.13812500000000044,0.13812500000000044
G2,W0028F0001T0006Z000C1N68.png,23,0.0,0.0
G2,W0028F0001T0006Z000C1N68.png,24,0.0,0.0
G2,W0028F0001T0006Z000C1N68.png,25,0.8285906709588275,0.8285906709588275
G2,W0028F0001T0006Z000C1N68.png,26,0.08370029746612852,0.08370029746612852
G2,W0028F0001T0006Z000C1N68.png,27,0.36336104634371585,0.36336104634371585
G2,W0028F0001T0006Z000C1N68.png,28,0.07660323462854278,0.07660323462854278
G2,W0028F0001T0006Z000C1N68.png,29,0.0,0.0
G2,W0028F0001T0006Z000C1N68.png,30,0.0,0.0
G2,W0028F0001T0006Z000C1N68.png,31,0.055901699437496614,0.055901699437496614
G2,W0028F0001T0006Z000C1N68.png,32,0.0,0.0
G2,W0028F0001T0006Z000C1N68.png,33,0.03842506769984313,0.03842506769984313
G2,W0028F0001T0006Z000C1N68.png,34,0.04596194077712625,0.04596194077712625
G2,W0028F0001T0006Z000C1N68.png,35,1.5320646925708534,1.5320646925708534
G2,W0028F0001T0006Z000C1N68.png,36,1.6629254885759481,1.6629254885759481
G2,W0028F0001T0006Z000C1N68.png,37,0.9689627902499081,0.9689627902499081
G2,W0028F0001T0006Z000C1N68.png,38,0.08125,0.08125
G2,W0028F0001T0006Z000C1N68.png,39,0.0,0.0
G2,W0028F0001T0006Z000C1N68.png,40,0.0,0.0
G2,W0028F0001T0006Z000C1N68.png,41,0.0,0.0
G2,W0028F0001T0006Z000C1N68.png,42,0.6550584420492571,0.6550584420492571
G2,W0028F0001T0006Z000C1N68.png,43,0.0,0.0
G2,W0028F0001T0006Z000C1N68.png,44,0.03350023320814159,0.03350023320814159
G2,W0028F0001T0006Z000C1N68.png,45,0.046428571428571264,0.046428571428571264
G2,W0028F0001T0006Z000C1N68.png,46,1.7985454192207657,1.7985454192207657
G2,W0028F0001T0006Z000C1N68.png,47,0.6598739830220515,0.6598739830220515
G2,W0028F0001T0006Z000C1N68.png,48,0.0728868986855665,0.0728868986855665
G2,W0028F0001T0006Z000C1N68.png,49,0.0,0.0
G2,W0028F0001T0006Z000C1N68.png,50,0.0,0.0
G2,W0028F0001T0006Z000C1N68.png,51,0.040625,0.040625
G2,W0028F0001T0006Z000C1N68.png,52,0.03353174603174569,0.03353174603174569
G2,W0028F0001T0006Z000C1N68.png,53,0.0203125,0.0203125
G2,W0028F0001T0006Z000C1N68.png,54,0.0,0.0
G2,W0028F0001T0006Z000C1N68.png,55,0.06476829685361955,0.06476829685361955
G2,W0028F0001T0006Z000C1N68.png,56,0.0,0.0
G2,W0028F0001T0006Z000C1N68.png,57,0.48750000000000004,0.48750000000000004
G2,W0028F0001T0006Z000C1N68.png,58,1.5398965062626784,1.5398965062626784
G2,W0028F0001T0006Z000C1N68.png,59,0.0,0.0
G2,W0028F0001T0006Z000C1N68.png,60,0.05709667997526166,0.05709667997526166
G2,W0028F0001T0006Z000C1N68.png,61,0.08125,0.08125
G2,W0028F0001T0006Z000C1N68.png,62,0.08125,0.08125
G2,W0028F0001T0006Z000C1N68.png,63,0.0,0.0
G2,W0028F0001T0006Z000C1N68.png,64,0.04642857142857242,0.04642857142857242
G2,W0028F0001T0006Z000C1N68.png,65,0.8165523942160723,0.8165523942160723
G2,W0028F0001T0006Z000C1N68.png,66,0.0,0.0
G2,W0028F0001T0006Z000C1N68.png,67,0.08125,0.08125
G2,W0028F0001T0006Z000C1N68.png,68,0.08680030848339287,0.08680030848339287
G2,W0028F0001T0006Z000C1N68.png,69,0.0,0.0
G2,W0028F0001T0006Z000C1N68.png,70,0.08125,0.08125
G2,W0028F0001T0006Z000C1N68.png,71,0.0,0.0
G2,W0028F0001T0006Z000C1N68.png,72,0.6516560536394165,0.6516560536394165
G2,W0028F0001T0006Z000C1N68.png,73,1.3455402318864347,1.3455402318864347
G2,W0028F0001T0006Z000C1N68.png,74,0.08125,0.08125
G2,W0028F0001T0006Z000C1N68.png,75,0.08125,0.08125
G2,W0028F0001T0006Z000C1N68.png,76,0.08125,0.08125
G2,W0028F0001T0006Z000C1N68.png,77,0.032500000000000466,0.032500000000000466
G2,W0028F0001T0006Z000C1N68.png,78,0.028726212985703495,0.028726212985703495
G2,W0028F0001T0006Z000C1N68.png,79,0.9722324667422685,0.9722324667422685
G2,W0028F0001T0006Z000C1N68.png,80,0.11490485194281398,0.11490485194281398
G2,W0028F0001T0006Z000C1N68.png,81,0.0,0.0
G2,W0028F0001T0006Z000C1N68.png,82,0.11490485194281398,0.11490485194281398
G2,W0028F0001T0006Z000C1N68.png,83,0.06488590113280714,0.06488590113280714
G2,W0028F0001T0006Z000C1N68.png,84,0.8788531233943475,0.8788531233943475
G2,W0028F0001T0006Z000C1N68.png,85,0.07660323462854197,0.07660323462854197
G2,W0028F0001T0006Z000C1N68.png,86,0.0,0.0
G2,W0028F0001T0006Z000C1N68.png,87,0.4142953354794138,0.4142953354794138
G2,W0028F0001T0006Z000C1N68.png,88,0.1625,0.1625
G2,W0028F0001T0006Z000C1N68.png,89,0.0,0.0
G2,W0028F0001T0006Z000C1N68.png,90,0.08125,0.08125
G2,W0028F0001T0006Z000C1N68.png,91,0.0,0.0
G2,W0028F0001T0006Z000C1N68.png,92,0.0360256813460362,0.0360256813460362
G2,W0028F0001T0006Z000C1N68.png,93,0.04596194077712625,0.04596194077712625
G2,W0028F0001T0006Z000C1N68.png,94,0.21480784243027645,0.21480784243027645
G2,W0028F0001T0006Z000C1N68.png,95,0.05190872090624468,0.05190872090624468
G2,W0028F0001T0006Z000C1N68.png,96,0.07267220926874421,0.07267220926874421
G2,W0028F0001T0006Z000C1N68.png,97,0.0,0.0
G2,W0028F0001T0006Z000C1N68.png,98,0.07660323462854156,0.07660323462854156
G2,W0028F0001T0006Z000C1N68.png,99,0.06226409773726714,0.06226409773726714
G2,W0028F0001T0006Z000C1N68.png,100,0.4659592852981418,0.4659592852981418
G2,W0028F0001T0006Z000C1N68.png,101,0.05745242597140699,0.05745242597140699
G2,W0028F0001T0006Z000C1N68.png,102,0.0,0.0
G2,W0028F0001T0006Z000C1N68.png,103,0.08125,0.08125
G2,W0028F0001T0006Z000C1N68.png,104,0.08115967201209724,0.08115967201209724
G2,W0028F0001T0006Z000C1N68.png,105,0.959835778777924,0.959835778777924
G2,W0028F0001T0006Z000C1N68.png,106,0.07267220926874421,0.07267220926874421
G2,W0028F0001T0006Z000C1N68.png,107,0.32573716139419595,0.32573716139419595
G2,W0028F0001T0006Z000C1N68.png,108,0.05929573088041657,0.05929573088041657
G2,W0028F0001T0006Z000C1N68.png,109,0.22980970388562796,0.22980970388562796
G2,W0028F0001T0006Z000C1N68.png,110,0.48750000000000004,0.48750000000000004
G2,W0028F0001T0006Z000C1N68.png,111,1.3101168840985142,1.3101168840985142
G2,W0028F0001T0006Z000C1N68.png,112,0.6700046641628699,0.6700046641628699
G2,W0028F0001T0006Z000C1N68.png,113,0.9750000000000001,0.9750000000000001
G2,W0028F0001T0006Z000C1N68.png,114,1.5380588415272018,1.5380588415272018
G2,W0028F0001T0006Z000C1N68.png,115,0.11490485194281398,0.11490485194281398
G2,W0028F0001T0006Z000C1N68.png,116,0.051538820320222396,0.051538820320222396
G2,W0028F0001T0006Z000C1N68.png,117,0.2569350598886809,0.2569350598886809
G2,W0028F0001T0006Z000C1N68.png,118,0.0,0.0
G2,W0028F0001T0006Z000C1N68.png,119,0.13823007198411796,0.13823007198411796
G2,W0028F0001T0006Z000C1N68.png,120,0.08125,0.08125
G2,W0028F0001T0006Z000C1N68.png,121,0.07267220926874317,0.07267220926874317
G2,W0028F0001T0006Z000C1N68.png,122,0.1557261627187361,0.1557261627187361
G2,W0028F0001T0006Z000C1N68.png,123,0.5416666666666673,0.5416666666666673
G2,W0028F0001T0006Z000C1N68.png,124,0.2167771826986772,0.2167771826986772
G2,W0028F0001T0006Z000C1N68.png,125,0.027083333333331794,0.027083333333331794
G2,W0028F0001T0006Z000C1N68.png,126,0.02215909090908923,0.02215909090908923
G2,W0028F0001T0006Z000C1N68.png,127,0.07323776028286229,0.07323776028286229
G2,W0028F0001T0006Z000C1N68.png,128,0.0766032346285432,0.0766032346285432
G2,W0028F0001T0006Z000C1N68.png,129,0.0,0.0
G2,W0028F0001T0006Z000C1N56.png,1,2.1376626400112815,2.1376626400112815
G2,W0028F0001T0006Z000C1N56.png,2,0.5915089285040421,0.5915089285040421
G2,W0028F0001T0006Z000C1N56.png,3,1.657181341917655,1.657181341917655
G2,W0028F0001T0006Z000C1N56.png,4,0.07267220926874421,0.07267220926874421
G2,W0028F0001T0006Z000C1N56.png,5,0.7392311367976263,0.7392311367976263
G2,W0028F0001T0006Z000C1N56.png,6,0.08125,0.08125
G2,W0028F0001T0006Z000C1N56.png,7,0.39112870416672424,0.39112870416672424
G2,W0028F0001T0006Z000C1N56.png,8,0.826726413331519,0.826726413331519
G2,W0028F0001T0006Z000C1N56.png,9,0.07660323462854238,0.07660323462854238
G2,W0028F0001T0006Z000C1N56.png,10,0.1211203487812374,0.1211203487812374
G2,W0028F0001T0006Z000C1N56.png,11,0.11490485194281398,0.11490485194281398
G2,W0028F0001T0006Z000C1N56.png,12,0.6345827861674157,0.6345827861674157
G2,W0028F0001T0006Z000C1N56.png,13,0.07267220926874317,0.07267220926874317
G2,W0028F0001T0006Z000C1N56.png,14,0.08365199489551979,0.08365199489551979
G2,W0028F0001T0006Z000C1N56.png,15,0.3716517186829635,0.3716517186829635
G2,W0028F0001T0006Z000C1N56.png,16,0.08125,0.08125
G2,W0028F0001T0006Z000C1N56.png,17,0.08125,0.08125
G2,W0028F0001T0006Z000C1N56.png,18,0.02745691419926225,0.02745691419926225
G2,W0028F0001T0006Z000C1N56.png,19,0.04642857142857242,0.04642857142857242
G2,W0028F0001T0006Z000C1N56.png,20,0.2905143315183578,0.2905143315183578
G2,W0028F0001T0006Z000C1N56.png,21,0.025693505988868815,0.025693505988868815
G2,W0028F0001T0006Z000C1N56.png,22,0.0,0.0
G2,W0028F0001T0006Z000C1N56.png,23,0.08125,0.08125
G2,W0028F0001T0006Z000C1N56.png,24,0.0,0.0
G2,W0028F0001T0006Z000C1N56.png,25,0.5138701197773606,0.5240467536394049
G2,W0028F0001T0006Z000C1N56.png,26,0.0,0.0
G2,W0028F0001T0006Z000C1N56.png,27,0.0,0.0
G2,W0028F0001T0006Z000C1N56.png,28,0.0789608069093641,0.0789608069093641
G2,W0028F0001T0006Z000C1N56.png,29,0.06628725367670706,0.06628725367670706
G2,W0028F0001T0006Z000C1N56.png,30,0.0,0.0
G2,W0028F0001T0006Z000C1N56.png,31,0.08125,0.08125
G2,W0028F0001T0006Z000C1N56.png,32,0.06936717923885517,0.06936717923885517
G2,W0028F0001T0006Z000C1N56.png,33,0.08125,0.08125
G2,W0028F0001T0006Z000C1N56.png,34,0.08125,0.08125
G2,W0028F0001T0006Z000C1N56.png,35,0.08670897404856906,0.08670897404856906
G2,W0028F0001T0006Z000C1N56.png,36,0.08125,0.08125
G2,W0028F0001T0006Z000C1N56.png,37,2.0361191639980207,2.0361191639980207
G2,W0028F0001T0006Z000C1N56.png,38,0.08125,0.08125
G2,W0028F0001T0006Z000C1N56.png,39,0.07660323462854156,0.07660323462854156
G2,W0028F0001T0006Z000C1N56.png,40,0.07734769560643033,0.07734769560643033
G2,W0028F0001T0006Z000C1N56.png,41,0.08125,0.08125
G2,W0028F0001T0006Z000C1N56.png,42,1.2214553307427989,1.2214553307427989
G2,W0028F0001T0006Z000C1N56.png,43,0.9958420501710549,0.9958420501710549
G2,W0028F0001T0006Z000C1N56.png,44,0.0,0.0
G2,W0028F0001T0006Z000C1N56.png,45,0.8330601765854013,0.8330601765854013
G2,W0028F0001T0006Z000C1N56.png,46,0.08125,0.08125
G2,W0028F0001T0006Z000C1N56.png,47,0.8905126025568083,0.8905126025568083
G2,W0028F0001T0006Z000C1N56.png,48,0.0,0.0
G2,W0028F0001T0006Z000C1N56.png,49,0.6550584420492571,0.6550584420492571
G2,W0028F0001T0006Z000C1N56.png,50,0.07660323462854156,0.07660323462854156
G2,W0028F0001T0006Z000C1N56.png,51,0.0,0.0
G2,W0028F0001T0006Z000C1N56.png,52,0.028726212985703495,0.028726212985703495
G2,W0028F0001T0006Z000C1N56.png,53,0.0766032346285432,0.0766032346285432
G2,W0028F0001T0006Z000C1N56.png,54,2.7672752844630404,2.7672752844630404
G2,W0028F0001T0006Z000C1N56.png,55,1.8866517218044658,1.8866517218044658
G2,W0028F0001T0006Z000C1N56.png,56,1.2295356084717515,1.2295356084717515
G2,W0028F0001T0006Z000C1N56.png,57,1.7388259329214066,1.7388259329214066
G2,W0028F0003T0006Z000C1N21.png,1,0.8125,0.8125
G2,W0028F0003T0006Z000C1N21.png,2,0.16900255100115516,0.16900255100115516
G2,W0028F0003T0006Z000C1N21.png,3,0.18168052317185793,0.18168052317185793
G2,W0028F0003T0006Z000C1N21.png,4,0.325,0.325
G2,W0028F0003T0006Z000C1N21.png,5,0.032500000000000466,0.032500000000000466
G2,W0028F0003T0006Z000C1N21.png,6,0.8365199489551939,0.8365199489551939
G2,W0028F0003T0006Z000C1N21.png,7,0.36336104634371585,0.36336104634371585
G2,W0028F0003T0006Z000C1N21.png,8,0.0513870119777358,0.0513870119777358
G2,W0028F0003T0006Z000C1N21.png,9,0.0,0.0
G2,W0028F0003T0006Z000C1N21.png,10,0.09401226461739508,0.09401226461739508
G2,W0028F0003T0006Z000C1N21.png,11,0.08125,0.08125
G2,W0028F0003T0006Z000C1N21.png,12,0.032829957697946735,0.032829957697946735
G2,W0028F0003T0006Z000C1N21.png,13,0.06383602885711841,0.06383602885711841
G2,W0028F0003T0006Z000C1N21.png,14,0.1625,0.1625
G2,W0028F0003T0006Z000C1N21.png,15,0.08511470514282514,0.08511470514282514
G2,W0028F0003T0006Z000C1N21.png,16,0.4339138739427443,0.4339138739427443
G2,W0028F0003T0006Z000C1N21.png,17,0.040625,0.040625
G2,W0028F0003T0006Z000C1N21.png,18,0.06700046641628794,0.06700046641628794
G2,W0028F0003T0006Z000C1N21.png,19,0.40625,0.40625
G2,W0028F0003T0006Z000C1N21.png,20,0.5859020822628983,0.5859020822628983
G2,W0028F0003T0006Z000C1N21.png,21,0.057668745985551086,0.057668745985551086
G2,W0028F0003T0006Z000C1N21.png,22,0.08125,0.08125
G2,W0028F0003T0006Z000C1N21.png,23,0.0,0.0
G2,W0028F0003T0006Z000C1N21.png,24,0.07660323462854401,0.07660323462854401
G2,W0028F0003T0006Z000C1N21.png,25,0.0,0.0
G2,W0028F0003T0006Z000C1N21.png,26,0.0,0.0
G2,W0028F0003T0006Z000C1N21.png,27,0.0,0.0
G2,W0028F0003T0006Z000C1N21.png,28,0.11490485194281398,0.11490485194281398
G2,W0028F0003T0006Z000C1N21.png,29,0.05420983080346037,0.05420983080346037
G2,W0028F0003T0006Z000C1N21.png,30,0.07386363636363592,0.07386363636363592
G2,W0028F0003T0006Z000C1N21.png,31,0.49422445558673034,0.49422445558673034
G2,W0028F0003T0006Z000C1N21.png,32,0.07267220926874421,0.07267220926874421
G2,W0028F0003T0006Z000C1N21.png,33,0.8125,0.8125
G2,W0028F0003T0006Z000C1N21.png,34,0.07267220926874421,0.07267220926874421
G2,W0028F0003T0006Z000C1N21.png,35,0.39433928566936055,0.39433928566936055
G2,W0028F0003T0006Z000C1N21.png,36,0.0,0.0
G2,W0028F0003T0006Z000C1N21.png,37,0.10317986705068949,0.10317986705068949
G2,W0028F0003T0006Z000C1N21.png,38,0.06056017439061896,0.06056017439061896
G2,W0028F0003T0006Z000C1N21.png,39,0.0,0.0
G2,W0028F0003T0006Z000C1N21.png,40,0.02027742162999559,0.02027742162999559
G2,W0028F0003T0006Z000C1N21.png,41,1.1991258616305671,1.1991258616305671
G2,W0028F0003T0006Z000C1N21.png,42,0.0,0.0
G2,W0028F0003T0006Z000C1N21.png,43,0.025534411542848273,0.025534411542848273
G2,W0028F0003T0006Z000C1N21.png,44,0.02298718398077749,0.02298718398077749
G2,W0028F0003T0006Z000C1N21.png,45,0.6700046641628699,0.6700046641628699
G2,W0028F0003T0006Z000C1N21.png,46,0.07267220926874421,0.07267220926874421
G2,W0028F0003T0006Z000C1N21.png,47,0.08396915011525106,0.08396915011525106
G2,W0028F0003T0006Z000C1N21.png,48,0.0,0.0
G2,W0028F0003T0006Z000C1N21.png,49,0.06394691118962535,0.06394691118962535
G2,W0028F0003T0006Z000C1N21.png,50,0.05709667997526184,0.05709667997526184
G2,W0028F0003T0006Z000C1N21.png,51,1.3400093283257397,1.3400093283257397
G2,W0028F0003T0006Z000C1N21.png,52,0.5757995648564594,0.5757995648564594
G2,W0028F0003T0006Z000C1N21.png,53,0.5450415695155738,0.5450415695155738
G2,W0028F0003T0006Z000C1N21.png,54,0.0,0.0
G2,W0028F0003T0006Z000C1N21.png,55,0.0,0.0
G2,W0028F0003T0006Z000C1N21.png,56,0.06662274926946066,0.06662274926946066
G2,W0028F0003T0006Z000C1N21.png,57,0.8435056230465275,0.8435056230465275
G2,W0028F0003T0006Z000C1N21.png,58,0.0,0.0
G2,W0028F0003T0006Z000C1N21.png,59,0.0,0.0
G2,W0028F0003T0006Z000C1N21.png,60,0.0,0.0
G2,W0028F0003T0006Z000C1N21.png,61,0.0541666666666659,0.0541666666666659
G2,W0028F0003T0006Z000C1N21.png,62,0.0,0.0
G2,W0028F0003T0006Z000C1N21.png,63,1.2717636622030055,1.2717636622030055
G2,W0028F0003T0006Z000C1N21.png,64,0.024224069756248412,0.024224069756248412
G2,W0028F0003T0006Z000C1N21.png,65,0.0,0.0
G2,W0028F0003T0006Z000C1N21.png,66,0.0,0.0
G2,W0028F0003T0006Z000C1N21.png,67,0.9084026158592896,0.9084026158592896
G2,W0028F0003T0006Z000C1N21.png,68,0.040625,0.040625
G2,W0028F0003T0006Z000C1N21.png,69,0.10077822185373202,0.10077822185373202
G2,W0028F0003T0006Z000C1N21.png,70,0.0,0.0
G2,W0028F0003T0006Z000C1N21.png,71,0.0,0.0
G2,W0028F0003T0006Z000C1N21.png,72,0.0,0.0
G2,W0028F0003T0006Z000C1N21.png,73,0.016249999999999078,0.016249999999999078
G2,W0028F0003T0006Z000C1N21.png,74,0.08125,0.08125
G2,W0028F0003T0006Z000C1N21.png,75,0.0,0.0
G2,W0028F0003T0006Z000C1N21.png,76,0.0,0.0
G2,W0028F0003T0006Z000C1N21.png,77,0.08125,0.08125
G2,W0028F0003T0006Z000C1N21.png,78,0.0741228070175434,0.0741228070175434
G2,W0028F0003T0006Z000C1N21.png,79,0.08482152125194703,0.08482152125194703
G2,W0028F0003T0006Z000C1N21.png,80,0.028726212985703495,0.028726212985703495
G2,W0028F0003T0006Z000C1N21.png,81,0.0,0.0
G2,W0028F0003T0006Z000C1N21.png,82,0.07660323462854238,0.07660323462854238
G2,W0028F0003T0006Z000C1N21.png,83,0.0,0.0
G2,W0028F0003T0006Z000C1N21.png,84,0.0,0.0
G2,W0028F0003T0006Z000C1N21.png,85,0.0766032346285432,0.0766032346285432
G2,W0028F0003T0006Z000C1N21.png,86,0.0,0.0
G2,W0028F0003T0006Z000C1N21.png,87,0.08237074259778845,0.08237074259778845
G2,W0028F0003T0006Z000C1N21.png,88,0.032500000000000466,0.032500000000000466
G2,W0028F0003T0006Z000C1N21.png,89,0.07660323462854156,0.07660323462854156
G2,W0028F0003T0006Z000C1N21.png,90,0.0,0.0
G2,W0028F0003T0006Z000C1N21.png,91,0.07532642463262056,0.07532642463262056
G2,W0028F0003T0006Z000C1N21.png,92,0.0766032346285432,0.0766032346285432
G2,W0028F0003T0006Z000C1N21.png,93,0.08125,0.08125
G2,W0028F0003T0006Z000C1N21.png,94,0.0,0.0
G2,W0028F0003T0006Z000C1N21.png,95,0.07267220926874421,0.07267220926874421
G2,W0028F0003T0006Z000C1N21.png,96,0.0,0.0
G2,W0028F0003T0006Z000C1N21.png,97,0.060777298082366156,0.060777298082366156
G2,W0028F0003T0006Z000C1N21.png,98,0.11490485194281398,0.11490485194281398
G2,W0028F0003T0006Z000C1N21.png,99,0.0,0.0
G2,W0028F0003T0006Z000C1N21.png,100,0.0,0.0
G2,W0028F0003T0006Z000C1N21.png,101,0.0707106781186545,0.0707106781186545
G2,W0028F0003T0006Z000C1N21.png,102,0.03535533905932888,0.03535533905932888
G2,W0028F0003T0006Z000C1N21.png,103,0.032500000000000466,0.032500000000000466
G2,W0028F0003T0006Z000C1N21.png,104,0.07660323462854156,0.07660323462854156
G2,W0028F0003T0006Z000C1N21.png,105,0.04642857142857242,0.04642857142857242
G2,W0028F0003T0006Z000C1N21.png,106,0.07660323462854156,0.07660323462854156
G2,W0028F0003T0006Z000C1N21.png,107,0.04920705582089453,0.04920705582089453
G2,W0028F0003T0006Z000C1N21.png,108,0.07267220926874277,0.07267220926874277
G2,W0028F0003T0006Z000C1N21.png,109,0.07267220926874421,0.07267220926874421
G2,W0028F0003T0006Z000C1N21.png,110,0.08750892811593587,0.08750892811593587
G2,W0028F0003T0006Z000C1N21.png,111,0.08805473146896713,0.08805473146896713
G2,W0028F0003T0006Z000C1N21.png,112,0.0,0.0
G2,W0028F0003T0006Z000C1N21.png,113,0.0,0.0
G2,W0028F0003T0006Z000C1N21.png,114,0.09459160805298543,0.09459160805298543
G2,W0028F0003T0006Z000C1N21.png,115,0.06500000000000093,0.06500000000000093
G2,W0028F0003T0006Z000C1N21.png,116,0.07267220926874421,0.07267220926874421
G2,W0028F0003T0006Z000C1N21.png,117,0.072747245126903,0.072747245126903
G2,W0028F0003T0006Z000C1N21.png,118,0.08370029746612916,0.08370029746612916
G2,W0028F0003T0006Z000C1N21.png,119,0.0,0.0
G2,W0028F0003T0006Z000C1N21.png,120,0.027083333333331794,0.027083333333331794
G2,W0028F0003T0006Z000C1N21.png,121,0.0,0.0
G2,W0028F0003T0006Z000C1N21.png,122,0.0,0.0
G2,W0028F0003T0006Z000C1N21.png,123,0.09575404328567756,0.09575404328567756
G2,W0028F0003T0006Z000C1N21.png,124,0.07267220926874317,0.07267220926874317
G2,W0028F0003T0006Z000C1N21.png,125,0.11490485194281398,0.11490485194281398
G2,W0028F0003T0006Z000C1N21.png,126,0.08186070213590686,0.08186070213590686
G2,W0028F0003T0006Z000C1N21.png,127,0.030280087195310515,0.030280087195310515
G2,W0028F0003T0006Z000C1N21.png,128,0.0,0.0
G2,W0028F0003T0006Z000C1N21.png,129,0.0,0.0
G2,W0028F0003T0006Z000C1N21.png,130,0.07717674520216676,0.07717674520216676
G2,W0028F0003T0006Z000C1N21.png,131,0.05709667997526385,0.05709667997526385
G2,W0028F0003T0006Z000C1N21.png,132,0.08125,0.08125
G2,W0028F0003T0006Z000C1N21.png,133,0.08125,0.08125
G2,W0028F0003T0006Z000C1N21.png,134,0.030280087195308187,0.030280087195308187
G2,W0028F0003T0006Z000C1N21.png,135,0.0,0.0
G2,W0028F0003T0006Z000C1N21.png,136,0.039528470752104236,0.039528470752104236
G2,W0028F0003T0006Z000C1N21.png,137,0.0208917912623301,0.0208917912623301
G2,W0028F0003T0006Z000C1N21.png,138,0.0,0.0
G2,W0028F0003T0006Z000C1N21.png,139,0.0766032346285432,0.0766032346285432
G2,W0028F0003T0006Z000C1N21.png,140,0.145344418537488,0.145344418537488
G2,W0028F0003T0006Z000C1N21.png,141,0.11490485194281398,0.11490485194281398
G2,W0028F0003T0006Z000C1N21.png,142,0.06096992143904486,0.06096992143904486
G2,W0028F0003T0006Z000C1N21.png,143,0.1690148527423886,0.1690148527423886
G2,W0028F0003T0006Z000C1N21.png,144,0.6345827861674157,0.6345827861674157
G2,W0028F0003T0006Z000C1N21.png,145,0.08125,0.08125
G2,W0028F0003T0006Z000C1N21.png,146,0.0,0.0
G2,W0028F0003T0006Z000C1N21.png,147,0.07323776028286229,0.07323776028286229
G2,W0028F0003T0006Z000C1N21.png,148,0.013541666666666475,0.013541666666666475
G2,W0028F0003T0006Z000C1N21.png,149,0.08125,0.08125
G2,W0028F0003T0006Z000C1N21.png,150,0.08549671678675741,0.08549671678675741
G2,W0028F0003T0006Z000C1N21.png,151,0.0,0.0
G2,W0028F0003T0006Z000C1N21.png,152,0.04361003531362261,0.04361003531362261
G2,W0028F0003T0006Z000C1N21.png,153,0.07323776028286229,0.07323776028286229
G2,W0028F0003T0006Z000C1N21.png,154,0.07444496268476543,0.07444496268476543
G2,W0028F0003T0006Z000C1N21.png,155,0.0766032346285438,0.0766032346285438
G2,W0028F0003T0006Z000C1N21.png,156,0.07267220926874395,0.07267220926874395
G2,W0028F0003T0006Z000C1N21.png,157,0.0,0.0
G2,W0028F0003T0006Z000C1N21.png,158,0.08125,0.08125
G2,W0028F0003T0006Z000C1N21.png,159,0.6512682938889318,0.6512682938889318
G2,W0028F0002T0006Z000C1N33.png,1,0.325,0.325
G2,W0028F0002T0006Z000C1N33.png,2,0.08125,0.08125
G2,W0028F0002T0006Z000C1N33.png,3,0.9750000000000001,0.9750000000000001
G2,W0028F0002T0006Z000C1N33.png,4,0.046428571428571264,0.046428571428571264
G2,W0028F0002T0006Z000C1N33.png,5,0.0,0.0
G2,W0028F0002T0006Z000C1N33.png,6,0.0,0.0
G2,W0028F0002T0006Z000C1N33.png,7,0.051068823085694916,0.051068823085694916
G2,W0028F0002T0006Z000C1N33.png,8,0.040625,0.040625
G2,W0028F0002T0006Z000C1N33.png,9,0.0976503470438166,0.0976503470438166
G2,W0028F0002T0006Z000C1N33.png,10,0.0,0.0
G2,W0028F0002T0006Z000C1N33.png,11,0.05416666666666705,0.05416666666666705
G2,W0028F0002T0006Z000C1N33.png,12,0.11490485194281398,0.11490485194281398
G2,W0028F0002T0006Z000C1N33.png,13,0.08125,0.08125
G2,W0028F0002T0006Z000C1N33.png,14,0.07660323462854238,0.07660323462854238
G2,W0028F0002T0006Z000C1N33.png,15,0.06056017439061896,0.06056017439061896
G2,W0028F0002T0006Z000C1N33.png,16,0.032500000000000466,0.032500000000000466
G2,W0028F0002T0006Z000C1N33.png,17,0.08125,0.08125
G2,W0028F0002T0006Z000C1N33.png,18,0.36336104634371585,0.36336104634371585
G2,W0028F0002T0006Z000C1N33.png,19,0.07660323462854238,0.07660323462854238
G2,W0028F0002T0006Z000C1N33.png,20,0.032500000000000466,0.032500000000000466
G2,W0028F0002T0006Z000C1N33.png,21,0.0,0.0
G2,W0028F0002T0006Z000C1N33.png,22,0.0789608069093641,0.0789608069093641
G2,W0028F0002T0006Z000C1N33.png,23,0.08370029746612916,0.08370029746612916
G2,W0028F0002T0006Z000C1N33.png,24,0.03824853119407644,0.03824853119407644
G2,W0028F0002T0006Z000C1N33.png,25,0.09909597034122321,0.09909597034122321
G2,W0028F0002T0006Z000C1N33.png,26,0.0,0.0
G2,W0028F0002T0006Z000C1N33.png,27,0.05745242597140699,0.05745242597140699
G2,W0028F0002T0006Z000C1N33.png,28,0.0,0.0
G2,W0028F0002T0006Z000C1N33.png,29,0.11490485194281398,0.11490485194281398
G2,W0028F0002T0006Z000C1N33.png,30,0.07660323462854156,0.07660323462854156
G2,W0028F0002T0006Z000C1N33.png,31,0.06565991539589429,0.06565991539589429
G2,W0028F0002T0006Z000C1N33.png,32,0.0,0.0
G2,W0028F0002T0006Z000C1N33.png,33,0.07057171622252875,0.07057171622252875
G2,W0028F0002T0006Z000C1N33.png,34,0.9754230852878664,0.9754230852878664
G2,W0028F0002T0006Z000C1N33.png,35,0.9459801648143693,0.9459801648143693
G2,W0028F0002T0006Z000C1N33.png,36,0.65,0.65
G2,W0028F0002T0006Z000C1N33.png,37,0.15251708200217354,0.15251708200217354
G2,W0028F0001T0006Z000C1N95.png,1,0.0,0.0
G2,W0028F0001T0006Z000C1N95.png,2,0.11490485194281398,0.11490485194281398
G2,W0028F0001T0006Z000C1N95.png,3,0.2569350598886809,0.2569350598886809
G2,W0028F0001T0006Z000C1N95.png,4,0.07896080690936336,0.07896080690936336
G2,W0028F0001T0006Z000C1N95.png,5,0.18168052317185793,0.24375000000000002
G2,W0028F0001T0006Z000C1N95.png,6,0.2422406975624774,4.048029784832232
G2,W0028F0001T0006Z000C1N95.png,7,0.07660323462854197,0.07660323462854197
G2,W0028F0001T0006Z000C1N95.png,8,2.0067269682246263,2.7118518810952787
G2,W0028F0001T0006Z000C1N95.png,9,0.5915089285040421,1.2717636622030055
G2,W0028F0001T0006Z000C1N95.png,10,1.0923672016846377,1.5321868229622593
G2,W0028F0001T0006Z000C1N95.png,11,1.79527978707746,2.4754225929907183
G2,W0028F0001T0006Z000C1N95.png,12,2.543527324406011,2.543527324406011
G2,W0028F0001T0006Z000C1N95.png,13,4.0134539364492525,4.0134539364492525
G2,W0028F0001T0006Z000C1N95.png,14,4.747083351619416,4.747083351619416
G2,W0028F0001T0006Z000C1N95.png,15,1.040507688582838,6.47150001931546
G2,W0028F0001T0006Z000C1N95.png,16,1.4981759743100942,8.812535460921563
G2,W0028F0001T0006Z000C1N95.png,17,0.07660323462854156,3.3600801908420124
G2,W0028F0001T0006Z000C1N95.png,18,2.8714720201492474,5.886561098170986
G2,W0028F0001T0006Z000C1N95.png,19,1.379291070739866,5.128090334001185
G2,W0028F0001T0006Z000C1N95.png,20,2.2014438965351433,4.632457101908273
G2,W0028F0001T0006Z000C1N95.png,21,0.4142953354794138,7.8312524940139685
G2,W0028F0001T0006Z000C1N95.png,22,0.19150808657135504,3.8570698525204623
G2,W0028F0001T0006Z000C1N95.png,23,0.7155332607379089,8.384205657895619
G2,W0028F0001T0006Z000C1N95.png,24,2.1373537961694598,11.70112841780655
G2,W0028F0001T0006Z000C1N100.png,1,1.815997583209356,1.815997583209356
G2,W0028F0001T0006Z000C1N100.png,2,1.38125,1.38125
G2,W0028F0001T0006Z000C1N100.png,3,0.9750000000000001,0.9750000000000001
G2,W0028F0001T0006Z000C1N100.png,4,0.08125,0.08125
G2,W0028F0001T0006Z000C1N100.png,5,0.040625,0.040625
G2,W0028F0001T0006Z000C1N100.png,6,0.03633610463437197,0.03633610463437197
G2,W0028F0001T0006Z000C1N100.png,7,0.0,0.0
G2,W0028F0001T0006Z000C1N100.png,8,0.040625,0.040625
G2,W0028F0001T0006Z000C1N100.png,9,0.7000714249274856,0.7000714249274856
G2,W0028F0001T0006Z000C1N100.png,10,0.11490485194281398,0.11490485194281398
G2,W0028F0001T0006Z000C1N100.png,11,0.0203125,0.0203125
G2,W0028F0001T0006Z000C1N100.png,12,1.2166416949492094,1.2166416949492094
G2,W0028F0001T0006Z000C1N100.png,13,0.11490485194281398,0.11490485194281398
G2,W0028F0001T0006Z000C1N100.png,14,0.8989055845860566,0.8989055845860566
G2,W0028F0001T0006Z000C1N100.png,15,0.0,0.0
G2,W0028F0001T0006Z000C1N100.png,16,0.05583372201357212,0.05583372201357212
G2,W0028F0001T0006Z000C1N100.png,17,0.13750701441143173,0.13750701441143173
G2,W0028F0001T0006Z000C1N100.png,18,0.11490485194281398,0.11490485194281398
G2,W0028F0001T0006Z000C1N100.png,19,0.07786308135936754,0.07786308135936754
G2,W0028F0001T0006Z000C1N100.png,20,0.0,0.0
G2,W0028F0001T0006Z000C1N100.png,21,0.08125,0.08125
G2,W0028F0001T0006Z000C1N100.png,22,0.052023626903866124,0.052023626903866124
G2,W0028F0001T0006Z000C1N100.png,23,0.07660323462854197,0.07660323462854197
G2,W0028F0001T0006Z000C1N100.png,24,0.06688636749760553,0.06688636749760553
G2,W0028F0001T0006Z000C1N100.png,25,0.07267220926874317,0.07267220926874317
G2,W0028F0001T0006Z000C1N100.png,26,0.45961940777125593,0.45961940777125593
G2,W0028F0001T0006Z000C1N100.png,27,0.08125,0.08125
G2,W0028F0001T0006Z000C1N100.png,28,1.359842272818596,1.359842272818596
G2,W0028F0001T0006Z000C1N100.png,29,0.08125,0.08125
G2,W0028F0001T0006Z000C1N100.png,30,0.07660323462854238,0.07660323462854238
G2,W0028F0001T0006Z000C1N100.png,31,0.09027777777777746,0.09027777777777746
G2,W0028F0001T0006Z000C1N100.png,32,0.57452425971407,0.57452425971407
G2,W0028F0001T0006Z000C1N100.png,33,0.11490485194281398,0.11490485194281398
G2,W0028F0001T0006Z000C1N100.png,34,0.08125,0.08125
G2,W0028F0001T0006Z000C1N100.png,35,0.0,0.0
G2,W0028F0001T0006Z000C1N100.png,36,0.65,0.6894291116568838
G2,W0028F0001T0006Z000C1N100.png,37,0.08125,0.08125
G2,W0028F0001T0006Z000C1N100.png,38,0.08125000000000046,0.08125000000000046
G2,W0028F0001T0006Z000C1N100.png,39,0.45961940777125593,0.5138701197773617
G2,W0028F0001T0006Z000C1N100.png,40,0.0,0.0
G2,W0028F0001T0006Z000C1N100.png,41,0.05709667997526293,0.05709667997526293
G2,W0028F0001T0006Z000C1N100.png,42,0.07323776028286229,0.07323776028286229
G2,W0028F0001T0006Z000C1N100.png,43,0.046428571428571264,0.046428571428571264
G2,W0028F0001T0006Z000C1N100.png,44,0.0,0.0
G2,W0028F0001T0006Z000C1N100.png,45,0.0,0.0
G2,W0028F0001T0006Z000C1N100.png,46,0.0,0.0
G2,W0028F0001T0006Z000C1N100.png,47,0.0,0.0
G2,W0028F0001T0006Z000C1N100.png,48,0.0664384113295919,0.0664384113295919
G2,W0028F0001T0006Z000C1N100.png,49,0.05190872090624468,0.05190872090624468
G2,W0028F0001T0006Z000C1N100.png,50,0.03830161731427078,0.03830161731427078
G2,W0028F0001T0006Z000C1N100.png,51,0.03750000000000044,0.03750000000000044
G2,W0028F0001T0006Z000C1N100.png,52,0.07267220926874421,0.07267220926874421
G2,W0028F0001T0006Z000C1N100.png,53,0.5138701197773614,0.5138701197773614
G2,W0028F0001T0006Z000C1N100.png,54,0.08125,0.08125
G2,W0028F0001T0006Z000C1N100.png,55,0.06770833333333272,0.06770833333333272
G2,W0028F0001T0006Z000C1N100.png,56,0.05745242597140699,0.05745242597140699
G2,W0028F0001T0006Z000C1N100.png,57,0.08125,0.08125
G2,W0028F0001T0006Z000C1N100.png,58,0.08125,0.08125
G2,W0028F0001T0006Z000C1N100.png,59,0.0,0.0
G2,W0028F0001T0006Z000C1N100.png,60,0.08125,0.08125
G2,W0028F0001T0006Z000C1N100.png,61,0.0,0.0
G2,W0028F0001T0006Z000C1N100.png,62,0.5138701197773617,0.5138701197773617
G2,W0028F0001T0006Z000C1N100.png,63,0.0,0.0
G2,W0028F0001T0006Z000C1N100.png,64,0.07267220926874343,0.07267220926874343
G2,W0028F0001T0006Z000C1N100.png,65,0.11490485194281398,0.11490485194281398
G2,W0028F0001T0006Z000C1N100.png,66,0.36336104634371585,0.36336104634371585
G2,W0028F0001T0006Z000C1N100.png,67,0.040625,0.040625
G2,W0028F0001T0006Z000C1N100.png,68,0.032500000000000466,0.032500000000000466
G2,W0028F0001T0006Z000C1N100.png,69,0.046428571428571264,0.046428571428571264
G2,W0028F0001T0006Z000C1N100.png,70,0.0332927994291139,0.0332927994291139
G2,W0028F0001T0006Z000C1N100.png,71,0.1625,0.1625
G2,W0028F0001T0006Z000C1N100.png,72,1.0834391224389353,1.0834391224389353
G2,W0028F0001T0006Z000C1N100.png,73,0.36336104634371585,0.36336104634371585
G2,W0028F0001T0006Z000C1N100.png,74,0.06056017439061896,0.06056017439061896
G2,W0028F0001T0006Z000C1N100.png,75,1.908174119995926,1.908174119995926
G2,W0028F0001T0006Z000C1N100.png,76,0.05745242597140699,0.05745242597140699
G2,W0028F0001T0006Z000C1N100.png,77,0.08125,0.08125
G2,W0028F0001T0006Z000C1N100.png,78,0.0,0.0
G2,W0028F0001T0006Z000C1N100.png,79,0.0,0.0
G2,W0028F0001T0006Z000C1N100.png,80,0.3171410919799303,0.3171410919799303
G2,W0028F0001T0006Z000C1N100.png,81,0.08125,0.08125
G2,W0028F0001T0006Z000C1N100.png,82,0.04642857142857242,0.04642857142857242
G2,W0028F0001T0006Z000C1N100.png,83,0.040625,0.040625
G2,W0028F0001T0006Z000C1N100.png,84,1.4981759743100942,1.4981759743100942
G2,W0028F0001T0006Z000C1N100.png,85,0.06768069163659729,0.06768069163659729
G2,W0028F0001T0006Z000C1N100.png,86,0.45961940777125593,0.5859020822628983
G2,W0028F0001T0006Z000C1N100.png,87,0.0,0.0
G2,W0028F0001T0006Z000C1N100.png,88,0.0,0.0
G2,W0028F0001T0006Z000C1N100.png,89,0.5138701197773617,0.5138701197773617
G2,W0028F0001T0006Z000C1N100.png,90,0.0,0.0
G2,W0028F0001T0006Z000C1N100.png,91,0.0,0.0
G2,W0028F0001T0006Z000C1N100.png,92,0.0,0.0
G2,W0028F0001T0006Z000C1N100.png,93,0.07267220926874317,0.07267220926874317
G2,W0028F0001T0006Z000C1N100.png,94,0.4517327749898165,0.4517327749898165
G2,W0028F0001T0006Z000C1N100.png,95,0.08125,0.08125
G2,W0028F0001T0006Z000C1N100.png,96,0.05709667997526184,0.05709667997526184
G2,W0028F0001T0006Z000C1N100.png,97,0.08125,0.08125
G2,W0028F0001T0006Z000C1N100.png,98,0.11490485194281398,0.11490485194281398
G2,W0028F0001T0006Z000C1N100.png,99,0.11490485194281398,0.11490485194281398
G2,W0028F0001T0006Z000C1N100.png,100,0.06056017439061896,0.06056017439061896
G2,W0028F0001T0006Z000C1N100.png,101,0.4659592852981437,0.4844813951249553
G2,W0028F0001T0006Z000C1N100.png,102,0.0766032346285432,0.0766032346285432
G2,W0028F0001T0006Z000C1N100.png,103,0.08461103815565711,0.08461103815565711
G2,W0028F0001T0006Z000C1N100.png,104,0.028726212985703495,0.028726212985703495
G2,W0028F0001T0006Z000C1N100.png,105,0.8444230283285773,0.8444230283285773
G2,W0028F0001T0006Z000C1N100.png,106,0.16571813419176512,0.16571813419176512
G2,W0028F0001T0006Z000C1N100.png,107,0.09459160805298651,0.09459160805298651
G2,W0028F0001T0006Z000C1N100.png,108,0.05745242597140699,0.05745242597140699
G2,W0028F0001T0006Z000C1N100.png,109,0.0,0.0
G2,W0028F0001T0006Z000C1N100.png,110,0.07341001711104994,0.07341001711104994
G2,W0028F0001T0006Z000C1N100.png,111,0.08125,0.08125
G2,W0028F0001T0006Z000C1N100.png,112,0.11490485194281398,0.11490485194281398
G2,W0028F0001T0006Z000C1N100.png,113,0.9583061590350167,0.9583061590350167
G2,W0028F0001T0006Z000C1N100.png,114,0.40878117713668033,0.40878117713668033
G2,W0028F0001T0006Z000C1N100.png,115,1.3400093283257397,1.3400093283257397
G2,W0028F0003T0006Z000C1N34.png,1,1.397877855894427,1.4534441853748634
G2,W0028F0003T0006Z000C1N34.png,2,1.2691655723348314,1.397877855894427
G2,W0028F0003T0006Z000C1N34.png,3,0.8629178825055566,0.8629178825055566
G2,W0028F0003T0006Z000C1N34.png,4,0.0,0.0
G2,W0028F0003T0006Z000C1N34.png,5,1.7718439982478995,1.7718439982478995
G2,W0028F0003T0006Z000C1N34.png,6,0.15581551160595203,0.15581551160595203
G2,W0028F0003T0006Z000C1N34.png,7,0.05745242597140699,0.05745242597140699
G2,W0028F0003T0006Z000C1N34.png,8,1.1724299611869746,1.1724299611869746
G2,W0028F0003T0006Z000C1N34.png,9,0.2469987434118151,0.2469987434118151
G2,W0028F0003T0006Z000C1N34.png,10,0.9459801648143705,0.9459801648143705
G2,W0028F0003T0006Z000C1N34.png,11,0.9510068677459697,0.9510068677459697
G2,W0028F0003T0006Z000C1N34.png,12,0.07660323462854197,0.07660323462854197
G2,W0028F0003T0006Z000C1N34.png,13,0.1625,0.1625
G2,W0028F0003T0006Z000C1N34.png,14,1.4189702472215546,1.5178752624968892
G2,W0028F0003T0006Z000C1N34.png,15,0.06572321427822655,0.06572321427822655
G2,W0028F0003T0006Z000C1N34.png,16,0.07660323462854238,0.07660323462854238
G2,W0028F0003T0006Z000C1N34.png,17,0.06383602885711824,0.06383602885711824
G2,W0028F0003T0006Z000C1N34.png,18,0.08125,0.08125
G2,W0028F0003T0006Z000C1N34.png,19,0.9510068677459697,1.0050069962443047
G2,W0028F0003T0006Z000C1N34.png,20,0.12187500000000001,0.12187500000000001
G2,W0028F0003T0006Z000C1N34.png,21,0.11490485194281398,0.11490485194281398
G2,W0028F0003T0006Z000C1N34.png,22,0.04642857142857011,0.04642857142857011
G2,W0028F0003T0006Z000C1N34.png,23,0.3714285714285713,0.3714285714285713
G2,W0028F0003T0006Z000C1N34.png,24,0.07267220926874421,0.1027740239554716
G2,W0028F0003T0006Z000C1N34.png,25,0.0,0.0
G2,W0028F0003T0006Z000C1N34.png,26,0.11490485194281398,0.11490485194281398
G2,W0028F0003T0006Z000C1N34.png,27,0.07267220926874214,0.07267220926874214
G2,W0028F0003T0006Z000C1N34.png,28,0.11490485194281398,0.7357500424736652
G2,W0028F0003T0006Z000C1N34.png,29,0.1625,0.1625
G2,W0028F0003T0006Z000C1N34.png,30,0.06090951492389787,0.06090951492389787
G2,W0028F0003T0006Z000C1N34.png,31,0.05709667997526293,0.05709667997526293
G2,W0028F0003T0006Z000C1N34.png,32,0.0766032346285432,0.0766032346285432
G2,W0028F0003T0006Z000C1N34.png,33,0.07660323462854156,0.07660323462854156
G2,W0028F0003T0006Z000C1N34.png,34,0.07288689868556619,0.07288689868556619
G2,W0028F0003T0006Z000C1N34.png,35,0.03408444521287849,0.03408444521287849
G2,W0028F0003T0006Z000C1N34.png,36,0.0,0.0
G2,W0028F0003T0006Z000C1N34.png,37,0.08125,0.08125
G2,W0028F0003T0006Z000C1N34.png,38,0.06510023136254355,0.06510023136254355
G2,W0028F0003T0006Z000C1N34.png,39,0.08838834764831895,0.08838834764831895
G2,W0028F0003T0006Z000C1N34.png,40,0.028726212985703495,0.028726212985703495
G2,W0028F0003T0006Z000C1N34.png,41,0.0,0.0
G2,W0028F0003T0006Z000C1N34.png,42,0.1533021933959199,0.1533021933959199
G2,W0028F0003T0006Z000C1N34.png,43,0.04642857142857242,0.04642857142857242
G2,W0028F0003T0006Z000C1N34.png,44,0.07323776028286229,0.07323776028286229
G2,W0028F0003T0006Z000C1N34.png,45,0.08125,0.08125
G2,W0028F0003T0006Z000C1N34.png,46,0.0,0.5859020822628983
G2,W0028F0003T0006Z000C1N34.png,47,0.08125,0.08125
G2,W0028F0003T0006Z000C1N34.png,48,0.28789978242823006,0.5583372201357253
G2,W0028F0003T0006Z000C1N34.png,49,0.08125,0.08125
G2,W0028F0003T0006Z000C1N34.png,50,0.0,0.0
G2,W0028F0003T0006Z000C1N34.png,51,0.08125,0.08125
G2,W0028F0003T0006Z000C1N34.png,52,1.5775896369144926,1.5775896369144926
G2,W0028F0003T0006Z000C1N34.png,53,0.40625,0.6345827861674157
G2,W0028F0003T0006Z000C1N34.png,54,1.6844684865058326,1.9965234676885846
G2,W0028F0003T0006Z000C1N34.png,55,0.22980970388562796,0.325
G2,W0028F0003T0006Z000C1N34.png,56,1.3884006086140988,1.6086679271993958
G2,W0028F0003T0006Z000C1N34.png,57,0.9200364198709141,1.0454306993876843
G2,W0028F0001T0006Z000C1N53.png,1,0.0,0.0
G2,W0028F0001T0006Z000C1N53.png,2,0.0,0.0
G2,W0028F0001T0006Z000C1N53.png,3,0.0,0.0
G2,W0028F0001T0006Z000C1N53.png,4,0.0,0.0
G2,W0028F0001T0006Z000C1N53.png,5,0.0,0.0
G2,W0028F0001T0006Z000C1N53.png,6,0.07660323462854238,0.07660323462854238
G2,W0028F0001T0006Z000C1N53.png,7,0.9343569763124135,0.9343569763124135
G2,W0028F0001T0006Z000C1N53.png,8,0.36336104634371585,0.36336104634371585
G2,W0028F0001T0006Z000C1N53.png,9,1.5176336203298715,1.5176336203298715
G2,W0028F0001T0006Z000C1N53.png,10,0.0,0.0
G2,W0028F0001T0006Z000C1N53.png,11,0.0,0.0
G2,W0028F0001T0006Z000C1N53.png,12,0.887077364157151,0.887077364157151
G2,W0028F0001T0006Z000C1N53.png,13,0.0,0.0
G2,W0028F0001T0006Z000C1N53.png,14,0.0,0.0
G2,W0028F0001T0006Z000C1N53.png,15,0.0,0.0
G2,W0028F0001T0006Z000C1N53.png,16,0.053263825660263074,0.053263825660263074
G2,W0028F0001T0006Z000C1N53.png,17,0.0,0.0
G2,W0028F0001T0006Z000C1N53.png,18,0.0,0.0
G2,W0028F0001T0006Z000C1N53.png,19,0.0,0.0
G2,W0028F0001T0006Z000C1N53.png,20,0.08552631578947358,0.08552631578947358
G2,W0028F0001T0006Z000C1N53.png,21,0.0,0.0
G2,W0028F0001T0006Z000C1N53.png,22,0.0,0.0
G2,W0028F0001T0006Z000C1N53.png,23,1.3101168840985142,1.3101168840985142
G2,W0028F0001T0006Z000C1N53.png,24,2.76963041279099,2.76963041279099
G2,W0028F0001T0006Z000C1N53.png,25,1.132046076938788,1.132046076938788
G2,W0028F0001T0006Z000C1N53.png,26,0.0,0.0
G2,W0028F0001T0006Z000C1N53.png,27,1.3400093283257397,1.3400093283257397
G2,W0028F0001T0006Z000C1N53.png,28,1.7819516162062314,1.7819516162062314
G2,W0028F0001T0006Z000C1N53.png,29,0.06499999999999977,0.06499999999999977
G2,W0028F0001T0006Z000C1N53.png,30,0.0,0.0
G2,W0028F0001T0006Z000C1N53.png,31,0.18691915239281923,0.18691915239281923
G2,W0028F0001T0006Z000C1N53.png,32,0.6602821946187948,0.6602821946187948
G2,W0028F0001T0006Z000C1N53.png,33,0.11490485194281398,0.11490485194281398
G2,W0028F0001T0006Z000C1N53.png,34,0.11607142857142759,0.11607142857142759
G2,W0028F0001T0006Z000C1N53.png,35,0.6550584420492571,0.6550584420492571
G2,W0028F0001T0006Z000C1N53.png,36,0.022980970388561492,0.022980970388561492
G2,W0028F0001T0006Z000C1N53.png,37,0.43754464057967846,0.43754464057967846
G2,W0028F0001T0006Z000C1N53.png,38,0.25466211329939387,0.25466211329939387
G2,W0028F0001T0006Z000C1N53.png,39,0.0,0.0
G2,W0028F0001T0006Z000C1N53.png,40,3.715380271820923,3.715380271820923
G2,W0028F0001T0006Z000C1N53.png,41,0.09544932409539257,0.09544932409539257
G2,W0028F0001T0006Z000C1N53.png,42,0.0,0.0
G2,W0028F0001T0006Z000C1N53.png,43,0.07267220926874421,0.07267220926874421
G2,W0028F0001T0006Z000C1N53.png,44,0.05745242597140699,0.05745242597140699
G2,W0028F0001T0006Z000C1N53.png,45,0.11561196539809315,0.11561196539809315
G2,W0028F0001T0006Z000C1N53.png,46,3.1257499100215935,3.1257499100215935
G2,W0028F0001T0006Z000C1N53.png,47,0.07905694150421066,0.07905694150421066
G2,W0028F0001T0006Z000C1N53.png,48,0.07292410676328075,0.07292410676328075
G2,W0028F0001T0006Z000C1N53.png,49,0.65,0.65
G2,W0028F0001T0006Z000C1N53.png,50,0.040625,0.040625
G2,W0028F0001T0006Z000C1N53.png,51,0.08375058302035873,0.08375058302035873
G2,W0028F0001T0006Z000C1N53.png,52,0.08125,0.08125
G2,W0028F0001T0006Z000C1N53.png,53,0.0,0.0
G2,W0028F0001T0006Z000C1N53.png,54,0.027251259640133734,0.027251259640133734
G2,W0028F0001T0006Z000C1N53.png,55,0.0,0.0
G2,W0028F0001T0006Z000C1N53.png,56,0.9192388155425119,0.9192388155425119
G2,W0028F0001T0006Z000C1N53.png,57,0.06770833333333456,0.06770833333333456
G2,W0028F0001T0006Z000C1N53.png,58,0.24904234015796894,0.24904234015796894
G2,W0028F0001T0006Z000C1N53.png,59,0.33500233208143493,0.33500233208143493
G2,W0028F0001T0006Z000C1N53.png,60,0.18168052317185793,0.18168052317185793
G2,W0028F0001T0006Z000C1N53.png,61,0.0766032346285432,0.0766032346285432
G2,W0028F0001T0006Z000C1N53.png,62,0.07323776028286229,0.07323776028286229
G2,W0028F0001T0006Z000C1N53.png,63,0.06700046641628767,0.06700046641628767
G2,W0028F0001T0006Z000C1N53.png,64,1.0277402395547235,1.0277402395547235
G2,W0028F0001T0006Z000C1N53.png,65,0.0,0.0
G2,W0028F0001T0006Z000C1N53.png,66,0.05745242597140699,0.05745242597140699
G2,W0028F0001T0006Z000C1N53.png,67,0.0766032346285432,0.0766032346285432
G2,W0028F0001T0006Z000C1N47.png,1,1.625,1.625
G2,W0028F0001T0006Z000C1N47.png,2,0.45961940777125593,0.45961940777125593
G2,W0028F0001T0006Z000C1N47.png,3,0.1830944007071557,0.1830944007071557
G2,W0028F0001T0006Z000C1N47.png,4,0.06732645510158898,0.06732645510158898
G2,W0028F0001T0006Z000C1N47.png,5,0.07933906443670567,0.07933906443670567
G2,W0028F0001T0006Z000C1N47.png,6,0.07353910524340014,0.07353910524340014
G2,W0028F0001T0006Z000C1N47.png,7,0.45961940777125593,0.45961940777125593
G2,W0028F0001T0006Z000C1N47.png,8,0.1625,0.1625
G2,W0028F0001T0006Z000C1N47.png,9,0.33500233208143493,0.33500233208143493
G2,W0028F0001T0006Z000C1N47.png,10,0.8125,0.8125
G2,W0028F0001T0006Z000C1N47.png,11,0.325,0.325
G2,W0028F0001T0006Z000C1N47.png,12,0.22980970388562796,0.22980970388562796
G2,W0028F0001T0006Z000C1N47.png,13,0.22980970388562796,0.22980970388562796
G2,W0028F0001T0006Z000C1N47.png,14,0.0,0.0
G2,W0028F0001T0006Z000C1N47.png,15,0.07660323462854207,0.07660323462854207
G2,W0028F0001T0006Z000C1N47.png,16,0.325,0.325
G2,W0028F0001T0006Z000C1N47.png,17,0.026529368593300316,0.026529368593300316
G2,W0028F0001T0006Z000C1N47.png,18,0.08125,0.08125
G2,W0028F0001T0006Z000C1N47.png,19,0.060560174390618574,0.060560174390618574
G2,W0028F0001T0006Z000C1N47.png,20,0.29295104113144915,0.29295104113144915
G2,W0028F0001T0006Z000C1N47.png,21,0.65,0.65
G2,W0028F0001T0006Z000C1N47.png,22,0.36336104634371585,0.36336104634371585
G2,W0028F0001T0006Z000C1N47.png,23,0.04671546543430584,0.04671546543430584
G2,W0028F0001T0006Z000C1N47.png,24,0.0,0.0
G2,W0028F0001T0006Z000C1N47.png,25,0.65,0.65
G2,W0028F0001T0006Z000C1N47.png,26,0.0,0.0
G2,W0028F0001T0006Z000C1N47.png,27,0.11490485194281398,0.11490485194281398
G2,W0028F0001T0006Z000C1N47.png,28,0.037476119283173216,0.037476119283173216
G2,W0028F0001T0006Z000C1N47.png,29,0.03830161731427017,0.03830161731427017
G2,W0028F0001T0006Z000C1N47.png,30,0.0,0.0
G2,W0028F0001T0006Z000C1N47.png,31,0.36336104634371585,0.36336104634371585
G2,W0028F0001T0006Z000C1N47.png,32,0.48750000000000004,0.48750000000000004
G2,W0028F0001T0006Z000C1N47.png,33,0.65,0.65
G2,W0028F0001T0006Z000C1N47.png,34,0.7357500424736652,0.7357500424736652
G2,W0028F0001T0006Z000C1N47.png,35,0.08125,0.08125
G2,W0028F0001T0006Z000C1N47.png,36,0.08125,0.08125
G2,W0028F0001T0006Z000C1N47.png,37,0.0,0.0
G2,W0028F0001T0006Z000C1N47.png,38,0.0,0.0
G2,W0028F0001T0006Z000C1N47.png,39,0.11490485194281398,0.11490485194281398
G2,W0028F0001T0006Z000C1N47.png,40,0.08125,0.08125
G2,W0028F0001T0006Z000C1N47.png,41,1.2375631297028853,1.2375631297028853
G2,W0028F0001T0006Z000C1N47.png,42,0.45961940777125593,0.45961940777125593
G2,W0028F0001T0006Z000C1N47.png,43,0.021374179196689352,0.021374179196689352
G2,W0028F0001T0006Z000C1N47.png,44,0.0,0.0
G2,W0028F0001T0006Z000C1N47.png,45,1.5330219339591982,1.5330219339591982
G2,W0028F0001T0006Z000C1N47.png,46,0.65,0.65
G2,W0028F0001T0006Z000C1N47.png,47,0.48750000000000004,0.48750000000000004
G2,W0028F0001T0006Z000C1N47.png,48,0.0670265373622655,0.0670265373622655
G2,W0028F0001T0006Z000C1N47.png,49,0.9192388155425119,0.9192388155425119
G2,W0028F0001T0006Z000C1N47.png,50,0.08158661450486035,0.08158661450486035
G2,W0028F0001T0006Z000C1N47.png,51,0.0,0.0
G2,W0028F0001T0006Z000C1N47.png,52,0.0,0.0
G2,W0028F0001T0006Z000C1N47.png,53,0.36336104634371585,0.36336104634371585
G2,W0028F0001T0006Z000C1N47.png,54,0.5859020822628983,0.5859020822628983
G2,W0028F0001T0006Z000C1N47.png,55,0.325,0.325
G2,W0028F0001T0006Z000C1N47.png,56,0.05264053793957485,0.05264053793957485
G2,W0028F0001T0006Z000C1N47.png,57,0.08617863895711048,0.08617863895711048
G2,W0028F0001T0006Z000C1N47.png,58,0.1540925046846864,0.1540925046846864
G2,W0028F0001T0006Z000C1N47.png,59,0.04785747601163388,0.04785747601163388
G2,W0028F0001T0006Z000C1N47.png,60,0.0,0.0
G2,W0028F0001T0006Z000C1N47.png,61,0.0,0.0
G2,W0028F0001T0006Z000C1N47.png,62,0.06681583880849054,0.06681583880849054
G2,W0028F0001T0006Z000C1N47.png,63,1.4981759743100942,1.4981759743100942
G2,W0028F0001T0006Z000C1N47.png,64,0.0,0.0
G2,W0028F0001T0006Z000C1N47.png,65,0.0,0.0
G2,W0028F0001T0006Z000C1N47.png,66,0.07222590693548363,0.07222590693548363
G2,W0028F0001T0006Z000C1N47.png,67,1.7501785623187138,1.7501785623187138
G2,W0028F0001T0006Z000C1N47.png,68,0.0,0.0
G2,W0028F0001T0006Z000C1N47.png,69,0.0,0.0
G2,W0028F0001T0006Z000C1N47.png,70,0.08124999999999954,0.08124999999999954
G2,W0028F0001T0006Z000C1N47.png,71,0.05190872090624622,0.05190872090624622
G2,W0028F0001T0006Z000C1N47.png,72,0.6700046641628699,0.6700046641628699
G2,W0028F0001T0006Z000C1N47.png,73,0.897435582646465,0.897435582646465
G2,W0028F0001T0006Z000C1N47.png,74,0.0,0.0
G2,W0028F0001T0006Z000C1N47.png,75,0.6894291116568838,0.6894291116568838
G2,W0028F0001T0006Z000C1N47.png,76,0.0,0.0
G2,W0028F0001T0006Z000C1N47.png,77,0.08125,0.08125
G2,W0028F0001T0006Z000C1N47.png,78,0.0,0.0
G2,W0028F0001T0006Z000C1N47.png,79,0.0730156192449402,0.0730156192449402
G2,W0028F0001T0006Z000C1N47.png,80,0.11490485194281398,0.11490485194281398
G2,W0028F0001T0006Z000C1N47.png,81,0.0,0.0
G2,W0028F0001T0006Z000C1N47.png,82,0.0,0.0
G2,W0028F0001T0006Z000C1N47.png,83,0.0,0.0
G2,W0028F0001T0006Z000C1N47.png,84,0.9884489111734607,0.9884489111734607
G2,W0028F0001T0006Z000C1N47.png,85,0.8125,0.8125
G2,W0028F0001T0006Z000C1N47.png,86,0.0,0.0
G2,W0028F0001T0006Z000C1N47.png,87,0.05416666666666705,0.05416666666666705
G2,W0028F0001T0006Z000C1N47.png,88,0.0,0.0
G2,W0028F0001T0006Z000C1N47.png,89,0.0,0.0
G2,W0028F0001T0006Z000C1N47.png,90,0.0,0.0
G2,W0028F0001T0006Z000C1N47.png,91,1.0900831390311476,1.0900831390311476
G2,W0028F0001T0006Z000C1N47.png,92,0.0,0.0
G2,W0028F0001T0006Z000C1N47.png,93,0.0,0.0
G2,W0028F0001T0006Z000C1N47.png,94,0.06565991539589429,0.06565991539589429
G2,W0028F0001T0006Z000C1N47.png,95,1.38125,1.38125
G2,W0028F0001T0006Z000C1N47.png,96,0.8750892811593569,0.8750892811593569
G2,W0028F0001T0006Z000C1N47.png,97,0.0,0.0
G2,W0028F0001T0006Z000C1N47.png,98,0.0,0.0
G2,W0028F0001T0006Z000C1N47.png,99,0.0,0.0
G2,W0028F0001T0006Z000C1N47.png,100,0.08125,0.08125
G2,W0028F0001T0006Z000C1N47.png,101,0.0,0.0
G2,W0028F0001T0006Z000C1N47.png,102,0.03328475139768155,0.03328475139768155
G2,W0028F0001T0006Z000C1N47.png,103,0.07369956483296969,0.07369956483296969
G2,W0028F0001T0006Z000C1N47.png,104,0.0,0.0
G2,W0028F0001T0006Z000C1N47.png,105,0.0,0.0
G2,W0028F0001T0006Z000C1N47.png,106,0.07341001711105213,0.07341001711105213
G2,W0028F0001T0006Z000C1N47.png,107,0.0,0.0
G2,W0028F0001T0006Z000C1N47.png,108,0.36336104634371585,0.36336104634371585
G2,W0028F0001T0006Z000C1N47.png,109,0.0,0.0
G2,W0028F0001T0006Z000C1N47.png,110,0.04542013079296448,0.04542013079296448
G2,W0028F0001T0006Z000C1N47.png,111,0.22980970388562796,0.22980970388562796
G2,W0028F0001T0006Z000C1N47.png,112,0.24375000000000002,0.24375000000000002
G2,W0028F0001T0006Z000C1N47.png,113,0.29295104113144915,0.29295104113144915
G2,W0028F0001T0006Z000C1N47.png,114,0.0,0.0
G2,W0028F0001T0006Z000C1N47.png,115,0.07660323462854238,0.07660323462854238
G2,W0028F0001T0006Z000C1N47.png,116,0.0,0.0
G2,W0028F0001T0006Z000C1N47.png,117,0.0,0.0
G2,W0028F0001T0006Z000C1N47.png,118,0.0,0.0
G2,W0028F0001T0006Z000C1N47.png,119,0.1625,0.1625
G2,W0028F0001T0006Z000C1N47.png,120,0.09084026158592896,0.09084026158592896
G2,W0028F0001T0006Z000C1N47.png,121,0.11490485194281398,0.11490485194281398
G2,W0028F0001T0006Z000C1N47.png,122,0.6345827861674157,0.6345827861674157
G2,W0028F0001T0006Z000C1N47.png,123,0.3447145558284419,0.3447145558284419
G2,W0028F0001T0006Z000C1N47.png,124,0.36336104634371585,0.36336104634371585
G2,W0028F0001T0006Z000C1N47.png,125,0.0,0.0
G2,W0028F0001T0006Z000C1N47.png,126,0.06275196783620156,0.06275196783620156
G2,W0028F0001T0006Z000C1N47.png,127,0.08125,0.08125
G2,W0028F0001T0006Z000C1N47.png,128,0.0,0.0
G2,W0028F0001T0006Z000C1N47.png,129,0.0,0.0
G2,W0028F0001T0006Z000C1N47.png,130,0.0388140882504286,0.0388140882504286
G2,W0028F0001T0006Z000C1N47.png,131,0.07660323462854156,0.07660323462854156
G2,W0028F0001T0006Z000C1N47.png,132,0.0,0.0
G2,W0028F0001T0006Z000C1N47.png,133,0.0,0.0
G2,W0028F0001T0006Z000C1N47.png,134,0.36336104634371585,0.36336104634371585
G2,W0028F0001T0006Z000C1N47.png,135,0.48750000000000004,0.48750000000000004
G2,W0028F0001T0006Z000C1N47.png,136,0.0,0.0
G2,W0028F0001T0006Z000C1N47.png,137,0.0,0.0
G2,W0028F0001T0006Z000C1N47.png,138,0.07181553246425874,0.07181553246425874
G2,W0028F0001T0006Z000C1N47.png,139,0.0,0.0
G2,W0028F0001T0006Z000C1N47.png,140,0.11490485194281398,0.11490485194281398
G2,W0028F0001T0006Z000C1N47.png,141,0.09459160805298471,0.09459160805298471
G2,W0028F0001T0006Z000C1N47.png,142,0.36336104634371585,0.36336104634371585
G2,W0028F0001T0006Z000C1N47.png,143,0.6700046641628699,0.6700046641628699
G2,W0028F0001T0006Z000C1N47.png,144,0.0,0.0
G2,W0028F0001T0006Z000C1N47.png,145,0.0,0.0
G2,W0028F0001T0006Z000C1N47.png,146,0.11490485194281398,0.11490485194281398
G2,W0028F0001T0006Z000C1N47.png,147,0.0,0.0
G2,W0028F0001T0006Z000C1N47.png,148,0.0541666666666659,0.0541666666666659
G2,W0028F0001T0006Z000C1N47.png,149,0.08125,0.08125
G2,W0028F0001T0006Z000C1N47.png,150,0.0,0.0
G2,W0028F0001T0006Z000C1N47.png,151,0.45961940777125593,0.45961940777125593
G2,W0028F0001T0006Z000C1N47.png,152,0.05190872090624571,0.05190872090624571
G2,W0028F0001T0006Z000C1N47.png,153,0.0,0.0
G2,W0028F0001T0006Z000C1N47.png,154,0.22980970388562796,0.22980970388562796
G2,W0028F0001T0006Z000C1N47.png,155,0.0,0.0
G2,W0028F0001T0006Z000C1N47.png,156,0.1027740239554727,0.1027740239554727
G2,W0028F0001T0006Z000C1N47.png,157,0.0,0.0
G2,W0028F0001T0006Z000C1N47.png,158,0.0696133775491093,0.0696133775491093
G2,W0028F0001T0006Z000C1N47.png,159,0.0,0.0
G2,W0028F0001T0006Z000C1N47.png,160,0.0,0.0
G2,W0028F0001T0006Z000C1N47.png,161,0.0541666666666659,0.0541666666666659
G2,W0028F0001T0006Z000C1N47.png,162,0.0,0.0
G2,W0028F0001T0006Z000C1N47.png,163,0.05745242597140699,0.05745242597140699
G2,W0028F0001T0006Z000C1N47.png,164,0.07660323462854156,0.07660323462854156
G2,W0028F0001T0006Z000C1N47.png,165,0.0,0.0
G2,W0028F0001T0006Z000C1N47.png,166,0.0,0.0
G2,W0028F0001T0006Z000C1N47.png,167,0.11490485194281398,0.11490485194281398
G2,W0028F0001T0006Z000C1N47.png,168,0.325,0.325
G2,W0028F0001T0006Z000C1N47.png,169,0.0,0.0
G2,W0028F0001T0006Z000C1N47.png,170,1.0277402395547235,1.0277402395547235
G2,W0028F0001T0006Z000C1N47.png,171,0.325,0.325
G2,W0028F0001T0006Z000C1N47.png,172,0.36336104634371585,0.36336104634371585
G2,W0028F0001T0006Z000C1N47.png,173,0.325,0.325
G2,W0028F0001T0006Z000C1N47.png,174,0.0,0.0
G2,W0028F0001T0006Z000C1N47.png,175,0.0,0.0
G2,W0028F0001T0006Z000C1N47.png,176,0.03830161731427242,0.03830161731427242
G2,W0028F0001T0006Z000C1N47.png,177,0.06894291116568772,0.06894291116568772
G2,W0028F0001T0006Z000C1N47.png,178,0.07660323462854156,0.07660323462854156
G2,W0028F0001T0006Z000C1N47.png,179,0.0,0.0
G2,W0028F0001T0006Z000C1N47.png,180,0.0,0.0
G2,W0028F0001T0006Z000C1N47.png,181,0.0,0.0
G2,W0028F0001T0006Z000C1N47.png,182,0.0,0.0
G2,W0028F0001T0006Z000C1N47.png,183,0.0,0.0
G2,W0028F0001T0006Z000C1N47.png,184,0.06477365148489048,0.06477365148489048
G2,W0028F0001T0006Z000C1N47.png,185,0.08125,0.08125
G2,W0028F0001T0006Z000C1N47.png,186,0.0,0.0
G2,W0028F0001T0006Z000C1N47.png,187,0.07660323462854238,0.07660323462854238
G2,W0028F0001T0006Z000C1N47.png,188,0.11490485194281398,0.11490485194281398
G2,W0028F0001T0006Z000C1N47.png,189,0.0919238815542525,0.0919238815542525
G2,W0028F0001T0006Z000C1N47.png,190,0.0,0.0
G2,W0028F0001T0006Z000C1N47.png,191,0.0,0.0
G2,W0028F0001T0006Z000C1N47.png,192,0.0,0.0
G2,W0028F0001T0006Z000C1N47.png,193,0.583392854106238,0.583392854106238
G2,W0028F0001T0006Z000C1N47.png,194,0.0,0.0
G2,W0028F0001T0006Z000C1N47.png,195,0.0,0.0
G2,W0028F0001T0006Z000C1N47.png,196,0.8285906709588275,0.8285906709588275
G2,W0028F0001T0006Z000C1N47.png,197,0.22980970388562796,0.22980970388562796
G2,W0028F0001T0006Z000C1N47.png,198,0.3906013881752651,0.3906013881752651
G2,W0028F0001T0006Z000C1N47.png,199,0.0,0.0
G2,W0028F0001T0006Z000C1N47.png,200,0.0,0.0
G2,W0028F0001T0006Z000C1N47.png,201,0.06500000000000093,0.06500000000000093
G2,W0028F0001T0006Z000C1N47.png,202,0.0,0.0
G2,W0028F0001T0006Z000C1N47.png,203,0.0,0.0
G2,W0028F0001T0006Z000C1N47.png,204,0.0,0.0
G2,W0028F0001T0006Z000C1N47.png,205,0.09987839828734045,0.09987839828734045
G2,W0028F0001T0006Z000C1N47.png,206,0.0789608069093641,0.0789608069093641
G2,W0028F0001T0006Z000C1N47.png,207,0.48750000000000004,0.48750000000000004
G2,W0028F0001T0006Z000C1N47.png,208,0.0,0.0
G2,W0028F0001T0006Z000C1N47.png,209,0.08125,0.08125
G2,W0028F0001T0006Z000C1N47.png,210,1.0277402395547235,1.0277402395547235
G2,W0028F0001T0006Z000C1N47.png,211,0.57452425971407,0.57452425971407
G2,W0028F0001T0006Z000C1N47.png,212,0.1625,0.1625
G2,W0028F0001T0006Z000C1N47.png,213,0.027950849718748564,0.027950849718748564
G2,W0028F0001T0006Z000C1N47.png,214,0.0,0.0
G2,W0028F0001T0006Z000C1N47.png,215,0.1625,0.1625
G2,W0028F0001T0006Z000C1N47.png,216,0.0,0.0
G2,W0028F0001T0006Z000C1N47.png,217,0.0,0.0
G2,W0028F0001T0006Z000C1N47.png,218,0.11490485194281398,0.11490485194281398
G2,W0028F0001T0006Z000C1N47.png,219,0.08125,0.08125
G2,W0028F0001T0006Z000C1N47.png,220,0.0,0.0
G2,W0028F0001T0006Z000C1N47.png,221,0.5138701197773617,0.5138701197773617
G2,W0028F0001T0006Z000C1N47.png,222,0.08125,0.08125
G2,W0028F0001T0006Z000C1N47.png,223,0.48750000000000004,0.48750000000000004
G2,W0028F0001T0006Z000C1N47.png,224,0.22980970388562796,0.22980970388562796
G2,W0028F0001T0006Z000C1N47.png,225,0.0,0.0
G2,W0028F0001T0006Z000C1N47.png,226,0.0,0.0
G2,W0028F0001T0006Z000C1N47.png,227,0.48750000000000004,0.48750000000000004
G2,W0028F0001T0006Z000C1N47.png,228,0.08125,0.08125
G2,W0028F0001T0006Z000C1N47.png,229,0.36336104634371585,0.36336104634371585
G2,W0028F0001T0006Z000C1N47.png,230,0.5817483325708632,0.5817483325708632
G2,W0028F0001T0006Z000C1N47.png,231,0.05755173879569849,0.05755173879569849
G2,W0028F0001T0006Z000C1N47.png,232,0.0,0.0
G2,W0028F0001T0006Z000C1N47.png,233,0.5915089285040421,0.5915089285040421
G2,W0028F0001T0006Z000C1N47.png,234,0.0,0.0
G2,W0028F0001T0006Z000C1N47.png,235,0.43754464057967846,0.43754464057967846
G2,W0028F0001T0006Z000C1N47.png,236,0.0,0.0
G2,W0028F0001T0006Z000C1N47.png,237,0.11490485194281398,0.11490485194281398
G2,W0028F0001T0006Z000C1N47.png,238,0.0,0.0
G2,W0028F0001T0006Z000C1N47.png,239,0.5138701197773617,0.5138701197773617
G2,W0028F0001T0006Z000C1N47.png,240,0.22980970388562796,0.22980970388562796
G2,W0028F0001T0006Z000C1N47.png,241,1.2375631297028853,1.2375631297028853
G2,W0028F0001T0006Z000C1N47.png,242,0.20100139924886146,0.20100139924886146
G2,W0028F0001T0006Z000C1N47.png,243,0.45961940777125593,0.45961940777125593
G2,W0028F0001T0006Z000C1N47.png,244,0.325,0.325
G2,W0028F0001T0006Z000C1N47.png,245,0.7267220926874317,0.7267220926874317
G2,W0028F0001T0006Z000C1N47.png,246,0.08125,0.08125
G2,W0028F0001T0006Z000C1N47.png,247,0.0,0.0
G2,W0028F0001T0006Z000C1N47.png,248,0.8750892811593569,0.8750892811593569
G2,W0028F0001T0006Z000C1N47.png,249,0.0,0.0
G2,W0028F0001T0006Z000C1N47.png,250,0.0,0.0
G2,W0028F0001T0006Z000C1N47.png,251,0.5138701197773617,0.5138701197773617
G2,W0028F0001T0006Z000C1N47.png,252,0.49422445558673034,0.49422445558673034
G2,W0028F0001T0006Z000C1N47.png,253,0.11490485194281398,0.11490485194281398
G2,W0028F0001T0006Z000C1N47.png,254,0.43754464057967846,0.43754464057967846
G2,W0028F0001T0006Z000C1N47.png,255,0.6550584420492571,0.6550584420492571
G2,W0028F0001T0006Z000C1N47.png,256,0.6700046641628699,0.6700046641628699
G2,W0028F0001T0006Z000C1N47.png,257,0.0,0.0
G2,W0028F0001T0006Z000C1N47.png,258,0.08125,0.08125
G2,W0028F0001T0006Z000C1N47.png,259,0.8285906709588275,0.8285906709588275
G2,W0028F0001T0006Z000C1N47.png,260,1.14904851942814,1.14904851942814
G2,W0028F0001T0006Z000C1N47.png,261,0.11490485194281398,0.11490485194281398
G2,W0028F0001T0006Z000C1N47.png,262,0.27083333333333365,0.27083333333333365
G2,W0028F0001T0006Z000C1N47.png,263,0.57452425971407,0.57452425971407
G2,W0028F0001T0006Z000C1N47.png,264,0.0,0.0
G2,W0028F0001T0006Z000C1N47.png,265,0.5138701197773617,0.5138701197773617
G2,W0028F0001T0006Z000C1N47.png,266,0.1625,0.1625
G2,W0028F0001T0006Z000C1N47.png,267,0.9884489111734607,0.9884489111734607
G2,W0028F0001T0006Z000C1N47.png,268,0.1625,0.1625
G2,W0028F0001T0006Z000C1N47.png,269,0.0,0.0
G2,W0028F0001T0006Z000C1N47.png,270,0.0,0.0
G2,W0028F0001T0006Z000C1N47.png,271,0.18168052317185793,0.18168052317185793
G2,W0028F0001T0006Z000C1N47.png,272,0.65,0.65
G2,W0028F0001T0006Z000C1N47.png,273,0.45961940777125593,0.45961940777125593
G2,W0028F0001T0006Z000C1N47.png,274,0.2676372473265075,0.2676372473265075
G2,W0028F0001T0006Z000C1N47.png,275,0.22980970388562796,0.22980970388562796
G2,W0028F0001T0006Z000C1N47.png,276,0.22980970388562796,0.22980970388562796
G2,W0028F0001T0006Z000C1N47.png,277,0.0,0.0
G2,W0028F0001T0006Z000C1N47.png,278,0.5138701197773617,0.5138701197773617
G2,W0028F0001T0006Z000C1N47.png,279,1.1830178570080843,1.1830178570080843
G2,W0028F0001T0006Z000C1N47.png,280,0.36336104634371585,0.36336104634371585
G2,W0028F0001T0006Z000C1N47.png,281,0.2708333333333346,0.2708333333333346
G2,W0028F0001T0006Z000C1N47.png,282,0.1625,0.1625
G2,W0028F0001T0006Z000C1N47.png,283,0.45961940777125593,0.45961940777125593
G2,W0028F0001T0006Z000C1N47.png,284,0.08125,0.08125
G2,W0028F0001T0006Z000C1N47.png,285,0.6894291116568838,0.6894291116568838
G2,W0028F0001T0006Z000C1N47.png,286,0.26658947145201084,0.26658947145201084
G2,W0028F0001T0006Z000C1N47.png,287,0.1625,0.1625
G2,W0028F0001T0006Z000C1N47.png,288,0.7267220926874317,0.7267220926874317
G2,W0028F0001T0006Z000C1N47.png,289,0.0,0.0
G2,W0028F0001T0006Z000C1N47.png,290,0.0,0.0
G2,W0028F0001T0006Z000C1N47.png,291,0.48750000000000004,0.48750000000000004
G2,W0028F0001T0006Z000C1N47.png,292,1.0686768980847299,1.0686768980847299
G2,W0028F0001T0006Z000C1N47.png,293,0.8285906709588275,0.8285906709588275
G2,W0028F0001T0006Z000C1N47.png,294,0.0,0.0
G2,W0028F0001T0006Z000C1N47.png,295,0.1625,0.1625
G2,W0028F0001T0006Z000C1N47.png,296,0.5138701197773617,0.5138701197773617
G2,W0028F0001T0006Z000C1N47.png,297,0.1625,0.1625
G2,W0028F0001T0006Z000C1N47.png,298,0.8125,0.8125
G2,W0028F0001T0006Z000C1N47.png,299,0.8285906709588275,0.8285906709588275
G2,W0028F0001T0006Z000C1N47.png,300,0.0,0.0
G2,W0028F0001T0006Z000C1N47.png,301,0.33500233208143493,0.33500233208143493
G2,W0028F0001T0006Z000C1N47.png,302,0.45961940777125593,0.45961940777125593
G2,W0028F0001T0006Z000C1N47.png,303,0.8125,0.8125
G2,W0028F0001T0006Z000C1N47.png,304,0.22980970388562796,0.22980970388562796
G2,W0028F0001T0006Z000C1N47.png,305,0.40625,0.40625
G2,W0028F0001T0006Z000C1N47.png,306,0.2196123792217504,0.2196123792217504
G2,W0028F0001T0006Z000C1N47.png,307,0.0,0.0
G2,W0028F0001T0006Z000C1N47.png,308,1.1375,1.1375
G2,W0028F0001T0006Z000C1N47.png,309,0.8750892811593569,0.8750892811593569
G2,W0028F0001T0006Z000C1N47.png,310,0.040625,0.040625
G2,W0028F0001T0006Z000C1N47.png,311,0.3447145558284419,0.3447145558284419
G2,W0028F0001T0006Z000C1N47.png,312,0.22980970388562796,0.22980970388562796
G2,W0028F0001T0006Z000C1N47.png,313,0.12846752994434044,0.12846752994434044
G2,W0028F0001T0006Z000C1N47.png,314,0.5859020822628983,0.5859020822628983
G2,W0028F0001T0006Z000C1N47.png,315,0.6894291116568838,0.6894291116568838
G2,W0028F0001T0006Z000C1N47.png,316,1.2691655723348314,1.2691655723348314
G2,W0028F0001T0006Z000C1N47.png,317,1.5330219339591982,1.5330219339591982
G2,W0028F0001T0006Z000C1N47.png,318,0.36336104634371585,0.36336104634371585
G2,W0028F0001T0006Z000C1N47.png,319,0.57452425971407,0.57452425971407
G2,W0028F0001T0006Z000C1N90.png,1,0.11490485194281398,0.11490485194281398
G2,W0028F0001T0006Z000C1N90.png,2,0.14772727272727232,0.14772727272727232
G2,W0028F0001T0006Z000C1N90.png,3,1.2078680857196287,1.2078680857196287
G2,W0028F0001T0006Z000C1N90.png,4,0.18168052317185793,0.18168052317185793
G2,W0028F0001T0006Z000C1N90.png,5,1.227559415168404,1.227559415168404
G2,W0028F0001T0006Z000C1N90.png,6,0.37663212316310246,0.37663212316310246
G2,W0028F0001T0006Z000C1N90.png,7,0.0766032346285438,0.0766032346285438
G2,W0028F0001T0006Z000C1N90.png,8,0.38301617314271297,0.38301617314271297
G2,W0028F0001T0006Z000C1N90.png,9,0.07499999999999973,0.07499999999999973
G2,W0028F0001T0006Z000C1N90.png,10,1.0517264246096607,1.0517264246096607
G2,W0028F0001T0006Z000C1N90.png,11,0.1625,0.1625
G2,W0028F0001T0006Z000C1N90.png,12,0.06423376497217022,0.06423376497217022
G2,W0028F0001T0006Z000C1N90.png,13,0.5138701197773617,0.5138701197773617
G2,W0028F0001T0006Z000C1N90.png,14,0.08370029746612866,0.08370029746612866
G2,W0028F0001T0006Z000C1N90.png,15,0.04333333333333318,0.04333333333333318
G2,W0028F0001T0006Z000C1N90.png,16,0.48750000000000004,0.48750000000000004
G2,W0028F0001T0006Z000C1N90.png,17,0.07827036476215007,0.07827036476215007
G2,W0028F0001T0006Z000C1N90.png,18,0.11607142857142759,0.11607142857142759
G2,W0028F0001T0006Z000C1N90.png,19,0.04642857142857242,0.04642857142857242
G2,W0028F0001T0006Z000C1N90.png,20,0.10395770289722316,0.10395770289722316
G2,W0028F0001T0006Z000C1N90.png,21,0.03579455265819201,0.03579455265819201
G2,W0028F0001T0006Z000C1N90.png,22,0.07267220926874421,0.07267220926874421
G2,W0028F0001T0006Z000C1N90.png,23,0.0,0.0
G2,W0028F0001T0006Z000C1N90.png,24,0.0,0.0
G2,W0028F0001T0006Z000C1N90.png,25,0.08125,0.08125
G2,W0028F0001T0006Z000C1N90.png,26,0.11490485194281398,0.11490485194281398
G2,W0028F0001T0006Z000C1N90.png,27,0.0,0.0
G2,W0028F0001T0006Z000C1N90.png,28,0.11490485194281398,0.11490485194281398
G2,W0028F0001T0006Z000C1N90.png,29,0.0,0.0
G2,W0028F0001T0006Z000C1N90.png,30,0.060560174390619476,0.060560174390619476
G2,W0028F0001T0006Z000C1N90.png,31,0.040625,0.040625
G2,W0028F0001T0006Z000C1N90.png,32,0.07660323462854238,0.07660323462854238
G2,W0028F0001T0006Z000C1N90.png,33,0.0695892857063571,0.0695892857063571
G2,W0028F0001T0006Z000C1N90.png,34,0.04642857142857242,0.04642857142857242
G2,W0028F0001T0006Z000C1N90.png,35,0.0744449626847632,0.0744449626847632
G2,W0028F0001T0006Z000C1N90.png,36,0.12846752994434044,0.12846752994434044
G2,W0028F0001T0006Z000C1N90.png,37,0.0,0.0
G2,W0028F0001T0006Z000C1N90.png,38,0.0,0.0
G2,W0028F0001T0006Z000C1N90.png,39,0.0,0.0
G2,W0028F0001T0006Z000C1N90.png,40,0.05153882032022072,0.05153882032022072
G2,W0028F0001T0006Z000C1N90.png,41,0.08125,0.08125
G2,W0028F0001T0006Z000C1N90.png,42,0.08125,0.08125
G2,W0028F0001T0006Z000C1N90.png,43,0.11490485194281398,0.11490485194281398
G2,W0028F0001T0006Z000C1N90.png,44,0.0,0.0
G2,W0028F0001T0006Z000C1N90.png,45,0.0,0.0
G2,W0028F0001T0006Z000C1N90.png,46,0.08370029746612659,0.08370029746612659
G2,W0028F0001T0006Z000C1N90.png,47,0.0,0.0
G2,W0028F0001T0006Z000C1N90.png,48,0.07267220926874421,0.07267220926874421
G2,W0028F0001T0006Z000C1N90.png,49,0.0,0.0
G2,W0028F0001T0006Z000C1N90.png,50,0.061789498181009546,0.061789498181009546
G2,W0028F0001T0006Z000C1N90.png,51,0.0,0.0
G2,W0028F0001T0006Z000C1N90.png,52,0.05590169943749506,0.05590169943749506
G2,W0028F0001T0006Z000C1N90.png,53,0.09848987309384101,0.09848987309384101
G2,W0028F0001T0006Z000C1N90.png,54,0.24236425824256622,0.24236425824256622
G2,W0028F0001T0006Z000C1N90.png,55,0.5465534769123694,0.5465534769123694
G2,W0028F0001T0006Z000C1N90.png,56,0.0,0.0
G2,W0028F0001T0006Z000C1N90.png,57,0.08370029746612721,0.08370029746612721
G2,W0028F0001T0006Z000C1N90.png,58,0.5859020822628983,0.5859020822628983
G2,W0028F0001T0006Z000C1N90.png,59,0.06500000000000093,0.06500000000000093
G2,W0028F0001T0006Z000C1N90.png,60,0.0919238815542525,0.0919238815542525
G2,W0028F0001T0006Z000C1N90.png,61,0.035326086956522965,0.035326086956522965
G2,W0028F0001T0006Z000C1N90.png,62,0.0,0.0
G2,W0028F0001T0006Z000C1N90.png,63,0.0,0.0
G2,W0028F0001T0006Z000C1N90.png,64,0.06970999574626577,0.06970999574626577
G2,W0028F0001T0006Z000C1N90.png,65,0.08125,0.08125
G2,W0028F0001T0006Z000C1N90.png,66,0.03380051020023173,0.03380051020023173
G2,W0028F0001T0006Z000C1N90.png,67,0.09027777777777712,0.09027777777777712
G2,W0028F0001T0006Z000C1N90.png,68,0.0,0.0
G2,W0028F0001T0006Z000C1N90.png,69,0.1029053166757971,0.1029053166757971
G2,W0028F0001T0006Z000C1N90.png,70,0.06700046641628794,0.06700046641628794
G2,W0028F0001T0006Z000C1N90.png,71,0.0,0.0
G2,W0028F0001T0006Z000C1N90.png,72,0.0,0.0
G2,W0028F0001T0006Z000C1N90.png,73,0.0,0.0
G2,W0028F0001T0006Z000C1N90.png,74,0.08882919002219827,0.08882919002219827
G2,W0028F0001T0006Z000C1N90.png,75,0.0,0.0
G2,W0028F0001T0006Z000C1N90.png,76,0.08870166116752089,0.08870166116752089
G2,W0028F0001T0006Z000C1N90.png,77,0.325,0.325
G2,W0028F0001T0006Z000C1N90.png,78,0.07267220926874317,0.07267220926874317
G2,W0028F0001T0006Z000C1N90.png,79,0.0,0.0
G2,W0028F0001T0006Z000C1N90.png,80,0.10381744181249039,0.10381744181249039
G2,W0028F0001T0006Z000C1N90.png,81,0.0,0.0
G2,W0028F0001T0006Z000C1N90.png,82,0.032829957697945916,0.032829957697945916
G2,W0028F0001T0006Z000C1N90.png,83,0.6252673039499895,0.6252673039499895
G2,W0028F0001T0006Z000C1N90.png,84,0.0,0.0
G2,W0028F0001T0006Z000C1N90.png,85,0.05918504792563112,0.05918504792563112
G2,W0028F0001T0006Z000C1N90.png,86,0.0,0.0
G2,W0028F0001T0006Z000C1N90.png,87,0.0,0.0
G2,W0028F0001T0006Z000C1N90.png,88,0.08838834764831895,0.08838834764831895
G2,W0028F0001T0006Z000C1N90.png,89,0.08125,0.08125
G2,W0028F0001T0006Z000C1N90.png,90,1.1830178570080843,1.1830178570080843
G2,W0028F0001T0006Z000C1N90.png,91,1.0484083919208202,1.0484083919208202
G2,W0028F0001T0006Z000C1N90.png,92,0.044735855026653094,0.044735855026653094
G2,W0028F0001T0006Z000C1N90.png,93,0.0,0.0
G2,W0028F0001T0006Z000C1N90.png,94,0.05745242597140699,0.05745242597140699
G2,W0028F0001T0006Z000C1N90.png,95,0.08370029746612916,0.08370029746612916
G2,W0028F0001T0006Z000C1N90.png,96,0.0,0.0
G2,W0028F0001T0006Z000C1N90.png,97,0.08125,0.08125
G2,W0028F0001T0006Z000C1N90.png,98,0.0,0.0
G2,W0028F0001T0006Z000C1N90.png,99,0.09091572076681058,0.09091572076681058
G2,W0028F0001T0006Z000C1N90.png,100,0.7755486409274689,0.7755486409274689
G2,W0028F0001T0006Z000C1N90.png,101,0.11490485194281398,0.11490485194281398
G2,W0028F0001T0006Z000C1N90.png,102,0.07060349365524746,0.07060349365524746
G2,W0028F0001T0006Z000C1N90.png,103,0.0,0.0
G2,W0028F0001T0006Z000C1N90.png,104,0.08798374218506966,0.08798374218506966
G2,W0028F0001T0006Z000C1N90.png,105,0.0,0.0
G2,W0028F0001T0006Z000C1N90.png,106,1.040507688582838,1.040507688582838
G2,W0028F0001T0006Z000C1N90.png,107,0.0,0.0
G2,W0028F0001T0006Z000C1N90.png,108,0.09027777777777851,0.09027777777777851
G2,W0028F0001T0006Z000C1N90.png,109,0.08125,0.08125
G2,W0028F0001T0006Z000C1N90.png,110,0.027916861006787037,0.027916861006787037
G2,W0028F0001T0006Z000C1N90.png,111,0.11490485194281398,0.11490485194281398
G2,W0028F0001T0006Z000C1N90.png,112,0.0,0.0
G2,W0028F0001T0006Z000C1N90.png,113,0.0,0.0
G2,W0028F0001T0006Z000C1N90.png,114,0.045961940777124614,0.045961940777124614
G2,W0028F0001T0006Z000C1N90.png,115,0.0,0.0
G2,W0028F0001T0006Z000C1N90.png,116,0.10213764617138983,0.10213764617138983
G2,W0028F0001T0006Z000C1N90.png,117,0.0,0.0
G2,W0028F0001T0006Z000C1N90.png,118,0.0,0.0
G2,W0028F0001T0006Z000C1N90.png,119,0.0541666666666659,0.0541666666666659
G2,W0028F0001T0006Z000C1N90.png,120,0.01912426559703822,0.01912426559703822
G2,W0028F0001T0006Z000C1N90.png,121,0.0,0.0
G2,W0028F0001T0006Z000C1N90.png,122,0.06606564478976582,0.06606564478976582
G2,W0028F0001T0006Z000C1N90.png,123,0.09462752512937507,0.09462752512937507
G2,W0028F0001T0006Z000C1N90.png,124,0.06731456008918203,0.06731456008918203
G2,W0028F0001T0006Z000C1N90.png,125,0.07660323462854156,0.07660323462854156
G2,W0028F0001T0006Z000C1N90.png,126,0.04596194077712625,0.04596194077712625
G2,W0028F0001T0006Z000C1N90.png,127,1.045430699387685,1.045430699387685
G2,W0028F0001T0006Z000C1N90.png,128,0.027950849718748564,0.027950849718748564
G2,W0028F0001T0006Z000C1N90.png,129,0.08125,0.08125
G2,W0028F0001T0006Z000C1N90.png,130,0.05138701197773544,0.05138701197773544
G2,W0028F0001T0006Z000C1N90.png,131,0.04213167547730123,0.04213167547730123
G2,W0028F0001T0006Z000C1N90.png,132,0.08125,0.08125
G2,W0028F0001T0006Z000C1N90.png,133,0.0,0.0
G2,W0028F0001T0006Z000C1N90.png,134,0.03228838624683947,0.03228838624683947
G2,W0028F0001T0006Z000C1N90.png,135,0.08125,0.08125
G2,W0028F0001T0006Z000C1N90.png,136,0.053263825660263074,0.053263825660263074
G2,W0028F0001T0006Z000C1N90.png,137,0.040625,0.040625
G2,W0028F0001T0006Z000C1N90.png,138,0.29295104113144915,0.29295104113144915
G2,W0028F0001T0006Z000C1N90.png,139,0.22195852409797934,0.22195852409797934
G2,W0028F0001T0006Z000C1N90.png,140,0.0,0.0
G2,W0028F0001T0006Z000C1N90.png,141,0.7357500424736652,0.7357500424736652
G2,W0028F0001T0006Z000C1N90.png,142,0.0,0.0
G2,W0028F0001T0006Z000C1N90.png,143,0.07323776028286229,0.07323776028286229
G2,W0028F0001T0006Z000C1N90.png,144,0.34487279065698423,0.34487279065698423
G2,W0028F0001T0006Z000C1N90.png,145,0.40625,0.40625
G2,W0028F0001T0006Z000C1N90.png,146,0.0,0.0
G2,W0028F0001T0006Z000C1N90.png,147,0.29421505739849624,0.29421505739849624
G2,W0028F0001T0006Z000C1N90.png,148,0.18168052317185793,0.18168052317185793
G2,W0028F0001T0006Z000C1N90.png,149,0.0,0.0
G2,W0028F0001T0006Z000C1N90.png,150,1.040507688582838,1.040507688582838
G2,W0028F0001T0006Z000C1N90.png,151,0.0,0.0
G2,W0028F0001T0006Z000C1N90.png,152,0.0,0.0
G2,W0028F0001T0006Z000C1N90.png,153,0.0470061323086988,0.0470061323086988
G2,W0028F0001T0006Z000C1N90.png,154,0.6209116281726406,0.6209116281726406
G2,W0028F0001T0006Z000C1N90.png,155,0.0,0.0
G2,W0028F0001T0006Z000C1N90.png,156,0.11490485194281398,0.11490485194281398
G2,W0028F0001T0006Z000C1N90.png,157,1.5458866792232864,1.5458866792232864
G2,W0028F0001T0006Z000C1N90.png,158,1.1375,1.1375
G2,W0028F0001T0006Z000C1N90.png,159,0.0,0.0
G2,W0028F0001T0006Z000C1N84.png,1,0.11490485194281398,0.11490485194281398
G2,W0028F0001T0006Z000C1N84.png,2,1.1633229613912037,1.1633229613912037
G2,W0028F0001T0006Z000C1N84.png,3,2.321142002401512,2.321142002401512
G2,W0028F0001T0006Z000C1N84.png,4,0.05190872090624508,0.05190872090624508
G2,W0028F0001T0006Z000C1N84.png,5,0.11490485194281398,0.11490485194281398
G2,W0028F0001T0006Z000C1N84.png,6,2.2880207740534177,2.2880207740534177
G2,W0028F0001T0006Z000C1N84.png,7,1.7388259329214066,1.7388259329214066
G2,W0028F0001T0006Z000C1N84.png,8,1.1107469021138687,1.1107469021138687
G2,W0028F0001T0006Z000C1N84.png,9,0.046428571428571264,0.046428571428571264
G2,W0028F0001T0006Z000C1N84.png,10,0.10492958794165486,0.10492958794165486
G2,W0028F0001T0006Z000C1N84.png,11,1.0764610454414698,1.0764610454414698
G2,W0028F0001T0006Z000C1N84.png,12,0.22084095417475585,0.22084095417475585
G2,W0028F0001T0006Z000C1N84.png,13,0.09100137361600702,0.09100137361600702
G2,W0028F0001T0006Z000C1N84.png,14,0.49422445558673034,0.49422445558673034
G2,W0028F0001T0006Z000C1N84.png,15,0.03869047619047605,0.03869047619047605
G2,W0028F0001T0006Z000C1N84.png,16,0.7939222254100214,0.7939222254100214
G2,W0028F0001T0006Z000C1N84.png,17,0.08375058302035873,0.08375058302035873
G2,W0028F0001T0006Z000C1N84.png,18,0.11490485194281398,0.11490485194281398
G2,W0028F0001T0006Z000C1N84.png,19,0.11490485194281398,0.11490485194281398
G2,W0028F0001T0006Z000C1N84.png,20,0.07660323462854238,0.07660323462854238
G2,W0028F0001T0006Z000C1N84.png,21,0.07267220926874317,0.07267220926874317
G2,W0028F0001T0006Z000C1N84.png,22,0.08125,0.08125
G2,W0028F0001T0006Z000C1N84.png,23,0.0,0.0
G2,W0028F0001T0006Z000C1N84.png,24,0.08125,0.08125
G2,W0028F0001T0006Z000C1N84.png,25,0.06639515129663047,0.06639515129663047
G2,W0028F0001T0006Z000C1N84.png,26,0.10293250365478299,0.10293250365478299
G2,W0028F0001T0006Z000C1N84.png,27,0.08750892811593587,0.08750892811593587
G2,W0028F0001T0006Z000C1N84.png,28,1.11074690211387,1.11074690211387
G2,W0028F0001T0006Z000C1N84.png,29,0.08125,0.08125
G2,W0028F0001T0006Z000C1N84.png,30,0.11490485194281398,0.11490485194281398
G2,W0028F0001T0006Z000C1N84.png,31,0.05893157760489855,0.05893157760489855
G2,W0028F0001T0006Z000C1N84.png,32,0.060937500000000006,0.060937500000000006
G2,W0028F0001T0006Z000C1N84.png,33,0.6700046641628699,0.6700046641628699
G2,W0028F0001T0006Z000C1N84.png,34,0.08125,0.08125
G2,W0028F0001T0006Z000C1N84.png,35,0.11490485194281398,0.11490485194281398
G2,W0028F0001T0006Z000C1N84.png,36,0.0,0.0
G2,W0028F0001T0006Z000C1N84.png,37,0.0541666666666659,0.0541666666666659
G2,W0028F0001T0006Z000C1N84.png,38,0.0,0.0
G2,W0028F0001T0006Z000C1N84.png,39,2.422406975624774,2.422406975624774
G2,W0028F0001T0006Z000C1N84.png,40,0.42463219378657757,0.42463219378657757
G2,W0028F0001T0006Z000C1N84.png,41,0.08125,0.08125
G2,W0028F0001T0006Z000C1N84.png,42,0.08125,0.08125
G2,W0028F0001T0006Z000C1N84.png,43,0.09676198058342178,0.09676198058342178
G2,W0028F0001T0006Z000C1N84.png,44,0.0,0.0
G2,W0028F0001T0006Z000C1N84.png,45,1.3584930887649818,1.3584930887649818
G2,W0028F0001T0006Z000C1N84.png,46,0.05190872090624571,0.05190872090624571
G2,W0028F0001T0006Z000C1N84.png,47,0.0,0.0
G2,W0028F0001T0006Z000C1N84.png,48,1.8168052317185792,1.8168052317185792
G2,W0028F0001T0006Z000C1N84.png,49,2.8957643876684585,2.8957643876684585
G2,W0028F0001T0006Z000C1N84.png,50,0.09751500346242581,0.09751500346242581
G2,W0028F0001T0006Z000C1N84.png,51,0.09765034704381595,0.09765034704381595
G2,W0028F0001T0006Z000C1N84.png,52,0.01514004359765655,0.01514004359765655
G2,W0028F0001T0006Z000C1N84.png,53,0.7387018354262092,0.7387018354262092
G2,W0028F0001T0006Z000C1N84.png,54,0.0383016173142716,0.0383016173142716
G2,W0028F0001T0006Z000C1N84.png,55,0.0,0.0
G2,W0028F0001T0006Z000C1N84.png,56,0.758720139445368,0.758720139445368
G2,W0028F0001T0006Z000C1N84.png,57,0.031337686893495156,0.031337686893495156
G2,W0028F0001T0006Z000C1N84.png,58,0.07267220926874421,0.07267220926874421
G2,W0028F0001T0006Z000C1N84.png,59,0.11490485194281398,0.11490485194281398
G2,W0028F0001T0006Z000C1N84.png,60,0.08125,0.08125
G2,W0028F0001T0006Z000C1N84.png,61,1.79487116529293,1.79487116529293
G2,W0028F0001T0006Z000C1N84.png,62,0.08125,0.08125
G2,W0028F0001T0006Z000C1N84.png,63,0.1027740239554716,0.1027740239554716
G2,W0028F0001T0006Z000C1N84.png,64,1.3788582233137676,1.3788582233137676
G2,W0028F0001T0006Z000C1N84.png,65,0.34482785560334384,0.34482785560334384
G2,W0028F0001T0006Z000C1N84.png,66,1.38125,1.38125
G2,W0028F0001T0006Z000C1N84.png,67,0.0766032346285432,0.0766032346285432
G2,W0028F0001T0006Z000C1N84.png,68,3.2752922102462856,3.2752922102462856
G2,W0028F0001T0006Z000C1N84.png,69,2.542488938029033,2.542488938029033
G2,W0028F0001T0006Z000C1N84.png,70,1.0441054783880803,1.0441054783880803
G2,W0028F0001T0006Z000C1N84.png,71,1.8978098162791317,1.8978098162791317
G2,W0028F0001T0006Z000C1N84.png,72,1.1688270547980033,1.1688270547980033
G2,W0028F0001T0006Z000C1N84.png,73,0.5138701197773617,0.5138701197773617
G2,W0028F0001T0006Z000C1N84.png,74,1.708183428382327,1.708183428382327
G2,W0028F0001T0006Z000C1N84.png,75,1.3000000000000003,1.3000000000000003
G2,W0028F0001T0006Z000C1N84.png,76,0.19045820954943266,0.19045820954943266
G2,W0028F0001T0006Z000C1N84.png,77,1.4647552056572457,1.4647552056572457
G2,W0028F0001T0006Z000C1N84.png,78,4.297042042207639,4.297042042207639
G2,W0028F0003T0006Z000C1N30.png,1,0.08125,0.08125
G2,W0028F0003T0006Z000C1N30.png,2,0.02271006539648224,0.02271006539648224
G2,W0028F0003T0006Z000C1N30.png,3,1.657181341917655,1.657181341917655
G2,W0028F0003T0006Z000C1N30.png,4,1.625,1.625
G2,W0028F0003T0006Z000C1N30.png,5,0.0,0.0
G2,W0028F0003T0006Z000C1N30.png,6,0.0,0.0
G2,W0028F0003T0006Z000C1N30.png,7,0.07341001711105213,0.07341001711105213
G2,W0028F0003T0006Z000C1N30.png,8,0.08125,0.08125
G2,W0028F0003T0006Z000C1N30.png,9,0.07267220926874421,0.07267220926874421
G2,W0028F0003T0006Z000C1N30.png,10,0.0,0.0
G2,W0028F0003T0006Z000C1N30.png,11,0.0,0.0
G2,W0028F0003T0006Z000C1N30.png,12,0.05416666666666705,0.05416666666666705
G2,W0028F0003T0006Z000C1N30.png,13,0.29295104113144915,0.29295104113144915
G2,W0028F0003T0006Z000C1N30.png,14,0.0,0.0
G2,W0028F0003T0006Z000C1N30.png,15,0.0,0.0
G2,W0028F0003T0006Z000C1N30.png,16,0.07267220926874317,0.07267220926874317
G2,W0028F0003T0006Z000C1N30.png,17,0.0,0.0
G2,W0028F0003T0006Z000C1N30.png,18,0.042822509981446565,0.042822509981446565
G2,W0028F0003T0006Z000C1N30.png,19,0.22980970388562796,0.22980970388562796
G2,W0028F0003T0006Z000C1N30.png,20,0.36336104634371585,0.36336104634371585
G2,W0028F0003T0006Z000C1N30.png,21,0.045961940777125836,0.045961940777125836
G2,W0028F0003T0006Z000C1N30.png,22,0.0,0.0
G2,W0028F0003T0006Z000C1N30.png,23,0.0,0.0
G2,W0028F0003T0006Z000C1N30.png,24,0.0,0.0
G2,W0028F0003T0006Z000C1N30.png,25,0.0,0.0
G2,W0028F0003T0006Z000C1N30.png,26,0.04178358252466,0.04178358252466
G2,W0028F0003T0006Z000C1N30.png,27,0.011206896551724377,0.011206896551724377
G2,W0028F0003T0006Z000C1N30.png,28,0.07267220926874343,0.07267220926874343
G2,W0028F0003T0006Z000C1N30.png,29,0.040625,0.040625
G2,W0028F0003T0006Z000C1N30.png,30,0.0,0.0
G2,W0028F0003T0006Z000C1N30.png,31,0.22980970388562796,0.22980970388562796
G2,W0028F0003T0006Z000C1N30.png,32,0.09848987309384101,0.09848987309384101
G2,W0028F0003T0006Z000C1N30.png,33,0.040373449593747356,0.040373449593747356
G2,W0028F0003T0006Z000C1N30.png,34,0.04376433008051118,0.04376433008051118
G2,W0028F0003T0006Z000C1N30.png,35,0.0,0.0
G2,W0028F0003T0006Z000C1N30.png,36,0.0,0.0
G2,W0028F0003T0006Z000C1N30.png,37,0.07812027763505283,0.07812027763505283
G2,W0028F0003T0006Z000C1N30.png,38,0.45961940777125593,0.45961940777125593
G2,W0028F0003T0006Z000C1N30.png,39,0.0,0.0
G2,W0028F0003T0006Z000C1N30.png,40,0.021886638465299455,0.021886638465299455
G2,W0028F0003T0006Z000C1N30.png,41,0.05416666666666705,0.05416666666666705
G2,W0028F0003T0006Z000C1N30.png,42,0.0,0.0
G2,W0028F0003T0006Z000C1N30.png,43,0.08125,0.08125
G2,W0028F0003T0006Z000C1N30.png,44,0.0,0.0
G2,W0028F0003T0006Z000C1N30.png,45,0.040625,0.040625
G2,W0028F0003T0006Z000C1N30.png,46,0.025000000000001067,0.025000000000001067
G2,W0028F0003T0006Z000C1N30.png,47,0.15712307728430344,0.15712307728430344
G2,W0028F0003T0006Z000C1N30.png,48,0.0902777777777778,0.0902777777777778
G2,W0028F0003T0006Z000C1N30.png,49,0.07323776028286229,0.07323776028286229
G2,W0028F0003T0006Z000C1N30.png,50,0.030227654104550212,0.030227654104550212
G2,W0028F0003T0006Z000C1N30.png,51,0.0,0.0
G2,W0028F0003T0006Z000C1N30.png,52,0.07267220926874421,0.07267220926874421
G2,W0028F0003T0006Z000C1N30.png,53,0.08125,0.08125
G2,W0028F0003T0006Z000C1N30.png,54,0.0,0.0
G2,W0028F0003T0006Z000C1N30.png,55,0.0,0.0
G2,W0028F0003T0006Z000C1N30.png,56,0.0,0.0
G2,W0028F0003T0006Z000C1N30.png,57,0.0,0.0
G2,W0028F0003T0006Z000C1N30.png,58,0.08125,0.08125
G2,W0028F0003T0006Z000C1N30.png,59,0.0,0.0
G2,W0028F0003T0006Z000C1N30.png,60,0.0,0.0
G2,W0028F0003T0006Z000C1N30.png,61,0.03830161731427242,0.03830161731427242
G2,W0028F0003T0006Z000C1N30.png,62,0.0,0.0
G2,W0028F0003T0006Z000C1N30.png,63,0.11490485194281398,0.11490485194281398
G2,W0028F0003T0006Z000C1N30.png,64,0.06664677075799832,0.06664677075799832
G2,W0028F0003T0006Z000C1N30.png,65,0.0,0.0
G2,W0028F0003T0006Z000C1N30.png,66,0.0,0.0
G2,W0028F0003T0006Z000C1N30.png,67,0.03941203906840411,0.03941203906840411
G2,W0028F0003T0006Z000C1N30.png,68,0.0,0.0
G2,W0028F0003T0006Z000C1N30.png,69,0.08125,0.08125
G2,W0028F0003T0006Z000C1N30.png,70,0.0,0.0
G2,W0028F0003T0006Z000C1N30.png,71,0.11490485194281398,0.11490485194281398
G2,W0028F0003T0006Z000C1N30.png,72,0.9984841827817333,0.9984841827817333
G2,W0028F0003T0006Z000C1N30.png,73,0.36336104634371585,0.36336104634371585
G2,W0028F0003T0006Z000C1N30.png,74,0.08125,0.08125
G2,W0028F0003T0006Z000C1N30.png,75,0.041875291510179366,0.041875291510179366
G2,W0028F0003T0006Z000C1N30.png,76,0.45311129061458805,0.45311129061458805
G2,W0028F0003T0006Z000C1N30.png,77,0.0,0.0
G2,W0028F0003T0006Z000C1N30.png,78,0.5859020822628983,0.5859020822628983
G2,W0028F0003T0006Z000C1N30.png,79,0.08125,0.08125
G2,W0028F0003T0006Z000C1N30.png,80,0.27619689031960776,0.27619689031960776
G2,W0028F0003T0006Z000C1N30.png,81,0.0,0.0
G2,W0028F0003T0006Z000C1N30.png,82,0.33500233208143493,0.33500233208143493
G2,W0028F0003T0006Z000C1N30.png,83,0.11490485194281398,0.11490485194281398
G2,W0028F0003T0006Z000C1N30.png,84,0.0,0.0
G2,W0028F0003T0006Z000C1N30.png,85,0.0766032346285432,0.0766032346285432
G2,W0028F0003T0006Z000C1N25.png,1,0.07482061881593866,0.07482061881593866
G2,W0028F0003T0006Z000C1N25.png,2,0.40625,0.40625
G2,W0028F0003T0006Z000C1N25.png,3,0.08125,0.08125
G2,W0028F0003T0006Z000C1N25.png,4,0.08883090777303387,0.08883090777303387
G2,W0028F0003T0006Z000C1N25.png,5,0.0,0.0
G2,W0028F0003T0006Z000C1N25.png,6,0.04185014873306333,0.04185014873306333
G2,W0028F0003T0006Z000C1N25.png,7,0.06697693811119737,0.06697693811119737
G2,W0028F0003T0006Z000C1N25.png,8,0.06500000000000093,0.06500000000000093
G2,W0028F0003T0006Z000C1N25.png,9,0.07660323462854207,0.07660323462854207
G2,W0028F0003T0006Z000C1N25.png,10,0.2569350598886809,0.2569350598886809
G2,W0028F0003T0006Z000C1N25.png,11,1.1375,1.1375
G2,W0028F0003T0006Z000C1N25.png,12,0.9689627902499082,0.9689627902499082
G2,W0028F0003T0006Z000C1N25.png,13,0.5138701197773617,0.5138701197773617
G2,W0028F0003T0006Z000C1N25.png,14,0.0,0.0
G2,W0028F0003T0006Z000C1N25.png,15,0.6550584420492571,0.6550584420492571
G2,W0028F0003T0006Z000C1N25.png,16,0.0,0.0
G2,W0028F0003T0006Z000C1N25.png,17,1.2375631297028853,1.2375631297028853
G2,W0028F0003T0006Z000C1N25.png,18,0.07386363636363777,0.07386363636363777
G2,W0028F0003T0006Z000C1N25.png,19,1.496412376318774,1.496412376318774
G2,W0028F0003T0006Z000C1N25.png,20,0.11490485194281398,0.11490485194281398
G2,W0028F0003T0006Z000C1N25.png,21,0.10652765132052709,0.10652765132052709
G2,W0028F0003T0006Z000C1N25.png,22,0.08125,0.08125
G2,W0028F0003T0006Z000C1N25.png,23,0.0,0.0
G2,W0028F0003T0006Z000C1N25.png,24,0.054166666666666474,0.054166666666666474
G2,W0028F0003T0006Z000C1N25.png,25,0.028902991349522834,0.028902991349522834
G2,W0028F0003T0006Z000C1N25.png,26,0.0,0.0
G2,W0028F0003T0006Z000C1N25.png,27,0.0,0.0
G2,W0028F0003T0006Z000C1N25.png,28,0.09084026158592896,0.09084026158592896
G2,W0028F0003T0006Z000C1N25.png,29,0.06423376497217022,0.06423376497217022
G2,W0028F0003T0006Z000C1N25.png,30,0.025534411542847867,0.025534411542847867
G2,W0028F0003T0006Z000C1N25.png,31,0.08125,0.08125
G2,W0028F0003T0006Z000C1N25.png,32,0.06842105263157916,0.06842105263157916
G2,W0028F0003T0006Z000C1N25.png,33,0.0789608069093641,0.0789608069093641
G2,W0028F0003T0006Z000C1N25.png,34,0.032500000000000466,0.032500000000000466
G2,W0028F0003T0006Z000C1N25.png,35,0.06499999999999977,0.06499999999999977
G2,W0028F0003T0006Z000C1N25.png,36,0.0,0.0
G2,W0028F0003T0006Z000C1N25.png,37,0.07660323462854361,0.07660323462854361
G2,W0028F0003T0006Z000C1N25.png,38,0.0,0.0
G2,W0028F0003T0006Z000C1N25.png,39,0.08645516979508804,0.08645516979508804
G2,W0028F0003T0006Z000C1N25.png,40,0.11490485194281398,0.11490485194281398
G2,W0028F0003T0006Z000C1N25.png,41,0.0,0.0
G2,W0028F0003T0006Z000C1N25.png,42,0.03830161731427078,0.03830161731427078
G2,W0028F0003T0006Z000C1N25.png,43,0.0,0.0
G2,W0028F0003T0006Z000C1N25.png,44,0.08125,0.08125
G2,W0028F0003T0006Z000C1N25.png,45,0.08125,0.08125
G2,W0028F0003T0006Z000C1N25.png,46,0.03830161731426997,0.03830161731426997
G2,W0028F0003T0006Z000C1N25.png,47,0.08125,0.08125
G2,W0028F0003T0006Z000C1N25.png,48,0.07222222222222197,0.07222222222222197
G2,W0028F0003T0006Z000C1N25.png,49,0.07267220926874421,0.07267220926874421
G2,W0028F0003T0006Z000C1N25.png,50,0.09084026158592896,0.09084026158592896
G2,W0028F0003T0006Z000C1N25.png,51,0.0,0.0
G2,W0028F0003T0006Z000C1N25.png,52,0.044113930137763845,0.044113930137763845
G2,W0028F0003T0006Z000C1N25.png,53,0.07660323462854238,0.07660323462854238
G2,W0028F0003T0006Z000C1N25.png,54,0.11490485194281398,0.11490485194281398
G2,W0028F0003T0006Z000C1N25.png,55,0.08370029746612852,0.08370029746612852
G2,W0028F0003T0006Z000C1N25.png,56,0.06510023136254514,0.06510023136254514
G2,W0028F0003T0006Z000C1N25.png,57,0.037222481342382714,0.037222481342382714
G2,W0028F0003T0006Z000C1N25.png,58,0.06875350720571534,0.06875350720571534
G2,W0028F0003T0006Z000C1N25.png,59,0.0976503470438166,0.0976503470438166
G2,W0028F0003T0006Z000C1N25.png,60,0.08125,0.08125
G2,W0028F0003T0006Z000C1N25.png,61,0.0,0.0
G2,W0028F0003T0006Z000C1N25.png,62,0.21056215175830226,0.21056215175830226
G2,W0028F0003T0006Z000C1N25.png,63,0.11490485194281398,0.11490485194281398
G2,W0028F0003T0006Z000C1N25.png,64,0.0,0.0
G2,W0028F0003T0006Z000C1N25.png,65,0.03028008719530948,0.03028008719530948
G2,W0028F0003T0006Z000C1N25.png,66,0.11490485194281398,0.11490485194281398
G2,W0028F0003T0006Z000C1N25.png,67,0.08225708069377935,0.08225708069377935
G2,W0028F0003T0006Z000C1N25.png,68,0.07660323462854289,0.07660323462854289
G2,W0028F0003T0006Z000C1N25.png,69,0.040625,0.040625
G2,W0028F0003T0006Z000C1N25.png,70,0.05709667997526293,0.05709667997526293
G2,W0028F0003T0006Z000C1N25.png,71,0.0,0.0
G2,W0028F0003T0006Z000C1N25.png,72,0.03028008719530948,0.03028008719530948
G2,W0028F0003T0006Z000C1N25.png,73,0.0,0.0
G2,W0028F0003T0006Z000C1N25.png,74,0.1630632599211457,0.1630632599211457
G2,W0028F0003T0006Z000C1N25.png,75,0.032500000000000466,0.032500000000000466
G2,W0028F0003T0006Z000C1N25.png,76,0.08125,0.08125
G2,W0028F0003T0006Z000C1N25.png,77,0.0,0.0
G2,W0028F0003T0006Z000C1N25.png,78,0.06895352021571093,0.06895352021571093
G2,W0028F0003T0006Z000C1N25.png,79,0.09084026158592896,0.09084026158592896
G2,W0028F0003T0006Z000C1N25.png,80,0.17129003992578715,0.17129003992578715
G2,W0028F0003T0006Z000C1N25.png,81,0.07323776028286229,0.07323776028286229
G2,W0028F0003T0006Z000C1N25.png,82,0.2569350598886809,0.2569350598886809
G2,W0028F0003T0006Z000C1N25.png,83,0.7303466642629377,0.7303466642629377
G2,W0028F0003T0006Z000C1N25.png,84,0.05416666666666705,0.05416666666666705
G2,W0028F0003T0006Z000C1N25.png,85,0.06175950219286971,0.06175950219286971
G2,W0028F0003T0006Z000C1N25.png,86,0.16880469672010204,0.16880469672010204
G2,W0028F0003T0006Z000C1N25.png,87,0.0,0.0
G2,W0028F0003T0006Z000C1N25.png,88,0.011607142857142528,0.011607142857142528
G2,W0028F0003T0006Z000C1N25.png,89,0.0,0.0
G2,W0028F0003T0006Z000C1N25.png,90,0.07323776028286229,0.07323776028286229
G2,W0028F0003T0006Z000C1N25.png,91,0.08603295052242305,0.08603295052242305
G2,W0028F0003T0006Z000C1N25.png,92,0.07660323462854213,0.07660323462854213
G2,W0028F0003T0006Z000C1N25.png,93,0.06056017439061896,0.06056017439061896
G2,W0028F0003T0006Z000C1N25.png,94,0.03830161731427242,0.03830161731427242
G2,W0028F0003T0006Z000C1N25.png,95,0.10938616014491961,0.10938616014491961
G2,W0028F0003T0006Z000C1N25.png,96,0.0,0.0
G2,W0028F0003T0006Z000C1N25.png,97,0.05745242597140699,0.05745242597140699
G2,W0028F0003T0006Z000C1N25.png,98,0.0,0.0
G2,W0028F0003T0006Z000C1N25.png,99,0.06894291116568814,0.06894291116568814
G2,W0028F0003T0006Z000C1N25.png,100,0.08370029746612916,0.08370029746612916
G2,W0028F0003T0006Z000C1N25.png,101,0.08125,0.08125
G2,W0028F0003T0006Z000C1N25.png,102,0.0,0.0
G2,W0028F0003T0006Z000C1N25.png,103,0.054166666666666474,0.054166666666666474
G2,W0028F0003T0006Z000C1N25.png,104,0.06964285714285748,0.06964285714285748
G2,W0028F0003T0006Z000C1N25.png,105,0.0513870119777358,0.0513870119777358
G2,W0028F0003T0006Z000C1N25.png,106,0.08222810917025974,0.08222810917025974
G2,W0028F0003T0006Z000C1N25.png,107,0.07074677525619422,0.07074677525619422
G2,W0028F0003T0006Z000C1N25.png,108,0.07934261150226898,0.07934261150226898
G2,W0028F0003T0006Z000C1N25.png,109,0.06423376497217022,0.06423376497217022
G2,W0028F0003T0006Z000C1N25.png,110,0.07886785713387287,0.07886785713387287
G2,W0028F0003T0006Z000C1N25.png,111,0.0,0.0
G2,W0028F0003T0006Z000C1N25.png,112,0.0,0.0
G2,W0028F0003T0006Z000C1N25.png,113,0.06958928570635851,0.06958928570635851
G2,W0028F0003T0006Z000C1N25.png,114,0.023214285714285056,0.023214285714285056
G2,W0028F0003T0006Z000C1N25.png,115,0.06510023136254418,0.06510023136254418
G2,W0028F0003T0006Z000C1N25.png,116,0.15940100550359051,0.15940100550359051
G2,W0028F0003T0006Z000C1N25.png,117,0.40625,0.40625
G2,W0028F0003T0006Z000C1N25.png,118,0.030280087195310352,0.030280087195310352
G2,W0028F0003T0006Z000C1N25.png,119,0.08125,0.08125
G2,W0028F0003T0006Z000C1N25.png,120,0.0,0.0
G2,W0028F0003T0006Z000C1N25.png,121,0.036336104634371584,0.036336104634371584
G2,W0028F0003T0006Z000C1N25.png,122,0.65,0.65
G2,W0028F0003T0006Z000C1N25.png,123,0.047794117647058314,0.047794117647058314
G2,W0028F0003T0006Z000C1N25.png,124,0.0,0.0
G2,W0028F0003T0006Z000C1N25.png,125,0.7267220926874317,0.7267220926874317
G2,W0028F0003T0006Z000C1N25.png,126,0.031057880516041962,0.031057880516041962
G2,W0028F0003T0006Z000C1N25.png,127,0.5859020822628983,0.5859020822628983
G2,W0028F0003T0006Z000C1N25.png,128,0.04596194077712625,0.04596194077712625
G2,W0028F0003T0006Z000C1N25.png,129,0.0,0.0
G2,W0028F0003T0006Z000C1N25.png,130,0.6700046641628699,0.6700046641628699
G2,W0028F0003T0006Z000C1N25.png,131,0.05416666666666705,0.05416666666666705
G2,W0028F0003T0006Z000C1N25.png,132,0.07786308135936727,0.07786308135936727
G2,W0028F0003T0006Z000C1N25.png,133,0.0,0.0
G2,W0028F0003T0006Z000C1N25.png,134,0.08125,0.08125
G2,W0028F0003T0006Z000C1N25.png,135,0.08125,0.08125
G2,W0028F0003T0006Z000C1N25.png,136,0.8760125336909704,0.8760125336909704
G2,W0028F0003T0006Z000C1N25.png,137,0.0,0.0
G2,W0028F0003T0006Z000C1N25.png,138,0.08125,0.08125
G2,W0028F0003T0006Z000C1N25.png,139,0.0,0.0
G2,W0028F0003T0006Z000C1N25.png,140,1.799364270196422,1.799364270196422
G2,W0028F0003T0006Z000C1N25.png,141,0.06500000000000093,0.06500000000000093
G2,W0028F0003T0006Z000C1N25.png,142,0.0,0.0
G2,W0028F0003T0006Z000C1N25.png,143,0.4410714285714287,0.4410714285714287
G2,W0028F0003T0006Z000C1N25.png,144,0.07660323462854197,0.07660323462854197
G2,W0028F0003T0006Z000C1N25.png,145,0.06936717923885534,0.06936717923885534
G2,W0028F0003T0006Z000C1N25.png,146,0.07267220926874317,0.07267220926874317
G2,W0028F0003T0006Z000C1N25.png,147,1.54375,1.54375
G2,W0028F0003T0006Z000C1N25.png,148,0.9884489111734607,1.1375
G2,W0028F0003T0006Z000C1N25.png,149,0.06388914019952076,0.06388914019952076
G2,W0028F0003T0006Z000C1N25.png,150,0.023214285714285056,0.023214285714285056
G2,W0028F0003T0006Z000C1N25.png,151,4.767897568344169,4.767897568344169
G2,W0028F0003T0006Z000C1N25.png,152,0.0,0.0
G2,W0028F0003T0006Z000C1N25.png,153,1.0759414482210459,1.0759414482210459
G2,W0028F0003T0006Z000C1N25.png,154,0.0,0.0
G2,W0028F0003T0006Z000C1N25.png,155,0.07267220926874395,0.07267220926874395
G2,W0028F0001T0006Z000C1N85.png,1,6.230239440635835,6.230239440635835
G2,W0028F0001T0006Z000C1N85.png,2,5.273118740366085,5.273118740366085
G2,W0028F0001T0006Z000C1N85.png,3,1.951691974287951,1.951691974287951
G2,W0028F0001T0006Z000C1N85.png,4,0.9084026158592896,0.9084026158592896
G2,W0028F0001T0006Z000C1N85.png,5,1.6331047884321446,1.657181341917655
G2,W0028F0001T0006Z000C1N85.png,6,3.340155778552851,3.340155778552851
G2,W0028F0001T0006Z000C1N85.png,7,2.480454847401984,2.480454847401984
G2,W0028F0001T0006Z000C1N85.png,8,1.7273986945693807,1.7273986945693807
G2,W0028F0001T0006Z000C1N85.png,9,2.21023895766951,2.2633630950424193
G2,W0028F0001T0006Z000C1N85.png,10,0.8375058302035874,0.8375058302035874
G2,W0028F0001T0006Z000C1N85.png,11,0.040625,0.040625
G2,W0028F0001T0006Z000C1N85.png,12,1.3101168840985142,1.3101168840985142
G2,W0028F0001T0006Z000C1N85.png,13,0.1625,0.1625
G2,W0028F0001T0006Z000C1N85.png,14,0.5946009983360462,0.5946009983360462
G2,W0028F0001T0006Z000C1N85.png,15,0.9348759194106344,0.9348759194106344
G2,W0028F0001T0006Z000C1N85.png,16,0.13809844515980466,0.13809844515980466
G2,W0028F0001T0006Z000C1N85.png,17,0.978379559526874,0.978379559526874
G2,W0028F0001T0006Z000C1N85.png,18,0.2785714285714276,0.2785714285714276
G2,W0028F0001T0006Z000C1N85.png,19,0.9263925328930496,0.9263925328930496
G2,W0028F0001T0006Z000C1N85.png,20,0.08125,0.08125
G2,W0028F0001T0006Z000C1N85.png,21,1.7138517464010639,1.7138517464010639
G2,W0028F0001T0006Z000C1N85.png,22,2.118740781690861,2.118740781690861
G2,W0028F0001T0006Z000C1N85.png,23,0.11490485194281398,0.11490485194281398
G2,W0028F0001T0006Z000C1N85.png,24,1.6802233092308256,1.6802233092308256
G2,W0028F0001T0006Z000C1N85.png,25,0.9510068677459697,0.9510068677459697
G2,W0028F0001T0006Z000C1N85.png,26,0.08125,0.08125
G2,W0028F0001T0006Z000C1N85.png,27,1.1793679667603352,1.1793679667603352
G2,W0028F0001T0006Z000C1N85.png,28,1.056327476497371,1.056327476497371
G2,W0028F0001T0006Z000C1N85.png,29,3.2173358543987916,3.2173358543987916
G2,W0028F0001T0006Z000C1N85.png,30,0.8525412455789009,0.8525412455789009
G2,W0028F0001T0006Z000C1N85.png,31,4.0134539364492525,4.0134539364492525
G2,W0028F0001T0006Z000C1N85.png,32,6.03223113781294,6.187815648514426
G2,W0028F0001T0006Z000C1N85.png,33,5.629751465429003,5.629751465429003
G2,W0028F0001T0006Z000C1N85.png,34,6.356222345072582,6.469459502153175
G2,W0028F0003T0006Z000C1N19.png,1,0.0,0.0
G2,W0028F0003T0006Z000C1N19.png,2,0.4737648414561807,0.4737648414561807
G2,W0028F0003T0006Z000C1N19.png,3,0.11490485194281398,0.11490485194281398
G2,W0028F0003T0006Z000C1N19.png,4,0.0,0.0
G2,W0028F0003T0006Z000C1N19.png,5,0.07660323462854197,0.07660323462854197
G2,W0028F0003T0006Z000C1N19.png,6,0.06090951492389731,0.06090951492389731
G2,W0028F0003T0006Z000C1N19.png,7,0.07267220926874395,0.07267220926874395
G2,W0028F0003T0006Z000C1N19.png,8,0.046428571428571264,0.046428571428571264
G2,W0028F0003T0006Z000C1N19.png,9,0.11490485194281398,0.11490485194281398
G2,W0028F0003T0006Z000C1N19.png,10,0.05559026693385897,0.05559026693385897
G2,W0028F0003T0006Z000C1N19.png,11,0.05709667997526239,0.05709667997526239
G2,W0028F0003T0006Z000C1N19.png,12,0.042976039616237346,0.042976039616237346
G2,W0028F0003T0006Z000C1N19.png,13,0.0,0.0
G2,W0028F0003T0006Z000C1N19.png,14,0.04999999999999982,0.04999999999999982
G2,W0028F0003T0006Z000C1N19.png,15,0.1093356615327675,0.1093356615327675
G2,W0028F0003T0006Z000C1N19.png,16,0.03186887195995491,0.03186887195995491
G2,W0028F0003T0006Z000C1N19.png,17,0.0,0.0
G2,W0028F0003T0006Z000C1N19.png,18,0.11490485194281398,0.11490485194281398
G2,W0028F0003T0006Z000C1N19.png,19,0.0,0.0
G2,W0028F0003T0006Z000C1N19.png,20,0.056584077376060915,0.056584077376060915
G2,W0028F0003T0006Z000C1N19.png,21,0.8125,0.8125
G2,W0028F0003T0006Z000C1N19.png,22,0.0,0.0
G2,W0028F0003T0006Z000C1N19.png,23,0.325,0.325
G2,W0028F0003T0006Z000C1N19.png,24,0.9917826437783633,0.9917826437783633
G2,W0028F0003T0006Z000C1N19.png,25,0.027036435751251066,0.027036435751251066
G2,W0028F0003T0006Z000C1N19.png,26,0.028726212985703495,0.028726212985703495
G2,W0028F0003T0006Z000C1N19.png,27,0.07267220926874317,0.07267220926874317
G2,W0028F0003T0006Z000C1N19.png,28,0.2569350598886809,0.2569350598886809
G2,W0028F0003T0006Z000C1N19.png,29,0.65,0.65
G2,W0028F0003T0006Z000C1N19.png,30,0.04642857142857242,0.04642857142857242
G2,W0028F0003T0006Z000C1N19.png,31,0.07247255996495329,0.07247255996495329
G2,W0028F0003T0006Z000C1N19.png,32,0.0,0.0
G2,W0028F0003T0006Z000C1N19.png,33,0.6550584420492571,0.6550584420492571
G2,W0028F0003T0006Z000C1N19.png,34,0.10571246378738906,0.10571246378738906
G2,W0028F0003T0006Z000C1N19.png,35,0.04542013079296448,0.04542013079296448
G2,W0028F0003T0006Z000C1N19.png,36,0.030280087195308964,0.030280087195308964
G2,W0028F0003T0006Z000C1N19.png,37,0.325,0.325
G2,W0028F0003T0006Z000C1N19.png,38,0.0,0.0
G2,W0028F0003T0006Z000C1N19.png,39,0.06770672312790053,0.06770672312790053
G2,W0028F0003T0006Z000C1N19.png,40,0.08125,0.08125
G2,W0028F0003T0006Z000C1N19.png,41,0.0,0.1625
G2,W0028F0003T0006Z000C1N19.png,42,0.08290816326530621,0.08290816326530621
G2,W0028F0003T0006Z000C1N19.png,43,0.08421750299027711,0.08421750299027711
G2,W0028F0003T0006Z000C1N19.png,44,0.06187815648514332,0.06187815648514332
G2,W0028F0003T0006Z000C1N19.png,45,0.04513888888888948,0.04513888888888948
G2,W0028F0003T0006Z000C1N19.png,46,0.48750000000000004,0.48750000000000004
G2,W0028F0003T0006Z000C1N19.png,47,0.0,0.0
G2,W0028F0003T0006Z000C1N19.png,48,0.0360256813460362,0.0360256813460362
G2,W0028F0003T0006Z000C1N19.png,49,0.0,0.0
G2,W0028F0003T0006Z000C1N19.png,50,0.08125,0.08125
G2,W0028F0003T0006Z000C1N19.png,51,0.06936717923885516,0.06936717923885516
G2,W0028F0003T0006Z000C1N19.png,52,0.0,0.0
G2,W0028F0003T0006Z000C1N19.png,53,0.07660323462854238,0.07660323462854238
G2,W0028F0003T0006Z000C1N19.png,54,0.07660323462854238,0.07660323462854238
G2,W0028F0003T0006Z000C1N19.png,55,0.027083333333334104,0.027083333333334104
G2,W0028F0003T0006Z000C1N19.png,56,0.039528470752104236,0.039528470752104236
G2,W0028F0003T0006Z000C1N19.png,57,0.0,0.0
G2,W0028F0003T0006Z000C1N19.png,58,0.0,0.0
G2,W0028F0003T0006Z000C1N19.png,59,0.0,0.0
G2,W0028F0003T0006Z000C1N19.png,60,0.06056017439061896,0.06056017439061896
G2,W0028F0003T0006Z000C1N19.png,61,0.08564501996289385,0.08564501996289385
G2,W0028F0003T0006Z000C1N19.png,62,0.06958928570635742,0.06958928570635742
G2,W0028F0003T0006Z000C1N19.png,63,0.0,0.0
G2,W0028F0003T0006Z000C1N19.png,64,0.08125,0.08125
G2,W0028F0003T0006Z000C1N19.png,65,0.04644753347609529,0.04644753347609529
G2,W0028F0003T0006Z000C1N19.png,66,0.08125,0.08125
G2,W0028F0003T0006Z000C1N19.png,67,0.0,0.0
G2,W0028F0003T0006Z000C1N19.png,68,0.07660323462854197,0.07660323462854197
G2,W0028F0003T0006Z000C1N19.png,69,0.0,0.0
G2,W0028F0003T0006Z000C1N19.png,70,0.05491382839852488,0.05491382839852488
G2,W0028F0003T0006Z000C1N19.png,71,0.11490485194281398,0.11490485194281398
G2,W0028F0003T0006Z000C1N19.png,72,0.09084026158592896,0.09084026158592896
G2,W0028F0003T0006Z000C1N19.png,73,0.04642857142857141,0.04642857142857141
G2,W0028F0003T0006Z000C1N19.png,74,0.08125,0.08125
G2,W0028F0003T0006Z000C1N19.png,75,0.08125,0.08125
G2,W0028F0003T0006Z000C1N19.png,76,0.08125,0.08125
G2,W0028F0003T0006Z000C1N19.png,77,0.09459160805298471,0.09459160805298471
G2,W0028F0003T0006Z000C1N19.png,78,0.03009259259259299,0.03009259259259299
G2,W0028F0003T0006Z000C1N19.png,79,0.11490485194281398,0.11490485194281398
G2,W0028F0003T0006Z000C1N19.png,80,0.07660323462854238,0.07660323462854238
G2,W0028F0003T0006Z000C1N19.png,81,0.325,0.325
G2,W0028F0003T0006Z000C1N19.png,82,0.08125,0.08125
G2,W0028F0003T0006Z000C1N19.png,83,0.0,0.0
G2,W0028F0003T0006Z000C1N19.png,84,0.03706140350877298,0.03706140350877298
G2,W0028F0003T0006Z000C1N19.png,85,0.07660323462854156,0.07660323462854156
G2,W0028F0003T0006Z000C1N19.png,86,0.33500233208143493,0.33500233208143493
G2,W0028F0003T0006Z000C1N19.png,87,0.0,0.0
G2,W0028F0003T0006Z000C1N19.png,88,0.0,0.0
G2,W0028F0003T0006Z000C1N19.png,89,0.0,0.0
G2,W0028F0003T0006Z000C1N19.png,90,0.016275057840636285,0.016275057840636285
G2,W0028F0003T0006Z000C1N19.png,91,0.0325,0.0325
G2,W0028F0003T0006Z000C1N19.png,92,0.8734112560656767,0.8734112560656767
G2,W0028F0003T0006Z000C1N19.png,93,0.014772727272727692,0.014772727272727692
G2,W0028F0003T0006Z000C1N19.png,94,0.0380172658143636,0.0380172658143636
G2,W0028F0003T0006Z000C1N19.png,95,0.08125,0.08125
G2,W0028F0003T0006Z000C1N19.png,96,0.203125,0.203125
G2,W0028F0003T0006Z000C1N19.png,97,0.0962316225240487,0.0962316225240487
G2,W0028F0003T0006Z000C1N19.png,98,0.65,0.65
G2,W0028F0003T0006Z000C1N19.png,99,0.08125,0.08125
G2,W0028F0003T0006Z000C1N19.png,100,0.040625,0.040625
G2,W0028F0003T0006Z000C1N19.png,101,0.025534411542848273,0.025534411542848273
G2,W0028F0003T0006Z000C1N19.png,102,1.5330219339591982,1.5330219339591982
G2,W0028F0003T0006Z000C1N19.png,103,0.1015625,0.1015625
G2,W0028F0003T0006Z000C1N19.png,104,0.0,0.0
G2,W0028F0003T0006Z000C1N19.png,105,0.10298732205546009,0.10298732205546009
G2,W0028F0003T0006Z000C1N19.png,106,0.06510023136254418,0.06510023136254418
G2,W0028F0003T0006Z000C1N19.png,107,0.6550584420492571,0.6550584420492571
G2,W0028F0003T0006Z000C1N19.png,108,0.583392854106238,0.583392854106238
G2,W0028F0003T0006Z000C1N19.png,109,0.0,0.0
G2,W0028F0003T0006Z000C1N19.png,110,0.36336104634371585,0.36336104634371585
G2,W0028F0003T0006Z000C1N19.png,111,0.11490485194281398,0.11490485194281398
G2,W0028F0003T0006Z000C1N19.png,112,0.07660323462854156,0.07660323462854156
G2,W0028F0003T0006Z000C1N19.png,113,0.032500000000000466,0.032500000000000466
G2,W0028F0003T0006Z000C1N19.png,114,0.0,0.0
G2,W0028F0003T0006Z000C1N19.png,115,3.1015147019126905,3.1015147019126905
G2,W0028F0003T0006Z000C1N19.png,116,0.598290388430975,0.598290388430975
G2,W0028F0001T0006Z000C1N87.png,1,0.0766032346285421,0.0766032346285421
G2,W0028F0001T0006Z000C1N87.png,2,0.0601080390168711,0.0601080390168711
G2,W0028F0001T0006Z000C1N87.png,3,0.06449864760097955,0.06449864760097955
G2,W0028F0001T0006Z000C1N87.png,4,0.0,0.0
G2,W0028F0001T0006Z000C1N87.png,5,0.05416666666666821,0.05416666666666821
G2,W0028F0001T0006Z000C1N87.png,6,0.08125,0.08125
G2,W0028F0001T0006Z000C1N87.png,7,0.08125,0.08125
G2,W0028F0001T0006Z000C1N87.png,8,0.045138888888889256,0.045138888888889256
G2,W0028F0001T0006Z000C1N87.png,9,0.086139062082941,0.086139062082941
G2,W0028F0001T0006Z000C1N87.png,10,1.2256517540566818,1.2256517540566818
G2,W0028F0001T0006Z000C1N87.png,11,0.010833333333333296,0.010833333333333296
G2,W0028F0001T0006Z000C1N87.png,12,0.17866791044343133,0.17866791044343133
G2,W0028F0001T0006Z000C1N87.png,13,0.8365199489551939,0.8365199489551939
G2,W0028F0001T0006Z000C1N87.png,14,0.0727408651265386,0.0727408651265386
G2,W0028F0001T0006Z000C1N87.png,15,0.11490485194281398,0.11490485194281398
G2,W0028F0001T0006Z000C1N87.png,16,0.08125,0.08125
G2,W0028F0001T0006Z000C1N87.png,17,0.07267220926874317,0.07267220926874317
G2,W0028F0001T0006Z000C1N87.png,18,0.06568673178067314,0.06568673178067314
G2,W0028F0001T0006Z000C1N87.png,19,0.0,0.0
G2,W0028F0001T0006Z000C1N87.png,20,0.11490485194281398,0.11490485194281398
G2,W0028F0001T0006Z000C1N87.png,21,0.03635927078567842,0.03635927078567842
G2,W0028F0001T0006Z000C1N87.png,22,0.16750116604071746,0.16750116604071746
G2,W0028F0001T0006Z000C1N87.png,23,0.056944246487409554,0.056944246487409554
G2,W0028F0001T0006Z000C1N87.png,24,0.0,0.0
G2,W0028F0001T0006Z000C1N87.png,25,0.0,0.0
G2,W0028F0001T0006Z000C1N87.png,26,0.05388959750101017,0.05388959750101017
G2,W0028F0001T0006Z000C1N87.png,27,0.11490485194281398,0.11490485194281398
G2,W0028F0001T0006Z000C1N87.png,28,0.0275161140479339,0.0275161140479339
G2,W0028F0001T0006Z000C1N87.png,29,0.05709667997526293,0.05709667997526293
G2,W0028F0001T0006Z000C1N87.png,30,0.0,0.0
G2,W0028F0001T0006Z000C1N87.png,31,0.07660323462854238,0.07660323462854238
G2,W0028F0001T0006Z000C1N87.png,32,0.040625,0.040625
G2,W0028F0001T0006Z000C1N87.png,33,0.10606601717798257,0.10606601717798257
G2,W0028F0001T0006Z000C1N87.png,34,0.0,0.0
G2,W0028F0001T0006Z000C1N87.png,35,0.08125,0.08125
G2,W0028F0001T0006Z000C1N87.png,36,0.0569616036564562,0.0569616036564562
G2,W0028F0001T0006Z000C1N87.png,37,0.0,0.0
G2,W0028F0001T0006Z000C1N87.png,38,0.07660323462854156,0.07660323462854156
G2,W0028F0001T0006Z000C1N87.png,39,0.0683678228737635,0.0683678228737635
G2,W0028F0001T0006Z000C1N87.png,40,0.11490485194281398,0.11490485194281398
G2,W0028F0001T0006Z000C1N87.png,41,0.0,0.0
G2,W0028F0001T0006Z000C1N87.png,42,0.0,0.0
G2,W0028F0001T0006Z000C1N87.png,43,0.0,0.0
G2,W0028F0001T0006Z000C1N87.png,44,0.08125,0.08125
G2,W0028F0001T0006Z000C1N87.png,45,0.0,0.0
G2,W0028F0001T0006Z000C1N87.png,46,0.5859020822628983,0.5859020822628983
G2,W0028F0001T0006Z000C1N87.png,47,0.06968281517996296,0.06968281517996296
G2,W0028F0001T0006Z000C1N87.png,48,0.05709667997526184,0.05709667997526184
G2,W0028F0001T0006Z000C1N87.png,49,0.07267220926874317,0.07267220926874317
G2,W0028F0001T0006Z000C1N87.png,50,0.0,0.0
G2,W0028F0001T0006Z000C1N87.png,51,0.0,0.0
G2,W0028F0001T0006Z000C1N87.png,52,0.07660323462854156,0.07660323462854156
G2,W0028F0001T0006Z000C1N87.png,53,0.40625,0.40625
G2,W0028F0001T0006Z000C1N87.png,54,0.022980970388562307,0.022980970388562307
G2,W0028F0001T0006Z000C1N87.png,55,0.0,0.0
G2,W0028F0001T0006Z000C1N87.png,56,0.11490485194281398,0.11490485194281398
G2,W0028F0001T0006Z000C1N87.png,57,0.1018809573373518,0.1018809573373518
G2,W0028F0001T0006Z000C1N87.png,58,0.11490485194281398,0.11490485194281398
G2,W0028F0001T0006Z000C1N87.png,59,0.06787063879993331,0.06787063879993331
G2,W0028F0001T0006Z000C1N87.png,60,0.0,0.0
G2,W0028F0001T0006Z000C1N87.png,61,0.08125,0.08125
G2,W0028F0001T0006Z000C1N87.png,62,0.11304317841251839,0.11304317841251839
G2,W0028F0001T0006Z000C1N87.png,63,0.0,0.0
G2,W0028F0001T0006Z000C1N87.png,64,0.0,0.0
G2,W0028F0001T0006Z000C1N87.png,65,0.06500000000000093,0.06500000000000093
G2,W0028F0001T0006Z000C1N87.png,66,0.0,0.0
G2,W0028F0001T0006Z000C1N87.png,67,0.0,0.0
G2,W0028F0001T0006Z000C1N87.png,68,0.06565991539589429,0.06565991539589429
G2,W0028F0001T0006Z000C1N87.png,69,0.0,0.0
G2,W0028F0001T0006Z000C1N87.png,70,0.0,0.0
G2,W0028F0001T0006Z000C1N87.png,71,0.07257148543756634,0.07257148543756634
G2,W0028F0001T0006Z000C1N87.png,72,0.11490485194281398,0.11490485194281398
G2,W0028F0001T0006Z000C1N87.png,73,0.039776785507243555,0.039776785507243555
G2,W0028F0001T0006Z000C1N87.png,74,0.0,0.0
G2,W0028F0001T0006Z000C1N87.png,75,0.0,0.0
G2,W0028F0001T0006Z000C1N87.png,76,0.04603281505326724,0.04603281505326724
G2,W0028F0001T0006Z000C1N87.png,77,0.05583372201357156,0.05583372201357156
G2,W0028F0001T0006Z000C1N87.png,78,0.08805473146896771,0.08805473146896771
G2,W0028F0001T0006Z000C1N87.png,79,0.0,0.0
G2,W0028F0001T0006Z000C1N87.png,80,0.0,0.0
G2,W0028F0001T0006Z000C1N87.png,81,0.08003905296791078,0.08003905296791078
G2,W0028F0001T0006Z000C1N87.png,82,0.05153882032022072,0.05153882032022072
G2,W0028F0001T0006Z000C1N87.png,83,0.0,0.0
G2,W0028F0001T0006Z000C1N87.png,84,0.11490485194281398,0.11490485194281398
G2,W0028F0001T0006Z000C1N87.png,85,0.06090951492389675,0.06090951492389675
G2,W0028F0001T0006Z000C1N87.png,86,0.09084026158592896,0.09084026158592896
G2,W0028F0001T0006Z000C1N87.png,87,0.325,0.325
G2,W0028F0001T0006Z000C1N87.png,88,0.6056017439061927,0.6056017439061927
G2,W0028F0001T0006Z000C1N87.png,89,0.12112034878123895,0.12112034878123895
G2,W0028F0001T0006Z000C1N87.png,90,1.8168052317185792,1.8168052317185792
G2,W0028F0001T0006Z000C1N87.png,91,0.19500000000000048,0.19500000000000048
G2,W0028F0002T0006Z000C1N21.png,1,0.12112034878123866,0.12112034878123866
G2,W0028F0002T0006Z000C1N21.png,2,0.8750892811593569,0.8750892811593569
G2,W0028F0002T0006Z000C1N21.png,3,0.7665109669795991,0.7665109669795991
G2,W0028F0002T0006Z000C1N21.png,4,0.07267220926874297,0.07267220926874297
G2,W0028F0002T0006Z000C1N21.png,5,0.11490485194281398,0.11490485194281398
G2,W0028F0002T0006Z000C1N21.png,6,1.7139706276654803,1.7139706276654803
G2,W0028F0002T0006Z000C1N21.png,7,0.7150205173823885,0.7150205173823885
G2,W0028F0002T0006Z000C1N21.png,8,0.0766032346285425,0.0766032346285425
G2,W0028F0002T0006Z000C1N21.png,9,0.08055587242548307,0.08055587242548307
G2,W0028F0002T0006Z000C1N21.png,10,0.14647552056572458,0.14647552056572458
G2,W0028F0002T0006Z000C1N21.png,11,0.07660323462854238,0.07660323462854238
G2,W0028F0002T0006Z000C1N21.png,12,0.03830161731427119,0.03830161731427119
G2,W0028F0002T0006Z000C1N21.png,13,0.0,0.0
G2,W0028F0002T0006Z000C1N21.png,14,0.07267220926874421,0.07267220926874421
G2,W0028F0002T0006Z000C1N21.png,15,0.0,0.0
G2,W0028F0002T0006Z000C1N21.png,16,0.65,0.65
G2,W0028F0002T0006Z000C1N21.png,17,0.050805843957922585,0.050805843957922585
G2,W0028F0002T0006Z000C1N21.png,18,0.03633610463437197,0.03633610463437197
G2,W0028F0002T0006Z000C1N21.png,19,0.0,0.0
G2,W0028F0002T0006Z000C1N21.png,20,0.032500000000000466,0.032500000000000466
G2,W0028F0002T0006Z000C1N21.png,21,0.0724725599649534,0.0724725599649534
G2,W0028F0002T0006Z000C1N21.png,22,0.17129003992578698,0.17129003992578698
G2,W0028F0002T0006Z000C1N21.png,23,0.0796040548939289,0.0796040548939289
G2,W0028F0002T0006Z000C1N21.png,24,0.0,0.0
G2,W0028F0002T0006Z000C1N21.png,25,0.0,0.0
G2,W0028F0002T0006Z000C1N21.png,26,0.1625,0.1625
G2,W0028F0002T0006Z000C1N21.png,27,0.056961603656457055,0.056961603656457055
G2,W0028F0002T0006Z000C1N21.png,28,0.280401208632859,0.280401208632859
G2,W0028F0002T0006Z000C1N21.png,29,1.1316815475212096,1.1316815475212096
G2,W0028F0002T0006Z000C1N21.png,30,0.0,0.0
G2,W0028F0002T0006Z000C1N21.png,31,1.7139706276654803,1.7139706276654803
G2,W0028F0002T0006Z000C1N21.png,32,1.9716964283468077,1.9716964283468077
G2,W0028F0002T0006Z000C1N21.png,33,2.0100139924886093,2.0100139924886093
G2,W0028F0002T0006Z000C1N21.png,34,1.280489953063356,1.280489953063356
G2,W0028F0002T0006Z000C1N21.png,35,0.1915080865713575,0.1915080865713575
G2,W0028F0002T0006Z000C1N21.png,36,0.11490485194281398,0.11490485194281398
G2,W0028F0002T0006Z000C1N21.png,37,0.08750892811593587,0.08750892811593587
G2,W0028F0002T0006Z000C1N21.png,38,0.14534441853748634,0.14534441853748634
G2,W0028F0002T0006Z000C1N21.png,39,0.06048450567169876,0.06048450567169876
G2,W0028F0002T0006Z000C1N21.png,40,0.09459160805298543,0.09459160805298543
G2,W0028F0002T0006Z000C1N21.png,41,0.12828947368420957,0.12828947368420957
G2,W0028F0002T0006Z000C1N21.png,42,1.0950156671137132,1.0950156671137132
G2,W0028F0002T0006Z000C1N21.png,43,0.6340045784973135,0.6340045784973135
G2,W0028F0002T0006Z000C1N21.png,44,1.956759119053748,1.956759119053748
G2,W0028F0002T0006Z000C1N21.png,45,0.06090951492389675,0.06090951492389675
G2,W0028F0002T0006Z000C1N21.png,46,0.11490485194281398,0.11490485194281398
G2,W0028F0003T0006Z000C1N26.png,1,0.7069332703730463,0.7069332703730463
G2,W0028F0003T0006Z000C1N26.png,2,0.0,0.0
G2,W0028F0003T0006Z000C1N26.png,3,0.05469308007245981,0.05469308007245981
G2,W0028F0003T0006Z000C1N26.png,4,0.0674387539712158,0.0674387539712158
G2,W0028F0003T0006Z000C1N26.png,5,0.06925320891081105,0.06925320891081105
G2,W0028F0003T0006Z000C1N26.png,6,0.05745242597140699,0.05745242597140699
G2,W0028F0003T0006Z000C1N26.png,7,1.2509927698257293,1.2509927698257293
G2,W0028F0003T0006Z000C1N26.png,8,0.04642857142857242,0.04642857142857242
G2,W0028F0003T0006Z000C1N26.png,9,0.07267220926874421,0.07267220926874421
G2,W0028F0003T0006Z000C1N26.png,10,0.0,0.0
G2,W0028F0003T0006Z000C1N26.png,11,0.11490485194281398,0.11490485194281398
G2,W0028F0003T0006Z000C1N26.png,12,0.09983159729544286,0.09983159729544286
G2,W0028F0003T0006Z000C1N26.png,13,0.032500000000000466,0.032500000000000466
G2,W0028F0003T0006Z000C1N26.png,14,0.07660323462854238,0.07660323462854238
G2,W0028F0003T0006Z000C1N26.png,15,0.0,0.0
G2,W0028F0003T0006Z000C1N26.png,16,0.40625,0.40625
G2,W0028F0003T0006Z000C1N26.png,17,0.0,0.0
G2,W0028F0003T0006Z000C1N26.png,18,0.11490485194281398,0.11490485194281398
G2,W0028F0003T0006Z000C1N26.png,19,0.0,0.0
G2,W0028F0003T0006Z000C1N26.png,20,0.0,0.0
G2,W0028F0003T0006Z000C1N26.png,21,0.08750892811593587,0.08750892811593587
G2,W0028F0003T0006Z000C1N26.png,22,0.4950252518811559,0.4950252518811559
G2,W0028F0003T0006Z000C1N26.png,23,0.095588235294118,0.095588235294118
G2,W0028F0003T0006Z000C1N26.png,24,0.032500000000000466,0.032500000000000466
G2,W0028F0003T0006Z000C1N26.png,25,0.08125,0.08125
G2,W0028F0003T0006Z000C1N26.png,26,0.08125,0.08125
G2,W0028F0003T0006Z000C1N26.png,27,0.07267220926874421,0.07267220926874421
G2,W0028F0003T0006Z000C1N26.png,28,0.0902777777777778,0.0902777777777778
G2,W0028F0003T0006Z000C1N26.png,29,0.06166441437328355,0.06166441437328355
G2,W0028F0003T0006Z000C1N26.png,30,0.07341001711105177,0.07341001711105177
G2,W0028F0003T0006Z000C1N26.png,31,0.0,0.0
G2,W0028F0003T0006Z000C1N26.png,32,0.028726212985703495,0.028726212985703495
G2,W0028F0003T0006Z000C1N26.png,33,0.08670897404856906,0.08670897404856906
G2,W0028F0003T0006Z000C1N26.png,34,0.046428571428571264,0.046428571428571264
G2,W0028F0003T0006Z000C1N26.png,35,0.0,0.0
G2,W0028F0003T0006Z000C1N26.png,36,0.0,0.0
G2,W0028F0003T0006Z000C1N26.png,37,0.04276315789473575,0.04276315789473575
G2,W0028F0003T0006Z000C1N26.png,38,0.03188544874753008,0.03188544874753008
G2,W0028F0003T0006Z000C1N26.png,39,0.028726212985703495,0.028726212985703495
G2,W0028F0003T0006Z000C1N26.png,40,0.10445895631164877,0.10445895631164877
G2,W0028F0003T0006Z000C1N26.png,41,0.06894291116568772,0.06894291116568772
G2,W0028F0003T0006Z000C1N26.png,42,1.8168052317185792,1.8168052317185792
G2,W0028F0003T0006Z000C1N26.png,43,0.0541666666666659,0.0541666666666659
G2,W0028F0003T0006Z000C1N26.png,44,0.0,0.0
G2,W0028F0003T0006Z000C1N26.png,45,0.08125,0.08125
G2,W0028F0003T0006Z000C1N26.png,46,0.08125,0.08125
G2,W0028F0003T0006Z000C1N26.png,47,0.08838834764831895,0.08838834764831895
G2,W0028F0003T0006Z000C1N26.png,48,0.0,0.0
G2,W0028F0003T0006Z000C1N26.png,49,0.08125,0.08125
G2,W0028F0003T0006Z000C1N26.png,50,0.01772492908993673,0.01772492908993673
G2,W0028F0003T0006Z000C1N26.png,51,0.06500000000000093,0.06500000000000093
G2,W0028F0003T0006Z000C1N26.png,52,0.06383602885711898,0.06383602885711898
G2,W0028F0003T0006Z000C1N26.png,53,0.08125,0.08125
G2,W0028F0003T0006Z000C1N26.png,54,0.0,0.0
G2,W0028F0003T0006Z000C1N26.png,55,0.0541666666666659,0.0541666666666659
G2,W0028F0003T0006Z000C1N26.png,56,0.040625,0.040625
G2,W0028F0003T0006Z000C1N26.png,57,0.08071063889366699,0.08071063889366699
G2,W0028F0003T0006Z000C1N26.png,58,0.04642857142857242,0.04642857142857242
G2,W0028F0003T0006Z000C1N26.png,59,0.02166666666666659,0.02166666666666659
G2,W0028F0003T0006Z000C1N26.png,60,0.08125,0.08125
G2,W0028F0003T0006Z000C1N26.png,61,0.07267220926874317,0.07267220926874317
G2,W0028F0003T0006Z000C1N26.png,62,0.08125,0.08125
G2,W0028F0003T0006Z000C1N26.png,63,0.36562500000000003,0.36562500000000003
G2,W0028F0003T0006Z000C1N26.png,64,0.0585902082262897,0.0585902082262897
G2,W0028F0003T0006Z000C1N26.png,65,0.0,0.0
G2,W0028F0003T0006Z000C1N26.png,66,0.07660323462854156,0.07660323462854156
G2,W0028F0003T0006Z000C1N26.png,67,0.0,0.0
G2,W0028F0003T0006Z000C1N26.png,68,0.0,0.0
G2,W0028F0003T0006Z000C1N26.png,69,0.06770833333333272,0.06770833333333272
G2,W0028F0003T0006Z000C1N26.png,70,0.0766032346285432,0.0766032346285432
G2,W0028F0003T0006Z000C1N26.png,71,0.12187500000000001,0.12187500000000001
G2,W0028F0003T0006Z000C1N26.png,72,0.04642857142857242,0.04642857142857242
G2,W0028F0003T0006Z000C1N26.png,73,0.0882808659037844,0.0882808659037844
G2,W0028F0003T0006Z000C1N26.png,74,0.7062469272302867,0.7062469272302867
G2,W0028F0003T0006Z000C1N26.png,75,0.04037344959374632,0.04037344959374632
G2,W0028F0003T0006Z000C1N26.png,76,0.05745242597140699,0.05745242597140699
G2,W0028F0003T0006Z000C1N26.png,77,0.029068883707496645,0.029068883707496645
G2,W0028F0003T0006Z000C1N26.png,78,0.03830161731427242,0.03830161731427242
G2,W0028F0003T0006Z000C1N26.png,79,0.05190872090624622,0.05190872090624622
G2,W0028F0003T0006Z000C1N26.png,80,0.08125,0.08125
G2,W0028F0003T0006Z000C1N26.png,81,0.05548799904852133,0.05548799904852133
G2,W0028F0003T0006Z000C1N26.png,82,0.08125,0.08125
G2,W0028F0003T0006Z000C1N26.png,83,0.027083333333331794,0.027083333333331794
G2,W0028F0003T0006Z000C1N26.png,84,0.08125,0.08125
G2,W0028F0003T0006Z000C1N26.png,85,0.05416666666666705,0.05416666666666705
G2,W0028F0003T0006Z000C1N26.png,86,0.9244109423182854,0.9244109423182854
G2,W0028F0003T0006Z000C1N26.png,87,0.1625,0.1625
G2,W0028F0003T0006Z000C1N26.png,88,0.0203125,0.0203125
G2,W0028F0003T0006Z000C1N26.png,89,0.013788582233138199,0.013788582233138199
G2,W0028F0003T0006Z000C1N26.png,90,0.7062469272302886,0.7062469272302886
G2,W0028F0003T0006Z000C1N26.png,91,0.0454201307929653,0.0454201307929653
G2,W0028F0003T0006Z000C1N26.png,92,0.057096679975264034,0.057096679975264034
G2,W0028F0003T0006Z000C1N26.png,93,0.027083333333331794,0.027083333333331794
G2,W0028F0003T0006Z000C1N26.png,94,1.0900831390311476,1.0900831390311476
G2,W0028F0003T0006Z000C1N26.png,95,0.65,0.65
G2,W0028F0003T0006Z000C1N26.png,96,0.07532642463262283,0.07532642463262283
G2,W0028F0003T0006Z000C1N26.png,97,0.026012692214570372,0.026012692214570372
G2,W0028F0003T0006Z000C1N26.png,98,0.0,0.0
G2,W0028F0003T0006Z000C1N26.png,99,1.0341436674853257,1.0341436674853257
G2,W0028F0003T0006Z000C1N26.png,100,0.057096679975264034,0.057096679975264034
G2,W0028F0003T0006Z000C1N26.png,101,0.05745242597140699,0.05745242597140699
G2,W0028F0003T0006Z000C1N26.png,102,0.09797438321726783,0.09797438321726783
G2,W0028F0003T0006Z000C1N26.png,103,0.058590208226288416,0.058590208226288416
G2,W0028F0003T0006Z000C1N26.png,104,0.0766032346285432,0.0766032346285432
G2,W0028F0002T0006Z000C1N34.png,1,0.06768069163659676,0.06768069163659676
G2,W0028F0002T0006Z000C1N34.png,2,0.028726212985703495,0.028726212985703495
G2,W0028F0002T0006Z000C1N34.png,3,0.05709667997526239,0.05709667997526239
G2,W0028F0002T0006Z000C1N34.png,4,0.08125,0.08125
G2,W0028F0002T0006Z000C1N34.png,5,0.05709667997526239,0.05709667997526239
G2,W0028F0002T0006Z000C1N34.png,6,0.08125,0.08125
G2,W0028F0002T0006Z000C1N34.png,7,0.05803571428571518,0.05803571428571518
G2,W0028F0002T0006Z000C1N34.png,8,0.57452425971407,0.897435582646465
G2,W0028F0002T0006Z000C1N34.png,9,0.02708333333333295,0.02708333333333295
G2,W0028F0002T0006Z000C1N34.png,10,0.65,0.8125
G2,W0028F0002T0006Z000C1N34.png,11,2.7636945946504294,2.92612825462248
G2,W0028F0002T0006Z000C1N34.png,12,0.060560174390619476,0.060560174390619476
G2,W0028F0002T0006Z000C1N34.png,13,0.690625,0.9892833975282311
G2,W0028F0002T0006Z000C1N34.png,14,0.07761395352157917,0.07761395352157917
G2,W0028F0002T0006Z000C1N34.png,15,0.0766032346285432,0.0766032346285432
G2,W0028F0002T0006Z000C1N34.png,16,0.07660323462854238,0.07660323462854238
G2,W0028F0002T0006Z000C1N34.png,17,0.07660323462854238,0.07660323462854238
G2,W0028F0002T0006Z000C1N34.png,18,0.08125,0.08125
G2,W0028F0002T0006Z000C1N34.png,19,1.1718041645257966,1.1718041645257966
G2,W0028F0002T0006Z000C1N34.png,20,2.4157361714392573,2.4157361714392573
G2,W0028F0002T0006Z000C1N34.png,21,0.9917826437783633,0.9917826437783633
G2,W0028F0002T0006Z000C1N34.png,22,0.08337255889982496,0.08337255889982496
G2,W0028F0002T0006Z000C1N34.png,23,1.4061546007625456,1.4061546007625456
G2,W0028F0002T0006Z000C1N34.png,24,0.0,0.0
G2,W0028F0002T0006Z000C1N34.png,25,1.956759119053748,1.956759119053748
G2,W0028F0002T0006Z000C1N34.png,26,0.9447387204936617,0.9447387204936617
G2,W0028F0002T0006Z000C1N34.png,27,0.08125,0.08125
G2,W0028F0002T0006Z000C1N34.png,28,1.1645833333333342,1.6034156791916985
G2,W0028F0002T0006Z000C1N34.png,29,0.07660323462854238,0.07660323462854238
G2,W0028F0002T0006Z000C1N34.png,30,0.028726212985703495,0.028726212985703495
G2,W0028F0002T0006Z000C1N34.png,31,0.11490485194281398,0.11490485194281398
G2,W0028F0002T0006Z000C1N34.png,32,0.07660323462854156,0.07660323462854156
G2,W0028F0002T0006Z000C1N34.png,33,0.11490485194281398,0.11490485194281398
G2,W0028F0002T0006Z000C1N34.png,34,0.07660323462854156,0.12112034878123895
G2,W0028F0002T0006Z000C1N34.png,35,1.1306686842544633,1.1306686842544633
G2,W0028F0002T0006Z000C1N34.png,36,0.029169642705312387,0.029169642705312387
G2,W0028F0002T0006Z000C1N34.png,37,2.118740781690861,2.118740781690861
G2,W0028F0002T0006Z000C1N34.png,38,1.8168052317185792,1.8168052317185792
G2,W0028F0002T0006Z000C1N34.png,39,0.8641769250636702,0.8641769250636702
G2,W0028F0002T0006Z000C1N34.png,40,0.06749451913324371,0.06749451913324371
G2,W0028F0002T0006Z000C1N34.png,41,0.5296851954227153,0.6724634051381533
G2,W0028F0002T0006Z000C1N34.png,42,0.08716919802558325,0.08716919802558325
G2,W0028F0002T0006Z000C1N34.png,43,0.11490485194281398,0.11490485194281398
G2,W0028F0002T0006Z000C1N34.png,44,0.08264855364819566,0.08264855364819566
G2,W0028F0002T0006Z000C1N34.png,45,0.03869047619047571,0.03869047619047571
G2,W0028F0002T0006Z000C1N34.png,46,0.07660323462854361,0.07660323462854361
G2,W0028F0002T0006Z000C1N34.png,47,0.07267220926874317,0.07267220926874317
G2,W0028F0002T0006Z000C1N34.png,48,0.08125,0.08125
G2,W0028F0002T0006Z000C1N34.png,49,0.0,0.0
G2,W0028F0001T0006Z000C1N51.png,1,0.0383016173142716,0.0383016173142716
G2,W0028F0001T0006Z000C1N51.png,2,0.11490485194281398,0.11490485194281398
G2,W0028F0001T0006Z000C1N51.png,3,0.08750892811593587,0.08750892811593587
G2,W0028F0001T0006Z000C1N51.png,4,0.08421788852417733,0.08421788852417733
G2,W0028F0001T0006Z000C1N51.png,5,0.7312500000000001,0.7312500000000001
G2,W0028F0001T0006Z000C1N51.png,6,0.08125,0.08125
G2,W0028F0001T0006Z000C1N51.png,7,0.07660323462854156,0.07660323462854156
G2,W0028F0001T0006Z000C1N51.png,8,0.12112034878123895,0.12112034878123895
G2,W0028F0001T0006Z000C1N51.png,9,0.08125,0.08125
G2,W0028F0001T0006Z000C1N51.png,10,0.5982903884309773,0.5982903884309773
G2,W0028F0001T0006Z000C1N51.png,11,0.028726212985703495,0.028726212985703495
G2,W0028F0001T0006Z000C1N51.png,12,0.0,0.0
G2,W0028F0001T0006Z000C1N51.png,13,0.6702479042014373,0.6702479042014373
G2,W0028F0001T0006Z000C1N51.png,14,0.06942003043070613,0.06942003043070613
G2,W0028F0001T0006Z000C1N51.png,15,0.22980970388562796,0.22980970388562796
G2,W0028F0001T0006Z000C1N51.png,16,0.06090951492389675,0.06090951492389675
G2,W0028F0001T0006Z000C1N51.png,17,0.0,0.0
G2,W0028F0001T0006Z000C1N51.png,18,0.6550584420492571,0.6550584420492571
G2,W0028F0001T0006Z000C1N51.png,19,0.18168052317185793,0.18168052317185793
G2,W0028F0001T0006Z000C1N51.png,20,0.7490879871550471,0.9084026158592896
G2,W0028F0001T0006Z000C1N51.png,21,0.15019768884244122,0.15019768884244122
G2,W0028F0001T0006Z000C1N51.png,22,0.02271202251399672,0.02271202251399672
G2,W0028F0001T0006Z000C1N51.png,23,0.29295104113144915,0.29295104113144915
G2,W0028F0001T0006Z000C1N51.png,24,0.6550584420492571,0.6550584420492571
G2,W0028F0001T0006Z000C1N36.png,1,1.7150401882236521,1.7150401882236521
G2,W0028F0001T0006Z000C1N36.png,2,0.03992139128073732,0.03992139128073732
G2,W0028F0001T0006Z000C1N36.png,3,0.9475296829123614,1.040507688582838
G2,W0028F0001T0006Z000C1N36.png,4,0.7602653959126525,0.9598357787779235
G2,W0028F0001T0006Z000C1N36.png,5,0.07267220926874395,0.7411140263144405
G2,W0028F0001T0006Z000C1N36.png,6,0.1548586007443239,0.1548586007443239
G2,W0028F0001T0006Z000C1N36.png,7,0.05326382566026403,0.05326382566026403
G2,W0028F0001T0006Z000C1N36.png,8,0.07386363636363592,0.07386363636363592
G2,W0028F0001T0006Z000C1N36.png,9,0.9475296829123614,0.9475296829123614
G2,W0028F0001T0006Z000C1N36.png,10,0.06589659407823172,0.06589659407823172
G2,W0028F0001T0006Z000C1N36.png,11,0.49422445558673034,1.0180595819990106
G2,W0028F0001T0006Z000C1N36.png,12,0.09017776082112929,0.09017776082112929
G2,W0028F0001T0006Z000C1N36.png,13,0.0383016173142716,0.0383016173142716
G2,W0028F0001T0006Z000C1N36.png,14,0.05709667997526184,0.05709667997526184
G2,W0028F0001T0006Z000C1N36.png,15,2.24138106142173,2.8714720201492474
G2,W0028F0001T0006Z000C1N36.png,16,0.07660323462854156,0.07660323462854156
G2,W0028F0001T0006Z000C1N36.png,17,0.03830161731427242,0.03830161731427242
G2,W0028F0001T0006Z000C1N36.png,18,0.22980970388562796,1.6965498076979646
G2,W0028F0001T0006Z000C1N36.png,19,0.11490485194281398,0.11490485194281398
G2,W0028F0001T0006Z000C1N36.png,20,0.07660323462854238,0.2233348880542893
G2,W0028F0001T0006Z000C1N36.png,21,0.0766032346285432,0.0766032346285432
G2,W0028F0001T0006Z000C1N36.png,22,0.04506939094329987,0.04506939094329987
G2,W0028F0001T0006Z000C1N36.png,23,0.08750892811593587,0.21125000000000044
G2,W0028F0001T0006Z000C1N36.png,24,0.0,0.0
G2,W0028F0001T0006Z000C1N36.png,25,0.11490485194281398,0.11490485194281398
G2,W0028F0001T0006Z000C1N36.png,26,0.03749999999999929,0.03749999999999929
G2,W0028F0001T0006Z000C1N36.png,27,0.0,0.0
G2,W0028F0001T0006Z000C1N36.png,28,0.05709667997526184,0.05709667997526184
G2,W0028F0001T0006Z000C1N36.png,29,0.12187500000000001,0.203125
G2,W0028F0001T0006Z000C1N36.png,30,0.06768069163659848,0.06768069163659848
G2,W0028F0002T0006Z000C1N52.png,1,0.049939199143669684,0.049939199143669684
G2,W0028F0002T0006Z000C1N52.png,2,1.4915517297432228,1.4915517297432228
G2,W0028F0002T0006Z000C1N52.png,3,0.65,0.6700046641628699
G2,W0028F0002T0006Z000C1N52.png,4,0.8918029490868484,0.8918029490868484
G2,W0028F0002T0006Z000C1N52.png,5,0.1436310649285175,0.1436310649285175
G2,W0028F0002T0006Z000C1N52.png,6,1.647592941232755,1.647592941232755
G2,W0028F0002T0006Z000C1N52.png,7,0.18040427690329305,0.18040427690329305
G2,W0028F0002T0006Z000C1N52.png,8,2.0961870145576236,2.0961870145576236
G2,W0028F0002T0006Z000C1N52.png,9,0.0,0.0
G2,W0028F0002T0006Z000C1N52.png,10,0.03028008719531,0.03028008719531
G2,W0028F0002T0006Z000C1N52.png,11,0.03249999999999988,0.03249999999999988
G2,W0028F0002T0006Z000C1N52.png,12,0.07323776028286229,0.07323776028286229
G2,W0028F0002T0006Z000C1N52.png,13,0.07267220926874395,0.07267220926874395
G2,W0028F0002T0006Z000C1N52.png,14,0.11490485194281398,0.11490485194281398
G2,W0028F0002T0006Z000C1N52.png,15,0.08125,0.08125
G2,W0028F0002T0006Z000C1N52.png,16,0.3998806245479884,0.3998806245479884
G2,W0028F0002T0006Z000C1N52.png,17,0.05833928541062455,0.05833928541062455
G2,W0028F0002T0006Z000C1N52.png,18,0.05922060518202259,0.05922060518202259
G2,W0028F0002T0006Z000C1N52.png,19,0.05709667997526293,0.05709667997526293
G2,W0028F0002T0006Z000C1N52.png,20,0.09459160805298471,0.09459160805298471
G2,W0028F0002T0006Z000C1N52.png,21,0.07052680675398607,0.07052680675398607
G2,W0028F0002T0006Z000C1N52.png,22,0.11490485194281398,0.11490485194281398
G2,W0028F0002T0006Z000C1N52.png,23,0.08323199857278211,0.08323199857278211
G2,W0028F0002T0006Z000C1N52.png,24,0.08125,0.08125
G2,W0028F0002T0006Z000C1N52.png,25,1.1996418736439638,1.1996418736439638
G2,W0028F0002T0006Z000C1N52.png,26,0.10213764617138983,0.10213764617138983
G2,W0028F0002T0006Z000C1N52.png,27,0.06589659407823152,0.06589659407823152
G2,W0028F0002T0006Z000C1N52.png,28,0.16900255100115485,0.16900255100115485
G2,W0028F0002T0006Z000C1N52.png,29,0.0,0.0
G2,W0028F0002T0006Z000C1N52.png,30,0.028726212985703495,0.028726212985703495
G2,W0028F0002T0006Z000C1N52.png,31,0.07267220926874317,0.07267220926874317
G2,W0028F0002T0006Z000C1N52.png,32,0.021411254990723647,0.021411254990723647
G2,W0028F0002T0006Z000C1N52.png,33,0.07139787286747491,0.07139787286747491
G2,W0028F0002T0006Z000C1N52.png,34,0.08125,0.08125
G2,W0028F0002T0006Z000C1N52.png,35,0.0,0.0
G2,W0028F0002T0006Z000C1N52.png,36,0.0,0.0
G2,W0028F0002T0006Z000C1N52.png,37,1.1830178570080843,1.1830178570080843
G2,W0028F0002T0006Z000C1N52.png,38,2.4922553652375923,2.4922553652375923
G2,W0028F0002T0006Z000C1N52.png,39,0.37850108994137033,0.37850108994137033
G2,W0028F0002T0006Z000C1N52.png,40,2.463577175572139,2.463577175572139
G2,W0028F0002T0006Z000C1N52.png,41,3.1007755526283702,3.1007755526283702
G2,W0028F0002T0006Z000C1N52.png,42,4.711254624713981,4.711254624713981
G2,W0028F0002T0006Z000C1N52.png,43,0.08125,0.08125
G2,W0028F0002T0006Z000C1N52.png,44,0.0,0.0
G2,W0028F0002T0006Z000C1N52.png,45,1.3788582233137676,1.3788582233137676
G2,W0028F0002T0006Z000C1N52.png,46,0.07267220926874421,0.07267220926874421
G2,W0028F0002T0006Z000C1N52.png,47,1.6331047884321446,1.6331047884321446
G2,W0028F0001T0006Z000C1N37.png,1,0.09459160805298529,0.09459160805298529
G2,W0028F0001T0006Z000C1N37.png,2,0.08125,0.08125
G2,W0028F0001T0006Z000C1N37.png,3,0.0,0.0
G2,W0028F0001T0006Z000C1N37.png,4,0.08125,0.08125
G2,W0028F0001T0006Z000C1N37.png,5,0.22980970388562796,0.22980970388562796
G2,W0028F0001T0006Z000C1N37.png,6,0.0,0.0
G2,W0028F0001T0006Z000C1N37.png,7,0.0,0.0
G2,W0028F0001T0006Z000C1N37.png,8,0.0806257910101998,0.0806257910101998
G2,W0028F0001T0006Z000C1N37.png,9,0.11166744402714536,0.11166744402714536
G2,W0028F0001T0006Z000C1N37.png,10,0.9892833975282311,0.9892833975282311
G2,W0028F0001T0006Z000C1N37.png,11,1.5607615328742568,1.5607615328742568
G2,W0028F0001T0006Z000C1N37.png,12,0.06752247690851126,0.06752247690851126
G2,W0028F0001T0006Z000C1N37.png,13,0.09530985381098381,0.09530985381098381
G2,W0028F0001T0006Z000C1N37.png,14,0.07079502846595907,0.07079502846595907
G2,W0028F0001T0006Z000C1N37.png,15,0.0,0.0
G2,W0028F0001T0006Z000C1N37.png,16,0.05709667997526293,0.05709667997526293
G2,W0028F0001T0006Z000C1N37.png,17,0.05469308007245981,0.05469308007245981
G2,W0028F0001T0006Z000C1N37.png,18,0.07851812248042624,0.07851812248042624
G2,W0028F0001T0006Z000C1N37.png,19,0.07267220926874317,0.07267220926874317
G2,W0028F0001T0006Z000C1N37.png,20,0.0,0.0
G2,W0028F0001T0006Z000C1N37.png,21,0.0,0.0
G2,W0028F0001T0006Z000C1N37.png,22,0.0764970623881503,0.0764970623881503
G2,W0028F0001T0006Z000C1N37.png,23,1.350132010328064,1.350132010328064
G2,W0028F0001T0006Z000C1N37.png,24,0.08125,0.08125
G2,W0028F0001T0006Z000C1N37.png,25,0.0,0.0
G2,W0028F0001T0006Z000C1N37.png,26,0.08125,0.08125
G2,W0028F0001T0006Z000C1N37.png,27,0.08125,0.08125
G2,W0028F0001T0006Z000C1N37.png,28,0.08125,0.08125
G2,W0028F0001T0006Z000C1N37.png,29,0.07012482038246909,0.07012482038246909
G2,W0028F0001T0006Z000C1N37.png,30,0.07267220926874317,0.07267220926874317
G2,W0028F0001T0006Z000C1N37.png,31,0.07323776028286229,0.07323776028286229
G2,W0028F0001T0006Z000C1N37.png,32,0.07267220926874317,0.07267220926874317
G2,W0028F0001T0006Z000C1N37.png,33,0.07566931363181546,0.07566931363181546
G2,W0028F0001T0006Z000C1N37.png,34,0.07267220926874421,0.07267220926874421
G2,W0028F0001T0006Z000C1N37.png,35,0.0,0.0
G2,W0028F0001T0006Z000C1N37.png,36,0.06842105263157859,0.06842105263157859
G2,W0028F0001T0006Z000C1N37.png,37,0.07660323462854238,0.07660323462854238
G2,W0028F0001T0006Z000C1N37.png,38,0.08125,0.08125
G2,W0028F0001T0006Z000C1N37.png,39,0.05709667997526184,0.05709667997526184
G2,W0028F0001T0006Z000C1N37.png,40,0.08125,0.08125
G2,W0028F0001T0006Z000C1N37.png,41,0.07267220926874421,0.07267220926874421
G2,W0028F0001T0006Z000C1N37.png,42,0.08750892811593587,0.08750892811593587
G2,W0028F0001T0006Z000C1N37.png,43,0.0,0.0
G2,W0028F0001T0006Z000C1N37.png,44,0.0,0.0
G2,W0028F0001T0006Z000C1N37.png,45,0.08613906208294121,0.08613906208294121
G2,W0028F0001T0006Z000C1N37.png,46,0.08423365225220382,0.08423365225220382
G2,W0028F0001T0006Z000C1N37.png,47,0.06056017439061896,0.06056017439061896
G2,W0028F0001T0006Z000C1N37.png,48,0.06964285714285748,0.06964285714285748
G2,W0028F0001T0006Z000C1N37.png,49,0.0,0.0
G2,W0028F0001T0006Z000C1N37.png,50,0.07323776028286229,0.07323776028286229
G2,W0028F0001T0006Z000C1N37.png,51,0.05450415695155738,0.05450415695155738
G2,W0028F0001T0006Z000C1N37.png,52,0.032500000000000466,0.032500000000000466
G2,W0028F0001T0006Z000C1N37.png,53,0.0,0.0
G2,W0028F0001T0006Z000C1N37.png,54,0.0,0.0
G2,W0028F0001T0006Z000C1N37.png,55,0.0,0.0
G2,W0028F0001T0006Z000C1N37.png,56,0.032500000000000466,0.032500000000000466
G2,W0028F0001T0006Z000C1N37.png,57,0.07278427133880641,0.07278427133880641
G2,W0028F0001T0006Z000C1N37.png,58,0.0726886565269065,0.0726886565269065
G2,W0028F0001T0006Z000C1N37.png,59,0.0585902082262897,0.0585902082262897
G2,W0028F0001T0006Z000C1N37.png,60,0.04768618401606816,0.04768618401606816
G2,W0028F0001T0006Z000C1N37.png,61,0.016249999999999078,0.016249999999999078
G2,W0028F0001T0006Z000C1N37.png,62,0.0,0.0
G2,W0028F0001T0006Z000C1N37.png,63,0.0,0.0
G2,W0028F0001T0006Z000C1N37.png,64,0.6345827861674157,0.6345827861674157
G2,W0028F0001T0006Z000C1N37.png,65,0.08125,0.08125
G2,W0028F0001T0006Z000C1N37.png,66,0.03114417763138654,0.03114417763138654
G2,W0028F0001T0006Z000C1N37.png,67,0.1353613832731938,0.1353613832731938
G2,W0028F0001T0006Z000C1N37.png,68,0.040625,0.040625
G2,W0028F0001T0006Z000C1N37.png,69,0.0,0.0
G2,W0028F0001T0006Z000C1N37.png,70,0.032500000000000466,0.032500000000000466
G2,W0028F0001T0006Z000C1N37.png,71,0.07932284827092696,0.07932284827092696
G2,W0028F0001T0006Z000C1N37.png,72,0.057352941176470384,0.057352941176470384
G2,W0028F0001T0006Z000C1N37.png,73,0.08750892811593587,0.08750892811593587
G2,W0028F0001T0006Z000C1N37.png,74,2.942725486826171,2.942725486826171
G2,W0028F0001T0006Z000C1N37.png,75,0.1015625,0.1015625
G2,W0028F0001T0006Z000C1N37.png,76,0.06700046641628767,0.06700046641628767
G2,W0028F0001T0006Z000C1N37.png,77,0.11490485194281398,0.11490485194281398
G2,W0028F0001T0006Z000C1N37.png,78,0.0,0.0
G2,W0028F0001T0006Z000C1N37.png,79,0.09459160805298471,0.09459160805298471
G2,W0028F0001T0006Z000C1N37.png,80,0.29295104113144915,0.29295104113144915
G2,W0028F0001T0006Z000C1N37.png,81,0.040625,0.040625
G2,W0028F0001T0006Z000C1N37.png,82,0.2514115690571249,0.2514115690571249
G2,W0028F0001T0006Z000C1N37.png,83,0.06796366615593517,0.06796366615593517
G2,W0028F0001T0006Z000C1N37.png,84,0.325,0.325
G2,W0028F0001T0006Z000C1N37.png,85,1.4981759743100942,1.5330219339591982
G2,W0028F0001T0006Z000C1N37.png,86,0.03830161731427017,0.03830161731427017
G2,W0028F0001T0006Z000C1N37.png,87,0.028726212985703495,0.028726212985703495
G2,W0028F0001T0006Z000C1N37.png,88,0.10410542417378314,0.10410542417378314
G2,W0028F0001T0006Z000C1N37.png,89,0.025534411542848273,0.025534411542848273
G2,W0028F0001T0006Z000C1N37.png,90,0.0,0.0
G2,W0028F0001T0006Z000C1N35.png,1,2.195254113992273,2.195254113992273
G2,W0028F0001T0006Z000C1N35.png,2,2.6164518555670004,2.6164518555670004
G2,W0028F0001T0006Z000C1N35.png,3,0.18130936747640491,0.18130936747640491
G2,W0028F0001T0006Z000C1N35.png,4,0.07267220926874395,0.07267220926874395
G2,W0028F0001T0006Z000C1N35.png,5,0.0,0.0
G2,W0028F0001T0006Z000C1N35.png,6,0.03830161731427201,0.03830161731427201
G2,W0028F0001T0006Z000C1N35.png,7,0.21965531359410273,0.21965531359410273
G2,W0028F0001T0006Z000C1N35.png,8,0.09084026158592896,0.09084026158592896
G2,W0028F0001T0006Z000C1N35.png,9,0.1027740239554716,0.1027740239554716
G2,W0028F0001T0006Z000C1N35.png,10,0.06390814068773243,0.06390814068773243
G2,W0028F0001T0006Z000C1N35.png,11,0.05709667997526293,0.05709667997526293
G2,W0028F0001T0006Z000C1N35.png,12,0.046428571428571264,0.046428571428571264
G2,W0028F0001T0006Z000C1N35.png,13,0.0,0.0
G2,W0028F0001T0006Z000C1N35.png,14,0.040625,0.040625
G2,W0028F0001T0006Z000C1N35.png,15,0.11490485194281398,0.11490485194281398
G2,W0028F0001T0006Z000C1N35.png,16,0.07886785713387233,0.07886785713387233
G2,W0028F0001T0006Z000C1N35.png,17,0.08125,0.08125
G2,W0028F0001T0006Z000C1N35.png,18,0.325,0.325
G2,W0028F0001T0006Z000C1N35.png,19,0.0,0.0
G2,W0028F0001T0006Z000C1N35.png,20,0.08125,0.08125
G2,W0028F0001T0006Z000C1N35.png,21,0.18865385704452886,0.18865385704452886
G2,W0028F0001T0006Z000C1N35.png,22,0.0776598808830227,0.0776598808830227
G2,W0028F0001T0006Z000C1N35.png,23,1.0021290811629509,1.0021290811629509
G2,W0028F0001T0006Z000C1N35.png,24,0.08022916975111784,0.08022916975111784
G2,W0028F0001T0006Z000C1N35.png,25,0.06090951492389661,0.06090951492389661
G2,W0028F0001T0006Z000C1N35.png,26,0.0,0.0
G2,W0028F0001T0006Z000C1N35.png,27,0.08125,0.08125
G2,W0028F0001T0006Z000C1N35.png,28,0.06958928570635742,0.06958928570635742
G2,W0028F0001T0006Z000C1N35.png,29,0.08125,0.08125
G2,W0028F0001T0006Z000C1N35.png,30,1.1830178570080843,1.1830178570080843
G2,W0028F0001T0006Z000C1N35.png,31,0.07660323462854156,0.07660323462854156
G2,W0028F0001T0006Z000C1N35.png,32,0.08125,0.08125
G2,W0028F0001T0006Z000C1N35.png,33,0.8482749038489823,0.8482749038489823
G2,W0028F0001T0006Z000C1N35.png,34,0.057579956485646004,0.057579956485646004
G2,W0028F0001T0006Z000C1N35.png,35,0.08125000000000046,0.08125000000000046
G2,W0028F0001T0006Z000C1N35.png,36,0.978379559526874,0.978379559526874
G2,W0028F0001T0006Z000C1N35.png,37,0.08125,0.08125
G2,W0028F0001T0006Z000C1N35.png,38,0.761048895280024,0.761048895280024
G2,W0028F0001T0006Z000C1N35.png,39,0.09459160805298471,0.09459160805298471
G2,W0028F0001T0006Z000C1N35.png,40,0.5138701197773617,0.6700046641628699
G2,W0028F0001T0006Z000C1N35.png,41,0.07267220926874421,0.07267220926874421
G2,W0028F0001T0006Z000C1N35.png,42,0.0,0.0
G2,W0028F0001T0006Z000C1N35.png,43,0.9192388155425119,0.9475296829123614
G2,W0028F0001T0006Z000C1N35.png,44,0.7524348632271457,0.7524348632271457
G2,W0028F0001T0006Z000C1N35.png,45,0.08125,0.08125
G2,W0028F0001T0006Z000C1N35.png,46,0.3650058425873122,0.3650058425873122
G2,W0028F0001T0006Z000C1N35.png,47,0.8760125336909699,0.8760125336909699
G2,W0028F0002T0006Z000C1N44.png,1,0.07853979882836484,0.07853979882836484
G2,W0028F0002T0006Z000C1N44.png,2,0.046057330587334605,0.046057330587334605
G2,W0028F0002T0006Z000C1N44.png,3,0.0,0.8125
G2,W0028F0002T0006Z000C1N44.png,4,0.046428571428571264,0.046428571428571264
G2,W0028F0002T0006Z000C1N44.png,5,0.0,0.0
G2,W0028F0002T0006Z000C1N44.png,6,0.02595436045312234,0.02595436045312234
G2,W0028F0002T0006Z000C1N44.png,7,0.0,0.0
G2,W0028F0002T0006Z000C1N44.png,8,0.8365199489551939,0.8365199489551939
G2,W0028F0002T0006Z000C1N44.png,9,2.0550822973708227,2.0978573103100904
G2,W0028F0002T0006Z000C1N44.png,10,0.0,0.1625
G2,W0028F0002T0006Z000C1N44.png,11,2.0158443571422433,4.235057473701573
G2,W0028F0003T0006Z000C1N42.png,1,0.0,0.0
G2,W0028F0003T0006Z000C1N42.png,2,0.0,0.0
G2,W0028F0003T0006Z000C1N42.png,3,0.11490485194281398,0.11490485194281398
G2,W0028F0003T0006Z000C1N42.png,4,0.0,0.0
G2,W0028F0003T0006Z000C1N42.png,5,0.04642857142857141,0.04642857142857141
G2,W0028F0003T0006Z000C1N42.png,6,0.08125,0.08125
G2,W0028F0003T0006Z000C1N42.png,7,0.07267220926874395,0.07267220926874395
G2,W0028F0003T0006Z000C1N42.png,8,0.11490485194281398,0.11490485194281398
G2,W0028F0003T0006Z000C1N42.png,9,0.05859020822629017,0.05859020822629017
G2,W0028F0003T0006Z000C1N42.png,10,0.07267220926874395,0.07267220926874395
G2,W0028F0003T0006Z000C1N42.png,11,0.11490485194281398,0.11490485194281398
G2,W0028F0003T0006Z000C1N42.png,12,0.0,0.0
G2,W0028F0003T0006Z000C1N42.png,13,0.08838834764831854,0.08838834764831854
G2,W0028F0003T0006Z000C1N42.png,14,0.08125,0.08125
G2,W0028F0003T0006Z000C1N42.png,15,0.08125,0.08125
G2,W0028F0003T0006Z000C1N42.png,16,0.29295104113144915,0.29295104113144915
G2,W0028F0003T0006Z000C1N42.png,17,0.042822509981446565,0.042822509981446565
G2,W0028F0003T0006Z000C1N42.png,18,0.08125,0.08125
G2,W0028F0003T0006Z000C1N42.png,19,0.07062469272302885,0.07062469272302885
G2,W0028F0003T0006Z000C1N42.png,20,0.6875350720571577,0.6875350720571577
G2,W0028F0003T0006Z000C1N42.png,21,0.0,0.0
G2,W0028F0003T0006Z000C1N42.png,22,0.0976503470438166,0.0976503470438166
G2,W0028F0003T0006Z000C1N42.png,23,0.07181553246425874,0.07181553246425874
G2,W0028F0003T0006Z000C1N42.png,24,0.05745242597140699,0.05745242597140699
G2,W0028F0003T0006Z000C1N42.png,25,0.032500000000000466,0.032500000000000466
G2,W0028F0003T0006Z000C1N42.png,26,0.0541666666666659,0.0541666666666659
G2,W0028F0003T0006Z000C1N42.png,27,0.08125,0.08125
G2,W0028F0003T0006Z000C1N42.png,28,0.1027740239554716,0.1027740239554716
G2,W0028F0003T0006Z000C1N42.png,29,0.1353613832731948,0.1353613832731948
G2,W0028F0003T0006Z000C1N42.png,30,0.08125,0.08125
G2,W0028F0003T0006Z000C1N42.png,31,0.09848987309384101,0.09848987309384101
G2,W0028F0003T0006Z000C1N42.png,32,0.08125,0.08125
G2,W0028F0003T0006Z000C1N42.png,33,0.11490485194281398,0.11490485194281398
G2,W0028F0003T0006Z000C1N42.png,34,0.08125,0.08125
G2,W0028F0003T0006Z000C1N42.png,35,0.07323776028286229,0.07323776028286229
G2,W0028F0003T0006Z000C1N42.png,36,0.05922060518202259,0.05922060518202259
G2,W0028F0003T0006Z000C1N42.png,37,0.08613906208294121,0.08613906208294121
G2,W0028F0003T0006Z000C1N42.png,38,0.11490485194281398,0.11490485194281398
G2,W0028F0003T0006Z000C1N42.png,39,0.046428571428571264,0.046428571428571264
G2,W0028F0003T0006Z000C1N42.png,40,0.36336104634371585,0.48750000000000004
G2,W0028F0003T0006Z000C1N42.png,41,0.08125,0.08125
G2,W0028F0003T0006Z000C1N42.png,42,0.06455018937464461,0.06455018937464461
G2,W0028F0003T0006Z000C1N42.png,43,0.0,0.0
G2,W0028F0003T0006Z000C1N42.png,44,0.0,0.0
G2,W0028F0003T0006Z000C1N42.png,45,0.0,0.0
G2,W0028F0003T0006Z000C1N42.png,46,0.1918957541187509,0.1918957541187509
G2,W0028F0003T0006Z000C1N42.png,47,0.11490485194281398,0.11490485194281398
G2,W0028F0003T0006Z000C1N42.png,48,0.04542013079296448,0.04542013079296448
G2,W0028F0003T0006Z000C1N42.png,49,0.12112034878123845,0.12112034878123845
G2,W0028F0003T0006Z000C1N42.png,50,0.07660323462854217,0.07660323462854217
G2,W0028F0003T0006Z000C1N42.png,51,0.03158432276374601,0.03158432276374601
G2,W0028F0003T0006Z000C1N42.png,52,0.06510023136254355,0.06510023136254355
G2,W0028F0003T0006Z000C1N42.png,53,0.8636993472846903,0.8636993472846903
G2,W0028F0003T0006Z000C1N42.png,54,0.0,0.0
G2,W0028F0003T0006Z000C1N42.png,55,0.08750892811593587,0.08750892811593587
G2,W0028F0003T0006Z000C1N42.png,56,0.0,0.0
G2,W0028F0003T0006Z000C1N42.png,57,0.04642857142857242,0.04642857142857242
G2,W0028F0003T0006Z000C1N42.png,58,0.8683577251852415,0.8683577251852415
G2,W0028F0003T0006Z000C1N42.png,59,0.0,0.0
G2,W0028F0003T0006Z000C1N42.png,60,0.04986998331117734,0.04986998331117734
G2,W0028F0003T0006Z000C1N42.png,61,0.05816614806956003,0.05816614806956003
G2,W0028F0003T0006Z000C1N42.png,62,0.0,0.0
G2,W0028F0003T0006Z000C1N42.png,63,0.0652934341884254,0.0652934341884254
G2,W0028F0003T0006Z000C1N42.png,64,0.028726212985703495,0.028726212985703495
G2,W0028F0003T0006Z000C1N42.png,65,0.07386363636363708,0.07386363636363708
G2,W0028F0003T0006Z000C1N42.png,66,0.08125,0.08125
G2,W0028F0003T0006Z000C1N42.png,67,0.0,0.0
G2,W0028F0003T0006Z000C1N42.png,68,0.11490485194281398,0.11490485194281398
G2,W0028F0002T0006Z000C1N50.png,1,0.13045060793691585,0.13045060793691585
G2,W0028F0002T0006Z000C1N50.png,2,0.07660323462854371,0.07660323462854371
G2,W0028F0002T0006Z000C1N50.png,3,0.03628574271878378,0.03628574271878378
G2,W0028F0002T0006Z000C1N50.png,4,0.11490485194281398,0.11490485194281398
G2,W0028F0002T0006Z000C1N50.png,5,1.70625,1.70625
G2,W0028F0002T0006Z000C1N50.png,6,0.65,0.65
G2,W0028F0002T0006Z000C1N50.png,7,0.11490485194281398,0.11490485194281398
G2,W0028F0002T0006Z000C1N50.png,8,0.039282275280402214,0.039282275280402214
G2,W0028F0002T0006Z000C1N50.png,9,0.07267220926874395,0.07267220926874395
G2,W0028F0002T0006Z000C1N50.png,10,0.0,0.0
G2,W0028F0002T0006Z000C1N50.png,11,0.9884489111734607,0.9884489111734607
G2,W0028F0002T0006Z000C1N50.png,12,0.07660323462854238,0.07660323462854238
G2,W0028F0002T0006Z000C1N50.png,13,0.07660323462854401,0.07660323462854401
G2,W0028F0002T0006Z000C1N50.png,14,0.0766032346285432,0.0766032346285432
G2,W0028F0002T0006Z000C1N50.png,15,0.05709667997526293,0.05709667997526293
G2,W0028F0002T0006Z000C1N50.png,16,0.07510429106823292,0.07510429106823292
G2,W0028F0002T0006Z000C1N50.png,17,0.11490485194281398,0.11490485194281398
G2,W0028F0002T0006Z000C1N50.png,18,0.2233348880542893,0.2233348880542893
G2,W0028F0002T0006Z000C1N50.png,19,0.03830161731427078,0.03830161731427078
G2,W0028F0002T0006Z000C1N50.png,20,0.29295104113144915,0.29295104113144915
G2,W0028F0002T0006Z000C1N50.png,21,0.04642857142857242,0.04642857142857242
G2,W0028F0002T0006Z000C1N50.png,22,0.046428571428571264,0.046428571428571264
G2,W0028F0002T0006Z000C1N50.png,23,0.033032822394883164,0.033032822394883164
G2,W0028F0002T0006Z000C1N50.png,24,0.06606564478976582,0.06606564478976582
G2,W0028F0002T0006Z000C1N50.png,25,0.07267220926874421,0.07267220926874421
G2,W0028F0002T0006Z000C1N50.png,26,0.06056017439061845,0.06056017439061845
G2,W0028F0002T0006Z000C1N50.png,27,0.0,0.0
G2,W0028F0002T0006Z000C1N50.png,28,0.060560174390620516,0.060560174390620516
G2,W0028F0002T0006Z000C1N50.png,29,0.0383016173142716,0.0383016173142716
G2,W0028F0002T0006Z000C1N50.png,30,0.05745242597140699,0.05745242597140699
G2,W0028F0002T0006Z000C1N50.png,31,0.03125000000000064,0.03125000000000064
G2,W0028F0002T0006Z000C1N50.png,32,0.0,0.0
G2,W0028F0002T0006Z000C1N50.png,33,0.08125,0.08125
G2,W0028F0002T0006Z000C1N50.png,34,0.08125,0.08125
G2,W0028F0002T0006Z000C1N50.png,35,0.032500000000000466,0.032500000000000466
G2,W0028F0002T0006Z000C1N50.png,36,0.06700046641628767,0.06700046641628767
G2,W0028F0002T0006Z000C1N50.png,37,0.07267220926874421,0.07267220926874421
G2,W0028F0002T0006Z000C1N50.png,38,0.08125,0.08125
G2,W0028F0002T0006Z000C1N50.png,39,0.07660323462854156,0.07660323462854156
G2,W0028F0002T0006Z000C1N50.png,40,0.028726212985703495,0.028726212985703495
G2,W0028F0002T0006Z000C1N50.png,41,0.04642857142857242,0.04642857142857242
G2,W0028F0002T0006Z000C1N50.png,42,0.0,0.0
G2,W0028F0002T0006Z000C1N50.png,43,0.0,0.0
G2,W0028F0002T0006Z000C1N50.png,44,0.09459160805298471,0.09459160805298471
G2,W0028F0002T0006Z000C1N50.png,45,0.06500000000000093,0.06500000000000093
G2,W0028F0002T0006Z000C1N50.png,46,0.03830161731427242,0.03830161731427242
G2,W0028F0002T0006Z000C1N51.png,1,0.0,0.0
G2,W0028F0002T0006Z000C1N51.png,2,0.5138701197773617,0.5138701197773617
G2,W0028F0002T0006Z000C1N51.png,3,0.0,0.0
G2,W0028F0002T0006Z000C1N51.png,4,0.5859020822628983,0.5859020822628983
G2,W0028F0002T0006Z000C1N51.png,5,0.6700046641628699,0.6700046641628699
G2,W0028F0002T0006Z000C1N51.png,6,0.0,0.0
G2,W0028F0002T0006Z000C1N51.png,7,0.325,0.325
G2,W0028F0002T0006Z000C1N51.png,8,0.22980970388562796,0.22980970388562796
G2,W0028F0002T0006Z000C1N51.png,9,0.0,0.0
G2,W0028F0002T0006Z000C1N51.png,10,0.0,0.0
G2,W0028F0002T0006Z000C1N51.png,11,0.0,0.0
G2,W0028F0002T0006Z000C1N51.png,12,0.0,0.0
G2,W0028F0002T0006Z000C1N51.png,13,0.0,0.0
G2,W0028F0002T0006Z000C1N51.png,14,0.0,0.0
G2,W0028F0002T0006Z000C1N51.png,15,0.08125,0.08125
G2,W0028F0002T0006Z000C1N51.png,16,0.09084026158592896,0.09084026158592896
G2,W0028F0002T0006Z000C1N51.png,17,0.65,0.65
G2,W0028F0002T0006Z000C1N51.png,18,0.0,0.0
G2,W0028F0002T0006Z000C1N51.png,19,0.0,0.0
G2,W0028F0002T0006Z000C1N51.png,20,0.0,0.0
G2,W0028F0002T0006Z000C1N51.png,21,0.0,0.0
G2,W0028F0002T0006Z000C1N51.png,22,0.0,0.0
G2,W0028F0002T0006Z000C1N51.png,23,0.1625,0.1625
G2,W0028F0002T0006Z000C1N51.png,24,0.22980970388562796,0.22980970388562796
G2,W0028F0002T0006Z000C1N51.png,25,0.0,0.0
G2,W0028F0002T0006Z000C1N51.png,26,0.5138701197773617,0.5138701197773617
G2,W0028F0002T0006Z000C1N51.png,27,0.0,0.0
G2,W0028F0002T0006Z000C1N51.png,28,0.0,0.0
G2,W0028F0002T0006Z000C1N51.png,29,0.08125,0.08125
G2,W0028F0002T0006Z000C1N51.png,30,0.0,0.0
G2,W0028F0002T0006Z000C1N51.png,31,0.325,0.325
G2,W0028F0002T0006Z000C1N51.png,32,0.6700046641628699,0.6700046641628699
G2,W0028F0002T0006Z000C1N51.png,33,0.22980970388562796,0.22980970388562796
G2,W0028F0002T0006Z000C1N51.png,34,0.0,0.0
G2,W0028F0002T0006Z000C1N51.png,35,0.0,0.0
G2,W0028F0002T0006Z000C1N51.png,36,0.0,0.0
G2,W0028F0002T0006Z000C1N51.png,37,0.0,0.0
G2,W0028F0002T0006Z000C1N51.png,38,0.0,0.0
G2,W0028F0002T0006Z000C1N51.png,39,0.0,0.0
G2,W0028F0002T0006Z000C1N51.png,40,0.1625,0.1625
G2,W0028F0002T0006Z000C1N51.png,41,0.08125,0.08125
G2,W0028F0002T0006Z000C1N51.png,42,0.22980970388562796,0.22980970388562796
G2,W0028F0002T0006Z000C1N51.png,43,0.1625,0.1625
G2,W0028F0002T0006Z000C1N51.png,44,0.0,0.0
G2,W0028F0002T0006Z000C1N51.png,45,0.0,0.0
G2,W0028F0002T0006Z000C1N51.png,46,0.0,0.0
G2,W0028F0002T0006Z000C1N51.png,47,0.0,0.0
G2,W0028F0002T0006Z000C1N51.png,48,0.0,0.0
G2,W0028F0002T0006Z000C1N51.png,49,0.11490485194281398,0.11490485194281398
G2,W0028F0002T0006Z000C1N51.png,50,0.0,0.0
G2,W0028F0002T0006Z000C1N51.png,51,0.1625,0.1625
G2,W0028F0002T0006Z000C1N51.png,52,0.36336104634371585,0.36336104634371585
G2,W0028F0002T0006Z000C1N51.png,53,0.08125,0.08125
G2,W0028F0002T0006Z000C1N51.png,54,0.0,0.0
G2,W0028F0002T0006Z000C1N51.png,55,0.0,0.0
G2,W0028F0002T0006Z000C1N51.png,56,0.0,0.0
G2,W0028F0002T0006Z000C1N51.png,57,0.36336104634371585,0.36336104634371585
G2,W0028F0002T0006Z000C1N51.png,58,0.0,0.0
G2,W0028F0002T0006Z000C1N51.png,59,0.0,0.0
G2,W0028F0002T0006Z000C1N51.png,60,0.0,0.0
G2,W0028F0002T0006Z000C1N51.png,61,0.0,0.0
G2,W0028F0002T0006Z000C1N51.png,62,0.65,0.65
G2,W0028F0002T0006Z000C1N51.png,63,0.0,0.0
G2,W0028F0002T0006Z000C1N51.png,64,0.0,0.0
G2,W0028F0002T0006Z000C1N51.png,65,0.0,0.0
G2,W0028F0002T0006Z000C1N51.png,66,0.0,0.0
G2,W0028F0002T0006Z000C1N51.png,67,0.0,0.0
G2,W0028F0002T0006Z000C1N51.png,68,0.0,0.0
G2,W0028F0002T0006Z000C1N51.png,69,0.0,0.0
G2,W0028F0002T0006Z000C1N51.png,70,0.2569350598886809,0.2569350598886809
G2,W0028F0002T0006Z000C1N51.png,71,0.0,0.0
G2,W0028F0002T0006Z000C1N51.png,72,0.0,0.0
G2,W0028F0002T0006Z000C1N51.png,73,0.0,0.0
G2,W0028F0002T0006Z000C1N51.png,74,0.08125,0.08125
G2,W0028F0002T0006Z000C1N51.png,75,0.0,0.0
G2,W0028F0002T0006Z000C1N51.png,76,0.0,0.0
G2,W0028F0002T0006Z000C1N51.png,77,0.22980970388562796,0.22980970388562796
G2,W0028F0002T0006Z000C1N51.png,78,0.0,0.0
G2,W0028F0002T0006Z000C1N51.png,79,0.0,0.0
G2,W0028F0002T0006Z000C1N51.png,80,0.08125,0.08125
G2,W0028F0002T0006Z000C1N51.png,81,0.0,0.0
G2,W0028F0002T0006Z000C1N51.png,82,0.0,0.0
G2,W0028F0002T0006Z000C1N51.png,83,0.0,0.0
G2,W0028F0002T0006Z000C1N51.png,84,0.0,0.0
G2,W0028F0002T0006Z000C1N51.png,85,0.0,0.0
G2,W0028F0002T0006Z000C1N51.png,86,0.0,0.0
G2,W0028F0002T0006Z000C1N51.png,87,0.325,0.325
G2,W0028F0002T0006Z000C1N51.png,88,0.0,0.0
G2,W0028F0002T0006Z000C1N51.png,89,0.0,0.0
G2,W0028F0002T0006Z000C1N51.png,90,0.0,0.0
G2,W0028F0002T0006Z000C1N51.png,91,0.0,0.0
G2,W0028F0002T0006Z000C1N51.png,92,0.08125,0.08125
G2,W0028F0002T0006Z000C1N51.png,93,0.0,0.0
G2,W0028F0002T0006Z000C1N51.png,94,0.45961940777125593,0.45961940777125593
G2,W0028F0002T0006Z000C1N51.png,95,0.11490485194281398,0.11490485194281398
G2,W0028F0002T0006Z000C1N51.png,96,0.325,0.325
G2,W0028F0002T0006Z000C1N51.png,97,0.325,0.325
G2,W0028F0002T0006Z000C1N51.png,98,0.0,0.0
G2,W0028F0002T0006Z000C1N51.png,99,0.1625,0.1625
G2,W0028F0002T0006Z000C1N51.png,100,0.0,0.0
G2,W0028F0002T0006Z000C1N51.png,101,0.0,0.0
G2,W0028F0002T0006Z000C1N51.png,102,0.0,0.0
G2,W0028F0002T0006Z000C1N51.png,103,0.0,0.0
G2,W0028F0002T0006Z000C1N51.png,104,0.11490485194281398,0.11490485194281398
G2,W0028F0002T0006Z000C1N51.png,105,0.0,0.0
G2,W0028F0002T0006Z000C1N51.png,106,0.325,0.325
G2,W0028F0002T0006Z000C1N51.png,107,0.0,0.0
G2,W0028F0002T0006Z000C1N51.png,108,0.0,0.0
G2,W0028F0002T0006Z000C1N51.png,109,0.0,0.0
G2,W0028F0002T0006Z000C1N51.png,110,0.0,0.0
G2,W0028F0002T0006Z000C1N51.png,111,0.11490485194281398,0.11490485194281398
G2,W0028F0002T0006Z000C1N51.png,112,0.0,0.0
G2,W0028F0002T0006Z000C1N51.png,113,0.0,0.0
G2,W0028F0002T0006Z000C1N51.png,114,0.0,0.0
G2,W0028F0002T0006Z000C1N51.png,115,0.22980970388562796,0.22980970388562796
G2,W0028F0002T0006Z000C1N51.png,116,0.22980970388562796,0.22980970388562796
G2,W0028F0002T0006Z000C1N51.png,117,0.0,0.0
G2,W0028F0002T0006Z000C1N51.png,118,0.0,0.0
G2,W0028F0002T0006Z000C1N51.png,119,0.08125,0.08125
G2,W0028F0002T0006Z000C1N51.png,120,0.0,0.0
G2,W0028F0002T0006Z000C1N51.png,121,0.10833333333333295,0.10833333333333295
G2,W0028F0002T0006Z000C1N51.png,122,0.05590169943749506,0.05590169943749506
G2,W0028F0002T0006Z000C1N51.png,123,0.0,0.0
G2,W0028F0002T0006Z000C1N51.png,124,0.1625,0.1625
G2,W0028F0002T0006Z000C1N51.png,125,0.0,0.0
G2,W0028F0002T0006Z000C1N51.png,126,0.0,0.0
G2,W0028F0002T0006Z000C1N51.png,127,0.05938170103360538,0.05938170103360538
G2,W0028F0002T0006Z000C1N51.png,128,0.0,0.0
G2,W0028F0002T0006Z000C1N51.png,129,0.1625,0.1625
G2,W0028F0002T0006Z000C1N51.png,130,0.0,0.0
G2,W0028F0002T0006Z000C1N51.png,131,0.0,0.0
G2,W0028F0002T0006Z000C1N51.png,132,0.45961940777125593,0.45961940777125593
G2,W0028F0002T0006Z000C1N51.png,133,0.0,0.0
G2,W0028F0002T0006Z000C1N51.png,134,0.0,0.0
G2,W0028F0002T0006Z000C1N51.png,135,0.05416666666666705,0.05416666666666705
G2,W0028F0002T0006Z000C1N51.png,136,0.0541666666666659,0.0541666666666659
G2,W0028F0002T0006Z000C1N51.png,137,0.0,0.0
G2,W0028F0002T0006Z000C1N51.png,138,0.0,0.0
G2,W0028F0002T0006Z000C1N51.png,139,0.22980970388562796,0.22980970388562796
G2,W0028F0002T0006Z000C1N51.png,140,0.325,0.325
G2,W0028F0002T0006Z000C1N51.png,141,0.0,0.0
G2,W0028F0002T0006Z000C1N51.png,142,0.0,0.0
G2,W0028F0002T0006Z000C1N51.png,143,0.0,0.0
G2,W0028F0002T0006Z000C1N51.png,144,0.0,0.0
G2,W0028F0002T0006Z000C1N51.png,145,0.0,0.0
G2,W0028F0002T0006Z000C1N51.png,146,0.0,0.0
G2,W0028F0002T0006Z000C1N51.png,147,0.032500000000000466,0.032500000000000466
G2,W0028F0002T0006Z000C1N51.png,148,0.11490485194281398,0.11490485194281398
G2,W0028F0002T0006Z000C1N51.png,149,0.0,0.0
G2,W0028F0002T0006Z000C1N51.png,150,0.325,0.325
G2,W0028F0002T0006Z000C1N51.png,151,0.1625,0.1625
G2,W0028F0002T0006Z000C1N51.png,152,0.08125,0.08125
G2,W0028F0002T0006Z000C1N51.png,153,0.0,0.0
G2,W0028F0002T0006Z000C1N51.png,154,0.0,0.0
G2,W0028F0002T0006Z000C1N51.png,155,0.0,0.0
G2,W0028F0002T0006Z000C1N51.png,156,0.0,0.0
G2,W0028F0002T0006Z000C1N51.png,157,0.1625,0.1625
G2,W0028F0002T0006Z000C1N51.png,158,0.0,0.0
G2,W0028F0002T0006Z000C1N51.png,159,0.0,0.0
G2,W0028F0002T0006Z000C1N51.png,160,0.08125,0.08125
G2,W0028F0002T0006Z000C1N51.png,161,0.0,0.0
G2,W0028F0002T0006Z000C1N51.png,162,0.325,0.325
G2,W0028F0002T0006Z000C1N51.png,163,0.0,0.0
G2,W0028F0002T0006Z000C1N51.png,164,0.0,0.0
G2,W0028F0002T0006Z000C1N51.png,165,0.325,0.325
G2,W0028F0002T0006Z000C1N51.png,166,0.08280339503221107,0.08280339503221107
G2,W0028F0002T0006Z000C1N51.png,167,0.10833333333333295,0.10833333333333295
G2,W0028F0002T0006Z000C1N51.png,168,0.06056017439062,0.06056017439062
G2,W0028F0002T0006Z000C1N51.png,169,0.0,0.0
G2,W0028F0002T0006Z000C1N51.png,170,0.07341001711105177,0.07341001711105177
G2,W0028F0002T0006Z000C1N51.png,171,0.1625,0.1625
G2,W0028F0002T0006Z000C1N51.png,172,0.09255087109081864,0.09255087109081864
G2,W0028F0002T0006Z000C1N51.png,173,0.22980970388562796,0.22980970388562796
G2,W0028F0002T0006Z000C1N51.png,174,0.0,0.0
G2,W0028F0002T0006Z000C1N51.png,175,0.36336104634371585,0.36336104634371585
G2,W0028F0002T0006Z000C1N51.png,176,0.0,0.0
G2,W0028F0002T0006Z000C1N51.png,177,0.0,0.0
G2,W0028F0002T0006Z000C1N51.png,178,0.0,0.0
G2,W0028F0002T0006Z000C1N51.png,179,0.08125,0.08125
G2,W0028F0002T0006Z000C1N51.png,180,0.0,0.0
G2,W0028F0002T0006Z000C1N51.png,181,0.0,0.0
G2,W0028F0002T0006Z000C1N51.png,182,0.22980970388562796,0.22980970388562796
G2,W0028F0002T0006Z000C1N51.png,183,0.11490485194281398,0.11490485194281398
G2,W0028F0002T0006Z000C1N51.png,184,0.36336104634371585,0.36336104634371585
G2,W0028F0002T0006Z000C1N51.png,185,0.07267220926874421,0.07267220926874421
G2,W0028F0002T0006Z000C1N51.png,186,0.325,0.325
G2,W0028F0002T0006Z000C1N51.png,187,0.0,0.0
G2,W0028F0002T0006Z000C1N51.png,188,0.22980970388562796,0.22980970388562796
G2,W0028F0002T0006Z000C1N51.png,189,0.0,0.0
G2,W0028F0002T0006Z000C1N51.png,190,0.0,0.0
G2,W0028F0002T0006Z000C1N51.png,191,0.0,0.0
G2,W0028F0002T0006Z000C1N51.png,192,0.09084026158592896,0.09084026158592896
G2,W0028F0002T0006Z000C1N51.png,193,0.0,0.0
G2,W0028F0002T0006Z000C1N51.png,194,0.325,0.325
G2,W0028F0002T0006Z000C1N51.png,195,0.08125,0.08125
G2,W0028F0002T0006Z000C1N51.png,196,0.1083333333333341,0.1083333333333341
G2,W0028F0002T0006Z000C1N51.png,197,0.0,0.0
G2,W0028F0002T0006Z000C1N51.png,198,0.0,0.0
G2,W0028F0002T0006Z000C1N51.png,199,0.22980970388562796,0.22980970388562796
G2,W0028F0002T0006Z000C1N51.png,200,0.0,0.0
G2,W0028F0002T0006Z000C1N51.png,201,0.09996345772358683,0.09996345772358683
G2,W0028F0002T0006Z000C1N51.png,202,0.0,0.0
G2,W0028F0002T0006Z000C1N51.png,203,0.05745242597140699,0.05745242597140699
G2,W0028F0002T0006Z000C1N51.png,204,0.0,0.0
G2,W0028F0002T0006Z000C1N51.png,205,0.06380996801551148,0.06380996801551148
G2,W0028F0002T0006Z000C1N51.png,206,0.11490485194281398,0.11490485194281398
G2,W0028F0002T0006Z000C1N51.png,207,0.07267220926874421,0.07267220926874421
G2,W0028F0002T0006Z000C1N51.png,208,0.1625,0.1625
G2,W0028F0002T0006Z000C1N51.png,209,0.11490485194281398,0.11490485194281398
G2,W0028F0002T0006Z000C1N51.png,210,0.0,0.0
G2,W0028F0002T0006Z000C1N51.png,211,0.0,0.0
G2,W0028F0002T0006Z000C1N51.png,212,0.08125,0.08125
G2,W0028F0002T0006Z000C1N51.png,213,0.36336104634371585,0.36336104634371585
G2,W0028F0002T0006Z000C1N51.png,214,0.0,0.0
G2,W0028F0002T0006Z000C1N51.png,215,0.0,0.0
G2,W0028F0002T0006Z000C1N51.png,216,0.0,0.0
G2,W0028F0002T0006Z000C1N51.png,217,0.0,0.0
G2,W0028F0002T0006Z000C1N51.png,218,0.0,0.0
G2,W0028F0002T0006Z000C1N51.png,219,0.48750000000000004,0.48750000000000004
G2,W0028F0002T0006Z000C1N51.png,220,0.0,0.0
G2,W0028F0002T0006Z000C1N51.png,221,0.0,0.0
G2,W0028F0002T0006Z000C1N51.png,222,0.325,0.325
G2,W0028F0002T0006Z000C1N51.png,223,0.0541666666666659,0.0541666666666659
G2,W0028F0002T0006Z000C1N51.png,224,0.0,0.0
G2,W0028F0002T0006Z000C1N51.png,225,0.36336104634371585,0.36336104634371585
G2,W0028F0002T0006Z000C1N51.png,226,0.0,0.0
G2,W0028F0002T0006Z000C1N51.png,227,0.36336104634371585,0.36336104634371585
G2,W0028F0002T0006Z000C1N51.png,228,0.08125,0.08125
G2,W0028F0002T0006Z000C1N51.png,229,0.07660323462854238,0.07660323462854238
G2,W0028F0002T0006Z000C1N51.png,230,0.0,0.0
G2,W0028F0002T0006Z000C1N51.png,231,0.0,0.0
G2,W0028F0002T0006Z000C1N51.png,232,0.22980970388562796,0.22980970388562796
G2,W0028F0002T0006Z000C1N51.png,233,0.0,0.0
G2,W0028F0002T0006Z000C1N51.png,234,0.0919238815542525,0.0919238815542525
G2,W0028F0002T0006Z000C1N51.png,235,0.0,0.0
G2,W0028F0002T0006Z000C1N51.png,236,0.0,0.0
G2,W0028F0002T0006Z000C1N51.png,237,0.09084026158592896,0.09084026158592896
G2,W0028F0002T0006Z000C1N51.png,238,0.0746810347038952,0.0746810347038952
G2,W0028F0002T0006Z000C1N51.png,239,0.1625,0.1625
G2,W0028F0002T0006Z000C1N51.png,240,0.5138701197773617,0.5138701197773617
G2,W0028F0002T0006Z000C1N51.png,241,0.0,0.0
G2,W0028F0002T0006Z000C1N51.png,242,0.10833333333333295,0.10833333333333295
G2,W0028F0002T0006Z000C1N51.png,243,0.07323776028286229,0.07323776028286229
G2,W0028F0002T0006Z000C1N51.png,244,0.0,0.0
G2,W0028F0002T0006Z000C1N51.png,245,0.0,0.0
G2,W0028F0002T0006Z000C1N51.png,246,0.3447145558284419,0.3447145558284419
G2,W0028F0002T0006Z000C1N51.png,247,0.0,0.0
G2,W0028F0002T0006Z000C1N51.png,248,0.0,0.0
G2,W0028F0002T0006Z000C1N51.png,249,0.0,0.0
G2,W0028F0002T0006Z000C1N51.png,250,0.0,0.0
G2,W0028F0002T0006Z000C1N51.png,251,0.36336104634371585,0.36336104634371585
G2,W0028F0002T0006Z000C1N51.png,252,0.0,0.0
G2,W0028F0002T0006Z000C1N51.png,253,0.0,0.0
G2,W0028F0002T0006Z000C1N51.png,254,0.0541666666666659,0.0541666666666659
G2,W0028F0002T0006Z000C1N51.png,255,0.0,0.0
G2,W0028F0002T0006Z000C1N51.png,256,0.0,0.0
G2,W0028F0002T0006Z000C1N51.png,257,0.11490485194281398,0.11490485194281398
G2,W0028F0002T0006Z000C1N51.png,258,0.0,0.0
G2,W0028F0002T0006Z000C1N51.png,259,0.1083333333333341,0.1083333333333341
G2,W0028F0002T0006Z000C1N51.png,260,0.0,0.0
G2,W0028F0002T0006Z000C1N51.png,261,0.0,0.0
G2,W0028F0002T0006Z000C1N51.png,262,0.0,0.0
G2,W0028F0002T0006Z000C1N51.png,263,0.0,0.0
G2,W0028F0002T0006Z000C1N51.png,264,0.08125,0.08125
G2,W0028F0002T0006Z000C1N51.png,265,0.0,0.0
G2,W0028F0002T0006Z000C1N51.png,266,0.0,0.0
G2,W0028F0002T0006Z000C1N51.png,267,0.0,0.0
G2,W0028F0002T0006Z000C1N51.png,268,0.48750000000000004,0.48750000000000004
G2,W0028F0002T0006Z000C1N51.png,269,0.0,0.0
G2,W0028F0002T0006Z000C1N51.png,270,0.0,0.0
G2,W0028F0002T0006Z000C1N51.png,271,0.325,0.325
G2,W0028F0002T0006Z000C1N51.png,272,0.0,0.0
G2,W0028F0002T0006Z000C1N51.png,273,0.0,0.0
G2,W0028F0002T0006Z000C1N51.png,274,0.0,0.0
G2,W0028F0002T0006Z000C1N51.png,275,0.5138701197773617,0.5138701197773617
G2,W0028F0002T0006Z000C1N51.png,276,0.48750000000000004,0.48750000000000004
G2,W0028F0002T0006Z000C1N51.png,277,0.0,0.0
G2,W0028F0002T0006Z000C1N51.png,278,0.1625,0.1625
G2,W0028F0002T0006Z000C1N51.png,279,0.0,0.0
G2,W0028F0002T0006Z000C1N51.png,280,0.08125,0.08125
G2,W0028F0002T0006Z000C1N51.png,281,0.1625,0.1625
G2,W0028F0002T0006Z000C1N51.png,282,0.0,0.0
G2,W0028F0002T0006Z000C1N51.png,283,0.0,0.0
G2,W0028F0002T0006Z000C1N51.png,284,0.0541666666666659,0.0541666666666659
G2,W0028F0002T0006Z000C1N51.png,285,0.0,0.0
G2,W0028F0002T0006Z000C1N51.png,286,0.08125,0.08125
G2,W0028F0002T0006Z000C1N51.png,287,0.0,0.0
G2,W0028F0002T0006Z000C1N51.png,288,0.36336104634371585,0.36336104634371585
G2,W0028F0002T0006Z000C1N51.png,289,0.11490485194281398,0.11490485194281398
G2,W0028F0002T0006Z000C1N51.png,290,0.0,0.0
G2,W0028F0002T0006Z000C1N51.png,291,0.5859020822628983,0.5859020822628983
G2,W0028F0002T0006Z000C1N51.png,292,0.5859020822628983,0.5859020822628983
G2,W0028F0002T0006Z000C1N51.png,293,0.0,0.0
G2,W0028F0002T0006Z000C1N51.png,294,0.06809890792318478,0.06809890792318478
G2,W0028F0002T0006Z000C1N51.png,295,0.0,0.0
G2,W0028F0002T0006Z000C1N51.png,296,0.6700046641628699,0.6700046641628699
G2,W0028F0002T0006Z000C1N51.png,297,0.0,0.0
G2,W0028F0002T0006Z000C1N51.png,298,0.0541666666666659,0.0541666666666659
G2,W0028F0002T0006Z000C1N51.png,299,0.0,0.0
G2,W0028F0002T0006Z000C1N51.png,300,0.7267220926874317,0.7267220926874317
G2,W0028F0002T0006Z000C1N51.png,301,0.0,0.0
G2,W0028F0002T0006Z000C1N51.png,302,0.08125,0.08125
G2,W0028F0002T0006Z000C1N51.png,303,0.0,0.0
G2,W0028F0002T0006Z000C1N51.png,304,0.0,0.0
G2,W0028F0002T0006Z000C1N51.png,305,0.27577164466275417,0.27577164466275417
G2,W0028F0002T0006Z000C1N51.png,306,0.08125,0.08125
G2,W0028F0002T0006Z000C1N51.png,307,0.17129003992578698,0.17129003992578698
G2,W0028F0002T0006Z000C1N51.png,308,0.0,0.0
G2,W0028F0002T0006Z000C1N51.png,309,0.07932284827092696,0.07932284827092696
G2,W0028F0002T0006Z000C1N51.png,310,0.0,0.0
G2,W0028F0002T0006Z000C1N51.png,311,0.0,0.0
G2,W0028F0002T0006Z000C1N51.png,312,0.0,0.0
G2,W0028F0002T0006Z000C1N51.png,313,0.0,0.0
G2,W0028F0002T0006Z000C1N51.png,314,0.0,0.0
G2,W0028F0002T0006Z000C1N51.png,315,0.0,0.0
G2,W0028F0002T0006Z000C1N51.png,316,0.0,0.0
G2,W0028F0002T0006Z000C1N51.png,317,0.0,0.0
G2,W0028F0002T0006Z000C1N51.png,318,0.0,0.0
G2,W0028F0002T0006Z000C1N51.png,319,0.1625,0.1625
G2,W0028F0002T0006Z000C1N51.png,320,0.0,0.0
G2,W0028F0002T0006Z000C1N51.png,321,0.0,0.0
G2,W0028F0002T0006Z000C1N51.png,322,0.0,0.0
G2,W0028F0002T0006Z000C1N51.png,323,0.0,0.0
G2,W0028F0002T0006Z000C1N51.png,324,0.0,0.0
G2,W0028F0002T0006Z000C1N51.png,325,0.08125,0.08125
G2,W0028F0002T0006Z000C1N51.png,326,0.08125,0.08125
G2,W0028F0002T0006Z000C1N51.png,327,0.11490485194281398,0.11490485194281398
G2,W0028F0002T0006Z000C1N51.png,328,0.0,0.0
G2,W0028F0002T0006Z000C1N51.png,329,0.08125,0.08125
G2,W0028F0002T0006Z000C1N51.png,330,0.0,0.0
G2,W0028F0002T0006Z000C1N51.png,331,0.08370029746612916,0.08370029746612916
G2,W0028F0002T0006Z000C1N51.png,332,0.325,0.325
G2,W0028F0002T0006Z000C1N51.png,333,0.0,0.0
G2,W0028F0002T0006Z000C1N51.png,334,0.0,0.0
G2,W0028F0002T0006Z000C1N51.png,335,0.0,0.0
G2,W0028F0002T0006Z000C1N51.png,336,0.0706521739130427,0.0706521739130427
G2,W0028F0002T0006Z000C1N51.png,337,0.0,0.0
G2,W0028F0002T0006Z000C1N51.png,338,0.0,0.0
G2,W0028F0002T0006Z000C1N51.png,339,0.0,0.0
G2,W0028F0002T0006Z000C1N51.png,340,0.0,0.0
G2,W0028F0002T0006Z000C1N51.png,341,0.0,0.0
G2,W0028F0002T0006Z000C1N51.png,342,0.0,0.0
G2,W0028F0002T0006Z000C1N51.png,343,0.1625,0.1625
G2,W0028F0002T0006Z000C1N51.png,344,0.0,0.0
G2,W0028F0002T0006Z000C1N51.png,345,0.0,0.0
G2,W0028F0002T0006Z000C1N51.png,346,0.0,0.0
G2,W0028F0002T0006Z000C1N51.png,347,0.0,0.0
G2,W0028F0002T0006Z000C1N51.png,348,0.0,0.0
G2,W0028F0002T0006Z000C1N51.png,349,0.0,0.0
G2,W0028F0002T0006Z000C1N51.png,350,0.08125,0.08125
G2,W0028F0002T0006Z000C1N51.png,351,0.0,0.0
G2,W0028F0002T0006Z000C1N51.png,352,0.0,0.0
G2,W0028F0002T0006Z000C1N51.png,353,0.0,0.0
G2,W0028F0002T0006Z000C1N51.png,354,0.0,0.0
G2,W0028F0002T0006Z000C1N51.png,355,0.0,0.0
G2,W0028F0002T0006Z000C1N51.png,356,0.0,0.0
G2,W0028F0002T0006Z000C1N51.png,357,0.0541666666666659,0.0541666666666659
G2,W0028F0002T0006Z000C1N51.png,358,0.0,0.0
G2,W0028F0002T0006Z000C1N51.png,359,0.0,0.0
G2,W0028F0002T0006Z000C1N51.png,360,0.0,0.0
G2,W0028F0002T0006Z000C1N51.png,361,0.0,0.0
G2,W0028F0002T0006Z000C1N51.png,362,0.0,0.0
G2,W0028F0002T0006Z000C1N51.png,363,0.0,0.0
G2,W0028F0002T0006Z000C1N51.png,364,0.11490485194281398,0.11490485194281398
G2,W0028F0002T0006Z000C1N51.png,365,0.08125,0.08125
G2,W0028F0002T0006Z000C1N51.png,366,0.0,0.0
G2,W0028F0002T0006Z000C1N51.png,367,0.0,0.0
G2,W0028F0002T0006Z000C1N51.png,368,0.0,0.0
G2,W0028F0002T0006Z000C1N51.png,369,0.0,0.0
G2,W0028F0002T0006Z000C1N51.png,370,0.0,0.0
G2,W0028F0002T0006Z000C1N51.png,371,0.1625,0.1625
G2,W0028F0002T0006Z000C1N51.png,372,0.11490485194281398,0.11490485194281398
G2,W0028F0002T0006Z000C1N51.png,373,0.0,0.0
G2,W0028F0002T0006Z000C1N51.png,374,0.08125,0.08125
G2,W0028F0002T0006Z000C1N51.png,375,0.0,0.0
G2,W0028F0002T0006Z000C1N51.png,376,0.0,0.0
G2,W0028F0002T0006Z000C1N51.png,377,0.0,0.0
G2,W0028F0002T0006Z000C1N51.png,378,0.0,0.0
G2,W0028F0002T0006Z000C1N51.png,379,0.0,0.0
G2,W0028F0002T0006Z000C1N51.png,380,0.36336104634371585,0.36336104634371585
G2,W0028F0002T0006Z000C1N51.png,381,0.0,0.0
G2,W0028F0002T0006Z000C1N51.png,382,0.0,0.0
G2,W0028F0002T0006Z000C1N51.png,383,0.325,0.325
G2,W0028F0002T0006Z000C1N51.png,384,0.0,0.0
G2,W0028F0002T0006Z000C1N51.png,385,0.0,0.0
G2,W0028F0002T0006Z000C1N51.png,386,0.0,0.0
G2,W0028F0002T0006Z000C1N51.png,387,0.08125,0.08125
G2,W0028F0002T0006Z000C1N51.png,388,0.0,0.0
G2,W0028F0002T0006Z000C1N51.png,389,0.0,0.0
G2,W0028F0002T0006Z000C1N51.png,390,0.0,0.0
G2,W0028F0002T0006Z000C1N51.png,391,0.0,0.0
G2,W0028F0002T0006Z000C1N51.png,392,0.0,0.0
G2,W0028F0002T0006Z000C1N51.png,393,0.040625,0.040625
G2,W0028F0002T0006Z000C1N51.png,394,0.0,0.0
G2,W0028F0002T0006Z000C1N51.png,395,0.0,0.0
G2,W0028F0002T0006Z000C1N51.png,396,0.0,0.0
G2,W0028F0002T0006Z000C1N51.png,397,0.325,0.325
G2,W0028F0002T0006Z000C1N51.png,398,0.0,0.0
G2,W0028F0002T0006Z000C1N51.png,399,0.0,0.0
G2,W0028F0002T0006Z000C1N51.png,400,0.032500000000000466,0.032500000000000466
G2,W0028F0002T0006Z000C1N51.png,401,0.08125,0.08125
G2,W0028F0002T0006Z000C1N51.png,402,0.0,0.0
G2,W0028F0002T0006Z000C1N51.png,403,0.0,0.0
G2,W0028F0002T0006Z000C1N51.png,404,0.0,0.0
G2,W0028F0002T0006Z000C1N51.png,405,0.0,0.0
G2,W0028F0002T0006Z000C1N51.png,406,0.325,0.325
G2,W0028F0002T0006Z000C1N51.png,407,0.11490485194281398,0.11490485194281398
G2,W0028F0002T0006Z000C1N51.png,408,0.0,0.0
G2,W0028F0002T0006Z000C1N51.png,409,0.0,0.0
G2,W0028F0002T0006Z000C1N51.png,410,0.08125,0.08125
G2,W0028F0002T0006Z000C1N51.png,411,0.0,0.0
G2,W0028F0002T0006Z000C1N51.png,412,0.0,0.0
G2,W0028F0002T0006Z000C1N51.png,413,0.0,0.0
G2,W0028F0002T0006Z000C1N51.png,414,0.0,0.0
G2,W0028F0002T0006Z000C1N51.png,415,0.0,0.0
G2,W0028F0002T0006Z000C1N51.png,416,0.0,0.0
G2,W0028F0002T0006Z000C1N51.png,417,0.08125,0.08125
G2,W0028F0002T0006Z000C1N51.png,418,0.0,0.0
G2,W0028F0002T0006Z000C1N51.png,419,0.0,0.0
G2,W0028F0002T0006Z000C1N51.png,420,0.0,0.0
G2,W0028F0002T0006Z000C1N51.png,421,0.0,0.0
G2,W0028F0002T0006Z000C1N51.png,422,0.0,0.0
G2,W0028F0002T0006Z000C1N51.png,423,0.0,0.0
G2,W0028F0002T0006Z000C1N51.png,424,0.11490485194281398,0.11490485194281398
G2,W0028F0002T0006Z000C1N51.png,425,0.0,0.0
G2,W0028F0002T0006Z000C1N51.png,426,0.0,0.0
G2,W0028F0002T0006Z000C1N51.png,427,0.11490485194281398,0.11490485194281398
G2,W0028F0002T0006Z000C1N51.png,428,0.0,0.0
G2,W0028F0002T0006Z000C1N51.png,429,0.36336104634371585,0.36336104634371585
G2,W0028F0002T0006Z000C1N51.png,430,0.0,0.0
G2,W0028F0002T0006Z000C1N51.png,431,0.0,0.0
G2,W0028F0002T0006Z000C1N51.png,432,0.36336104634371585,0.36336104634371585
G2,W0028F0002T0006Z000C1N51.png,433,0.0,0.0
G2,W0028F0002T0006Z000C1N51.png,434,0.0,0.0
G2,W0028F0002T0006Z000C1N51.png,435,0.0,0.0
G2,W0028F0002T0006Z000C1N45.png,1,0.11490485194281398,0.11490485194281398
G2,W0028F0002T0006Z000C1N45.png,2,0.0,0.0
G2,W0028F0002T0006Z000C1N45.png,3,0.08125,0.08125
G2,W0028F0002T0006Z000C1N45.png,4,0.07222222222222226,0.07222222222222226
G2,W0028F0002T0006Z000C1N45.png,5,0.07660323462854213,0.07660323462854213
G2,W0028F0002T0006Z000C1N45.png,6,0.11490485194281398,0.11490485194281398
G2,W0028F0002T0006Z000C1N45.png,7,0.11490485194281398,0.11490485194281398
G2,W0028F0002T0006Z000C1N45.png,8,0.0,0.0
G2,W0028F0002T0006Z000C1N45.png,9,0.0726722092687429,0.0726722092687429
G2,W0028F0002T0006Z000C1N45.png,10,0.04744805278557321,0.04744805278557321
G2,W0028F0002T0006Z000C1N45.png,11,0.09084026158592896,0.09084026158592896
G2,W0028F0002T0006Z000C1N45.png,12,0.07323776028286229,0.07323776028286229
G2,W0028F0002T0006Z000C1N45.png,13,0.0780035554493714,0.0780035554493714
G2,W0028F0002T0006Z000C1N45.png,14,0.08125,0.08125
G2,W0028F0002T0006Z000C1N45.png,15,0.012112034878124464,0.012112034878124464
G2,W0028F0002T0006Z000C1N45.png,16,0.05326382566026339,0.05326382566026339
G2,W0028F0002T0006Z000C1N45.png,17,0.08125,0.08125
G2,W0028F0002T0006Z000C1N45.png,18,0.03249999999999988,0.03249999999999988
G2,W0028F0002T0006Z000C1N45.png,19,0.0,0.0
G2,W0028F0002T0006Z000C1N45.png,20,0.08125,0.08125
G2,W0028F0002T0006Z000C1N45.png,21,0.0,0.0
G2,W0028F0002T0006Z000C1N45.png,22,0.0,0.0
G2,W0028F0002T0006Z000C1N45.png,23,0.04542013079296448,0.04542013079296448
G2,W0028F0002T0006Z000C1N45.png,24,0.08125,0.08125
G2,W0028F0002T0006Z000C1N45.png,25,0.11490485194281398,0.11490485194281398
G2,W0028F0002T0006Z000C1N45.png,26,0.032500000000000466,0.032500000000000466
G2,W0028F0002T0006Z000C1N45.png,27,0.09765034704381627,0.09765034704381627
G2,W0028F0002T0006Z000C1N45.png,28,0.0,0.0
G2,W0028F0002T0006Z000C1N45.png,29,0.069049222579902,0.069049222579902
G2,W0028F0002T0006Z000C1N45.png,30,0.07267220926874395,0.07267220926874395
G2,W0028F0002T0006Z000C1N45.png,31,0.0,0.0
G2,W0028F0002T0006Z000C1N45.png,32,0.08125,0.08125
G2,W0028F0002T0006Z000C1N45.png,33,0.08125,0.08125
G2,W0028F0002T0006Z000C1N45.png,34,0.07786308135936805,0.07786308135936805
G2,W0028F0002T0006Z000C1N45.png,35,0.07267220926874421,0.07267220926874421
G2,W0028F0002T0006Z000C1N45.png,36,0.07940102327869776,0.07940102327869776
G2,W0028F0002T0006Z000C1N45.png,37,0.0,0.0
G2,W0028F0002T0006Z000C1N45.png,38,0.03669354838709689,0.03669354838709689
G2,W0028F0002T0006Z000C1N45.png,39,0.07267220926874317,0.07267220926874317
G2,W0028F0002T0006Z000C1N45.png,40,0.0,0.0
G2,W0028F0002T0006Z000C1N45.png,41,0.11490485194281398,0.11490485194281398
G2,W0028F0002T0006Z000C1N45.png,42,0.0676806916365969,0.0676806916365969
G2,W0028F0002T0006Z000C1N45.png,43,0.0766032346285432,0.0766032346285432
G2,W0028F0002T0006Z000C1N45.png,44,0.04999999999999982,0.04999999999999982
G2,W0028F0002T0006Z000C1N45.png,45,0.08125,0.08125
G2,W0028F0002T0006Z000C1N45.png,46,0.08125,0.08125
G2,W0028F0002T0006Z000C1N45.png,47,0.07292410676327968,0.07292410676327968
G2,W0028F0002T0006Z000C1N45.png,48,0.04094115262807857,0.04094115262807857
G2,W0028F0002T0006Z000C1N45.png,49,0.0,0.0
G2,W0028F0002T0006Z000C1N45.png,50,0.040625,0.040625
G2,W0028F0002T0006Z000C1N45.png,51,0.08125,0.08125
G2,W0028F0002T0006Z000C1N45.png,52,0.06249999999999978,0.06249999999999978
G2,W0028F0002T0006Z000C1N45.png,53,0.07267220926874317,0.07267220926874317
G2,W0028F0002T0006Z000C1N45.png,54,0.0766032346285432,0.0766032346285432
G2,W0028F0002T0006Z000C1N45.png,55,0.0541666666666659,0.0541666666666659
G2,W0028F0002T0006Z000C1N45.png,56,0.0,0.0
G2,W0028F0002T0006Z000C1N45.png,57,0.0,0.0
G2,W0028F0002T0006Z000C1N45.png,58,0.05745242597140699,0.05745242597140699
G2,W0028F0002T0006Z000C1N45.png,59,0.0,0.0
G2,W0028F0002T0006Z000C1N45.png,60,0.025999999999999447,0.025999999999999447
G2,W0028F0002T0006Z000C1N45.png,61,0.05190872090624571,0.05190872090624571
G2,W0028F0002T0006Z000C1N45.png,62,0.07660323462854207,0.07660323462854207
G2,W0028F0002T0006Z000C1N45.png,63,0.08125,0.08125
G2,W0028F0002T0006Z000C1N45.png,64,0.07660323462854197,0.07660323462854197
G2,W0028F0002T0006Z000C1N45.png,65,0.0,0.0
G2,W0028F0002T0006Z000C1N45.png,66,0.0,0.0
G2,W0028F0002T0006Z000C1N45.png,67,0.0,0.0
G2,W0028F0002T0006Z000C1N45.png,68,0.0,0.0
G2,W0028F0002T0006Z000C1N45.png,69,0.11490485194281398,0.11490485194281398
G2,W0028F0002T0006Z000C1N45.png,70,0.060937500000000006,0.060937500000000006
G2,W0028F0002T0006Z000C1N45.png,71,0.11490485194281398,0.11490485194281398
G2,W0028F0002T0006Z000C1N45.png,72,0.0203125,0.0203125
G2,W0028F0002T0006Z000C1N45.png,73,0.040625,0.040625
G2,W0028F0002T0006Z000C1N45.png,74,0.040625,0.040625
G2,W0028F0002T0006Z000C1N45.png,75,0.07411140263144401,0.07411140263144401
G2,W0028F0002T0006Z000C1N45.png,76,0.07054561123111361,0.07054561123111361
G2,W0028F0002T0006Z000C1N45.png,77,0.08125,0.08125
G2,W0028F0002T0006Z000C1N45.png,78,0.08125,0.08125
G2,W0028F0002T0006Z000C1N45.png,79,0.08617863895711048,0.08617863895711048
G2,W0028F0002T0006Z000C1N45.png,80,0.05745242597140699,0.05745242597140699
G2,W0028F0002T0006Z000C1N45.png,81,0.08125,0.08125
G2,W0028F0002T0006Z000C1N45.png,82,0.0,0.0
G2,W0028F0002T0006Z000C1N45.png,83,0.05139864194551577,0.05139864194551577
G2,W0028F0002T0006Z000C1N45.png,84,0.0,0.0
G2,W0028F0002T0006Z000C1N45.png,85,0.0935653716516383,0.0935653716516383
G2,W0028F0002T0006Z000C1N45.png,86,0.08125,0.08125
G2,W0028F0002T0006Z000C1N45.png,87,0.08125,0.08125
G2,W0028F0002T0006Z000C1N45.png,88,0.07660323462854217,0.07660323462854217
G2,W0028F0002T0006Z000C1N45.png,89,0.03482142857142874,0.03482142857142874
G2,W0028F0002T0006Z000C1N45.png,90,0.0,0.0
G2,W0028F0002T0006Z000C1N45.png,91,0.06120633462252011,0.06120633462252011
G2,W0028F0002T0006Z000C1N45.png,92,0.07660323462854197,0.07660323462854197
G2,W0028F0002T0006Z000C1N45.png,93,0.11490485194281398,0.11490485194281398
G2,W0028F0002T0006Z000C1N45.png,94,0.43670562803283897,0.43670562803283897
G2,W0028F0002T0006Z000C1N45.png,95,0.06958928570635825,0.06958928570635825
G2,W0028F0002T0006Z000C1N45.png,96,0.19500000000000048,0.19500000000000048
G2,W0028F0002T0006Z000C1N45.png,97,0.11886708821670322,0.11886708821670322
G2,W0028F0002T0006Z000C1N45.png,98,0.14682003422210319,0.14682003422210319
G2,W0028F0002T0006Z000C1N45.png,99,0.5138701197773617,0.5138701197773617
G2,W0028F0002T0006Z000C1N45.png,100,0.08564501996289349,0.08564501996289349
G2,W0028F0002T0006Z000C1N45.png,101,0.08125,0.08125
G2,W0028F0002T0006Z000C1N45.png,102,0.05709667997526184,0.05709667997526184
G2,W0028F0002T0006Z000C1N45.png,103,0.07267220926874421,0.07267220926874421
G2,W0028F0002T0006Z000C1N45.png,104,0.06059106456064219,0.06059106456064219
G2,W0028F0002T0006Z000C1N45.png,105,0.07300104447424728,0.07300104447424728
G2,W0028F0002T0006Z000C1N45.png,106,0.0,0.0
G2,W0028F0002T0006Z000C1N45.png,107,0.06854946289247858,0.06854946289247858
G2,W0028F0002T0006Z000C1N45.png,108,0.07660323462854371,0.07660323462854371
G2,W0028F0002T0006Z000C1N45.png,109,0.09765034704381627,0.09765034704381627
G2,W0028F0002T0006Z000C1N45.png,110,0.08125,0.08125
G2,W0028F0002T0006Z000C1N45.png,111,0.03282995769794633,0.03282995769794633
G2,W0028F0002T0006Z000C1N45.png,112,0.04642857142857011,0.04642857142857011
G2,W0028F0002T0006Z000C1N45.png,113,0.08334183630089191,0.08334183630089191
G2,W0028F0001T0006Z000C1N30.png,1,0.03830161731427146,0.03830161731427146
G2,W0028F0001T0006Z000C1N30.png,2,0.040625,0.040625
G2,W0028F0001T0006Z000C1N30.png,3,0.08125,0.08125
G2,W0028F0001T0006Z000C1N30.png,4,0.11490485194281398,0.11490485194281398
G2,W0028F0001T0006Z000C1N30.png,5,0.08125,0.08125
G2,W0028F0001T0006Z000C1N30.png,6,0.11490485194281398,0.11490485194281398
G2,W0028F0001T0006Z000C1N30.png,7,0.08125,0.08125
G2,W0028F0001T0006Z000C1N30.png,8,0.0,0.0
G2,W0028F0001T0006Z000C1N30.png,9,0.581377674149945,0.5859020822628974
G2,W0028F0001T0006Z000C1N30.png,10,0.046428571428571264,0.046428571428571264
G2,W0028F0001T0006Z000C1N30.png,11,0.08750892811593587,0.08750892811593587
G2,W0028F0001T0006Z000C1N30.png,12,0.08125,0.08125
G2,W0028F0001T0006Z000C1N30.png,13,0.040625,0.040625
G2,W0028F0001T0006Z000C1N30.png,14,0.05469308007245981,0.05469308007245981
G2,W0028F0001T0006Z000C1N30.png,15,0.08125,0.08125
G2,W0028F0001T0006Z000C1N30.png,16,0.08125,0.08125
G2,W0028F0001T0006Z000C1N30.png,17,0.07660323462854278,0.07660323462854278
G2,W0028F0001T0006Z000C1N30.png,18,0.09459160805298543,0.09459160805298543
G2,W0028F0001T0006Z000C1N30.png,19,0.08125,0.08125
G2,W0028F0001T0006Z000C1N30.png,20,0.046428571428571264,0.046428571428571264
G2,W0028F0001T0006Z000C1N30.png,21,0.0,0.0
G2,W0028F0001T0006Z000C1N30.png,22,0.06895352021571116,0.06895352021571116
G2,W0028F0001T0006Z000C1N30.png,23,0.08125,0.08125
G2,W0028F0001T0006Z000C1N30.png,24,0.08125,0.08125
G2,W0028F0001T0006Z000C1N30.png,25,0.08750892811593587,0.08750892811593587
G2,W0028F0001T0006Z000C1N30.png,26,0.057352941176470384,0.057352941176470384
G2,W0028F0001T0006Z000C1N30.png,27,0.07323776028286229,0.07323776028286229
G2,W0028F0001T0006Z000C1N30.png,28,0.040625,0.040625
G2,W0028F0001T0006Z000C1N30.png,29,1.0277402395547237,1.0277402395547237
G2,W0028F0001T0006Z000C1N30.png,30,0.09084026158592896,0.09084026158592896
G2,W0028F0001T0006Z000C1N30.png,31,0.05709667997526275,0.05709667997526275
G2,W0028F0001T0006Z000C1N30.png,32,0.05583372201357281,0.05583372201357281
G2,W0028F0001T0006Z000C1N30.png,33,0.04001952648395539,0.04001952648395539
G2,W0028F0001T0006Z000C1N30.png,34,0.19150808657135718,0.19150808657135718
G2,W0028F0001T0006Z000C1N30.png,35,0.07257778263853241,0.07257778263853241
G2,W0028F0001T0006Z000C1N30.png,36,0.051908720906245195,0.051908720906245195
G2,W0028F0001T0006Z000C1N30.png,37,0.09357977743560816,0.09357977743560816
G2,W0028F0001T0006Z000C1N30.png,38,0.05737279679111311,0.05737279679111311
G2,W0028F0001T0006Z000C1N30.png,39,0.0,0.0
G2,W0028F0001T0006Z000C1N30.png,40,0.0,0.0
G2,W0028F0001T0006Z000C1N30.png,41,0.0,0.0
G2,W0028F0001T0006Z000C1N30.png,42,0.05709667997526275,0.05709667997526275
G2,W0028F0001T0006Z000C1N30.png,43,0.0,0.0
G2,W0028F0001T0006Z000C1N30.png,44,0.025718553328436627,0.025718553328436627
G2,W0028F0001T0006Z000C1N30.png,45,0.09952669268190587,0.09952669268190587
G2,W0028F0001T0006Z000C1N30.png,46,0.0,0.0
G2,W0028F0001T0006Z000C1N30.png,47,0.0,0.0
G2,W0028F0001T0006Z000C1N30.png,48,0.10898735681094734,0.10898735681094734
G2,W0028F0001T0006Z000C1N30.png,49,0.08125,0.08125
G2,W0028F0001T0006Z000C1N30.png,50,0.0,0.0
G2,W0028F0001T0006Z000C1N30.png,51,0.0,0.0
G2,W0028F0001T0006Z000C1N30.png,52,0.23025811349032851,0.23025811349032851
G2,W0028F0001T0006Z000C1N30.png,53,0.48750000000000004,0.48750000000000004
G2,W0028F0001T0006Z000C1N30.png,54,0.768529605872175,0.768529605872175
G2,W0028F0001T0006Z000C1N30.png,55,0.07181553246425874,0.07181553246425874
G2,W0028F0001T0006Z000C1N30.png,56,1.1633229613912037,1.1633229613912037
G2,W0028F0001T0006Z000C1N30.png,57,0.0541666666666659,0.0541666666666659
G2,W0028F0001T0006Z000C1N30.png,58,0.07955357101448679,0.07955357101448679
G2,W0028F0001T0006Z000C1N30.png,59,0.053263825660262755,0.053263825660262755
G2,W0028F0001T0006Z000C1N30.png,60,0.05360037313302852,0.05360037313302852
G2,W0028F0001T0006Z000C1N30.png,61,1.2428860064382414,1.2428860064382414
G2,W0028F0001T0006Z000C1N30.png,62,0.06090951492389668,0.06090951492389668
G2,W0028F0001T0006Z000C1N30.png,63,0.08145172380133743,0.08145172380133743
G2,W0028F0001T0006Z000C1N30.png,64,0.06768069163659729,0.06768069163659729
G2,W0028F0001T0006Z000C1N30.png,65,0.0967619805834234,0.0967619805834234
G2,W0028F0001T0006Z000C1N30.png,66,0.0,0.0
G2,W0028F0001T0006Z000C1N30.png,67,0.0383016173142719,0.0383016173142719
G2,W0028F0001T0006Z000C1N30.png,68,0.3064129385141695,0.3064129385141695
G2,W0028F0001T0006Z000C1N30.png,69,0.032500000000000466,0.032500000000000466
G2,W0028F0001T0006Z000C1N30.png,70,0.0,0.0
G2,W0028F0001T0006Z000C1N30.png,71,0.08125,0.08125
G2,W0028F0001T0006Z000C1N30.png,72,0.0,0.0
G2,W0028F0001T0006Z000C1N30.png,73,0.0,0.0
G2,W0028F0001T0006Z000C1N30.png,74,0.07267220926874214,0.07267220926874214
G2,W0028F0001T0006Z000C1N30.png,75,0.08370029746612787,0.08370029746612787
G2,W0028F0001T0006Z000C1N30.png,76,0.36336104634371585,0.36336104634371585
G2,W0028F0001T0006Z000C1N30.png,77,0.015798306362769354,0.015798306362769354
G2,W0028F0001T0006Z000C1N30.png,78,0.08356716504932081,0.08356716504932081
G2,W0028F0001T0006Z000C1N30.png,79,0.07541182088881719,0.07541182088881719
G2,W0028F0001T0006Z000C1N30.png,80,0.07905694150420847,0.07905694150420847
G2,W0028F0001T0006Z000C1N30.png,81,0.08125,0.08125
G2,W0028F0001T0006Z000C1N30.png,82,0.040625,0.040625
G2,W0028F0001T0006Z000C1N19.png,1,0.1625,0.22980970388562796
G2,W0028F0001T0006Z000C1N19.png,2,2.75625314940611,3.1622618761910126
G2,W0028F0001T0006Z000C1N19.png,3,1.7228065764908145,4.676500427670247
G2,W0028F0001T0006Z000C1N19.png,4,0.19969683655634612,3.5530751627632213
G2,W0028F0001T0006Z000C1N19.png,5,1.5606956710097746,3.248115803296782
G2,W0028F0001T0006Z000C1N19.png,6,0.06809890792318578,0.06809890792318578
G2,W0028F0001T0006Z000C1N19.png,7,2.299373404985705,2.4133058527440916
G2,W0028F0001T0006Z000C1N19.png,8,1.9835652875567267,2.118740781690861
G2,W0028F0001T0006Z000C1N19.png,9,2.2203286745942163,2.2203286745942163
G2,W0028F0001T0006Z000C1N19.png,10,0.09609734598563033,0.09609734598563033
G2,W0028F0001T0006Z000C1N19.png,11,0.9884489111734607,1.0277402395547235
G2,W0028F0001T0006Z000C1N19.png,12,1.2717636622030055,1.2717636622030055
G2,W0028F0001T0006Z000C1N19.png,13,0.07660323462854156,0.07660323462854156
G2,W0028F0001T0006Z000C1N19.png,14,0.6550584420492571,1.5607615328742568
G2,W0028F0001T0006Z000C1N19.png,15,0.08125,0.08125
G2,W0028F0001T0006Z000C1N19.png,16,0.07323776028286229,0.07323776028286229
G2,W0028F0001T0006Z000C1N19.png,17,0.8285906709588275,0.8285906709588275
G2,W0028F0001T0006Z000C1N19.png,18,1.9849168797537216,2.276178545178574
G2,W0028F0001T0006Z000C1N19.png,19,0.05737279679111311,0.05737279679111311
G2,W0028F0001T0006Z000C1N19.png,20,1.0562500000000001,1.0562500000000001
G2,W0028F0001T0006Z000C1N19.png,21,0.0383016173142716,0.0383016173142716
G2,W0028F0001T0006Z000C1N19.png,22,0.07267220926874336,0.07267220926874336
G2,W0028F0001T0006Z000C1N19.png,23,1.0562500000000001,1.2078680857196287
G2,W0028F0001T0006Z000C1N19.png,24,0.22980970388562796,0.22980970388562796
G2,W0028F0001T0006Z000C1N19.png,25,0.8043339635996979,0.8043339635996979
G2,W0028F0001T0006Z000C1N19.png,26,0.7665109669795991,1.7819516162062314
G2,W0028F0001T0006Z000C1N25.png,1,0.14534441853748634,0.14534441853748634
G2,W0028F0001T0006Z000C1N25.png,2,0.7267220926874317,0.7267220926874317
G2,W0028F0001T0006Z000C1N25.png,3,0.08370029746612916,0.08370029746612916
G2,W0028F0001T0006Z000C1N25.png,4,0.07660323462854238,0.07660323462854238
G2,W0028F0001T0006Z000C1N25.png,5,1.6671106179555095,1.6671106179555095
G2,W0028F0001T0006Z000C1N25.png,6,0.08125,0.08125
G2,W0028F0001T0006Z000C1N25.png,7,0.09027777777777712,0.09027777777777712
G2,W0028F0001T0006Z000C1N25.png,8,0.0,0.0
G2,W0028F0001T0006Z000C1N25.png,9,0.06532419153728682,0.06532419153728682
G2,W0028F0001T0006Z000C1N25.png,10,0.32752922102462856,0.32752922102462856
G2,W0028F0001T0006Z000C1N25.png,11,0.030280087195310515,0.030280087195310515
G2,W0028F0001T0006Z000C1N25.png,12,0.0,0.0
G2,W0028F0001T0006Z000C1N25.png,13,0.08125,0.08125
G2,W0028F0001T0006Z000C1N25.png,14,0.08125,0.08125
G2,W0028F0001T0006Z000C1N25.png,15,0.11490485194281398,0.11490485194281398
G2,W0028F0001T0006Z000C1N25.png,16,0.02595436045312182,0.02595436045312182
G2,W0028F0001T0006Z000C1N25.png,17,0.07660323462854238,0.07660323462854238
G2,W0028F0001T0006Z000C1N25.png,18,0.06249999999999944,0.06249999999999944
G2,W0028F0001T0006Z000C1N25.png,19,0.05745242597140699,0.05745242597140699
G2,W0028F0001T0006Z000C1N25.png,20,0.11490485194281398,0.11490485194281398
G2,W0028F0001T0006Z000C1N25.png,21,0.038301617314271806,0.038301617314271806
G2,W0028F0001T0006Z000C1N25.png,22,0.07267220926874317,0.07267220926874317
G2,W0028F0001T0006Z000C1N25.png,23,0.040625,0.040625
G2,W0028F0001T0006Z000C1N25.png,24,0.08125,0.08125
G2,W0028F0001T0006Z000C1N25.png,25,0.11490485194281398,0.11490485194281398
G2,W0028F0001T0006Z000C1N25.png,26,0.11490485194281398,0.11490485194281398
G2,W0028F0001T0006Z000C1N25.png,27,0.08125,0.08125
G2,W0028F0001T0006Z000C1N25.png,28,0.0,0.0
G2,W0028F0001T0006Z000C1N25.png,29,0.49422445558673034,0.49422445558673034
G2,W0028F0001T0006Z000C1N25.png,30,0.04642857142857242,0.04642857142857242
G2,W0028F0001T0006Z000C1N25.png,31,0.08750892811593587,0.08750892811593587
G2,W0028F0001T0006Z000C1N25.png,32,0.08125,0.08125
G2,W0028F0001T0006Z000C1N25.png,33,0.0,0.0
G2,W0028F0001T0006Z000C1N25.png,34,0.05745242597140699,0.05745242597140699
G2,W0028F0001T0006Z000C1N25.png,35,0.0540728715025005,0.0540728715025005
G2,W0028F0001T0006Z000C1N25.png,36,0.11490485194281398,0.11490485194281398
G2,W0028F0001T0006Z000C1N25.png,37,0.11490485194281398,0.11490485194281398
G2,W0028F0001T0006Z000C1N25.png,38,0.09459160805298471,0.09459160805298471
G2,W0028F0001T0006Z000C1N25.png,39,0.08125,0.08125
G2,W0028F0001T0006Z000C1N25.png,40,0.04642857142857242,0.04642857142857242
G2,W0028F0001T0006Z000C1N25.png,41,0.06383602885711898,0.06383602885711898
G2,W0028F0001T0006Z000C1N25.png,42,0.0,0.0
G2,W0028F0001T0006Z000C1N25.png,43,0.08125,0.08125
G2,W0028F0001T0006Z000C1N25.png,44,0.07181553246425874,0.07181553246425874
G2,W0028F0001T0006Z000C1N25.png,45,0.07660323462854197,0.07660323462854197
G2,W0028F0001T0006Z000C1N25.png,46,0.11490485194281398,0.11490485194281398
G2,W0028F0001T0006Z000C1N25.png,47,0.09027777777777712,0.09027777777777712
G2,W0028F0001T0006Z000C1N25.png,48,0.037222481342382714,0.037222481342382714
G2,W0028F0001T0006Z000C1N25.png,49,0.07323776028286229,0.07323776028286229
G2,W0028F0001T0006Z000C1N25.png,50,0.040625,0.040625
G2,W0028F0001T0006Z000C1N25.png,51,0.05264053793957485,0.05264053793957485
G2,W0028F0001T0006Z000C1N25.png,52,0.07660323462854197,0.07660323462854197
G2,W0028F0001T0006Z000C1N25.png,53,1.027740239554723,1.027740239554723
G2,W0028F0001T0006Z000C1N25.png,54,0.06147678042358781,0.06147678042358781
G2,W0028F0001T0006Z000C1N25.png,55,0.03830161731427017,0.03830161731427017
G2,W0028F0001T0006Z000C1N25.png,56,0.11490485194281398,0.11490485194281398
G2,W0028F0001T0006Z000C1N25.png,57,0.057096679975264034,0.057096679975264034
G2,W0028F0001T0006Z000C1N25.png,58,0.055833722013574075,0.055833722013574075
G2,W0028F0001T0006Z000C1N25.png,59,0.19150808657135718,0.19150808657135718
G2,W0028F0001T0006Z000C1N25.png,60,0.040625,0.040625
G2,W0028F0001T0006Z000C1N25.png,61,0.0397801910168908,0.0397801910168908
G2,W0028F0001T0006Z000C1N25.png,62,0.07267220926874317,0.07267220926874317
G2,W0028F0001T0006Z000C1N25.png,63,0.06936717923885698,0.06936717923885698
G2,W0028F0001T0006Z000C1N25.png,64,0.037222481342382714,0.037222481342382714
G2,W0028F0001T0006Z000C1N25.png,65,0.045233310590449306,0.045233310590449306
G2,W0028F0001T0006Z000C1N25.png,66,0.0,0.0
G2,W0028F0001T0006Z000C1N25.png,67,0.057096679975264034,0.057096679975264034
G2,W0028F0001T0006Z000C1N25.png,68,0.0,0.0
G2,W0028F0001T0006Z000C1N25.png,69,0.09084026158592896,0.09084026158592896
G2,W0028F0001T0006Z000C1N25.png,70,0.0,0.0
G2,W0028F0001T0006Z000C1N25.png,71,0.0,0.0
G2,W0028F0001T0006Z000C1N25.png,72,0.0,0.0
G2,W0028F0001T0006Z000C1N25.png,73,0.0,0.0
G2,W0028F0001T0006Z000C1N33.png,1,0.9468762891905416,0.9468762891905416
G2,W0028F0001T0006Z000C1N33.png,2,0.0,0.0
G2,W0028F0001T0006Z000C1N33.png,3,0.040625,0.040625
G2,W0028F0001T0006Z000C1N33.png,4,1.6188947811701662,1.6188947811701662
G2,W0028F0001T0006Z000C1N33.png,5,0.07660323462854207,0.07660323462854207
G2,W0028F0001T0006Z000C1N33.png,6,0.038301617314271084,0.038301617314271084
G2,W0028F0001T0006Z000C1N33.png,7,0.5915089285040421,0.5915089285040421
G2,W0028F0001T0006Z000C1N33.png,8,0.0,0.0
G2,W0028F0001T0006Z000C1N33.png,9,0.07267220926874343,0.07267220926874343
G2,W0028F0001T0006Z000C1N33.png,10,1.7592079183541665,1.7592079183541665
G2,W0028F0001T0006Z000C1N33.png,11,0.7521850821719728,0.7521850821719728
G2,W0028F0001T0006Z000C1N33.png,12,0.38301617314271325,0.38301617314271325
G2,W0028F0001T0006Z000C1N33.png,13,0.06759108937812604,0.06759108937812604
G2,W0028F0001T0006Z000C1N33.png,14,0.0726722092687429,0.0726722092687429
G2,W0028F0001T0006Z000C1N33.png,15,1.6656250000000001,1.6656250000000001
G2,W0028F0001T0006Z000C1N33.png,16,0.8165523942160723,0.8165523942160723
G2,W0028F0001T0006Z000C1N33.png,17,0.03211688248608511,0.03211688248608511
G2,W0028F0001T0006Z000C1N33.png,18,0.07312126941815458,0.07312126941815458
G2,W0028F0001T0006Z000C1N33.png,19,0.04804867299281525,0.04804867299281525
G2,W0028F0001T0006Z000C1N33.png,20,0.08125,0.08125
G2,W0028F0001T0006Z000C1N33.png,21,0.6516560536394165,0.6516560536394165
G2,W0028F0001T0006Z000C1N33.png,22,0.05709667997526275,0.05709667997526275
G2,W0028F0001T0006Z000C1N33.png,23,0.9192388155425119,0.9192388155425119
G2,W0028F0001T0006Z000C1N33.png,24,0.07267220926874317,0.07267220926874317
G2,W0028F0001T0006Z000C1N33.png,25,0.0766032346285432,0.0766032346285432
G2,W0028F0001T0006Z000C1N33.png,26,0.0719876834083438,0.0719876834083438
G2,W0028F0001T0006Z000C1N33.png,27,1.1263020243256245,1.1263020243256245
G2,W0028F0001T0006Z000C1N33.png,28,0.07660323462854292,0.07660323462854292
G2,W0028F0001T0006Z000C1N33.png,29,0.09676198058342218,0.09676198058342218
G2,W0028F0001T0006Z000C1N33.png,30,0.07532642463262085,0.07532642463262085
G2,W0028F0001T0006Z000C1N33.png,31,0.028726212985703495,0.028726212985703495
G2,W0028F0001T0006Z000C1N33.png,32,0.0,0.0
G2,W0028F0001T0006Z000C1N33.png,33,0.08125,0.08125
G2,W0028F0001T0006Z000C1N33.png,34,0.11490485194281398,0.11490485194281398
G2,W0028F0001T0006Z000C1N33.png,35,0.11490485194281398,0.11490485194281398
G2,W0028F0001T0006Z000C1N33.png,36,1.0863759356737945,1.0863759356737945
G2,W0028F0001T0006Z000C1N33.png,37,0.08125,0.08125
G2,W0028F0001T0006Z000C1N33.png,38,0.09027777777777712,0.09027777777777712
G2,W0028F0001T0006Z000C1N33.png,39,0.04178358252466,0.04178358252466
G2,W0028F0001T0006Z000C1N33.png,40,0.0,0.0
G2,W0028F0001T0006Z000C1N33.png,41,0.040625,0.040625
G2,W0028F0001T0006Z000C1N33.png,42,0.028726212985703495,0.028726212985703495
G2,W0028F0001T0006Z000C1N33.png,43,0.6908599588100192,0.6908599588100192
G2,W0028F0001T0006Z000C1N33.png,44,0.07267220926874421,0.07267220926874421
G2,W0028F0001T0006Z000C1N33.png,45,0.7312500000000001,0.7312500000000001
G2,W0028F0001T0006Z000C1N33.png,46,0.06090951492389675,0.06090951492389675
G2,W0028F0001T0006Z000C1N33.png,47,0.14227815190592555,0.14227815190592555
G2,W0028F0001T0006Z000C1N33.png,48,0.039528470752104236,0.039528470752104236
G2,W0028F0001T0006Z000C1N33.png,49,0.11490485194281398,0.11490485194281398
G2,W0028F0001T0006Z000C1N33.png,50,0.520253844291419,0.5915089285040421
G2,W0028F0001T0006Z000C1N33.png,51,0.2569350598886809,0.2569350598886809
G2,W0028F0001T0006Z000C1N33.png,52,0.0,0.0
G2,W0028F0001T0006Z000C1N33.png,53,0.0,0.0
G2,W0028F0001T0006Z000C1N33.png,54,0.0976503470438166,0.0976503470438166
G2,W0028F0001T0006Z000C1N33.png,55,0.07267220926874421,0.07267220926874421
G2,W0028F0001T0006Z000C1N33.png,56,0.11490485194281398,0.11490485194281398
G2,W0028F0001T0006Z000C1N33.png,57,0.0,0.0
G2,W0028F0001T0006Z000C1N33.png,58,0.0766032346285421,0.0766032346285421
G2,W0028F0001T0006Z000C1N33.png,59,0.042822509981446925,0.042822509981446925
G2,W0028F0001T0006Z000C1N33.png,60,0.05745242597140699,0.05745242597140699
G2,W0028F0001T0006Z000C1N33.png,61,0.11490485194281398,0.11490485194281398
G2,W0028F0001T0006Z000C1N33.png,62,0.11490485194281398,0.11490485194281398
G2,W0028F0001T0006Z000C1N33.png,63,0.43670562803283663,0.43670562803283663
G2,W0028F0001T0006Z000C1N33.png,64,0.040625,0.040625
G2,W0028F0001T0006Z000C1N33.png,65,0.0335647641478332,0.0335647641478332
G2,W0028F0001T0006Z000C1N33.png,66,0.29295104113144915,0.29295104113144915
G2,W0028F0001T0006Z000C1N33.png,67,0.08125,0.08125
G2,W0028F0001T0006Z000C1N33.png,68,0.27619689031960765,0.27619689031960765
G2,W0028F0002T0006Z000C1N56.png,1,0.08125,0.08125
G2,W0028F0002T0006Z000C1N56.png,2,0.5859020822628983,0.5859020822628983
G2,W0028F0002T0006Z000C1N56.png,3,0.325,0.325
G2,W0028F0002T0006Z000C1N56.png,4,0.0,0.0
G2,W0028F0002T0006Z000C1N56.png,5,0.48750000000000004,0.48750000000000004
G2,W0028F0002T0006Z000C1N56.png,6,0.7490879871550471,0.7490879871550471
G2,W0028F0002T0006Z000C1N56.png,7,0.6894291116568838,0.6894291116568838
G2,W0028F0002T0006Z000C1N56.png,8,0.0,0.0
G2,W0028F0002T0006Z000C1N56.png,9,0.325,0.325
G2,W0028F0002T0006Z000C1N56.png,10,0.22980970388562796,0.22980970388562796
G2,W0028F0002T0006Z000C1N56.png,11,0.1625,0.1625
G2,W0028F0002T0006Z000C1N56.png,12,0.325,0.325
G2,W0028F0002T0006Z000C1N56.png,13,0.5915089285040421,0.5915089285040421
G2,W0028F0002T0006Z000C1N56.png,14,0.0,0.0
G2,W0028F0002T0006Z000C1N56.png,15,0.0,0.0
G2,W0028F0002T0006Z000C1N56.png,16,0.22980970388562796,0.22980970388562796
G2,W0028F0002T0006Z000C1N56.png,17,0.6345827861674157,0.6345827861674157
G2,W0028F0002T0006Z000C1N56.png,18,0.0,0.0
G2,W0028F0002T0006Z000C1N56.png,19,0.5859020822628983,0.5859020822628983
G2,W0028F0002T0006Z000C1N56.png,20,0.36336104634371585,0.36336104634371585
G2,W0028F0002T0006Z000C1N56.png,21,0.08125,0.08125
G2,W0028F0002T0006Z000C1N56.png,22,0.36336104634371585,0.36336104634371585
G2,W0028F0002T0006Z000C1N56.png,23,0.1625,0.1625
G2,W0028F0002T0006Z000C1N56.png,24,0.48750000000000004,0.48750000000000004
G2,W0028F0002T0006Z000C1N56.png,25,0.0,0.0
G2,W0028F0002T0006Z000C1N56.png,26,0.22980970388562796,0.22980970388562796
G2,W0028F0002T0006Z000C1N56.png,27,0.36336104634371585,0.36336104634371585
G2,W0028F0002T0006Z000C1N56.png,28,0.325,0.325
G2,W0028F0002T0006Z000C1N56.png,29,0.45961940777125593,0.45961940777125593
G2,W0028F0002T0006Z000C1N56.png,30,0.45961940777125593,0.45961940777125593
G2,W0028F0002T0006Z000C1N56.png,31,0.325,0.325
G2,W0028F0002T0006Z000C1N56.png,32,0.022888884809052924,0.022888884809052924
G2,W0028F0002T0006Z000C1N56.png,33,0.36336104634371585,0.36336104634371585
G2,W0028F0002T0006Z000C1N56.png,34,0.4142953354794138,0.4142953354794138
G2,W0028F0002T0006Z000C1N56.png,35,0.1625,0.1625
G2,W0028F0002T0006Z000C1N56.png,36,0.1625,0.1625
G2,W0028F0002T0006Z000C1N56.png,37,0.0,0.0
G2,W0028F0002T0006Z000C1N56.png,38,0.0,0.0
G2,W0028F0002T0006Z000C1N56.png,39,0.0,0.0
G2,W0028F0002T0006Z000C1N56.png,40,0.0,0.0
G2,W0028F0002T0006Z000C1N56.png,41,0.2569350598886809,0.2569350598886809
G2,W0028F0002T0006Z000C1N56.png,42,0.5859020822628983,0.5859020822628983
G2,W0028F0002T0006Z000C1N56.png,43,0.0,0.0
G2,W0028F0002T0006Z000C1N56.png,44,0.48750000000000004,0.48750000000000004
G2,W0028F0002T0006Z000C1N56.png,45,0.36336104634371585,0.36336104634371585
G2,W0028F0002T0006Z000C1N56.png,46,0.5138701197773617,0.5138701197773617
G2,W0028F0002T0006Z000C1N56.png,47,0.0,0.0
G2,W0028F0002T0006Z000C1N56.png,48,0.8125,0.8125
G2,W0028F0002T0006Z000C1N56.png,49,0.0,0.0
G2,W0028F0002T0006Z000C1N56.png,50,0.07851812248042618,0.07851812248042618
G2,W0028F0002T0006Z000C1N56.png,51,0.325,0.325
G2,W0028F0002T0006Z000C1N56.png,52,0.0,0.0
G2,W0028F0002T0006Z000C1N56.png,53,0.22980970388562796,0.22980970388562796
G2,W0028F0002T0006Z000C1N56.png,54,0.36336104634371585,0.36336104634371585
G2,W0028F0002T0006Z000C1N56.png,55,0.0,0.0
G2,W0028F0002T0006Z000C1N56.png,56,0.36336104634371585,0.36336104634371585
G2,W0028F0002T0006Z000C1N56.png,57,0.22980970388562796,0.22980970388562796
G2,W0028F0002T0006Z000C1N56.png,58,0.13788582233137708,0.13788582233137708
G2,W0028F0002T0006Z000C1N56.png,59,0.325,0.325
G2,W0028F0002T0006Z000C1N56.png,60,0.36336104634371585,0.36336104634371585
G2,W0028F0002T0006Z000C1N56.png,61,0.325,0.325
G2,W0028F0002T0006Z000C1N56.png,62,0.8788531233943475,0.8788531233943475
G2,W0028F0002T0006Z000C1N56.png,63,0.1625,0.1625
G2,W0028F0002T0006Z000C1N56.png,64,0.0,0.0
G2,W0028F0002T0006Z000C1N56.png,65,0.0,0.0
G2,W0028F0002T0006Z000C1N56.png,66,0.0,0.0
G2,W0028F0002T0006Z000C1N56.png,67,0.6700046641628699,0.6700046641628699
G2,W0028F0002T0006Z000C1N56.png,68,0.45961940777125593,0.45961940777125593
G2,W0028F0002T0006Z000C1N56.png,69,0.05745242597140699,0.05745242597140699
G2,W0028F0002T0006Z000C1N56.png,70,0.1625,0.1625
G2,W0028F0002T0006Z000C1N56.png,71,0.0,0.0
G2,W0028F0002T0006Z000C1N56.png,72,0.1625,0.1625
G2,W0028F0002T0006Z000C1N56.png,73,0.36336104634371585,0.36336104634371585
G2,W0028F0002T0006Z000C1N56.png,74,0.1625,0.1625
G2,W0028F0002T0006Z000C1N56.png,75,1.397877855894427,1.397877855894427
G2,W0028F0002T0006Z000C1N56.png,76,0.11490485194281398,0.11490485194281398
G2,W0028F0002T0006Z000C1N56.png,77,0.08125,0.08125
G2,W0028F0002T0006Z000C1N56.png,78,0.45961940777125593,0.45961940777125593
G2,W0028F0002T0006Z000C1N56.png,79,0.0,0.0
G2,W0028F0002T0006Z000C1N56.png,80,0.0,0.0
G2,W0028F0002T0006Z000C1N56.png,81,0.12112034878123923,0.12112034878123923
G2,W0028F0002T0006Z000C1N56.png,82,0.0,0.0
G2,W0028F0002T0006Z000C1N56.png,83,0.325,0.325
G2,W0028F0002T0006Z000C1N56.png,84,0.1625,0.1625
G2,W0028F0002T0006Z000C1N56.png,85,0.22980970388562796,0.22980970388562796
G2,W0028F0002T0006Z000C1N56.png,86,0.1625,0.1625
G2,W0028F0002T0006Z000C1N56.png,87,0.08125,0.08125
G2,W0028F0002T0006Z000C1N56.png,88,0.11490485194281398,0.11490485194281398
G2,W0028F0002T0006Z000C1N56.png,89,0.5138701197773617,0.5138701197773617
G2,W0028F0002T0006Z000C1N56.png,90,0.09192388155425167,0.09192388155425167
G2,W0028F0002T0006Z000C1N56.png,91,0.2725207847577869,0.2725207847577869
G2,W0028F0002T0006Z000C1N56.png,92,0.0,0.0
G2,W0028F0002T0006Z000C1N56.png,93,0.2569350598886809,0.2569350598886809
G2,W0028F0002T0006Z000C1N56.png,94,0.36336104634371585,0.36336104634371585
G2,W0028F0002T0006Z000C1N56.png,95,0.0,0.0
G2,W0028F0002T0006Z000C1N56.png,96,0.05573704017131542,0.05573704017131542
G2,W0028F0002T0006Z000C1N56.png,97,0.17473473198680337,0.17473473198680337
G2,W0028F0002T0006Z000C1N56.png,98,0.325,0.325
G2,W0028F0002T0006Z000C1N56.png,99,0.0,0.0
G2,W0028F0002T0006Z000C1N56.png,100,0.1625,0.1625
G2,W0028F0002T0006Z000C1N56.png,101,0.1625,0.1625
G2,W0028F0002T0006Z000C1N56.png,102,0.1579216138187267,0.1579216138187267
G2,W0028F0002T0006Z000C1N56.png,103,0.325,0.325
G2,W0028F0002T0006Z000C1N56.png,104,0.22980970388562796,0.22980970388562796
G2,W0028F0002T0006Z000C1N56.png,105,0.27083333333333354,0.27083333333333354
G2,W0028F0002T0006Z000C1N56.png,106,0.7490879871550471,0.7490879871550471
G2,W0028F0002T0006Z000C1N56.png,107,0.0,0.0
G2,W0028F0002T0006Z000C1N56.png,108,0.0,0.0
G2,W0028F0002T0006Z000C1N56.png,109,0.9884489111734607,0.9884489111734607
G2,W0028F0002T0006Z000C1N56.png,110,0.11490485194281398,0.11490485194281398
G2,W0028F0002T0006Z000C1N56.png,111,0.06499999999999977,0.06499999999999977
G2,W0028F0002T0006Z000C1N56.png,112,0.09084026158592896,0.09084026158592896
G2,W0028F0002T0006Z000C1N56.png,113,0.05913143826976912,0.05913143826976912
G2,W0028F0002T0006Z000C1N56.png,114,0.0,0.0
G2,W0028F0002T0006Z000C1N56.png,115,0.33500233208143493,0.33500233208143493
G2,W0028F0002T0006Z000C1N56.png,116,0.3447145558284419,0.3447145558284419
G2,W0028F0002T0006Z000C1N56.png,117,0.22980970388562796,0.22980970388562796
G2,W0028F0002T0006Z000C1N56.png,118,0.0905682817692651,0.0905682817692651
G2,W0028F0002T0006Z000C1N56.png,119,0.36336104634371585,0.36336104634371585
G2,W0028F0002T0006Z000C1N56.png,120,0.22980970388562796,0.22980970388562796
G2,W0028F0002T0006Z000C1N56.png,121,0.0,0.0
G2,W0028F0002T0006Z000C1N56.png,122,0.49422445558673034,0.49422445558673034
G2,W0028F0002T0006Z000C1N56.png,123,0.6700046641628699,0.6700046641628699
G2,W0028F0002T0006Z000C1N56.png,124,0.0,0.0
G2,W0028F0002T0006Z000C1N56.png,125,0.48750000000000004,0.48750000000000004
G2,W0028F0002T0006Z000C1N56.png,126,0.0,0.0
G2,W0028F0002T0006Z000C1N56.png,127,0.22980970388562796,0.22980970388562796
G2,W0028F0002T0006Z000C1N56.png,128,0.1625,0.1625
G2,W0028F0002T0006Z000C1N56.png,129,0.5138701197773617,0.5138701197773617
G2,W0028F0002T0006Z000C1N56.png,130,0.6700046641628699,0.6700046641628699
G2,W0028F0002T0006Z000C1N56.png,131,0.48750000000000004,0.48750000000000004
G2,W0028F0002T0006Z000C1N56.png,132,0.36336104634371585,0.36336104634371585
G2,W0028F0002T0006Z000C1N56.png,133,0.0,0.0
G2,W0028F0002T0006Z000C1N56.png,134,0.5138701197773617,0.5138701197773617
G2,W0028F0002T0006Z000C1N56.png,135,0.36336104634371585,0.36336104634371585
G2,W0028F0002T0006Z000C1N56.png,136,0.1625,0.1625
G2,W0028F0002T0006Z000C1N56.png,137,0.9475296829123614,0.9475296829123614
G2,W0028F0002T0006Z000C1N56.png,138,0.3294829703911536,0.3294829703911536
G2,W0028F0002T0006Z000C1N56.png,139,0.0,0.0
G2,W0028F0002T0006Z000C1N56.png,140,0.1625,0.1625
G2,W0028F0002T0006Z000C1N56.png,141,0.65,0.65
G2,W0028F0002T0006Z000C1N56.png,142,0.7267220926874317,0.7267220926874317
G2,W0028F0002T0006Z000C1N56.png,143,0.325,0.325
G2,W0028F0002T0006Z000C1N56.png,144,0.0,0.0
G2,W0028F0002T0006Z000C1N56.png,145,0.07267220926874317,0.07267220926874317
G2,W0028F0002T0006Z000C1N56.png,146,0.11490485194281398,0.11490485194281398
G2,W0028F0002T0006Z000C1N56.png,147,0.8285906709588275,0.8285906709588275
G2,W0028F0002T0006Z000C1N56.png,148,1.0277402395547235,1.0277402395547235
G2,W0028F0002T0006Z000C1N56.png,149,0.6700046641628699,0.6700046641628699
G2,W0028F0002T0006Z000C1N56.png,150,0.1625,0.1625
G2,W0028F0002T0006Z000C1N56.png,151,0.08125,0.08125
G2,W0028F0002T0006Z000C1N56.png,152,0.0,0.0
G2,W0028F0002T0006Z000C1N56.png,153,0.20891791262329823,0.20891791262329823
G2,W0028F0002T0006Z000C1N56.png,154,0.04596194077712625,0.04596194077712625
G2,W0028F0002T0006Z000C1N56.png,155,0.325,0.325
G2,W0028F0002T0006Z000C1N56.png,156,0.0705475671339248,0.0705475671339248
G2,W0028F0002T0006Z000C1N56.png,157,0.45961940777125593,0.45961940777125593
G2,W0028F0002T0006Z000C1N56.png,158,0.2569350598886809,0.2569350598886809
G2,W0028F0002T0006Z000C1N56.png,159,0.08125,0.08125
G2,W0028F0002T0006Z000C1N56.png,160,0.1625,0.1625
G2,W0028F0002T0006Z000C1N56.png,161,0.22980970388562796,0.22980970388562796
G2,W0028F0002T0006Z000C1N56.png,162,0.0,0.0
G2,W0028F0002T0006Z000C1N56.png,163,0.0,0.0
G2,W0028F0002T0006Z000C1N56.png,164,0.0,0.0
G2,W0028F0002T0006Z000C1N56.png,165,0.0895405512652548,0.0895405512652548
G2,W0028F0002T0006Z000C1N56.png,166,0.0,0.0
G2,W0028F0002T0006Z000C1N56.png,167,0.0,0.0
G2,W0028F0002T0006Z000C1N56.png,168,0.0,0.0
G2,W0028F0002T0006Z000C1N56.png,169,0.22980970388562796,0.22980970388562796
G2,W0028F0002T0006Z000C1N56.png,170,0.5138701197773617,0.5138701197773617
G2,W0028F0002T0006Z000C1N56.png,171,0.0,0.0
G2,W0028F0002T0006Z000C1N56.png,172,0.325,0.325
G2,W0028F0002T0006Z000C1N56.png,173,0.36336104634371585,0.36336104634371585
G2,W0028F0002T0006Z000C1N56.png,174,0.4737648414561807,0.4737648414561807
G2,W0028F0002T0006Z000C1N56.png,175,0.45961940777125593,0.45961940777125593
G2,W0028F0002T0006Z000C1N56.png,176,0.060560174390619476,0.060560174390619476
G2,W0028F0002T0006Z000C1N56.png,177,0.08125,0.08125
G2,W0028F0002T0006Z000C1N56.png,178,0.12999999999999953,0.12999999999999953
G2,W0028F0002T0006Z000C1N56.png,179,0.08125,0.08125
G2,W0028F0002T0006Z000C1N56.png,180,0.08125,0.08125
G2,W0028F0002T0006Z000C1N56.png,181,0.0,0.0
G2,W0028F0002T0006Z000C1N56.png,182,0.0,0.0
G2,W0028F0002T0006Z000C1N56.png,183,0.0,0.0
G2,W0028F0002T0006Z000C1N56.png,184,0.49422445558673034,0.49422445558673034
G2,W0028F0002T0006Z000C1N56.png,185,0.48750000000000004,0.48750000000000004
G2,W0028F0002T0006Z000C1N56.png,186,0.0,0.0
G2,W0028F0002T0006Z000C1N56.png,187,0.08125,0.08125
G2,W0028F0002T0006Z000C1N56.png,188,0.0,0.0
G2,W0028F0002T0006Z000C1N56.png,189,0.08125,0.08125
G2,W0028F0002T0006Z000C1N56.png,190,0.0541666666666659,0.0541666666666659
G2,W0028F0002T0006Z000C1N56.png,191,0.36336104634371585,0.36336104634371585
G2,W0028F0002T0006Z000C1N56.png,192,0.36336104634371585,0.36336104634371585
G2,W0028F0002T0006Z000C1N56.png,193,0.0,0.0
G2,W0028F0002T0006Z000C1N56.png,194,0.1625,0.1625
G2,W0028F0002T0006Z000C1N56.png,195,0.22980970388562796,0.22980970388562796
G2,W0028F0002T0006Z000C1N56.png,196,0.22980970388562796,0.22980970388562796
G2,W0028F0002T0006Z000C1N56.png,197,0.11490485194281398,0.11490485194281398
G2,W0028F0002T0006Z000C1N56.png,198,0.0,0.0
G2,W0028F0002T0006Z000C1N56.png,199,0.0,0.0
G2,W0028F0002T0006Z000C1N56.png,200,0.1083333333333341,0.1083333333333341
G2,W0028F0002T0006Z000C1N56.png,201,0.1625,0.1625
G2,W0028F0002T0006Z000C1N56.png,202,0.1625,0.1625
G2,W0028F0002T0006Z000C1N56.png,203,0.36336104634371585,0.36336104634371585
G2,W0028F0002T0006Z000C1N56.png,204,0.06450073937700347,0.06450073937700347
G2,W0028F0002T0006Z000C1N56.png,205,0.5138701197773617,0.5138701197773617
G2,W0028F0002T0006Z000C1N56.png,206,0.36336104634371585,0.36336104634371585
G2,W0028F0002T0006Z000C1N56.png,207,0.0,0.0
G2,W0028F0002T0006Z000C1N56.png,208,0.22980970388562796,0.22980970388562796
G2,W0028F0002T0006Z000C1N56.png,209,0.0,0.0
G2,W0028F0002T0006Z000C1N56.png,210,0.19530069408763254,0.19530069408763254
G2,W0028F0002T0006Z000C1N56.png,211,0.0,0.0
G2,W0028F0002T0006Z000C1N56.png,212,0.11490485194281398,0.11490485194281398
G2,W0028F0002T0006Z000C1N56.png,213,0.07291483512928233,0.07291483512928233
G2,W0028F0002T0006Z000C1N56.png,214,0.0,0.0
G2,W0028F0002T0006Z000C1N56.png,215,0.08125,0.08125
G2,W0028F0002T0006Z000C1N56.png,216,0.1625,0.1625
G2,W0028F0002T0006Z000C1N56.png,217,0.22980970388562796,0.22980970388562796
G2,W0028F0002T0006Z000C1N56.png,218,0.36336104634371585,0.36336104634371585
G2,W0028F0002T0006Z000C1N56.png,219,0.2569350598886809,0.2569350598886809
G2,W0028F0002T0006Z000C1N56.png,220,0.325,0.325
G2,W0028F0002T0006Z000C1N56.png,221,0.0,0.0
G2,W0028F0002T0006Z000C1N56.png,222,0.0,0.0
G2,W0028F0002T0006Z000C1N56.png,223,0.06056017439061896,0.06056017439061896
G2,W0028F0002T0006Z000C1N56.png,224,0.0,0.0
G2,W0028F0002T0006Z000C1N56.png,225,0.0,0.0
G2,W0028F0002T0006Z000C1N56.png,226,0.0,0.0
G2,W0028F0002T0006Z000C1N56.png,227,0.0,0.0
G2,W0028F0002T0006Z000C1N56.png,228,0.45961940777125593,0.45961940777125593
G2,W0028F0002T0006Z000C1N56.png,229,0.0,0.0
G2,W0028F0002T0006Z000C1N56.png,230,0.18168052317185793,0.18168052317185793
G2,W0028F0002T0006Z000C1N56.png,231,0.2569350598886809,0.2569350598886809
G2,W0028F0002T0006Z000C1N56.png,232,0.1625,0.1625
G2,W0028F0002T0006Z000C1N56.png,233,0.0,0.0
G2,W0028F0002T0006Z000C1N56.png,234,0.12846752994434044,0.12846752994434044
G2,W0028F0002T0006Z000C1N56.png,235,0.08375058302035873,0.08375058302035873
G2,W0028F0002T0006Z000C1N56.png,236,0.8750892811593569,0.8750892811593569
G2,W0028F0002T0006Z000C1N56.png,237,0.6700046641628699,0.6700046641628699
G2,W0028F0002T0006Z000C1N56.png,238,0.0,0.0
G2,W0028F0002T0006Z000C1N56.png,239,0.36336104634371585,0.36336104634371585
G2,W0028F0002T0006Z000C1N56.png,240,0.45961940777125593,0.45961940777125593
G2,W0028F0002T0006Z000C1N56.png,241,0.08125,0.08125
G2,W0028F0002T0006Z000C1N56.png,242,0.11718041645257876,0.11718041645257876
G2,W0028F0002T0006Z000C1N56.png,243,0.3447145558284419,0.3447145558284419
G2,W0028F0002T0006Z000C1N56.png,244,0.1625,0.1625
G2,W0028F0002T0006Z000C1N56.png,245,0.36336104634371585,0.36336104634371585
G2,W0028F0002T0006Z000C1N56.png,246,0.0,0.0
G2,W0028F0002T0006Z000C1N56.png,247,0.0,0.0
G2,W0028F0002T0006Z000C1N56.png,248,0.48750000000000004,0.48750000000000004
G2,W0028F0002T0006Z000C1N56.png,249,0.0,0.0
G2,W0028F0002T0006Z000C1N56.png,250,0.5443682628107148,0.5443682628107148
G2,W0028F0002T0006Z000C1N56.png,251,0.22980970388562796,0.22980970388562796
G2,W0028F0002T0006Z000C1N56.png,252,0.11490485194281398,0.11490485194281398
G2,W0028F0002T0006Z000C1N56.png,253,0.10080103009705943,0.10080103009705943
G2,W0028F0002T0006Z000C1N56.png,254,0.0,0.0
G2,W0028F0002T0006Z000C1N56.png,255,0.0,0.0
G2,W0028F0002T0006Z000C1N56.png,256,0.45961940777125593,0.45961940777125593
G2,W0028F0002T0006Z000C1N56.png,257,0.07497761710274774,0.07497761710274774
G2,W0028F0002T0006Z000C1N56.png,258,0.6700046641628699,0.6700046641628699
G2,W0028F0002T0006Z000C1N56.png,259,0.36336104634371585,0.36336104634371585
G2,W0028F0002T0006Z000C1N56.png,260,0.36336104634371585,0.36336104634371585
G2,W0028F0002T0006Z000C1N56.png,261,0.0,0.0
G2,W0028F0002T0006Z000C1N56.png,262,0.36336104634371585,0.36336104634371585
G2,W0028F0002T0006Z000C1N56.png,263,0.36336104634371585,0.36336104634371585
G2,W0028F0002T0006Z000C1N56.png,264,0.5859020822628983,0.5859020822628983
G2,W0028F0002T0006Z000C1N56.png,265,0.1625,0.1625
G2,W0028F0002T0006Z000C1N56.png,266,0.48750000000000004,0.48750000000000004
G2,W0028F0002T0006Z000C1N56.png,267,0.03559659357256093,0.03559659357256093
G2,W0028F0002T0006Z000C1N56.png,268,0.1625,0.1625
G2,W0028F0002T0006Z000C1N56.png,269,0.22980970388562796,0.22980970388562796
G2,W0028F0002T0006Z000C1N56.png,270,0.325,0.325
G2,W0028F0002T0006Z000C1N56.png,271,0.18168052317185793,0.18168052317185793
G2,W0028F0002T0006Z000C1N56.png,272,0.48750000000000004,0.48750000000000004
G2,W0028F0002T0006Z000C1N56.png,273,0.36336104634371585,0.36336104634371585
G2,W0028F0002T0006Z000C1N56.png,274,0.0,0.0
G2,W0028F0002T0006Z000C1N56.png,275,0.9750000000000001,0.9750000000000001
G2,W0028F0002T0006Z000C1N56.png,276,0.5138701197773617,0.5138701197773617
G2,W0028F0002T0006Z000C1N56.png,277,0.36336104634371585,0.36336104634371585
G2,W0028F0002T0006Z000C1N56.png,278,0.5138701197773617,0.5138701197773617
G2,W0028F0002T0006Z000C1N56.png,279,0.5138701197773617,0.5138701197773617
G2,W0028F0002T0006Z000C1N56.png,280,0.40625,0.40625
G2,W0028F0002T0006Z000C1N56.png,281,0.0,0.0
G2,W0028F0002T0006Z000C1N56.png,282,0.1625,0.1625
G2,W0028F0002T0006Z000C1N56.png,283,0.325,0.325
G2,W0028F0002T0006Z000C1N56.png,284,0.0,0.0
G2,W0028F0002T0006Z000C1N56.png,285,0.48750000000000004,0.48750000000000004
G2,W0028F0002T0006Z000C1N56.png,286,0.12112034878123948,0.12112034878123948
G2,W0028F0002T0006Z000C1N56.png,287,0.11419335995052586,0.11419335995052586
G2,W0028F0002T0006Z000C1N56.png,288,0.5859020822628983,0.5859020822628983
G2,W0028F0002T0006Z000C1N56.png,289,0.0,0.0
G2,W0028F0002T0006Z000C1N56.png,290,0.0,0.0
G2,W0028F0002T0006Z000C1N56.png,291,0.36336104634371585,0.36336104634371585
G2,W0028F0002T0006Z000C1N56.png,292,0.22980970388562796,0.22980970388562796
G2,W0028F0002T0006Z000C1N56.png,293,0.1625,0.1625
G2,W0028F0002T0006Z000C1N56.png,294,0.65,0.65
G2,W0028F0002T0006Z000C1N56.png,295,0.325,0.325
G2,W0028F0002T0006Z000C1N56.png,296,0.22980970388562796,0.22980970388562796
G2,W0028F0002T0006Z000C1N56.png,297,0.5915089285040421,0.5915089285040421
G2,W0028F0002T0006Z000C1N56.png,298,0.0,0.0
G2,W0028F0002T0006Z000C1N56.png,299,0.1625,0.1625
G2,W0028F0002T0006Z000C1N56.png,300,0.22980970388562796,0.22980970388562796
G2,W0028F0002T0006Z000C1N56.png,301,0.1625,0.1625
G2,W0028F0002T0006Z000C1N56.png,302,0.36336104634371585,0.36336104634371585
G2,W0028F0002T0006Z000C1N56.png,303,0.9475296829123614,0.9475296829123614
G2,W0028F0002T0006Z000C1N56.png,304,0.45961940777125593,0.45961940777125593
G2,W0028F0002T0006Z000C1N56.png,305,0.0,0.0
G2,W0028F0002T0006Z000C1N56.png,306,0.65,0.65
G2,W0028F0002T0006Z000C1N56.png,307,0.0,0.0
G2,W0028F0002T0006Z000C1N56.png,308,0.22980970388562796,0.22980970388562796
G2,W0028F0002T0006Z000C1N56.png,309,0.0,0.0
G2,W0028F0002T0006Z000C1N56.png,310,0.0,0.0
G2,W0028F0002T0006Z000C1N56.png,311,0.36336104634371585,0.36336104634371585
G2,W0028F0002T0006Z000C1N56.png,312,0.22980970388562796,0.22980970388562796
G2,W0028F0002T0006Z000C1N56.png,313,0.45961940777125593,0.45961940777125593
G2,W0028F0002T0006Z000C1N56.png,314,0.5138701197773617,0.5138701197773617
G2,W0028F0002T0006Z000C1N56.png,315,0.325,0.325
G2,W0028F0002T0006Z000C1N56.png,316,0.36336104634371585,0.36336104634371585
G2,W0028F0002T0006Z000C1N56.png,317,0.36336104634371585,0.36336104634371585
G2,W0028F0002T0006Z000C1N56.png,318,0.65,0.65
G2,W0028F0002T0006Z000C1N56.png,319,0.6700046641628699,0.6700046641628699
G2,W0028F0002T0006Z000C1N56.png,320,0.0,0.0
G2,W0028F0002T0006Z000C1N56.png,321,0.08125,0.08125
G2,W0028F0002T0006Z000C1N56.png,322,0.1625,0.1625
G2,W0028F0002T0006Z000C1N56.png,323,0.0,0.0
G2,W0028F0002T0006Z000C1N56.png,324,0.36336104634371585,0.36336104634371585
G2,W0028F0002T0006Z000C1N56.png,325,0.36336104634371585,0.36336104634371585
G2,W0028F0002T0006Z000C1N56.png,326,1.0900831390311476,1.0900831390311476
G2,W0028F0002T0006Z000C1N56.png,327,0.6700046641628699,0.6700046641628699
G2,W0028F0002T0006Z000C1N56.png,328,0.7267220926874317,0.7267220926874317
G2,W0028F0002T0006Z000C1N56.png,329,0.48750000000000004,0.48750000000000004
G2,W0028F0002T0006Z000C1N56.png,330,0.5138701197773617,0.5138701197773617
G2,W0028F0002T0006Z000C1N56.png,331,0.0,0.0
G2,W0028F0002T0006Z000C1N56.png,332,0.0,0.0
G2,W0028F0002T0006Z000C1N56.png,333,0.45961940777125593,0.45961940777125593
G2,W0028F0002T0006Z000C1N56.png,334,0.36336104634371585,0.36336104634371585
G2,W0028F0002T0006Z000C1N56.png,335,0.48750000000000004,0.48750000000000004
G2,W0028F0002T0006Z000C1N56.png,336,0.48750000000000004,0.48750000000000004
G2,W0028F0002T0006Z000C1N56.png,337,0.36336104634371585,0.36336104634371585
G2,W0028F0002T0006Z000C1N56.png,338,0.0,0.0
G2,W0028F0002T0006Z000C1N56.png,339,0.08125,0.08125
G2,W0028F0002T0006Z000C1N56.png,340,0.1625,0.1625
G2,W0028F0002T0006Z000C1N56.png,341,0.5859020822628983,0.5859020822628983
G2,W0028F0002T0006Z000C1N56.png,342,0.1625,0.1625
G2,W0028F0002T0006Z000C1N56.png,343,0.22980970388562796,0.22980970388562796
G2,W0028F0002T0006Z000C1N56.png,344,0.0,0.0
G2,W0028F0002T0006Z000C1N56.png,345,0.0,0.0
G2,W0028F0002T0006Z000C1N56.png,346,0.45961940777125593,0.45961940777125593
G2,W0028F0002T0006Z000C1N56.png,347,0.2569350598886809,0.2569350598886809
G2,W0028F0002T0006Z000C1N56.png,348,0.36336104634371585,0.36336104634371585
G2,W0028F0002T0006Z000C1N56.png,349,0.0,0.0
G2,W0028F0002T0006Z000C1N56.png,350,0.5138701197773617,0.5138701197773617
G2,W0028F0002T0006Z000C1N56.png,351,0.1625,0.1625
G2,W0028F0002T0006Z000C1N56.png,352,0.5138701197773617,0.5138701197773617
G2,W0028F0002T0006Z000C1N56.png,353,0.22980970388562796,0.22980970388562796
G2,W0028F0002T0006Z000C1N56.png,354,0.325,0.325
G2,W0028F0002T0006Z000C1N56.png,355,0.36336104634371585,0.36336104634371585
G2,W0028F0002T0006Z000C1N56.png,356,0.0,0.0
G2,W0028F0002T0006Z000C1N56.png,357,0.5138701197773617,0.5138701197773617
G2,W0028F0002T0006Z000C1N56.png,358,0.22980970388562796,0.22980970388562796
G2,W0028F0002T0006Z000C1N56.png,359,0.48750000000000004,0.48750000000000004
G2,W0028F0002T0006Z000C1N56.png,360,0.0,0.0
G2,W0028F0002T0006Z000C1N56.png,361,0.325,0.325
G2,W0028F0002T0006Z000C1N56.png,362,0.325,0.325
G2,W0028F0002T0006Z000C1N56.png,363,0.22980970388562796,0.22980970388562796
G2,W0028F0002T0006Z000C1N56.png,364,0.45961940777125593,0.45961940777125593
G2,W0028F0002T0006Z000C1N56.png,365,0.9884489111734607,0.9884489111734607
G2,W0028F0002T0006Z000C1N56.png,366,0.8125,0.8125
G2,W0028F0002T0006Z000C1N56.png,367,0.36336104634371585,0.36336104634371585
G2,W0028F0002T0006Z000C1N56.png,368,0.6894291116568838,0.6894291116568838
G2,W0028F0002T0006Z000C1N56.png,369,0.0,0.0
G2,W0028F0002T0006Z000C1N56.png,370,0.36336104634371585,0.36336104634371585
G2,W0028F0002T0006Z000C1N56.png,371,0.36336104634371585,0.36336104634371585
G2,W0028F0002T0006Z000C1N56.png,372,0.48750000000000004,0.48750000000000004
G2,W0028F0002T0006Z000C1N56.png,373,0.325,0.325
G2,W0028F0002T0006Z000C1N56.png,374,0.36336104634371585,0.36336104634371585
G2,W0028F0002T0006Z000C1N56.png,375,0.0,0.0
G2,W0028F0002T0006Z000C1N56.png,376,0.1625,0.1625
G2,W0028F0002T0006Z000C1N56.png,377,0.0,0.0
G2,W0028F0002T0006Z000C1N56.png,378,0.1625,0.1625
G2,W0028F0002T0006Z000C1N56.png,379,0.0,0.0
G2,W0028F0002T0006Z000C1N56.png,380,0.0,0.0
G2,W0028F0002T0006Z000C1N56.png,381,0.36336104634371585,0.36336104634371585
G2,W0028F0002T0006Z000C1N56.png,382,0.0,0.0
G2,W0028F0002T0006Z000C1N56.png,383,0.36336104634371585,0.36336104634371585
G2,W0028F0002T0006Z000C1N56.png,384,0.36336104634371585,0.36336104634371585
G2,W0028F0002T0006Z000C1N56.png,385,0.0,0.0
G2,W0028F0002T0006Z000C1N56.png,386,0.1625,0.1625
G2,W0028F0002T0006Z000C1N56.png,387,0.08125,0.08125
G2,W0028F0002T0006Z000C1N56.png,388,0.1625,0.1625
G2,W0028F0002T0006Z000C1N56.png,389,0.1625,0.1625
G2,W0028F0002T0006Z000C1N56.png,390,0.45961940777125593,0.45961940777125593
G2,W0028F0002T0006Z000C1N56.png,391,0.0,0.0
G2,W0028F0002T0006Z000C1N56.png,392,0.0,0.0
G2,W0028F0002T0006Z000C1N56.png,393,0.5450415695155738,0.5450415695155738
G2,W0028F0002T0006Z000C1N56.png,394,0.11490485194281398,0.11490485194281398
G2,W0028F0002T0006Z000C1N56.png,395,0.36336104634371585,0.36336104634371585
G2,W0028F0002T0006Z000C1N56.png,396,0.36336104634371585,0.36336104634371585
G2,W0028F0002T0006Z000C1N56.png,397,0.18168052317185793,0.18168052317185793
G2,W0028F0002T0006Z000C1N56.png,398,0.22980970388562796,0.22980970388562796
G2,W0028F0002T0006Z000C1N56.png,399,0.5138701197773617,0.5138701197773617
G2,W0028F0002T0006Z000C1N56.png,400,0.6700046641628699,0.6700046641628699
G2,W0028F0002T0006Z000C1N56.png,401,0.48750000000000004,0.48750000000000004
G2,W0028F0002T0006Z000C1N56.png,402,0.36336104634371585,0.36336104634371585
G2,W0028F0002T0006Z000C1N56.png,403,0.0,0.0
G2,W0028F0002T0006Z000C1N56.png,404,0.5138701197773617,0.5138701197773617
G2,W0028F0002T0006Z000C1N56.png,405,0.8285906709588275,0.8285906709588275
G2,W0028F0002T0006Z000C1N56.png,406,0.0,0.0
G2,W0028F0002T0006Z000C1N42.png,1,0.5859020822628983,0.5859020822628983
G2,W0028F0002T0006Z000C1N42.png,2,0.0,0.0
G2,W0028F0002T0006Z000C1N42.png,3,0.36336104634371585,0.36336104634371585
G2,W0028F0002T0006Z000C1N42.png,4,1.1375,1.1375
G2,W0028F0002T0006Z000C1N42.png,5,1.14904851942814,1.14904851942814
G2,W0028F0002T0006Z000C1N42.png,6,0.0,0.0
G2,W0028F0002T0006Z000C1N42.png,7,0.0,0.0
G2,W0028F0002T0006Z000C1N42.png,8,0.8125,0.8125
G2,W0028F0002T0006Z000C1N42.png,9,0.7729433396116432,0.7729433396116432
G2,W0028F0002T0006Z000C1N42.png,10,0.03024030902911848,0.03024030902911848
G2,W0028F0002T0006Z000C1N42.png,11,0.0,0.0
G2,W0028F0002T0006Z000C1N42.png,12,0.1625,0.1625
G2,W0028F0002T0006Z000C1N42.png,13,0.0,0.0
G2,W0028F0002T0006Z000C1N42.png,14,0.0,0.0
G2,W0028F0002T0006Z000C1N42.png,15,0.36336104634371585,0.36336104634371585
G2,W0028F0002T0006Z000C1N42.png,16,0.07323776028286229,0.07323776028286229
G2,W0028F0002T0006Z000C1N42.png,17,0.22980970388562796,0.22980970388562796
G2,W0028F0002T0006Z000C1N42.png,18,0.5859020822628983,0.5859020822628983
G2,W0028F0002T0006Z000C1N42.png,19,0.8750892811593569,0.8750892811593569
G2,W0028F0002T0006Z000C1N42.png,20,0.1625,0.1625
G2,W0028F0002T0006Z000C1N42.png,21,0.0,0.0
G2,W0028F0002T0006Z000C1N42.png,22,0.36336104634371585,0.36336104634371585
G2,W0028F0002T0006Z000C1N42.png,23,0.0,0.0
G2,W0028F0002T0006Z000C1N42.png,24,0.0,0.0
G2,W0028F0002T0006Z000C1N42.png,25,0.03575102586911971,0.03575102586911971
G2,W0028F0002T0006Z000C1N42.png,26,0.0,0.0
G2,W0028F0002T0006Z000C1N42.png,27,0.04875000000000012,0.04875000000000012
G2,W0028F0002T0006Z000C1N42.png,28,0.0,0.0
G2,W0028F0002T0006Z000C1N42.png,29,0.0,0.0
G2,W0028F0002T0006Z000C1N42.png,30,0.0,0.0
G2,W0028F0002T0006Z000C1N42.png,31,0.22980970388562796,0.22980970388562796
G2,W0028F0002T0006Z000C1N42.png,32,0.0,0.0
G2,W0028F0002T0006Z000C1N42.png,33,0.0,0.0
G2,W0028F0002T0006Z000C1N42.png,34,0.08932946480492947,0.08932946480492947
G2,W0028F0002T0006Z000C1N42.png,35,0.07312500000000047,0.07312500000000047
G2,W0028F0002T0006Z000C1N42.png,36,0.0,0.0
G2,W0028F0002T0006Z000C1N42.png,37,0.0,0.0
G2,W0028F0002T0006Z000C1N42.png,38,0.0541666666666659,0.0541666666666659
G2,W0028F0002T0006Z000C1N42.png,39,0.09084026158592896,0.09084026158592896
G2,W0028F0002T0006Z000C1N42.png,40,0.04596194077712625,0.04596194077712625
G2,W0028F0002T0006Z000C1N42.png,41,0.0,0.0
G2,W0028F0002T0006Z000C1N42.png,42,0.0,0.0
G2,W0028F0002T0006Z000C1N42.png,43,0.0,0.0
G2,W0028F0002T0006Z000C1N42.png,44,0.0,0.0
G2,W0028F0002T0006Z000C1N42.png,45,0.45961940777125593,0.45961940777125593
G2,W0028F0002T0006Z000C1N42.png,46,0.1625,0.1625
G2,W0028F0002T0006Z000C1N42.png,47,0.07267220926874317,0.07267220926874317
G2,W0028F0002T0006Z000C1N42.png,48,0.0,0.0
G2,W0028F0002T0006Z000C1N42.png,49,0.0,0.0
G2,W0028F0002T0006Z000C1N42.png,50,0.0,0.0
G2,W0028F0002T0006Z000C1N42.png,51,0.08785147837954117,0.08785147837954117
G2,W0028F0002T0006Z000C1N42.png,52,0.08125,0.08125
G2,W0028F0002T0006Z000C1N42.png,53,0.36336104634371585,0.36336104634371585
G2,W0028F0002T0006Z000C1N42.png,54,0.0,0.0
G2,W0028F0002T0006Z000C1N42.png,55,0.0,0.0
G2,W0028F0002T0006Z000C1N42.png,56,0.05416666666666705,0.05416666666666705
G2,W0028F0002T0006Z000C1N42.png,57,0.0,0.0
G2,W0028F0002T0006Z000C1N42.png,58,0.06510023136254514,0.06510023136254514
G2,W0028F0002T0006Z000C1N42.png,59,0.08125,0.08125
G2,W0028F0002T0006Z000C1N42.png,60,0.08125,0.08125
G2,W0028F0002T0006Z000C1N42.png,61,0.0,0.0
G2,W0028F0002T0006Z000C1N42.png,62,0.0,0.0
G2,W0028F0002T0006Z000C1N42.png,63,0.0,0.0
G2,W0028F0002T0006Z000C1N42.png,64,0.0,0.0
G2,W0028F0002T0006Z000C1N42.png,65,0.0,0.0
G2,W0028F0002T0006Z000C1N42.png,66,0.36336104634371585,0.36336104634371585
G2,W0028F0002T0006Z000C1N42.png,67,0.11490485194281398,0.11490485194281398
G2,W0028F0002T0006Z000C1N42.png,68,0.1625,0.1625
G2,W0028F0002T0006Z000C1N42.png,69,0.08369592536161265,0.08369592536161265
G2,W0028F0002T0006Z000C1N42.png,70,0.0,0.0
G2,W0028F0002T0006Z000C1N42.png,71,0.04414096250621332,0.04414096250621332
G2,W0028F0002T0006Z000C1N42.png,72,0.08590679852537794,0.08590679852537794
G2,W0028F0002T0006Z000C1N42.png,73,0.0,0.0
G2,W0028F0002T0006Z000C1N42.png,74,0.0,0.0
G2,W0028F0002T0006Z000C1N42.png,75,0.08125,0.08125
G2,W0028F0002T0006Z000C1N42.png,76,0.0,0.0
G2,W0028F0002T0006Z000C1N42.png,77,0.1625,0.1625
G2,W0028F0002T0006Z000C1N42.png,78,0.0,0.0
G2,W0028F0002T0006Z000C1N42.png,79,0.06862166910318858,0.06862166910318858
G2,W0028F0002T0006Z000C1N42.png,80,0.07660323462854156,0.07660323462854156
G2,W0028F0002T0006Z000C1N42.png,81,0.22980970388562796,0.22980970388562796
G2,W0028F0002T0006Z000C1N42.png,82,0.040625,0.040625
G2,W0028F0002T0006Z000C1N42.png,83,0.07267220926874421,0.07267220926874421
G2,W0028F0002T0006Z000C1N42.png,84,0.0,0.0
G2,W0028F0002T0006Z000C1N42.png,85,1.1633229613912037,1.1633229613912037
G2,W0028F0002T0006Z000C1N42.png,86,0.0,0.0
G2,W0028F0002T0006Z000C1N42.png,87,0.0,0.0
G2,W0028F0002T0006Z000C1N42.png,88,0.0,0.0
G2,W0028F0002T0006Z000C1N42.png,89,0.06080990812801874,0.06080990812801874
G2,W0028F0002T0006Z000C1N42.png,90,0.025534411542848273,0.025534411542848273
G2,W0028F0002T0006Z000C1N42.png,91,0.36336104634371585,0.36336104634371585
G2,W0028F0002T0006Z000C1N42.png,92,0.6700046641628699,0.6700046641628699
G2,W0028F0002T0006Z000C1N42.png,93,0.0,0.0
G2,W0028F0002T0006Z000C1N42.png,94,0.0,0.0
G2,W0028F0002T0006Z000C1N42.png,95,0.0,0.0
G2,W0028F0002T0006Z000C1N42.png,96,0.08277871578534411,0.08277871578534411
G2,W0028F0002T0006Z000C1N42.png,97,0.0,0.0
G2,W0028F0002T0006Z000C1N42.png,98,0.08125,0.08125
G2,W0028F0002T0006Z000C1N42.png,99,0.0,0.0
G2,W0028F0002T0006Z000C1N42.png,100,0.0,0.0
G2,W0028F0002T0006Z000C1N42.png,101,0.0,0.0
G2,W0028F0002T0006Z000C1N42.png,102,0.0,0.0
G2,W0028F0002T0006Z000C1N42.png,103,0.0,0.0
G2,W0028F0002T0006Z000C1N42.png,104,0.0,0.0
G2,W0028F0002T0006Z000C1N42.png,105,0.0,0.0
G2,W0028F0002T0006Z000C1N42.png,106,0.0,0.0
G2,W0028F0002T0006Z000C1N42.png,107,0.14189702472215468,0.14189702472215468
G2,W0028F0002T0006Z000C1N42.png,108,0.0541666666666659,0.0541666666666659
G2,W0028F0002T0006Z000C1N42.png,109,0.0,0.0
G2,W0028F0002T0006Z000C1N42.png,110,0.07279783115899223,0.07279783115899223
G2,W0028F0002T0006Z000C1N42.png,111,0.11490485194281398,0.11490485194281398
G2,W0028F0002T0006Z000C1N42.png,112,0.0,0.0
G2,W0028F0002T0006Z000C1N42.png,113,0.0,0.0
G2,W0028F0002T0006Z000C1N42.png,114,0.08125,0.08125
G2,W0028F0002T0006Z000C1N42.png,115,0.0,0.0
G2,W0028F0002T0006Z000C1N42.png,116,0.0,0.0
G2,W0028F0002T0006Z000C1N42.png,117,0.08125,0.08125
G2,W0028F0002T0006Z000C1N42.png,118,0.0,0.0
G2,W0028F0002T0006Z000C1N42.png,119,0.0,0.0
G2,W0028F0002T0006Z000C1N42.png,120,0.0,0.0
G2,W0028F0002T0006Z000C1N42.png,121,0.027083333333334104,0.027083333333334104
G2,W0028F0002T0006Z000C1N42.png,122,0.0,0.0
G2,W0028F0002T0006Z000C1N42.png,123,0.0,0.0
G2,W0028F0002T0006Z000C1N42.png,124,0.0,0.0
G2,W0028F0002T0006Z000C1N42.png,125,0.07660323462854156,0.07660323462854156
G2,W0028F0002T0006Z000C1N42.png,126,0.5138701197773617,0.5138701197773617
G2,W0028F0002T0006Z000C1N42.png,127,0.0,0.0
G2,W0028F0002T0006Z000C1N42.png,128,0.10509157910062904,0.10509157910062904
G2,W0028F0002T0006Z000C1N42.png,129,0.22980970388562796,0.22980970388562796
G2,W0028F0002T0006Z000C1N42.png,130,0.07341001711105177,0.07341001711105177
G2,W0028F0002T0006Z000C1N42.png,131,0.0,0.0
G2,W0028F0002T0006Z000C1N42.png,132,0.0,0.0
G2,W0028F0002T0006Z000C1N42.png,133,0.03823529411764692,0.03823529411764692
G2,W0028F0002T0006Z000C1N42.png,134,0.0,0.0
G2,W0028F0002T0006Z000C1N42.png,135,0.0,0.0
G2,W0028F0002T0006Z000C1N42.png,136,0.0,0.0
G2,W0028F0002T0006Z000C1N42.png,137,0.0,0.0
G2,W0028F0002T0006Z000C1N42.png,138,0.22980970388562796,0.22980970388562796
G2,W0028F0002T0006Z000C1N42.png,139,0.0,0.0
G2,W0028F0002T0006Z000C1N42.png,140,0.0,0.0
G2,W0028F0002T0006Z000C1N42.png,141,0.07181553246425874,0.07181553246425874
G2,W0028F0002T0006Z000C1N42.png,142,0.0,0.0
G2,W0028F0002T0006Z000C1N42.png,143,0.0,0.0
G2,W0028F0002T0006Z000C1N42.png,144,0.07621139965675372,0.07621139965675372
G2,W0028F0002T0006Z000C1N42.png,145,0.1171804164525794,0.1171804164525794
G2,W0028F0002T0006Z000C1N42.png,146,0.9263925328930496,0.9263925328930496
G2,W0028F0002T0006Z000C1N42.png,147,0.5859020822628983,0.5859020822628983
G2,W0028F0002T0006Z000C1N42.png,148,0.325,0.325
G2,W0028F0002T0006Z000C1N42.png,149,0.06770833333333295,0.06770833333333295
G2,W0028F0002T0006Z000C1N42.png,150,0.1625,0.1625
G2,W0028F0002T0006Z000C1N42.png,151,0.0,0.0
G2,W0028F0002T0006Z000C1N42.png,152,0.17235727791422095,0.17235727791422095
G2,W0028F0002T0006Z000C1N42.png,153,0.0,0.0
G2,W0028F0002T0006Z000C1N42.png,154,0.0,0.0
G2,W0028F0002T0006Z000C1N42.png,155,0.1625,0.1625
G2,W0028F0002T0006Z000C1N42.png,156,0.0,0.0
G2,W0028F0002T0006Z000C1N42.png,157,0.36336104634371585,0.36336104634371585
G2,W0028F0002T0006Z000C1N42.png,158,0.05416666666666821,0.05416666666666821
G2,W0028F0002T0006Z000C1N42.png,159,0.325,0.325
G2,W0028F0002T0006Z000C1N42.png,160,0.0766032346285432,0.0766032346285432
G2,W0028F0002T0006Z000C1N42.png,161,0.0,0.0
G2,W0028F0002T0006Z000C1N42.png,162,0.1625,0.1625
G2,W0028F0002T0006Z000C1N42.png,163,0.40625,0.40625
G2,W0028F0002T0006Z000C1N42.png,164,0.14647552056572458,0.14647552056572458
G2,W0028F0002T0006Z000C1N42.png,165,0.0,0.0
G2,W0028F0002T0006Z000C1N42.png,166,0.0,0.0
G2,W0028F0002T0006Z000C1N42.png,167,0.0,0.0
G2,W0028F0002T0006Z000C1N42.png,168,0.0,0.0
G2,W0028F0002T0006Z000C1N42.png,169,0.5138701197773617,0.5138701197773617
G2,W0028F0002T0006Z000C1N42.png,170,0.0,0.0
G2,W0028F0002T0006Z000C1N42.png,171,0.0,0.0
G2,W0028F0002T0006Z000C1N42.png,172,0.36336104634371585,0.36336104634371585
G2,W0028F0002T0006Z000C1N42.png,173,0.11490485194281398,0.11490485194281398
G2,W0028F0002T0006Z000C1N42.png,174,0.0,0.0
G2,W0028F0002T0006Z000C1N42.png,175,0.0,0.0
G2,W0028F0002T0006Z000C1N42.png,176,0.07267220926874317,0.07267220926874317
G2,W0028F0002T0006Z000C1N42.png,177,0.14577379737113239,0.14577379737113239
G2,W0028F0002T0006Z000C1N42.png,178,0.36336104634371585,0.36336104634371585
G2,W0028F0002T0006Z000C1N42.png,179,0.0,0.0
G2,W0028F0002T0006Z000C1N42.png,180,0.0,0.0
G2,W0028F0003T0006Z000C1N44.png,1,0.040625,0.040625
G2,W0028F0003T0006Z000C1N44.png,2,0.10277402395547144,0.10277402395547144
G2,W0028F0003T0006Z000C1N44.png,3,0.18168052317185793,0.18168052317185793
G2,W0028F0003T0006Z000C1N44.png,4,0.0383016173142719,0.0383016173142719
G2,W0028F0003T0006Z000C1N44.png,5,0.08125,0.08125
G2,W0028F0003T0006Z000C1N44.png,6,0.08125,0.08125
G2,W0028F0003T0006Z000C1N44.png,7,0.11490485194281398,0.11490485194281398
G2,W0028F0003T0006Z000C1N44.png,8,0.09558823529411824,0.09558823529411824
G2,W0028F0003T0006Z000C1N44.png,9,0.05922060518202259,0.05922060518202259
G2,W0028F0003T0006Z000C1N44.png,10,0.09445548988365443,0.09445548988365443
G2,W0028F0003T0006Z000C1N44.png,11,0.04642857142857242,0.04642857142857242
G2,W0028F0003T0006Z000C1N44.png,12,0.08125,0.08125
G2,W0028F0003T0006Z000C1N44.png,13,0.061090225563909764,0.061090225563909764
G2,W0028F0003T0006Z000C1N44.png,14,0.08125,0.08125
G2,W0028F0003T0006Z000C1N44.png,15,0.2102483981892492,0.2102483981892492
G2,W0028F0003T0006Z000C1N44.png,16,0.04542013079296448,0.04542013079296448
G2,W0028F0003T0006Z000C1N44.png,17,0.12112034878123948,0.12112034878123948
G2,W0028F0003T0006Z000C1N44.png,18,0.09459160805298543,0.09459160805298543
G2,W0028F0003T0006Z000C1N44.png,19,0.07660323462854238,0.07660323462854238
G2,W0028F0003T0006Z000C1N44.png,20,0.028017241379309787,0.028017241379309787
G2,W0028F0003T0006Z000C1N44.png,21,0.06510023136254514,0.06510023136254514
G2,W0028F0003T0006Z000C1N44.png,22,0.0,0.0
G2,W0028F0003T0006Z000C1N44.png,23,0.0,0.0
G2,W0028F0003T0006Z000C1N44.png,24,0.0,0.0
G2,W0028F0003T0006Z000C1N44.png,25,0.08750892811593587,0.08750892811593587
G2,W0028F0003T0006Z000C1N44.png,26,0.0,0.0
G2,W0028F0003T0006Z000C1N44.png,27,0.05190872090624468,0.05190872090624468
G2,W0028F0003T0006Z000C1N44.png,28,0.8683577251852418,0.8683577251852418
G2,W0028F0003T0006Z000C1N44.png,29,0.10439817302930117,0.10439817302930117
G2,W0028F0003T0006Z000C1N44.png,30,0.05816614806955938,0.05816614806955938
G2,W0028F0003T0006Z000C1N44.png,31,0.04986998331117635,0.04986998331117635
G2,W0028F0003T0006Z000C1N44.png,32,0.0,0.0
G2,W0028F0003T0006Z000C1N44.png,33,0.11490485194281398,0.11490485194281398
G2,W0028F0003T0006Z000C1N44.png,34,0.04577323378134129,0.04577323378134129
G2,W0028F0003T0006Z000C1N44.png,35,0.07660323462854238,0.07660323462854238
G2,W0028F0003T0006Z000C1N44.png,36,0.08125,0.08125
G2,W0028F0003T0006Z000C1N44.png,37,0.04642857142857242,0.04642857142857242
G2,W0028F0003T0006Z000C1N44.png,38,0.07886785713387287,0.07886785713387287
G2,W0028F0003T0006Z000C1N44.png,39,0.0,0.0
G2,W0028F0003T0006Z000C1N44.png,40,0.06786199230791858,0.06786199230791858
G2,W0028F0003T0006Z000C1N44.png,41,0.07386363636363523,0.07386363636363523
G2,W0028F0003T0006Z000C1N44.png,42,0.04642857142857242,0.04642857142857242
G2,W0028F0003T0006Z000C1N44.png,43,0.08125,0.08125
G2,W0028F0003T0006Z000C1N44.png,44,0.07341001711105177,0.07341001711105177
G2,W0028F0003T0006Z000C1N44.png,45,0.0,0.0
G2,W0028F0003T0006Z000C1N44.png,46,0.0,0.0
G2,W0028F0003T0006Z000C1N44.png,47,0.0,0.0
G2,W0028F0003T0006Z000C1N44.png,48,0.04671546543430475,0.04671546543430475
G2,W0028F0003T0006Z000C1N44.png,49,0.18556420991960226,0.18556420991960226
G2,W0028F0003T0006Z000C1N44.png,50,0.08125,0.08125
G2,W0028F0003T0006Z000C1N44.png,51,0.06090951492389675,0.06090951492389675
G2,W0028F0003T0006Z000C1N44.png,52,0.04642857142857242,0.04642857142857242
G2,W0028F0003T0006Z000C1N44.png,53,0.06964285714285748,0.06964285714285748
G2,W0028F0003T0006Z000C1N44.png,54,0.08074689918749264,0.08074689918749264
G2,W0028F0003T0006Z000C1N44.png,55,0.11490485194281398,0.11490485194281398
G2,W0028F0003T0006Z000C1N44.png,56,0.08125,0.08125
G2,W0028F0003T0006Z000C1N44.png,57,0.027083333333331794,0.027083333333331794
G2,W0028F0003T0006Z000C1N45.png,1,0.06964285714285748,0.06964285714285748
G2,W0028F0003T0006Z000C1N45.png,2,0.0,0.0
G2,W0028F0003T0006Z000C1N45.png,3,0.0,0.0
G2,W0028F0003T0006Z000C1N45.png,4,0.36336104634371585,0.36336104634371585
G2,W0028F0003T0006Z000C1N45.png,5,0.1625,0.1625
G2,W0028F0003T0006Z000C1N45.png,6,0.0,0.0
G2,W0028F0003T0006Z000C1N45.png,7,0.07660323462854238,0.07660323462854238
G2,W0028F0003T0006Z000C1N45.png,8,0.0,0.0
G2,W0028F0003T0006Z000C1N45.png,9,0.040625,0.040625
G2,W0028F0003T0006Z000C1N45.png,10,0.08564501996289349,0.08564501996289349
G2,W0028F0003T0006Z000C1N45.png,11,0.0,0.0
G2,W0028F0003T0006Z000C1N45.png,12,0.08125,0.08125
G2,W0028F0003T0006Z000C1N45.png,13,0.08376455115105008,0.08376455115105008
G2,W0028F0003T0006Z000C1N45.png,14,0.032500000000000466,0.032500000000000466
G2,W0028F0003T0006Z000C1N45.png,15,0.0585902082262897,0.0585902082262897
G2,W0028F0003T0006Z000C1N45.png,16,2.459071216943503,2.459071216943503
G2,W0028F0003T0006Z000C1N45.png,17,0.0,0.0
G2,W0028F0003T0006Z000C1N45.png,18,1.825866660657344,1.825866660657344
G2,W0028F0003T0006Z000C1N45.png,19,0.08125,0.08125
G2,W0028F0003T0006Z000C1N45.png,20,0.0,0.0
G2,W0028F0003T0006Z000C1N45.png,21,0.11490485194281398,0.11490485194281398
G2,W0028F0003T0006Z000C1N45.png,22,0.0,0.0
G2,W0028F0003T0006Z000C1N45.png,23,0.0,0.0
G2,W0028F0003T0006Z000C1N45.png,24,0.0,0.0
G2,W0028F0003T0006Z000C1N45.png,25,0.0,0.0
G2,W0028F0003T0006Z000C1N45.png,26,1.3884006086140988,1.3884006086140988
G2,W0028F0003T0006Z000C1N45.png,27,0.0,0.0
G2,W0028F0003T0006Z000C1N45.png,28,0.9475296829123614,0.9475296829123614
G2,W0028F0003T0006Z000C1N45.png,29,0.05892341292060229,0.05892341292060229
G2,W0028F0003T0006Z000C1N45.png,30,0.298224273012591,0.298224273012591
G2,W0028F0003T0006Z000C1N45.png,31,0.08125,0.08125
G2,W0028F0003T0006Z000C1N45.png,32,0.0,0.0
G2,W0028F0003T0006Z000C1N45.png,33,0.08125,0.08125
G2,W0028F0003T0006Z000C1N45.png,34,0.08125,0.08125
G2,W0028F0003T0006Z000C1N45.png,35,0.0,0.0
G2,W0028F0003T0006Z000C1N45.png,36,0.11490485194281398,0.11490485194281398
G2,W0028F0003T0006Z000C1N45.png,37,0.04642857142857242,0.04642857142857242
G2,W0028F0003T0006Z000C1N45.png,38,0.07267220926874421,0.07267220926874421
G2,W0028F0003T0006Z000C1N45.png,39,0.08125,0.08125
G2,W0028F0003T0006Z000C1N45.png,40,0.07052680675398607,0.07052680675398607
G2,W0028F0003T0006Z000C1N45.png,41,0.6602821946187948,0.6602821946187948
G2,W0028F0003T0006Z000C1N45.png,42,0.08125000000000046,0.08125000000000046
G2,W0028F0003T0006Z000C1N45.png,43,0.07734769560643033,0.07734769560643033
G2,W0028F0003T0006Z000C1N45.png,44,0.0690492225799029,0.0690492225799029
G2,W0028F0003T0006Z000C1N45.png,45,0.08264855364819801,0.08264855364819801
G2,W0028F0003T0006Z000C1N45.png,46,0.09030088593142438,0.09030088593142438
G2,W0028F0003T0006Z000C1N45.png,47,0.07050919846304494,0.07050919846304494
G2,W0028F0003T0006Z000C1N45.png,48,0.06015815835789377,0.06015815835789377
G2,W0028F0003T0006Z000C1N45.png,49,0.03722248134238215,0.03722248134238215
G2,W0028F0003T0006Z000C1N45.png,50,0.09013878188659974,0.09013878188659974
G2,W0028F0003T0006Z000C1N45.png,51,0.060909514923899,0.060909514923899
G2,W0028F0003T0006Z000C1N45.png,52,0.08125,0.08125
G2,W0028F0001T0006Z000C1N26.png,1,0.08125,0.08125
G2,W0028F0001T0006Z000C1N26.png,2,0.08125,0.08125
G2,W0028F0001T0006Z000C1N26.png,3,0.09987839828734023,0.09987839828734023
G2,W0028F0001T0006Z000C1N26.png,4,0.08125,0.08125
G2,W0028F0001T0006Z000C1N26.png,5,1.6127664508539357,1.6127664508539357
G2,W0028F0001T0006Z000C1N26.png,6,0.09027777777777735,0.09027777777777735
G2,W0028F0001T0006Z000C1N26.png,7,0.0,0.0
G2,W0028F0001T0006Z000C1N26.png,8,0.06532419153728669,0.06532419153728669
G2,W0028F0001T0006Z000C1N26.png,9,0.030280087195309224,0.030280087195309224
G2,W0028F0001T0006Z000C1N26.png,10,0.32752922102462856,0.32752922102462856
G2,W0028F0001T0006Z000C1N26.png,11,0.0,0.0
G2,W0028F0001T0006Z000C1N26.png,12,0.08125,0.08125
G2,W0028F0001T0006Z000C1N26.png,13,0.08125,0.08125
G2,W0028F0001T0006Z000C1N26.png,14,0.11490485194281398,0.11490485194281398
G2,W0028F0001T0006Z000C1N26.png,15,0.06249999999999944,0.06249999999999944
G2,W0028F0001T0006Z000C1N26.png,16,0.025954360453122077,0.025954360453122077
G2,W0028F0001T0006Z000C1N26.png,17,0.07660323462854197,0.07660323462854197
G2,W0028F0001T0006Z000C1N26.png,18,0.05745242597140699,0.05745242597140699
G2,W0028F0001T0006Z000C1N26.png,19,0.03830161731427078,0.03830161731427078
G2,W0028F0001T0006Z000C1N26.png,20,0.040625,0.040625
G2,W0028F0001T0006Z000C1N26.png,21,0.040625,0.040625
G2,W0028F0001T0006Z000C1N26.png,22,0.11490485194281398,0.11490485194281398
G2,W0028F0001T0006Z000C1N26.png,23,0.11490485194281398,0.11490485194281398
G2,W0028F0001T0006Z000C1N26.png,24,0.08125,0.08125
G2,W0028F0001T0006Z000C1N26.png,25,0.11490485194281398,0.11490485194281398
G2,W0028F0001T0006Z000C1N26.png,26,0.0,0.0
G2,W0028F0001T0006Z000C1N26.png,27,0.08125,0.08125
G2,W0028F0001T0006Z000C1N26.png,28,0.08750892811593587,0.08750892811593587
G2,W0028F0001T0006Z000C1N26.png,29,0.49422445558673034,0.49422445558673034
G2,W0028F0001T0006Z000C1N26.png,30,0.04642857142857242,0.04642857142857242
G2,W0028F0001T0006Z000C1N26.png,31,0.08125,0.08125
G2,W0028F0001T0006Z000C1N26.png,32,0.0,0.0
G2,W0028F0001T0006Z000C1N26.png,33,0.0,0.0
G2,W0028F0001T0006Z000C1N26.png,34,0.0540728715025005,0.0540728715025005
G2,W0028F0001T0006Z000C1N26.png,35,0.08125,0.08125
G2,W0028F0001T0006Z000C1N26.png,36,0.09459160805298471,0.09459160805298471
G2,W0028F0001T0006Z000C1N26.png,37,0.08125,0.08125
G2,W0028F0001T0006Z000C1N26.png,38,0.04642857142857242,0.04642857142857242
G2,W0028F0001T0006Z000C1N26.png,39,0.11490485194281398,0.11490485194281398
G2,W0028F0001T0006Z000C1N26.png,40,0.0612825877028339,0.0612825877028339
G2,W0028F0001T0006Z000C1N26.png,41,0.0,0.0
G2,W0028F0001T0006Z000C1N26.png,42,0.08222810917026092,0.08222810917026092
G2,W0028F0001T0006Z000C1N26.png,43,0.0766032346285432,0.0766032346285432
G2,W0028F0001T0006Z000C1N26.png,44,0.11490485194281398,0.11490485194281398
G2,W0028F0001T0006Z000C1N26.png,45,0.08125,0.08125
G2,W0028F0001T0006Z000C1N26.png,46,0.09027777777777712,0.09027777777777712
G2,W0028F0001T0006Z000C1N26.png,47,0.0372224813423816,0.0372224813423816
G2,W0028F0001T0006Z000C1N26.png,48,0.07323776028286229,0.07323776028286229
G2,W0028F0001T0006Z000C1N26.png,49,0.08188230525615714,0.08188230525615714
G2,W0028F0001T0006Z000C1N26.png,50,0.040625,0.040625
G2,W0028F0001T0006Z000C1N26.png,51,1.027740239554723,1.027740239554723
G2,W0028F0001T0006Z000C1N26.png,52,0.08125,0.08125
G2,W0028F0001T0006Z000C1N26.png,53,0.0383016173142716,0.0383016173142716
G2,W0028F0001T0006Z000C1N26.png,54,0.11490485194281398,0.11490485194281398
G2,W0028F0001T0006Z000C1N26.png,55,0.05709667997526184,0.05709667997526184
G2,W0028F0001T0006Z000C1N26.png,56,0.05583372201357156,0.05583372201357156
G2,W0028F0001T0006Z000C1N26.png,57,0.19150808657135554,0.19150808657135554
G2,W0028F0001T0006Z000C1N26.png,58,0.040625,0.040625
G2,W0028F0001T0006Z000C1N26.png,59,0.06584224695489532,0.06584224695489532
G2,W0028F0001T0006Z000C1N26.png,60,0.06936717923885517,0.06936717923885517
G2,W0028F0001T0006Z000C1N26.png,61,0.07267220926874421,0.07267220926874421
G2,W0028F0001T0006Z000C1N26.png,62,0.05737279679111259,0.05737279679111259
G2,W0028F0001T0006Z000C1N26.png,63,0.03228940937959801,0.03228940937959801
G2,W0028F0001T0006Z000C1N26.png,64,0.05709667997526184,0.05709667997526184
G2,W0028F0001T0006Z000C1N26.png,65,0.0,0.0
G2,W0028F0001T0006Z000C1N26.png,66,0.06412253759006806,0.06412253759006806
G2,W0028F0001T0006Z000C1N26.png,67,0.08125,0.08125
G2,W0028F0001T0006Z000C1N26.png,68,0.2583753326074284,0.2583753326074284
G2,W0028F0001T0006Z000C1N26.png,69,0.48750000000000004,0.48750000000000004
G2,W0028F0001T0006Z000C1N26.png,70,0.07181553246425874,0.07181553246425874
G2,W0028F0001T0006Z000C1N26.png,71,1.1375,1.1375
G2,W0028F0001T0006Z000C1N26.png,72,0.0,0.0
G2,W0028F0001T0006Z000C1N26.png,73,0.04642857142857011,0.04642857142857011
G2,W0028F0001T0006Z000C1N26.png,74,0.22980970388562796,0.22980970388562796
G2,W0028F0001T0006Z000C1N26.png,75,0.08125,0.08125
G2,W0028F0001T0006Z000C1N26.png,76,0.07955357101448926,0.07955357101448926
G2,W0028F0001T0006Z000C1N26.png,77,0.08125,0.08125
G2,W0028F0001T0006Z000C1N26.png,78,0.053263825660264996,0.053263825660264996
G2,W0028F0001T0006Z000C1N26.png,79,0.06987712429686815,0.06987712429686815
G2,W0028F0001T0006Z000C1N26.png,80,0.04340015424169676,0.04340015424169676
G2,W0028F0001T0006Z000C1N26.png,81,0.03830161731427027,0.03830161731427027
G2,W0028F0001T0006Z000C1N26.png,82,0.060909514923899,0.060909514923899
G2,W0028F0001T0006Z000C1N26.png,83,0.0,0.0
G2,W0028F0001T0006Z000C1N26.png,84,0.08125,0.08125
G2,W0028F0001T0006Z000C1N26.png,85,0.05745242597140699,0.05745242597140699
G2,W0028F0001T0006Z000C1N26.png,86,0.05416666666666867,0.05416666666666867
G2,W0028F0003T0006Z000C1N6.png,1,0.025000000000001067,0.025000000000001067
G2,W0028F0003T0006Z000C1N6.png,2,0.02704579577775596,0.02704579577775596
G2,W0028F0003T0006Z000C1N6.png,3,0.06419410225460509,0.06419410225460509
G2,W0028F0003T0006Z000C1N6.png,4,0.025815790963988124,0.025815790963988124
G2,W0028F0003T0006Z000C1N6.png,5,0.03425800798515714,0.03425800798515714
G2,W0028F0003T0006Z000C1N6.png,6,0.07660323462854257,0.07660323462854257
G2,W0028F0003T0006Z000C1N6.png,7,0.4110960958218892,0.4110960958218892
G2,W0028F0003T0006Z000C1N6.png,8,0.0,0.0
G2,W0028F0003T0006Z000C1N6.png,9,0.0,0.0
G2,W0028F0003T0006Z000C1N6.png,10,0.16967659699983528,0.16967659699983528
G2,W0028F0003T0006Z000C1N6.png,11,0.09363599839438089,0.09363599839438089
G2,W0028F0003T0006Z000C1N6.png,12,0.053263825660263546,0.053263825660263546
G2,W0028F0003T0006Z000C1N6.png,13,0.07886785713387255,0.07886785713387255
G2,W0028F0003T0006Z000C1N6.png,14,0.0726722092687429,0.0726722092687429
G2,W0028F0003T0006Z000C1N6.png,15,0.6894291116568838,0.6894291116568838
G2,W0028F0003T0006Z000C1N6.png,16,1.2841042057057175,1.3279121561475535
G2,W0028F0003T0006Z000C1N6.png,17,0.897435582646465,0.897435582646465
G2,W0028F0003T0006Z000C1N6.png,18,0.5859020822628983,0.5859020822628983
G2,W0028F0003T0006Z000C1N6.png,19,0.05709667997526166,0.05709667997526166
G2,W0028F0003T0006Z000C1N6.png,20,0.0752599661174518,0.0752599661174518
G2,W0028F0003T0006Z000C1N6.png,21,0.0,0.0
G2,W0028F0003T0006Z000C1N6.png,22,0.08788531233943488,0.08788531233943488
G2,W0028F0003T0006Z000C1N6.png,23,2.055480479109447,2.055480479109447
G2,W0028F0003T0006Z000C1N6.png,24,0.08125,0.08125
G2,W0028F0003T0006Z000C1N6.png,25,0.08125,0.08125
G2,W0028F0003T0006Z000C1N6.png,26,0.07267220926874317,0.07267220926874317
G2,W0028F0003T0006Z000C1N6.png,27,0.11490485194281398,0.11490485194281398
G2,W0028F0003T0006Z000C1N6.png,28,0.0,0.0
G2,W0028F0003T0006Z000C1N6.png,29,0.0,0.0
G2,W0028F0003T0006Z000C1N6.png,30,0.08125,0.08125
G2,W0028F0003T0006Z000C1N6.png,31,1.0405076885828377,1.0405076885828377
G2,W0028F0003T0006Z000C1N6.png,32,0.0,0.0
G2,W0028F0003T0006Z000C1N6.png,33,0.08125,0.08125
G2,W0028F0003T0006Z000C1N6.png,34,0.09363599839438089,0.09363599839438089
G2,W0028F0003T0006Z000C1N6.png,35,0.0,0.0
G2,W0028F0003T0006Z000C1N6.png,36,0.08125,0.08125
G2,W0028F0003T0006Z000C1N6.png,37,0.5443682628107153,0.5443682628107153
G2,W0028F0003T0006Z000C1N6.png,38,0.11490485194281398,0.11490485194281398
G2,W0028F0003T0006Z000C1N6.png,39,0.0,0.0
G2,W0028F0003T0006Z000C1N6.png,40,0.08370029746612823,0.08370029746612823
G2,W0028F0003T0006Z000C1N6.png,41,0.08750892811593587,0.08750892811593587
G2,W0028F0003T0006Z000C1N6.png,42,0.1625,0.1625
G2,W0028F0003T0006Z000C1N6.png,43,0.35756782751739635,0.35756782751739635
G2,W0028F0003T0006Z000C1N6.png,44,0.07267220926874317,0.07267220926874317
G2,W0028F0003T0006Z000C1N6.png,45,0.0,0.0
G2,W0028F0003T0006Z000C1N6.png,46,0.0,0.0
G2,W0028F0003T0006Z000C1N6.png,47,0.11490485194281398,0.11490485194281398
G2,W0028F0003T0006Z000C1N6.png,48,0.06958928570635742,0.06958928570635742
G2,W0028F0003T0006Z000C1N6.png,49,0.6472356341004275,0.6472356341004275
G2,W0028F0003T0006Z000C1N6.png,50,0.11490485194281398,0.11490485194281398
G2,W0028F0003T0006Z000C1N6.png,51,0.07660323462854197,0.07660323462854197
G2,W0028F0003T0006Z000C1N6.png,52,0.0902777777777778,0.0902777777777778
G2,W0028F0003T0006Z000C1N6.png,53,0.05190872090624481,0.05190872090624481
G2,W0028F0003T0006Z000C1N6.png,54,0.0383016173142716,0.0383016173142716
G2,W0028F0003T0006Z000C1N6.png,55,0.07955357101448689,0.07955357101448689
G2,W0028F0003T0006Z000C1N6.png,56,0.07490879871550436,0.07490879871550436
G2,W0028F0003T0006Z000C1N6.png,57,0.046428571428571264,0.046428571428571264
G2,W0028F0003T0006Z000C1N6.png,58,0.08125,0.08125
G2,W0028F0003T0006Z000C1N6.png,59,0.05745242597140699,0.05745242597140699
G2,W0028F0003T0006Z000C1N6.png,60,0.046428571428571264,0.046428571428571264
G2,W0028F0003T0006Z000C1N6.png,61,0.0,0.0
G2,W0028F0003T0006Z000C1N6.png,62,0.0,0.0
G2,W0028F0003T0006Z000C1N6.png,63,0.07660323462854238,0.07660323462854238
G2,W0028F0003T0006Z000C1N6.png,64,0.08125,0.08125
G2,W0028F0003T0006Z000C1N6.png,65,0.08125,0.08125
G2,W0028F0003T0006Z000C1N6.png,66,0.08125,0.08125
G2,W0028F0003T0006Z000C1N6.png,67,0.11490485194281398,0.11490485194281398
G2,W0028F0003T0006Z000C1N6.png,68,0.5443682628107152,0.5443682628107152
G2,W0028F0003T0006Z000C1N6.png,69,0.03830161731427187,0.03830161731427187
G2,W0028F0003T0006Z000C1N6.png,70,0.7503207647399868,0.7503207647399868
G2,W0028F0003T0006Z000C1N6.png,71,0.8453514893965706,0.8453514893965706
G2,W0028F0003T0006Z000C1N6.png,72,1.0840102052102647,1.0840102052102647
G2,W0028F0003T0006Z000C1N6.png,73,0.978379559526874,0.978379559526874
G2,W0028F0003T0006Z000C1N6.png,74,0.07267220926874343,0.07267220926874343
G2,W0028F0003T0006Z000C1N6.png,75,2.31180653299176,2.31180653299176
G2,W0028F0003T0006Z000C1N6.png,76,0.0,0.0
G2,W0028F0003T0006Z000C1N6.png,77,1.2375631297028853,1.2375631297028853
G2,W0028F0003T0006Z000C1N6.png,78,0.0,0.0
G2,W0028F0003T0006Z000C1N6.png,79,0.2971593815027928,0.2971593815027928
G2,W0028F0003T0006Z000C1N6.png,80,0.06412253759006822,0.06412253759006822
G2,W0028F0003T0006Z000C1N6.png,81,0.06510023136254546,0.06510023136254546
G2,W0028F0003T0006Z000C1N6.png,82,0.40625,0.40625
G2,W0028F0001T0006Z000C1N28.png,1,0.0,0.0
G2,W0028F0001T0006Z000C1N28.png,2,0.6700046641628699,0.6700046641628699
G2,W0028F0001T0006Z000C1N28.png,3,0.17129003992578726,0.17129003992578726
G2,W0028F0001T0006Z000C1N28.png,4,0.45961940777125593,0.45961940777125593
G2,W0028F0001T0006Z000C1N28.png,5,0.08861688276027,0.08861688276027
G2,W0028F0001T0006Z000C1N28.png,6,1.14904851942814,1.14904851942814
G2,W0028F0001T0006Z000C1N28.png,7,1.3101168840985142,1.3101168840985142
G2,W0028F0001T0006Z000C1N28.png,8,0.9510068677459697,0.9510068677459697
G2,W0028F0001T0006Z000C1N28.png,9,0.18130936747640497,0.18130936747640497
G2,W0028F0001T0006Z000C1N28.png,10,0.08125,0.08125
G2,W0028F0001T0006Z000C1N28.png,11,0.053506284796789094,0.053506284796789094
G2,W0028F0001T0006Z000C1N28.png,12,0.1625,0.1625
G2,W0028F0001T0006Z000C1N28.png,13,0.36336104634371585,0.36336104634371585
G2,W0028F0001T0006Z000C1N28.png,14,0.9750000000000001,0.9750000000000001
G2,W0028F0001T0006Z000C1N28.png,15,0.7267220926874317,0.7267220926874317
G2,W0028F0001T0006Z000C1N28.png,16,0.3515412493577379,0.3515412493577379
G2,W0028F0001T0006Z000C1N28.png,17,0.0,0.0
G2,W0028F0001T0006Z000C1N28.png,18,0.0,0.0
G2,W0028F0001T0006Z000C1N28.png,19,0.9884489111734607,0.9884489111734607
G2,W0028F0001T0006Z000C1N28.png,20,0.2569350598886809,0.2569350598886809
G2,W0028F0001T0006Z000C1N28.png,21,0.27957557117888543,0.27957557117888543
G2,W0028F0001T0006Z000C1N28.png,22,0.0,0.0
G2,W0028F0001T0006Z000C1N28.png,23,0.0,0.0
G2,W0028F0001T0006Z000C1N28.png,24,0.0,0.0
G2,W0028F0001T0006Z000C1N28.png,25,0.2569350598886809,0.2569350598886809
G2,W0028F0001T0006Z000C1N28.png,26,0.05416666666666662,0.05416666666666662
G2,W0028F0001T0006Z000C1N28.png,27,0.0,0.0
G2,W0028F0001T0006Z000C1N28.png,28,0.45961940777125593,0.45961940777125593
G2,W0028F0001T0006Z000C1N28.png,29,0.5859020822628983,0.5859020822628983
G2,W0028F0001T0006Z000C1N28.png,30,0.36336104634371585,0.36336104634371585
G2,W0028F0001T0006Z000C1N28.png,31,0.08125,0.08125
G2,W0028F0001T0006Z000C1N28.png,32,0.22980970388562796,0.22980970388562796
G2,W0028F0001T0006Z000C1N28.png,33,0.054166666666666766,0.054166666666666766
G2,W0028F0001T0006Z000C1N28.png,34,0.0,0.0
G2,W0028F0001T0006Z000C1N28.png,35,0.24412586760954094,0.24412586760954094
G2,W0028F0001T0006Z000C1N28.png,36,0.4142953354794138,0.4142953354794138
G2,W0028F0001T0006Z000C1N28.png,37,0.1625,0.1625
G2,W0028F0001T0006Z000C1N28.png,38,0.04051857790486312,0.04051857790486312
G2,W0028F0001T0006Z000C1N28.png,39,0.0,0.0
G2,W0028F0001T0006Z000C1N28.png,40,0.08125,0.08125
G2,W0028F0001T0006Z000C1N28.png,41,0.5138701197773617,0.5138701197773617
G2,W0028F0001T0006Z000C1N28.png,42,0.36336104634371585,0.36336104634371585
G2,W0028F0001T0006Z000C1N28.png,43,0.325,0.325
G2,W0028F0001T0006Z000C1N28.png,44,0.0,0.0
G2,W0028F0001T0006Z000C1N28.png,45,0.0,0.0
G2,W0028F0001T0006Z000C1N28.png,46,0.0,0.0
G2,W0028F0001T0006Z000C1N28.png,47,0.14647552056572458,0.14647552056572458
G2,W0028F0001T0006Z000C1N28.png,48,0.12112034878123923,0.12112034878123923
G2,W0028F0001T0006Z000C1N28.png,49,0.047376484145617945,0.047376484145617945
G2,W0028F0001T0006Z000C1N28.png,50,0.1625,0.1625
G2,W0028F0001T0006Z000C1N28.png,51,0.36336104634371585,0.36336104634371585
G2,W0028F0001T0006Z000C1N28.png,52,0.6187815648514426,0.6187815648514426
G2,W0028F0001T0006Z000C1N28.png,53,0.07660323462854278,0.07660323462854278
G2,W0028F0001T0006Z000C1N28.png,54,0.43754464057967846,0.43754464057967846
G2,W0028F0001T0006Z000C1N28.png,55,0.08125,0.08125
G2,W0028F0001T0006Z000C1N28.png,56,0.08809202053326169,0.08809202053326169
G2,W0028F0001T0006Z000C1N28.png,57,0.325,0.325
G2,W0028F0001T0006Z000C1N28.png,58,0.06500000000000093,0.06500000000000093
G2,W0028F0001T0006Z000C1N28.png,59,0.0,0.0
G2,W0028F0001T0006Z000C1N28.png,60,0.1468200342221039,0.1468200342221039
G2,W0028F0001T0006Z000C1N28.png,61,0.15140043597654848,0.15140043597654848
G2,W0028F0001T0006Z000C1N28.png,62,0.325,0.325
G2,W0028F0001T0006Z000C1N28.png,63,0.03854025898330231,0.03854025898330231
G2,W0028F0001T0006Z000C1N28.png,64,0.08453394379964144,0.08453394379964144
G2,W0028F0001T0006Z000C1N28.png,65,0.0,0.0
G2,W0028F0001T0006Z000C1N28.png,66,0.0,0.0
G2,W0028F0001T0006Z000C1N28.png,67,0.22980970388562796,0.22980970388562796
G2,W0028F0001T0006Z000C1N28.png,68,0.325,0.325
G2,W0028F0001T0006Z000C1N28.png,69,0.10664458086094962,0.10664458086094962
G2,W0028F0001T0006Z000C1N28.png,70,0.36336104634371585,0.36336104634371585
G2,W0028F0001T0006Z000C1N28.png,71,0.0,0.0
G2,W0028F0001T0006Z000C1N28.png,72,0.07660323462854278,0.07660323462854278
G2,W0028F0001T0006Z000C1N28.png,73,0.08003905296791078,0.08003905296791078
G2,W0028F0001T0006Z000C1N28.png,74,0.07821212084612043,0.07821212084612043
G2,W0028F0001T0006Z000C1N28.png,75,0.0,0.0
G2,W0028F0001T0006Z000C1N28.png,76,0.48750000000000004,0.48750000000000004
G2,W0028F0001T0006Z000C1N28.png,77,0.08125,0.08125
G2,W0028F0001T0006Z000C1N28.png,78,0.5138701197773617,0.5138701197773617
G2,W0028F0001T0006Z000C1N28.png,79,0.0,0.0
G2,W0028F0001T0006Z000C1N28.png,80,0.0,0.0
G2,W0028F0001T0006Z000C1N28.png,81,0.11490485194281398,0.11490485194281398
G2,W0028F0001T0006Z000C1N28.png,82,0.0,0.0
G2,W0028F0001T0006Z000C1N28.png,83,0.23862916086021282,0.23862916086021282
G2,W0028F0001T0006Z000C1N28.png,84,0.325,0.325
G2,W0028F0001T0006Z000C1N28.png,85,0.0,0.0
G2,W0028F0001T0006Z000C1N28.png,86,0.11490485194281398,0.11490485194281398
G2,W0028F0001T0006Z000C1N28.png,87,0.0,0.0
G2,W0028F0001T0006Z000C1N28.png,88,0.43754464057967846,0.43754464057967846
G2,W0028F0001T0006Z000C1N28.png,89,0.0,0.0
G2,W0028F0001T0006Z000C1N28.png,90,0.0,0.0
G2,W0028F0001T0006Z000C1N28.png,91,0.36336104634371585,0.36336104634371585
G2,W0028F0001T0006Z000C1N28.png,92,0.0,0.0
G2,W0028F0001T0006Z000C1N28.png,93,0.021534765520736097,0.021534765520736097
G2,W0028F0001T0006Z000C1N28.png,94,0.0,0.0
G2,W0028F0001T0006Z000C1N28.png,95,0.11490485194281398,0.11490485194281398
G2,W0028F0001T0006Z000C1N28.png,96,0.08125,0.08125
G2,W0028F0001T0006Z000C1N28.png,97,0.08125,0.08125
G2,W0028F0001T0006Z000C1N28.png,98,0.10054174544996224,0.10054174544996224
G2,W0028F0001T0006Z000C1N28.png,99,0.0,0.0
G2,W0028F0001T0006Z000C1N28.png,100,0.0,0.0
G2,W0028F0001T0006Z000C1N28.png,101,0.0,0.0
G2,W0028F0001T0006Z000C1N28.png,102,0.11490485194281398,0.11490485194281398
G2,W0028F0001T0006Z000C1N28.png,103,1.14904851942814,1.14904851942814
G2,W0028F0001T0006Z000C1N28.png,104,0.5138701197773617,0.5138701197773617
G2,W0028F0001T0006Z000C1N28.png,105,0.0,0.0
G2,W0028F0001T0006Z000C1N28.png,106,0.36336104634371585,0.36336104634371585
G2,W0028F0001T0006Z000C1N28.png,107,0.45961940777125593,0.45961940777125593
G2,W0028F0001T0006Z000C1N28.png,108,0.0816552394216072,0.0816552394216072
G2,W0028F0001T0006Z000C1N28.png,109,0.0,0.0
G2,W0028F0001T0006Z000C1N28.png,110,0.0,0.0
G2,W0028F0001T0006Z000C1N28.png,111,0.1953006940876332,0.1953006940876332
G2,W0028F0001T0006Z000C1N28.png,112,0.325,0.325
G2,W0028F0001T0006Z000C1N28.png,113,0.0750486815467084,0.0750486815467084
G2,W0028F0001T0006Z000C1N28.png,114,0.6700046641628699,0.6700046641628699
G2,W0028F0001T0006Z000C1N28.png,115,0.0861620709210147,0.0861620709210147
G2,W0028F0001T0006Z000C1N28.png,116,0.05439003531190736,0.05439003531190736
G2,W0028F0001T0006Z000C1N28.png,117,0.05945121951219532,0.05945121951219532
G2,W0028F0001T0006Z000C1N28.png,118,0.0,0.0
G2,W0028F0001T0006Z000C1N28.png,119,0.5859020822628983,0.5859020822628983
G2,W0028F0001T0006Z000C1N28.png,120,0.22980970388562796,0.22980970388562796
G2,W0028F0001T0006Z000C1N28.png,121,0.1625,0.1625
G2,W0028F0001T0006Z000C1N28.png,122,0.1625,0.1625
G2,W0028F0001T0006Z000C1N28.png,123,0.05745242597140699,0.05745242597140699
G2,W0028F0001T0006Z000C1N28.png,124,0.0,0.0
G2,W0028F0001T0006Z000C1N28.png,125,0.45961940777125593,0.45961940777125593
G2,W0028F0001T0006Z000C1N28.png,126,0.11490485194281398,0.11490485194281398
G2,W0028F0001T0006Z000C1N28.png,127,0.0,0.0
G2,W0028F0001T0006Z000C1N28.png,128,0.06405910585916734,0.06405910585916734
G2,W0028F0001T0006Z000C1N28.png,129,0.08165507106080902,0.08165507106080902
G2,W0028F0001T0006Z000C1N28.png,130,0.4642857142857135,0.4642857142857135
G2,W0028F0001T0006Z000C1N28.png,131,0.8750892811593569,0.8750892811593569
G2,W0028F0001T0006Z000C1N28.png,132,0.5859020822628983,0.5859020822628983
G2,W0028F0001T0006Z000C1N28.png,133,0.046428571428571264,0.046428571428571264
G2,W0028F0001T0006Z000C1N28.png,134,0.0,0.0
G2,W0028F0001T0006Z000C1N28.png,135,0.07660323462854238,0.07660323462854238
G2,W0028F0001T0006Z000C1N28.png,136,1.1375,1.1375
G2,W0028F0001T0006Z000C1N28.png,137,0.0,0.0
G2,W0028F0001T0006Z000C1N28.png,138,0.06056017439062,0.06056017439062
G2,W0028F0001T0006Z000C1N28.png,139,0.05803495115493396,0.05803495115493396
G2,W0028F0001T0006Z000C1N28.png,140,0.0,0.0
G2,W0028F0001T0006Z000C1N28.png,141,0.0,0.0
G2,W0028F0001T0006Z000C1N28.png,142,0.36336104634371585,0.36336104634371585
G2,W0028F0001T0006Z000C1N28.png,143,0.17129003992578734,0.17129003992578734
G2,W0028F0001T0006Z000C1N28.png,144,0.0,0.0
G2,W0028F0001T0006Z000C1N28.png,145,0.0,0.0
G2,W0028F0001T0006Z000C1N28.png,146,0.11490485194281398,0.11490485194281398
G2,W0028F0001T0006Z000C1N28.png,147,0.0,0.0
G2,W0028F0001T0006Z000C1N28.png,148,0.06572321427822711,0.06572321427822711
G2,W0028F0001T0006Z000C1N28.png,149,0.0,0.0
G2,W0028F0001T0006Z000C1N28.png,150,0.05416666666666705,0.05416666666666705
G2,W0028F0001T0006Z000C1N28.png,151,0.0,0.0
G2,W0028F0001T0006Z000C1N28.png,152,0.0,0.0
G2,W0028F0001T0006Z000C1N28.png,153,0.0,0.0
G2,W0028F0001T0006Z000C1N28.png,154,0.08125,0.08125
G2,W0028F0001T0006Z000C1N28.png,155,0.07660323462854401,0.07660323462854401
G2,W0028F0001T0006Z000C1N28.png,156,0.325,0.325
G2,W0028F0001T0006Z000C1N28.png,157,0.0,0.0
G2,W0028F0001T0006Z000C1N28.png,158,0.0,0.0
G2,W0028F0001T0006Z000C1N28.png,159,0.07871145884633411,0.07871145884633411
G2,W0028F0001T0006Z000C1N28.png,160,0.0,0.0
G2,W0028F0001T0006Z000C1N28.png,161,0.0,0.0
G2,W0028F0001T0006Z000C1N28.png,162,0.0766032346285432,0.0766032346285432
G2,W0028F0001T0006Z000C1N28.png,163,0.6187815648514426,0.6187815648514426
G2,W0028F0001T0006Z000C1N28.png,164,0.0,0.0
G2,W0028F0001T0006Z000C1N28.png,165,0.0,0.0
G2,W0028F0001T0006Z000C1N28.png,166,0.0,0.0
G2,W0028F0001T0006Z000C1N28.png,167,0.0,0.0
G2,W0028F0001T0006Z000C1N28.png,168,0.0,0.0
G2,W0028F0001T0006Z000C1N28.png,169,0.0,0.0
G2,W0028F0001T0006Z000C1N28.png,170,0.1625,0.1625
G2,W0028F0001T0006Z000C1N28.png,171,0.09765034704381595,0.09765034704381595
G2,W0028F0001T0006Z000C1N28.png,172,0.0,0.0
G2,W0028F0001T0006Z000C1N28.png,173,0.0,0.0
G2,W0028F0001T0006Z000C1N28.png,174,0.11490485194281398,0.11490485194281398
G2,W0028F0001T0006Z000C1N28.png,175,0.08564501996289367,0.08564501996289367
G2,W0028F0001T0006Z000C1N28.png,176,0.06592194721790406,0.06592194721790406
G2,W0028F0001T0006Z000C1N28.png,177,0.025000000000001067,0.025000000000001067
G2,W0028F0001T0006Z000C1N28.png,178,0.0,0.0
G2,W0028F0001T0006Z000C1N28.png,179,0.0,0.0
G2,W0028F0001T0006Z000C1N28.png,180,0.36336104634371585,0.36336104634371585
G2,W0028F0001T0006Z000C1N28.png,181,0.08585838123103687,0.08585838123103687
G2,W0028F0001T0006Z000C1N28.png,182,0.0,0.0
G2,W0028F0001T0006Z000C1N28.png,183,0.008969893867094026,0.008969893867094026
G2,W0028F0001T0006Z000C1N28.png,184,0.0,0.0
G2,W0028F0001T0006Z000C1N28.png,185,0.0,0.0
G2,W0028F0001T0006Z000C1N28.png,186,0.0453992719487909,0.0453992719487909
G2,W0028F0001T0006Z000C1N28.png,187,0.09192388155425167,0.09192388155425167
G2,W0028F0001T0006Z000C1N28.png,188,0.0,0.0
G2,W0028F0001T0006Z000C1N28.png,189,0.0,0.0
G2,W0028F0001T0006Z000C1N28.png,190,0.8750892811593569,0.8750892811593569
G2,W0028F0001T0006Z000C1N28.png,191,0.04642857142857242,0.04642857142857242
G2,W0028F0001T0006Z000C1N28.png,192,0.0,0.0
G2,W0028F0001T0006Z000C1N28.png,193,0.0,0.0
G2,W0028F0001T0006Z000C1N28.png,194,0.0541666666666659,0.0541666666666659
G2,W0028F0001T0006Z000C1N28.png,195,0.325,0.325
G2,W0028F0001T0006Z000C1N28.png,196,0.08125,0.08125
G2,W0028F0001T0006Z000C1N28.png,197,0.56875,0.56875
G2,W0028F0001T0006Z000C1N28.png,198,0.06572321427822711,0.06572321427822711
G2,W0028F0001T0006Z000C1N28.png,199,0.0,0.0
G2,W0028F0001T0006Z000C1N28.png,200,0.0,0.0
G2,W0028F0001T0006Z000C1N28.png,201,0.0,0.0
G2,W0028F0001T0006Z000C1N28.png,202,0.08125,0.08125
G2,W0028F0001T0006Z000C1N28.png,203,0.09084026158592896,0.09084026158592896
G2,W0028F0001T0006Z000C1N28.png,204,0.0,0.0
G2,W0028F0001T0006Z000C1N28.png,205,0.0,0.0
G2,W0028F0001T0006Z000C1N28.png,206,0.08125,0.08125
G2,W0028F0001T0006Z000C1N28.png,207,0.07554895517543167,0.07554895517543167
G2,W0028F0001T0006Z000C1N28.png,208,0.06964285714285748,0.06964285714285748
G2,W0028F0001T0006Z000C1N28.png,209,0.0,0.0
G2,W0028F0001T0006Z000C1N28.png,210,0.08125,0.08125
G2,W0028F0001T0006Z000C1N28.png,211,0.5138701197773617,0.5138701197773617
G2,W0028F0001T0006Z000C1N28.png,212,0.05709667997526166,0.05709667997526166
G2,W0028F0001T0006Z000C1N28.png,213,0.05607446823856368,0.05607446823856368
G2,W0028F0001T0006Z000C1N28.png,214,0.0,0.0
G2,W0028F0001T0006Z000C1N28.png,215,0.0,0.0
G2,W0028F0001T0006Z000C1N28.png,216,0.0,0.0
G2,W0028F0001T0006Z000C1N28.png,217,0.0,0.0
G2,W0028F0001T0006Z000C1N28.png,218,0.10405076885828438,0.10405076885828438
G2,W0028F0001T0006Z000C1N28.png,219,0.5138701197773617,0.5138701197773617
G2,W0028F0001T0006Z000C1N28.png,220,0.0541666666666659,0.0541666666666659
G2,W0028F0001T0006Z000C1N28.png,221,0.0,0.0
G2,W0028F0001T0006Z000C1N28.png,222,0.0541666666666659,0.0541666666666659
G2,W0028F0001T0006Z000C1N28.png,223,0.0,0.0
G2,W0028F0001T0006Z000C1N28.png,224,0.08125,0.08125
G2,W0028F0001T0006Z000C1N28.png,225,0.046041666666667175,0.046041666666667175
G2,W0028F0001T0006Z000C1N28.png,226,0.08125,0.08125
G2,W0028F0001T0006Z000C1N28.png,227,0.07660323462854156,0.07660323462854156
G2,W0028F0001T0006Z000C1N28.png,228,0.0,0.0
G2,W0028F0001T0006Z000C1N28.png,229,0.0,0.0
G2,W0028F0001T0006Z000C1N28.png,230,0.039149209318679185,0.039149209318679185
G2,W0028F0001T0006Z000C1N28.png,231,0.6700046641628699,0.6700046641628699
G2,W0028F0001T0006Z000C1N28.png,232,1.4981759743100942,1.4981759743100942
G2,W0028F0001T0006Z000C1N28.png,233,0.0,0.0
G2,W0028F0001T0006Z000C1N28.png,234,0.56875,0.56875
G2,W0028F0001T0006Z000C1N28.png,235,0.0,0.0
G2,W0028F0001T0006Z000C1N28.png,236,0.07660323462854156,0.07660323462854156
G2,W0028F0001T0006Z000C1N28.png,237,0.325,0.325
G2,W0028F0001T0006Z000C1N28.png,238,0.0,0.0
G2,W0028F0001T0006Z000C1N28.png,239,0.0,0.0
G2,W0028F0001T0006Z000C1N28.png,240,0.0,0.0
G2,W0028F0001T0006Z000C1N28.png,241,0.0,0.0
G2,W0028F0001T0006Z000C1N28.png,242,0.325,0.325
G2,W0028F0001T0006Z000C1N28.png,243,0.0837093497153495,0.0837093497153495
G2,W0028F0001T0006Z000C1N28.png,244,0.0,0.0
G2,W0028F0001T0006Z000C1N28.png,245,0.36336104634371585,0.36336104634371585
G2,W0028F0001T0006Z000C1N28.png,246,0.48750000000000004,0.48750000000000004
G2,W0028F0001T0006Z000C1N28.png,247,0.0690492225799029,0.0690492225799029
G2,W0028F0001T0006Z000C1N28.png,248,0.0,0.0
G2,W0028F0001T0006Z000C1N28.png,249,0.0,0.0
G2,W0028F0001T0006Z000C1N28.png,250,0.028726212985703495,0.028726212985703495
G2,W0028F0001T0006Z000C1N28.png,251,0.11490485194281398,0.11490485194281398
G2,W0028F0001T0006Z000C1N28.png,252,0.0,0.0
G2,W0028F0001T0006Z000C1N28.png,253,0.0,0.0
G2,W0028F0001T0006Z000C1N28.png,254,0.03207801834514424,0.03207801834514424
G2,W0028F0001T0006Z000C1N28.png,255,0.11490485194281398,0.11490485194281398
G2,W0028F0001T0006Z000C1N28.png,256,0.49422445558673034,0.49422445558673034
G2,W0028F0001T0006Z000C1N28.png,257,0.0,0.0
G2,W0028F0001T0006Z000C1N28.png,258,0.5859020822628983,0.5859020822628983
G2,W0028F0001T0006Z000C1N28.png,259,0.0,0.0
G2,W0028F0001T0006Z000C1N28.png,260,0.0,0.0
G2,W0028F0001T0006Z000C1N28.png,261,0.07660323462854156,0.07660323462854156
G2,W0028F0001T0006Z000C1N28.png,262,0.08125,0.08125
G2,W0028F0001T0006Z000C1N28.png,263,0.6894291116568838,0.6894291116568838
G2,W0028F0001T0006Z000C1N28.png,264,0.45961940777125593,0.45961940777125593
G2,W0028F0001T0006Z000C1N28.png,265,0.0,0.0
G2,W0028F0001T0006Z000C1N28.png,266,0.0,0.0
G2,W0028F0001T0006Z000C1N28.png,267,0.0,0.0
G2,W0028F0001T0006Z000C1N28.png,268,0.0,0.0
G2,W0028F0001T0006Z000C1N28.png,269,0.5138701197773617,0.5138701197773617
G2,W0028F0001T0006Z000C1N28.png,270,0.07267220926874421,0.07267220926874421
G2,W0028F0001T0006Z000C1N28.png,271,0.07660323462854238,0.07660323462854238
G2,W0028F0001T0006Z000C1N28.png,272,0.12112034878123792,0.12112034878123792
G2,W0028F0001T0006Z000C1N28.png,273,0.0,0.0
G2,W0028F0001T0006Z000C1N28.png,274,0.08125,0.08125
G2,W0028F0001T0006Z000C1N28.png,275,0.1625,0.1625
G2,W0028F0001T0006Z000C1N28.png,276,0.48750000000000004,0.48750000000000004
G2,W0028F0001T0006Z000C1N28.png,277,0.0,0.0
G2,W0028F0001T0006Z000C1N28.png,278,0.0541666666666659,0.0541666666666659
G2,W0028F0001T0006Z000C1N28.png,279,0.07267220926874421,0.07267220926874421
G2,W0028F0001T0006Z000C1N28.png,280,0.0,0.0
G2,W0028F0001T0006Z000C1N28.png,281,0.5859020822628983,0.5859020822628983
G2,W0028F0001T0006Z000C1N28.png,282,0.1625,0.1625
G2,W0028F0001T0006Z000C1N28.png,283,0.22980970388562796,0.22980970388562796
G2,W0028F0001T0006Z000C1N28.png,284,0.36336104634371585,0.36336104634371585
G2,W0028F0001T0006Z000C1N28.png,285,0.1625,0.1625
G2,W0028F0001T0006Z000C1N28.png,286,0.0,0.0
G2,W0028F0001T0006Z000C1N28.png,287,0.0,0.0
G2,W0028F0001T0006Z000C1N28.png,288,0.032499999999998155,0.032499999999998155
G2,W0028F0001T0006Z000C1N28.png,289,0.203125,0.203125
G2,W0028F0001T0006Z000C1N28.png,290,0.12112034878123948,0.12112034878123948
G2,W0028F0001T0006Z000C1N28.png,291,0.044666977610857694,0.044666977610857694
G2,W0028F0001T0006Z000C1N28.png,292,0.04570175177087719,0.04570175177087719
G2,W0028F0001T0006Z000C1N28.png,293,0.325,0.325
G2,W0028F0001T0006Z000C1N28.png,294,0.22980970388562796,0.22980970388562796
G2,W0028F0001T0006Z000C1N28.png,295,0.22980970388562796,0.22980970388562796
G2,W0028F0001T0006Z000C1N28.png,296,0.1625,0.1625
G2,W0028F0001T0006Z000C1N28.png,297,0.5138701197773617,0.5138701197773617
G2,W0028F0001T0006Z000C1N28.png,298,0.0,0.0
G2,W0028F0001T0006Z000C1N28.png,299,0.08125,0.08125
G2,W0028F0001T0006Z000C1N28.png,300,0.0,0.0
G2,W0028F0001T0006Z000C1N28.png,301,0.0,0.0
G2,W0028F0001T0006Z000C1N28.png,302,0.0,0.0
G2,W0028F0001T0006Z000C1N28.png,303,0.22980970388562796,0.22980970388562796
G2,W0028F0001T0006Z000C1N28.png,304,0.9192388155425119,0.9192388155425119
G2,W0028F0001T0006Z000C1N28.png,305,0.4142953354794138,0.4142953354794138
G2,W0028F0001T0006Z000C1N28.png,306,0.0,0.0
G2,W0028F0001T0006Z000C1N28.png,307,0.0,0.0
G2,W0028F0001T0006Z000C1N28.png,308,0.0,0.0
G2,W0028F0001T0006Z000C1N28.png,309,0.45961940777125593,0.45961940777125593
G2,W0028F0001T0006Z000C1N28.png,310,0.0,0.0
G2,W0028F0001T0006Z000C1N28.png,311,0.0893704403999657,0.0893704403999657
G2,W0028F0001T0006Z000C1N28.png,312,0.040625,0.040625
G2,W0028F0001T0006Z000C1N28.png,313,0.08125,0.08125
G2,W0028F0001T0006Z000C1N28.png,314,0.07885136706895457,0.07885136706895457
G2,W0028F0001T0006Z000C1N28.png,315,0.22980970388562796,0.22980970388562796
G2,W0028F0001T0006Z000C1N28.png,316,0.08125,0.08125
G2,W0028F0001T0006Z000C1N28.png,317,0.08125,0.08125
G2,W0028F0001T0006Z000C1N28.png,318,0.0541666666666659,0.0541666666666659
G2,W0028F0001T0006Z000C1N28.png,319,0.09084026158592896,0.09084026158592896
G2,W0028F0001T0006Z000C1N28.png,320,0.04832825723580812,0.04832825723580812
G2,W0028F0001T0006Z000C1N28.png,321,0.1625,0.1625
G2,W0028F0001T0006Z000C1N28.png,322,0.5138701197773617,0.5138701197773617
G2,W0028F0001T0006Z000C1N28.png,323,0.7267220926874317,0.7267220926874317
G2,W0028F0001T0006Z000C1N28.png,324,0.45961940777125593,0.45961940777125593
G2,W0028F0001T0006Z000C1N28.png,325,0.0,0.0
G2,W0028F0001T0006Z000C1N28.png,326,0.0766032346285432,0.0766032346285432
G2,W0028F0001T0006Z000C1N28.png,327,0.20670457061683373,0.20670457061683373
G2,W0028F0001T0006Z000C1N28.png,328,0.6894291116568838,0.6894291116568838
G2,W0028F0001T0006Z000C1N28.png,329,0.3447145558284419,0.3447145558284419
G2,W0028F0001T0006Z000C1N28.png,330,0.6700046641628699,0.6700046641628699
G2,W0028F0001T0006Z000C1N28.png,331,0.08125,0.08125
G2,W0028F0001T0006Z000C1N28.png,332,0.1625,0.1625
G2,W0028F0001T0006Z000C1N28.png,333,0.48750000000000004,0.48750000000000004
G2,W0028F0001T0006Z000C1N28.png,334,0.44666977610857805,0.44666977610857805
G2,W0028F0001T0006Z000C1N28.png,335,0.6700046641628699,0.6700046641628699
G2,W0028F0001T0006Z000C1N28.png,336,0.7267220926874317,0.7267220926874317
G2,W0028F0001T0006Z000C1N28.png,337,0.8285906709588275,0.8285906709588275
G2,W0028F0001T0006Z000C1N28.png,338,0.2569350598886809,0.2569350598886809
G2,W0028F0001T0006Z000C1N28.png,339,0.8285906709588275,0.8285906709588275
G2,W0028F0001T0006Z000C1N28.png,340,1.1718041645257966,1.1718041645257966
G2,W0028F0002T0006Z000C1N48.png,1,0.027950849718747287,0.027950849718747287
G2,W0028F0002T0006Z000C1N48.png,2,0.21801662780622993,0.21801662780622993
G2,W0028F0002T0006Z000C1N48.png,3,0.08253612955870397,0.08253612955870397
G2,W0028F0002T0006Z000C1N48.png,4,0.8426355809139688,0.8426355809139688
G2,W0028F0002T0006Z000C1N48.png,5,1.465867607720492,1.465867607720492
G2,W0028F0002T0006Z000C1N48.png,6,0.09184782608695659,0.09184782608695659
G2,W0028F0002T0006Z000C1N48.png,7,0.0,0.0
G2,W0028F0002T0006Z000C1N48.png,8,0.0,0.0
G2,W0028F0002T0006Z000C1N48.png,9,0.10277402395547243,0.10277402395547243
G2,W0028F0002T0006Z000C1N48.png,10,0.07660323462854217,0.07660323462854217
G2,W0028F0002T0006Z000C1N48.png,11,0.060560174390619226,0.060560174390619226
G2,W0028F0002T0006Z000C1N48.png,12,0.08564501996289357,0.08564501996289357
G2,W0028F0002T0006Z000C1N48.png,13,0.08125,0.08125
G2,W0028F0002T0006Z000C1N48.png,14,0.07413216254375117,0.07413216254375117
G2,W0028F0002T0006Z000C1N48.png,15,0.08838834764831854,0.08838834764831854
G2,W0028F0002T0006Z000C1N48.png,16,0.45961940777125593,0.45961940777125593
G2,W0028F0002T0006Z000C1N48.png,17,0.1498175974310093,0.1498175974310093
G2,W0028F0002T0006Z000C1N48.png,18,0.11490485194281398,0.11490485194281398
G2,W0028F0002T0006Z000C1N48.png,19,0.325,0.325
G2,W0028F0002T0006Z000C1N48.png,20,0.0,0.0
G2,W0028F0002T0006Z000C1N48.png,21,0.0726722092687429,0.0726722092687429
G2,W0028F0002T0006Z000C1N48.png,22,0.0344648283684063,0.0344648283684063
G2,W0028F0002T0006Z000C1N48.png,23,0.2767275284463038,0.2767275284463038
G2,W0028F0002T0006Z000C1N48.png,24,0.11490485194281398,0.11490485194281398
G2,W0028F0002T0006Z000C1N48.png,25,0.0,0.0
G2,W0028F0002T0006Z000C1N48.png,26,0.10332965160354564,0.10332965160354564
G2,W0028F0002T0006Z000C1N48.png,27,0.07660323462854278,0.07660323462854278
G2,W0028F0002T0006Z000C1N48.png,28,0.0,0.0
G2,W0028F0002T0006Z000C1N48.png,29,0.0,0.0
G2,W0028F0002T0006Z000C1N48.png,30,0.07267220926874421,0.07267220926874421
G2,W0028F0002T0006Z000C1N48.png,31,0.0,0.0
G2,W0028F0002T0006Z000C1N48.png,32,0.0,0.0
G2,W0028F0002T0006Z000C1N48.png,33,0.0670278302999751,0.0670278302999751
G2,W0028F0002T0006Z000C1N48.png,34,0.0383016173142716,0.0383016173142716
G2,W0028F0002T0006Z000C1N48.png,35,0.05648279492419777,0.05648279492419777
G2,W0028F0002T0006Z000C1N48.png,36,0.0695892857063571,0.0695892857063571
G2,W0028F0002T0006Z000C1N48.png,37,0.0,0.0
G2,W0028F0002T0006Z000C1N48.png,38,0.14534441853748634,0.14534441853748634
G2,W0028F0002T0006Z000C1N48.png,39,0.0,0.0
G2,W0028F0002T0006Z000C1N48.png,40,0.11490485194281398,0.11490485194281398
G2,W0028F0002T0006Z000C1N48.png,41,0.0,0.0
G2,W0028F0002T0006Z000C1N48.png,42,0.0815874384143507,0.0815874384143507
G2,W0028F0002T0006Z000C1N48.png,43,0.07660323462854278,0.07660323462854278
G2,W0028F0002T0006Z000C1N48.png,44,0.08125,0.08125
G2,W0028F0002T0006Z000C1N48.png,45,0.03830161731426997,0.03830161731426997
G2,W0028F0002T0006Z000C1N48.png,46,0.08125,0.08125
G2,W0028F0002T0006Z000C1N48.png,47,0.08125,0.08125
G2,W0028F0002T0006Z000C1N48.png,48,0.08125,0.08125
G2,W0028F0002T0006Z000C1N48.png,49,0.07660323462854278,0.07660323462854278
G2,W0028F0002T0006Z000C1N48.png,50,0.08125,0.08125
G2,W0028F0002T0006Z000C1N48.png,51,0.06613270867165534,0.06613270867165534
G2,W0028F0002T0006Z000C1N48.png,52,0.09192388155425182,0.09192388155425182
G2,W0028F0002T0006Z000C1N48.png,53,0.08125,0.08125
G2,W0028F0002T0006Z000C1N48.png,54,0.07905694150420957,0.07905694150420957
G2,W0028F0002T0006Z000C1N48.png,55,0.05523937806392096,0.05523937806392096
G2,W0028F0002T0006Z000C1N48.png,56,0.0,0.0
G2,W0028F0002T0006Z000C1N48.png,57,0.11490485194281398,0.11490485194281398
G2,W0028F0002T0006Z000C1N48.png,58,0.08125,0.08125
G2,W0028F0002T0006Z000C1N48.png,59,0.0,0.0
G2,W0028F0002T0006Z000C1N48.png,60,0.07267220926874421,0.07267220926874421
G2,W0028F0002T0006Z000C1N48.png,61,0.072672209268744,0.072672209268744
G2,W0028F0002T0006Z000C1N48.png,62,0.08125,0.08125
G2,W0028F0002T0006Z000C1N48.png,63,0.05078125,0.05078125
G2,W0028F0002T0006Z000C1N48.png,64,0.08125,0.08125
G2,W0028F0002T0006Z000C1N48.png,65,0.017302906968749605,0.017302906968749605
G2,W0028F0002T0006Z000C1N48.png,66,0.04642857142857242,0.04642857142857242
G2,W0028F0002T0006Z000C1N48.png,67,0.07660323462854156,0.07660323462854156
G2,W0028F0002T0006Z000C1N48.png,68,0.49939199143669744,0.49939199143669744
G2,W0028F0002T0006Z000C1N48.png,69,0.08670897404856906,0.08670897404856906
G2,W0028F0002T0006Z000C1N48.png,70,0.08125,0.08125
G2,W0028F0002T0006Z000C1N48.png,71,0.29295104113144915,0.29295104113144915
G2,W0028F0002T0006Z000C1N48.png,72,0.11490485194281398,0.11490485194281398
G2,W0028F0002T0006Z000C1N48.png,73,0.0,0.0
G2,W0028F0002T0006Z000C1N48.png,74,0.11490485194281398,0.11490485194281398
G2,W0028F0002T0006Z000C1N48.png,75,0.0,0.0
G2,W0028F0002T0006Z000C1N48.png,76,0.45961940777125593,0.45961940777125593
G2,W0028F0002T0006Z000C1N48.png,77,0.6700046641628699,0.6700046641628699
G2,W0028F0002T0006Z000C1N48.png,78,0.08125,0.08125
G2,W0028F0002T0006Z000C1N48.png,79,0.0383016173142716,0.0383016173142716
G2,W0028F0002T0006Z000C1N48.png,80,0.08125,0.08125
G2,W0028F0002T0006Z000C1N48.png,81,0.0,0.0
G2,W0028F0002T0006Z000C1N48.png,82,0.7267220926874317,0.7267220926874317
G2,W0028F0002T0006Z000C1N48.png,83,0.08125,0.08125
G2,W0028F0002T0006Z000C1N48.png,84,0.0,0.0
G2,W0028F0002T0006Z000C1N48.png,85,1.284675299443404,1.284675299443404
G2,W0028F0002T0006Z000C1N48.png,86,0.8750892811593569,0.8750892811593569
G2,W0028F0002T0006Z000C1N48.png,87,0.09858482141734051,0.09858482141734051
G2,W0028F0002T0006Z000C1N48.png,88,1.297731750509708,1.297731750509708
G2,W0028F0002T0006Z000C1N48.png,89,0.04986998331117635,0.04986998331117635
G2,W0028F0002T0006Z000C1N48.png,90,0.07660323462854156,0.07660323462854156
G2,W0028F0002T0006Z000C1N48.png,91,2.6824807781231166,2.6824807781231166
G2,W0028F0002T0006Z000C1N48.png,92,2.0760748554798196,2.0760748554798196
G2,W0028F0002T0006Z000C1N48.png,93,0.040625,0.040625
G2,W0028F0002T0006Z000C1N48.png,94,1.6750116604071748,1.6750116604071748
G2,W0028F0002T0006Z000C1N48.png,95,0.07267220926874317,0.07267220926874317
G2,W0028F0002T0006Z000C1N48.png,96,0.0,0.0
G2,W0028F0002T0006Z000C1N48.png,97,0.07267220926874317,0.07267220926874317
G2,W0028F0002T0006Z000C1N48.png,98,0.9510068677459697,0.9510068677459697
G2,W0028F0002T0006Z000C1N48.png,99,0.0,0.0
G2,W0028F0002T0006Z000C1N48.png,100,0.5525597394173775,0.6512682938889318
G2,W0028F0002T0006Z000C1N48.png,101,1.1996418736439638,1.1996418736439638
G2,W0028F0002T0006Z000C1N48.png,102,0.0766032346285432,0.0766032346285432
G2,W0028F0002T0006Z000C1N48.png,103,0.11490485194281398,0.11490485194281398
G2,W0028F0002T0006Z000C1N48.png,104,0.10214578819748386,0.10214578819748386
G2,W0028F0002T0006Z000C1N48.png,105,1.284675299443404,1.421294524368542
G2,W0028F0002T0006Z000C1N48.png,106,0.65,0.6700046641628699
G2,W0028F0002T0006Z000C1N48.png,107,0.5138701197773617,0.5138701197773617
G2,W0028F0001T0006Z000C1N38.png,1,1.657181341917655,1.657181341917655
G2,W0028F0001T0006Z000C1N38.png,2,0.07323776028286229,0.07323776028286229
G2,W0028F0001T0006Z000C1N38.png,3,1.3,1.3
G2,W0028F0001T0006Z000C1N38.png,4,0.1625,0.1625
G2,W0028F0001T0006Z000C1N38.png,5,0.11490485194281398,0.11490485194281398
G2,W0028F0001T0006Z000C1N38.png,6,0.041114054585129324,0.041114054585129324
G2,W0028F0001T0006Z000C1N38.png,7,0.22980970388562796,0.22980970388562796
G2,W0028F0001T0006Z000C1N38.png,8,0.0724516582940602,0.0724516582940602
G2,W0028F0001T0006Z000C1N38.png,9,0.22980970388562796,0.22980970388562796
G2,W0028F0001T0006Z000C1N38.png,10,0.09765034704381595,0.09765034704381595
G2,W0028F0001T0006Z000C1N38.png,11,0.09084026158592896,0.09084026158592896
G2,W0028F0001T0006Z000C1N38.png,12,0.06664677075799832,0.06664677075799832
G2,W0028F0001T0006Z000C1N38.png,13,0.36336104634371585,0.36336104634371585
G2,W0028F0001T0006Z000C1N38.png,14,0.0,0.0
G2,W0028F0001T0006Z000C1N38.png,15,0.325,0.325
G2,W0028F0001T0006Z000C1N38.png,16,0.5859020822628983,0.5859020822628983
G2,W0028F0001T0006Z000C1N38.png,17,0.037316971927561254,0.037316971927561254
G2,W0028F0001T0006Z000C1N38.png,18,0.059785926761520475,0.059785926761520475
G2,W0028F0001T0006Z000C1N38.png,19,0.43417886259262195,0.43417886259262195
G2,W0028F0001T0006Z000C1N38.png,20,0.06770833333333365,0.06770833333333365
G2,W0028F0001T0006Z000C1N38.png,21,0.2569350598886809,0.2569350598886809
G2,W0028F0001T0006Z000C1N38.png,22,0.11490485194281398,0.11490485194281398
G2,W0028F0001T0006Z000C1N38.png,23,0.0744449626847632,0.0744449626847632
G2,W0028F0001T0006Z000C1N38.png,24,1.1830178570080843,1.1830178570080843
G2,W0028F0001T0006Z000C1N38.png,25,0.05416666666666705,0.05416666666666705
G2,W0028F0001T0006Z000C1N38.png,26,0.08004748616150763,0.08004748616150763
G2,W0028F0001T0006Z000C1N38.png,27,0.0,0.0
G2,W0028F0001T0006Z000C1N38.png,28,0.09084026158592896,0.09084026158592896
G2,W0028F0001T0006Z000C1N38.png,29,0.09760778853735559,0.09760778853735559
G2,W0028F0001T0006Z000C1N38.png,30,0.18168052317185793,0.18168052317185793
G2,W0028F0001T0006Z000C1N38.png,31,0.08074689918749213,0.08074689918749213
G2,W0028F0001T0006Z000C1N38.png,32,0.0,0.0
G2,W0028F0001T0006Z000C1N38.png,33,0.45961940777125593,0.45961940777125593
G2,W0028F0001T0006Z000C1N38.png,34,0.5200000000000005,0.5200000000000005
G2,W0028F0001T0006Z000C1N38.png,35,0.018287468402371693,0.018287468402371693
G2,W0028F0001T0006Z000C1N38.png,36,0.1625,0.1625
G2,W0028F0001T0006Z000C1N38.png,37,0.07341001711105177,0.07341001711105177
G2,W0028F0001T0006Z000C1N38.png,38,0.0,0.0
G2,W0028F0001T0006Z000C1N38.png,39,0.14630874888399503,0.14630874888399503
G2,W0028F0001T0006Z000C1N38.png,40,0.5138701197773617,0.5138701197773617
G2,W0028F0001T0006Z000C1N38.png,41,0.325,0.325
G2,W0028F0001T0006Z000C1N38.png,42,0.325,0.325
G2,W0028F0001T0006Z000C1N38.png,43,0.325,0.325
G2,W0028F0001T0006Z000C1N38.png,44,0.0,0.0
G2,W0028F0001T0006Z000C1N38.png,45,0.0541666666666659,0.0541666666666659
G2,W0028F0001T0006Z000C1N38.png,46,0.1625,0.1625
G2,W0028F0001T0006Z000C1N38.png,47,0.11490485194281398,0.11490485194281398
G2,W0028F0001T0006Z000C1N38.png,48,0.0,0.0
G2,W0028F0001T0006Z000C1N38.png,49,0.060937500000000006,0.060937500000000006
G2,W0028F0001T0006Z000C1N38.png,50,0.0,0.0
G2,W0028F0001T0006Z000C1N38.png,51,0.0,0.0
G2,W0028F0001T0006Z000C1N38.png,52,0.08125,0.08125
G2,W0028F0001T0006Z000C1N38.png,53,0.0,0.0
G2,W0028F0001T0006Z000C1N38.png,54,0.11490485194281398,0.11490485194281398
G2,W0028F0001T0006Z000C1N38.png,55,0.6894291116568838,0.6894291116568838
G2,W0028F0001T0006Z000C1N38.png,56,0.0,0.0
G2,W0028F0001T0006Z000C1N38.png,57,0.0,0.0
G2,W0028F0001T0006Z000C1N38.png,58,0.0,0.0
G2,W0028F0001T0006Z000C1N38.png,59,0.06724345721532957,0.06724345721532957
G2,W0028F0001T0006Z000C1N38.png,60,0.5416666666666673,0.5416666666666673
G2,W0028F0001T0006Z000C1N38.png,61,0.07660323462854238,0.07660323462854238
G2,W0028F0001T0006Z000C1N38.png,62,0.0,0.0
G2,W0028F0001T0006Z000C1N38.png,63,0.04924493654691969,0.04924493654691969
G2,W0028F0001T0006Z000C1N38.png,64,1.5607615328742568,1.5607615328742568
G2,W0028F0001T0006Z000C1N38.png,65,0.02878583161708366,0.02878583161708366
G2,W0028F0001T0006Z000C1N38.png,66,0.0,0.0
G2,W0028F0001T0006Z000C1N38.png,67,0.07267220926874421,0.07267220926874421
G2,W0028F0001T0006Z000C1N38.png,68,0.0585902082262897,0.0585902082262897
G2,W0028F0001T0006Z000C1N38.png,69,0.0,0.0
G2,W0028F0001T0006Z000C1N38.png,70,0.04861607117551907,0.04861607117551907
G2,W0028F0001T0006Z000C1N38.png,71,0.0,0.0
G2,W0028F0001T0006Z000C1N38.png,72,0.06918188211157696,0.06918188211157696
G2,W0028F0001T0006Z000C1N38.png,73,0.06731456008918203,0.06731456008918203
G2,W0028F0001T0006Z000C1N38.png,74,0.325,0.325
G2,W0028F0001T0006Z000C1N38.png,75,0.8750892811593569,0.8750892811593569
G2,W0028F0001T0006Z000C1N38.png,76,0.897435582646465,0.897435582646465
G2,W0028F0001T0006Z000C1N38.png,77,0.0,0.0
G2,W0028F0001T0006Z000C1N38.png,78,0.0,0.0
G2,W0028F0001T0006Z000C1N38.png,79,0.040625,0.040625
G2,W0028F0001T0006Z000C1N38.png,80,0.1712900399257877,0.1712900399257877
G2,W0028F0001T0006Z000C1N38.png,81,0.0,0.0
G2,W0028F0001T0006Z000C1N38.png,82,0.1625,0.1625
G2,W0028F0001T0006Z000C1N38.png,83,0.5859020822628983,0.5859020822628983
G2,W0028F0001T0006Z000C1N38.png,84,1.4189702472215546,1.4189702472215546
G2,W0028F0001T0006Z000C1N38.png,85,0.36336104634371585,0.36336104634371585
G2,W0028F0001T0006Z000C1N38.png,86,0.2569350598886809,0.2569350598886809
G2,W0028F0001T0006Z000C1N38.png,87,0.9884489111734607,0.9884489111734607
G2,W0028F0001T0006Z000C1N38.png,88,0.325,0.325
G2,W0028F0001T0006Z000C1N38.png,89,0.9192388155425119,0.9192388155425119
G2,W0028F0001T0006Z000C1N38.png,90,0.5859020822628983,0.5859020822628983
G2,W0028F0001T0006Z000C1N38.png,91,0.5138701197773617,0.5138701197773617
G2,W0028F0001T0006Z000C1N38.png,92,0.22980970388562796,0.22980970388562796
G2,W0028F0001T0006Z000C1N38.png,93,0.325,0.325
G2,W0028F0001T0006Z000C1N38.png,94,0.0,0.0
G2,W0028F0001T0006Z000C1N38.png,95,0.06964285714285748,0.06964285714285748
G2,W0028F0001T0006Z000C1N38.png,96,0.325,0.325
G2,W0028F0001T0006Z000C1N38.png,97,0.36336104634371585,0.36336104634371585
G2,W0028F0001T0006Z000C1N38.png,98,0.09211916442134292,0.09211916442134292
G2,W0028F0001T0006Z000C1N38.png,99,0.1625,0.1625
G2,W0028F0001T0006Z000C1N38.png,100,0.0,0.0
G2,W0028F0001T0006Z000C1N38.png,101,0.08125,0.08125
G2,W0028F0001T0006Z000C1N38.png,102,0.0,0.0
G2,W0028F0001T0006Z000C1N38.png,103,0.08125,0.08125
G2,W0028F0001T0006Z000C1N38.png,104,0.0,0.0
G2,W0028F0001T0006Z000C1N38.png,105,0.09084026158592896,0.09084026158592896
G2,W0028F0001T0006Z000C1N38.png,106,0.06468725464886792,0.06468725464886792
G2,W0028F0001T0006Z000C1N38.png,107,0.0,0.0
G2,W0028F0001T0006Z000C1N38.png,108,0.0,0.0
G2,W0028F0001T0006Z000C1N38.png,109,0.08385254915624259,0.08385254915624259
G2,W0028F0001T0006Z000C1N38.png,110,0.08125,0.08125
G2,W0028F0001T0006Z000C1N38.png,111,0.010445895631161937,0.010445895631161937
G2,W0028F0001T0006Z000C1N38.png,112,0.0766032346285432,0.0766032346285432
G2,W0028F0001T0006Z000C1N38.png,113,0.0,0.0
G2,W0028F0001T0006Z000C1N38.png,114,0.07660323462854483,0.07660323462854483
G2,W0028F0001T0006Z000C1N12.png,1,1.5775896369144926,1.5775896369144926
G2,W0028F0001T0006Z000C1N12.png,2,1.4224552387509424,1.4224552387509424
G2,W0028F0001T0006Z000C1N12.png,3,0.09027777777777755,0.09027777777777755
G2,W0028F0001T0006Z000C1N12.png,4,0.9475296829123614,0.9475296829123614
G2,W0028F0001T0006Z000C1N12.png,5,0.0715292760241021,0.0715292760241021
G2,W0028F0001T0006Z000C1N12.png,6,0.03425800798515787,0.03425800798515787
G2,W0028F0001T0006Z000C1N12.png,7,0.07621139965675583,0.07621139965675583
G2,W0028F0001T0006Z000C1N12.png,8,0.0,0.0
G2,W0028F0001T0006Z000C1N12.png,9,1.2514873963108857,1.2514873963108857
G2,W0028F0001T0006Z000C1N12.png,10,0.09263925328930431,0.09263925328930431
G2,W0028F0001T0006Z000C1N12.png,11,0.08370029746612866,0.08370029746612866
G2,W0028F0001T0006Z000C1N12.png,12,0.7409380524246709,0.7409380524246709
G2,W0028F0001T0006Z000C1N12.png,13,4.390508227984546,4.390508227984546
G2,W0028F0001T0006Z000C1N12.png,14,0.6345827861674157,0.6345827861674157
G2,W0028F0001T0006Z000C1N12.png,15,4.015737811861117,4.015737811861117
G2,W0028F0001T0006Z000C1N12.png,16,2.4157361714392573,2.4157361714392573
G2,W0028F0001T0006Z000C1N12.png,17,0.0,0.0
G2,W0028F0001T0006Z000C1N12.png,18,0.07660323462854401,0.07660323462854401
G2,W0028F0001T0006Z000C1N12.png,19,1.5458866792232864,1.5458866792232864
G2,W0028F0001T0006Z000C1N12.png,20,0.046428571428571264,0.046428571428571264
G2,W0028F0001T0006Z000C1N12.png,21,1.0931069538247389,1.0931069538247389
G2,W0028F0001T0006Z000C1N12.png,22,1.6536365649346572,1.6536365649346572
G2,W0028F0001T0006Z000C1N12.png,23,0.14063217382987345,0.14063217382987345
G2,W0028F0001T0006Z000C1N12.png,24,1.0900831390311476,1.0900831390311476
G2,W0028F0001T0006Z000C1N12.png,25,0.7665109669795991,0.7665109669795991
G2,W0028F0001T0006Z000C1N12.png,26,1.2428860064382414,1.2428860064382414
G2,W0028F0001T0006Z000C1N12.png,27,0.0,0.0
G2,W0028F0001T0006Z000C1N12.png,28,0.0585902082262897,0.0585902082262897
G2,W0028F0001T0006Z000C1N12.png,29,0.032829957697947144,0.032829957697947144
G2,W0028F0001T0006Z000C1N12.png,30,0.07267220926874214,0.07267220926874214
G2,W0028F0001T0006Z000C1N12.png,31,0.11490485194281398,0.11490485194281398
G2,W0028F0001T0006Z000C1N12.png,32,1.9186013786089076,1.9186013786089076
G2,W0028F0001T0006Z000C1N12.png,33,1.1375,1.1375
G2,W0028F0001T0006Z000C1N12.png,34,0.07267220926874421,0.07267220926874421
G2,W0028F0001T0006Z000C1N12.png,35,0.8750892811593569,0.8750892811593569
G2,W0028F0001T0006Z000C1N12.png,36,0.9263925328930496,0.9263925328930496
G2,W0028F0001T0006Z000C1N12.png,37,3.3258509771518963,3.3258509771518963
G2,W0028F0001T0006Z000C1N12.png,38,2.483646512690565,2.483646512690565
G2,W0028F0001T0006Z000C1N12.png,39,1.4720607632244669,1.4720607632244669
G2,W0028F0001T0006Z000C1N12.png,40,0.07660323462854238,0.07660323462854238
G2,W0028F0001T0006Z000C1N12.png,41,1.040507688582838,1.040507688582838
G2,W0028F0001T0006Z000C1N12.png,42,0.08125,0.08125
G2,W0028F0001T0006Z000C1N12.png,43,0.04642857142857242,0.04642857142857242
G2,W0028F0001T0006Z000C1N12.png,44,0.34590941055788005,0.34590941055788005
G2,W0028F0001T0006Z000C1N12.png,45,1.8308368945834321,1.8308368945834321
G2,W0028F0001T0006Z000C1N12.png,46,0.02271006539648224,0.02271006539648224
G2,W0028F0001T0006Z000C1N12.png,47,0.9917826437783633,0.9917826437783633
G2,W0028F0001T0006Z000C1N12.png,48,0.07660323462854156,0.07660323462854156
G2,W0028F0001T0006Z000C1N12.png,49,0.0766032346285432,0.0766032346285432
G2,W0028F0001T0006Z000C1N12.png,50,1.4715000849473303,1.4715000849473303
G2,W0028F0001T0006Z000C1N12.png,51,0.0,0.0
G2,W0028F0001T0006Z000C1N12.png,52,0.49422445558673034,0.49422445558673034
G2,W0028F0001T0006Z000C1N12.png,53,0.6285029386387561,0.6285029386387561
G2,W0028F0001T0006Z000C1N12.png,54,0.6809990937035086,0.6809990937035086
G2,W0028F0001T0006Z000C1N12.png,55,0.0,0.0
G2,W0028F0001T0006Z000C1N12.png,56,0.9192388155425119,0.9192388155425119
G2,W0028F0001T0006Z000C1N12.png,57,0.1354166666666673,0.1354166666666673
G2,W0028F0001T0006Z000C1N12.png,58,0.08125,0.08125
G2,W0028F0001T0006Z000C1N12.png,59,1.5607615328742568,1.5607615328742568
G2,W0028F0001T0006Z000C1N12.png,60,0.6550584420492571,0.6550584420492571
G2,W0028F0001T0006Z000C1N12.png,61,0.04542013079296448,0.04542013079296448
G2,W0028F0001T0006Z000C1N12.png,62,0.0,0.0
G2,W0028F0001T0006Z000C1N12.png,63,0.0,0.0
G2,W0028F0001T0006Z000C1N12.png,64,0.06936717923885517,0.06936717923885517
G2,W0028F0001T0006Z000C1N12.png,65,0.046428571428571264,0.046428571428571264
G2,W0028F0001T0006Z000C1N12.png,66,0.07660323462854238,0.07660323462854238
G2,W0028F0001T0006Z000C1N12.png,67,0.08125,0.08125
G2,W0028F0001T0006Z000C1N12.png,68,0.08125,0.08125
G2,W0028F0001T0006Z000C1N12.png,69,0.0,0.0
G2,W0028F0001T0006Z000C1N12.png,70,0.0,0.0
G2,W0028F0001T0006Z000C1N12.png,71,0.07267220926874421,0.07267220926874421
G2,W0028F0001T0006Z000C1N12.png,72,0.04642857142857242,0.04642857142857242
G2,W0028F0001T0006Z000C1N12.png,73,0.0,0.0
G2,W0028F0001T0006Z000C1N12.png,74,0.0,0.0
G2,W0028F0001T0006Z000C1N12.png,75,0.07660323462854238,0.07660323462854238
G2,W0028F0001T0006Z000C1N12.png,76,0.0,0.0
G2,W0028F0001T0006Z000C1N12.png,77,0.07267220926874421,0.07267220926874421
G2,W0028F0001T0006Z000C1N12.png,78,0.0,0.0
G2,W0028F0001T0006Z000C1N12.png,79,0.0,0.0
G2,W0028F0001T0006Z000C1N12.png,80,0.08125,0.08125
G2,W0028F0001T0006Z000C1N12.png,81,0.5443682628107146,0.5443682628107146
G2,W0028F0001T0006Z000C1N12.png,82,0.045961940777125836,0.045961940777125836
G2,W0028F0001T0006Z000C1N12.png,83,0.08125,0.08125
G2,W0028F0001T0006Z000C1N12.png,84,0.07323776028286229,0.07323776028286229
G2,W0028F0001T0006Z000C1N12.png,85,0.520253844291419,0.520253844291419
G2,W0028F0001T0006Z000C1N12.png,86,0.09475296829123589,0.09475296829123589
G2,W0028F0001T0006Z000C1N12.png,87,0.8453514893965706,0.8453514893965706
G2,W0028F0001T0006Z000C1N12.png,88,0.072747245126903,0.072747245126903
G2,W0028F0001T0006Z000C1N12.png,89,0.7665109669795991,0.7665109669795991
G2,W0028F0001T0006Z000C1N12.png,90,0.07267220926874214,0.07267220926874214
G2,W0028F0001T0006Z000C1N12.png,91,1.6025004875194266,1.6025004875194266
G2,W0028F0001T0006Z000C1N12.png,92,0.040625,0.040625
G2,W0028F0001T0006Z000C1N12.png,93,1.0562500000000001,1.0562500000000001
G2,W0028F0001T0006Z000C1N61.png,1,0.08750892811593587,0.08750892811593587
G2,W0028F0001T0006Z000C1N61.png,2,0.0,0.0
G2,W0028F0001T0006Z000C1N61.png,3,0.028726212985703495,0.028726212985703495
G2,W0028F0001T0006Z000C1N61.png,4,0.0,0.0
G2,W0028F0001T0006Z000C1N61.png,5,0.02708333333333295,0.02708333333333295
G2,W0028F0001T0006Z000C1N61.png,6,0.08125,0.08125
G2,W0028F0001T0006Z000C1N61.png,7,1.3226541734331012,1.3226541734331012
G2,W0028F0001T0006Z000C1N61.png,8,0.08750892811593587,0.08750892811593587
G2,W0028F0001T0006Z000C1N61.png,9,0.08125,0.08125
G2,W0028F0001T0006Z000C1N61.png,10,0.030280087195310383,0.030280087195310383
G2,W0028F0001T0006Z000C1N61.png,11,0.33500233208143493,1.8330835530602527
G2,W0028F0001T0006Z000C1N61.png,12,0.08125,0.08125
G2,W0028F0001T0006Z000C1N61.png,13,1.412069873104943,1.995483580335291
G2,W0028F0001T0006Z000C1N61.png,14,1.3223768583711515,3.196292339918586
G2,W0028F0001T0006Z000C1N61.png,15,0.7490879871550471,1.3226541734331012
G2,W0028F0001T0006Z000C1N61.png,16,1.7027326476542801,2.560947140239728
G2,W0028F0001T0006Z000C1N61.png,17,1.6523053129558791,2.7643580352809276
G2,W0028F0001T0006Z000C1N61.png,18,1.2800994156271173,1.2800994156271173
G2,W0028F0001T0006Z000C1N61.png,19,1.7235727791422097,2.4563851743975333
G2,W0028F0001T0006Z000C1N61.png,20,0.19500000000000048,0.19500000000000048
G2,W0028F0001T0006Z000C1N61.png,21,2.0714766773970688,2.2310486603837223
G2,W0028F0001T0006Z000C1N61.png,22,2.25129537471153,4.200355593779832
G2,W0028F0001T0006Z000C1N61.png,23,2.965346733520382,3.3500233208143495
G2,W0028F0001T0006Z000C1N61.png,24,2.793688827630057,4.4281250000000005
G2,W0028F0001T0006Z000C1N61.png,25,4.774354595707733,4.948177624697356
G2,W0028F0001T0006Z000C1N61.png,26,1.6451871094194728,2.1465997822137224
G2,W0028F0001T0006Z000C1N61.png,27,1.4341385819446535,2.9169642705311896
G2,W0028F0001T0006Z000C1N61.png,28,0.08838834764831874,0.08838834764831874
G2,W0028F0001T0006Z000C1N61.png,29,0.5162649706267067,0.5162649706267067
G2,W0028F0001T0006Z000C1N61.png,30,3.4421722567357564,3.4421722567357564
G2,W0028F0001T0006Z000C1N88.png,1,1.868396705734626,2.9689065748184134
G2,W0028F0001T0006Z000C1N88.png,2,3.0422673493629717,3.854025898330212
G2,W0028F0001T0006Z000C1N88.png,3,0.0,0.0
G2,W0028F0001T0006Z000C1N88.png,4,0.0,0.0
G2,W0028F0001T0006Z000C1N88.png,5,0.08125,0.08125
G2,W0028F0001T0006Z000C1N88.png,6,0.0,0.0
G2,W0028F0001T0006Z000C1N88.png,7,0.0,0.0
G2,W0028F0001T0006Z000C1N88.png,8,0.08125,0.08125
G2,W0028F0001T0006Z000C1N88.png,9,2.6824807781231166,4.251479521884117
G2,W0028F0001T0006Z000C1N88.png,10,0.08125,0.08125
G2,W0028F0001T0006Z000C1N88.png,11,0.5110073113197332,1.898926048820462
G2,W0028F0001T0006Z000C1N88.png,12,0.0,0.0
G2,W0028F0001T0006Z000C1N88.png,13,0.5138701197773617,1.14904851942814
G2,W0028F0001T0006Z000C1N88.png,14,0.0,0.22980970388562796
G2,W0028F0001T0006Z000C1N88.png,15,0.1027740239554716,0.262023376819702
G2,W0028F0001T0006Z000C1N88.png,16,0.07660323462854156,0.12112034878123895
G2,W0028F0001T0006Z000C1N88.png,17,0.08125,0.18168052317185793
G2,W0028F0001T0006Z000C1N88.png,18,0.49422445558673034,0.8165523942160723
G2,W0028F0001T0006Z000C1N88.png,19,0.07267220926874421,0.07267220926874421
G2,W0028F0001T0006Z000C1N88.png,20,0.08125,0.08125
G2,W0028F0001T0006Z000C1N88.png,21,0.040625,0.040625
G2,W0028F0001T0006Z000C1N88.png,22,0.11607142857142759,0.2785714285714276
G2,W0028F0001T0006Z000C1N88.png,23,0.08891329959954858,0.08891329959954858
G2,W0028F0001T0006Z000C1N88.png,24,0.08286398498573438,0.08286398498573438
G2,W0028F0001T0006Z000C1N88.png,25,0.08125,0.08125
G2,W0028F0001T0006Z000C1N88.png,26,0.43754464057967846,0.8165523942160723
G2,W0028F0001T0006Z000C1N88.png,27,0.45961940777125593,0.5859020822628983
G2,W0028F0001T0006Z000C1N88.png,28,0.40625,3.0455205322735885
G2,W0028F0001T0006Z000C1N88.png,29,1.0305911194821904,1.3809844515980452
G2,W0028F0001T0006Z000C1N88.png,30,0.18168052317185793,0.18168052317185793
G2,W0028F0001T0006Z000C1N88.png,31,2.0580482258683825,2.145984622498492
G2,W0028F0001T0006Z000C1N88.png,32,3.093907824257213,3.5397408980036946
G2,W0028F0001T0006Z000C1N88.png,33,0.9285714285714299,2.4533667257090466
G2,W0028F0001T0006Z000C1N88.png,34,1.21875,1.8545657342084156
G2,W0028F0001T0006Z000C1N88.png,35,5.392297032244293,6.070346519539386
G2,W0028F0001T0006Z000C1N88.png,36,6.646406715077118,7.335734692055201
G2,W0028F0001T0006Z000C1N76.png,1,1.598816703419819,1.598816703419819
G2,W0028F0001T0006Z000C1N76.png,2,0.8840955830678046,0.8840955830678046
G2,W0028F0001T0006Z000C1N76.png,3,0.49422445558673034,0.49422445558673034
G2,W0028F0001T0006Z000C1N76.png,4,0.5362226423997996,0.5362226423997996
G2,W0028F0001T0006Z000C1N76.png,5,1.1363530372681894,1.1363530372681894
G2,W0028F0001T0006Z000C1N76.png,6,0.06510023136254514,0.06510023136254514
G2,W0028F0001T0006Z000C1N76.png,7,1.4025924657576057,1.4025924657576057
G2,W0028F0001T0006Z000C1N76.png,8,0.7665109669795991,0.7665109669795991
G2,W0028F0001T0006Z000C1N76.png,9,0.09913511990017372,0.09913511990017372
G2,W0028F0001T0006Z000C1N76.png,10,0.07660323462854238,0.07660323462854238
G2,W0028F0001T0006Z000C1N76.png,11,0.07595405467406399,0.07595405467406399
G2,W0028F0001T0006Z000C1N76.png,12,0.08125,0.08125
G2,W0028F0001T0006Z000C1N76.png,13,1.1391310850408087,1.1391310850408087
G2,W0028F0001T0006Z000C1N76.png,14,2.476969536837252,2.476969536837252
G2,W0028F0001T0006Z000C1N76.png,15,1.022014622639466,1.022014622639466
G2,W0028F0001T0006Z000C1N76.png,16,2.03125,2.03125
G2,W0028F0001T0006Z000C1N76.png,17,0.06380996801551118,0.06380996801551118
G2,W0028F0001T0006Z000C1N76.png,18,0.040625,0.040625
G2,W0028F0001T0006Z000C1N76.png,19,0.08125,0.08125
G2,W0028F0001T0006Z000C1N76.png,20,0.11633229613912102,0.11633229613912102
G2,W0028F0001T0006Z000C1N76.png,21,0.04596194077712625,0.04596194077712625
G2,W0028F0001T0006Z000C1N76.png,22,0.0,0.0
G2,W0028F0001T0006Z000C1N76.png,23,1.3400093283257397,1.3400093283257397
G2,W0028F0001T0006Z000C1N76.png,24,1.6127664508539357,1.6127664508539357
G2,W0028F0001T0006Z000C1N76.png,25,0.12112034878123895,0.12112034878123895
G2,W0028F0001T0006Z000C1N76.png,26,0.0,0.0
G2,W0028F0001T0006Z000C1N76.png,27,2.1634481303003317,2.1634481303003317
G2,W0028F0001T0006Z000C1N76.png,28,0.06768069163659729,0.06768069163659729
G2,W0028F0001T0006Z000C1N76.png,29,0.08125,0.08125
G2,W0028F0001T0006Z000C1N76.png,30,0.0,0.0
G2,W0028F0001T0006Z000C1N76.png,31,0.0,0.0
G2,W0028F0001T0006Z000C1N76.png,32,0.0,0.0
G2,W0028F0001T0006Z000C1N76.png,33,0.07998965899806819,0.07998965899806819
G2,W0028F0001T0006Z000C1N76.png,34,0.05153882032022072,0.05153882032022072
G2,W0028F0001T0006Z000C1N76.png,35,0.0,0.0
G2,W0028F0001T0006Z000C1N76.png,36,0.03590776623212937,0.03590776623212937
G2,W0028F0001T0006Z000C1N76.png,37,0.09013878188660039,0.09013878188660039
G2,W0028F0001T0006Z000C1N76.png,38,0.03830161731427242,0.03830161731427242
G2,W0028F0001T0006Z000C1N76.png,39,0.1625,0.1625
G2,W0028F0001T0006Z000C1N76.png,40,0.07642695622384689,0.07642695622384689
G2,W0028F0001T0006Z000C1N76.png,41,0.08125,0.08125
G2,W0028F0001T0006Z000C1N76.png,42,0.095588235294118,0.095588235294118
G2,W0028F0001T0006Z000C1N76.png,43,0.12638888888888786,0.12638888888888786
G2,W0028F0001T0006Z000C1N76.png,44,0.07367463192231789,0.07367463192231789
G2,W0028F0001T0006Z000C1N76.png,45,0.08125,0.08125
G2,W0028F0001T0006Z000C1N76.png,46,0.0789608069093641,0.0789608069093641
G2,W0028F0001T0006Z000C1N76.png,47,0.03628574271878358,0.03628574271878358
G2,W0028F0001T0006Z000C1N76.png,48,0.07660323462854156,0.07660323462854156
G2,W0028F0001T0006Z000C1N76.png,49,0.06056017439061896,0.06056017439061896
G2,W0028F0001T0006Z000C1N76.png,50,0.1044589563116504,0.1044589563116504
G2,W0028F0001T0006Z000C1N76.png,51,0.06187815648514377,0.06187815648514377
G2,W0028F0001T0006Z000C1N76.png,52,0.138098445159804,0.138098445159804
G2,W0028F0001T0006Z000C1N76.png,53,1.2095066142853466,1.2095066142853466
G2,W0028F0001T0006Z000C1N76.png,54,0.09109224615206214,0.09109224615206214
G2,W0028F0001T0006Z000C1N76.png,55,0.07660323462854156,0.07660323462854156
G2,W0028F0001T0006Z000C1N76.png,56,0.07267220926874421,0.07267220926874421
G2,W0028F0001T0006Z000C1N76.png,57,0.08125,0.08125
G2,W0028F0001T0006Z000C1N76.png,58,0.0766032346285432,0.0766032346285432
G2,W0028F0001T0006Z000C1N76.png,59,0.06993614227163024,0.06993614227163024
G2,W0028F0001T0006Z000C1N76.png,60,0.08125,0.08125
G2,W0028F0001T0006Z000C1N76.png,61,0.07267220926874421,0.07267220926874421
G2,W0028F0001T0006Z000C1N76.png,62,0.04642857142857011,0.04642857142857011
G2,W0028F0001T0006Z000C1N76.png,63,0.03942568353447553,0.03942568353447553
G2,W0028F0001T0006Z000C1N76.png,64,1.627029982053189,1.627029982053189
G2,W0028F0001T0006Z000C1N76.png,65,1.1467011246997871,1.1467011246997871
G2,W0028F0001T0006Z000C1N76.png,66,0.7367463192231677,0.7367463192231677
G2,W0028F0001T0006Z000C1N76.png,67,0.8750892811593569,0.8750892811593569
G2,W0028F0001T0006Z000C1N76.png,68,0.05922060518202259,0.05922060518202259
G2,W0028F0001T0006Z000C1N76.png,69,0.0,0.0
G2,W0028F0001T0006Z000C1N76.png,70,0.08125,0.08125
G2,W0028F0001T0006Z000C1N76.png,71,0.05138701197773544,0.05138701197773544
G2,W0028F0001T0006Z000C1N76.png,72,0.0,0.0
G2,W0028F0001T0006Z000C1N76.png,73,1.4534441853748634,1.4534441853748634
G2,W0028F0001T0006Z000C1N76.png,74,2.8789978242822998,2.8789978242822998
G2,W0028F0001T0006Z000C1N76.png,75,2.930636929491608,2.930636929491608
G2,W0028F0002T0006Z000C1N8.png,1,0.0,0.0
G2,W0028F0002T0006Z000C1N8.png,2,0.0,0.0
G2,W0028F0002T0006Z000C1N8.png,3,0.07181553246425874,0.07181553246425874
G2,W0028F0002T0006Z000C1N8.png,4,0.0,0.0
G2,W0028F0002T0006Z000C1N8.png,5,0.07905694150421032,0.07905694150421032
G2,W0028F0002T0006Z000C1N8.png,6,0.08222810917025974,0.08222810917025974
G2,W0028F0002T0006Z000C1N8.png,7,0.06904922257990079,0.06904922257990079
G2,W0028F0002T0006Z000C1N8.png,8,0.07267220926874322,0.07267220926874322
G2,W0028F0002T0006Z000C1N8.png,9,0.0,0.0
G2,W0028F0002T0006Z000C1N8.png,10,0.06250000000000024,0.06250000000000024
G2,W0028F0002T0006Z000C1N8.png,11,0.0,0.0
G2,W0028F0002T0006Z000C1N8.png,12,0.07341001711105186,0.07341001711105186
G2,W0028F0002T0006Z000C1N8.png,13,0.03190498400775559,0.03190498400775559
G2,W0028F0002T0006Z000C1N8.png,14,0.08125,0.08125
G2,W0028F0002T0006Z000C1N8.png,15,0.040625,0.040625
G2,W0028F0002T0006Z000C1N8.png,16,0.0305163890393351,0.0305163890393351
G2,W0028F0002T0006Z000C1N8.png,17,0.07742930037216178,0.07742930037216178
G2,W0028F0002T0006Z000C1N8.png,18,0.0,0.0
G2,W0028F0002T0006Z000C1N8.png,19,0.11490485194281398,0.11490485194281398
G2,W0028F0002T0006Z000C1N8.png,20,0.09027777777777735,0.09027777777777735
G2,W0028F0002T0006Z000C1N8.png,21,0.08125,0.08125
G2,W0028F0002T0006Z000C1N8.png,22,0.0766032346285438,0.0766032346285438
G2,W0028F0002T0006Z000C1N8.png,23,0.0,0.0
G2,W0028F0002T0006Z000C1N8.png,24,0.0,0.0
G2,W0028F0002T0006Z000C1N8.png,25,0.0,0.0
G2,W0028F0002T0006Z000C1N8.png,26,0.06500000000000006,0.06500000000000006
G2,W0028F0002T0006Z000C1N8.png,27,0.08074689918749213,0.08074689918749213
G2,W0028F0002T0006Z000C1N8.png,28,0.0,0.0
G2,W0028F0002T0006Z000C1N8.png,29,0.023214285714285632,0.023214285714285632
G2,W0028F0002T0006Z000C1N8.png,30,0.08125,0.08125
G2,W0028F0002T0006Z000C1N8.png,31,0.05745242597140699,0.05745242597140699
G2,W0028F0002T0006Z000C1N8.png,32,0.07827036476215007,0.07827036476215007
G2,W0028F0002T0006Z000C1N8.png,33,0.07267220926874317,0.07267220926874317
G2,W0028F0002T0006Z000C1N8.png,34,0.08125,0.08125
G2,W0028F0002T0006Z000C1N8.png,35,0.046715465434304555,0.046715465434304555
G2,W0028F0002T0006Z000C1N8.png,36,0.0,0.0
G2,W0028F0002T0006Z000C1N8.png,37,0.0,0.0
G2,W0028F0002T0006Z000C1N8.png,38,0.0766032346285438,0.0766032346285438
G2,W0028F0002T0006Z000C1N8.png,39,0.0,0.0
G2,W0028F0002T0006Z000C1N8.png,40,0.07222222222222197,0.07222222222222197
G2,W0028F0002T0006Z000C1N8.png,41,0.0,0.0
G2,W0028F0002T0006Z000C1N8.png,42,0.0,0.0
G2,W0028F0002T0006Z000C1N8.png,43,0.0,0.0
G2,W0028F0002T0006Z000C1N8.png,44,0.0,0.0
G2,W0028F0002T0006Z000C1N8.png,45,0.040625,0.040625
G2,W0028F0002T0006Z000C1N8.png,46,0.08125,0.08125
G2,W0028F0002T0006Z000C1N8.png,47,0.08125,0.08125
G2,W0028F0002T0006Z000C1N8.png,48,0.0,0.0
G2,W0028F0002T0006Z000C1N8.png,49,0.09084026158592896,0.09084026158592896
G2,W0028F0002T0006Z000C1N8.png,50,0.0,0.0
G2,W0028F0002T0006Z000C1N8.png,51,0.0,0.0
G2,W0028F0002T0006Z000C1N8.png,52,0.07267220926874317,0.07267220926874317
G2,W0028F0002T0006Z000C1N8.png,53,0.08125,0.08125
G2,W0028F0002T0006Z000C1N8.png,54,0.0,0.0
G2,W0028F0002T0006Z000C1N8.png,55,0.0,0.0
G2,W0028F0002T0006Z000C1N8.png,56,0.0,0.0
G2,W0028F0002T0006Z000C1N8.png,57,0.03249999999999988,0.03249999999999988
G2,W0028F0002T0006Z000C1N8.png,58,0.0,0.0
G2,W0028F0002T0006Z000C1N8.png,59,0.0,0.0
G2,W0028F0002T0006Z000C1N8.png,60,0.05745242597140699,0.05745242597140699
G2,W0028F0002T0006Z000C1N8.png,61,0.08125,0.08125
G2,W0028F0002T0006Z000C1N8.png,62,0.10528107587915138,0.10528107587915138
G2,W0028F0002T0006Z000C1N8.png,63,0.09024092218212876,0.09024092218212876
G2,W0028F0002T0006Z000C1N8.png,64,0.0,0.0
G2,W0028F0002T0006Z000C1N8.png,65,0.07582392657590406,0.07582392657590406
G2,W0028F0002T0006Z000C1N8.png,66,0.0,0.0
G2,W0028F0002T0006Z000C1N8.png,67,0.014268292682926554,0.014268292682926554
G2,W0028F0002T0006Z000C1N8.png,68,0.0,0.0
G2,W0028F0002T0006Z000C1N8.png,69,0.0,0.0
G2,W0028F0002T0006Z000C1N8.png,70,0.07050919846304568,0.07050919846304568
G2,W0028F0002T0006Z000C1N8.png,71,0.08125,0.08125
G2,W0028F0002T0006Z000C1N8.png,72,0.05190872090624597,0.05190872090624597
G2,W0028F0002T0006Z000C1N8.png,73,0.0,0.0
G2,W0028F0002T0006Z000C1N8.png,74,0.08125,0.08125
G2,W0028F0002T0006Z000C1N8.png,75,0.0,0.0
G2,W0028F0002T0006Z000C1N8.png,76,0.04671546543430566,0.04671546543430566
G2,W0028F0002T0006Z000C1N8.png,77,0.0,0.0
G2,W0028F0002T0006Z000C1N8.png,78,0.03385416666666636,0.03385416666666636
G2,W0028F0002T0006Z000C1N8.png,79,0.0,0.0
G2,W0028F0002T0006Z000C1N8.png,80,0.07682953714410712,0.07682953714410712
G2,W0028F0002T0006Z000C1N8.png,81,0.0,0.0
G2,W0028F0002T0006Z000C1N8.png,82,0.08125,0.08125
G2,W0028F0002T0006Z000C1N8.png,83,0.0,0.0
G2,W0028F0002T0006Z000C1N8.png,84,0.0,0.0
G2,W0028F0002T0006Z000C1N8.png,85,0.08125,0.08125
G2,W0028F0002T0006Z000C1N8.png,86,0.0,0.0
G2,W0028F0002T0006Z000C1N8.png,87,0.0,0.0
G2,W0028F0002T0006Z000C1N8.png,88,0.023674019170252584,0.023674019170252584
G2,W0028F0002T0006Z000C1N8.png,89,0.0,0.0
G2,W0028F0002T0006Z000C1N8.png,90,0.03830161731426997,0.03830161731426997
G2,W0028F0002T0006Z000C1N8.png,91,0.0,0.0
G2,W0028F0002T0006Z000C1N8.png,92,0.028726212985703495,0.028726212985703495
G2,W0028F0002T0006Z000C1N8.png,93,0.11490485194281398,0.11490485194281398
G2,W0028F0002T0006Z000C1N8.png,94,0.0,0.0
G2,W0028F0002T0006Z000C1N8.png,95,0.0,0.0
G2,W0028F0002T0006Z000C1N8.png,96,0.0,0.0
G2,W0028F0002T0006Z000C1N8.png,97,0.0,0.0
G2,W0028F0002T0006Z000C1N8.png,98,0.06250000000000012,0.06250000000000012
G2,W0028F0002T0006Z000C1N8.png,99,0.08125,0.08125
G2,W0028F0002T0006Z000C1N8.png,100,0.0,0.0
G2,W0028F0002T0006Z000C1N8.png,101,0.0,0.0
G2,W0028F0002T0006Z000C1N8.png,102,0.0,0.0
G2,W0028F0002T0006Z000C1N8.png,103,0.0,0.0
G2,W0028F0002T0006Z000C1N8.png,104,0.0,0.0
G2,W0028F0002T0006Z000C1N8.png,105,0.0,0.0
G2,W0028F0002T0006Z000C1N8.png,106,0.04596194077712594,0.04596194077712594
G2,W0028F0002T0006Z000C1N8.png,107,0.09192388155425106,0.09192388155425106
G2,W0028F0002T0006Z000C1N8.png,108,0.0,0.0
G2,W0028F0002T0006Z000C1N8.png,109,0.08573288488684179,0.08573288488684179
G2,W0028F0002T0006Z000C1N8.png,110,0.05416666666666705,0.05416666666666705
G2,W0028F0002T0006Z000C1N8.png,111,0.0,0.0
G2,W0028F0002T0006Z000C1N8.png,112,0.07660323462854278,0.07660323462854278
G2,W0028F0002T0006Z000C1N8.png,113,0.0,0.0
G2,W0028F0002T0006Z000C1N8.png,114,0.0,0.0
G2,W0028F0002T0006Z000C1N8.png,115,0.08564501996289349,0.08564501996289349
G2,W0028F0002T0006Z000C1N8.png,116,0.0,0.0
G2,W0028F0002T0006Z000C1N8.png,117,0.0,0.0
G2,W0028F0002T0006Z000C1N8.png,118,0.0,0.0
G2,W0028F0002T0006Z000C1N8.png,119,0.0657232142782264,0.0657232142782264
G2,W0028F0002T0006Z000C1N8.png,120,0.08125,0.08125
G2,W0028F0002T0006Z000C1N8.png,121,0.0848207772156786,0.0848207772156786
G2,W0028F0002T0006Z000C1N8.png,122,0.0,0.0
G2,W0028F0002T0006Z000C1N8.png,123,0.012704931690339599,0.012704931690339599
G2,W0028F0002T0006Z000C1N8.png,124,0.22333488805429028,0.22333488805429028
G2,W0028F0002T0006Z000C1N8.png,125,0.0,0.0
G2,W0028F0002T0006Z000C1N8.png,126,0.0,0.0
G2,W0028F0002T0006Z000C1N8.png,127,0.0,0.0
G2,W0028F0002T0006Z000C1N8.png,128,0.05471659616324521,0.05471659616324521
G2,W0028F0002T0006Z000C1N8.png,129,0.0,0.0
G2,W0028F0002T0006Z000C1N8.png,130,0.0,0.0
G2,W0028F0002T0006Z000C1N8.png,131,0.08586794730475988,0.08586794730475988
G2,W0028F0002T0006Z000C1N8.png,132,0.0,0.0
G2,W0028F0002T0006Z000C1N8.png,133,0.09192388155425167,0.09192388155425167
G2,W0028F0002T0006Z000C1N8.png,134,0.0,0.0
G2,W0028F0002T0006Z000C1N8.png,135,0.0383016173142716,0.0383016173142716
G2,W0028F0002T0006Z000C1N8.png,136,0.0,0.0
G2,W0028F0002T0006Z000C1N8.png,137,0.0,0.0
G2,W0028F0002T0006Z000C1N8.png,138,0.0,0.0
G2,W0028F0002T0006Z000C1N8.png,139,0.072672209268744,0.072672209268744
G2,W0028F0002T0006Z000C1N8.png,140,0.07267220926874317,0.07267220926874317
G2,W0028F0002T0006Z000C1N8.png,141,0.0,0.0
G2,W0028F0002T0006Z000C1N8.png,142,0.09084026158592896,0.09084026158592896
G2,W0028F0002T0006Z000C1N8.png,143,0.05745242597140699,0.05745242597140699
G2,W0028F0002T0006Z000C1N8.png,144,0.0,0.0
G2,W0028F0002T0006Z000C1N8.png,145,0.0,0.0
G2,W0028F0002T0006Z000C1N8.png,146,0.09848987309384101,0.09848987309384101
G2,W0028F0002T0006Z000C1N8.png,147,0.08125,0.08125
G2,W0028F0002T0006Z000C1N8.png,148,0.0,0.0
G2,W0028F0002T0006Z000C1N8.png,149,0.08356716504931917,0.08356716504931917
G2,W0028F0002T0006Z000C1N8.png,150,0.0,0.0
G2,W0028F0002T0006Z000C1N8.png,151,0.08125,0.08125
G2,W0028F0002T0006Z000C1N8.png,152,0.0,0.0
G2,W0028F0002T0006Z000C1N8.png,153,0.0,0.0
G2,W0028F0002T0006Z000C1N8.png,154,0.08125,0.08125
G2,W0028F0002T0006Z000C1N8.png,155,0.0,0.0
G2,W0028F0002T0006Z000C1N8.png,156,0.047794117647058945,0.047794117647058945
G2,W0028F0002T0006Z000C1N8.png,157,0.0,0.0
G2,W0028F0002T0006Z000C1N8.png,158,0.08125,0.08125
G2,W0028F0002T0006Z000C1N8.png,159,0.040625,0.040625
G2,W0028F0002T0006Z000C1N8.png,160,0.0,0.0
G2,W0028F0002T0006Z000C1N8.png,161,0.0766032346285421,0.0766032346285421
G2,W0028F0002T0006Z000C1N8.png,162,0.0,0.0
G2,W0028F0002T0006Z000C1N8.png,163,0.0,0.0
G2,W0028F0002T0006Z000C1N8.png,164,0.0,0.0
G2,W0028F0002T0006Z000C1N8.png,165,0.0,0.0
G2,W0028F0002T0006Z000C1N8.png,166,0.0,0.0
G2,W0028F0002T0006Z000C1N8.png,167,0.0,0.0
G2,W0028F0002T0006Z000C1N8.png,168,0.0,0.0
G2,W0028F0002T0006Z000C1N8.png,169,0.0,0.0
G2,W0028F0002T0006Z000C1N8.png,170,0.09545166434408417,0.09545166434408417
G2,W0028F0002T0006Z000C1N8.png,171,0.03869047619047605,0.03869047619047605
G2,W0028F0002T0006Z000C1N8.png,172,0.07660323462854238,0.07660323462854238
G2,W0028F0002T0006Z000C1N8.png,173,0.0,0.0
G2,W0028F0002T0006Z000C1N8.png,174,0.0,0.0
G2,W0028F0002T0006Z000C1N8.png,175,0.03303282239488368,0.03303282239488368
G2,W0028F0002T0006Z000C1N8.png,176,0.08125,0.08125
G2,W0028F0002T0006Z000C1N8.png,177,0.08125,0.08125
G2,W0028F0002T0006Z000C1N8.png,178,0.11490485194281398,0.11490485194281398
G2,W0028F0002T0006Z000C1N8.png,179,0.06090951492389675,0.06090951492389675
G2,W0028F0002T0006Z000C1N8.png,180,0.0,0.0
G2,W0028F0002T0006Z000C1N8.png,181,0.07660323462854217,0.07660323462854217
G2,W0028F0002T0006Z000C1N8.png,182,0.08125,0.08125
G2,W0028F0002T0006Z000C1N8.png,183,0.08799902982071406,0.08799902982071406
G2,W0028F0002T0006Z000C1N8.png,184,0.0541666666666659,0.0541666666666659
G2,W0028F0002T0006Z000C1N8.png,185,0.08125,0.08125
G2,W0028F0002T0006Z000C1N8.png,186,0.11490485194281398,0.11490485194281398
G2,W0028F0002T0006Z000C1N8.png,187,0.0,0.0
G2,W0028F0002T0006Z000C1N8.png,188,0.0,0.0
G2,W0028F0002T0006Z000C1N8.png,189,0.07323776028286229,0.07323776028286229
G2,W0028F0002T0006Z000C1N8.png,190,0.057349762175548546,0.057349762175548546
G2,W0028F0002T0006Z000C1N8.png,191,0.05326382566026243,0.05326382566026243
G2,W0028F0002T0006Z000C1N8.png,192,0.325,0.325
G2,W0028F0002T0006Z000C1N8.png,193,0.07267220926874421,0.07267220926874421
G2,W0028F0002T0006Z000C1N8.png,194,0.0541666666666659,0.0541666666666659
G2,W0028F0002T0006Z000C1N8.png,195,0.0,0.0
G2,W0028F0002T0006Z000C1N8.png,196,0.08125,0.08125
G2,W0028F0002T0006Z000C1N8.png,197,0.0,0.0
G2,W0028F0002T0006Z000C1N8.png,198,0.08125,0.08125
G2,W0028F0002T0006Z000C1N8.png,199,0.05450415695155789,0.05450415695155789
G2,W0028F0002T0006Z000C1N8.png,200,0.05745242597140699,0.05745242597140699
G2,W0028F0002T0006Z000C1N8.png,201,0.032500000000000466,0.032500000000000466
G2,W0028F0002T0006Z000C1N8.png,202,0.325,0.325
G2,W0028F0002T0006Z000C1N8.png,203,0.0,0.0
G2,W0028F0002T0006Z000C1N8.png,204,0.05138701197773544,0.05138701197773544
G2,W0028F0002T0006Z000C1N8.png,205,0.04785747601163332,0.04785747601163332
G2,W0028F0002T0006Z000C1N8.png,206,0.3830161731427124,0.3830161731427124
G2,W0028F0002T0006Z000C1N8.png,207,0.45961940777125593,0.45961940777125593
G2,W0028F0002T0006Z000C1N8.png,208,0.0707106781186546,0.0707106781186546
G2,W0028F0002T0006Z000C1N8.png,209,0.054166666666666766,0.054166666666666766
G2,W0028F0002T0006Z000C1N8.png,210,0.09387354637647087,0.09387354637647087
G2,W0028F0002T0006Z000C1N8.png,211,0.0,0.0
G2,W0028F0002T0006Z000C1N8.png,212,0.0,0.0
G2,W0028F0002T0006Z000C1N8.png,213,0.9884489111734607,0.9884489111734607
G2,W0028F0002T0006Z000C1N8.png,214,0.07886785713387255,0.07886785713387255
G2,W0028F0002T0006Z000C1N8.png,215,0.0744449626847632,0.0744449626847632
G2,W0028F0002T0006Z000C1N8.png,216,0.0,0.0
G2,W0028F0002T0006Z000C1N8.png,217,0.325,0.325
G2,W0028F0002T0006Z000C1N8.png,218,0.0,0.0
G2,W0028F0002T0006Z000C1N8.png,219,0.0,0.0
G2,W0028F0002T0006Z000C1N8.png,220,0.0,0.0
G2,W0028F0002T0006Z000C1N8.png,221,0.18168052317185793,0.18168052317185793
G2,W0028F0002T0006Z000C1N8.png,222,0.21305530264105446,0.21305530264105446
G2,W0028F0002T0006Z000C1N8.png,223,0.0,0.0
G2,W0028F0002T0006Z000C1N8.png,224,0.0,0.0
G2,W0028F0002T0006Z000C1N8.png,225,0.042822509981446565,0.042822509981446565
G2,W0028F0002T0006Z000C1N8.png,226,0.05583372201357183,0.05583372201357183
G2,W0028F0002T0006Z000C1N8.png,227,0.0,0.0
G2,W0028F0002T0006Z000C1N8.png,228,1.1155243301918611,1.1155243301918611
G2,W0028F0002T0006Z000C1N8.png,229,0.09027777777777939,0.09027777777777939
G2,W0028F0002T0006Z000C1N8.png,230,0.0,0.0
G2,W0028F0002T0006Z000C1N8.png,231,0.09984841827817373,0.09984841827817373
G2,W0028F0002T0006Z000C1N8.png,232,0.04642857142857141,0.04642857142857141
G2,W0028F0002T0006Z000C1N8.png,233,0.0837002974661274,0.0837002974661274
G2,W0028F0002T0006Z000C1N8.png,234,0.027083333333331794,0.027083333333331794
G2,W0028F0002T0006Z000C1N8.png,235,0.0,0.0
G2,W0028F0002T0006Z000C1N8.png,236,0.0,0.0
G2,W0028F0002T0006Z000C1N8.png,237,0.04419868320367473,0.04419868320367473
G2,W0028F0002T0006Z000C1N8.png,238,0.072672209268744,0.072672209268744
G2,W0028F0002T0006Z000C1N8.png,239,0.0,0.0
G2,W0028F0002T0006Z000C1N8.png,240,0.0,0.0
G2,W0028F0002T0006Z000C1N8.png,241,0.0,0.0
G2,W0028F0002T0006Z000C1N8.png,242,0.08285906709588256,0.08285906709588256
G2,W0028F0002T0006Z000C1N8.png,243,0.05326382566026403,0.05326382566026403
G2,W0028F0002T0006Z000C1N8.png,244,0.0,0.0
G2,W0028F0002T0006Z000C1N8.png,245,0.0,0.0
G2,W0028F0002T0006Z000C1N8.png,246,0.09765034704381723,0.09765034704381723
G2,W0028F0002T0006Z000C1N8.png,247,0.08125,0.08125
G2,W0028F0002T0006Z000C1N8.png,248,0.0,0.0
G2,W0028F0002T0006Z000C1N8.png,249,0.0,0.0
G2,W0028F0001T0006Z000C1N53(1).png,1,0.0,0.0
G2,W0028F0001T0006Z000C1N53(1).png,2,0.0,0.0
G2,W0028F0001T0006Z000C1N53(1).png,3,0.0,0.0
G2,W0028F0001T0006Z000C1N53(1).png,4,0.0,0.0
G2,W0028F0001T0006Z000C1N53(1).png,5,0.0,0.0
G2,W0028F0001T0006Z000C1N53(1).png,6,0.07660323462854238,0.07660323462854238
G2,W0028F0001T0006Z000C1N53(1).png,7,0.9343569763124135,0.9343569763124135
G2,W0028F0001T0006Z000C1N53(1).png,8,0.36336104634371585,0.36336104634371585
G2,W0028F0001T0006Z000C1N53(1).png,9,1.5176336203298715,1.5176336203298715
G2,W0028F0001T0006Z000C1N53(1).png,10,0.0,0.0
G2,W0028F0001T0006Z000C1N53(1).png,11,0.0,0.0
G2,W0028F0001T0006Z000C1N53(1).png,12,0.887077364157151,0.887077364157151
G2,W0028F0001T0006Z000C1N53(1).png,13,0.0,0.0
G2,W0028F0001T0006Z000C1N53(1).png,14,0.0,0.0
G2,W0028F0001T0006Z000C1N53(1).png,15,0.0,0.0
G2,W0028F0001T0006Z000C1N53(1).png,16,0.053263825660263074,0.053263825660263074
G2,W0028F0001T0006Z000C1N53(1).png,17,0.0,0.0
G2,W0028F0001T0006Z000C1N53(1).png,18,0.0,0.0
G2,W0028F0001T0006Z000C1N53(1).png,19,0.0,0.0
G2,W0028F0001T0006Z000C1N53(1).png,20,0.08552631578947358,0.08552631578947358
G2,W0028F0001T0006Z000C1N53(1).png,21,0.0,0.0
G2,W0028F0001T0006Z000C1N53(1).png,22,0.0,0.0
G2,W0028F0001T0006Z000C1N53(1).png,23,1.3101168840985142,1.3101168840985142
G2,W0028F0001T0006Z000C1N53(1).png,24,2.76963041279099,2.76963041279099
G2,W0028F0001T0006Z000C1N53(1).png,25,1.132046076938788,1.132046076938788
G2,W0028F0001T0006Z000C1N53(1).png,26,0.0,0.0
G2,W0028F0001T0006Z000C1N53(1).png,27,1.3400093283257397,1.3400093283257397
G2,W0028F0001T0006Z000C1N53(1).png,28,1.7819516162062314,1.7819516162062314
G2,W0028F0001T0006Z000C1N53(1).png,29,0.06499999999999977,0.06499999999999977
G2,W0028F0001T0006Z000C1N53(1).png,30,0.0,0.0
G2,W0028F0001T0006Z000C1N53(1).png,31,0.18691915239281923,0.18691915239281923
G2,W0028F0001T0006Z000C1N53(1).png,32,0.6602821946187948,0.6602821946187948
G2,W0028F0001T0006Z000C1N53(1).png,33,0.11490485194281398,0.11490485194281398
G2,W0028F0001T0006Z000C1N53(1).png,34,0.11607142857142759,0.11607142857142759
G2,W0028F0001T0006Z000C1N53(1).png,35,0.6550584420492571,0.6550584420492571
G2,W0028F0001T0006Z000C1N53(1).png,36,0.022980970388561492,0.022980970388561492
G2,W0028F0001T0006Z000C1N53(1).png,37,0.43754464057967846,0.43754464057967846
G2,W0028F0001T0006Z000C1N53(1).png,38,0.25466211329939387,0.25466211329939387
G2,W0028F0001T0006Z000C1N53(1).png,39,0.0,0.0
G2,W0028F0001T0006Z000C1N53(1).png,40,3.715380271820923,3.715380271820923
G2,W0028F0001T0006Z000C1N53(1).png,41,0.09544932409539257,0.09544932409539257
G2,W0028F0001T0006Z000C1N53(1).png,42,0.0,0.0
G2,W0028F0001T0006Z000C1N53(1).png,43,0.07267220926874421,0.07267220926874421
G2,W0028F0001T0006Z000C1N53(1).png,44,0.05745242597140699,0.05745242597140699
G2,W0028F0001T0006Z000C1N53(1).png,45,0.11561196539809315,0.11561196539809315
G2,W0028F0001T0006Z000C1N53(1).png,46,3.1257499100215935,3.1257499100215935
G2,W0028F0001T0006Z000C1N53(1).png,47,0.07905694150421066,0.07905694150421066
G2,W0028F0001T0006Z000C1N53(1).png,48,0.07292410676328075,0.07292410676328075
G2,W0028F0001T0006Z000C1N53(1).png,49,0.65,0.65
G2,W0028F0001T0006Z000C1N53(1).png,50,0.040625,0.040625
G2,W0028F0001T0006Z000C1N53(1).png,51,0.08375058302035873,0.08375058302035873
G2,W0028F0001T0006Z000C1N53(1).png,52,0.08125,0.08125
G2,W0028F0001T0006Z000C1N53(1).png,53,0.0,0.0
G2,W0028F0001T0006Z000C1N53(1).png,54,0.027251259640133734,0.027251259640133734
G2,W0028F0001T0006Z000C1N53(1).png,55,0.0,0.0
G2,W0028F0001T0006Z000C1N53(1).png,56,0.9192388155425119,0.9192388155425119
G2,W0028F0001T0006Z000C1N53(1).png,57,0.06770833333333456,0.06770833333333456
G2,W0028F0001T0006Z000C1N53(1).png,58,0.24904234015796894,0.24904234015796894
G2,W0028F0001T0006Z000C1N53(1).png,59,0.33500233208143493,0.33500233208143493
G2,W0028F0001T0006Z000C1N53(1).png,60,0.18168052317185793,0.18168052317185793
G2,W0028F0001T0006Z000C1N53(1).png,61,0.0766032346285432,0.0766032346285432
G2,W0028F0001T0006Z000C1N53(1).png,62,0.07323776028286229,0.07323776028286229
G2,W0028F0001T0006Z000C1N53(1).png,63,0.06700046641628767,0.06700046641628767
G2,W0028F0001T0006Z000C1N53(1).png,64,1.0277402395547235,1.0277402395547235
G2,W0028F0001T0006Z000C1N53(1).png,65,0.0,0.0
G2,W0028F0001T0006Z000C1N53(1).png,66,0.05745242597140699,0.05745242597140699
G2,W0028F0001T0006Z000C1N53(1).png,67,0.0766032346285432,0.0766032346285432
G2,W0028F0001T0006Z000C1N72.png,1,0.0,0.0
G2,W0028F0001T0006Z000C1N72.png,2,0.04094115262807857,0.04094115262807857
G2,W0028F0001T0006Z000C1N72.png,3,0.0,0.0
G2,W0028F0001T0006Z000C1N72.png,4,0.0,0.0
G2,W0028F0001T0006Z000C1N72.png,5,0.36336104634371585,0.36336104634371585
G2,W0028F0001T0006Z000C1N72.png,6,0.07660323462854257,0.07660323462854257
G2,W0028F0001T0006Z000C1N72.png,7,0.0,0.0
G2,W0028F0001T0006Z000C1N72.png,8,0.0,0.0
G2,W0028F0001T0006Z000C1N72.png,9,0.0,0.0
G2,W0028F0001T0006Z000C1N72.png,10,0.0,0.0
G2,W0028F0001T0006Z000C1N72.png,11,0.0,0.0
G2,W0028F0001T0006Z000C1N72.png,12,0.0,0.0
G2,W0028F0001T0006Z000C1N72.png,13,0.0,0.0
G2,W0028F0001T0006Z000C1N72.png,14,0.11490485194281398,0.11490485194281398
G2,W0028F0001T0006Z000C1N72.png,15,0.0,0.0
G2,W0028F0001T0006Z000C1N72.png,16,0.07490879871550522,0.07490879871550522
G2,W0028F0001T0006Z000C1N72.png,17,0.0,0.0
G2,W0028F0001T0006Z000C1N72.png,18,0.05745242597140699,0.05745242597140699
G2,W0028F0001T0006Z000C1N72.png,19,0.07074677525619272,0.07074677525619272
G2,W0028F0001T0006Z000C1N72.png,20,0.07660323462854292,0.07660323462854292
G2,W0028F0001T0006Z000C1N72.png,21,0.07660323462854299,0.07660323462854299
G2,W0028F0001T0006Z000C1N72.png,22,0.06056017439061974,0.06056017439061974
G2,W0028F0001T0006Z000C1N72.png,23,0.0,0.0
G2,W0028F0001T0006Z000C1N72.png,24,0.0,0.0
G2,W0028F0001T0006Z000C1N72.png,25,0.0,0.0
G2,W0028F0001T0006Z000C1N72.png,26,0.06606564478976582,0.06606564478976582
G2,W0028F0001T0006Z000C1N72.png,27,0.0,0.0
G2,W0028F0001T0006Z000C1N72.png,28,0.08125,0.08125
G2,W0028F0001T0006Z000C1N72.png,29,0.06255473536168889,0.06255473536168889
G2,W0028F0001T0006Z000C1N72.png,30,0.11490485194281398,0.11490485194281398
G2,W0028F0001T0006Z000C1N72.png,31,0.0,0.0
G2,W0028F0001T0006Z000C1N72.png,32,0.0,0.0
G2,W0028F0001T0006Z000C1N72.png,33,0.09211916442134292,0.09211916442134292
G2,W0028F0001T0006Z000C1N72.png,34,0.0,0.0
G2,W0028F0001T0006Z000C1N72.png,35,0.1625,0.1625
G2,W0028F0001T0006Z000C1N72.png,36,0.01805555555555607,0.01805555555555607
G2,W0028F0001T0006Z000C1N72.png,37,0.07932487796591949,0.07932487796591949
G2,W0028F0001T0006Z000C1N72.png,38,0.0,0.0
G2,W0028F0001T0006Z000C1N72.png,39,0.0,0.0
G2,W0028F0001T0006Z000C1N72.png,40,0.07267220926874421,0.07267220926874421
G2,W0028F0001T0006Z000C1N72.png,41,0.08617863895711048,0.08617863895711048
G2,W0028F0001T0006Z000C1N72.png,42,0.0,0.0
G2,W0028F0001T0006Z000C1N72.png,43,0.0,0.0
G2,W0028F0001T0006Z000C1N72.png,44,0.0735740705721924,0.0735740705721924
G2,W0028F0001T0006Z000C1N72.png,45,0.22980970388562796,0.22980970388562796
G2,W0028F0001T0006Z000C1N72.png,46,0.0,0.0
G2,W0028F0001T0006Z000C1N72.png,47,0.0,0.0
G2,W0028F0001T0006Z000C1N72.png,48,0.02854833998763092,0.02854833998763092
G2,W0028F0001T0006Z000C1N72.png,49,0.0,0.0
G2,W0028F0001T0006Z000C1N72.png,50,0.07447001731897693,0.07447001731897693
G2,W0028F0001T0006Z000C1N72.png,51,0.0,0.0
G2,W0028F0001T0006Z000C1N72.png,52,0.05153882032022072,0.05153882032022072
G2,W0028F0001T0006Z000C1N72.png,53,0.0,0.0
G2,W0028F0001T0006Z000C1N72.png,54,0.05745242597140699,0.05745242597140699
G2,W0028F0001T0006Z000C1N72.png,55,0.08375058302035873,0.08375058302035873
G2,W0028F0001T0006Z000C1N72.png,56,0.0,0.0
G2,W0028F0001T0006Z000C1N72.png,57,0.0,0.0
G2,W0028F0001T0006Z000C1N72.png,58,0.08125,0.08125
G2,W0028F0001T0006Z000C1N72.png,59,0.11490485194281398,0.11490485194281398
G2,W0028F0001T0006Z000C1N72.png,60,0.05416666666666705,0.05416666666666705
G2,W0028F0001T0006Z000C1N72.png,61,0.0,0.0
G2,W0028F0001T0006Z000C1N72.png,62,0.0789608069093641,0.0789608069093641
G2,W0028F0001T0006Z000C1N72.png,63,0.08222810917026092,0.08222810917026092
G2,W0028F0001T0006Z000C1N72.png,64,0.0,0.0
G2,W0028F0001T0006Z000C1N72.png,65,0.01805555555555549,0.01805555555555549
G2,W0028F0001T0006Z000C1N72.png,66,0.09913511990017451,0.09913511990017451
G2,W0028F0001T0006Z000C1N72.png,67,0.046259057758470286,0.046259057758470286
G2,W0028F0001T0006Z000C1N72.png,68,0.0,0.0
G2,W0028F0001T0006Z000C1N72.png,69,0.06968260345628238,0.06968260345628238
G2,W0028F0001T0006Z000C1N72.png,70,0.0,0.0
G2,W0028F0001T0006Z000C1N72.png,71,0.05854931468913175,0.05854931468913175
G2,W0028F0001T0006Z000C1N72.png,72,0.0,0.0
G2,W0028F0001T0006Z000C1N72.png,73,0.0660656447897684,0.0660656447897684
G2,W0028F0001T0006Z000C1N72.png,74,0.1625,0.1625
G2,W0028F0001T0006Z000C1N72.png,75,0.0,0.0
G2,W0028F0001T0006Z000C1N72.png,76,0.036336104634372104,0.036336104634372104
G2,W0028F0001T0006Z000C1N72.png,77,0.10786356889548197,0.10786356889548197
G2,W0028F0001T0006Z000C1N72.png,78,0.0,0.0
G2,W0028F0001T0006Z000C1N72.png,79,0.0,0.0
G2,W0028F0001T0006Z000C1N72.png,80,0.0,0.0
G2,W0028F0001T0006Z000C1N72.png,81,0.08564501996289357,0.08564501996289357
G2,W0028F0001T0006Z000C1N72.png,82,0.07660323462854197,0.07660323462854197
G2,W0028F0001T0006Z000C1N72.png,83,0.05477265196042467,0.05477265196042467
G2,W0028F0001T0006Z000C1N72.png,84,0.049050002831577184,0.049050002831577184
G2,W0028F0001T0006Z000C1N72.png,85,0.0,0.0
G2,W0028F0001T0006Z000C1N72.png,86,0.0,0.0
G2,W0028F0001T0006Z000C1N72.png,87,0.06226409773726714,0.06226409773726714
G2,W0028F0001T0006Z000C1N72.png,88,0.0,0.0
G2,W0028F0001T0006Z000C1N72.png,89,0.05190872090624571,0.05190872090624571
G2,W0028F0001T0006Z000C1N72.png,90,0.1625,0.1625
G2,W0028F0001T0006Z000C1N72.png,91,0.0,0.0
G2,W0028F0001T0006Z000C1N72.png,92,0.0541666666666659,0.0541666666666659
G2,W0028F0001T0006Z000C1N72.png,93,0.042822509981446745,0.042822509981446745
G2,W0028F0001T0006Z000C1N72.png,94,0.0,0.0
G2,W0028F0001T0006Z000C1N72.png,95,0.06658559885822855,0.06658559885822855
G2,W0028F0001T0006Z000C1N72.png,96,0.07267220926874395,0.07267220926874395
G2,W0028F0001T0006Z000C1N72.png,97,0.0,0.0
G2,W0028F0001T0006Z000C1N72.png,98,0.0,0.0
G2,W0028F0001T0006Z000C1N72.png,99,0.0,0.0
G2,W0028F0001T0006Z000C1N72.png,100,0.08074689918749264,0.08074689918749264
G2,W0028F0001T0006Z000C1N72.png,101,0.06643841132959113,0.06643841132959113
G2,W0028F0001T0006Z000C1N72.png,102,0.0383016173142716,0.0383016173142716
G2,W0028F0001T0006Z000C1N72.png,103,0.0,0.0
G2,W0028F0001T0006Z000C1N72.png,104,0.0541666666666659,0.0541666666666659
G2,W0028F0001T0006Z000C1N72.png,105,0.07660323462854238,0.07660323462854238
G2,W0028F0001T0006Z000C1N72.png,106,0.07603453162872757,0.07603453162872757
G2,W0028F0001T0006Z000C1N72.png,107,0.11490485194281398,0.11490485194281398
G2,W0028F0001T0006Z000C1N72.png,108,0.05943934167884458,0.05943934167884458
G2,W0028F0001T0006Z000C1N72.png,109,0.09263925328930475,0.09263925328930475
G2,W0028F0001T0006Z000C1N72.png,110,0.06589659407823038,0.06589659407823038
G2,W0028F0001T0006Z000C1N72.png,111,0.0,0.0
G2,W0028F0001T0006Z000C1N72.png,112,0.016414978848972958,0.016414978848972958
G2,W0028F0001T0006Z000C1N72.png,113,0.08125,0.08125
G2,W0028F0001T0006Z000C1N72.png,114,0.04596194077712625,0.04596194077712625
G2,W0028F0001T0006Z000C1N72.png,115,0.0764447996406743,0.0764447996406743
G2,W0028F0001T0006Z000C1N72.png,116,0.08125,0.08125
G2,W0028F0001T0006Z000C1N72.png,117,0.08125,0.08125
G2,W0028F0001T0006Z000C1N72.png,118,0.09459160805298507,0.09459160805298507
G2,W0028F0001T0006Z000C1N72.png,119,0.075446428571429,0.075446428571429
G2,W0028F0001T0006Z000C1N72.png,120,0.0541666666666659,0.0541666666666659
G2,W0028F0001T0006Z000C1N72.png,121,0.0,0.0
G2,W0028F0001T0006Z000C1N72.png,122,0.11490485194281398,0.11490485194281398
G2,W0028F0001T0006Z000C1N72.png,123,0.0,0.0
G2,W0028F0001T0006Z000C1N72.png,124,0.040625,0.040625
G2,W0028F0001T0006Z000C1N72.png,125,0.08309449724222898,0.08309449724222898
G2,W0028F0001T0006Z000C1N72.png,126,0.11490485194281398,0.11490485194281398
G2,W0028F0001T0006Z000C1N72.png,127,0.0,0.0
G2,W0028F0001T0006Z000C1N72.png,128,0.11490485194281398,0.11490485194281398
G2,W0028F0001T0006Z000C1N72.png,129,0.22980970388562796,0.22980970388562796
G2,W0028F0001T0006Z000C1N72.png,130,0.03085334685809118,0.03085334685809118
G2,W0028F0001T0006Z000C1N72.png,131,0.040625,0.040625
G2,W0028F0001T0006Z000C1N72.png,132,0.021886638465299455,0.021886638465299455
G2,W0028F0001T0006Z000C1N72.png,133,0.049244936546918874,0.049244936546918874
G2,W0028F0001T0006Z000C1N72.png,134,0.0344648283684063,0.0344648283684063
G2,W0028F0001T0006Z000C1N72.png,135,0.0383016173142716,0.0383016173142716
G2,W0028F0001T0006Z000C1N72.png,136,0.08055587242548307,0.08055587242548307
G2,W0028F0001T0006Z000C1N72.png,137,0.032500000000000466,0.032500000000000466
G2,W0028F0001T0006Z000C1N72.png,138,0.0,0.0
G2,W0028F0001T0006Z000C1N72.png,139,0.0,0.0
G2,W0028F0001T0006Z000C1N72.png,140,0.325,0.325
G2,W0028F0001T0006Z000C1N72.png,141,0.0,0.0
G2,W0028F0001T0006Z000C1N72.png,142,0.1610490780959512,0.1610490780959512
G2,W0028F0001T0006Z000C1N72.png,143,0.3053097812059102,0.3053097812059102
G2,W0028F0001T0006Z000C1N72.png,144,0.0,0.0
G2,W0028F0001T0006Z000C1N72.png,145,0.0,0.0
G2,W0028F0001T0006Z000C1N71.png,1,0.48750000000000004,0.48750000000000004
G2,W0028F0001T0006Z000C1N71.png,2,0.1625,0.1625
G2,W0028F0001T0006Z000C1N71.png,3,0.08125,0.08125
G2,W0028F0001T0006Z000C1N71.png,4,0.40625,0.40625
G2,W0028F0001T0006Z000C1N71.png,5,0.05745242597140699,0.05745242597140699
G2,W0028F0001T0006Z000C1N71.png,6,0.17042222606438925,0.17042222606438925
G2,W0028F0001T0006Z000C1N71.png,7,0.07660323462854238,0.07660323462854238
G2,W0028F0001T0006Z000C1N71.png,8,0.07267220926874421,0.07267220926874421
G2,W0028F0001T0006Z000C1N71.png,9,1.0050069962443047,1.0050069962443047
G2,W0028F0001T0006Z000C1N71.png,10,0.0,0.0
G2,W0028F0001T0006Z000C1N71.png,11,1.408984224588369,1.408984224588369
G2,W0028F0001T0006Z000C1N71.png,12,0.030280087195308964,0.030280087195308964
G2,W0028F0001T0006Z000C1N71.png,13,0.03249999999999931,0.03249999999999931
G2,W0028F0001T0006Z000C1N71.png,14,0.06412253759006857,0.06412253759006857
G2,W0028F0001T0006Z000C1N71.png,15,0.6319444444444451,0.6319444444444451
G2,W0028F0001T0006Z000C1N71.png,16,0.05138701197773799,0.05138701197773799
G2,W0028F0001T0006Z000C1N71.png,17,0.0673145600891816,0.0673145600891816
G2,W0028F0001T0006Z000C1N71.png,18,0.08125,0.08125
G2,W0028F0001T0006Z000C1N71.png,19,0.08125,0.08125
G2,W0028F0001T0006Z000C1N71.png,20,0.08366606669812504,0.08366606669812504
G2,W0028F0001T0006Z000C1N71.png,21,0.07886785713387287,0.07886785713387287
G2,W0028F0001T0006Z000C1N71.png,22,0.8285906709588275,0.8285906709588275
G2,W0028F0001T0006Z000C1N71.png,23,0.11490485194281398,0.11490485194281398
G2,W0028F0001T0006Z000C1N71.png,24,0.08125,0.08125
G2,W0028F0001T0006Z000C1N71.png,25,0.1288238899352741,0.1288238899352741
G2,W0028F0001T0006Z000C1N71.png,26,0.05709667997526184,0.05709667997526184
G2,W0028F0001T0006Z000C1N71.png,27,0.0,0.0
G2,W0028F0001T0006Z000C1N71.png,28,0.0,0.0
G2,W0028F0001T0006Z000C1N71.png,29,0.07267220926874317,0.07267220926874317
G2,W0028F0001T0006Z000C1N71.png,30,0.08748169938780871,0.08748169938780871
G2,W0028F0001T0006Z000C1N71.png,31,0.04642857142857242,0.04642857142857242
G2,W0028F0001T0006Z000C1N71.png,32,0.08125,0.08125
G2,W0028F0001T0006Z000C1N71.png,33,0.08125,0.08125
G2,W0028F0001T0006Z000C1N71.png,34,0.028726212985703495,0.028726212985703495
G2,W0028F0001T0006Z000C1N71.png,35,0.11346117995996458,0.11346117995996458
G2,W0028F0001T0006Z000C1N71.png,36,0.11490485194281398,0.11490485194281398
G2,W0028F0001T0006Z000C1N71.png,37,0.07267220926874317,0.07267220926874317
G2,W0028F0001T0006Z000C1N71.png,38,0.032500000000000466,0.032500000000000466
G2,W0028F0001T0006Z000C1N71.png,39,0.0,0.0
G2,W0028F0001T0006Z000C1N71.png,40,0.06532419153728669,0.06532419153728669
G2,W0028F0001T0006Z000C1N71.png,41,0.08125,0.08125
G2,W0028F0001T0006Z000C1N71.png,42,0.08125,0.08125
G2,W0028F0001T0006Z000C1N71.png,43,0.6056017439061927,0.6056017439061927
G2,W0028F0001T0006Z000C1N71.png,44,0.1625,0.1625
G2,W0028F0001T0006Z000C1N71.png,45,0.9917826437783633,0.9917826437783633
G2,W0028F0001T0006Z000C1N71.png,46,0.978379559526874,0.978379559526874
G2,W0028F0001T0006Z000C1N71.png,47,0.4979210250855268,0.4979210250855268
G2,W0028F0001T0006Z000C1N71.png,48,0.08370029746612916,0.08370029746612916
G2,W0028F0001T0006Z000C1N71.png,49,0.11490485194281398,0.11490485194281398
G2,W0028F0001T0006Z000C1N71.png,50,0.06056017439061974,0.06056017439061974
G2,W0028F0001T0006Z000C1N71.png,51,1.5512067083616279,1.5512067083616279
G2,W0028F0001T0006Z000C1N71.png,52,1.0277402395547235,1.0277402395547235
G2,W0028F0001T0006Z000C1N71.png,53,0.8268182824673286,0.8268182824673286
G2,W0028F0001T0006Z000C1N71.png,54,0.5450415695155738,0.5450415695155738
G2,W0028F0001T0006Z000C1N71.png,55,7.079922125915496,7.079922125915496
G2,W0028F0002T0006Z000C1N29.png,1,1.9835652875567267,1.9835652875567267
G2,W0028F0002T0006Z000C1N29.png,2,0.0789930555555551,0.0789930555555551
G2,W0028F0002T0006Z000C1N29.png,3,0.0609347363318888,0.0609347363318888
G2,W0028F0002T0006Z000C1N29.png,4,0.09217887200679167,0.09217887200679167
G2,W0028F0002T0006Z000C1N29.png,5,0.0,0.0
G2,W0028F0002T0006Z000C1N29.png,6,1.3788582233137676,1.3788582233137676
G2,W0028F0002T0006Z000C1N29.png,7,1.7273986945693807,1.7273986945693807
G2,W0028F0002T0006Z000C1N29.png,8,0.5859020822628983,0.5859020822628983
G2,W0028F0002T0006Z000C1N29.png,9,0.08125,0.08125
G2,W0028F0002T0006Z000C1N29.png,10,0.054166666666666766,0.054166666666666766
G2,W0028F0002T0006Z000C1N29.png,11,0.0,0.0
G2,W0028F0002T0006Z000C1N29.png,12,0.05044620908787547,0.05044620908787547
G2,W0028F0002T0006Z000C1N29.png,13,1.5963092197315656,1.5963092197315656
G2,W0028F0002T0006Z000C1N29.png,14,0.08125,0.08125
G2,W0028F0002T0006Z000C1N29.png,15,0.09518564869157975,0.09518564869157975
G2,W0028F0002T0006Z000C1N29.png,16,0.12112034878123715,0.12112034878123715
G2,W0028F0002T0006Z000C1N29.png,17,0.0,0.0
G2,W0028F0002T0006Z000C1N29.png,18,0.058818573517019725,0.058818573517019725
G2,W0028F0002T0006Z000C1N29.png,19,0.0,0.0
G2,W0028F0002T0006Z000C1N29.png,20,0.1396429665486222,0.1396429665486222
G2,W0028F0002T0006Z000C1N29.png,21,0.07478629855387132,0.07478629855387132
G2,W0028F0002T0006Z000C1N29.png,22,0.08125,0.08125
G2,W0028F0002T0006Z000C1N29.png,23,0.054166666666666474,0.054166666666666474
G2,W0028F0002T0006Z000C1N29.png,24,0.0,0.0
G2,W0028F0002T0006Z000C1N29.png,25,0.0,0.0
G2,W0028F0002T0006Z000C1N29.png,26,0.024190495145856264,0.024190495145856264
G2,W0028F0002T0006Z000C1N29.png,27,0.0,0.0
G2,W0028F0002T0006Z000C1N29.png,28,0.0,0.0
G2,W0028F0002T0006Z000C1N29.png,29,0.0,0.0
G2,W0028F0002T0006Z000C1N29.png,30,0.08339899550413166,0.08339899550413166
G2,W0028F0002T0006Z000C1N29.png,31,0.0,0.0
G2,W0028F0002T0006Z000C1N29.png,32,0.06526804237428806,0.06526804237428806
G2,W0028F0002T0006Z000C1N29.png,33,0.0763831704821825,0.0763831704821825
G2,W0028F0002T0006Z000C1N29.png,34,0.11490485194281398,0.11490485194281398
G2,W0028F0002T0006Z000C1N29.png,35,0.09397974031581248,0.09397974031581248
G2,W0028F0002T0006Z000C1N29.png,36,0.07660323462854238,0.07660323462854238
G2,W0028F0002T0006Z000C1N29.png,37,0.07060349365524785,0.07060349365524785
G2,W0028F0002T0006Z000C1N29.png,38,0.08125,0.08125
G2,W0028F0002T0006Z000C1N29.png,39,0.04506939094330083,0.04506939094330083
G2,W0028F0002T0006Z000C1N29.png,40,0.10532944761424669,0.10532944761424669
G2,W0028F0002T0006Z000C1N29.png,41,0.04333333333333318,0.04333333333333318
G2,W0028F0002T0006Z000C1N29.png,42,0.07018738391943359,0.07018738391943359
G2,W0028F0002T0006Z000C1N29.png,43,0.0,0.0
G2,W0028F0002T0006Z000C1N29.png,44,0.0,0.0
G2,W0028F0002T0006Z000C1N29.png,45,0.03769256558097544,0.03769256558097544
G2,W0028F0002T0006Z000C1N29.png,46,0.08375058302035873,0.08375058302035873
G2,W0028F0002T0006Z000C1N29.png,47,0.06397826456292836,0.06397826456292836
G2,W0028F0002T0006Z000C1N29.png,48,0.0,0.0
G2,W0028F0002T0006Z000C1N29.png,49,0.030565473642333366,0.030565473642333366
G2,W0028F0002T0006Z000C1N29.png,50,0.11490485194281398,0.11490485194281398
G2,W0028F0002T0006Z000C1N29.png,51,0.0,0.0
G2,W0028F0002T0006Z000C1N29.png,52,0.08423365225220382,0.08423365225220382
G2,W0028F0002T0006Z000C1N29.png,53,0.48750000000000004,0.48750000000000004
G2,W0028F0002T0006Z000C1N29.png,54,0.04152062000288144,0.04152062000288144
G2,W0028F0002T0006Z000C1N29.png,55,0.08125,0.08125
G2,W0028F0002T0006Z000C1N29.png,56,0.08125,0.08125
G2,W0028F0002T0006Z000C1N29.png,57,0.06056017439061845,0.06056017439061845
G2,W0028F0002T0006Z000C1N29.png,58,0.062463254504271044,0.062463254504271044
G2,W0028F0002T0006Z000C1N29.png,59,0.0,0.0
G2,W0028F0002T0006Z000C1N29.png,60,0.08167062403612298,0.08167062403612298
G2,W0028F0002T0006Z000C1N29.png,61,0.08947171005330509,0.08947171005330509
G2,W0028F0002T0006Z000C1N29.png,62,0.08113738733326775,0.08113738733326775
G2,W0028F0002T0006Z000C1N29.png,63,0.04596194077712625,0.04596194077712625
G2,W0028F0002T0006Z000C1N29.png,64,0.0,0.0
G2,W0028F0002T0006Z000C1N29.png,65,0.07323776028286229,0.07323776028286229
G2,W0028F0002T0006Z000C1N29.png,66,0.0,0.0
G2,W0028F0002T0006Z000C1N29.png,67,0.0,0.0
G2,W0028F0002T0006Z000C1N29.png,68,0.046660136812347916,0.046660136812347916
G2,W0028F0002T0006Z000C1N29.png,69,0.08592313697211097,0.08592313697211097
G2,W0028F0002T0006Z000C1N29.png,70,0.22980970388562796,0.22980970388562796
G2,W0028F0002T0006Z000C1N29.png,71,0.05143555900035079,0.05143555900035079
G2,W0028F0002T0006Z000C1N29.png,72,0.07734769560643033,0.07734769560643033
G2,W0028F0002T0006Z000C1N29.png,73,0.5138701197773617,0.5138701197773617
G2,W0028F0002T0006Z000C1N29.png,74,0.08125,0.08125
G2,W0028F0002T0006Z000C1N29.png,75,0.0,0.0
G2,W0028F0002T0006Z000C1N29.png,76,0.0,0.0
G2,W0028F0002T0006Z000C1N29.png,77,0.04542013079296448,0.04542013079296448
G2,W0028F0002T0006Z000C1N29.png,78,0.9224250948210143,0.9224250948210143
G2,W0028F0002T0006Z000C1N29.png,79,0.05814405359843876,0.05814405359843876
G2,W0028F0002T0006Z000C1N29.png,80,0.11490485194281398,0.11490485194281398
G2,W0028F0002T0006Z000C1N29.png,81,0.0,0.0
G2,W0028F0002T0006Z000C1N29.png,82,0.0,0.0
G2,W0028F0002T0006Z000C1N29.png,83,0.028285390931710137,0.028285390931710137
G2,W0028F0002T0006Z000C1N29.png,84,0.0,0.0
G2,W0028F0002T0006Z000C1N29.png,85,0.08125,0.08125
G2,W0028F0002T0006Z000C1N29.png,86,0.06770833333333272,0.06770833333333272
G2,W0028F0002T0006Z000C1N29.png,87,0.01749999999999936,0.01749999999999936
G2,W0028F0002T0006Z000C1N29.png,88,0.09357977743560865,0.09357977743560865
G2,W0028F0002T0006Z000C1N29.png,89,0.11490485194281398,0.11490485194281398
G2,W0028F0002T0006Z000C1N29.png,90,0.11700343501365301,0.11700343501365301
G2,W0028F0002T0006Z000C1N29.png,91,0.04431818181818077,0.04431818181818077
G2,W0028F0002T0006Z000C1N29.png,92,0.0,0.0
G2,W0028F0002T0006Z000C1N29.png,93,0.325,0.325
G2,W0028F0002T0006Z000C1N29.png,94,0.10293250365478299,0.10293250365478299
G2,W0028F0002T0006Z000C1N29.png,95,0.0,0.0
G2,W0028F0002T0006Z000C1N29.png,96,0.06500000000000093,0.06500000000000093
G2,W0028F0002T0006Z000C1N29.png,97,1.1633229613912037,1.1633229613912037
G2,W0028F0002T0006Z000C1N29.png,98,0.0,0.0
G2,W0028F0002T0006Z000C1N29.png,99,0.07267220926874421,0.07267220926874421
G2,W0028F0002T0006Z000C1N29.png,100,1.6331047884321446,1.6331047884321446
G2,W0028F0002T0006Z000C1N29.png,101,0.2569350598886809,0.2569350598886809
G2,W0028F0002T0006Z000C1N29.png,102,0.06056017439062,0.06056017439062
G2,W0028F0002T0006Z000C1N29.png,103,0.36336104634371585,0.36336104634371585
G2,W0028F0002T0006Z000C1N29.png,104,0.325,0.325
G2,W0028F0002T0006Z000C1N29.png,105,0.0,0.0
G2,W0028F0002T0006Z000C1N29.png,106,0.8125,0.8125
G2,W0028F0002T0006Z000C1N29.png,107,0.8285906709588275,0.8285906709588275
