group,image,pbody_id,distance_to_nucleus_um,distance_to_mitochondria_um
G2,W0034F0003T0006Z000C1N14.png,1,1.760624987674042,10.50868233956517
G2,W0034F0003T0006Z000C1N14.png,2,2.6653357681433762,10.312065857864972
G2,W0034F0003T0006Z000C1N14.png,3,2.0005492409898338,10.628000036019243
G2,W0034F0003T0006Z000C1N14.png,4,1.7216566331588887,10.913239164542302
G2,W0034F0003T0006Z000C1N14.png,5,2.300082191231382,10.193140716665942
G2,W0034F0003T0006Z000C1N14.png,6,1.1493322000939674,6.988806223014021
G2,W0034F0003T0006Z000C1N14.png,7,1.8527850657860991,10.59744220319224
G2,W0034F0003T0006Z000C1N14.png,8,4.390635693844801,10.079217378970185
G2,W0034F0003T0006Z000C1N14.png,9,0.08125,0.08125
G2,W0034F0003T0006Z000C1N14.png,10,1.955282558305193,4.36647886692613
G2,W0034F0003T0006Z000C1N14.png,11,0.5859020822628983,2.2633630950424193
G2,W0034F0003T0006Z000C1N14.png,12,1.7810000000000006,7.00260298032096
G2,W0034F0003T0006Z000C1N14.png,13,0.03830161731427242,0.03830161731427242
G2,W0034F0003T0006Z000C1N14.png,14,1.6300082262375357,2.086737036729636
G2,W0034F0003T0006Z000C1N14.png,15,0.0,0.0
G2,W0034F0003T0006Z000C1N14.png,16,1.2173950801814504,2.421877016128193
G2,W0034F0003T0006Z000C1N14.png,17,0.06090951492389675,0.06090951492389675
G2,W0034F0003T0006Z000C1N14.png,18,1.0214285714285725,1.0342739368903262
G2,W0034F0003T0006Z000C1N14.png,19,1.6447055207543992,1.7877954301317582
G2,W0034F0003T0006Z000C1N14.png,20,0.483147234287851,5.238552400234248
G2,W0034F0003T0006Z000C1N14.png,21,1.4528879140581783,4.798399034137982
G2,W0034F0003T0006Z000C1N14.png,22,2.8330424340964253,2.986516701262594
G2,W0034F0003T0006Z000C1N14.png,23,6.7241431842651895,12.821291191315328
G2,W0034F0003T0006Z000C1N14.png,24,6.4984763839303135,12.537009275042434
G2,W0034F0003T0006Z000C1N14.png,25,2.2320758372875193,5.115972846722585
G2,W0034F0003T0006Z000C1N14.png,26,3.104558140863205,3.5970908384415314
G2,W0034F0003T0006Z000C1N14.png,27,0.18168052317185793,10.15625
G2,W0034F0003T0006Z000C1N14.png,28,3.2176641372275014,6.63286702716103
G2,W0034F0003T0006Z000C1N14.png,29,2.5859974502114267,9.633180371118357
G2,W0034F0003T0006Z000C1N14.png,30,3.219614905371278,12.490908499340186
G2,W0034F0003T0006Z000C1N14.png,31,1.7273986945693807,8.126624837532491
G2,W0034F0003T0006Z000C1N14.png,32,0.8750892811593569,10.247812266527916
G2,W0034F0003T0006Z000C1N14.png,33,0.3927083333333323,9.823086170771527
G2,W0034F0002T0006Z000C1N39.png,1,3.3078788618336854,3.3078788618336854
G2,W0034F0002T0006Z000C1N39.png,2,1.3101168840985142,1.3400093283257397
G2,W0034F0002T0006Z000C1N39.png,3,0.07267220926874421,0.07267220926874421
G2,W0034F0002T0006Z000C1N39.png,4,0.7267220926874317,0.7267220926874317
G2,W0034F0002T0006Z000C1N39.png,5,0.05709667997526184,0.05709667997526184
G2,W0034F0002T0006Z000C1N39.png,6,0.0,0.0
G2,W0034F0002T0006Z000C1N39.png,7,0.07660323462854278,8.136186743322837
G2,W0034F0002T0006Z000C1N39.png,8,1.2717636622030055,6.169117263636671
G2,W0034F0002T0006Z000C1N39.png,9,1.482673366760191,1.54375
G2,W0034F0002T0006Z000C1N39.png,10,1.2295356084717515,5.1316306192573915
G2,W0034F0002T0006Z000C1N39.png,11,0.6235051567994884,3.6362337906899707
G2,W0034F0002T0006Z000C1N39.png,12,0.13893216477848058,0.13893216477848058
G2,W0034F0002T0006Z000C1N39.png,13,0.1690025510011549,10.608928571428573
G2,W0034F0002T0006Z000C1N39.png,14,0.07267220926874421,3.434867173559991
G2,W0034F0002T0006Z000C1N39.png,15,0.0383016173142716,4.334179604864365
G2,W0034F0002T0006Z000C1N39.png,16,1.14904851942814,4.984805036307839
G2,W0034F0002T0006Z000C1N39.png,17,1.7539464430249858,6.480674395848012
G2,W0034F0002T0006Z000C1N39.png,18,0.07660323462854238,5.159783721780939
G2,W0034F0002T0006Z000C1N39.png,19,1.8758019118499694,6.90625
G2,W0034F0002T0006Z000C1N39.png,20,2.045822725702303,4.750172694229127
G2,W0034F0002T0006Z000C1N39.png,21,2.9000673483558965,6.158942938930348
G2,W0034F0002T0006Z000C1N39.png,22,2.1307881853474617,5.95974511722145
G2,W0034F0002T0006Z000C1N39.png,23,2.5279067427419073,3.862580905301532
G2,W0034F0002T0006Z000C1N39.png,24,0.04790693543622494,0.04790693543622494
G2,W0034F0002T0006Z000C1N39.png,25,0.08125,2.449657182648217
G2,W0034F0002T0006Z000C1N39.png,26,1.945342428512524,10.553616598588578
G2,W0034F0002T0006Z000C1N4.png,1,0.08125,0.5450415695155738
G2,W0034F0002T0006Z000C1N4.png,2,0.325,0.7267220926874317
G2,W0034F0002T0006Z000C1N4.png,3,0.0,1.397877855894427
G2,W0034F0002T0006Z000C1N4.png,4,0.0,0.0
G2,W0034F0002T0006Z000C1N4.png,5,0.07886785713387255,0.07886785713387255
G2,W0034F0002T0006Z000C1N4.png,6,0.46532918455648087,1.7027642966658652
G2,W0034F0002T0006Z000C1N4.png,7,0.08125,0.08125
G2,W0034F0002T0006Z000C1N4.png,8,0.05813776741499329,0.05813776741499329
G2,W0034F0002T0006Z000C1N4.png,9,0.08125,0.08125
G2,W0034F0002T0006Z000C1N4.png,10,0.04999999999999982,0.04999999999999982
G2,W0034F0002T0006Z000C1N4.png,11,0.05505470399147139,0.05505470399147139
G2,W0034F0002T0006Z000C1N4.png,12,0.0677083333333341,0.17604166666666698
G2,W0034F0002T0006Z000C1N4.png,13,0.07660323462854156,0.07660323462854156
G2,W0034F0002T0006Z000C1N4.png,14,0.07660323462854156,0.07660323462854156
G2,W0034F0002T0006Z000C1N4.png,15,0.5443682628107142,1.0517264246096607
G2,W0034F0002T0006Z000C1N14.png,1,0.0,7.699482531313388
G2,W0034F0002T0006Z000C1N14.png,2,1.290443389159323,10.279409504714996
G2,W0034F0002T0006Z000C1N14.png,3,0.6119155374722889,9.126339114069781
G2,W0034F0002T0006Z000C1N14.png,4,0.11490485194281398,5.9849877297284415
G2,W0034F0002T0006Z000C1N14.png,5,0.33500233208143493,11.834920851551988
G2,W0034F0002T0006Z000C1N14.png,6,0.0,2.055480479109447
G2,W0034F0002T0006Z000C1N14.png,7,0.06056017439061967,0.06056017439061967
G2,W0034F0002T0006Z000C1N14.png,8,0.2569350598886809,4.118982353081887
G2,W0034F0002T0006Z000C1N14.png,9,0.11490485194281398,2.9541945814383994
G2,W0034F0002T0006Z000C1N14.png,10,1.3884006086140988,6.969336858697533
G2,W0034F0002T0006Z000C1N14.png,11,1.397877855894427,7.914267180225849
G2,W0034F0002T0006Z000C1N14.png,12,0.7609351035845845,8.704727802795226
G2,W0034F0002T0006Z000C1N14.png,13,0.11490485194281398,10.0677897586809
G2,W0034F0002T0006Z000C1N14.png,14,2.081015377165676,11.449044719975548
G2,W0034F0002T0006Z000C1N28.png,1,0.06958928570635765,0.06958928570635765
G2,W0034F0002T0006Z000C1N28.png,2,0.072672209268744,0.072672209268744
G2,W0034F0002T0006Z000C1N28.png,3,0.08125,0.08125
G2,W0034F0002T0006Z000C1N28.png,4,0.07660323462854299,0.1211203487812383
G2,W0034F0002T0006Z000C1N28.png,5,0.059868421052632126,0.059868421052632126
G2,W0034F0002T0006Z000C1N28.png,6,0.0,0.0
G2,W0034F0002T0006Z000C1N28.png,7,0.0766032346285438,0.0766032346285438
G2,W0034F0002T0006Z000C1N28.png,8,0.2996351948620189,0.8840955830678037
G2,W0034F0002T0006Z000C1N28.png,9,1.7501785623187138,1.8527850657860991
G2,W0034F0002T0006Z000C1N28.png,10,0.046428571428571264,0.046428571428571264
G2,W0034F0002T0006Z000C1N28.png,11,0.08125,0.08125
G2,W0034F0002T0006Z000C1N28.png,12,0.08125,0.08125
G2,W0034F0002T0006Z000C1N28.png,13,0.0,0.0
G2,W0034F0002T0006Z000C1N28.png,14,0.0,0.0
G2,W0034F0002T0006Z000C1N28.png,15,0.0,0.0
G2,W0034F0002T0006Z000C1N28.png,16,0.04642857142857242,0.04642857142857242
G2,W0034F0002T0006Z000C1N28.png,17,0.07432197775591723,0.12977180226561172
G2,W0034F0002T0006Z000C1N28.png,18,0.08125,0.08125
G2,W0034F0002T0006Z000C1N28.png,19,0.40625,1.931290452650766
G2,W0034F0002T0006Z000C1N28.png,20,0.7490879871550471,1.5522790704316025
G2,W0034F0002T0006Z000C1N28.png,21,0.08750892811593587,0.08750892811593587
G2,W0034F0002T0006Z000C1N28.png,22,1.2691655723348314,2.1373537961694598
G2,W0034F0002T0006Z000C1N28.png,23,0.8287151493897797,1.4738115080729033
G2,W0034F0002T0006Z000C1N28.png,24,0.5982903884309761,0.7886785713387222
G2,W0034F0002T0006Z000C1N28.png,25,0.0,2.6252678434780705
G2,W0034F0002T0006Z000C1N28.png,26,1.9052414626927048,1.9052414626927048
G2,W0034F0002T0006Z000C1N28.png,27,0.09765034704381723,0.09765034704381723
G2,W0034F0002T0006Z000C1N28.png,28,0.19643017207140018,0.19643017207140018
G2,W0034F0002T0006Z000C1N28.png,29,0.924395072466312,0.924395072466312
G2,W0034F0002T0006Z000C1N28.png,30,0.037589073759693475,0.037589073759693475
G2,W0034F0002T0006Z000C1N28.png,31,0.07886785713387255,0.07886785713387255
G2,W0034F0002T0006Z000C1N28.png,32,0.9884489111734607,1.963494970709118
G2,W0034F0002T0006Z000C1N28.png,33,0.08125,1.7819516162062314
G2,W0034F0002T0006Z000C1N28.png,34,0.08838834764831895,0.08838834764831895
G2,W0034F0002T0006Z000C1N28.png,35,0.08188230525615714,0.08188230525615714
G2,W0034F0002T0006Z000C1N28.png,36,1.0050069962443047,1.1633229613912037
G2,W0034F0002T0006Z000C1N28.png,37,0.04642857142857242,0.04642857142857242
G2,W0034F0002T0006Z000C1N28.png,38,0.048825173521907975,0.048825173521907975
G2,W0034F0002T0006Z000C1N28.png,39,0.8750892811593569,2.2807961877379572
G2,W0034F0002T0006Z000C1N28.png,40,0.061320877358367235,0.061320877358367235
G2,W0034F0002T0006Z000C1N28.png,41,0.046428571428571264,0.046428571428571264
G2,W0034F0002T0006Z000C1N28.png,42,1.3022549886852255,3.0105168668445543
G2,W0034F0002T0006Z000C1N28.png,43,0.965924780191543,1.4199241883269413
G2,W0034F0003T0006Z000C1N13.png,1,0.07267220926874421,2.933113746515809
G2,W0034F0003T0006Z000C1N13.png,2,0.04178358252465918,0.8425636364126796
G2,W0034F0003T0006Z000C1N13.png,3,0.03628574271878276,0.03628574271878276
G2,W0034F0003T0006Z000C1N13.png,4,1.5858534768382604,1.5858534768382604
G2,W0034F0003T0006Z000C1N13.png,5,0.025688566354872665,0.025688566354872665
G2,W0034F0003T0006Z000C1N13.png,6,2.467111798236959,2.467111798236959
G2,W0034F0003T0006Z000C1N13.png,7,0.18168052317185793,1.0562500000000001
G2,W0034F0003T0006Z000C1N13.png,8,0.0,2.2633630950424193
G2,W0034F0003T0006Z000C1N13.png,9,0.08125,2.5654936781251285
G2,W0034F0003T0006Z000C1N13.png,10,3.15729991475883,3.3611987943395207
G2,W0034F0003T0006Z000C1N13.png,11,0.08370029746612916,0.08370029746612916
G2,W0034F0003T0006Z000C1N13.png,12,2.4157361714392573,3.7055701315721983
G2,W0034F0003T0006Z000C1N13.png,13,3.6475634003562356,5.926172806493694
G2,W0034F0003T0006Z000C1N13.png,14,0.06770833333333272,0.06770833333333272
G2,W0034F0003T0006Z000C1N13.png,15,1.889632717105511,2.1995935546267535
G2,W0034F0003T0006Z000C1N13.png,16,0.8799041140942583,0.8799041140942583
G2,W0034F0003T0006Z000C1N13.png,17,3.5065626414761333,6.336255578795381
G2,W0034F0003T0006Z000C1N13.png,18,3.7091314684168313,7.48206188159387
G2,W0034F0003T0006Z000C1N11.png,1,2.2885836481247743,2.55701698871813
G2,W0034F0003T0006Z000C1N11.png,2,0.1625,0.1625
G2,W0034F0003T0006Z000C1N11.png,3,0.08838834764831895,0.08838834764831895
G2,W0034F0003T0006Z000C1N11.png,4,1.7061227816734428,2.184460311131111
G2,W0034F0003T0006Z000C1N11.png,5,2.3826863105967644,3.7656349470846497
G2,W0034F0003T0006Z000C1N11.png,6,0.08125,0.08125
G2,W0034F0003T0006Z000C1N11.png,7,1.645437881025139,2.1142570817695043
G2,W0034F0003T0006Z000C1N11.png,8,2.0512384576322296,2.0512384576322296
G2,W0034F0003T0006Z000C1N11.png,9,1.0121535058417548,1.3464285714285713
G2,W0034F0003T0006Z000C1N11.png,10,0.036285742718784396,0.036285742718784396
G2,W0034F0003T0006Z000C1N11.png,11,0.07341001711105177,0.07341001711105177
G2,W0034F0003T0006Z000C1N11.png,12,0.11333467869687497,0.11333467869687497
G2,W0034F0003T0006Z000C1N11.png,13,1.7607446349627693,2.1234577397469803
G2,W0034F0003T0006Z000C1N11.png,14,0.7440789473684211,0.7440789473684211
G2,W0034F0003T0006Z000C1N11.png,15,1.397877855894427,1.7273986945693807
G2,W0034F0003T0006Z000C1N11.png,16,0.6989389279472135,1.6127664508539357
G2,W0034F0003T0006Z000C1N11.png,17,0.07706569906461772,0.07706569906461772
G2,W0034F0003T0006Z000C1N11.png,18,0.8411775789854096,1.5089285714285714
G2,W0034F0003T0006Z000C1N11.png,19,0.1625,0.1625
G2,W0034F0003T0006Z000C1N11.png,20,2.29809703885628,2.6
G2,W0034F0003T0006Z000C1N11.png,21,1.8758019118499702,2.1053002309646955
G2,W0034F0003T0006Z000C1N11.png,22,0.08125,0.08125
G2,W0034F0003T0006Z000C1N11.png,23,0.11490485194281398,0.11490485194281398
G2,W0034F0003T0006Z000C1N11.png,24,0.07284482758620801,0.07284482758620801
G2,W0034F0003T0006Z000C1N11.png,25,0.7490879871550471,0.8165523942160723
G2,W0034F0003T0006Z000C1N11.png,26,0.0,0.0
G2,W0034F0001T0006Z000C1N8.png,1,0.1625,1.1718041645257966
G2,W0034F0001T0006Z000C1N8.png,2,0.08250420864685858,0.08250420864685858
G2,W0034F0001T0006Z000C1N8.png,3,0.19471132478620756,0.19471132478620756
G2,W0034F0001T0006Z000C1N8.png,4,0.26585480730369165,0.2884215703630586
G2,W0034F0001T0006Z000C1N8.png,5,0.046428571428571264,0.046428571428571264
G2,W0034F0001T0006Z000C1N8.png,6,1.5178752624968892,2.0762515051168537
G2,W0034F0001T0006Z000C1N8.png,7,0.36575554372913366,1.2914101540372098
G2,W0034F0001T0006Z000C1N8.png,8,1.3325990816821092,1.3325990816821092
G2,W0034F0001T0006Z000C1N8.png,9,0.08125,0.08125
G2,W0034F0001T0006Z000C1N8.png,10,0.0720513626920724,0.0720513626920724
G2,W0034F0001T0006Z000C1N8.png,11,0.06137708673769041,0.16205357058506556
G2,W0034F0001T0006Z000C1N8.png,12,0.08125,0.18168052317185793
G2,W0034F0001T0006Z000C1N8.png,13,1.3306349298770859,1.827411072630815
G2,W0034F0001T0006Z000C1N8.png,14,0.08125,1.3325990816821092
G2,W0034F0001T0006Z000C1N8.png,15,0.03628574271878358,0.03628574271878358
G2,W0034F0001T0006Z000C1N8.png,16,1.4870747816602914,1.6551484544444959
G2,W0034F0001T0006Z000C1N8.png,17,0.02271006539648224,0.02271006539648224
G2,W0034F0001T0006Z000C1N8.png,18,0.9224250948210119,1.0348527136210668
G2,W0034F0001T0006Z000C1N8.png,19,0.325,0.6700046641628699
G2,W0034F0001T0006Z000C1N8.png,20,0.07267220926874421,0.07267220926874421
G2,W0034F0001T0006Z000C1N8.png,21,0.51190365880972,0.5879329447900029
G2,W0034F0001T0006Z000C1N8.png,22,0.0,0.0
G2,W0034F0001T0006Z000C1N8.png,23,2.0964798417039283,3.38219948181343
G2,W0034F0001T0006Z000C1N8.png,24,0.07222222222222428,0.07222222222222428
G2,W0034F0001T0006Z000C1N8.png,25,0.0,0.0
G2,W0034F0001T0006Z000C1N9.png,1,0.9084026158592896,1.261339194071127
G2,W0034F0001T0006Z000C1N9.png,2,0.08125,0.08125
G2,W0034F0001T0006Z000C1N9.png,3,0.6700046641628699,1.2691655723348314
G2,W0034F0001T0006Z000C1N9.png,4,0.22333488805428958,0.6611884291855751
G2,W0034F0001T0006Z000C1N9.png,5,0.10041560611205223,0.10041560611205223
G2,W0034F0001T0006Z000C1N9.png,6,0.3531234636151431,0.5483957031398237
G2,W0034F0001T0006Z000C1N9.png,7,0.0705475671339248,0.0705475671339248
G2,W0034F0001T0006Z000C1N9.png,8,0.07660323462854238,0.07660323462854238
G2,W0034F0001T0006Z000C1N9.png,9,0.06510023136254514,0.06510023136254514
G2,W0034F0001T0006Z000C1N9.png,10,0.081964098236535,0.081964098236535
G2,W0034F0001T0006Z000C1N9.png,11,0.08125,0.08125
G2,W0034F0001T0006Z000C1N9.png,12,0.028726212985703495,0.028726212985703495
G2,W0034F0001T0006Z000C1N9.png,13,0.04513888888888948,0.04513888888888948
G2,W0034F0001T0006Z000C1N9.png,14,1.3619981874070173,1.3619981874070173
G2,W0034F0001T0006Z000C1N9.png,15,0.2569350598886809,0.2569350598886809
G2,W0034F0001T0006Z000C1N9.png,16,0.0,0.0
G2,W0034F0001T0006Z000C1N9.png,17,1.3743562964500278,1.3743562964500278
G2,W0034F0001T0006Z000C1N9.png,18,0.0,0.0
G2,W0034F0001T0006Z000C1N9.png,19,0.07570021798827396,0.07570021798827396
G2,W0034F0001T0006Z000C1N9.png,20,0.08125,0.08125
G2,W0034F0001T0006Z000C1N9.png,21,0.028726212985703495,0.028726212985703495
G2,W0034F0001T0006Z000C1N9.png,22,0.0,0.0
G2,W0034F0001T0006Z000C1N9.png,23,0.11490485194281398,0.11490485194281398
G2,W0034F0001T0006Z000C1N9.png,24,0.08125,0.08125
G2,W0034F0001T0006Z000C1N9.png,25,1.3306349298770859,1.6543117616834768
G2,W0034F0001T0006Z000C1N9.png,26,0.07490879871550371,0.07490879871550371
G2,W0034F0001T0006Z000C1N9.png,27,1.4770529351874755,1.639511059630366
G2,W0034F0001T0006Z000C1N9.png,28,0.08125,0.08125
G2,W0034F0001T0006Z000C1N9.png,29,0.02271006539648224,0.02271006539648224
G2,W0034F0001T0006Z000C1N9.png,30,0.08125,0.08125
G2,W0034F0001T0006Z000C1N9.png,31,0.04642857142857242,0.04642857142857242
G2,W0034F0001T0006Z000C1N9.png,32,0.04642857142857242,0.04642857142857242
G2,W0034F0001T0006Z000C1N9.png,33,0.9224250948210125,0.9224250948210125
G2,W0034F0001T0006Z000C1N9.png,34,0.08125,0.08125
G2,W0034F0001T0006Z000C1N9.png,35,0.34510516734846575,0.34510516734846575
G2,W0034F0001T0006Z000C1N9.png,36,0.11490485194281398,0.11490485194281398
G2,W0034F0001T0006Z000C1N9.png,37,0.980433577556379,1.4125000000000003
G2,W0034F0001T0006Z000C1N9.png,38,0.787580353043422,1.5492140144279616
G2,W0034F0001T0006Z000C1N9.png,39,0.6245499923154538,1.9909064584340892
G2,W0034F0001T0006Z000C1N9.png,40,0.41114747962257975,0.41114747962257975
G2,W0034F0001T0006Z000C1N9.png,41,0.12426470588235274,0.12426470588235274
G2,W0034F0001T0006Z000C1N9.png,42,1.1985407794480745,1.9634949707091172
G2,W0034F0001T0006Z000C1N9.png,43,1.6750116604071748,1.931290452650766
G2,W0034F0001T0006Z000C1N9.png,44,3.206019971435366,3.206019971435366
G2,W0034F0001T0006Z000C1N14.png,1,0.07267220926874297,0.10277402395547257
G2,W0034F0001T0006Z000C1N14.png,2,0.7803591860058252,3.4149468875661837
G2,W0034F0001T0006Z000C1N14.png,3,0.6700046641628699,4.023310981020483
G2,W0034F0001T0006Z000C1N14.png,4,0.29295104113144915,2.815755060814062
G2,W0034F0001T0006Z000C1N14.png,5,0.0726722092687429,0.0726722092687429
G2,W0034F0001T0006Z000C1N14.png,6,0.06090951492389776,0.06090951492389776
G2,W0034F0001T0006Z000C1N14.png,7,0.08125,0.08125
G2,W0034F0001T0006Z000C1N14.png,8,0.897435582646465,1.511337363066235
G2,W0034F0001T0006Z000C1N14.png,9,2.5632620818012346,2.8652279577722957
G2,W0034F0001T0006Z000C1N14.png,10,1.1950284985074195,1.9223054624113014
G2,W0034F0001T0006Z000C1N14.png,11,1.6127664508539357,2.195254113992273
G2,W0034F0001T0006Z000C1N14.png,12,0.5733484736373007,1.8316344401168652
G2,W0034F0001T0006Z000C1N14.png,13,2.055480479109447,2.2575221482855934
G2,W0034F0001T0006Z000C1N14.png,14,0.08838834764831854,0.08838834764831854
G2,W0034F0001T0006Z000C1N14.png,15,1.8527850657860991,2.1862139076494778
G2,W0034F0001T0006Z000C1N14.png,16,1.2116977557324946,1.716671620097205
G2,W0034F0001T0006Z000C1N14.png,17,1.9916841003421093,2.2372866130401996
G2,W0034F0001T0006Z000C1N14.png,18,1.9785667950564623,1.9785667950564623
G2,W0034F0001T0006Z000C1N14.png,19,0.0,0.1625
G2,W0034F0001T0006Z000C1N14.png,20,0.0,0.5138701197773617
G2,W0034F0001T0006Z000C1N14.png,21,0.028726212985703495,0.028726212985703495
G2,W0034F0001T0006Z000C1N14.png,22,0.08125,0.08125
G2,W0034F0001T0006Z000C1N14.png,23,0.7267220926874317,0.7267220926874317
G2,W0034F0001T0006Z000C1N14.png,24,0.032500000000000466,0.032500000000000466
G2,W0034F0001T0006Z000C1N14.png,25,0.07267220926874421,0.14534441853748634
G2,W0034F0001T0006Z000C1N14.png,26,0.4367056280328388,0.4367056280328388
G2,W0034F0001T0006Z000C1N14.png,27,1.1830178570080843,1.4715000849473303
G2,W0034F0001T0006Z000C1N14.png,28,0.07267220926874317,0.07267220926874317
G2,W0034F0001T0006Z000C1N14.png,29,0.08891329959954858,0.08891329959954858
G2,W0034F0001T0006Z000C1N14.png,30,0.07267220926874421,1.269165572334831
G2,W0034F0001T0006Z000C1N14.png,31,0.040373449593747356,0.040373449593747356
G2,W0034F0001T0006Z000C1N14.png,32,0.0,0.0
G2,W0034F0001T0006Z000C1N14.png,33,0.021613053682672606,0.021613053682672606
G2,W0034F0001T0006Z000C1N14.png,34,0.08125,0.08125
G2,W0034F0001T0006Z000C1N14.png,35,0.9447387204936613,1.4697044770973506
G2,W0034F0001T0006Z000C1N14.png,36,0.08125,0.08125
G2,W0034F0001T0006Z000C1N14.png,37,0.08125,0.08125
G2,W0034F0001T0006Z000C1N14.png,38,0.062386518290405375,0.14226315002443646
G2,W0034F0001T0006Z000C1N14.png,39,0.0,0.0
G2,W0034F0001T0006Z000C1N14.png,40,0.08125,0.08125
G2,W0034F0001T0006Z000C1N14.png,41,0.05264053793957614,0.05264053793957614
G2,W0034F0001T0006Z000C1N14.png,42,0.08125,0.08125
G2,W0034F0001T0006Z000C1N14.png,43,0.07660323462854156,0.07660323462854156
G2,W0034F0001T0006Z000C1N14.png,44,0.07060349365524728,0.07060349365524728
G2,W0034F0001T0006Z000C1N14.png,45,0.08750892811593587,0.08750892811593587
G2,W0034F0001T0006Z000C1N14.png,46,0.05458820350410496,0.05458820350410496
G2,W0034F0001T0006Z000C1N14.png,47,0.0766032346285432,0.0766032346285432
G2,W0034F0001T0006Z000C1N14.png,48,0.04642857142857011,0.04642857142857011
G2,W0034F0001T0006Z000C1N14.png,49,0.040625,1.1382252152474044
G2,W0034F0001T0006Z000C1N14.png,50,0.1160714285714299,2.4778463585401376
G2,W0034F0001T0006Z000C1N14.png,51,0.09363599839438089,0.09363599839438089
G2,W0034F0001T0006Z000C1N14.png,52,0.08125,0.08125
G2,W0034F0001T0006Z000C1N14.png,53,0.03906013881752625,0.03906013881752625
G2,W0034F0001T0006Z000C1N14.png,54,0.11490485194281398,1.5628749550107968
G2,W0034F0001T0006Z000C1N14.png,55,0.0,0.0
G2,W0034F0001T0006Z000C1N14.png,56,0.19150808657135798,1.9276789620047114
G2,W0034F0001T0006Z000C1N14.png,57,0.0,0.0
G2,W0034F0001T0006Z000C1N29.png,1,6.914527229359615,6.914527229359615
G2,W0034F0001T0006Z000C1N29.png,2,1.7564794406739308,1.7564794406739308
G2,W0034F0001T0006Z000C1N29.png,3,2.689853620552613,2.689853620552613
G2,W0034F0001T0006Z000C1N29.png,4,0.18168052317185793,0.18168052317185793
G2,W0034F0001T0006Z000C1N29.png,5,1.0791522206371642,1.0791522206371642
G2,W0034F0001T0006Z000C1N29.png,6,0.1098276567970509,0.1098276567970509
G2,W0034F0001T0006Z000C1N29.png,7,0.40625,0.40625
G2,W0034F0001T0006Z000C1N29.png,8,0.8482749038489823,1.0562500000000001
G2,W0034F0001T0006Z000C1N29.png,9,0.06513808583956887,0.06513808583956887
G2,W0034F0001T0006Z000C1N29.png,10,0.06958928570635851,0.06958928570635851
G2,W0034F0001T0006Z000C1N29.png,11,0.11490485194281398,0.11490485194281398
G2,W0034F0001T0006Z000C1N29.png,12,0.4737648414561807,0.4737648414561807
G2,W0034F0001T0006Z000C1N29.png,13,0.6989389279472135,2.5305168691395834
G2,W0034F0001T0006Z000C1N29.png,14,0.08125,0.08125
G2,W0034F0001T0006Z000C1N29.png,15,0.7357500424736652,2.0714766773970688
G2,W0034F0001T0006Z000C1N29.png,16,0.1625,2.480454847401984
G2,W0034F0001T0006Z000C1N29.png,17,0.3303525286869708,0.3303525286869708
G2,W0034F0001T0006Z000C1N29.png,18,0.10002746204949169,0.10002746204949169
G2,W0034F0001T0006Z000C1N29.png,19,0.08125,0.08125
G2,W0034F0001T0006Z000C1N29.png,20,0.11490485194281398,2.2310486603837223
G2,W0034F0001T0006Z000C1N29.png,21,0.520253844291419,1.627029982053189
G2,W0034F0001T0006Z000C1N29.png,22,0.08125,1.8898267943121139
G2,W0034F0001T0006Z000C1N29.png,23,0.24485294680935427,0.24485294680935427
G2,W0034F0001T0006Z000C1N29.png,24,0.04506939094329987,0.04506939094329987
G2,W0034F0001T0006Z000C1N29.png,25,0.07267220926874317,0.07267220926874317
G2,W0034F0001T0006Z000C1N29.png,26,0.30832207186641625,0.9447387204936616
G2,W0034F0001T0006Z000C1N29.png,27,0.05745242597140699,0.05745242597140699
G2,W0034F0001T0006Z000C1N29.png,28,1.040507688582838,1.5330219339591982
G2,W0034F0001T0006Z000C1N29.png,29,0.16900255100115485,1.7583193288606302
G2,W0034F0001T0006Z000C1N29.png,30,0.07660323462854156,0.07660323462854156
G2,W0034F0001T0006Z000C1N29.png,31,0.04642857142857242,0.04642857142857242
G2,W0034F0001T0006Z000C1N29.png,32,0.08125,0.08125
G2,W0034F0001T0006Z000C1N29.png,33,0.04642857142857242,0.04642857142857242
G2,W0034F0001T0006Z000C1N29.png,34,0.07267220926874421,0.07267220926874421
G2,W0034F0001T0006Z000C1N29.png,35,0.12187500000000001,0.12187500000000001
G2,W0034F0001T0006Z000C1N29.png,36,0.05583372201357212,0.05583372201357212
G2,W0034F0001T0006Z000C1N29.png,37,0.03830161731427201,0.03830161731427201
G2,W0034F0001T0006Z000C1N29.png,38,0.6187815648514426,1.708183428382327
G2,W0034F0001T0006Z000C1N29.png,39,0.07660323462854156,0.07660323462854156
G2,W0034F0001T0006Z000C1N29.png,40,0.03830161731427242,1.1342712111993114
G2,W0034F0001T0006Z000C1N29.png,41,0.11490485194281398,0.11490485194281398
G2,W0034F0001T0006Z000C1N29.png,42,0.978379559526874,1.4647552056572457
G2,W0034F0001T0006Z000C1N29.png,43,0.08125,0.08125
G2,W0034F0001T0006Z000C1N29.png,44,0.07267220926874317,0.07267220926874317
G2,W0034F0001T0006Z000C1N29.png,45,0.0885982965133385,0.0885982965133385
G2,W0034F0001T0006Z000C1N29.png,46,1.2479702908878787,1.3936307375531944
G2,W0034F0001T0006Z000C1N29.png,47,0.08125,0.08125
G2,W0034F0001T0006Z000C1N29.png,48,0.65,0.65
G2,W0034F0001T0006Z000C1N29.png,49,0.9518741792511235,1.06325800167457
G2,W0034F0001T0006Z000C1N29.png,50,1.0562500000000001,1.0562500000000001
G2,W0034F0001T0006Z000C1N29.png,51,0.22980970388562796,0.22980970388562796
G2,W0034F0001T0006Z000C1N29.png,52,0.028726212985703495,0.1839375106184163
G2,W0034F0001T0006Z000C1N29.png,53,0.0773809523809528,0.0773809523809528
G2,W0034F0001T0006Z000C1N29.png,54,0.03830161731427078,0.03830161731427078
G2,W0034F0001T0006Z000C1N29.png,55,1.0277402395547235,1.8168052317185792
G2,W0034F0001T0006Z000C1N29.png,56,0.11490485194281398,2.6824807781231166
G2,W0034F0003T0006Z000C1N4.png,1,0.1801284067301791,0.1801284067301791
G2,W0034F0003T0006Z000C1N4.png,2,0.05745242597140699,0.05745242597140699
G2,W0034F0003T0006Z000C1N4.png,3,0.40625,0.40625
G2,W0034F0003T0006Z000C1N4.png,4,0.10293250365478299,0.10293250365478299
G2,W0034F0003T0006Z000C1N4.png,5,0.06958928570635765,0.06958928570635765
G2,W0034F0003T0006Z000C1N4.png,6,0.060909514923897165,0.060909514923897165
G2,W0034F0003T0006Z000C1N4.png,7,0.12112034878123845,0.12112034878123845
G2,W0034F0003T0006Z000C1N4.png,8,0.04506939094329923,0.04506939094329923
G2,W0034F0003T0006Z000C1N4.png,9,0.11485794242792013,0.11485794242792013
G2,W0034F0003T0006Z000C1N4.png,10,0.0,0.0
G2,W0034F0003T0006Z000C1N4.png,11,0.0,0.0
G2,W0034F0003T0006Z000C1N4.png,12,0.11490485194281398,0.11490485194281398
G2,W0034F0003T0006Z000C1N4.png,13,0.07205136269207127,0.07205136269207127
G2,W0034F0003T0006Z000C1N4.png,14,0.07660323462854238,0.07660323462854238
G2,W0034F0003T0006Z000C1N4.png,15,0.060937500000000006,0.060937500000000006
G2,W0034F0003T0006Z000C1N4.png,16,0.032499999999998155,0.13000000000000186
G2,W0034F0003T0006Z000C1N4.png,17,0.6512682938889318,0.7887948184572463
G2,W0034F0003T0006Z000C1N4.png,18,0.10174262872562347,0.10174262872562347
G2,W0034F0003T0006Z000C1N4.png,19,0.45961940777125593,0.8125
G2,W0034F0003T0006Z000C1N4.png,20,0.08125,0.08125
G2,W0034F0003T0006Z000C1N4.png,21,1.4773480964076082,1.5435318052030766
G2,W0034F0003T0006Z000C1N4.png,22,0.6527512756321011,1.368527956350552
G2,W0034F0003T0006Z000C1N4.png,23,0.0,0.0
G2,W0034F0003T0006Z000C1N4.png,24,0.0,0.0
G2,W0034F0003T0006Z000C1N4.png,25,0.1625,0.1625
G2,W0034F0003T0006Z000C1N4.png,26,0.0,0.0
G2,W0034F0003T0006Z000C1N4.png,27,0.0,0.0
G2,W0034F0003T0006Z000C1N4.png,28,0.0,0.0
G2,W0034F0003T0006Z000C1N4.png,29,1.5751496223040617,2.220287341336516
G2,W0034F0003T0006Z000C1N4.png,30,2.2018214689640323,3.4480866793893443
G2,W0034F0003T0006Z000C1N4.png,31,0.8268182824673278,0.9224250948210133
G2,W0034F0003T0006Z000C1N4.png,32,0.09084026158592896,0.09084026158592896
G2,W0034F0003T0006Z000C1N4.png,33,0.04642857142857242,0.04642857142857242
G2,W0034F0003T0006Z000C1N4.png,34,0.03830161731427242,0.03830161731427242
G2,W0034F0003T0006Z000C1N4.png,35,1.397877855894426,1.427782371371771
G2,W0034F0003T0006Z000C1N4.png,36,0.7708051796660425,0.897435582646465
G2,W0034F0003T0006Z000C1N4.png,37,0.0,0.0
G2,W0034F0003T0006Z000C1N4.png,38,0.05416666666666821,0.05416666666666821
G2,W0034F0003T0006Z000C1N4.png,39,0.04125210432342716,0.04125210432342716
G2,W0034F0003T0006Z000C1N4.png,40,0.08370029746612787,0.08370029746612787
G2,W0034F0003T0006Z000C1N4.png,41,0.0,0.0
G2,W0034F0002T0006Z000C1N48.png,1,0.136046511627907,0.136046511627907
G2,W0034F0002T0006Z000C1N48.png,2,0.0771993777410875,0.0771993777410875
G2,W0034F0002T0006Z000C1N48.png,3,0.072672209268744,0.072672209268744
G2,W0034F0002T0006Z000C1N48.png,4,1.2619851734200758,1.2619851734200758
G2,W0034F0002T0006Z000C1N48.png,5,0.09084026158592896,0.09084026158592896
G2,W0034F0002T0006Z000C1N48.png,6,0.08125,0.08125
G2,W0034F0002T0006Z000C1N48.png,7,0.054166666666666474,0.054166666666666474
G2,W0034F0002T0006Z000C1N48.png,8,0.08125,0.08125
G2,W0034F0002T0006Z000C1N48.png,9,0.039480403454683045,0.039480403454683045
G2,W0034F0002T0006Z000C1N48.png,10,0.040625,0.040625
G2,W0034F0002T0006Z000C1N48.png,11,0.043603325561246,0.043603325561246
G2,W0034F0002T0006Z000C1N48.png,12,0.07432197775591624,0.07432197775591624
G2,W0034F0002T0006Z000C1N48.png,13,0.6211576103208458,0.7146092095082804
G2,W0034F0002T0006Z000C1N48.png,14,0.0,0.0
G2,W0034F0002T0006Z000C1N48.png,15,0.08125,0.08125
G2,W0034F0002T0006Z000C1N48.png,16,0.060777298082366156,0.060777298082366156
G2,W0034F0002T0006Z000C1N48.png,17,0.11490485194281398,0.11490485194281398
G2,W0034F0002T0006Z000C1N48.png,18,0.07660323462854238,0.07660323462854238
G2,W0034F0002T0006Z000C1N48.png,19,0.09459160805298615,0.09459160805298615
G2,W0034F0002T0006Z000C1N48.png,20,0.0,0.0
G2,W0034F0002T0006Z000C1N48.png,21,0.07896080690936312,0.07896080690936312
G2,W0034F0002T0006Z000C1N48.png,22,0.07274086512653748,0.07274086512653748
G2,W0034F0002T0006Z000C1N48.png,23,0.11490485194281398,0.11490485194281398
G2,W0034F0002T0006Z000C1N48.png,24,0.04506939094329923,0.04506939094329923
G2,W0034F0002T0006Z000C1N48.png,25,0.07603453162872757,0.07603453162872757
G2,W0034F0002T0006Z000C1N48.png,26,0.1196596341275987,0.1196596341275987
G2,W0034F0002T0006Z000C1N48.png,27,0.09848987309384101,0.09848987309384101
G2,W0034F0002T0006Z000C1N48.png,28,0.08838834764831895,0.08838834764831895
G2,W0034F0002T0006Z000C1N48.png,29,2.0131134761993805,2.0131134761993805
G2,W0034F0002T0006Z000C1N48.png,30,0.07267220926874317,0.07267220926874317
G2,W0034F0002T0006Z000C1N48.png,31,0.05814405359843762,0.05814405359843762
G2,W0034F0002T0006Z000C1N48.png,32,0.08125,0.08125
G2,W0034F0002T0006Z000C1N48.png,33,0.05076662289339292,0.05076662289339292
G2,W0034F0002T0006Z000C1N48.png,34,0.1001470368020393,0.1001470368020393
G2,W0034F0002T0006Z000C1N48.png,35,0.0,0.0
G2,W0034F0002T0006Z000C1N48.png,36,0.032673437341804674,0.032673437341804674
G2,W0034F0002T0006Z000C1N48.png,37,0.11490485194281398,0.11490485194281398
G2,W0034F0002T0006Z000C1N48.png,38,0.06964285714285748,0.06964285714285748
G2,W0034F0002T0006Z000C1N48.png,39,0.09027777777777851,0.09027777777777851
G2,W0034F0002T0006Z000C1N48.png,40,0.09765034704381627,0.09765034704381627
G2,W0034F0002T0006Z000C1N48.png,41,0.005416666666666359,0.005416666666666359
G2,W0034F0002T0006Z000C1N48.png,42,0.06056017439061974,0.11166744402714507
G2,W0034F0002T0006Z000C1N48.png,43,0.04999999999999982,0.04999999999999982
G2,W0034F0002T0006Z000C1N48.png,44,1.2691655723348314,1.3400093283257397
G2,W0034F0002T0006Z000C1N48.png,45,0.0,0.0
G2,W0034F0002T0006Z000C1N48.png,46,0.08750892811593587,0.08750892811593587
G2,W0034F0002T0006Z000C1N48.png,47,0.08750892811593587,0.08750892811593587
G2,W0034F0002T0006Z000C1N48.png,48,0.07660323462854197,1.355249567012987
G2,W0034F0002T0006Z000C1N48.png,49,1.0562500000000001,1.0562500000000001
G2,W0034F0002T0006Z000C1N48.png,50,2.1575279274698858,2.1575279274698858
G2,W0034F0002T0006Z000C1N48.png,51,0.18168052317185793,0.18168052317185793
G2,W0034F0002T0006Z000C1N48.png,52,0.0,0.9884489111734607
G2,W0034F0002T0006Z000C1N48.png,53,0.05955076745902307,0.05955076745902307
G2,W0034F0002T0006Z000C1N48.png,54,0.08125,0.08125
G2,W0034F0002T0006Z000C1N48.png,55,2.35422566297758,2.40417027729365
G2,W0034F0002T0006Z000C1N48.png,56,0.0186338998124987,0.0186338998124987
G2,W0034F0002T0006Z000C1N48.png,57,2.5498638307869603,2.5498638307869603
G2,W0034F0002T0006Z000C1N48.png,58,2.4563851743975333,2.4563851743975333
G2,W0034F0002T0006Z000C1N48.png,59,0.05590169943749713,0.05590169943749713
G2,W0034F0002T0006Z000C1N48.png,60,0.11490485194281398,0.11490485194281398
G2,W0034F0002T0006Z000C1N48.png,61,0.08125,0.08125
G2,W0034F0002T0006Z000C1N48.png,62,1.3464285714285724,1.3506246192946805
G2,W0034F0002T0006Z000C1N48.png,63,0.02271006539648224,0.02271006539648224
G2,W0034F0002T0006Z000C1N48.png,64,1.1287610741427967,1.4374592385525233
G2,W0034F0002T0006Z000C1N48.png,65,0.651127494342612,0.8079735023845489
G2,W0034F0002T0006Z000C1N48.png,66,1.2575416625954252,2.142830729003873
G2,W0034F0002T0006Z000C1N48.png,67,0.0,0.0
G2,W0034F0002T0006Z000C1N48.png,68,0.0,0.0
G2,W0034F0002T0006Z000C1N48.png,69,0.1742500095175243,0.1742500095175243
G2,W0034F0002T0006Z000C1N48.png,70,0.0,0.0
G2,W0034F0002T0006Z000C1N48.png,71,0.08891329959954858,0.08891329959954858
G2,W0034F0002T0006Z000C1N48.png,72,0.05709667997526184,0.05709667997526184
G2,W0034F0002T0006Z000C1N48.png,73,0.060937500000000006,0.060937500000000006
G2,W0034F0002T0006Z000C1N48.png,74,0.11490485194281398,0.11490485194281398
G2,W0034F0002T0006Z000C1N48.png,75,0.12643417954096944,0.12643417954096944
G2,W0034F0002T0006Z000C1N48.png,76,1.0309249654041523,1.0422468548840893
G2,W0034F0002T0006Z000C1N48.png,77,1.54375,1.54375
G2,W0034F0002T0006Z000C1N51.png,1,0.07386363636363584,0.07386363636363584
G2,W0034F0002T0006Z000C1N51.png,2,0.531629000837285,0.531629000837285
G2,W0034F0002T0006Z000C1N51.png,3,0.0383016173142719,0.0383016173142719
G2,W0034F0002T0006Z000C1N51.png,4,0.0,0.0
G2,W0034F0002T0006Z000C1N51.png,5,0.060560174390619476,0.060560174390619476
G2,W0034F0002T0006Z000C1N51.png,6,0.025534411542847867,0.025534411542847867
G2,W0034F0002T0006Z000C1N51.png,7,0.0695892857063571,0.0695892857063571
G2,W0034F0002T0006Z000C1N51.png,8,0.29169642705311744,0.29169642705311744
G2,W0034F0002T0006Z000C1N51.png,9,0.0541666666666659,0.0541666666666659
G2,W0034F0002T0006Z000C1N51.png,10,0.01767766952966444,0.01767766952966444
G2,W0034F0002T0006Z000C1N51.png,11,0.059657587763651376,0.059657587763651376
G2,W0034F0002T0006Z000C1N51.png,12,0.042763157894737364,0.042763157894737364
G2,W0034F0002T0006Z000C1N51.png,13,0.0,0.0
G2,W0034F0002T0006Z000C1N51.png,14,0.11490485194281398,0.11490485194281398
G2,W0034F0002T0006Z000C1N51.png,15,0.07052302927901505,0.07052302927901505
G2,W0034F0002T0006Z000C1N51.png,16,0.07695559204460944,0.07695559204460944
G2,W0034F0002T0006Z000C1N51.png,17,0.0,0.0
G2,W0034F0002T0006Z000C1N51.png,18,0.2846972380637215,0.2846972380637215
G2,W0034F0002T0006Z000C1N51.png,19,0.08125,0.08125
G2,W0034F0002T0006Z000C1N51.png,20,1.0932918136508285,1.0932918136508285
G2,W0034F0002T0006Z000C1N51.png,21,0.05745242597140699,0.05745242597140699
G2,W0034F0002T0006Z000C1N51.png,22,0.0990959703412223,0.0990959703412223
G2,W0034F0002T0006Z000C1N51.png,23,0.007181553246425874,0.007181553246425874
G2,W0034F0002T0006Z000C1N51.png,24,0.08750892811593565,0.08750892811593565
G2,W0034F0002T0006Z000C1N51.png,25,0.06499999999999931,0.06499999999999931
G2,W0034F0002T0006Z000C1N51.png,26,0.07323776028286229,0.07323776028286229
G2,W0034F0002T0006Z000C1N51.png,27,0.11490485194281398,0.11490485194281398
G2,W0034F0002T0006Z000C1N51.png,28,0.0,0.0
G2,W0034F0002T0006Z000C1N51.png,29,0.07267220926874317,0.07267220926874317
G2,W0034F0002T0006Z000C1N51.png,30,0.0,0.0
G2,W0034F0002T0006Z000C1N51.png,31,0.0,0.0
G2,W0034F0002T0006Z000C1N51.png,32,0.11490485194281398,0.11490485194281398
G2,W0034F0002T0006Z000C1N51.png,33,0.07267220926874421,0.07267220926874421
G2,W0034F0002T0006Z000C1N51.png,34,0.032500000000000466,0.032500000000000466
G2,W0034F0002T0006Z000C1N51.png,35,0.046428571428571264,0.046428571428571264
G2,W0034F0002T0006Z000C1N51.png,36,1.106910113785217,1.1116710394716607
G2,W0034F0002T0006Z000C1N51.png,37,0.09357977743560816,0.09357977743560816
G2,W0034F0002T0006Z000C1N51.png,38,0.11490485194281398,0.11490485194281398
G2,W0034F0002T0006Z000C1N51.png,39,0.032499999999999564,0.032499999999999564
G2,W0034F0002T0006Z000C1N51.png,40,0.06589659407823067,0.06589659407823067
G2,W0034F0002T0006Z000C1N51.png,41,0.018168052317186826,0.018168052317186826
G2,W0034F0002T0006Z000C1N51.png,42,0.08125,0.08125
G2,W0034F0002T0006Z000C1N51.png,43,0.2916964270531191,0.2916964270531191
G2,W0034F0002T0006Z000C1N51.png,44,0.9777045821719347,0.9777045821719347
G2,W0034F0002T0006Z000C1N51.png,45,0.05803571428571333,0.05803571428571333
G2,W0034F0002T0006Z000C1N51.png,46,0.07660323462854401,0.07660323462854401
G2,W0034F0002T0006Z000C1N51.png,47,0.027083333333333383,0.027083333333333383
G2,W0034F0002T0006Z000C1N51.png,48,0.11490485194281398,0.11490485194281398
G2,W0034F0002T0006Z000C1N51.png,49,0.65,0.65
G2,W0034F0002T0006Z000C1N51.png,50,0.03952847075210351,0.03952847075210351
G2,W0034F0002T0006Z000C1N51.png,51,0.9577319217963747,0.9826809718118644
G2,W0034F0003T0006Z000C1N41.png,1,5.345237366104521,5.724522359987774
G2,W0034F0003T0006Z000C1N41.png,2,0.0760947201008134,0.0760947201008134
G2,W0034F0003T0006Z000C1N41.png,3,0.2621512867012875,0.2621512867012875
G2,W0034F0003T0006Z000C1N41.png,4,0.060937500000000006,0.060937500000000006
G2,W0034F0003T0006Z000C1N41.png,5,0.07267220926874317,0.07267220926874317
G2,W0034F0003T0006Z000C1N41.png,6,0.055887982203261875,0.055887982203261875
G2,W0034F0003T0006Z000C1N41.png,7,0.08125,0.08125
G2,W0034F0003T0006Z000C1N41.png,8,0.08466673301049364,0.08466673301049364
G2,W0034F0003T0006Z000C1N41.png,9,0.06958928570635742,0.06958928570635742
G2,W0034F0003T0006Z000C1N41.png,10,0.08750892811593587,0.08750892811593587
G2,W0034F0003T0006Z000C1N41.png,11,0.12820508323520907,0.12820508323520907
G2,W0034F0003T0006Z000C1N41.png,12,0.0902777777777778,0.0902777777777778
G2,W0034F0003T0006Z000C1N41.png,13,0.02499999999999991,0.02499999999999991
G2,W0034F0003T0006Z000C1N41.png,14,0.08750892811593587,0.08750892811593587
G2,W0034F0003T0006Z000C1N41.png,15,0.07274086512653961,0.07274086512653961
G2,W0034F0003T0006Z000C1N41.png,16,0.5138701197773617,1.14904851942814
G2,W0034F0003T0006Z000C1N41.png,17,1.9918682342213303,2.476459481295828
G2,W0034F0002T0006Z000C1N56.png,1,0.0,0.0
G2,W0034F0002T0006Z000C1N56.png,2,0.0,0.0
G2,W0034F0002T0006Z000C1N56.png,3,0.0,0.0
G2,W0034F0002T0006Z000C1N56.png,4,0.11490485194281398,0.11490485194281398
G2,W0034F0002T0006Z000C1N56.png,5,0.08029220621521276,0.08029220621521276
G2,W0034F0002T0006Z000C1N56.png,6,0.0,0.0
G2,W0034F0002T0006Z000C1N56.png,7,0.0,0.0
G2,W0034F0002T0006Z000C1N56.png,8,0.08125,0.08125
G2,W0034F0002T0006Z000C1N56.png,9,0.06689530430826304,0.06689530430826304
G2,W0034F0002T0006Z000C1N56.png,10,0.0,0.0
G2,W0034F0002T0006Z000C1N56.png,11,0.0541666666666659,0.0541666666666659
G2,W0034F0002T0006Z000C1N56.png,12,0.11490485194281398,0.11490485194281398
G2,W0034F0002T0006Z000C1N56.png,13,0.0,0.0
G2,W0034F0002T0006Z000C1N56.png,14,0.0,0.0
G2,W0034F0002T0006Z000C1N56.png,15,0.05340002340823428,0.05340002340823428
G2,W0034F0002T0006Z000C1N56.png,16,0.0,0.0
G2,W0034F0002T0006Z000C1N56.png,17,0.06589659407823172,0.06589659407823172
G2,W0034F0002T0006Z000C1N56.png,18,0.05803571428571495,0.05803571428571495
G2,W0034F0002T0006Z000C1N56.png,19,0.0,0.0
G2,W0034F0002T0006Z000C1N56.png,20,0.075438556689247,0.075438556689247
G2,W0034F0002T0006Z000C1N56.png,21,0.0,0.0
G2,W0034F0002T0006Z000C1N56.png,22,0.052659648681878016,0.052659648681878016
G2,W0034F0002T0006Z000C1N56.png,23,0.0,0.0
G2,W0034F0002T0006Z000C1N56.png,24,0.019080933177549202,0.019080933177549202
G2,W0034F0002T0006Z000C1N56.png,25,0.0,0.0
G2,W0034F0002T0006Z000C1N56.png,26,0.07660323462854238,0.07660323462854238
G2,W0034F0002T0006Z000C1N56.png,27,0.07558139534883619,0.07558139534883619
G2,W0034F0002T0006Z000C1N56.png,28,0.024447840838896243,0.024447840838896243
G2,W0034F0002T0006Z000C1N56.png,29,0.0,0.0
G2,W0034F0002T0006Z000C1N56.png,30,0.0,0.0
G2,W0034F0002T0006Z000C1N56.png,31,0.0,0.0
G2,W0034F0002T0006Z000C1N56.png,32,0.0,0.0
G2,W0034F0002T0006Z000C1N56.png,33,0.07660323462854238,0.07660323462854238
G2,W0034F0002T0006Z000C1N56.png,34,0.08265366481983193,0.08265366481983193
G2,W0034F0002T0006Z000C1N56.png,35,0.08125,0.08125
G2,W0034F0002T0006Z000C1N56.png,36,0.07847188080336515,0.07847188080336515
G2,W0034F0002T0006Z000C1N56.png,37,0.07686270270544988,0.07686270270544988
G2,W0034F0002T0006Z000C1N56.png,38,0.0,0.0
G2,W0034F0002T0006Z000C1N56.png,39,0.07032397301629033,0.07032397301629033
G2,W0034F0002T0006Z000C1N56.png,40,0.0,0.0
G2,W0034F0002T0006Z000C1N56.png,41,0.03292454629484899,0.03292454629484899
G2,W0034F0002T0006Z000C1N56.png,42,0.02708333333333295,0.02708333333333295
G2,W0034F0002T0006Z000C1N56.png,43,0.0,0.0
G2,W0034F0002T0006Z000C1N56.png,44,0.0,0.0
G2,W0034F0002T0006Z000C1N56.png,45,0.0,0.0
G2,W0034F0002T0006Z000C1N56.png,46,0.03190498400775574,0.03190498400775574
G2,W0034F0002T0006Z000C1N56.png,47,0.0,0.0
G2,W0034F0002T0006Z000C1N56.png,48,0.07660323462854156,0.07660323462854156
G2,W0034F0002T0006Z000C1N56.png,49,0.0,0.0
G2,W0034F0002T0006Z000C1N56.png,50,0.09030088593142438,0.09030088593142438
G2,W0034F0002T0006Z000C1N56.png,51,0.08536934655257064,0.08536934655257064
G2,W0034F0002T0006Z000C1N56.png,52,0.04542013079296448,0.04542013079296448
G2,W0034F0002T0006Z000C1N56.png,53,0.08125,0.08125
G2,W0034F0002T0006Z000C1N56.png,54,0.0,0.0
G2,W0034F0002T0006Z000C1N56.png,55,0.0,0.0
G2,W0034F0002T0006Z000C1N56.png,56,0.032499999999998155,0.032499999999998155
G2,W0034F0002T0006Z000C1N56.png,57,0.0,0.0
G2,W0034F0002T0006Z000C1N56.png,58,0.033447652154133485,0.033447652154133485
G2,W0034F0002T0006Z000C1N56.png,59,0.08144476655992122,0.08144476655992122
G2,W0034F0002T0006Z000C1N56.png,60,0.0,0.0
G2,W0034F0002T0006Z000C1N56.png,61,0.06500000000000093,0.06500000000000093
G2,W0034F0002T0006Z000C1N56.png,62,0.08024588691883673,0.08024588691883673
G2,W0034F0002T0006Z000C1N56.png,63,0.03028008719530793,0.03028008719530793
G2,W0034F0002T0006Z000C1N56.png,64,0.0,0.0
G2,W0034F0002T0006Z000C1N56.png,65,0.040625,0.040625
G2,W0034F0002T0006Z000C1N56.png,66,0.0,0.0
G2,W0034F0002T0006Z000C1N56.png,67,0.0,0.0
G2,W0034F0002T0006Z000C1N56.png,68,0.0,0.0
G2,W0034F0002T0006Z000C1N56.png,69,0.08125,0.08125
G2,W0034F0002T0006Z000C1N56.png,70,0.06688636749760553,0.06688636749760553
G2,W0034F0002T0006Z000C1N56.png,71,0.08125,0.08125
G2,W0034F0002T0006Z000C1N56.png,72,0.0861390620829424,0.0861390620829424
G2,W0034F0001T0006Z000C1N27.png,1,0.0771993777410875,0.0771993777410875
G2,W0034F0001T0006Z000C1N27.png,2,0.08125,0.08125
G2,W0034F0001T0006Z000C1N27.png,3,0.0,0.0
G2,W0034F0001T0006Z000C1N27.png,4,0.05416666666666821,0.05416666666666821
G2,W0034F0001T0006Z000C1N27.png,5,0.09013878188659966,0.09013878188659966
G2,W0034F0001T0006Z000C1N27.png,6,0.04642857142857141,0.04642857142857141
G2,W0034F0001T0006Z000C1N27.png,7,0.0,0.0
G2,W0034F0001T0006Z000C1N27.png,8,0.08207489424486765,0.08207489424486765
G2,W0034F0001T0006Z000C1N27.png,9,0.10000069614371117,0.10000069614371117
G2,W0034F0001T0006Z000C1N27.png,10,0.040625,0.040625
G2,W0034F0001T0006Z000C1N27.png,11,0.04999999999999982,0.04999999999999982
G2,W0034F0001T0006Z000C1N27.png,12,0.0,0.0
G2,W0034F0001T0006Z000C1N27.png,13,0.032500000000000466,0.032500000000000466
G2,W0034F0001T0006Z000C1N27.png,14,0.0,0.0
G2,W0034F0001T0006Z000C1N27.png,15,0.08125,0.08125
G2,W0034F0001T0006Z000C1N27.png,16,0.09765034704381723,0.09765034704381723
G2,W0034F0001T0006Z000C1N27.png,17,0.07914541692591431,0.07914541692591431
G2,W0034F0001T0006Z000C1N27.png,18,0.07660323462854238,0.07660323462854238
G2,W0034F0001T0006Z000C1N27.png,19,0.03526340337699415,0.03526340337699415
G2,W0034F0001T0006Z000C1N27.png,20,0.07660323462854238,0.07660323462854238
G2,W0034F0001T0006Z000C1N27.png,21,0.08886236101066448,0.08886236101066448
G2,W0034F0001T0006Z000C1N27.png,22,0.052232142857144837,0.052232142857144837
G2,W0034F0001T0006Z000C1N27.png,23,0.0,0.0
G2,W0034F0001T0006Z000C1N27.png,24,0.03830161731426997,0.03830161731426997
G2,W0034F0001T0006Z000C1N27.png,25,1.38125,1.38125
G2,W0034F0001T0006Z000C1N27.png,26,0.07267220926874421,0.07267220926874421
G2,W0034F0001T0006Z000C1N27.png,27,0.0,0.0
G2,W0034F0001T0006Z000C1N27.png,28,0.08750892811593587,0.08750892811593587
G2,W0034F0001T0006Z000C1N27.png,29,0.0,0.0
G2,W0034F0001T0006Z000C1N27.png,30,0.0,0.0
G2,W0034F0001T0006Z000C1N27.png,31,0.045961940777124614,0.045961940777124614
G2,W0034F0001T0006Z000C1N27.png,32,0.0,0.0
G2,W0034F0001T0006Z000C1N27.png,33,0.05617991096370393,0.05617991096370393
G2,W0034F0001T0006Z000C1N27.png,34,0.04624478615923798,0.04624478615923798
G2,W0034F0001T0006Z000C1N27.png,35,0.07267220926874421,0.07267220926874421
G2,W0034F0001T0006Z000C1N27.png,36,0.08125,0.08125
G2,W0034F0001T0006Z000C1N27.png,37,0.08125,0.08125
G2,W0034F0001T0006Z000C1N27.png,38,0.0,0.0
G2,W0034F0001T0006Z000C1N27.png,39,0.07367463192231755,0.07367463192231755
G2,W0034F0001T0006Z000C1N27.png,40,0.08279565481415205,0.08279565481415205
G2,W0034F0001T0006Z000C1N27.png,41,0.03693181818181808,0.03693181818181808
G2,W0034F0001T0006Z000C1N27.png,42,0.08125,0.08125
G2,W0034F0001T0006Z000C1N27.png,43,0.04642857142857242,0.04642857142857242
G2,W0034F0001T0006Z000C1N27.png,44,0.12790108511781992,0.12790108511781992
G2,W0034F0001T0006Z000C1N27.png,45,0.046428571428571264,0.046428571428571264
G2,W0034F0001T0006Z000C1N27.png,46,0.05078125,0.05078125
G2,W0034F0001T0006Z000C1N27.png,47,0.0776598808830227,0.0776598808830227
G2,W0034F0001T0006Z000C1N27.png,48,0.8636993472846903,0.8636993472846903
G2,W0034F0001T0006Z000C1N27.png,49,0.03830161731427242,0.03830161731427242
G2,W0034F0001T0006Z000C1N27.png,50,0.12830883003206614,0.12830883003206614
G2,W0034F0001T0006Z000C1N27.png,51,1.3126339217390353,1.3126339217390353
G2,W0034F0001T0006Z000C1N27.png,52,0.05709667997526184,0.05709667997526184
G2,W0034F0001T0006Z000C1N27.png,53,0.08002196963959397,0.08002196963959397
G2,W0034F0001T0006Z000C1N27.png,54,0.21125318875144275,0.21125318875144275
G2,W0034F0001T0006Z000C1N27.png,55,0.09027777777777712,0.09027777777777712
G2,W0034F0001T0006Z000C1N27.png,56,0.04642857142857242,0.04642857142857242
G2,W0034F0001T0006Z000C1N27.png,57,0.06090951492389675,0.06090951492389675
G2,W0034F0001T0006Z000C1N27.png,58,0.07323776028286229,0.07323776028286229
G2,W0034F0001T0006Z000C1N27.png,59,1.2720880503379082,1.2720880503379082
G2,W0034F0001T0006Z000C1N27.png,60,4.14375,4.14375
G2,W0034F0001T0006Z000C1N27.png,61,0.117707821205048,0.117707821205048
G2,W0034F0001T0006Z000C1N27.png,62,0.10445895631164974,0.10445895631164974
G2,W0034F0001T0006Z000C1N27.png,63,0.07987873462254001,0.07987873462254001
G2,W0034F0003T0006Z000C1N9.png,1,5.9150892850404215,15.934945873770642
G2,W0034F0003T0006Z000C1N9.png,2,1.7336544961582925,14.178119679594047
G2,W0034F0003T0006Z000C1N9.png,3,1.963494970709118,12.214553307427988
G2,W0034F0003T0006Z000C1N9.png,4,1.760624987674043,10.508682339565171
G2,W0034F0003T0006Z000C1N9.png,5,4.293284990184607,10.312065857864972
G2,W0034F0003T0006Z000C1N9.png,6,4.970382003993757,10.628000036019243
G2,W0034F0003T0006Z000C1N9.png,7,1.1777747324138432,7.006899849991615
G2,W0034F0003T0006Z000C1N9.png,8,5.132848411213797,11.63562182749594
G2,W0034F0003T0006Z000C1N9.png,9,4.476401149503417,10.16963913363785
G2,W0034F0003T0006Z000C1N9.png,10,0.08125,0.08125
G2,W0034F0003T0006Z000C1N9.png,11,1.955282558305193,5.011304116226883
G2,W0034F0003T0006Z000C1N9.png,12,0.5859020822628983,2.2633630950424193
G2,W0034F0003T0006Z000C1N9.png,13,3.2397706522446,6.999340533007558
G2,W0034F0003T0006Z000C1N9.png,14,0.03830161731427078,0.03830161731427078
G2,W0034F0003T0006Z000C1N8.png,1,0.08736736599340168,0.08736736599340168
G2,W0034F0003T0006Z000C1N8.png,2,0.919238815542512,0.919238815542512
G2,W0034F0003T0006Z000C1N8.png,3,0.11490485194281398,0.11490485194281398
G2,W0034F0003T0006Z000C1N8.png,4,0.03250000000000003,0.03250000000000003
G2,W0034F0003T0006Z000C1N8.png,5,0.11490485194281398,0.11490485194281398
G2,W0034F0003T0006Z000C1N8.png,6,0.03190498400775559,0.03190498400775559
G2,W0034F0003T0006Z000C1N8.png,7,0.0,0.1625
G2,W0034F0003T0006Z000C1N8.png,8,0.08750892811593565,0.08750892811593565
G2,W0034F0003T0006Z000C1N8.png,9,0.06936717923885584,0.06936717923885584
G2,W0034F0003T0006Z000C1N8.png,10,0.9510068677459697,1.0686768980847299
G2,W0034F0003T0006Z000C1N8.png,11,0.040625,0.040625
G2,W0034F0003T0006Z000C1N8.png,12,0.15426673429045498,2.081093703581465
G2,W0034F0003T0006Z000C1N8.png,13,0.0,0.0
G2,W0034F0003T0006Z000C1N8.png,14,0.06601562500000001,0.06601562500000001
G2,W0034F0003T0006Z000C1N8.png,15,0.09765034704381627,0.09765034704381627
G2,W0034F0003T0006Z000C1N8.png,16,1.0180595819990106,1.482673366760191
G2,W0034F0003T0006Z000C1N8.png,17,0.8502959043768237,1.5120360858789048
G2,W0034F0003T0006Z000C1N8.png,18,0.11490485194281398,0.11490485194281398
G2,W0034F0003T0006Z000C1N8.png,19,0.0667981880176218,0.0667981880176218
G2,W0034F0003T0006Z000C1N8.png,20,0.0935797774356081,0.0935797774356081
G2,W0034F0003T0006Z000C1N8.png,21,0.046428571428571264,0.046428571428571264
G2,W0034F0003T0006Z000C1N8.png,22,0.07660323462854278,0.12112034878123817
G2,W0034F0003T0006Z000C1N8.png,23,0.08125,0.08125
G2,W0034F0003T0006Z000C1N8.png,24,1.0917640700820954,1.6846181668424325
G2,W0034F0003T0006Z000C1N8.png,25,0.40625,2.3280641770578403
G2,W0034F0003T0006Z000C1N8.png,26,0.06090951492389787,0.06090951492389787
G2,W0034F0003T0006Z000C1N8.png,27,0.04642857142857242,0.04642857142857242
G2,W0034F0003T0006Z000C1N8.png,28,0.0,0.0
G2,W0034F0003T0006Z000C1N8.png,29,0.11490485194281398,0.11490485194281398
G2,W0034F0003T0006Z000C1N8.png,30,0.11490485194281398,1.284675299443404
G2,W0034F0003T0006Z000C1N8.png,31,0.0,2.6800186566514794
G2,W0034F0003T0006Z000C1N8.png,32,0.0,0.9884489111734607
G2,W0034F0003T0006Z000C1N8.png,33,0.08125,1.105119478834755
G2,W0034F0003T0006Z000C1N8.png,34,0.09100137361600671,0.09100137361600671
G2,W0034F0003T0006Z000C1N8.png,35,0.08125,0.08125
G2,W0034F0003T0006Z000C1N8.png,36,0.07660323462854156,0.07660323462854156
G2,W0034F0003T0006Z000C1N8.png,37,0.07267220926874421,0.07267220926874421
G2,W0034F0003T0006Z000C1N8.png,38,0.08125,0.08125
G2,W0034F0003T0006Z000C1N8.png,39,0.0,0.0
G2,W0034F0003T0006Z000C1N8.png,40,0.08125,0.08125
G2,W0034F0003T0006Z000C1N8.png,41,0.08125,0.08125
G2,W0034F0003T0006Z000C1N8.png,42,0.028726212985703495,0.028726212985703495
G2,W0034F0003T0006Z000C1N8.png,43,0.0,0.0
G2,W0034F0003T0006Z000C1N8.png,44,0.04178358252466,0.04178358252466
G2,W0034F0003T0006Z000C1N8.png,45,0.43754464057967846,0.6942003043070494
G2,W0034F0003T0006Z000C1N8.png,46,0.6277353142662259,0.6277353142662259
G2,W0034F0003T0006Z000C1N8.png,47,0.582211323756422,1.848562769078857
G2,W0034F0003T0006Z000C1N8.png,48,0.4844813951249548,2.1448905695991933
G2,W0034F0003T0006Z000C1N8.png,49,0.028726212985703495,0.028726212985703495
G2,W0034F0003T0006Z000C1N8.png,50,0.45316409420980414,0.45316409420980414
G2,W0034F0003T0006Z000C1N8.png,51,0.032500000000000466,0.032500000000000466
G2,W0034F0003T0006Z000C1N8.png,52,0.09013878188660039,0.09013878188660039
G2,W0034F0003T0006Z000C1N8.png,53,0.03830161731427242,0.03830161731427242
G2,W0034F0003T0006Z000C1N8.png,54,0.0,0.0
G2,W0034F0003T0006Z000C1N8.png,55,0.11490485194281398,0.11490485194281398
G2,W0034F0003T0006Z000C1N8.png,56,0.08125,0.08125
G2,W0034F0003T0006Z000C1N8.png,57,0.520253844291419,0.520253844291419
G2,W0034F0003T0006Z000C1N8.png,58,0.6035714285714276,0.6250637722566825
G2,W0034F0003T0006Z000C1N8.png,59,0.8475449955791433,0.8475449955791433
G2,W0034F0002T0006Z000C1N43.png,1,0.08125,0.08125
G2,W0034F0002T0006Z000C1N43.png,2,0.039412039068403966,0.039412039068403966
G2,W0034F0002T0006Z000C1N43.png,3,0.053542783268104056,0.053542783268104056
G2,W0034F0002T0006Z000C1N43.png,4,0.11490485194281398,0.11490485194281398
G2,W0034F0002T0006Z000C1N43.png,5,0.017105263157894648,0.017105263157894648
G2,W0034F0002T0006Z000C1N43.png,6,0.07603453162872748,0.07603453162872748
G2,W0034F0002T0006Z000C1N43.png,7,0.08125,0.08125
G2,W0034F0002T0006Z000C1N43.png,8,0.07854161807622244,0.07854161807622244
G2,W0034F0002T0006Z000C1N43.png,9,0.11490485194281398,0.11490485194281398
G2,W0034F0002T0006Z000C1N43.png,10,0.03425800798515805,0.03425800798515805
G2,W0034F0002T0006Z000C1N43.png,11,0.08125,0.08125
G2,W0034F0002T0006Z000C1N43.png,12,0.08560236129830776,0.08560236129830776
G2,W0034F0002T0006Z000C1N43.png,13,0.040625,0.040625
G2,W0034F0002T0006Z000C1N43.png,14,0.07432197775591651,0.07432197775591651
G2,W0034F0002T0006Z000C1N43.png,15,0.1027740239554716,0.1027740239554716
G2,W0034F0002T0006Z000C1N43.png,16,0.57452425971407,0.8365199489551939
G2,W0034F0002T0006Z000C1N43.png,17,0.06728908265624331,0.06728908265624331
G2,W0034F0002T0006Z000C1N43.png,18,0.8285906709588275,2.1125000000000003
G2,W0034F0002T0006Z000C1N43.png,19,0.059499847597246164,0.059499847597246164
G2,W0034F0002T0006Z000C1N43.png,20,0.08125,0.08125
G2,W0034F0002T0006Z000C1N43.png,21,0.0919238815542525,0.0919238815542525
G2,W0034F0002T0006Z000C1N43.png,22,1.4777128286922443,1.4777128286922443
G2,W0034F0002T0006Z000C1N43.png,23,0.06373774391991026,0.06373774391991026
G2,W0034F0002T0006Z000C1N43.png,24,0.0,0.0
G2,W0034F0002T0006Z000C1N43.png,25,0.05104859036782752,0.05104859036782752
G2,W0034F0002T0006Z000C1N43.png,26,0.07609472010081425,0.07609472010081425
G2,W0034F0002T0006Z000C1N43.png,27,0.08891329959954858,0.08891329959954858
G2,W0034F0002T0006Z000C1N43.png,28,0.06510023136254361,0.06510023136254361
G2,W0034F0002T0006Z000C1N43.png,29,0.057352941176470384,0.057352941176470384
G2,W0034F0002T0006Z000C1N43.png,30,0.08125,0.08125
G2,W0034F0002T0006Z000C1N43.png,31,0.65,0.65
G2,W0034F0002T0006Z000C1N43.png,32,1.4048484893737596,1.4048484893737596
G2,W0034F0002T0006Z000C1N43.png,33,0.07660323462854238,0.07660323462854238
G2,W0034F0002T0006Z000C1N43.png,34,0.005803571428572418,0.005803571428572418
G2,W0034F0002T0006Z000C1N43.png,35,0.06813019618944673,0.06813019618944673
G2,W0034F0002T0006Z000C1N43.png,36,0.07267220926874421,0.07267220926874421
G2,W0034F0002T0006Z000C1N43.png,37,0.8788531233943475,1.0686768980847299
G2,W0034F0002T0006Z000C1N43.png,38,0.07323776028286229,0.07323776028286229
G2,W0034F0002T0006Z000C1N43.png,39,0.06809890792318522,0.06809890792318522
G2,W0034F0002T0006Z000C1N43.png,40,0.06936717923885517,0.06936717923885517
G2,W0034F0002T0006Z000C1N43.png,41,0.05745242597140699,0.05745242597140699
G2,W0034F0002T0006Z000C1N43.png,42,0.09192388155425167,0.09192388155425167
G2,W0034F0002T0006Z000C1N43.png,43,0.07863734785084253,0.07863734785084253
G2,W0034F0002T0006Z000C1N43.png,44,0.032500000000000466,0.032500000000000466
G2,W0034F0002T0006Z000C1N43.png,45,0.03362068965517313,0.03362068965517313
G2,W0034F0002T0006Z000C1N43.png,46,0.09459160805298507,0.09459160805298507
G2,W0034F0002T0006Z000C1N43.png,47,0.08617863895711048,0.08617863895711048
G2,W0034F0002T0006Z000C1N43.png,48,0.0,0.0
G2,W0034F0002T0006Z000C1N43.png,49,0.11490485194281398,0.11490485194281398
G2,W0034F0002T0006Z000C1N43.png,50,0.0790569415042103,0.0790569415042103
G2,W0034F0002T0006Z000C1N43.png,51,0.14508928571428506,0.14508928571428506
G2,W0034F0002T0006Z000C1N43.png,52,0.04276315789473806,0.04276315789473806
G2,W0034F0002T0006Z000C1N43.png,53,0.07660323462854156,0.07660323462854156
G2,W0034F0002T0006Z000C1N43.png,54,0.05000000000000213,0.05000000000000213
G2,W0034F0002T0006Z000C1N43.png,55,0.11490485194281398,0.11490485194281398
G2,W0034F0002T0006Z000C1N43.png,56,0.9689627902499076,0.9689627902499076
G2,W0034F0002T0006Z000C1N43.png,57,0.08125,0.08125
G2,W0034F0002T0006Z000C1N43.png,58,0.0,0.0
G2,W0034F0002T0006Z000C1N43.png,59,0.06770833333333456,0.06770833333333456
G2,W0034F0002T0006Z000C1N43.png,60,0.0766032346285438,0.0766032346285438
G2,W0034F0002T0006Z000C1N43.png,61,0.04642857142857011,0.04642857142857011
G2,W0034F0002T0006Z000C1N43.png,62,0.08838834764831895,0.08838834764831895
G2,W0034F0002T0006Z000C1N55.png,1,0.0,0.0
G2,W0034F0002T0006Z000C1N55.png,2,0.0,0.0
G2,W0034F0002T0006Z000C1N55.png,3,0.0,0.0
G2,W0034F0002T0006Z000C1N55.png,4,0.0,0.0
G2,W0034F0002T0006Z000C1N55.png,5,0.07341001711105165,0.07341001711105165
G2,W0034F0002T0006Z000C1N55.png,6,0.0,0.0
G2,W0034F0002T0006Z000C1N55.png,7,0.07660323462854292,0.07660323462854292
G2,W0034F0002T0006Z000C1N55.png,8,0.07660323462854292,0.07660323462854292
G2,W0034F0002T0006Z000C1N55.png,9,0.08125,0.08125
G2,W0034F0002T0006Z000C1N55.png,10,0.0,0.0
G2,W0034F0002T0006Z000C1N55.png,11,0.09084026158592896,0.09084026158592896
G2,W0034F0002T0006Z000C1N55.png,12,0.08125,0.08125
G2,W0034F0002T0006Z000C1N55.png,13,0.0,0.0
G2,W0034F0002T0006Z000C1N55.png,14,0.0,0.0
G2,W0034F0002T0006Z000C1N55.png,15,0.0,0.0
G2,W0034F0002T0006Z000C1N55.png,16,0.08125,0.08125
G2,W0034F0002T0006Z000C1N55.png,17,0.0,0.0
G2,W0034F0002T0006Z000C1N55.png,18,0.0766032346285421,0.0766032346285421
G2,W0034F0002T0006Z000C1N55.png,19,0.0541666666666659,0.0541666666666659
G2,W0034F0002T0006Z000C1N55.png,20,0.08076358070800622,0.08076358070800622
G2,W0034F0002T0006Z000C1N55.png,21,0.0,0.0
G2,W0034F0002T0006Z000C1N55.png,22,0.0,0.0
G2,W0034F0002T0006Z000C1N55.png,23,0.032499999999999994,0.032499999999999994
G2,W0034F0002T0006Z000C1N55.png,24,0.0,0.0
G2,W0034F0002T0006Z000C1N55.png,25,0.0,0.0
G2,W0034F0002T0006Z000C1N55.png,26,0.0,0.0
G2,W0034F0002T0006Z000C1N55.png,27,0.09765034704381638,0.09765034704381638
G2,W0034F0002T0006Z000C1N55.png,28,0.05416666666666667,0.05416666666666667
G2,W0034F0002T0006Z000C1N55.png,29,0.0,0.0
G2,W0034F0002T0006Z000C1N55.png,30,0.0,0.0
G2,W0034F0002T0006Z000C1N55.png,31,0.0,0.0
G2,W0034F0002T0006Z000C1N55.png,32,0.08125,0.08125
G2,W0034F0002T0006Z000C1N55.png,33,0.08125,0.08125
G2,W0034F0002T0006Z000C1N55.png,34,0.08125,0.08125
G2,W0034F0002T0006Z000C1N55.png,35,0.0,0.0
G2,W0034F0002T0006Z000C1N55.png,36,0.10833333333333353,0.10833333333333353
G2,W0034F0002T0006Z000C1N55.png,37,0.08125,0.08125
G2,W0034F0002T0006Z000C1N55.png,38,0.0,0.0
G2,W0034F0002T0006Z000C1N55.png,39,0.08125,0.08125
G2,W0034F0002T0006Z000C1N55.png,40,0.0,0.0
G2,W0034F0002T0006Z000C1N55.png,41,0.0,0.0
G2,W0034F0002T0006Z000C1N55.png,42,0.0,0.0
G2,W0034F0002T0006Z000C1N55.png,43,0.09084026158592896,0.09084026158592896
G2,W0034F0002T0006Z000C1N55.png,44,0.0,0.0
G2,W0034F0002T0006Z000C1N55.png,45,0.040625,0.040625
G2,W0034F0002T0006Z000C1N55.png,46,0.0,0.0
G2,W0034F0002T0006Z000C1N55.png,47,0.0,0.0
G2,W0034F0002T0006Z000C1N55.png,48,0.22980970388562796,0.22980970388562796
G2,W0034F0002T0006Z000C1N55.png,49,0.0,0.0
G2,W0034F0002T0006Z000C1N55.png,50,0.0,0.0
G2,W0034F0002T0006Z000C1N55.png,51,0.0,0.0
G2,W0034F0002T0006Z000C1N55.png,52,0.07660323462854247,0.07660323462854247
G2,W0034F0002T0006Z000C1N55.png,53,0.05745242597140699,0.05745242597140699
G2,W0034F0002T0006Z000C1N55.png,54,0.11490485194281398,0.11490485194281398
G2,W0034F0002T0006Z000C1N55.png,55,0.0,0.0
G2,W0034F0002T0006Z000C1N55.png,56,0.0,0.0
G2,W0034F0002T0006Z000C1N55.png,57,0.0,0.0
G2,W0034F0002T0006Z000C1N55.png,58,0.041036907507483754,0.041036907507483754
G2,W0034F0002T0006Z000C1N55.png,59,0.0,0.0
G2,W0034F0002T0006Z000C1N55.png,60,0.0,0.0
G2,W0034F0002T0006Z000C1N55.png,61,0.11490485194281398,0.11490485194281398
G2,W0034F0002T0006Z000C1N55.png,62,0.0,0.0
G2,W0034F0002T0006Z000C1N55.png,63,0.08125,0.08125
G2,W0034F0002T0006Z000C1N55.png,64,0.08125,0.08125
G2,W0034F0002T0006Z000C1N55.png,65,0.0,0.0
G2,W0034F0002T0006Z000C1N55.png,66,0.0,0.0
G2,W0034F0002T0006Z000C1N55.png,67,0.0,0.0
G2,W0034F0002T0006Z000C1N55.png,68,0.0,0.0
G2,W0034F0002T0006Z000C1N55.png,69,0.10277402395547225,0.10277402395547225
G2,W0034F0002T0006Z000C1N55.png,70,0.0,0.0
G2,W0034F0002T0006Z000C1N55.png,71,0.0,0.0
G2,W0034F0002T0006Z000C1N55.png,72,0.0,0.0
G2,W0034F0002T0006Z000C1N55.png,73,0.325,0.325
G2,W0034F0002T0006Z000C1N55.png,74,0.11718041645257893,0.11718041645257893
G2,W0034F0002T0006Z000C1N55.png,75,0.0,0.0
G2,W0034F0002T0006Z000C1N55.png,76,0.0,0.0
G2,W0034F0002T0006Z000C1N55.png,77,0.0,0.0
G2,W0034F0002T0006Z000C1N55.png,78,0.0,0.0
G2,W0034F0002T0006Z000C1N55.png,79,0.06500000000000006,0.06500000000000006
G2,W0034F0002T0006Z000C1N55.png,80,0.0,0.0
G2,W0034F0002T0006Z000C1N55.png,81,0.0,0.0
G2,W0034F0002T0006Z000C1N55.png,82,0.0,0.0
G2,W0034F0002T0006Z000C1N55.png,83,0.0,0.0
G2,W0034F0002T0006Z000C1N55.png,84,0.0,0.0
G2,W0034F0002T0006Z000C1N55.png,85,0.0,0.0
G2,W0034F0002T0006Z000C1N55.png,86,0.0,0.0
G2,W0034F0002T0006Z000C1N55.png,87,0.11490485194281398,0.11490485194281398
G2,W0034F0002T0006Z000C1N55.png,88,0.0,0.0
G2,W0034F0002T0006Z000C1N55.png,89,0.11490485194281398,0.11490485194281398
G2,W0034F0002T0006Z000C1N55.png,90,0.0,0.0
G2,W0034F0002T0006Z000C1N55.png,91,0.0947529682912362,0.0947529682912362
G2,W0034F0002T0006Z000C1N55.png,92,0.06056017439061974,0.06056017439061974
G2,W0034F0002T0006Z000C1N55.png,93,0.1625,0.1625
G2,W0034F0002T0006Z000C1N55.png,94,0.0575814640314053,0.0575814640314053
G2,W0034F0002T0006Z000C1N55.png,95,0.054166666666666766,0.054166666666666766
G2,W0034F0002T0006Z000C1N55.png,96,0.0,0.0
G2,W0034F0002T0006Z000C1N55.png,97,0.03282995769794633,0.03282995769794633
G2,W0034F0002T0006Z000C1N55.png,98,0.0,0.0
G2,W0034F0002T0006Z000C1N55.png,99,0.0,0.0
G2,W0034F0002T0006Z000C1N55.png,100,0.08125,0.08125
G2,W0034F0002T0006Z000C1N55.png,101,0.11490485194281398,0.11490485194281398
G2,W0034F0002T0006Z000C1N55.png,102,0.08125,0.08125
G2,W0034F0002T0006Z000C1N55.png,103,0.0,0.0
G2,W0034F0002T0006Z000C1N55.png,104,0.0,0.0
G2,W0034F0002T0006Z000C1N55.png,105,0.11490485194281398,0.11490485194281398
G2,W0034F0002T0006Z000C1N55.png,106,0.0,0.0
G2,W0034F0002T0006Z000C1N55.png,107,0.040625,0.040625
G2,W0034F0002T0006Z000C1N55.png,108,0.07660323462854217,0.07660323462854217
G2,W0034F0002T0006Z000C1N55.png,109,0.0,0.0
G2,W0034F0002T0006Z000C1N55.png,110,0.11490485194281398,0.11490485194281398
G2,W0034F0002T0006Z000C1N55.png,111,0.1625,0.1625
G2,W0034F0002T0006Z000C1N55.png,112,0.0,0.0
G2,W0034F0002T0006Z000C1N55.png,113,0.11490485194281398,0.11490485194281398
G2,W0034F0002T0006Z000C1N55.png,114,0.0,0.0
G2,W0034F0002T0006Z000C1N55.png,115,0.11607142857142845,0.11607142857142845
G2,W0034F0002T0006Z000C1N55.png,116,0.08370029746612763,0.08370029746612763
G2,W0034F0002T0006Z000C1N55.png,117,0.11490485194281398,0.11490485194281398
G2,W0034F0002T0006Z000C1N55.png,118,0.11490485194281398,0.11490485194281398
G2,W0034F0002T0006Z000C1N55.png,119,0.054166666666666766,0.054166666666666766
G2,W0034F0002T0006Z000C1N55.png,120,0.0,0.0
G2,W0034F0002T0006Z000C1N55.png,121,0.07093039964541377,0.07093039964541377
G2,W0034F0002T0006Z000C1N55.png,122,0.0,0.0
G2,W0034F0002T0006Z000C1N55.png,123,0.0,0.0
G2,W0034F0002T0006Z000C1N55.png,124,0.0,0.0
G2,W0034F0002T0006Z000C1N55.png,125,0.22980970388562796,0.22980970388562796
G2,W0034F0002T0006Z000C1N55.png,126,0.0,0.0
G2,W0034F0002T0006Z000C1N55.png,127,0.06964285714285748,0.06964285714285748
G2,W0034F0002T0006Z000C1N55.png,128,0.0,0.0
G2,W0034F0002T0006Z000C1N55.png,129,0.0,0.0
G2,W0034F0002T0006Z000C1N55.png,130,0.0,0.0
G2,W0034F0002T0006Z000C1N55.png,131,0.08125,0.08125
G2,W0034F0002T0006Z000C1N55.png,132,0.06120633462252011,0.06120633462252011
G2,W0034F0002T0006Z000C1N55.png,133,0.08125,0.08125
G2,W0034F0002T0006Z000C1N55.png,134,0.07267220926874395,0.07267220926874395
G2,W0034F0002T0006Z000C1N55.png,135,0.08125,0.08125
G2,W0034F0002T0006Z000C1N55.png,136,0.0,0.0
G2,W0034F0002T0006Z000C1N55.png,137,0.0,0.0
G2,W0034F0002T0006Z000C1N55.png,138,0.0459619407771242,0.0459619407771242
G2,W0034F0002T0006Z000C1N55.png,139,0.09084026158592896,0.09084026158592896
G2,W0034F0002T0006Z000C1N55.png,140,0.08125,0.08125
G2,W0034F0002T0006Z000C1N55.png,141,0.0,0.0
G2,W0034F0002T0006Z000C1N55.png,142,0.08125,0.08125
G2,W0034F0002T0006Z000C1N55.png,143,0.0,0.0
G2,W0034F0002T0006Z000C1N55.png,144,0.36336104634371585,0.36336104634371585
G2,W0034F0002T0006Z000C1N55.png,145,0.0,0.0
G2,W0034F0002T0006Z000C1N55.png,146,0.0,0.0
G2,W0034F0002T0006Z000C1N55.png,147,0.06572321427822687,0.06572321427822687
G2,W0034F0002T0006Z000C1N55.png,148,0.05745242597140699,0.05745242597140699
G2,W0034F0002T0006Z000C1N55.png,149,0.0,0.0
G2,W0034F0002T0006Z000C1N55.png,150,0.0,0.0
G2,W0034F0002T0006Z000C1N55.png,151,0.0,0.0
G2,W0034F0002T0006Z000C1N55.png,152,0.0,0.0
G2,W0034F0002T0006Z000C1N55.png,153,0.0,0.0
G2,W0034F0002T0006Z000C1N55.png,154,0.027868520085658283,0.027868520085658283
G2,W0034F0002T0006Z000C1N55.png,155,0.0,0.0
G2,W0034F0002T0006Z000C1N55.png,156,0.0,0.0
G2,W0034F0002T0006Z000C1N55.png,157,0.0,0.0
G2,W0034F0002T0006Z000C1N55.png,158,0.0,0.0
G2,W0034F0002T0006Z000C1N55.png,159,0.0,0.0
G2,W0034F0002T0006Z000C1N55.png,160,0.0,0.0
G2,W0034F0002T0006Z000C1N55.png,161,0.040625,0.040625
G2,W0034F0002T0006Z000C1N55.png,162,0.0,0.0
G2,W0034F0002T0006Z000C1N55.png,163,0.0,0.0
G2,W0034F0002T0006Z000C1N55.png,164,0.0,0.0
G2,W0034F0002T0006Z000C1N55.png,165,0.11490485194281398,0.11490485194281398
G2,W0034F0002T0006Z000C1N55.png,166,0.08125,0.08125
G2,W0034F0002T0006Z000C1N55.png,167,0.07267220926874395,0.07267220926874395
G2,W0034F0002T0006Z000C1N55.png,168,0.07660323462854197,0.07660323462854197
G2,W0034F0002T0006Z000C1N55.png,169,0.1625,0.1625
G2,W0034F0002T0006Z000C1N55.png,170,0.09540918701861129,0.09540918701861129
G2,W0034F0002T0006Z000C1N55.png,171,0.0,0.0
G2,W0034F0002T0006Z000C1N55.png,172,0.0,0.0
G2,W0034F0002T0006Z000C1N55.png,173,0.0,0.0
G2,W0034F0002T0006Z000C1N55.png,174,0.0,0.0
G2,W0034F0002T0006Z000C1N55.png,175,0.08125,0.08125
G2,W0034F0002T0006Z000C1N55.png,176,0.0,0.0
G2,W0034F0002T0006Z000C1N55.png,177,0.0,0.0
G2,W0034F0002T0006Z000C1N55.png,178,0.0,0.0
G2,W0034F0002T0006Z000C1N55.png,179,0.0,0.0
G2,W0034F0002T0006Z000C1N55.png,180,0.0,0.0
G2,W0034F0002T0006Z000C1N55.png,181,0.07323776028286229,0.07323776028286229
G2,W0034F0002T0006Z000C1N55.png,182,0.0,0.0
G2,W0034F0002T0006Z000C1N55.png,183,0.11490485194281398,0.11490485194281398
G2,W0034F0002T0006Z000C1N55.png,184,0.0541666666666659,0.0541666666666659
G2,W0034F0002T0006Z000C1N55.png,185,0.0,0.0
G2,W0034F0002T0006Z000C1N55.png,186,0.11490485194281398,0.11490485194281398
G2,W0034F0002T0006Z000C1N55.png,187,0.0,0.0
G2,W0034F0002T0006Z000C1N55.png,188,0.08125,0.08125
G2,W0034F0002T0006Z000C1N55.png,189,0.0,0.0
G2,W0034F0002T0006Z000C1N55.png,190,0.0,0.0
G2,W0034F0002T0006Z000C1N55.png,191,0.0,0.0
G2,W0034F0002T0006Z000C1N55.png,192,0.09084026158592896,0.09084026158592896
G2,W0034F0002T0006Z000C1N55.png,193,0.0726722092687429,0.0726722092687429
G2,W0034F0002T0006Z000C1N55.png,194,0.0,0.0
G2,W0034F0002T0006Z000C1N55.png,195,0.06056017439061974,0.06056017439061974
G2,W0034F0002T0006Z000C1N55.png,196,0.0,0.0
G2,W0034F0002T0006Z000C1N55.png,197,0.0,0.0
G2,W0034F0002T0006Z000C1N55.png,198,0.0,0.0
G2,W0034F0002T0006Z000C1N55.png,199,0.0,0.0
G2,W0034F0002T0006Z000C1N55.png,200,0.09084026158592896,0.09084026158592896
G2,W0034F0002T0006Z000C1N55.png,201,0.0,0.0
G2,W0034F0002T0006Z000C1N55.png,202,0.0,0.0
G2,W0034F0002T0006Z000C1N55.png,203,0.0,0.0
G2,W0034F0002T0006Z000C1N55.png,204,0.0,0.0
G2,W0034F0002T0006Z000C1N55.png,205,0.0,0.0
G2,W0034F0002T0006Z000C1N55.png,206,0.12846752994434044,0.12846752994434044
G2,W0034F0002T0006Z000C1N55.png,207,0.0,0.0
G2,W0034F0002T0006Z000C1N55.png,208,0.0,0.0
G2,W0034F0002T0006Z000C1N55.png,209,0.0,0.0
G2,W0034F0002T0006Z000C1N55.png,210,0.06964285714285748,0.06964285714285748
G2,W0034F0002T0006Z000C1N55.png,211,0.054166666666666474,0.054166666666666474
G2,W0034F0002T0006Z000C1N55.png,212,0.08125,0.08125
G2,W0034F0002T0006Z000C1N55.png,213,0.0,0.0
G2,W0034F0002T0006Z000C1N55.png,214,0.08125,0.08125
G2,W0034F0002T0006Z000C1N55.png,215,0.2569350598886809,0.2569350598886809
G2,W0034F0002T0006Z000C1N55.png,216,0.0,0.0
G2,W0034F0002T0006Z000C1N55.png,217,0.0,0.0
G2,W0034F0002T0006Z000C1N55.png,218,0.09084026158592896,0.09084026158592896
G2,W0034F0002T0006Z000C1N55.png,219,0.05745242597140699,0.05745242597140699
G2,W0034F0002T0006Z000C1N55.png,220,0.08125,0.08125
G2,W0034F0002T0006Z000C1N55.png,221,0.09084026158592896,0.09084026158592896
G2,W0034F0002T0006Z000C1N55.png,222,0.11490485194281398,0.11490485194281398
G2,W0034F0002T0006Z000C1N55.png,223,0.1625,0.1625
G2,W0034F0002T0006Z000C1N55.png,224,0.0,0.0
G2,W0034F0002T0006Z000C1N55.png,225,0.019500000000000017,0.019500000000000017
G2,W0034F0002T0006Z000C1N55.png,226,0.0,0.0
G2,W0034F0002T0006Z000C1N55.png,227,0.0,0.0
G2,W0034F0002T0006Z000C1N55.png,228,0.04671546543430584,0.04671546543430584
G2,W0034F0002T0006Z000C1N55.png,229,0.0,0.0
G2,W0034F0002T0006Z000C1N55.png,230,0.0,0.0
G2,W0034F0002T0006Z000C1N55.png,231,0.0,0.0
G2,W0034F0002T0006Z000C1N55.png,232,0.0,0.0
G2,W0034F0002T0006Z000C1N55.png,233,0.07267220926874395,0.07267220926874395
G2,W0034F0002T0006Z000C1N55.png,234,0.0,0.0
G2,W0034F0002T0006Z000C1N55.png,235,0.0,0.0
G2,W0034F0002T0006Z000C1N55.png,236,0.11490485194281398,0.11490485194281398
G2,W0034F0002T0006Z000C1N55.png,237,0.0,0.0
G2,W0034F0002T0006Z000C1N55.png,238,0.0,0.0
G2,W0034F0002T0006Z000C1N55.png,239,0.0,0.0
G2,W0034F0002T0006Z000C1N55.png,240,0.0,0.0
G2,W0034F0002T0006Z000C1N55.png,241,0.11490485194281398,0.11490485194281398
G2,W0034F0002T0006Z000C1N55.png,242,0.09848987309384101,0.09848987309384101
G2,W0034F0002T0006Z000C1N55.png,243,0.0,0.0
G2,W0034F0002T0006Z000C1N55.png,244,0.0766032346285432,0.0766032346285432
G2,W0034F0002T0006Z000C1N55.png,245,0.0,0.0
G2,W0034F0002T0006Z000C1N55.png,246,0.0,0.0
G2,W0034F0002T0006Z000C1N55.png,247,0.0,0.0
G2,W0034F0002T0006Z000C1N55.png,248,0.0,0.0
G2,W0034F0002T0006Z000C1N55.png,249,0.0,0.0
G2,W0034F0002T0006Z000C1N55.png,250,0.0,0.0
G2,W0034F0002T0006Z000C1N55.png,251,0.05416666666666821,0.05416666666666821
G2,W0034F0002T0006Z000C1N55.png,252,0.0,0.0
G2,W0034F0002T0006Z000C1N55.png,253,0.0,0.0
G2,W0034F0002T0006Z000C1N55.png,254,0.08125,0.08125
G2,W0034F0002T0006Z000C1N55.png,255,0.0,0.0
G2,W0034F0002T0006Z000C1N55.png,256,0.040625,0.040625
G2,W0034F0002T0006Z000C1N55.png,257,0.0,0.0
G2,W0034F0002T0006Z000C1N55.png,258,0.08125,0.08125
G2,W0034F0002T0006Z000C1N55.png,259,0.0,0.0
G2,W0034F0002T0006Z000C1N55.png,260,0.05416666666666705,0.05416666666666705
G2,W0034F0002T0006Z000C1N55.png,261,0.08125,0.08125
G2,W0034F0002T0006Z000C1N55.png,262,0.08125,0.08125
G2,W0034F0002T0006Z000C1N55.png,263,0.22980970388562796,0.22980970388562796
G2,W0034F0002T0006Z000C1N55.png,264,0.0,0.0
G2,W0034F0002T0006Z000C1N55.png,265,0.0,0.0
G2,W0034F0002T0006Z000C1N55.png,266,0.0,0.0
G2,W0034F0002T0006Z000C1N55.png,267,0.05745242597140699,0.05745242597140699
G2,W0034F0002T0006Z000C1N55.png,268,0.08125,0.08125
G2,W0034F0002T0006Z000C1N55.png,269,0.1625,0.1625
G2,W0034F0002T0006Z000C1N55.png,270,0.08125,0.08125
G2,W0034F0002T0006Z000C1N55.png,271,0.1625,0.1625
G2,W0034F0002T0006Z000C1N55.png,272,0.0,0.0
G2,W0034F0002T0006Z000C1N55.png,273,0.0,0.0
G2,W0034F0002T0006Z000C1N55.png,274,0.0,0.0
G2,W0034F0002T0006Z000C1N55.png,275,0.0,0.0
G2,W0034F0002T0006Z000C1N55.png,276,0.05416666666666705,0.05416666666666705
G2,W0034F0002T0006Z000C1N55.png,277,0.0,0.0
G2,W0034F0002T0006Z000C1N55.png,278,0.0,0.0
G2,W0034F0002T0006Z000C1N55.png,279,0.11490485194281398,0.11490485194281398
G2,W0034F0002T0006Z000C1N55.png,280,0.0,0.0
G2,W0034F0002T0006Z000C1N55.png,281,0.0,0.0
G2,W0034F0002T0006Z000C1N55.png,282,0.05583372201357259,0.05583372201357259
G2,W0034F0002T0006Z000C1N55.png,283,0.0,0.0
G2,W0034F0002T0006Z000C1N55.png,284,0.0,0.0
G2,W0034F0002T0006Z000C1N55.png,285,0.08837443571514668,0.08837443571514668
G2,W0034F0002T0006Z000C1N55.png,286,0.22980970388562796,0.22980970388562796
G2,W0034F0002T0006Z000C1N55.png,287,0.0,0.0
G2,W0034F0002T0006Z000C1N55.png,288,0.11490485194281398,0.11490485194281398
G2,W0034F0002T0006Z000C1N55.png,289,0.0,0.0
G2,W0034F0002T0006Z000C1N55.png,290,0.08125,0.08125
G2,W0034F0002T0006Z000C1N55.png,291,0.22980970388562796,0.22980970388562796
G2,W0034F0002T0006Z000C1N55.png,292,0.057352941176470384,0.057352941176470384
G2,W0034F0002T0006Z000C1N55.png,293,0.0,0.0
G2,W0034F0002T0006Z000C1N55.png,294,0.0,0.0
G2,W0034F0002T0006Z000C1N55.png,295,0.09192388155425167,0.09192388155425167
G2,W0034F0002T0006Z000C1N55.png,296,0.08370029746612852,0.08370029746612852
G2,W0034F0002T0006Z000C1N55.png,297,0.0,0.0
G2,W0034F0002T0006Z000C1N55.png,298,0.11490485194281398,0.11490485194281398
G2,W0034F0002T0006Z000C1N55.png,299,0.0,0.0
G2,W0034F0002T0006Z000C1N55.png,300,0.0,0.0
G2,W0034F0002T0006Z000C1N55.png,301,0.0,0.0
G2,W0034F0002T0006Z000C1N55.png,302,0.0,0.0
G2,W0034F0002T0006Z000C1N55.png,303,0.0,0.0
G2,W0034F0002T0006Z000C1N55.png,304,0.325,0.325
G2,W0034F0002T0006Z000C1N55.png,305,0.11490485194281398,0.11490485194281398
G2,W0034F0002T0006Z000C1N55.png,306,0.0,0.0
G2,W0034F0002T0006Z000C1N55.png,307,0.06513808583956932,0.06513808583956932
G2,W0034F0002T0006Z000C1N55.png,308,0.0,0.0
G2,W0034F0002T0006Z000C1N55.png,309,0.11490485194281398,0.11490485194281398
G2,W0034F0002T0006Z000C1N55.png,310,0.0,0.0
G2,W0034F0002T0006Z000C1N55.png,311,0.0,0.0
G2,W0034F0002T0006Z000C1N55.png,312,0.0,0.0
G2,W0034F0002T0006Z000C1N55.png,313,0.08125,0.08125
G2,W0034F0002T0006Z000C1N55.png,314,0.05745242597140699,0.05745242597140699
G2,W0034F0002T0006Z000C1N55.png,315,0.08125,0.08125
G2,W0034F0002T0006Z000C1N55.png,316,0.07444496268476306,0.07444496268476306
G2,W0034F0002T0006Z000C1N55.png,317,0.11490485194281398,0.11490485194281398
G2,W0034F0002T0006Z000C1N55.png,318,0.0,0.0
G2,W0034F0002T0006Z000C1N55.png,319,0.0,0.0
G2,W0034F0002T0006Z000C1N55.png,320,0.08125,0.08125
G2,W0034F0002T0006Z000C1N55.png,321,0.0,0.0
G2,W0034F0002T0006Z000C1N55.png,322,0.0,0.0
G2,W0034F0002T0006Z000C1N55.png,323,0.0,0.0
G2,W0034F0002T0006Z000C1N55.png,324,0.0,0.0
G2,W0034F0002T0006Z000C1N55.png,325,0.0,0.0
G2,W0034F0002T0006Z000C1N55.png,326,0.08125,0.08125
G2,W0034F0002T0006Z000C1N55.png,327,0.0,0.0
G2,W0034F0002T0006Z000C1N55.png,328,0.07490879871550522,0.07490879871550522
G2,W0034F0002T0006Z000C1N55.png,329,0.0,0.0
G2,W0034F0002T0006Z000C1N55.png,330,0.0,0.0
G2,W0034F0002T0006Z000C1N55.png,331,0.0,0.0
G2,W0034F0002T0006Z000C1N55.png,332,0.0,0.0
G2,W0034F0002T0006Z000C1N55.png,333,0.08125,0.08125
G2,W0034F0002T0006Z000C1N55.png,334,0.0,0.0
G2,W0034F0002T0006Z000C1N55.png,335,0.0,0.0
G2,W0034F0002T0006Z000C1N55.png,336,0.11490485194281398,0.11490485194281398
G2,W0034F0002T0006Z000C1N55.png,337,0.09848987309384101,0.09848987309384101
G2,W0034F0002T0006Z000C1N55.png,338,0.22980970388562796,0.22980970388562796
G2,W0034F0002T0006Z000C1N55.png,339,0.0,0.0
G2,W0034F0002T0006Z000C1N55.png,340,0.0,0.0
G2,W0034F0002T0006Z000C1N55.png,341,0.0,0.0
G2,W0034F0002T0006Z000C1N55.png,342,0.0,0.0
G2,W0034F0002T0006Z000C1N55.png,343,0.0,0.0
G2,W0034F0002T0006Z000C1N55.png,344,0.08125,0.08125
G2,W0034F0002T0006Z000C1N55.png,345,0.0,0.0
G2,W0034F0002T0006Z000C1N55.png,346,0.032499999999998155,0.032499999999998155
G2,W0034F0002T0006Z000C1N55.png,347,0.11490485194281398,0.11490485194281398
G2,W0034F0002T0006Z000C1N55.png,348,0.0,0.0
G2,W0034F0002T0006Z000C1N55.png,349,0.0,0.0
G2,W0034F0002T0006Z000C1N55.png,350,0.0,0.0
G2,W0034F0002T0006Z000C1N55.png,351,0.0,0.0
G2,W0034F0002T0006Z000C1N55.png,352,0.0,0.0
G2,W0034F0002T0006Z000C1N55.png,353,0.0,0.0
G2,W0034F0002T0006Z000C1N55.png,354,0.0,0.0
G2,W0034F0002T0006Z000C1N55.png,355,0.08370029746612823,0.08370029746612823
G2,W0034F0002T0006Z000C1N55.png,356,0.06647675520622415,0.06647675520622415
G2,W0034F0002T0006Z000C1N55.png,357,0.0,0.0
G2,W0034F0002T0006Z000C1N55.png,358,0.08564501996289349,0.08564501996289349
G2,W0034F0002T0006Z000C1N55.png,359,0.0,0.0
G2,W0034F0002T0006Z000C1N55.png,360,0.0,0.0
G2,W0034F0002T0006Z000C1N55.png,361,0.08125,0.08125
G2,W0034F0002T0006Z000C1N55.png,362,0.05416666666666705,0.05416666666666705
G2,W0034F0002T0006Z000C1N55.png,363,0.0,0.0
G2,W0034F0002T0006Z000C1N55.png,364,0.0,0.0
G2,W0034F0002T0006Z000C1N55.png,365,0.05416666666666667,0.05416666666666667
G2,W0034F0002T0006Z000C1N55.png,366,0.0,0.0
G2,W0034F0002T0006Z000C1N55.png,367,0.0,0.0
G2,W0034F0002T0006Z000C1N55.png,368,0.0,0.0
G2,W0034F0002T0006Z000C1N55.png,369,0.1083333333333341,0.1083333333333341
G2,W0034F0002T0006Z000C1N55.png,370,0.05745242597140699,0.05745242597140699
G2,W0034F0002T0006Z000C1N55.png,371,0.08886236101066346,0.08886236101066346
G2,W0034F0002T0006Z000C1N55.png,372,0.0,0.0
G2,W0034F0002T0006Z000C1N55.png,373,0.08125,0.08125
G2,W0034F0002T0006Z000C1N55.png,374,0.0,0.0
G2,W0034F0002T0006Z000C1N55.png,375,0.07660323462854156,0.07660323462854156
G2,W0034F0002T0006Z000C1N55.png,376,0.1625,0.1625
G2,W0034F0002T0006Z000C1N55.png,377,0.0,0.0
G2,W0034F0002T0006Z000C1N55.png,378,0.032500000000000466,0.032500000000000466
G2,W0034F0002T0006Z000C1N55.png,379,0.0,0.0
G2,W0034F0002T0006Z000C1N55.png,380,0.0,0.0
G2,W0034F0002T0006Z000C1N55.png,381,0.1625,0.1625
G2,W0034F0002T0006Z000C1N55.png,382,0.0,0.0
G2,W0034F0002T0006Z000C1N55.png,383,0.0541666666666659,0.0541666666666659
G2,W0034F0002T0006Z000C1N55.png,384,0.08125,0.08125
G2,W0034F0002T0006Z000C1N55.png,385,0.0,0.0
G2,W0034F0002T0006Z000C1N55.png,386,0.0,0.0
G2,W0034F0002T0006Z000C1N55.png,387,0.0,0.0
G2,W0034F0002T0006Z000C1N55.png,388,0.0,0.0
G2,W0034F0002T0006Z000C1N55.png,389,0.0,0.0
G2,W0034F0002T0006Z000C1N55.png,390,0.08125,0.08125
G2,W0034F0002T0006Z000C1N55.png,391,0.0541666666666659,0.0541666666666659
G2,W0034F0002T0006Z000C1N55.png,392,0.0,0.0
G2,W0034F0002T0006Z000C1N55.png,393,0.0,0.0
G2,W0034F0002T0006Z000C1N55.png,394,0.0,0.0
G2,W0034F0002T0006Z000C1N55.png,395,0.08125,0.08125
G2,W0034F0002T0006Z000C1N55.png,396,0.07660323462854207,0.07660323462854207
G2,W0034F0002T0006Z000C1N55.png,397,0.0,0.0
G2,W0034F0002T0006Z000C1N55.png,398,0.0,0.0
G2,W0034F0002T0006Z000C1N55.png,399,0.0,0.0
G2,W0034F0002T0006Z000C1N55.png,400,0.0,0.0
G2,W0034F0002T0006Z000C1N55.png,401,0.11490485194281398,0.11490485194281398
G2,W0034F0002T0006Z000C1N55.png,402,0.0,0.0
G2,W0034F0002T0006Z000C1N55.png,403,0.10420292702222694,0.10420292702222694
G2,W0034F0002T0006Z000C1N55.png,404,0.0875089281159357,0.0875089281159357
G2,W0034F0002T0006Z000C1N55.png,405,0.0,0.0
G2,W0034F0002T0006Z000C1N55.png,406,0.0,0.0
G2,W0034F0002T0006Z000C1N55.png,407,0.0,0.0
G2,W0034F0002T0006Z000C1N55.png,408,0.0,0.0
G2,W0034F0002T0006Z000C1N55.png,409,0.0,0.0
G2,W0034F0002T0006Z000C1N55.png,410,0.08125,0.08125
G2,W0034F0002T0006Z000C1N55.png,411,0.0,0.0
G2,W0034F0002T0006Z000C1N55.png,412,0.0,0.0
G2,W0034F0002T0006Z000C1N55.png,413,0.08125,0.08125
G2,W0034F0002T0006Z000C1N55.png,414,0.06373774391991015,0.06373774391991015
G2,W0034F0002T0006Z000C1N55.png,415,0.040625,0.040625
G2,W0034F0002T0006Z000C1N55.png,416,0.0,0.0
G2,W0034F0002T0006Z000C1N55.png,417,0.0,0.0
G2,W0034F0002T0006Z000C1N55.png,418,0.0,0.0
G2,W0034F0002T0006Z000C1N55.png,419,0.11490485194281398,0.11490485194281398
G2,W0034F0002T0006Z000C1N55.png,420,0.1625,0.1625
G2,W0034F0002T0006Z000C1N55.png,421,0.0,0.0
G2,W0034F0002T0006Z000C1N55.png,422,0.09732885169920916,0.09732885169920916
G2,W0034F0002T0006Z000C1N55.png,423,0.06964285714285748,0.06964285714285748
G2,W0034F0002T0006Z000C1N55.png,424,0.11490485194281398,0.11490485194281398
G2,W0034F0002T0006Z000C1N55.png,425,0.0,0.0
G2,W0034F0002T0006Z000C1N55.png,426,0.0,0.0
G2,W0034F0002T0006Z000C1N55.png,427,0.0,0.0
G2,W0034F0002T0006Z000C1N55.png,428,0.0,0.0
G2,W0034F0002T0006Z000C1N55.png,429,0.11490485194281398,0.11490485194281398
G2,W0034F0002T0006Z000C1N55.png,430,0.0,0.0
G2,W0034F0002T0006Z000C1N55.png,431,0.1625,0.1625
G2,W0034F0002T0006Z000C1N55.png,432,0.0,0.0
G2,W0034F0002T0006Z000C1N55.png,433,0.0,0.0
G2,W0034F0002T0006Z000C1N55.png,434,0.11490485194281398,0.11490485194281398
G2,W0034F0002T0006Z000C1N55.png,435,0.0,0.0
G2,W0034F0002T0006Z000C1N55.png,436,0.0,0.0
G2,W0034F0002T0006Z000C1N55.png,437,0.08125,0.08125
G2,W0034F0002T0006Z000C1N55.png,438,0.0,0.0
G2,W0034F0002T0006Z000C1N55.png,439,0.0,0.0
G2,W0034F0002T0006Z000C1N55.png,440,0.1625,0.1625
G2,W0034F0002T0006Z000C1N55.png,441,0.09084026158592896,0.09084026158592896
G2,W0034F0002T0006Z000C1N55.png,442,0.0,0.0
G2,W0034F0002T0006Z000C1N55.png,443,0.0,0.0
G2,W0034F0002T0006Z000C1N55.png,444,0.0,0.0
G2,W0034F0002T0006Z000C1N55.png,445,0.0,0.0
G2,W0034F0002T0006Z000C1N55.png,446,0.08125,0.08125
G2,W0034F0002T0006Z000C1N55.png,447,0.08125,0.08125
G2,W0034F0002T0006Z000C1N55.png,448,0.0,0.0
G2,W0034F0002T0006Z000C1N55.png,449,0.11490485194281398,0.11490485194281398
G2,W0034F0002T0006Z000C1N55.png,450,0.08125,0.08125
G2,W0034F0002T0006Z000C1N55.png,451,0.08125,0.08125
G2,W0034F0002T0006Z000C1N55.png,452,0.0,0.0
G2,W0034F0002T0006Z000C1N55.png,453,0.0,0.0
G2,W0034F0002T0006Z000C1N55.png,454,0.0,0.0
G2,W0034F0002T0006Z000C1N55.png,455,0.08125,0.08125
G2,W0034F0002T0006Z000C1N55.png,456,0.11490485194281398,0.11490485194281398
G2,W0034F0002T0006Z000C1N55.png,457,0.0,0.0
G2,W0034F0002T0006Z000C1N55.png,458,0.0,0.0
G2,W0034F0002T0006Z000C1N55.png,459,0.0,0.0
G2,W0034F0002T0006Z000C1N55.png,460,0.08125,0.08125
G2,W0034F0002T0006Z000C1N55.png,461,0.0,0.0
G2,W0034F0002T0006Z000C1N55.png,462,0.11490485194281398,0.11490485194281398
G2,W0034F0002T0006Z000C1N55.png,463,0.051068823085696546,0.051068823085696546
G2,W0034F0002T0006Z000C1N55.png,464,0.08125,0.08125
G2,W0034F0002T0006Z000C1N55.png,465,0.09084026158592896,0.09084026158592896
G2,W0034F0002T0006Z000C1N55.png,466,0.06500000000000093,0.06500000000000093
G2,W0034F0002T0006Z000C1N55.png,467,0.0,0.0
G2,W0034F0002T0006Z000C1N55.png,468,0.04642857142857242,0.04642857142857242
G2,W0034F0002T0006Z000C1N55.png,469,0.0,0.0
G2,W0034F0002T0006Z000C1N55.png,470,0.11490485194281398,0.11490485194281398
G2,W0034F0002T0006Z000C1N55.png,471,0.0,0.0
G2,W0034F0002T0006Z000C1N55.png,472,0.0,0.0
G2,W0034F0002T0006Z000C1N55.png,473,0.0,0.0
G2,W0034F0002T0006Z000C1N55.png,474,0.09984841827817373,0.09984841827817373
G2,W0034F0002T0006Z000C1N55.png,475,0.08125,0.08125
G2,W0034F0002T0006Z000C1N55.png,476,0.0,0.0
G2,W0034F0002T0006Z000C1N55.png,477,0.0,0.0
G2,W0034F0002T0006Z000C1N55.png,478,0.0,0.0
G2,W0034F0002T0006Z000C1N55.png,479,0.07660323462854197,0.07660323462854197
G2,W0034F0002T0006Z000C1N55.png,480,0.0,0.0
G2,W0034F0002T0006Z000C1N55.png,481,0.07270462568962577,0.07270462568962577
G2,W0034F0002T0006Z000C1N55.png,482,0.0,0.0
G2,W0034F0002T0006Z000C1N55.png,483,0.11490485194281398,0.11490485194281398
G2,W0034F0002T0006Z000C1N55.png,484,0.0,0.0
G2,W0034F0002T0006Z000C1N55.png,485,0.0,0.0
G2,W0034F0002T0006Z000C1N55.png,486,0.07267220926874317,0.07267220926874317
G2,W0034F0002T0006Z000C1N55.png,487,0.0,0.0
G2,W0034F0002T0006Z000C1N55.png,488,0.0,0.0
G2,W0034F0002T0006Z000C1N55.png,489,0.08125,0.08125
G2,W0034F0002T0006Z000C1N55.png,490,0.0,0.0
G2,W0034F0002T0006Z000C1N55.png,491,0.0,0.0
G2,W0034F0002T0006Z000C1N55.png,492,0.0605601743906187,0.0605601743906187
G2,W0034F0002T0006Z000C1N55.png,493,0.08125,0.08125
G2,W0034F0002T0006Z000C1N55.png,494,0.0,0.0
G2,W0034F0002T0006Z000C1N55.png,495,0.0,0.0
G2,W0034F0002T0006Z000C1N55.png,496,0.144694998742802,0.144694998742802
G2,W0034F0002T0006Z000C1N55.png,497,0.0,0.0
G2,W0034F0002T0006Z000C1N55.png,498,0.04596194077712594,0.04596194077712594
G2,W0034F0002T0006Z000C1N55.png,499,0.0,0.0
G2,W0034F0002T0006Z000C1N55.png,500,0.0541666666666659,0.0541666666666659
G2,W0034F0002T0006Z000C1N55.png,501,0.0,0.0
G2,W0034F0002T0006Z000C1N55.png,502,0.0,0.0
G2,W0034F0002T0006Z000C1N55.png,503,0.0,0.0
G2,W0034F0002T0006Z000C1N55.png,504,0.08125,0.08125
G2,W0034F0002T0006Z000C1N55.png,505,0.1083333333333341,0.1083333333333341
G2,W0034F0002T0006Z000C1N55.png,506,0.0,0.0
G2,W0034F0002T0006Z000C1N55.png,507,0.0,0.0
G2,W0034F0002T0006Z000C1N55.png,508,0.08125,0.08125
G2,W0034F0002T0006Z000C1N55.png,509,0.0,0.0
G2,W0034F0002T0006Z000C1N55.png,510,0.0,0.0
G2,W0034F0002T0006Z000C1N55.png,511,0.0,0.0
G2,W0034F0002T0006Z000C1N55.png,512,0.07660323462854238,0.07660323462854238
G2,W0034F0002T0006Z000C1N55.png,513,0.0,0.0
G2,W0034F0002T0006Z000C1N55.png,514,0.05191610624950314,0.05191610624950314
G2,W0034F0002T0006Z000C1N55.png,515,0.0,0.0
G2,W0034F0002T0006Z000C1N55.png,516,0.0,0.0
G2,W0034F0002T0006Z000C1N55.png,517,0.0,0.0
G2,W0034F0002T0006Z000C1N55.png,518,0.0,0.0
G2,W0034F0002T0006Z000C1N55.png,519,0.08125,0.08125
G2,W0034F0002T0006Z000C1N55.png,520,0.0,0.0
G2,W0034F0002T0006Z000C1N55.png,521,0.0,0.0
G2,W0034F0002T0006Z000C1N55.png,522,0.09192388155425188,0.09192388155425188
G2,W0034F0002T0006Z000C1N55.png,523,0.11490485194281398,0.11490485194281398
G2,W0034F0002T0006Z000C1N55.png,524,0.07660323462854197,0.07660323462854197
G2,W0034F0002T0006Z000C1N55.png,525,0.08125,0.08125
G2,W0034F0002T0006Z000C1N55.png,526,0.0,0.0
G2,W0034F0002T0006Z000C1N55.png,527,0.0,0.0
G2,W0034F0002T0006Z000C1N55.png,528,0.0,0.0
G2,W0034F0002T0006Z000C1N55.png,529,0.0,0.0
G2,W0034F0002T0006Z000C1N55.png,530,0.0,0.0
G2,W0034F0002T0006Z000C1N55.png,531,0.0,0.0
G2,W0034F0002T0006Z000C1N55.png,532,0.0,0.0
G2,W0034F0002T0006Z000C1N55.png,533,0.22980970388562796,0.22980970388562796
G2,W0034F0002T0006Z000C1N55.png,534,0.12999999999999953,0.12999999999999953
G2,W0034F0002T0006Z000C1N55.png,535,0.030059253607042993,0.030059253607042993
G2,W0034F0002T0006Z000C1N55.png,536,0.05190872090624468,0.05190872090624468
G2,W0034F0002T0006Z000C1N55.png,537,0.08125,0.08125
G2,W0034F0002T0006Z000C1N55.png,538,0.05745242597140699,0.05745242597140699
G2,W0034F0002T0006Z000C1N55.png,539,0.0,0.0
G2,W0034F0002T0006Z000C1N55.png,540,0.07306002695485724,0.07306002695485724
G2,W0034F0002T0006Z000C1N55.png,541,0.15133862726363093,0.15133862726363093
G2,W0034F0002T0006Z000C1N55.png,542,0.12112034878123826,0.12112034878123826
G2,W0034F0002T0006Z000C1N55.png,543,0.08125,0.08125
G2,W0034F0002T0006Z000C1N55.png,544,0.09084026158592896,0.09084026158592896
G2,W0034F0002T0006Z000C1N55.png,545,0.0,0.0
G2,W0034F0002T0006Z000C1N55.png,546,0.0,0.0
G2,W0034F0002T0006Z000C1N55.png,547,0.0,0.0
G2,W0034F0002T0006Z000C1N55.png,548,0.0,0.0
G2,W0034F0002T0006Z000C1N55.png,549,0.08125,0.08125
G2,W0034F0002T0006Z000C1N55.png,550,0.0,0.0
G2,W0034F0002T0006Z000C1N55.png,551,0.0,0.0
G2,W0034F0002T0006Z000C1N55.png,552,0.08125,0.08125
G2,W0034F0002T0006Z000C1N55.png,553,0.0,0.0
G2,W0034F0002T0006Z000C1N55.png,554,0.1015625,0.1015625
G2,W0034F0002T0006Z000C1N55.png,555,0.0,0.0
G2,W0034F0002T0006Z000C1N55.png,556,0.10833333333333353,0.10833333333333353
G2,W0034F0002T0006Z000C1N55.png,557,0.11490485194281398,0.11490485194281398
G2,W0034F0002T0006Z000C1N55.png,558,0.0,0.0
G2,W0034F0002T0006Z000C1N55.png,559,0.08125,0.08125
G2,W0034F0002T0006Z000C1N55.png,560,0.0,0.0
G2,W0034F0002T0006Z000C1N55.png,561,0.08125,0.08125
G2,W0034F0002T0006Z000C1N55.png,562,0.0,0.0
G2,W0034F0002T0006Z000C1N55.png,563,0.0,0.0
G2,W0034F0002T0006Z000C1N55.png,564,0.08125,0.08125
G2,W0034F0002T0006Z000C1N55.png,565,0.0,0.0
G2,W0034F0002T0006Z000C1N55.png,566,0.0,0.0
G2,W0034F0002T0006Z000C1N55.png,567,0.0,0.0
G2,W0034F0002T0006Z000C1N55.png,568,0.10213764617138983,0.10213764617138983
G2,W0034F0002T0006Z000C1N55.png,569,0.11490485194281398,0.11490485194281398
G2,W0034F0002T0006Z000C1N55.png,570,0.0,0.0
G2,W0034F0002T0006Z000C1N55.png,571,0.1625,0.1625
G2,W0034F0002T0006Z000C1N55.png,572,0.18168052317185793,0.18168052317185793
G2,W0034F0002T0006Z000C1N55.png,573,0.11490485194281398,0.11490485194281398
G2,W0034F0002T0006Z000C1N55.png,574,0.11490485194281398,0.11490485194281398
G2,W0034F0002T0006Z000C1N55.png,575,0.07660323462854217,0.07660323462854217
G2,W0034F0002T0006Z000C1N55.png,576,0.10833333333333295,0.10833333333333295
G2,W0034F0002T0006Z000C1N55.png,577,0.0,0.0
G2,W0034F0002T0006Z000C1N55.png,578,0.08125,0.08125
G2,W0034F0002T0006Z000C1N55.png,579,0.0,0.0
G2,W0034F0002T0006Z000C1N55.png,580,0.08125,0.08125
G2,W0034F0002T0006Z000C1N55.png,581,0.040625,0.040625
G2,W0034F0002T0006Z000C1N55.png,582,0.11490485194281398,0.11490485194281398
G2,W0034F0002T0006Z000C1N55.png,583,0.0,0.0
G2,W0034F0002T0006Z000C1N55.png,584,0.0,0.0
G2,W0034F0002T0006Z000C1N55.png,585,0.11490485194281398,0.11490485194281398
G2,W0034F0002T0006Z000C1N55.png,586,0.1625,0.1625
G2,W0034F0002T0006Z000C1N55.png,587,0.0,0.0
G2,W0034F0002T0006Z000C1N55.png,588,0.06056017439061845,0.06056017439061845
G2,W0034F0002T0006Z000C1N55.png,589,0.08125,0.08125
G2,W0034F0002T0006Z000C1N55.png,590,0.0,0.0
G2,W0034F0002T0006Z000C1N55.png,591,0.0,0.0
G2,W0034F0002T0006Z000C1N55.png,592,0.0,0.0
G2,W0034F0002T0006Z000C1N55.png,593,0.0,0.0
G2,W0034F0002T0006Z000C1N55.png,594,0.0,0.0
G2,W0034F0002T0006Z000C1N55.png,595,0.0,0.0
G2,W0034F0002T0006Z000C1N55.png,596,0.0,0.0
G2,W0034F0002T0006Z000C1N55.png,597,0.09084026158592896,0.09084026158592896
G2,W0034F0002T0006Z000C1N55.png,598,0.0,0.0
G2,W0034F0002T0006Z000C1N55.png,599,0.0,0.0
G2,W0034F0002T0006Z000C1N55.png,600,0.08125,0.08125
G2,W0034F0002T0006Z000C1N55.png,601,0.11490485194281398,0.11490485194281398
G2,W0034F0002T0006Z000C1N55.png,602,0.0644870244589467,0.0644870244589467
G2,W0034F0002T0006Z000C1N55.png,603,0.09084026158592896,0.09084026158592896
G2,W0034F0002T0006Z000C1N55.png,604,0.0,0.0
G2,W0034F0002T0006Z000C1N55.png,605,0.0,0.0
G2,W0034F0002T0006Z000C1N55.png,606,0.07660323462854207,0.07660323462854207
G2,W0034F0002T0006Z000C1N55.png,607,0.0,0.0
G2,W0034F0002T0006Z000C1N55.png,608,0.0,0.0
G2,W0034F0002T0006Z000C1N55.png,609,0.0,0.0
G2,W0034F0002T0006Z000C1N55.png,610,0.0,0.0
G2,W0034F0002T0006Z000C1N55.png,611,0.08125,0.08125
G2,W0034F0002T0006Z000C1N55.png,612,0.22980970388562796,0.22980970388562796
G2,W0034F0002T0006Z000C1N55.png,613,0.0,0.0
G2,W0034F0002T0006Z000C1N55.png,614,0.0,0.0
G2,W0034F0002T0006Z000C1N55.png,615,0.0,0.0
G2,W0034F0002T0006Z000C1N55.png,616,0.0,0.0
G2,W0034F0002T0006Z000C1N55.png,617,0.04001952648395431,0.04001952648395431
G2,W0034F0002T0006Z000C1N55.png,618,0.08125,0.08125
G2,W0034F0002T0006Z000C1N55.png,619,0.0,0.0
G2,W0034F0002T0006Z000C1N55.png,620,0.0,0.0
G2,W0034F0002T0006Z000C1N55.png,621,0.0,0.0
G2,W0034F0002T0006Z000C1N55.png,622,0.040625,0.040625
G2,W0034F0002T0006Z000C1N55.png,623,0.0,0.0
G2,W0034F0002T0006Z000C1N55.png,624,0.0,0.0
G2,W0034F0002T0006Z000C1N55.png,625,0.07341001711104994,0.07341001711104994
G2,W0034F0002T0006Z000C1N55.png,626,0.11490485194281398,0.11490485194281398
G2,W0034F0002T0006Z000C1N55.png,627,0.0,0.0
G2,W0034F0002T0006Z000C1N55.png,628,0.11490485194281398,0.11490485194281398
G2,W0034F0002T0006Z000C1N55.png,629,0.08125,0.08125
G2,W0034F0002T0006Z000C1N55.png,630,0.0,0.0
G2,W0034F0002T0006Z000C1N55.png,631,0.08125,0.08125
G2,W0034F0002T0006Z000C1N55.png,632,0.08125,0.08125
G2,W0034F0002T0006Z000C1N55.png,633,0.11490485194281398,0.11490485194281398
G2,W0034F0002T0006Z000C1N55.png,634,0.040625,0.040625
G2,W0034F0002T0006Z000C1N55.png,635,0.0,0.0
G2,W0034F0002T0006Z000C1N55.png,636,0.15700544523612966,0.15700544523612966
G2,W0034F0002T0006Z000C1N55.png,637,0.0,0.0
G2,W0034F0002T0006Z000C1N55.png,638,0.0,0.0
G2,W0034F0002T0006Z000C1N55.png,639,0.1625,0.1625
G2,W0034F0002T0006Z000C1N55.png,640,0.0,0.0
G2,W0034F0002T0006Z000C1N55.png,641,0.0,0.0
G2,W0034F0002T0006Z000C1N55.png,642,0.0,0.0
G2,W0034F0002T0006Z000C1N55.png,643,0.027083333333334104,0.027083333333334104
G2,W0034F0002T0006Z000C1N55.png,644,0.05416666666666821,0.05416666666666821
G2,W0034F0002T0006Z000C1N55.png,645,0.0,0.0
G2,W0034F0002T0006Z000C1N55.png,646,0.03211688248608511,0.03211688248608511
G2,W0034F0002T0006Z000C1N55.png,647,0.0,0.0
G2,W0034F0002T0006Z000C1N55.png,648,0.08125,0.08125
G2,W0034F0002T0006Z000C1N55.png,649,0.08125,0.08125
G2,W0034F0002T0006Z000C1N55.png,650,0.0,0.0
G2,W0034F0002T0006Z000C1N55.png,651,0.11490485194281398,0.11490485194281398
G2,W0034F0002T0006Z000C1N55.png,652,0.0,0.0
G2,W0034F0002T0006Z000C1N55.png,653,0.08125,0.08125
G2,W0034F0002T0006Z000C1N55.png,654,0.0,0.0
G2,W0034F0002T0006Z000C1N55.png,655,0.053263825660263074,0.053263825660263074
G2,W0034F0002T0006Z000C1N55.png,656,0.08125,0.08125
G2,W0034F0002T0006Z000C1N55.png,657,0.0,0.0
G2,W0034F0002T0006Z000C1N55.png,658,0.0,0.0
G2,W0034F0002T0006Z000C1N55.png,659,0.0,0.0
G2,W0034F0002T0006Z000C1N55.png,660,0.0,0.0
G2,W0034F0002T0006Z000C1N55.png,661,0.1083333333333318,0.1083333333333318
G2,W0034F0002T0006Z000C1N55.png,662,0.0,0.0
G2,W0034F0002T0006Z000C1N55.png,663,0.0,0.0
G2,W0034F0002T0006Z000C1N55.png,664,0.0,0.0
G2,W0034F0002T0006Z000C1N55.png,665,0.08125,0.08125
G2,W0034F0002T0006Z000C1N55.png,666,0.0,0.0
G2,W0034F0002T0006Z000C1N55.png,667,0.0,0.0
G2,W0034F0002T0006Z000C1N55.png,668,0.14647552056572458,0.14647552056572458
G2,W0034F0002T0006Z000C1N55.png,669,0.0,0.0
G2,W0034F0002T0006Z000C1N55.png,670,0.0,0.0
G2,W0034F0002T0006Z000C1N55.png,671,0.0,0.0
G2,W0034F0002T0006Z000C1N55.png,672,0.22980970388562796,0.22980970388562796
G2,W0034F0002T0006Z000C1N55.png,673,0.1083333333333341,0.1083333333333341
G2,W0034F0002T0006Z000C1N55.png,674,0.10885722815635153,0.10885722815635153
G2,W0034F0002T0006Z000C1N55.png,675,0.0,0.0
G2,W0034F0002T0006Z000C1N55.png,676,0.0,0.0
G2,W0034F0002T0006Z000C1N55.png,677,0.032499999999998155,0.032499999999998155
G2,W0034F0002T0006Z000C1N55.png,678,0.0,0.0
G2,W0034F0002T0006Z000C1N55.png,679,0.12112034878123715,0.12112034878123715
G2,W0034F0002T0006Z000C1N55.png,680,0.0,0.0
G2,W0034F0002T0006Z000C1N55.png,681,0.08125,0.08125
G2,W0034F0002T0006Z000C1N55.png,682,0.08125,0.08125
G2,W0034F0002T0006Z000C1N55.png,683,0.0,0.0
G2,W0034F0002T0006Z000C1N55.png,684,0.0,0.0
G2,W0034F0002T0006Z000C1N55.png,685,0.0,0.0
G2,W0034F0002T0006Z000C1N55.png,686,0.0,0.0
G2,W0034F0002T0006Z000C1N55.png,687,0.11490485194281398,0.11490485194281398
G2,W0034F0002T0006Z000C1N55.png,688,0.08125,0.08125
G2,W0034F0002T0006Z000C1N55.png,689,0.0,0.0
G2,W0034F0002T0006Z000C1N55.png,690,0.1625,0.1625
G2,W0034F0002T0006Z000C1N55.png,691,0.0,0.0
G2,W0034F0002T0006Z000C1N55.png,692,0.0,0.0
G2,W0034F0002T0006Z000C1N55.png,693,0.0,0.0
G2,W0034F0002T0006Z000C1N55.png,694,0.11490485194281398,0.11490485194281398
G2,W0034F0002T0006Z000C1N55.png,695,0.0,0.0
G2,W0034F0002T0006Z000C1N55.png,696,0.07660323462854401,0.07660323462854401
G2,W0034F0002T0006Z000C1N55.png,697,0.0,0.0
G2,W0034F0002T0006Z000C1N55.png,698,0.06056017439061896,0.06056017439061896
G2,W0034F0002T0006Z000C1N55.png,699,0.07660323462854401,0.07660323462854401
G2,W0034F0002T0006Z000C1N55.png,700,0.0,0.0
G2,W0034F0002T0006Z000C1N55.png,701,0.0,0.0
G2,W0034F0002T0006Z000C1N55.png,702,0.1625,0.1625
G2,W0034F0002T0006Z000C1N55.png,703,0.1625,0.1625
G2,W0034F0002T0006Z000C1N55.png,704,0.03830161731427078,0.03830161731427078
G2,W0034F0002T0006Z000C1N55.png,705,0.0,0.0
G2,W0034F0002T0006Z000C1N55.png,706,0.05416666666666821,0.05416666666666821
G2,W0034F0002T0006Z000C1N55.png,707,0.0,0.0
G2,W0034F0002T0006Z000C1N55.png,708,0.08125,0.08125
G2,W0034F0002T0006Z000C1N55.png,709,0.11490485194281398,0.11490485194281398
G2,W0034F0002T0006Z000C1N55.png,710,0.08125,0.08125
G2,W0034F0002T0006Z000C1N55.png,711,0.08564501996289367,0.08564501996289367
G2,W0034F0002T0006Z000C1N55.png,712,0.08125,0.08125
G2,W0034F0002T0006Z000C1N55.png,713,0.22980970388562796,0.22980970388562796
G2,W0034F0002T0006Z000C1N55.png,714,0.0,0.0
G2,W0034F0002T0006Z000C1N55.png,715,0.08125,0.08125
G2,W0034F0002T0006Z000C1N55.png,716,0.08125,0.08125
G2,W0034F0002T0006Z000C1N55.png,717,0.0,0.0
G2,W0034F0002T0006Z000C1N55.png,718,0.11490485194281398,0.11490485194281398
G2,W0034F0002T0006Z000C1N55.png,719,0.040625,0.040625
G2,W0034F0002T0006Z000C1N55.png,720,0.0,0.0
G2,W0034F0002T0006Z000C1N55.png,721,0.0541666666666659,0.0541666666666659
G2,W0034F0002T0006Z000C1N55.png,722,0.0,0.0
G2,W0034F0002T0006Z000C1N55.png,723,0.0541666666666659,0.0541666666666659
G2,W0034F0002T0006Z000C1N55.png,724,0.0,0.0
G2,W0034F0002T0006Z000C1N55.png,725,0.0,0.0
G2,W0034F0002T0006Z000C1N55.png,726,0.0,0.0
G2,W0034F0002T0006Z000C1N55.png,727,0.0,0.0
G2,W0034F0002T0006Z000C1N55.png,728,0.0,0.0
G2,W0034F0002T0006Z000C1N55.png,729,0.08125,0.08125
G2,W0034F0002T0006Z000C1N55.png,730,0.11490485194281398,0.11490485194281398
G2,W0034F0002T0006Z000C1N55.png,731,0.0,0.0
G2,W0034F0002T0006Z000C1N55.png,732,0.0,0.0
G2,W0034F0002T0006Z000C1N55.png,733,0.08125,0.08125
G2,W0034F0002T0006Z000C1N55.png,734,0.08125,0.08125
G2,W0034F0002T0006Z000C1N55.png,735,0.06510023136254514,0.06510023136254514
G2,W0034F0002T0006Z000C1N55.png,736,0.0,0.0
G2,W0034F0002T0006Z000C1N55.png,737,0.07896080690936212,0.07896080690936212
G2,W0034F0002T0006Z000C1N55.png,738,0.0,0.0
G2,W0034F0002T0006Z000C1N55.png,739,0.0,0.0
G2,W0034F0002T0006Z000C1N55.png,740,0.05416666666666821,0.05416666666666821
G2,W0034F0002T0006Z000C1N55.png,741,0.0,0.0
G2,W0034F0002T0006Z000C1N55.png,742,0.0,0.0
G2,W0034F0002T0006Z000C1N55.png,743,0.0,0.0
G2,W0034F0002T0006Z000C1N55.png,744,0.08125,0.08125
G2,W0034F0002T0006Z000C1N55.png,745,0.1625,0.1625
G2,W0034F0002T0006Z000C1N55.png,746,0.0,0.0
G2,W0034F0002T0006Z000C1N55.png,747,0.08125,0.08125
G2,W0034F0002T0006Z000C1N55.png,748,0.0,0.0
G2,W0034F0002T0006Z000C1N55.png,749,0.0,0.0
G2,W0034F0002T0006Z000C1N55.png,750,0.10833333333333353,0.10833333333333353
G2,W0034F0002T0006Z000C1N55.png,751,0.0,0.0
G2,W0034F0002T0006Z000C1N55.png,752,0.08125,0.08125
G2,W0034F0002T0006Z000C1N55.png,753,0.0,0.0
G2,W0034F0002T0006Z000C1N55.png,754,0.11837009585126247,0.11837009585126247
G2,W0034F0002T0006Z000C1N55.png,755,0.0,0.0
G2,W0034F0002T0006Z000C1N55.png,756,0.0,0.0
G2,W0034F0002T0006Z000C1N55.png,757,0.0766032346285432,0.0766032346285432
G2,W0034F0002T0006Z000C1N55.png,758,0.040625,0.040625
G2,W0034F0002T0006Z000C1N55.png,759,0.0,0.0
G2,W0034F0002T0006Z000C1N55.png,760,0.11490485194281398,0.11490485194281398
G2,W0034F0002T0006Z000C1N55.png,761,0.0,0.0
G2,W0034F0002T0006Z000C1N55.png,762,0.0,0.0
G2,W0034F0002T0006Z000C1N55.png,763,0.0,0.0
G2,W0034F0002T0006Z000C1N55.png,764,0.0,0.0
G2,W0034F0002T0006Z000C1N55.png,765,0.0,0.0
G2,W0034F0002T0006Z000C1N55.png,766,0.08125,0.08125
G2,W0034F0002T0006Z000C1N55.png,767,0.0,0.0
G2,W0034F0002T0006Z000C1N55.png,768,0.0,0.0
G2,W0034F0002T0006Z000C1N55.png,769,0.1625,0.1625
G2,W0034F0002T0006Z000C1N55.png,770,0.10833333333333295,0.10833333333333295
G2,W0034F0002T0006Z000C1N55.png,771,0.0,0.0
G2,W0034F0002T0006Z000C1N55.png,772,0.12767857142857011,0.12767857142857011
G2,W0034F0002T0006Z000C1N55.png,773,0.0,0.0
G2,W0034F0002T0006Z000C1N55.png,774,0.0,0.0
G2,W0034F0002T0006Z000C1N55.png,775,0.0,0.0
G2,W0034F0002T0006Z000C1N55.png,776,0.0,0.0
G2,W0034F0002T0006Z000C1N55.png,777,0.0,0.0
G2,W0034F0002T0006Z000C1N55.png,778,0.0,0.0
G2,W0034F0002T0006Z000C1N55.png,779,0.0,0.0
G2,W0034F0002T0006Z000C1N55.png,780,0.0,0.0
G2,W0034F0002T0006Z000C1N55.png,781,0.1083333333333318,0.1083333333333318
G2,W0034F0002T0006Z000C1N55.png,782,0.0,0.0
G2,W0034F0002T0006Z000C1N55.png,783,0.0,0.0
G2,W0034F0002T0006Z000C1N55.png,784,0.0,0.0
G2,W0034F0002T0006Z000C1N55.png,785,0.0,0.0
G2,W0034F0002T0006Z000C1N55.png,786,0.0,0.0
G2,W0034F0002T0006Z000C1N55.png,787,0.0,0.0
G2,W0034F0002T0006Z000C1N55.png,788,0.0,0.0
G2,W0034F0002T0006Z000C1N55.png,789,0.0,0.0
G2,W0034F0002T0006Z000C1N55.png,790,0.0,0.0
G2,W0034F0002T0006Z000C1N55.png,791,0.0,0.0
G2,W0034F0002T0006Z000C1N55.png,792,0.0,0.0
G2,W0034F0002T0006Z000C1N41.png,1,0.1921983993948398,0.1921983993948398
G2,W0034F0002T0006Z000C1N41.png,2,1.0277402395547235,4.8232671758881445
G2,W0034F0002T0006Z000C1N41.png,3,2.378558189849473,2.378558189849473
G2,W0034F0002T0006Z000C1N41.png,4,1.4189702472215546,2.953077049875265
G2,W0034F0002T0006Z000C1N41.png,5,1.1403980938689786,1.1403980938689786
G2,W0034F0002T0006Z000C1N41.png,6,2.269779864825139,2.6043207506498938
G2,W0034F0002T0006Z000C1N41.png,7,0.2315981332232624,0.2315981332232624
G2,W0034F0002T0006Z000C1N41.png,8,2.1862139076494778,2.538331144669663
G2,W0034F0002T0006Z000C1N41.png,9,0.08125,2.361846801234153
G2,W0034F0002T0006Z000C1N41.png,10,0.2569350598886809,2.6726186830522605
G2,W0034F0002T0006Z000C1N41.png,11,0.11490485194281398,0.4737648414561807
G2,W0034F0002T0006Z000C1N41.png,12,0.060909514923897796,0.060909514923897796
G2,W0034F0002T0006Z000C1N41.png,13,0.05190872090624622,0.05190872090624622
G2,W0034F0002T0006Z000C1N41.png,14,0.08125,0.08125
G2,W0034F0002T0006Z000C1N41.png,15,1.21875,1.5775896369144926
G2,W0034F0002T0006Z000C1N41.png,16,0.028726212985703495,1.8387020409279204
G2,W0034F0002T0006Z000C1N41.png,17,0.0,0.0
G2,W0034F0002T0006Z000C1N41.png,18,0.028260869565218096,0.028260869565218096
G2,W0034F0002T0006Z000C1N41.png,19,0.0,0.0
G2,W0034F0002T0006Z000C1N41.png,20,0.05709667997526184,0.05709667997526184
G2,W0034F0002T0006Z000C1N41.png,21,0.05709667997526184,0.05709667997526184
G2,W0034F0002T0006Z000C1N41.png,22,0.08125,1.0686768980847299
G2,W0034F0002T0006Z000C1N41.png,23,0.07267220926874421,0.07267220926874421
G2,W0034F0002T0006Z000C1N41.png,24,0.11490485194281398,1.0593703908454306
G2,W0034F0002T0006Z000C1N41.png,25,0.08370029746612916,0.08370029746612916
G2,W0034F0002T0006Z000C1N41.png,26,0.036285742718784396,0.036285742718784396
G2,W0034F0002T0006Z000C1N41.png,27,0.0,0.0
G2,W0034F0002T0006Z000C1N41.png,28,1.7805618188159043,3.1533479851778177
G2,W0034F0002T0006Z000C1N41.png,29,0.8125,0.8125
G2,W0034F0002T0006Z000C1N41.png,30,1.3526813134497082,4.0246243881244075
G2,W0034F0002T0006Z000C1N41.png,31,0.15910714202897336,0.15910714202897336
G2,W0034F0002T0006Z000C1N41.png,32,0.9084026158592896,3.6850256528957845
G2,W0034F0002T0006Z000C1N41.png,33,1.040507688582838,2.036119163998021
G2,W0034F0002T0006Z000C1N41.png,34,0.6282114757015547,0.6282114757015547
G2,W0034F0002T0006Z000C1N41.png,35,0.051908720906244155,0.051908720906244155
G2,W0034F0002T0006Z000C1N41.png,36,0.6936717923885596,0.7124512653898201
G2,W0034F0002T0006Z000C1N41.png,37,0.08125,0.08125
G2,W0034F0002T0006Z000C1N41.png,38,0.11490485194281398,4.0216698179984895
G2,W0034F0002T0006Z000C1N41.png,39,0.11490485194281398,0.11490485194281398
G2,W0034F0002T0006Z000C1N41.png,40,0.11490485194281398,0.11490485194281398
G2,W0034F0002T0006Z000C1N41.png,41,0.08125,1.951691974287951
G2,W0034F0002T0006Z000C1N41.png,42,1.8968003486134224,2.0889310214796466
G2,W0034F0002T0006Z000C1N41.png,43,0.0,0.22980970388562796
G2,W0034F0001T0006Z000C1N18.png,1,0.07755486409274674,0.07755486409274674
G2,W0034F0001T0006Z000C1N18.png,2,0.07267220926874336,0.07267220926874336
G2,W0034F0001T0006Z000C1N18.png,3,0.037222481342381736,0.037222481342381736
G2,W0034F0001T0006Z000C1N18.png,4,0.11490485194281398,0.11490485194281398
G2,W0034F0001T0006Z000C1N18.png,5,0.055239378063923344,0.055239378063923344
G2,W0034F0001T0006Z000C1N18.png,6,0.0,0.0
G2,W0034F0001T0006Z000C1N18.png,7,0.07905694150420983,0.07905694150420983
G2,W0034F0001T0006Z000C1N18.png,8,0.07281400883629789,0.07281400883629789
G2,W0034F0001T0006Z000C1N18.png,9,0.03611111111111214,0.03611111111111214
G2,W0034F0001T0006Z000C1N18.png,10,0.0,0.0
G2,W0034F0001T0006Z000C1N18.png,11,0.0,0.0
G2,W0034F0001T0006Z000C1N18.png,12,0.10456499361939924,0.10456499361939924
G2,W0034F0001T0006Z000C1N18.png,13,0.016249999999999078,0.016249999999999078
G2,W0034F0001T0006Z000C1N18.png,14,1.149686702492853,1.1648982132453563
G2,W0034F0001T0006Z000C1N18.png,15,0.08613906208294181,0.08613906208294181
G2,W0034F0001T0006Z000C1N18.png,16,0.07432197775591741,0.07432197775591741
G2,W0034F0001T0006Z000C1N18.png,17,0.046428571428571264,0.046428571428571264
G2,W0034F0001T0006Z000C1N18.png,18,0.03823529411764692,0.03823529411764692
G2,W0034F0001T0006Z000C1N18.png,19,0.07660323462854238,0.07660323462854238
G2,W0034F0001T0006Z000C1N18.png,20,0.05190872090624468,0.05190872090624468
G2,W0034F0001T0006Z000C1N18.png,21,0.0766032346285432,0.0766032346285432
G2,W0034F0001T0006Z000C1N18.png,22,0.09013878188660039,0.09013878188660039
G2,W0034F0001T0006Z000C1N18.png,23,0.06894291116568772,0.06894291116568772
G2,W0034F0001T0006Z000C1N18.png,24,0.07549175535747679,0.07549175535747679
G2,W0034F0001T0006Z000C1N18.png,25,0.08124999999999954,0.08124999999999954
G2,W0034F0001T0006Z000C1N18.png,26,0.06510023136254514,0.06510023136254514
G2,W0034F0001T0006Z000C1N18.png,27,0.22980970388562796,0.22980970388562796
G2,W0034F0001T0006Z000C1N18.png,28,0.0,0.0
G2,W0034F0001T0006Z000C1N18.png,29,0.10452390518442521,0.10452390518442521
G2,W0034F0001T0006Z000C1N18.png,30,0.028726212985703495,0.028726212985703495
G2,W0034F0001T0006Z000C1N18.png,31,0.0,0.0
G2,W0034F0001T0006Z000C1N18.png,32,0.11490485194281398,0.11490485194281398
G2,W0034F0001T0006Z000C1N18.png,33,0.08012502437597094,0.08012502437597094
G2,W0034F0001T0006Z000C1N18.png,34,0.046428571428571264,0.046428571428571264
G2,W0034F0001T0006Z000C1N18.png,35,0.0,0.0
G2,W0034F0001T0006Z000C1N18.png,36,0.8125,0.8125
G2,W0034F0001T0006Z000C1N18.png,37,0.02708333333333295,0.02708333333333295
G2,W0034F0001T0006Z000C1N18.png,38,1.4036423251168746,1.5146908864203812
G2,W0034F0001T0006Z000C1N18.png,39,0.08356716504931917,0.08356716504931917
G2,W0034F0001T0006Z000C1N18.png,40,0.07432197775591741,0.07432197775591741
G2,W0034F0001T0006Z000C1N18.png,41,0.040625,0.040625
G2,W0034F0001T0006Z000C1N18.png,42,0.03255011568127273,0.03255011568127273
G2,W0034F0001T0006Z000C1N18.png,43,0.09084026158592831,0.09084026158592831
G2,W0034F0001T0006Z000C1N18.png,44,0.040625,0.040625
G2,W0034F0001T0006Z000C1N18.png,45,0.49422445558673034,0.49422445558673034
G2,W0034F0001T0006Z000C1N18.png,46,0.24375000000000002,0.24375000000000002
G2,W0034F0001T0006Z000C1N18.png,47,0.0,0.0
G2,W0034F0001T0006Z000C1N18.png,48,0.07660323462854238,0.12112034878123948
G2,W0034F0001T0006Z000C1N18.png,49,0.10405076885828365,0.10405076885828365
G2,W0034F0001T0006Z000C1N18.png,50,0.07267220926874317,0.07267220926874317
G2,W0034F0001T0006Z000C1N18.png,51,0.0,0.0
G2,W0034F0001T0006Z000C1N18.png,52,0.05745242597140699,0.05745242597140699
G2,W0034F0001T0006Z000C1N18.png,53,0.07341001711105195,0.07341001711105195
G2,W0034F0001T0006Z000C1N18.png,54,0.028726212985703495,0.028726212985703495
G2,W0034F0001T0006Z000C1N18.png,55,0.07934261150226993,0.07934261150226993
G2,W0034F0001T0006Z000C1N18.png,56,0.048825173521907975,0.048825173521907975
G2,W0034F0001T0006Z000C1N18.png,57,0.08125,0.08125
G2,W0034F0001T0006Z000C1N18.png,58,0.07323776028286229,0.07323776028286229
G2,W0034F0001T0006Z000C1N18.png,59,0.07887948184572591,0.07887948184572591
G2,W0034F0001T0006Z000C1N18.png,60,0.07267220926874421,0.07267220926874421
G2,W0034F0001T0006Z000C1N18.png,61,0.10213764617138983,0.10213764617138983
G2,W0034F0001T0006Z000C1N18.png,62,0.0,0.0
G2,W0034F0001T0006Z000C1N18.png,63,0.0,0.0
G2,W0034F0001T0006Z000C1N18.png,64,0.044666977610857694,0.044666977610857694
G2,W0034F0001T0006Z000C1N18.png,65,0.08149003006503437,0.08149003006503437
G2,W0034F0001T0006Z000C1N18.png,66,0.09701744190197516,0.09701744190197516
G2,W0034F0001T0006Z000C1N18.png,67,0.11470607903638519,0.11470607903638519
G2,W0034F0001T0006Z000C1N18.png,68,0.06958928570635851,0.06958928570635851
G2,W0034F0001T0006Z000C1N18.png,69,0.06936717923885698,0.06936717923885698
G2,W0034F0001T0006Z000C1N18.png,70,0.04360332556124704,0.04360332556124704
G2,W0034F0001T0006Z000C1N18.png,71,0.08125,0.08125
G2,W0034F0001T0006Z000C1N18.png,72,0.11490485194281398,0.11490485194281398
G2,W0034F0001T0006Z000C1N30.png,1,0.04642857142857242,0.04642857142857242
G2,W0034F0001T0006Z000C1N30.png,2,0.45961940777125593,0.6894291116568838
G2,W0034F0001T0006Z000C1N30.png,3,0.06679818801762209,0.06679818801762209
G2,W0034F0001T0006Z000C1N30.png,4,0.05918504792563112,0.05918504792563112
G2,W0034F0001T0006Z000C1N30.png,5,0.07475932449725985,0.07475932449725985
G2,W0034F0001T0006Z000C1N30.png,6,0.035003571246374605,0.035003571246374605
G2,W0034F0001T0006Z000C1N30.png,7,0.028726212985703495,0.028726212985703495
G2,W0034F0001T0006Z000C1N30.png,8,0.0513870119777358,0.0513870119777358
G2,W0034F0001T0006Z000C1N30.png,9,0.09138213416442219,0.09138213416442219
G2,W0034F0001T0006Z000C1N30.png,10,0.052232142857142526,0.052232142857142526
G2,W0034F0001T0006Z000C1N30.png,11,0.042976039616237256,0.042976039616237256
G2,W0034F0001T0006Z000C1N30.png,12,0.04642857142857242,0.04642857142857242
G2,W0034F0001T0006Z000C1N30.png,13,0.07706569906461772,0.07706569906461772
G2,W0034F0001T0006Z000C1N30.png,14,1.1830178570080843,1.1830178570080843
G2,W0034F0001T0006Z000C1N30.png,15,1.0595387988253278,1.123294503031392
G2,W0034F0001T0006Z000C1N30.png,16,0.1625,0.1625
G2,W0034F0001T0006Z000C1N30.png,17,0.188505534188663,1.3225001166888333
G2,W0034F0001T0006Z000C1N30.png,18,0.06090951492389675,0.06090951492389675
G2,W0034F0001T0006Z000C1N30.png,19,1.7805618188159043,2.1439071553182987
G2,W0034F0001T0006Z000C1N31.png,1,0.0766032346285421,0.0766032346285421
G2,W0034F0001T0006Z000C1N31.png,2,0.09765034704381638,0.09765034704381638
G2,W0034F0001T0006Z000C1N31.png,3,0.0818607021359077,0.0818607021359077
G2,W0034F0001T0006Z000C1N31.png,4,0.08125,0.08125
G2,W0034F0001T0006Z000C1N31.png,5,0.07665109669795996,0.07665109669795996
G2,W0034F0001T0006Z000C1N31.png,6,0.06700046641628682,0.06700046641628682
G2,W0034F0001T0006Z000C1N31.png,7,0.07660323462854217,0.07660323462854217
G2,W0034F0001T0006Z000C1N31.png,8,0.0,0.0
G2,W0034F0001T0006Z000C1N31.png,9,0.09765034704381723,0.09765034704381723
G2,W0034F0001T0006Z000C1N31.png,10,0.04874062770346084,0.04874062770346084
G2,W0034F0001T0006Z000C1N31.png,11,0.05745242597140699,0.05745242597140699
G2,W0034F0001T0006Z000C1N31.png,12,0.06679818801762387,0.06679818801762387
G2,W0034F0001T0006Z000C1N31.png,13,0.05918504792563011,0.05918504792563011
G2,W0034F0001T0006Z000C1N31.png,14,0.046428571428571264,0.046428571428571264
G2,W0034F0001T0006Z000C1N31.png,15,0.11490485194281398,0.11490485194281398
G2,W0034F0001T0006Z000C1N31.png,16,1.6429745687847603,1.8339285714285714
G2,W0034F0001T0006Z000C1N31.png,17,0.07665109669796069,0.07665109669796069
G2,W0034F0001T0006Z000C1N31.png,18,0.09987839828733971,0.09987839828733971
G2,W0034F0001T0006Z000C1N31.png,19,0.52712383478385,0.6892965673681156
G2,W0034F0001T0006Z000C1N31.png,20,0.0766032346285432,0.0766032346285432
G2,W0034F0001T0006Z000C1N31.png,21,0.08750892811593587,0.08750892811593587
G2,W0034F0001T0006Z000C1N31.png,22,0.08750892811593587,0.08750892811593587
G2,W0034F0001T0006Z000C1N31.png,23,0.07267220926874421,0.07267220926874421
G2,W0034F0001T0006Z000C1N31.png,24,0.08125,0.08125
G2,W0034F0001T0006Z000C1N31.png,25,0.04178358252466,0.04178358252466
G2,W0034F0001T0006Z000C1N31.png,26,0.0,0.0
G2,W0034F0001T0006Z000C1N31.png,27,0.0,0.0
G2,W0034F0001T0006Z000C1N31.png,28,0.11490485194281398,0.11490485194281398
G2,W0034F0001T0006Z000C1N31.png,29,0.48750000000000004,0.9750000000000001
G2,W0034F0001T0006Z000C1N31.png,30,0.0,0.0
G2,W0034F0001T0006Z000C1N31.png,31,0.08750892811593587,0.08750892811593587
G2,W0034F0001T0006Z000C1N31.png,32,0.040625,0.040625
G2,W0034F0001T0006Z000C1N31.png,33,0.11490485194281398,0.11490485194281398
G2,W0034F0001T0006Z000C1N31.png,34,0.03830161731427078,0.03830161731427078
G2,W0034F0001T0006Z000C1N31.png,35,0.9971339669067463,2.1970331630150133
G2,W0034F0001T0006Z000C1N31.png,36,0.036336104634371584,0.036336104634371584
G2,W0034F0001T0006Z000C1N31.png,37,0.09017776082112929,0.09017776082112929
G2,W0034F0001T0006Z000C1N31.png,38,0.04999999999999982,0.04999999999999982
G2,W0034F0001T0006Z000C1N31.png,39,0.8043339635996979,0.8043339635996979
G2,W0034F0001T0006Z000C1N31.png,40,0.08125,0.08125
G2,W0034F0001T0006Z000C1N31.png,41,0.8165523942160723,0.8165523942160723
G2,W0034F0001T0006Z000C1N31.png,42,0.09017776082112929,0.09017776082112929
G2,W0034F0001T0006Z000C1N31.png,43,0.07323776028286229,0.07323776028286229
G2,W0034F0001T0006Z000C1N31.png,44,0.08370029746612916,0.08370029746612916
G2,W0034F0001T0006Z000C1N31.png,45,0.8482749038489823,1.1633229613912037
G2,W0034F0001T0006Z000C1N31.png,46,0.978379559526874,0.978379559526874
G2,W0034F0001T0006Z000C1N31.png,47,0.032500000000000466,0.032500000000000466
G2,W0034F0001T0006Z000C1N31.png,48,0.08125,0.08125
G2,W0034F0001T0006Z000C1N31.png,49,0.30923292192132373,0.7198090024443992
G2,W0034F0001T0006Z000C1N31.png,50,0.5478768156274182,0.5478768156274182
G2,W0034F0001T0006Z000C1N31.png,51,0.08125,0.08125
G2,W0034F0001T0006Z000C1N31.png,52,0.08125,0.08125
G2,W0034F0001T0006Z000C1N31.png,53,0.040625,0.040625
G2,W0034F0001T0006Z000C1N31.png,54,0.0,0.0
G2,W0034F0001T0006Z000C1N31.png,55,0.07267220926874421,0.07267220926874421
G2,W0034F0001T0006Z000C1N31.png,56,0.07267220926874421,0.07267220926874421
G2,W0034F0001T0006Z000C1N31.png,57,0.08125,0.08125
G2,W0034F0001T0006Z000C1N31.png,58,0.06768069163659729,0.06768069163659729
G2,W0034F0001T0006Z000C1N31.png,59,1.6025004875194266,1.6025004875194266
G2,W0034F0001T0006Z000C1N31.png,60,0.07660323462854156,0.07660323462854156
G2,W0034F0001T0006Z000C1N31.png,61,1.1047875612784372,1.247010313598979
G2,W0034F0001T0006Z000C1N31.png,62,0.6132087735836778,0.6132087735836778
G2,W0034F0001T0006Z000C1N31.png,63,0.4501028633395979,0.4501028633395979
G2,W0034F0003T0006Z000C1N35.png,1,0.5138701197773617,1.0277402395547235
G2,W0034F0003T0006Z000C1N35.png,2,0.08125,0.08125
G2,W0034F0003T0006Z000C1N35.png,3,0.0383016173142716,0.0383016173142716
G2,W0034F0003T0006Z000C1N35.png,4,0.028726212985703495,0.028726212985703495
G2,W0034F0003T0006Z000C1N35.png,5,1.4469801527664432,1.8788963682172575
G2,W0034F0003T0006Z000C1N35.png,6,0.0,0.0
G2,W0034F0003T0006Z000C1N35.png,7,0.05745242597140699,0.05745242597140699
G2,W0034F0003T0006Z000C1N35.png,8,0.9425276709433141,0.9425276709433141
G2,W0034F0003T0006Z000C1N35.png,9,0.028726212985703495,0.028726212985703495
G2,W0034F0003T0006Z000C1N35.png,10,0.04642857142857242,0.04642857142857242
G2,W0034F0003T0006Z000C1N35.png,11,0.6345827861674157,0.9084026158592896
G2,W0034F0003T0006Z000C1N35.png,12,0.7665109669795991,0.9917826437783633
G2,W0034F0003T0006Z000C1N35.png,13,0.4900573945978165,0.5597153294309529
G2,W0034F0003T0006Z000C1N35.png,14,0.0,0.0
G2,W0034F0003T0006Z000C1N35.png,15,0.05922060518202259,0.05922060518202259
G2,W0034F0003T0006Z000C1N35.png,16,0.05745242597140699,0.05745242597140699
G2,W0034F0003T0006Z000C1N35.png,17,0.0,0.0
G2,W0034F0003T0006Z000C1N35.png,18,0.0,0.0
G2,W0034F0003T0006Z000C1N35.png,19,0.11490485194281398,0.11490485194281398
G2,W0034F0003T0006Z000C1N35.png,20,0.0203125,0.0203125
G2,W0034F0003T0006Z000C1N35.png,21,0.07886785713387255,0.07886785713387255
G2,W0034F0003T0006Z000C1N35.png,22,0.06958928570635821,0.06958928570635821
G2,W0034F0003T0006Z000C1N35.png,23,0.028726212985703495,0.028726212985703495
G2,W0034F0003T0006Z000C1N35.png,24,0.07267220926874421,0.07267220926874421
G2,W0034F0003T0006Z000C1N35.png,25,0.06697693811119823,0.06697693811119823
G2,W0034F0003T0006Z000C1N35.png,26,0.07660323462854238,0.07660323462854238
G2,W0034F0003T0006Z000C1N35.png,27,0.0,0.0
G2,W0034F0003T0006Z000C1N35.png,28,0.08125,0.08125
G2,W0034F0003T0006Z000C1N35.png,29,0.08125,0.08125
G2,W0034F0003T0006Z000C1N35.png,30,0.08500919067959599,0.08500919067959599
G2,W0034F0003T0006Z000C1N35.png,31,0.028726212985703495,0.028726212985703495
G2,W0034F0003T0006Z000C1N35.png,32,0.0541666666666659,0.0541666666666659
G2,W0034F0003T0006Z000C1N35.png,33,0.65,0.8285906709588275
G2,W0034F0003T0006Z000C1N35.png,34,0.0,0.0
G2,W0034F0003T0006Z000C1N35.png,35,0.027072276654638305,0.027072276654638305
G2,W0034F0003T0006Z000C1N35.png,36,0.07886785713387287,0.07886785713387287
G2,W0034F0003T0006Z000C1N35.png,37,0.040625,0.040625
G2,W0034F0003T0006Z000C1N35.png,38,0.0,0.0
G2,W0034F0003T0006Z000C1N35.png,39,0.08516788521995469,0.08516788521995469
G2,W0034F0003T0006Z000C1N35.png,40,0.0,0.0
G2,W0034F0003T0006Z000C1N35.png,41,0.0,0.0
G2,W0034F0003T0006Z000C1N35.png,42,0.0,0.0
G2,W0034F0003T0006Z000C1N35.png,43,0.08125,0.08125
G2,W0034F0003T0006Z000C1N35.png,44,0.08125,0.08125
G2,W0034F0003T0006Z000C1N35.png,45,0.08125,0.08125
G2,W0034F0003T0006Z000C1N35.png,46,0.08323199857278313,0.08323199857278313
G2,W0034F0003T0006Z000C1N35.png,47,0.04492949596243017,0.04492949596243017
G2,W0034F0003T0006Z000C1N35.png,48,0.06728908265624325,0.06728908265624325
G2,W0034F0003T0006Z000C1N35.png,49,0.08125,0.08125
G2,W0034F0003T0006Z000C1N35.png,50,0.08370029746612916,0.08370029746612916
G2,W0034F0003T0006Z000C1N35.png,51,0.08891329959954858,0.08891329959954858
G2,W0034F0003T0006Z000C1N35.png,52,0.07018738391943359,0.07018738391943359
G2,W0034F0003T0006Z000C1N35.png,53,0.05492832021214672,0.05492832021214672
G2,W0034F0003T0006Z000C1N35.png,54,0.07955357101448711,0.07955357101448711
G2,W0034F0003T0006Z000C1N35.png,55,0.028726212985703495,0.028726212985703495
G2,W0034F0003T0006Z000C1N35.png,56,0.0,0.0
G2,W0034F0003T0006Z000C1N35.png,57,0.08125,0.08125
G2,W0034F0003T0006Z000C1N35.png,58,0.040625,0.040625
G2,W0034F0003T0006Z000C1N35.png,59,0.08535789001466333,0.08535789001466333
G2,W0034F0003T0006Z000C1N35.png,60,2.5775594076567865,2.689853620552613
G2,W0034F0003T0006Z000C1N35.png,61,0.08125,0.08125
G2,W0034F0003T0006Z000C1N35.png,62,0.8772293029761379,1.007627163190831
G2,W0034F0003T0006Z000C1N35.png,63,0.11490485194281398,0.11490485194281398
G2,W0034F0003T0006Z000C1N35.png,64,0.07267220926874214,0.07267220926874214
G2,W0034F0002T0006Z000C1N26.png,1,0.04642857142857143,0.04642857142857143
G2,W0034F0002T0006Z000C1N26.png,2,0.05583372201357174,0.05583372201357174
G2,W0034F0002T0006Z000C1N26.png,3,0.06383602885711837,0.06383602885711837
G2,W0034F0002T0006Z000C1N26.png,4,0.09192388155425188,0.09192388155425188
G2,W0034F0002T0006Z000C1N26.png,5,0.22980970388562796,0.5138701197773617
G2,W0034F0002T0006Z000C1N26.png,6,0.04950310474005104,0.04950310474005104
G2,W0034F0002T0006Z000C1N26.png,7,0.8290316452694263,1.1094825627712341
G2,W0034F0002T0006Z000C1N26.png,8,0.11490485194281398,0.11490485194281398
G2,W0034F0002T0006Z000C1N26.png,9,1.044967520095987,1.2974810665499346
G2,W0034F0002T0006Z000C1N26.png,10,0.6700046641628699,1.7501785623187138
G2,W0034F0002T0006Z000C1N26.png,11,0.9224250948210135,2.555036556598663
G2,W0034F0002T0006Z000C1N26.png,12,0.9475296829123614,1.6730398979103878
G2,W0034F0002T0006Z000C1N26.png,13,1.161903408743601,1.4463869317198632
G2,W0034F0002T0006Z000C1N26.png,14,0.07323776028286229,1.6687185448814459
G2,W0034F0002T0006Z000C1N26.png,15,0.05745242597140699,0.05745242597140699
G2,W0034F0002T0006Z000C1N26.png,16,0.05709667997526293,0.1098276567970509
G2,W0034F0002T0006Z000C1N26.png,17,0.11490485194281398,0.11490485194281398
G2,W0034F0002T0006Z000C1N26.png,18,0.05709667997526293,0.05709667997526293
G2,W0034F0002T0006Z000C1N26.png,19,0.08125,0.08125
G2,W0034F0002T0006Z000C1N26.png,20,0.08125,0.08125
G2,W0034F0002T0006Z000C1N26.png,21,0.49422445558673034,0.7665109669795991
G2,W0034F0002T0006Z000C1N26.png,22,0.08125,0.08125
G2,W0034F0002T0006Z000C1N26.png,23,0.08125,0.08125
G2,W0034F0002T0006Z000C1N26.png,24,0.028726212985703495,0.028726212985703495
G2,W0034F0002T0006Z000C1N26.png,25,0.06958928570635851,0.06958928570635851
G2,W0034F0002T0006Z000C1N26.png,26,0.05156513040428759,0.05156513040428759
G2,W0034F0002T0006Z000C1N26.png,27,0.0,0.0
G2,W0034F0002T0006Z000C1N26.png,28,0.04642857142857242,0.04642857142857242
G2,W0034F0002T0006Z000C1N26.png,29,0.07660323462854156,0.07660323462854156
G2,W0034F0002T0006Z000C1N26.png,30,0.04642857142857242,0.04642857142857242
G2,W0034F0002T0006Z000C1N26.png,31,0.06731456008918203,0.06731456008918203
G2,W0034F0002T0006Z000C1N26.png,32,0.29295104113144915,0.33500233208143493
G2,W0034F0002T0006Z000C1N26.png,33,0.1625,1.9020137354919393
G2,W0034F0003T0006Z000C1N22.png,1,5.940147436091128,
G2,W0034F0003T0006Z000C1N22.png,2,8.457906457311113,
G2,W0034F0003T0006Z000C1N22.png,3,5.652859677266384,
G2,W0034F0003T0006Z000C1N22.png,4,2.9942857362503834,
G2,W0034F0003T0006Z000C1N22.png,5,4.503983576297271,
G2,W0034F0003T0006Z000C1N22.png,6,4.619832417144588,
G2,W0034F0003T0006Z000C1N22.png,7,6.270478949011791,
G2,W0034F0003T0006Z000C1N22.png,8,8.24290221112958,
G2,W0034F0003T0006Z000C1N22.png,9,3.0392101719670124,
G2,W0034F0003T0006Z000C1N22.png,10,9.151940230171272,
G2,W0034F0003T0006Z000C1N22.png,11,0.08125,
G2,W0034F0003T0006Z000C1N22.png,12,6.795497079357444,
G2,W0034F0003T0006Z000C1N22.png,13,2.0377396331474738,
G2,W0034F0003T0006Z000C1N22.png,14,1.2209881711947632,
G2,W0034F0003T0006Z000C1N22.png,15,4.1652018258422965,
G2,W0034F0003T0006Z000C1N22.png,16,5.615364861775608,
G2,W0034F0003T0006Z000C1N22.png,17,4.039867511922748,
G2,W0034F0003T0006Z000C1N22.png,18,5.370495932639741,
G2,W0034F0003T0006Z000C1N22.png,19,6.504568706878267,
G2,W0034F0003T0006Z000C1N22.png,20,7.271761521460945,
G2,W0034F0002T0006Z000C1N30.png,1,0.03830161731427078,0.03830161731427078
G2,W0034F0002T0006Z000C1N30.png,2,1.5423385811940842,2.1898559721290827
G2,W0034F0002T0006Z000C1N30.png,3,0.0,0.0
G2,W0034F0002T0006Z000C1N30.png,4,0.03830161731427242,0.03830161731427242
G2,W0034F0002T0006Z000C1N30.png,5,1.5995764477171777,2.162360917738317
G2,W0034F0002T0006Z000C1N30.png,6,2.3670588646430226,2.4212332069039793
G2,W0034F0002T0006Z000C1N30.png,7,0.3306635433582753,0.3306635433582753
G2,W0034F0002T0006Z000C1N30.png,8,0.4766803449215926,1.7647400614730484
G2,W0034F0002T0006Z000C1N30.png,9,0.14682003422210427,1.049018613285965
G2,W0034F0002T0006Z000C1N30.png,10,0.06768069163659848,0.06768069163659848
G2,W0034F0002T0006Z000C1N30.png,11,0.4142953354794138,0.897435582646465
G2,W0034F0002T0006Z000C1N30.png,12,0.14460096395083116,0.14460096395083116
G2,W0034F0002T0006Z000C1N30.png,13,0.0,2.8379404944431093
G2,W0034F0002T0006Z000C1N30.png,14,0.060909514923899,0.060909514923899
G2,W0034F0002T0006Z000C1N30.png,15,0.0,0.0
G2,W0034F0002T0006Z000C1N30.png,16,1.3400093283257397,2.0100139924886093
G2,W0034F0001T0006Z000C1N7.png,1,9.923140921025228,
G2,W0034F0001T0006Z000C1N7.png,2,15.614857020338835,
G2,W0034F0001T0006Z000C1N7.png,3,11.025832665580761,
G2,W0034F0001T0006Z000C1N7.png,4,3.4778627796232686,
G2,W0034F0001T0006Z000C1N7.png,5,7.375264070021933,
G2,W0034F0001T0006Z000C1N7.png,6,11.055375530709032,
G2,W0034F0001T0006Z000C1N7.png,7,8.504899782625307,
G2,W0034F0001T0006Z000C1N7.png,8,1.380175043820239,
G2,W0034F0001T0006Z000C1N7.png,9,4.687216658103186,
G2,W0034F0001T0006Z000C1N7.png,10,3.831884916576813,
G2,W0034F0001T0006Z000C1N7.png,11,3.0951703861641864,
G2,W0034F0002T0006Z000C1N25.png,1,0.0,0.0
G2,W0034F0002T0006Z000C1N25.png,2,0.041783582524659406,0.041783582524659406
G2,W0034F0002T0006Z000C1N25.png,3,0.03250000000000003,0.03250000000000003
G2,W0034F0002T0006Z000C1N25.png,4,0.07660323462854293,0.07660323462854293
G2,W0034F0002T0006Z000C1N25.png,5,0.08125,0.08125
G2,W0034F0002T0006Z000C1N25.png,6,0.01835250427776317,0.01835250427776317
G2,W0034F0002T0006Z000C1N25.png,7,0.07657196161861342,0.07657196161861342
G2,W0034F0002T0006Z000C1N25.png,8,0.17044525453906617,0.17044525453906617
G2,W0034F0002T0006Z000C1N25.png,9,0.060909514923897165,0.060909514923897165
G2,W0034F0002T0006Z000C1N25.png,10,0.07660323462854299,0.07660323462854299
G2,W0034F0002T0006Z000C1N25.png,11,0.018168052317186052,0.018168052317186052
G2,W0034F0002T0006Z000C1N25.png,12,0.03249999999999988,0.03249999999999988
G2,W0034F0002T0006Z000C1N25.png,13,0.05709667997526239,0.05709667997526239
G2,W0034F0002T0006Z000C1N25.png,14,0.07267220926874395,0.07267220926874395
G2,W0034F0002T0006Z000C1N25.png,15,0.07660323462854197,0.07660323462854197
G2,W0034F0002T0006Z000C1N25.png,16,0.07267220926874395,0.07267220926874395
G2,W0034F0002T0006Z000C1N25.png,17,0.07274086512653846,0.07274086512653846
G2,W0034F0002T0006Z000C1N25.png,18,1.1050000000000002,1.482584314634416
G2,W0034F0002T0006Z000C1N25.png,19,2.0714766773970688,2.4563851743975333
G2,W0034F0002T0006Z000C1N25.png,20,0.0695892857063571,0.0695892857063571
G2,W0034F0002T0006Z000C1N25.png,21,0.07660323462854238,0.12112034878123792
G2,W0034F0002T0006Z000C1N25.png,22,0.0494224455586725,0.0494224455586725
G2,W0034F0002T0006Z000C1N25.png,23,0.0,0.0
G2,W0034F0002T0006Z000C1N25.png,24,0.24375000000000002,0.24375000000000002
G2,W0034F0002T0006Z000C1N25.png,25,0.07660323462854156,0.07660323462854156
G2,W0034F0002T0006Z000C1N25.png,26,0.07323776028286229,0.07323776028286229
G2,W0034F0002T0006Z000C1N25.png,27,0.11490485194281398,0.11490485194281398
G2,W0034F0002T0006Z000C1N25.png,28,0.08125,0.08125
G2,W0034F0002T0006Z000C1N25.png,29,0.7392311367976264,0.7392311367976264
G2,W0034F0002T0006Z000C1N25.png,30,0.1684673045044067,0.1684673045044067
G2,W0034F0002T0006Z000C1N25.png,31,0.06958928570635742,0.06958928570635742
G2,W0034F0002T0006Z000C1N25.png,32,0.18168052317185793,0.18168052317185793
G2,W0034F0002T0006Z000C1N25.png,33,0.08750892811593565,0.08750892811593565
G2,W0034F0002T0006Z000C1N25.png,34,0.09459160805298615,0.09459160805298615
G2,W0034F0002T0006Z000C1N25.png,35,0.07886785713387287,0.07886785713387287
G2,W0034F0002T0006Z000C1N25.png,36,0.028260869565217374,0.028260869565217374
G2,W0034F0002T0006Z000C1N25.png,37,0.3468358961942785,0.5757995648564594
G2,W0034F0002T0006Z000C1N25.png,38,0.05871341946267574,0.05871341946267574
G2,W0034F0002T0006Z000C1N25.png,39,0.6700046641628699,0.8750892811593569
G2,W0034F0002T0006Z000C1N25.png,40,0.07886785713387287,0.07886785713387287
G2,W0034F0002T0006Z000C1N25.png,41,0.6776247835064944,1.6891838306972078
G2,W0034F0002T0006Z000C1N25.png,42,0.08125,0.08125
G2,W0034F0002T0006Z000C1N25.png,43,0.06768069163659729,0.06768069163659729
G2,W0034F0002T0006Z000C1N25.png,44,0.044194173824157836,0.044194173824157836
G2,W0034F0002T0006Z000C1N25.png,45,0.01915080865713621,0.01915080865713621
G2,W0034F0002T0006Z000C1N25.png,46,0.04642857142857242,0.04642857142857242
G2,W0034F0001T0006Z000C1N3.png,1,0.08370029746612823,0.08370029746612823
G2,W0034F0001T0006Z000C1N3.png,2,0.0,0.0
G2,W0034F0001T0006Z000C1N3.png,3,0.07323776028286229,0.07323776028286229
G2,W0034F0001T0006Z000C1N3.png,4,0.03852255966710653,0.03852255966710653
G2,W0034F0001T0006Z000C1N3.png,5,0.08125,0.08125
G2,W0034F0001T0006Z000C1N3.png,6,0.0,0.0
G2,W0034F0001T0006Z000C1N3.png,7,0.07660323462854217,0.07660323462854217
G2,W0034F0001T0006Z000C1N3.png,8,0.08125,0.08125
G2,W0034F0001T0006Z000C1N3.png,9,0.03028008719530948,0.03028008719530948
G2,W0034F0001T0006Z000C1N3.png,10,0.07660323462854197,0.22333488805428917
G2,W0034F0001T0006Z000C1N3.png,11,0.07432197775591769,0.07432197775591769
G2,W0034F0001T0006Z000C1N3.png,12,0.08125,0.08125
G2,W0034F0001T0006Z000C1N3.png,13,0.08125,0.08125
G2,W0034F0001T0006Z000C1N3.png,14,0.08125,0.08125
G2,W0034F0001T0006Z000C1N3.png,15,0.0541666666666659,0.0541666666666659
G2,W0034F0001T0006Z000C1N3.png,16,1.3101168840985142,1.3101168840985142
G2,W0034F0001T0006Z000C1N3.png,17,0.11490485194281398,1.1996418736439638
G2,W0034F0001T0006Z000C1N3.png,18,0.05709667997526293,0.05709667997526293
G2,W0034F0001T0006Z000C1N3.png,19,0.02795084971874753,0.02795084971874753
G2,W0034F0001T0006Z000C1N3.png,20,0.12112034878123948,1.3190445300376412
G2,W0034F0001T0006Z000C1N3.png,21,0.07267220926874421,3.9390750817926783
G2,W0034F0001T0006Z000C1N3.png,22,0.2055480479109454,3.770560303191026
G2,W0034F0001T0006Z000C1N3.png,23,1.120690530710865,4.934390832780172
G2,W0034F0001T0006Z000C1N3.png,24,1.3126339217390353,4.36411592564863
G2,W0034F0001T0006Z000C1N3.png,25,1.350132010328064,3.94470632719503
G2,W0034F0001T0006Z000C1N3.png,26,3.5997407796333842,6.781117190199726
G2,W0034F0001T0006Z000C1N3.png,27,2.885233146991763,6.310044695760878
G2,W0034F0001T0006Z000C1N3.png,28,0.5591511423577704,2.652485862356292
G2,W0034F0001T0006Z000C1N3.png,29,1.8188731940903833,3.199302936502557
G2,W0034F0001T0006Z000C1N3.png,30,0.9224250948210133,4.578605516117567
G2,W0034F0001T0006Z000C1N3.png,31,1.4973053213385186,2.3134374142719065
G2,W0034F0001T0006Z000C1N3.png,32,0.047794117647059,0.047794117647059
G2,W0034F0001T0006Z000C1N3.png,33,1.395987553669444,1.395987553669444
G2,W0034F0001T0006Z000C1N3.png,34,1.4898910666974954,5.203965772910598
G2,W0034F0001T0006Z000C1N3.png,35,1.14904851942814,2.1862139076494778
G2,W0034F0001T0006Z000C1N3.png,36,0.06770833333333272,0.06770833333333272
G2,W0034F0001T0006Z000C1N3.png,37,2.2764504304948088,2.4388537907180905
G2,W0034F0001T0006Z000C1N3.png,38,1.4189702472215546,1.9984857548904371
G2,W0034F0001T0006Z000C1N3.png,39,0.978379559526874,1.9175688546959664
G2,W0034F0001T0006Z000C1N3.png,40,0.08125,0.08125
G2,W0034F0001T0006Z000C1N3.png,41,0.5138701197773617,1.397877855894427
G2,W0034F0001T0006Z000C1N3.png,42,0.07660323462854238,0.07660323462854238
G2,W0034F0001T0006Z000C1N3.png,43,0.06770833333333456,0.06770833333333456
G2,W0034F0001T0006Z000C1N3.png,44,2.0158443571422446,2.9796590502196
G2,W0034F0001T0006Z000C1N3.png,45,0.08125,0.08125
G2,W0034F0001T0006Z000C1N3.png,46,7.630581973218033,7.9939430195617485
G2,W0034F0002T0006Z000C1N9.png,1,0.12999999999999953,0.12999999999999953
G2,W0034F0002T0006Z000C1N9.png,2,0.07267220926874421,0.07267220926874421
G2,W0034F0002T0006Z000C1N9.png,3,0.08370029746612852,0.08370029746612852
G2,W0034F0002T0006Z000C1N9.png,4,0.08022916975111809,0.08022916975111809
G2,W0034F0002T0006Z000C1N9.png,5,0.07267220926874421,0.07267220926874421
G2,W0034F0002T0006Z000C1N9.png,6,0.07267220926874421,0.07267220926874421
G2,W0034F0002T0006Z000C1N9.png,7,0.08125,0.08125
G2,W0034F0002T0006Z000C1N9.png,8,0.4659592852981421,0.4659592852981421
G2,W0034F0002T0006Z000C1N9.png,9,0.05922060518202259,0.05922060518202259
G2,W0034F0002T0006Z000C1N9.png,10,0.05709667997526184,0.05709667997526184
G2,W0034F0002T0006Z000C1N9.png,11,0.05553602434456318,0.05553602434456318
G2,W0034F0002T0006Z000C1N9.png,12,0.049244936546918874,0.049244936546918874
G2,W0034F0002T0006Z000C1N9.png,13,0.6388707726900106,0.6875350720571584
G2,W0034F0002T0006Z000C1N9.png,14,0.07851812248042613,0.07851812248042613
G2,W0034F0002T0006Z000C1N9.png,15,0.2333606220654971,0.2333606220654971
G2,W0034F0002T0006Z000C1N9.png,16,0.07905694150421066,0.07905694150421066
G2,W0034F0002T0006Z000C1N9.png,17,0.02595436045312182,0.02595436045312182
G2,W0034F0002T0006Z000C1N9.png,18,2.151207872916981,2.3450163245700444
G2,W0034F0002T0006Z000C1N9.png,19,0.1625,0.1625
G2,W0034F0002T0006Z000C1N9.png,20,0.05340002340823428,0.05340002340823428
G2,W0034F0002T0006Z000C1N9.png,21,1.7629398584309246,1.8924875238103365
G2,W0034F0002T0006Z000C1N9.png,22,0.2253469547164995,0.2253469547164995
G2,W0034F0002T0006Z000C1N9.png,23,1.625,1.625
G2,W0034F0002T0006Z000C1N9.png,24,1.1718041645257966,1.1718041645257966
G2,W0034F0002T0006Z000C1N9.png,25,0.07267220926874421,0.07267220926874421
G2,W0034F0002T0006Z000C1N9.png,26,0.10182580664035547,0.10182580664035547
G2,W0034F0002T0006Z000C1N9.png,27,0.07905694150421066,0.07905694150421066
G2,W0034F0002T0006Z000C1N9.png,28,1.0931069538247389,1.0931069538247389
G2,W0034F0002T0006Z000C1N9.png,29,0.04642857142857242,0.04642857142857242
G2,W0034F0002T0006Z000C1N9.png,30,0.1625,0.1625
G2,W0034F0002T0006Z000C1N9.png,31,0.0,0.0
G2,W0034F0002T0006Z000C1N9.png,32,1.63425250496978,1.63425250496978
G2,W0034F0002T0006Z000C1N9.png,33,0.05450415695155944,0.05450415695155944
G2,W0034F0002T0006Z000C1N9.png,34,0.0766032346285432,0.0766032346285432
G2,W0034F0002T0006Z000C1N9.png,35,0.028726212985703495,0.028726212985703495
G2,W0034F0002T0006Z000C1N9.png,36,0.04642857142857011,0.04642857142857011
G2,W0034F0002T0006Z000C1N9.png,37,1.390775974950675,1.390775974950675
G2,W0034F0002T0006Z000C1N9.png,38,0.0,0.0
G2,W0034F0003T0006Z000C1N26.png,1,1.8040427690329297,25.53280442024534
G2,W0034F0003T0006Z000C1N26.png,2,0.9524224786333655,23.68374002588106
G2,W0034F0003T0006Z000C1N26.png,3,2.6012692214570947,24.744993969740626
G2,W0034F0003T0006Z000C1N26.png,4,2.591098041854071,20.483542364847445
G2,W0034F0003T0006Z000C1N26.png,5,4.6488059332411655,19.250956616041606
G2,W0034F0003T0006Z000C1N26.png,6,0.5039425241057168,18.81547930930888
G2,W0034F0003T0006Z000C1N26.png,7,0.9272828671042078,11.200202722077176
G2,W0034F0003T0006Z000C1N26.png,8,2.4647321383649166,11.906629295504063
G2,W0034F0003T0006Z000C1N26.png,9,2.1125000000000007,11.837542238573006
G2,W0034F0003T0006Z000C1N26.png,10,4.561753173275479,7.311998439589244
G2,W0034F0003T0006Z000C1N26.png,11,5.04183075855975,5.793162093435357
G2,W0034F0003T0006Z000C1N26.png,12,5.043844048591072,10.34303003936483
G2,W0034F0003T0006Z000C1N26.png,13,4.098194748338895,4.305579252006924
G2,W0034F0003T0006Z000C1N26.png,14,3.842437659659209,3.9987912714535443
G2,W0034F0003T0006Z000C1N26.png,15,2.6606447737803878,3.1387396932917024
G2,W0034F0003T0006Z000C1N26.png,16,2.195254113992273,2.368824207280903
G2,W0034F0003T0006Z000C1N26.png,17,6.775295196520961,12.658322361197788
G2,W0034F0003T0006Z000C1N26.png,18,1.1092931307819403,1.135176197777243
G2,W0034F0003T0006Z000C1N26.png,19,0.09558823529411663,0.09558823529411663
G2,W0034F0002T0006Z000C1N20.png,1,5.8170460716758985,5.8170460716758985
G2,W0034F0002T0006Z000C1N20.png,2,3.8724024514630897,3.8724024514630897
G2,W0034F0002T0006Z000C1N20.png,3,0.08125,0.08125
G2,W0034F0002T0006Z000C1N20.png,4,2.3660357140161685,2.3660357140161685
G2,W0034F0002T0006Z000C1N20.png,5,3.5809023017018924,6.313827254776411
G2,W0034F0002T0006Z000C1N20.png,6,7.076683766072919,7.076683766072919
G2,W0034F0002T0006Z000C1N20.png,7,4.134098654322786,10.387582270849819
G2,W0034F0002T0006Z000C1N20.png,8,10.227177335413717,10.227177335413717
G2,W0034F0002T0006Z000C1N20.png,9,10.210704018945021,10.210704018945021
G2,W0034F0002T0006Z000C1N20.png,10,8.567066038487885,8.567066038487885
G2,W0034F0002T0006Z000C1N20.png,11,3.3737099675746434,3.3737099675746434
G2,W0034F0002T0006Z000C1N20.png,12,2.5653979783242367,11.402880530849496
G2,W0034F0002T0006Z000C1N20.png,13,0.32143650146178576,0.32143650146178576
G2,W0034F0002T0006Z000C1N20.png,14,0.8636993472846903,10.239111976265326
G2,W0034F0002T0006Z000C1N20.png,15,0.5675880988886205,1.31614968753558
G2,W0034F0002T0006Z000C1N20.png,16,0.07905694150420847,0.07905694150420847
G2,W0034F0002T0006Z000C1N22.png,1,0.08125,0.08125
G2,W0034F0002T0006Z000C1N22.png,2,0.04642857142857011,0.04642857142857011
G2,W0034F0002T0006Z000C1N22.png,3,0.07886785713387261,0.07886785713387261
G2,W0034F0002T0006Z000C1N22.png,4,0.05709667997526266,0.05709667997526266
G2,W0034F0002T0006Z000C1N22.png,5,0.06056017439062064,0.06056017439062064
G2,W0034F0002T0006Z000C1N22.png,6,0.040625,0.040625
G2,W0034F0002T0006Z000C1N22.png,7,0.0,0.0
G2,W0034F0002T0006Z000C1N22.png,8,0.06353990254065617,0.06353990254065617
G2,W0034F0002T0006Z000C1N22.png,9,0.08125,0.08125
G2,W0034F0002T0006Z000C1N22.png,10,0.08125,0.08125
G2,W0034F0002T0006Z000C1N22.png,11,0.04110960958218805,0.04110960958218805
G2,W0034F0002T0006Z000C1N22.png,12,0.06090951492389731,0.06090951492389731
G2,W0034F0002T0006Z000C1N22.png,13,0.08125,0.08125
G2,W0034F0002T0006Z000C1N22.png,14,1.3101168840985142,1.4534441853748634
G2,W0034F0002T0006Z000C1N22.png,15,1.5963092197315656,2.195254113992273
G2,W0034F0002T0006Z000C1N22.png,16,0.0,0.0
G2,W0034F0002T0006Z000C1N22.png,17,0.11490485194281398,0.11490485194281398
G2,W0034F0002T0006Z000C1N22.png,18,0.01816805231718476,0.01816805231718476
G2,W0034F0002T0006Z000C1N22.png,19,0.05608972391540406,0.05608972391540406
G2,W0034F0002T0006Z000C1N22.png,20,0.04308931947855524,0.04308931947855524
G2,W0034F0002T0006Z000C1N22.png,21,0.032500000000000466,0.032500000000000466
G2,W0034F0002T0006Z000C1N22.png,22,0.05859020822628983,0.05859020822628983
G2,W0034F0002T0006Z000C1N22.png,23,0.03255011568127209,0.03255011568127209
G2,W0034F0002T0006Z000C1N22.png,24,0.0,0.0
G2,W0034F0002T0006Z000C1N22.png,25,0.057352941176470384,0.057352941176470384
G2,W0034F0002T0006Z000C1N22.png,26,0.07886785713387287,0.07886785713387287
G2,W0034F0002T0006Z000C1N22.png,27,0.06090951492389675,0.06090951492389675
G2,W0034F0002T0006Z000C1N22.png,28,0.0541666666666659,0.0541666666666659
G2,W0034F0002T0006Z000C1N22.png,29,0.08838834764831895,0.08838834764831895
G2,W0034F0002T0006Z000C1N22.png,30,0.06768069163659729,0.06768069163659729
G2,W0034F0002T0006Z000C1N22.png,31,0.4142953354794138,1.1547794702885916
G2,W0034F0002T0006Z000C1N22.png,32,0.08113738733326738,0.08113738733326738
G2,W0034F0002T0006Z000C1N22.png,33,0.032500000000000466,0.032500000000000466
G2,W0034F0002T0006Z000C1N22.png,34,0.08750892811593587,0.08750892811593587
G2,W0034F0002T0006Z000C1N22.png,35,0.11490485194281398,0.11490485194281398
G2,W0034F0002T0006Z000C1N22.png,36,0.05737279679111259,0.05737279679111259
G2,W0034F0002T0006Z000C1N22.png,37,0.20948075454430978,0.20948075454430978
G2,W0034F0002T0006Z000C1N22.png,38,0.325,0.45961940777125593
G2,W0034F0002T0006Z000C1N22.png,39,0.08812799848882832,0.08812799848882832
G2,W0034F0002T0006Z000C1N22.png,40,0.04811784305302357,0.04811784305302357
G2,W0034F0002T0006Z000C1N22.png,41,0.09288733343012118,0.09288733343012118
G2,W0034F0002T0006Z000C1N22.png,42,0.5859020822628983,0.9884489111734607
G2,W0034F0002T0006Z000C1N22.png,43,0.7660323462854273,1.0887365256214305
G2,W0034F0002T0006Z000C1N22.png,44,0.8285906709588275,1.0900831390311476
G2,W0034F0002T0006Z000C1N22.png,45,1.1449816675875517,1.315706065551783
G2,W0034F0002T0006Z000C1N22.png,46,0.11490485194281398,0.11490485194281398
G2,W0034F0002T0006Z000C1N22.png,47,0.07300104447424759,0.07300104447424759
G2,W0034F0002T0006Z000C1N22.png,48,0.05709667997526385,0.10982765679704967
G2,W0034F0002T0006Z000C1N22.png,49,0.08750892811593569,0.08750892811593569
G2,W0034F0002T0006Z000C1N22.png,50,0.057096679975264034,0.057096679975264034
G2,W0034F0002T0006Z000C1N22.png,51,0.08125,0.08125
G2,W0034F0002T0006Z000C1N22.png,52,0.0,0.0
G2,W0034F0003T0006Z000C1N24.png,1,1.713941086137285,6.930690677683029
G2,W0034F0003T0006Z000C1N24.png,2,0.5478768156274191,1.9505526427771436
G2,W0034F0003T0006Z000C1N24.png,3,2.171284187209564,6.319596973223786
G2,W0034F0003T0006Z000C1N24.png,4,2.1465997822137224,2.368824207280903
G2,W0034F0003T0006Z000C1N24.png,5,0.0,0.0
G2,W0034F0003T0006Z000C1N24.png,6,0.18168052317185793,4.670991764336563
G2,W0034F0003T0006Z000C1N24.png,7,1.4898910666974954,6.859853343230087
G2,W0034F0003T0006Z000C1N24.png,8,0.24375000000000002,4.445050794141728
G2,W0034F0003T0006Z000C1N24.png,9,3.0335751391716017,4.545645237477294
G2,W0034F0003T0006Z000C1N24.png,10,2.076711307662165,6.3514137897084915
G2,W0034F0003T0006Z000C1N24.png,11,1.3953831674589514,4.509395332786992
G2,W0034F0003T0006Z000C1N24.png,12,0.05735294117647154,0.05735294117647154
G2,W0034F0003T0006Z000C1N24.png,13,0.9479650285282153,2.2297537437601713
G2,W0034F0003T0006Z000C1N24.png,14,0.4484925502191112,0.5039425241057178
G2,W0034F0003T0006Z000C1N24.png,15,0.0,3.5786912761511016
G2,W0034F0003T0006Z000C1N24.png,16,0.08549671678675741,0.08549671678675741
G2,W0034F0003T0006Z000C1N24.png,17,1.5184742705530545,4.515558995174691
G2,W0034F0003T0006Z000C1N24.png,18,0.4431706519585543,2.352495493765279
G2,W0034F0003T0006Z000C1N24.png,19,0.17385435209911093,0.17385435209911093
G2,W0034F0003T0006Z000C1N24.png,20,1.2639533713709536,1.4937630752565816
G2,W0034F0003T0006Z000C1N24.png,21,1.996246477767713,3.8767133309028665
G2,W0034F0003T0006Z000C1N24.png,22,2.535208324773331,4.64306606672789
G2,W0034F0003T0006Z000C1N24.png,23,2.391015082553851,2.8817990257823323
G2,W0034F0003T0006Z000C1N24.png,24,2.2304189068423903,2.2304189068423903
G2,W0034F0003T0006Z000C1N24.png,25,2.4976238708020086,2.4976238708020086
G2,W0034F0003T0006Z000C1N18.png,1,5.530304185969293,10.775100518095586
G2,W0034F0003T0006Z000C1N18.png,2,4.476401149503418,10.878295778153387
G2,W0034F0003T0006Z000C1N18.png,3,4.97419905612954,5.724522359987774
G2,W0034F0003T0006Z000C1N18.png,4,0.8125,4.812305190862276
G2,W0034F0003T0006Z000C1N18.png,5,1.7936575209658505,9.077122198510056
G2,W0034F0003T0006Z000C1N18.png,6,1.8894774409873223,3.861897202153367
G2,W0034F0003T0006Z000C1N18.png,7,1.8040427690329297,3.9845649464527497
G2,W0034F0003T0006Z000C1N18.png,8,0.3678750212368326,1.0033634841123131
G2,W0034F0003T0006Z000C1N18.png,9,0.1625,0.1625
G2,W0034F0003T0006Z000C1N18.png,10,0.8039151050785585,4.834719857790763
G2,W0034F0003T0006Z000C1N18.png,11,0.4844813951249548,3.0741671184602533
G2,W0034F0003T0006Z000C1N18.png,12,0.6187815648514426,2.289462955585873
G2,W0034F0003T0006Z000C1N18.png,13,0.9084026158592896,2.476459481295828
G2,W0034F0003T0006Z000C1N18.png,14,0.07708051796660499,0.07708051796660499
G2,W0034F0003T0006Z000C1N18.png,15,0.06423376497217022,0.06423376497217022
G2,W0034F0003T0006Z000C1N18.png,16,0.19969683655634612,2.531315349370597
G2,W0034F0003T0006Z000C1N18.png,17,0.8165523942160723,4.318496736423452
G2,W0034F0003T0006Z000C1N18.png,18,2.296979636694433,5.569758450901519
G2,W0034F0003T0006Z000C1N25.png,1,0.56875,0.56875
G2,W0034F0003T0006Z000C1N25.png,2,0.48750000000000004,0.48750000000000004
G2,W0034F0003T0006Z000C1N25.png,3,0.08125,0.08125
G2,W0034F0003T0006Z000C1N25.png,4,0.1625,0.1625
G2,W0034F0003T0006Z000C1N25.png,5,0.032500000000000466,0.032500000000000466
G2,W0034F0003T0006Z000C1N25.png,6,0.11718041645258034,0.11718041645258034
G2,W0034F0003T0006Z000C1N25.png,7,0.0,0.0
G2,W0034F0003T0006Z000C1N25.png,8,0.06988425425191923,0.06988425425191923
G2,W0034F0003T0006Z000C1N25.png,9,0.06090951492389787,0.06090951492389787
G2,W0034F0003T0006Z000C1N25.png,10,0.08125,0.08125
G2,W0034F0003T0006Z000C1N25.png,11,0.06532419153728555,0.06532419153728555
G2,W0034F0003T0006Z000C1N25.png,12,0.08125,0.08125
G2,W0034F0003T0006Z000C1N25.png,13,0.07847188080336426,0.07847188080336426
G2,W0034F0003T0006Z000C1N25.png,14,0.9581686127119199,1.0796507232138943
G2,W0034F0003T0006Z000C1N25.png,15,0.07660323462854156,0.07660323462854156
G2,W0034F0003T0006Z000C1N25.png,16,0.0,0.0
G2,W0034F0003T0006Z000C1N25.png,17,0.11490485194281398,0.11490485194281398
G2,W0034F0003T0006Z000C1N25.png,18,0.07660323462854238,0.07660323462854238
G2,W0034F0003T0006Z000C1N25.png,19,0.11490485194281398,0.11490485194281398
G2,W0034F0003T0006Z000C1N25.png,20,1.21875,1.21875
G2,W0034F0003T0006Z000C1N25.png,21,0.7437784407635365,0.7437784407635365
G2,W0034F0003T0006Z000C1N25.png,22,0.11652255028919542,0.11652255028919542
G2,W0034F0003T0006Z000C1N25.png,23,0.2569350598886809,0.2569350598886809
