group,image,pbody_id,distance_to_nucleus_um,distance_to_mitochondria_um
G3,W0056F0003T0006Z000C1N51.png,1,0.054164488148863155,0.054164488148863155
G3,W0056F0003T0006Z000C1N51.png,2,0.07134171306238575,0.07134171306238575
G3,W0056F0003T0006Z000C1N51.png,3,0.06443348072599818,0.06443348072599818
G3,W0056F0003T0006Z000C1N51.png,4,0.08125,0.08125
G3,W0056F0003T0006Z000C1N51.png,5,0.036497990555328735,0.036497990555328735
G3,W0056F0003T0006Z000C1N51.png,6,0.0541666666666659,0.0541666666666659
G3,W0056F0003T0006Z000C1N51.png,7,0.0,0.0
G3,W0056F0003T0006Z000C1N51.png,8,0.10350788299886754,0.10350788299886754
G3,W0056F0003T0006Z000C1N51.png,9,0.07660323462854217,0.07660323462854217
G3,W0056F0003T0006Z000C1N51.png,10,0.054166666666666766,0.054166666666666766
G3,W0056F0003T0006Z000C1N51.png,11,0.0,0.0
G3,W0056F0003T0006Z000C1N51.png,12,0.0,0.0
G3,W0056F0003T0006Z000C1N51.png,13,0.0,0.0
G3,W0056F0003T0006Z000C1N51.png,14,0.0,0.0
G3,W0056F0003T0006Z000C1N51.png,15,0.0,0.0
G3,W0056F0003T0006Z000C1N51.png,16,0.0,0.0
G3,W0056F0003T0006Z000C1N51.png,17,0.04605958221067058,0.04605958221067058
G3,W0056F0003T0006Z000C1N51.png,18,0.0,0.0
G3,W0056F0003T0006Z000C1N51.png,19,0.04596194077712625,0.04596194077712625
G3,W0056F0003T0006Z000C1N51.png,20,0.08125,0.08125
G3,W0056F0003T0006Z000C1N51.png,21,0.11490485194281398,0.11490485194281398
G3,W0056F0003T0006Z000C1N51.png,22,0.05416666666666705,0.05416666666666705
G3,W0056F0003T0006Z000C1N51.png,23,0.0,0.0
G3,W0056F0003T0006Z000C1N51.png,24,0.0,0.0
G3,W0056F0003T0006Z000C1N51.png,25,0.0,0.0
G3,W0056F0003T0006Z000C1N51.png,26,0.0,0.0
G3,W0056F0003T0006Z000C1N51.png,27,0.0,0.0
G3,W0056F0003T0006Z000C1N51.png,28,0.0,0.0
G3,W0056F0003T0006Z000C1N51.png,29,0.0,0.0
G3,W0056F0003T0006Z000C1N51.png,30,0.0,0.0
G3,W0056F0003T0006Z000C1N51.png,31,0.0,0.0
G3,W0056F0003T0006Z000C1N51.png,32,0.0856069470470483,0.0856069470470483
G3,W0056F0003T0006Z000C1N51.png,33,0.05416666666666705,0.05416666666666705
G3,W0056F0003T0006Z000C1N51.png,34,0.0,0.0
G3,W0056F0003T0006Z000C1N51.png,35,0.0,0.0
G3,W0056F0003T0006Z000C1N51.png,36,0.0,0.0
G3,W0056F0003T0006Z000C1N51.png,37,0.0,0.0
G3,W0056F0003T0006Z000C1N51.png,38,0.06500000000000093,0.06500000000000093
G3,W0056F0003T0006Z000C1N51.png,39,0.0,0.0
G3,W0056F0003T0006Z000C1N51.png,40,0.0,0.0
G3,W0056F0003T0006Z000C1N51.png,41,0.04414043295189379,0.04414043295189379
G3,W0056F0003T0006Z000C1N51.png,42,0.0,0.0
G3,W0056F0003T0006Z000C1N51.png,43,0.0,0.0
G3,W0056F0003T0006Z000C1N51.png,44,0.0,0.0
G3,W0056F0003T0006Z000C1N51.png,45,0.0,0.0
G3,W0056F0003T0006Z000C1N51.png,46,0.0,0.0
G3,W0056F0003T0006Z000C1N51.png,47,0.08125,0.08125
G3,W0056F0003T0006Z000C1N51.png,48,0.040625,0.040625
G3,W0056F0003T0006Z000C1N51.png,49,0.03402900997658502,0.03402900997658502
G3,W0056F0003T0006Z000C1N51.png,50,0.0,0.0
G3,W0056F0003T0006Z000C1N51.png,51,0.07267220926874317,0.07267220926874317
G3,W0056F0003T0006Z000C1N51.png,52,0.07028335853238427,0.07028335853238427
G3,W0056F0003T0006Z000C1N51.png,53,0.0,0.0
G3,W0056F0003T0006Z000C1N51.png,54,0.009558823529412308,0.009558823529412308
G3,W0056F0003T0006Z000C1N51.png,55,0.032829957697945916,0.032829957697945916
G3,W0056F0003T0006Z000C1N51.png,56,0.0,0.0
G3,W0056F0003T0006Z000C1N51.png,57,0.0,0.0
G3,W0056F0003T0006Z000C1N51.png,58,0.0,0.0
G3,W0056F0003T0006Z000C1N51.png,59,0.0,0.0
G3,W0056F0003T0006Z000C1N51.png,60,0.0,0.0
G3,W0056F0003T0006Z000C1N51.png,61,0.0,0.0
G3,W0056F0003T0006Z000C1N51.png,62,0.07660323462854238,0.07660323462854238
G3,W0056F0003T0006Z000C1N51.png,63,0.02708333333333295,0.02708333333333295
G3,W0056F0003T0006Z000C1N51.png,64,0.0,0.0
G3,W0056F0003T0006Z000C1N51.png,65,0.11490485194281398,0.11490485194281398
G3,W0056F0003T0006Z000C1N51.png,66,0.0,0.0
G3,W0056F0003T0006Z000C1N51.png,67,0.0,0.0
G3,W0056F0003T0006Z000C1N51.png,68,0.04513888888888902,0.04513888888888902
G3,W0056F0003T0006Z000C1N51.png,69,0.07101689683859426,0.07101689683859426
G3,W0056F0003T0006Z000C1N51.png,70,0.0,0.0
G3,W0056F0003T0006Z000C1N51.png,71,0.0,0.0
G3,W0056F0003T0006Z000C1N51.png,72,0.0,0.0
G3,W0056F0003T0006Z000C1N51.png,73,0.06056017439061896,0.06056017439061896
G3,W0056F0003T0006Z000C1N51.png,74,0.07267220926874421,0.07267220926874421
G3,W0056F0003T0006Z000C1N51.png,75,0.0,0.0
G3,W0056F0003T0006Z000C1N51.png,76,0.0,0.0
G3,W0056F0003T0006Z000C1N51.png,77,0.05688360287991417,0.05688360287991417
G3,W0056F0003T0006Z000C1N51.png,78,0.0,0.0
G3,W0056F0003T0006Z000C1N51.png,79,0.07532642463262056,0.07532642463262056
G3,W0056F0003T0006Z000C1N51.png,80,0.08125,0.08125
G3,W0056F0003T0006Z000C1N51.png,81,0.0,0.0
G3,W0056F0003T0006Z000C1N51.png,82,0.0,0.0
G3,W0056F0003T0006Z000C1N51.png,83,0.06189210914803224,0.06189210914803224
G3,W0056F0003T0006Z000C1N51.png,84,0.0,0.0
G3,W0056F0003T0006Z000C1N51.png,85,0.11490485194281398,0.11490485194281398
G3,W0056F0003T0006Z000C1N51.png,86,0.0,0.0
G3,W0056F0003T0006Z000C1N51.png,87,0.08361193141798474,0.08361193141798474
G3,W0056F0003T0006Z000C1N51.png,88,0.1130580020224825,0.1130580020224825
G3,W0056F0003T0006Z000C1N51.png,89,0.040625,0.040625
G3,W0056F0003T0006Z000C1N51.png,90,0.054166666666666766,0.054166666666666766
G3,W0056F0003T0006Z000C1N51.png,91,0.1015625,0.1015625
G3,W0056F0002T0006Z000C1N80.png,1,0.04631962664465177,0.04631962664465177
G3,W0056F0002T0006Z000C1N80.png,2,3.531167097158237,21.889867861206845
G3,W0056F0002T0006Z000C1N80.png,3,0.12118212912128415,0.12118212912128415
G3,W0056F0002T0006Z000C1N80.png,4,7.408109529802833,14.459495630515224
G3,W0056F0002T0006Z000C1N80.png,5,2.7169861775299657,4.095587479905117
G3,W0056F0001T0006Z000C1N27.png,1,0.10183797517001456,0.10183797517001456
G3,W0056F0001T0006Z000C1N27.png,2,0.3447145558284419,4.307016441227036
G3,W0056F0001T0006Z000C1N27.png,3,2.3266459227824074,5.161773556637292
G3,W0056F0001T0006Z000C1N27.png,4,7.132164610726471,15.426308001470675
G3,W0056F0001T0006Z000C1N27.png,5,4.109731812126191,22.372312449042948
G3,W0056F0001T0006Z000C1N33.png,1,0.08029912567053893,0.08029912567053893
G3,W0056F0001T0006Z000C1N33.png,2,0.0,1.8168052317185792
G3,W0056F0001T0006Z000C1N33.png,3,1.1368549758483313,8.128267398577496
G3,W0056F0001T0006Z000C1N33.png,4,1.3452666905995119,7.2101169807938135
G3,W0056F0001T0006Z000C1N33.png,5,1.636245808924264,9.338763766182092
G3,W0056F0002T0006Z000C1N68.png,1,0.148643955511835,17.60471087594199
G3,W0056F0002T0006Z000C1N68.png,2,1.4103992075809237,18.863035660190064
G3,W0056F0002T0006Z000C1N68.png,3,0.6345827861674157,5.587377655260114
G3,W0056F0002T0006Z000C1N68.png,4,0.026587393634906385,0.026587393634906385
G3,W0056F0002T0006Z000C1N68.png,5,3.2314037412383,7.651378643021719
G3,W0056F0002T0006Z000C1N68.png,6,10.71872317375976,21.3256529652051
G3,W0056F0002T0006Z000C1N68.png,7,10.14494996368267,16.11092439202745
G3,W0056F0002T0006Z000C1N68.png,8,15.697533643856286,22.71189666232215
G3,W0056F0001T0006Z000C1N25.png,1,7.756317838755642,
G3,W0056F0001T0006Z000C1N25.png,2,2.254010314971961,
G3,W0056F0001T0006Z000C1N25.png,3,3.1503096410190916,
G3,W0056F0001T0006Z000C1N25.png,4,0.29295104113144915,
G3,W0056F0001T0006Z000C1N25.png,5,1.6025004875194266,
G3,W0056F0001T0006Z000C1N31.png,1,0.14252192813739117,0.14252192813739117
G3,W0056F0001T0006Z000C1N31.png,2,4.609301670791478,5.992856895284677
G3,W0056F0001T0006Z000C1N31.png,3,0.9061250002850212,7.575014815032358
G3,W0056F0001T0006Z000C1N31.png,4,0.8261704872457286,4.234876354722215
G3,W0056F0001T0006Z000C1N31.png,5,1.7009109589504618,13.556397404556927
G3,W0056F0001T0006Z000C1N19.png,1,4.425755460516884,4.425755460516884
G3,W0056F0001T0006Z000C1N19.png,2,0.2619927566471836,0.2619927566471836
G3,W0056F0001T0006Z000C1N19.png,3,0.3790118731649448,3.45418586645247
G3,W0056F0001T0006Z000C1N19.png,4,0.1837130596371695,0.1837130596371695
G3,W0056F0001T0006Z000C1N19.png,5,0.9263925328930496,1.5458866792232864
G3,W0056F0001T0006Z000C1N19.png,6,0.11490485194281398,11.7613409365174
G3,W0056F0001T0006Z000C1N19.png,7,2.5922570691971822,12.97123900011471
G3,W0056F0001T0006Z000C1N19.png,8,1.8705154703984674,11.788252229444364
G3,W0056F0001T0006Z000C1N19.png,9,1.0938824091219685,16.613514946282
G3,W0056F0001T0006Z000C1N18.png,1,9.603875427415156,
G3,W0056F0001T0006Z000C1N18.png,2,3.4340681442022922,
G3,W0056F0001T0006Z000C1N18.png,3,1.8898267943121139,
G3,W0056F0001T0006Z000C1N18.png,4,9.712602959557236,
G3,W0056F0001T0006Z000C1N18.png,5,1.474792444753512,
G3,W0056F0001T0006Z000C1N30.png,1,0.12359082820596012,0.12359082820596012
G3,W0056F0001T0006Z000C1N30.png,2,5.204520739973327,5.49752474485677
G3,W0056F0001T0006Z000C1N30.png,3,1.2457165474067569,10.318403088280697
G3,W0056F0003T0006Z000C1N47.png,1,10.700007246457396,
G3,W0056F0003T0006Z000C1N47.png,2,6.385366112496997,
G3,W0056F0003T0006Z000C1N47.png,3,5.366979189916802,
G3,W0056F0003T0006Z000C1N47.png,4,11.729427108994395,
G3,W0056F0003T0006Z000C1N47.png,5,6.0055327979174535,
G3,W0056F0003T0006Z000C1N47.png,6,6.667513046825768,
G3,W0056F0003T0006Z000C1N53.png,1,4.5144367242193795,10.035127404726154
G3,W0056F0003T0006Z000C1N53.png,2,0.7490879871550471,6.63121465589073
G3,W0056F0003T0006Z000C1N53.png,3,4.498774053232901,8.179520292851656
G3,W0056F0003T0006Z000C1N53.png,4,2.3647902013246314,16.181424000880796
G3,W0056F0003T0006Z000C1N53.png,5,3.322542435504965,17.628031485526023
G3,W0056F0003T0006Z000C1N57.png,1,0.06768069163659673,0.06768069163659673
G3,W0056F0003T0006Z000C1N57.png,2,0.10982765679705118,2.7465817700831496
G3,W0056F0003T0006Z000C1N57.png,3,1.9119531755416987,5.9341227911737
G3,W0056F0003T0006Z000C1N57.png,4,0.6101101532614049,8.411870231286354
G3,W0056F0003T0006Z000C1N57.png,5,0.8125,8.095697159602748
G3,W0056F0003T0006Z000C1N57.png,6,2.5959867262474106,7.858518312827733
G3,W0056F0003T0006Z000C1N57.png,7,2.5448247115469464,3.7348496037323913
G3,W0056F0003T0006Z000C1N43.png,1,1.8644396621790287,4.515455500711557
G3,W0056F0003T0006Z000C1N43.png,2,0.08375058302035873,0.08375058302035873
G3,W0056F0003T0006Z000C1N43.png,3,0.08125,2.373000803307913
G3,W0056F0003T0006Z000C1N43.png,4,0.09750563632685431,0.09750563632685431
G3,W0056F0003T0006Z000C1N43.png,5,0.04193548387096655,0.04193548387096655
G3,W0056F0003T0006Z000C1N43.png,6,0.060185185185184585,0.060185185185184585
G3,W0056F0003T0006Z000C1N43.png,7,0.37959631741829414,1.7536211432910842
G3,W0056F0003T0006Z000C1N43.png,8,0.21809587121776647,0.21809587121776647
G3,W0056F0003T0006Z000C1N43.png,9,3.3926429678641346,8.702300058455695
G3,W0056F0003T0006Z000C1N43.png,10,0.07660323462854156,2.1097203935329643
G3,W0056F0003T0006Z000C1N43.png,11,0.9884489111734607,1.4715000849473303
G3,W0056F0001T0006Z000C1N20.png,1,0.08670897404856932,0.08670897404856932
G3,W0056F0001T0006Z000C1N20.png,2,1.3836376422315202,1.3836376422315202
G3,W0056F0001T0006Z000C1N20.png,3,4.2272737265597975,13.15734134248789
G3,W0056F0001T0006Z000C1N20.png,4,0.46595928529814234,11.95219136695118
G3,W0056F0001T0006Z000C1N20.png,5,0.07267220926874421,11.655000268125265
G3,W0056F0001T0006Z000C1N20.png,6,0.08125,7.618893558942795
G3,W0056F0001T0006Z000C1N20.png,7,1.8705154703984674,9.123908325109367
G3,W0056F0001T0006Z000C1N20.png,8,1.0174678924705707,8.250747942256686
G3,W0056F0001T0006Z000C1N20.png,9,0.26040092545017607,2.0754466461136007
G3,W0056F0001T0006Z000C1N20.png,10,0.0585902082262897,3.4222746912689512
G3,W0056F0001T0006Z000C1N20.png,11,0.24967220245290836,0.24967220245290836
G3,W0056F0001T0006Z000C1N20.png,12,1.0143703670318587,1.0896718503808145
G3,W0056F0001T0006Z000C1N20.png,13,4.937699294696437,5.172759111426482
G3,W0056F0003T0006Z000C1N2.png,1,5.6418452077582355,
G3,W0056F0003T0006Z000C1N2.png,2,7.753310784755117,
G3,W0056F0003T0006Z000C1N2.png,3,2.817823836374358,
G3,W0056F0003T0006Z000C1N2.png,4,5.4736140176798,
G3,W0056F0003T0006Z000C1N2.png,5,2.9122321336047365,
G3,W0056F0003T0006Z000C1N2.png,6,2.649390920677222,
G3,W0056F0003T0006Z000C1N2.png,7,2.7600494875598365,
G3,W0056F0003T0006Z000C1N26.png,1,6.819352011902956,
G3,W0056F0003T0006Z000C1N26.png,2,11.000265482740339,
G3,W0056F0001T0006Z000C1N51.png,1,13.726441465744136,18.786328348362808
G3,W0056F0001T0006Z000C1N51.png,2,9.492546546707382,13.194200108528984
G3,W0056F0001T0006Z000C1N51.png,3,0.8062579101019974,11.296350273259655
G3,W0056F0001T0006Z000C1N51.png,4,2.067847528899986,12.387358881918473
G3,W0056F0001T0006Z000C1N51.png,5,4.883794151323333,8.114023836081577
G3,W0056F0001T0006Z000C1N51.png,6,2.9541945814383994,9.16433729873579
G3,W0056F0001T0006Z000C1N51.png,7,0.036443449342783096,0.036443449342783096
G3,W0056F0001T0006Z000C1N51.png,8,0.14831255020674455,0.37745877678738393
G3,W0056F0001T0006Z000C1N51.png,9,2.1702844551873732,7.730211074884132
G3,W0056F0001T0006Z000C1N51.png,10,0.05583372201357436,0.18418657980579436
G3,W0056F0001T0006Z000C1N51.png,11,3.157130330245115,6.896886101305127
G3,W0056F0002T0006Z000C1N21.png,1,0.0816552394216074,0.0816552394216074
G3,W0056F0002T0006Z000C1N21.png,2,1.627029982053189,1.627029982053189
G3,W0056F0002T0006Z000C1N21.png,3,5.4921814312046076,21.214541879013712
G3,W0056F0002T0006Z000C1N21.png,4,2.815755060814062,15.418030485846758
G3,W0056F0002T0006Z000C1N21.png,5,4.889669944890118,11.03667331600639
G3,W0056F0002T0006Z000C1N21.png,6,7.154153623071005,20.32370940705707
G3,W0056F0002T0006Z000C1N6.png,1,5.1575131291657765,
G3,W0056F0002T0006Z000C1N6.png,2,1.2023341722394383,
G3,W0056F0002T0006Z000C1N6.png,3,3.128220259191695,
G3,W0056F0002T0006Z000C1N6.png,4,5.379037247457356,
G3,W0056F0002T0006Z000C1N6.png,5,10.795877757852766,
G3,W0056F0003T0006Z000C1N31.png,1,5.084184917294394,7.720785399318823
G3,W0056F0003T0006Z000C1N31.png,2,1.797070937316546,6.906670495824606
G3,W0056F0003T0006Z000C1N31.png,3,0.22980970388562796,13.328962825366421
G3,W0056F0003T0006Z000C1N31.png,4,0.18083317658854045,0.18083317658854045
G3,W0056F0003T0006Z000C1N31.png,5,4.148240711551894,8.38122032439051
G3,W0056F0003T0006Z000C1N31.png,6,1.274596661040392,2.0768922327870496
G3,W0056F0003T0006Z000C1N31.png,7,2.8852331469917645,5.228486426538755
G3,W0056F0001T0006Z000C1N46.png,1,1.3745523390009788,3.7755878715122235
G3,W0056F0001T0006Z000C1N46.png,2,1.9340331641562978,8.489337823169118
G3,W0056F0001T0006Z000C1N46.png,3,1.9974284248753444,2.2662196633380445
G3,W0056F0001T0006Z000C1N46.png,4,1.3102412957491536,6.415289053657311
G3,W0056F0001T0006Z000C1N46.png,5,2.7625,14.297229845323184
G3,W0056F0001T0006Z000C1N46.png,6,1.919220626322049,11.525924651085482
G3,W0056F0001T0006Z000C1N46.png,7,0.34465789197405566,11.22205035020339
G3,W0056F0001T0006Z000C1N46.png,8,1.4767825488532,12.640422274732515
G3,W0056F0001T0006Z000C1N52.png,1,3.3668274569689496,
G3,W0056F0001T0006Z000C1N52.png,2,0.6328947368421048,
G3,W0056F0001T0006Z000C1N52.png,3,3.1980497616253616,
G3,W0056F0001T0006Z000C1N52.png,4,3.0973162666339955,
G3,W0056F0001T0006Z000C1N52.png,5,4.348061315923598,
G3,W0056F0001T0006Z000C1N47.png,1,0.48970589361870853,5.217588239868717
G3,W0056F0001T0006Z000C1N47.png,2,3.8247957461804414,6.928676821731549
G3,W0056F0001T0006Z000C1N47.png,3,5.757362454167391,6.453401636910341
G3,W0056F0001T0006Z000C1N47.png,4,0.0666531275634428,0.0666531275634428
G3,W0056F0001T0006Z000C1N47.png,5,2.594656181939976,8.22394158140107
G3,W0056F0001T0006Z000C1N47.png,6,1.5869526557807117,9.863257495330306
G3,W0056F0001T0006Z000C1N47.png,7,3.3393255774931556,13.661495903176197
G3,W0056F0003T0006Z000C1N24.png,1,0.026915633062497203,0.026915633062497203
G3,W0056F0003T0006Z000C1N24.png,2,1.3745523390009788,10.22087855413454
G3,W0056F0003T0006Z000C1N24.png,3,0.061175014259209244,0.061175014259209244
G3,W0056F0003T0006Z000C1N24.png,4,0.9217001952912908,1.7169194797660159
G3,W0056F0003T0006Z000C1N24.png,5,1.2202984118475941,1.8152563664890349
G3,W0056F0003T0006Z000C1N24.png,6,0.5138701197773617,2.1862139076494778
G3,W0056F0003T0006Z000C1N24.png,7,1.1173721438323492,2.3801188668452045
G3,W0056F0003T0006Z000C1N24.png,8,0.025954360453123437,0.025954360453123437
G3,W0056F0002T0006Z000C1N5.png,1,7.411140263144397,20.78094830608074
G3,W0056F0002T0006Z000C1N5.png,2,3.918973306813136,11.872088138971755
G3,W0056F0002T0006Z000C1N5.png,3,4.337258638817842,13.576289073233527
G3,W0056F0002T0006Z000C1N5.png,4,3.214700272110322,4.346928903842543
G3,W0056F0002T0006Z000C1N26.png,1,3.6336104634371584,
G3,W0056F0002T0006Z000C1N26.png,2,7.126211215275775,
G3,W0056F0002T0006Z000C1N26.png,3,2.550681524547786,
G3,W0056F0002T0006Z000C1N26.png,4,1.229754737970634,
G3,W0056F0001T0006Z000C1N56.png,1,2.6869367191608755,4.958988850777616
G3,W0056F0001T0006Z000C1N56.png,2,2.6213043181067324,16.330896295920965
G3,W0056F0001T0006Z000C1N56.png,3,0.2030664915735752,0.2030664915735752
G3,W0056F0003T0006Z000C1N23.png,1,7.393105130607992,8.888946397383414
G3,W0056F0003T0006Z000C1N23.png,2,2.8480648469651997,6.648798457380607
G3,W0056F0003T0006Z000C1N37.png,1,0.07892857142857145,0.07892857142857145
G3,W0056F0003T0006Z000C1N37.png,2,0.8165523942160723,3.4289040249764935
G3,W0056F0003T0006Z000C1N37.png,3,3.056555455083386,4.052086653811837
G3,W0056F0003T0006Z000C1N37.png,4,2.8443484303376168,4.77755224912968
G3,W0056F0003T0006Z000C1N37.png,5,0.11490485194281398,4.276251644255749
G3,W0056F0003T0006Z000C1N37.png,6,0.18168052317185793,0.6550584420492571
G3,W0056F0003T0006Z000C1N37.png,7,1.4625000000000001,2.1680204104205294
G3,W0056F0003T0006Z000C1N37.png,8,0.028726212985703495,0.028726212985703495
G3,W0056F0003T0006Z000C1N37.png,9,0.09053109547009629,0.09053109547009629
G3,W0056F0003T0006Z000C1N37.png,10,0.013711737597875582,0.013711737597875582
G3,W0056F0003T0006Z000C1N37.png,11,0.09317900566922599,0.09317900566922599
G3,W0056F0003T0006Z000C1N37.png,12,0.038047360050406806,0.038047360050406806
G3,W0056F0003T0006Z000C1N37.png,13,0.07660323462854238,0.07660323462854238
G3,W0056F0003T0006Z000C1N37.png,14,0.18168052317185793,0.18168052317185793
G3,W0056F0003T0006Z000C1N37.png,15,0.06589659407823152,0.06589659407823152
G3,W0056F0003T0006Z000C1N37.png,16,1.0576223783353433,1.8112898656782261
G3,W0056F0003T0006Z000C1N37.png,17,0.11274794760918233,0.11274794760918233
G3,W0056F0003T0006Z000C1N37.png,18,1.105894330739263,2.195555853549473
G3,W0056F0003T0006Z000C1N37.png,19,0.07371585838730989,0.07371585838730989
G3,W0056F0003T0006Z000C1N37.png,20,0.009316949906248057,0.009316949906248057
G3,W0056F0003T0006Z000C1N37.png,21,0.17342194588286516,0.17342194588286516
G3,W0056F0003T0006Z000C1N37.png,22,0.0,0.0
G3,W0056F0001T0006Z000C1N8.png,1,5.150123698772131,
G3,W0056F0001T0006Z000C1N8.png,2,5.146154135822249,
G3,W0056F0002T0006Z000C1N18.png,1,2.518231101915203,8.145647743940769
G3,W0056F0002T0006Z000C1N18.png,2,4.093481636406394,11.816882203137784
G3,W0056F0002T0006Z000C1N18.png,3,0.4191963629454504,0.4191963629454504
G3,W0056F0002T0006Z000C1N18.png,4,1.4224552387509424,2.2376963950120667
G3,W0056F0002T0006Z000C1N18.png,5,0.07267220926874421,0.5859020822628974
G3,W0056F0002T0006Z000C1N18.png,6,2.343608329051593,3.0660438679183963
G3,W0056F0003T0006Z000C1N22.png,1,10.08294167843021,
G3,W0056F0003T0006Z000C1N22.png,2,10.239982605811058,
G3,W0056F0003T0006Z000C1N22.png,3,3.4897797208419914,
G3,W0056F0003T0006Z000C1N22.png,4,6.077417928738779,
G3,W0056F0003T0006Z000C1N22.png,5,8.537001356115079,
G3,W0056F0003T0006Z000C1N22.png,6,7.826761065441452,
G3,W0056F0003T0006Z000C1N22.png,7,3.849002875249713,
G3,W0056F0003T0006Z000C1N13.png,1,0.028726212985703495,15.109032280239278
G3,W0056F0003T0006Z000C1N13.png,2,0.4011476879888771,9.656639134611762
G3,W0056F0003T0006Z000C1N13.png,3,1.0341436674853257,3.3950446425636294
G3,W0056F0003T0006Z000C1N13.png,4,2.052171666258484,5.88748458378149
G3,W0056F0003T0006Z000C1N13.png,5,5.06242851887121,8.50508305174111
G3,W0056F0003T0006Z000C1N13.png,6,0.07566931363181591,0.07566931363181591
G3,W0056F0003T0006Z000C1N13.png,7,1.3180555555555555,1.3180555555555555
G3,W0056F0003T0006Z000C1N13.png,8,6.184686704554051,8.48358007467883
G3,W0056F0003T0006Z000C1N13.png,9,6.532115971299039,6.7913530730260225
G3,W0056F0001T0006Z000C1N5.png,1,6.196337083153775,8.681095039419422
G3,W0056F0001T0006Z000C1N5.png,2,3.9679625202993036,6.26257796857652
G3,W0056F0001T0006Z000C1N5.png,3,4.060874674869935,6.665471898147947
G3,W0056F0001T0006Z000C1N5.png,4,1.587295002056556,5.998618664167542
G3,W0056F0001T0006Z000C1N5.png,5,0.29295104113144915,13.192808469484426
G3,W0056F0001T0006Z000C1N5.png,6,0.12187500000000001,17.379952363013686
G3,W0056F0002T0006Z000C1N28.png,1,0.8168770604718975,16.481838648560675
G3,W0056F0002T0006Z000C1N28.png,2,0.8840498654153037,14.684870721021424
G3,W0056F0002T0006Z000C1N28.png,3,5.0704166495466625,10.931794226017978
G3,W0056F0002T0006Z000C1N28.png,4,5.064503094105169,8.563406452869264
G3,W0056F0002T0006Z000C1N28.png,5,2.8344490756582665,4.46875
G3,W0056F0003T0006Z000C1N38.png,1,6.127822063920453,13.103833681534589
G3,W0056F0003T0006Z000C1N38.png,2,0.2623456689179377,17.38595572581502
G3,W0056F0003T0006Z000C1N38.png,3,1.5970364924900358,12.424507862452112
G3,W0056F0003T0006Z000C1N38.png,4,0.17806902086543963,0.17806902086543963
G3,W0056F0003T0006Z000C1N10.png,1,5.742284941211283,
G3,W0056F0003T0006Z000C1N10.png,2,7.046768984790122,
G3,W0056F0003T0006Z000C1N10.png,3,0.7267220926874317,
G3,W0056F0003T0006Z000C1N10.png,4,9.279762914013737,
G3,W0056F0003T0006Z000C1N10.png,5,7.244019623972592,
G3,W0056F0003T0006Z000C1N39.png,1,0.7910633666148372,
G3,W0056F0003T0006Z000C1N39.png,2,4.711254624713983,
G3,W0056F0003T0006Z000C1N39.png,3,2.1293875171271393,
G3,W0056F0003T0006Z000C1N39.png,4,5.921694300705872,
G3,W0056F0003T0006Z000C1N39.png,5,1.9350468340585463,
G3,W0056F0003T0006Z000C1N39.png,6,2.2484596050596886,
G3,W0056F0003T0006Z000C1N39.png,7,3.5741917054003847,
G3,W0056F0003T0006Z000C1N39.png,8,2.238728712908287,
G3,W0056F0003T0006Z000C1N39.png,9,6.888884596022779,
G3,W0056F0003T0006Z000C1N15.png,1,1.9148303321314561,17.201442342987157
G3,W0056F0003T0006Z000C1N15.png,2,0.8124999999999999,13.158687719525837
G3,W0056F0003T0006Z000C1N15.png,3,3.65625,11.56521758604221
G3,W0056F0003T0006Z000C1N15.png,4,5.108264551653392,6.412182053419912
G3,W0056F0003T0006Z000C1N15.png,5,1.8545657342084156,9.01142720730185
G3,W0056F0003T0006Z000C1N15.png,6,1.6025004875194266,7.320169589053249
G3,W0056F0003T0006Z000C1N15.png,7,1.3681853287886814,2.3641593944359354
G3,W0056F0003T0006Z000C1N15.png,8,0.028726212985703495,0.028726212985703495
G3,W0056F0003T0006Z000C1N15.png,9,1.839913381113361,6.727578501957447
G3,W0056F0003T0006Z000C1N15.png,10,2.2434418312049007,9.392443771457991
G3,W0056F0003T0006Z000C1N15.png,11,1.2283754515619403,9.425629952422279
G3,W0056F0003T0006Z000C1N15.png,12,6.557746955997075,10.23907615732765
G3,W0056F0001T0006Z000C1N3.png,1,7.239921160516449,
G3,W0056F0001T0006Z000C1N3.png,2,2.66278204198635,
G3,W0056F0001T0006Z000C1N3.png,3,4.558074308987295,
G3,W0056F0001T0006Z000C1N3.png,4,1.7811953983754496,
G3,W0056F0001T0006Z000C1N3.png,5,4.0827619710803615,
G3,W0056F0001T0006Z000C1N3.png,6,5.507384011928377,
G3,W0056F0001T0006Z000C1N48.png,1,0.0,0.0
G3,W0056F0001T0006Z000C1N48.png,2,0.0,0.0
G3,W0056F0001T0006Z000C1N48.png,3,0.0,0.0
G3,W0056F0001T0006Z000C1N48.png,4,0.0,0.0
G3,W0056F0001T0006Z000C1N48.png,5,0.0,0.0
G3,W0056F0001T0006Z000C1N48.png,6,0.0,0.0
G3,W0056F0001T0006Z000C1N48.png,7,0.07341001711105213,0.07341001711105213
G3,W0056F0001T0006Z000C1N48.png,8,0.0,0.0
G3,W0056F0001T0006Z000C1N48.png,9,0.0,0.22980970388562796
G3,W0056F0001T0006Z000C1N48.png,10,0.0,0.0
G3,W0056F0001T0006Z000C1N48.png,11,0.07379572130071065,0.07379572130071065
G3,W0056F0001T0006Z000C1N48.png,12,0.0,0.0
G3,W0056F0001T0006Z000C1N48.png,13,0.0,0.0
G3,W0056F0001T0006Z000C1N48.png,14,0.0,0.0
G3,W0056F0001T0006Z000C1N48.png,15,0.08370029746612852,0.08370029746612852
G3,W0056F0001T0006Z000C1N48.png,16,0.0,0.0
G3,W0056F0001T0006Z000C1N48.png,17,0.0,0.0
G3,W0056F0001T0006Z000C1N48.png,18,0.08125,0.08125
G3,W0056F0001T0006Z000C1N48.png,19,0.011210229457835112,0.011210229457835112
G3,W0056F0001T0006Z000C1N48.png,20,0.0,0.0
G3,W0056F0001T0006Z000C1N48.png,21,0.0,0.0
G3,W0056F0001T0006Z000C1N48.png,22,0.0,0.0
G3,W0056F0001T0006Z000C1N48.png,23,0.0,0.0
G3,W0056F0001T0006Z000C1N48.png,24,0.11490485194281398,0.11490485194281398
G3,W0056F0001T0006Z000C1N48.png,25,0.0,0.0
G3,W0056F0001T0006Z000C1N48.png,26,0.15418475849023616,0.15418475849023616
G3,W0056F0001T0006Z000C1N48.png,27,0.0541666666666659,0.0541666666666659
G3,W0056F0001T0006Z000C1N48.png,28,0.0,0.0
G3,W0056F0001T0006Z000C1N48.png,29,0.0671295282956683,0.0671295282956683
G3,W0056F0001T0006Z000C1N48.png,30,0.0,0.0
G3,W0056F0001T0006Z000C1N48.png,31,0.0,0.0
G3,W0056F0001T0006Z000C1N48.png,32,0.0724725599649534,0.0724725599649534
G3,W0056F0001T0006Z000C1N48.png,33,0.045961940777125836,0.045961940777125836
G3,W0056F0001T0006Z000C1N48.png,34,0.09765034704381595,0.09765034704381595
G3,W0056F0001T0006Z000C1N48.png,35,0.0,0.0
G3,W0056F0001T0006Z000C1N48.png,36,0.0,0.0
G3,W0056F0001T0006Z000C1N48.png,37,0.08125,0.08125
G3,W0056F0001T0006Z000C1N48.png,38,0.06261725833297824,0.06261725833297824
G3,W0056F0001T0006Z000C1N48.png,39,0.08125,0.08125
G3,W0056F0001T0006Z000C1N48.png,40,0.0,0.0
G3,W0056F0001T0006Z000C1N48.png,41,0.08125,0.08125
G3,W0056F0001T0006Z000C1N48.png,42,0.04986998331117635,0.04986998331117635
G3,W0056F0001T0006Z000C1N48.png,43,0.08125,0.08125
G3,W0056F0001T0006Z000C1N48.png,44,0.08125,0.08125
G3,W0056F0001T0006Z000C1N48.png,45,0.05634248703266107,0.05634248703266107
G3,W0056F0001T0006Z000C1N48.png,46,0.08074689918749264,0.08074689918749264
G3,W0056F0001T0006Z000C1N48.png,47,0.0,0.0
G3,W0056F0001T0006Z000C1N48.png,48,0.09084026158592896,0.09084026158592896
G3,W0056F0001T0006Z000C1N48.png,49,0.0,0.0
G3,W0056F0001T0006Z000C1N48.png,50,0.0,0.0
G3,W0056F0001T0006Z000C1N48.png,51,0.0,0.0
G3,W0056F0001T0006Z000C1N48.png,52,0.0,0.0
G3,W0056F0001T0006Z000C1N48.png,53,0.0,0.0
G3,W0056F0001T0006Z000C1N48.png,54,0.0,0.0
G3,W0056F0001T0006Z000C1N48.png,55,0.0,0.0
G3,W0056F0001T0006Z000C1N48.png,56,0.08125,0.08125
G3,W0056F0001T0006Z000C1N48.png,57,0.06599428147426825,0.06599428147426825
G3,W0056F0001T0006Z000C1N48.png,58,0.05038911092686594,0.05038911092686594
G3,W0056F0001T0006Z000C1N48.png,59,0.0766032346285432,0.0766032346285432
G3,W0056F0001T0006Z000C1N48.png,60,0.05356158211454626,0.05356158211454626
G3,W0056F0001T0006Z000C1N48.png,61,0.040625,0.040625
G3,W0056F0001T0006Z000C1N48.png,62,0.09751500346242722,0.09751500346242722
G3,W0056F0001T0006Z000C1N48.png,63,0.05190872090624364,0.05190872090624364
G3,W0056F0003T0006Z000C1N70.png,1,0.024621212121212474,0.024621212121212474
G3,W0056F0003T0006Z000C1N70.png,2,10.349597809914906,16.29064186671153
G3,W0056F0003T0006Z000C1N70.png,3,2.2014473671648327,8.051201950476308
G3,W0056F0003T0006Z000C1N70.png,4,5.6898209550037695,9.913831877735268
G3,W0056F0003T0006Z000C1N70.png,5,6.269426060254639,7.069216938600768
G3,W0056F0003T0006Z000C1N70.png,6,3.3351934110577814,6.563831173369451
G3,W0056F0003T0006Z000C1N70.png,7,7.7133000496707,8.371297549140754
G3,W0056F0003T0006Z000C1N70.png,8,0.16533177167913765,0.16533177167913765
G3,W0056F0002T0006Z000C1N76.png,1,0.07284482758620729,0.07284482758620729
G3,W0056F0002T0006Z000C1N76.png,2,2.1050258044763908,2.453142720204696
G3,W0056F0002T0006Z000C1N76.png,3,5.037519774066238,5.8206028875116
G3,W0056F0002T0006Z000C1N76.png,4,5.445751140805297,8.282494478001341
G3,W0056F0002T0006Z000C1N76.png,5,7.388951613528561,10.37738617829629
G3,W0056F0002T0006Z000C1N76.png,6,0.0,0.0
G3,W0056F0002T0006Z000C1N88.png,1,4.584784989201247,
G3,W0056F0002T0006Z000C1N88.png,2,3.2508755995245626,
G3,W0056F0002T0006Z000C1N88.png,3,4.629489685148673,
G3,W0056F0003T0006Z000C1N65.png,1,1.2892467762224578,
G3,W0056F0003T0006Z000C1N65.png,2,4.667590110940699,
G3,W0056F0003T0006Z000C1N65.png,3,4.023310981020483,
G3,W0056F0002T0006Z000C1N49.png,1,1.4161086526750193,4.277021051980489
G3,W0056F0002T0006Z000C1N49.png,2,1.0593703908454306,2.368824207280903
G3,W0056F0002T0006Z000C1N49.png,3,0.08750892811593587,0.08750892811593587
G3,W0056F0002T0006Z000C1N49.png,4,1.7360384988861808,4.291029304513736
G3,W0056F0002T0006Z000C1N49.png,5,0.9475296829123614,5.171994900422853
G3,W0056F0002T0006Z000C1N49.png,6,1.300190570569305,4.586044874585849
G3,W0056F0002T0006Z000C1N75.png,1,3.2752922102462856,
G3,W0056F0002T0006Z000C1N75.png,2,8.730502461216576,
G3,W0056F0002T0006Z000C1N75.png,3,4.088098362968856,
G3,W0056F0002T0006Z000C1N75.png,4,8.633079187057188,
G3,W0056F0003T0006Z000C1N67.png,1,0.043387519019190586,0.043387519019190586
G3,W0056F0003T0006Z000C1N67.png,2,0.055239378063922324,0.055239378063922324
G3,W0056F0003T0006Z000C1N67.png,3,1.4977262741726005,1.8226540870166144
G3,W0056F0003T0006Z000C1N67.png,4,0.7886785713387228,1.4124938544605738
G3,W0056F0003T0006Z000C1N67.png,5,0.021411254990723282,0.021411254990723282
G3,W0056F0003T0006Z000C1N67.png,6,0.3302497213093936,0.3302497213093936
G3,W0056F0003T0006Z000C1N67.png,7,2.708474143672466,9.03155320949651
G3,W0056F0002T0006Z000C1N61.png,1,1.9040257515327885,3.288327129788033
G3,W0056F0002T0006Z000C1N61.png,2,0.08750892811593587,0.08750892811593587
G3,W0056F0002T0006Z000C1N61.png,3,0.07267220926874421,0.07267220926874421
G3,W0056F0002T0006Z000C1N61.png,4,1.6750116604071748,3.3706511333123754
G3,W0056F0002T0006Z000C1N61.png,5,0.14422987535335532,0.14422987535335532
G3,W0056F0002T0006Z000C1N61.png,6,0.08651453484374182,0.08651453484374182
G3,W0056F0002T0006Z000C1N61.png,7,0.14210212773172115,0.14210212773172115
G3,W0056F0002T0006Z000C1N61.png,8,0.06987712429686882,0.06987712429686882
G3,W0056F0002T0006Z000C1N61.png,9,3.7695918254983782,4.132356188635375
G3,W0056F0002T0006Z000C1N61.png,10,1.9768978223469214,2.3266459227824074
G3,W0056F0002T0006Z000C1N61.png,11,1.9500000000000002,2.4157361714392573
G3,W0056F0002T0006Z000C1N61.png,12,0.8966314939260747,1.5878306271187208
G3,W0056F0002T0006Z000C1N61.png,13,0.658074843767789,2.8304869280743916
G3,W0056F0002T0006Z000C1N61.png,14,0.08617207121416344,0.08617207121416344
G3,W0056F0001T0006Z000C1N10.png,1,0.22932688002332927,0.22932688002332927
G3,W0056F0001T0006Z000C1N10.png,2,4.708568988383952,10.666150493221384
G3,W0056F0001T0006Z000C1N10.png,3,1.224529122226399,14.167308234553495
G3,W0056F0001T0006Z000C1N10.png,4,0.4050956783903268,15.445630257544307
G3,W0056F0001T0006Z000C1N38.png,1,2.2807961877379572,13.503153566852449
G3,W0056F0001T0006Z000C1N38.png,2,0.3282995769794683,18.926648571470842
G3,W0056F0001T0006Z000C1N38.png,3,1.3025365877778636,20.972102936103
G3,W0056F0001T0006Z000C1N38.png,4,0.11490485194281398,14.500336741779481
G3,W0056F0001T0006Z000C1N38.png,5,0.30418907234734255,17.865230237707014
G3,W0056F0001T0006Z000C1N38.png,6,2.5556248313208356,2.7538257463802265
G3,W0056F0001T0006Z000C1N38.png,7,1.1426328592807202,11.567540920317219
G3,W0056F0001T0006Z000C1N38.png,8,0.060777866857294395,0.060777866857294395
G3,W0056F0001T0006Z000C1N38.png,9,0.9306583691129634,0.9306583691129634
G3,W0056F0001T0006Z000C1N38.png,10,0.08125,0.08125
G3,W0056F0001T0006Z000C1N38.png,11,2.7768012172281975,2.7768012172281975
G3,W0056F0001T0006Z000C1N38.png,12,0.42849265691637006,11.759323615520207
G3,W0056F0001T0006Z000C1N38.png,13,6.921357658745702,21.162567290862366
G3,W0056F0001T0006Z000C1N39.png,1,2.826449888062154,
G3,W0056F0001T0006Z000C1N39.png,2,2.9551581129706497,
G3,W0056F0001T0006Z000C1N39.png,3,4.055571014049687,
G3,W0056F0001T0006Z000C1N39.png,4,2.5426157322056766,
G3,W0056F0001T0006Z000C1N39.png,5,3.65625,
G3,W0056F0003T0006Z000C1N66.png,1,0.072672209268744,3.247561585251311
G3,W0056F0003T0006Z000C1N66.png,2,0.2762499999999998,4.2383850476921054
G3,W0056F0003T0006Z000C1N66.png,3,0.8523183090841115,7.197320004696194
G3,W0056F0003T0006Z000C1N66.png,4,0.11220238095238078,0.11220238095238078
G3,W0056F0003T0006Z000C1N66.png,5,0.02878053790006783,0.02878053790006783
G3,W0056F0003T0006Z000C1N66.png,6,0.2591558017886038,0.2591558017886038
G3,W0056F0003T0006Z000C1N66.png,7,0.922425094821013,1.4218105144107251
G3,W0056F0003T0006Z000C1N66.png,8,0.0165164111974421,0.0165164111974421
G3,W0056F0003T0006Z000C1N66.png,9,0.24388125505778355,0.24388125505778355
G3,W0056F0003T0006Z000C1N66.png,10,3.619958779116138,8.690712086043353
G3,W0056F0002T0006Z000C1N74.png,1,2.6764533954055274,
G3,W0056F0002T0006Z000C1N74.png,2,0.7665109669795991,
G3,W0056F0002T0006Z000C1N74.png,3,0.7267220926874317,
G3,W0056F0002T0006Z000C1N74.png,4,1.0928427040435638,
G3,W0056F0002T0006Z000C1N74.png,5,0.0,
G3,W0056F0002T0006Z000C1N74.png,6,0.8321601009862633,
G3,W0056F0002T0006Z000C1N74.png,7,3.810282429120266,
G3,W0056F0002T0006Z000C1N74.png,8,8.326430590202312,
G3,W0056F0002T0006Z000C1N48.png,1,6.7241431842651895,
G3,W0056F0002T0006Z000C1N48.png,2,8.1646552942779,
G3,W0056F0002T0006Z000C1N48.png,3,5.738829035919471,
G3,W0056F0002T0006Z000C1N58.png,1,7.774992463822715,
G3,W0056F0002T0006Z000C1N58.png,2,2.5622059395878978,
G3,W0056F0002T0006Z000C1N58.png,3,1.8066674354241905,
G3,W0056F0002T0006Z000C1N58.png,4,0.8368164156163509,
G3,W0056F0002T0006Z000C1N58.png,5,2.2267178137838264,
G3,W0056F0001T0006Z000C1N15.png,1,3.449368246242483,
G3,W0056F0001T0006Z000C1N15.png,2,2.9509805375184195,
G3,W0056F0001T0006Z000C1N15.png,3,1.5690805871238385,
G3,W0056F0001T0006Z000C1N15.png,4,1.4272460369536857,
G3,W0056F0001T0006Z000C1N15.png,5,0.08750892811593587,
G3,W0056F0001T0006Z000C1N15.png,6,4.110960958218894,
G3,W0056F0001T0006Z000C1N28.png,1,1.158329253428909,
G3,W0056F0001T0006Z000C1N28.png,2,6.672223679084251,
G3,W0056F0001T0006Z000C1N28.png,3,0.767409965765076,
G3,W0056F0001T0006Z000C1N28.png,4,2.799543453952424,
G3,W0056F0001T0006Z000C1N28.png,5,2.0845371521968357,
G3,W0056F0001T0006Z000C1N28.png,6,1.5775896369144926,
G3,W0056F0001T0006Z000C1N28.png,7,0.6989389279472125,
G3,W0056F0001T0006Z000C1N28.png,8,1.4747664598542756,
G3,W0056F0002T0006Z000C1N71.png,1,3.3128928488222766,4.460413689085104
G3,W0056F0002T0006Z000C1N71.png,2,0.1625,10.863219193682875
G3,W0056F0002T0006Z000C1N71.png,3,8.051395371609921,10.018292247244226
G3,W0056F0002T0006Z000C1N71.png,4,5.6419072719973276,11.589544694993194
G3,W0056F0002T0006Z000C1N71.png,5,1.6730398979103878,5.379707241105226
G3,W0056F0002T0006Z000C1N71.png,6,0.12832154011775834,0.12832154011775834
G3,W0056F0002T0006Z000C1N71.png,7,4.780492568595187,14.980882107225494
G3,W0056F0002T0006Z000C1N73.png,1,7.270490440816218,
G3,W0056F0002T0006Z000C1N73.png,2,4.718977348057655,
G3,W0056F0002T0006Z000C1N73.png,3,5.743794761294266,
G3,W0056F0002T0006Z000C1N73.png,4,3.2872608937645147,
G3,W0056F0003T0006Z000C1N49.png,1,10.655180828589332,
G3,W0056F0003T0006Z000C1N49.png,2,9.371052502253951,
G3,W0056F0003T0006Z000C1N49.png,3,6.768001670112692,
G3,W0056F0003T0006Z000C1N49.png,4,4.316509006129838,
G3,W0056F0003T0006Z000C1N49.png,5,6.228754515350561,
G3,W0056F0001T0006Z000C1N17.png,1,2.1420884924340275,7.0433244816744836
G3,W0056F0001T0006Z000C1N17.png,2,0.1015625,0.1015625
G3,W0056F0001T0006Z000C1N17.png,3,1.9261563085585758,1.9261563085585758
G3,W0056F0001T0006Z000C1N17.png,4,3.1864091270582318,14.363106492851747
G3,W0056F0001T0006Z000C1N17.png,5,0.7593880760191059,11.90418525141473
G3,W0056F0001T0006Z000C1N17.png,6,1.444617231418932,15.575039031100774
G3,W0042F0002T0006Z000C1N17.png,1,6.451577447609228,
G3,W0042F0002T0006Z000C1N17.png,2,14.762331000915081,
G3,W0042F0002T0006Z000C1N17.png,3,10.72530776073582,
G3,W0042F0002T0006Z000C1N17.png,4,2.5279067427419073,
G3,W0042F0002T0006Z000C1N17.png,5,8.067678218665112,
G3,W0042F0002T0006Z000C1N17.png,6,8.878584223427742,
G3,W0042F0002T0006Z000C1N17.png,7,10.859876337348414,
G3,W0042F0002T0006Z000C1N17.png,8,11.083484148397046,
G3,W0042F0002T0006Z000C1N17.png,9,8.274849986618372,
G3,W0042F0002T0006Z000C1N17.png,10,7.055195337480034,
G3,W0042F0002T0006Z000C1N17.png,11,10.299620707987023,
G3,W0042F0002T0006Z000C1N28.png,1,3.472883522627082,16.17335303927925
G3,W0042F0002T0006Z000C1N28.png,2,3.4289040249764935,4.108551485925423
G3,W0042F0002T0006Z000C1N28.png,3,0.06855868798937999,0.06855868798937999
G3,W0042F0002T0006Z000C1N28.png,4,0.5859020822628983,8.067924531749167
G3,W0042F0002T0006Z000C1N28.png,5,3.2341412273275343,3.2341412273275343
G3,W0042F0002T0006Z000C1N28.png,6,3.9827686299495566,6.470383310781029
G3,W0042F0002T0006Z000C1N28.png,7,2.299532900938797,10.058277452551208
G3,W0042F0002T0006Z000C1N28.png,8,5.141546609330389,7.851821836712932
G3,W0042F0002T0006Z000C1N28.png,9,4.567108767827358,8.73241219112663
G3,W0042F0002T0006Z000C1N28.png,10,4.271999389146046,9.347495558988442
G3,W0042F0002T0006Z000C1N14.png,1,0.1625,10.99730080519761
G3,W0042F0002T0006Z000C1N14.png,2,3.158432276374538,3.7765472362698946
G3,W0042F0002T0006Z000C1N14.png,3,0.16970361341541923,0.16970361341541923
G3,W0042F0002T0006Z000C1N14.png,4,1.144904471997555,1.144904471997555
G3,W0042F0002T0006Z000C1N14.png,5,1.931290452650766,5.164969899476666
G3,W0042F0002T0006Z000C1N14.png,6,0.4906730224110015,3.8618432039103574
G3,W0042F0002T0006Z000C1N14.png,7,0.27443123000125214,0.27443123000125214
G3,W0042F0002T0006Z000C1N14.png,8,1.5857054598996492,2.7427809285873033
G3,W0042F0002T0006Z000C1N14.png,9,2.699829055516729,2.990630133546945
G3,W0042F0002T0006Z000C1N14.png,10,5.94286847794678,5.94286847794678
G3,W0042F0002T0006Z000C1N14.png,11,7.1783211132619344,7.1783211132619344
G3,W0042F0002T0006Z000C1N14.png,12,1.3323238365936239,9.734489978365012
G3,W0042F0002T0006Z000C1N14.png,13,2.4239205071536487,9.87981290941281
G3,W0042F0003T0006Z000C1N13.png,1,4.864957605159576,
G3,W0042F0003T0006Z000C1N13.png,2,1.9275956526201237,
G3,W0042F0003T0006Z000C1N13.png,3,1.6558639227238783,
G3,W0042F0003T0006Z000C1N13.png,4,10.419532439126046,
G3,W0042F0003T0006Z000C1N13.png,5,5.196190010478832,
G3,W0042F0003T0006Z000C1N13.png,6,2.30029533812033,
G3,W0042F0003T0006Z000C1N13.png,7,1.0064246742801968,
G3,W0042F0003T0006Z000C1N13.png,8,4.587249434526911,
G3,W0042F0003T0006Z000C1N13.png,9,6.235004510824352,
G3,W0042F0003T0006Z000C1N13.png,10,8.18964335553242,
G3,W0042F0003T0006Z000C1N13.png,11,4.328225236221423,
G3,W0042F0002T0006Z000C1N15.png,1,1.995510586291138,6.282679563689365
G3,W0042F0002T0006Z000C1N15.png,2,6.088658881503271,6.580996127552744
G3,W0042F0002T0006Z000C1N15.png,3,1.1208304850599256,2.5857970151410563
G3,W0042F0002T0006Z000C1N15.png,4,0.21056215175830276,0.27143451794284384
G3,W0042F0002T0006Z000C1N15.png,5,0.1027740239554727,0.1027740239554727
G3,W0042F0002T0006Z000C1N15.png,6,1.5993023652691674,1.5993023652691674
G3,W0042F0002T0006Z000C1N15.png,7,0.22461386619905926,0.22461386619905926
G3,W0042F0002T0006Z000C1N15.png,8,2.9797821333949908,3.3706511333123754
G3,W0042F0002T0006Z000C1N15.png,9,0.09357977743560865,0.09357977743560865
G3,W0042F0002T0006Z000C1N15.png,10,2.118740781690861,2.118740781690861
G3,W0042F0002T0006Z000C1N15.png,11,1.6103846308674605,3.0942858341024717
G3,W0042F0002T0006Z000C1N15.png,12,1.9951953749247162,3.081415006586524
G3,W0042F0002T0006Z000C1N15.png,13,2.2310486603837223,5.704884146501136
G3,W0042F0002T0006Z000C1N15.png,14,3.294336997029903,6.894857685260806
G3,W0042F0002T0006Z000C1N15.png,15,1.9182404344774149,8.270460283439368
G3,W0042F0002T0006Z000C1N15.png,16,1.8972848646636478,5.721927450306467
G3,W0042F0002T0006Z000C1N15.png,17,2.0920628147272415,8.501858560329934
G3,W0042F0002T0006Z000C1N15.png,18,2.0165428681009714,7.692383769388757
G3,W0042F0002T0006Z000C1N15.png,19,2.327000567388199,9.139180441408573
G3,W0042F0003T0006Z000C1N3.png,1,,
G3,W0042F0003T0006Z000C1N3.png,2,,
G3,W0042F0003T0006Z000C1N3.png,3,,
G3,W0042F0003T0006Z000C1N3.png,4,,
G3,W0042F0003T0006Z000C1N3.png,5,,
G3,W0042F0003T0006Z000C1N7.png,1,7.354210634901615,
G3,W0042F0003T0006Z000C1N7.png,2,4.256910741664664,
G3,W0042F0003T0006Z000C1N7.png,3,8.537438231840978,
G3,W0042F0003T0006Z000C1N7.png,4,9.804353704477414,
G3,W0042F0003T0006Z000C1N7.png,5,12.18904985572951,
G3,W0042F0003T0006Z000C1N7.png,6,14.641228848958473,
G3,W0042F0003T0006Z000C1N7.png,7,18.813682687076447,
G3,W0042F0003T0006Z000C1N17.png,1,,
G3,W0042F0003T0006Z000C1N17.png,2,,
G3,W0042F0003T0006Z000C1N17.png,3,,
G3,W0042F0003T0006Z000C1N17.png,4,,
G3,W0042F0003T0006Z000C1N17.png,5,,
G3,W0042F0003T0006Z000C1N17.png,6,,
G3,W0042F0003T0006Z000C1N17.png,7,,
G3,W0042F0003T0006Z000C1N17.png,8,,
G3,W0042F0002T0006Z000C1N10.png,1,,
G3,W0042F0002T0006Z000C1N10.png,2,,
G3,W0042F0002T0006Z000C1N10.png,3,,
G3,W0042F0002T0006Z000C1N10.png,4,,
G3,W0042F0002T0006Z000C1N10.png,5,,
G3,W0042F0003T0006Z000C1N29.png,1,17.878692800369944,21.050493610602107
G3,W0042F0003T0006Z000C1N29.png,2,10.80771995833336,22.123647903246287
G3,W0042F0003T0006Z000C1N29.png,3,11.692775547319807,11.692775547319807
G3,W0042F0003T0006Z000C1N29.png,4,11.474387238541324,11.474387238541324
G3,W0042F0003T0006Z000C1N29.png,5,3.3823819731810305,3.3823819731810305
G3,W0042F0003T0006Z000C1N29.png,6,0.07011996285622057,0.07011996285622057
G3,W0042F0003T0006Z000C1N15.png,1,11.697120787707641,
G3,W0042F0003T0006Z000C1N15.png,2,13.19405938765625,
G3,W0042F0003T0006Z000C1N15.png,3,11.152669243279835,
G3,W0042F0003T0006Z000C1N15.png,4,6.974052467002239,
G3,W0042F0003T0006Z000C1N15.png,5,5.779576288336723,
G3,W0042F0003T0006Z000C1N15.png,6,7.1666000481399825,
G3,W0042F0003T0006Z000C1N15.png,7,6.138628748322336,
G3,W0042F0003T0006Z000C1N15.png,8,5.512474654884966,
G3,W0042F0003T0006Z000C1N15.png,9,10.716023559504473,
G3,W0042F0001T0006Z000C1N11.png,1,7.4636053868855186,
G3,W0042F0001T0006Z000C1N11.png,2,4.512984738507321,
G3,W0042F0001T0006Z000C1N11.png,3,3.7348496037323913,
G3,W0042F0001T0006Z000C1N11.png,4,4.228418578695605,
G3,W0042F0001T0006Z000C1N11.png,5,10.71778081948145,
G3,W0042F0001T0006Z000C1N11.png,6,5.8737906002533835,
G3,W0042F0001T0006Z000C1N11.png,7,8.413830769947102,
G3,W0042F0001T0006Z000C1N11.png,8,11.246287445557735,
G3,W0042F0001T0006Z000C1N11.png,9,13.731250000000001,
G3,W0042F0002T0006Z000C1N3.png,1,4.924528022020935,10.714719277433957
G3,W0042F0002T0006Z000C1N3.png,2,2.5726632428799214,11.74302921098957
G3,W0042F0002T0006Z000C1N3.png,3,2.739982517608009,8.979488380924671
G3,W0042F0002T0006Z000C1N3.png,4,2.7589863609296654,12.489997656288075
G3,W0042F0002T0006Z000C1N3.png,5,1.0813425719042509,10.355829662939252
G3,W0042F0002T0006Z000C1N3.png,6,0.06894291116568772,0.06894291116568772
G3,W0042F0002T0006Z000C1N3.png,7,3.898287540269203,8.450419474499785
G3,W0042F0002T0006Z000C1N3.png,8,6.039340428598143,11.135993514837372
G3,W0042F0002T0006Z000C1N3.png,9,6.692948714878966,11.904941201030775
G3,W0042F0002T0006Z000C1N3.png,10,5.228194243130696,9.587309363912249
G3,W0042F0002T0006Z000C1N3.png,11,1.4253647044936706,5.13413726283915
G3,W0042F0002T0006Z000C1N3.png,12,0.890872894350754,1.0024492575132622
G3,W0042F0002T0006Z000C1N3.png,13,0.17379725125044893,0.17379725125044893
G3,W0042F0002T0006Z000C1N3.png,14,1.284675299443404,4.367896018107574
G3,W0042F0002T0006Z000C1N3.png,15,1.5458866792232864,1.708183428382327
G3,W0042F0002T0006Z000C1N3.png,16,1.9918682342213303,3.0541787459970315
G3,W0042F0002T0006Z000C1N6.png,1,2.2097086912079607,
G3,W0042F0002T0006Z000C1N6.png,2,1.2078680857196287,
G3,W0042F0002T0006Z000C1N6.png,3,3.3208972297398534,
G3,W0042F0002T0006Z000C1N5.png,1,6.241654526401493,
G3,W0042F0002T0006Z000C1N5.png,2,5.339163024815365,
G3,W0042F0001T0006Z000C1N29.png,1,7.258050962095979,
G3,W0042F0001T0006Z000C1N29.png,2,9.316802435828489,
G3,W0042F0001T0006Z000C1N29.png,3,8.212129777637745,
G3,W0042F0001T0006Z000C1N29.png,4,8.399637728262414,
G3,W0042F0001T0006Z000C1N29.png,5,7.061555246544488,
G3,W0042F0001T0006Z000C1N29.png,6,8.83572736819103,
G3,W0042F0001T0006Z000C1N29.png,7,5.8182129182851305,
G3,W0042F0001T0006Z000C1N19.png,1,9.438478028191946,
G3,W0042F0001T0006Z000C1N19.png,2,16.51854663136258,
G3,W0042F0001T0006Z000C1N19.png,3,20.0249113402898,
G3,W0042F0001T0006Z000C1N19.png,4,17.494881752166688,
G3,W0042F0001T0006Z000C1N19.png,5,9.87632287201174,
G3,W0042F0001T0006Z000C1N19.png,6,13.500776806997482,
G3,W0042F0001T0006Z000C1N19.png,7,18.229372551747392,
G3,W0042F0001T0006Z000C1N19.png,8,22.48505137710028,
G3,W0042F0001T0006Z000C1N19.png,9,30.451736916800005,
G3,W0042F0001T0006Z000C1N25.png,1,13.139561420911287,
G3,W0042F0001T0006Z000C1N25.png,2,8.892829770886664,
G3,W0042F0001T0006Z000C1N25.png,3,3.3940722683083813,
G3,W0042F0001T0006Z000C1N25.png,4,4.083920945530851,
G3,W0042F0001T0006Z000C1N25.png,5,9.139405075263806,
G3,W0042F0001T0006Z000C1N27.png,1,,
G3,W0042F0001T0006Z000C1N27.png,2,,
G3,W0042F0001T0006Z000C1N27.png,3,,
G3,W0042F0001T0006Z000C1N27.png,4,,
G3,W0042F0001T0006Z000C1N27.png,5,,
G3,W0042F0001T0006Z000C1N27.png,6,,
G3,W0042F0001T0006Z000C1N27.png,7,,
G3,W0042F0001T0006Z000C1N5.png,1,0.15265151515151487,0.15265151515151487
G3,W0042F0001T0006Z000C1N5.png,2,0.17179606773407,0.17179606773407
G3,W0042F0001T0006Z000C1N5.png,3,5.740550589819139,6.433183787213166
G3,W0042F0001T0006Z000C1N5.png,4,2.9221428789677693,8.775982560258377
G3,W0042F0001T0006Z000C1N5.png,5,3.913518238107496,12.338234527273341
G3,W0042F0001T0006Z000C1N5.png,6,4.90806495092516,17.74396574366903
G3,W0042F0001T0006Z000C1N5.png,7,11.448442163141797,16.525591473561185
G3,W0042F0001T0006Z000C1N36.png,1,10.045284233883388,
G3,W0042F0001T0006Z000C1N36.png,2,4.787702164283916,
G3,W0042F0001T0006Z000C1N36.png,3,4.696362455400989,
G3,W0042F0001T0006Z000C1N36.png,4,9.670789674889884,
G3,W0042F0001T0006Z000C1N36.png,5,4.239386662815685,
G3,W0042F0001T0006Z000C1N36.png,6,5.998209368219819,
G3,W0042F0001T0006Z000C1N36.png,7,5.059076774718882,
G3,W0042F0001T0006Z000C1N36.png,8,8.948760691309081,
G3,W0042F0001T0006Z000C1N36.png,9,8.788906804176502,
G3,W0042F0001T0006Z000C1N36.png,10,13.387062500145896,
G3,W0042F0001T0006Z000C1N36.png,11,15.330219339591983,
G3,W0042F0003T0006Z000C1N41.png,1,4.0940447631499755,
G3,W0042F0003T0006Z000C1N41.png,2,7.299850169695266,
G3,W0042F0003T0006Z000C1N41.png,3,7.592366256608244,
G3,W0042F0003T0006Z000C1N41.png,4,2.7672752844630404,
G3,W0042F0003T0006Z000C1N41.png,5,7.040208182291202,
G3,W0042F0003T0006Z000C1N41.png,6,7.827036476214992,
G3,W0042F0003T0006Z000C1N41.png,7,7.19954816410815,
G3,W0042F0003T0006Z000C1N41.png,8,6.929629544571629,
G3,W0042F0003T0006Z000C1N41.png,9,4.74776173107688,
G3,W0042F0003T0006Z000C1N41.png,10,3.567605990016274,
G3,W0042F0003T0006Z000C1N41.png,11,3.4780905521404826,
G3,W0042F0003T0006Z000C1N41.png,12,7.351020503399936,
G3,W0042F0003T0006Z000C1N41.png,13,14.900743093032176,
G3,W0042F0003T0006Z000C1N41.png,14,12.478688082086194,
G3,W0042F0003T0006Z000C1N41.png,15,11.702256726802743,
G3,W0042F0003T0006Z000C1N41.png,16,2.987526150513163,
G3,W0042F0003T0006Z000C1N41.png,17,11.106313308767225,
G3,W0042F0003T0006Z000C1N43.png,1,11.786246479562083,
G3,W0042F0003T0006Z000C1N43.png,2,4.730111230193217,
G3,W0042F0003T0006Z000C1N43.png,3,5.845609849612691,
G3,W0042F0003T0006Z000C1N43.png,4,6.3015500781842855,
G3,W0042F0003T0006Z000C1N43.png,5,5.355262635074493,
G3,W0042F0003T0006Z000C1N43.png,6,5.138701197773616,
G3,W0042F0003T0006Z000C1N43.png,7,6.298840419077149,
G3,W0042F0003T0006Z000C1N43.png,8,2.4953823730278586,
G3,W0042F0003T0006Z000C1N43.png,9,8.452625419172618,
G3,W0042F0003T0006Z000C1N43.png,10,6.668894665317391,
G3,W0042F0003T0006Z000C1N43.png,11,9.469438543243575,
G3,W0042F0003T0006Z000C1N8.png,1,9.308002269552796,
G3,W0042F0003T0006Z000C1N8.png,2,13.765620445515706,
G3,W0042F0003T0006Z000C1N8.png,3,10.72530776073582,
G3,W0042F0003T0006Z000C1N8.png,4,8.497701249675837,
G3,W0042F0003T0006Z000C1N8.png,5,6.705518301700805,
G3,W0042F0003T0006Z000C1N8.png,6,7.362334050667024,
G3,W0042F0003T0006Z000C1N8.png,7,8.781016455969093,
G3,W0042F0003T0006Z000C1N8.png,8,13.45265185225241,
G3,W0042F0003T0006Z000C1N30.png,1,5.7635980515646645,
G3,W0042F0003T0006Z000C1N30.png,2,6.527802289841564,
G3,W0042F0003T0006Z000C1N30.png,3,1.8168052317185792,
G3,W0042F0003T0006Z000C1N30.png,4,1.7799144079384206,
G3,W0042F0003T0006Z000C1N30.png,5,5.585193761010061,
G3,W0042F0003T0006Z000C1N30.png,6,2.610417498004656,
G3,W0042F0003T0006Z000C1N30.png,7,5.757238106252579,
G3,W0042F0003T0006Z000C1N30.png,8,7.946497847252552,
G3,W0042F0003T0006Z000C1N30.png,9,4.355030317058654,
G3,W0042F0003T0006Z000C1N30.png,10,5.992308068350644,
G3,W0042F0003T0006Z000C1N30.png,11,4.506569467132142,
G3,W0042F0003T0006Z000C1N30.png,12,5.846684173128604,
G3,W0042F0002T0006Z000C1N21.png,1,,
G3,W0042F0002T0006Z000C1N21.png,2,,
G3,W0042F0002T0006Z000C1N21.png,3,,
G3,W0042F0002T0006Z000C1N20.png,1,15.315272031471045,
G3,W0042F0002T0006Z000C1N20.png,2,7.379807754948634,
G3,W0042F0002T0006Z000C1N20.png,3,13.415993487313042,
G3,W0042F0002T0006Z000C1N20.png,4,2.476459481295828,
G3,W0042F0003T0006Z000C1N26.png,1,9.01142720730185,16.584755095041352
G3,W0042F0003T0006Z000C1N26.png,2,6.486236719947097,12.955471258784458
G3,W0042F0003T0006Z000C1N26.png,3,6.504061231261588,12.226437798884842
G3,W0042F0003T0006Z000C1N26.png,4,1.9322397230215054,9.592624572063453
G3,W0042F0003T0006Z000C1N26.png,5,4.049745283625243,11.497143056837544
G3,W0042F0003T0006Z000C1N26.png,6,2.471122277933652,7.2984935303458345
G3,W0042F0003T0006Z000C1N26.png,7,2.645034897936889,9.01488706407189
G3,W0042F0003T0006Z000C1N26.png,8,4.862532892867205,10.540153582716858
G3,W0042F0003T0006Z000C1N26.png,9,0.6056017439061935,8.407008691495976
G3,W0042F0003T0006Z000C1N26.png,10,0.1674966421000256,0.1674966421000256
G3,W0042F0003T0006Z000C1N26.png,11,4.800095846843986,9.019197311229469
G3,W0042F0003T0006Z000C1N26.png,12,0.29295104113144915,6.239344041043097
G3,W0042F0003T0006Z000C1N26.png,13,4.648639380536823,10.36357825947572
G3,W0042F0003T0006Z000C1N26.png,14,3.4446610424344546,12.709823581722747
G3,W0042F0003T0006Z000C1N26.png,15,1.5504918574439521,3.682122349949821
G3,W0042F0003T0006Z000C1N26.png,16,2.1445555438658204,6.60245012456681
G3,W0042F0003T0006Z000C1N26.png,17,4.964235370376792,5.5826496005481125
G3,W0042F0003T0006Z000C1N26.png,18,2.1317793095654536,7.757356748218804
G3,W0042F0003T0006Z000C1N22.png,1,11.205280105274225,
G3,W0042F0003T0006Z000C1N22.png,2,7.459120361175307,
G3,W0042F0003T0006Z000C1N22.png,3,5.786781054179281,
G3,W0042F0003T0006Z000C1N22.png,4,7.714207482330886,
G3,W0042F0003T0006Z000C1N22.png,5,6.699234606157996,
G3,W0042F0003T0006Z000C1N22.png,6,5.645289052068543,
G3,W0042F0002T0006Z000C1N18.png,1,5.74244110834517,12.050261156726544
G3,W0042F0002T0006Z000C1N18.png,2,0.5138701197773617,0.8125
G3,W0042F0002T0006Z000C1N18.png,3,0.06090951492389731,0.06090951492389731
G3,W0042F0002T0006Z000C1N18.png,4,2.2047485429625104,7.912527036696008
G3,W0042F0002T0006Z000C1N18.png,5,8.444751456407339,14.58962628774464
G3,W0042F0002T0006Z000C1N18.png,6,3.3312500000000003,5.88431774401247
G3,W0042F0002T0006Z000C1N18.png,7,8.506958309609871,10.291047905051848
G3,W0042F0002T0006Z000C1N18.png,8,7.966365289436889,20.378629344498595
G3,W0042F0002T0006Z000C1N18.png,9,9.354808284519969,16.803415364182207
G3,W0042F0002T0006Z000C1N18.png,10,11.056509948956396,25.205901172504
G3,W0042F0003T0006Z000C1N35.png,1,8.165523942160723,
G3,W0042F0003T0006Z000C1N35.png,2,8.707365376826422,
G3,W0042F0003T0006Z000C1N35.png,3,7.09010423936066,
G3,W0042F0003T0006Z000C1N35.png,4,5.040120286263018,
G3,W0042F0003T0006Z000C1N35.png,5,8.122881193459415,
G3,W0042F0003T0006Z000C1N35.png,6,8.530863086464347,
G3,W0042F0003T0006Z000C1N35.png,7,10.906885726457393,
G3,W0042F0002T0006Z000C1N27.png,1,3.9111336485858805,
G3,W0042F0002T0006Z000C1N27.png,2,2.480454847401984,
G3,W0042F0002T0006Z000C1N27.png,3,2.462458666782826,
G3,W0042F0002T0006Z000C1N27.png,4,4.723693602468306,
G3,W0042F0002T0006Z000C1N27.png,5,1.936749054685827,
G3,W0042F0002T0006Z000C1N27.png,6,0.33500233208143493,
G3,W0042F0002T0006Z000C1N27.png,7,1.6656250000000001,
G3,W0065F0001T0006Z000C1N45.png,1,6.738167870422939,
G3,W0065F0001T0006Z000C1N45.png,2,1.8163602453302936,
G3,W0065F0001T0006Z000C1N45.png,3,2.7106445028567965,
G3,W0065F0001T0006Z000C1N45.png,4,6.7628119151725645,
G3,W0065F0001T0006Z000C1N45.png,5,5.483437853508349,
G3,W0065F0001T0006Z000C1N45.png,6,7.354244353138462,
G3,W0065F0001T0006Z000C1N45.png,7,6.303274064464898,
G3,W0065F0001T0006Z000C1N45.png,8,7.247208514317772,
G3,W0065F0001T0006Z000C1N45.png,9,11.488761492214902,
G3,W0065F0001T0006Z000C1N45.png,10,9.395584466177327,
G3,W0065F0001T0006Z000C1N45.png,11,9.832327803599515,
G3,W0065F0001T0006Z000C1N45.png,12,12.326993373284502,
G3,W0065F0001T0006Z000C1N45.png,13,14.743403851488951,
G3,W0065F0002T0006Z000C1N34.png,1,6.816840567387546,
G3,W0065F0002T0006Z000C1N34.png,2,6.626987138611223,
G3,W0065F0002T0006Z000C1N34.png,3,5.1773849048651,
G3,W0065F0002T0006Z000C1N34.png,4,4.385158840401971,
G3,W0065F0002T0006Z000C1N34.png,5,3.320150966618196,
G3,W0065F0002T0006Z000C1N34.png,6,3.0106386884679472,
G3,W0065F0002T0006Z000C1N34.png,7,2.978292234069597,
G3,W0065F0002T0006Z000C1N34.png,8,1.2182082129094363,
G3,W0065F0002T0006Z000C1N34.png,9,1.9117886027918218,
G3,W0065F0002T0006Z000C1N34.png,10,1.5259555201358606,
G3,W0065F0002T0006Z000C1N34.png,11,0.07267220926874317,
G3,W0065F0002T0006Z000C1N34.png,12,1.14904851942814,
G3,W0065F0002T0006Z000C1N34.png,13,5.334841545896933,
G3,W0065F0003T0006Z000C1N26.png,1,3.405692253787569,13.704066284946762
G3,W0065F0003T0006Z000C1N26.png,2,3.6663921831447603,13.749807171943358
G3,W0065F0003T0006Z000C1N26.png,3,7.9691298929054994,10.259401176481989
G3,W0065F0003T0006Z000C1N26.png,4,0.4897058936187087,0.6128747291849046
G3,W0065F0003T0006Z000C1N26.png,5,0.1707672321387053,0.1707672321387053
G3,W0065F0003T0006Z000C1N26.png,6,4.230898660122008,4.230898660122008
G3,W0065F0003T0006Z000C1N26.png,7,2.3644915547533683,2.3644915547533683
G3,W0065F0003T0006Z000C1N26.png,8,3.4326542840305763,5.059755807005968
G3,W0065F0003T0006Z000C1N26.png,9,0.1001470368020389,0.1001470368020389
G3,W0065F0003T0006Z000C1N26.png,10,6.802501541692068,7.014140856980638
G3,W0065F0003T0006Z000C1N26.png,11,7.03082498715478,7.03082498715478
G3,W0065F0003T0006Z000C1N26.png,12,2.098215594393379,2.098215594393379
G3,W0065F0003T0006Z000C1N27.png,1,11.104767414617355,
G3,W0065F0003T0006Z000C1N27.png,2,10.612492909982622,
G3,W0065F0003T0006Z000C1N27.png,3,8.407047081169463,
G3,W0065F0003T0006Z000C1N27.png,4,8.716500605891104,
G3,W0065F0003T0006Z000C1N27.png,5,4.942244555867304,
G3,W0065F0003T0006Z000C1N33.png,1,0.08125,2.8344490756582665
G3,W0065F0003T0006Z000C1N33.png,2,4.147909865221278,7.4942999172704585
G3,W0065F0003T0006Z000C1N33.png,3,0.09748125540692168,0.09748125540692168
G3,W0065F0003T0006Z000C1N33.png,4,5.197975741082511,8.091305915001945
G3,W0065F0003T0006Z000C1N33.png,5,2.6857879638872166,2.6857879638872166
G3,W0065F0003T0006Z000C1N33.png,6,0.30019625158006763,0.30019625158006763
G3,W0065F0003T0006Z000C1N33.png,7,3.887017213834371,4.419662510818402
G3,W0065F0003T0006Z000C1N33.png,8,0.8285906709588275,6.251499820043187
G3,W0065F0003T0006Z000C1N33.png,9,2.1724142516001756,5.8320422678414205
G3,W0065F0003T0006Z000C1N33.png,10,2.145061552147164,3.489968884173611
G3,W0065F0003T0006Z000C1N33.png,11,0.062037468903971195,0.062037468903971195
G3,W0065F0003T0006Z000C1N33.png,12,2.036119163998021,2.036119163998021
G3,W0065F0003T0006Z000C1N33.png,13,2.5961886126589495,2.611400785498082
G3,W0065F0001T0006Z000C1N6.png,1,0.6700046641628699,0.6700046641628699
G3,W0065F0001T0006Z000C1N6.png,2,0.1625,0.1625
G3,W0065F0001T0006Z000C1N6.png,3,0.6700046641628699,0.6700046641628699
G3,W0065F0001T0006Z000C1N6.png,4,1.1718041645257966,1.1718041645257966
G3,W0065F0001T0006Z000C1N6.png,5,0.022659466103769926,0.022659466103769926
G3,W0065F0001T0006Z000C1N6.png,6,0.1625,0.1625
G3,W0065F0001T0006Z000C1N6.png,7,0.0,0.0
G3,W0065F0001T0006Z000C1N6.png,8,0.0,0.0
G3,W0065F0001T0006Z000C1N6.png,9,0.5138701197773617,0.5138701197773617
G3,W0065F0001T0006Z000C1N6.png,10,0.08125,0.08125
G3,W0065F0001T0006Z000C1N6.png,11,0.48750000000000004,0.48750000000000004
G3,W0065F0001T0006Z000C1N6.png,12,0.0,0.0
G3,W0065F0001T0006Z000C1N6.png,13,0.0,0.0
G3,W0065F0001T0006Z000C1N6.png,14,0.1625,0.1625
G3,W0065F0001T0006Z000C1N6.png,15,0.8750892811593569,0.8750892811593569
G3,W0065F0001T0006Z000C1N6.png,16,0.0,0.0
G3,W0065F0001T0006Z000C1N6.png,17,0.054166666666666766,0.054166666666666766
G3,W0065F0001T0006Z000C1N6.png,18,0.8285906709588275,0.8285906709588275
G3,W0065F0001T0006Z000C1N6.png,19,0.07660323462854299,0.07660323462854299
G3,W0065F0001T0006Z000C1N6.png,20,0.0,0.0
G3,W0065F0001T0006Z000C1N6.png,21,0.0,0.0
G3,W0065F0001T0006Z000C1N6.png,22,0.0,0.0
G3,W0065F0001T0006Z000C1N6.png,23,0.0,0.0
G3,W0065F0001T0006Z000C1N6.png,24,0.08125,0.08125
G3,W0065F0001T0006Z000C1N6.png,25,0.049950437500571675,0.049950437500571675
G3,W0065F0001T0006Z000C1N6.png,26,0.45961940777125593,0.45961940777125593
G3,W0065F0001T0006Z000C1N6.png,27,0.39433928566936066,0.39433928566936066
G3,W0065F0001T0006Z000C1N6.png,28,0.22980970388562796,0.22980970388562796
G3,W0065F0001T0006Z000C1N6.png,29,0.0,0.0
G3,W0065F0001T0006Z000C1N6.png,30,0.0,0.0
G3,W0065F0001T0006Z000C1N6.png,31,0.1557261627187348,0.1557261627187348
G3,W0065F0001T0006Z000C1N6.png,32,0.0,0.0
G3,W0065F0001T0006Z000C1N6.png,33,0.5138701197773617,0.5138701197773617
G3,W0065F0001T0006Z000C1N6.png,34,0.48750000000000004,0.48750000000000004
G3,W0065F0001T0006Z000C1N6.png,35,0.36336104634371585,0.36336104634371585
G3,W0065F0001T0006Z000C1N6.png,36,0.08125,0.08125
G3,W0065F0001T0006Z000C1N6.png,37,0.05153882032022072,0.05153882032022072
G3,W0065F0001T0006Z000C1N6.png,38,0.0,0.0
G3,W0065F0001T0006Z000C1N6.png,39,0.0,0.0
G3,W0065F0001T0006Z000C1N6.png,40,0.08125,0.08125
G3,W0065F0001T0006Z000C1N6.png,41,0.0,0.0
G3,W0065F0001T0006Z000C1N6.png,42,0.3678750212368326,0.3678750212368326
G3,W0065F0001T0006Z000C1N6.png,43,0.0,0.0
G3,W0065F0001T0006Z000C1N6.png,44,0.0,0.0
G3,W0065F0001T0006Z000C1N6.png,45,0.0,0.0
G3,W0065F0001T0006Z000C1N6.png,46,0.08125,0.08125
G3,W0065F0001T0006Z000C1N6.png,47,0.054166666666666474,0.054166666666666474
G3,W0065F0001T0006Z000C1N6.png,48,0.08125,0.08125
G3,W0065F0001T0006Z000C1N6.png,49,0.0,0.0
G3,W0065F0001T0006Z000C1N6.png,50,0.0,0.0
G3,W0065F0001T0006Z000C1N6.png,51,0.08125,0.08125
G3,W0065F0001T0006Z000C1N6.png,52,0.20067269682246247,0.20067269682246247
G3,W0065F0001T0006Z000C1N6.png,53,0.0,0.0
G3,W0065F0001T0006Z000C1N6.png,54,0.04596194077712625,0.04596194077712625
G3,W0065F0001T0006Z000C1N6.png,55,0.0,0.0
G3,W0065F0001T0006Z000C1N6.png,56,0.07660323462854303,0.07660323462854303
G3,W0065F0001T0006Z000C1N6.png,57,0.0,0.0
G3,W0065F0001T0006Z000C1N6.png,58,0.0,0.0
G3,W0065F0001T0006Z000C1N6.png,59,0.0,0.0
G3,W0065F0001T0006Z000C1N6.png,60,0.0,0.0
G3,W0065F0001T0006Z000C1N6.png,61,0.11490485194281398,0.11490485194281398
G3,W0065F0001T0006Z000C1N6.png,62,0.1625,0.1625
G3,W0065F0001T0006Z000C1N6.png,63,0.0,0.0
G3,W0065F0001T0006Z000C1N6.png,64,0.030103986446981066,0.030103986446981066
G3,W0065F0001T0006Z000C1N6.png,65,0.0,0.0
G3,W0065F0001T0006Z000C1N6.png,66,0.0383016173142716,0.0383016173142716
G3,W0065F0001T0006Z000C1N6.png,67,0.14715000849473303,0.14715000849473303
G3,W0065F0001T0006Z000C1N6.png,68,0.65,0.65
G3,W0065F0001T0006Z000C1N6.png,69,0.0,0.0
G3,W0065F0001T0006Z000C1N6.png,70,0.05416666666666705,0.05416666666666705
G3,W0065F0001T0006Z000C1N6.png,71,0.08287978739644546,0.08287978739644546
G3,W0065F0001T0006Z000C1N6.png,72,0.7267220926874317,0.7267220926874317
G3,W0065F0001T0006Z000C1N6.png,73,0.1625,0.1625
G3,W0065F0001T0006Z000C1N6.png,74,0.04596194077712625,0.04596194077712625
G3,W0065F0001T0006Z000C1N6.png,75,0.36336104634371585,0.36336104634371585
G3,W0065F0001T0006Z000C1N6.png,76,0.0,0.0
G3,W0065F0001T0006Z000C1N6.png,77,0.0,0.0
G3,W0065F0001T0006Z000C1N6.png,78,0.05416666666666705,0.05416666666666705
G3,W0065F0001T0006Z000C1N6.png,79,0.05530701688913716,0.05530701688913716
G3,W0065F0001T0006Z000C1N6.png,80,0.0,0.0
G3,W0065F0001T0006Z000C1N6.png,81,0.0,0.0
G3,W0065F0001T0006Z000C1N6.png,82,0.0,0.0
G3,W0065F0001T0006Z000C1N6.png,83,0.1894285618491093,0.1894285618491093
G3,W0065F0001T0006Z000C1N6.png,84,0.08125,0.08125
G3,W0065F0001T0006Z000C1N6.png,85,0.6942003043070494,0.6942003043070494
G3,W0065F0001T0006Z000C1N6.png,86,0.7708051796660425,0.7708051796660425
G3,W0065F0001T0006Z000C1N6.png,87,0.1625,0.1625
G3,W0065F0001T0006Z000C1N6.png,88,0.11490485194281398,0.11490485194281398
G3,W0065F0001T0006Z000C1N6.png,89,0.36336104634371585,0.36336104634371585
G3,W0065F0001T0006Z000C1N6.png,90,0.5138701197773617,0.5138701197773617
G3,W0065F0001T0006Z000C1N6.png,91,0.04419417382415882,0.04419417382415882
G3,W0065F0001T0006Z000C1N6.png,92,0.0,0.0
G3,W0065F0001T0006Z000C1N6.png,93,0.0,0.0
G3,W0065F0001T0006Z000C1N6.png,94,0.07660323462854238,0.07660323462854238
G3,W0065F0001T0006Z000C1N6.png,95,0.0,0.0
G3,W0065F0001T0006Z000C1N6.png,96,0.0,0.0
G3,W0065F0001T0006Z000C1N6.png,97,0.0,0.0
G3,W0065F0001T0006Z000C1N6.png,98,0.325,0.325
G3,W0065F0001T0006Z000C1N6.png,99,0.0,0.0
G3,W0065F0001T0006Z000C1N6.png,100,0.0,0.0
G3,W0065F0001T0006Z000C1N6.png,101,0.0,0.0
G3,W0065F0001T0006Z000C1N6.png,102,0.036540877422197,0.036540877422197
G3,W0065F0001T0006Z000C1N6.png,103,0.36336104634371585,0.36336104634371585
G3,W0065F0001T0006Z000C1N6.png,104,0.0,0.0
G3,W0065F0001T0006Z000C1N6.png,105,0.0,0.0
G3,W0065F0001T0006Z000C1N6.png,106,0.0,0.0
G3,W0065F0001T0006Z000C1N6.png,107,0.11455521672080878,0.11455521672080878
G3,W0065F0001T0006Z000C1N6.png,108,0.0,0.0
G3,W0065F0001T0006Z000C1N6.png,109,0.0,0.0
G3,W0065F0001T0006Z000C1N6.png,110,0.0,0.0
G3,W0065F0001T0006Z000C1N6.png,111,0.22980970388562796,0.22980970388562796
G3,W0065F0001T0006Z000C1N6.png,112,0.0902777777777778,0.0902777777777778
G3,W0065F0001T0006Z000C1N6.png,113,0.0,0.0
G3,W0065F0001T0006Z000C1N6.png,114,0.05416666666666705,0.05416666666666705
G3,W0065F0001T0006Z000C1N6.png,115,0.0541666666666659,0.0541666666666659
G3,W0065F0001T0006Z000C1N6.png,116,0.0766032346285432,0.0766032346285432
G3,W0065F0001T0006Z000C1N6.png,117,0.11490485194281398,0.11490485194281398
G3,W0065F0001T0006Z000C1N6.png,118,0.08125,0.08125
G3,W0065F0001T0006Z000C1N6.png,119,0.05745242597140699,0.05745242597140699
G3,W0065F0001T0006Z000C1N6.png,120,0.0,0.0
G3,W0065F0001T0006Z000C1N6.png,121,0.08125,0.08125
G3,W0065F0001T0006Z000C1N6.png,122,0.0,0.0
G3,W0065F0001T0006Z000C1N6.png,123,0.08016789738691729,0.08016789738691729
G3,W0065F0001T0006Z000C1N6.png,124,0.08125,0.08125
G3,W0065F0001T0006Z000C1N6.png,125,0.05190872090624468,0.05190872090624468
G3,W0065F0001T0006Z000C1N6.png,126,0.0,0.0
G3,W0065F0001T0006Z000C1N6.png,127,0.0,0.0
G3,W0065F0001T0006Z000C1N6.png,128,0.0,0.0
G3,W0065F0001T0006Z000C1N6.png,129,0.13131983079178713,0.13131983079178713
G3,W0065F0001T0006Z000C1N6.png,130,0.03941203906840411,0.03941203906840411
G3,W0065F0001T0006Z000C1N6.png,131,0.0,0.0
G3,W0065F0001T0006Z000C1N6.png,132,0.325,0.325
G3,W0065F0001T0006Z000C1N6.png,133,0.0,0.0
G3,W0065F0001T0006Z000C1N6.png,134,0.0,0.0
G3,W0065F0001T0006Z000C1N6.png,135,0.11490485194281398,0.11490485194281398
G3,W0065F0001T0006Z000C1N6.png,136,0.0,0.0
G3,W0065F0001T0006Z000C1N6.png,137,0.0,0.0
G3,W0065F0001T0006Z000C1N6.png,138,0.05416666666666705,0.05416666666666705
G3,W0065F0001T0006Z000C1N6.png,139,0.0,0.0
G3,W0065F0001T0006Z000C1N6.png,140,0.07660323462854156,0.07660323462854156
G3,W0065F0001T0006Z000C1N6.png,141,0.08125,0.08125
G3,W0065F0001T0006Z000C1N6.png,142,0.0,0.0
G3,W0065F0001T0006Z000C1N6.png,143,0.325,0.325
G3,W0065F0001T0006Z000C1N6.png,144,0.0,0.0
G3,W0065F0001T0006Z000C1N6.png,145,0.0,0.0
G3,W0065F0001T0006Z000C1N6.png,146,0.09751500346242581,0.09751500346242581
G3,W0065F0001T0006Z000C1N6.png,147,0.48750000000000004,0.48750000000000004
G3,W0065F0001T0006Z000C1N6.png,148,0.5138701197773617,0.5138701197773617
G3,W0065F0001T0006Z000C1N6.png,149,0.1625,0.1625
G3,W0065F0001T0006Z000C1N6.png,150,0.08125,0.08125
G3,W0065F0001T0006Z000C1N6.png,151,0.0541666666666659,0.0541666666666659
G3,W0065F0001T0006Z000C1N6.png,152,0.08125,0.08125
G3,W0065F0001T0006Z000C1N6.png,153,0.48750000000000004,0.48750000000000004
G3,W0065F0001T0006Z000C1N6.png,154,0.5138701197773617,0.5138701197773617
G3,W0065F0001T0006Z000C1N6.png,155,0.36336104634371585,0.36336104634371585
G3,W0065F0001T0006Z000C1N6.png,156,0.5138701197773617,0.5138701197773617
G3,W0065F0001T0006Z000C1N6.png,157,0.0,0.0
G3,W0065F0001T0006Z000C1N6.png,158,0.05745242597140699,0.05745242597140699
G3,W0065F0001T0006Z000C1N6.png,159,0.36336104634371585,0.36336104634371585
G3,W0065F0001T0006Z000C1N6.png,160,0.36336104634371585,0.36336104634371585
G3,W0065F0001T0006Z000C1N6.png,161,0.0,0.0
G3,W0065F0001T0006Z000C1N6.png,162,0.0,0.0
G3,W0065F0001T0006Z000C1N6.png,163,0.0,0.0
G3,W0065F0001T0006Z000C1N6.png,164,0.0541666666666659,0.0541666666666659
G3,W0065F0001T0006Z000C1N6.png,165,0.07126096406869552,0.07126096406869552
G3,W0065F0001T0006Z000C1N6.png,166,0.0,0.0
G3,W0065F0001T0006Z000C1N6.png,167,0.05745242597140699,0.05745242597140699
G3,W0065F0001T0006Z000C1N6.png,168,0.0,0.0
G3,W0065F0001T0006Z000C1N6.png,169,0.0,0.0
G3,W0065F0001T0006Z000C1N6.png,170,0.0541666666666659,0.0541666666666659
G3,W0065F0001T0006Z000C1N6.png,171,0.05709667997526293,0.05709667997526293
G3,W0065F0001T0006Z000C1N6.png,172,0.0,0.0
G3,W0065F0001T0006Z000C1N6.png,173,0.08125,0.08125
G3,W0065F0001T0006Z000C1N6.png,174,0.0,0.0
G3,W0065F0001T0006Z000C1N6.png,175,0.0,0.0
G3,W0065F0001T0006Z000C1N6.png,176,0.06056017439061896,0.06056017439061896
G3,W0065F0001T0006Z000C1N6.png,177,0.5859020822628983,0.5859020822628983
G3,W0065F0001T0006Z000C1N6.png,178,0.10213764617138983,0.10213764617138983
G3,W0065F0001T0006Z000C1N6.png,179,0.0541666666666659,0.0541666666666659
G3,W0065F0001T0006Z000C1N6.png,180,0.0,0.0
G3,W0065F0001T0006Z000C1N6.png,181,0.0,0.0
G3,W0065F0001T0006Z000C1N6.png,182,0.0,0.0
G3,W0065F0001T0006Z000C1N6.png,183,0.0,0.0
G3,W0065F0001T0006Z000C1N6.png,184,0.0770902276747691,0.0770902276747691
G3,W0065F0001T0006Z000C1N6.png,185,0.0541666666666659,0.0541666666666659
G3,W0065F0001T0006Z000C1N6.png,186,0.0,0.0
G3,W0065F0001T0006Z000C1N6.png,187,0.08125,0.08125
G3,W0065F0001T0006Z000C1N6.png,188,0.05156513040428759,0.05156513040428759
G3,W0065F0001T0006Z000C1N6.png,189,0.0,0.0
G3,W0065F0001T0006Z000C1N6.png,190,0.059150892850403064,0.059150892850403064
G3,W0065F0001T0006Z000C1N6.png,191,0.0,0.0
G3,W0065F0001T0006Z000C1N6.png,192,0.0,0.0
G3,W0065F0001T0006Z000C1N6.png,193,0.08125,0.08125
G3,W0065F0001T0006Z000C1N6.png,194,0.040625,0.040625
G3,W0065F0001T0006Z000C1N6.png,195,0.0,0.0
G3,W0065F0001T0006Z000C1N6.png,196,0.0,0.0
G3,W0065F0001T0006Z000C1N6.png,197,0.05745242597140699,0.05745242597140699
G3,W0065F0001T0006Z000C1N6.png,198,0.0,0.0
G3,W0065F0001T0006Z000C1N6.png,199,0.042573465914815915,0.042573465914815915
G3,W0065F0001T0006Z000C1N6.png,200,0.05190872090624571,0.05190872090624571
G3,W0065F0001T0006Z000C1N6.png,201,0.0,0.0
G3,W0065F0001T0006Z000C1N6.png,202,0.0,0.0
G3,W0065F0001T0006Z000C1N6.png,203,0.0,0.0
G3,W0065F0001T0006Z000C1N6.png,204,0.029592523962815784,0.029592523962815784
G3,W0065F0001T0006Z000C1N6.png,205,0.755930717724846,0.755930717724846
G3,W0065F0001T0006Z000C1N6.png,206,0.08125,0.08125
G3,W0065F0001T0006Z000C1N6.png,207,0.22980970388562796,0.22980970388562796
G3,W0065F0001T0006Z000C1N6.png,208,0.08125,0.08125
G3,W0065F0001T0006Z000C1N6.png,209,0.0,0.0
G3,W0065F0001T0006Z000C1N6.png,210,0.22980970388562796,0.22980970388562796
G3,W0065F0001T0006Z000C1N6.png,211,0.0,0.0
G3,W0065F0001T0006Z000C1N6.png,212,0.0,0.0
G3,W0065F0001T0006Z000C1N6.png,213,0.36336104634371585,0.36336104634371585
G3,W0065F0001T0006Z000C1N6.png,214,0.36336104634371585,0.36336104634371585
G3,W0065F0001T0006Z000C1N6.png,215,0.0,0.0
G3,W0065F0001T0006Z000C1N6.png,216,0.36336104634371585,0.36336104634371585
G3,W0065F0001T0006Z000C1N6.png,217,0.1625,0.1625
G3,W0065F0001T0006Z000C1N6.png,218,0.0,0.0
G3,W0065F0001T0006Z000C1N6.png,219,0.36336104634371585,0.36336104634371585
G3,W0065F0001T0006Z000C1N6.png,220,0.11490485194281398,0.11490485194281398
G3,W0065F0001T0006Z000C1N6.png,221,0.0,0.0
G3,W0065F0001T0006Z000C1N6.png,222,0.3447145558284419,0.3447145558284419
G3,W0065F0001T0006Z000C1N6.png,223,0.0,0.0
G3,W0065F0001T0006Z000C1N6.png,224,0.9192388155425119,0.9192388155425119
G3,W0065F0001T0006Z000C1N6.png,225,0.08125,0.08125
G3,W0065F0001T0006Z000C1N6.png,226,0.0,0.0
G3,W0065F0001T0006Z000C1N6.png,227,0.45961940777125593,0.45961940777125593
G3,W0065F0001T0006Z000C1N6.png,228,0.65,0.65
G3,W0065F0001T0006Z000C1N6.png,229,1.14904851942814,1.14904851942814
G3,W0065F0001T0006Z000C1N6.png,230,0.45961940777125593,0.45961940777125593
G3,W0065F0001T0006Z000C1N6.png,231,0.325,0.325
G3,W0065F0001T0006Z000C1N6.png,232,0.1625,0.1625
G3,W0065F0001T0006Z000C1N6.png,233,0.22980970388562796,0.22980970388562796
G3,W0065F0001T0006Z000C1N6.png,234,0.48750000000000004,0.48750000000000004
G3,W0065F0001T0006Z000C1N6.png,235,0.1625,0.1625
G3,W0065F0001T0006Z000C1N6.png,236,0.36336104634371585,0.36336104634371585
G3,W0065F0003T0006Z000C1N30.png,1,1.63013271183024,17.443911784706533
G3,W0065F0003T0006Z000C1N30.png,2,1.7577672771960593,18.680615885545134
G3,W0065F0003T0006Z000C1N30.png,3,1.3101168840985142,15.56017050838454
G3,W0065F0003T0006Z000C1N30.png,4,0.16750116604071746,13.487561182090149
G3,W0065F0003T0006Z000C1N30.png,5,3.861599079150616,13.91457752390223
G3,W0065F0003T0006Z000C1N30.png,6,2.101120854943975,13.080702989224953
G3,W0065F0003T0006Z000C1N30.png,7,1.6558306127927174,15.717310338445895
G3,W0065F0003T0006Z000C1N30.png,8,0.07267220926874421,10.56749881712792
G3,W0065F0003T0006Z000C1N30.png,9,4.004207019953212,5.588127589129706
G3,W0065F0003T0006Z000C1N30.png,10,0.19947437063183074,0.19947437063183074
G3,W0065F0001T0006Z000C1N47.png,1,11.298133142249654,
G3,W0065F0001T0006Z000C1N47.png,2,5.951693561499954,
G3,W0065F0001T0006Z000C1N47.png,3,13.894358767730388,
G3,W0065F0001T0006Z000C1N47.png,4,10.976270569961367,
G3,W0065F0001T0006Z000C1N47.png,5,9.922673639725023,
G3,W0065F0001T0006Z000C1N47.png,6,0.1625,
G3,W0065F0001T0006Z000C1N47.png,7,9.946327525775532,
G3,W0065F0001T0006Z000C1N47.png,8,6.296219723969297,
G3,W0065F0001T0006Z000C1N47.png,9,4.203853329089872,
G3,W0065F0001T0006Z000C1N47.png,10,5.202538442914189,
G3,W0065F0001T0006Z000C1N47.png,11,4.732071428032337,
G3,W0065F0001T0006Z000C1N47.png,12,6.982890376327877,
G3,W0065F0001T0006Z000C1N53.png,1,5.720392387109472,17.15542138253969
G3,W0065F0001T0006Z000C1N53.png,2,5.62859698526119,11.703377119779807
G3,W0065F0001T0006Z000C1N53.png,3,7.513233478359847,8.711376374719089
G3,W0065F0001T0006Z000C1N53.png,4,3.051280980997981,15.22736855549901
G3,W0065F0001T0006Z000C1N53.png,5,3.7770327722300743,15.902806601744864
G3,W0065F0001T0006Z000C1N53.png,6,4.863448260850463,14.983418795702068
G3,W0065F0001T0006Z000C1N53.png,7,0.1502466320870934,0.1502466320870934
G3,W0065F0001T0006Z000C1N53.png,8,0.10724945437618356,0.10724945437618356
G3,W0065F0001T0006Z000C1N53.png,9,0.9884489111734607,1.1718041645257966
G3,W0065F0001T0006Z000C1N53.png,10,7.327305237997203,18.4562075563557
G3,W0065F0001T0006Z000C1N53.png,11,3.3294757771483012,14.148932868302413
G3,W0065F0001T0006Z000C1N53.png,12,4.657490137260425,8.574205984326296
G3,W0065F0001T0006Z000C1N53.png,13,4.058750821008949,4.058750821008949
G3,W0065F0001T0006Z000C1N53.png,14,5.145120564670958,5.341530972015421
G3,W0065F0001T0006Z000C1N57.png,1,0.27619689031960865,
G3,W0065F0001T0006Z000C1N57.png,2,4.4866793777629095,
G3,W0065F0001T0006Z000C1N57.png,3,1.5800850633632013,
G3,W0065F0001T0006Z000C1N57.png,4,5.44435630951906,
G3,W0065F0001T0006Z000C1N57.png,5,2.203676521284189,
G3,W0065F0001T0006Z000C1N57.png,6,1.261339194071127,
G3,W0065F0001T0006Z000C1N57.png,7,3.335334766978047,
G3,W0065F0001T0006Z000C1N3.png,1,7.177942807119454,12.003098292694938
G3,W0065F0001T0006Z000C1N3.png,2,5.9327830350364525,6.955187509392996
G3,W0065F0001T0006Z000C1N3.png,3,10.347180322435673,14.609192846458015
G3,W0065F0001T0006Z000C1N3.png,4,7.0854928680843,11.062210015800348
G3,W0065F0001T0006Z000C1N3.png,5,0.09255087109081864,0.09255087109081864
G3,W0065F0001T0006Z000C1N3.png,6,9.363864219701181,13.153971002134679
G3,W0065F0001T0006Z000C1N3.png,7,8.165523942160723,12.182082129094354
G3,W0065F0001T0006Z000C1N3.png,8,6.612260185624631,6.880031967660692
G3,W0065F0001T0006Z000C1N80.png,1,1.2266833628545233,1.5908562164053386
G3,W0065F0001T0006Z000C1N80.png,2,0.07109375,0.07109375
G3,W0065F0001T0006Z000C1N80.png,3,4.2827840615191,9.368661335028563
G3,W0065F0001T0006Z000C1N80.png,4,4.568100158982944,4.696362455400989
G3,W0065F0001T0006Z000C1N80.png,5,4.427009321254126,8.573892652388496
G3,W0065F0001T0006Z000C1N80.png,6,5.814808353775362,6.285602371927279
G3,W0065F0001T0006Z000C1N80.png,7,0.11490485194281398,0.11490485194281398
G3,W0065F0001T0006Z000C1N80.png,8,1.6139939784584079,10.556060537080112
G3,W0065F0001T0006Z000C1N80.png,9,2.84375,4.4952622629274925
G3,W0065F0001T0006Z000C1N80.png,10,1.1718041645257964,2.8080075231380692
G3,W0065F0001T0006Z000C1N80.png,11,5.897615952118715,9.401412735258736
G3,W0065F0001T0006Z000C1N80.png,12,3.7788893716027863,9.055320701544066
G3,W0065F0001T0006Z000C1N80.png,13,0.07660323462854156,7.548625932725916
G3,W0065F0001T0006Z000C1N80.png,14,3.898077361733032,9.408968285704276
G3,W0065F0001T0006Z000C1N80.png,15,7.319880997154256,11.257497571063471
G3,W0065F0002T0006Z000C1N26.png,1,9.230377499019966,
G3,W0065F0002T0006Z000C1N26.png,2,7.460006702409857,
G3,W0065F0002T0006Z000C1N26.png,3,9.727534372921564,
G3,W0065F0002T0006Z000C1N26.png,4,9.734096298054377,
G3,W0065F0002T0006Z000C1N26.png,5,15.203115846605671,
G3,W0065F0002T0006Z000C1N26.png,6,19.62015067475273,
G3,W0065F0002T0006Z000C1N26.png,7,16.001884735325543,
G3,W0065F0001T0006Z000C1N81.png,1,8.037723752717557,15.886966061051432
G3,W0065F0001T0006Z000C1N81.png,2,1.4062053482350867,7.613689365487158
G3,W0065F0001T0006Z000C1N81.png,3,6.464559633107269,11.518258603191718
G3,W0065F0001T0006Z000C1N81.png,4,1.9500000000000002,4.653291845564815
G3,W0065F0001T0006Z000C1N81.png,5,5.819845362499143,11.141829547628289
G3,W0065F0001T0006Z000C1N81.png,6,1.4744735554173214,1.5965080302413128
G3,W0065F0001T0006Z000C1N81.png,7,0.036336104634371584,1.6607627201078425
G3,W0065F0001T0006Z000C1N81.png,8,0.04999999999999982,0.04999999999999982
G3,W0065F0001T0006Z000C1N81.png,9,2.2128046435453514,5.495533968145528
G3,W0065F0001T0006Z000C1N81.png,10,6.419264219908697,11.821805197388427
G3,W0065F0001T0006Z000C1N81.png,11,6.916381972932646,10.297745632043181
G3,W0065F0001T0006Z000C1N81.png,12,5.846257700085157,9.08784517851521
G3,W0065F0001T0006Z000C1N81.png,13,4.001123736045658,8.696364700740812
G3,W0065F0002T0006Z000C1N8.png,1,1.878228968980448,11.83368301582429
G3,W0065F0002T0006Z000C1N8.png,2,2.022997650598963,8.921274367608868
G3,W0065F0002T0006Z000C1N8.png,3,1.9835652875567267,14.197144299118749
G3,W0065F0002T0006Z000C1N8.png,4,1.657181341917655,6.385236878926262
G3,W0065F0002T0006Z000C1N8.png,5,3.768412151286899,15.384425091797375
G3,W0065F0002T0006Z000C1N8.png,6,0.6894291116568838,12.579851201425239
G3,W0065F0002T0006Z000C1N8.png,7,0.12335558991184788,0.12335558991184788
G3,W0065F0002T0006Z000C1N8.png,8,4.263870340169571,16.635435843236703
G3,W0065F0002T0006Z000C1N8.png,9,3.3129172526847386,16.39394146534184
G3,W0065F0001T0006Z000C1N40.png,1,7.2570396857120745,
G3,W0065F0001T0006Z000C1N40.png,2,5.52882708088308,
G3,W0065F0001T0006Z000C1N40.png,3,2.7169861775299653,
G3,W0065F0001T0006Z000C1N40.png,4,3.9373864477898284,
G3,W0065F0001T0006Z000C1N40.png,5,4.192671454289153,
G3,W0065F0001T0006Z000C1N40.png,6,3.9314002852832215,
G3,W0065F0001T0006Z000C1N40.png,7,3.7277726677602,
G3,W0065F0001T0006Z000C1N40.png,8,3.1709627690675433,
G3,W0065F0001T0006Z000C1N40.png,9,5.194844702163081,
G3,W0065F0001T0006Z000C1N40.png,10,5.338642236069476,
G3,W0065F0001T0006Z000C1N40.png,11,0.7872822670780517,
G3,W0065F0001T0006Z000C1N40.png,12,1.8545657342084156,
G3,W0065F0001T0006Z000C1N40.png,13,0.33500233208143493,
G3,W0065F0001T0006Z000C1N40.png,14,5.825120706903849,
G3,W0065F0001T0006Z000C1N40.png,15,0.06090951492389675,
G3,W0065F0001T0006Z000C1N40.png,16,0.11490485194281398,
G3,W0065F0001T0006Z000C1N40.png,17,3.2257911801598778,
G3,W0065F0001T0006Z000C1N40.png,18,1.787795430131759,
G3,W0065F0001T0006Z000C1N40.png,19,1.3101168840985142,
G3,W0065F0001T0006Z000C1N40.png,20,1.5057534782741149,
G3,W0065F0001T0006Z000C1N40.png,21,1.105119478834755,
G3,W0065F0001T0006Z000C1N40.png,22,3.1927840173576008,
G3,W0065F0001T0006Z000C1N40.png,23,1.8687500000000001,
G3,W0065F0001T0006Z000C1N40.png,24,1.5486168545027081,
G3,W0065F0002T0006Z000C1N18.png,1,1.7443012370446673,
G3,W0065F0002T0006Z000C1N18.png,2,6.44208054489866,
G3,W0065F0002T0006Z000C1N18.png,3,1.4937630752565816,
G3,W0065F0002T0006Z000C1N18.png,4,6.584759866540313,
G3,W0065F0002T0006Z000C1N18.png,5,1.8664170219969602,
G3,W0065F0002T0006Z000C1N18.png,6,2.2472639614651415,
G3,W0065F0002T0006Z000C1N18.png,7,4.059710580817308,
G3,W0065F0001T0006Z000C1N96.png,1,0.05780598269904666,0.05780598269904666
G3,W0065F0001T0006Z000C1N96.png,2,0.04487637339278737,0.04487637339278737
G3,W0065F0001T0006Z000C1N96.png,3,4.241374519244911,4.241374519244911
G3,W0065F0001T0006Z000C1N96.png,4,0.037160988877958705,0.037160988877958705
G3,W0065F0001T0006Z000C1N96.png,5,0.044666977610857694,0.044666977610857694
G3,W0065F0001T0006Z000C1N96.png,6,0.11250000000000018,0.11250000000000018
G3,W0065F0001T0006Z000C1N96.png,7,2.640625,2.640625
G3,W0065F0001T0006Z000C1N96.png,8,5.367271377601129,5.367271377601129
G3,W0065F0001T0006Z000C1N96.png,9,4.428764099190767,7.534105392142944
G3,W0065F0001T0006Z000C1N82.png,1,9.564750552157646,
G3,W0065F0001T0006Z000C1N82.png,2,9.104442275099832,
G3,W0065F0001T0006Z000C1N82.png,3,10.469750965597786,
G3,W0065F0001T0006Z000C1N82.png,4,11.951209405327981,
G3,W0065F0001T0006Z000C1N82.png,5,13.365624077671308,
G3,W0065F0001T0006Z000C1N82.png,6,10.758629094824302,
G3,W0065F0001T0006Z000C1N82.png,7,13.001015585330247,
G3,W0065F0001T0006Z000C1N82.png,8,8.96465606437991,
G3,W0065F0001T0006Z000C1N82.png,9,14.479058911147485,
G3,W0065F0001T0006Z000C1N82.png,10,12.34251417864286,
G3,W0065F0001T0006Z000C1N82.png,11,16.50785347941803,
G3,W0065F0001T0006Z000C1N26.png,1,3.104558140863205,9.76353227576987
G3,W0065F0001T0006Z000C1N26.png,2,0.18757385433749726,0.18757385433749726
G3,W0065F0001T0006Z000C1N26.png,3,3.388123917532466,10.843417181892224
G3,W0065F0001T0006Z000C1N26.png,4,1.3022549886852262,9.813738421496447
G3,W0065F0001T0006Z000C1N26.png,5,1.1316815475212096,13.865449979174857
G3,W0065F0001T0006Z000C1N26.png,6,3.2529056455558147,13.16622649580695
G3,W0065F0001T0006Z000C1N26.png,7,0.1625,12.021705629818094
G3,W0065F0001T0006Z000C1N26.png,8,4.451123453691214,14.191766979484973
G3,W0065F0001T0006Z000C1N26.png,9,6.806597213365869,17.33692996539468
G3,W0065F0001T0006Z000C1N26.png,10,5.897695524524813,17.04355174985543
G3,W0065F0001T0006Z000C1N26.png,11,2.7169861775299635,20.273824291161468
G3,W0065F0001T0006Z000C1N26.png,12,3.9373864477898293,19.166231759032947
G3,W0065F0001T0006Z000C1N26.png,13,5.45816189298192,17.267412407480165
G3,W0065F0001T0006Z000C1N26.png,14,5.091040539185117,17.81564184942323
G3,W0065F0001T0006Z000C1N26.png,15,5.850184237461663,18.478367281715105
G3,W0065F0002T0006Z000C1N54.png,1,5.850913897852424,12.50697863046107
G3,W0065F0002T0006Z000C1N54.png,2,11.768915957406612,21.80241976966089
G3,W0065F0002T0006Z000C1N54.png,3,11.376001433889952,23.323410430296356
G3,W0065F0002T0006Z000C1N54.png,4,7.991799599262677,17.86591425269849
G3,W0065F0002T0006Z000C1N54.png,5,10.362036770722668,23.498431547753892
G3,W0065F0002T0006Z000C1N54.png,6,7.183161734222612,19.9875
G3,W0065F0002T0006Z000C1N54.png,7,0.06488590113280594,0.06488590113280594
G3,W0065F0002T0006Z000C1N54.png,8,4.431488296495367,19.790248379272043
G3,W0065F0002T0006Z000C1N54.png,9,0.28714932186199943,0.28714932186199943
G3,W0065F0002T0006Z000C1N54.png,10,2.465690888704823,3.8622432892437843
G3,W0065F0002T0006Z000C1N54.png,11,5.070300916995843,18.495914057043937
G3,W0065F0002T0006Z000C1N55.png,1,4.966894307562826,5.141911882996441
G3,W0065F0002T0006Z000C1N55.png,2,2.2595429485671996,6.733051997239503
G3,W0065F0002T0006Z000C1N55.png,3,0.06958928570635821,0.06958928570635821
G3,W0065F0002T0006Z000C1N55.png,4,9.888174970807714,10.070810039472207
G3,W0065F0002T0006Z000C1N55.png,5,1.563565250206942,9.562429852369386
G3,W0065F0002T0006Z000C1N55.png,6,2.4670582811315995,2.9941038413021017
G3,W0065F0002T0006Z000C1N55.png,7,5.551149487358575,16.128063166748543
G3,W0065F0002T0006Z000C1N55.png,8,2.17503291775012,17.19075316904568
G3,W0065F0002T0006Z000C1N55.png,9,2.611322760334689,16.774631442474803
G3,W0065F0002T0006Z000C1N55.png,10,4.568704720035816,17.59113718500696
G3,W0065F0001T0006Z000C1N24.png,1,3.5279031909542105,4.505978968044479
G3,W0065F0001T0006Z000C1N24.png,2,3.1494202095385746,10.652894449690656
G3,W0065F0001T0006Z000C1N24.png,3,0.11892019966720854,0.11892019966720854
G3,W0065F0001T0006Z000C1N24.png,4,5.358535951962668,17.991110551165708
G3,W0065F0001T0006Z000C1N24.png,5,3.79304379753253,17.45392219531186
G3,W0065F0001T0006Z000C1N24.png,6,5.586938774627988,20.072096435748488
G3,W0065F0001T0006Z000C1N24.png,7,3.440201280930568,10.031909270089933
G3,W0065F0001T0006Z000C1N24.png,8,2.102430670244973,13.23630245085118
G3,W0065F0001T0006Z000C1N24.png,9,0.0,13.827785659678124
G3,W0065F0001T0006Z000C1N24.png,10,2.4521604365919254,18.748183868646482
G3,W0065F0001T0006Z000C1N24.png,11,3.387023951790125,19.851515055531657
G3,W0065F0001T0006Z000C1N24.png,12,2.471122277933652,18.136230357009143
G3,W0065F0001T0006Z000C1N24.png,13,3.0105948332513948,19.21024938021368
G3,W0065F0001T0006Z000C1N24.png,14,6.336162410284806,20.314754813122505
G3,W0065F0001T0006Z000C1N24.png,15,6.945350001190051,22.67952847038559
G3,W0065F0001T0006Z000C1N24.png,16,4.41823724040482,21.345257999436317
G3,W0065F0001T0006Z000C1N30.png,1,0.4519585477957229,24.283043140071264
G3,W0065F0001T0006Z000C1N30.png,2,2.1712841872095643,29.011493963719285
G3,W0065F0001T0006Z000C1N30.png,3,1.0277402395547235,21.20049011815529
G3,W0065F0001T0006Z000C1N30.png,4,4.959911557301199,25.766948684919022
G3,W0065F0001T0006Z000C1N30.png,5,0.5426882373510447,20.777505474364457
G3,W0065F0001T0006Z000C1N30.png,6,0.8750892811593576,14.098408598136173
G3,W0065F0001T0006Z000C1N30.png,7,2.235089241772041,12.625830957785215
G3,W0065F0001T0006Z000C1N30.png,8,5.528303527537007,8.215508584307374
G3,W0065F0001T0006Z000C1N30.png,9,2.520060143131509,10.696030951946614
G3,W0065F0001T0006Z000C1N30.png,10,3.9545357237054297,8.46892391904155
G3,W0065F0001T0006Z000C1N30.png,11,4.320874015398326,7.393353163953718
G3,W0065F0001T0006Z000C1N30.png,12,1.1287610741427967,21.200645811212926
G3,W0065F0001T0006Z000C1N30.png,13,4.756818658060735,10.628483349213015
G3,W0065F0001T0006Z000C1N30.png,14,5.21351977312304,8.123913830460348
G3,W0065F0001T0006Z000C1N30.png,15,0.7872822670780505,3.4845000288978167
G3,W0065F0001T0006Z000C1N30.png,16,1.1592172886142722,16.254513262133962
G3,W0065F0001T0006Z000C1N30.png,17,1.5775896369144926,3.65625
G3,W0065F0001T0006Z000C1N30.png,18,6.585762341976819,9.996722119024815
G3,W0065F0001T0006Z000C1N30.png,19,0.08125,0.08125
G3,W0065F0003T0006Z000C1N8.png,1,8.924799653338873,
G3,W0065F0003T0006Z000C1N8.png,2,12.016608406499554,
G3,W0065F0003T0006Z000C1N8.png,3,10.091040658054055,
G3,W0065F0003T0006Z000C1N8.png,4,4.627435380761683,
G3,W0065F0001T0006Z000C1N20.png,1,10.028081908212183,17.217165450004032
G3,W0065F0001T0006Z000C1N20.png,2,1.0811478806323949,6.915558702546552
G3,W0065F0001T0006Z000C1N20.png,3,6.630716873008529,13.678021832487328
G3,W0065F0001T0006Z000C1N20.png,4,0.9475296829123614,4.0625
G3,W0065F0001T0006Z000C1N20.png,5,4.816144723739103,10.990815768176628
G3,W0065F0001T0006Z000C1N20.png,6,3.877187512593697,10.322947596026657
G3,W0065F0001T0006Z000C1N20.png,7,0.0,5.715289253397417
G3,W0065F0001T0006Z000C1N20.png,8,0.08125,5.4243123124042185
G3,W0065F0001T0006Z000C1N20.png,9,2.6510201640418076,9.48253378441945
G3,W0065F0001T0006Z000C1N20.png,10,6.627834596892003,15.600938043356479
G3,W0065F0001T0006Z000C1N20.png,11,6.8529931872868515,17.11465243950341
G3,W0065F0001T0006Z000C1N20.png,12,1.5265489060295447,4.732768910743477
G3,W0065F0001T0006Z000C1N20.png,13,2.113010142485099,2.6083809437962056
G3,W0065F0001T0006Z000C1N20.png,14,4.923657635730666,11.904411311801837
G3,W0065F0001T0006Z000C1N20.png,15,1.0562500000000001,7.754587855747074
G3,W0065F0001T0006Z000C1N20.png,16,0.5450415695155738,5.123906133263958
G3,W0065F0001T0006Z000C1N20.png,17,0.6550584420492571,7.209306593737015
G3,W0065F0002T0006Z000C1N51.png,1,2.1412443603004836,2.1412443603004836
G3,W0065F0002T0006Z000C1N51.png,2,3.0706313874785747,10.658509930377248
G3,W0065F0002T0006Z000C1N51.png,3,0.1719041584649497,0.1719041584649497
G3,W0065F0002T0006Z000C1N51.png,4,3.7901187316494456,10.760641535243149
G3,W0065F0002T0006Z000C1N51.png,5,6.1555857966565615,12.706184970320557
G3,W0065F0002T0006Z000C1N51.png,6,6.791920983314745,13.917592084217045
G3,W0065F0002T0006Z000C1N51.png,7,15.950448546448724,24.784316053217314
G3,W0065F0002T0006Z000C1N51.png,8,10.510182934302332,22.44209719617353
G3,W0065F0003T0006Z000C1N9.png,1,8.103784106223326,
G3,W0065F0003T0006Z000C1N9.png,2,7.925860622898869,
G3,W0065F0003T0006Z000C1N9.png,3,11.695555796567557,
G3,W0065F0003T0006Z000C1N41.png,1,2.9831034594864456,4.237481563381722
G3,W0065F0003T0006Z000C1N41.png,2,0.30701081798710467,0.36587568566537887
G3,W0065F0003T0006Z000C1N41.png,3,2.815103733040361,5.5815326698358065
G3,W0065F0003T0006Z000C1N41.png,4,6.108357491994063,10.840102052102647
G3,W0065F0003T0006Z000C1N41.png,5,1.3650764234925856,9.603875427415156
G3,W0065F0003T0006Z000C1N41.png,6,1.865649621897789,4.295279251634892
G3,W0065F0003T0006Z000C1N41.png,7,2.361846801234153,5.68808032753582
G3,W0065F0003T0006Z000C1N41.png,8,3.1317874505559185,4.416895570199972
G3,W0065F0003T0006Z000C1N41.png,9,0.06728908265624331,0.06728908265624331
G3,W0065F0003T0006Z000C1N41.png,10,2.157166673105154,2.157166673105154
G3,W0065F0003T0006Z000C1N41.png,11,2.0580482258683848,2.0580482258683848
G3,W0065F0003T0006Z000C1N41.png,12,3.1949639986066476,3.1949639986066476
G3,W0065F0001T0006Z000C1N36.png,1,7.527709229905204,12.923392066326858
G3,W0065F0001T0006Z000C1N36.png,2,5.67096803660735,13.288508637373706
G3,W0065F0001T0006Z000C1N36.png,3,5.5668091749611905,12.561302035811277
G3,W0065F0001T0006Z000C1N36.png,4,6.0908002119772595,11.766640846288952
G3,W0065F0001T0006Z000C1N36.png,5,3.386855135167663,10.867788527540407
G3,W0065F0001T0006Z000C1N36.png,6,5.750024401012999,9.556873428030098
G3,W0065F0001T0006Z000C1N36.png,7,4.1652018258422965,10.007942158605834
G3,W0065F0001T0006Z000C1N36.png,8,1.3421201511042138,12.380809202148301
G3,W0065F0001T0006Z000C1N36.png,9,3.5528409090909085,9.149880128516385
G3,W0065F0001T0006Z000C1N36.png,10,4.870051018049274,8.345457911447168
G3,W0065F0001T0006Z000C1N36.png,11,6.79990096625138,10.737252736740652
G3,W0065F0001T0006Z000C1N36.png,12,0.08125,2.235482679982111
G3,W0065F0001T0006Z000C1N36.png,13,0.325,3.8040274709838786
G3,W0065F0001T0006Z000C1N36.png,14,4.308642721854742,8.576555479346363
G3,W0065F0001T0006Z000C1N36.png,15,0.08125,0.08125
G3,W0065F0001T0006Z000C1N36.png,16,1.928820163266192,6.46855239902166
G3,W0065F0001T0006Z000C1N36.png,17,2.735604366497465,6.571512858543304
G3,W0065F0001T0006Z000C1N36.png,18,3.5003571246374277,11.390079290768787
G3,W0065F0001T0006Z000C1N36.png,19,0.24703800877148063,4.982450102888917
G3,W0065F0001T0006Z000C1N36.png,20,2.7974899919574407,6.518420963871917
G3,W0065F0001T0006Z000C1N36.png,21,2.289462955585873,7.472350073771972
G3,W0065F0001T0006Z000C1N36.png,22,1.9742245313033666,8.628122623143463
G3,W0065F0001T0006Z000C1N22.png,1,3.0786346439171766,
G3,W0065F0001T0006Z000C1N22.png,2,0.976281209488331,
G3,W0065F0001T0006Z000C1N22.png,3,4.217359942572581,
G3,W0065F0001T0006Z000C1N22.png,4,4.430144608249261,
G3,W0065F0001T0006Z000C1N22.png,5,1.526308637057249,
G3,W0065F0001T0006Z000C1N22.png,6,2.4130018907990936,
G3,W0065F0001T0006Z000C1N22.png,7,0.12187500000000001,
G3,W0065F0001T0006Z000C1N22.png,8,3.2544910376374543,
G3,W0065F0001T0006Z000C1N22.png,9,5.24361591008533,
G3,W0065F0001T0006Z000C1N22.png,10,0.8365199489551939,
G3,W0065F0001T0006Z000C1N22.png,11,0.0,
G3,W0065F0001T0006Z000C1N22.png,12,1.6914159001080709,
G3,W0065F0001T0006Z000C1N22.png,13,5.988077212123029,
G3,W0065F0001T0006Z000C1N13.png,1,6.451577447609228,6.773053802569414
G3,W0065F0001T0006Z000C1N13.png,2,3.428424339640355,3.874051553339543
G3,W0065F0001T0006Z000C1N13.png,3,0.04062500000000023,0.04062500000000023
G3,W0065F0001T0006Z000C1N13.png,4,5.643165930255137,10.266851716572907
G3,W0065F0001T0006Z000C1N13.png,5,3.640463367919428,10.357695567148838
G3,W0065F0001T0006Z000C1N13.png,6,0.08125,4.662504189006161
G3,W0065F0001T0006Z000C1N13.png,7,2.709296125163723,9.198096161370959
G3,W0065F0001T0006Z000C1N13.png,8,0.5450415695155738,6.714318305866948
G3,W0065F0001T0006Z000C1N13.png,9,3.3185785843191637,10.732274131481397
G3,W0065F0001T0006Z000C1N13.png,10,2.160224798616005,9.300986077502154
G3,W0065F0001T0006Z000C1N13.png,11,0.5698149650437018,6.232787139230666
G3,W0065F0001T0006Z000C1N13.png,12,2.3576504458888725,10.698499456699523
G3,W0065F0001T0006Z000C1N13.png,13,3.4788753362792257,12.18942477913872
G3,W0065F0001T0006Z000C1N13.png,14,0.9263925328930496,3.5989256209318916
G3,W0065F0001T0006Z000C1N13.png,15,1.2877129802047327,8.91395321180479
G3,W0065F0001T0006Z000C1N13.png,16,1.5458866792232864,3.6930784076431413
G3,W0065F0001T0006Z000C1N13.png,17,0.030092592592593448,0.030092592592593448
G3,W0065F0001T0006Z000C1N13.png,18,2.9148595592240802,18.16714926729012
G3,W0065F0001T0006Z000C1N13.png,19,3.6964008698321513,5.40901749854692
G3,W0065F0001T0006Z000C1N13.png,20,4.3350468617308815,4.606257184714734
G3,W0065F0001T0006Z000C1N13.png,21,0.11490485194281398,0.11490485194281398
G3,W0065F0001T0006Z000C1N13.png,22,4.67875851588859,6.345827861674157
G3,W0065F0001T0006Z000C1N13.png,23,0.08125,0.08125
G3,W0065F0001T0006Z000C1N13.png,24,0.08125,0.08125
G3,W0065F0001T0006Z000C1N13.png,25,0.08125,0.08125
G3,W0065F0003T0006Z000C1N6.png,1,,
G3,W0065F0003T0006Z000C1N6.png,2,,
G3,W0065F0003T0006Z000C1N6.png,3,,
G3,W0065F0003T0006Z000C1N6.png,4,,
G3,W0065F0003T0006Z000C1N6.png,5,,
G3,W0065F0003T0006Z000C1N6.png,6,,
G3,W0065F0001T0006Z000C1N11.png,1,5.083790118859705,
G3,W0065F0001T0006Z000C1N11.png,2,9.892500315895875,
G3,W0065F0001T0006Z000C1N11.png,3,6.382461693102263,
G3,W0065F0001T0006Z000C1N11.png,4,5.910712731980806,
G3,W0065F0001T0006Z000C1N11.png,5,7.4186188910066,
G3,W0065F0001T0006Z000C1N11.png,6,3.5759231762581254,
G3,W0065F0003T0006Z000C1N2.png,1,6.104491522069938,
G3,W0065F0003T0006Z000C1N2.png,2,3.7380989064303867,
G3,W0065F0003T0006Z000C1N2.png,3,3.192618439463131,
G3,W0065F0001T0006Z000C1N16.png,1,10.417059792581698,
G3,W0065F0001T0006Z000C1N16.png,2,3.929347407693449,
G3,W0065F0001T0006Z000C1N16.png,3,18.364969379463773,
G3,W0065F0001T0006Z000C1N16.png,4,2.8932302448992893,
G3,W0065F0003T0006Z000C1N13.png,1,8.83871543975707,
G3,W0065F0003T0006Z000C1N13.png,2,7.616727069417678,
G3,W0065F0003T0006Z000C1N13.png,3,4.386228414017151,
G3,W0065F0003T0006Z000C1N13.png,4,1.304858708826362,
G3,W0065F0003T0006Z000C1N13.png,5,4.1429533547941375,
G3,W0065F0003T0006Z000C1N13.png,6,4.799228686678136,
G3,W0065F0003T0006Z000C1N13.png,7,4.760317741495834,
G3,W0065F0002T0006Z000C1N29.png,1,8.489623354327959,
G3,W0065F0002T0006Z000C1N29.png,2,7.4775430456801795,
G3,W0065F0002T0006Z000C1N29.png,3,4.988776465727844,
G3,W0065F0002T0006Z000C1N29.png,4,1.903748358502247,
G3,W0065F0002T0006Z000C1N29.png,5,7.767771961766128,
G3,W0065F0002T0006Z000C1N29.png,6,4.992602239090211,
G3,W0065F0002T0006Z000C1N29.png,7,6.253611456590503,
G3,W0065F0002T0006Z000C1N29.png,8,1.4536215969330921,
G3,W0065F0002T0006Z000C1N29.png,9,4.097903427363801,
G3,W0065F0001T0006Z000C1N59.png,1,5.540852266082118,
G3,W0065F0001T0006Z000C1N59.png,2,2.645787453670457,
G3,W0065F0001T0006Z000C1N59.png,3,2.3109876811657823,
G3,W0065F0001T0006Z000C1N59.png,4,0.8125,
G3,W0065F0001T0006Z000C1N59.png,5,4.238602670120862,
G3,W0065F0001T0006Z000C1N59.png,6,4.326896260600663,
G3,W0065F0001T0006Z000C1N59.png,7,4.75892857142857,
G3,W0065F0001T0006Z000C1N59.png,8,0.901298266823655,
G3,W0065F0001T0006Z000C1N59.png,9,5.175369532971733,
G3,W0065F0001T0006Z000C1N59.png,10,4.225000000000001,
G3,W0065F0001T0006Z000C1N59.png,11,6.591899177446892,
G3,W0065F0001T0006Z000C1N59.png,12,4.139159221689834,
G3,W0065F0002T0006Z000C1N7.png,1,0.1567937137365433,0.1567937137365433
G3,W0065F0002T0006Z000C1N7.png,2,0.4372427815298955,0.7614993434008988
G3,W0065F0002T0006Z000C1N7.png,3,0.04506939094329923,0.04506939094329923
G3,W0065F0002T0006Z000C1N7.png,4,1.5458866792232864,2.6527845040636078
G3,W0065F0002T0006Z000C1N7.png,5,0.11490485194281398,0.11490485194281398
G3,W0065F0002T0006Z000C1N7.png,6,1.1745052149735222,3.0237228708993813
G3,W0065F0002T0006Z000C1N7.png,7,0.05149366102772937,0.05149366102772937
G3,W0065F0002T0006Z000C1N7.png,8,6.591173074650673,7.267584278837088
G3,W0065F0002T0006Z000C1N7.png,9,3.6742057384749116,3.6742057384749116
G3,W0065F0002T0006Z000C1N7.png,10,5.608604578012254,5.608604578012254
G3,W0065F0002T0006Z000C1N5.png,1,1.0642061464877104,9.06203638660882
G3,W0065F0002T0006Z000C1N5.png,2,0.07267220926874317,8.489905770972962
G3,W0065F0002T0006Z000C1N5.png,3,5.232493170424423,6.586165153278917
G3,W0065F0002T0006Z000C1N5.png,4,0.4142953354794138,7.595028184608666
G3,W0065F0002T0006Z000C1N5.png,5,0.7822574083334474,7.328225744474817
G3,W0065F0002T0006Z000C1N5.png,6,3.1383962863220445,3.1383962863220445
G3,W0065F0002T0006Z000C1N5.png,7,1.1287610741427967,6.469969691775998
G3,W0065F0002T0006Z000C1N5.png,8,0.4703171142261649,1.302131769932429
G3,W0065F0002T0006Z000C1N5.png,9,0.05326382566026243,0.05326382566026243
G3,W0065F0002T0006Z000C1N5.png,10,1.585705459899648,3.390071799469083
G3,W0065F0002T0006Z000C1N5.png,11,0.08125,4.654001134776398
G3,W0065F0002T0006Z000C1N5.png,12,0.04999999999999982,0.04999999999999982
G3,W0065F0002T0006Z000C1N5.png,13,0.040625,5.486781879264475
G3,W0065F0002T0006Z000C1N5.png,14,0.032500000000000466,0.032500000000000466
G3,W0065F0002T0006Z000C1N5.png,15,0.0,1.1830178570080843
G3,W0065F0002T0006Z000C1N5.png,16,1.075941448221045,6.023119000982797
G3,W0065F0002T0006Z000C1N5.png,17,0.046428571428571264,0.046428571428571264
G3,W0065F0002T0006Z000C1N5.png,18,0.08125,3.7277726677602
G3,W0065F0002T0006Z000C1N5.png,19,0.05785002535892006,0.05785002535892006
G3,W0065F0002T0006Z000C1N5.png,20,0.0,1.14904851942814
G3,W0065F0002T0006Z000C1N5.png,21,0.12112034878123895,7.128835468636437
G3,W0065F0002T0006Z000C1N5.png,22,0.06936717923885526,0.06936717923885526
G3,W0065F0002T0006Z000C1N5.png,23,0.7719673840100434,8.897707431179349
G3,W0065F0001T0006Z000C1N73.png,1,6.582834685756585,11.595989069501575
G3,W0065F0001T0006Z000C1N73.png,2,8.067924531749167,12.800421135650186
G3,W0065F0001T0006Z000C1N73.png,3,4.419057293259628,6.152274703536715
G3,W0065F0001T0006Z000C1N73.png,4,0.08125,0.08125
G3,W0065F0001T0006Z000C1N73.png,5,2.637146944161823,8.405142414326008
G3,W0065F0001T0006Z000C1N73.png,6,0.08125,6.228754515350561
G3,W0065F0001T0006Z000C1N73.png,7,4.347622269197182,4.347622269197182
G3,W0065F0001T0006Z000C1N73.png,8,0.11490485194281398,0.11490485194281398
G3,W0065F0001T0006Z000C1N73.png,9,1.9768978223469214,4.831472342878515
G3,W0065F0003T0006Z000C1N11.png,1,3.4448663028393183,3.932284606762865
G3,W0065F0003T0006Z000C1N11.png,2,4.079526818455787,4.539105260125612
G3,W0065F0003T0006Z000C1N11.png,3,0.11892019966720813,0.11892019966720813
G3,W0065F0003T0006Z000C1N11.png,4,0.024308035587759534,0.024308035587759534
G3,W0065F0003T0006Z000C1N11.png,5,0.054166666666666474,0.054166666666666474
G3,W0065F0003T0006Z000C1N11.png,6,2.6792023066577104,3.877761113065115
G3,W0065F0003T0006Z000C1N11.png,7,0.08125,2.19375
G3,W0065F0003T0006Z000C1N11.png,8,0.08125,0.08125
G3,W0065F0003T0006Z000C1N11.png,9,0.15662455107677023,0.15662455107677023
G3,W0065F0003T0006Z000C1N11.png,10,0.13033288236635238,0.13033288236635238
G3,W0065F0001T0006Z000C1N62.png,1,6.113218899442421,6.113218899442421
G3,W0065F0001T0006Z000C1N62.png,2,0.0672890826562436,0.0672890826562436
G3,W0065F0001T0006Z000C1N62.png,3,6.7865521621389675,6.7865521621389675
G3,W0065F0001T0006Z000C1N62.png,4,8.46132054188352,8.46132054188352
G3,W0065F0001T0006Z000C1N62.png,5,1.6907029787931411,3.3352110596632416
G3,W0065F0001T0006Z000C1N62.png,6,6.991750160903921,17.326074326358526
G3,W0065F0001T0006Z000C1N62.png,7,4.589044237818181,4.626966771217011
G3,W0065F0001T0006Z000C1N62.png,8,6.866485915410488,6.866485915410488
G3,W0065F0001T0006Z000C1N62.png,9,7.412682181677036,20.783249631245358
G3,W0065F0001T0006Z000C1N62.png,10,8.309823641047535,10.173500974114688
G3,W0065F0001T0006Z000C1N62.png,11,6.524835366697002,21.403939656345976
G3,W0065F0001T0006Z000C1N62.png,12,6.402903258592064,13.533647625660851
G3,W0065F0001T0006Z000C1N62.png,13,3.29939033194013,16.500952860744135
G3,W0065F0001T0006Z000C1N62.png,14,4.733466290679591,17.680791572353314
G3,W0065F0001T0006Z000C1N62.png,15,3.57035150003754,17.50939837502825
G3,W0065F0001T0006Z000C1N62.png,16,3.7388735398809922,19.564029714773888
G3,W0065F0003T0006Z000C1N29.png,1,0.32499999999999923,
G3,W0065F0003T0006Z000C1N29.png,2,5.416439097783709,
G3,W0065F0003T0006Z000C1N29.png,3,4.462812685343528,
G3,W0065F0003T0006Z000C1N29.png,4,3.3823819731810305,
G3,W0065F0003T0006Z000C1N29.png,5,3.8523126171171516,
G3,W0065F0003T0006Z000C1N29.png,6,5.228714393621959,
G3,W0065F0003T0006Z000C1N29.png,7,1.9835652875567267,
G3,W0065F0003T0006Z000C1N29.png,8,0.9571573400497485,
G3,W0065F0003T0006Z000C1N29.png,9,4.74847380452101,
G3,W0065F0003T0006Z000C1N29.png,10,3.372021834152324,
G3,W0065F0003T0006Z000C1N15.png,1,6.714318305866948,
G3,W0065F0003T0006Z000C1N15.png,2,4.2631093772620945,
G3,W0065F0003T0006Z000C1N15.png,3,4.294172159597976,
G3,W0065F0003T0006Z000C1N15.png,4,5.793871357952297,
G3,W0065F0003T0006Z000C1N15.png,5,10.455508117733928,
G3,W0065F0003T0006Z000C1N15.png,6,11.658105139394504,
G3,W0065F0003T0006Z000C1N14.png,1,11.728337744539932,
G3,W0065F0003T0006Z000C1N14.png,2,10.458518797309372,
G3,W0065F0003T0006Z000C1N14.png,3,5.934033272480552,
G3,W0065F0003T0006Z000C1N14.png,4,3.2247512854520397,
G3,W0065F0003T0006Z000C1N14.png,5,6.158942938930348,
G3,W0065F0003T0006Z000C1N14.png,6,3.524789444066128,
G3,W0065F0002T0006Z000C1N12.png,1,8.863077006761127,
G3,W0065F0002T0006Z000C1N12.png,2,17.85105213985999,
G3,W0065F0002T0006Z000C1N12.png,3,11.504839335036365,
G3,W0065F0002T0006Z000C1N12.png,4,13.61562291052949,
G3,W0065F0002T0006Z000C1N12.png,5,11.650591190028106,
G3,W0065F0002T0006Z000C1N12.png,6,11.816778325753598,
G3,W0065F0002T0006Z000C1N12.png,7,9.412439906846684,
G3,W0065F0002T0006Z000C1N12.png,8,1.825866660657344,
G3,W0065F0002T0006Z000C1N12.png,9,2.0962657460648932,
G3,W0065F0002T0006Z000C1N12.png,10,4.876506747763292,
G3,W0065F0003T0006Z000C1N28.png,1,6.4341295863504815,6.6227078785842375
G3,W0065F0003T0006Z000C1N28.png,2,4.1429533547941375,4.3603325561245905
G3,W0065F0003T0006Z000C1N28.png,3,7.286109605851161,10.963976464186093
G3,W0065F0003T0006Z000C1N28.png,4,6.055153409493437,6.370013368314073
G3,W0065F0003T0006Z000C1N28.png,5,5.061033738279167,7.303466642629376
G3,W0065F0003T0006Z000C1N28.png,6,5.057998124308687,20.543226343418866
G3,W0065F0003T0006Z000C1N28.png,7,0.40010984819796674,16.247613105949597
G3,W0065F0003T0006Z000C1N28.png,8,2.9295104113144914,18.46002860913276
G3,W0065F0003T0006Z000C1N28.png,9,3.7270839155952604,19.624673785328397
G3,W0065F0003T0006Z000C1N28.png,10,3.4282556588219757,22.172304440081852
G3,W0065F0003T0006Z000C1N28.png,11,11.276420134780993,28.865486352595614
G3,W0065F0003T0006Z000C1N28.png,12,4.1734353355479215,23.821967934030976
G3,W0065F0003T0006Z000C1N28.png,13,9.291590283692022,26.296918664550795
G3,W0065F0001T0006Z000C1N9.png,1,6.728019057172287,
G3,W0065F0001T0006Z000C1N9.png,2,6.196986105062056,
G3,W0065F0001T0006Z000C1N9.png,3,4.688287629301526,
G3,W0065F0001T0006Z000C1N9.png,4,5.852256509244959,
G3,W0065F0001T0006Z000C1N9.png,5,4.281651441033004,
G3,W0065F0001T0006Z000C1N9.png,6,5.2455040272599165,
G3,W0065F0001T0006Z000C1N9.png,7,7.973887352181499,
G3,W0065F0001T0006Z000C1N9.png,8,6.472724020843156,
G3,W0065F0001T0006Z000C1N9.png,9,5.119394800657593,
G3,W0065F0001T0006Z000C1N9.png,10,4.228123845158748,
G3,W0065F0001T0006Z000C1N9.png,11,0.11490485194281398,
G3,W0065F0001T0006Z000C1N9.png,12,2.021776377195994,
G3,W0065F0001T0006Z000C1N9.png,13,6.641659478247887,
G3,W0065F0001T0006Z000C1N9.png,14,1.369449515916376,
G3,W0065F0001T0006Z000C1N9.png,15,2.2853142306502403,
G3,W0065F0001T0006Z000C1N9.png,16,2.6829806204603166,
G3,W0065F0002T0006Z000C1N38.png,1,7.293304319074106,
G3,W0065F0002T0006Z000C1N38.png,2,6.373223534653108,
G3,W0065F0002T0006Z000C1N38.png,3,5.366044283268636,
G3,W0065F0002T0006Z000C1N38.png,4,5.225057927735035,
G3,W0065F0002T0006Z000C1N38.png,5,3.6663921831447603,
G3,W0065F0002T0006Z000C1N38.png,6,2.4887571744231356,
G3,W0065F0002T0006Z000C1N38.png,7,1.614872285971866,
G3,W0065F0003T0006Z000C1N16.png,1,1.245857364453235,5.056109562291516
G3,W0065F0003T0006Z000C1N16.png,2,1.7883205187487439,6.928253347305109
G3,W0065F0003T0006Z000C1N16.png,3,6.611269839364364,14.601756220476435
G3,W0065F0003T0006Z000C1N16.png,4,1.4636241354465265,10.3015650056554
G3,W0065F0002T0006Z000C1N11.png,1,7.681554837545732,20.042416825877616
G3,W0065F0002T0006Z000C1N11.png,2,0.06380996801551148,0.06380996801551148
G3,W0065F0002T0006Z000C1N11.png,3,1.600439392791867,8.996396848183165
G3,W0065F0002T0006Z000C1N11.png,4,3.9008462623512865,11.54121859088112
G3,W0065F0002T0006Z000C1N11.png,5,5.250535686956141,6.385236878926262
G3,W0065F0002T0006Z000C1N11.png,6,2.471122277933652,15.018068544673113
G3,W0065F0002T0006Z000C1N11.png,7,3.4433132663177775,13.683426334438316
G3,W0065F0002T0006Z000C1N11.png,8,3.4567077002546807,18.94954855992617
G3,W0065F0002T0006Z000C1N11.png,9,5.121005014751609,10.235252839790743
G3,W0065F0002T0006Z000C1N11.png,10,3.4738532280451917,19.766974509266714
G3,W0065F0002T0006Z000C1N11.png,11,6.28059677522961,10.387275304155992
G3,W0065F0003T0006Z000C1N17.png,1,1.4313459752025042,1.4313459752025042
G3,W0065F0003T0006Z000C1N17.png,2,0.11490485194281398,0.11490485194281398
G3,W0065F0003T0006Z000C1N17.png,3,0.05745242597140699,0.05745242597140699
G3,W0065F0003T0006Z000C1N17.png,4,0.051068823085695735,0.051068823085695735
G3,W0065F0003T0006Z000C1N17.png,5,0.8043339635996979,0.8043339635996979
G3,W0065F0003T0006Z000C1N17.png,6,0.07660323462854238,0.07660323462854238
G3,W0065F0003T0006Z000C1N17.png,7,0.07660323462854238,0.07660323462854238
G3,W0065F0003T0006Z000C1N17.png,8,0.045069390943300196,0.045069390943300196
G3,W0065F0003T0006Z000C1N17.png,9,0.09662944685757063,0.09662944685757063
G3,W0065F0003T0006Z000C1N17.png,10,0.08750892811593587,0.08750892811593587
G3,W0065F0003T0006Z000C1N17.png,11,0.0,0.0
G3,W0065F0003T0006Z000C1N17.png,12,0.08125,0.08125
G3,W0065F0003T0006Z000C1N17.png,13,0.931225670823136,0.931225670823136
G3,W0065F0003T0006Z000C1N17.png,14,0.07633406414890824,0.07633406414890824
G3,W0065F0003T0006Z000C1N17.png,15,0.020891791262330407,0.020891791262330407
G3,W0065F0003T0006Z000C1N17.png,16,0.07267220926874421,0.07267220926874421
G3,W0065F0003T0006Z000C1N17.png,17,0.08125,0.08125
G3,W0065F0003T0006Z000C1N17.png,18,0.222082787407781,0.222082787407781
G3,W0065F0003T0006Z000C1N17.png,19,0.033032822394883164,0.033032822394883164
G3,W0065F0003T0006Z000C1N17.png,20,0.05326382566026243,0.05326382566026243
G3,W0065F0003T0006Z000C1N17.png,21,0.06958928570635851,0.06958928570635851
G3,W0065F0003T0006Z000C1N17.png,22,0.09027777777777712,0.09027777777777712
G3,W0065F0003T0006Z000C1N17.png,23,0.060185185185184585,0.060185185185184585
G3,W0065F0002T0006Z000C1N39.png,1,6.095814754364772,
G3,W0065F0002T0006Z000C1N39.png,2,4.753492295266943,
G3,W0065F0002T0006Z000C1N39.png,3,1.8330835530602527,
G3,W0065F0002T0006Z000C1N39.png,4,1.6287978604785773,
G3,W0065F0001T0006Z000C1N8.png,1,10.395555691015272,
G3,W0065F0001T0006Z000C1N8.png,2,11.08692274515482,
G3,W0065F0001T0006Z000C1N8.png,3,8.507616073260476,
G3,W0065F0001T0006Z000C1N8.png,4,5.809186569300281,
G3,W0065F0001T0006Z000C1N8.png,5,6.937537599481164,
G3,W0065F0001T0006Z000C1N8.png,6,2.9797821333949908,
