group,image,pbody_id,distance_to_nucleus_um,distance_to_mitochondria_um
G5,W0075F0001T0006Z000C1N17.png,1,0.07660323462854296,0.07660323462854296
G5,W0075F0001T0006Z000C1N17.png,2,0.03721130845263835,0.03721130845263835
G5,W0075F0001T0006Z000C1N17.png,3,0.05416666666666705,0.05416666666666705
G5,W0075F0001T0006Z000C1N17.png,4,0.11490485194281398,0.11490485194281398
G5,W0075F0001T0006Z000C1N17.png,5,0.032829957697946735,0.032829957697946735
G5,W0075F0001T0006Z000C1N17.png,6,0.08125,0.08125
G5,W0075F0001T0006Z000C1N17.png,7,0.0,0.0
G5,W0075F0001T0006Z000C1N17.png,8,0.08125,0.08125
G5,W0075F0001T0006Z000C1N17.png,9,0.0,0.0
G5,W0075F0001T0006Z000C1N17.png,10,0.0,0.0
G5,W0075F0001T0006Z000C1N17.png,11,0.08108728705845081,0.08108728705845081
G5,W0075F0001T0006Z000C1N17.png,12,0.042763157894737364,0.042763157894737364
G5,W0075F0001T0006Z000C1N17.png,13,0.0,0.0
G5,W0075F0001T0006Z000C1N17.png,14,0.0,0.0
G5,W0075F0001T0006Z000C1N17.png,15,0.0,0.0
G5,W0075F0001T0006Z000C1N17.png,16,0.0,0.0
G5,W0075F0001T0006Z000C1N17.png,17,0.11094261566892294,0.11094261566892294
G5,W0075F0001T0006Z000C1N17.png,18,0.08074689918749264,0.08074689918749264
G5,W0075F0001T0006Z000C1N17.png,19,0.0,0.0
G5,W0075F0001T0006Z000C1N17.png,20,0.0,0.0
G5,W0075F0001T0006Z000C1N17.png,21,0.07231605016254031,0.07231605016254031
G5,W0075F0001T0006Z000C1N17.png,22,0.03830161731427242,0.03830161731427242
G5,W0075F0001T0006Z000C1N17.png,23,0.03830161731427242,0.03830161731427242
G5,W0075F0001T0006Z000C1N17.png,24,0.05813776741499329,0.05813776741499329
G5,W0075F0001T0006Z000C1N17.png,25,0.051100731131972325,0.051100731131972325
G5,W0075F0001T0006Z000C1N17.png,26,0.0,0.0
G5,W0075F0001T0006Z000C1N17.png,27,0.09238235762308697,0.09238235762308697
G5,W0075F0001T0006Z000C1N17.png,28,0.11042176709074755,0.11042176709074755
G5,W0075F0001T0006Z000C1N17.png,29,0.0,0.0
G5,W0075F0001T0006Z000C1N17.png,30,0.07795317524555534,0.07795317524555534
G5,W0075F0001T0006Z000C1N17.png,31,0.057096679975264034,0.057096679975264034
G5,W0075F0001T0006Z000C1N17.png,32,0.07847110137872244,0.07847110137872244
G5,W0075F0001T0006Z000C1N17.png,33,0.0,0.0
G5,W0075F0001T0006Z000C1N17.png,34,0.0766032346285432,0.0766032346285432
G5,W0075F0001T0006Z000C1N17.png,35,0.07267220926874421,0.07267220926874421
G5,W0075F0001T0006Z000C1N17.png,36,0.0,0.0
G5,W0075F0001T0006Z000C1N17.png,37,0.0,0.0
G5,W0075F0003T0006Z000C1N75.png,1,1.1965807768619536,1.9716964283468077
G5,W0075F0003T0006Z000C1N75.png,2,0.06601562500000001,0.06601562500000001
G5,W0075F0003T0006Z000C1N75.png,3,0.7665109669795991,3.609000251108332
G5,W0075F0003T0006Z000C1N75.png,4,0.7127806464824923,0.7127806464824923
G5,W0075F0003T0006Z000C1N75.png,5,0.0,0.0
G5,W0075F0003T0006Z000C1N75.png,6,0.6035714285714288,0.9426829519828945
G5,W0075F0003T0006Z000C1N75.png,7,0.06090951492389787,0.06090951492389787
G5,W0075F0003T0006Z000C1N75.png,8,1.7273986945693807,3.2903742188389455
G5,W0075F0003T0006Z000C1N75.png,9,0.07267220926874317,0.07267220926874317
G5,W0075F0003T0006Z000C1N75.png,10,0.08125,2.19375
G5,W0075F0003T0006Z000C1N75.png,11,0.11837009585126111,1.2776295912544362
G5,W0075F0003T0006Z000C1N75.png,12,0.02595436045312182,0.02595436045312182
G5,W0075F0003T0006Z000C1N75.png,13,0.9510068677459697,1.7369266140225958
G5,W0075F0003T0006Z000C1N75.png,14,0.032500000000000466,0.032500000000000466
G5,W0075F0003T0006Z000C1N75.png,15,0.07660323462854156,2.339222478849663
G5,W0075F0003T0006Z000C1N75.png,16,0.028726212985703495,0.028726212985703495
G5,W0075F0003T0006Z000C1N75.png,17,0.6211576103208463,2.683029868797495
G5,W0075F0003T0006Z000C1N75.png,18,0.11490485194281398,0.8365199489551939
G5,W0075F0003T0006Z000C1N75.png,19,0.032500000000000466,0.032500000000000466
G5,W0075F0003T0006Z000C1N63.png,1,0.08074689918749264,0.08074689918749264
G5,W0075F0003T0006Z000C1N63.png,2,0.07932807239407136,0.07932807239407136
G5,W0075F0003T0006Z000C1N63.png,3,0.08125,0.08125
G5,W0075F0003T0006Z000C1N63.png,4,0.057071951157506066,0.057071951157506066
G5,W0075F0003T0006Z000C1N63.png,5,0.1027625598244111,0.1027625598244111
G5,W0075F0003T0006Z000C1N63.png,6,0.07734769560643033,0.07734769560643033
G5,W0075F0003T0006Z000C1N63.png,7,0.0,0.0
G5,W0075F0003T0006Z000C1N63.png,8,0.0,0.0
G5,W0075F0003T0006Z000C1N63.png,9,0.07643442895042292,0.07643442895042292
G5,W0075F0003T0006Z000C1N63.png,10,0.06573858513346174,0.06573858513346174
G5,W0075F0003T0006Z000C1N63.png,11,0.08125,0.08125
G5,W0075F0003T0006Z000C1N63.png,12,0.06617089520664593,0.06617089520664593
G5,W0075F0003T0006Z000C1N63.png,13,0.047794117647058314,0.047794117647058314
G5,W0075F0003T0006Z000C1N63.png,14,0.04021669817998424,0.04021669817998424
G5,W0075F0003T0006Z000C1N63.png,15,0.016249999999999078,0.016249999999999078
G5,W0075F0003T0006Z000C1N63.png,16,0.0,0.0
G5,W0075F0003T0006Z000C1N63.png,17,0.07660323462854156,0.07660323462854156
G5,W0075F0003T0006Z000C1N63.png,18,0.06778873431478154,0.06778873431478154
G5,W0075F0003T0006Z000C1N63.png,19,0.05789906984815911,0.05789906984815911
G5,W0075F0003T0006Z000C1N63.png,20,0.0,0.0
G5,W0075F0003T0006Z000C1N63.png,21,0.04542013079296448,0.04542013079296448
G5,W0075F0003T0006Z000C1N63.png,22,0.09459160805298687,0.09459160805298687
G5,W0075F0003T0006Z000C1N63.png,23,0.0,0.0
G5,W0075F0003T0006Z000C1N63.png,24,0.0,0.0
G5,W0075F0003T0006Z000C1N63.png,25,0.0,0.0
G5,W0075F0003T0006Z000C1N63.png,26,0.04573337678622435,0.04573337678622435
G5,W0075F0003T0006Z000C1N63.png,27,0.0,0.0
G5,W0075F0003T0006Z000C1N63.png,28,0.08125,0.08125
G5,W0075F0003T0006Z000C1N63.png,29,0.06565991539589347,0.06565991539589347
G5,W0075F0003T0006Z000C1N9.png,1,0.08125,0.08125
G5,W0075F0003T0006Z000C1N9.png,2,0.0,0.0
G5,W0075F0003T0006Z000C1N9.png,3,0.06166441437328332,0.06166441437328332
G5,W0075F0003T0006Z000C1N9.png,4,0.0,0.0
G5,W0075F0003T0006Z000C1N9.png,5,0.11490485194281398,0.11490485194281398
G5,W0075F0003T0006Z000C1N9.png,6,0.06894291116568814,0.06894291116568814
G5,W0075F0003T0006Z000C1N9.png,7,0.05859020822629017,0.05859020822629017
G5,W0075F0003T0006Z000C1N9.png,8,0.09209328990289592,0.09209328990289592
G5,W0075F0003T0006Z000C1N9.png,9,0.07660323462854197,0.07660323462854197
G5,W0075F0003T0006Z000C1N9.png,10,0.09054117083282054,0.09054117083282054
G5,W0075F0003T0006Z000C1N9.png,11,0.08188230525615714,0.08188230525615714
G5,W0075F0003T0006Z000C1N9.png,12,0.08125,0.08125
G5,W0075F0003T0006Z000C1N9.png,13,0.03532608695652135,0.03532608695652135
G5,W0075F0003T0006Z000C1N9.png,14,0.0,0.0
G5,W0075F0003T0006Z000C1N9.png,15,0.06770833333333365,0.06770833333333365
G5,W0075F0003T0006Z000C1N9.png,16,0.05930250370470283,0.05930250370470283
G5,W0075F0003T0006Z000C1N9.png,17,0.07886785713387255,0.07886785713387255
G5,W0075F0003T0006Z000C1N9.png,18,0.01911764705882346,0.01911764705882346
G5,W0075F0003T0006Z000C1N9.png,19,0.06589659407823058,0.06589659407823058
G5,W0075F0003T0006Z000C1N9.png,20,0.04642857142857242,0.04642857142857242
G5,W0075F0003T0006Z000C1N9.png,21,0.09581387087244989,0.09581387087244989
G5,W0075F0003T0006Z000C1N9.png,22,0.6550584420492571,0.6550584420492571
G5,W0075F0003T0006Z000C1N9.png,23,0.07267220926874421,0.07267220926874421
G5,W0075F0003T0006Z000C1N9.png,24,0.07341001711105213,0.07341001711105213
G5,W0075F0003T0006Z000C1N9.png,25,0.0693597560975614,0.0693597560975614
G5,W0075F0003T0006Z000C1N9.png,26,0.059927038972403375,0.059927038972403375
G5,W0075F0003T0006Z000C1N9.png,27,0.07583333333333364,0.07583333333333364
G5,W0075F0003T0006Z000C1N9.png,28,0.04696397163314368,0.04696397163314368
G5,W0075F0003T0006Z000C1N9.png,29,0.05715854974256611,0.05715854974256611
G5,W0075F0003T0006Z000C1N9.png,30,0.08125,0.08125
G5,W0075F0003T0006Z000C1N9.png,31,0.08125,0.08125
G5,W0075F0003T0006Z000C1N9.png,32,0.05709667997526184,0.05709667997526184
G5,W0075F0003T0006Z000C1N9.png,33,0.08125,0.08125
G5,W0075F0003T0006Z000C1N9.png,34,0.0620372518147801,0.0620372518147801
G5,W0075F0003T0006Z000C1N9.png,35,0.03255011568127113,0.03255011568127113
G5,W0075F0003T0006Z000C1N9.png,36,0.11490485194281398,0.11490485194281398
G5,W0075F0003T0006Z000C1N9.png,37,0.08125,0.08125
G5,W0075F0003T0006Z000C1N9.png,38,0.05712580350685588,0.05712580350685588
G5,W0075F0003T0006Z000C1N9.png,39,0.05709667997526184,0.05709667997526184
G5,W0075F0003T0006Z000C1N9.png,40,0.06316864552749032,0.06316864552749032
G5,W0075F0003T0006Z000C1N9.png,41,0.0300925925925931,0.0300925925925931
G5,W0075F0003T0006Z000C1N9.png,42,0.11490485194281398,0.11490485194281398
G5,W0075F0003T0006Z000C1N9.png,43,0.0,0.0
G5,W0075F0003T0006Z000C1N9.png,44,0.08125,0.08125
G5,W0075F0003T0006Z000C1N9.png,45,0.0,0.0
G5,W0075F0003T0006Z000C1N9.png,46,0.07660323462854156,0.07660323462854156
G5,W0075F0003T0006Z000C1N9.png,47,0.07584958462221122,0.07584958462221122
G5,W0075F0003T0006Z000C1N9.png,48,0.0,0.0
G5,W0075F0003T0006Z000C1N9.png,49,0.0,0.0
G5,W0075F0003T0006Z000C1N9.png,50,0.08370029746612892,0.08370029746612892
G5,W0075F0003T0006Z000C1N9.png,51,0.0,0.0
G5,W0075F0003T0006Z000C1N9.png,52,0.07179484661171692,0.07179484661171692
G5,W0075F0003T0006Z000C1N9.png,53,0.054166666666666766,0.054166666666666766
G5,W0075F0003T0006Z000C1N9.png,54,0.07660323462854238,0.07660323462854238
G5,W0075F0003T0006Z000C1N9.png,55,0.040625,0.040625
G5,W0075F0003T0006Z000C1N9.png,56,0.040625,0.040625
G5,W0075F0003T0006Z000C1N9.png,57,0.028726212985703495,0.028726212985703495
G5,W0075F0003T0006Z000C1N9.png,58,0.6550584420492571,0.6550584420492571
G5,W0075F0003T0006Z000C1N9.png,59,0.07597901903124372,0.07597901903124372
G5,W0075F0003T0006Z000C1N9.png,60,0.0,0.0
G5,W0075F0003T0006Z000C1N9.png,61,0.0,0.0
G5,W0075F0003T0006Z000C1N9.png,62,0.03830161731427078,0.03830161731427078
G5,W0075F0003T0006Z000C1N9.png,63,0.06056017439062,0.06056017439062
G5,W0075F0003T0006Z000C1N9.png,64,0.08734112560656897,0.08734112560656897
G5,W0075F0003T0006Z000C1N9.png,65,0.08062872691691522,0.08062872691691522
G5,W0075F0003T0006Z000C1N9.png,66,0.1075290658380342,0.1075290658380342
G5,W0075F0001T0006Z000C1N14.png,1,0.07818543346703297,0.07818543346703297
G5,W0075F0001T0006Z000C1N14.png,2,0.08125,0.08125
G5,W0075F0001T0006Z000C1N14.png,3,0.06053545090545375,0.06053545090545375
G5,W0075F0001T0006Z000C1N14.png,4,0.0,0.0
G5,W0075F0001T0006Z000C1N14.png,5,0.06415527828823278,0.06415527828823278
G5,W0075F0001T0006Z000C1N14.png,6,0.0,0.0
G5,W0075F0001T0006Z000C1N14.png,7,0.0,0.0
G5,W0075F0001T0006Z000C1N14.png,8,0.11490485194281398,0.11490485194281398
G5,W0075F0001T0006Z000C1N14.png,9,0.0,0.0
G5,W0075F0001T0006Z000C1N14.png,10,0.0,0.0
G5,W0075F0001T0006Z000C1N14.png,11,0.0,0.0
G5,W0075F0001T0006Z000C1N14.png,12,0.010510178672554217,0.010510178672554217
G5,W0075F0001T0006Z000C1N14.png,13,0.05745242597140699,0.05745242597140699
G5,W0075F0001T0006Z000C1N14.png,14,0.0,0.0
G5,W0075F0001T0006Z000C1N14.png,15,0.022138461459209006,0.022138461459209006
G5,W0075F0001T0006Z000C1N14.png,16,0.09459160805298471,0.09459160805298471
G5,W0075F0001T0006Z000C1N14.png,17,0.0,0.0
G5,W0075F0001T0006Z000C1N14.png,18,0.07660323462854156,0.07660323462854156
G5,W0075F0001T0006Z000C1N14.png,19,0.06503173053642737,0.06503173053642737
G5,W0075F0001T0006Z000C1N14.png,20,0.05418541919160641,0.05418541919160641
G5,W0075F0001T0006Z000C1N14.png,21,0.11490485194281398,0.11490485194281398
G5,W0075F0001T0006Z000C1N14.png,22,0.0541666666666659,0.0541666666666659
G5,W0075F0001T0006Z000C1N14.png,23,0.0541666666666659,0.0541666666666659
G5,W0075F0001T0006Z000C1N14.png,24,0.08385043908492744,0.08385043908492744
G5,W0075F0001T0006Z000C1N14.png,25,0.0,0.0
G5,W0075F0001T0006Z000C1N14.png,26,0.06500000000000093,0.06500000000000093
G5,W0075F0001T0006Z000C1N14.png,27,0.0,0.0
G5,W0075F0001T0006Z000C1N14.png,28,0.0,0.0
G5,W0075F0001T0006Z000C1N14.png,29,0.0,0.0
G5,W0075F0001T0006Z000C1N14.png,30,0.0,0.0
G5,W0075F0001T0006Z000C1N14.png,31,0.07952569670582636,0.07952569670582636
G5,W0075F0001T0006Z000C1N14.png,32,0.0,0.0
G5,W0075F0001T0006Z000C1N14.png,33,0.0,0.0
G5,W0075F0001T0006Z000C1N14.png,34,0.08733252544155645,0.08733252544155645
G5,W0075F0001T0006Z000C1N14.png,35,0.0,0.0
G5,W0075F0001T0006Z000C1N14.png,36,0.11490485194281398,0.11490485194281398
G5,W0075F0001T0006Z000C1N14.png,37,0.07786308135936805,0.07786308135936805
G5,W0075F0001T0006Z000C1N14.png,38,0.08125,0.08125
G5,W0075F0001T0006Z000C1N14.png,39,0.0,0.0
G5,W0075F0001T0006Z000C1N14.png,40,0.0,0.0
G5,W0075F0001T0006Z000C1N14.png,41,0.0,0.0
G5,W0075F0001T0006Z000C1N29.png,1,0.08030331736886762,0.08030331736886762
G5,W0075F0001T0006Z000C1N29.png,2,0.0,0.0
G5,W0075F0001T0006Z000C1N29.png,3,0.06056017439061913,0.06056017439061913
G5,W0075F0001T0006Z000C1N29.png,4,0.0,0.0
G5,W0075F0001T0006Z000C1N29.png,5,0.0,0.0
G5,W0075F0001T0006Z000C1N29.png,6,0.09215465137812748,0.09215465137812748
G5,W0075F0001T0006Z000C1N29.png,7,0.04356250237938074,0.04356250237938074
G5,W0075F0001T0006Z000C1N29.png,8,0.0,0.0
G5,W0075F0001T0006Z000C1N29.png,9,0.06342548256689101,0.06342548256689101
G5,W0075F0001T0006Z000C1N29.png,10,0.0,0.0
G5,W0075F0001T0006Z000C1N29.png,11,0.07341001711105177,0.07341001711105177
G5,W0075F0001T0006Z000C1N29.png,12,0.09984841827817373,0.09984841827817373
G5,W0075F0001T0006Z000C1N29.png,13,0.0,0.0
G5,W0075F0001T0006Z000C1N29.png,14,0.04809651539756769,0.04809651539756769
G5,W0075F0001T0006Z000C1N29.png,15,0.08188230525615714,0.08188230525615714
G5,W0075F0001T0006Z000C1N29.png,16,0.09518564869157883,0.09518564869157883
G5,W0075F0001T0006Z000C1N29.png,17,0.06702653736226513,0.06702653736226513
G5,W0075F0001T0006Z000C1N29.png,18,0.08125,0.08125
G5,W0075F0003T0006Z000C1N66.png,1,0.0,0.0
G5,W0075F0003T0006Z000C1N66.png,2,0.04986998331117734,0.04986998331117734
G5,W0075F0003T0006Z000C1N66.png,3,0.0,0.0
G5,W0075F0003T0006Z000C1N66.png,4,0.0,0.0
G5,W0075F0003T0006Z000C1N66.png,5,0.09084026158592896,0.09084026158592896
G5,W0075F0003T0006Z000C1N66.png,6,0.05745242597140699,0.05745242597140699
G5,W0075F0003T0006Z000C1N66.png,7,0.0846110381556562,0.0846110381556562
G5,W0075F0003T0006Z000C1N66.png,8,0.07037031199806346,0.07037031199806346
G5,W0075F0003T0006Z000C1N66.png,9,0.0,0.0
G5,W0075F0003T0006Z000C1N66.png,10,0.052291094754577556,0.052291094754577556
G5,W0075F0003T0006Z000C1N66.png,11,0.0,0.0
G5,W0075F0003T0006Z000C1N66.png,12,0.03921152130149667,0.03921152130149667
G5,W0075F0003T0006Z000C1N66.png,13,0.06617089520664649,0.06617089520664649
G5,W0075F0003T0006Z000C1N66.png,14,0.0,0.0
G5,W0075F0003T0006Z000C1N66.png,15,0.0,0.0
G5,W0075F0003T0006Z000C1N66.png,16,0.07267220926874395,0.07267220926874395
G5,W0075F0003T0006Z000C1N66.png,17,0.0,0.0
G5,W0075F0003T0006Z000C1N66.png,18,0.0,0.0
G5,W0075F0003T0006Z000C1N66.png,19,0.07541182088881719,0.07541182088881719
G5,W0075F0003T0006Z000C1N66.png,20,0.11490485194281398,0.11490485194281398
G5,W0075F0003T0006Z000C1N66.png,21,0.07660323462854361,0.07660323462854361
G5,W0075F0003T0006Z000C1N66.png,22,0.0,0.0
G5,W0075F0003T0006Z000C1N66.png,23,0.0856450199628929,0.0856450199628929
G5,W0075F0003T0006Z000C1N66.png,24,0.0,0.0
G5,W0075F0003T0006Z000C1N66.png,25,0.0,0.0
G5,W0075F0003T0006Z000C1N66.png,26,0.06412253759006857,0.06412253759006857
G5,W0075F0003T0006Z000C1N66.png,27,0.07267220926874421,0.07267220926874421
G5,W0075F0003T0006Z000C1N66.png,28,0.060024729151446576,0.060024729151446576
G5,W0075F0003T0006Z000C1N66.png,29,0.08370029746612916,0.08370029746612916
G5,W0075F0003T0006Z000C1N66.png,30,0.0,0.0
G5,W0075F0003T0006Z000C1N66.png,31,0.0,0.0
G5,W0075F0003T0006Z000C1N66.png,32,0.06988205089188153,0.06988205089188153
G5,W0075F0003T0006Z000C1N66.png,33,0.088397366407349,0.088397366407349
G5,W0075F0003T0006Z000C1N66.png,34,0.0,0.0
G5,W0075F0003T0006Z000C1N66.png,35,0.032500000000000466,0.032500000000000466
G5,W0075F0003T0006Z000C1N66.png,36,0.0,0.0
G5,W0075F0003T0006Z000C1N66.png,37,0.04526323868065639,0.04526323868065639
G5,W0075F0003T0006Z000C1N66.png,38,0.0,0.0
G5,W0075F0003T0006Z000C1N66.png,39,0.0,0.0
G5,W0075F0003T0006Z000C1N66.png,40,0.06056017439061845,0.06056017439061845
G5,W0075F0003T0006Z000C1N66.png,41,2.0972102936103,2.2927045471724004
G5,W0075F0003T0006Z000C1N66.png,42,1.8384776310850237,1.8527850657860991
G5,W0075F0003T0006Z000C1N66.png,43,2.055480479109447,2.118740781690861
G5,W0075F0003T0006Z000C1N66.png,44,1.6730398979103878,1.6730398979103878
G5,W0075F0003T0006Z000C1N66.png,45,2.055881900942999,2.055881900942999
G5,W0075F0003T0006Z000C1N66.png,46,2.4157361714392573,2.4375
G5,W0075F0003T0006Z000C1N66.png,47,2.643436003812084,2.643436003812084
G5,W0075F0003T0006Z000C1N66.png,48,1.14904851942814,1.14904851942814
G5,W0075F0003T0006Z000C1N66.png,49,2.7327673845618476,2.7327673845618476
G5,W0075F0003T0006Z000C1N66.png,50,2.229055007057877,2.229055007057877
G5,W0075F0003T0006Z000C1N66.png,51,1.8420649079226281,1.8420649079226281
G5,W0075F0003T0006Z000C1N66.png,52,2.5851376872895773,2.5851376872895773
G5,W0075F0003T0006Z000C1N66.png,53,1.2375631297028853,1.2375631297028853
G5,W0075F0003T0006Z000C1N66.png,54,3.3972217509311924,3.3972217509311924
G5,W0075F0003T0006Z000C1N66.png,55,3.5397408980036946,3.5397408980036946
G5,W0075F0003T0006Z000C1N66.png,56,1.6965498076979646,1.6965498076979646
G5,W0075F0003T0006Z000C1N66.png,57,3.2923799332701567,3.2923799332701567
G5,W0075F0003T0006Z000C1N66.png,58,3.6769552621700474,3.6769552621700474
G5,W0075F0003T0006Z000C1N66.png,59,3.25,3.25
G5,W0075F0003T0006Z000C1N66.png,60,3.4471455582844195,3.4471455582844195
G5,W0075F0003T0006Z000C1N66.png,61,2.987526150513163,2.987526150513163
G5,W0075F0003T0006Z000C1N72.png,1,0.08165662942344688,0.08165662942344688
G5,W0075F0003T0006Z000C1N72.png,2,0.07499999999999973,0.07499999999999973
G5,W0075F0003T0006Z000C1N72.png,3,0.0,0.0
G5,W0075F0003T0006Z000C1N72.png,4,0.06588750677292933,0.06588750677292933
G5,W0075F0003T0006Z000C1N72.png,5,0.0,0.0
G5,W0075F0003T0006Z000C1N72.png,6,0.08125,0.08125
G5,W0075F0003T0006Z000C1N72.png,7,0.051081118216771006,0.051081118216771006
G5,W0075F0003T0006Z000C1N72.png,8,0.08125,0.08125
G5,W0075F0003T0006Z000C1N72.png,9,0.0,0.0
G5,W0075F0003T0006Z000C1N72.png,10,0.0,0.0
G5,W0075F0003T0006Z000C1N72.png,11,0.09438722141409396,0.09438722141409396
G5,W0075F0003T0006Z000C1N72.png,12,0.0,0.0
G5,W0075F0003T0006Z000C1N72.png,13,0.09084026158592896,0.09084026158592896
G5,W0075F0003T0006Z000C1N72.png,14,0.0,0.0
G5,W0075F0003T0006Z000C1N72.png,15,0.08375058302035873,0.08375058302035873
G5,W0075F0003T0006Z000C1N72.png,16,0.07626735913511468,0.07626735913511468
G5,W0075F0003T0006Z000C1N72.png,17,0.0,0.0
G5,W0075F0003T0006Z000C1N72.png,18,0.0,0.0
G5,W0075F0003T0006Z000C1N72.png,19,0.0838282627793491,0.0838282627793491
G5,W0075F0003T0006Z000C1N72.png,20,0.08125,0.08125
G5,W0075F0003T0006Z000C1N72.png,21,0.11490485194281398,0.11490485194281398
G5,W0075F0003T0006Z000C1N72.png,22,0.03125000000000018,0.03125000000000018
G5,W0075F0003T0006Z000C1N72.png,23,0.08125,0.08125
G5,W0075F0003T0006Z000C1N72.png,24,0.0,0.0
G5,W0075F0003T0006Z000C1N72.png,25,0.0,0.0
G5,W0075F0003T0006Z000C1N72.png,26,0.0,0.0
G5,W0075F0003T0006Z000C1N72.png,27,0.0,0.0
G5,W0075F0003T0006Z000C1N72.png,28,0.09172035992096374,0.09172035992096374
G5,W0075F0003T0006Z000C1N72.png,29,0.10943319232649075,0.10943319232649075
G5,W0075F0003T0006Z000C1N72.png,30,0.055024086372468264,0.055024086372468264
G5,W0075F0003T0006Z000C1N72.png,31,0.0,0.0
G5,W0075F0003T0006Z000C1N72.png,32,0.03526340337699303,0.03526340337699303
G5,W0075F0003T0006Z000C1N72.png,33,0.05709667997526293,0.05709667997526293
G5,W0075F0003T0006Z000C1N72.png,34,0.0,0.0
G5,W0075F0003T0006Z000C1N72.png,35,0.0541666666666659,0.0541666666666659
G5,W0075F0003T0006Z000C1N72.png,36,0.0,0.0
G5,W0075F0003T0006Z000C1N72.png,37,0.0,0.0
G5,W0075F0003T0006Z000C1N72.png,38,0.06961337754911008,0.06961337754911008
G5,W0075F0003T0006Z000C1N72.png,39,0.11490485194281398,0.11490485194281398
G5,W0075F0003T0006Z000C1N72.png,40,0.0,0.0
G5,W0075F0003T0006Z000C1N72.png,41,0.0,0.0
G5,W0075F0003T0006Z000C1N72.png,42,0.0,0.0
G5,W0075F0003T0006Z000C1N72.png,43,0.0,0.0
G5,W0075F0003T0006Z000C1N72.png,44,0.11490485194281398,0.11490485194281398
G5,W0075F0003T0006Z000C1N72.png,45,0.07885136706895232,0.07885136706895232
G5,W0075F0003T0006Z000C1N72.png,46,0.0,0.0
G5,W0075F0003T0006Z000C1N72.png,47,0.06423376497217022,0.06423376497217022
G5,W0075F0003T0006Z000C1N72.png,48,0.025657894736842834,0.025657894736842834
G5,W0075F0003T0006Z000C1N72.png,49,0.0,0.0
G5,W0075F0003T0006Z000C1N72.png,50,0.029215284542685287,0.029215284542685287
G5,W0075F0003T0006Z000C1N72.png,51,0.0,0.0
G5,W0075F0003T0006Z000C1N72.png,52,0.06500000000000093,0.06500000000000093
G5,W0075F0003T0006Z000C1N72.png,53,0.0,0.0
G5,W0075F0003T0006Z000C1N72.png,54,0.0,0.0
G5,W0075F0003T0006Z000C1N72.png,55,0.45961940777125593,0.45961940777125593
G5,W0075F0003T0006Z000C1N72.png,56,0.007386363636361537,0.007386363636361537
G5,W0075F0003T0006Z000C1N72.png,57,0.09192388155425182,0.09192388155425182
G5,W0075F0003T0006Z000C1N72.png,58,0.0,0.0
G5,W0075F0001T0006Z000C1N11.png,1,0.0,0.0
G5,W0075F0001T0006Z000C1N11.png,2,0.04605501911697071,0.04605501911697071
G5,W0075F0001T0006Z000C1N11.png,3,0.04185014873306393,0.04185014873306393
G5,W0075F0001T0006Z000C1N11.png,4,1.2691655723348314,1.2691655723348314
G5,W0075F0001T0006Z000C1N11.png,5,0.5859020822628983,0.5859020822628983
G5,W0075F0001T0006Z000C1N11.png,6,0.9002917158405446,0.9002917158405446
G5,W0075F0001T0006Z000C1N11.png,7,0.1115126727205725,0.1115126727205725
G5,W0075F0001T0006Z000C1N11.png,8,0.0,0.0
G5,W0075F0001T0006Z000C1N11.png,9,0.89375,0.89375
G5,W0075F0001T0006Z000C1N11.png,10,0.325,0.325
G5,W0075F0001T0006Z000C1N11.png,11,0.09020213845164712,0.09020213845164712
G5,W0075F0001T0006Z000C1N11.png,12,0.09749999999999907,0.09749999999999907
G5,W0075F0001T0006Z000C1N11.png,13,0.325,0.325
G5,W0075F0001T0006Z000C1N11.png,14,0.06565991539589511,0.06565991539589511
G5,W0075F0001T0006Z000C1N11.png,15,0.5138701197773617,0.5138701197773617
G5,W0075F0001T0006Z000C1N11.png,16,0.325,0.325
G5,W0075F0001T0006Z000C1N39.png,1,0.0,0.0
G5,W0075F0001T0006Z000C1N39.png,2,0.048616071175519956,0.048616071175519956
G5,W0075F0001T0006Z000C1N39.png,3,0.067680691636598,0.067680691636598
G5,W0075F0001T0006Z000C1N39.png,4,1.1203632262264571,1.1203632262264571
G5,W0075F0001T0006Z000C1N39.png,5,0.0,0.0
G5,W0075F0001T0006Z000C1N39.png,6,0.07660323462854238,0.12112034878123948
G5,W0075F0001T0006Z000C1N39.png,7,0.07323776028286229,0.07323776028286229
G5,W0075F0001T0006Z000C1N39.png,8,0.08450127550057758,0.08450127550057758
G5,W0075F0001T0006Z000C1N39.png,9,0.07267220926874421,0.07267220926874421
G5,W0075F0001T0006Z000C1N39.png,10,0.08125,0.08125
G5,W0075F0001T0006Z000C1N39.png,11,0.08370029746612916,0.08370029746612916
G5,W0075F0001T0006Z000C1N39.png,12,0.0,0.0
G5,W0075F0001T0006Z000C1N39.png,13,0.0383016173142716,0.0383016173142716
G5,W0075F0001T0006Z000C1N39.png,14,0.0,0.0
G5,W0075F0001T0006Z000C1N39.png,15,0.08125,0.08125
G5,W0075F0001T0006Z000C1N39.png,16,0.05709667997526293,0.05709667997526293
G5,W0075F0001T0006Z000C1N39.png,17,0.05709667997526293,0.05709667997526293
G5,W0075F0001T0006Z000C1N39.png,18,0.0383016173142716,0.0383016173142716
G5,W0075F0001T0006Z000C1N39.png,19,0.05745242597140699,0.05745242597140699
G5,W0075F0001T0006Z000C1N39.png,20,0.08125,0.08125
G5,W0075F0001T0006Z000C1N39.png,21,0.046428571428571264,0.046428571428571264
G5,W0075F0001T0006Z000C1N39.png,22,0.05709667997526184,0.05709667997526184
G5,W0075F0001T0006Z000C1N39.png,23,0.0,0.0
G5,W0075F0001T0006Z000C1N39.png,24,0.07109821104616786,0.07109821104616786
G5,W0075F0001T0006Z000C1N39.png,25,0.5123664731896438,0.5123664731896438
G5,W0075F0001T0006Z000C1N39.png,26,0.05709667997526184,0.05709667997526184
G5,W0075F0001T0006Z000C1N39.png,27,0.08125,0.08125
G5,W0075F0001T0006Z000C1N39.png,28,0.0,0.0
G5,W0075F0001T0006Z000C1N39.png,29,0.04861607117551907,0.04861607117551907
G5,W0075F0001T0006Z000C1N39.png,30,0.0,0.0
G5,W0075F0001T0006Z000C1N39.png,31,0.04642857142857242,0.04642857142857242
G5,W0075F0001T0006Z000C1N39.png,32,0.08125,0.08125
G5,W0075F0001T0006Z000C1N39.png,33,0.0,0.0
G5,W0075F0001T0006Z000C1N39.png,34,0.060937500000000006,0.060937500000000006
G5,W0075F0001T0006Z000C1N39.png,35,1.412493854460575,1.473492638446341
G5,W0075F0001T0006Z000C1N39.png,36,0.07886785713387287,0.07886785713387287
G5,W0075F0001T0006Z000C1N39.png,37,0.08125,0.08125
G5,W0075F0001T0006Z000C1N39.png,38,0.08125,0.08125
G5,W0075F0001T0006Z000C1N39.png,39,0.0,0.0
G5,W0075F0001T0006Z000C1N38.png,1,0.0,0.0
G5,W0075F0001T0006Z000C1N38.png,2,0.0807468991874929,0.0807468991874929
G5,W0075F0001T0006Z000C1N38.png,3,0.0,0.0
G5,W0075F0001T0006Z000C1N38.png,4,0.040625,0.040625
G5,W0075F0001T0006Z000C1N38.png,5,0.0789133972341749,0.0789133972341749
G5,W0075F0001T0006Z000C1N38.png,6,0.05190872090624468,0.05190872090624468
G5,W0075F0001T0006Z000C1N38.png,7,0.06249999999999944,0.06249999999999944
G5,W0075F0001T0006Z000C1N38.png,8,0.05264053793957455,0.05264053793957455
G5,W0075F0001T0006Z000C1N38.png,9,0.040554653626875374,0.040554653626875374
G5,W0075F0001T0006Z000C1N38.png,10,0.26468358082658544,0.26468358082658544
G5,W0075F0001T0006Z000C1N38.png,11,0.02708333333333295,0.02708333333333295
G5,W0075F0001T0006Z000C1N38.png,12,0.08125,0.08125
G5,W0075F0001T0006Z000C1N38.png,13,0.08812799848882757,0.08812799848882757
G5,W0075F0001T0006Z000C1N38.png,14,0.05709667997526184,0.05709667997526184
G5,W0075F0001T0006Z000C1N38.png,15,0.05745242597140699,0.05745242597140699
G5,W0075F0001T0006Z000C1N38.png,16,0.06090951492389675,0.06090951492389675
G5,W0075F0001T0006Z000C1N38.png,17,0.09027777777777712,0.09027777777777712
G5,W0075F0001T0006Z000C1N38.png,18,0.032500000000000466,0.032500000000000466
G5,W0075F0001T0006Z000C1N38.png,19,0.07540910630357579,0.07540910630357579
G5,W0075F0001T0006Z000C1N38.png,20,0.08125,0.08125
G5,W0075F0001T0006Z000C1N38.png,21,0.08125,0.08125
G5,W0075F0001T0006Z000C1N38.png,22,0.036285742718784396,0.036285742718784396
G5,W0075F0001T0006Z000C1N38.png,23,0.08891329959954858,0.08891329959954858
G5,W0075F0001T0006Z000C1N38.png,24,0.052023626903865555,0.052023626903865555
G5,W0075F0003T0006Z000C1N65.png,1,0.03282995769794638,0.03282995769794638
G5,W0075F0003T0006Z000C1N65.png,2,0.09084026158592896,0.09084026158592896
G5,W0075F0003T0006Z000C1N65.png,3,0.06899018090807194,0.06899018090807194
G5,W0075F0003T0006Z000C1N65.png,4,0.0,0.0
G5,W0075F0003T0006Z000C1N65.png,5,0.07660323462854207,0.07660323462854207
G5,W0075F0003T0006Z000C1N65.png,6,0.0,0.0
G5,W0075F0003T0006Z000C1N65.png,7,0.0541666666666659,0.0541666666666659
G5,W0075F0003T0006Z000C1N65.png,8,0.02177835051546442,0.02177835051546442
G5,W0075F0003T0006Z000C1N65.png,9,0.08125,0.08125
G5,W0075F0003T0006Z000C1N65.png,10,0.38301617314271247,0.38301617314271247
G5,W0075F0003T0006Z000C1N65.png,11,0.06249999999999944,0.06249999999999944
G5,W0075F0003T0006Z000C1N65.png,12,0.07267220926874395,0.07267220926874395
G5,W0075F0003T0006Z000C1N65.png,13,0.4700534598341352,0.4700534598341352
G5,W0075F0003T0006Z000C1N65.png,14,0.9263925328930496,0.9263925328930496
G5,W0075F0003T0006Z000C1N65.png,15,0.5138701197773617,0.5138701197773617
G5,W0075F0003T0006Z000C1N65.png,16,0.07765988088302338,0.07765988088302338
G5,W0075F0003T0006Z000C1N65.png,17,0.07600875650886149,0.07600875650886149
G5,W0075F0003T0006Z000C1N65.png,18,0.0099917262558963,0.0099917262558963
G5,W0075F0003T0006Z000C1N65.png,19,0.0,0.0
G5,W0075F0003T0006Z000C1N65.png,20,0.0,0.0
G5,W0075F0003T0006Z000C1N65.png,21,0.0,0.0
G5,W0075F0003T0006Z000C1N65.png,22,0.02217377865441654,0.02217377865441654
G5,W0075F0003T0006Z000C1N65.png,23,0.0,0.0
G5,W0075F0003T0006Z000C1N65.png,24,0.0,0.0
G5,W0075F0003T0006Z000C1N65.png,25,0.08125,0.08125
G5,W0075F0003T0006Z000C1N65.png,26,0.0,0.0
G5,W0075F0003T0006Z000C1N65.png,27,0.0,0.0
G5,W0075F0003T0006Z000C1N65.png,28,0.0,0.0
G5,W0075F0003T0006Z000C1N65.png,29,0.0,0.0
G5,W0075F0003T0006Z000C1N65.png,30,0.0,0.0
G5,W0075F0003T0006Z000C1N65.png,31,0.0,0.0
G5,W0075F0003T0006Z000C1N65.png,32,0.07549175535747679,0.07549175535747679
G5,W0075F0003T0006Z000C1N65.png,33,0.06519202405202786,0.06519202405202786
G5,W0075F0003T0006Z000C1N65.png,34,0.009558823529412308,0.009558823529412308
G5,W0075F0003T0006Z000C1N65.png,35,0.0,0.0
G5,W0075F0003T0006Z000C1N65.png,36,0.0,0.0
G5,W0075F0003T0006Z000C1N65.png,37,0.07267220926874421,0.07267220926874421
G5,W0075F0003T0006Z000C1N65.png,38,0.0888597521691099,0.0888597521691099
G5,W0075F0003T0006Z000C1N65.png,39,0.05745242597140699,0.05745242597140699
G5,W0075F0003T0006Z000C1N65.png,40,0.0,0.0
G5,W0075F0003T0006Z000C1N65.png,41,0.08125,0.08125
G5,W0075F0003T0006Z000C1N65.png,42,0.07267220926874338,0.07267220926874338
G5,W0075F0003T0006Z000C1N65.png,43,0.0,0.0
G5,W0075F0003T0006Z000C1N65.png,44,0.0,0.0
G5,W0075F0003T0006Z000C1N65.png,45,0.08125,0.08125
G5,W0075F0003T0006Z000C1N65.png,46,0.09319185705962893,0.09319185705962893
G5,W0075F0003T0006Z000C1N65.png,47,0.025657894736842834,0.025657894736842834
G5,W0075F0003T0006Z000C1N65.png,48,0.0,0.0
G5,W0075F0003T0006Z000C1N65.png,49,0.03830161731427201,0.03830161731427201
G5,W0075F0003T0006Z000C1N65.png,50,0.0380172658143636,0.0380172658143636
G5,W0075F0003T0006Z000C1N65.png,51,0.07465679837263747,0.07465679837263747
G5,W0075F0003T0006Z000C1N65.png,52,0.031337686893495156,0.031337686893495156
G5,W0075F0003T0006Z000C1N65.png,53,0.08125,0.08125
G5,W0075F0003T0006Z000C1N65.png,54,0.0,0.0
G5,W0075F0003T0006Z000C1N65.png,55,0.0,0.0
G5,W0075F0003T0006Z000C1N65.png,56,0.0,0.0
G5,W0075F0003T0006Z000C1N65.png,57,0.0,0.0
G5,W0075F0003T0006Z000C1N65.png,58,0.09027777777777735,0.09027777777777735
G5,W0075F0003T0006Z000C1N65.png,59,0.08125,0.08125
G5,W0075F0003T0006Z000C1N65.png,60,0.07267220926874317,0.07267220926874317
G5,W0075F0003T0006Z000C1N65.png,61,0.6700046641628699,0.6700046641628699
G5,W0075F0003T0006Z000C1N65.png,62,0.037901187316494736,0.037901187316494736
G5,W0075F0003T0006Z000C1N65.png,63,0.56875,0.56875
G5,W0075F0003T0006Z000C1N65.png,64,0.0,0.0
G5,W0075F0003T0006Z000C1N65.png,65,0.10928448881878906,0.10928448881878906
G5,W0075F0003T0006Z000C1N65.png,66,0.05416666666666821,0.05416666666666821
G5,W0075F0003T0006Z000C1N65.png,67,0.0,0.0
G5,W0075F0003T0006Z000C1N65.png,68,0.09783795595268663,0.09783795595268663
G5,W0075F0003T0006Z000C1N65.png,69,0.0,0.0
G5,W0075F0003T0006Z000C1N65.png,70,0.07660323462854483,0.07660323462854483
G5,W0075F0001T0006Z000C1N13.png,1,0.36336104634371585,0.36336104634371585
G5,W0075F0001T0006Z000C1N13.png,2,0.0,0.0
G5,W0075F0001T0006Z000C1N13.png,3,0.325,0.325
G5,W0075F0001T0006Z000C1N13.png,4,0.325,0.325
G5,W0075F0001T0006Z000C1N13.png,5,0.07292410676327925,0.07292410676327925
G5,W0075F0001T0006Z000C1N13.png,6,0.08167062403612298,0.08167062403612298
G5,W0075F0001T0006Z000C1N13.png,7,0.06988425425191998,0.06988425425191998
G5,W0075F0001T0006Z000C1N13.png,8,0.1625,0.1625
G5,W0075F0001T0006Z000C1N13.png,9,0.054360799642391835,0.054360799642391835
G5,W0075F0001T0006Z000C1N13.png,10,0.0,0.0
G5,W0075F0001T0006Z000C1N13.png,11,0.0,0.0
G5,W0075F0001T0006Z000C1N13.png,12,0.0541666666666659,0.0541666666666659
G5,W0075F0001T0006Z000C1N13.png,13,0.4230551907782769,0.4230551907782769
G5,W0075F0001T0006Z000C1N13.png,14,0.0,0.0
G5,W0075F0001T0006Z000C1N13.png,15,0.0,0.0
G5,W0075F0001T0006Z000C1N13.png,16,0.0,0.0
G5,W0075F0001T0006Z000C1N13.png,17,0.1625,0.1625
G5,W0075F0001T0006Z000C1N13.png,18,0.0,0.0
G5,W0075F0001T0006Z000C1N13.png,19,0.1625,0.1625
G5,W0075F0001T0006Z000C1N13.png,20,0.08125,0.08125
G5,W0075F0001T0006Z000C1N13.png,21,0.0,0.0
G5,W0075F0001T0006Z000C1N13.png,22,0.0,0.0
G5,W0075F0001T0006Z000C1N13.png,23,0.0,0.0
G5,W0075F0001T0006Z000C1N13.png,24,0.33500233208143493,0.33500233208143493
G5,W0075F0001T0006Z000C1N13.png,25,0.0,0.0
G5,W0075F0001T0006Z000C1N13.png,26,0.1380984451598049,0.1380984451598049
G5,W0075F0001T0006Z000C1N13.png,27,0.7267220926874317,0.7267220926874317
G5,W0075F0001T0006Z000C1N13.png,28,0.36336104634371585,0.36336104634371585
G5,W0075F0001T0006Z000C1N13.png,29,0.11490485194281398,0.11490485194281398
G5,W0075F0001T0006Z000C1N13.png,30,0.1647414851955769,0.1647414851955769
G5,W0075F0001T0006Z000C1N13.png,31,0.08125,0.08125
G5,W0075F0001T0006Z000C1N13.png,32,0.08125,0.08125
G5,W0075F0001T0006Z000C1N13.png,33,0.5859020822628983,0.5859020822628983
G5,W0075F0001T0006Z000C1N13.png,34,0.325,0.325
G5,W0075F0001T0006Z000C1N13.png,35,0.1625,0.1625
G5,W0075F0001T0006Z000C1N13.png,36,0.36336104634371585,0.36336104634371585
G5,W0075F0001T0006Z000C1N13.png,37,0.0,0.0
G5,W0075F0001T0006Z000C1N13.png,38,0.5138701197773617,0.5138701197773617
G5,W0075F0001T0006Z000C1N13.png,39,0.0,0.0
G5,W0075F0001T0006Z000C1N13.png,40,0.2569350598886809,0.2569350598886809
G5,W0075F0001T0006Z000C1N13.png,41,0.1625,0.1625
G5,W0075F0001T0006Z000C1N13.png,42,0.0,0.0
G5,W0075F0001T0006Z000C1N13.png,43,0.0,0.0
G5,W0075F0001T0006Z000C1N13.png,44,0.0,0.0
G5,W0075F0001T0006Z000C1N13.png,45,0.0,0.0
G5,W0075F0001T0006Z000C1N13.png,46,0.22980970388562796,0.22980970388562796
G5,W0075F0001T0006Z000C1N13.png,47,0.17129003992578698,0.17129003992578698
G5,W0075F0001T0006Z000C1N13.png,48,0.12112034878123895,0.12112034878123895
G5,W0075F0001T0006Z000C1N13.png,49,0.0,0.0
G5,W0075F0001T0006Z000C1N13.png,50,0.0,0.0
G5,W0075F0001T0006Z000C1N13.png,51,0.0541666666666659,0.0541666666666659
G5,W0075F0001T0006Z000C1N13.png,52,0.1625,0.1625
G5,W0075F0001T0006Z000C1N13.png,53,0.08125,0.08125
G5,W0075F0001T0006Z000C1N13.png,54,0.0,0.0
G5,W0075F0001T0006Z000C1N13.png,55,0.325,0.325
G5,W0075F0001T0006Z000C1N13.png,56,0.0,0.0
G5,W0075F0001T0006Z000C1N13.png,57,0.11490485194281398,0.11490485194281398
G5,W0075F0001T0006Z000C1N13.png,58,0.22980970388562796,0.22980970388562796
G5,W0075F0001T0006Z000C1N13.png,59,0.48750000000000004,0.48750000000000004
G5,W0075F0001T0006Z000C1N13.png,60,0.8285906709588275,0.8285906709588275
G5,W0075F0001T0006Z000C1N13.png,61,0.36336104634371585,0.36336104634371585
G5,W0075F0001T0006Z000C1N13.png,62,0.7267220926874317,0.7267220926874317
G5,W0075F0001T0006Z000C1N13.png,63,0.45961940777125593,0.45961940777125593
G5,W0075F0001T0006Z000C1N13.png,64,0.0,0.0
G5,W0075F0001T0006Z000C1N13.png,65,0.325,0.325
G5,W0075F0001T0006Z000C1N13.png,66,0.6700046641628699,0.6700046641628699
G5,W0075F0001T0006Z000C1N13.png,67,0.5138701197773617,0.5138701197773617
G5,W0075F0001T0006Z000C1N13.png,68,0.1625,0.1625
G5,W0075F0001T0006Z000C1N13.png,69,0.0,0.0
G5,W0075F0001T0006Z000C1N13.png,70,0.0,0.0
G5,W0075F0001T0006Z000C1N13.png,71,0.36336104634371585,0.36336104634371585
G5,W0075F0001T0006Z000C1N13.png,72,0.0,0.0
G5,W0075F0003T0006Z000C1N70.png,1,0.48750000000000004,0.48750000000000004
G5,W0075F0003T0006Z000C1N70.png,2,0.11490485194281398,0.11490485194281398
G5,W0075F0003T0006Z000C1N70.png,3,0.36336104634371585,0.36336104634371585
G5,W0075F0003T0006Z000C1N70.png,4,0.0,0.0
G5,W0075F0003T0006Z000C1N70.png,5,0.22980970388562796,0.22980970388562796
G5,W0075F0003T0006Z000C1N70.png,6,0.1625,0.1625
G5,W0075F0003T0006Z000C1N70.png,7,0.0,0.0
G5,W0075F0003T0006Z000C1N70.png,8,0.36336104634371585,0.36336104634371585
G5,W0075F0003T0006Z000C1N70.png,9,0.12053099979047734,0.12053099979047734
G5,W0075F0003T0006Z000C1N70.png,10,0.0,0.0
G5,W0075F0003T0006Z000C1N70.png,11,0.325,0.325
G5,W0075F0003T0006Z000C1N70.png,12,0.22980970388562796,0.22980970388562796
G5,W0075F0003T0006Z000C1N70.png,13,0.0986417465427172,0.0986417465427172
G5,W0075F0003T0006Z000C1N70.png,14,0.1625,0.1625
G5,W0075F0003T0006Z000C1N70.png,15,0.0,0.0
G5,W0075F0003T0006Z000C1N70.png,16,0.0,0.0
G5,W0075F0003T0006Z000C1N70.png,17,0.09571495202326692,0.09571495202326692
G5,W0075F0003T0006Z000C1N70.png,18,0.032500000000000466,0.032500000000000466
G5,W0075F0003T0006Z000C1N70.png,19,0.0,0.0
G5,W0075F0003T0006Z000C1N70.png,20,0.11490485194281398,0.11490485194281398
G5,W0075F0003T0006Z000C1N70.png,21,0.0,0.0
G5,W0075F0003T0006Z000C1N70.png,22,0.07748326706434143,0.07748326706434143
G5,W0075F0003T0006Z000C1N70.png,23,0.48750000000000004,0.48750000000000004
G5,W0075F0003T0006Z000C1N70.png,24,0.08125,0.08125
G5,W0075F0003T0006Z000C1N70.png,25,0.1027740239554716,0.37055701315722
G5,W0075F0003T0006Z000C1N70.png,26,0.0,0.0
G5,W0075F0003T0006Z000C1N70.png,27,0.22980970388562796,0.22980970388562796
G5,W0075F0003T0006Z000C1N70.png,28,0.0,0.0
G5,W0075F0003T0006Z000C1N70.png,29,0.0,0.0
G5,W0075F0003T0006Z000C1N70.png,30,0.11490485194281398,0.11490485194281398
G5,W0075F0003T0006Z000C1N70.png,31,0.0,0.0
G5,W0075F0003T0006Z000C1N70.png,32,0.0,0.0
G5,W0075F0003T0006Z000C1N70.png,33,0.0,0.0
G5,W0075F0003T0006Z000C1N70.png,34,0.08125,0.08125
G5,W0075F0003T0006Z000C1N70.png,35,0.0,0.0
G5,W0075F0003T0006Z000C1N70.png,36,0.05701290877147354,0.05701290877147354
G5,W0075F0003T0006Z000C1N70.png,37,0.22980970388562796,0.22980970388562796
G5,W0075F0003T0006Z000C1N70.png,38,0.11490485194281398,0.11490485194281398
G5,W0075F0003T0006Z000C1N70.png,39,0.0,0.0
G5,W0075F0003T0006Z000C1N70.png,40,0.22980970388562796,0.22980970388562796
G5,W0075F0003T0006Z000C1N70.png,41,0.0,0.0
G5,W0075F0003T0006Z000C1N70.png,42,0.0,0.0
G5,W0075F0003T0006Z000C1N70.png,43,0.0,0.0
G5,W0075F0003T0006Z000C1N70.png,44,0.36336104634371585,0.36336104634371585
G5,W0075F0003T0006Z000C1N70.png,45,0.0,0.0
G5,W0075F0003T0006Z000C1N70.png,46,0.041907636535600555,0.041907636535600555
G5,W0075F0003T0006Z000C1N70.png,47,0.45961940777125593,0.45961940777125593
G5,W0075F0003T0006Z000C1N70.png,48,0.45961940777125593,0.45961940777125593
G5,W0075F0003T0006Z000C1N70.png,49,0.0,0.0
G5,W0075F0003T0006Z000C1N70.png,50,0.0,0.0
G5,W0075F0003T0006Z000C1N70.png,51,0.1625,0.1625
G5,W0075F0003T0006Z000C1N70.png,52,0.03484130172814119,0.03484130172814119
G5,W0075F0003T0006Z000C1N70.png,53,0.05745242597140699,0.05745242597140699
G5,W0075F0003T0006Z000C1N70.png,54,0.1625,0.1625
G5,W0075F0003T0006Z000C1N70.png,55,0.0,0.0
G5,W0075F0003T0006Z000C1N70.png,56,0.09084026158592896,0.09084026158592896
G5,W0075F0003T0006Z000C1N70.png,57,0.08125,0.08125
G5,W0075F0003T0006Z000C1N70.png,58,0.0,0.0
G5,W0075F0003T0006Z000C1N70.png,59,0.0,0.0
G5,W0075F0003T0006Z000C1N70.png,60,0.36336104634371585,0.36336104634371585
G5,W0075F0003T0006Z000C1N70.png,61,0.18168052317185793,0.18168052317185793
G5,W0075F0003T0006Z000C1N70.png,62,0.11837009585126111,0.11837009585126111
G5,W0075F0003T0006Z000C1N70.png,63,0.48750000000000004,0.48750000000000004
G5,W0075F0003T0006Z000C1N70.png,64,0.325,0.325
G5,W0075F0003T0006Z000C1N70.png,65,0.03195407034386507,0.03195407034386507
G5,W0075F0003T0006Z000C1N70.png,66,0.08125,0.08125
G5,W0075F0003T0006Z000C1N70.png,67,0.0,0.0
G5,W0075F0003T0006Z000C1N70.png,68,0.325,0.325
G5,W0075F0003T0006Z000C1N70.png,69,0.0,0.0
G5,W0075F0003T0006Z000C1N70.png,70,0.36336104634371585,0.36336104634371585
G5,W0075F0003T0006Z000C1N70.png,71,0.36336104634371585,0.36336104634371585
G5,W0075F0003T0006Z000C1N70.png,72,0.48750000000000004,0.48750000000000004
G5,W0075F0003T0006Z000C1N70.png,73,0.22980970388562796,0.22980970388562796
G5,W0075F0003T0006Z000C1N70.png,74,0.22980970388562796,0.22980970388562796
G5,W0075F0003T0006Z000C1N70.png,75,0.203125,0.203125
G5,W0075F0003T0006Z000C1N70.png,76,0.0,0.0
G5,W0075F0003T0006Z000C1N70.png,77,0.325,0.325
G5,W0075F0003T0006Z000C1N70.png,78,0.1953006940876332,0.1953006940876332
G5,W0075F0003T0006Z000C1N70.png,79,0.45961940777125593,0.45961940777125593
G5,W0075F0003T0006Z000C1N70.png,80,0.5138701197773617,0.5138701197773617
G5,W0075F0003T0006Z000C1N70.png,81,0.36336104634371585,0.36336104634371585
G5,W0075F0003T0006Z000C1N70.png,82,0.57452425971407,0.57452425971407
G5,W0075F0003T0006Z000C1N70.png,83,0.8125,0.8125
G5,W0075F0003T0006Z000C1N70.png,84,0.36336104634371585,0.36336104634371585
G5,W0075F0003T0006Z000C1N70.png,85,0.325,0.325
G5,W0075F0003T0006Z000C1N70.png,86,0.1625,0.1625
G5,W0075F0003T0006Z000C1N70.png,87,0.0,0.0
G5,W0075F0003T0006Z000C1N70.png,88,0.325,0.325
G5,W0075F0003T0006Z000C1N70.png,89,0.5859020822628983,0.5859020822628983
G5,W0075F0003T0006Z000C1N70.png,90,0.5138701197773617,0.5138701197773617
G5,W0075F0003T0006Z000C1N70.png,91,0.325,0.325
G5,W0075F0003T0006Z000C1N70.png,92,0.0,0.0
G5,W0075F0003T0006Z000C1N70.png,93,0.0,0.0
G5,W0075F0003T0006Z000C1N70.png,94,0.0,0.0
G5,W0075F0003T0006Z000C1N70.png,95,0.1625,0.1625
G5,W0075F0003T0006Z000C1N70.png,96,1.1718041645257966,1.1718041645257966
G5,W0075F0003T0006Z000C1N70.png,97,0.22980970388562796,0.22980970388562796
G5,W0075F0003T0006Z000C1N17.png,1,0.09181348138215689,0.09181348138215689
G5,W0075F0003T0006Z000C1N17.png,2,0.0,0.0
G5,W0075F0003T0006Z000C1N17.png,3,0.8196904056478344,0.8196904056478344
G5,W0075F0003T0006Z000C1N17.png,4,0.04603281505326724,0.04603281505326724
G5,W0075F0003T0006Z000C1N17.png,5,0.07597459567156876,0.07597459567156876
G5,W0075F0003T0006Z000C1N17.png,6,0.8125,0.8125
G5,W0075F0003T0006Z000C1N17.png,7,0.08546669266770265,0.08546669266770265
G5,W0075F0003T0006Z000C1N17.png,8,0.7952647280335786,0.7952647280335786
G5,W0075F0003T0006Z000C1N17.png,9,0.0,0.0
G5,W0075F0003T0006Z000C1N17.png,10,0.08125,0.08125
G5,W0075F0003T0006Z000C1N17.png,11,0.08125,0.08125
G5,W0075F0003T0006Z000C1N17.png,12,0.0,0.0
G5,W0075F0003T0006Z000C1N17.png,13,0.04178358252466,0.04178358252466
G5,W0075F0003T0006Z000C1N17.png,14,0.06899018090807221,0.06899018090807221
G5,W0075F0003T0006Z000C1N17.png,15,1.203076297715569,1.203076297715569
G5,W0075F0003T0006Z000C1N17.png,16,0.6700046641628699,0.6700046641628699
G5,W0075F0003T0006Z000C1N17.png,17,0.0,0.0
G5,W0075F0003T0006Z000C1N17.png,18,0.0,0.0
G5,W0075F0003T0006Z000C1N17.png,19,0.0,0.0
G5,W0075F0003T0006Z000C1N17.png,20,1.131033205131976,1.131033205131976
G5,W0075F0003T0006Z000C1N17.png,21,0.0,0.0
G5,W0075F0003T0006Z000C1N17.png,22,0.08296964911105102,0.08296964911105102
G5,W0075F0003T0006Z000C1N17.png,23,1.6025004875194266,1.6025004875194266
G5,W0075F0003T0006Z000C1N17.png,24,0.0,0.0
G5,W0075F0003T0006Z000C1N17.png,25,0.8125,0.8125
G5,W0075F0003T0006Z000C1N17.png,26,0.0,0.0
G5,W0075F0003T0006Z000C1N17.png,27,0.06090951492389787,0.06090951492389787
G5,W0075F0003T0006Z000C1N17.png,28,0.0,0.0
G5,W0075F0003T0006Z000C1N17.png,29,0.0,0.0
G5,W0075F0003T0006Z000C1N17.png,30,0.11114070786370082,0.11114070786370082
G5,W0075F0003T0006Z000C1N17.png,31,0.0,0.0
G5,W0075F0003T0006Z000C1N17.png,32,0.0,0.0
G5,W0075F0003T0006Z000C1N17.png,33,0.10405076885828438,0.10405076885828438
G5,W0075F0003T0006Z000C1N17.png,34,0.16900255100115455,0.16900255100115455
G5,W0075F0003T0006Z000C1N17.png,35,0.08125,0.08125
G5,W0075F0003T0006Z000C1N17.png,36,0.0896939271403971,0.0896939271403971
G5,W0075F0003T0006Z000C1N17.png,37,0.05922060518202259,0.05922060518202259
G5,W0075F0003T0006Z000C1N17.png,38,0.06656561218545042,0.06656561218545042
G5,W0075F0003T0006Z000C1N17.png,39,0.0,0.0
G5,W0075F0003T0006Z000C1N17.png,40,0.0,0.0
G5,W0075F0003T0006Z000C1N17.png,41,0.08125,0.08125
G5,W0075F0003T0006Z000C1N17.png,42,0.09765034704381723,0.09765034704381723
G5,W0075F0001T0006Z000C1N48.png,1,0.040625,0.040625
G5,W0075F0001T0006Z000C1N48.png,2,0.05190872090624493,0.05190872090624493
G5,W0075F0001T0006Z000C1N48.png,3,0.055833722013571695,0.055833722013571695
G5,W0075F0001T0006Z000C1N48.png,4,0.07227977440461414,0.07227977440461414
G5,W0075F0001T0006Z000C1N48.png,5,0.06090951492389731,0.06090951492389731
G5,W0075F0001T0006Z000C1N48.png,6,0.04377327693059564,0.04377327693059564
G5,W0075F0001T0006Z000C1N48.png,7,0.07471922132980785,0.07471922132980785
G5,W0075F0001T0006Z000C1N48.png,8,0.08125,0.08125
G5,W0075F0001T0006Z000C1N48.png,9,0.06942003043070465,0.06942003043070465
G5,W0075F0001T0006Z000C1N48.png,10,0.07267220926874421,0.07267220926874421
G5,W0075F0001T0006Z000C1N48.png,11,0.11490485194281398,0.11490485194281398
G5,W0075F0001T0006Z000C1N48.png,12,0.08125,0.08125
G5,W0075F0001T0006Z000C1N48.png,13,0.040625,0.040625
G5,W0075F0001T0006Z000C1N48.png,14,0.08507648343711877,0.08507648343711877
G5,W0075F0001T0006Z000C1N48.png,15,0.05737279679111207,0.05737279679111207
G5,W0075F0001T0006Z000C1N48.png,16,0.038332246361400195,0.038332246361400195
G5,W0075F0001T0006Z000C1N48.png,17,0.05745242597140699,0.05745242597140699
G5,W0075F0001T0006Z000C1N48.png,18,0.08370029746612916,0.08370029746612916
G5,W0075F0001T0006Z000C1N48.png,19,0.08074689918749213,0.08074689918749213
G5,W0075F0001T0006Z000C1N48.png,20,0.06287119708451194,0.06287119708451194
G5,W0075F0001T0006Z000C1N48.png,21,0.08613906208294181,0.08613906208294181
G5,W0075F0001T0006Z000C1N48.png,22,0.09084026158592896,0.09084026158592896
G5,W0075F0001T0006Z000C1N48.png,23,0.07267220926874317,0.07267220926874317
G5,W0075F0001T0006Z000C1N48.png,24,0.0,0.0
G5,W0075F0001T0006Z000C1N48.png,25,0.0,0.0
G5,W0075F0001T0006Z000C1N48.png,26,0.08125,0.08125
G5,W0075F0001T0006Z000C1N48.png,27,0.06267537378698795,0.06267537378698795
G5,W0075F0001T0006Z000C1N48.png,28,0.08125,0.08125
G5,W0075F0001T0006Z000C1N48.png,29,0.041783582524660814,0.041783582524660814
G5,W0075F0001T0006Z000C1N48.png,30,0.07660323462854156,0.07660323462854156
G5,W0075F0001T0006Z000C1N48.png,31,0.06902103346969393,0.06902103346969393
G5,W0075F0001T0006Z000C1N48.png,32,0.028498905595585454,0.028498905595585454
G5,W0075F0001T0006Z000C1N48.png,33,0.08125,0.08125
G5,W0075F0001T0006Z000C1N48.png,34,0.051337829948304214,0.051337829948304214
G5,W0075F0001T0006Z000C1N48.png,35,0.07621513647136309,0.07621513647136309
G5,W0075F0001T0006Z000C1N48.png,36,0.09459160805298615,0.09459160805298615
G5,W0075F0001T0006Z000C1N48.png,37,0.07660323462854197,0.07660323462854197
G5,W0075F0001T0006Z000C1N48.png,38,0.07267220926874395,0.07267220926874395
G5,W0075F0001T0006Z000C1N48.png,39,0.08125,0.08125
G5,W0075F0001T0006Z000C1N48.png,40,0.0522294781558252,0.0522294781558252
G5,W0075F0001T0006Z000C1N48.png,41,0.08516788521995469,0.08516788521995469
G5,W0075F0001T0006Z000C1N48.png,42,0.04642857142857242,0.04642857142857242
G5,W0075F0001T0006Z000C1N48.png,43,0.0,0.0
G5,W0075F0001T0006Z000C1N48.png,44,0.03834501859427499,0.03834501859427499
G5,W0075F0001T0006Z000C1N48.png,45,0.03421052631579045,0.03421052631579045
G5,W0075F0001T0006Z000C1N48.png,46,0.0,0.0
G5,W0075F0001T0006Z000C1N48.png,47,0.11490485194281398,0.11490485194281398
G5,W0075F0001T0006Z000C1N48.png,48,0.06942003043070613,0.06942003043070613
G5,W0075F0001T0006Z000C1N48.png,49,0.07886785713387255,0.07886785713387255
G5,W0075F0001T0006Z000C1N48.png,50,0.06500000000000093,0.06500000000000093
G5,W0075F0001T0006Z000C1N48.png,51,0.06043645582546921,0.06043645582546921
G5,W0075F0001T0006Z000C1N48.png,52,0.04729580402649398,0.04729580402649398
G5,W0075F0001T0006Z000C1N48.png,53,0.08549671678675635,0.08549671678675635
G5,W0075F0001T0006Z000C1N48.png,54,0.06339275245638022,0.06339275245638022
G5,W0075F0001T0006Z000C1N48.png,55,0.08125,0.08125
G5,W0075F0001T0006Z000C1N48.png,56,0.06589659407823172,0.06589659407823172
G5,W0075F0001T0006Z000C1N48.png,57,0.10046540716679551,0.10046540716679551
G5,W0075F0001T0006Z000C1N48.png,58,0.01624999999999994,0.01624999999999994
G5,W0075F0001T0006Z000C1N48.png,59,0.024470005703683254,0.024470005703683254
G5,W0075F0001T0006Z000C1N48.png,60,0.07323776028286229,0.07323776028286229
G5,W0075F0001T0006Z000C1N48.png,61,0.08125,0.08125
G5,W0075F0001T0006Z000C1N48.png,62,0.09558823529411663,0.09558823529411663
G5,W0075F0001T0006Z000C1N48.png,63,0.006018518518518689,0.006018518518518689
G5,W0075F0001T0006Z000C1N48.png,64,0.09848987309383939,0.09848987309383939
G5,W0075F0001T0006Z000C1N48.png,65,0.05518111184064348,0.05518111184064348
G5,W0075F0001T0006Z000C1N48.png,66,0.03830161731427027,0.03830161731427027
G5,W0075F0001T0006Z000C1N48.png,67,0.07267220926874214,0.07267220926874214
G5,W0075F0001T0006Z000C1N48.png,68,0.07609472010081446,0.07609472010081446
G5,W0075F0001T0006Z000C1N48.png,69,0.03830161731427023,0.03830161731427023
G5,W0075F0001T0006Z000C1N48.png,70,0.10885722815635153,0.10885722815635153
G5,W0075F0001T0006Z000C1N48.png,71,0.045961940777124614,0.045961940777124614
G5,W0075F0001T0006Z000C1N48.png,72,0.0,0.0
G5,W0075F0001T0006Z000C1N48.png,73,0.07706569906461828,0.07706569906461828
G5,W0075F0003T0006Z000C1N28.png,1,0.18168052317185793,0.18168052317185793
G5,W0075F0003T0006Z000C1N28.png,2,0.11490485194281398,0.11490485194281398
G5,W0075F0003T0006Z000C1N28.png,3,0.10161168791584593,0.10161168791584593
G5,W0075F0003T0006Z000C1N28.png,4,0.07478123224633923,0.07478123224633923
G5,W0075F0003T0006Z000C1N28.png,5,0.1306781125956844,0.1306781125956844
G5,W0075F0003T0006Z000C1N28.png,6,0.05709667997526293,0.05709667997526293
G5,W0075F0003T0006Z000C1N28.png,7,0.027045795777755552,0.027045795777755552
G5,W0075F0003T0006Z000C1N28.png,8,0.07267220926874421,0.07267220926874421
G5,W0075F0003T0006Z000C1N28.png,9,0.04642857142857242,0.04642857142857242
G5,W0075F0003T0006Z000C1N28.png,10,0.0,0.0
G5,W0075F0003T0006Z000C1N28.png,11,0.08125,0.08125
G5,W0075F0003T0006Z000C1N28.png,12,0.0976503470438166,0.0976503470438166
G5,W0075F0003T0006Z000C1N28.png,13,2.1862139076494778,2.6050731755557273
G5,W0075F0003T0006Z000C1N28.png,14,0.04427692291841846,0.04427692291841846
G5,W0075F0003T0006Z000C1N28.png,15,0.06500000000000093,0.06500000000000093
G5,W0075F0003T0006Z000C1N28.png,16,0.03830161731427242,0.03830161731427242
G5,W0075F0003T0006Z000C1N28.png,17,0.032500000000000466,0.032500000000000466
G5,W0075F0003T0006Z000C1N28.png,18,1.0722542406044104,1.8646125435983052
G5,W0075F0003T0006Z000C1N28.png,19,0.47991788938896096,0.47991788938896096
G5,W0075F0003T0006Z000C1N28.png,20,0.08125,0.08125
G5,W0075F0003T0006Z000C1N28.png,21,0.01681034482758541,0.01681034482758541
G5,W0075F0003T0006Z000C1N28.png,22,0.07989573849039429,0.07989573849039429
G5,W0075F0003T0006Z000C1N28.png,23,0.08323199857278313,0.08323199857278313
G5,W0075F0003T0006Z000C1N28.png,24,0.0,0.0
G5,W0075F0003T0006Z000C1N28.png,25,0.037222481342382714,0.037222481342382714
G5,W0075F0003T0006Z000C1N28.png,26,1.2571048086774632,1.3139872526017908
G5,W0075F0003T0006Z000C1N28.png,27,0.35062240259109445,0.35062240259109445
G5,W0075F0003T0006Z000C1N28.png,28,1.2396687256613017,1.2396687256613017
G5,W0075F0003T0006Z000C1N28.png,29,1.3400093283257397,1.3400093283257397
G5,W0075F0002T0006Z000C1N9.png,1,0.06487104246086838,0.06487104246086838
G5,W0075F0002T0006Z000C1N9.png,2,0.0,0.0
G5,W0075F0002T0006Z000C1N9.png,3,0.11490485194281398,0.11490485194281398
G5,W0075F0002T0006Z000C1N9.png,4,0.22980970388562796,0.22980970388562796
G5,W0075F0002T0006Z000C1N9.png,5,0.1625,0.1625
G5,W0075F0002T0006Z000C1N9.png,6,0.12187500000000001,0.12187500000000001
G5,W0075F0002T0006Z000C1N9.png,7,0.039120370370370326,0.039120370370370326
G5,W0075F0002T0006Z000C1N9.png,8,0.5859020822628983,0.5859020822628983
G5,W0075F0002T0006Z000C1N9.png,9,0.0,0.0
G5,W0075F0002T0006Z000C1N9.png,10,0.041875291510179366,0.041875291510179366
G5,W0075F0002T0006Z000C1N9.png,11,0.03714313566165526,0.03714313566165526
G5,W0075F0002T0006Z000C1N9.png,12,0.0,0.0
G5,W0075F0002T0006Z000C1N9.png,13,0.1453444185374858,0.1453444185374858
G5,W0075F0002T0006Z000C1N9.png,14,0.5138701197773617,0.5138701197773617
G5,W0075F0002T0006Z000C1N9.png,15,0.07660323462854238,0.07660323462854238
G5,W0075F0002T0006Z000C1N9.png,16,0.0,0.0
G5,W0075F0002T0006Z000C1N9.png,17,0.0,0.0
G5,W0075F0002T0006Z000C1N9.png,18,0.36336104634371585,0.36336104634371585
G5,W0075F0002T0006Z000C1N9.png,19,0.45961940777125593,0.45961940777125593
G5,W0075F0002T0006Z000C1N9.png,20,0.11490485194281398,0.11490485194281398
G5,W0075F0002T0006Z000C1N9.png,21,0.0,0.0
G5,W0075F0002T0006Z000C1N9.png,22,0.08125,0.08125
G5,W0075F0002T0006Z000C1N9.png,23,0.325,0.325
G5,W0075F0002T0006Z000C1N9.png,24,0.8002196963959335,0.8002196963959335
G5,W0075F0002T0006Z000C1N9.png,25,0.325,0.325
G5,W0075F0002T0006Z000C1N9.png,26,0.325,0.325
G5,W0075F0002T0006Z000C1N9.png,27,0.65,0.65
G5,W0075F0002T0006Z000C1N9.png,28,0.48750000000000004,0.48750000000000004
G5,W0075F0002T0006Z000C1N9.png,29,0.203125,0.203125
G5,W0075F0002T0006Z000C1N9.png,30,0.5138701197773617,0.5138701197773617
G5,W0075F0002T0006Z000C1N9.png,31,0.0,0.0
G5,W0075F0002T0006Z000C1N9.png,32,0.1625,0.1625
G5,W0075F0002T0006Z000C1N9.png,33,0.6345827861674157,0.6345827861674157
G5,W0075F0002T0006Z000C1N9.png,34,0.0,0.0
G5,W0075F0002T0006Z000C1N9.png,35,0.5859020822628983,0.5859020822628983
G5,W0075F0002T0006Z000C1N9.png,36,0.6894291116568838,0.6894291116568838
G5,W0075F0002T0006Z000C1N9.png,37,0.4631962664465248,0.4631962664465248
G5,W0075F0002T0006Z000C1N9.png,38,0.0,0.0
G5,W0075F0002T0006Z000C1N9.png,39,0.5138701197773617,0.5138701197773617
G5,W0075F0002T0006Z000C1N9.png,40,0.03258774135126735,0.03258774135126735
G5,W0075F0002T0006Z000C1N9.png,41,0.08125,0.08125
G5,W0075F0002T0006Z000C1N9.png,42,0.0,0.0
G5,W0075F0002T0006Z000C1N9.png,43,0.1625,0.1625
G5,W0075F0002T0006Z000C1N9.png,44,0.0,0.0
G5,W0075F0002T0006Z000C1N9.png,45,0.08125,0.08125
G5,W0075F0002T0006Z000C1N9.png,46,0.24375000000000002,0.24375000000000002
G5,W0075F0002T0006Z000C1N9.png,47,0.0,0.0
G5,W0075F0002T0006Z000C1N9.png,48,0.33500233208143493,0.33500233208143493
G5,W0075F0002T0006Z000C1N9.png,49,0.08589803386703393,0.08589803386703393
G5,W0075F0002T0006Z000C1N9.png,50,0.0,0.0
G5,W0075F0002T0006Z000C1N9.png,51,0.0,0.0
G5,W0075F0002T0006Z000C1N9.png,52,0.11490485194281398,0.11490485194281398
G5,W0075F0002T0006Z000C1N9.png,53,0.0,0.0
G5,W0075F0002T0006Z000C1N9.png,54,0.0,0.0
G5,W0075F0002T0006Z000C1N9.png,55,0.0,0.0
G5,W0075F0002T0006Z000C1N9.png,56,0.8125,0.8125
G5,W0075F0002T0006Z000C1N9.png,57,0.11490485194281398,0.11490485194281398
G5,W0075F0002T0006Z000C1N9.png,58,0.0,0.0
G5,W0075F0002T0006Z000C1N9.png,59,0.14864395551183301,0.14864395551183301
G5,W0075F0002T0006Z000C1N9.png,60,0.1625,0.1625
G5,W0075F0002T0006Z000C1N9.png,61,0.0,0.0
G5,W0075F0002T0006Z000C1N9.png,62,0.06056017439061896,0.06056017439061896
G5,W0075F0002T0006Z000C1N9.png,63,0.0,0.0
G5,W0075F0002T0006Z000C1N9.png,64,0.022239648763124654,0.022239648763124654
G5,W0075F0002T0006Z000C1N9.png,65,0.325,0.325
G5,W0075F0002T0006Z000C1N9.png,66,0.0,0.0
G5,W0075F0002T0006Z000C1N9.png,67,0.0,0.0
G5,W0075F0002T0006Z000C1N9.png,68,0.0642042661118461,0.0642042661118461
G5,W0075F0002T0006Z000C1N9.png,69,0.0,0.0
G5,W0075F0002T0006Z000C1N9.png,70,0.5859020822628983,0.5859020822628983
G5,W0075F0002T0006Z000C1N9.png,71,0.325,0.325
G5,W0075F0002T0006Z000C1N9.png,72,0.0,0.0
G5,W0075F0002T0006Z000C1N9.png,73,0.65,0.65
G5,W0075F0002T0006Z000C1N9.png,74,0.22980970388562796,0.22980970388562796
G5,W0075F0002T0006Z000C1N9.png,75,0.11490485194281398,0.11490485194281398
G5,W0075F0002T0006Z000C1N9.png,76,0.0,0.0
G5,W0075F0002T0006Z000C1N9.png,77,0.36336104634371585,0.36336104634371585
G5,W0075F0002T0006Z000C1N9.png,78,0.0,0.0
G5,W0075F0002T0006Z000C1N9.png,79,0.0,0.0
G5,W0075F0002T0006Z000C1N9.png,80,0.11490485194281398,0.11490485194281398
G5,W0075F0002T0006Z000C1N9.png,81,0.11490485194281398,0.11490485194281398
G5,W0075F0002T0006Z000C1N9.png,82,0.0,0.0
G5,W0075F0002T0006Z000C1N9.png,83,0.0793254326902637,0.0793254326902637
G5,W0075F0002T0006Z000C1N9.png,84,0.0,0.0
G5,W0075F0002T0006Z000C1N9.png,85,0.0,0.0
G5,W0075F0002T0006Z000C1N9.png,86,0.08125,0.08125
G5,W0075F0002T0006Z000C1N9.png,87,0.0,0.0
G5,W0075F0002T0006Z000C1N9.png,88,0.325,0.325
G5,W0075F0002T0006Z000C1N9.png,89,0.0,0.0
G5,W0075F0002T0006Z000C1N9.png,90,0.05745242597140699,0.05745242597140699
G5,W0075F0002T0006Z000C1N9.png,91,0.0,0.0
G5,W0075F0002T0006Z000C1N9.png,92,0.0,0.0
G5,W0075F0002T0006Z000C1N9.png,93,0.1625,0.1625
G5,W0075F0002T0006Z000C1N9.png,94,0.11490485194281398,0.11490485194281398
G5,W0075F0002T0006Z000C1N9.png,95,0.08125,0.08125
G5,W0075F0002T0006Z000C1N9.png,96,0.0,0.0
G5,W0075F0002T0006Z000C1N9.png,97,0.0,0.0
G5,W0075F0002T0006Z000C1N9.png,98,0.325,0.325
G5,W0075F0002T0006Z000C1N9.png,99,0.0,0.0
G5,W0075F0002T0006Z000C1N9.png,100,0.08237074259778826,0.08237074259778826
G5,W0075F0002T0006Z000C1N9.png,101,0.08125,0.08125
G5,W0075F0002T0006Z000C1N9.png,102,0.0,0.0
G5,W0075F0002T0006Z000C1N9.png,103,0.36336104634371585,0.36336104634371585
G5,W0075F0002T0006Z000C1N9.png,104,0.11490485194281398,0.11490485194281398
G5,W0075F0003T0006Z000C1N29.png,1,0.040625,0.040625
G5,W0075F0003T0006Z000C1N29.png,2,0.08915311908158505,0.08915311908158505
G5,W0075F0003T0006Z000C1N29.png,3,0.06915405932833002,0.06915405932833002
G5,W0075F0003T0006Z000C1N29.png,4,0.0,0.0
G5,W0075F0003T0006Z000C1N29.png,5,0.0,0.0
G5,W0075F0003T0006Z000C1N29.png,6,0.0,0.0
G5,W0075F0003T0006Z000C1N29.png,7,0.0744449626847632,0.0744449626847632
G5,W0075F0003T0006Z000C1N29.png,8,0.0,0.0
G5,W0075F0003T0006Z000C1N29.png,9,0.08125,0.08125
G5,W0075F0003T0006Z000C1N29.png,10,0.053263825660263074,0.053263825660263074
G5,W0075F0003T0006Z000C1N29.png,11,0.0,0.0
G5,W0075F0001T0006Z000C1N7.png,1,0.08370029746612823,0.08370029746612823
G5,W0075F0001T0006Z000C1N7.png,2,0.0,0.0
G5,W0075F0001T0006Z000C1N7.png,3,0.040625,0.040625
G5,W0075F0001T0006Z000C1N7.png,4,0.0,0.0
G5,W0075F0001T0006Z000C1N7.png,5,0.0,0.0
G5,W0075F0001T0006Z000C1N7.png,6,0.0,0.0
G5,W0075F0001T0006Z000C1N7.png,7,0.11490485194281398,0.11490485194281398
G5,W0075F0001T0006Z000C1N7.png,8,1.657181341917655,1.657181341917655
G5,W0075F0001T0006Z000C1N7.png,9,1.9261563085585758,1.9261563085585758
G5,W0075F0001T0006Z000C1N7.png,10,0.0,0.0
G5,W0075F0001T0006Z000C1N7.png,11,1.178282229128315,1.178282229128315
G5,W0075F0001T0006Z000C1N7.png,12,0.8482749038489823,0.8482749038489823
G5,W0075F0001T0006Z000C1N7.png,13,1.3400093283257397,1.3400093283257397
G5,W0075F0001T0006Z000C1N7.png,14,0.65,0.65
G5,W0075F0001T0006Z000C1N7.png,15,0.05709667997526293,0.05709667997526293
G5,W0075F0001T0006Z000C1N7.png,16,0.11490485194281398,0.11490485194281398
G5,W0075F0001T0006Z000C1N7.png,17,0.036422413793103646,0.036422413793103646
G5,W0075F0001T0006Z000C1N7.png,18,0.08933395522171594,0.08933395522171594
G5,W0075F0001T0006Z000C1N7.png,19,1.0593703908454306,1.0593703908454306
G5,W0075F0001T0006Z000C1N7.png,20,0.07267220926874317,0.07267220926874317
G5,W0075F0001T0006Z000C1N7.png,21,0.030227654104551308,0.030227654104551308
G5,W0075F0001T0006Z000C1N7.png,22,0.08125,0.08125
G5,W0075F0001T0006Z000C1N7.png,23,0.12112034878123792,0.12112034878123792
G5,W0075F0001T0006Z000C1N7.png,24,0.06090951492389675,0.06090951492389675
G5,W0075F0001T0006Z000C1N7.png,25,0.05416666666666705,0.05416666666666705
G5,W0075F0001T0006Z000C1N7.png,26,0.08125,0.08125
G5,W0075F0001T0006Z000C1N7.png,27,0.053263825660263074,0.053263825660263074
G5,W0075F0001T0006Z000C1N7.png,28,0.07267220926874421,0.07267220926874421
G5,W0075F0001T0006Z000C1N7.png,29,0.0,0.0
G5,W0075F0001T0006Z000C1N7.png,30,0.06090951492389675,0.06090951492389675
G5,W0075F0001T0006Z000C1N7.png,31,0.07267220926874317,0.07267220926874317
G5,W0075F0001T0006Z000C1N7.png,32,0.08355387483534299,0.08355387483534299
G5,W0075F0001T0006Z000C1N7.png,33,0.05785002535892006,0.05785002535892006
G5,W0075F0001T0006Z000C1N7.png,34,0.7157382552302213,0.7157382552302213
G5,W0075F0001T0006Z000C1N7.png,35,0.047732142608691235,0.047732142608691235
G5,W0075F0001T0006Z000C1N7.png,36,0.11195857368787045,0.11195857368787045
G5,W0075F0001T0006Z000C1N7.png,37,0.11973684210526425,0.11973684210526425
G5,W0075F0003T0006Z000C1N39.png,1,0.08125,0.08125
G5,W0075F0003T0006Z000C1N39.png,2,0.0883883476483187,0.0883883476483187
G5,W0075F0003T0006Z000C1N39.png,3,0.6179100410881435,0.871231864508349
G5,W0075F0003T0006Z000C1N39.png,4,0.05709667997526221,0.05709667997526221
G5,W0075F0003T0006Z000C1N39.png,5,0.06770833333333319,0.06770833333333319
G5,W0075F0003T0006Z000C1N39.png,6,0.032500000000000466,0.032500000000000466
G5,W0075F0003T0006Z000C1N39.png,7,0.06250000000000012,0.06250000000000012
G5,W0075F0003T0006Z000C1N39.png,8,0.05190872090624622,0.05190872090624622
G5,W0075F0003T0006Z000C1N39.png,9,0.14534441853748634,0.14534441853748634
G5,W0075F0003T0006Z000C1N39.png,10,0.0,0.0
G5,W0075F0003T0006Z000C1N39.png,11,0.03249999999999931,0.03249999999999931
G5,W0075F0003T0006Z000C1N39.png,12,0.03830161731427078,0.03830161731427078
G5,W0075F0003T0006Z000C1N39.png,13,0.06090951492389787,0.06090951492389787
G5,W0075F0003T0006Z000C1N39.png,14,0.11490485194281398,0.11490485194281398
G5,W0075F0003T0006Z000C1N39.png,15,1.2535077168730901,1.2535077168730901
G5,W0075F0003T0006Z000C1N39.png,16,0.06250637722566808,0.06250637722566808
G5,W0075F0003T0006Z000C1N39.png,17,0.0,0.0
G5,W0075F0003T0006Z000C1N39.png,18,0.08370029746612916,0.08370029746612916
G5,W0075F0003T0006Z000C1N39.png,19,0.07323776028286229,0.07323776028286229
G5,W0075F0003T0006Z000C1N39.png,20,0.08125,0.08125
G5,W0075F0003T0006Z000C1N39.png,21,0.06056017439061896,0.06056017439061896
G5,W0075F0003T0006Z000C1N39.png,22,0.0,0.0
G5,W0075F0003T0006Z000C1N39.png,23,0.1532729506962128,0.1532729506962128
G5,W0075F0003T0006Z000C1N39.png,24,0.07267461098096668,0.07267461098096668
G5,W0075F0003T0006Z000C1N39.png,25,0.08125,0.08125
G5,W0075F0003T0006Z000C1N39.png,26,0.07525996611745094,0.07525996611745094
G5,W0075F0003T0006Z000C1N39.png,27,0.045961940777125836,0.045961940777125836
G5,W0075F0003T0006Z000C1N39.png,28,0.10445895631164877,0.10445895631164877
G5,W0075F0003T0006Z000C1N39.png,29,0.2179197099851232,0.2179197099851232
G5,W0075F0003T0006Z000C1N39.png,30,0.0,0.0
G5,W0075F0003T0006Z000C1N39.png,31,0.0,0.0
G5,W0075F0003T0006Z000C1N39.png,32,0.08125,0.08125
G5,W0075F0003T0006Z000C1N39.png,33,0.06728908265624331,0.06728908265624331
G5,W0075F0003T0006Z000C1N39.png,34,0.08125,0.08125
G5,W0075F0003T0006Z000C1N39.png,35,0.08125,0.08125
G5,W0075F0003T0006Z000C1N39.png,36,0.0,0.0
G5,W0075F0003T0006Z000C1N39.png,37,0.0,0.0
G5,W0075F0002T0006Z000C1N17.png,1,0.325,0.325
G5,W0075F0002T0006Z000C1N17.png,2,0.0,0.0
G5,W0075F0002T0006Z000C1N17.png,3,0.0,0.0
G5,W0075F0002T0006Z000C1N17.png,4,0.07660323462854238,0.07660323462854238
G5,W0075F0002T0006Z000C1N17.png,5,0.0,0.0
G5,W0075F0002T0006Z000C1N17.png,6,0.1625,0.1625
G5,W0075F0002T0006Z000C1N17.png,7,0.0,0.0
G5,W0075F0002T0006Z000C1N17.png,8,0.0,0.0
G5,W0075F0002T0006Z000C1N17.png,9,0.325,0.325
G5,W0075F0002T0006Z000C1N17.png,10,0.0,0.0
G5,W0075F0002T0006Z000C1N17.png,11,0.0,0.0
G5,W0075F0002T0006Z000C1N17.png,12,0.0,0.0
G5,W0075F0002T0006Z000C1N17.png,13,0.0,0.0
G5,W0075F0002T0006Z000C1N17.png,14,0.1625,0.1625
G5,W0075F0002T0006Z000C1N17.png,15,0.08730464474273934,0.08730464474273934
G5,W0075F0002T0006Z000C1N17.png,16,0.0,0.0
G5,W0075F0002T0006Z000C1N17.png,17,0.0,0.0
G5,W0075F0002T0006Z000C1N17.png,18,0.0,0.0
G5,W0075F0002T0006Z000C1N17.png,19,0.36336104634371585,0.36336104634371585
G5,W0075F0002T0006Z000C1N17.png,20,0.0,0.0
G5,W0075F0002T0006Z000C1N17.png,21,0.0,0.0
G5,W0075F0002T0006Z000C1N17.png,22,0.0,0.0
G5,W0075F0002T0006Z000C1N17.png,23,0.0,0.0
G5,W0075F0002T0006Z000C1N17.png,24,0.0,0.0
G5,W0075F0002T0006Z000C1N17.png,25,0.0,0.0
G5,W0075F0002T0006Z000C1N17.png,26,0.1083333333333341,0.1083333333333341
G5,W0075F0002T0006Z000C1N17.png,27,0.24391712377691926,0.24391712377691926
G5,W0075F0002T0006Z000C1N17.png,28,0.11490485194281398,0.11490485194281398
G5,W0075F0002T0006Z000C1N17.png,29,0.0,0.0
G5,W0075F0002T0006Z000C1N17.png,30,0.29295104113144915,0.29295104113144915
G5,W0075F0002T0006Z000C1N17.png,31,0.0,0.0
G5,W0075F0002T0006Z000C1N17.png,32,0.013315956415065286,0.013315956415065286
G5,W0075F0002T0006Z000C1N17.png,33,0.0585902082262897,0.0585902082262897
G5,W0075F0002T0006Z000C1N17.png,34,0.05700877125495782,0.05700877125495782
G5,W0075F0002T0006Z000C1N17.png,35,0.0,0.0
G5,W0075F0002T0006Z000C1N17.png,36,0.0,0.0
G5,W0075F0002T0006Z000C1N17.png,37,0.07011614071094456,0.07011614071094456
G5,W0075F0002T0006Z000C1N17.png,38,0.0,0.0
G5,W0075F0002T0006Z000C1N17.png,39,0.0,0.0
G5,W0075F0002T0006Z000C1N17.png,40,0.0,0.0
G5,W0075F0002T0006Z000C1N17.png,41,0.0,0.0
G5,W0075F0002T0006Z000C1N17.png,42,0.0,0.0
G5,W0075F0002T0006Z000C1N17.png,43,0.08125,0.08125
G5,W0075F0002T0006Z000C1N17.png,44,0.11490485194281398,0.11490485194281398
G5,W0075F0002T0006Z000C1N17.png,45,0.0,0.0
G5,W0075F0002T0006Z000C1N17.png,46,0.0,0.0
G5,W0075F0002T0006Z000C1N17.png,47,0.0,0.0
G5,W0075F0002T0006Z000C1N17.png,48,0.0,0.0
G5,W0075F0002T0006Z000C1N17.png,49,0.0,0.0
G5,W0075F0002T0006Z000C1N17.png,50,0.0,0.0
G5,W0075F0002T0006Z000C1N17.png,51,0.0,0.0
G5,W0075F0002T0006Z000C1N17.png,52,0.11490485194281398,0.11490485194281398
G5,W0075F0002T0006Z000C1N17.png,53,0.0,0.0
G5,W0075F0002T0006Z000C1N17.png,54,0.1625,0.1625
G5,W0075F0002T0006Z000C1N17.png,55,0.12112034878123792,0.12112034878123792
G5,W0075F0002T0006Z000C1N17.png,56,0.0,0.0
G5,W0075F0002T0006Z000C1N17.png,57,0.0,0.0
G5,W0075F0002T0006Z000C1N17.png,58,0.0,0.0
G5,W0075F0002T0006Z000C1N17.png,59,0.08125,0.08125
G5,W0075F0002T0006Z000C1N17.png,60,0.1083333333333341,0.1083333333333341
G5,W0075F0002T0006Z000C1N17.png,61,0.0,0.0
G5,W0075F0002T0006Z000C1N17.png,62,0.0,0.0
G5,W0075F0002T0006Z000C1N17.png,63,0.035008345321430344,0.035008345321430344
G5,W0075F0002T0006Z000C1N17.png,64,0.0,0.0
G5,W0075F0002T0006Z000C1N17.png,65,0.0,0.0
G5,W0075F0002T0006Z000C1N17.png,66,0.0,0.0
G5,W0075F0002T0006Z000C1N17.png,67,0.07660323462854156,0.07660323462854156
G5,W0075F0002T0006Z000C1N17.png,68,0.11490485194281398,0.11490485194281398
G5,W0075F0002T0006Z000C1N17.png,69,0.065681263354773,0.065681263354773
G5,W0075F0002T0006Z000C1N16.png,1,0.07925170213092848,0.07925170213092848
G5,W0075F0002T0006Z000C1N16.png,2,0.032500000000000466,0.032500000000000466
G5,W0075F0002T0006Z000C1N16.png,3,0.0,0.0
G5,W0075F0002T0006Z000C1N16.png,4,0.05038911092686565,0.05038911092686565
G5,W0075F0002T0006Z000C1N16.png,5,0.0,0.0
G5,W0075F0002T0006Z000C1N16.png,6,0.65,0.9750000000000001
G5,W0075F0002T0006Z000C1N16.png,7,0.06851601597031537,0.06851601597031537
G5,W0075F0002T0006Z000C1N16.png,8,0.03830161731426915,0.03830161731426915
G5,W0075F0002T0006Z000C1N16.png,9,0.07323776028286229,0.07323776028286229
G5,W0075F0001T0006Z000C1N4.png,1,0.06489056677188047,0.06489056677188047
G5,W0075F0001T0006Z000C1N4.png,2,0.0,0.0
G5,W0075F0001T0006Z000C1N4.png,3,0.09084026158592896,0.09084026158592896
G5,W0075F0001T0006Z000C1N4.png,4,0.0,0.0
G5,W0075F0001T0006Z000C1N4.png,5,0.0,0.0
G5,W0075F0001T0006Z000C1N4.png,6,0.11490485194281398,0.11490485194281398
G5,W0075F0001T0006Z000C1N4.png,7,0.0,0.0
G5,W0075F0001T0006Z000C1N4.png,8,0.080970885468499,0.080970885468499
G5,W0075F0001T0006Z000C1N4.png,9,0.05745242597140699,0.05745242597140699
G5,W0075F0001T0006Z000C1N4.png,10,0.049542682926830395,0.049542682926830395
G5,W0075F0001T0006Z000C1N4.png,11,0.07932284827092696,0.07932284827092696
G5,W0075F0001T0006Z000C1N4.png,12,0.0,0.0
G5,W0075F0001T0006Z000C1N4.png,13,0.08158175302861516,0.08158175302861516
G5,W0075F0001T0006Z000C1N4.png,14,0.07795141646374827,0.07795141646374827
G5,W0075F0001T0006Z000C1N4.png,15,0.07252374699056227,0.07252374699056227
G5,W0075F0001T0006Z000C1N4.png,16,0.0,0.0
G5,W0075F0001T0006Z000C1N4.png,17,0.0,0.0
G5,W0075F0001T0006Z000C1N4.png,18,0.0557225385344963,0.0557225385344963
G5,W0075F0001T0006Z000C1N4.png,19,0.0,0.0
G5,W0075F0001T0006Z000C1N4.png,20,0.0,0.0
G5,W0075F0001T0006Z000C1N4.png,21,0.06267537378698795,0.06267537378698795
G5,W0075F0001T0006Z000C1N4.png,22,0.05416666666666682,0.05416666666666682
G5,W0075F0001T0006Z000C1N4.png,23,0.03224984679114362,0.03224984679114362
G5,W0075F0001T0006Z000C1N4.png,24,0.07267220926874421,0.07267220926874421
G5,W0075F0001T0006Z000C1N4.png,25,0.0,0.0
G5,W0075F0001T0006Z000C1N4.png,26,0.0,0.1625
G5,W0075F0001T0006Z000C1N4.png,27,0.08125,0.08125
G5,W0075F0001T0006Z000C1N4.png,28,0.08222810917025912,0.08222810917025912
G5,W0075F0002T0006Z000C1N29.png,1,0.044859814509454345,0.044859814509454345
G5,W0075F0002T0006Z000C1N29.png,2,0.08125,0.08125
G5,W0075F0002T0006Z000C1N29.png,3,0.07267220926874421,0.07267220926874421
G5,W0075F0002T0006Z000C1N29.png,4,0.05207317531843555,0.05207317531843555
G5,W0075F0002T0006Z000C1N29.png,5,0.0,0.0
G5,W0075F0002T0006Z000C1N29.png,6,0.033128967965897274,0.033128967965897274
G5,W0075F0002T0006Z000C1N29.png,7,0.07742930037216093,0.07742930037216093
G5,W0075F0001T0006Z000C1N5.png,1,0.07167266804791496,0.07167266804791496
G5,W0075F0001T0006Z000C1N5.png,2,0.05490643088874863,0.05490643088874863
G5,W0075F0001T0006Z000C1N5.png,3,0.0,0.0
G5,W0075F0001T0006Z000C1N5.png,4,0.06500000000000093,0.06500000000000093
G5,W0075F0001T0006Z000C1N5.png,5,0.0,0.0
G5,W0075F0001T0006Z000C1N5.png,6,0.08726644314262791,0.08726644314262791
G5,W0075F0001T0006Z000C1N5.png,7,0.0,0.0
G5,W0075F0001T0006Z000C1N5.png,8,0.07924472547780272,0.07924472547780272
G5,W0075F0001T0006Z000C1N5.png,9,0.07465679837263724,0.07465679837263724
G5,W0075F0001T0006Z000C1N5.png,10,0.09592498812478162,0.09592498812478162
G5,W0075F0001T0006Z000C1N5.png,11,0.0,0.0
G5,W0075F0001T0006Z000C1N5.png,12,0.08613906208294121,0.08613906208294121
G5,W0075F0001T0006Z000C1N5.png,13,0.0,0.0
G5,W0075F0001T0006Z000C1N5.png,14,0.012529691253231848,0.012529691253231848
G5,W0075F0001T0006Z000C1N5.png,15,0.0,0.0
G5,W0075F0001T0006Z000C1N5.png,16,0.05583372201357183,0.05583372201357183
G5,W0075F0001T0006Z000C1N5.png,17,0.059512192382910285,0.059512192382910285
G5,W0075F0001T0006Z000C1N5.png,18,0.08125,0.08125
G5,W0075F0001T0006Z000C1N5.png,19,0.0,0.0
G5,W0075F0001T0006Z000C1N5.png,20,0.0,0.0
G5,W0075F0001T0006Z000C1N5.png,21,0.014130434782609048,0.014130434782609048
G5,W0075F0001T0006Z000C1N5.png,22,0.0,0.0
G5,W0075F0001T0006Z000C1N5.png,23,0.0,0.0
G5,W0075F0001T0006Z000C1N5.png,24,0.0,0.0
G5,W0075F0001T0006Z000C1N5.png,25,0.0,0.0
G5,W0075F0001T0006Z000C1N5.png,26,0.09084026158592896,0.09084026158592896
G5,W0075F0001T0006Z000C1N5.png,27,0.0,0.0
G5,W0075F0001T0006Z000C1N5.png,28,0.0,0.0
G5,W0075F0001T0006Z000C1N5.png,29,0.1625,0.1625
G5,W0075F0001T0006Z000C1N5.png,30,0.0,0.0
G5,W0075F0001T0006Z000C1N5.png,31,0.0,0.0
G5,W0075F0001T0006Z000C1N5.png,32,0.0,0.0
G5,W0075F0002T0006Z000C1N2.png,1,0.05190872090624622,0.05190872090624622
G5,W0075F0002T0006Z000C1N2.png,2,0.0,0.0
G5,W0075F0002T0006Z000C1N2.png,3,0.06996293777880887,0.06996293777880887
G5,W0075F0002T0006Z000C1N2.png,4,0.08873535710490607,0.08873535710490607
G5,W0075F0002T0006Z000C1N2.png,5,0.0,0.0
G5,W0075F0002T0006Z000C1N2.png,6,0.09215168687794968,0.09215168687794968
G5,W0075F0002T0006Z000C1N2.png,7,0.04235993502710411,0.04235993502710411
G5,W0075F0002T0006Z000C1N2.png,8,0.08125,0.08125
G5,W0075F0002T0006Z000C1N2.png,9,0.08125,0.08125
G5,W0075F0002T0006Z000C1N2.png,10,0.0,0.0
G5,W0075F0002T0006Z000C1N2.png,11,0.0,0.0
G5,W0075F0002T0006Z000C1N2.png,12,0.0,0.0
G5,W0075F0002T0006Z000C1N2.png,13,0.08125,0.08125
G5,W0075F0002T0006Z000C1N2.png,14,0.009381482009032644,0.009381482009032644
G5,W0075F0002T0006Z000C1N2.png,15,0.0,0.0
G5,W0075F0002T0006Z000C1N2.png,16,0.0,0.0
G5,W0075F0002T0006Z000C1N2.png,17,0.0,0.0
G5,W0075F0002T0006Z000C1N2.png,18,0.0,0.0
G5,W0075F0002T0006Z000C1N2.png,19,0.07265823787396583,0.07265823787396583
G5,W0075F0002T0006Z000C1N2.png,20,0.0,0.0
G5,W0075F0002T0006Z000C1N2.png,21,0.06787915113267846,0.06787915113267846
G5,W0075F0002T0006Z000C1N2.png,22,0.06500000000000093,0.06500000000000093
G5,W0075F0002T0006Z000C1N2.png,23,0.08125,0.08125
G5,W0075F0002T0006Z000C1N2.png,24,0.0,0.0
G5,W0075F0002T0006Z000C1N19.png,1,0.08125,0.08125
G5,W0075F0002T0006Z000C1N19.png,2,0.195276164987551,0.195276164987551
G5,W0075F0002T0006Z000C1N19.png,3,0.0,0.0
G5,W0075F0002T0006Z000C1N19.png,4,0.6936717923885589,0.6936717923885589
G5,W0075F0002T0006Z000C1N19.png,5,0.07341001711105213,0.07341001711105213
G5,W0075F0002T0006Z000C1N19.png,6,0.060365243852786445,0.060365243852786445
G5,W0075F0002T0006Z000C1N19.png,7,0.2817838297988565,0.2817838297988565
G5,W0075F0002T0006Z000C1N19.png,8,0.0,0.0
G5,W0075F0002T0006Z000C1N19.png,9,0.06018518518518505,0.06018518518518505
G5,W0075F0002T0006Z000C1N19.png,10,0.040625,0.040625
G5,W0075F0002T0006Z000C1N19.png,11,0.06936717923885517,0.06936717923885517
G5,W0075F0002T0006Z000C1N19.png,12,0.08125,0.08125
G5,W0075F0002T0006Z000C1N19.png,13,0.8558644670561975,0.8558644670561975
G5,W0075F0002T0006Z000C1N19.png,14,0.08812799848882832,0.08812799848882832
G5,W0075F0002T0006Z000C1N19.png,15,0.08750892811593587,0.08750892811593587
G5,W0075F0002T0006Z000C1N19.png,16,0.09459160805298471,0.09459160805298471
G5,W0075F0002T0006Z000C1N19.png,17,0.04929241070867071,0.04929241070867071
G5,W0075F0002T0006Z000C1N19.png,18,0.04642857142857242,0.04642857142857242
G5,W0075F0002T0006Z000C1N19.png,19,0.0,0.0
G5,W0075F0002T0006Z000C1N19.png,20,0.0,0.0
G5,W0075F0002T0006Z000C1N19.png,21,0.33500233208143493,0.33500233208143493
G5,W0075F0002T0006Z000C1N19.png,22,0.08750892811593587,0.08750892811593587
G5,W0075F0003T0006Z000C1N35.png,1,0.11490485194281398,0.11490485194281398
G5,W0075F0003T0006Z000C1N35.png,2,0.08217951218048254,0.08217951218048254
G5,W0075F0003T0006Z000C1N35.png,3,0.07313910454251724,0.07313910454251724
G5,W0075F0003T0006Z000C1N35.png,4,0.0996682583861207,0.0996682583861207
G5,W0075F0003T0006Z000C1N35.png,5,0.08564501996289385,0.08564501996289385
G5,W0075F0003T0006Z000C1N35.png,6,0.0541666666666659,0.0541666666666659
G5,W0075F0003T0006Z000C1N35.png,7,0.056551660256597816,0.056551660256597816
G5,W0075F0003T0006Z000C1N35.png,8,0.5138701197773617,0.5138701197773617
G5,W0075F0003T0006Z000C1N35.png,9,0.07825711968904006,0.07825711968904006
G5,W0075F0003T0006Z000C1N35.png,10,0.0789608069093641,0.0789608069093641
G5,W0075F0003T0006Z000C1N35.png,11,0.0,0.0
G5,W0075F0002T0006Z000C1N36.png,1,0.08266372128283689,0.08266372128283689
G5,W0075F0002T0006Z000C1N36.png,2,0.0,0.0
G5,W0075F0002T0006Z000C1N36.png,3,0.053446576156095785,0.053446576156095785
G5,W0075F0002T0006Z000C1N36.png,4,0.0,0.0
G5,W0075F0002T0006Z000C1N36.png,5,0.4142953354794138,0.4142953354794138
G5,W0075F0002T0006Z000C1N36.png,6,0.1625,0.1625
G5,W0075F0002T0006Z000C1N36.png,7,0.0,0.0
G5,W0075F0002T0006Z000C1N36.png,8,0.08125,0.08125
G5,W0075F0002T0006Z000C1N36.png,9,0.0,0.0
G5,W0075F0002T0006Z000C1N36.png,10,0.0,0.0
G5,W0075F0002T0006Z000C1N36.png,11,0.06770833333333365,0.06770833333333365
G5,W0075F0002T0006Z000C1N36.png,12,0.08125,0.08125
G5,W0075F0002T0006Z000C1N36.png,13,0.12846752994434044,0.12846752994434044
G5,W0075F0002T0006Z000C1N36.png,14,0.4737648414561807,0.4737648414561807
G5,W0075F0002T0006Z000C1N36.png,15,0.0,0.0
G5,W0075F0002T0006Z000C1N36.png,16,0.08125,0.08125
G5,W0075F0002T0006Z000C1N36.png,17,0.0,0.0
G5,W0075F0002T0006Z000C1N36.png,18,0.0,0.0
G5,W0075F0002T0006Z000C1N36.png,19,0.0,0.0
G5,W0075F0002T0006Z000C1N36.png,20,0.0,0.0
G5,W0075F0002T0006Z000C1N36.png,21,0.0,0.0
G5,W0075F0002T0006Z000C1N36.png,22,0.07660323462854238,0.07660323462854238
G5,W0075F0002T0006Z000C1N36.png,23,0.65,0.65
G5,W0075F0002T0006Z000C1N36.png,24,0.07004310344827498,0.07004310344827498
G5,W0075F0002T0006Z000C1N36.png,25,0.0,0.0
G5,W0075F0002T0006Z000C1N36.png,26,0.0,0.0
G5,W0075F0002T0006Z000C1N36.png,27,0.0,0.0
G5,W0075F0002T0006Z000C1N36.png,28,0.0,0.0
G5,W0075F0002T0006Z000C1N36.png,29,0.0,0.0
G5,W0075F0002T0006Z000C1N36.png,30,0.325,0.325
G5,W0075F0002T0006Z000C1N36.png,31,0.0,0.0
G5,W0075F0002T0006Z000C1N36.png,32,0.051068823085696546,0.051068823085696546
G5,W0075F0002T0006Z000C1N36.png,33,0.0,0.0
G5,W0075F0002T0006Z000C1N36.png,34,0.08207489424486708,0.08207489424486708
G5,W0075F0002T0006Z000C1N36.png,35,0.08911698747468183,0.08911698747468183
G5,W0075F0002T0006Z000C1N36.png,36,0.0,0.0
G5,W0075F0002T0006Z000C1N36.png,37,0.11490485194281398,0.11490485194281398
G5,W0075F0002T0006Z000C1N36.png,38,0.0,0.0
G5,W0075F0002T0006Z000C1N36.png,39,0.08125,0.08125
G5,W0075F0002T0006Z000C1N36.png,40,0.06510023136254546,0.06510023136254546
G5,W0075F0002T0006Z000C1N36.png,41,0.09174310748549791,0.09174310748549791
G5,W0075F0002T0006Z000C1N36.png,42,0.0,0.0
G5,W0075F0002T0006Z000C1N36.png,43,0.08125,0.08125
G5,W0075F0002T0006Z000C1N36.png,44,0.05190872090624468,0.05190872090624468
G5,W0075F0002T0006Z000C1N36.png,45,0.08199270282935985,0.08199270282935985
G5,W0075F0002T0006Z000C1N36.png,46,1.0050069962443047,1.0050069962443047
G5,W0075F0002T0006Z000C1N36.png,47,0.0,0.0
G5,W0075F0002T0006Z000C1N36.png,48,0.09501114847506413,0.09501114847506413
G5,W0075F0002T0006Z000C1N36.png,49,0.36336104634371585,0.36336104634371585
G5,W0075F0002T0006Z000C1N36.png,50,0.36336104634371585,0.36336104634371585
G5,W0075F0002T0006Z000C1N36.png,51,0.221023895766953,0.221023895766953
G5,W0075F0002T0006Z000C1N36.png,52,0.6345827861674157,0.6345827861674157
G5,W0075F0002T0006Z000C1N36.png,53,0.040625,0.040625
G5,W0075F0002T0006Z000C1N36.png,54,0.08125,0.08125
G5,W0075F0002T0006Z000C1N36.png,55,0.48750000000000004,0.48750000000000004
G5,W0075F0002T0006Z000C1N5.png,1,0.03577239228170301,0.03577239228170301
G5,W0075F0002T0006Z000C1N5.png,2,0.0,0.0
G5,W0075F0002T0006Z000C1N5.png,3,0.04814814814814836,0.04814814814814836
G5,W0075F0002T0006Z000C1N5.png,4,0.0,0.0
G5,W0075F0002T0006Z000C1N5.png,5,0.0,0.0
G5,W0075F0002T0006Z000C1N5.png,6,0.0,0.0
G5,W0075F0002T0006Z000C1N5.png,7,0.04760007306155491,0.04760007306155491
G5,W0075F0002T0006Z000C1N5.png,8,0.0,0.0
G5,W0075F0002T0006Z000C1N5.png,9,0.0,0.0
G5,W0075F0002T0006Z000C1N5.png,10,0.0976503470438164,0.0976503470438164
G5,W0075F0002T0006Z000C1N37.png,1,2.7672752844630404,2.7672752844630404
G5,W0075F0002T0006Z000C1N37.png,2,0.0,0.0
G5,W0075F0002T0006Z000C1N37.png,3,0.06916654314285761,0.06916654314285761
G5,W0075F0002T0006Z000C1N37.png,4,0.07436420323127549,0.07436420323127549
G5,W0075F0002T0006Z000C1N37.png,5,0.12112034878123826,0.12112034878123826
G5,W0075F0002T0006Z000C1N37.png,6,0.0,0.0
G5,W0075F0002T0006Z000C1N37.png,7,0.0,0.0
G5,W0075F0002T0006Z000C1N37.png,8,0.07660323462854207,0.07660323462854207
G5,W0075F0002T0006Z000C1N37.png,9,1.1375,1.1375
G5,W0075F0002T0006Z000C1N37.png,10,0.08125,0.08125
G5,W0075F0002T0006Z000C1N37.png,11,0.65,0.65
G5,W0075F0002T0006Z000C1N37.png,12,0.0541666666666659,0.0541666666666659
G5,W0075F0002T0006Z000C1N37.png,13,0.0,0.0
G5,W0075F0002T0006Z000C1N37.png,14,0.11490485194281398,0.11490485194281398
G5,W0075F0002T0006Z000C1N37.png,15,0.07197494560705789,0.07197494560705789
G5,W0075F0002T0006Z000C1N37.png,16,0.0,0.0
G5,W0075F0002T0006Z000C1N37.png,17,0.0,0.0
G5,W0075F0002T0006Z000C1N37.png,18,0.0,0.0
G5,W0075F0002T0006Z000C1N37.png,19,0.1625,0.1625
G5,W0075F0002T0006Z000C1N37.png,20,0.08125,0.08125
G5,W0075F0002T0006Z000C1N37.png,21,0.0,0.0
G5,W0075F0002T0006Z000C1N37.png,22,0.06964285714285748,0.06964285714285748
G5,W0075F0002T0006Z000C1N37.png,23,0.0,0.0
G5,W0075F0002T0006Z000C1N37.png,24,0.05907677704834431,0.05907677704834431
G5,W0075F0002T0006Z000C1N37.png,25,0.0028941570515405167,0.0028941570515405167
G5,W0075F0002T0006Z000C1N37.png,26,0.11490485194281398,0.11490485194281398
G5,W0075F0002T0006Z000C1N37.png,27,0.0,0.0
G5,W0075F0002T0006Z000C1N37.png,28,0.11490485194281398,0.11490485194281398
G5,W0075F0002T0006Z000C1N37.png,29,0.31729139308370785,0.31729139308370785
G5,W0075F0002T0006Z000C1N37.png,30,0.06510023136254418,0.06510023136254418
G5,W0075F0002T0006Z000C1N37.png,31,0.04609766303221477,0.04609766303221477
G5,W0075F0002T0006Z000C1N37.png,32,0.0,0.0
G5,W0075F0002T0006Z000C1N37.png,33,0.07660323462854156,0.07660323462854156
G5,W0075F0002T0006Z000C1N37.png,34,0.03869047619047663,0.03869047619047663
G5,W0075F0002T0006Z000C1N37.png,35,0.6894291116568838,0.6894291116568838
G5,W0075F0002T0006Z000C1N37.png,36,0.04101941747572742,0.04101941747572742
G5,W0075F0002T0006Z000C1N37.png,37,0.0,0.0
G5,W0075F0002T0006Z000C1N37.png,38,0.0,0.0
G5,W0075F0002T0006Z000C1N37.png,39,0.04282250998144729,0.04282250998144729
G5,W0075F0002T0006Z000C1N37.png,40,0.0,0.0
G5,W0075F0002T0006Z000C1N37.png,41,0.325,0.325
G5,W0075F0002T0006Z000C1N37.png,42,0.07137084996907639,0.07137084996907639
G5,W0075F0002T0006Z000C1N37.png,43,0.0,0.0
G5,W0075F0002T0006Z000C1N37.png,44,0.1625,0.1625
G5,W0075F0002T0006Z000C1N37.png,45,0.09479786298572412,0.09479786298572412
G5,W0075F0002T0006Z000C1N37.png,46,0.0,0.0
G5,W0075F0002T0006Z000C1N23.png,1,1.14904851942814,1.14904851942814
G5,W0075F0002T0006Z000C1N23.png,2,1.1375,1.1375
G5,W0075F0002T0006Z000C1N23.png,3,0.0545490202473189,0.0545490202473189
G5,W0075F0002T0006Z000C1N23.png,4,0.36336104634371585,0.36336104634371585
G5,W0075F0002T0006Z000C1N23.png,5,0.11490485194281398,0.11490485194281398
G5,W0075F0002T0006Z000C1N23.png,6,1.3884006086140988,1.3884006086140988
G5,W0075F0002T0006Z000C1N23.png,7,0.8125,0.8125
G5,W0075F0002T0006Z000C1N23.png,8,0.6700046641628699,0.6700046641628699
G5,W0075F0002T0006Z000C1N23.png,9,0.045069390943300196,0.045069390943300196
G5,W0075F0002T0006Z000C1N23.png,10,0.08125,0.08125
G5,W0075F0002T0006Z000C1N23.png,11,0.09084026158592896,0.09084026158592896
G5,W0075F0002T0006Z000C1N23.png,12,0.11490485194281398,0.11490485194281398
G5,W0075F0002T0006Z000C1N23.png,13,0.054166666666666474,0.054166666666666474
G5,W0075F0002T0006Z000C1N23.png,14,0.0,0.0
G5,W0075F0002T0006Z000C1N23.png,15,0.09887298691922175,0.09887298691922175
G5,W0075F0002T0006Z000C1N23.png,16,0.0,0.0
G5,W0075F0002T0006Z000C1N23.png,17,0.5138701197773617,0.5138701197773617
G5,W0075F0002T0006Z000C1N23.png,18,0.0902777777777778,0.0902777777777778
G5,W0075F0002T0006Z000C1N23.png,19,0.07341001711105213,0.07341001711105213
G5,W0075F0002T0006Z000C1N23.png,20,0.07874078080584858,0.07874078080584858
G5,W0075F0002T0006Z000C1N23.png,21,0.04596194077712625,0.04596194077712625
G5,W0075F0002T0006Z000C1N23.png,22,0.09084026158592896,0.09084026158592896
G5,W0075F0002T0006Z000C1N23.png,23,0.03350023320814383,0.03350023320814383
G5,W0075F0002T0006Z000C1N23.png,24,0.0732619843897389,0.0732619843897389
G5,W0075F0002T0006Z000C1N23.png,25,0.09084026158592896,0.09084026158592896
G5,W0075F0002T0006Z000C1N23.png,26,0.0,0.0
G5,W0075F0002T0006Z000C1N23.png,27,0.0,0.0
G5,W0075F0002T0006Z000C1N23.png,28,0.08247605923673901,0.08247605923673901
G5,W0075F0002T0006Z000C1N23.png,29,0.09312550092097471,0.09312550092097471
G5,W0075F0002T0006Z000C1N23.png,30,0.23995878700477236,0.23995878700477236
G5,W0075F0002T0006Z000C1N23.png,31,0.0,0.0
G5,W0075F0002T0006Z000C1N23.png,32,0.0,0.0
G5,W0075F0002T0006Z000C1N23.png,33,0.0,0.0
G5,W0075F0002T0006Z000C1N23.png,34,0.0,0.0
G5,W0075F0002T0006Z000C1N23.png,35,0.07907591289387746,0.07907591289387746
G5,W0075F0002T0006Z000C1N23.png,36,0.0,0.0
G5,W0075F0002T0006Z000C1N23.png,37,0.0,0.0
G5,W0075F0002T0006Z000C1N23.png,38,0.0,0.0
G5,W0075F0002T0006Z000C1N21.png,1,0.05416666666666667,0.05416666666666667
G5,W0075F0002T0006Z000C1N21.png,2,0.09283160183271692,0.09283160183271692
G5,W0075F0002T0006Z000C1N21.png,3,0.0,0.0
G5,W0075F0002T0006Z000C1N21.png,4,0.08370029746612861,0.08370029746612861
G5,W0075F0002T0006Z000C1N21.png,5,0.028583893286052417,0.028583893286052417
G5,W0075F0002T0006Z000C1N21.png,6,0.0,0.0
G5,W0075F0002T0006Z000C1N21.png,7,0.0,0.0
G5,W0075F0002T0006Z000C1N21.png,8,0.07812027763505301,0.07812027763505301
G5,W0075F0002T0006Z000C1N21.png,9,0.0,0.0
G5,W0075F0002T0006Z000C1N21.png,10,0.0,0.0
G5,W0075F0002T0006Z000C1N21.png,11,0.0,0.0
G5,W0075F0002T0006Z000C1N21.png,12,0.0,0.0
G5,W0075F0002T0006Z000C1N21.png,13,0.0,0.0
G5,W0075F0002T0006Z000C1N21.png,14,0.0,0.0
G5,W0075F0002T0006Z000C1N21.png,15,0.0,0.0
G5,W0075F0002T0006Z000C1N21.png,16,0.0,0.0
G5,W0075F0002T0006Z000C1N21.png,17,0.0,0.0
G5,W0075F0002T0006Z000C1N21.png,18,0.08125,0.08125
G5,W0075F0002T0006Z000C1N21.png,19,0.0,0.0
G5,W0075F0002T0006Z000C1N21.png,20,0.0,0.0
G5,W0075F0002T0006Z000C1N21.png,21,0.11490485194281398,0.11490485194281398
G5,W0075F0002T0006Z000C1N21.png,22,0.0,0.0
G5,W0075F0002T0006Z000C1N21.png,23,0.0,0.0
G5,W0075F0002T0006Z000C1N21.png,24,0.0,0.0
G5,W0075F0002T0006Z000C1N21.png,25,0.0,0.0
G5,W0075F0002T0006Z000C1N21.png,26,0.0,0.0
G5,W0075F0002T0006Z000C1N21.png,27,0.0,0.0
G5,W0075F0002T0006Z000C1N21.png,28,0.08125,0.08125
G5,W0075F0002T0006Z000C1N21.png,29,0.0,0.0
G5,W0075F0002T0006Z000C1N21.png,30,0.11490485194281398,0.11490485194281398
G5,W0075F0002T0006Z000C1N21.png,31,0.06056017439061909,0.06056017439061909
G5,W0075F0002T0006Z000C1N21.png,32,0.0,0.0
G5,W0075F0002T0006Z000C1N21.png,33,0.0,0.0
G5,W0075F0002T0006Z000C1N21.png,34,0.0,0.0
G5,W0075F0002T0006Z000C1N21.png,35,0.08125,0.08125
G5,W0075F0002T0006Z000C1N21.png,36,0.023214285714285632,0.023214285714285632
G5,W0075F0002T0006Z000C1N21.png,37,0.0,0.0
G5,W0075F0002T0006Z000C1N21.png,38,0.0,0.0
G5,W0075F0002T0006Z000C1N21.png,39,0.0,0.0
G5,W0075F0002T0006Z000C1N21.png,40,0.01380315441723081,0.01380315441723081
G5,W0075F0002T0006Z000C1N21.png,41,0.08125,0.08125
G5,W0075F0002T0006Z000C1N21.png,42,0.08125,0.08125
G5,W0075F0002T0006Z000C1N21.png,43,0.0,0.0
G5,W0075F0002T0006Z000C1N21.png,44,0.0,0.0
G5,W0075F0002T0006Z000C1N21.png,45,0.08125,0.08125
G5,W0075F0002T0006Z000C1N21.png,46,0.08125,0.08125
G5,W0075F0002T0006Z000C1N21.png,47,0.0,0.0
G5,W0075F0002T0006Z000C1N21.png,48,0.0,0.0
G5,W0075F0002T0006Z000C1N21.png,49,0.0,0.0
G5,W0075F0002T0006Z000C1N21.png,50,0.0,0.0
G5,W0075F0002T0006Z000C1N21.png,51,0.0,0.0
G5,W0075F0002T0006Z000C1N21.png,52,0.0,0.0
G5,W0075F0002T0006Z000C1N21.png,53,0.0,0.0
G5,W0075F0002T0006Z000C1N21.png,54,0.040625,0.040625
G5,W0075F0002T0006Z000C1N21.png,55,0.0541666666666659,0.0541666666666659
G5,W0075F0002T0006Z000C1N21.png,56,0.0,0.0
G5,W0075F0002T0006Z000C1N21.png,57,0.0,0.0
G5,W0075F0002T0006Z000C1N21.png,58,0.0,0.0
G5,W0075F0002T0006Z000C1N21.png,59,0.0,0.0
G5,W0075F0002T0006Z000C1N21.png,60,0.0,0.0
G5,W0075F0002T0006Z000C1N21.png,61,0.0,0.0
G5,W0075F0002T0006Z000C1N21.png,62,0.0,0.0
G5,W0075F0001T0006Z000C1N45.png,1,0.07864672725844836,0.07864672725844836
G5,W0075F0001T0006Z000C1N45.png,2,0.1625,0.1625
G5,W0075F0001T0006Z000C1N45.png,3,0.0,0.0
G5,W0075F0001T0006Z000C1N45.png,4,0.037396971659188455,0.037396971659188455
G5,W0075F0001T0006Z000C1N45.png,5,0.0,0.0
G5,W0075F0001T0006Z000C1N45.png,6,0.22980970388562796,0.22980970388562796
G5,W0075F0001T0006Z000C1N45.png,7,0.1625,0.1625
G5,W0075F0001T0006Z000C1N45.png,8,0.0,0.0
G5,W0075F0001T0006Z000C1N45.png,9,0.0,0.0
G5,W0075F0001T0006Z000C1N45.png,10,0.07660323462854156,0.07660323462854156
G5,W0075F0001T0006Z000C1N45.png,11,0.0,0.0
G5,W0075F0001T0006Z000C1N45.png,12,0.0,0.0
G5,W0075F0001T0006Z000C1N45.png,13,0.0,0.0
G5,W0075F0001T0006Z000C1N45.png,14,0.0,0.0
G5,W0075F0001T0006Z000C1N45.png,15,0.0,0.0
G5,W0075F0001T0006Z000C1N45.png,16,0.0,0.0
G5,W0075F0001T0006Z000C1N45.png,17,0.0,0.0
G5,W0075F0001T0006Z000C1N45.png,18,0.0,0.0
G5,W0075F0001T0006Z000C1N45.png,19,0.0,0.0
G5,W0075F0001T0006Z000C1N45.png,20,0.0,0.0
G5,W0075F0001T0006Z000C1N45.png,21,0.0541666666666659,0.0541666666666659
G5,W0075F0001T0006Z000C1N45.png,22,0.0,0.0
G5,W0075F0001T0006Z000C1N22.png,1,0.060560174390619476,0.060560174390619476
G5,W0075F0001T0006Z000C1N22.png,2,0.0,0.0
G5,W0075F0001T0006Z000C1N22.png,3,0.08124117416779673,0.08124117416779673
G5,W0075F0001T0006Z000C1N22.png,4,0.0,0.0
G5,W0075F0001T0006Z000C1N22.png,5,0.0814277805809392,0.0814277805809392
G5,W0075F0001T0006Z000C1N22.png,6,0.0,0.0
G5,W0075F0001T0006Z000C1N22.png,7,0.0,0.0
G5,W0075F0001T0006Z000C1N22.png,8,0.0,0.0
G5,W0075F0001T0006Z000C1N22.png,9,0.06499999999999977,0.06499999999999977
G5,W0075F0001T0006Z000C1N22.png,10,0.0,0.0
G5,W0075F0001T0006Z000C1N22.png,11,0.036336104634371195,0.036336104634371195
G5,W0075F0001T0006Z000C1N22.png,12,0.041984575057625186,0.041984575057625186
G5,W0075F0001T0006Z000C1N22.png,13,0.0,0.0
G5,W0075F0001T0006Z000C1N22.png,14,0.0,0.0
G5,W0075F0001T0006Z000C1N22.png,15,0.0050819726761356975,0.0050819726761356975
G5,W0075F0001T0006Z000C1N22.png,16,0.0,0.0
G5,W0075F0001T0006Z000C1N22.png,17,0.08125,0.08125
G5,W0075F0001T0006Z000C1N22.png,18,0.2569350598886809,0.2569350598886809
G5,W0075F0001T0006Z000C1N22.png,19,0.08125,0.08125
G5,W0075F0001T0006Z000C1N22.png,20,0.57452425971407,0.57452425971407
G5,W0075F0001T0006Z000C1N22.png,21,0.018168052317185792,0.018168052317185792
G5,W0075F0001T0006Z000C1N22.png,22,0.04411393013776255,0.04411393013776255
G5,W0075F0001T0006Z000C1N36.png,1,0.04695103124578274,0.04695103124578274
G5,W0075F0001T0006Z000C1N36.png,2,0.0,0.0
G5,W0075F0001T0006Z000C1N36.png,3,0.0743367577399495,0.0743367577399495
G5,W0075F0001T0006Z000C1N36.png,4,0.08125,0.08125
G5,W0075F0001T0006Z000C1N36.png,5,0.049869983311176834,0.049869983311176834
G5,W0075F0001T0006Z000C1N36.png,6,0.03948807502526665,0.03948807502526665
G5,W0075F0001T0006Z000C1N36.png,7,0.0,0.0
G5,W0075F0001T0006Z000C1N36.png,8,0.060029289725933084,0.060029289725933084
G5,W0075F0001T0006Z000C1N36.png,9,0.07267220926874343,0.07267220926874343
G5,W0075F0001T0006Z000C1N36.png,10,0.08017013615094068,0.08017013615094068
G5,W0075F0001T0006Z000C1N36.png,11,0.0,0.0
G5,W0075F0001T0006Z000C1N36.png,12,0.0,0.0
G5,W0075F0001T0006Z000C1N36.png,13,0.0,0.0
G5,W0075F0001T0006Z000C1N36.png,14,0.10652765132052679,0.10652765132052679
G5,W0075F0001T0006Z000C1N36.png,15,0.07660323462854238,0.07660323462854238
G5,W0075F0001T0006Z000C1N36.png,16,0.0,0.0
G5,W0075F0001T0006Z000C1N36.png,17,0.08125,0.08125
G5,W0075F0001T0006Z000C1N36.png,18,0.0,0.0
G5,W0075F0001T0006Z000C1N36.png,19,0.08125,0.08125
G5,W0075F0001T0006Z000C1N36.png,20,0.0,0.0
G5,W0075F0001T0006Z000C1N36.png,21,0.0,0.0
G5,W0075F0001T0006Z000C1N36.png,22,0.08125,0.08125
G5,W0075F0001T0006Z000C1N36.png,23,0.0541666666666659,0.0541666666666659
G5,W0075F0001T0006Z000C1N36.png,24,0.0,0.0
G5,W0075F0001T0006Z000C1N36.png,25,0.0,0.0
G5,W0075F0001T0006Z000C1N36.png,26,0.06348731053064463,0.06348731053064463
G5,W0075F0001T0006Z000C1N36.png,27,0.09859935230715579,0.09859935230715579
G5,W0075F0001T0006Z000C1N36.png,28,0.10405076885828365,0.10405076885828365
G5,W0075F0001T0006Z000C1N36.png,29,0.03869047619047605,0.03869047619047605
G5,W0075F0001T0006Z000C1N36.png,30,0.08125,0.08125
G5,W0075F0001T0006Z000C1N36.png,31,0.07267220926874421,0.07267220926874421
G5,W0075F0001T0006Z000C1N36.png,32,0.06373774391991026,0.06373774391991026
G5,W0075F0001T0006Z000C1N36.png,33,0.08125,0.08125
G5,W0075F0001T0006Z000C1N36.png,34,0.06340045784973067,0.06340045784973067
G5,W0075F0001T0006Z000C1N36.png,35,0.02329796426490579,0.02329796426490579
G5,W0075F0001T0006Z000C1N36.png,36,0.04598437765460407,0.04598437765460407
G5,W0075F0001T0006Z000C1N36.png,37,0.07323776028286229,0.07323776028286229
G5,W0075F0001T0006Z000C1N36.png,38,0.07955357101448711,0.07955357101448711
G5,W0075F0001T0006Z000C1N36.png,39,0.047505574237532065,0.047505574237532065
G5,W0075F0001T0006Z000C1N36.png,40,0.07660323462854156,0.07660323462854156
G5,W0075F0001T0006Z000C1N36.png,41,0.0,0.0
G5,W0075F0001T0006Z000C1N36.png,42,0.06779780589742058,0.06779780589742058
G5,W0075F0001T0006Z000C1N36.png,43,0.0,0.0
G5,W0075F0001T0006Z000C1N36.png,44,0.0,0.0
G5,W0075F0001T0006Z000C1N36.png,45,0.0705268067539883,0.0705268067539883
G5,W0075F0001T0006Z000C1N36.png,46,0.07490879871550496,0.07490879871550496
G5,W0075F0001T0006Z000C1N36.png,47,0.0,0.0
G5,W0075F0001T0006Z000C1N36.png,48,0.0,0.0
G5,W0075F0001T0006Z000C1N36.png,49,0.08125,0.08125
G5,W0075F0001T0006Z000C1N36.png,50,0.063457099127718,0.063457099127718
G5,W0075F0001T0006Z000C1N36.png,51,0.04605733058733588,0.04605733058733588
G5,W0075F0001T0006Z000C1N36.png,52,0.06316864552749231,0.06316864552749231
G5,W0075F0001T0006Z000C1N36.png,53,0.0766032346285432,0.0766032346285432
G5,W0075F0001T0006Z000C1N36.png,54,0.059562186711641325,0.059562186711641325
G5,W0075F0001T0006Z000C1N36.png,55,0.06500000000000086,0.06500000000000086
G5,W0075F0001T0006Z000C1N36.png,56,0.025000000000001067,0.025000000000001067
G5,W0075F0001T0006Z000C1N36.png,57,0.0,0.0
G5,W0075F0001T0006Z000C1N36.png,58,0.058590208226288416,0.058590208226288416
G5,W0075F0001T0006Z000C1N36.png,59,0.06875350720571476,0.06875350720571476
G5,W0075F0001T0006Z000C1N36.png,60,0.08125,0.08125
G5,W0075F0001T0006Z000C1N36.png,61,0.0,0.0
G5,W0075F0001T0006Z000C1N36.png,62,0.0,0.0
G5,W0075F0001T0006Z000C1N37.png,1,0.8165523942160723,1.7216566331588887
G5,W0075F0001T0006Z000C1N37.png,2,0.08370029746612866,0.08370029746612866
G5,W0075F0001T0006Z000C1N37.png,3,0.043365710604363485,0.043365710604363485
G5,W0075F0001T0006Z000C1N37.png,4,0.08370029746612852,0.08370029746612852
G5,W0075F0001T0006Z000C1N37.png,5,1.511337363066235,2.4563851743975333
G5,W0075F0001T0006Z000C1N37.png,6,0.028726212985703495,0.028726212985703495
G5,W0075F0001T0006Z000C1N37.png,7,0.05573704017131597,0.05573704017131597
G5,W0075F0001T0006Z000C1N37.png,8,0.0,0.0
G5,W0075F0001T0006Z000C1N37.png,9,0.0766032346285432,0.0766032346285432
G5,W0075F0001T0006Z000C1N37.png,10,0.07274724512690253,0.07274724512690253
G5,W0075F0001T0006Z000C1N37.png,11,0.08750892811593587,0.08750892811593587
G5,W0075F0001T0006Z000C1N37.png,12,0.0,0.1625
G5,W0075F0001T0006Z000C1N37.png,13,0.21930210739215578,0.21930210739215578
G5,W0075F0001T0006Z000C1N37.png,14,1.6086679271993958,1.6086679271993958
G5,W0075F0001T0006Z000C1N37.png,15,0.0,0.0
G5,W0075F0001T0006Z000C1N37.png,16,0.0,0.0
G5,W0075F0001T0006Z000C1N37.png,17,0.1436310649285175,0.1436310649285175
G5,W0075F0001T0006Z000C1N37.png,18,0.0,0.0
G5,W0075F0001T0006Z000C1N37.png,19,0.07267220926874232,0.07267220926874232
G5,W0075F0001T0006Z000C1N37.png,20,0.029113708535522226,0.029113708535522226
G5,W0075F0001T0006Z000C1N37.png,21,0.5876329636771571,0.6996650984578258
G5,W0075F0002T0006Z000C1N44.png,1,0.0,0.0
G5,W0075F0002T0006Z000C1N44.png,2,0.06251801167336433,0.06251801167336433
G5,W0075F0002T0006Z000C1N44.png,3,0.0,0.0
G5,W0075F0002T0006Z000C1N44.png,4,0.0,0.0
G5,W0075F0002T0006Z000C1N44.png,5,0.05243044936456186,0.05243044936456186
G5,W0075F0002T0006Z000C1N44.png,6,0.0751118312257302,0.0751118312257302
G5,W0075F0002T0006Z000C1N44.png,7,0.0,0.0
G5,W0075F0002T0006Z000C1N44.png,8,0.0,0.0
G5,W0075F0002T0006Z000C1N44.png,9,0.0,0.0
G5,W0075F0002T0006Z000C1N44.png,10,0.0,0.0
G5,W0075F0002T0006Z000C1N44.png,11,0.0541666666666659,0.0541666666666659
G5,W0075F0002T0006Z000C1N44.png,12,0.060937500000000006,0.060937500000000006
G5,W0075F0002T0006Z000C1N44.png,13,0.0,0.0
G5,W0075F0002T0006Z000C1N44.png,14,0.0,0.0
G5,W0075F0002T0006Z000C1N44.png,15,0.0,0.0
G5,W0075F0002T0006Z000C1N44.png,16,0.0,0.0
G5,W0075F0002T0006Z000C1N44.png,17,0.11490485194281398,0.11490485194281398
G5,W0075F0002T0006Z000C1N44.png,18,0.08370029746612916,0.08370029746612916
G5,W0075F0002T0006Z000C1N44.png,19,0.0,0.0
G5,W0075F0002T0006Z000C1N44.png,20,0.0,0.0
G5,W0075F0002T0006Z000C1N44.png,21,0.05422118368290264,0.05422118368290264
G5,W0075F0002T0006Z000C1N44.png,22,0.0,0.0
G5,W0075F0002T0006Z000C1N44.png,23,0.0,0.0
G5,W0075F0002T0006Z000C1N44.png,24,0.0,0.0
G5,W0075F0002T0006Z000C1N44.png,25,0.040625,0.040625
G5,W0075F0002T0006Z000C1N44.png,26,0.0,0.0
G5,W0075F0002T0006Z000C1N44.png,27,0.06056017439061896,0.06056017439061896
G5,W0075F0002T0006Z000C1N44.png,28,0.0,0.0
G5,W0075F0002T0006Z000C1N44.png,29,0.8285906709588275,0.8285906709588275
G5,W0075F0002T0006Z000C1N44.png,30,0.08125,0.08125
G5,W0075F0002T0006Z000C1N44.png,31,1.2502999640086365,1.2502999640086365
G5,W0075F0002T0006Z000C1N44.png,32,0.9750000000000001,0.9750000000000001
G5,W0075F0003T0006Z000C1N56.png,1,0.09294666099502104,0.09294666099502104
G5,W0075F0003T0006Z000C1N56.png,2,0.22980970388562796,0.22980970388562796
G5,W0075F0003T0006Z000C1N56.png,3,0.36336104634371585,0.36336104634371585
G5,W0075F0003T0006Z000C1N56.png,4,0.0,0.0
G5,W0075F0003T0006Z000C1N56.png,5,0.45961940777125593,0.45961940777125593
G5,W0075F0003T0006Z000C1N56.png,6,0.045149680377561584,0.045149680377561584
G5,W0075F0003T0006Z000C1N56.png,7,0.1625,0.1625
G5,W0075F0003T0006Z000C1N56.png,8,0.05416666666666705,0.05416666666666705
G5,W0075F0003T0006Z000C1N56.png,9,0.07660323462854238,0.07660323462854238
G5,W0075F0003T0006Z000C1N56.png,10,0.11490485194281398,0.11490485194281398
G5,W0075F0003T0006Z000C1N56.png,11,0.22980970388562796,0.22980970388562796
G5,W0075F0003T0006Z000C1N56.png,12,0.11490485194281398,0.11490485194281398
G5,W0075F0003T0006Z000C1N56.png,13,0.0,0.0
G5,W0075F0003T0006Z000C1N56.png,14,0.059550767459022776,0.059550767459022776
G5,W0075F0003T0006Z000C1N56.png,15,0.0,0.0
G5,W0075F0003T0006Z000C1N56.png,16,0.0,0.0
G5,W0075F0003T0006Z000C1N56.png,17,0.0,0.0
G5,W0075F0003T0006Z000C1N56.png,18,0.5138701197773617,0.5138701197773617
G5,W0075F0003T0006Z000C1N56.png,19,0.0,0.0
G5,W0075F0003T0006Z000C1N56.png,20,0.9475296829123614,0.9475296829123614
G5,W0075F0003T0006Z000C1N56.png,21,0.8125,0.8125
G5,W0075F0003T0006Z000C1N56.png,22,0.0,0.0
G5,W0075F0003T0006Z000C1N56.png,23,0.0750038260425991,0.0750038260425991
G5,W0075F0003T0006Z000C1N56.png,24,0.0,0.0
G5,W0075F0003T0006Z000C1N56.png,25,0.0,0.0
G5,W0075F0003T0006Z000C1N56.png,26,0.0,0.0
G5,W0075F0003T0006Z000C1N56.png,27,0.0,0.0
G5,W0075F0003T0006Z000C1N56.png,28,0.08125,0.08125
G5,W0075F0003T0006Z000C1N56.png,29,0.0,0.0
G5,W0075F0003T0006Z000C1N56.png,30,0.7267220926874317,0.7267220926874317
G5,W0075F0003T0006Z000C1N56.png,31,0.07267220926874317,0.07267220926874317
G5,W0075F0003T0006Z000C1N56.png,32,0.0,0.0
G5,W0075F0003T0006Z000C1N56.png,33,0.0585902082262897,0.0585902082262897
G5,W0075F0003T0006Z000C1N56.png,34,0.0,0.0
G5,W0075F0003T0006Z000C1N56.png,35,0.06177805694834129,0.06177805694834129
G5,W0075F0003T0006Z000C1N56.png,36,0.65,0.65
G5,W0075F0003T0006Z000C1N56.png,37,0.0,0.0
G5,W0075F0003T0006Z000C1N56.png,38,0.5138701197773617,0.5138701197773617
G5,W0075F0003T0006Z000C1N56.png,39,0.0,0.0
G5,W0075F0003T0006Z000C1N56.png,40,0.8125,0.8125
G5,W0075F0003T0006Z000C1N56.png,41,1.1718041645257966,1.1718041645257966
G5,W0075F0003T0006Z000C1N57.png,1,0.07660323462854265,0.07660323462854265
G5,W0075F0003T0006Z000C1N57.png,2,0.060498898717121614,0.060498898717121614
G5,W0075F0003T0006Z000C1N57.png,3,0.03611489968791254,0.03611489968791254
G5,W0075F0003T0006Z000C1N57.png,4,0.0,0.0
G5,W0075F0003T0006Z000C1N57.png,5,0.0,0.0
G5,W0075F0003T0006Z000C1N57.png,6,0.048749999999999974,0.048749999999999974
G5,W0075F0003T0006Z000C1N57.png,7,0.0,0.0
G5,W0075F0003T0006Z000C1N57.png,8,0.05416666666666705,0.05416666666666705
G5,W0075F0003T0006Z000C1N57.png,9,0.0,0.0
G5,W0075F0003T0006Z000C1N57.png,10,0.11490485194281398,0.11490485194281398
G5,W0075F0003T0006Z000C1N57.png,11,0.07267220926874296,0.07267220926874296
G5,W0075F0003T0006Z000C1N57.png,12,0.0,0.0
G5,W0075F0003T0006Z000C1N57.png,13,0.07660323462854292,0.07660323462854292
G5,W0075F0003T0006Z000C1N57.png,14,0.11490485194281398,0.11490485194281398
G5,W0075F0003T0006Z000C1N57.png,15,0.0,0.0
G5,W0075F0003T0006Z000C1N57.png,16,0.0,0.0
G5,W0075F0003T0006Z000C1N57.png,17,0.08125,0.08125
G5,W0075F0003T0006Z000C1N57.png,18,0.054166666666666655,0.054166666666666655
G5,W0075F0003T0006Z000C1N57.png,19,0.0,0.0
G5,W0075F0003T0006Z000C1N57.png,20,0.0,0.0
G5,W0075F0003T0006Z000C1N57.png,21,0.0,0.0
G5,W0075F0003T0006Z000C1N57.png,22,0.0,0.0
G5,W0075F0003T0006Z000C1N57.png,23,0.0,0.0
G5,W0075F0003T0006Z000C1N57.png,24,0.11490485194281398,0.11490485194281398
G5,W0075F0003T0006Z000C1N57.png,25,0.0766032346285421,0.0766032346285421
G5,W0075F0003T0006Z000C1N57.png,26,0.0,0.0
G5,W0075F0003T0006Z000C1N57.png,27,0.0766032346285421,0.0766032346285421
G5,W0075F0003T0006Z000C1N57.png,28,0.0,0.0
G5,W0075F0003T0006Z000C1N57.png,29,0.08125,0.08125
G5,W0075F0003T0006Z000C1N57.png,30,0.058035714285714225,0.058035714285714225
G5,W0075F0003T0006Z000C1N57.png,31,0.11490485194281398,0.11490485194281398
G5,W0075F0003T0006Z000C1N57.png,32,0.07660323462854374,0.07660323462854374
G5,W0075F0003T0006Z000C1N57.png,33,0.0,0.0
G5,W0075F0003T0006Z000C1N57.png,34,0.08125,0.08125
G5,W0075F0003T0006Z000C1N57.png,35,0.0,0.0
G5,W0075F0003T0006Z000C1N57.png,36,0.0,0.0
G5,W0075F0003T0006Z000C1N57.png,37,0.0,0.0
G5,W0075F0003T0006Z000C1N57.png,38,0.0,0.0
G5,W0075F0003T0006Z000C1N57.png,39,0.07660323462854293,0.07660323462854293
G5,W0075F0003T0006Z000C1N57.png,40,0.11490485194281398,0.11490485194281398
G5,W0075F0003T0006Z000C1N57.png,41,0.0,0.0
G5,W0075F0003T0006Z000C1N57.png,42,0.0,0.0
G5,W0075F0003T0006Z000C1N57.png,43,0.08125,0.08125
G5,W0075F0003T0006Z000C1N57.png,44,0.0,0.0
G5,W0075F0003T0006Z000C1N57.png,45,0.08125,0.08125
G5,W0075F0003T0006Z000C1N57.png,46,0.0,0.0
G5,W0075F0003T0006Z000C1N57.png,47,0.0,0.0
G5,W0075F0003T0006Z000C1N57.png,48,0.0541666666666659,0.0541666666666659
G5,W0075F0003T0006Z000C1N57.png,49,0.06894291116568804,0.06894291116568804
G5,W0075F0003T0006Z000C1N57.png,50,0.0,0.0
G5,W0075F0003T0006Z000C1N57.png,51,0.06500000000000093,0.06500000000000093
G5,W0075F0003T0006Z000C1N57.png,52,0.05364695701807726,0.05364695701807726
G5,W0075F0003T0006Z000C1N57.png,53,0.0,0.0
G5,W0075F0003T0006Z000C1N57.png,54,0.05416666666666705,0.05416666666666705
G5,W0075F0003T0006Z000C1N57.png,55,0.11490485194281398,0.11490485194281398
G5,W0075F0003T0006Z000C1N57.png,56,0.08125,0.08125
G5,W0075F0003T0006Z000C1N57.png,57,0.0,0.0
G5,W0075F0003T0006Z000C1N57.png,58,0.0,0.0
G5,W0075F0003T0006Z000C1N57.png,59,0.0,0.0
G5,W0075F0003T0006Z000C1N57.png,60,0.08125,0.08125
G5,W0075F0003T0006Z000C1N57.png,61,0.0,0.0
G5,W0075F0003T0006Z000C1N57.png,62,0.08125,0.08125
G5,W0075F0003T0006Z000C1N57.png,63,0.08125,0.08125
G5,W0075F0003T0006Z000C1N57.png,64,0.0,0.0
G5,W0075F0003T0006Z000C1N57.png,65,0.0,0.0
G5,W0075F0003T0006Z000C1N57.png,66,0.0,0.0
G5,W0075F0003T0006Z000C1N57.png,67,0.09848987309383916,0.09848987309383916
G5,W0075F0003T0006Z000C1N57.png,68,0.0,0.0
G5,W0075F0003T0006Z000C1N57.png,69,0.09084026158592896,0.09084026158592896
G5,W0075F0003T0006Z000C1N57.png,70,0.0,0.0
G5,W0075F0003T0006Z000C1N57.png,71,0.07660323462854289,0.07660323462854289
G5,W0075F0003T0006Z000C1N57.png,72,0.0,0.0
G5,W0075F0003T0006Z000C1N57.png,73,0.0,0.0
G5,W0075F0003T0006Z000C1N57.png,74,0.09084026158592896,0.09084026158592896
G5,W0075F0003T0006Z000C1N57.png,75,0.0,0.0
G5,W0075F0003T0006Z000C1N57.png,76,0.0,0.0
G5,W0075F0003T0006Z000C1N57.png,77,0.0,0.0
G5,W0075F0003T0006Z000C1N57.png,78,0.0,0.0
G5,W0075F0003T0006Z000C1N57.png,79,0.0,0.0
G5,W0075F0003T0006Z000C1N57.png,80,0.11490485194281398,0.11490485194281398
G5,W0075F0003T0006Z000C1N57.png,81,0.0,0.0
G5,W0075F0003T0006Z000C1N57.png,82,0.08125,0.08125
G5,W0075F0003T0006Z000C1N57.png,83,0.03249999999999988,0.03249999999999988
G5,W0075F0003T0006Z000C1N57.png,84,0.08125,0.08125
G5,W0075F0003T0006Z000C1N57.png,85,0.09192388155425188,0.09192388155425188
G5,W0075F0003T0006Z000C1N57.png,86,0.055833722013572396,0.055833722013572396
G5,W0075F0003T0006Z000C1N57.png,87,0.0,0.0
G5,W0075F0003T0006Z000C1N57.png,88,0.0,0.0
G5,W0075F0003T0006Z000C1N57.png,89,0.11490485194281398,0.11490485194281398
G5,W0075F0003T0006Z000C1N57.png,90,0.05745242597140699,0.05745242597140699
G5,W0075F0003T0006Z000C1N57.png,91,0.11490485194281398,0.11490485194281398
G5,W0075F0003T0006Z000C1N57.png,92,0.0,0.0
G5,W0075F0003T0006Z000C1N57.png,93,0.0,0.0
G5,W0075F0003T0006Z000C1N57.png,94,0.0,0.0
G5,W0075F0003T0006Z000C1N57.png,95,0.0,0.0
G5,W0075F0003T0006Z000C1N57.png,96,0.0,0.0
G5,W0075F0003T0006Z000C1N57.png,97,0.0,0.0
G5,W0075F0003T0006Z000C1N57.png,98,0.08125,0.08125
G5,W0075F0003T0006Z000C1N57.png,99,0.0,0.0
G5,W0075F0003T0006Z000C1N57.png,100,0.0,0.0
G5,W0075F0003T0006Z000C1N57.png,101,0.07660323462854217,0.07660323462854217
G5,W0075F0003T0006Z000C1N57.png,102,0.0,0.0
G5,W0075F0003T0006Z000C1N57.png,103,0.0,0.0
G5,W0075F0003T0006Z000C1N57.png,104,0.08125,0.08125
G5,W0075F0003T0006Z000C1N57.png,105,0.0,0.0
G5,W0075F0003T0006Z000C1N57.png,106,0.0,0.0
G5,W0075F0003T0006Z000C1N57.png,107,0.0,0.0
G5,W0075F0003T0006Z000C1N57.png,108,0.0,0.0
G5,W0075F0003T0006Z000C1N57.png,109,0.0,0.0
G5,W0075F0003T0006Z000C1N57.png,110,0.0,0.0
G5,W0075F0003T0006Z000C1N57.png,111,0.08125,0.08125
G5,W0075F0003T0006Z000C1N57.png,112,0.08125,0.08125
G5,W0075F0003T0006Z000C1N57.png,113,0.07660323462854278,0.07660323462854278
G5,W0075F0003T0006Z000C1N57.png,114,0.0,0.0
G5,W0075F0003T0006Z000C1N57.png,115,0.0,0.0
G5,W0075F0003T0006Z000C1N57.png,116,0.0,0.0
G5,W0075F0003T0006Z000C1N57.png,117,0.0,0.0
G5,W0075F0003T0006Z000C1N57.png,118,0.0,0.0
G5,W0075F0003T0006Z000C1N57.png,119,0.0,0.0
G5,W0075F0003T0006Z000C1N57.png,120,0.0,0.0
G5,W0075F0003T0006Z000C1N57.png,121,0.08617863895711048,0.08617863895711048
G5,W0075F0003T0006Z000C1N57.png,122,0.08125,0.08125
G5,W0075F0003T0006Z000C1N57.png,123,0.0,0.0
G5,W0075F0003T0006Z000C1N57.png,124,0.0,0.0
G5,W0075F0003T0006Z000C1N57.png,125,0.0459619407771242,0.0459619407771242
G5,W0075F0003T0006Z000C1N57.png,126,0.0,0.0
G5,W0075F0003T0006Z000C1N57.png,127,0.0,0.0
G5,W0075F0003T0006Z000C1N57.png,128,0.0,0.0
G5,W0075F0003T0006Z000C1N57.png,129,0.05416666666666705,0.05416666666666705
G5,W0075F0003T0006Z000C1N57.png,130,0.0,0.0
G5,W0075F0003T0006Z000C1N57.png,131,0.11490485194281398,0.11490485194281398
G5,W0075F0003T0006Z000C1N57.png,132,0.0,0.0
G5,W0075F0003T0006Z000C1N57.png,133,0.0,0.0
G5,W0075F0003T0006Z000C1N57.png,134,0.027654785531107635,0.027654785531107635
G5,W0075F0003T0006Z000C1N57.png,135,0.0,0.0
G5,W0075F0003T0006Z000C1N57.png,136,0.08125,0.08125
G5,W0075F0003T0006Z000C1N57.png,137,0.0,0.0
G5,W0075F0003T0006Z000C1N57.png,138,0.03830161731427201,0.03830161731427201
G5,W0075F0003T0006Z000C1N57.png,139,0.08125,0.08125
G5,W0075F0003T0006Z000C1N57.png,140,0.0,0.0
G5,W0075F0003T0006Z000C1N57.png,141,0.0,0.0
G5,W0075F0003T0006Z000C1N57.png,142,0.08125,0.08125
G5,W0075F0003T0006Z000C1N57.png,143,0.0,0.0
G5,W0075F0003T0006Z000C1N57.png,144,0.0,0.0
G5,W0075F0003T0006Z000C1N57.png,145,0.0,0.0
G5,W0075F0003T0006Z000C1N57.png,146,0.0,0.0
G5,W0075F0003T0006Z000C1N57.png,147,0.0,0.0
G5,W0075F0003T0006Z000C1N57.png,148,0.0,0.0
G5,W0075F0003T0006Z000C1N57.png,149,0.0,0.0
G5,W0075F0003T0006Z000C1N57.png,150,0.0,0.0
G5,W0075F0003T0006Z000C1N57.png,151,0.0,0.0
G5,W0075F0003T0006Z000C1N57.png,152,0.11490485194281398,0.11490485194281398
G5,W0075F0003T0006Z000C1N57.png,153,0.08125,0.08125
G5,W0075F0003T0006Z000C1N57.png,154,0.08450127550057743,0.08450127550057743
G5,W0075F0003T0006Z000C1N57.png,155,0.11490485194281398,0.11490485194281398
G5,W0075F0003T0006Z000C1N57.png,156,0.0,0.0
G5,W0075F0003T0006Z000C1N57.png,157,0.07660323462854253,0.07660323462854253
G5,W0075F0003T0006Z000C1N57.png,158,0.025534411542847506,0.025534411542847506
G5,W0075F0003T0006Z000C1N57.png,159,0.0,0.0
G5,W0075F0003T0006Z000C1N57.png,160,0.0,0.0
G5,W0075F0003T0006Z000C1N57.png,161,0.0,0.0
G5,W0075F0003T0006Z000C1N57.png,162,0.06250637722566861,0.06250637722566861
G5,W0075F0003T0006Z000C1N57.png,163,0.0,0.0
G5,W0075F0003T0006Z000C1N57.png,164,0.0,0.0
G5,W0075F0003T0006Z000C1N57.png,165,0.08125,0.08125
G5,W0075F0003T0006Z000C1N57.png,166,0.0,0.0
G5,W0075F0003T0006Z000C1N57.png,167,0.03159661272554026,0.03159661272554026
G5,W0075F0003T0006Z000C1N57.png,168,0.08125,0.08125
G5,W0075F0003T0006Z000C1N57.png,169,0.07660323462854361,0.07660323462854361
G5,W0075F0003T0006Z000C1N57.png,170,0.0,0.0
G5,W0075F0003T0006Z000C1N57.png,171,0.054166666666666474,0.054166666666666474
G5,W0075F0003T0006Z000C1N57.png,172,0.11490485194281398,0.11490485194281398
G5,W0075F0003T0006Z000C1N57.png,173,0.0,0.0
G5,W0075F0003T0006Z000C1N57.png,174,0.07267220926874317,0.07267220926874317
G5,W0075F0003T0006Z000C1N57.png,175,0.11490485194281398,0.11490485194281398
G5,W0075F0003T0006Z000C1N57.png,176,0.08125,0.08125
G5,W0075F0003T0006Z000C1N57.png,177,0.11490485194281398,0.11490485194281398
G5,W0075F0003T0006Z000C1N57.png,178,0.0,0.0
G5,W0075F0003T0006Z000C1N57.png,179,0.0,0.0
G5,W0075F0003T0006Z000C1N57.png,180,0.08125,0.08125
G5,W0075F0003T0006Z000C1N57.png,181,0.0,0.0
G5,W0075F0003T0006Z000C1N57.png,182,0.0,0.0
G5,W0075F0003T0006Z000C1N57.png,183,0.0,0.0
G5,W0075F0003T0006Z000C1N57.png,184,0.054166666666666474,0.054166666666666474
G5,W0075F0003T0006Z000C1N57.png,185,0.06565991539589347,0.06565991539589347
G5,W0075F0003T0006Z000C1N57.png,186,0.05745242597140699,0.05745242597140699
G5,W0075F0003T0006Z000C1N57.png,187,0.11490485194281398,0.11490485194281398
G5,W0075F0003T0006Z000C1N57.png,188,0.08838834764831854,0.08838834764831854
G5,W0075F0003T0006Z000C1N57.png,189,0.0,0.0
G5,W0075F0003T0006Z000C1N57.png,190,0.0,0.0
G5,W0075F0003T0006Z000C1N57.png,191,0.09192388155425167,0.09192388155425167
G5,W0075F0003T0006Z000C1N57.png,192,0.0,0.0
G5,W0075F0003T0006Z000C1N57.png,193,0.0,0.0
G5,W0075F0003T0006Z000C1N57.png,194,0.11490485194281398,0.11490485194281398
G5,W0075F0003T0006Z000C1N57.png,195,0.0,0.0
G5,W0075F0003T0006Z000C1N57.png,196,0.09848987309383897,0.09848987309383897
G5,W0075F0003T0006Z000C1N57.png,197,0.09084026158592896,0.09084026158592896
G5,W0075F0003T0006Z000C1N57.png,198,0.05745242597140699,0.05745242597140699
G5,W0075F0003T0006Z000C1N57.png,199,0.0,0.0
G5,W0075F0003T0006Z000C1N57.png,200,0.0,0.0
G5,W0075F0003T0006Z000C1N57.png,201,0.04506939094329971,0.04506939094329971
G5,W0075F0003T0006Z000C1N57.png,202,0.0,0.0
G5,W0075F0003T0006Z000C1N57.png,203,0.0,0.0
G5,W0075F0003T0006Z000C1N57.png,204,0.0,0.0
G5,W0075F0003T0006Z000C1N57.png,205,0.0,0.0
G5,W0075F0003T0006Z000C1N57.png,206,0.08125,0.08125
G5,W0075F0003T0006Z000C1N57.png,207,0.06226409773726699,0.06226409773726699
G5,W0075F0003T0006Z000C1N57.png,208,0.08125,0.08125
G5,W0075F0003T0006Z000C1N57.png,209,0.0,0.0
G5,W0075F0003T0006Z000C1N57.png,210,0.0861390620829424,0.0861390620829424
G5,W0075F0003T0006Z000C1N57.png,211,0.051908720906243905,0.051908720906243905
G5,W0075F0003T0006Z000C1N57.png,212,0.11490485194281398,0.11490485194281398
G5,W0075F0003T0006Z000C1N57.png,213,0.0,0.0
G5,W0075F0003T0006Z000C1N57.png,214,0.08137528920318006,0.08137528920318006
G5,W0075F0003T0006Z000C1N57.png,215,0.11490485194281398,0.11490485194281398
G5,W0075F0003T0006Z000C1N57.png,216,0.0,0.0
G5,W0075F0003T0006Z000C1N57.png,217,0.0,0.0
G5,W0075F0003T0006Z000C1N57.png,218,0.0,0.0
G5,W0075F0003T0006Z000C1N57.png,219,0.0,0.0
G5,W0075F0003T0006Z000C1N57.png,220,0.08125,0.08125
G5,W0075F0003T0006Z000C1N57.png,221,0.0,0.0
G5,W0075F0003T0006Z000C1N57.png,222,0.0,0.0
G5,W0075F0003T0006Z000C1N57.png,223,0.08125,0.08125
G5,W0075F0003T0006Z000C1N57.png,224,0.0,0.0
G5,W0075F0003T0006Z000C1N57.png,225,0.03282995769794633,0.03282995769794633
G5,W0075F0003T0006Z000C1N57.png,226,0.05416666666666821,0.05416666666666821
G5,W0075F0003T0006Z000C1N57.png,227,0.0,0.0
G5,W0075F0003T0006Z000C1N57.png,228,0.06565991539589267,0.06565991539589267
G5,W0075F0003T0006Z000C1N57.png,229,0.0,0.0
G5,W0075F0003T0006Z000C1N57.png,230,0.06056017439061913,0.06056017439061913
G5,W0075F0003T0006Z000C1N57.png,231,0.0,0.0
G5,W0075F0003T0006Z000C1N57.png,232,0.045961940777125426,0.045961940777125426
G5,W0075F0003T0006Z000C1N57.png,233,0.0,0.0
G5,W0075F0003T0006Z000C1N57.png,234,0.0,0.0
G5,W0075F0003T0006Z000C1N57.png,235,0.07660323462854197,0.07660323462854197
G5,W0075F0003T0006Z000C1N57.png,236,0.08125,0.08125
G5,W0075F0003T0006Z000C1N57.png,237,0.0,0.0
G5,W0075F0003T0006Z000C1N57.png,238,0.07267220926874395,0.07267220926874395
G5,W0075F0003T0006Z000C1N57.png,239,0.05745242597140699,0.05745242597140699
G5,W0075F0003T0006Z000C1N57.png,240,0.0,0.0
G5,W0075F0003T0006Z000C1N57.png,241,0.08125,0.08125
G5,W0075F0003T0006Z000C1N57.png,242,0.07660323462854257,0.07660323462854257
G5,W0075F0003T0006Z000C1N57.png,243,0.009027777777778035,0.009027777777778035
G5,W0075F0003T0006Z000C1N57.png,244,0.0,0.0
G5,W0075F0003T0006Z000C1N57.png,245,0.0,0.0
G5,W0075F0003T0006Z000C1N57.png,246,0.09084026158592896,0.09084026158592896
G5,W0075F0003T0006Z000C1N57.png,247,0.11490485194281398,0.11490485194281398
G5,W0075F0003T0006Z000C1N57.png,248,0.0,0.0
G5,W0075F0003T0006Z000C1N57.png,249,0.0,0.0
G5,W0075F0003T0006Z000C1N57.png,250,0.11490485194281398,0.11490485194281398
G5,W0075F0003T0006Z000C1N57.png,251,0.08125,0.08125
G5,W0075F0003T0006Z000C1N57.png,252,0.0,0.0
G5,W0075F0003T0006Z000C1N57.png,253,0.0,0.0
G5,W0075F0003T0006Z000C1N57.png,254,0.0,0.0
G5,W0075F0003T0006Z000C1N57.png,255,0.03250000000000003,0.03250000000000003
G5,W0075F0003T0006Z000C1N57.png,256,0.0,0.0
G5,W0075F0003T0006Z000C1N57.png,257,0.05745242597140699,0.05745242597140699
G5,W0075F0003T0006Z000C1N57.png,258,0.0,0.0
G5,W0075F0003T0006Z000C1N57.png,259,0.11490485194281398,0.11490485194281398
G5,W0075F0003T0006Z000C1N57.png,260,0.0,0.0
G5,W0075F0003T0006Z000C1N57.png,261,0.11490485194281398,0.11490485194281398
G5,W0075F0003T0006Z000C1N57.png,262,0.11490485194281398,0.11490485194281398
G5,W0075F0003T0006Z000C1N57.png,263,0.0,0.0
G5,W0075F0003T0006Z000C1N57.png,264,0.0,0.0
G5,W0075F0003T0006Z000C1N57.png,265,0.0,0.0
G5,W0075F0003T0006Z000C1N57.png,266,0.0,0.0
G5,W0075F0003T0006Z000C1N57.png,267,0.0,0.0
G5,W0075F0003T0006Z000C1N57.png,268,0.0,0.0
G5,W0075F0003T0006Z000C1N57.png,269,0.11490485194281398,0.11490485194281398
G5,W0075F0003T0006Z000C1N57.png,270,0.0,0.0
G5,W0075F0003T0006Z000C1N57.png,271,0.0,0.0
G5,W0075F0003T0006Z000C1N57.png,272,0.08125,0.08125
G5,W0075F0003T0006Z000C1N57.png,273,0.0,0.0
G5,W0075F0003T0006Z000C1N57.png,274,0.07673289361085006,0.07673289361085006
G5,W0075F0003T0006Z000C1N57.png,275,0.0,0.0
G5,W0075F0003T0006Z000C1N57.png,276,0.05745242597140699,0.05745242597140699
G5,W0075F0003T0006Z000C1N57.png,277,0.0,0.0
G5,W0075F0003T0006Z000C1N57.png,278,0.0,0.0
G5,W0075F0003T0006Z000C1N57.png,279,0.0,0.0
G5,W0075F0003T0006Z000C1N57.png,280,0.0,0.0
G5,W0075F0003T0006Z000C1N57.png,281,0.11490485194281398,0.11490485194281398
G5,W0075F0003T0006Z000C1N57.png,282,0.0,0.0
G5,W0075F0003T0006Z000C1N57.png,283,0.058135736887394554,0.058135736887394554
G5,W0075F0003T0006Z000C1N57.png,284,0.0,0.0
G5,W0075F0003T0006Z000C1N57.png,285,0.08125,0.08125
G5,W0075F0003T0006Z000C1N57.png,286,0.0,0.0
G5,W0075F0003T0006Z000C1N57.png,287,0.0,0.0
G5,W0075F0003T0006Z000C1N57.png,288,0.0,0.0
G5,W0075F0003T0006Z000C1N57.png,289,0.0,0.0
G5,W0075F0003T0006Z000C1N57.png,290,0.0,0.0
G5,W0075F0003T0006Z000C1N57.png,291,0.06510023136254417,0.06510023136254417
G5,W0075F0003T0006Z000C1N57.png,292,0.11490485194281398,0.11490485194281398
G5,W0075F0003T0006Z000C1N57.png,293,0.07660323462854299,0.07660323462854299
G5,W0075F0003T0006Z000C1N57.png,294,0.0676806916365974,0.0676806916365974
G5,W0075F0003T0006Z000C1N57.png,295,0.0,0.0
G5,W0075F0003T0006Z000C1N57.png,296,0.05364695701807493,0.05364695701807493
G5,W0075F0003T0006Z000C1N57.png,297,0.08125,0.08125
G5,W0075F0003T0006Z000C1N57.png,298,0.0,0.0
G5,W0075F0003T0006Z000C1N57.png,299,0.0,0.0
G5,W0075F0003T0006Z000C1N57.png,300,0.040625,0.040625
G5,W0075F0003T0006Z000C1N57.png,301,0.08370029746612852,0.08370029746612852
G5,W0075F0003T0006Z000C1N57.png,302,0.0,0.0
G5,W0075F0003T0006Z000C1N57.png,303,0.0,0.0
G5,W0075F0003T0006Z000C1N57.png,304,0.0,0.0
G5,W0075F0003T0006Z000C1N57.png,305,0.0,0.0
G5,W0075F0003T0006Z000C1N57.png,306,0.08222810917026069,0.08222810917026069
G5,W0075F0003T0006Z000C1N57.png,307,0.0,0.0
G5,W0075F0003T0006Z000C1N57.png,308,0.0,0.0
G5,W0075F0003T0006Z000C1N57.png,309,0.0,0.0
G5,W0075F0003T0006Z000C1N57.png,310,0.0,0.0
G5,W0075F0003T0006Z000C1N57.png,311,0.02321428571428621,0.02321428571428621
G5,W0075F0003T0006Z000C1N57.png,312,0.040625,0.040625
G5,W0075F0003T0006Z000C1N57.png,313,0.05745242597140699,0.05745242597140699
G5,W0075F0003T0006Z000C1N57.png,314,0.0,0.0
G5,W0075F0003T0006Z000C1N57.png,315,0.07660323462854278,0.07660323462854278
G5,W0075F0003T0006Z000C1N57.png,316,0.0,0.0
G5,W0075F0003T0006Z000C1N57.png,317,0.0,0.0
G5,W0075F0003T0006Z000C1N57.png,318,0.08125,0.08125
G5,W0075F0003T0006Z000C1N57.png,319,0.0,0.0
G5,W0075F0003T0006Z000C1N57.png,320,0.0,0.0
G5,W0075F0003T0006Z000C1N57.png,321,0.0383016173142716,0.0383016173142716
G5,W0075F0003T0006Z000C1N57.png,322,0.08125,0.08125
G5,W0075F0003T0006Z000C1N57.png,323,0.05745242597140699,0.05745242597140699
G5,W0075F0003T0006Z000C1N57.png,324,0.11490485194281398,0.11490485194281398
G5,W0075F0003T0006Z000C1N57.png,325,0.0,0.0
G5,W0075F0003T0006Z000C1N57.png,326,0.08125,0.08125
G5,W0075F0003T0006Z000C1N57.png,327,0.0,0.0
G5,W0075F0003T0006Z000C1N57.png,328,0.0,0.0
G5,W0075F0003T0006Z000C1N57.png,329,0.03830161731426997,0.03830161731426997
G5,W0075F0003T0006Z000C1N57.png,330,0.05416666666666705,0.05416666666666705
G5,W0075F0003T0006Z000C1N57.png,331,0.0,0.0
G5,W0075F0003T0006Z000C1N57.png,332,0.0,0.0
G5,W0075F0003T0006Z000C1N57.png,333,0.0,0.0
G5,W0075F0003T0006Z000C1N57.png,334,0.07660323462854238,0.07660323462854238
G5,W0075F0003T0006Z000C1N57.png,335,0.07660323462854238,0.07660323462854238
G5,W0075F0003T0006Z000C1N57.png,336,0.08125,0.08125
G5,W0075F0003T0006Z000C1N57.png,337,0.0,0.0
G5,W0075F0003T0006Z000C1N57.png,338,0.0,0.0
G5,W0075F0003T0006Z000C1N57.png,339,0.0674986237243177,0.0674986237243177
G5,W0075F0003T0006Z000C1N57.png,340,0.11490485194281398,0.11490485194281398
G5,W0075F0003T0006Z000C1N57.png,341,0.0,0.0
G5,W0075F0003T0006Z000C1N57.png,342,0.0,0.0
G5,W0075F0003T0006Z000C1N57.png,343,0.0,0.0
G5,W0075F0003T0006Z000C1N57.png,344,0.0,0.0
G5,W0075F0003T0006Z000C1N57.png,345,0.05416666666666705,0.05416666666666705
G5,W0075F0003T0006Z000C1N57.png,346,0.0,0.0
G5,W0075F0003T0006Z000C1N57.png,347,0.0,0.0
G5,W0075F0003T0006Z000C1N57.png,348,0.0,0.0
G5,W0075F0003T0006Z000C1N57.png,349,0.0,0.0
G5,W0075F0003T0006Z000C1N57.png,350,0.0,0.0
G5,W0075F0003T0006Z000C1N57.png,351,0.0,0.0
G5,W0075F0003T0006Z000C1N57.png,352,0.08125,0.08125
G5,W0075F0003T0006Z000C1N57.png,353,0.0,0.0
G5,W0075F0003T0006Z000C1N57.png,354,0.07484772539799964,0.07484772539799964
G5,W0075F0003T0006Z000C1N57.png,355,0.05416666666666705,0.05416666666666705
G5,W0075F0003T0006Z000C1N57.png,356,0.0,0.0
G5,W0075F0003T0006Z000C1N57.png,357,0.0,0.0
G5,W0075F0003T0006Z000C1N57.png,358,0.08125,0.08125
G5,W0075F0003T0006Z000C1N57.png,359,0.0,0.0
G5,W0075F0003T0006Z000C1N57.png,360,0.0,0.0
G5,W0075F0003T0006Z000C1N57.png,361,0.0,0.0
G5,W0075F0003T0006Z000C1N57.png,362,0.11490485194281398,0.11490485194281398
G5,W0075F0003T0006Z000C1N57.png,363,0.0,0.0
G5,W0075F0003T0006Z000C1N57.png,364,0.03611111111111098,0.03611111111111098
G5,W0075F0003T0006Z000C1N57.png,365,0.0,0.0
G5,W0075F0003T0006Z000C1N57.png,366,0.11490485194281398,0.11490485194281398
G5,W0075F0003T0006Z000C1N57.png,367,0.0,0.0
G5,W0075F0003T0006Z000C1N57.png,368,0.08125,0.08125
G5,W0075F0003T0006Z000C1N57.png,369,0.11490485194281398,0.11490485194281398
G5,W0075F0003T0006Z000C1N57.png,370,0.08125,0.08125
G5,W0075F0003T0006Z000C1N57.png,371,0.0766032346285432,0.0766032346285432
G5,W0075F0003T0006Z000C1N57.png,372,0.0,0.0
G5,W0075F0003T0006Z000C1N57.png,373,0.0,0.0
G5,W0075F0003T0006Z000C1N57.png,374,0.0,0.0
G5,W0075F0003T0006Z000C1N57.png,375,0.0,0.0
G5,W0075F0003T0006Z000C1N57.png,376,0.0,0.0
G5,W0075F0003T0006Z000C1N57.png,377,0.0,0.0
G5,W0075F0003T0006Z000C1N57.png,378,0.0541666666666659,0.0541666666666659
G5,W0075F0003T0006Z000C1N57.png,379,0.0,0.0
G5,W0075F0003T0006Z000C1N57.png,380,0.05745242597140699,0.05745242597140699
G5,W0075F0003T0006Z000C1N57.png,381,0.08125,0.08125
G5,W0075F0003T0006Z000C1N57.png,382,0.0,0.0
G5,W0075F0003T0006Z000C1N57.png,383,0.0,0.0
G5,W0075F0003T0006Z000C1N57.png,384,0.0,0.0
G5,W0075F0003T0006Z000C1N57.png,385,0.08125,0.08125
G5,W0075F0003T0006Z000C1N57.png,386,0.0,0.0
G5,W0075F0003T0006Z000C1N57.png,387,0.0,0.0
G5,W0075F0003T0006Z000C1N57.png,388,0.08125,0.08125
G5,W0075F0003T0006Z000C1N57.png,389,0.0,0.0
G5,W0075F0003T0006Z000C1N57.png,390,0.0,0.0
G5,W0075F0003T0006Z000C1N57.png,391,0.0,0.0
G5,W0075F0003T0006Z000C1N57.png,392,0.0,0.0
G5,W0075F0003T0006Z000C1N57.png,393,0.0,0.0
G5,W0075F0003T0006Z000C1N57.png,394,0.0,0.0
G5,W0075F0003T0006Z000C1N57.png,395,0.0,0.0
G5,W0075F0003T0006Z000C1N57.png,396,0.0541666666666659,0.0541666666666659
G5,W0075F0003T0006Z000C1N57.png,397,0.0,0.0
G5,W0075F0003T0006Z000C1N57.png,398,0.05416666666666821,0.05416666666666821
G5,W0075F0003T0006Z000C1N57.png,399,0.08125,0.08125
G5,W0075F0003T0006Z000C1N57.png,400,0.040625,0.040625
G5,W0075F0003T0006Z000C1N57.png,401,0.0,0.0
G5,W0075F0003T0006Z000C1N57.png,402,0.11490485194281398,0.11490485194281398
G5,W0075F0003T0006Z000C1N57.png,403,0.08125,0.08125
G5,W0075F0003T0006Z000C1N57.png,404,0.0,0.0
G5,W0075F0003T0006Z000C1N57.png,405,0.0,0.0
G5,W0075F0003T0006Z000C1N57.png,406,0.0,0.0
G5,W0075F0003T0006Z000C1N57.png,407,0.0,0.0
G5,W0075F0003T0006Z000C1N57.png,408,0.060560174390619476,0.060560174390619476
G5,W0075F0003T0006Z000C1N57.png,409,0.0,0.0
G5,W0075F0003T0006Z000C1N57.png,410,0.0,0.0
G5,W0075F0003T0006Z000C1N57.png,411,0.11490485194281398,0.11490485194281398
G5,W0075F0003T0006Z000C1N57.png,412,0.08125,0.08125
G5,W0075F0003T0006Z000C1N57.png,413,0.0,0.0
G5,W0075F0003T0006Z000C1N57.png,414,0.0,0.0
G5,W0075F0003T0006Z000C1N57.png,415,0.054166666666666766,0.054166666666666766
G5,W0075F0003T0006Z000C1N57.png,416,0.08125,0.08125
G5,W0075F0003T0006Z000C1N57.png,417,0.05745242597140699,0.05745242597140699
G5,W0075F0003T0006Z000C1N57.png,418,0.0,0.0
G5,W0075F0003T0006Z000C1N57.png,419,0.11490485194281398,0.11490485194281398
G5,W0075F0003T0006Z000C1N57.png,420,0.0,0.0
G5,W0075F0003T0006Z000C1N57.png,421,0.0,0.0
G5,W0075F0003T0006Z000C1N57.png,422,0.0,0.0
G5,W0075F0003T0006Z000C1N57.png,423,0.0,0.0
G5,W0075F0003T0006Z000C1N57.png,424,0.08370029746612721,0.08370029746612721
G5,W0075F0003T0006Z000C1N57.png,425,0.0,0.0
G5,W0075F0003T0006Z000C1N57.png,426,0.08125,0.08125
G5,W0075F0003T0006Z000C1N57.png,427,0.0,0.0
G5,W0075F0003T0006Z000C1N57.png,428,0.0,0.0
G5,W0075F0003T0006Z000C1N57.png,429,0.0,0.0
G5,W0075F0003T0006Z000C1N57.png,430,0.0,0.0
G5,W0075F0003T0006Z000C1N57.png,431,0.0,0.0
G5,W0075F0003T0006Z000C1N57.png,432,0.11490485194281398,0.11490485194281398
G5,W0075F0003T0006Z000C1N57.png,433,0.0,0.0
G5,W0075F0003T0006Z000C1N57.png,434,0.08125,0.08125
G5,W0075F0003T0006Z000C1N57.png,435,0.0,0.0
G5,W0075F0003T0006Z000C1N57.png,436,0.0,0.0
G5,W0075F0003T0006Z000C1N57.png,437,0.07267220926874395,0.07267220926874395
G5,W0075F0003T0006Z000C1N57.png,438,0.0766032346285432,0.0766032346285432
G5,W0075F0003T0006Z000C1N57.png,439,0.0,0.0
G5,W0075F0003T0006Z000C1N57.png,440,0.0,0.0
G5,W0075F0003T0006Z000C1N57.png,441,0.0,0.0
G5,W0075F0003T0006Z000C1N57.png,442,0.0,0.0
G5,W0075F0003T0006Z000C1N57.png,443,0.0,0.0
G5,W0075F0003T0006Z000C1N57.png,444,0.0,0.0
G5,W0075F0003T0006Z000C1N57.png,445,0.08125,0.08125
G5,W0075F0003T0006Z000C1N57.png,446,0.0,0.0
G5,W0075F0003T0006Z000C1N57.png,447,0.0,0.0
G5,W0075F0003T0006Z000C1N57.png,448,0.0,0.0
G5,W0075F0003T0006Z000C1N57.png,449,0.0,0.0
G5,W0075F0003T0006Z000C1N57.png,450,0.08125,0.08125
G5,W0075F0003T0006Z000C1N57.png,451,0.0,0.0
G5,W0075F0003T0006Z000C1N57.png,452,0.0,0.0
G5,W0075F0003T0006Z000C1N57.png,453,0.0,0.0
G5,W0075F0003T0006Z000C1N57.png,454,0.07323776028286229,0.07323776028286229
G5,W0075F0003T0006Z000C1N57.png,455,0.08125,0.08125
G5,W0075F0003T0006Z000C1N57.png,456,0.040625,0.040625
G5,W0075F0003T0006Z000C1N57.png,457,0.0,0.0
G5,W0075F0003T0006Z000C1N57.png,458,0.0,0.0
G5,W0075F0003T0006Z000C1N57.png,459,0.0,0.0
G5,W0075F0003T0006Z000C1N57.png,460,0.09084026158592896,0.09084026158592896
G5,W0075F0003T0006Z000C1N57.png,461,0.0,0.0
G5,W0075F0003T0006Z000C1N57.png,462,0.0,0.0
G5,W0075F0003T0006Z000C1N57.png,463,0.08125,0.08125
G5,W0075F0003T0006Z000C1N57.png,464,0.0,0.0
G5,W0075F0003T0006Z000C1N57.png,465,0.0,0.0
G5,W0075F0003T0006Z000C1N57.png,466,0.08125,0.08125
G5,W0075F0003T0006Z000C1N57.png,467,0.08125,0.08125
G5,W0075F0003T0006Z000C1N57.png,468,0.0,0.0
G5,W0075F0003T0006Z000C1N57.png,469,0.040625,0.040625
G5,W0075F0003T0006Z000C1N57.png,470,0.0,0.0
G5,W0075F0003T0006Z000C1N57.png,471,0.11490485194281398,0.11490485194281398
G5,W0075F0003T0006Z000C1N57.png,472,0.06829992403893496,0.06829992403893496
G5,W0075F0003T0006Z000C1N57.png,473,0.0,0.0
G5,W0075F0003T0006Z000C1N57.png,474,0.0,0.0
G5,W0075F0003T0006Z000C1N57.png,475,0.0,0.0
G5,W0075F0003T0006Z000C1N57.png,476,0.08125,0.08125
G5,W0075F0003T0006Z000C1N57.png,477,0.0,0.0
G5,W0075F0003T0006Z000C1N57.png,478,0.0,0.0
G5,W0075F0003T0006Z000C1N57.png,479,0.0,0.0
G5,W0075F0003T0006Z000C1N57.png,480,0.07028335853238334,0.07028335853238334
G5,W0075F0003T0006Z000C1N57.png,481,0.0,0.0
G5,W0075F0003T0006Z000C1N57.png,482,0.06700046641628767,0.06700046641628767
G5,W0075F0003T0006Z000C1N57.png,483,0.0,0.0
G5,W0075F0003T0006Z000C1N57.png,484,0.07660323462854197,0.07660323462854197
G5,W0075F0003T0006Z000C1N57.png,485,0.0,0.0
G5,W0075F0003T0006Z000C1N57.png,486,0.08125,0.08125
G5,W0075F0003T0006Z000C1N57.png,487,0.0,0.0
G5,W0075F0003T0006Z000C1N57.png,488,0.0,0.0
G5,W0075F0003T0006Z000C1N57.png,489,0.0,0.0
G5,W0075F0003T0006Z000C1N57.png,490,0.08125,0.08125
G5,W0075F0003T0006Z000C1N57.png,491,0.0,0.0
G5,W0075F0003T0006Z000C1N57.png,492,0.08125,0.08125
G5,W0075F0003T0006Z000C1N57.png,493,0.0,0.0
G5,W0075F0003T0006Z000C1N57.png,494,0.08125,0.08125
G5,W0075F0003T0006Z000C1N57.png,495,0.11490485194281398,0.11490485194281398
G5,W0075F0003T0006Z000C1N57.png,496,0.0,0.0
G5,W0075F0003T0006Z000C1N57.png,497,0.05745242597140699,0.05745242597140699
G5,W0075F0003T0006Z000C1N57.png,498,0.0,0.0
G5,W0075F0003T0006Z000C1N57.png,499,0.08309449724222849,0.08309449724222849
G5,W0075F0003T0006Z000C1N57.png,500,0.0,0.0
G5,W0075F0003T0006Z000C1N57.png,501,0.0,0.0
G5,W0075F0003T0006Z000C1N57.png,502,0.08125,0.08125
G5,W0075F0003T0006Z000C1N57.png,503,0.0,0.0
G5,W0075F0003T0006Z000C1N57.png,504,0.0,0.0
G5,W0075F0003T0006Z000C1N57.png,505,0.0,0.0
G5,W0075F0003T0006Z000C1N57.png,506,0.0,0.0
G5,W0075F0003T0006Z000C1N57.png,507,0.054166666666666766,0.054166666666666766
G5,W0075F0003T0006Z000C1N57.png,508,0.0,0.0
G5,W0075F0003T0006Z000C1N57.png,509,0.0,0.0
G5,W0075F0003T0006Z000C1N57.png,510,0.0,0.0
G5,W0075F0003T0006Z000C1N57.png,511,0.0,0.0
G5,W0075F0003T0006Z000C1N57.png,512,0.0,0.0
G5,W0075F0003T0006Z000C1N57.png,513,0.0,0.0
G5,W0075F0003T0006Z000C1N57.png,514,0.0,0.0
G5,W0075F0003T0006Z000C1N57.png,515,0.0,0.0
G5,W0075F0003T0006Z000C1N57.png,516,0.0,0.0
G5,W0075F0003T0006Z000C1N57.png,517,0.0,0.0
G5,W0075F0003T0006Z000C1N57.png,518,0.0,0.0
G5,W0075F0003T0006Z000C1N57.png,519,0.029130637572297034,0.029130637572297034
G5,W0075F0003T0006Z000C1N57.png,520,0.0,0.0
G5,W0075F0003T0006Z000C1N57.png,521,0.08125,0.08125
G5,W0075F0003T0006Z000C1N57.png,522,0.0,0.0
G5,W0075F0003T0006Z000C1N57.png,523,0.0,0.0
G5,W0075F0003T0006Z000C1N57.png,524,0.0,0.0
G5,W0075F0003T0006Z000C1N57.png,525,0.0541666666666659,0.0541666666666659
G5,W0075F0003T0006Z000C1N57.png,526,0.0,0.0
G5,W0075F0003T0006Z000C1N57.png,527,0.08125,0.08125
G5,W0075F0003T0006Z000C1N57.png,528,0.08125,0.08125
G5,W0075F0003T0006Z000C1N57.png,529,0.0,0.0
G5,W0075F0003T0006Z000C1N57.png,530,0.04642857142857011,0.04642857142857011
G5,W0075F0003T0006Z000C1N57.png,531,0.08125,0.08125
G5,W0075F0003T0006Z000C1N57.png,532,0.0,0.0
G5,W0075F0003T0006Z000C1N57.png,533,0.0,0.0
G5,W0075F0003T0006Z000C1N57.png,534,0.0,0.0
G5,W0075F0003T0006Z000C1N57.png,535,0.0,0.0
G5,W0075F0003T0006Z000C1N57.png,536,0.08125,0.08125
G5,W0075F0003T0006Z000C1N57.png,537,0.0,0.0
G5,W0075F0003T0006Z000C1N57.png,538,0.0,0.0
G5,W0075F0003T0006Z000C1N57.png,539,0.0,0.0
G5,W0075F0003T0006Z000C1N57.png,540,0.07288689868556619,0.07288689868556619
G5,W0075F0003T0006Z000C1N57.png,541,0.08125,0.08125
G5,W0075F0003T0006Z000C1N57.png,542,0.0,0.0
G5,W0075F0003T0006Z000C1N57.png,543,0.020138968106371728,0.020138968106371728
G5,W0075F0003T0006Z000C1N57.png,544,0.0,0.0
G5,W0075F0003T0006Z000C1N57.png,545,0.0,0.0
G5,W0075F0003T0006Z000C1N57.png,546,0.0,0.0
G5,W0075F0003T0006Z000C1N57.png,547,0.08125,0.08125
G5,W0075F0003T0006Z000C1N57.png,548,0.0,0.0
G5,W0075F0003T0006Z000C1N57.png,549,0.08125,0.08125
G5,W0075F0003T0006Z000C1N57.png,550,0.11490485194281398,0.11490485194281398
G5,W0075F0003T0006Z000C1N57.png,551,0.0,0.0
G5,W0075F0003T0006Z000C1N57.png,552,0.057629713009466364,0.057629713009466364
G5,W0075F0003T0006Z000C1N57.png,553,0.07896080690936336,0.07896080690936336
G5,W0075F0003T0006Z000C1N57.png,554,0.0,0.0
G5,W0075F0003T0006Z000C1N57.png,555,0.0,0.0
G5,W0075F0003T0006Z000C1N57.png,556,0.08125,0.08125
G5,W0075F0003T0006Z000C1N57.png,557,0.0,0.0
G5,W0075F0003T0006Z000C1N57.png,558,0.0,0.0
G5,W0075F0003T0006Z000C1N57.png,559,0.0,0.0
G5,W0075F0003T0006Z000C1N57.png,560,0.0,0.0
G5,W0075F0003T0006Z000C1N57.png,561,0.07341001711104958,0.07341001711104958
G5,W0075F0003T0006Z000C1N57.png,562,0.08125,0.08125
G5,W0075F0003T0006Z000C1N57.png,563,0.09084026158592896,0.09084026158592896
G5,W0075F0003T0006Z000C1N57.png,564,0.0,0.0
G5,W0075F0003T0006Z000C1N57.png,565,0.05745242597140699,0.05745242597140699
G5,W0075F0003T0006Z000C1N57.png,566,0.08125,0.08125
G5,W0075F0003T0006Z000C1N57.png,567,0.08125,0.08125
G5,W0075F0003T0006Z000C1N57.png,568,0.05190872090624364,0.05190872090624364
G5,W0075F0003T0006Z000C1N57.png,569,0.0,0.0
G5,W0075F0003T0006Z000C1N57.png,570,0.0,0.0
G5,W0075F0003T0006Z000C1N57.png,571,0.08125,0.08125
G5,W0075F0003T0006Z000C1N57.png,572,0.0,0.0
G5,W0075F0003T0006Z000C1N57.png,573,0.0,0.0
G5,W0075F0003T0006Z000C1N57.png,574,0.0,0.0
G5,W0075F0003T0006Z000C1N57.png,575,0.032829957697945916,0.032829957697945916
G5,W0075F0003T0006Z000C1N57.png,576,0.08125,0.08125
G5,W0075F0003T0006Z000C1N57.png,577,0.0,0.0
G5,W0075F0003T0006Z000C1N57.png,578,0.06500000000000093,0.06500000000000093
G5,W0075F0003T0006Z000C1N57.png,579,0.11490485194281398,0.11490485194281398
G5,W0075F0003T0006Z000C1N57.png,580,0.0,0.0
G5,W0075F0003T0006Z000C1N57.png,581,0.08125,0.08125
G5,W0075F0003T0006Z000C1N57.png,582,0.08125,0.08125
G5,W0075F0003T0006Z000C1N57.png,583,0.0,0.0
G5,W0075F0003T0006Z000C1N57.png,584,0.11490485194281398,0.11490485194281398
G5,W0075F0003T0006Z000C1N57.png,585,0.0,0.0
G5,W0075F0003T0006Z000C1N57.png,586,0.0,0.0
G5,W0075F0003T0006Z000C1N57.png,587,0.0,0.0
G5,W0075F0003T0006Z000C1N57.png,588,0.08125,0.08125
G5,W0075F0003T0006Z000C1N57.png,589,0.040625,0.040625
G5,W0075F0003T0006Z000C1N57.png,590,0.08125,0.08125
G5,W0075F0003T0006Z000C1N57.png,591,0.0,0.0
G5,W0075F0003T0006Z000C1N57.png,592,0.0,0.0
G5,W0075F0003T0006Z000C1N57.png,593,0.05780598269904567,0.05780598269904567
G5,W0075F0003T0006Z000C1N57.png,594,0.11490485194281398,0.11490485194281398
G5,W0075F0003T0006Z000C1N57.png,595,0.0,0.0
G5,W0075F0003T0006Z000C1N57.png,596,0.0,0.0
G5,W0075F0003T0006Z000C1N57.png,597,0.05745242597140699,0.05745242597140699
G5,W0075F0003T0006Z000C1N57.png,598,0.08125,0.08125
G5,W0075F0003T0006Z000C1N57.png,599,0.0,0.0
G5,W0075F0003T0006Z000C1N57.png,600,0.08125,0.08125
G5,W0075F0003T0006Z000C1N57.png,601,0.08125,0.08125
G5,W0075F0003T0006Z000C1N57.png,602,0.0,0.0
G5,W0075F0003T0006Z000C1N57.png,603,0.0,0.0
G5,W0075F0003T0006Z000C1N57.png,604,0.11490485194281398,0.11490485194281398
G5,W0075F0003T0006Z000C1N57.png,605,0.08125,0.08125
G5,W0075F0003T0006Z000C1N57.png,606,0.0,0.0
G5,W0075F0003T0006Z000C1N57.png,607,0.08734112560656897,0.08734112560656897
G5,W0075F0003T0006Z000C1N57.png,608,0.05416666666666821,0.05416666666666821
G5,W0075F0003T0006Z000C1N57.png,609,0.0,0.0
G5,W0075F0003T0006Z000C1N57.png,610,0.0,0.0
G5,W0075F0003T0006Z000C1N57.png,611,0.0,0.0
G5,W0075F0003T0006Z000C1N57.png,612,0.0,0.0
G5,W0075F0003T0006Z000C1N57.png,613,0.0,0.0
G5,W0075F0003T0006Z000C1N57.png,614,0.08125,0.08125
G5,W0075F0003T0006Z000C1N57.png,615,0.0,0.0
G5,W0075F0003T0006Z000C1N57.png,616,0.08125,0.08125
G5,W0075F0003T0006Z000C1N57.png,617,0.0,0.0
G5,W0075F0003T0006Z000C1N57.png,618,0.0,0.0
G5,W0075F0003T0006Z000C1N57.png,619,0.0,0.0
G5,W0075F0003T0006Z000C1N57.png,620,0.0,0.0
G5,W0075F0003T0006Z000C1N57.png,621,0.0,0.0
G5,W0075F0003T0006Z000C1N57.png,622,0.11490485194281398,0.11490485194281398
G5,W0075F0003T0006Z000C1N57.png,623,0.11490485194281398,0.11490485194281398
G5,W0075F0003T0006Z000C1N57.png,624,0.0,0.0
G5,W0075F0002T0006Z000C1N41.png,1,0.06404413382268169,0.10791799634092641
G5,W0075F0002T0006Z000C1N41.png,2,0.57452425971407,0.6187815648514426
G5,W0075F0002T0006Z000C1N41.png,3,0.07905694150420921,0.07905694150420921
G5,W0075F0002T0006Z000C1N41.png,4,0.06090951492389787,0.06090951492389787
G5,W0075F0002T0006Z000C1N41.png,5,0.032500000000000466,0.032500000000000466
G5,W0075F0002T0006Z000C1N41.png,6,0.06522530396845783,0.06522530396845783
G5,W0075F0002T0006Z000C1N41.png,7,0.04596194077712625,0.04596194077712625
G5,W0075F0002T0006Z000C1N41.png,8,1.511337363066235,1.9668542459979084
G5,W0075F0002T0006Z000C1N41.png,9,0.05222947815582487,0.05222947815582487
G5,W0075F0002T0006Z000C1N41.png,10,0.0,0.0
G5,W0075F0002T0006Z000C1N41.png,11,0.09065468373820218,0.09065468373820218
G5,W0075F0002T0006Z000C1N41.png,12,0.9601376376669887,1.2542800524330329
G5,W0075F0002T0006Z000C1N41.png,13,0.08125,0.08125
G5,W0075F0002T0006Z000C1N41.png,14,0.06728908265624331,0.06728908265624331
G5,W0075F0002T0006Z000C1N41.png,15,0.032500000000000466,0.032500000000000466
G5,W0075F0002T0006Z000C1N41.png,16,0.0,0.0
G5,W0075F0002T0006Z000C1N41.png,17,0.11490485194281398,0.11490485194281398
G5,W0075F0002T0006Z000C1N41.png,18,0.08125,0.08125
G5,W0075F0002T0006Z000C1N41.png,19,0.032500000000000466,0.032500000000000466
G5,W0075F0002T0006Z000C1N41.png,20,0.03830161731427242,0.03830161731427242
G5,W0075F0002T0006Z000C1N41.png,21,0.8506064013396558,1.0328661578345955
G5,W0075F0002T0006Z000C1N41.png,22,0.07660323462854238,2.0158443571422437
G5,W0075F0002T0006Z000C1N41.png,23,0.19006634897816393,1.8648699151273846
G5,W0075F0002T0006Z000C1N41.png,24,0.08125,0.08125
G5,W0075F0002T0006Z000C1N41.png,25,1.1819150668760596,1.6078571066200642
G5,W0075F0002T0006Z000C1N41.png,26,0.03028008719531,0.03028008719531
G5,W0075F0002T0006Z000C1N41.png,27,0.0,0.8125
G5,W0075F0002T0006Z000C1N41.png,28,0.7665109669795991,1.5607615328742568
G5,W0075F0003T0006Z000C1N53.png,1,0.2968996880473278,0.2968996880473278
G5,W0075F0003T0006Z000C1N53.png,2,0.08125,0.08125
G5,W0075F0003T0006Z000C1N53.png,3,0.8677028311150085,1.1189219490764317
G5,W0075F0003T0006Z000C1N53.png,4,0.0,0.0
G5,W0075F0003T0006Z000C1N53.png,5,0.11490485194281398,0.2569350598886809
G5,W0075F0003T0006Z000C1N53.png,6,0.036618880141431144,0.036618880141431144
G5,W0075F0003T0006Z000C1N53.png,7,0.0,0.0
G5,W0075F0003T0006Z000C1N53.png,8,0.028726212985703495,0.028726212985703495
G5,W0075F0003T0006Z000C1N53.png,9,0.5880316743169535,2.2048242560349327
G5,W0075F0003T0006Z000C1N53.png,10,0.05709667997526166,0.05709667997526166
G5,W0075F0003T0006Z000C1N53.png,11,0.42805027837431275,2.2285714285714286
G5,W0075F0003T0006Z000C1N53.png,12,0.11490485194281398,0.11490485194281398
G5,W0075F0003T0006Z000C1N53.png,13,0.9510068677459697,2.82044018062784
G5,W0075F0003T0006Z000C1N53.png,14,0.07660323462854197,0.07660323462854197
G5,W0075F0003T0006Z000C1N53.png,15,0.0,1.0900831390311476
G5,W0075F0003T0006Z000C1N53.png,16,0.4340849962284086,0.4340849962284086
G5,W0075F0003T0006Z000C1N53.png,17,1.264059957648613,1.264059957648613
G5,W0075F0003T0006Z000C1N53.png,18,0.08125,1.5775896369144926
G5,W0075F0003T0006Z000C1N53.png,19,1.4137862122971887,2.494752784161514
G5,W0075F0001T0006Z000C1N18.png,1,0.5138701197773617,0.5138701197773617
G5,W0075F0001T0006Z000C1N18.png,2,0.054166666666666675,0.054166666666666675
G5,W0075F0001T0006Z000C1N18.png,3,0.0,0.0
G5,W0075F0001T0006Z000C1N18.png,4,0.2569350598886809,0.2569350598886809
G5,W0075F0001T0006Z000C1N18.png,5,0.0,0.0
G5,W0075F0001T0006Z000C1N18.png,6,0.36336104634371585,0.36336104634371585
G5,W0075F0001T0006Z000C1N18.png,7,0.0,0.0
G5,W0075F0001T0006Z000C1N18.png,8,0.45961940777125593,0.45961940777125593
G5,W0075F0001T0006Z000C1N18.png,9,0.48750000000000004,0.48750000000000004
G5,W0075F0001T0006Z000C1N18.png,10,0.6894291116568838,0.6894291116568838
G5,W0075F0001T0006Z000C1N18.png,11,0.325,0.325
G5,W0075F0001T0006Z000C1N18.png,12,0.48750000000000004,0.48750000000000004
G5,W0075F0001T0006Z000C1N18.png,13,0.0,0.0
G5,W0075F0001T0006Z000C1N18.png,14,0.0,0.0
G5,W0075F0001T0006Z000C1N18.png,15,0.9192388155425119,0.9192388155425119
G5,W0075F0001T0006Z000C1N18.png,16,0.9475296829123614,0.9475296829123614
G5,W0075F0001T0006Z000C1N18.png,17,0.039528470752104236,0.039528470752104236
G5,W0075F0001T0006Z000C1N18.png,18,0.0766032346285432,0.0766032346285432
G5,W0075F0001T0006Z000C1N18.png,19,0.0710586843989665,0.0710586843989665
G5,W0075F0001T0006Z000C1N18.png,20,0.05752204559823578,0.05752204559823578
G5,W0075F0001T0006Z000C1N18.png,21,0.0,0.0
G5,W0075F0001T0006Z000C1N18.png,22,0.08125,0.08125
G5,W0075F0001T0006Z000C1N18.png,23,0.45961940777125593,0.45961940777125593
G5,W0075F0001T0006Z000C1N18.png,24,0.1625,0.1625
G5,W0075F0001T0006Z000C1N18.png,25,0.0,0.0
G5,W0075F0001T0006Z000C1N18.png,26,0.36336104634371585,0.36336104634371585
G5,W0075F0001T0006Z000C1N18.png,27,0.0,0.0
G5,W0075F0001T0006Z000C1N18.png,28,0.5138701197773617,0.5138701197773617
G5,W0075F0001T0006Z000C1N18.png,29,0.0,0.0
G5,W0075F0001T0006Z000C1N18.png,30,0.0,0.0
G5,W0075F0001T0006Z000C1N18.png,31,0.1977862868937155,0.1977862868937155
G5,W0075F0001T0006Z000C1N18.png,32,0.08125,0.08125
G5,W0075F0001T0006Z000C1N18.png,33,0.08125,0.08125
G5,W0075F0001T0006Z000C1N18.png,34,0.0,0.0
G5,W0075F0001T0006Z000C1N18.png,35,0.0541666666666659,0.0541666666666659
G5,W0075F0001T0006Z000C1N18.png,36,0.11490485194281398,0.11490485194281398
G5,W0075F0001T0006Z000C1N18.png,37,0.36336104634371585,0.36336104634371585
G5,W0075F0001T0006Z000C1N18.png,38,0.1625,0.1625
G5,W0075F0001T0006Z000C1N18.png,39,0.22980970388562796,0.22980970388562796
G5,W0075F0001T0006Z000C1N18.png,40,0.3447145558284419,0.3447145558284419
G5,W0075F0001T0006Z000C1N18.png,41,0.1436310649285175,0.1436310649285175
G5,W0075F0001T0006Z000C1N18.png,42,0.6894291116568838,0.6894291116568838
G5,W0075F0001T0006Z000C1N18.png,43,0.0,0.0
G5,W0075F0001T0006Z000C1N18.png,44,0.0,0.0
G5,W0075F0001T0006Z000C1N18.png,45,0.0,0.0
G5,W0075F0001T0006Z000C1N18.png,46,0.0,0.0
G5,W0075F0001T0006Z000C1N18.png,47,0.08125,0.08125
G5,W0075F0001T0006Z000C1N18.png,48,0.0,0.0
G5,W0075F0001T0006Z000C1N18.png,49,0.0,0.0
G5,W0075F0001T0006Z000C1N18.png,50,0.22980970388562796,0.22980970388562796
G5,W0075F0001T0006Z000C1N18.png,51,0.22980970388562796,0.22980970388562796
G5,W0075F0001T0006Z000C1N18.png,52,0.0,0.0
G5,W0075F0001T0006Z000C1N18.png,53,0.325,0.325
G5,W0075F0001T0006Z000C1N18.png,54,0.5859020822628983,0.5859020822628983
G5,W0075F0001T0006Z000C1N18.png,55,0.5138701197773617,0.5138701197773617
G5,W0075F0001T0006Z000C1N18.png,56,0.8482749038489823,0.8482749038489823
G5,W0075F0001T0006Z000C1N18.png,57,0.08125,0.08125
G5,W0075F0001T0006Z000C1N18.png,58,0.36336104634371585,0.36336104634371585
G5,W0075F0001T0006Z000C1N18.png,59,1.0900831390311476,1.0900831390311476
G5,W0075F0001T0006Z000C1N18.png,60,0.08074689918749264,0.08074689918749264
G5,W0075F0001T0006Z000C1N18.png,61,0.36336104634371585,0.36336104634371585
G5,W0075F0001T0006Z000C1N18.png,62,0.0,0.0
G5,W0075F0001T0006Z000C1N18.png,63,0.5859020822628983,0.5859020822628983
G5,W0075F0001T0006Z000C1N18.png,64,0.8788531233943475,0.8788531233943475
G5,W0075F0001T0006Z000C1N18.png,65,0.09909846718465001,0.09909846718465001
G5,W0075F0001T0006Z000C1N18.png,66,0.0,0.0
G5,W0075F0001T0006Z000C1N18.png,67,0.0,0.0
G5,W0075F0001T0006Z000C1N18.png,68,0.36336104634371585,0.36336104634371585
G5,W0075F0001T0006Z000C1N18.png,69,0.5859020822628983,0.5859020822628983
G5,W0075F0001T0006Z000C1N18.png,70,0.0,0.0
G5,W0075F0001T0006Z000C1N18.png,71,0.11490485194281398,0.11490485194281398
G5,W0075F0001T0006Z000C1N18.png,72,0.5859020822628983,0.5859020822628983
G5,W0075F0001T0006Z000C1N18.png,73,0.45961940777125593,0.45961940777125593
G5,W0075F0001T0006Z000C1N18.png,74,0.45961940777125593,0.45961940777125593
G5,W0075F0001T0006Z000C1N18.png,75,0.7267220926874317,0.7267220926874317
G5,W0075F0001T0006Z000C1N18.png,76,0.36336104634371585,0.36336104634371585
G5,W0075F0001T0006Z000C1N18.png,77,0.65,0.65
G5,W0075F0001T0006Z000C1N18.png,78,0.769852980192394,0.769852980192394
G5,W0075F0001T0006Z000C1N18.png,79,0.08125,0.08125
G5,W0075F0001T0006Z000C1N18.png,80,0.0947898381766213,0.0947898381766213
G5,W0075F0001T0006Z000C1N18.png,81,0.36336104634371585,0.36336104634371585
G5,W0075F0001T0006Z000C1N18.png,82,0.65,0.65
G5,W0075F0001T0006Z000C1N18.png,83,0.36336104634371585,0.36336104634371585
G5,W0075F0001T0006Z000C1N18.png,84,0.19261279833553369,0.19261279833553369
G5,W0075F0001T0006Z000C1N18.png,85,0.08125,0.08125
G5,W0075F0001T0006Z000C1N18.png,86,0.22980970388562796,0.22980970388562796
G5,W0075F0001T0006Z000C1N18.png,87,0.45961940777125593,0.45961940777125593
G5,W0075F0001T0006Z000C1N18.png,88,0.0,0.0
G5,W0075F0001T0006Z000C1N18.png,89,0.0,0.0
G5,W0075F0001T0006Z000C1N18.png,90,0.325,0.325
G5,W0075F0001T0006Z000C1N18.png,91,0.325,0.325
G5,W0075F0001T0006Z000C1N18.png,92,0.03482142857142758,0.03482142857142758
G5,W0075F0001T0006Z000C1N18.png,93,0.08125,0.08125
G5,W0075F0001T0006Z000C1N18.png,94,0.325,0.325
G5,W0075F0001T0006Z000C1N18.png,95,0.36336104634371585,0.36336104634371585
G5,W0075F0001T0006Z000C1N18.png,96,0.08125,0.08125
G5,W0075F0001T0006Z000C1N18.png,97,0.36336104634371585,0.36336104634371585
G5,W0075F0001T0006Z000C1N18.png,98,0.18168052317185793,0.18168052317185793
G5,W0075F0001T0006Z000C1N18.png,99,0.22980970388562796,0.22980970388562796
G5,W0075F0001T0006Z000C1N18.png,100,0.0,0.0
G5,W0075F0001T0006Z000C1N18.png,101,0.0,0.0
G5,W0075F0001T0006Z000C1N18.png,102,0.29295104113144915,0.29295104113144915
G5,W0075F0001T0006Z000C1N18.png,103,0.0,0.0
G5,W0075F0001T0006Z000C1N19.png,1,0.09345251355609917,0.09345251355609917
G5,W0075F0001T0006Z000C1N19.png,2,0.0,0.0
G5,W0075F0001T0006Z000C1N19.png,3,0.0,0.0
G5,W0075F0001T0006Z000C1N19.png,4,0.0,0.0
G5,W0075F0001T0006Z000C1N19.png,5,0.07660323462854238,0.07660323462854238
G5,W0075F0001T0006Z000C1N19.png,6,0.0,0.0
G5,W0075F0001T0006Z000C1N19.png,7,0.0,0.0
G5,W0075F0001T0006Z000C1N19.png,8,0.08370029746612916,0.08370029746612916
G5,W0075F0001T0006Z000C1N19.png,9,0.0,0.0
G5,W0075F0001T0006Z000C1N19.png,10,0.07267220926874421,0.07267220926874421
G5,W0075F0001T0006Z000C1N19.png,11,0.08125,0.08125
G5,W0075F0001T0006Z000C1N19.png,12,0.08125,0.08125
G5,W0075F0001T0006Z000C1N33.png,1,0.7559307177248453,2.9566070080414812
G5,W0075F0001T0006Z000C1N33.png,2,0.08125,2.611400785498082
G5,W0075F0001T0006Z000C1N33.png,3,0.1453444185374858,0.1453444185374858
G5,W0075F0001T0006Z000C1N33.png,4,0.9769006955715939,2.6264313787323825
G5,W0075F0001T0006Z000C1N33.png,5,0.08370029746612827,0.08370029746612827
G5,W0075F0001T0006Z000C1N33.png,6,0.05709667997526293,0.05709667997526293
G5,W0075F0001T0006Z000C1N33.png,7,0.22980970388562796,1.1718041645257966
G5,W0075F0001T0006Z000C1N33.png,8,0.0,0.0
G5,W0075F0001T0006Z000C1N33.png,9,0.05416666666666682,0.05416666666666682
G5,W0075F0001T0006Z000C1N33.png,10,0.07786308135936754,0.07786308135936754
G5,W0075F0001T0006Z000C1N33.png,11,1.511337363066235,2.4563851743975333
G5,W0075F0001T0006Z000C1N33.png,12,0.08125,0.08125
G5,W0075F0001T0006Z000C1N33.png,13,0.08125,0.08125
G5,W0075F0001T0006Z000C1N33.png,14,0.07660323462854156,0.07660323462854156
G5,W0075F0001T0006Z000C1N33.png,15,0.11490485194281398,1.2214553307427989
G5,W0075F0001T0006Z000C1N33.png,16,0.08891329959954858,0.08891329959954858
G5,W0075F0001T0006Z000C1N33.png,17,0.0,0.0
G5,W0075F0001T0006Z000C1N33.png,18,0.147265625,0.147265625
G5,W0075F0001T0006Z000C1N32.png,1,0.06691176470588237,0.06691176470588237
G5,W0075F0001T0006Z000C1N32.png,2,0.0,0.0
G5,W0075F0001T0006Z000C1N32.png,3,0.07620222307435748,0.07620222307435748
G5,W0075F0001T0006Z000C1N32.png,4,0.0,0.0
G5,W0075F0001T0006Z000C1N32.png,5,0.9192388155425119,0.9192388155425119
G5,W0075F0001T0006Z000C1N32.png,6,0.11490485194281398,0.11490485194281398
G5,W0075F0001T0006Z000C1N32.png,7,0.1098276567970509,0.1098276567970509
G5,W0075F0001T0006Z000C1N32.png,8,0.0,0.0
G5,W0075F0001T0006Z000C1N32.png,9,0.0,0.0
G5,W0075F0001T0006Z000C1N32.png,10,0.0541666666666659,0.0541666666666659
G5,W0075F0001T0006Z000C1N32.png,11,0.482205040816548,0.482205040816548
G5,W0075F0001T0006Z000C1N32.png,12,0.5859020822628983,0.5859020822628983
G5,W0075F0001T0006Z000C1N32.png,13,0.0,0.0
G5,W0075F0001T0006Z000C1N32.png,14,0.22980970388562796,0.22980970388562796
G5,W0075F0001T0006Z000C1N32.png,15,0.325,0.325
G5,W0075F0001T0006Z000C1N32.png,16,0.8125,0.8125
G5,W0075F0001T0006Z000C1N32.png,17,0.5859020822628983,0.5859020822628983
G5,W0075F0001T0006Z000C1N32.png,18,0.8636993472846903,0.8636993472846903
G5,W0075F0001T0006Z000C1N32.png,19,0.9192388155425119,0.9192388155425119
G5,W0075F0001T0006Z000C1N32.png,20,0.7267220926874317,0.7267220926874317
G5,W0075F0001T0006Z000C1N32.png,21,0.0,0.0
G5,W0075F0001T0006Z000C1N32.png,22,0.0,0.0
G5,W0075F0001T0006Z000C1N32.png,23,1.1830178570080843,1.1830178570080843
G5,W0075F0001T0006Z000C1N32.png,24,0.0,0.0
G5,W0075F0001T0006Z000C1N32.png,25,0.0,0.0
G5,W0075F0001T0006Z000C1N32.png,26,0.0,0.0
G5,W0075F0001T0006Z000C1N32.png,27,0.08125,0.08125
G5,W0075F0001T0006Z000C1N32.png,28,0.08125,0.08125
G5,W0075F0001T0006Z000C1N32.png,29,0.0,0.0
G5,W0075F0001T0006Z000C1N32.png,30,0.1625,0.1625
G5,W0075F0001T0006Z000C1N32.png,31,0.07660323462854156,0.07660323462854156
G5,W0075F0001T0006Z000C1N32.png,32,0.09319185705962893,0.09319185705962893
G5,W0075F0001T0006Z000C1N32.png,33,0.06373774391991026,0.06373774391991026
G5,W0075F0001T0006Z000C1N32.png,34,0.0,0.0
G5,W0075F0001T0006Z000C1N32.png,35,0.0,0.0
G5,W0075F0001T0006Z000C1N32.png,36,0.07660323462854156,0.07660323462854156
G5,W0075F0001T0006Z000C1N32.png,37,1.3101168840985142,1.3101168840985142
G5,W0075F0001T0006Z000C1N32.png,38,0.9192388155425119,0.9192388155425119
G5,W0075F0001T0006Z000C1N32.png,39,0.0,0.0
G5,W0075F0001T0006Z000C1N32.png,40,0.1625,0.1625
G5,W0075F0001T0006Z000C1N32.png,41,0.0,0.0
G5,W0075F0001T0006Z000C1N32.png,42,0.7062469272302871,0.7062469272302871
G5,W0075F0001T0006Z000C1N32.png,43,0.03335410915077355,0.03335410915077355
G5,W0075F0001T0006Z000C1N32.png,44,0.599270389724038,0.599270389724038
G5,W0075F0001T0006Z000C1N32.png,45,0.45961940777125593,0.45961940777125593
G5,W0075F0001T0006Z000C1N32.png,46,0.0,0.0
G5,W0075F0001T0006Z000C1N32.png,47,0.0,0.0
G5,W0075F0001T0006Z000C1N32.png,48,0.0,0.0
G5,W0075F0001T0006Z000C1N32.png,49,0.02576941016011141,0.02576941016011141
G5,W0075F0001T0006Z000C1N32.png,50,0.0,0.0
G5,W0075F0001T0006Z000C1N32.png,51,0.0,0.0
