group,image,pbody_id,distance_to_nucleus_um,distance_to_mitochondria_um
G0,W0082F0002T0006Z000C1N58.png,1,0.3726779962499639,0.3726779962499639
G0,W0082F0002T0006Z000C1N58.png,2,0.15384615384615385,0.15384615384615385
G0,W0082F0002T0006Z000C1N58.png,3,7.158910531638177,7.158910531638177
G0,W0082F0002T0006Z000C1N58.png,4,15.664699566222136,15.664699566222136
G0,W0082F0002T0006Z000C1N58.png,5,0.2571297386132935,0.2571297386132935
G0,W0082F0002T0006Z000C1N58.png,6,0.2357022603955194,0.2357022603955194
G0,W0082F0002T0006Z000C1N58.png,7,0.589015089373952,0.589015089373952
G0,W0082F0002T0006Z000C1N58.png,8,0.4714045207910281,0.4714045207910281
G0,W0082F0002T0006Z000C1N58.png,9,1.0,1.0
G0,W0082F0002T0006Z000C1N58.png,10,0.5985957707655735,0.5985957707655735
G0,W0082F0002T0006Z000C1N58.png,11,9.942707889025668,9.942707889025668
G0,W0082F0002T0006Z000C1N58.png,12,0.44721359549996276,0.44721359549996276
G0,W0082F0002T0006Z000C1N58.png,13,4.531142240097965,4.531142240097965
G0,W0082F0002T0006Z000C1N58.png,14,8.94427190999916,8.94427190999916
G0,W0082F0002T0006Z000C1N58.png,15,13.152946437965905,13.152946437965905
G0,W0082F0002T0006Z000C1N58.png,16,0.4472135954999579,0.4472135954999579
G0,W0082F0002T0006Z000C1N58.png,17,17.00117642988273,17.00117642988273
G0,W0082F0002T0006Z000C1N58.png,18,0.3100868364730194,0.3100868364730194
G0,W0082F0002T0006Z000C1N58.png,19,0.5,0.5
G0,W0082F0002T0006Z000C1N58.png,20,4.0,4.0
G0,W0082F0002T0006Z000C1N58.png,21,1.5578423445622764,1.5578423445622764
G0,W0082F0002T0006Z000C1N58.png,22,0.5,0.5
G0,W0082F0002T0006Z000C1N58.png,23,8.85663593019381,8.85663593019381
G0,W0082F0002T0006Z000C1N58.png,24,9.073588044428732,9.073588044428732
G0,W0082F0002T0006Z000C1N58.png,25,0.3513641844631565,0.3513641844631565
G0,W0082F0002T0006Z000C1N58.png,26,0.0,0.0
G0,W0082F0002T0006Z000C1N58.png,27,0.1767766952966369,0.1767766952966369
G0,W0082F0002T0006Z000C1N58.png,28,16.347782724271816,16.347782724271816
G0,W0082F0002T0006Z000C1N58.png,29,0.5821022034029872,0.5821022034029872
G0,W0082F0002T0006Z000C1N58.png,30,0.2357022603955175,0.2357022603955175
G0,W0082F0002T0006Z000C1N58.png,31,0.0,0.0
G0,W0082F0002T0006Z000C1N58.png,32,0.7071067811865476,0.7071067811865476
G0,W0082F0002T0006Z000C1N58.png,33,0.0,0.0
G0,W0082F0002T0006Z000C1N58.png,34,0.4166666666666686,0.4166666666666686
G0,W0082F0002T0006Z000C1N58.png,35,0.5,0.5
G0,W0082F0002T0006Z000C1N58.png,36,0.5,0.5
G0,W0082F0002T0006Z000C1N58.png,37,0.2857142857142918,0.2857142857142918
G0,W0082F0002T0006Z000C1N58.png,38,0.5,0.5
G0,W0082F0002T0006Z000C1N58.png,39,0.1767766952966369,0.1767766952966369
G0,W0082F0002T0006Z000C1N58.png,40,0.1767766952966369,0.1767766952966369
G0,W0082F0002T0006Z000C1N58.png,41,0.5,0.5
G0,W0082F0002T0006Z000C1N58.png,42,4.031128874149275,4.031128874149275
G0,W0082F0002T0006Z000C1N58.png,43,0.5385164807134515,0.5385164807134515
G0,W0082F0002T0006Z000C1N58.png,44,0.3726779962499692,0.3726779962499692
G0,W0082F0002T0006Z000C1N58.png,45,0.40885499059122576,0.40885499059122576
G0,W0082F0002T0006Z000C1N58.png,46,12.357284464591844,12.357284464591844
G0,W0082F0002T0006Z000C1N58.png,47,0.5385164807134515,0.5385164807134515
G0,W0082F0002T0006Z000C1N58.png,48,0.5821022034029828,0.5821022034029828
G0,W0082F0002T0006Z000C1N58.png,49,6.102013430109325,6.102013430109325
G0,W0082F0002T0006Z000C1N58.png,50,0.20000000000000284,0.20000000000000284
G0,W0082F0002T0006Z000C1N58.png,51,5.955597014781062,5.955597014781062
G0,W0082F0002T0006Z000C1N58.png,52,0.5,0.5
G0,W0082F0002T0006Z000C1N58.png,53,16.204937519163725,16.204937519163725
G0,W0082F0002T0006Z000C1N58.png,54,0.47140452079102496,0.47140452079102496
G0,W0082F0002T0006Z000C1N58.png,55,20.81465829649865,20.81465829649865
G0,W0082F0002T0006Z000C1N58.png,56,4.0,4.0
G0,W0082F0002T0006Z000C1N58.png,57,0.831890330807708,0.831890330807708
G0,W0082F0002T0006Z000C1N58.png,58,7.632168761236874,7.632168761236874
G0,W0082F0002T0006Z000C1N58.png,59,4.570557952810575,4.570557952810575
G0,W0082F0002T0006Z000C1N58.png,60,4.837354648979135,4.837354648979135
G0,W0082F0002T0006Z000C1N58.png,61,0.21700555924304094,0.21700555924304094
G0,W0082F0002T0006Z000C1N58.png,62,0.6599966423149712,0.6599966423149712
G0,W0082F0002T0006Z000C1N58.png,63,0.4300130725961158,0.4300130725961158
G0,W0082F0002T0006Z000C1N58.png,64,0.7071067811865476,0.7071067811865476
G0,W0082F0002T0006Z000C1N58.png,65,12.00696297001509,12.00696297001509
G0,W0082F0002T0006Z000C1N58.png,66,0.5,0.5
G0,W0082F0002T0006Z000C1N58.png,67,6.952076017043078,6.952076017043078
G0,W0082F0002T0006Z000C1N58.png,68,0.4472135954999643,0.4472135954999643
G0,W0082F0002T0006Z000C1N58.png,69,0.589592797626901,0.589592797626901
G0,W0082F0002T0006Z000C1N58.png,70,3.0731814857642954,3.0731814857642954
G0,W0082F0002T0006Z000C1N58.png,71,4.743416490252569,4.743416490252569
G0,W0082F0002T0006Z000C1N58.png,72,7.9756574093369235,7.9756574093369235
G0,W0082F0002T0006Z000C1N58.png,73,5.810006268456696,5.810006268456696
G0,W0082F0002T0006Z000C1N58.png,74,0.5357142857142833,0.5357142857142833
G0,W0082F0002T0006Z000C1N58.png,75,3.0,3.0
G0,W0082F0002T0006Z000C1N58.png,76,0.4344830378784465,0.4344830378784465
G0,W0082F0002T0006Z000C1N58.png,77,0.0,0.0
G0,W0082F0002T0006Z000C1N58.png,78,0.3726779962499692,0.3726779962499692
G0,W0082F0002T0006Z000C1N58.png,79,0.5030769521187456,0.5030769521187456
G0,W0082F0002T0006Z000C1N58.png,80,5.408326913195984,5.408326913195984
G0,W0082F0002T0006Z000C1N58.png,81,3.0413812651491097,3.0413812651491097
G0,W0082F0002T0006Z000C1N58.png,82,0.0,0.0
G0,W0082F0002T0006Z000C1N58.png,83,0.0,0.0
G0,W0082F0002T0006Z000C1N58.png,84,0.5471587667664528,0.5471587667664528
G0,W0082F0002T0006Z000C1N64.png,1,59.57558224642039,107.87608632129736
G0,W0082F0002T0006Z000C1N64.png,2,14.911015199882112,118.95464656543899
G0,W0082F0002T0006Z000C1N64.png,3,41.0,89.80534505250787
G0,W0082F0002T0006Z000C1N64.png,4,33.545950766887536,132.26876602217303
G0,W0082F0002T0006Z000C1N64.png,5,7.0,109.34349546269316
G0,W0082F0002T0006Z000C1N64.png,6,27.386228052954827,75.03928555001931
G0,W0082F0002T0006Z000C1N64.png,7,0.7071067811865476,80.57605103254937
G0,W0082F0002T0006Z000C1N64.png,8,17.55793979941838,68.09207920162227
G0,W0082F0002T0006Z000C1N64.png,9,15.074813431681335,63.869006568131304
G0,W0082F0002T0006Z000C1N64.png,10,27.808261051638045,120.02578169545465
G0,W0082F0002T0006Z000C1N64.png,11,19.59751259726601,116.05198188742835
G0,W0082F0002T0006Z000C1N64.png,12,27.608875384557045,54.82928049865327
G0,W0082F0002T0006Z000C1N64.png,13,1.7142857142857224,45.948062960215395
G0,W0082F0002T0006Z000C1N64.png,14,12.103718436910205,37.52998800959041
G0,W0082F0002T0006Z000C1N64.png,15,11.629703349613008,31.847291878588358
G0,W0082F0002T0006Z000C1N64.png,16,0.745355992499932,75.95100760066028
G0,W0082F0002T0006Z000C1N64.png,17,12.481005977247257,66.98233090197164
G0,W0082F0002T0006Z000C1N64.png,18,35.4682957019364,36.05551275463989
G0,W0082F0002T0006Z000C1N64.png,19,21.095023109728988,62.07253821135398
G0,W0082F0002T0006Z000C1N64.png,20,37.14732879065707,40.21513856266707
G0,W0082F0002T0006Z000C1N64.png,21,0.0,0.0
G0,W0082F0002T0006Z000C1N64.png,22,0.3535533905932738,0.3535533905932738
G0,W0082F0002T0006Z000C1N70.png,1,0.0,0.0
G0,W0082F0002T0006Z000C1N70.png,2,0.3239417719358487,0.3239417719358487
G0,W0082F0002T0006Z000C1N70.png,3,0.5,0.5
G0,W0082F0002T0006Z000C1N70.png,4,0.0,0.0
G0,W0082F0002T0006Z000C1N70.png,5,5.280151512977635,5.280151512977635
G0,W0082F0002T0006Z000C1N70.png,6,6.823672031978091,6.823672031978091
G0,W0082F0002T0006Z000C1N70.png,7,6.276941930590091,7.224956747275382
G0,W0082F0002T0006Z000C1N70.png,8,0.47140452079102874,0.47140452079102874
G0,W0082F0002T0006Z000C1N70.png,9,0.2555506259999751,0.2555506259999751
G0,W0082F0002T0006Z000C1N70.png,10,4.362408995600707,4.362408995600707
G0,W0082F0002T0006Z000C1N70.png,11,0.42824175819297355,0.42824175819297355
G0,W0082F0002T0006Z000C1N70.png,12,5.5901699437494745,5.5901699437494745
G0,W0082F0002T0006Z000C1N70.png,13,0.16666666666666785,0.16666666666666785
G0,W0082F0002T0006Z000C1N70.png,14,0.37482778414706036,0.37482778414706036
G0,W0082F0002T0006Z000C1N70.png,15,1.8000000000000007,1.8000000000000007
G0,W0082F0002T0006Z000C1N70.png,16,0.3513641844631565,0.3513641844631565
G0,W0082F0002T0006Z000C1N70.png,17,3.3883480898186606,3.3883480898186606
G0,W0082F0002T0006Z000C1N70.png,18,0.3535533905932738,0.3535533905932738
G0,W0082F0002T0006Z000C1N70.png,19,0.5,0.5
G0,W0082F0002T0006Z000C1N70.png,20,0.6000923289995478,0.6000923289995478
G0,W0082F0002T0006Z000C1N70.png,21,0.5,0.5
G0,W0082F0002T0006Z000C1N70.png,22,0.0,0.0
G0,W0082F0002T0006Z000C1N70.png,23,0.0,0.0
G0,W0082F0002T0006Z000C1N70.png,24,0.48534065928536957,0.48534065928536957
G0,W0082F0002T0006Z000C1N70.png,25,6.094441912285504,6.094441912285504
G0,W0082F0002T0006Z000C1N70.png,26,0.20000000000000284,0.20000000000000284
G0,W0082F0002T0006Z000C1N70.png,27,9.710872157653181,9.710872157653181
G0,W0082F0002T0006Z000C1N70.png,28,0.4282417581929755,0.4282417581929755
G0,W0082F0002T0006Z000C1N70.png,29,2.23606797749979,2.23606797749979
G0,W0082F0002T0006Z000C1N70.png,30,0.2635231383473657,0.2635231383473657
G0,W0082F0002T0006Z000C1N70.png,31,4.2190046219458,4.2190046219458
G0,W0082F0002T0006Z000C1N70.png,32,0.3748277841470569,0.3748277841470569
G0,W0082F0002T0006Z000C1N70.png,33,4.0594691698334655,4.0594691698334655
G0,W0082F0002T0006Z000C1N70.png,34,0.5,0.5
G0,W0082F0002T0006Z000C1N70.png,35,4.949747468305833,4.949747468305833
G0,W0082F0002T0006Z000C1N70.png,36,0.0,0.0
G0,W0082F0002T0006Z000C1N70.png,37,0.3535533905932738,0.3535533905932738
G0,W0082F0002T0006Z000C1N70.png,38,8.94930164873215,8.94930164873215
G0,W0082F0002T0006Z000C1N70.png,39,0.47140452079102496,0.47140452079102496
G0,W0082F0002T0006Z000C1N70.png,40,0.7071067811865476,0.7071067811865476
G0,W0082F0002T0006Z000C1N70.png,41,2.607680962081065,2.607680962081065
G0,W0082F0002T0006Z000C1N70.png,42,0.4282417581929736,0.4282417581929736
G0,W0082F0002T0006Z000C1N70.png,43,0.8498365855987937,0.8498365855987937
G0,W0082F0002T0006Z000C1N70.png,44,4.715518116931706,4.715518116931706
G0,W0082F0002T0006Z000C1N70.png,45,0.5385164807134515,0.5385164807134515
G0,W0082F0002T0006Z000C1N70.png,46,0.25,0.25
G0,W0082F0002T0006Z000C1N70.png,47,13.313526955694348,13.313526955694348
G0,W0082F0002T0006Z000C1N70.png,48,0.42824175819297383,0.42824175819297383
G0,W0082F0002T0006Z000C1N70.png,49,1.5269684518879976,1.5269684518879976
G0,W0082F0002T0006Z000C1N70.png,50,6.702440679205149,6.702440679205149
G0,W0082F0002T0006Z000C1N70.png,51,4.201554619957928,4.607004427599175
G0,W0082F0002T0006Z000C1N70.png,52,8.0156097709407,8.0156097709407
G0,W0082F0002T0006Z000C1N70.png,53,15.572411502397436,15.572411502397436
G0,W0082F0002T0006Z000C1N70.png,54,0.31868871959954903,0.31868871959954903
G0,W0082F0002T0006Z000C1N70.png,55,0.14907119849998068,0.14907119849998068
G0,W0082F0002T0006Z000C1N70.png,56,0.43041282333094766,0.43041282333094766
G0,W0082F0002T0006Z000C1N70.png,57,0.5,0.5
G0,W0082F0002T0006Z000C1N70.png,58,0.0,0.0
G0,W0082F0002T0006Z000C1N70.png,59,12.107848694132235,12.107848694132235
G0,W0082F0002T0006Z000C1N70.png,60,3.539297560100723,3.539297560100723
G0,W0082F0002T0006Z000C1N70.png,61,0.4472135954999516,0.4472135954999516
G0,W0082F0002T0006Z000C1N70.png,62,4.904646323187396,5.835713800003875
G0,W0082F0002T0006Z000C1N70.png,63,0.27766437594501453,0.27766437594501453
G0,W0082F0002T0006Z000C1N70.png,64,9.7082439194738,9.7082439194738
G0,W0082F0002T0006Z000C1N70.png,65,0.19999999999998863,0.19999999999998863
G0,W0082F0002T0006Z000C1N70.png,66,0.0,0.0
G0,W0082F0001T0006Z000C1N15.png,1,1.0400156984686433,1.0400156984686433
G0,W0082F0001T0006Z000C1N15.png,2,5.722315786391354,8.239402593758896
G0,W0082F0001T0006Z000C1N15.png,3,0.7071067811865476,0.7071067811865476
G0,W0082F0001T0006Z000C1N15.png,4,0.5,0.5
G0,W0082F0001T0006Z000C1N15.png,5,0.20833333333333143,0.20833333333333143
G0,W0082F0001T0006Z000C1N15.png,6,0.5555555555555557,0.5555555555555557
G0,W0082F0001T0006Z000C1N15.png,7,5.801410300473083,5.801410300473083
G0,W0082F0001T0006Z000C1N15.png,8,6.101754252563576,6.124061742945196
G0,W0082F0001T0006Z000C1N15.png,9,3.0510067150546663,5.278654897875427
G0,W0082F0001T0006Z000C1N15.png,10,9.002461959355335,13.390574267908631
G0,W0082F0001T0006Z000C1N15.png,11,0.0,0.0
G0,W0082F0001T0006Z000C1N15.png,12,8.845903006477066,11.280514172678478
G0,W0082F0001T0006Z000C1N15.png,13,0.9003615315938108,0.9003615315938108
G0,W0082F0001T0006Z000C1N15.png,14,0.20396078054371541,0.20396078054371541
G0,W0082F0001T0006Z000C1N15.png,15,11.8576979216035,13.11887952532532
G0,W0082F0001T0006Z000C1N15.png,16,0.7071067811865476,0.7071067811865476
G0,W0082F0001T0006Z000C1N15.png,17,0.7071067811865476,0.7071067811865476
G0,W0082F0001T0006Z000C1N15.png,18,0.5,0.5
G0,W0082F0001T0006Z000C1N15.png,19,0.7071067811865476,0.7071067811865476
G0,W0082F0001T0006Z000C1N15.png,20,2.23606797749979,2.23606797749979
G0,W0082F0001T0006Z000C1N15.png,21,0.5906681715556427,0.5906681715556427
G0,W0082F0001T0006Z000C1N15.png,22,5.374838498865695,5.374838498865695
G0,W0082F0001T0006Z000C1N15.png,23,4.47213595499958,4.47213595499958
G0,W0082F0001T0006Z000C1N15.png,24,1.897366596101023,1.897366596101023
G0,W0082F0001T0006Z000C1N15.png,25,10.123497770068985,11.523580147171453
G0,W0082F0001T0006Z000C1N15.png,26,7.905694150420948,7.905694150420948
G0,W0082F0001T0006Z000C1N15.png,27,8.9752746785575,9.392668535736908
G0,W0082F0001T0006Z000C1N15.png,28,0.5,0.5
G0,W0082F0001T0006Z000C1N15.png,29,2.23606797749979,2.23606797749979
G0,W0082F0001T0006Z000C1N15.png,30,12.0,12.0
G0,W0082F0001T0006Z000C1N15.png,31,4.3046486500061745,4.373785545725805
G0,W0082F0001T0006Z000C1N15.png,32,1.61245154965971,8.35463942968216
G0,W0082F0001T0006Z000C1N15.png,33,0.8944271909999286,0.8944271909999286
G0,W0082F0001T0006Z000C1N15.png,34,3.002056908023627,3.002056908023627
G0,W0082F0001T0006Z000C1N15.png,35,6.020797289396148,6.020797289396148
G0,W0082F0001T0006Z000C1N29.png,1,0.20106730671880166,0.20106730671880166
G0,W0082F0001T0006Z000C1N29.png,2,6.574360974438679,6.574360974438679
G0,W0082F0001T0006Z000C1N29.png,3,0.7453559924999257,0.7453559924999257
G0,W0082F0001T0006Z000C1N29.png,4,0.8705242673240075,0.8705242673240075
G0,W0082F0001T0006Z000C1N29.png,5,4.714045207910321,4.714045207910321
G0,W0082F0001T0006Z000C1N29.png,6,6.020797289396148,6.020797289396148
G0,W0082F0001T0006Z000C1N29.png,7,1.0,1.0
G0,W0082F0001T0006Z000C1N29.png,8,0.5758755534498959,0.5758755534498959
G0,W0082F0001T0006Z000C1N29.png,9,0.471404520791035,0.471404520791035
G0,W0082F0001T0006Z000C1N29.png,10,0.7071067811865476,0.7071067811865476
G0,W0082F0001T0006Z000C1N29.png,11,1.118033988749895,1.118033988749895
G0,W0082F0001T0006Z000C1N29.png,12,0.4472135954999579,0.4472135954999579
G0,W0082F0001T0006Z000C1N29.png,13,0.18181818181817988,0.18181818181817988
G0,W0082F0001T0006Z000C1N29.png,14,4.8259714048054585,4.8259714048054585
G0,W0082F0001T0006Z000C1N29.png,15,0.5,0.5
G0,W0082F0001T0006Z000C1N29.png,16,0.47140452079103,0.47140452079103
G0,W0082F0001T0006Z000C1N29.png,17,0.5,0.5
G0,W0082F0001T0006Z000C1N29.png,18,0.7071067811865476,0.7071067811865476
G0,W0082F0001T0006Z000C1N29.png,19,0.2857142857142847,0.2857142857142847
G0,W0082F0001T0006Z000C1N29.png,20,0.5,0.5
G0,W0082F0001T0006Z000C1N29.png,21,0.8944271909999126,0.8944271909999126
G0,W0082F0001T0006Z000C1N29.png,22,6.177706896575784,6.177706896575784
G0,W0082F0001T0006Z000C1N29.png,23,0.34359213546813433,0.34359213546813433
G0,W0082F0001T0006Z000C1N29.png,24,3.3499585403736316,3.3499585403736316
G0,W0082F0001T0006Z000C1N29.png,25,0.0,0.0
G0,W0082F0001T0006Z000C1N29.png,26,0.5,0.5
G0,W0082F0001T0006Z000C1N29.png,27,0.0,0.0
G0,W0082F0001T0006Z000C1N29.png,28,7.762087348130012,7.762087348130012
G0,W0082F0001T0006Z000C1N29.png,29,0.0,0.0
G0,W0082F0001T0006Z000C1N29.png,30,3.4345186514775157,3.4345186514775157
G0,W0082F0001T0006Z000C1N29.png,31,0.4472135954999643,0.4472135954999643
G0,W0082F0001T0006Z000C1N29.png,32,0.0,0.0
G0,W0082F0001T0006Z000C1N29.png,33,5.0,5.0
G0,W0082F0001T0006Z000C1N29.png,34,0.4745593867686749,0.4745593867686749
G0,W0082F0001T0006Z000C1N29.png,35,0.7071067811865476,0.7071067811865476
G0,W0082F0001T0006Z000C1N29.png,36,0.4472135954999579,0.4472135954999579
G0,W0082F0001T0006Z000C1N29.png,37,0.5,0.5
G0,W0082F0001T0006Z000C1N29.png,38,0.7071067811865476,0.7071067811865476
G0,W0082F0001T0006Z000C1N29.png,39,0.7071067811865476,0.7071067811865476
G0,W0082F0001T0006Z000C1N29.png,40,0.0,0.0
G0,W0082F0001T0006Z000C1N29.png,41,0.745355992499932,0.745355992499932
G0,W0082F0001T0006Z000C1N29.png,42,0.7071067811865476,0.7071067811865476
G0,W0082F0001T0006Z000C1N29.png,43,4.0,4.0
G0,W0082F0001T0006Z000C1N29.png,44,1.8791620472966135,1.8791620472966135
G0,W0082F0001T0006Z000C1N29.png,45,0.3605551275463981,0.3605551275463981
G0,W0082F0001T0006Z000C1N29.png,46,4.186658155244554,4.186658155244554
G0,W0082F0001T0006Z000C1N29.png,47,0.4472135954999643,0.4472135954999643
G0,W0082F0001T0006Z000C1N29.png,48,0.7071067811865476,0.7071067811865476
G0,W0082F0001T0006Z000C1N29.png,49,0.5821022034030028,0.5821022034030028
G0,W0082F0001T0006Z000C1N29.png,50,1.8027756377319946,1.8027756377319946
G0,W0082F0001T0006Z000C1N28.png,1,0.5548257366129918,0.5548257366129918
G0,W0082F0001T0006Z000C1N28.png,2,0.42710614574757416,0.42710614574757416
G0,W0082F0001T0006Z000C1N28.png,3,0.20203050891043925,0.20203050891043925
G0,W0082F0001T0006Z000C1N28.png,4,0.33333333333333337,0.33333333333333337
G0,W0082F0001T0006Z000C1N28.png,5,0.3535533905932738,0.3535533905932738
G0,W0082F0001T0006Z000C1N28.png,6,0.0,0.0
G0,W0082F0001T0006Z000C1N28.png,7,0.0,0.0
G0,W0082F0001T0006Z000C1N28.png,8,0.0,0.0
G0,W0082F0001T0006Z000C1N28.png,9,1.5,1.5
G0,W0082F0001T0006Z000C1N28.png,10,0.5,0.5
G0,W0082F0001T0006Z000C1N28.png,11,0.7071067811865476,0.7071067811865476
G0,W0082F0001T0006Z000C1N28.png,12,0.0,0.0
G0,W0082F0001T0006Z000C1N28.png,13,1.4142135623730951,1.4142135623730951
G0,W0082F0001T0006Z000C1N28.png,14,0.0,0.0
G0,W0082F0001T0006Z000C1N28.png,15,4.6097722286464435,4.6097722286464435
G0,W0082F0001T0006Z000C1N28.png,16,3.6328406053937408,3.6328406053937408
G0,W0082F0001T0006Z000C1N28.png,17,1.0,1.0
G0,W0082F0001T0006Z000C1N28.png,18,0.1999999999999993,0.1999999999999993
G0,W0082F0001T0006Z000C1N28.png,19,0.39528470752104744,0.39528470752104744
G0,W0082F0001T0006Z000C1N28.png,20,0.0,0.0
G0,W0082F0001T0006Z000C1N28.png,21,0.0,0.0
G0,W0082F0001T0006Z000C1N28.png,22,0.4539263699526293,0.4539263699526293
G0,W0082F0001T0006Z000C1N28.png,23,0.0,0.0
G0,W0082F0001T0006Z000C1N28.png,24,0.0,0.0
G0,W0082F0001T0006Z000C1N28.png,25,0.4612831213642609,0.4612831213642609
G0,W0082F0001T0006Z000C1N28.png,26,0.3535533905932738,0.3535533905932738
G0,W0082F0001T0006Z000C1N28.png,27,0.0,0.0
G0,W0082F0001T0006Z000C1N28.png,28,0.5137479414342713,0.5137479414342713
G0,W0082F0001T0006Z000C1N28.png,29,0.7071067811865476,0.7071067811865476
G0,W0082F0001T0006Z000C1N28.png,30,0.0,0.0
G0,W0082F0001T0006Z000C1N28.png,31,0.0,0.0
G0,W0082F0001T0006Z000C1N28.png,32,0.4000000000000057,0.4000000000000057
G0,W0082F0001T0006Z000C1N28.png,33,0.0,0.0
G0,W0082F0001T0006Z000C1N28.png,34,0.3563048203434806,0.3563048203434806
G0,W0082F0001T0006Z000C1N28.png,35,0.3535533905932738,0.3535533905932738
G0,W0082F0001T0006Z000C1N28.png,36,0.3749714209503087,0.3749714209503087
G0,W0082F0001T0006Z000C1N28.png,37,0.0,0.0
G0,W0082F0001T0006Z000C1N28.png,38,0.31558174334820954,0.31558174334820954
G0,W0082F0001T0006Z000C1N28.png,39,0.34984662772879227,0.34984662772879227
G0,W0082F0001T0006Z000C1N28.png,40,0.4925480182640663,0.4925480182640663
G0,W0082F0001T0006Z000C1N28.png,41,0.0,0.0
G0,W0082F0001T0006Z000C1N28.png,42,0.0,0.0
G0,W0082F0001T0006Z000C1N28.png,43,0.5,0.5
G0,W0082F0001T0006Z000C1N28.png,44,0.4472135954999579,0.4472135954999579
G0,W0082F0001T0006Z000C1N28.png,45,0.47140452079102807,0.47140452079102807
G0,W0082F0001T0006Z000C1N28.png,46,0.0,0.0
G0,W0082F0001T0006Z000C1N28.png,47,0.5762215285808054,0.5762215285808054
G0,W0082F0001T0006Z000C1N28.png,48,0.2357022603955175,0.2357022603955175
G0,W0082F0001T0006Z000C1N28.png,49,0.5,0.5
G0,W0082F0001T0006Z000C1N28.png,50,6.041522986797286,6.041522986797286
G0,W0082F0001T0006Z000C1N28.png,51,0.0,0.0
G0,W0082F0001T0006Z000C1N28.png,52,0.0,0.0
G0,W0082F0001T0006Z000C1N28.png,53,0.6009252125773289,0.6009252125773289
G0,W0082F0001T0006Z000C1N28.png,54,0.0,0.0
G0,W0082F0001T0006Z000C1N28.png,55,0.625,0.625
G0,W0082F0001T0006Z000C1N28.png,56,0.0,0.0
G0,W0082F0001T0006Z000C1N28.png,57,0.4193548387096814,0.4193548387096814
G0,W0082F0001T0006Z000C1N28.png,58,0.4051960206799359,0.4051960206799359
G0,W0082F0001T0006Z000C1N28.png,59,0.5,0.5
G0,W0082F0001T0006Z000C1N28.png,60,0.7071067811865476,0.7071067811865476
G0,W0082F0001T0006Z000C1N28.png,61,0.0,0.0
G0,W0082F0001T0006Z000C1N28.png,62,0.5631824883955977,0.5631824883955977
G0,W0082F0001T0006Z000C1N28.png,63,0.0,0.0
G0,W0082F0001T0006Z000C1N28.png,64,0.0,0.0
G0,W0082F0001T0006Z000C1N28.png,65,0.5,0.5
G0,W0082F0001T0006Z000C1N28.png,66,0.21700555924304094,0.21700555924304094
G0,W0082F0001T0006Z000C1N28.png,67,0.0,0.0
G0,W0082F0001T0006Z000C1N28.png,68,0.18163371339317674,0.18163371339317674
G0,W0082F0001T0006Z000C1N28.png,69,0.0,0.0
G0,W0082F0001T0006Z000C1N28.png,70,0.4980830600350454,0.4980830600350454
G0,W0082F0001T0006Z000C1N28.png,71,0.2941176470588204,0.2941176470588204
G0,W0082F0001T0006Z000C1N28.png,72,0.0,0.0
G0,W0082F0001T0006Z000C1N28.png,73,0.0,0.0
G0,W0082F0001T0006Z000C1N28.png,74,0.0,0.0
G0,W0082F0001T0006Z000C1N28.png,75,0.2946278254943881,0.2946278254943881
G0,W0082F0001T0006Z000C1N28.png,76,0.47140452079102496,0.47140452079102496
G0,W0082F0003T0006Z000C1N88.png,1,0.13636363636363635,0.13636363636363635
G0,W0082F0003T0006Z000C1N88.png,2,0.0,0.0
G0,W0082F0003T0006Z000C1N88.png,3,0.5547376949710093,0.5547376949710093
G0,W0082F0003T0006Z000C1N88.png,4,0.4707511531578505,0.4707511531578505
G0,W0082F0003T0006Z000C1N88.png,5,0.5,0.5
G0,W0082F0003T0006Z000C1N88.png,6,0.412310562561765,0.412310562561765
G0,W0082F0003T0006Z000C1N88.png,7,0.5385164807134515,0.5385164807134515
G0,W0082F0003T0006Z000C1N88.png,8,0.5113507522598698,0.5113507522598698
G0,W0082F0003T0006Z000C1N88.png,9,0.411907259013115,0.411907259013115
G0,W0082F0003T0006Z000C1N88.png,10,0.0,0.0
G0,W0082F0003T0006Z000C1N88.png,11,0.5,0.5
G0,W0082F0003T0006Z000C1N88.png,12,0.4472135954999563,0.4472135954999563
G0,W0082F0003T0006Z000C1N88.png,13,0.0,0.0
G0,W0082F0003T0006Z000C1N88.png,14,0.2857142857142847,0.2857142857142847
G0,W0082F0003T0006Z000C1N88.png,15,0.5439282932204192,0.5439282932204192
G0,W0082F0003T0006Z000C1N88.png,16,0.12068965517241281,0.12068965517241281
G0,W0082F0003T0006Z000C1N88.png,17,0.3839170356332629,0.3839170356332629
G0,W0082F0003T0006Z000C1N88.png,18,0.4339027597725888,0.4339027597725888
G0,W0082F0003T0006Z000C1N88.png,19,0.4714045207910275,0.4714045207910275
G0,W0082F0003T0006Z000C1N88.png,20,0.4949747468305853,0.4949747468305853
G0,W0082F0003T0006Z000C1N88.png,21,0.5,0.5
G0,W0082F0003T0006Z000C1N88.png,22,0.5016044047650544,0.5016044047650544
G0,W0082F0003T0006Z000C1N88.png,23,0.24253562503633297,0.24253562503633297
G0,W0082F0003T0006Z000C1N88.png,24,0.20000000000000284,0.20000000000000284
G0,W0082F0003T0006Z000C1N88.png,25,0.5,0.5
G0,W0082F0003T0006Z000C1N88.png,26,0.5147815070493401,0.5147815070493401
G0,W0082F0003T0006Z000C1N88.png,27,0.0,0.0
G0,W0082F0003T0006Z000C1N88.png,28,0.25,0.25
G0,W0082F0003T0006Z000C1N88.png,29,0.4849450444636426,0.4849450444636426
G0,W0082F0003T0006Z000C1N88.png,30,0.1825361614285604,0.1825361614285604
G0,W0082F0003T0006Z000C1N88.png,31,0.2357022603955175,0.2357022603955175
G0,W0082F0003T0006Z000C1N88.png,32,0.5,0.5
G0,W0082F0003T0006Z000C1N88.png,33,0.45069390943299864,0.45069390943299864
G0,W0082F0003T0006Z000C1N88.png,34,0.47140452079103,0.47140452079103
G0,W0082F0003T0006Z000C1N88.png,35,0.4472135954999579,0.4472135954999579
G0,W0082F0003T0006Z000C1N88.png,36,0.5,0.5
G0,W0082F0003T0006Z000C1N88.png,37,0.10878565864408887,0.10878565864408887
G0,W0082F0003T0006Z000C1N88.png,38,0.7071067811865476,0.7071067811865476
G0,W0082F0003T0006Z000C1N88.png,39,0.0,0.0
G0,W0082F0003T0006Z000C1N88.png,40,0.2571297386132885,0.2571297386132885
G0,W0082F0003T0006Z000C1N88.png,41,0.3535533905932738,0.3535533905932738
G0,W0082F0003T0006Z000C1N88.png,42,0.5,0.5
G0,W0082F0003T0006Z000C1N88.png,43,0.29462782549440014,0.29462782549440014
G0,W0082F0003T0006Z000C1N88.png,44,0.5439282932204242,0.5439282932204242
G0,W0082F0003T0006Z000C1N88.png,45,0.3748277841470569,0.3748277841470569
G0,W0082F0003T0006Z000C1N88.png,46,0.45069390943299864,0.45069390943299864
G0,W0082F0003T0006Z000C1N88.png,47,0.5439282932204242,0.5439282932204242
G0,W0082F0003T0006Z000C1N88.png,48,0.5423261445466442,0.5423261445466442
G0,W0082F0003T0006Z000C1N88.png,49,0.0,0.0
G0,W0082F0003T0006Z000C1N88.png,50,0.21759351731040127,0.21759351731040127
G0,W0082F0003T0006Z000C1N88.png,51,0.47289831095067364,0.47289831095067364
G0,W0082F0003T0006Z000C1N88.png,52,0.5257994183672985,0.5257994183672985
G0,W0082F0003T0006Z000C1N88.png,53,0.5385164807134502,0.5385164807134502
G0,W0082F0003T0006Z000C1N88.png,54,0.0,0.0
G0,W0082F0003T0006Z000C1N88.png,55,0.1767766952966369,0.1767766952966369
G0,W0082F0003T0006Z000C1N88.png,56,0.14716535818220172,0.14716535818220172
G0,W0082F0003T0006Z000C1N88.png,57,0.4487637339278762,0.4487637339278762
G0,W0082F0003T0006Z000C1N88.png,58,0.5153882032022076,0.5153882032022076
G0,W0082F0003T0006Z000C1N88.png,59,0.32635697593225155,0.32635697593225155
G0,W0082F0003T0006Z000C1N88.png,60,0.41666666666666285,0.41666666666666285
G0,W0082F0003T0006Z000C1N88.png,61,0.40551750201988107,0.40551750201988107
G0,W0082F0003T0006Z000C1N88.png,62,0.47140452079102496,0.47140452079102496
G0,W0082F0003T0006Z000C1N88.png,63,0.0,0.0
G0,W0082F0003T0006Z000C1N88.png,64,0.0,0.0
G0,W0082F0003T0006Z000C1N88.png,65,0.6014979770084579,0.6014979770084579
G0,W0082F0003T0006Z000C1N88.png,66,0.0,0.0
G0,W0082F0003T0006Z000C1N88.png,67,0.0,0.0
G0,W0082F0003T0006Z000C1N88.png,68,0.49717997613481535,0.49717997613481535
G0,W0082F0003T0006Z000C1N88.png,69,0.34359213546813394,0.34359213546813394
G0,W0082F0003T0006Z000C1N88.png,70,0.40745015032516557,0.40745015032516557
G0,W0082F0003T0006Z000C1N88.png,71,0.5717718748968671,0.5717718748968671
G0,W0082F0003T0006Z000C1N88.png,72,0.40061680838488334,0.40061680838488334
G0,W0082F0003T0006Z000C1N88.png,73,0.4472135954999643,0.4472135954999643
G0,W0082F0003T0006Z000C1N88.png,74,0.08443066044016619,0.08443066044016619
G0,W0082F0003T0006Z000C1N88.png,75,0.0,0.0
G0,W0082F0003T0006Z000C1N88.png,76,0.2857142857142918,0.2857142857142918
G0,W0082F0003T0006Z000C1N88.png,77,0.25,0.25
G0,W0082F0003T0006Z000C1N88.png,78,0.35136418446316325,0.35136418446316325
G0,W0082F0003T0006Z000C1N88.png,79,0.4714045207910451,0.4714045207910451
G0,W0082F0003T0006Z000C1N88.png,80,0.5,0.5
G0,W0082F0003T0006Z000C1N88.png,81,0.5,0.5
G0,W0082F0003T0006Z000C1N88.png,82,0.12820512820513272,0.12820512820513272
G0,W0082F0003T0006Z000C1N88.png,83,0.7071067811865476,0.7071067811865476
G0,W0082F0003T0006Z000C1N88.png,84,0.4472135954999643,0.4472135954999643
G0,W0082F0001T0006Z000C1N14.png,1,10.364035080049458,10.364035080049458
G0,W0082F0001T0006Z000C1N14.png,2,7.0710678118654755,7.0710678118654755
G0,W0082F0001T0006Z000C1N14.png,3,0.47140452079103834,0.47140452079103834
G0,W0082F0001T0006Z000C1N14.png,4,0.1999999999999993,0.1999999999999993
G0,W0082F0001T0006Z000C1N14.png,5,0.44721359549996276,0.44721359549996276
G0,W0082F0001T0006Z000C1N14.png,6,0.5,0.5
G0,W0082F0001T0006Z000C1N14.png,7,0.4472135954999516,0.4472135954999516
G0,W0082F0001T0006Z000C1N14.png,8,5.5,5.5
G0,W0082F0001T0006Z000C1N14.png,9,8.725939023069069,8.725939023069069
G0,W0082F0001T0006Z000C1N14.png,10,3.06412938514171,3.06412938514171
G0,W0082F0001T0006Z000C1N14.png,11,0.4472135954999579,0.4472135954999579
G0,W0082F0001T0006Z000C1N14.png,12,0.5,0.5
G0,W0082F0001T0006Z000C1N14.png,13,0.1767766952966369,0.1767766952966369
G0,W0082F0001T0006Z000C1N14.png,14,0.3535533905932738,0.3535533905932738
G0,W0082F0001T0006Z000C1N14.png,15,4.924428900898052,4.924428900898052
G0,W0082F0001T0006Z000C1N14.png,16,0.5,0.5
G0,W0082F0001T0006Z000C1N14.png,17,0.5077182070575967,0.5077182070575967
G0,W0082F0001T0006Z000C1N14.png,18,5.291049045321734,5.291049045321734
G0,W0082F0001T0006Z000C1N14.png,19,1.6124515496597074,2.408318915758458
G0,W0082F0001T0006Z000C1N14.png,20,0.2857142857142847,0.2857142857142847
G0,W0082F0001T0006Z000C1N14.png,21,0.4472135954999643,0.4472135954999643
G0,W0082F0001T0006Z000C1N14.png,22,1.3176156917368262,1.3176156917368262
G0,W0082F0001T0006Z000C1N14.png,23,0.4472135954999643,0.4472135954999643
G0,W0082F0001T0006Z000C1N14.png,24,0.5821022034029828,0.5821022034029828
G0,W0082F0001T0006Z000C1N14.png,25,0.2857142857142918,0.2857142857142918
G0,W0082F0001T0006Z000C1N14.png,26,0.47140452079102496,0.47140452079102496
G0,W0082F0001T0006Z000C1N14.png,27,0.3535533905932738,0.3535533905932738
G0,W0082F0001T0006Z000C1N14.png,28,1.8027756377319946,1.8027756377319946
G0,W0082F0001T0006Z000C1N14.png,29,0.3535533905932738,0.3535533905932738
G0,W0082F0001T0006Z000C1N14.png,30,4.594283188543012,4.594283188543012
G0,W0082F0001T0006Z000C1N14.png,31,0.47140452079102496,0.47140452079102496
G0,W0082F0001T0006Z000C1N14.png,32,0.25,0.25
G0,W0082F0001T0006Z000C1N14.png,33,0.2857142857142918,0.2857142857142918
G0,W0082F0001T0006Z000C1N14.png,34,6.18465843842649,6.18465843842649
G0,W0082F0001T0006Z000C1N14.png,35,0.35136418446314976,0.35136418446314976
G0,W0082F0001T0006Z000C1N14.png,36,0.2083333333333286,0.2083333333333286
G0,W0082F0001T0006Z000C1N14.png,37,6.519202405202649,6.519202405202649
G0,W0082F0001T0006Z000C1N14.png,38,0.4937179676991808,0.4937179676991808
G0,W0082F0001T0006Z000C1N14.png,39,0.4055175020198863,0.4055175020198863
G0,W0082F0001T0006Z000C1N14.png,40,0.1767766952966369,0.1767766952966369
G0,W0082F0001T0006Z000C1N14.png,41,0.0,0.0
G0,W0082F0001T0006Z000C1N14.png,42,0.8221315448322828,0.8221315448322828
G0,W0082F0001T0006Z000C1N14.png,43,0.7071067811865476,0.7071067811865476
G0,W0082F0001T0006Z000C1N14.png,44,0.48610173423908254,0.48610173423908254
G0,W0082F0001T0006Z000C1N14.png,45,0.0,0.0
G0,W0082F0001T0006Z000C1N14.png,46,0.5423261445466458,0.5423261445466458
G0,W0082F0001T0006Z000C1N14.png,47,0.38461538461538114,0.38461538461538114
G0,W0082F0001T0006Z000C1N14.png,48,0.42687494916218566,0.42687494916218566
G0,W0082F0001T0006Z000C1N14.png,49,6.980130530457314,6.980130530457314
G0,W0082F0001T0006Z000C1N14.png,50,2.7938424357066913,2.7938424357066913
G0,W0082F0001T0006Z000C1N14.png,51,0.14958791130928945,0.14958791130928945
G0,W0082F0001T0006Z000C1N14.png,52,0.25,0.25
G0,W0082F0001T0006Z000C1N14.png,53,3.5355339059327378,3.5355339059327378
G0,W0082F0001T0006Z000C1N14.png,54,0.4714045207910388,0.4714045207910388
G0,W0082F0001T0006Z000C1N14.png,55,0.5150787536377083,0.5150787536377083
G0,W0082F0001T0006Z000C1N14.png,56,1.1785113019775926,1.1785113019775926
G0,W0082F0001T0006Z000C1N14.png,57,10.183046913593415,10.183046913593415
G0,W0082F0001T0006Z000C1N14.png,58,0.5,0.5
G0,W0082F0001T0006Z000C1N14.png,59,0.5,0.5
G0,W0082F0001T0006Z000C1N14.png,60,0.7071067811865476,0.7071067811865476
G0,W0082F0001T0006Z000C1N14.png,61,0.2857142857142856,0.2857142857142856
G0,W0082F0001T0006Z000C1N14.png,62,0.7071067811865476,0.7071067811865476
G0,W0082F0001T0006Z000C1N14.png,63,6.0,6.0
G0,W0082F0003T0006Z000C1N63.png,1,15.131197077561312,15.131197077561312
G0,W0082F0003T0006Z000C1N63.png,2,12.632585729858405,12.632585729858405
G0,W0082F0003T0006Z000C1N63.png,3,0.22222222222222854,0.22222222222222854
G0,W0082F0003T0006Z000C1N63.png,4,0.2746146812180583,0.2746146812180583
G0,W0082F0003T0006Z000C1N63.png,5,19.782062582046397,19.782062582046397
G0,W0082F0003T0006Z000C1N63.png,6,0.6139480625781016,0.6139480625781016
G0,W0082F0003T0006Z000C1N63.png,7,5.70087712549569,5.70087712549569
G0,W0082F0003T0006Z000C1N63.png,8,0.0,0.0
G0,W0082F0003T0006Z000C1N63.png,9,0.25,0.25
G0,W0082F0003T0006Z000C1N63.png,10,0.47140452079103,0.47140452079103
G0,W0082F0003T0006Z000C1N63.png,11,0.31652651692523753,0.31652651692523753
G0,W0082F0003T0006Z000C1N63.png,12,0.42426406871192446,0.42426406871192446
G0,W0082F0003T0006Z000C1N63.png,13,2.7746871695542388,2.7746871695542388
G0,W0082F0003T0006Z000C1N63.png,14,14.503830911559577,14.503830911559577
G0,W0082F0003T0006Z000C1N63.png,15,0.471404520791035,0.471404520791035
G0,W0082F0003T0006Z000C1N63.png,16,0.5,0.5
G0,W0082F0003T0006Z000C1N63.png,17,3.2015621187164243,3.2015621187164243
G0,W0082F0003T0006Z000C1N63.png,18,0.37216146378238896,0.37216146378238896
G0,W0082F0003T0006Z000C1N63.png,19,0.4285714285714306,0.4285714285714306
G0,W0082F0003T0006Z000C1N63.png,20,0.20000000000000284,0.20000000000000284
G0,W0082F0003T0006Z000C1N63.png,21,0.47790695928013965,0.47790695928013965
G0,W0082F0003T0006Z000C1N63.png,22,8.06225774829855,8.06225774829855
G0,W0082F0003T0006Z000C1N63.png,23,8.246211251235321,8.246211251235321
G0,W0082F0003T0006Z000C1N63.png,24,5.672741841473145,5.672741841473145
G0,W0082F0003T0006Z000C1N63.png,25,7.966945601811419,8.668269082630568
G0,W0082F0003T0006Z000C1N63.png,26,0.19999999999998863,0.19999999999998863
G0,W0082F0003T0006Z000C1N63.png,27,0.41666666666667423,0.41666666666667423
G0,W0082F0003T0006Z000C1N63.png,28,0.35136418446316325,0.35136418446316325
G0,W0082F0003T0006Z000C1N63.png,29,0.5821022034029939,0.5821022034029939
G0,W0082F0003T0006Z000C1N63.png,30,0.5,0.5
G0,W0082F0003T0006Z000C1N63.png,31,0.1767766952966369,0.1767766952966369
G0,W0082F0003T0006Z000C1N63.png,32,3.5,3.5
G0,W0082F0003T0006Z000C1N63.png,33,0.5,0.5
G0,W0082F0003T0006Z000C1N63.png,34,0.55555555555556,0.55555555555556
G0,W0082F0003T0006Z000C1N63.png,35,0.0,0.0
G0,W0082F0003T0006Z000C1N63.png,36,12.5,12.5
G0,W0082F0002T0006Z000C1N59.png,1,69.73759124498825,76.62927585699441
G0,W0082F0002T0006Z000C1N59.png,2,52.86397639224654,52.86397639224654
G0,W0082F0002T0006Z000C1N59.png,3,55.27057235671667,57.42712451601172
G0,W0082F0002T0006Z000C1N59.png,4,37.73446700299343,37.73446700299343
G0,W0082F0002T0006Z000C1N59.png,5,46.05510508164792,46.05510508164792
G0,W0082F0002T0006Z000C1N59.png,6,61.54652879416978,75.01983208866552
G0,W0082F0002T0006Z000C1N59.png,7,29.087034148492272,29.087034148492272
G0,W0082F0002T0006Z000C1N59.png,8,59.45352993912323,76.0573613940309
G0,W0082F0002T0006Z000C1N59.png,9,29.366439264950746,29.366439264950746
G0,W0082F0002T0006Z000C1N59.png,10,39.429966043888776,43.68129525959086
G0,W0082F0002T0006Z000C1N59.png,11,45.30176596999283,61.50812954398792
G0,W0082F0002T0006Z000C1N59.png,12,19.067132861433453,19.067132861433453
G0,W0082F0002T0006Z000C1N59.png,13,13.601470508735444,13.601470508735444
G0,W0082F0002T0006Z000C1N59.png,14,29.410882339705484,29.410882339705484
G0,W0082F0002T0006Z000C1N59.png,15,48.25165512417394,85.36522841428014
G0,W0082F0002T0006Z000C1N59.png,16,33.38018403769716,73.2351727829216
G0,W0082F0002T0006Z000C1N59.png,17,4.242640687119285,18.601075237738275
G0,W0082F0002T0006Z000C1N59.png,18,8.558621384311845,61.92132104533946
G0,W0082F0002T0006Z000C1N59.png,19,5.656854249492381,63.41135544995076
G0,W0082F0002T0006Z000C1N59.png,20,21.186998109427606,97.16938246633498
G0,W0082F0002T0006Z000C1N59.png,21,28.503092882262365,102.4671729967706
G0,W0082F0002T0006Z000C1N59.png,22,19.00657780874821,81.61648117874232
G0,W0082F0002T0006Z000C1N59.png,23,16.62077013859466,103.47584259139909
G0,W0082F0002T0006Z000C1N159.png,1,6.38507875982989,15.733355063001072
G0,W0082F0002T0006Z000C1N159.png,2,6.642665127793212,7.044501401802686
G0,W0082F0002T0006Z000C1N159.png,3,15.980618426370622,33.49108676292818
G0,W0082F0002T0006Z000C1N159.png,4,0.4282417581929667,0.4282417581929667
G0,W0082F0002T0006Z000C1N159.png,5,0.1739130434782652,0.1739130434782652
G0,W0082F0002T0006Z000C1N159.png,6,0.23413760031019704,0.23413760031019704
G0,W0082F0002T0006Z000C1N159.png,7,10.606601717798213,21.783020910791965
G0,W0082F0002T0006Z000C1N159.png,8,0.42426406871192446,0.7615773105863923
G0,W0082F0002T0006Z000C1N159.png,9,0.0,7.810249675906654
G0,W0082F0002T0006Z000C1N159.png,10,21.203773249117706,33.68679266418815
G0,W0082F0002T0006Z000C1N159.png,11,13.041485354998878,19.81638301801881
G0,W0082F0002T0006Z000C1N159.png,12,9.25881329235915,19.923948374277163
G0,W0082F0002T0006Z000C1N159.png,13,4.123105625617661,27.313000567495326
G0,W0082F0002T0006Z000C1N159.png,14,14.142135623730951,14.142135623730951
G0,W0082F0002T0006Z000C1N159.png,15,9.498199945448016,17.308277151161334
G0,W0082F0002T0006Z000C1N159.png,16,4.949747468305833,5.70087712549569
G0,W0082F0002T0006Z000C1N159.png,17,12.47397290361014,24.06075643033693
G0,W0082F0002T0006Z000C1N159.png,18,0.7142857142857224,0.7142857142857224
G0,W0082F0002T0006Z000C1N159.png,19,5.934831271588291,38.37389158732218
G0,W0082F0002T0006Z000C1N159.png,20,0.44721359549995915,0.44721359549995915
G0,W0082F0002T0006Z000C1N159.png,21,0.0,9.899494936611665
G0,W0082F0002T0006Z000C1N159.png,22,0.5385164807134515,0.5385164807134515
G0,W0082F0002T0006Z000C1N159.png,23,0.44721359549995954,0.44721359549995954
G0,W0082F0002T0006Z000C1N159.png,24,22.45885126180767,25.744902408049633
G0,W0082F0002T0006Z000C1N159.png,25,6.13784409983716,43.15137948254421
G0,W0082F0002T0006Z000C1N159.png,26,16.652997149149673,28.378201388558566
G0,W0082F0002T0006Z000C1N165.png,1,0.15151515151515368,0.15151515151515368
G0,W0082F0002T0006Z000C1N165.png,2,0.4472135954999643,0.4472135954999643
G0,W0082F0002T0006Z000C1N165.png,3,0.6363961030678968,0.6363961030678968
G0,W0082F0002T0006Z000C1N165.png,4,0.2857142857142847,0.2857142857142847
G0,W0082F0002T0006Z000C1N165.png,5,1.4142135623730951,1.4142135623730951
G0,W0082F0002T0006Z000C1N165.png,6,0.7071067811865476,0.7071067811865476
G0,W0082F0002T0006Z000C1N165.png,7,0.0,0.0
G0,W0082F0002T0006Z000C1N165.png,8,0.0,0.0
G0,W0082F0002T0006Z000C1N165.png,9,0.7071067811865476,0.7071067811865476
G0,W0082F0002T0006Z000C1N165.png,10,0.5576200667684313,0.5576200667684313
G0,W0082F0002T0006Z000C1N165.png,11,0.5,0.5
G0,W0082F0002T0006Z000C1N165.png,12,0.20000000000000284,0.20000000000000284
G0,W0082F0002T0006Z000C1N165.png,13,0.35136418446314976,0.35136418446314976
G0,W0082F0002T0006Z000C1N165.png,14,0.35136418446314976,0.35136418446314976
G0,W0082F0002T0006Z000C1N165.png,15,0.2857142857142847,0.2857142857142847
G0,W0082F0002T0006Z000C1N165.png,16,0.2857142857142918,0.2857142857142918
G0,W0082F0002T0006Z000C1N165.png,17,0.5,0.5
G0,W0082F0002T0006Z000C1N165.png,18,0.6009252125773309,0.6009252125773309
G0,W0082F0002T0006Z000C1N165.png,19,0.7071067811865476,0.7071067811865476
G0,W0082F0002T0006Z000C1N165.png,20,0.7071067811865476,0.7071067811865476
G0,W0082F0002T0006Z000C1N165.png,21,0.31240998703626177,0.31240998703626177
G0,W0082F0002T0006Z000C1N165.png,22,0.47140452079103,0.47140452079103
G0,W0082F0002T0006Z000C1N165.png,23,0.2857142857142918,0.2857142857142918
G0,W0082F0002T0006Z000C1N165.png,24,0.47140452079103,0.47140452079103
G0,W0082F0002T0006Z000C1N165.png,25,0.0,0.0
G0,W0082F0002T0006Z000C1N165.png,26,0.5,0.5
G0,W0082F0002T0006Z000C1N165.png,27,0.5656854249492461,0.5656854249492461
G0,W0082F0002T0006Z000C1N165.png,28,0.42687494916218566,0.42687494916218566
G0,W0082F0002T0006Z000C1N165.png,29,0.20000000000000284,0.20000000000000284
G0,W0082F0002T0006Z000C1N165.png,30,0.32394177193584706,0.32394177193584706
G0,W0082F0002T0006Z000C1N165.png,31,0.7071067811865476,0.7071067811865476
G0,W0082F0002T0006Z000C1N165.png,32,0.5,0.5
G0,W0082F0002T0006Z000C1N165.png,33,0.7071067811865476,0.7071067811865476
G0,W0082F0002T0006Z000C1N165.png,34,0.7071067811865476,0.7071067811865476
G0,W0082F0002T0006Z000C1N165.png,35,0.1767766952966369,0.1767766952966369
G0,W0082F0003T0006Z000C1N49.png,1,8.5,8.5
G0,W0082F0003T0006Z000C1N49.png,2,0.31943828249997674,0.31943828249997674
G0,W0082F0003T0006Z000C1N49.png,3,0.7071067811865476,0.7071067811865476
G0,W0082F0003T0006Z000C1N49.png,4,2.5,2.5
G0,W0082F0003T0006Z000C1N49.png,5,1.8535251699277135,2.18377858055456
G0,W0082F0003T0006Z000C1N49.png,6,1.118033988749895,1.118033988749895
G0,W0082F0003T0006Z000C1N49.png,7,0.42687494916219115,0.42687494916219115
G0,W0082F0003T0006Z000C1N49.png,8,0.2857142857142918,0.2857142857142918
G0,W0082F0003T0006Z000C1N49.png,9,0.2857142857142776,0.2857142857142776
G0,W0082F0003T0006Z000C1N49.png,10,0.47140452079103,0.47140452079103
G0,W0082F0003T0006Z000C1N49.png,11,0.4472135954999643,0.4472135954999643
G0,W0082F0003T0006Z000C1N49.png,12,0.4472135954999643,0.4472135954999643
G0,W0082F0003T0006Z000C1N49.png,13,4.004996878900157,4.38634243989226
G0,W0082F0003T0006Z000C1N49.png,14,0.47140452079103,0.47140452079103
G0,W0082F0003T0006Z000C1N49.png,15,0.5,0.5
G0,W0082F0003T0006Z000C1N49.png,16,1.2876968840942886,1.2876968840942886
G0,W0082F0003T0006Z000C1N49.png,17,0.0,1.0
G0,W0082F0003T0006Z000C1N49.png,18,0.2857142857142918,0.2857142857142918
G0,W0082F0003T0006Z000C1N49.png,19,0.45175395145262626,0.45175395145262626
G0,W0082F0003T0006Z000C1N49.png,20,0.11111111111111427,0.11111111111111427
G0,W0082F0003T0006Z000C1N49.png,21,0.4472135954999643,0.4472135954999643
G0,W0082F0003T0006Z000C1N49.png,22,0.1767766952966369,0.1767766952966369
G0,W0082F0003T0006Z000C1N49.png,23,6.095880848048917,6.81670416119857
G0,W0082F0003T0006Z000C1N49.png,24,0.7142857142857082,0.7142857142857082
G0,W0082F0003T0006Z000C1N49.png,25,8.32165848854662,8.32165848854662
G0,W0082F0003T0006Z000C1N49.png,26,8.599600281408433,8.657547285461396
G0,W0082F0003T0006Z000C1N49.png,27,7.45192928039444,8.776744840770979
G0,W0082F0003T0006Z000C1N75.png,1,2.6248809496813363,2.6248809496813363
G0,W0082F0003T0006Z000C1N75.png,2,0.0,0.0
G0,W0082F0003T0006Z000C1N75.png,3,0.3901566636906478,0.3901566636906478
G0,W0082F0003T0006Z000C1N75.png,4,0.2142857142857153,0.2142857142857153
G0,W0082F0003T0006Z000C1N75.png,5,0.5150787536377139,0.5150787536377139
G0,W0082F0003T0006Z000C1N75.png,6,0.352941176470587,0.352941176470587
G0,W0082F0003T0006Z000C1N75.png,7,0.3726779962499692,0.3726779962499692
G0,W0082F0003T0006Z000C1N75.png,8,0.5150787536377178,0.5150787536377178
G0,W0082F0003T0006Z000C1N75.png,9,0.659966329107447,0.659966329107447
G0,W0082F0003T0006Z000C1N75.png,10,0.471404520791035,0.471404520791035
G0,W0082F0003T0006Z000C1N75.png,11,0.4472135954999579,0.4472135954999579
G0,W0082F0003T0006Z000C1N75.png,12,0.47790695928013965,0.47790695928013965
G0,W0082F0003T0006Z000C1N75.png,13,0.7071067811865476,0.7071067811865476
G0,W0082F0003T0006Z000C1N75.png,14,0.0,0.0
G0,W0082F0003T0006Z000C1N75.png,15,0.4327873504838339,0.4327873504838339
G0,W0082F0003T0006Z000C1N75.png,16,0.2910511017015014,0.2910511017015014
G0,W0082F0003T0006Z000C1N75.png,17,1.9071232559993125,1.9071232559993125
G0,W0082F0003T0006Z000C1N75.png,18,0.25,0.25
G0,W0082F0003T0006Z000C1N75.png,19,0.4472135954999579,0.4472135954999579
G0,W0082F0003T0006Z000C1N75.png,20,0.6253026948667395,0.6253026948667395
G0,W0082F0003T0006Z000C1N75.png,21,0.3535533905932738,0.3535533905932738
G0,W0082F0003T0006Z000C1N75.png,22,0.18601633295107822,0.18601633295107822
G0,W0082F0003T0006Z000C1N75.png,23,0.20000000000000284,0.20000000000000284
G0,W0082F0003T0006Z000C1N75.png,24,0.47140452079102496,0.47140452079102496
G0,W0082F0003T0006Z000C1N75.png,25,4.47213595499958,4.47213595499958
G0,W0082F0003T0006Z000C1N75.png,26,0.20203050891043642,0.20203050891043642
G0,W0082F0003T0006Z000C1N75.png,27,0.5,0.5
G0,W0082F0003T0006Z000C1N75.png,28,0.3956948249139351,0.3956948249139351
G0,W0082F0003T0006Z000C1N75.png,29,0.5145349625722102,0.5145349625722102
G0,W0082F0003T0006Z000C1N75.png,30,0.20000000000000284,0.20000000000000284
G0,W0082F0003T0006Z000C1N75.png,31,4.716449719776907,4.716449719776907
G0,W0082F0003T0006Z000C1N75.png,32,5.808103995467084,5.808103995467084
G0,W0082F0003T0006Z000C1N75.png,33,0.5150787536377178,0.5150787536377178
G0,W0082F0003T0006Z000C1N75.png,34,5.300943312279423,5.300943312279423
G0,W0082F0002T0006Z000C1N73.png,1,1.3416407864998738,1.3416407864998738
G0,W0082F0002T0006Z000C1N73.png,2,7.106335201775948,7.106335201775948
G0,W0082F0002T0006Z000C1N73.png,3,0.924628720949625,0.924628720949625
G0,W0082F0002T0006Z000C1N73.png,4,16.596251250073177,17.889537600384077
G0,W0082F0002T0006Z000C1N73.png,5,12.466127575742753,12.466127575742753
G0,W0082F0002T0006Z000C1N73.png,6,10.895540499129272,10.895540499129272
G0,W0082F0002T0006Z000C1N73.png,7,5.830951894845301,5.830951894845301
G0,W0082F0002T0006Z000C1N73.png,8,0.38465462908103165,0.38465462908103165
G0,W0082F0002T0006Z000C1N73.png,9,4.868082256091311,4.868082256091311
G0,W0082F0002T0006Z000C1N73.png,10,3.605551275463989,3.605551275463989
G0,W0082F0002T0006Z000C1N73.png,11,20.573040611440984,20.573040611440984
G0,W0082F0002T0006Z000C1N73.png,12,0.3644344934278313,0.3644344934278313
G0,W0082F0002T0006Z000C1N73.png,13,0.22360679774996628,0.22360679774996628
G0,W0082F0002T0006Z000C1N73.png,14,15.933891203622833,16.739839372652966
G0,W0082F0002T0006Z000C1N73.png,15,8.139410298049853,8.139410298049853
G0,W0082F0002T0006Z000C1N73.png,16,19.576062480034697,19.576062480034697
G0,W0082F0002T0006Z000C1N73.png,17,0.3179748940419585,0.3179748940419585
G0,W0082F0002T0006Z000C1N73.png,18,0.3535533905932738,0.3535533905932738
G0,W0082F0002T0006Z000C1N73.png,19,1.1761037176408073,1.1761037176408073
G0,W0082F0002T0006Z000C1N73.png,20,0.8498365855987937,0.8498365855987937
G0,W0082F0002T0006Z000C1N73.png,21,0.4853406592853715,0.4853406592853715
G0,W0082F0002T0006Z000C1N73.png,22,0.471404520791035,0.471404520791035
G0,W0082F0002T0006Z000C1N73.png,23,0.3922322702763687,0.3922322702763687
G0,W0082F0002T0006Z000C1N73.png,24,0.0,0.0
G0,W0082F0002T0006Z000C1N73.png,25,0.5,0.5
G0,W0082F0002T0006Z000C1N73.png,26,0.582102203402985,0.582102203402985
G0,W0082F0002T0006Z000C1N73.png,27,0.25,0.25
G0,W0082F0002T0006Z000C1N73.png,28,4.272001872658765,4.272001872658765
G0,W0082F0002T0006Z000C1N73.png,29,4.6097722286464435,4.6097722286464435
G0,W0082F0002T0006Z000C1N73.png,30,7.632168761236874,12.175795661885921
G0,W0082F0002T0006Z000C1N73.png,31,13.865424623862047,13.865424623862047
G0,W0082F0002T0006Z000C1N73.png,32,0.31868871959954903,0.31868871959954903
G0,W0082F0002T0006Z000C1N73.png,33,1.8791620472966135,1.8791620472966135
G0,W0082F0002T0006Z000C1N73.png,34,1.8027756377319946,1.8027756377319946
G0,W0082F0002T0006Z000C1N73.png,35,0.471404520791035,0.471404520791035
G0,W0082F0002T0006Z000C1N73.png,36,0.0,0.0
G0,W0082F0002T0006Z000C1N73.png,37,0.2857142857142918,0.2857142857142918
G0,W0082F0002T0006Z000C1N73.png,38,0.3461715048119926,0.3461715048119926
G0,W0082F0002T0006Z000C1N73.png,39,1.4907119849998545,1.4907119849998545
G0,W0082F0002T0006Z000C1N73.png,40,26.314910028269487,28.330502059419548
G0,W0082F0002T0006Z000C1N73.png,41,26.366671934259895,26.366671934259895
G0,W0082F0002T0006Z000C1N73.png,42,4.6097722286464435,4.6097722286464435
G0,W0082F0002T0006Z000C1N73.png,43,3.084025608704352,3.084025608704352
G0,W0082F0002T0006Z000C1N73.png,44,33.371440802346086,33.371440802346086
G0,W0082F0002T0006Z000C1N73.png,45,20.554804791094465,20.554804791094465
G0,W0082F0002T0006Z000C1N73.png,46,12.192737641591012,12.192737641591012
G0,W0082F0002T0006Z000C1N73.png,47,8.902246907382429,8.902246907382429
G0,W0082F0002T0006Z000C1N73.png,48,31.132718697045846,31.132718697045846
G0,W0082F0002T0006Z000C1N73.png,49,22.049974804722325,22.049974804722325
G0,W0082F0002T0006Z000C1N73.png,50,20.0,20.0
G0,W0082F0002T0006Z000C1N67.png,1,17.26267650163207,17.26267650163207
G0,W0082F0002T0006Z000C1N67.png,2,0.10540925533894505,0.10540925533894505
G0,W0082F0002T0006Z000C1N67.png,3,1.118033988749895,1.118033988749895
G0,W0082F0002T0006Z000C1N67.png,4,10.295630140987,10.295630140987
G0,W0082F0002T0006Z000C1N67.png,5,0.9535706854524187,0.9535706854524187
G0,W0082F0002T0006Z000C1N67.png,6,0.1999999999999993,0.1999999999999993
G0,W0082F0002T0006Z000C1N67.png,7,0.5555555555555515,0.5555555555555515
G0,W0082F0002T0006Z000C1N67.png,8,0.6187184335382291,0.6187184335382291
G0,W0082F0002T0006Z000C1N67.png,9,3.726779962499646,3.726779962499646
G0,W0082F0002T0006Z000C1N67.png,10,0.4472135954999516,0.4472135954999516
G0,W0082F0002T0006Z000C1N67.png,11,0.1767766952966369,0.1767766952966369
G0,W0082F0002T0006Z000C1N67.png,12,0.4714045207910275,0.4714045207910275
G0,W0082F0002T0006Z000C1N67.png,13,0.2857142857142918,0.2857142857142918
G0,W0082F0002T0006Z000C1N67.png,14,0.544058820349416,0.544058820349416
G0,W0082F0002T0006Z000C1N67.png,15,0.48534065928536957,0.48534065928536957
G0,W0082F0002T0006Z000C1N67.png,16,0.8600261451922253,0.8600261451922253
G0,W0082F0002T0006Z000C1N67.png,17,0.5,0.5
G0,W0082F0002T0006Z000C1N67.png,18,0.0,0.0
G0,W0082F0002T0006Z000C1N67.png,19,0.0,0.0
G0,W0082F0002T0006Z000C1N67.png,20,0.29450754468698115,0.29450754468698115
G0,W0082F0002T0006Z000C1N67.png,21,0.5492293624361166,0.5492293624361166
G0,W0082F0002T0006Z000C1N67.png,22,0.5374838498865712,0.5374838498865712
G0,W0082F0002T0006Z000C1N67.png,23,0.24956709924232007,0.24956709924232007
G0,W0082F0002T0006Z000C1N67.png,24,0.41160841536988013,0.41160841536988013
G0,W0082F0002T0006Z000C1N67.png,25,0.7453559924999289,0.7453559924999289
G0,W0082F0002T0006Z000C1N67.png,26,0.2670778722565994,0.2670778722565994
G0,W0082F0002T0006Z000C1N67.png,27,0.5,0.5
G0,W0082F0002T0006Z000C1N67.png,28,0.19764235376052372,0.19764235376052372
G0,W0082F0002T0006Z000C1N67.png,29,0.20000000000000284,0.20000000000000284
G0,W0082F0002T0006Z000C1N67.png,30,0.5385164807134515,0.5385164807134515
G0,W0082F0002T0006Z000C1N67.png,31,0.2857142857142918,0.2857142857142918
G0,W0082F0002T0006Z000C1N67.png,32,0.5150787536377178,0.5150787536377178
G0,W0082F0002T0006Z000C1N67.png,33,0.41666666666666285,0.41666666666666285
G0,W0082F0002T0006Z000C1N67.png,34,0.0,0.0
G0,W0082F0002T0006Z000C1N67.png,35,1.90064640251806,1.90064640251806
G0,W0082F0002T0006Z000C1N67.png,36,0.33091408587638294,0.33091408587638294
G0,W0082F0002T0006Z000C1N67.png,37,0.0,0.0
G0,W0082F0002T0006Z000C1N67.png,38,0.4472135954999579,0.4472135954999579
G0,W0082F0002T0006Z000C1N67.png,39,0.9263503656824422,0.9263503656824422
G0,W0082F0002T0006Z000C1N67.png,40,0.4006168083848873,0.4006168083848873
G0,W0082F0002T0006Z000C1N67.png,41,1.6090681607752875,1.6090681607752875
G0,W0082F0002T0006Z000C1N67.png,42,0.18181818181817988,0.18181818181817988
G0,W0082F0002T0006Z000C1N67.png,43,5.656854249492381,5.656854249492381
G0,W0082F0002T0006Z000C1N67.png,44,0.5,0.5
G0,W0082F0002T0006Z000C1N67.png,45,0.7071067811865476,0.7071067811865476
G0,W0082F0002T0006Z000C1N67.png,46,0.31716197120135825,0.31716197120135825
G0,W0082F0002T0006Z000C1N67.png,47,1.5811388300841898,1.5811388300841898
G0,W0082F0002T0006Z000C1N67.png,48,0.7071067811865476,0.7071067811865476
G0,W0082F0002T0006Z000C1N67.png,49,0.5,0.5
G0,W0082F0002T0006Z000C1N67.png,50,5.5,5.5
G0,W0082F0002T0006Z000C1N67.png,51,0.7071067811865476,0.7071067811865476
G0,W0082F0002T0006Z000C1N67.png,52,0.27498066610159605,0.27498066610159605
G0,W0082F0002T0006Z000C1N67.png,53,13.005407529178008,13.005407529178008
G0,W0082F0002T0006Z000C1N67.png,54,0.7083333333333286,0.7083333333333286
G0,W0082F0002T0006Z000C1N67.png,55,0.7071067811865476,0.7071067811865476
G0,W0082F0002T0006Z000C1N67.png,56,0.23570226039551248,0.23570226039551248
G0,W0082F0002T0006Z000C1N67.png,57,9.219544457292887,9.219544457292887
G0,W0082F0002T0006Z000C1N67.png,58,0.556057550978314,0.556057550978314
G0,W0082F0002T0006Z000C1N67.png,59,0.23570226039551248,0.23570226039551248
G0,W0082F0002T0006Z000C1N67.png,60,0.6428243465332152,0.6428243465332152
G0,W0082F0002T0006Z000C1N67.png,61,0.4881406047441659,0.4881406047441659
G0,W0082F0002T0006Z000C1N67.png,62,0.2549509756796415,0.2549509756796415
G0,W0082F0002T0006Z000C1N67.png,63,0.0,0.0
G0,W0082F0002T0006Z000C1N98.png,1,0.8435273922869776,0.8435273922869776
G0,W0082F0002T0006Z000C1N98.png,2,4.7719625205546015,4.7719625205546015
G0,W0082F0002T0006Z000C1N98.png,3,4.666007532953397,4.666007532953397
G0,W0082F0002T0006Z000C1N98.png,4,14.446561009458271,14.446561009458271
G0,W0082F0002T0006Z000C1N98.png,5,2.385855756810892,2.385855756810892
G0,W0082F0002T0006Z000C1N98.png,6,0.0,0.0
G0,W0082F0002T0006Z000C1N98.png,7,1.0,1.0
G0,W0082F0002T0006Z000C1N98.png,8,1.118033988749895,1.118033988749895
G0,W0082F0002T0006Z000C1N98.png,9,1.189143599402528,1.189143599402528
G0,W0082F0002T0006Z000C1N98.png,10,18.767584347012324,18.767584347012324
G0,W0082F0002T0006Z000C1N98.png,11,1.0482201257840653,1.0482201257840653
G0,W0082F0002T0006Z000C1N98.png,12,0.3513641844631565,0.3513641844631565
G0,W0082F0002T0006Z000C1N98.png,13,18.607794065928395,18.607794065928395
G0,W0082F0002T0006Z000C1N98.png,14,6.603029607687674,6.603029607687674
G0,W0082F0002T0006Z000C1N98.png,15,15.175711588661075,15.175711588661075
G0,W0082F0002T0006Z000C1N98.png,16,0.1767766952966369,0.1767766952966369
G0,W0082F0002T0006Z000C1N98.png,17,0.23570226039552256,0.23570226039552256
G0,W0082F0002T0006Z000C1N98.png,18,0.7071067811865476,0.7071067811865476
G0,W0082F0002T0006Z000C1N98.png,19,4.720732841366557,4.720732841366557
G0,W0082F0002T0006Z000C1N98.png,20,0.6661707455486652,0.6661707455486652
G0,W0082F0002T0006Z000C1N98.png,21,15.628499608087784,15.628499608087784
G0,W0082F0002T0006Z000C1N98.png,22,0.4859126579037791,0.4859126579037791
G0,W0082F0002T0006Z000C1N98.png,23,0.5,0.5
G0,W0082F0002T0006Z000C1N98.png,24,10.816653826391969,10.816653826391969
G0,W0082F0002T0006Z000C1N98.png,25,0.4472135954999643,0.4472135954999643
G0,W0082F0002T0006Z000C1N98.png,26,9.851965514038097,9.851965514038097
G0,W0082F0002T0006Z000C1N98.png,27,0.3748277841470569,0.3748277841470569
G0,W0082F0002T0006Z000C1N98.png,28,8.872992730753246,8.872992730753246
G0,W0082F0002T0006Z000C1N98.png,29,5.153882032022076,6.600189391222043
G0,W0082F0002T0006Z000C1N98.png,30,0.4241825029957683,0.4241825029957683
G0,W0082F0002T0006Z000C1N98.png,31,8.06225774829855,8.06225774829855
G0,W0082F0002T0006Z000C1N98.png,32,0.5153882032022076,0.5153882032022076
G0,W0082F0002T0006Z000C1N98.png,33,5.385164807134504,5.385164807134504
G0,W0082F0002T0006Z000C1N98.png,34,0.5,0.5
G0,W0082F0002T0006Z000C1N98.png,35,0.5,0.5
G0,W0082F0002T0006Z000C1N98.png,36,17.278056893065262,17.278056893065262
G0,W0082F0002T0006Z000C1N98.png,37,0.8944271909999262,0.8944271909999262
G0,W0082F0002T0006Z000C1N98.png,38,7.417030785901626,7.417030785901626
G0,W0082F0002T0006Z000C1N98.png,39,12.279898955909482,12.279898955909482
G0,W0082F0002T0006Z000C1N98.png,40,7.158910531638177,7.158910531638177
G0,W0082F0002T0006Z000C1N98.png,41,0.655554777357076,0.655554777357076
G0,W0082F0002T0006Z000C1N98.png,42,0.4472135954999579,0.4472135954999579
G0,W0082F0002T0006Z000C1N98.png,43,20.0,20.0
G0,W0082F0002T0006Z000C1N98.png,44,0.25,0.25
G0,W0082F0001T0006Z000C1N16.png,1,3.0,3.0
G0,W0082F0001T0006Z000C1N16.png,2,0.7453559924999278,0.7453559924999278
G0,W0082F0001T0006Z000C1N16.png,3,0.5,0.5
G0,W0082F0001T0006Z000C1N16.png,4,0.32777738867854733,0.32777738867854733
G0,W0082F0001T0006Z000C1N16.png,5,1.0,1.0
G0,W0082F0001T0006Z000C1N16.png,6,6.800735254367722,6.800735254367722
G0,W0082F0001T0006Z000C1N16.png,7,0.5,0.5
G0,W0082F0001T0006Z000C1N16.png,8,0.5,0.5
G0,W0082F0001T0006Z000C1N16.png,9,0.5,0.5
G0,W0082F0001T0006Z000C1N16.png,10,17.95132307101624,17.95132307101624
G0,W0082F0001T0006Z000C1N16.png,11,0.47140452079103,0.47140452079103
G0,W0082F0001T0006Z000C1N16.png,12,3.605551275463989,3.605551275463989
G0,W0082F0001T0006Z000C1N16.png,13,9.264987857520373,9.264987857520373
G0,W0082F0001T0006Z000C1N16.png,14,0.5385164807134504,0.5385164807134504
G0,W0082F0001T0006Z000C1N16.png,15,0.7071067811865476,0.7071067811865476
G0,W0082F0001T0006Z000C1N16.png,16,0.7071067811865476,0.7071067811865476
G0,W0082F0001T0006Z000C1N16.png,17,1.8027756377319946,1.8027756377319946
G0,W0082F0001T0006Z000C1N16.png,18,1.5811388300841898,1.5811388300841898
G0,W0082F0001T0006Z000C1N16.png,19,0.6555547773570918,0.6555547773570918
G0,W0082F0001T0006Z000C1N16.png,20,4.346134936801768,4.346134936801768
G0,W0082F0001T0006Z000C1N16.png,21,2.8284271247461903,2.8284271247461903
G0,W0082F0001T0006Z000C1N16.png,22,0.5,0.5
G0,W0082F0001T0006Z000C1N16.png,23,7.433034373659253,7.433034373659253
G0,W0082F0001T0006Z000C1N16.png,24,0.4714045207910275,0.4714045207910275
G0,W0082F0001T0006Z000C1N16.png,25,3.7790541144577436,3.7790541144577436
G0,W0082F0001T0006Z000C1N16.png,26,13.957791537286191,13.957791537286191
G0,W0082F0001T0006Z000C1N16.png,27,4.77450713344811,4.77450713344811
G0,W0082F0001T0006Z000C1N16.png,28,0.37267799624996284,0.37267799624996284
G0,W0082F0001T0006Z000C1N16.png,29,0.23570226039551878,0.23570226039551878
G0,W0082F0001T0006Z000C1N16.png,30,0.4714045207910275,0.4714045207910275
G0,W0082F0001T0006Z000C1N16.png,31,1.1704974494441207,1.1704974494441207
G0,W0082F0001T0006Z000C1N16.png,32,0.6406487641463686,0.6406487641463686
G0,W0082F0001T0006Z000C1N16.png,33,0.25000000000000283,0.25000000000000283
G0,W0082F0001T0006Z000C1N16.png,34,2.529822128134708,2.529822128134708
G0,W0082F0001T0006Z000C1N16.png,35,4.6097722286464435,4.6097722286464435
G0,W0082F0001T0006Z000C1N16.png,36,0.5,0.5
G0,W0082F0001T0006Z000C1N16.png,37,6.426340448692397,6.426340448692397
G0,W0082F0001T0006Z000C1N16.png,38,6.8025170508530755,6.8025170508530755
G0,W0082F0001T0006Z000C1N16.png,39,1.218428455525631,1.218428455525631
G0,W0082F0001T0006Z000C1N16.png,40,0.24253562503633297,0.24253562503633297
G0,W0082F0001T0006Z000C1N16.png,41,0.25,0.25
G0,W0082F0001T0006Z000C1N16.png,42,0.7071067811865476,0.7071067811865476
G0,W0082F0001T0006Z000C1N16.png,43,0.35136418446316214,0.35136418446316214
G0,W0082F0001T0006Z000C1N16.png,44,11.938278408107294,11.938278408107294
G0,W0082F0001T0006Z000C1N16.png,45,0.47140452079103756,0.47140452079103756
G0,W0082F0001T0006Z000C1N16.png,46,16.401219466856727,16.401219466856727
G0,W0082F0001T0006Z000C1N16.png,47,0.7352720584926434,0.7352720584926434
G0,W0082F0001T0006Z000C1N16.png,48,0.47140452079104006,0.47140452079104006
G0,W0082F0001T0006Z000C1N16.png,49,2.5,2.5
G0,W0082F0001T0006Z000C1N17.png,1,12.133516482134196,12.525529485370622
G0,W0082F0001T0006Z000C1N17.png,2,5.733041827428207,5.733041827428207
G0,W0082F0001T0006Z000C1N17.png,3,5.215361924162119,5.215361924162119
G0,W0082F0001T0006Z000C1N17.png,4,0.4714045207910275,0.4714045207910275
G0,W0082F0001T0006Z000C1N17.png,5,2.5495097567963922,2.5495097567963922
G0,W0082F0001T0006Z000C1N17.png,6,11.91205629051558,12.325642997925677
G0,W0082F0001T0006Z000C1N17.png,7,0.5,0.5
G0,W0082F0001T0006Z000C1N17.png,8,4.529417732998359,4.529417732998359
G0,W0082F0001T0006Z000C1N17.png,9,1.2289036095775188,1.2289036095775188
G0,W0082F0001T0006Z000C1N17.png,10,6.4031242374328485,7.211102550927978
G0,W0082F0001T0006Z000C1N17.png,11,9.745052559258777,9.745052559258777
G0,W0082F0001T0006Z000C1N17.png,12,4.272001872658765,4.272001872658765
G0,W0082F0001T0006Z000C1N17.png,13,0.3513641844631565,0.3513641844631565
G0,W0082F0001T0006Z000C1N17.png,14,0.8975274678557538,0.8975274678557538
G0,W0082F0001T0006Z000C1N17.png,15,0.471404520791035,0.471404520791035
G0,W0082F0001T0006Z000C1N17.png,16,5.408326913195984,5.408326913195984
G0,W0082F0001T0006Z000C1N17.png,17,0.0,0.0
G0,W0082F0001T0006Z000C1N17.png,18,0.0,0.0
G0,W0082F0001T0006Z000C1N17.png,19,5.458937625582477,5.458937625582477
G0,W0082F0001T0006Z000C1N17.png,20,1.0,1.0
G0,W0082F0001T0006Z000C1N17.png,21,0.2857142857142918,0.2857142857142918
G0,W0082F0001T0006Z000C1N17.png,22,0.5,0.5
G0,W0082F0001T0006Z000C1N17.png,23,7.905694150420948,7.905694150420948
G0,W0082F0001T0006Z000C1N17.png,24,0.5,0.5
G0,W0082F0001T0006Z000C1N17.png,25,0.5,0.5
G0,W0082F0001T0006Z000C1N17.png,26,6.541416013126679,6.541416013126679
G0,W0082F0001T0006Z000C1N17.png,27,0.5,0.5
G0,W0082F0001T0006Z000C1N17.png,28,4.301162633521313,4.301162633521313
G0,W0082F0001T0006Z000C1N17.png,29,5.5901699437494745,5.5901699437494745
G0,W0082F0001T0006Z000C1N17.png,30,0.7071067811865476,0.7071067811865476
G0,W0082F0001T0006Z000C1N17.png,31,0.4853406592853715,0.4853406592853715
G0,W0082F0001T0006Z000C1N17.png,32,0.3277773886785479,0.3277773886785479
G0,W0082F0001T0006Z000C1N17.png,33,10.468765033293762,10.468765033293762
G0,W0082F0001T0006Z000C1N17.png,34,0.1767766952966369,0.1767766952966369
G0,W0082F0001T0006Z000C1N17.png,35,0.5,0.5
G0,W0082F0001T0006Z000C1N17.png,36,0.5,0.5
G0,W0082F0001T0006Z000C1N17.png,37,0.5,0.5
G0,W0082F0001T0006Z000C1N17.png,38,5.343739847293794,5.343739847293794
G0,W0082F0001T0006Z000C1N17.png,39,1.6706618781522227,1.6706618781522227
G0,W0082F0001T0006Z000C1N17.png,40,6.943985520667699,6.943985520667699
G0,W0082F0002T0006Z000C1N99.png,1,0.6009252125773316,0.6009252125773316
G0,W0082F0002T0006Z000C1N99.png,2,5.169354139756943,5.169354139756943
G0,W0082F0002T0006Z000C1N99.png,3,0.7071067811865476,0.7071067811865476
G0,W0082F0002T0006Z000C1N99.png,4,0.3719166512336549,0.3719166512336549
G0,W0082F0002T0006Z000C1N99.png,5,2.459459459459459,2.459459459459459
G0,W0082F0002T0006Z000C1N99.png,6,5.0,5.0
G0,W0082F0002T0006Z000C1N99.png,7,13.591173606425608,13.591173606425608
G0,W0082F0002T0006Z000C1N99.png,8,4.123105625617659,4.123105625617659
G0,W0082F0002T0006Z000C1N99.png,9,5.2704627669473005,5.2704627669473005
G0,W0082F0002T0006Z000C1N99.png,10,2.6138749873444396,2.6138749873444396
G0,W0082F0002T0006Z000C1N99.png,11,0.5547001962252331,0.5547001962252331
G0,W0082F0002T0006Z000C1N99.png,12,9.433981132056603,9.433981132056603
G0,W0082F0002T0006Z000C1N99.png,13,3.9315124473231364,3.9315124473231364
G0,W0082F0002T0006Z000C1N99.png,14,0.4865042554105204,0.4865042554105204
G0,W0082F0002T0006Z000C1N99.png,15,0.0,0.0
G0,W0082F0002T0006Z000C1N99.png,16,4.272001872658765,4.272001872658765
G0,W0082F0002T0006Z000C1N99.png,17,0.42426406871192446,0.42426406871192446
G0,W0082F0002T0006Z000C1N99.png,18,0.20000000000000284,0.20000000000000284
G0,W0082F0002T0006Z000C1N99.png,19,2.9154759474226504,2.9154759474226504
G0,W0082F0002T0006Z000C1N99.png,20,13.39179889999016,13.39179889999016
G0,W0082F0002T0006Z000C1N99.png,21,3.836954811073776,3.836954811073776
G0,W0082F0002T0006Z000C1N99.png,22,0.5758755534498959,0.5758755534498959
G0,W0082F0002T0006Z000C1N99.png,23,0.35136418446314976,0.35136418446314976
G0,W0082F0002T0006Z000C1N99.png,24,0.0,0.0
G0,W0082F0002T0006Z000C1N99.png,25,8.988882021697693,8.988882021697693
G0,W0082F0002T0006Z000C1N99.png,26,0.3225806451612868,0.3225806451612868
G0,W0082F0002T0006Z000C1N99.png,27,0.4472135954999579,0.4472135954999579
G0,W0082F0002T0006Z000C1N99.png,28,0.32635697593225155,0.32635697593225155
G0,W0082F0002T0006Z000C1N99.png,29,0.38465462908103826,0.38465462908103826
G0,W0082F0002T0006Z000C1N99.png,30,5.852349955359813,5.852349955359813
G0,W0082F0002T0006Z000C1N99.png,31,0.94280904158206,0.94280904158206
G0,W0082F0002T0006Z000C1N99.png,32,14.354420319749915,14.354420319749915
G0,W0082F0002T0006Z000C1N99.png,33,14.115594213493104,14.115594213493104
G0,W0082F0002T0006Z000C1N99.png,34,0.0,0.0
G0,W0082F0002T0006Z000C1N99.png,35,5.70937288811216,5.70937288811216
G0,W0082F0002T0006Z000C1N99.png,36,9.459904646367603,9.459904646367603
G0,W0082F0002T0006Z000C1N99.png,37,0.23570226039552256,0.23570226039552256
G0,W0082F0002T0006Z000C1N99.png,38,1.1715374513860026,1.1715374513860026
G0,W0082F0002T0006Z000C1N99.png,39,7.543945327950825,7.543945327950825
G0,W0082F0002T0006Z000C1N99.png,40,4.0,4.0
G0,W0082F0002T0006Z000C1N99.png,41,0.8838834764831844,0.8838834764831844
G0,W0082F0002T0006Z000C1N99.png,42,1.4142135623730951,1.4142135623730951
G0,W0082F0002T0006Z000C1N99.png,43,0.1767766952966369,0.1767766952966369
G0,W0082F0002T0006Z000C1N99.png,44,16.637307474468336,16.637307474468336
G0,W0082F0002T0006Z000C1N99.png,45,1.2000000000000028,1.2000000000000028
G0,W0082F0002T0006Z000C1N99.png,46,0.0,0.0
G0,W0082F0002T0006Z000C1N99.png,47,11.256171146925984,11.256171146925984
G0,W0082F0002T0006Z000C1N99.png,48,1.4856313781406154,1.4856313781406154
G0,W0082F0002T0006Z000C1N99.png,49,0.0,0.0
G0,W0082F0002T0006Z000C1N99.png,50,3.640054944640259,3.640054944640259
G0,W0082F0002T0006Z000C1N99.png,51,3.1622776601683795,3.1622776601683795
G0,W0082F0002T0006Z000C1N99.png,52,0.5,0.5
G0,W0082F0002T0006Z000C1N99.png,53,0.48650425541051145,0.48650425541051145
G0,W0082F0002T0006Z000C1N99.png,54,0.8498365855988067,0.8498365855988067
G0,W0082F0002T0006Z000C1N99.png,55,18.027756377319946,18.027756377319946
G0,W0082F0002T0006Z000C1N99.png,56,7.615773105863909,7.615773105863909
G0,W0082F0002T0006Z000C1N99.png,57,8.246211251235321,8.246211251235321
G0,W0082F0002T0006Z000C1N99.png,58,17.365554986812256,17.365554986812256
G0,W0082F0002T0006Z000C1N66.png,1,0.7071067811865476,0.7071067811865476
G0,W0082F0002T0006Z000C1N66.png,2,2.9154759474226504,2.9154759474226504
G0,W0082F0002T0006Z000C1N66.png,3,0.33333333333333215,0.33333333333333215
G0,W0082F0002T0006Z000C1N66.png,4,0.5,0.5
G0,W0082F0002T0006Z000C1N66.png,5,0.2857142857142847,0.2857142857142847
G0,W0082F0002T0006Z000C1N66.png,6,10.547511554864494,10.547511554864494
G0,W0082F0002T0006Z000C1N66.png,7,0.5231334811052061,0.5231334811052061
G0,W0082F0002T0006Z000C1N66.png,8,0.3922322702763708,0.3922322702763708
G0,W0082F0002T0006Z000C1N66.png,9,3.5355339059327378,3.5355339059327378
G0,W0082F0002T0006Z000C1N66.png,10,7.074995092263703,7.074995092263703
G0,W0082F0002T0006Z000C1N66.png,11,0.4065578140908665,0.4065578140908665
G0,W0082F0002T0006Z000C1N66.png,12,0.17179606773406633,0.17179606773406633
G0,W0082F0002T0006Z000C1N66.png,13,5.0,5.0
G0,W0082F0002T0006Z000C1N66.png,14,0.47140452079103,0.47140452079103
G0,W0082F0002T0006Z000C1N66.png,15,0.5,0.5
G0,W0082F0002T0006Z000C1N66.png,16,0.25,0.25
G0,W0082F0002T0006Z000C1N66.png,17,0.5,0.5
G0,W0082F0002T0006Z000C1N66.png,18,1.4142135623730951,1.4142135623730951
G0,W0082F0002T0006Z000C1N66.png,19,0.5,0.5
G0,W0082F0002T0006Z000C1N66.png,20,1.3743685418725546,1.3743685418725546
G0,W0082F0002T0006Z000C1N66.png,21,0.5,0.5
G0,W0082F0002T0006Z000C1N66.png,22,0.5676462121975426,0.5676462121975426
G0,W0082F0002T0006Z000C1N66.png,23,0.5,0.5
G0,W0082F0002T0006Z000C1N66.png,24,0.4472135954999579,0.4472135954999579
G0,W0082F0002T0006Z000C1N66.png,25,3.605551275463989,3.605551275463989
G0,W0082F0002T0006Z000C1N66.png,26,0.7071067811865476,0.7071067811865476
G0,W0082F0002T0006Z000C1N66.png,27,0.45069390943299864,0.45069390943299864
G0,W0082F0002T0006Z000C1N66.png,28,0.29411764705882604,0.29411764705882604
G0,W0082F0002T0006Z000C1N66.png,29,0.0,0.0
G0,W0082F0002T0006Z000C1N66.png,30,0.5656854249492423,0.5656854249492423
G0,W0082F0002T0006Z000C1N66.png,31,0.42824175819296867,0.42824175819296867
G0,W0082F0002T0006Z000C1N66.png,32,0.4853406592853715,0.4853406592853715
G0,W0082F0002T0006Z000C1N66.png,33,4.599676596608551,4.599676596608551
G0,W0082F0002T0006Z000C1N66.png,34,0.0,0.0
G0,W0082F0002T0006Z000C1N66.png,35,0.20000000000000284,0.20000000000000284
G0,W0082F0002T0006Z000C1N66.png,36,0.3076923076923066,0.3076923076923066
G0,W0082F0002T0006Z000C1N66.png,37,0.26836944808382446,0.26836944808382446
G0,W0082F0002T0006Z000C1N66.png,38,0.5,0.5
G0,W0082F0002T0006Z000C1N66.png,39,0.5,0.5
G0,W0082F0002T0006Z000C1N66.png,40,1.5908690070307079,1.5908690070307079
G0,W0082F0002T0006Z000C1N66.png,41,5.75,5.75
G0,W0082F0002T0006Z000C1N66.png,42,0.4472135954999643,0.4472135954999643
G0,W0082F0002T0006Z000C1N66.png,43,0.47140452079102496,0.47140452079102496
G0,W0082F0002T0006Z000C1N66.png,44,0.3811812499312479,0.3811812499312479
G0,W0082F0002T0006Z000C1N66.png,45,0.4055175020198793,0.4055175020198793
G0,W0082F0002T0006Z000C1N66.png,46,0.5471587667664528,0.5471587667664528
G0,W0082F0002T0006Z000C1N66.png,47,0.31240998703626177,0.31240998703626177
G0,W0082F0002T0006Z000C1N66.png,48,0.5150787536377162,0.5150787536377162
G0,W0082F0002T0006Z000C1N66.png,49,0.5,0.5
G0,W0082F0002T0006Z000C1N66.png,50,0.40406101782089293,0.40406101782089293
G0,W0082F0002T0006Z000C1N66.png,51,0.3748277841470569,0.3748277841470569
G0,W0082F0002T0006Z000C1N66.png,52,0.2357022603955194,0.2357022603955194
G0,W0082F0002T0006Z000C1N66.png,53,0.7120003121097986,0.7120003121097986
G0,W0082F0002T0006Z000C1N66.png,54,0.14142135623730148,0.14142135623730148
G0,W0082F0002T0006Z000C1N66.png,55,0.2857142857142918,0.2857142857142918
G0,W0082F0002T0006Z000C1N66.png,56,3.605551275463989,3.605551275463989
G0,W0082F0002T0006Z000C1N66.png,57,1.8856180831641352,1.8856180831641352
G0,W0082F0002T0006Z000C1N66.png,58,0.3199999999999932,0.3199999999999932
G0,W0082F0002T0006Z000C1N66.png,59,0.5,0.5
G0,W0082F0002T0006Z000C1N66.png,60,0.375,0.375
G0,W0082F0002T0006Z000C1N66.png,61,0.5695438220973454,0.5695438220973454
G0,W0082F0002T0006Z000C1N66.png,62,0.5,0.5
G0,W0082F0002T0006Z000C1N66.png,63,0.471404520791035,0.471404520791035
G0,W0082F0002T0006Z000C1N66.png,64,6.363961030678928,6.363961030678928
G0,W0082F0002T0006Z000C1N66.png,65,0.0,0.0
G0,W0082F0002T0006Z000C1N66.png,66,0.0,0.0
G0,W0082F0003T0006Z000C1N74.png,1,0.5,0.5
G0,W0082F0003T0006Z000C1N74.png,2,9.893881386437217,9.893881386437217
G0,W0082F0003T0006Z000C1N74.png,3,15.890248582070704,15.890248582070704
G0,W0082F0003T0006Z000C1N74.png,4,0.7071067811865476,0.7071067811865476
G0,W0082F0003T0006Z000C1N74.png,5,10.116604124524475,10.116604124524475
G0,W0082F0003T0006Z000C1N74.png,6,7.0632067001390215,7.0632067001390215
G0,W0082F0003T0006Z000C1N74.png,7,0.21700555924304094,0.21700555924304094
G0,W0082F0003T0006Z000C1N74.png,8,4.085339643163096,4.085339643163096
G0,W0082F0003T0006Z000C1N74.png,9,1.3743685418725529,1.3743685418725529
G0,W0082F0003T0006Z000C1N74.png,10,0.9082101513484343,0.9082101513484343
G0,W0082F0003T0006Z000C1N74.png,11,11.510864433221338,11.510864433221338
G0,W0082F0003T0006Z000C1N74.png,12,0.8838834764831844,0.8838834764831844
G0,W0082F0003T0006Z000C1N74.png,13,0.5150787536377178,0.5150787536377178
G0,W0082F0003T0006Z000C1N74.png,14,0.2857142857142847,0.2857142857142847
G0,W0082F0003T0006Z000C1N74.png,15,0.0,0.0
G0,W0082F0003T0006Z000C1N74.png,16,3.4318767136623323,3.4318767136623323
G0,W0082F0003T0006Z000C1N74.png,17,6.574360974438672,6.574360974438672
G0,W0082F0003T0006Z000C1N74.png,18,0.25,0.25
G0,W0082F0003T0006Z000C1N74.png,19,0.5,0.5
G0,W0082F0003T0006Z000C1N74.png,20,0.23570226039552256,0.23570226039552256
G0,W0082F0003T0006Z000C1N74.png,21,8.139410298049853,8.200609733428363
G0,W0082F0003T0006Z000C1N74.png,22,0.5,0.5
G0,W0082F0003T0006Z000C1N74.png,23,3.1841621957571373,3.1841621957571373
G0,W0082F0003T0006Z000C1N74.png,24,0.6324555320336713,0.6324555320336713
G0,W0082F0003T0006Z000C1N74.png,25,0.0,0.0
G0,W0082F0003T0006Z000C1N74.png,26,4.272001872658765,4.272001872658765
G0,W0082F0003T0006Z000C1N74.png,27,9.336234756541355,11.267581057064854
G0,W0082F0003T0006Z000C1N74.png,28,2.0615528128088303,2.0615528128088303
G0,W0082F0003T0006Z000C1N74.png,29,0.1767766952966369,0.1767766952966369
G0,W0082F0003T0006Z000C1N74.png,30,0.3649583386769224,0.3649583386769224
G0,W0082F0003T0006Z000C1N74.png,31,0.5,0.5
G0,W0082F0003T0006Z000C1N74.png,32,0.5,0.5
G0,W0082F0003T0006Z000C1N48.png,1,0.1428571428571428,0.1428571428571428
G0,W0082F0003T0006Z000C1N48.png,2,0.39528470752104744,0.39528470752104744
G0,W0082F0003T0006Z000C1N48.png,3,0.47140452079103,0.47140452079103
G0,W0082F0003T0006Z000C1N48.png,4,0.0,0.0
G0,W0082F0003T0006Z000C1N48.png,5,0.3513641844631565,0.3513641844631565
G0,W0082F0003T0006Z000C1N48.png,6,1.5960954423708584,1.5960954423708584
G0,W0082F0003T0006Z000C1N48.png,7,0.471404520791035,0.471404520791035
G0,W0082F0003T0006Z000C1N48.png,8,0.2857142857142847,0.2857142857142847
G0,W0082F0003T0006Z000C1N48.png,9,0.3367175148507327,0.3367175148507327
G0,W0082F0003T0006Z000C1N48.png,10,0.7071067811865476,0.7071067811865476
G0,W0082F0003T0006Z000C1N48.png,11,0.4742504557822664,0.4742504557822664
G0,W0082F0003T0006Z000C1N48.png,12,0.31868871959954903,0.31868871959954903
G0,W0082F0003T0006Z000C1N48.png,13,0.375,0.375
G0,W0082F0003T0006Z000C1N48.png,14,0.3748277841470569,0.3748277841470569
G0,W0082F0003T0006Z000C1N48.png,15,0.5385164807134515,0.5385164807134515
G0,W0082F0003T0006Z000C1N48.png,16,0.44444444444444287,0.44444444444444287
G0,W0082F0003T0006Z000C1N48.png,17,0.5821022034029872,0.5821022034029872
G0,W0082F0003T0006Z000C1N48.png,18,0.5882352941176492,0.5882352941176492
G0,W0082F0003T0006Z000C1N48.png,19,0.35136418446314976,0.35136418446314976
G0,W0082F0003T0006Z000C1N48.png,20,0.5,0.5
G0,W0082F0003T0006Z000C1N48.png,21,0.4282417581929755,0.4282417581929755
G0,W0082F0003T0006Z000C1N48.png,22,1.041454799390524,1.041454799390524
G0,W0082F0003T0006Z000C1N48.png,23,0.46022337571613153,0.46022337571613153
G0,W0082F0003T0006Z000C1N48.png,24,7.356864603220827,7.356864603220827
G0,W0082F0002T0006Z000C1N164.png,1,0.47031973060829557,0.47031973060829557
G0,W0082F0002T0006Z000C1N164.png,2,0.43401111848607066,0.43401111848607066
G0,W0082F0002T0006Z000C1N164.png,3,0.44721359549996276,0.44721359549996276
G0,W0082F0002T0006Z000C1N164.png,4,0.44721359549996276,0.44721359549996276
G0,W0082F0002T0006Z000C1N164.png,5,0.7453559924999352,0.7453559924999352
G0,W0082F0002T0006Z000C1N164.png,6,0.4282417581929667,0.4282417581929667
G0,W0082F0002T0006Z000C1N164.png,7,0.0,0.0
G0,W0082F0002T0006Z000C1N164.png,8,8.771475104576433,9.588470968314194
G0,W0082F0002T0006Z000C1N164.png,9,8.5,8.5
G0,W0082F0002T0006Z000C1N164.png,10,0.18741389207353537,0.18741389207353537
G0,W0082F0002T0006Z000C1N164.png,11,0.6000923289995478,0.6000923289995478
G0,W0082F0002T0006Z000C1N164.png,12,0.2857142857142847,0.2857142857142847
G0,W0082F0002T0006Z000C1N164.png,13,0.42824175819297355,0.42824175819297355
G0,W0082F0002T0006Z000C1N164.png,14,4.0,4.0
G0,W0082F0002T0006Z000C1N164.png,15,0.3720326659021632,0.3720326659021632
G0,W0082F0002T0006Z000C1N164.png,16,0.0,0.0
G0,W0082F0002T0006Z000C1N164.png,17,0.5,0.5
G0,W0082F0002T0006Z000C1N164.png,18,4.714045207910315,7.453559924999304
G0,W0082F0002T0006Z000C1N164.png,19,0.5038911092686593,0.5038911092686593
G0,W0082F0002T0006Z000C1N164.png,20,9.219544457292887,9.219544457292887
G0,W0082F0002T0006Z000C1N164.png,21,0.3535533905932738,0.3535533905932738
G0,W0082F0002T0006Z000C1N164.png,22,0.12856486930664865,0.12856486930664865
G0,W0082F0002T0006Z000C1N164.png,23,0.5,0.5
G0,W0082F0002T0006Z000C1N164.png,24,6.5,6.5
G0,W0082F0002T0006Z000C1N164.png,25,0.5,0.5
G0,W0082F0002T0006Z000C1N164.png,26,0.5,0.5
G0,W0082F0002T0006Z000C1N164.png,27,15.652475842498527,16.876018487783185
G0,W0082F0002T0006Z000C1N164.png,28,0.47140452079102496,0.47140452079102496
G0,W0082F0002T0006Z000C1N164.png,29,0.5,0.5
G0,W0082F0002T0006Z000C1N164.png,30,0.37191665123365664,0.37191665123365664
G0,W0082F0002T0006Z000C1N164.png,31,0.3214285714285694,0.3214285714285694
G0,W0082F0002T0006Z000C1N164.png,32,0.3644344934278313,0.3644344934278313
G0,W0082F0002T0006Z000C1N164.png,33,0.5,0.5
G0,W0082F0002T0006Z000C1N164.png,34,0.5,0.5
G0,W0082F0002T0006Z000C1N164.png,35,7.211102550927978,7.280109889280518
G0,W0082F0002T0006Z000C1N164.png,36,0.483321838943782,0.483321838943782
G0,W0082F0002T0006Z000C1N164.png,37,0.5099019513592773,0.5099019513592773
G0,W0082F0002T0006Z000C1N164.png,38,0.5,0.5
G0,W0082F0002T0006Z000C1N164.png,39,0.2857142857142776,0.2857142857142776
G0,W0082F0002T0006Z000C1N158.png,1,64.67010300148146,89.70631093865259
G0,W0082F0002T0006Z000C1N158.png,2,33.68171280944272,38.48537961933654
G0,W0082F0002T0006Z000C1N158.png,3,59.37394467375778,71.21181397057367
G0,W0082F0002T0006Z000C1N158.png,4,7.0,7.0
G0,W0082F0002T0006Z000C1N158.png,5,19.072435935139485,19.072435935139485
G0,W0082F0002T0006Z000C1N158.png,6,37.45218039482523,37.45218039482523
G0,W0082F0002T0006Z000C1N158.png,7,0.44790320823880514,0.44790320823880514
G0,W0082F0002T0006Z000C1N158.png,8,7.918590886808909,7.918590886808909
G0,W0082F0002T0006Z000C1N158.png,9,2.5,7.158910531638177
G0,W0082F0002T0006Z000C1N158.png,10,12.529964086141668,12.529964086141668
G0,W0082F0002T0006Z000C1N158.png,11,10.82042663914234,10.82042663914234
G0,W0082F0002T0006Z000C1N158.png,12,14.326548781894402,14.326548781894402
G0,W0082F0002T0006Z000C1N158.png,13,0.7071067811865476,0.7071067811865476
G0,W0082F0002T0006Z000C1N158.png,14,44.517301394590284,49.543595965922464
G0,W0082F0002T0006Z000C1N158.png,15,20.699995070491376,79.03564166286768
G0,W0082F0002T0006Z000C1N158.png,16,22.74774374152656,22.74774374152656
G0,W0082F0002T0006Z000C1N158.png,17,15.391195174153596,87.39501638473952
G0,W0082F0002T0006Z000C1N158.png,18,23.345235059857504,72.12489168102785
G0,W0082F0002T0006Z000C1N158.png,19,5.1478150704935,16.32482771731451
G0,W0082F0002T0006Z000C1N158.png,20,1.0878565864408432,94.67205932358316
G0,W0082F0002T0006Z000C1N158.png,21,28.77933286231632,29.004310024546353
G0,W0082F0002T0006Z000C1N158.png,22,19.300259065618782,82.62263612352247
G0,W0082F0002T0006Z000C1N158.png,23,19.00657780874821,37.80542289143186
G0,W0082F0002T0006Z000C1N158.png,24,24.475114912906946,82.61677341799303
G0,W0082F0002T0006Z000C1N158.png,25,9.489760563657843,9.489760563657843
G0,W0082F0002T0006Z000C1N158.png,26,47.24669300596604,49.73178058344583
G0,W0082F0002T0006Z000C1N158.png,27,0.14293910806146776,0.14293910806146776
G0,W0082F0002T0006Z000C1N158.png,28,31.50396800404673,85.03234678638476
G0,W0082F0002T0006Z000C1N158.png,29,0.5471587667664528,0.5471587667664528
G0,W0082F0002T0006Z000C1N158.png,30,0.5758755534498994,0.5758755534498994
G0,W0082F0002T0006Z000C1N158.png,31,29.312454690796546,29.312454690796546
G0,W0082F0002T0006Z000C1N158.png,32,15.402420845478634,15.402420845478634
G0,W0082F0002T0006Z000C1N158.png,33,29.613152069818636,29.613152069818636
G0,W0082F0002T0006Z000C1N1.png,1,5.0,5.0
G0,W0082F0002T0006Z000C1N1.png,2,0.2670778722565915,0.2670778722565915
G0,W0082F0002T0006Z000C1N1.png,3,0.4472135954999563,0.4472135954999563
G0,W0082F0002T0006Z000C1N1.png,4,26.361691438718488,26.361691438718488
G0,W0082F0002T0006Z000C1N1.png,5,0.23570226039551376,0.23570226039551376
G0,W0082F0002T0006Z000C1N1.png,6,12.465240560142533,12.465240560142533
G0,W0082F0002T0006Z000C1N1.png,7,25.95380511601334,25.95380511601334
G0,W0082F0002T0006Z000C1N1.png,8,17.631439954190437,17.631439954190437
G0,W0082F0002T0006Z000C1N1.png,9,0.5,0.5
G0,W0082F0002T0006Z000C1N1.png,10,0.2857142857142865,0.2857142857142865
G0,W0082F0002T0006Z000C1N1.png,11,1.0,1.0
G0,W0082F0002T0006Z000C1N1.png,12,0.5,0.5
G0,W0082F0002T0006Z000C1N1.png,13,0.5,0.5
G0,W0082F0002T0006Z000C1N1.png,14,0.8820777882306055,0.8820777882306055
G0,W0082F0002T0006Z000C1N1.png,15,3.0,3.0
G0,W0082F0002T0006Z000C1N1.png,16,0.7071067811865476,0.7071067811865476
G0,W0082F0002T0006Z000C1N1.png,17,12.005142930849402,12.005142930849402
G0,W0082F0002T0006Z000C1N1.png,18,7.0,7.0
G0,W0082F0002T0006Z000C1N1.png,19,0.2857142857142847,0.2857142857142847
G0,W0082F0002T0006Z000C1N1.png,20,0.2857142857142918,0.2857142857142918
G0,W0082F0002T0006Z000C1N1.png,21,0.5555555555555515,0.5555555555555515
G0,W0082F0002T0006Z000C1N1.png,22,7.433034373659253,7.433034373659253
G0,W0082F0002T0006Z000C1N1.png,23,0.3513641844631565,0.3513641844631565
G0,W0082F0002T0006Z000C1N1.png,24,0.18633899812497823,0.18633899812497823
G0,W0082F0002T0006Z000C1N1.png,25,0.23570226039551248,0.23570226039551248
G0,W0082F0002T0006Z000C1N1.png,26,0.7071067811865476,0.7071067811865476
G0,W0082F0002T0006Z000C1N1.png,27,2.9154759474226504,2.9154759474226504
G0,W0082F0002T0006Z000C1N1.png,28,0.0,0.0
G0,W0082F0002T0006Z000C1N1.png,29,0.47140452079102496,0.47140452079102496
G0,W0082F0002T0006Z000C1N1.png,30,0.0,0.0
G0,W0082F0002T0006Z000C1N1.png,31,3.905124837953327,3.905124837953327
G0,W0082F0002T0006Z000C1N1.png,32,7.433034373659253,7.433034373659253
G0,W0082F0002T0006Z000C1N1.png,33,0.05656854249492762,0.05656854249492762
G0,W0082F0002T0006Z000C1N1.png,34,7.0710678118654755,7.0710678118654755
G0,W0082F0002T0006Z000C1N1.png,35,7.0710678118654755,7.0710678118654755
G0,W0082F0002T0006Z000C1N1.png,36,3.5355339059327378,3.5355339059327378
G0,W0082F0002T0006Z000C1N1.png,37,0.5,0.5
G0,W0082F0002T0006Z000C1N1.png,38,12.353419724096891,12.353419724096891
G0,W0082F0002T0006Z000C1N1.png,39,0.5,0.5
G0,W0082F0002T0006Z000C1N1.png,40,0.0,0.0
G0,W0082F0002T0006Z000C1N1.png,41,6.5115282384398885,6.5115282384398885
G0,W0082F0002T0006Z000C1N1.png,42,12.968532125293303,12.968532125293303
G0,W0082F0002T0006Z000C1N1.png,43,5.287644435234791,5.354761375426095
G0,W0082F0002T0006Z000C1N1.png,44,0.25,0.25
G0,W0082F0002T0006Z000C1N1.png,45,9.848857801796104,9.848857801796104
G0,W0082F0002T0006Z000C1N1.png,46,10.347561169699109,10.347561169699109
G0,W0082F0002T0006Z000C1N1.png,47,0.0,0.0
G0,W0082F0002T0006Z000C1N1.png,48,0.0,0.0
G0,W0082F0002T0006Z000C1N1.png,49,9.139557434964535,9.139557434964535
G0,W0082F0002T0006Z000C1N1.png,50,7.0,7.0
G0,W0082F0002T0006Z000C1N1.png,51,12.971121771072847,13.46291201783626
G0,W0082F0002T0006Z000C1N160.png,1,8.601138984851644,8.601138984851644
G0,W0082F0002T0006Z000C1N160.png,2,8.94427190999916,11.313708498984761
G0,W0082F0002T0006Z000C1N160.png,3,0.4816637831516916,0.4816637831516916
G0,W0082F0002T0006Z000C1N160.png,4,41.82775662750508,41.82775662750508
G0,W0082F0002T0006Z000C1N160.png,5,0.5,0.5
G0,W0082F0002T0006Z000C1N160.png,6,4.637651614772287,4.637651614772287
G0,W0082F0002T0006Z000C1N160.png,7,7.520342781785654,7.520342781785654
G0,W0082F0002T0006Z000C1N160.png,8,33.95585369269929,33.95585369269929
G0,W0082F0002T0006Z000C1N160.png,9,9.267625849638558,9.267625849638558
G0,W0082F0002T0006Z000C1N160.png,10,4.242640687119285,5.0
G0,W0082F0002T0006Z000C1N160.png,11,0.5,0.5
G0,W0082F0002T0006Z000C1N160.png,12,0.7071067811865476,0.7071067811865476
G0,W0082F0002T0006Z000C1N160.png,13,0.1767766952966369,0.1767766952966369
G0,W0082F0002T0006Z000C1N160.png,14,0.4472135954999643,0.6324555320336713
G0,W0082F0002T0006Z000C1N160.png,15,2.354650440771379,29.849722229189393
G0,W0082F0002T0006Z000C1N160.png,16,0.786165094338053,1.6180406532456346
G0,W0082F0002T0006Z000C1N160.png,17,0.4282417581929667,0.4282417581929667
G0,W0082F0002T0006Z000C1N160.png,18,1.4142135623730951,24.0
G0,W0082F0002T0006Z000C1N160.png,19,0.7071067811865476,5.70087712549569
G0,W0082F0002T0006Z000C1N160.png,20,2.5495097567963922,34.12477106150311
G0,W0082F0002T0006Z000C1N160.png,21,7.5,11.236102527122116
G0,W0082F0002T0006Z000C1N160.png,22,30.10999639183056,60.4395997343578
G0,W0082F0002T0006Z000C1N160.png,23,8.246211251235321,9.848857801796104
G0,W0082F0002T0006Z000C1N160.png,24,4.123105625617661,7.615773105863909
G0,W0082F0002T0006Z000C1N160.png,25,0.1767766952966369,0.1767766952966369
G0,W0082F0002T0006Z000C1N160.png,26,0.31868871959954903,0.9882117688026185
G0,W0082F0002T0006Z000C1N160.png,27,1.118033988749895,13.238202294873727
G0,W0082F0002T0006Z000C1N160.png,28,2.1213203435596424,34.007352146263905
G0,W0082F0002T0006Z000C1N160.png,29,8.5,31.894356867634123
G0,W0082F0002T0006Z000C1N160.png,30,28.77933286231632,53.44389581607987
G0,W0082F0002T0006Z000C1N160.png,31,5.0990195135927845,9.433981132056603
G0,W0082F0002T0006Z000C1N160.png,32,0.7071067811865476,4.949747468305833
G0,W0082F0002T0006Z000C1N160.png,33,7.433034373659253,16.62077013859466
G0,W0082F0002T0006Z000C1N160.png,34,1.118033988749895,1.118033988749895
G0,W0082F0002T0006Z000C1N160.png,35,1.040015698468647,9.339405216389236
G0,W0082F0002T0006Z000C1N160.png,36,13.0862523283024,14.773286702694158
G0,W0082F0002T0006Z000C1N160.png,37,17.268475760820383,24.5252108938487
G0,W0082F0002T0006Z000C1N160.png,38,10.314765186531288,34.855103669635234
G0,W0082F0002T0006Z000C1N160.png,39,10.73416145873642,34.35921354681384
G0,W0082F0002T0006Z000C1N160.png,40,12.621246292984129,12.621246292984129
G0,W0082F0002T0006Z000C1N160.png,41,14.424371736751656,40.59017738320443
G0,W0082F0002T0006Z000C1N160.png,42,12.206555615733702,43.32435804486894
G0,W0082F0002T0006Z000C1N160.png,43,38.82241038571608,55.40951209779397
G0,W0082F0002T0006Z000C1N160.png,44,18.961950204437194,18.961950204437194
G0,W0082F0002T0006Z000C1N160.png,45,16.688319268278637,33.354160160315836
G0,W0082F0002T0006Z000C1N160.png,46,0.94339811320567,37.52985478255943
G0,W0082F0002T0006Z000C1N160.png,47,32.821266818262146,59.50492043146983
G0,W0082F0002T0006Z000C1N160.png,48,18.386124843937598,33.65404940452655
G0,W0082F0002T0006Z000C1N160.png,49,16.51635926761071,37.18289796713763
G0,W0082F0002T0006Z000C1N160.png,50,17.5328263551545,18.439088914585785
G0,W0082F0002T0006Z000C1N160.png,51,12.720062892926263,13.682105101189643
G0,W0082F0002T0006Z000C1N160.png,52,17.006943026632122,39.64302516766908
G0,W0082F0002T0006Z000C1N160.png,53,25.298221281347036,32.55764119219941
G0,W0082F0002T0006Z000C1N160.png,54,0.48650425541052716,0.48650425541052716
G0,W0082F0002T0006Z000C1N160.png,55,7.158910531638177,8.0156097709407
G0,W0082F0002T0006Z000C1N160.png,56,19.78004044485248,35.00357124637428
G0,W0082F0002T0006Z000C1N148.png,1,1.118033988749895,8.73212459828649
G0,W0082F0002T0006Z000C1N148.png,2,0.5,0.5
G0,W0082F0002T0006Z000C1N148.png,3,13.416407864998739,45.17742799230607
G0,W0082F0002T0006Z000C1N148.png,4,3.1622776601683795,5.0
G0,W0082F0002T0006Z000C1N148.png,5,1.692394023525309,32.76138950007018
G0,W0082F0002T0006Z000C1N148.png,6,3.72677996249964,31.057294723712747
G0,W0082F0002T0006Z000C1N148.png,7,10.51189802081432,15.890248582070704
G0,W0082F0002T0006Z000C1N148.png,8,0.0,5.656854249492381
G0,W0082F0002T0006Z000C1N148.png,9,9.023275521327419,25.897057677888462
G0,W0082F0002T0006Z000C1N148.png,10,0.1999999999999993,0.1999999999999993
G0,W0082F0002T0006Z000C1N148.png,11,0.4282417581929719,0.4282417581929719
G0,W0082F0002T0006Z000C1N148.png,12,4.857668038834084,4.857668038834084
G0,W0082F0002T0006Z000C1N148.png,13,4.47213595499958,5.385164807134504
G0,W0082F0002T0006Z000C1N148.png,14,0.75,0.75
G0,W0082F0002T0006Z000C1N148.png,15,0.3726779962499692,0.3726779962499692
G0,W0082F0002T0006Z000C1N148.png,16,7.615773105863909,24.73863375370596
G0,W0082F0002T0006Z000C1N148.png,17,6.670832032063167,25.739075352467502
G0,W0082F0002T0006Z000C1N148.png,18,2.7091993741421447,2.7091993741421447
G0,W0082F0002T0006Z000C1N148.png,19,0.5,0.5
G0,W0082F0002T0006Z000C1N148.png,20,11.172353718143093,40.27951923026747
G0,W0082F0002T0006Z000C1N148.png,21,11.80677771451635,11.882760622010355
G0,W0082F0002T0006Z000C1N148.png,22,4.924428900898052,17.755280904564703
G0,W0082F0002T0006Z000C1N148.png,23,4.219004621945799,4.81663783151692
G0,W0082F0002T0006Z000C1N148.png,24,0.1767766952966369,0.1767766952966369
G0,W0082F0002T0006Z000C1N148.png,25,0.44721359549995954,0.44721359549995954
G0,W0082F0002T0006Z000C1N148.png,26,13.79607308813132,20.72031931831798
G0,W0082F0002T0006Z000C1N148.png,27,0.4472135954999643,0.4472135954999643
G0,W0082F0002T0006Z000C1N148.png,28,9.168560410446124,19.080421903092184
G0,W0082F0002T0006Z000C1N148.png,29,7.566372975210778,14.221462653327892
G0,W0082F0002T0006Z000C1N148.png,30,0.0,1.4142135623730951
G0,W0082F0002T0006Z000C1N148.png,31,2.357022603955153,9.689627902499092
G0,W0082F0002T0006Z000C1N148.png,32,0.7142857142857082,12.378388012819691
G0,W0082F0002T0006Z000C1N148.png,33,11.03611880904455,22.011592493084926
G0,W0082F0002T0006Z000C1N148.png,34,8.514693182963201,8.514693182963201
G0,W0082F0002T0006Z000C1N148.png,35,0.35780956060578395,0.35780956060578395
G0,W0082F0002T0006Z000C1N148.png,36,46.01086828130935,50.08193287004804
G0,W0082F0002T0006Z000C1N148.png,37,1.0400156984686433,1.0400156984686433
G0,W0082F0002T0006Z000C1N148.png,38,30.493482910287558,35.39706908770837
G0,W0082F0002T0006Z000C1N76.png,1,19.026297590440446,19.026297590440446
G0,W0082F0002T0006Z000C1N76.png,2,11.236102527122116,11.236102527122116
G0,W0082F0002T0006Z000C1N76.png,3,10.816653826391969,10.816653826391969
G0,W0082F0002T0006Z000C1N76.png,4,8.586362651482087,8.586362651482087
G0,W0082F0002T0006Z000C1N76.png,5,0.4285714285714306,0.4285714285714306
G0,W0082F0002T0006Z000C1N76.png,6,0.5,0.5
G0,W0082F0002T0006Z000C1N76.png,7,0.471404520791035,0.471404520791035
G0,W0082F0002T0006Z000C1N76.png,8,8.139410298049853,8.139410298049853
G0,W0082F0002T0006Z000C1N76.png,9,0.5,0.5
G0,W0082F0002T0006Z000C1N76.png,10,0.7071067811865476,0.7071067811865476
G0,W0082F0002T0006Z000C1N76.png,11,12.41933975700802,12.41933975700802
G0,W0082F0002T0006Z000C1N76.png,12,0.0,0.0
G0,W0082F0002T0006Z000C1N76.png,13,0.5,0.5
G0,W0082F0002T0006Z000C1N76.png,14,0.2571297386132923,0.2571297386132923
G0,W0082F0002T0006Z000C1N76.png,15,0.3748277841470569,0.3748277841470569
G0,W0082F0002T0006Z000C1N76.png,16,6.18465843842649,6.18465843842649
G0,W0082F0002T0006Z000C1N76.png,17,0.4055175020198863,0.4055175020198863
G0,W0082F0002T0006Z000C1N76.png,18,0.35934973411004656,0.35934973411004656
G0,W0082F0002T0006Z000C1N76.png,19,0.29978960509885594,0.29978960509885594
G0,W0082F0002T0006Z000C1N76.png,20,0.4282417581929755,0.4282417581929755
G0,W0082F0002T0006Z000C1N76.png,21,0.7071067811865476,0.7071067811865476
G0,W0082F0002T0006Z000C1N76.png,22,0.612825877028338,0.612825877028338
G0,W0082F0002T0006Z000C1N76.png,23,6.103277807866851,6.103277807866851
G0,W0082F0002T0006Z000C1N76.png,24,0.3194382824999736,0.3194382824999736
G0,W0082F0002T0006Z000C1N76.png,25,13.452880732393337,13.452880732393337
G0,W0082F0002T0006Z000C1N76.png,26,0.5385164807134515,0.5385164807134515
G0,W0082F0002T0006Z000C1N76.png,27,0.41666666666667423,0.41666666666667423
G0,W0082F0002T0006Z000C1N76.png,28,5.08811250749124,5.08811250749124
G0,W0082F0002T0006Z000C1N76.png,29,10.977249200050075,13.729530217745982
G0,W0082F0002T0006Z000C1N76.png,30,0.6403124237432885,0.6403124237432885
G0,W0082F0002T0006Z000C1N76.png,31,11.827415402447004,11.827415402447004
G0,W0082F0002T0006Z000C1N76.png,32,12.516927314151635,12.516927314151635
G0,W0082F0002T0006Z000C1N89.png,1,4.75,4.75
G0,W0082F0002T0006Z000C1N89.png,2,0.7071067811865476,0.7071067811865476
G0,W0082F0002T0006Z000C1N89.png,3,5.297405025104273,5.297405025104273
G0,W0082F0002T0006Z000C1N89.png,4,0.7453559924999343,0.7453559924999343
G0,W0082F0002T0006Z000C1N89.png,5,0.2857142857142918,0.2857142857142918
G0,W0082F0002T0006Z000C1N89.png,6,0.7071067811865476,0.7071067811865476
G0,W0082F0002T0006Z000C1N89.png,7,1.2649110640673529,1.2649110640673529
G0,W0082F0002T0006Z000C1N89.png,8,0.1767766952966369,0.1767766952966369
G0,W0082F0002T0006Z000C1N89.png,9,0.0,0.0
G0,W0082F0002T0006Z000C1N89.png,10,9.013878188659973,9.013878188659973
G0,W0082F0002T0006Z000C1N89.png,11,0.7071067811865476,0.7071067811865476
G0,W0082F0002T0006Z000C1N89.png,12,0.8238145180262363,0.8238145180262363
G0,W0082F0002T0006Z000C1N89.png,13,0.4472135954999643,0.4472135954999643
G0,W0082F0002T0006Z000C1N89.png,14,0.6253026948667442,0.6253026948667442
G0,W0082F0002T0006Z000C1N89.png,15,1.2668615834434864,1.2668615834434864
G0,W0082F0002T0006Z000C1N89.png,16,0.3535533905932738,0.3535533905932738
G0,W0082F0002T0006Z000C1N89.png,17,0.5,0.5
G0,W0082F0002T0006Z000C1N89.png,18,0.22360679774997896,0.22360679774997896
G0,W0082F0002T0006Z000C1N89.png,19,0.5303300858899106,0.5303300858899106
G0,W0082F0002T0006Z000C1N89.png,20,0.24253562503633297,0.24253562503633297
G0,W0082F0002T0006Z000C1N89.png,21,0.0,0.0
G0,W0082F0002T0006Z000C1N89.png,22,0.0,0.0
G0,W0082F0002T0006Z000C1N89.png,23,0.745355992499932,0.745355992499932
G0,W0082F0002T0006Z000C1N89.png,24,0.5,0.5
G0,W0082F0002T0006Z000C1N89.png,25,22.454893057465732,22.454893057465732
G0,W0082F0002T0006Z000C1N89.png,26,0.35136418446314976,0.35136418446314976
G0,W0082F0002T0006Z000C1N89.png,27,12.627512883883854,12.627512883883854
G0,W0082F0002T0006Z000C1N89.png,28,0.09090909090909349,0.09090909090909349
G0,W0082F0002T0006Z000C1N89.png,29,0.745355992499932,0.745355992499932
G0,W0082F0002T0006Z000C1N89.png,30,4.031128874149275,4.031128874149275
G0,W0082F0002T0006Z000C1N89.png,31,0.41666666666666285,0.41666666666666285
G0,W0082F0002T0006Z000C1N89.png,32,0.3535533905932738,0.3535533905932738
G0,W0082F0002T0006Z000C1N89.png,33,0.25,0.25
G0,W0082F0002T0006Z000C1N89.png,34,0.5,0.5
G0,W0082F0002T0006Z000C1N89.png,35,0.3535533905932738,0.3535533905932738
G0,W0082F0002T0006Z000C1N89.png,36,0.7071067811865476,0.7071067811865476
G0,W0082F0002T0006Z000C1N89.png,37,1.7578369711846207,1.7578369711846207
G0,W0082F0002T0006Z000C1N89.png,38,2.692582403567252,2.692582403567252
G0,W0082F0002T0006Z000C1N89.png,39,0.4072055089639763,0.4072055089639763
G0,W0082F0002T0006Z000C1N89.png,40,0.45275396142330077,0.45275396142330077
G0,W0082F0002T0006Z000C1N89.png,41,9.03747865326183,9.03747865326183
G0,W0082F0002T0006Z000C1N89.png,42,0.20000000000000284,0.20000000000000284
G0,W0082F0002T0006Z000C1N89.png,43,1.4252192813739224,8.338540040078959
G0,W0082F0002T0006Z000C1N89.png,44,0.5,0.5
G0,W0082F0002T0006Z000C1N89.png,45,0.5,0.5
G0,W0082F0002T0006Z000C1N89.png,46,4.720169488482375,4.720169488482375
G0,W0082F0002T0006Z000C1N89.png,47,0.5,0.5
G0,W0082F0002T0006Z000C1N89.png,48,3.460103804671237,5.633562302970763
G0,W0082F0002T0006Z000C1N89.png,49,3.8078865529319543,3.8078865529319543
G0,W0082F0002T0006Z000C1N89.png,50,11.738899344167663,11.738899344167663
G0,W0082F0002T0006Z000C1N89.png,51,6.4031242374328485,6.4031242374328485
G0,W0082F0002T0006Z000C1N89.png,52,0.5656854249492402,0.5656854249492402
G0,W0082F0002T0006Z000C1N89.png,53,0.7453559924999194,0.7453559924999194
G0,W0082F0002T0006Z000C1N89.png,54,0.0,0.0
G0,W0082F0002T0006Z000C1N89.png,55,7.0178344238090995,7.0178344238090995
G0,W0082F0002T0006Z000C1N89.png,56,0.0,0.0
G0,W0082F0002T0006Z000C1N89.png,57,5.981743057002699,5.981743057002699
G0,W0082F0002T0006Z000C1N89.png,58,0.0,0.0
G0,W0082F0002T0006Z000C1N89.png,59,0.7071067811865476,0.7071067811865476
G0,W0082F0002T0006Z000C1N89.png,60,4.123105625617661,4.123105625617661
G0,W0082F0001T0006Z000C1N12.png,1,13.509256086106296,13.509256086106296
G0,W0082F0001T0006Z000C1N12.png,2,25.5,25.5
G0,W0082F0001T0006Z000C1N12.png,3,5.0,5.0
G0,W0082F0001T0006Z000C1N12.png,4,4.816637831516916,4.816637831516916
G0,W0082F0001T0006Z000C1N12.png,5,3.905124837953327,3.905124837953327
G0,W0082F0001T0006Z000C1N12.png,6,0.7453559924999352,0.7453559924999352
G0,W0082F0001T0006Z000C1N12.png,7,0.5,0.5
G0,W0082F0001T0006Z000C1N12.png,8,4.031128874149275,5.024937810560445
G0,W0082F0001T0006Z000C1N12.png,9,0.47140452079103,0.47140452079103
G0,W0082F0001T0006Z000C1N12.png,10,0.24956709924230497,0.24956709924230497
G0,W0082F0001T0006Z000C1N12.png,11,4.031128874149275,4.031128874149275
G0,W0082F0001T0006Z000C1N12.png,12,0.0,0.0
G0,W0082F0001T0006Z000C1N12.png,13,0.25,0.25
G0,W0082F0001T0006Z000C1N12.png,14,0.5,0.5
G0,W0082F0001T0006Z000C1N12.png,15,0.4472135954999643,0.4472135954999643
G0,W0082F0001T0006Z000C1N12.png,16,1.5811388300841898,1.5811388300841898
G0,W0082F0001T0006Z000C1N12.png,17,0.3354101966249653,0.3354101966249653
G0,W0082F0001T0006Z000C1N12.png,18,0.7071067811865476,0.7071067811865476
G0,W0082F0001T0006Z000C1N12.png,19,4.527692569068709,4.527692569068709
G0,W0082F0001T0006Z000C1N12.png,20,0.20000000000000284,0.20000000000000284
G0,W0082F0001T0006Z000C1N12.png,21,1.118033988749895,1.118033988749895
G0,W0082F0001T0006Z000C1N12.png,22,0.25,0.25
G0,W0082F0001T0006Z000C1N12.png,23,0.0,0.0
G0,W0082F0001T0006Z000C1N12.png,24,6.7986926847903835,7.951240294584377
G0,W0082F0001T0006Z000C1N12.png,25,0.7071067811865476,0.7071067811865476
G0,W0082F0001T0006Z000C1N12.png,26,0.0,0.0
G0,W0082F0001T0006Z000C1N12.png,27,6.363961030678928,6.363961030678928
G0,W0082F0001T0006Z000C1N12.png,28,0.4485347611419443,0.4485347611419443
G0,W0082F0001T0006Z000C1N12.png,29,0.358430219460115,0.358430219460115
G0,W0082F0001T0006Z000C1N12.png,30,0.0,0.0
G0,W0082F0001T0006Z000C1N12.png,31,5.385164807134504,5.656854249492381
G0,W0082F0002T0006Z000C1N88.png,1,29.95413160150032,29.95413160150032
G0,W0082F0002T0006Z000C1N88.png,2,27.202941017470888,27.202941017470888
G0,W0082F0002T0006Z000C1N88.png,3,24.517748673155126,24.517748673155126
G0,W0082F0002T0006Z000C1N88.png,4,0.3333333333333286,0.3333333333333286
G0,W0082F0002T0006Z000C1N88.png,5,0.2854804856273045,0.2854804856273045
G0,W0082F0002T0006Z000C1N88.png,6,4.010191099319486,4.010191099319486
G0,W0082F0002T0006Z000C1N88.png,7,0.2941176470588204,0.2941176470588204
G0,W0082F0002T0006Z000C1N88.png,8,0.47878884106175795,0.47878884106175795
G0,W0082F0002T0006Z000C1N88.png,9,0.5221836237966967,0.5221836237966967
G0,W0082F0002T0006Z000C1N88.png,10,4.272001872658765,4.272001872658765
G0,W0082F0002T0006Z000C1N88.png,11,0.42824175819296867,0.42824175819296867
G0,W0082F0002T0006Z000C1N88.png,12,2.23606797749979,2.23606797749979
G0,W0082F0002T0006Z000C1N88.png,13,0.4164965639175157,0.4164965639175157
G0,W0082F0002T0006Z000C1N88.png,14,0.4853406592853715,0.4853406592853715
G0,W0082F0002T0006Z000C1N88.png,15,0.44721359549995543,0.44721359549995543
G0,W0082F0002T0006Z000C1N88.png,16,0.5857578381020235,0.5857578381020235
G0,W0082F0002T0006Z000C1N88.png,17,2.153250644999799,2.153250644999799
G0,W0082F0002T0006Z000C1N88.png,18,0.15713484026368169,0.15713484026368169
G0,W0082F0002T0006Z000C1N88.png,19,0.18856180831642205,0.18856180831642205
G0,W0082F0002T0006Z000C1N88.png,20,3.6443449342783127,3.6443449342783127
G0,W0082F0002T0006Z000C1N88.png,21,11.379582503729374,11.379582503729374
G0,W0082F0002T0006Z000C1N88.png,22,0.4472135954999579,0.4472135954999579
G0,W0082F0002T0006Z000C1N88.png,23,0.8979076707853698,0.8979076707853698
G0,W0082F0002T0006Z000C1N88.png,24,9.222797840135058,9.222797840135058
G0,W0082F0002T0006Z000C1N88.png,25,0.5817980703354372,0.5817980703354372
G0,W0082F0002T0006Z000C1N88.png,26,0.3748277841470569,0.3748277841470569
G0,W0082F0002T0006Z000C1N88.png,27,4.939635614091381,4.939635614091381
G0,W0082F0002T0006Z000C1N88.png,28,0.471404520791035,0.471404520791035
G0,W0082F0002T0006Z000C1N88.png,29,0.1767766952966369,0.1767766952966369
G0,W0082F0002T0006Z000C1N88.png,30,1.1080513425729717,1.1080513425729717
G0,W0082F0002T0006Z000C1N88.png,31,6.4031242374328485,6.4031242374328485
G0,W0082F0002T0006Z000C1N88.png,32,2.8109134757052163,2.8109134757052163
G0,W0082F0002T0006Z000C1N88.png,33,0.45018076579691874,0.45018076579691874
G0,W0082F0002T0006Z000C1N88.png,34,9.634127165965788,9.634127165965788
G0,W0082F0002T0006Z000C1N88.png,35,0.5821022034030028,0.5821022034030028
G0,W0082F0002T0006Z000C1N88.png,36,21.30296520512139,21.30296520512139
G0,W0082F0003T0006Z000C1N65.png,1,22.81108675649509,43.49215907763798
G0,W0082F0003T0006Z000C1N65.png,2,16.858232410309213,16.858232410309213
G0,W0082F0003T0006Z000C1N65.png,3,2.3257018056683254,2.3257018056683254
G0,W0082F0003T0006Z000C1N65.png,4,0.471404520791035,0.471404520791035
G0,W0082F0003T0006Z000C1N65.png,5,26.309694030908076,49.678969393496885
G0,W0082F0003T0006Z000C1N65.png,6,12.312018470444558,14.857309479526032
G0,W0082F0003T0006Z000C1N65.png,7,22.20360331117452,28.442925306655784
G0,W0082F0003T0006Z000C1N65.png,8,22.335820757001265,48.42061085483697
G0,W0082F0003T0006Z000C1N65.png,9,14.512063946937392,45.22167621838005
G0,W0082F0003T0006Z000C1N65.png,10,26.879360111431225,26.879360111431225
G0,W0082F0003T0006Z000C1N65.png,11,21.21744565210431,21.23628969476542
G0,W0082F0003T0006Z000C1N65.png,12,31.2374974989995,39.63308277184605
G0,W0082F0003T0006Z000C1N65.png,13,10.965856099730654,57.76028047023318
G0,W0082F0003T0006Z000C1N65.png,14,12.041594578792296,12.041594578792296
G0,W0082F0003T0006Z000C1N65.png,15,30.793668180325643,38.108398024582456
G0,W0082F0003T0006Z000C1N65.png,16,6.585388898066343,6.585388898066343
G0,W0082F0003T0006Z000C1N65.png,17,0.20000000000000284,0.20000000000000284
G0,W0082F0003T0006Z000C1N65.png,18,21.47673159491453,43.41946568072896
G0,W0082F0003T0006Z000C1N65.png,19,0.7071067811865476,0.7071067811865476
G0,W0082F0003T0006Z000C1N65.png,20,8.94427190999916,18.439088914585774
G0,W0082F0003T0006Z000C1N65.png,21,0.25,10.201102881551583
G0,W0082F0003T0006Z000C1N65.png,22,0.25,0.25
G0,W0082F0003T0006Z000C1N65.png,23,10.151970252123476,12.789155562428663
G0,W0082F0003T0006Z000C1N65.png,24,7.280109889280518,9.848857801796104
G0,W0082F0003T0006Z000C1N65.png,25,12.674461539199285,47.932565800273316
G0,W0082F0003T0006Z000C1N65.png,26,1.8168759072330012,1.8168759072330012
G0,W0082F0003T0006Z000C1N65.png,27,1.2945223911917638,1.2945223911917638
G0,W0082F0003T0006Z000C1N65.png,28,6.708203932499369,9.433981132056603
G0,W0082F0002T0006Z000C1N63.png,1,29.832886782657294,121.05292502701606
G0,W0082F0002T0006Z000C1N63.png,2,33.04118641937666,148.38571359804152
G0,W0082F0002T0006Z000C1N63.png,3,19.469527472437537,121.96951463378052
G0,W0082F0002T0006Z000C1N63.png,4,4.242640687119285,123.9112585683803
G0,W0082F0002T0006Z000C1N63.png,5,52.368311028712775,52.368311028712775
G0,W0082F0002T0006Z000C1N63.png,6,0.5,0.5
G0,W0082F0002T0006Z000C1N63.png,7,6.514598989960935,6.514598989960935
G0,W0082F0002T0006Z000C1N63.png,8,6.670832032063167,6.670832032063167
G0,W0082F0002T0006Z000C1N63.png,9,41.21471898757154,89.2761137695628
G0,W0082F0002T0006Z000C1N63.png,10,14.601369798755178,14.601369798755178
G0,W0082F0002T0006Z000C1N63.png,11,13.2803368533624,13.2803368533624
G0,W0082F0002T0006Z000C1N63.png,12,23.632604596192948,23.632604596192948
G0,W0082F0002T0006Z000C1N63.png,13,61.605374945878076,83.29999333066533
G0,W0082F0002T0006Z000C1N63.png,14,21.633307652783937,129.75746606650424
G0,W0082F0002T0006Z000C1N77.png,1,19.235384061671343,19.235384061671343
G0,W0082F0002T0006Z000C1N77.png,2,7.681883744790777,7.681883744790777
G0,W0082F0002T0006Z000C1N77.png,3,0.42857142857142705,0.42857142857142705
G0,W0082F0002T0006Z000C1N77.png,4,0.23570226039551415,0.23570226039551415
G0,W0082F0002T0006Z000C1N77.png,5,1.4142135623730951,3.605551275463989
G0,W0082F0002T0006Z000C1N77.png,6,8.139410298049853,8.139410298049853
G0,W0082F0002T0006Z000C1N77.png,7,0.4714045207910338,0.4714045207910338
G0,W0082F0002T0006Z000C1N77.png,8,0.7071067811865476,0.7071067811865476
G0,W0082F0002T0006Z000C1N77.png,9,0.0,0.0
G0,W0082F0002T0006Z000C1N77.png,10,0.5,0.5
G0,W0082F0002T0006Z000C1N77.png,11,0.0,0.0
G0,W0082F0002T0006Z000C1N77.png,12,0.40551750201988046,0.40551750201988046
G0,W0082F0002T0006Z000C1N77.png,13,0.2997896050988626,0.2997896050988626
G0,W0082F0002T0006Z000C1N77.png,14,0.612825877028338,0.612825877028338
G0,W0082F0002T0006Z000C1N77.png,15,0.5,0.5
G0,W0082F0002T0006Z000C1N77.png,16,0.4372373160975988,0.4372373160975988
G0,W0082F0002T0006Z000C1N77.png,17,0.41649656391752177,0.41649656391752177
G0,W0082F0002T0006Z000C1N77.png,18,0.35136418446314865,0.35136418446314865
G0,W0082F0002T0006Z000C1N77.png,19,0.41666666666666285,0.41666666666666285
G0,W0082F0002T0006Z000C1N77.png,20,5.408326913195984,5.408326913195984
G0,W0082F0002T0006Z000C1N77.png,21,11.040330107786133,13.097921802925672
G0,W0082F0002T0006Z000C1N77.png,22,0.44721359549995543,0.44721359549995543
G0,W0082F0002T0006Z000C1N77.png,23,2.23606797749979,2.23606797749979
G0,W0082F0002T0006Z000C1N77.png,24,11.82741540244702,11.82741540244702
G0,W0082F0002T0006Z000C1N77.png,25,12.516927314151628,12.516927314151628
G0,W0082F0002T0006Z000C1N77.png,26,45.521667612492216,45.521667612492216
G0,W0082F0003T0006Z000C1N71.png,1,59.24862867611368,61.18823416311342
G0,W0082F0003T0006Z000C1N71.png,2,27.28094573140748,114.33394071753146
G0,W0082F0003T0006Z000C1N71.png,3,21.610905811649822,116.40782297594951
G0,W0082F0003T0006Z000C1N71.png,4,34.741024387749476,95.5312749302338
G0,W0082F0003T0006Z000C1N71.png,5,46.09772228646444,57.38466694161429
G0,W0082F0003T0006Z000C1N71.png,6,31.25699921617557,31.25699921617557
G0,W0082F0003T0006Z000C1N71.png,7,37.95025984393549,83.42794629033021
G0,W0082F0003T0006Z000C1N71.png,8,36.05551275463989,86.92525524840292
G0,W0082F0003T0006Z000C1N71.png,9,42.579337712087536,71.17583859709698
G0,W0082F0003T0006Z000C1N71.png,10,12.0,106.30145812734649
G0,W0082F0003T0006Z000C1N71.png,11,0.5,117.97563307734356
G0,W0082F0003T0006Z000C1N71.png,12,16.668895314504713,16.668895314504713
G0,W0082F0003T0006Z000C1N71.png,13,12.736648783028532,102.69480133980602
G0,W0082F0003T0006Z000C1N71.png,14,12.806248474865697,12.806248474865697
G0,W0082F0003T0006Z000C1N71.png,15,10.307764064044152,104.87254168751704
G0,W0082F0003T0006Z000C1N71.png,16,23.03258561256204,48.088460154178364
G0,W0082F0003T0006Z000C1N71.png,17,0.5497474167490212,0.5497474167490212
G0,W0082F0003T0006Z000C1N71.png,18,1.8168759072330045,98.53280064409093
G0,W0082F0003T0006Z000C1N71.png,19,1.3439680055715626,1.3439680055715626
G0,W0082F0003T0006Z000C1N71.png,20,9.86154146165801,105.09638433362015
G0,W0082F0003T0006Z000C1N71.png,21,0.375,0.375
G0,W0082F0003T0006Z000C1N71.png,22,0.8567800313736643,0.8567800313736643
G0,W0082F0003T0006Z000C1N71.png,23,13.652838532700803,72.99452034228322
G0,W0082F0003T0006Z000C1N71.png,24,26.20233062491798,89.33485308842994
G0,W0082F0003T0006Z000C1N71.png,25,21.974732965132674,43.28843828193492
G0,W0082F0003T0006Z000C1N71.png,26,30.340658456196287,104.05393900387539
G0,W0082F0003T0006Z000C1N71.png,27,21.43944961980135,68.55545200784545
G0,W0082F0003T0006Z000C1N71.png,28,29.06045774040101,62.66529163348882
G0,W0082F0003T0006Z000C1N71.png,29,33.64231792780568,86.16924560937555
G0,W0082F0003T0006Z000C1N71.png,30,37.6203303573792,63.16010091115623
G0,W0082F0003T0006Z000C1N71.png,31,37.06693230379607,80.24790776826167
G0,W0082F0003T0006Z000C1N71.png,32,42.45291509425472,60.508263898413084
G0,W0082F0003T0006Z000C1N71.png,33,48.12743500333256,64.92495668077107
G0,W0082F0003T0006Z000C1N71.png,34,53.02122216622322,88.86084627100959
G0,W0082F0003T0006Z000C1N71.png,35,74.87723285485382,127.13772060250254
G0,W0082F0002T0006Z000C1N149.png,1,0.4472135954999631,0.4472135954999631
G0,W0082F0002T0006Z000C1N149.png,2,0.0,0.0
G0,W0082F0002T0006Z000C1N149.png,3,0.543928293220423,0.543928293220423
G0,W0082F0002T0006Z000C1N149.png,4,0.4166666666666664,0.4166666666666664
G0,W0082F0002T0006Z000C1N149.png,5,0.3194382824999752,0.3194382824999752
G0,W0082F0002T0006Z000C1N149.png,6,0.4472135954999563,0.4472135954999563
G0,W0082F0002T0006Z000C1N149.png,7,0.48650425541051984,0.48650425541051984
G0,W0082F0002T0006Z000C1N149.png,8,0.0,0.0
G0,W0082F0002T0006Z000C1N149.png,9,0.33333333333333215,0.33333333333333215
G0,W0082F0002T0006Z000C1N149.png,10,0.44721359549996276,0.44721359549996276
G0,W0082F0002T0006Z000C1N149.png,11,0.5,0.5
G0,W0082F0002T0006Z000C1N149.png,12,0.2357022603955175,0.2357022603955175
G0,W0082F0002T0006Z000C1N149.png,13,0.44721359549996276,0.44721359549996276
G0,W0082F0002T0006Z000C1N149.png,14,0.20184751022351408,0.20184751022351408
G0,W0082F0002T0006Z000C1N149.png,15,0.47425045578226593,0.47425045578226593
G0,W0082F0002T0006Z000C1N149.png,16,0.2857142857142847,0.2857142857142847
G0,W0082F0002T0006Z000C1N149.png,17,0.5,0.5
G0,W0082F0002T0006Z000C1N149.png,18,0.35136418446315554,0.35136418446315554
G0,W0082F0002T0006Z000C1N149.png,19,0.48650425541051817,0.48650425541051817
G0,W0082F0002T0006Z000C1N149.png,20,0.0,0.0
G0,W0082F0002T0006Z000C1N149.png,21,0.15617376188860607,0.15617376188860607
G0,W0082F0002T0006Z000C1N149.png,22,0.5656854249492372,0.5656854249492372
G0,W0082F0002T0006Z000C1N149.png,23,0.44721359549995954,0.44721359549995954
G0,W0082F0002T0006Z000C1N149.png,24,0.6428353688040649,0.6428353688040649
G0,W0082F0002T0006Z000C1N149.png,25,0.7071067811865476,0.7071067811865476
G0,W0082F0002T0006Z000C1N149.png,26,0.37267799624996284,0.37267799624996284
G0,W0082F0002T0006Z000C1N149.png,27,0.30528675044947146,0.30528675044947146
G0,W0082F0002T0006Z000C1N149.png,28,0.0,0.0
G0,W0082F0002T0006Z000C1N149.png,29,0.23570226039551248,0.23570226039551248
G0,W0082F0002T0006Z000C1N149.png,30,0.41013397389537115,0.41013397389537115
G0,W0082F0002T0006Z000C1N149.png,31,0.7071067811865476,0.7071067811865476
G0,W0082F0002T0006Z000C1N149.png,32,0.35355339059327345,0.35355339059327345
G0,W0082F0002T0006Z000C1N149.png,33,0.4472135954999643,0.4472135954999643
G0,W0082F0002T0006Z000C1N149.png,34,0.07692307692307665,0.07692307692307665
G0,W0082F0002T0006Z000C1N149.png,35,0.33333333333333215,0.33333333333333215
G0,W0082F0002T0006Z000C1N149.png,36,0.0,0.0
G0,W0082F0002T0006Z000C1N149.png,37,0.471404520791035,0.471404520791035
G0,W0082F0002T0006Z000C1N149.png,38,0.0,0.0
G0,W0082F0002T0006Z000C1N149.png,39,0.4969039949999547,0.4969039949999547
G0,W0082F0002T0006Z000C1N149.png,40,0.5295950473025841,0.5295950473025841
G0,W0082F0002T0006Z000C1N149.png,41,0.08963273099168317,0.08963273099168317
G0,W0082F0002T0006Z000C1N149.png,42,0.5153882032022076,0.5153882032022076
G0,W0082F0002T0006Z000C1N149.png,43,0.5,0.5
G0,W0082F0002T0006Z000C1N149.png,44,0.2857142857142918,0.2857142857142918
G0,W0082F0002T0006Z000C1N149.png,45,0.5,0.5
G0,W0082F0002T0006Z000C1N149.png,46,0.45069390943299864,0.45069390943299864
G0,W0082F0002T0006Z000C1N149.png,47,0.1767766952966369,0.1767766952966369
G0,W0082F0002T0006Z000C1N149.png,48,0.5,0.5
G0,W0082F0002T0006Z000C1N149.png,49,0.4472135954999643,0.4472135954999643
G0,W0082F0002T0006Z000C1N149.png,50,0.28480012484391565,0.28480012484391565
G0,W0082F0002T0006Z000C1N149.png,51,0.1767766952966369,0.1767766952966369
G0,W0082F0002T0006Z000C1N149.png,52,0.565685424949241,0.565685424949241
G0,W0082F0002T0006Z000C1N149.png,53,0.471404520791035,0.471404520791035
G0,W0082F0002T0006Z000C1N149.png,54,0.4006168083848917,0.4006168083848917
G0,W0082F0002T0006Z000C1N149.png,55,0.4282417581929755,0.4282417581929755
G0,W0082F0002T0006Z000C1N149.png,56,0.7071067811865476,0.7071067811865476
G0,W0082F0002T0006Z000C1N149.png,57,0.5858287004510682,0.5858287004510682
G0,W0082F0002T0006Z000C1N149.png,58,0.0,0.0
G0,W0082F0002T0006Z000C1N149.png,59,0.5,0.5
G0,W0082F0002T0006Z000C1N149.png,60,0.4714045207910388,0.4714045207910388
G0,W0082F0002T0006Z000C1N149.png,61,0.471404520791035,0.471404520791035
G0,W0082F0002T0006Z000C1N2.png,1,40.709162846260384,41.387675017413706
G0,W0082F0002T0006Z000C1N2.png,2,37.69437906574304,38.852707496628774
G0,W0082F0002T0006Z000C1N2.png,3,32.46928452968778,32.86020236407993
G0,W0082F0002T0006Z000C1N2.png,4,29.261749776799064,29.261749776799064
G0,W0082F0002T0006Z000C1N2.png,5,28.72716484444645,30.549140740780256
G0,W0082F0002T0006Z000C1N2.png,6,22.165791527702922,24.82950124814038
G0,W0082F0002T0006Z000C1N2.png,7,29.261749776799064,29.261749776799064
G0,W0082F0002T0006Z000C1N2.png,8,22.433247920105057,24.376670010818263
G0,W0082F0002T0006Z000C1N2.png,9,19.495013607472952,19.901144579032522
G0,W0082F0002T0006Z000C1N2.png,10,13.0,13.0
G0,W0082F0002T0006Z000C1N2.png,11,17.029386365926403,17.204650534085253
G0,W0082F0002T0006Z000C1N2.png,12,20.036328888013443,20.036328888013443
G0,W0082F0002T0006Z000C1N2.png,13,11.799608859227881,11.799608859227881
G0,W0082F0002T0006Z000C1N2.png,14,5.2334394893691965,5.2334394893691965
G0,W0082F0002T0006Z000C1N2.png,15,0.8027849449386023,0.8027849449386023
G0,W0082F0002T0006Z000C1N2.png,16,0.5218188258766094,0.5218188258766094
G0,W0082F0002T0006Z000C1N2.png,17,8.558621384311845,8.558621384311845
G0,W0082F0002T0006Z000C1N2.png,18,17.591279799946335,22.807961877379576
G0,W0082F0002T0006Z000C1N2.png,19,0.7071067811865476,0.7071067811865476
G0,W0082F0002T0006Z000C1N2.png,20,1.892154040658486,26.462178927296346
G0,W0082F0002T0006Z000C1N2.png,21,23.243278598338918,23.243278598338918
G0,W0082F0002T0006Z000C1N2.png,22,9.888377015466192,17.758941409892653
G0,W0082F0002T0006Z000C1N2.png,23,17.36890935970589,32.22854344126769
G0,W0082F0002T0006Z000C1N2.png,24,10.606601717798213,13.285330255586423
G0,W0082F0002T0006Z000C1N2.png,25,16.161683080669537,17.418381095842406
G0,W0082F0002T0006Z000C1N2.png,26,11.30517993778098,11.30517993778098
G0,W0082F0002T0006Z000C1N2.png,27,16.97980004203393,16.97980004203393
G0,W0082F0002T0006Z000C1N2.png,28,9.758303633107458,9.758303633107458
G0,W0082F0002T0006Z000C1N2.png,29,1.1319231422671772,1.1319231422671772
G0,W0082F0002T0006Z000C1N2.png,30,0.2857142857142776,0.2857142857142776
G0,W0082F0002T0006Z000C1N2.png,31,9.219544457292887,9.219544457292887
G0,W0082F0002T0006Z000C1N163.png,1,23.021728866442675,23.021728866442675
G0,W0082F0002T0006Z000C1N163.png,2,7.941394332523521,20.875143743159658
G0,W0082F0002T0006Z000C1N163.png,3,26.721947908039937,26.721947908039937
G0,W0082F0002T0006Z000C1N163.png,4,10.513320813611394,11.08205602819106
G0,W0082F0002T0006Z000C1N163.png,5,0.7071067811865476,0.7071067811865476
G0,W0082F0002T0006Z000C1N163.png,6,6.363961030678928,6.363961030678928
G0,W0082F0002T0006Z000C1N163.png,7,0.41649656391751877,0.41649656391751877
G0,W0082F0002T0006Z000C1N163.png,8,7.845734863959881,20.270394394014364
G0,W0082F0002T0006Z000C1N163.png,9,6.708203932499369,14.142135623730951
G0,W0082F0002T0006Z000C1N163.png,10,11.229524576856415,27.14348704365172
G0,W0082F0002T0006Z000C1N163.png,11,27.350604299641272,27.350604299641272
G0,W0082F0002T0006Z000C1N163.png,12,0.5506854255106302,0.5506854255106302
G0,W0082F0002T0006Z000C1N163.png,13,0.5038911092686593,0.5038911092686593
G0,W0082F0002T0006Z000C1N163.png,14,25.476368490699826,28.217650994801094
G0,W0082F0002T0006Z000C1N163.png,15,7.384527743870965,7.384527743870965
G0,W0082F0002T0006Z000C1N163.png,16,25.632011235952593,28.460498941515414
G0,W0082F0002T0006Z000C1N163.png,17,3.905124837953327,19.67866865415443
G0,W0082F0002T0006Z000C1N163.png,18,17.810109488714552,38.21256337907731
G0,W0082F0002T0006Z000C1N163.png,19,11.520513105856974,25.626592091462776
G0,W0082F0002T0006Z000C1N163.png,20,4.065863991822648,24.01627052645768
G0,W0082F0002T0006Z000C1N163.png,21,10.834615308763338,30.844592538869577
G0,W0082F0002T0006Z000C1N163.png,22,0.7071067811865476,20.359273071502333
G0,W0082F0002T0006Z000C1N163.png,23,0.565685424949241,0.565685424949241
G0,W0082F0002T0006Z000C1N163.png,24,0.12856486930664865,0.12856486930664865
G0,W0082F0002T0006Z000C1N163.png,25,1.0,16.64331697709324
G0,W0082F0002T0006Z000C1N163.png,26,18.601075237738275,21.213203435596427
G0,W0082F0002T0006Z000C1N163.png,27,0.7071067811865476,7.7781745930520225
G0,W0082F0002T0006Z000C1N163.png,28,0.4472135954999643,0.4472135954999643
G0,W0082F0002T0006Z000C1N163.png,29,17.466585241540486,37.19572018391363
G0,W0082F0002T0006Z000C1N163.png,30,0.2857142857142918,0.2857142857142918
G0,W0082F0002T0006Z000C1N163.png,31,0.5,1.5
G0,W0082F0002T0006Z000C1N163.png,32,6.871842709362772,8.198915917499233
G0,W0082F0002T0006Z000C1N163.png,33,8.81432400654229,8.81432400654229
G0,W0082F0002T0006Z000C1N163.png,34,0.2857142857142776,0.7142857142857224
G0,W0082F0002T0006Z000C1N163.png,35,0.5,0.5
G0,W0082F0002T0006Z000C1N163.png,36,12.356872892941308,29.38471606909855
G0,W0082F0002T0006Z000C1N163.png,37,3.1622776601683795,6.324555320336759
G0,W0082F0002T0006Z000C1N163.png,38,10.0,12.165525060596439
G0,W0082F0002T0006Z000C1N163.png,39,0.4714045207910451,0.4714045207910451
G0,W0082F0002T0006Z000C1N163.png,40,7.3824115301167,11.510864433221338
G0,W0082F0002T0006Z000C1N163.png,41,0.0,0.0
G0,W0082F0002T0006Z000C1N163.png,42,12.529964086141668,16.64331697709324
G0,W0082F0002T0006Z000C1N163.png,43,0.4248215775841265,0.4248215775841265
G0,W0082F0002T0006Z000C1N163.png,44,0.4472135954999579,0.4472135954999579
G0,W0082F0002T0006Z000C1N61.png,1,18.439088914585774,
G0,W0082F0002T0006Z000C1N61.png,2,42.368897280789874,
G0,W0082F0002T0006Z000C1N61.png,3,33.59315406448165,
G0,W0082F0002T0006Z000C1N61.png,4,41.36725758374611,
G0,W0082F0002T0006Z000C1N61.png,5,49.89510602191633,
G0,W0082F0002T0006Z000C1N61.png,6,58.34077154957757,
G0,W0082F0002T0006Z000C1N61.png,7,22.299103120977758,
G0,W0082F0002T0006Z000C1N61.png,8,39.81205847478876,
G0,W0082F0002T0006Z000C1N61.png,9,64.58568863177744,
G0,W0082F0002T0006Z000C1N61.png,10,74.17471866403598,
G0,W0082F0002T0006Z000C1N61.png,11,68.17074152449862,
G0,W0082F0003T0006Z000C1N67.png,1,0.7071067811865476,0.7071067811865476
G0,W0082F0003T0006Z000C1N67.png,2,0.5150787536377139,0.5150787536377139
G0,W0082F0003T0006Z000C1N67.png,3,12.129445856679666,12.129445856679666
G0,W0082F0003T0006Z000C1N67.png,4,7.0710678118654755,7.0710678118654755
G0,W0082F0003T0006Z000C1N67.png,5,0.6324555320336713,0.6324555320336713
G0,W0082F0003T0006Z000C1N67.png,6,0.8200609733428351,0.8200609733428351
G0,W0082F0003T0006Z000C1N67.png,7,0.7453559924999257,0.7453559924999257
G0,W0082F0003T0006Z000C1N67.png,8,0.3194382824999704,0.3194382824999704
G0,W0082F0003T0006Z000C1N67.png,9,0.9047619047619051,0.9047619047619051
G0,W0082F0003T0006Z000C1N67.png,10,8.73212459828649,8.73212459828649
G0,W0082F0003T0006Z000C1N67.png,11,6.835365551469962,6.835365551469962
G0,W0082F0003T0006Z000C1N67.png,12,7.0,7.0
G0,W0082F0003T0006Z000C1N67.png,13,0.7071067811865476,0.7071067811865476
G0,W0082F0003T0006Z000C1N67.png,14,7.615773105863909,7.615773105863909
G0,W0082F0003T0006Z000C1N67.png,15,0.7071067811865476,0.7071067811865476
G0,W0082F0003T0006Z000C1N67.png,16,7.158910531638177,7.158910531638177
G0,W0082F0003T0006Z000C1N67.png,17,0.7071067811865476,0.7071067811865476
G0,W0082F0003T0006Z000C1N67.png,18,8.648128321017793,8.648128321017793
G0,W0082F0003T0006Z000C1N67.png,19,6.800735254367722,6.800735254367722
G0,W0082F0003T0006Z000C1N67.png,20,0.5,0.5
G0,W0082F0003T0006Z000C1N67.png,21,0.33541019662498117,0.33541019662498117
G0,W0082F0003T0006Z000C1N67.png,22,0.0,0.0
G0,W0082F0003T0006Z000C1N67.png,23,4.085339643163096,4.085339643163096
G0,W0082F0003T0006Z000C1N67.png,24,1.4577379737113252,1.4577379737113252
G0,W0082F0003T0006Z000C1N67.png,25,1.0032599923473895,1.0032599923473895
G0,W0082F0003T0006Z000C1N67.png,26,3.1622776601683795,3.1622776601683795
G0,W0082F0003T0006Z000C1N67.png,27,11.335784048754634,11.335784048754634
G0,W0082F0003T0006Z000C1N67.png,28,0.1767766952966369,0.1767766952966369
G0,W0082F0003T0006Z000C1N67.png,29,0.5555555555555515,0.5555555555555515
G0,W0082F0003T0006Z000C1N67.png,30,0.474666874739863,0.474666874739863
G0,W0082F0003T0006Z000C1N67.png,31,0.5,0.5
G0,W0082F0003T0006Z000C1N67.png,32,6.624198064671679,6.624198064671679
G0,W0082F0003T0006Z000C1N67.png,33,0.25,0.25
G0,W0082F0003T0006Z000C1N67.png,34,0.5,0.5
G0,W0082F0003T0006Z000C1N67.png,35,0.23570226039551248,0.23570226039551248
G0,W0082F0003T0006Z000C1N67.png,36,0.0,0.0
G0,W0082F0003T0006Z000C1N67.png,37,6.103277807866851,6.103277807866851
G0,W0082F0003T0006Z000C1N67.png,38,0.47140452079104006,0.47140452079104006
G0,W0082F0003T0006Z000C1N67.png,39,3.127499000799201,3.127499000799201
G0,W0082F0002T0006Z000C1N75.png,1,0.3163729245124418,0.3163729245124418
G0,W0082F0002T0006Z000C1N75.png,2,1.58765901787027,1.58765901787027
G0,W0082F0002T0006Z000C1N75.png,3,7.331013857055216,7.331013857055216
G0,W0082F0002T0006Z000C1N75.png,4,22.135943621178654,22.135943621178654
G0,W0082F0002T0006Z000C1N75.png,5,13.780017739062925,14.161763857498668
G0,W0082F0002T0006Z000C1N75.png,6,6.800735254367722,6.800735254367722
G0,W0082F0002T0006Z000C1N75.png,7,5.0152827661548445,5.0152827661548445
G0,W0082F0002T0006Z000C1N75.png,8,6.96419413859206,6.96419413859206
G0,W0082F0002T0006Z000C1N75.png,9,0.47140452079103,0.47140452079103
G0,W0082F0002T0006Z000C1N75.png,10,4.031128874149275,4.031128874149275
G0,W0082F0002T0006Z000C1N75.png,11,25.951681947773004,25.951681947773004
G0,W0082F0002T0006Z000C1N75.png,12,28.631822331105646,28.631822331105646
G0,W0082F0002T0006Z000C1N75.png,13,12.18317495836433,20.20739574945783
G0,W0082F0002T0006Z000C1N75.png,14,6.041522986797286,9.192388155425117
G0,W0082F0002T0006Z000C1N75.png,15,0.3529411764705941,0.3529411764705941
G0,W0082F0002T0006Z000C1N75.png,16,0.7071067811865476,0.7071067811865476
G0,W0082F0002T0006Z000C1N75.png,17,30.44968622175704,30.44968622175704
G0,W0082F0002T0006Z000C1N75.png,18,38.53894134508627,38.53894134508627
G0,W0082F0002T0006Z000C1N75.png,19,0.7071067811865476,0.7071067811865476
G0,W0082F0002T0006Z000C1N75.png,20,23.717082451262844,23.717082451262844
G0,W0082F0002T0006Z000C1N75.png,21,5.379477252503643,18.668428002422502
G0,W0082F0002T0006Z000C1N75.png,22,8.246211251235321,9.0
G0,W0082F0002T0006Z000C1N75.png,23,16.56043278070647,35.918755891503096
G0,W0082F0002T0006Z000C1N75.png,24,27.712423117831623,46.65214721217206
G0,W0082F0002T0006Z000C1N75.png,25,10.770329614269007,10.770329614269007
G0,W0082F0002T0006Z000C1N75.png,26,32.31098884280702,37.20215047547655
G0,W0082F0002T0006Z000C1N75.png,27,14.917158071773317,35.08670917161977
G0,W0082F0002T0006Z000C1N75.png,28,24.924825246734365,41.912902047277655
G0,W0082F0002T0006Z000C1N49.png,1,9.0,30.675723300355934
G0,W0082F0002T0006Z000C1N49.png,2,22.85278976405288,47.762432936357
G0,W0082F0002T0006Z000C1N49.png,3,32.202484376209235,72.43479826713124
G0,W0082F0002T0006Z000C1N49.png,4,1.2289036095775188,38.75301173286209
G0,W0082F0002T0006Z000C1N49.png,5,16.507574019219177,23.42007685726074
G0,W0082F0002T0006Z000C1N49.png,6,0.2857142857142847,0.2857142857142847
G0,W0082F0002T0006Z000C1N49.png,7,0.3535533905932738,0.3535533905932738
G0,W0082F0002T0006Z000C1N49.png,8,13.793114224133722,49.002550954006466
G0,W0082F0002T0006Z000C1N49.png,9,20.112185361118765,22.54994456755936
G0,W0082F0002T0006Z000C1N49.png,10,20.554804791094465,41.83897704294406
G0,W0082F0002T0006Z000C1N49.png,11,0.4476360930863976,0.4476360930863976
G0,W0082F0002T0006Z000C1N49.png,12,43.841144127033765,76.83964883218208
G0,W0082F0002T0006Z000C1N49.png,13,18.83595998163492,18.83595998163492
G0,W0082F0002T0006Z000C1N49.png,14,19.211502063640697,19.211502063640697
G0,W0082F0002T0006Z000C1N49.png,15,33.98896879871468,33.98896879871468
G0,W0082F0002T0006Z000C1N49.png,16,28.899826989101506,28.899826989101506
G0,W0082F0002T0006Z000C1N49.png,17,35.531676008879735,58.382360349680965
G0,W0082F0002T0006Z000C1N49.png,18,29.124731758421397,29.124731758421397
G0,W0082F0002T0006Z000C1N49.png,19,41.055221957748564,44.75803000579896
G0,W0082F0002T0006Z000C1N49.png,20,9.28559218478942,35.05075684711466
G0,W0082F0002T0006Z000C1N49.png,21,25.725345253849405,78.79589702788941
G0,W0082F0002T0006Z000C1N49.png,22,36.0347054934545,52.825183388228766
G0,W0082F0002T0006Z000C1N49.png,23,17.441967269268176,81.5304987242334
G0,W0082F0002T0006Z000C1N49.png,24,26.195843605851326,54.48445242044335
G0,W0082F0002T0006Z000C1N49.png,25,28.617969279466237,54.431217113433206
G0,W0082F0002T0006Z000C1N49.png,26,30.349011516027996,64.27334206340915
G0,W0082F0002T0006Z000C1N49.png,27,26.23451924468981,67.83251432757008
G0,W0082F0002T0006Z000C1N49.png,28,56.519907997094265,59.35065290289568
G0,W0082F0002T0006Z000C1N49.png,29,36.412757227225846,63.80874199947492
G0,W0082F0002T0006Z000C1N49.png,30,55.70022940307837,70.98250175610576
G0,W0082F0001T0006Z000C1N8.png,1,0.4919003695210726,0.4919003695210726
G0,W0082F0001T0006Z000C1N8.png,2,0.452638549843838,0.452638549843838
G0,W0082F0001T0006Z000C1N8.png,3,5.385164807134504,5.385164807134504
G0,W0082F0001T0006Z000C1N8.png,4,0.857632042538873,0.857632042538873
G0,W0082F0001T0006Z000C1N8.png,5,0.0,0.0
G0,W0082F0001T0006Z000C1N8.png,6,0.7071067811865476,0.7071067811865476
G0,W0082F0001T0006Z000C1N8.png,7,0.12162606385262785,0.12162606385262785
G0,W0082F0001T0006Z000C1N8.png,8,0.14554499478741417,0.14554499478741417
G0,W0082F0001T0006Z000C1N8.png,9,10.316939280189212,11.591199367527839
G0,W0082F0001T0006Z000C1N8.png,10,0.5769230769230717,0.5769230769230717
G0,W0082F0001T0006Z000C1N8.png,11,13.077149319309871,13.077149319309871
G0,W0082F0001T0006Z000C1N8.png,12,0.5,0.5
G0,W0082F0001T0006Z000C1N8.png,13,0.6324555320336713,0.6324555320336713
G0,W0082F0001T0006Z000C1N8.png,14,9.847355695880157,9.847355695880157
G0,W0082F0001T0006Z000C1N8.png,15,0.3748277841470638,0.3748277841470638
G0,W0082F0001T0006Z000C1N8.png,16,1.0,1.0
G0,W0082F0001T0006Z000C1N8.png,17,1.0,1.0
G0,W0082F0001T0006Z000C1N8.png,18,0.4785655057676601,0.4785655057676601
G0,W0082F0001T0006Z000C1N8.png,19,0.5,0.5
G0,W0082F0001T0006Z000C1N8.png,20,6.723094525588644,6.723094525588644
G0,W0082F0001T0006Z000C1N8.png,21,5.49747416749021,5.49747416749021
G0,W0082F0001T0006Z000C1N8.png,22,0.3560001560548993,0.3560001560548993
G0,W0082F0001T0006Z000C1N8.png,23,1.2289036095775188,1.2289036095775188
G0,W0082F0001T0006Z000C1N8.png,24,0.5,0.5
G0,W0082F0001T0006Z000C1N8.png,25,1.118033988749895,1.118033988749895
G0,W0082F0001T0006Z000C1N8.png,26,3.3648646406039533,5.473452081269225
G0,W0082F0001T0006Z000C1N8.png,27,0.5,0.5
G0,W0082F0001T0006Z000C1N8.png,28,10.077822185373186,10.077822185373186
G0,W0082F0001T0006Z000C1N8.png,29,3.640054944640259,12.5
G0,W0082F0001T0006Z000C1N8.png,30,6.420630015498354,6.420630015498354
G0,W0082F0001T0006Z000C1N8.png,31,7.483778754375653,8.944660107820999
G0,W0082F0001T0006Z000C1N8.png,32,13.25943060617612,13.612953390061982
G0,W0082F0001T0006Z000C1N8.png,33,0.0,0.0
G0,W0082F0001T0006Z000C1N8.png,34,3.605551275463989,3.605551275463989
G0,W0082F0001T0006Z000C1N8.png,35,9.169891714873192,9.169891714873192
G0,W0082F0001T0006Z000C1N8.png,36,0.47140452079102496,0.47140452079102496
G0,W0082F0001T0006Z000C1N8.png,37,6.1350675020278205,6.692749764355757
G0,W0082F0001T0006Z000C1N8.png,38,0.2857142857142918,0.2857142857142918
G0,W0082F0001T0006Z000C1N8.png,39,10.44030650891055,10.44030650891055
G0,W0082F0001T0006Z000C1N8.png,40,1.2649110640673562,1.2649110640673562
G0,W0082F0001T0006Z000C1N8.png,41,13.553228397691822,13.553228397691822
G0,W0082F0001T0006Z000C1N8.png,42,4.47213595499958,4.47213595499958
G0,W0082F0001T0006Z000C1N8.png,43,6.363961030678928,6.363961030678928
G0,W0082F0001T0006Z000C1N8.png,44,10.003124511871277,10.003124511871277
G0,W0082F0001T0006Z000C1N8.png,45,12.866839377079193,12.866839377079193
G0,W0082F0001T0006Z000C1N8.png,46,12.149074038789955,12.149074038789955
G0,W0082F0001T0006Z000C1N38.png,1,0.7071067811865476,0.7071067811865476
G0,W0082F0001T0006Z000C1N38.png,2,0.5,0.5
G0,W0082F0001T0006Z000C1N38.png,3,0.2857142857142847,0.2857142857142847
G0,W0082F0001T0006Z000C1N38.png,4,0.7071067811865476,0.7071067811865476
G0,W0082F0001T0006Z000C1N38.png,5,0.4472135954999579,0.4472135954999579
G0,W0082F0001T0006Z000C1N38.png,6,0.5300865358950265,0.5300865358950265
G0,W0082F0001T0006Z000C1N38.png,7,0.5,0.5
G0,W0082F0001T0006Z000C1N38.png,8,0.5150787536377139,0.5150787536377139
G0,W0082F0001T0006Z000C1N38.png,9,0.4472135954999579,0.4472135954999579
G0,W0082F0001T0006Z000C1N38.png,10,0.5821022034029828,0.5821022034029828
G0,W0082F0001T0006Z000C1N38.png,11,0.11267605633803157,0.11267605633803157
G0,W0082F0001T0006Z000C1N38.png,12,6.403124237432847,6.403124237432847
G0,W0082F0001T0006Z000C1N38.png,13,0.25,0.25
G0,W0082F0001T0006Z000C1N38.png,14,0.23482259852735718,0.23482259852735718
G0,W0082F0001T0006Z000C1N38.png,15,2.6874192494328435,2.6874192494328435
G0,W0082F0001T0006Z000C1N38.png,16,0.49652532273981953,0.49652532273981953
G0,W0082F0001T0006Z000C1N38.png,17,0.4472135954999643,0.4472135954999643
G0,W0082F0001T0006Z000C1N38.png,18,0.7071067811865476,0.7071067811865476
G0,W0082F0001T0006Z000C1N38.png,19,0.0,0.0
G0,W0082F0001T0006Z000C1N38.png,20,0.0,0.0
G0,W0082F0001T0006Z000C1N38.png,21,0.0,0.0
G0,W0082F0001T0006Z000C1N38.png,22,0.0,0.0
G0,W0082F0001T0006Z000C1N38.png,23,0.3748277841470569,0.3748277841470569
G0,W0082F0001T0006Z000C1N38.png,24,0.5,0.5
G0,W0082F0001T0006Z000C1N38.png,25,0.41146473026041824,0.41146473026041824
G0,W0082F0001T0006Z000C1N38.png,26,0.12649110640673922,0.12649110640673922
G0,W0082F0001T0006Z000C1N38.png,27,0.15713484026368169,0.15713484026368169
G0,W0082F0001T0006Z000C1N38.png,28,0.4487637339278788,0.4487637339278788
G0,W0082F0001T0006Z000C1N38.png,29,0.11180339887498948,0.11180339887498948
G0,W0082F0001T0006Z000C1N38.png,30,0.5594813585649774,0.5594813585649774
G0,W0082F0001T0006Z000C1N38.png,31,0.5,0.5
G0,W0082F0001T0006Z000C1N38.png,32,0.6285894658306699,0.6285894658306699
G0,W0082F0001T0006Z000C1N38.png,33,0.5,0.5
G0,W0082F0001T0006Z000C1N38.png,34,0.0,0.0
G0,W0082F0001T0006Z000C1N38.png,35,21.2465070658685,21.2465070658685
G0,W0082F0001T0006Z000C1N38.png,36,0.25194555463432966,0.25194555463432966
G0,W0082F0001T0006Z000C1N38.png,37,0.4472135954999643,0.4472135954999643
G0,W0082F0001T0006Z000C1N38.png,38,0.0,0.0
G0,W0082F0001T0006Z000C1N38.png,39,0.5,0.5
G0,W0082F0001T0006Z000C1N38.png,40,0.5,0.5
G0,W0082F0001T0006Z000C1N38.png,41,0.0,0.0
G0,W0082F0001T0006Z000C1N38.png,42,0.13636363636364024,0.13636363636364024
G0,W0082F0001T0006Z000C1N38.png,43,0.5,0.5
G0,W0082F0001T0006Z000C1N38.png,44,0.0,0.0
G0,W0082F0001T0006Z000C1N38.png,45,0.4479032082388087,0.4479032082388087
G0,W0082F0001T0006Z000C1N38.png,46,3.0,3.0
G0,W0082F0001T0006Z000C1N38.png,47,2.8284271247461903,2.8284271247461903
G0,W0082F0001T0006Z000C1N38.png,48,0.7071067811865476,0.7071067811865476
G0,W0082F0001T0006Z000C1N38.png,49,0.7071067811865476,0.7071067811865476
G0,W0082F0001T0006Z000C1N38.png,50,0.0,0.0
G0,W0082F0001T0006Z000C1N38.png,51,0.2857142857142847,0.2857142857142847
G0,W0082F0001T0006Z000C1N38.png,52,0.31868871959954903,0.31868871959954903
G0,W0082F0001T0006Z000C1N38.png,53,0.35136418446314976,0.35136418446314976
G0,W0082F0001T0006Z000C1N38.png,54,0.5,0.5
G0,W0082F0001T0006Z000C1N38.png,55,0.5439282932204242,0.5439282932204242
G0,W0082F0001T0006Z000C1N38.png,56,0.7071067811865476,0.7071067811865476
G0,W0082F0001T0006Z000C1N38.png,57,0.25,0.25
G0,W0082F0001T0006Z000C1N38.png,58,0.21739130434783363,0.21739130434783363
G0,W0082F0001T0006Z000C1N38.png,59,0.2262741699796929,0.2262741699796929
G0,W0082F0001T0006Z000C1N38.png,60,0.20000000000000284,0.20000000000000284
G0,W0082F0001T0006Z000C1N38.png,61,0.4013864859597416,0.4013864859597416
G0,W0082F0001T0006Z000C1N38.png,62,7.0710678118654755,7.0710678118654755
G0,W0082F0001T0006Z000C1N38.png,63,0.47140452079103,0.47140452079103
G0,W0082F0001T0006Z000C1N38.png,64,0.4472135954999631,0.4472135954999631
G0,W0082F0001T0006Z000C1N38.png,65,0.6248199740725363,0.6248199740725363
G0,W0082F0001T0006Z000C1N38.png,66,0.42426406871192446,0.42426406871192446
G0,W0082F0001T0006Z000C1N38.png,67,0.3530633648683915,0.3530633648683915
G0,W0082F0001T0006Z000C1N38.png,68,0.2857142857142847,0.2857142857142847
G0,W0082F0001T0006Z000C1N38.png,69,0.2120912514978849,0.2120912514978849
G0,W0082F0001T0006Z000C1N38.png,70,5.318011846545662,5.318011846545662
G0,W0082F0001T0006Z000C1N38.png,71,0.39371239731032126,0.39371239731032126
G0,W0082F0001T0006Z000C1N38.png,72,0.5,0.5
G0,W0082F0001T0006Z000C1N38.png,73,0.0,0.0
G0,W0082F0001T0006Z000C1N38.png,74,0.0,0.0
G0,W0082F0001T0006Z000C1N38.png,75,0.2857142857142847,0.2857142857142847
G0,W0082F0001T0006Z000C1N10.png,1,12.034399729920231,12.034399729920231
G0,W0082F0001T0006Z000C1N10.png,2,14.159802258506296,14.159802258506296
G0,W0082F0001T0006Z000C1N10.png,3,9.933983479842203,9.933983479842203
G0,W0082F0001T0006Z000C1N10.png,4,0.1999999999999993,0.1999999999999993
G0,W0082F0001T0006Z000C1N10.png,5,1.2649110640673562,1.2649110640673562
G0,W0082F0001T0006Z000C1N10.png,6,9.500822332829932,9.500822332829932
G0,W0082F0001T0006Z000C1N10.png,7,0.7071067811865476,0.7071067811865476
G0,W0082F0001T0006Z000C1N10.png,8,14.27939895681542,14.499467848898272
G0,W0082F0001T0006Z000C1N10.png,9,4.533823502911811,4.533823502911811
G0,W0082F0001T0006Z000C1N10.png,10,0.0,1.0
G0,W0082F0001T0006Z000C1N10.png,11,10.285714285714285,10.285714285714285
G0,W0082F0001T0006Z000C1N10.png,12,6.077727824623612,6.077727824623612
G0,W0082F0001T0006Z000C1N10.png,13,0.485912657903773,0.485912657903773
G0,W0082F0001T0006Z000C1N10.png,14,0.0,0.0
G0,W0082F0001T0006Z000C1N10.png,15,5.727128425310546,5.727128425310546
G0,W0082F0001T0006Z000C1N10.png,16,0.24253562503633297,0.24253562503633297
G0,W0082F0001T0006Z000C1N10.png,17,0.5,0.5
G0,W0082F0001T0006Z000C1N10.png,18,1.5344610249592885,1.5344610249592885
G0,W0082F0001T0006Z000C1N10.png,19,0.28000000000000114,0.28000000000000114
G0,W0082F0001T0006Z000C1N10.png,20,0.4472135954999643,0.4472135954999643
G0,W0082F0001T0006Z000C1N10.png,21,0.4472135954999643,0.4472135954999643
G0,W0082F0001T0006Z000C1N10.png,22,0.37267799624996284,0.37267799624996284
G0,W0082F0001T0006Z000C1N10.png,23,0.5,0.5
G0,W0082F0001T0006Z000C1N10.png,24,5.088112507491246,5.088112507491246
G0,W0082F0001T0006Z000C1N10.png,25,2.8284271247461903,2.8284271247461903
G0,W0082F0001T0006Z000C1N10.png,26,0.5,0.5
G0,W0082F0001T0006Z000C1N10.png,27,0.5,0.5
G0,W0082F0001T0006Z000C1N10.png,28,0.5270462766947314,0.5270462766947314
G0,W0082F0001T0006Z000C1N10.png,29,3.492849839314601,3.492849839314601
G0,W0082F0001T0006Z000C1N10.png,30,0.4472135954999643,0.4472135954999643
G0,W0082F0001T0006Z000C1N10.png,31,31.001526971364058,31.001526971364058
G0,W0082F0001T0006Z000C1N10.png,32,0.5,0.5
G0,W0082F0001T0006Z000C1N10.png,33,0.1767766952966369,0.1767766952966369
G0,W0082F0001T0006Z000C1N10.png,34,1.6703662642636614,1.6703662642636614
G0,W0082F0001T0006Z000C1N10.png,35,0.2357022603955175,0.2357022603955175
G0,W0082F0001T0006Z000C1N10.png,36,10.168113519447877,10.168113519447877
G0,W0082F0001T0006Z000C1N10.png,37,7.158910531638177,7.158910531638177
G0,W0082F0001T0006Z000C1N10.png,38,0.6285393610547066,0.6285393610547066
G0,W0082F0001T0006Z000C1N10.png,39,0.47140452079103,0.47140452079103
G0,W0082F0001T0006Z000C1N10.png,40,1.4142135623730951,2.0
G0,W0082F0001T0006Z000C1N10.png,41,8.100617260431452,8.603487664894972
G0,W0082F0001T0006Z000C1N10.png,42,1.0198039027185575,1.0198039027185575
G0,W0082F0001T0006Z000C1N10.png,43,13.416407864998739,13.892443989449804
G0,W0082F0001T0006Z000C1N10.png,44,0.5,0.5
G0,W0082F0001T0006Z000C1N10.png,45,0.7071067811865476,0.7071067811865476
G0,W0082F0001T0006Z000C1N10.png,46,0.4472135954999643,0.4472135954999643
G0,W0082F0001T0006Z000C1N10.png,47,5.667755886603034,5.667755886603034
G0,W0082F0001T0006Z000C1N10.png,48,5.408326913195984,5.408326913195984
G0,W0082F0001T0006Z000C1N10.png,49,9.516798014271638,9.516798014271638
G0,W0082F0001T0006Z000C1N39.png,1,58.29141350910003,
G0,W0082F0001T0006Z000C1N39.png,2,67.01678894127949,
G0,W0082F0001T0006Z000C1N39.png,3,67.66184301362179,
G0,W0082F0001T0006Z000C1N39.png,4,110.99870494740019,
G0,W0082F0001T0006Z000C1N39.png,5,114.58040250868932,
G0,W0082F0001T0006Z000C1N39.png,6,115.31005283158824,
G0,W0082F0001T0006Z000C1N9.png,1,0.7071067811865476,0.7071067811865476
G0,W0082F0001T0006Z000C1N9.png,2,0.5014771080925102,0.5014771080925102
G0,W0082F0001T0006Z000C1N9.png,3,5.024937810560445,5.024937810560445
G0,W0082F0001T0006Z000C1N9.png,4,4.031128874149275,4.031128874149275
G0,W0082F0001T0006Z000C1N9.png,5,1.4142135623730951,1.4142135623730951
G0,W0082F0001T0006Z000C1N9.png,6,1.118033988749895,1.118033988749895
G0,W0082F0001T0006Z000C1N9.png,7,4.533823502911815,4.533823502911815
G0,W0082F0001T0006Z000C1N9.png,8,1.4142135623730951,1.4142135623730951
G0,W0082F0001T0006Z000C1N9.png,9,0.4861017342390841,0.4861017342390841
G0,W0082F0001T0006Z000C1N9.png,10,0.3535533905932738,0.3535533905932738
G0,W0082F0001T0006Z000C1N9.png,11,0.0,0.0
G0,W0082F0001T0006Z000C1N9.png,12,0.7071067811865476,0.7071067811865476
G0,W0082F0001T0006Z000C1N9.png,13,0.2857142857142847,0.2857142857142847
G0,W0082F0001T0006Z000C1N9.png,14,0.235702260395515,0.235702260395515
G0,W0082F0001T0006Z000C1N9.png,15,0.4472135954999579,0.4472135954999579
G0,W0082F0001T0006Z000C1N9.png,16,0.4472135954999579,0.4472135954999579
G0,W0082F0001T0006Z000C1N9.png,17,0.0,0.0
G0,W0082F0001T0006Z000C1N9.png,18,2.5,2.5
G0,W0082F0001T0006Z000C1N9.png,19,0.0,0.0
G0,W0082F0001T0006Z000C1N9.png,20,0.5,0.5
G0,W0082F0001T0006Z000C1N9.png,21,6.020797289396148,6.726812023536855
G0,W0082F0001T0006Z000C1N9.png,22,2.4962782214083643,3.3783462138294666
G0,W0082F0001T0006Z000C1N9.png,23,0.6337681357259082,0.6337681357259082
G0,W0082F0001T0006Z000C1N9.png,24,3.2678758155228302,3.2678758155228302
G0,W0082F0001T0006Z000C1N9.png,25,0.20000000000000284,0.20000000000000284
G0,W0082F0001T0006Z000C1N9.png,26,0.37267799624996284,0.37267799624996284
G0,W0082F0001T0006Z000C1N9.png,27,7.641989269817121,7.641989269817121
G0,W0082F0001T0006Z000C1N9.png,28,0.15971914124998043,0.15971914124998043
G0,W0082F0001T0006Z000C1N9.png,29,0.9999999999999943,0.9999999999999943
G0,W0082F0001T0006Z000C1N9.png,30,0.25,0.25
G0,W0082F0001T0006Z000C1N9.png,31,5.1999999999999975,5.1999999999999975
G0,W0082F0001T0006Z000C1N9.png,32,0.5,0.5
G0,W0082F0001T0006Z000C1N9.png,33,1.2271868313237981,1.2271868313237981
G0,W0082F0001T0006Z000C1N9.png,34,0.5385164807134515,0.5385164807134515
G0,W0082F0001T0006Z000C1N9.png,35,0.5,0.5
G0,W0082F0001T0006Z000C1N9.png,36,0.2857142857142918,0.2857142857142918
G0,W0082F0001T0006Z000C1N9.png,37,0.5,0.5
G0,W0082F0001T0006Z000C1N9.png,38,0.15971914124998043,0.15971914124998043
G0,W0082F0001T0006Z000C1N9.png,39,0.35600015605489266,0.35600015605489266
G0,W0082F0001T0006Z000C1N9.png,40,0.5394586406760021,0.5394586406760021
G0,W0082F0001T0006Z000C1N9.png,41,3.89473684210526,3.89473684210526
G0,W0082F0001T0006Z000C1N9.png,42,5.0,5.0
G0,W0082F0001T0006Z000C1N9.png,43,7.630497349184934,7.630497349184934
G0,W0082F0002T0006Z000C1N48.png,1,28.93019957048221,94.48551213145582
G0,W0082F0002T0006Z000C1N48.png,2,35.22782990761707,65.55150646628954
G0,W0082F0002T0006Z000C1N48.png,3,38.07886552931954,58.82176467941097
G0,W0082F0002T0006Z000C1N48.png,4,18.638371411925696,85.63520823171326
G0,W0082F0002T0006Z000C1N48.png,5,32.65348373451139,100.4353025584132
G0,W0082F0002T0006Z000C1N48.png,6,36.08631627393162,51.460880503759576
G0,W0082F0002T0006Z000C1N48.png,7,4.031128874149275,125.12094149262145
G0,W0082F0002T0006Z000C1N48.png,8,16.00781059358212,112.42441905564823
G0,W0082F0002T0006Z000C1N48.png,9,23.547823678633232,117.86644984897102
G0,W0082F0002T0006Z000C1N48.png,10,1.0,35.4682957019364
G0,W0082F0002T0006Z000C1N48.png,11,17.204650534085253,21.37755832643195
G0,W0082F0002T0006Z000C1N48.png,12,19.759800205012493,82.9674848979759
G0,W0082F0002T0006Z000C1N48.png,13,6.84075422503593,6.84075422503593
G0,W0082F0002T0006Z000C1N48.png,14,0.31240998703626177,0.31240998703626177
G0,W0082F0002T0006Z000C1N48.png,15,36.51787994333126,107.67492228410887
G0,W0082F0002T0006Z000C1N48.png,16,26.144228065808804,92.23080104366993
G0,W0082F0002T0006Z000C1N48.png,17,14.807092894960848,57.142366069318484
G0,W0082F0002T0006Z000C1N48.png,18,18.35755975068582,95.70788891204319
G0,W0082F0002T0006Z000C1N48.png,19,0.5821022034029961,0.5821022034029961
G0,W0082F0002T0006Z000C1N48.png,20,23.08900259466239,25.144480467076345
G0,W0082F0002T0006Z000C1N48.png,21,7.5,8.558621384311845
G0,W0082F0002T0006Z000C1N48.png,22,15.435349040433131,18.580904176062045
G0,W0082F0003T0006Z000C1N72.png,1,0.25,0.25
G0,W0082F0003T0006Z000C1N72.png,2,3.005203820042827,3.005203820042827
G0,W0082F0003T0006Z000C1N72.png,3,0.45175395145262415,0.45175395145262415
G0,W0082F0003T0006Z000C1N72.png,4,0.47140452079103096,0.47140452079103096
G0,W0082F0003T0006Z000C1N72.png,5,0.49413570607876633,0.49413570607876633
G0,W0082F0003T0006Z000C1N72.png,6,0.0,0.0
G0,W0082F0003T0006Z000C1N72.png,7,0.5,0.5
G0,W0082F0003T0006Z000C1N72.png,8,0.4859126579037669,0.4859126579037669
G0,W0082F0003T0006Z000C1N72.png,9,0.4714045207910325,0.4714045207910325
G0,W0082F0003T0006Z000C1N72.png,10,0.8017149827589899,0.8017149827589899
G0,W0082F0003T0006Z000C1N72.png,11,0.5091318296632205,0.5091318296632205
G0,W0082F0003T0006Z000C1N72.png,12,0.2357022603955175,0.2357022603955175
G0,W0082F0003T0006Z000C1N72.png,13,6.204379990438981,6.204379990438981
G0,W0082F0003T0006Z000C1N72.png,14,4.743416490252569,4.743416490252569
G0,W0082F0003T0006Z000C1N72.png,15,0.3435921354681361,0.3435921354681361
G0,W0082F0003T0006Z000C1N72.png,16,0.40061680838488334,0.40061680838488334
G0,W0082F0003T0006Z000C1N72.png,17,0.3333333333333357,0.3333333333333357
G0,W0082F0003T0006Z000C1N72.png,18,0.7071067811865476,0.7071067811865476
G0,W0082F0003T0006Z000C1N72.png,19,0.0,0.0
G0,W0082F0003T0006Z000C1N72.png,20,4.6212562220996585,4.6212562220996585
G0,W0082F0003T0006Z000C1N72.png,21,0.4472135954999567,0.4472135954999567
G0,W0082F0003T0006Z000C1N72.png,22,0.0,0.0
G0,W0082F0003T0006Z000C1N72.png,23,0.45758356182164284,0.45758356182164284
G0,W0082F0003T0006Z000C1N72.png,24,0.675862503366467,0.675862503366467
G0,W0082F0003T0006Z000C1N72.png,25,0.22222222222222854,0.22222222222222854
G0,W0082F0003T0006Z000C1N72.png,26,2.1957993534733236,2.1957993534733236
G0,W0082F0003T0006Z000C1N72.png,27,0.5439282932204242,0.5439282932204242
G0,W0082F0003T0006Z000C1N72.png,28,0.3308586641170225,0.3308586641170225
G0,W0082F0003T0006Z000C1N72.png,29,0.17582825908940317,0.17582825908940317
G0,W0082F0003T0006Z000C1N72.png,30,0.372161463782397,0.372161463782397
G0,W0082F0003T0006Z000C1N72.png,31,3.640054944640259,3.640054944640259
G0,W0082F0003T0006Z000C1N72.png,32,3.905124837953327,3.905124837953327
G0,W0082F0003T0006Z000C1N72.png,33,4.700814424118442,4.700814424118442
G0,W0082F0003T0006Z000C1N72.png,34,5.783867650629637,5.783867650629637
G0,W0082F0003T0006Z000C1N72.png,35,0.42458049300612116,0.42458049300612116
G0,W0082F0003T0006Z000C1N72.png,36,5.4377793670251515,5.4377793670251515
G0,W0082F0003T0006Z000C1N72.png,37,0.7071067811865476,0.7071067811865476
G0,W0082F0003T0006Z000C1N72.png,38,0.48534065928536957,0.48534065928536957
G0,W0082F0003T0006Z000C1N72.png,39,0.18601633295107822,0.18601633295107822
G0,W0082F0003T0006Z000C1N72.png,40,0.0,0.0
G0,W0082F0003T0006Z000C1N72.png,41,0.1767766952966369,0.1767766952966369
G0,W0082F0003T0006Z000C1N72.png,42,6.324555320336759,6.324555320336759
G0,W0082F0003T0006Z000C1N72.png,43,0.5300865358950261,0.5300865358950261
G0,W0082F0003T0006Z000C1N72.png,44,0.0,0.0
G0,W0082F0003T0006Z000C1N72.png,45,0.19230769230769623,0.19230769230769623
G0,W0082F0003T0006Z000C1N72.png,46,0.5,0.5
G0,W0082F0003T0006Z000C1N72.png,47,9.879271228182782,9.879271228182782
G0,W0082F0003T0006Z000C1N72.png,48,2.241809907658391,2.241809907658391
G0,W0082F0003T0006Z000C1N72.png,49,9.031195934094221,9.031195934094221
G0,W0082F0003T0006Z000C1N72.png,50,0.39283710065919014,0.39283710065919014
G0,W0082F0003T0006Z000C1N72.png,51,0.3922322702763708,0.3922322702763708
G0,W0082F0003T0006Z000C1N72.png,52,6.4031242374328485,6.4031242374328485
G0,W0082F0003T0006Z000C1N72.png,53,0.25,0.25
G0,W0082F0003T0006Z000C1N72.png,54,8.055363982396377,8.055363982396377
G0,W0082F0003T0006Z000C1N72.png,55,1.194279638474718,1.194279638474718
G0,W0082F0003T0006Z000C1N72.png,56,7.133644853010896,7.133644853010896
G0,W0082F0003T0006Z000C1N72.png,57,11.167397863748699,11.167397863748699
G0,W0082F0003T0006Z000C1N72.png,58,7.0178344238090995,7.0178344238090995
G0,W0082F0003T0006Z000C1N72.png,59,0.6491810257257477,0.6491810257257477
G0,W0082F0003T0006Z000C1N72.png,60,5.215361924162122,5.215361924162122
G0,W0082F0003T0006Z000C1N72.png,61,0.322580645161287,0.322580645161287
G0,W0082F0003T0006Z000C1N72.png,62,6.670832032063167,6.670832032063167
G0,W0082F0003T0006Z000C1N72.png,63,0.12856486930664865,0.12856486930664865
G0,W0082F0003T0006Z000C1N72.png,64,0.2857142857142918,0.2857142857142918
G0,W0082F0003T0006Z000C1N72.png,65,2.38565672817599,2.38565672817599
G0,W0082F0003T0006Z000C1N72.png,66,0.5,0.5
G0,W0082F0003T0006Z000C1N72.png,67,8.48528137423857,8.48528137423857
G0,W0082F0003T0006Z000C1N72.png,68,0.5,0.5
G0,W0082F0003T0006Z000C1N72.png,69,0.3535533905932738,0.3535533905932738
G0,W0082F0003T0006Z000C1N72.png,70,0.3719166512336457,0.3719166512336457
G0,W0082F0003T0006Z000C1N72.png,71,4.617358552246073,4.617358552246073
G0,W0082F0003T0006Z000C1N72.png,72,0.0,0.0
G0,W0082F0003T0006Z000C1N72.png,73,0.4103690750748367,0.4103690750748367
G0,W0082F0002T0006Z000C1N60.png,1,46.72686593385009,46.72686593385009
G0,W0082F0002T0006Z000C1N60.png,2,51.596402738080535,51.596402738080535
G0,W0082F0002T0006Z000C1N60.png,3,0.7453559924999295,0.7453559924999295
G0,W0082F0002T0006Z000C1N60.png,4,0.0,0.0
G0,W0082F0002T0006Z000C1N60.png,5,51.5498569843025,51.5498569843025
G0,W0082F0002T0006Z000C1N60.png,6,0.5,0.5
G0,W0082F0002T0006Z000C1N60.png,7,30.943812487313195,30.943812487313195
G0,W0082F0002T0006Z000C1N60.png,8,8.8670739254841,8.8670739254841
G0,W0082F0002T0006Z000C1N60.png,9,1.6703662642636543,1.6703662642636543
G0,W0082F0002T0006Z000C1N60.png,10,7.615773105863909,7.615773105863909
G0,W0082F0002T0006Z000C1N60.png,11,6.708203932499369,6.708203932499369
G0,W0082F0002T0006Z000C1N60.png,12,0.4282417581929667,0.4282417581929667
G0,W0082F0002T0006Z000C1N60.png,13,8.94427190999916,8.94427190999916
G0,W0082F0002T0006Z000C1N60.png,14,3.3208098075285504,3.3208098075285504
G0,W0082F0002T0006Z000C1N60.png,15,15.074813431681335,15.074813431681335
G0,W0082F0002T0006Z000C1N60.png,16,0.4472135954999579,0.4472135954999579
G0,W0082F0002T0006Z000C1N60.png,17,1.4142135623730951,1.4142135623730951
G0,W0082F0002T0006Z000C1N60.png,18,0.7071067811865476,0.7071067811865476
G0,W0082F0002T0006Z000C1N60.png,19,8.938749049386116,11.431492131199622
G0,W0082F0002T0006Z000C1N60.png,20,0.8944271909999126,0.8944271909999126
G0,W0082F0002T0006Z000C1N60.png,21,0.4282417581929755,0.4282417581929755
G0,W0082F0002T0006Z000C1N60.png,22,5.9908263203000605,6.315853069855248
G0,W0082F0002T0006Z000C1N60.png,23,0.39051248379533055,0.39051248379533055
G0,W0082F0002T0006Z000C1N60.png,24,0.0,0.0
G0,W0082F0002T0006Z000C1N60.png,25,0.5,0.5
G0,W0082F0002T0006Z000C1N60.png,26,14.895759682194639,14.895759682194639
G0,W0082F0002T0006Z000C1N60.png,27,0.42824175819296867,0.42824175819296867
G0,W0082F0002T0006Z000C1N60.png,28,0.7071067811865476,0.7071067811865476
G0,W0082F0002T0006Z000C1N60.png,29,0.0,0.0
G0,W0082F0002T0006Z000C1N60.png,30,0.5385164807134515,0.5385164807134515
G0,W0082F0002T0006Z000C1N60.png,31,5.0881125074912505,5.217491947499513
G0,W0082F0002T0006Z000C1N60.png,32,13.624290872377465,13.624290872377465
G0,W0082F0002T0006Z000C1N60.png,33,0.4282417581929755,0.4282417581929755
G0,W0082F0002T0006Z000C1N60.png,34,12.223440595838786,12.830140295413752
G0,W0082F0002T0006Z000C1N60.png,35,1.0,1.0
G0,W0082F0002T0006Z000C1N60.png,36,3.605551275463989,5.0990195135927845
G0,W0082F0002T0006Z000C1N60.png,37,9.394147114027968,9.394147114027968
G0,W0082F0002T0006Z000C1N60.png,38,6.408002808988148,6.408002808988148
G0,W0082F0002T0006Z000C1N60.png,39,3.640054944640259,3.640054944640259
G0,W0082F0002T0006Z000C1N60.png,40,1.3552618543578832,1.3552618543578832
G0,W0082F0002T0006Z000C1N60.png,41,14.104890583021806,14.104890583021806
G0,W0082F0002T0006Z000C1N60.png,42,7.826237921249264,8.139410298049853
G0,W0082F0002T0006Z000C1N60.png,43,0.2341376003101845,0.2341376003101845
G0,W0082F0002T0006Z000C1N60.png,44,0.8838834764831844,0.8838834764831844
G0,W0082F0002T0006Z000C1N60.png,45,0.4472135954999579,0.4472135954999579
G0,W0082F0002T0006Z000C1N3.png,1,1.6698099610801398,1.6698099610801398
G0,W0082F0002T0006Z000C1N3.png,2,1.118033988749895,1.118033988749895
G0,W0082F0002T0006Z000C1N3.png,3,0.4533823502911756,0.4533823502911756
G0,W0082F0002T0006Z000C1N3.png,4,0.23570226039552003,0.23570226039552003
G0,W0082F0002T0006Z000C1N3.png,5,0.0,0.0
G0,W0082F0002T0006Z000C1N3.png,6,0.4714045207910275,0.4714045207910275
G0,W0082F0002T0006Z000C1N3.png,7,0.0,0.0
G0,W0082F0002T0006Z000C1N3.png,8,0.25,0.25
G0,W0082F0002T0006Z000C1N3.png,9,0.21851825911902995,0.21851825911902995
G0,W0082F0002T0006Z000C1N3.png,10,0.0,0.0
G0,W0082F0002T0006Z000C1N3.png,11,0.7071067811865476,0.7071067811865476
G0,W0082F0002T0006Z000C1N3.png,12,0.2857142857142847,0.2857142857142847
G0,W0082F0002T0006Z000C1N3.png,13,0.4472135954999643,0.4472135954999643
G0,W0082F0002T0006Z000C1N3.png,14,0.3808745178340445,0.3808745178340445
G0,W0082F0002T0006Z000C1N3.png,15,0.5386379086832136,0.5386379086832136
G0,W0082F0002T0006Z000C1N3.png,16,0.7071067811865476,0.7071067811865476
G0,W0082F0002T0006Z000C1N3.png,17,0.31943828249997674,0.31943828249997674
G0,W0082F0002T0006Z000C1N3.png,18,0.0,0.0
G0,W0082F0002T0006Z000C1N3.png,19,0.6307180135528263,0.6307180135528263
G0,W0082F0002T0006Z000C1N3.png,20,0.7071067811865476,0.7071067811865476
G0,W0082F0002T0006Z000C1N3.png,21,0.0,0.0
G0,W0082F0002T0006Z000C1N3.png,22,0.5,0.5
G0,W0082F0002T0006Z000C1N3.png,23,0.0,0.0
G0,W0082F0002T0006Z000C1N3.png,24,0.47140452079103,0.47140452079103
G0,W0082F0002T0006Z000C1N3.png,25,0.2858859374484304,0.2858859374484304
G0,W0082F0002T0006Z000C1N3.png,26,0.32635697593225155,0.32635697593225155
G0,W0082F0002T0006Z000C1N3.png,27,0.0,0.0
G0,W0082F0002T0006Z000C1N3.png,28,0.5385164807134515,0.5385164807134515
G0,W0082F0002T0006Z000C1N3.png,29,0.0,0.0
G0,W0082F0002T0006Z000C1N3.png,30,0.0,0.0
G0,W0082F0002T0006Z000C1N3.png,31,0.5,0.5
G0,W0082F0002T0006Z000C1N3.png,32,0.5153882032022076,0.5153882032022076
G0,W0082F0002T0006Z000C1N3.png,33,0.1666666666666714,0.1666666666666714
G0,W0082F0002T0006Z000C1N3.png,34,0.0,0.0
G0,W0082F0002T0006Z000C1N3.png,35,0.4221756581571175,0.4221756581571175
G0,W0082F0002T0006Z000C1N3.png,36,0.0,0.0
G0,W0082F0002T0006Z000C1N3.png,37,0.7071067811865476,0.7071067811865476
G0,W0082F0002T0006Z000C1N3.png,38,0.0,0.0
G0,W0082F0002T0006Z000C1N3.png,39,0.48650425541052716,0.48650425541052716
G0,W0082F0002T0006Z000C1N3.png,40,0.42824175819296867,0.42824175819296867
G0,W0082F0002T0006Z000C1N3.png,41,0.39308254716901864,0.39308254716901864
G0,W0082F0002T0006Z000C1N3.png,42,0.47140452079102496,0.47140452079102496
G0,W0082F0002T0006Z000C1N3.png,43,0.7071067811865476,0.7071067811865476
G0,W0082F0002T0006Z000C1N3.png,44,0.25,0.25
G0,W0082F0002T0006Z000C1N3.png,45,0.27116307227332176,0.27116307227332176
G0,W0082F0002T0006Z000C1N3.png,46,0.0,0.0
G0,W0082F0002T0006Z000C1N3.png,47,0.0,0.0
G0,W0082F0002T0006Z000C1N3.png,48,0.5128728387747195,0.5128728387747195
G0,W0082F0002T0006Z000C1N3.png,49,0.0,0.0
G0,W0082F0002T0006Z000C1N3.png,50,0.0,0.0
G0,W0082F0002T0006Z000C1N3.png,51,0.4165876918916765,0.4165876918916765
G0,W0082F0002T0006Z000C1N3.png,52,0.1527076157636214,0.1527076157636214
G0,W0082F0002T0006Z000C1N3.png,53,0.7071067811865476,0.7071067811865476
G0,W0082F0002T0006Z000C1N3.png,54,0.36260561797293717,0.36260561797293717
G0,W0082F0002T0006Z000C1N3.png,55,0.0,0.0
G0,W0082F0002T0006Z000C1N3.png,56,0.2193785565925009,0.2193785565925009
G0,W0082F0002T0006Z000C1N3.png,57,0.37665436690781606,0.37665436690781606
G0,W0082F0002T0006Z000C1N3.png,58,0.0,0.0
G0,W0082F0002T0006Z000C1N3.png,59,2.0,2.0
G0,W0082F0002T0006Z000C1N3.png,60,0.45454545454544754,0.45454545454544754
G0,W0082F0002T0006Z000C1N3.png,61,0.24037008503093868,0.24037008503093868
G0,W0082F0002T0006Z000C1N3.png,62,0.31943828249996725,0.31943828249996725
G0,W0082F0002T0006Z000C1N3.png,63,0.0,0.0
G0,W0082F0002T0006Z000C1N3.png,64,0.0,0.0
G0,W0082F0002T0006Z000C1N3.png,65,0.5665577237325339,0.5665577237325339
G0,W0082F0002T0006Z000C1N3.png,66,0.5,0.5
G0,W0082F0002T0006Z000C1N3.png,67,0.18601633295107822,0.18601633295107822
G0,W0082F0002T0006Z000C1N3.png,68,7.3824115301167,7.3824115301167
G0,W0082F0002T0006Z000C1N3.png,69,16.087135182105825,16.087135182105825
G0,W0082F0002T0006Z000C1N3.png,70,5.0,5.0
G0,W0082F0002T0006Z000C1N139.png,1,47.83362369249852,47.83362369249852
G0,W0082F0002T0006Z000C1N139.png,2,0.7170618479335055,0.7170618479335055
G0,W0082F0002T0006Z000C1N139.png,3,0.536656314599954,0.536656314599954
G0,W0082F0002T0006Z000C1N139.png,4,1.6113261253036746,1.6113261253036746
G0,W0082F0002T0006Z000C1N139.png,5,2.692582403567252,2.692582403567252
G0,W0082F0002T0006Z000C1N139.png,6,52.45093508905229,52.45093508905229
G0,W0082F0002T0006Z000C1N139.png,7,27.459060435491963,27.459060435491963
G0,W0082F0002T0006Z000C1N139.png,8,25.264159946013994,26.15870367158468
G0,W0082F0002T0006Z000C1N139.png,9,23.706539182259394,23.706539182259394
G0,W0082F0002T0006Z000C1N139.png,10,17.67766952966369,17.67766952966369
G0,W0082F0002T0006Z000C1N139.png,11,18.5,18.5
G0,W0082F0002T0006Z000C1N139.png,12,21.914607000811127,21.914607000811127
G0,W0082F0002T0006Z000C1N139.png,13,26.16401260425388,26.3417708001738
G0,W0082F0002T0006Z000C1N139.png,14,14.5,14.5
G0,W0082F0002T0006Z000C1N139.png,15,6.708203932499369,9.219544457292887
G0,W0082F0002T0006Z000C1N139.png,16,11.661903789690603,11.661903789690603
G0,W0082F0002T0006Z000C1N139.png,17,18.92253947016626,18.92253947016626
G0,W0082F0002T0006Z000C1N139.png,18,9.80114789195633,9.80114789195633
G0,W0082F0002T0006Z000C1N139.png,19,22.0,22.67156809750927
G0,W0082F0002T0006Z000C1N139.png,20,10.89036271204958,12.206555615733697
G0,W0082F0002T0006Z000C1N139.png,21,10.307764064044152,10.307764064044152
G0,W0082F0002T0006Z000C1N139.png,22,8.172722216602748,11.877125734051964
G0,W0082F0002T0006Z000C1N139.png,23,4.123105625617661,4.123105625617661
G0,W0082F0002T0006Z000C1N139.png,24,15.041608956491324,20.426698215815495
G0,W0082F0002T0006Z000C1N139.png,25,0.5,0.5
G0,W0082F0002T0006Z000C1N139.png,26,8.312566717452485,8.312566717452485
G0,W0082F0002T0006Z000C1N139.png,27,1.118033988749895,1.118033988749895
G0,W0082F0002T0006Z000C1N139.png,28,14.073467945037569,21.84176046018269
G0,W0082F0002T0006Z000C1N139.png,29,0.2857142857142847,0.2857142857142847
G0,W0082F0002T0006Z000C1N139.png,30,8.634958019585271,18.616189191131465
G0,W0082F0002T0006Z000C1N139.png,31,5.587887775887985,5.587887775887985
G0,W0082F0002T0006Z000C1N139.png,32,6.4031242374328485,6.4031242374328485
G0,W0082F0002T0006Z000C1N139.png,33,0.5081972676135871,0.5081972676135871
G0,W0082F0002T0006Z000C1N139.png,34,0.0,0.0
G0,W0082F0002T0006Z000C1N139.png,35,0.2571297386132923,0.2571297386132923
G0,W0082F0002T0006Z000C1N139.png,36,7.124043795485821,13.648150057791717
G0,W0082F0002T0006Z000C1N139.png,37,0.11630810566012538,0.11630810566012538
G0,W0082F0002T0006Z000C1N139.png,38,0.0,0.0
G0,W0082F0002T0006Z000C1N139.png,39,14.5,14.5
G0,W0082F0002T0006Z000C1N139.png,40,0.47140452079103,0.7453559924999257
G0,W0082F0002T0006Z000C1N139.png,41,13.885243966167819,13.885243966167819
G0,W0082F0002T0006Z000C1N139.png,42,0.20000000000000284,1.0198039027185575
G0,W0082F0002T0006Z000C1N139.png,43,0.5,0.5
G0,W0082F0002T0006Z000C1N139.png,44,17.46424919657298,17.69180601295413
G0,W0082F0002T0006Z000C1N139.png,45,1.0,1.0
G0,W0082F0002T0006Z000C1N139.png,46,2.5290555319439916,3.5357297749617755
G0,W0082F0002T0006Z000C1N139.png,47,3.263902759655963,13.750695715237867
G0,W0082F0002T0006Z000C1N139.png,48,0.48650425541052716,0.48650425541052716
G0,W0082F0002T0006Z000C1N139.png,49,2.0615528128088303,8.139410298049853
G0,W0082F0002T0006Z000C1N139.png,50,0.5,0.5
G0,W0082F0002T0006Z000C1N139.png,51,0.42687494916218566,0.42687494916218566
G0,W0082F0002T0006Z000C1N139.png,52,2.0,4.47213595499958
G0,W0082F0002T0006Z000C1N139.png,53,30.75857603986244,36.47862387755326
G0,W0082F0002T0006Z000C1N139.png,54,1.8337120820892223,1.8337120820892223
G0,W0082F0002T0006Z000C1N139.png,55,31.05651211009447,42.08333333333333
G0,W0082F0002T0006Z000C1N139.png,56,0.5,0.5
G0,W0082F0002T0006Z000C1N139.png,57,15.239750654128171,22.588713996153036
G0,W0082F0002T0006Z000C1N139.png,58,37.73592452822641,51.73973328110612
G0,W0082F0002T0006Z000C1N139.png,59,0.5758755534498994,0.5758755534498994
G0,W0082F0002T0006Z000C1N139.png,60,0.0,1.4142135623730951
G0,W0082F0002T0006Z000C1N139.png,61,8.891380130497177,10.012199589750496
G0,W0082F0002T0006Z000C1N139.png,62,13.862178760930762,29.068195678438666
G0,W0082F0002T0006Z000C1N139.png,63,0.5821022034029872,0.5821022034029872
G0,W0082F0002T0006Z000C1N139.png,64,0.3585309239667603,0.3585309239667603
G0,W0082F0002T0006Z000C1N139.png,65,21.95449840010014,44.66094490715573
G0,W0082F0002T0006Z000C1N139.png,66,9.192388155425117,38.19031290785662
G0,W0082F0002T0006Z000C1N139.png,67,13.46291201783626,46.32763753959401
G0,W0082F0002T0006Z000C1N139.png,68,0.7071067811865476,0.7071067811865476
G0,W0082F0002T0006Z000C1N139.png,69,1.0606601717798212,36.12651380911255
G0,W0082F0002T0006Z000C1N139.png,70,9.219544457292887,50.0
G0,W0082F0003T0006Z000C1N6.png,1,4.031128874149275,5.220153254455275
G0,W0082F0003T0006Z000C1N6.png,2,4.6097722286464435,4.6097722286464435
G0,W0082F0003T0006Z000C1N6.png,3,4.456421644946872,4.456421644946872
G0,W0082F0003T0006Z000C1N6.png,4,12.39202801306727,12.39202801306727
G0,W0082F0003T0006Z000C1N6.png,5,1.860615931273789,1.860615931273789
G0,W0082F0003T0006Z000C1N6.png,6,27.80343953542439,28.049621209563597
G0,W0082F0003T0006Z000C1N6.png,7,6.680486977009984,6.680486977009984
G0,W0082F0002T0006Z000C1N105.png,1,27.154116092431472,27.154116092431472
G0,W0082F0002T0006Z000C1N105.png,2,19.525624189766635,19.525624189766635
G0,W0082F0002T0006Z000C1N105.png,3,12.671051872498813,22.373098926066447
G0,W0082F0002T0006Z000C1N105.png,4,0.44721359549996303,30.016662039607265
G0,W0082F0002T0006Z000C1N105.png,5,0.0,11.704699910719626
G0,W0082F0002T0006Z000C1N105.png,6,2.3776167110133155,2.3776167110133155
G0,W0082F0002T0006Z000C1N105.png,7,0.5385164807134515,0.5385164807134515
G0,W0082F0002T0006Z000C1N105.png,8,8.246211251235321,8.246211251235321
G0,W0082F0002T0006Z000C1N105.png,9,0.849836585598793,0.849836585598793
G0,W0082F0002T0006Z000C1N105.png,10,1.6703662642636612,1.6703662642636612
G0,W0082F0002T0006Z000C1N105.png,11,7.088018058667741,12.32233744059949
G0,W0082F0002T0006Z000C1N105.png,12,0.5150787536377139,0.5150787536377139
G0,W0082F0002T0006Z000C1N105.png,13,6.4031242374328485,19.235384061671343
G0,W0082F0002T0006Z000C1N105.png,14,13.831576193623059,15.521356255173067
G0,W0082F0002T0006Z000C1N105.png,15,0.471404520791035,6.342099196813486
G0,W0082F0002T0006Z000C1N105.png,16,0.10526315789473983,0.10526315789473983
G0,W0082F0002T0006Z000C1N105.png,17,10.546336170043611,15.5402037915948
G0,W0082F0002T0006Z000C1N105.png,18,16.769749246661924,19.25606186029082
G0,W0082F0002T0006Z000C1N105.png,19,0.47140452079103,0.47140452079103
G0,W0082F0002T0006Z000C1N105.png,20,18.390818965511635,23.27134623427608
G0,W0082F0002T0006Z000C1N105.png,21,0.5017331074496806,0.5017331074496806
G0,W0082F0002T0006Z000C1N105.png,22,10.187070532575364,10.187070532575364
G0,W0082F0002T0006Z000C1N105.png,23,7.905694150420948,9.617692030835672
G0,W0082F0002T0006Z000C1N105.png,24,8.139410298049853,28.77933286231632
G0,W0082F0002T0006Z000C1N105.png,25,10.816653826391969,10.816653826391969
G0,W0082F0002T0006Z000C1N105.png,26,16.347782724271816,29.920728600754362
G0,W0082F0002T0006Z000C1N105.png,27,7.296252059629453,7.491171274161571
G0,W0082F0002T0006Z000C1N105.png,28,1.9039432764659772,6.373774391990981
G0,W0082F0002T0006Z000C1N105.png,29,8.047933322861883,14.212670403551892
G0,W0082F0002T0006Z000C1N105.png,30,0.0,0.0
G0,W0082F0002T0006Z000C1N105.png,31,0.8838834764831844,0.8838834764831844
G0,W0082F0002T0006Z000C1N105.png,32,15.033296378372908,39.05124837953327
G0,W0082F0002T0006Z000C1N105.png,33,20.15495527710797,34.826554364290594
G0,W0082F0002T0006Z000C1N105.png,34,5.385164807134504,5.385164807134504
G0,W0082F0002T0006Z000C1N105.png,35,0.3513641844631565,0.3513641844631565
G0,W0082F0002T0006Z000C1N105.png,36,0.25,4.8541219597369
G0,W0082F0002T0006Z000C1N105.png,37,0.565685424949241,0.565685424949241
G0,W0082F0002T0006Z000C1N105.png,38,1.5,11.884864324004713
G0,W0082F0002T0006Z000C1N105.png,39,7.110731326663946,11.470069746954461
G0,W0082F0002T0006Z000C1N105.png,40,10.793516572461451,19.03943276465977
G0,W0082F0002T0006Z000C1N105.png,41,0.8944271909999159,24.742675683927153
G0,W0082F0002T0006Z000C1N105.png,42,1.0029542161850205,11.809634017246339
G0,W0082F0002T0006Z000C1N105.png,43,0.41649656391752177,0.41649656391752177
G0,W0082F0002T0006Z000C1N105.png,44,0.47140452079102496,14.522013940527971
G0,W0082F0002T0006Z000C1N105.png,45,0.7071067811865476,0.7071067811865476
G0,W0082F0002T0006Z000C1N105.png,46,0.0,23.40939982143925
G0,W0082F0002T0006Z000C1N105.png,47,15.815291865473858,39.213250469014675
G0,W0082F0002T0006Z000C1N105.png,48,3.2015621187164243,33.380383460949034
G0,W0082F0002T0006Z000C1N105.png,49,14.089002803605371,51.61879502661797
G0,W0082F0002T0006Z000C1N105.png,50,9.339283817414609,41.221623236139344
G0,W0082F0002T0006Z000C1N105.png,51,10.816653826391969,51.884487084291386
G0,W0082F0002T0006Z000C1N105.png,52,18.973665961010276,48.373546489791295
G0,W0082F0001T0006Z000C1N76.png,1,9.357112565078799,19.50783318453271
G0,W0082F0001T0006Z000C1N76.png,2,5.892556509887897,6.637435917246626
G0,W0082F0001T0006Z000C1N76.png,3,0.424264068711927,0.424264068711927
G0,W0082F0001T0006Z000C1N76.png,4,0.3041381265149083,0.3041381265149083
G0,W0082F0001T0006Z000C1N76.png,5,0.4472135954999563,0.4472135954999563
G0,W0082F0001T0006Z000C1N76.png,6,5.315072906367325,5.315072906367325
G0,W0082F0001T0006Z000C1N76.png,7,0.5150787536377139,0.5150787536377139
G0,W0082F0001T0006Z000C1N76.png,8,1.2999999999999994,15.604166110369372
G0,W0082F0001T0006Z000C1N76.png,9,1.0,1.0
G0,W0082F0001T0006Z000C1N76.png,10,7.0710678118654755,7.0710678118654755
G0,W0082F0001T0006Z000C1N76.png,11,0.5,0.5
G0,W0082F0001T0006Z000C1N76.png,12,2.23606797749979,21.540659228538015
G0,W0082F0001T0006Z000C1N76.png,13,0.7071067811865476,0.7071067811865476
G0,W0082F0001T0006Z000C1N76.png,14,1.0,24.698178070456937
G0,W0082F0001T0006Z000C1N76.png,15,0.5,0.5
G0,W0082F0001T0006Z000C1N76.png,16,13.892443989449804,13.892443989449804
G0,W0082F0001T0006Z000C1N76.png,17,8.54400374531753,13.45362404707371
G0,W0082F0001T0006Z000C1N76.png,18,0.35915746245934493,0.35915746245934493
G0,W0082F0001T0006Z000C1N76.png,19,6.896948690150439,9.849484538746808
G0,W0082F0001T0006Z000C1N76.png,20,0.5,0.5
G0,W0082F0001T0006Z000C1N76.png,21,6.289320754704396,12.552113589175148
G0,W0082F0001T0006Z000C1N76.png,22,0.0,0.0
G0,W0082F0001T0006Z000C1N76.png,23,7.109083098403056,8.064679937852462
G0,W0082F0001T0006Z000C1N76.png,24,1.1319231422671772,1.1319231422671772
G0,W0082F0001T0006Z000C1N76.png,25,0.0,0.0
G0,W0082F0001T0006Z000C1N76.png,26,1.4727148022916372,1.4727148022916372
G0,W0082F0001T0006Z000C1N76.png,27,0.4472135954999643,0.4472135954999643
G0,W0082F0001T0006Z000C1N76.png,28,0.2857142857142918,0.2857142857142918
G0,W0082F0001T0006Z000C1N76.png,29,0.12649110640673472,0.12649110640673472
G0,W0082F0001T0006Z000C1N76.png,30,11.10180165558726,12.5
G0,W0082F0001T0006Z000C1N76.png,31,16.463975826026957,18.92253947016626
G0,W0082F0001T0006Z000C1N76.png,32,0.1767766952966369,0.1767766952966369
G0,W0082F0001T0006Z000C1N76.png,33,7.706981863508203,10.842704280349576
G0,W0082F0001T0006Z000C1N76.png,34,4.934134069149888,8.988332629402969
G0,W0082F0001T0006Z000C1N76.png,35,6.324555320336759,9.433981132056603
G0,W0082F0001T0006Z000C1N76.png,36,11.715374513859981,16.101242188104617
G0,W0082F0001T0006Z000C1N76.png,37,14.002231964940446,14.002231964940446
G0,W0082F0001T0006Z000C1N76.png,38,0.7071067811865476,0.7071067811865476
G0,W0082F0001T0006Z000C1N76.png,39,10.04987562112089,10.04987562112089
G0,W0082F0001T0006Z000C1N62.png,1,13.865424623862047,13.865424623862047
G0,W0082F0001T0006Z000C1N62.png,2,0.7848725845546077,0.7848725845546077
G0,W0082F0001T0006Z000C1N62.png,3,0.7647058823529415,0.7647058823529415
G0,W0082F0001T0006Z000C1N62.png,4,13.235316811890494,13.235316811890494
G0,W0082F0001T0006Z000C1N62.png,5,7.661796460360978,15.674920254980565
G0,W0082F0001T0006Z000C1N62.png,6,3.640054944640259,16.80029761641144
G0,W0082F0001T0006Z000C1N62.png,7,5.0,18.24828759089466
G0,W0082F0001T0006Z000C1N62.png,8,4.524282904778299,5.4997194092287005
G0,W0082F0001T0006Z000C1N62.png,9,8.139410298049853,22.005681084665387
G0,W0082F0001T0006Z000C1N62.png,10,1.2668615834434864,1.2668615834434864
G0,W0082F0001T0006Z000C1N62.png,11,1.3950946428468571,1.3950946428468571
G0,W0082F0001T0006Z000C1N62.png,12,0.48650425541051817,0.48650425541051817
G0,W0082F0001T0006Z000C1N62.png,13,12.430384660577381,16.883717521783286
G0,W0082F0001T0006Z000C1N62.png,14,0.42687494916218977,0.42687494916218977
G0,W0082F0001T0006Z000C1N62.png,15,8.5,12.658988901172163
G0,W0082F0001T0006Z000C1N62.png,16,4.6097722286464435,12.257650672131263
G0,W0082F0001T0006Z000C1N62.png,17,3.1622776601683795,7.615773105863909
G0,W0082F0001T0006Z000C1N62.png,18,0.7071067811865476,8.276472678623424
G0,W0082F0001T0006Z000C1N62.png,19,15.652475842498529,15.652475842498529
G0,W0082F0001T0006Z000C1N62.png,20,1.8027756377319946,9.013878188659973
G0,W0082F0001T0006Z000C1N62.png,21,0.0,0.0
G0,W0082F0001T0006Z000C1N62.png,22,9.656603957913983,14.115594213493104
G0,W0082F0001T0006Z000C1N62.png,23,0.3905863776741608,0.6868090379391091
G0,W0082F0001T0006Z000C1N62.png,24,7.1802197428460115,21.545816814923082
G0,W0082F0001T0006Z000C1N62.png,25,6.708203932499369,6.708203932499369
G0,W0082F0001T0006Z000C1N62.png,26,0.327777388678542,0.327777388678542
G0,W0082F0001T0006Z000C1N62.png,27,0.19110994086123287,0.19110994086123287
G0,W0082F0001T0006Z000C1N62.png,28,0.7071067811865476,0.7071067811865476
G0,W0082F0001T0006Z000C1N62.png,29,4.0,4.0
G0,W0082F0001T0006Z000C1N62.png,30,5.385164807134504,6.082762530298219
G0,W0082F0001T0006Z000C1N62.png,31,0.12856486930664615,0.12856486930664615
G0,W0082F0001T0006Z000C1N62.png,32,1.0640636282472373,3.819263915927271
G0,W0082F0001T0006Z000C1N62.png,33,0.16643566632465628,0.16643566632465628
G0,W0082F0001T0006Z000C1N62.png,34,6.485760460994259,6.485760460994259
G0,W0082F0001T0006Z000C1N62.png,35,8.517954892787085,8.517954892787085
G0,W0082F0001T0006Z000C1N62.png,36,0.7071067811865476,0.7071067811865476
G0,W0082F0001T0006Z000C1N62.png,37,0.532397137499956,0.532397137499956
G0,W0082F0001T0006Z000C1N62.png,38,0.2670778722565994,0.2670778722565994
G0,W0082F0001T0006Z000C1N62.png,39,4.6097722286464435,4.6097722286464435
G0,W0082F0001T0006Z000C1N62.png,40,7.815473923765675,9.091372900969896
G0,W0082F0001T0006Z000C1N62.png,41,24.33445156316079,24.517706129085557
G0,W0082F0001T0006Z000C1N62.png,42,0.5385164807134515,0.5385164807134515
G0,W0082F0001T0006Z000C1N62.png,43,8.938749049386116,8.938749049386116
G0,W0082F0001T0006Z000C1N62.png,44,21.18135972972463,22.70352395554488
G0,W0082F0001T0006Z000C1N77.png,1,6.264982043070834,6.264982043070834
G0,W0082F0001T0006Z000C1N77.png,2,0.5150787536377114,0.5150787536377114
G0,W0082F0001T0006Z000C1N77.png,3,0.8498365855987962,0.8498365855987962
G0,W0082F0001T0006Z000C1N77.png,4,7.0710678118654755,7.0710678118654755
G0,W0082F0001T0006Z000C1N77.png,5,0.5,0.5
G0,W0082F0001T0006Z000C1N77.png,6,0.5,1.118033988749895
G0,W0082F0001T0006Z000C1N77.png,7,0.7071067811865476,0.7071067811865476
G0,W0082F0001T0006Z000C1N77.png,8,4.38634243989226,4.38634243989226
G0,W0082F0001T0006Z000C1N77.png,9,13.647344063956181,13.647344063956181
G0,W0082F0001T0006Z000C1N77.png,10,0.2357022603955175,0.2357022603955175
G0,W0082F0001T0006Z000C1N77.png,11,8.54400374531753,12.806248474865697
G0,W0082F0001T0006Z000C1N77.png,12,1.0,1.0
G0,W0082F0001T0006Z000C1N77.png,13,6.896948690150439,9.8494845387468
G0,W0082F0001T0006Z000C1N77.png,14,0.5,0.5
G0,W0082F0001T0006Z000C1N77.png,15,6.289320754704406,12.1335164821342
G0,W0082F0001T0006Z000C1N77.png,16,7.109083098403056,7.291369041544941
G0,W0082F0001T0006Z000C1N77.png,17,0.0,0.0
G0,W0082F0001T0006Z000C1N77.png,18,0.47140452079102496,0.47140452079102496
G0,W0082F0001T0006Z000C1N77.png,19,0.0,0.0
G0,W0082F0001T0006Z000C1N77.png,20,0.5,0.5
G0,W0082F0001T0006Z000C1N77.png,21,0.2857142857142847,0.2857142857142847
G0,W0082F0001T0006Z000C1N77.png,22,3.605551275463989,9.899494936611665
G0,W0082F0001T0006Z000C1N77.png,23,0.35355339059327345,0.35355339059327345
G0,W0082F0001T0006Z000C1N77.png,24,12.5,12.5
G0,W0082F0001T0006Z000C1N77.png,25,5.024937810560445,7.433034373659253
G0,W0082F0001T0006Z000C1N77.png,26,16.463975826026957,18.92253947016626
G0,W0082F0001T0006Z000C1N77.png,27,10.598303244080048,10.598303244080048
G0,W0082F0001T0006Z000C1N77.png,28,4.9341340691498905,14.364737345748638
G0,W0082F0001T0006Z000C1N77.png,29,12.041594578792296,18.681541692269406
G0,W0082F0001T0006Z000C1N77.png,30,23.938723859053137,24.08448670825268
G0,W0082F0003T0006Z000C1N14.png,1,21.982947936980608,22.005681084665387
G0,W0082F0003T0006Z000C1N14.png,2,5.3859888358262475,5.3859888358262475
G0,W0082F0003T0006Z000C1N14.png,3,7.991700942266126,7.991700942266126
G0,W0082F0003T0006Z000C1N14.png,4,0.2773500981126136,0.2773500981126136
G0,W0082F0003T0006Z000C1N14.png,5,6.151162943342955,6.589395942640638
G0,W0082F0003T0006Z000C1N14.png,6,3.3541019662496847,3.905124837953327
G0,W0082F0003T0006Z000C1N14.png,7,6.363961030678928,7.7781745930520225
G0,W0082F0003T0006Z000C1N14.png,8,0.25,0.25
G0,W0082F0003T0006Z000C1N14.png,9,6.228636959026179,6.228636959026179
G0,W0082F0003T0006Z000C1N14.png,10,0.0,0.0
G0,W0082F0003T0006Z000C1N14.png,11,0.5,0.5
G0,W0082F0003T0006Z000C1N14.png,12,0.471404520791035,0.471404520791035
G0,W0082F0003T0006Z000C1N14.png,13,0.7071067811865476,0.7071067811865476
G0,W0082F0003T0006Z000C1N14.png,14,6.103277807866851,6.103277807866851
G0,W0082F0003T0006Z000C1N14.png,15,0.6403124237432885,0.6403124237432885
G0,W0082F0003T0006Z000C1N14.png,16,8.0,8.0
G0,W0082F0003T0006Z000C1N14.png,17,3.640054944640259,3.640054944640259
G0,W0082F0003T0006Z000C1N14.png,18,0.5,0.5
G0,W0082F0003T0006Z000C1N14.png,19,0.0,0.0
G0,W0082F0003T0006Z000C1N14.png,20,1.118033988749895,1.118033988749895
G0,W0082F0003T0006Z000C1N14.png,21,0.5,0.5
G0,W0082F0003T0006Z000C1N14.png,22,3.605551275463989,3.605551275463989
G0,W0082F0003T0006Z000C1N14.png,23,0.5,0.5
G0,W0082F0003T0006Z000C1N14.png,24,0.8838834764831844,0.8838834764831844
G0,W0082F0003T0006Z000C1N14.png,25,8.957030482348951,10.263503601248424
G0,W0082F0003T0006Z000C1N14.png,26,0.35136418446314976,0.35136418446314976
G0,W0082F0003T0006Z000C1N14.png,27,11.704699910719626,11.704699910719626
G0,W0082F0003T0006Z000C1N14.png,28,7.649332476405609,7.649332476405609
G0,W0082F0003T0006Z000C1N14.png,29,13.636069184794422,14.677955675518986
G0,W0082F0003T0006Z000C1N14.png,30,0.5,0.5
G0,W0082F0003T0006Z000C1N14.png,31,4.816637831516916,5.531726674375731
G0,W0082F0003T0006Z000C1N14.png,32,2.8284271247461903,2.8284271247461903
G0,W0082F0003T0006Z000C1N14.png,33,9.636005796477635,9.746561693879936
G0,W0082F0003T0006Z000C1N14.png,34,12.619429464123963,12.619429464123963
G0,W0082F0002T0006Z000C1N12.png,1,0.5656854249492369,0.5656854249492369
G0,W0082F0002T0006Z000C1N12.png,2,1.8087578440110752,1.8087578440110752
G0,W0082F0002T0006Z000C1N12.png,3,4.761276413570187,4.761276413570187
G0,W0082F0002T0006Z000C1N12.png,4,0.6162894572433081,0.6162894572433081
G0,W0082F0002T0006Z000C1N12.png,5,8.902246907382429,8.902246907382429
G0,W0082F0002T0006Z000C1N12.png,6,7.296269975511841,7.296269975511841
G0,W0082F0002T0006Z000C1N12.png,7,0.43594087264724657,0.43594087264724657
G0,W0082F0002T0006Z000C1N12.png,8,15.2028977229196,15.2028977229196
G0,W0082F0002T0006Z000C1N12.png,9,16.032695883041832,16.032695883041832
G0,W0082F0002T0006Z000C1N12.png,10,0.41666666666666574,0.41666666666666574
G0,W0082F0002T0006Z000C1N12.png,11,13.316636211896757,13.316636211896757
G0,W0082F0002T0006Z000C1N12.png,12,0.44721359549996276,0.44721359549996276
G0,W0082F0002T0006Z000C1N12.png,13,8.35744810187357,8.35744810187357
G0,W0082F0002T0006Z000C1N12.png,14,14.186185648294023,14.72975939945429
G0,W0082F0002T0006Z000C1N12.png,15,0.20000000000000284,0.20000000000000284
G0,W0082F0002T0006Z000C1N12.png,16,0.06734350297015217,0.06734350297015217
G0,W0082F0002T0006Z000C1N12.png,17,6.103277807866851,6.103277807866851
G0,W0082F0002T0006Z000C1N12.png,18,0.47140452079103,0.47140452079103
G0,W0082F0002T0006Z000C1N12.png,19,11.805394823502326,11.805394823502326
G0,W0082F0002T0006Z000C1N12.png,20,5.87632963677158,5.87632963677158
G0,W0082F0002T0006Z000C1N12.png,21,6.002603601771485,6.002603601771485
G0,W0082F0002T0006Z000C1N12.png,22,1.5,1.5
G0,W0082F0002T0006Z000C1N12.png,23,0.41649656391752177,0.41649656391752177
G0,W0082F0002T0006Z000C1N12.png,24,8.54400374531753,8.54400374531753
G0,W0082F0002T0006Z000C1N12.png,25,0.23570226039552256,0.23570226039552256
G0,W0082F0002T0006Z000C1N12.png,26,0.1863389981249846,0.1863389981249846
G0,W0082F0002T0006Z000C1N12.png,27,5.882176467941098,5.882176467941098
G0,W0082F0002T0006Z000C1N12.png,28,2.8284271247461903,2.8284271247461903
G0,W0082F0002T0006Z000C1N12.png,29,0.9580277790907371,0.9580277790907371
G0,W0082F0002T0006Z000C1N12.png,30,0.5,0.5
G0,W0082F0002T0006Z000C1N12.png,31,11.01135777277262,11.01135777277262
G0,W0082F0002T0006Z000C1N12.png,32,6.120195268409072,6.120195268409072
G0,W0082F0002T0006Z000C1N12.png,33,0.7071067811865476,0.7071067811865476
G0,W0082F0002T0006Z000C1N12.png,34,0.42824175819296867,0.42824175819296867
G0,W0082F0002T0006Z000C1N12.png,35,0.0,0.0
G0,W0082F0002T0006Z000C1N12.png,36,11.501738998951419,11.501738998951419
G0,W0082F0002T0006Z000C1N12.png,37,1.6898332261439062,1.6898332261439062
G0,W0082F0002T0006Z000C1N12.png,38,0.37482778414707074,0.37482778414707074
G0,W0082F0002T0006Z000C1N12.png,39,0.11180339887498948,0.11180339887498948
G0,W0082F0002T0006Z000C1N12.png,40,8.487638069569185,8.487638069569185
G0,W0082F0003T0006Z000C1N28.png,1,5.5901699437494745,5.5901699437494745
G0,W0082F0003T0006Z000C1N28.png,2,0.5,0.5
G0,W0082F0003T0006Z000C1N28.png,3,0.1767766952966369,0.1767766952966369
G0,W0082F0003T0006Z000C1N28.png,4,1.781210559777806,1.781210559777806
G0,W0082F0003T0006Z000C1N28.png,5,0.0,0.0
G0,W0082F0003T0006Z000C1N28.png,6,0.47140452079104006,0.47140452079104006
G0,W0082F0003T0006Z000C1N28.png,7,4.031128874149275,4.031128874149275
G0,W0082F0003T0006Z000C1N28.png,8,0.47140452079104006,0.47140452079104006
G0,W0082F0003T0006Z000C1N28.png,9,0.5,0.5
G0,W0082F0003T0006Z000C1N28.png,10,0.20000000000000284,0.20000000000000284
G0,W0082F0003T0006Z000C1N28.png,11,0.1767766952966369,0.1767766952966369
G0,W0082F0003T0006Z000C1N28.png,12,0.7071067811865476,0.7071067811865476
G0,W0082F0003T0006Z000C1N28.png,13,0.4065578140908697,0.4065578140908697
G0,W0082F0003T0006Z000C1N28.png,14,0.4472135954999579,0.4472135954999579
G0,W0082F0003T0006Z000C1N28.png,15,0.5150787536377178,0.5150787536377178
G0,W0082F0003T0006Z000C1N28.png,16,0.2209708691207961,0.2209708691207961
G0,W0082F0003T0006Z000C1N28.png,17,0.32394177193584706,0.32394177193584706
G0,W0082F0003T0006Z000C1N28.png,18,0.75,0.75
G0,W0082F0003T0006Z000C1N28.png,19,3.605551275463989,3.605551275463989
G0,W0082F0003T0006Z000C1N28.png,20,0.2857142857142918,0.2857142857142918
G0,W0082F0003T0006Z000C1N28.png,21,0.7071067811865476,0.7071067811865476
G0,W0082F0003T0006Z000C1N28.png,22,11.387326368119025,11.387326368119025
G0,W0082F0003T0006Z000C1N28.png,23,7.935048834128246,7.935048834128246
G0,W0082F0003T0006Z000C1N28.png,24,0.266796843226368,0.266796843226368
G0,W0082F0003T0006Z000C1N28.png,25,4.47213595499958,4.47213595499958
G0,W0082F0003T0006Z000C1N28.png,26,0.33110516322031297,0.33110516322031297
G0,W0082F0003T0006Z000C1N28.png,27,0.5,0.5
G0,W0082F0003T0006Z000C1N28.png,28,1.0350120772242248,1.0350120772242248
G0,W0082F0003T0006Z000C1N28.png,29,0.5282161921779748,0.5282161921779748
G0,W0082F0003T0006Z000C1N28.png,30,0.5385164807134462,0.5385164807134462
G0,W0082F0003T0006Z000C1N28.png,31,0.4340111184860681,0.4340111184860681
G0,W0082F0003T0006Z000C1N28.png,32,0.4472135954999579,0.4472135954999579
G0,W0082F0003T0006Z000C1N28.png,33,0.5,0.5
G0,W0082F0002T0006Z000C1N110.png,1,1.0943175335329005,1.0943175335329005
G0,W0082F0002T0006Z000C1N110.png,2,0.47140452079103334,0.47140452079103334
G0,W0082F0002T0006Z000C1N110.png,3,0.27735009811261085,0.27735009811261085
G0,W0082F0002T0006Z000C1N110.png,4,0.5555555555555614,0.5555555555555614
G0,W0082F0002T0006Z000C1N110.png,5,0.543928293220423,0.543928293220423
G0,W0082F0002T0006Z000C1N110.png,6,10.012492197250394,10.012492197250394
G0,W0082F0002T0006Z000C1N110.png,7,0.4159451654038518,0.4159451654038518
G0,W0082F0002T0006Z000C1N110.png,8,0.6187184335382291,0.6187184335382291
G0,W0082F0002T0006Z000C1N110.png,9,1.5876590178702714,1.5876590178702714
G0,W0082F0002T0006Z000C1N110.png,10,0.7071067811865476,0.7071067811865476
G0,W0082F0002T0006Z000C1N110.png,11,0.18633899812498042,0.18633899812498042
G0,W0082F0002T0006Z000C1N110.png,12,0.7068181072487393,0.7068181072487393
G0,W0082F0002T0006Z000C1N110.png,13,0.23570226039551248,1.1785113019775766
G0,W0082F0002T0006Z000C1N110.png,14,2.770128356432443,5.986675018553941
G0,W0082F0002T0006Z000C1N110.png,15,0.0,7.211102550927978
G0,W0082F0002T0006Z000C1N110.png,16,0.471404520791035,6.749485577105532
G0,W0082F0002T0006Z000C1N110.png,17,0.5,0.5
G0,W0082F0002T0006Z000C1N110.png,18,0.2857142857142847,0.2857142857142847
G0,W0082F0002T0006Z000C1N110.png,19,13.509256086106296,14.577379737113251
G0,W0082F0002T0006Z000C1N110.png,20,0.3748277841470638,0.3748277841470638
G0,W0082F0002T0006Z000C1N110.png,21,0.2857142857142847,0.2857142857142847
G0,W0082F0002T0006Z000C1N110.png,22,0.5,21.592822881689184
G0,W0082F0002T0006Z000C1N110.png,23,1.2289036095775188,21.4595014872581
G0,W0082F0002T0006Z000C1N110.png,24,6.758225440980133,20.199181776607794
G0,W0082F0002T0006Z000C1N110.png,25,0.0,11.704699910719626
G0,W0082F0002T0006Z000C1N110.png,26,0.7453559924999289,9.195409482755814
G0,W0082F0002T0006Z000C1N110.png,27,0.235702260395515,0.235702260395515
G0,W0082F0002T0006Z000C1N110.png,28,6.800735254367722,14.5
G0,W0082F0002T0006Z000C1N110.png,29,6.485025486114567,19.409333379130317
G0,W0082F0002T0006Z000C1N110.png,30,0.5,1.118033988749895
G0,W0082F0002T0006Z000C1N110.png,31,0.1767766952966369,0.1767766952966369
G0,W0082F0002T0006Z000C1N110.png,32,0.0,1.0
G0,W0082F0002T0006Z000C1N110.png,33,1.118033988749895,5.024937810560445
G0,W0082F0002T0006Z000C1N110.png,34,1.9937920181328475,13.868628013441219
G0,W0082F0002T0006Z000C1N110.png,35,9.300537618869138,16.263455967290593
G0,W0082F0002T0006Z000C1N110.png,36,0.7071067811865476,0.7071067811865476
G0,W0082F0002T0006Z000C1N110.png,37,0.5,0.5
G0,W0082F0002T0006Z000C1N110.png,38,7.158393922542675,12.121671140672131
G0,W0082F0002T0006Z000C1N110.png,39,0.543928293220423,0.543928293220423
G0,W0082F0002T0006Z000C1N110.png,40,0.7071067811865476,1.5811388300841898
G0,W0082F0002T0006Z000C1N110.png,41,14.653403093555504,17.87145458234692
G0,W0082F0002T0006Z000C1N110.png,42,6.800735254367722,17.613914953808536
G0,W0082F0002T0006Z000C1N110.png,43,0.4472135954999643,0.4472135954999643
G0,W0082F0002T0006Z000C1N110.png,44,0.7071067811865476,0.7071067811865476
G0,W0082F0002T0006Z000C1N110.png,45,0.1767766952966369,0.1767766952966369
G0,W0082F0002T0006Z000C1N110.png,46,0.5,0.5
G0,W0082F0002T0006Z000C1N110.png,47,0.47140452079102496,7.8031332738130805
G0,W0082F0002T0006Z000C1N110.png,48,5.418474101783223,6.85186813108755
G0,W0082F0002T0006Z000C1N110.png,49,0.1767766952966369,0.1767766952966369
G0,W0082F0002T0006Z000C1N138.png,1,0.6196571842676971,0.6196571842676971
G0,W0082F0002T0006Z000C1N138.png,2,0.42675171736136625,0.42675171736136625
G0,W0082F0002T0006Z000C1N138.png,3,0.43333333333333274,0.43333333333333274
G0,W0082F0002T0006Z000C1N138.png,4,0.1963383631246498,0.1963383631246498
G0,W0082F0002T0006Z000C1N138.png,5,0.5153882032022076,0.5153882032022076
G0,W0082F0002T0006Z000C1N138.png,6,0.41666666666666713,0.41666666666666713
G0,W0082F0002T0006Z000C1N138.png,7,0.5547001962252286,0.5547001962252286
G0,W0082F0002T0006Z000C1N138.png,8,0.2341376003101967,0.2341376003101967
G0,W0082F0002T0006Z000C1N138.png,9,0.2857142857142865,0.2857142857142865
G0,W0082F0002T0006Z000C1N138.png,10,0.5821022034029842,0.5821022034029842
G0,W0082F0002T0006Z000C1N138.png,11,0.6337681357259097,0.6337681357259097
G0,W0082F0002T0006Z000C1N138.png,12,1.118033988749895,1.118033988749895
G0,W0082F0002T0006Z000C1N138.png,13,0.0,0.0
G0,W0082F0002T0006Z000C1N138.png,14,0.4055175020198799,0.4055175020198799
G0,W0082F0002T0006Z000C1N138.png,15,0.7071067811865476,0.7071067811865476
G0,W0082F0002T0006Z000C1N138.png,16,0.3041381265149083,0.3041381265149083
G0,W0082F0002T0006Z000C1N138.png,17,5.0,5.0
G0,W0082F0002T0006Z000C1N138.png,18,0.7071067811865476,0.7071067811865476
G0,W0082F0002T0006Z000C1N138.png,19,0.31943828249996725,0.31943828249996725
G0,W0082F0002T0006Z000C1N138.png,20,0.7071067811865476,0.7071067811865476
G0,W0082F0002T0006Z000C1N138.png,21,2.868514197702732,2.868514197702732
G0,W0082F0002T0006Z000C1N138.png,22,0.5,0.5
G0,W0082F0002T0006Z000C1N138.png,23,0.7071067811865476,0.7071067811865476
G0,W0082F0002T0006Z000C1N138.png,24,0.2991758226185789,0.2991758226185789
G0,W0082F0002T0006Z000C1N138.png,25,0.543983793275991,0.543983793275991
G0,W0082F0002T0006Z000C1N138.png,26,7.6198753270640855,7.6198753270640855
G0,W0082F0002T0006Z000C1N138.png,27,1.07533985408575,1.07533985408575
G0,W0082F0002T0006Z000C1N138.png,28,0.33541019662496846,0.33541019662496846
G0,W0082F0002T0006Z000C1N138.png,29,26.446171745642125,26.446171745642125
G0,W0082F0002T0006Z000C1N138.png,30,0.0,0.0
G0,W0082F0002T0006Z000C1N138.png,31,23.08679276123039,23.08679276123039
G0,W0082F0002T0006Z000C1N138.png,32,0.23570226039552256,0.23570226039552256
G0,W0082F0002T0006Z000C1N138.png,33,8.643152297203434,8.643152297203434
G0,W0082F0002T0006Z000C1N138.png,34,0.43153735619980327,0.43153735619980327
G0,W0082F0002T0006Z000C1N138.png,35,0.0,0.0
G0,W0082F0002T0006Z000C1N138.png,36,0.2857142857142918,0.2857142857142918
G0,W0082F0002T0006Z000C1N138.png,37,4.126893504804794,4.126893504804794
G0,W0082F0002T0006Z000C1N138.png,38,0.5385164807134502,0.5385164807134502
G0,W0082F0002T0006Z000C1N138.png,39,6.081118318204307,6.081118318204307
G0,W0082F0002T0006Z000C1N138.png,40,15.993162601561956,15.993162601561956
G0,W0082F0002T0006Z000C1N138.png,41,0.6029192813370232,0.6029192813370232
G0,W0082F0002T0006Z000C1N138.png,42,0.5,0.5
G0,W0082F0002T0006Z000C1N138.png,43,0.5339659792660251,0.5339659792660251
G0,W0082F0002T0006Z000C1N138.png,44,0.0,0.0
G0,W0082F0002T0006Z000C1N138.png,45,0.675862503366474,0.675862503366474
G0,W0082F0002T0006Z000C1N138.png,46,13.038404810405295,13.038404810405295
G0,W0082F0002T0006Z000C1N138.png,47,14.849242404917497,14.849242404917497
G0,W0082F0002T0006Z000C1N138.png,48,0.7071067811865476,0.7071067811865476
G0,W0082F0002T0006Z000C1N138.png,49,4.166666666666674,4.362084109434143
G0,W0082F0002T0006Z000C1N138.png,50,8.381527307120106,8.381527307120106
G0,W0082F0002T0006Z000C1N138.png,51,0.4472135954999579,0.4472135954999579
G0,W0082F0002T0006Z000C1N138.png,52,0.0,0.0
G0,W0082F0002T0006Z000C1N138.png,53,0.42426406871193706,0.42426406871193706
G0,W0082F0002T0006Z000C1N138.png,54,0.5,0.5
G0,W0082F0002T0006Z000C1N138.png,55,3.3541019662496847,3.3541019662496847
G0,W0082F0003T0006Z000C1N7.png,1,9.0,9.0
G0,W0082F0003T0006Z000C1N7.png,2,5.062885787769659,5.062885787769659
G0,W0082F0003T0006Z000C1N7.png,3,4.6097722286464435,4.6097722286464435
G0,W0082F0003T0006Z000C1N7.png,4,1.2971121771072809,1.2971121771072809
G0,W0082F0003T0006Z000C1N7.png,5,0.6179421914587829,0.6179421914587829
G0,W0082F0003T0006Z000C1N7.png,6,0.36363636363635976,0.36363636363635976
G0,W0082F0003T0006Z000C1N7.png,7,0.7071067811865476,0.7071067811865476
G0,W0082F0003T0006Z000C1N7.png,8,4.126472801046646,4.126472801046646
G0,W0082F0003T0006Z000C1N7.png,9,0.4852391819627827,0.4852391819627827
G0,W0082F0003T0006Z000C1N7.png,10,2.046888050803164,2.046888050803164
G0,W0082F0003T0006Z000C1N7.png,11,15.811388300841896,15.811388300841896
G0,W0082F0003T0006Z000C1N7.png,12,0.3513641844631565,0.3513641844631565
G0,W0082F0003T0006Z000C1N7.png,13,0.0,0.0
G0,W0082F0003T0006Z000C1N7.png,14,4.0,4.0
G0,W0082F0003T0006Z000C1N7.png,15,0.5,0.5
G0,W0082F0003T0006Z000C1N7.png,16,0.5693231618249877,0.5693231618249877
G0,W0082F0003T0006Z000C1N7.png,17,0.47140452079103,0.47140452079103
G0,W0082F0003T0006Z000C1N7.png,18,4.6097722286464435,4.6097722286464435
G0,W0082F0003T0006Z000C1N7.png,19,2.082592154658379,2.082592154658379
G0,W0082F0003T0006Z000C1N7.png,20,0.4230769230769198,0.4230769230769198
G0,W0082F0003T0006Z000C1N7.png,21,0.3590109871422957,0.3590109871422957
G0,W0082F0003T0006Z000C1N7.png,22,6.674994798166933,6.674994798166933
G0,W0082F0003T0006Z000C1N7.png,23,0.4472135954999579,0.4472135954999579
G0,W0082F0003T0006Z000C1N7.png,24,0.5,0.5
G0,W0082F0003T0006Z000C1N7.png,25,0.327777388678538,0.327777388678538
G0,W0082F0003T0006Z000C1N7.png,26,0.47140452079103,0.47140452079103
G0,W0082F0003T0006Z000C1N7.png,27,0.15713484026368169,0.15713484026368169
G0,W0082F0003T0006Z000C1N7.png,28,0.47140452079102496,0.47140452079102496
G0,W0082F0003T0006Z000C1N7.png,29,0.0,0.0
G0,W0082F0003T0006Z000C1N7.png,30,8.558621384311845,9.5
G0,W0082F0003T0006Z000C1N7.png,31,0.6000923289995435,0.6000923289995435
G0,W0082F0003T0006Z000C1N7.png,32,0.8803676839702813,0.8803676839702813
G0,W0082F0003T0006Z000C1N7.png,33,0.24253562503633297,0.24253562503633297
G0,W0082F0003T0006Z000C1N7.png,34,0.20000000000000284,0.20000000000000284
G0,W0082F0003T0006Z000C1N7.png,35,0.4282417581929721,0.4282417581929721
G0,W0082F0003T0006Z000C1N7.png,36,8.0156097709407,8.0156097709407
G0,W0082F0003T0006Z000C1N7.png,37,0.45069390943299864,0.45069390943299864
G0,W0082F0003T0006Z000C1N7.png,38,3.4380681348687667,3.4380681348687667
G0,W0082F0003T0006Z000C1N7.png,39,0.4025118963942081,0.4025118963942081
G0,W0082F0003T0006Z000C1N7.png,40,0.33275613232308,0.33275613232308
G0,W0082F0003T0006Z000C1N7.png,41,0.13636363636364024,0.13636363636364024
G0,W0082F0003T0006Z000C1N7.png,42,13.313526955694348,13.313526955694348
G0,W0082F0003T0006Z000C1N7.png,43,0.47140452079102496,0.47140452079102496
G0,W0082F0003T0006Z000C1N7.png,44,0.24037008503093868,0.24037008503093868
G0,W0082F0003T0006Z000C1N7.png,45,14.637281168304447,14.637281168304447
G0,W0082F0003T0006Z000C1N7.png,46,2.5,2.5
G0,W0082F0003T0006Z000C1N7.png,47,0.5821022034029983,0.5821022034029983
G0,W0082F0003T0006Z000C1N7.png,48,0.0,0.0
G0,W0082F0003T0006Z000C1N7.png,49,0.5,0.5
G0,W0082F0003T0006Z000C1N7.png,50,4.010191099319486,4.010191099319486
G0,W0082F0003T0006Z000C1N7.png,51,1.0307764064044151,1.0307764064044151
G0,W0082F0003T0006Z000C1N7.png,52,0.7071067811865476,0.7071067811865476
G0,W0082F0003T0006Z000C1N7.png,53,2.7185533918572835,2.7185533918572835
G0,W0082F0003T0006Z000C1N7.png,54,0.5,0.5
G0,W0082F0003T0006Z000C1N7.png,55,0.055555555555557135,0.055555555555557135
G0,W0082F0003T0006Z000C1N7.png,56,5.0,5.0
G0,W0082F0002T0006Z000C1N106.png,1,4.346134936801758,6.36832439151426
G0,W0082F0002T0006Z000C1N106.png,2,0.7071067811865476,9.513148795220223
G0,W0082F0002T0006Z000C1N106.png,3,0.5,0.5
G0,W0082F0002T0006Z000C1N106.png,4,3.640054944640259,8.73212459828649
G0,W0082F0002T0006Z000C1N106.png,5,8.689660757568888,13.828394331805786
G0,W0082F0002T0006Z000C1N106.png,6,0.35136418446315315,0.35136418446315315
G0,W0082F0002T0006Z000C1N106.png,7,0.565685424949241,0.565685424949241
G0,W0082F0002T0006Z000C1N106.png,8,0.42687494916219726,0.42687494916219726
G0,W0082F0002T0006Z000C1N106.png,9,4.607004427599175,10.820426639142346
G0,W0082F0002T0006Z000C1N106.png,10,0.2857142857142847,0.2857142857142847
G0,W0082F0002T0006Z000C1N106.png,11,5.659615711335886,7.178527007680615
G0,W0082F0002T0006Z000C1N106.png,12,0.5395301155989304,0.5395301155989304
G0,W0082F0002T0006Z000C1N106.png,13,0.3590163416392272,0.3590163416392272
G0,W0082F0002T0006Z000C1N106.png,14,0.5,0.5
G0,W0082F0002T0006Z000C1N106.png,15,0.5970304117044625,0.5970304117044625
G0,W0082F0002T0006Z000C1N106.png,16,0.5758755534498959,0.5758755534498959
G0,W0082F0002T0006Z000C1N106.png,17,0.0,0.0
G0,W0082F0002T0006Z000C1N106.png,18,0.5,0.5
G0,W0082F0002T0006Z000C1N106.png,19,0.47140452079104006,0.47140452079104006
G0,W0082F0002T0006Z000C1N106.png,20,0.20030840419244364,0.20030840419244364
G0,W0082F0002T0006Z000C1N106.png,21,1.8027756377319946,20.886598574205422
G0,W0082F0002T0006Z000C1N106.png,22,0.22906142364543208,0.22906142364543208
G0,W0082F0002T0006Z000C1N106.png,23,0.5439282932204242,0.5439282932204242
G0,W0082F0002T0006Z000C1N106.png,24,0.5,8.845903006477066
G0,W0082F0002T0006Z000C1N106.png,25,1.5,16.62077013859466
G0,W0082F0002T0006Z000C1N106.png,26,5.852349955359813,13.009611831257688
G0,W0082F0002T0006Z000C1N106.png,27,0.0,10.63014581273465
G0,W0082F0002T0006Z000C1N106.png,28,0.2991758226185855,0.2991758226185855
G0,W0082F0002T0006Z000C1N106.png,29,0.49731741730537266,0.49731741730537266
G0,W0082F0002T0006Z000C1N106.png,30,0.0,9.055385138137417
G0,W0082F0002T0006Z000C1N106.png,31,6.082762530298219,8.602325267042627
G0,W0082F0002T0006Z000C1N106.png,32,8.835298523536146,8.835298523536146
G0,W0082F0002T0006Z000C1N106.png,33,9.414250788768708,19.4277544179289
G0,W0082F0002T0006Z000C1N106.png,34,0.3748277841470569,0.3748277841470569
G0,W0082F0002T0006Z000C1N106.png,35,0.47140452079103,0.47140452079103
G0,W0082F0002T0006Z000C1N106.png,36,0.5,0.5
G0,W0082F0002T0006Z000C1N106.png,37,0.7071067811865476,5.522680508593631
G0,W0082F0002T0006Z000C1N106.png,38,0.5,0.5
G0,W0082F0002T0006Z000C1N106.png,39,0.327777388678542,0.327777388678542
G0,W0082F0002T0006Z000C1N106.png,40,11.439589045541112,17.999314115876068
G0,W0082F0002T0006Z000C1N106.png,41,0.6263307827602835,0.6263307827602835
G0,W0082F0002T0006Z000C1N106.png,42,0.5439282932204242,0.5439282932204242
G0,W0082F0002T0006Z000C1N106.png,43,6.519202405202649,9.924716620639604
G0,W0082F0002T0006Z000C1N106.png,44,6.576473218982953,6.576473218982953
G0,W0082F0002T0006Z000C1N106.png,45,9.944289260117536,12.762793146051102
G0,W0082F0002T0006Z000C1N106.png,46,8.631338250816034,9.617692030835672
G0,W0082F0002T0006Z000C1N106.png,47,9.617692030835672,11.853269591129697
G0,W0082F0002T0006Z000C1N106.png,48,0.5758755534498959,0.5758755534498959
G0,W0082F0002T0006Z000C1N106.png,49,1.8439088914585744,11.601724009818541
G0,W0082F0002T0006Z000C1N106.png,50,0.11180339887498314,0.11180339887498314
G0,W0082F0002T0006Z000C1N106.png,51,7.0710678118654755,12.36931687685298
G0,W0082F0002T0006Z000C1N106.png,52,0.2857142857142847,0.2857142857142847
G0,W0082F0002T0006Z000C1N106.png,53,0.4040610178208829,0.4040610178208829
G0,W0082F0002T0006Z000C1N106.png,54,0.25,1.0307764064044151
G0,W0082F0002T0006Z000C1N106.png,55,1.0,3.605551275463989
G0,W0082F0002T0006Z000C1N106.png,56,0.0,14.422205101855956
G0,W0082F0002T0006Z000C1N106.png,57,0.35136418446316325,0.35136418446316325
G0,W0082F0002T0006Z000C1N106.png,58,3.0,10.0
G0,W0082F0002T0006Z000C1N106.png,59,13.380126224284197,13.417443041719151
G0,W0082F0002T0006Z000C1N106.png,60,0.4714045207910451,0.4714045207910451
G0,W0082F0002T0006Z000C1N106.png,61,0.4472135954999643,8.955445270895245
G0,W0082F0002T0006Z000C1N106.png,62,0.4472135954999579,0.4472135954999579
G0,W0082F0002T0006Z000C1N106.png,63,0.5,0.5
G0,W0082F0002T0006Z000C1N106.png,64,4.729412959213378,8.311536118736482
G0,W0082F0002T0006Z000C1N106.png,65,1.118033988749895,13.82931668593933
G0,W0082F0002T0006Z000C1N38.png,1,9.12414379544733,50.21205034650547
G0,W0082F0002T0006Z000C1N38.png,2,11.597413504743201,48.5025772511111
G0,W0082F0002T0006Z000C1N38.png,3,11.628509028341604,45.117131508503014
G0,W0082F0002T0006Z000C1N38.png,4,8.279828232249477,21.730674684008825
G0,W0082F0002T0006Z000C1N38.png,5,6.7883453545809855,30.91594925547891
G0,W0082F0002T0006Z000C1N38.png,6,16.507574019219177,16.507574019219177
G0,W0082F0002T0006Z000C1N38.png,7,10.0,10.0
G0,W0082F0002T0006Z000C1N38.png,8,14.576263536231979,33.67375839035838
G0,W0082F0002T0006Z000C1N38.png,9,3.0,33.54101966249684
G0,W0082F0002T0006Z000C1N38.png,10,8.139410298049853,8.200609733428363
G0,W0082F0002T0006Z000C1N38.png,11,0.5,0.5
G0,W0082F0002T0006Z000C1N38.png,12,4.5,5.5901699437494745
G0,W0082F0002T0006Z000C1N38.png,13,23.59157688667716,39.453295172900326
G0,W0082F0002T0006Z000C1N38.png,14,26.627053911388696,43.139309220245984
G0,W0082F0002T0006Z000C1N38.png,15,0.0,0.0
G0,W0082F0002T0006Z000C1N38.png,16,18.9274932307477,27.408940147331492
G0,W0082F0002T0006Z000C1N38.png,17,12.747548783981962,24.545875417267155
G0,W0082F0002T0006Z000C1N38.png,18,9.055385138137417,15.132745950421556
G0,W0082F0002T0006Z000C1N38.png,19,9.433981132056603,17.11724276862369
G0,W0082F0002T0006Z000C1N38.png,20,7.826237921249264,21.360009363293827
G0,W0082F0002T0006Z000C1N38.png,21,0.37482778414705603,0.37482778414705603
G0,W0082F0002T0006Z000C1N38.png,22,4.031128874149275,12.971121771072847
G0,W0082F0002T0006Z000C1N38.png,23,3.3715496346302656,3.3715496346302656
G0,W0082F0002T0006Z000C1N38.png,24,0.8207381501496734,0.8207381501496734
G0,W0082F0002T0006Z000C1N38.png,25,7.632168761236874,8.200609733428363
G0,W0082F0002T0006Z000C1N38.png,26,11.44825314185531,11.44825314185531
G0,W0082F0002T0006Z000C1N10.png,1,10.0,13.45362404707371
G0,W0082F0002T0006Z000C1N10.png,2,17.903335213437355,19.776694543295744
G0,W0082F0002T0006Z000C1N10.png,3,7.615773105863909,8.06225774829855
G0,W0082F0002T0006Z000C1N10.png,4,10.93303480283494,11.865127475084286
G0,W0082F0002T0006Z000C1N10.png,5,1.8027756377319946,1.8027756377319946
G0,W0082F0002T0006Z000C1N10.png,6,0.0,0.0
G0,W0082F0002T0006Z000C1N10.png,7,0.31943828249996725,0.31943828249996725
G0,W0082F0002T0006Z000C1N10.png,8,0.2937362622073307,0.2937362622073307
G0,W0082F0002T0006Z000C1N10.png,9,1.9104973174542788,1.9104973174542788
G0,W0082F0002T0006Z000C1N10.png,10,4.75394572960188,6.016643582596525
G0,W0082F0002T0006Z000C1N10.png,11,7.168604389202187,10.036046144883063
G0,W0082F0002T0006Z000C1N10.png,12,1.118033988749895,1.118033988749895
G0,W0082F0002T0006Z000C1N10.png,13,0.5,0.5
G0,W0082F0002T0006Z000C1N10.png,14,0.0,0.0
G0,W0082F0002T0006Z000C1N10.png,15,5.830951894845301,10.63014581273465
G0,W0082F0002T0006Z000C1N10.png,16,0.5,0.5
G0,W0082F0002T0006Z000C1N10.png,17,0.0,0.0
G0,W0082F0002T0006Z000C1N10.png,18,0.33275613232308,0.33275613232308
G0,W0082F0002T0006Z000C1N10.png,19,1.8027756377319946,1.8027756377319946
G0,W0082F0002T0006Z000C1N10.png,20,4.326918328582392,4.326918328582392
G0,W0082F0002T0006Z000C1N10.png,21,0.7071067811865476,0.7071067811865476
G0,W0082F0002T0006Z000C1N10.png,22,0.2857142857142776,0.2857142857142776
G0,W0082F0002T0006Z000C1N10.png,23,5.5901699437494745,6.800735254367722
G0,W0082F0002T0006Z000C1N10.png,24,5.1999999999999975,11.52562362737913
G0,W0082F0002T0006Z000C1N10.png,25,0.41666666666666285,0.41666666666666285
G0,W0082F0002T0006Z000C1N10.png,26,9.219544457292887,9.219544457292887
G0,W0082F0002T0006Z000C1N10.png,27,12.628935030318273,12.628935030318273
G0,W0082F0002T0006Z000C1N10.png,28,0.48176426412639933,0.48176426412639933
G0,W0082F0002T0006Z000C1N10.png,29,19.608776918293625,19.7910573343928
G0,W0082F0002T0006Z000C1N10.png,30,0.5385164807134515,0.5385164807134515
G0,W0082F0002T0006Z000C1N10.png,31,18.47600733985084,18.47600733985084
G0,W0082F0002T0006Z000C1N10.png,32,8.411056281383154,8.411056281383154
G0,W0082F0002T0006Z000C1N10.png,33,34.20082292960946,35.038497243210934
G0,W0082F0002T0006Z000C1N10.png,34,0.2773500981126146,0.2773500981126146
G0,W0082F0003T0006Z000C1N16.png,1,0.4472135954999583,0.4472135954999583
G0,W0082F0003T0006Z000C1N16.png,2,0.0,0.0
G0,W0082F0003T0006Z000C1N16.png,3,2.692582403567252,2.692582403567252
G0,W0082F0003T0006Z000C1N16.png,4,0.2357022603955153,0.2357022603955153
G0,W0082F0003T0006Z000C1N16.png,5,0.1767766952966369,0.1767766952966369
G0,W0082F0003T0006Z000C1N16.png,6,0.32635697593225216,0.32635697593225216
G0,W0082F0003T0006Z000C1N16.png,7,1.5084397982683964,1.5084397982683964
G0,W0082F0003T0006Z000C1N16.png,8,4.4008348002141044,4.4008348002141044
G0,W0082F0003T0006Z000C1N16.png,9,3.7728726325221404,3.7728726325221404
G0,W0082F0003T0006Z000C1N16.png,10,0.3076923076923066,0.3076923076923066
G0,W0082F0003T0006Z000C1N16.png,11,0.0,1.0
G0,W0082F0003T0006Z000C1N16.png,12,0.5361153337258779,0.5361153337258779
G0,W0082F0003T0006Z000C1N16.png,13,0.0,0.0
G0,W0082F0003T0006Z000C1N16.png,14,5.5,5.5901699437494745
G0,W0082F0003T0006Z000C1N16.png,15,7.487025815072068,7.487025815072068
G0,W0082F0003T0006Z000C1N16.png,16,0.7071067811865476,0.7071067811865476
G0,W0082F0003T0006Z000C1N16.png,17,0.45069390943299864,0.45069390943299864
G0,W0082F0003T0006Z000C1N16.png,18,0.7142857142857153,0.7142857142857153
G0,W0082F0003T0006Z000C1N16.png,19,8.359957469322968,9.067647005823632
G0,W0082F0003T0006Z000C1N16.png,20,0.0,0.0
G0,W0082F0003T0006Z000C1N16.png,21,0.1638886943392769,0.1638886943392769
G0,W0082F0003T0006Z000C1N16.png,22,1.6288220358559162,1.6288220358559162
G0,W0082F0003T0006Z000C1N16.png,23,0.5,0.5
G0,W0082F0003T0006Z000C1N16.png,24,0.4304128233309376,0.4304128233309376
G0,W0082F0003T0006Z000C1N16.png,25,7.224956747275379,9.433981132056603
G0,W0082F0003T0006Z000C1N16.png,26,0.20000000000000284,0.20000000000000284
G0,W0082F0003T0006Z000C1N16.png,27,0.5314592925068109,0.5314592925068109
G0,W0082F0003T0006Z000C1N16.png,28,0.7071067811865476,0.7071067811865476
G0,W0082F0003T0006Z000C1N16.png,29,2.280350850198277,6.603029607687674
G0,W0082F0003T0006Z000C1N16.png,30,9.848857801796104,10.295630140987
G0,W0082F0003T0006Z000C1N16.png,31,11.569620722491594,11.569620722491594
G0,W0082F0003T0006Z000C1N16.png,32,10.751744044572495,10.751744044572495
G0,W0082F0003T0006Z000C1N16.png,33,0.2857142857142918,0.2857142857142918
G0,W0082F0003T0006Z000C1N16.png,34,6.368324391514276,6.368324391514276
G0,W0082F0003T0006Z000C1N16.png,35,0.8374896350934037,0.8374896350934037
G0,W0082F0003T0006Z000C1N16.png,36,12.577882373436317,12.775097846983403
G0,W0082F0001T0006Z000C1N61.png,1,0.4282417581929669,0.4282417581929669
G0,W0082F0001T0006Z000C1N61.png,2,0.7071067811865476,0.7071067811865476
G0,W0082F0001T0006Z000C1N61.png,3,5.646924393157824,5.646924393157824
G0,W0082F0001T0006Z000C1N61.png,4,0.5,0.5
G0,W0082F0001T0006Z000C1N61.png,5,0.19621814613865368,0.19621814613865368
G0,W0082F0001T0006Z000C1N61.png,6,0.44263273081107424,0.44263273081107424
G0,W0082F0001T0006Z000C1N61.png,7,0.42824175819297355,0.42824175819297355
G0,W0082F0001T0006Z000C1N61.png,8,0.3535533905932738,0.3535533905932738
G0,W0082F0001T0006Z000C1N61.png,9,0.5,0.5
G0,W0082F0001T0006Z000C1N61.png,10,0.47075115315785115,0.47075115315785115
G0,W0082F0001T0006Z000C1N61.png,11,0.45069390943299864,0.45069390943299864
G0,W0082F0001T0006Z000C1N61.png,12,0.16643566632464954,0.16643566632464954
G0,W0082F0001T0006Z000C1N61.png,13,0.2991758226185855,0.2991758226185855
G0,W0082F0001T0006Z000C1N61.png,14,0.9583148474999144,0.9583148474999144
G0,W0082F0001T0006Z000C1N61.png,15,0.2232968782694374,0.2232968782694374
G0,W0082F0001T0006Z000C1N61.png,16,0.15713484026368169,0.15713484026368169
G0,W0082F0001T0006Z000C1N61.png,17,0.4081632653061206,0.4081632653061206
G0,W0082F0001T0006Z000C1N61.png,18,0.20000000000000284,0.20000000000000284
G0,W0082F0001T0006Z000C1N61.png,19,0.29450754468697427,0.29450754468697427
G0,W0082F0001T0006Z000C1N61.png,20,0.8503156621009251,0.8503156621009251
G0,W0082F0001T0006Z000C1N61.png,21,0.18633899812499094,0.18633899812499094
G0,W0082F0001T0006Z000C1N61.png,22,0.5,0.5
G0,W0082F0001T0006Z000C1N61.png,23,0.2357022603955175,0.2357022603955175
G0,W0082F0001T0006Z000C1N61.png,24,3.0,3.0
G0,W0082F0001T0006Z000C1N61.png,25,0.09999999999999432,0.09999999999999432
G0,W0082F0001T0006Z000C1N61.png,26,0.44721359549995543,0.44721359549995543
G0,W0082F0001T0006Z000C1N61.png,27,0.15676309893321985,0.15676309893321985
G0,W0082F0001T0006Z000C1N61.png,28,0.1767766952966369,0.1767766952966369
G0,W0082F0001T0006Z000C1N61.png,29,0.5758755534498994,0.5758755534498994
G0,W0082F0001T0006Z000C1N61.png,30,0.35999999999999943,0.35999999999999943
G0,W0082F0001T0006Z000C1N61.png,31,0.5471587667664528,0.5471587667664528
G0,W0082F0001T0006Z000C1N61.png,32,0.4142434467026586,0.4142434467026586
G0,W0082F0001T0006Z000C1N61.png,33,0.31644458315990426,0.31644458315990426
G0,W0082F0001T0006Z000C1N61.png,34,0.18181818181818699,0.18181818181818699
G0,W0082F0001T0006Z000C1N61.png,35,4.031128874149275,4.031128874149275
G0,W0082F0001T0006Z000C1N61.png,36,1.0837505411565256,1.0837505411565256
G0,W0082F0001T0006Z000C1N61.png,37,11.51535087546723,11.51535087546723
G0,W0082F0001T0006Z000C1N61.png,38,0.4142434467026586,0.4142434467026586
G0,W0082F0001T0006Z000C1N61.png,39,4.123105625617661,4.123105625617661
G0,W0082F0001T0006Z000C1N61.png,40,0.39283710065919014,0.39283710065919014
G0,W0082F0001T0006Z000C1N61.png,41,0.4472135954999643,0.4472135954999643
G0,W0082F0001T0006Z000C1N61.png,42,0.5182615568632394,0.5182615568632394
G0,W0082F0001T0006Z000C1N61.png,43,6.600189391222043,6.600189391222043
G0,W0082F0001T0006Z000C1N49.png,1,7.433034373659253,7.433034373659253
G0,W0082F0001T0006Z000C1N49.png,2,23.005434140654682,23.005434140654682
G0,W0082F0001T0006Z000C1N49.png,3,25.739075352467502,25.739075352467502
G0,W0082F0001T0006Z000C1N49.png,4,12.949361004050475,12.949361004050475
G0,W0082F0001T0006Z000C1N49.png,5,0.45069390943299864,0.45069390943299864
G0,W0082F0001T0006Z000C1N49.png,6,0.5,0.5
G0,W0082F0001T0006Z000C1N49.png,7,0.1999999999999993,0.1999999999999993
G0,W0082F0001T0006Z000C1N49.png,8,18.607436319668874,18.607436319668874
G0,W0082F0001T0006Z000C1N49.png,9,12.953055076022382,12.953055076022382
G0,W0082F0001T0006Z000C1N49.png,10,9.055385138137417,9.055385138137417
G0,W0082F0001T0006Z000C1N49.png,11,5.29528091794949,5.29528091794949
G0,W0082F0001T0006Z000C1N49.png,12,0.5,0.5
G0,W0082F0001T0006Z000C1N49.png,13,0.4714045207910275,0.4714045207910275
G0,W0082F0001T0006Z000C1N49.png,14,4.500549162930014,4.500549162930014
G0,W0082F0001T0006Z000C1N49.png,15,0.0,0.0
G0,W0082F0001T0006Z000C1N49.png,16,0.7071067811865476,0.7071067811865476
G0,W0082F0001T0006Z000C1N49.png,17,0.5,0.5
G0,W0082F0001T0006Z000C1N49.png,18,0.5,0.5
G0,W0082F0001T0006Z000C1N49.png,19,0.25,0.25
G0,W0082F0001T0006Z000C1N49.png,20,17.08800749063506,17.08800749063506
G0,W0082F0001T0006Z000C1N49.png,21,0.471404520791035,0.471404520791035
G0,W0082F0001T0006Z000C1N49.png,22,0.0,0.0
G0,W0082F0001T0006Z000C1N49.png,23,0.5,0.5
G0,W0082F0001T0006Z000C1N49.png,24,7.732782058699636,7.732782058699636
G0,W0082F0001T0006Z000C1N49.png,25,19.804039991880448,19.804039991880448
G0,W0082F0001T0006Z000C1N49.png,26,0.4714045207910275,0.4714045207910275
G0,W0082F0001T0006Z000C1N49.png,27,0.0,0.0
G0,W0082F0001T0006Z000C1N49.png,28,4.124602487393466,4.124602487393466
G0,W0082F0001T0006Z000C1N49.png,29,2.0615528128088303,2.0615528128088303
G0,W0082F0001T0006Z000C1N49.png,30,7.829683810772684,7.829683810772684
G0,W0082F0001T0006Z000C1N49.png,31,0.7071067811865476,0.7071067811865476
G0,W0082F0001T0006Z000C1N49.png,32,5.710731717337529,5.710731717337529
G0,W0082F0001T0006Z000C1N49.png,33,0.3535533905932738,0.3535533905932738
G0,W0082F0001T0006Z000C1N49.png,34,8.30463377571584,8.30463377571584
G0,W0082F0001T0006Z000C1N49.png,35,0.0,0.0
G0,W0082F0001T0006Z000C1N49.png,36,0.20000000000000284,0.20000000000000284
G0,W0082F0001T0006Z000C1N49.png,37,0.0,0.0
G0,W0082F0001T0006Z000C1N49.png,38,1.5062831370260037,1.5062831370260037
G0,W0082F0001T0006Z000C1N49.png,39,9.64689069078737,9.64689069078737
G0,W0082F0001T0006Z000C1N49.png,40,9.57975084736434,10.215667456984658
G0,W0082F0001T0006Z000C1N49.png,41,9.679589063821075,9.679589063821075
G0,W0082F0001T0006Z000C1N49.png,42,19.432961688841967,19.432961688841967
G0,W0082F0001T0006Z000C1N60.png,1,13.416407864998739,13.416407864998739
G0,W0082F0001T0006Z000C1N60.png,2,10.547511554864494,28.935272592460574
G0,W0082F0001T0006Z000C1N60.png,3,0.5185449728701355,0.5185449728701355
G0,W0082F0001T0006Z000C1N60.png,4,9.12633551870629,25.649366463910955
G0,W0082F0001T0006Z000C1N60.png,5,2.6833520216016473,20.406316898847315
G0,W0082F0001T0006Z000C1N60.png,6,15.993025339320017,30.314331226104102
G0,W0082F0001T0006Z000C1N60.png,7,4.123105625617661,15.620499351813308
G0,W0082F0001T0006Z000C1N60.png,8,4.729412959213378,29.001407425383018
G0,W0082F0001T0006Z000C1N60.png,9,0.47659921779670555,0.47659921779670555
G0,W0082F0001T0006Z000C1N60.png,10,0.4105781310115471,0.4105781310115471
G0,W0082F0001T0006Z000C1N60.png,11,7.435136178981526,25.6423721601571
G0,W0082F0001T0006Z000C1N60.png,12,29.068883707497267,29.068883707497267
G0,W0082F0001T0006Z000C1N60.png,13,1.3743685418725564,1.3743685418725564
G0,W0082F0001T0006Z000C1N60.png,14,0.2571297386132923,0.2571297386132923
G0,W0082F0001T0006Z000C1N60.png,15,31.2285844987556,34.47684819156893
G0,W0082F0001T0006Z000C1N60.png,16,0.2857142857142918,0.2857142857142918
G0,W0082F0001T0006Z000C1N60.png,17,12.430384660577376,16.350310230332
G0,W0082F0001T0006Z000C1N60.png,18,6.041522986797286,6.041522986797286
G0,W0082F0001T0006Z000C1N60.png,19,0.471699056602829,0.471699056602829
G0,W0082F0001T0006Z000C1N60.png,20,0.5439282932204242,0.5439282932204242
G0,W0082F0001T0006Z000C1N60.png,21,1.118033988749895,13.865424623862047
G0,W0082F0001T0006Z000C1N60.png,22,10.881176406988352,11.497825881443845
G0,W0082F0001T0006Z000C1N60.png,23,0.0,0.0
G0,W0082F0001T0006Z000C1N60.png,24,11.180339887498949,11.180339887498949
G0,W0082F0001T0006Z000C1N60.png,25,11.338234234463295,15.807874268505833
G0,W0082F0001T0006Z000C1N60.png,26,1.4574732913716544,1.4574732913716544
G0,W0082F0001T0006Z000C1N60.png,27,0.7071067811865476,16.867127793433
G0,W0082F0001T0006Z000C1N60.png,28,3.605551275463989,13.92838827718412
G0,W0082F0001T0006Z000C1N60.png,29,0.33920750049941845,0.33920750049941845
G0,W0082F0001T0006Z000C1N60.png,30,18.88684205387883,19.94568749948192
G0,W0082F0001T0006Z000C1N60.png,31,10.770329614269007,10.770329614269007
G0,W0082F0001T0006Z000C1N60.png,32,0.6966631224435793,0.6966631224435793
G0,W0082F0001T0006Z000C1N60.png,33,0.5150787536377178,0.5150787536377178
G0,W0082F0001T0006Z000C1N60.png,34,1.3176156917368262,6.79971404627512
G0,W0082F0001T0006Z000C1N60.png,35,0.12856486930664865,0.12856486930664865
G0,W0082F0001T0006Z000C1N60.png,36,1.040015698468647,1.040015698468647
G0,W0082F0001T0006Z000C1N60.png,37,7.96241169495775,8.944271909999156
G0,W0082F0001T0006Z000C1N60.png,38,0.3605551275463981,2.080865204668485
G0,W0082F0001T0006Z000C1N60.png,39,0.4472135954999579,16.90562036720333
G0,W0082F0001T0006Z000C1N60.png,40,0.7071067811865476,0.7071067811865476
G0,W0082F0001T0006Z000C1N60.png,41,0.41666666666666285,0.41666666666666285
G0,W0082F0001T0006Z000C1N60.png,42,0.47140452079102846,0.47140452079102846
G0,W0082F0001T0006Z000C1N60.png,43,8.18248892452657,11.702697338648044
G0,W0082F0001T0006Z000C1N60.png,44,0.6009252125773289,0.6009252125773289
G0,W0082F0001T0006Z000C1N60.png,45,7.354021529276423,8.320125587749166
G0,W0082F0001T0006Z000C1N60.png,46,1.3928388277184094,1.3928388277184094
G0,W0082F0001T0006Z000C1N60.png,47,14.591178647767487,14.591178647767487
G0,W0082F0001T0006Z000C1N60.png,48,0.5150787536377148,17.77983264768237
G0,W0082F0001T0006Z000C1N60.png,49,0.47140452079103834,0.7453559924999342
G0,W0082F0001T0006Z000C1N60.png,50,5.055937104039171,6.823672031978091
G0,W0082F0001T0006Z000C1N60.png,51,0.46778292153306006,0.46778292153306006
G0,W0082F0001T0006Z000C1N60.png,52,12.023414656411049,12.023414656411049
G0,W0082F0001T0006Z000C1N60.png,53,2.0615528128088303,2.0615528128088303
G0,W0082F0001T0006Z000C1N60.png,54,8.983491804415475,9.457966219013473
G0,W0082F0001T0006Z000C1N60.png,55,14.055692796870597,14.055692796870597
G0,W0082F0001T0006Z000C1N60.png,56,8.623288880184347,9.346716595206626
G0,W0082F0002T0006Z000C1N39.png,1,26.800186566514792,
G0,W0082F0002T0006Z000C1N39.png,2,11.40175425099138,
G0,W0082F0002T0006Z000C1N39.png,3,0.5,
G0,W0082F0002T0006Z000C1N39.png,4,15.297058540778355,
G0,W0082F0002T0006Z000C1N39.png,5,23.521266972678152,
G0,W0082F0002T0006Z000C1N39.png,6,29.206163733020468,
G0,W0082F0002T0006Z000C1N39.png,7,23.021728866442675,
G0,W0082F0002T0006Z000C1N39.png,8,20.344259359556165,
G0,W0082F0002T0006Z000C1N39.png,9,29.735135304971088,
G0,W0082F0002T0006Z000C1N39.png,10,24.413111231467404,
G0,W0082F0002T0006Z000C1N39.png,11,24.67720495608132,
G0,W0082F0002T0006Z000C1N113.png,1,0.565685424949242,0.565685424949242
G0,W0082F0002T0006Z000C1N113.png,2,8.5,23.521266972678152
G0,W0082F0002T0006Z000C1N113.png,3,0.44721359549996276,7.810249675906655
G0,W0082F0002T0006Z000C1N113.png,4,17.88854381999832,38.07886552931954
G0,W0082F0002T0006Z000C1N113.png,5,0.44721359549996276,14.92648652563623
G0,W0082F0002T0006Z000C1N113.png,6,0.5758755534498994,0.5758755534498994
G0,W0082F0002T0006Z000C1N113.png,7,31.921931258789133,75.8728799098675
G0,W0082F0002T0006Z000C1N113.png,8,19.00657780874821,41.027429848821875
G0,W0082F0002T0006Z000C1N113.png,9,22.726636354727024,62.94839156007086
G0,W0082F0002T0006Z000C1N113.png,10,26.195886886988927,69.01404766792197
G0,W0082F0002T0006Z000C1N113.png,11,0.4164965639175255,0.4164965639175255
G0,W0082F0002T0006Z000C1N113.png,12,0.7071067811865476,0.7071067811865476
G0,W0082F0002T0006Z000C1N113.png,13,11.704699910719626,50.21951811795888
G0,W0082F0002T0006Z000C1N113.png,14,0.588235294117645,0.588235294117645
G0,W0082F0002T0006Z000C1N113.png,15,7.158910531638177,45.59879384369722
G0,W0082F0002T0006Z000C1N113.png,16,1.0,47.853944456021594
G0,W0082F0002T0006Z000C1N113.png,17,2.4632813688332087,2.4632813688332087
G0,W0082F0002T0006Z000C1N113.png,18,6.96419413859206,51.61879502661797
G0,W0082F0002T0006Z000C1N113.png,19,7.363574011458169,9.428090415820629
G0,W0082F0002T0006Z000C1N113.png,20,9.486832980505138,23.345235059857504
G0,W0082F0002T0006Z000C1N113.png,21,11.0,18.681541692269406
G0,W0082F0002T0006Z000C1N113.png,22,13.486618882762606,28.458546851321987
G0,W0082F0002T0006Z000C1N113.png,23,2.0,32.31098884280702
G0,W0082F0002T0006Z000C1N113.png,24,8.845903006477066,102.13838651555056
G0,W0082F0002T0006Z000C1N113.png,25,7.496665925596531,47.40464112299555
G0,W0082F0002T0006Z000C1N113.png,26,0.7142857142857082,111.52102391706329
G0,W0082F0002T0006Z000C1N113.png,27,9.899494936611665,69.31089380465383
G0,W0082F0002T0006Z000C1N113.png,28,16.46882576938083,75.66960346723702
G0,W0082F0003T0006Z000C1N4.png,1,5.540256712864887,5.540256712864887
G0,W0082F0003T0006Z000C1N4.png,2,1.0739275173399738,1.0739275173399738
G0,W0082F0003T0006Z000C1N4.png,3,0.1767766952966369,0.1767766952966369
G0,W0082F0003T0006Z000C1N4.png,4,0.2857142857142918,0.2857142857142918
G0,W0082F0003T0006Z000C1N4.png,5,2.7357938338322567,2.7357938338322567
G0,W0082F0003T0006Z000C1N4.png,6,3.832753579347357,3.832753579347357
G0,W0082F0003T0006Z000C1N4.png,7,0.5,0.5
G0,W0082F0003T0006Z000C1N4.png,8,0.5,0.5
G0,W0082F0003T0006Z000C1N4.png,9,0.0,0.0
G0,W0082F0003T0006Z000C1N4.png,10,0.5,0.5
G0,W0082F0003T0006Z000C1N4.png,11,3.7267799624996507,3.7267799624996507
G0,W0082F0003T0006Z000C1N4.png,12,9.300537618869138,9.300537618869138
G0,W0082F0003T0006Z000C1N4.png,13,0.25,0.25
G0,W0082F0003T0006Z000C1N4.png,14,0.5385164807134515,0.5385164807134515
G0,W0082F0003T0006Z000C1N4.png,15,2.3323807579381217,2.3323807579381217
G0,W0082F0003T0006Z000C1N4.png,16,0.27487370837450886,0.27487370837450886
G0,W0082F0003T0006Z000C1N4.png,17,3.465544690232695,3.465544690232695
G0,W0082F0003T0006Z000C1N4.png,18,0.7071067811865476,0.7071067811865476
G0,W0082F0003T0006Z000C1N4.png,19,1.602467233539547,1.602467233539547
G0,W0082F0003T0006Z000C1N4.png,20,0.47140452079103,0.47140452079103
G0,W0082F0003T0006Z000C1N4.png,21,0.1875,0.1875
G0,W0082F0003T0006Z000C1N4.png,22,0.2857142857142918,0.2857142857142918
G0,W0082F0003T0006Z000C1N4.png,23,0.35136418446314976,0.35136418446314976
G0,W0082F0003T0006Z000C1N4.png,24,6.603029607687669,6.603029607687669
G0,W0082F0003T0006Z000C1N4.png,25,8.902246907382429,9.12414379544733
G0,W0082F0003T0006Z000C1N4.png,26,0.7071067811865476,0.7071067811865476
G0,W0082F0003T0006Z000C1N4.png,27,0.5,0.5
G0,W0082F0003T0006Z000C1N4.png,28,0.6009252125773289,0.6009252125773289
G0,W0082F0003T0006Z000C1N4.png,29,8.077747210701755,9.013878188659973
G0,W0082F0003T0006Z000C1N4.png,30,11.10180165558726,11.10180165558726
G0,W0082F0003T0006Z000C1N4.png,31,7.874642849044009,7.874642849044009
G0,W0082F0003T0006Z000C1N4.png,32,9.192388155425117,9.192388155425117
G0,W0082F0003T0006Z000C1N4.png,33,6.890173422775249,6.890173422775249
G0,W0082F0003T0006Z000C1N4.png,34,0.8409518416651492,0.8409518416651492
G0,W0082F0003T0006Z000C1N4.png,35,11.672617529928752,11.672617529928752
G0,W0082F0003T0006Z000C1N4.png,36,7.0178344238090995,7.0178344238090995
G0,W0082F0003T0006Z000C1N4.png,37,1.5,1.5
G0,W0082F0003T0006Z000C1N4.png,38,8.94427190999916,8.94427190999916
G0,W0082F0003T0006Z000C1N4.png,39,0.7071067811865476,0.7071067811865476
G0,W0082F0003T0006Z000C1N4.png,40,0.5882352941176408,0.5882352941176408
G0,W0082F0003T0006Z000C1N4.png,41,0.7071067811865476,0.7071067811865476
G0,W0082F0003T0006Z000C1N4.png,42,1.0,1.0
G0,W0082F0002T0006Z000C1N117.png,1,0.5,0.5
G0,W0082F0002T0006Z000C1N117.png,2,0.3642156795423458,0.3642156795423458
G0,W0082F0002T0006Z000C1N117.png,3,0.1767766952966369,0.1767766952966369
G0,W0082F0002T0006Z000C1N117.png,4,12.349089035228468,16.688319268278637
G0,W0082F0002T0006Z000C1N117.png,5,0.462634753965482,0.462634753965482
G0,W0082F0002T0006Z000C1N117.png,6,5.730334605751879,7.881779556647842
G0,W0082F0002T0006Z000C1N117.png,7,8.045012257431448,12.572014777097408
G0,W0082F0002T0006Z000C1N117.png,8,5.0,5.0
G0,W0082F0002T0006Z000C1N117.png,9,6.4031242374328485,9.305912099305472
G0,W0082F0002T0006Z000C1N117.png,10,9.115192520944223,9.115192520944223
G0,W0082F0002T0006Z000C1N117.png,11,0.5762215285808054,0.5762215285808054
G0,W0082F0002T0006Z000C1N117.png,12,1.1111111111111094,1.1111111111111094
G0,W0082F0002T0006Z000C1N117.png,13,0.35600015605489604,0.35600015605489604
G0,W0082F0002T0006Z000C1N117.png,14,12.944325225965066,12.944325225965066
G0,W0082F0002T0006Z000C1N117.png,15,0.424264068711927,0.424264068711927
G0,W0082F0002T0006Z000C1N117.png,16,0.1897658566033703,0.1897658566033703
G0,W0082F0002T0006Z000C1N117.png,17,13.076962355396013,13.076962355396013
G0,W0082F0002T0006Z000C1N117.png,18,0.2857142857142918,0.2857142857142918
G0,W0082F0002T0006Z000C1N117.png,19,0.5,0.5
G0,W0082F0002T0006Z000C1N117.png,20,0.7071067811865476,0.7071067811865476
G0,W0082F0002T0006Z000C1N117.png,21,20.59732992404598,20.59732992404598
G0,W0082F0002T0006Z000C1N117.png,22,17.0,17.0
G0,W0082F0002T0006Z000C1N117.png,23,0.3748277841470638,0.3748277841470638
G0,W0082F0002T0006Z000C1N117.png,24,1.5811388300841898,5.1478150704935
G0,W0082F0002T0006Z000C1N117.png,25,7.786205751198718,7.786205751198718
G0,W0082F0002T0006Z000C1N117.png,26,0.5385164807134515,0.5385164807134515
G0,W0082F0002T0006Z000C1N117.png,27,14.212670403551895,14.212670403551895
G0,W0082F0002T0006Z000C1N117.png,28,0.3513641844631565,0.3513641844631565
G0,W0082F0002T0006Z000C1N117.png,29,1.4142135623730951,8.06225774829855
G0,W0082F0002T0006Z000C1N117.png,30,0.5150787536377021,0.5150787536377021
G0,W0082F0002T0006Z000C1N117.png,31,0.745355992499932,13.67073110293992
G0,W0082F0002T0006Z000C1N117.png,32,0.1767766952966369,0.1767766952966369
G0,W0082F0002T0006Z000C1N117.png,33,0.5290715957050519,0.5290715957050519
G0,W0082F0002T0006Z000C1N117.png,34,10.704299661818142,12.153478154421474
G0,W0082F0002T0006Z000C1N117.png,35,0.5,0.5
G0,W0082F0002T0006Z000C1N117.png,36,6.894244864007806,7.228063223242013
G0,W0082F0002T0006Z000C1N117.png,37,0.7071067811865476,0.7071067811865476
G0,W0082F0002T0006Z000C1N117.png,38,0.0,0.0
G0,W0082F0002T0006Z000C1N117.png,39,0.7071067811865476,0.7071067811865476
G0,W0082F0002T0006Z000C1N117.png,40,0.47140452079102496,16.387664737709134
G0,W0082F0002T0006Z000C1N117.png,41,8.751587157640481,11.906172535472697
G0,W0082F0002T0006Z000C1N117.png,42,7.0710678118654755,7.0710678118654755
G0,W0082F0002T0006Z000C1N117.png,43,7.615773105863909,7.615773105863909
G0,W0082F0002T0006Z000C1N117.png,44,7.566372975210778,7.566372975210778
G0,W0082F0002T0006Z000C1N117.png,45,0.2857142857142918,0.7142857142857082
G0,W0082F0002T0006Z000C1N117.png,46,5.981638571495265,16.70269439342048
G0,W0082F0002T0006Z000C1N117.png,47,4.716990566028302,4.716990566028302
G0,W0082F0002T0006Z000C1N117.png,48,12.290748553281855,12.290748553281855
G0,W0082F0002T0006Z000C1N117.png,49,0.2857142857142918,0.7142857142857082
G0,W0082F0002T0006Z000C1N117.png,50,0.7071067811865476,0.7071067811865476
G0,W0082F0002T0006Z000C1N117.png,51,0.0,0.0
G0,W0082F0002T0006Z000C1N117.png,52,12.58781653028038,26.962068262653737
G0,W0082F0002T0006Z000C1N117.png,53,16.76305461424021,22.47220505424423
G0,W0082F0002T0006Z000C1N117.png,54,0.33592740617910655,0.33592740617910655
G0,W0082F0002T0006Z000C1N117.png,55,0.4472135954999643,0.4472135954999643
G0,W0082F0002T0006Z000C1N117.png,56,0.4472135954999579,0.4472135954999579
G0,W0082F0002T0006Z000C1N117.png,57,0.7071067811865476,0.7071067811865476
G0,W0082F0002T0006Z000C1N117.png,58,27.082908483895704,31.9143762309079
G0,W0082F0002T0006Z000C1N117.png,59,0.5300865358950229,0.5300865358950229
G0,W0082F0002T0006Z000C1N117.png,60,27.297232256932006,39.35063178936549
G0,W0082F0002T0006Z000C1N117.png,61,5.750958999311744,6.779076806833012
G0,W0082F0002T0006Z000C1N117.png,62,0.3535533905932738,0.3535533905932738
G0,W0082F0002T0006Z000C1N117.png,63,8.602325267042627,25.317977802344327
G0,W0082F0002T0006Z000C1N117.png,64,0.6060915267313268,0.6060915267313268
G0,W0082F0002T0006Z000C1N117.png,65,0.6009252125773289,0.6009252125773289
G0,W0082F0002T0006Z000C1N117.png,66,10.505901256857335,10.505901256857335
G0,W0082F0002T0006Z000C1N117.png,67,9.362098530184834,13.182648528358119
G0,W0082F0002T0006Z000C1N117.png,68,11.902186768047951,22.853744306105817
G0,W0082F0002T0006Z000C1N117.png,69,21.66217902243447,25.773047937719745
G0,W0082F0003T0006Z000C1N13.png,1,0.3273389880516592,0.3273389880516592
G0,W0082F0003T0006Z000C1N13.png,2,0.543983793275991,0.543983793275991
G0,W0082F0003T0006Z000C1N13.png,3,0.48662100242386125,0.48662100242386125
G0,W0082F0003T0006Z000C1N13.png,4,0.5185449728701306,0.5185449728701306
G0,W0082F0003T0006Z000C1N13.png,5,6.103277807866851,6.103277807866851
G0,W0082F0003T0006Z000C1N13.png,6,0.42111238421400554,0.42111238421400554
G0,W0082F0003T0006Z000C1N13.png,7,0.5,0.5
G0,W0082F0003T0006Z000C1N13.png,8,0.0,0.0
G0,W0082F0003T0006Z000C1N13.png,9,0.25,0.25
G0,W0082F0003T0006Z000C1N13.png,10,0.41535088697381534,0.41535088697381534
G0,W0082F0003T0006Z000C1N13.png,11,0.25,0.25
G0,W0082F0003T0006Z000C1N13.png,12,0.7934038082997659,0.7934038082997659
G0,W0082F0003T0006Z000C1N13.png,13,0.0,0.0
G0,W0082F0003T0006Z000C1N13.png,14,0.4472135954999579,0.4472135954999579
G0,W0082F0003T0006Z000C1N13.png,15,0.1767766952966369,0.1767766952966369
G0,W0082F0003T0006Z000C1N13.png,16,6.020797289396148,6.020797289396148
G0,W0082F0003T0006Z000C1N13.png,17,0.47140452079103,0.47140452079103
G0,W0082F0003T0006Z000C1N13.png,18,0.0,0.0
G0,W0082F0003T0006Z000C1N13.png,19,0.21700555924303405,0.21700555924303405
G0,W0082F0003T0006Z000C1N13.png,20,0.3846153846153868,0.3846153846153868
G0,W0082F0003T0006Z000C1N13.png,21,1.0,1.0
G0,W0082F0003T0006Z000C1N13.png,22,0.45275396142328916,0.45275396142328916
G0,W0082F0003T0006Z000C1N13.png,23,0.45392636995263813,0.45392636995263813
G0,W0082F0003T0006Z000C1N13.png,24,0.4386342439892342,0.4386342439892342
G0,W0082F0003T0006Z000C1N13.png,25,0.3808745178340445,0.3808745178340445
G0,W0082F0003T0006Z000C1N13.png,26,5.727128425310544,5.727128425310544
G0,W0082F0003T0006Z000C1N13.png,27,0.5,0.5
G0,W0082F0003T0006Z000C1N13.png,28,0.1767766952966369,0.1767766952966369
G0,W0082F0003T0006Z000C1N13.png,29,0.4399681242189105,0.4399681242189105
G0,W0082F0003T0006Z000C1N13.png,30,0.4742504557822664,0.4742504557822664
G0,W0082F0003T0006Z000C1N13.png,31,4.859243243341417,4.859243243341417
G0,W0082F0003T0006Z000C1N13.png,32,0.5439282932204242,0.5439282932204242
G0,W0082F0003T0006Z000C1N13.png,33,0.0,0.0
G0,W0082F0003T0006Z000C1N13.png,34,0.6308161333406446,0.6308161333406446
G0,W0082F0003T0006Z000C1N13.png,35,0.5,0.5
G0,W0082F0003T0006Z000C1N13.png,36,0.6397632782163953,0.6397632782163953
G0,W0082F0003T0006Z000C1N13.png,37,0.6403124237432885,0.6403124237432885
G0,W0082F0003T0006Z000C1N13.png,38,0.47140452079103,0.47140452079103
G0,W0082F0003T0006Z000C1N13.png,39,0.47140452079102496,0.47140452079102496
G0,W0082F0003T0006Z000C1N13.png,40,0.27487370837450886,0.27487370837450886
G0,W0082F0003T0006Z000C1N13.png,41,0.4859126579037791,0.4859126579037791
G0,W0082F0003T0006Z000C1N13.png,42,2.4267032964268362,2.4267032964268362
G0,W0082F0003T0006Z000C1N13.png,43,15.355647767754606,15.355647767754606
G0,W0082F0003T0006Z000C1N13.png,44,0.3807886552931896,0.3807886552931896
G0,W0082F0003T0006Z000C1N13.png,45,0.33126932999996556,0.33126932999996556
G0,W0082F0003T0006Z000C1N13.png,46,0.45069390943299864,0.45069390943299864
G0,W0082F0003T0006Z000C1N13.png,47,2.5838440355408476,2.5838440355408476
G0,W0082F0003T0006Z000C1N13.png,48,0.3409005015065917,0.3409005015065917
G0,W0082F0003T0006Z000C1N13.png,49,0.471404520791035,0.471404520791035
G0,W0082F0003T0006Z000C1N13.png,50,2.8284271247461903,2.8284271247461903
G0,W0082F0003T0006Z000C1N13.png,51,0.24478021850610626,0.24478021850610626
G0,W0082F0003T0006Z000C1N13.png,52,0.27777777777777857,0.27777777777777857
G0,W0082F0003T0006Z000C1N13.png,53,5.735959777395682,5.735959777395682
G0,W0082F0003T0006Z000C1N13.png,54,0.29994232432897655,0.29994232432897655
G0,W0082F0003T0006Z000C1N13.png,55,2.23606797749979,2.23606797749979
G0,W0082F0003T0006Z000C1N13.png,56,0.28206567058755366,0.28206567058755366
G0,W0082F0003T0006Z000C1N13.png,57,0.0,0.0
G0,W0082F0003T0006Z000C1N13.png,58,2.23606797749979,2.23606797749979
G0,W0082F0003T0006Z000C1N13.png,59,0.4040610178208779,0.4040610178208779
G0,W0082F0003T0006Z000C1N13.png,60,0.0,0.0
G0,W0082F0003T0006Z000C1N13.png,61,4.0,4.0
G0,W0082F0003T0006Z000C1N13.png,62,0.5,0.5
G0,W0082F0002T0006Z000C1N29.png,1,9.545887436071556,9.545887436071556
G0,W0082F0002T0006Z000C1N29.png,2,15.416000169450237,15.416000169450237
G0,W0082F0002T0006Z000C1N29.png,3,11.10180165558726,11.10180165558726
G0,W0082F0002T0006Z000C1N29.png,4,6.020797289396148,6.020797289396148
G0,W0082F0002T0006Z000C1N29.png,5,9.055385138137417,9.055385138137417
G0,W0082F0002T0006Z000C1N29.png,6,8.0,8.0
G0,W0082F0002T0006Z000C1N29.png,7,0.14142135623731025,0.14142135623731025
G0,W0082F0002T0006Z000C1N29.png,8,6.174419550866584,6.174419550866584
G0,W0082F0002T0006Z000C1N29.png,9,3.321332563896606,3.321332563896606
G0,W0082F0002T0006Z000C1N29.png,10,1.4422205101855965,1.4422205101855965
G0,W0082F0002T0006Z000C1N29.png,11,0.4472135954999643,0.4472135954999643
G0,W0082F0002T0006Z000C1N29.png,12,0.5,0.5
G0,W0082F0002T0006Z000C1N29.png,13,0.0,0.0
G0,W0082F0002T0006Z000C1N29.png,14,0.35136418446314865,0.35136418446314865
G0,W0082F0002T0006Z000C1N29.png,15,0.44721359549995915,0.44721359549995915
G0,W0082F0002T0006Z000C1N29.png,16,0.5,0.5
G0,W0082F0002T0006Z000C1N29.png,17,6.708203932499369,6.708203932499369
G0,W0082F0002T0006Z000C1N29.png,18,12.727922061357855,13.038404810405298
G0,W0082F0002T0006Z000C1N29.png,19,0.4472135954999579,0.4472135954999579
G0,W0082F0002T0006Z000C1N29.png,20,0.5,0.5
G0,W0082F0002T0006Z000C1N29.png,21,11.517511068997925,11.517511068997925
G0,W0082F0002T0006Z000C1N29.png,22,0.0,0.0
G0,W0082F0002T0006Z000C1N29.png,23,3.758324094593227,3.758324094593227
G0,W0082F0002T0006Z000C1N29.png,24,0.23570226039552256,0.23570226039552256
G0,W0082F0002T0006Z000C1N29.png,25,16.101242188104617,16.347782724271816
G0,W0082F0002T0006Z000C1N29.png,26,8.163332652783422,8.163332652783422
G0,W0082F0002T0006Z000C1N29.png,27,5.385164807134504,5.385164807134504
G0,W0082F0002T0006Z000C1N29.png,28,0.44721359549995954,0.44721359549995954
G0,W0082F0002T0006Z000C1N29.png,29,17.0,17.0
G0,W0082F0002T0006Z000C1N29.png,30,11.606990230986764,11.606990230986764
G0,W0082F0002T0006Z000C1N29.png,31,14.106982116825856,14.106982116825856
G0,W0082F0002T0006Z000C1N29.png,32,17.10263137648707,17.10263137648707
G0,W0082F0001T0006Z000C1N64.png,1,0.5,0.5
G0,W0082F0001T0006Z000C1N64.png,2,8.768630958643934,19.846634195472266
G0,W0082F0001T0006Z000C1N64.png,3,0.47140452079103,0.47140452079103
G0,W0082F0001T0006Z000C1N64.png,4,8.0,10.0
G0,W0082F0001T0006Z000C1N64.png,5,10.307764064044152,16.62077013859466
G0,W0082F0001T0006Z000C1N64.png,6,5.16236379965612,14.115594213493107
G0,W0082F0001T0006Z000C1N64.png,7,2.5,16.62077013859466
G0,W0082F0001T0006Z000C1N64.png,8,0.5,0.5
G0,W0082F0001T0006Z000C1N64.png,9,15.652475842498529,27.294688127912362
G0,W0082F0001T0006Z000C1N64.png,10,20.67271416895011,25.884894780117946
G0,W0082F0001T0006Z000C1N64.png,11,15.708602868544123,21.126562253548524
G0,W0082F0001T0006Z000C1N64.png,12,9.860463146290716,21.6235186670975
G0,W0082F0001T0006Z000C1N64.png,13,3.0,5.830951894845301
G0,W0082F0001T0006Z000C1N64.png,14,7.632168761236874,22.073740054644116
G0,W0082F0001T0006Z000C1N64.png,15,24.166091947189145,33.97057550292606
G0,W0082F0001T0006Z000C1N64.png,16,0.7071067811865476,0.7071067811865476
G0,W0082F0001T0006Z000C1N64.png,17,26.24290380274255,39.45744543175596
G0,W0082F0001T0006Z000C1N64.png,18,13.275437953664749,22.144215613104635
G0,W0082F0001T0006Z000C1N64.png,19,19.313207915827967,24.166091947189145
G0,W0082F0001T0006Z000C1N64.png,20,0.7905694150420949,12.374368670764582
G0,W0082F0001T0006Z000C1N64.png,21,0.7453559924999337,23.900255693657808
G0,W0082F0001T0006Z000C1N64.png,22,12.7661743138487,31.80155409685519
G0,W0082F0001T0006Z000C1N64.png,23,7.645651778904165,41.06835566805794
G0,W0082F0001T0006Z000C1N64.png,24,9.433981132056603,9.433981132056603
G0,W0082F0001T0006Z000C1N64.png,25,2.0615528128088303,35.75262228144951
G0,W0082F0001T0006Z000C1N64.png,26,0.2857142857142847,0.2857142857142847
G0,W0082F0001T0006Z000C1N64.png,27,12.379418403139947,20.5
G0,W0082F0001T0006Z000C1N70.png,1,0.0,1.0
G0,W0082F0001T0006Z000C1N70.png,2,0.3535533905932738,0.3535533905932738
G0,W0082F0001T0006Z000C1N70.png,3,0.0,19.697715603592208
G0,W0082F0001T0006Z000C1N70.png,4,12.30980300411018,21.266905040461342
G0,W0082F0001T0006Z000C1N70.png,5,11.045361017187261,16.492422502470642
G0,W0082F0001T0006Z000C1N70.png,6,19.235384061671343,20.024984394500787
G0,W0082F0001T0006Z000C1N70.png,7,20.882768015758828,21.510230124292022
G0,W0082F0001T0006Z000C1N70.png,8,10.713439119992136,13.90843069668338
G0,W0082F0001T0006Z000C1N70.png,9,1.0109143751078622,1.0109143751078622
G0,W0082F0001T0006Z000C1N70.png,10,13.0,20.615528128088304
G0,W0082F0001T0006Z000C1N70.png,11,15.231546211727812,15.231546211727812
G0,W0082F0001T0006Z000C1N70.png,12,9.30480685830392,9.30480685830392
G0,W0082F0001T0006Z000C1N70.png,13,28.915076217313707,28.915076217313707
G0,W0082F0001T0006Z000C1N70.png,14,0.45069390943299864,0.45069390943299864
G0,W0082F0001T0006Z000C1N70.png,15,0.5,0.5
G0,W0082F0001T0006Z000C1N70.png,16,6.324555320336759,15.524174696260024
G0,W0082F0001T0006Z000C1N70.png,17,10.043294708164312,10.043294708164312
G0,W0082F0001T0006Z000C1N70.png,18,0.5,0.5
G0,W0082F0001T0006Z000C1N70.png,19,7.2659058918865815,7.2659058918865815
G0,W0082F0001T0006Z000C1N70.png,20,10.688779163215974,10.688779163215974
G0,W0082F0001T0006Z000C1N70.png,21,1.5811388300841898,1.5811388300841898
G0,W0082F0001T0006Z000C1N70.png,22,16.62077013859466,16.62077013859466
G0,W0082F0001T0006Z000C1N70.png,23,17.804493814764857,32.802438933713454
G0,W0082F0001T0006Z000C1N70.png,24,12.048583624100331,32.73525528807604
G0,W0082F0001T0006Z000C1N71.png,1,11.085604403910505,11.085604403910505
G0,W0082F0001T0006Z000C1N71.png,2,14.5,14.5
G0,W0082F0001T0006Z000C1N71.png,3,1.5264593427274766,1.5264593427274766
G0,W0082F0001T0006Z000C1N71.png,4,13.484806264830057,13.484806264830057
G0,W0082F0001T0006Z000C1N71.png,5,0.0,0.0
G0,W0082F0001T0006Z000C1N71.png,6,0.9245003270420452,0.9245003270420452
G0,W0082F0001T0006Z000C1N71.png,7,5.270462766947298,5.270462766947298
G0,W0082F0001T0006Z000C1N71.png,8,0.4476360930863914,0.4476360930863914
G0,W0082F0001T0006Z000C1N71.png,9,0.0,0.0
G0,W0082F0001T0006Z000C1N71.png,10,3.605551275463991,3.605551275463991
G0,W0082F0001T0006Z000C1N71.png,11,0.5,0.5
G0,W0082F0001T0006Z000C1N71.png,12,0.0,0.0
G0,W0082F0001T0006Z000C1N71.png,13,0.7071067811865476,0.7071067811865476
G0,W0082F0001T0006Z000C1N71.png,14,0.24325212770525684,0.24325212770525684
G0,W0082F0001T0006Z000C1N71.png,15,0.7071067811865476,0.7071067811865476
G0,W0082F0001T0006Z000C1N71.png,16,0.4472135954999643,0.4472135954999643
G0,W0082F0001T0006Z000C1N71.png,17,2.8284271247461903,2.8284271247461903
G0,W0082F0001T0006Z000C1N71.png,18,0.20000000000000284,0.20000000000000284
G0,W0082F0001T0006Z000C1N71.png,19,0.1767766952966369,0.1767766952966369
G0,W0082F0001T0006Z000C1N71.png,20,1.0,1.0
G0,W0082F0001T0006Z000C1N71.png,21,2.687419249432847,2.687419249432847
G0,W0082F0001T0006Z000C1N71.png,22,1.2557559782549657,1.2557559782549657
G0,W0082F0001T0006Z000C1N71.png,23,3.5901098714229964,3.5901098714229964
G0,W0082F0001T0006Z000C1N71.png,24,7.0710678118654755,7.0710678118654755
G0,W0082F0001T0006Z000C1N71.png,25,8.154440382956011,8.154440382956011
G0,W0082F0001T0006Z000C1N71.png,26,10.0,10.0
G0,W0082F0001T0006Z000C1N71.png,27,23.600847442411887,23.600847442411887
G0,W0082F0001T0006Z000C1N65.png,1,0.42432935517360404,0.42432935517360404
G0,W0082F0001T0006Z000C1N65.png,2,0.35901098714230495,0.35901098714230495
G0,W0082F0001T0006Z000C1N65.png,3,0.3535533905932738,0.3535533905932738
G0,W0082F0001T0006Z000C1N65.png,4,0.3748277841470569,0.3748277841470569
G0,W0082F0001T0006Z000C1N65.png,5,0.3748277841470638,0.3748277841470638
G0,W0082F0001T0006Z000C1N65.png,6,0.3748277841470638,0.3748277841470638
G0,W0082F0001T0006Z000C1N65.png,7,0.3875909665738008,0.3875909665738008
G0,W0082F0001T0006Z000C1N65.png,8,0.43960308012519245,0.43960308012519245
G0,W0082F0001T0006Z000C1N65.png,9,0.5385164807134515,0.5385164807134515
G0,W0082F0001T0006Z000C1N65.png,10,0.39316393968935637,0.39316393968935637
G0,W0082F0001T0006Z000C1N65.png,11,0.45454545454545753,0.45454545454545753
G0,W0082F0001T0006Z000C1N65.png,12,0.3726779962499597,0.3726779962499597
G0,W0082F0001T0006Z000C1N65.png,13,0.0,0.0
G0,W0082F0001T0006Z000C1N65.png,14,0.32635697593225155,0.32635697593225155
G0,W0082F0001T0006Z000C1N65.png,15,0.3513641844631565,0.3513641844631565
G0,W0082F0001T0006Z000C1N65.png,16,0.7071067811865476,0.7071067811865476
G0,W0082F0001T0006Z000C1N65.png,17,0.35136418446314976,0.35136418446314976
G0,W0082F0001T0006Z000C1N65.png,18,0.0,0.0
G0,W0082F0001T0006Z000C1N65.png,19,0.3333333333333286,0.3333333333333286
G0,W0082F0001T0006Z000C1N65.png,20,0.5,0.5
G0,W0082F0001T0006Z000C1N65.png,21,0.3748277841470569,0.3748277841470569
G0,W0082F0001T0006Z000C1N65.png,22,0.4970066505108084,0.4970066505108084
G0,W0082F0001T0006Z000C1N65.png,23,0.0,0.0
G0,W0082F0001T0006Z000C1N65.png,24,0.5,0.5
G0,W0082F0001T0006Z000C1N65.png,25,0.0,0.0
G0,W0082F0001T0006Z000C1N65.png,26,0.0,0.0
G0,W0082F0001T0006Z000C1N65.png,27,0.5,0.5
G0,W0082F0001T0006Z000C1N65.png,28,0.1767766952966369,0.1767766952966369
G0,W0082F0001T0006Z000C1N65.png,29,0.0,0.0
G0,W0082F0001T0006Z000C1N65.png,30,0.25,0.25
G0,W0082F0001T0006Z000C1N65.png,31,4.0,4.0
G0,W0082F0001T0006Z000C1N65.png,32,0.2692307692307665,0.2692307692307665
G0,W0082F0001T0006Z000C1N65.png,33,0.38391703563326335,0.38391703563326335
G0,W0082F0001T0006Z000C1N65.png,34,0.5,0.5
G0,W0082F0001T0006Z000C1N65.png,35,0.445112345369126,0.445112345369126
G0,W0082F0001T0006Z000C1N65.png,36,0.0,0.0
G0,W0082F0001T0006Z000C1N65.png,37,0.5385164807134515,0.5385164807134515
G0,W0082F0001T0006Z000C1N65.png,38,0.18601633295107822,0.18601633295107822
G0,W0082F0001T0006Z000C1N65.png,39,0.5,0.5
G0,W0082F0001T0006Z000C1N65.png,40,0.5,0.5
G0,W0082F0001T0006Z000C1N65.png,41,0.0,0.0
G0,W0082F0001T0006Z000C1N65.png,42,0.0,0.0
G0,W0082F0001T0006Z000C1N65.png,43,0.7071067811865476,0.7071067811865476
G0,W0082F0001T0006Z000C1N65.png,44,0.45268221100452,0.45268221100452
G0,W0082F0001T0006Z000C1N65.png,45,0.0,0.0
G0,W0082F0001T0006Z000C1N65.png,46,0.4679048100229459,0.4679048100229459
G0,W0082F0001T0006Z000C1N65.png,47,1.0755160128410666,1.0755160128410666
G0,W0082F0001T0006Z000C1N65.png,48,0.0,0.0
G0,W0082F0001T0006Z000C1N65.png,49,0.0,0.0
G0,W0082F0002T0006Z000C1N28.png,1,12.083045973594572,13.0
G0,W0082F0002T0006Z000C1N28.png,2,8.5,8.5
G0,W0082F0002T0006Z000C1N28.png,3,14.425034927273535,14.425034927273535
G0,W0082F0002T0006Z000C1N28.png,4,4.716990566028302,5.408326913195984
G0,W0082F0002T0006Z000C1N28.png,5,0.5147815070493525,0.5147815070493525
G0,W0082F0002T0006Z000C1N28.png,6,3.820994634908559,4.024922359499621
G0,W0082F0002T0006Z000C1N28.png,7,8.0,8.0
G0,W0082F0002T0006Z000C1N28.png,8,6.174419550866584,6.174419550866584
G0,W0082F0002T0006Z000C1N28.png,9,4.697073557013984,4.697073557013984
G0,W0082F0002T0006Z000C1N28.png,10,0.34359213546813433,0.34359213546813433
G0,W0082F0002T0006Z000C1N28.png,11,6.946221994724902,6.946221994724902
G0,W0082F0002T0006Z000C1N28.png,12,3.321332563896606,3.321332563896606
G0,W0082F0002T0006Z000C1N28.png,13,0.4472135954999643,0.4472135954999643
G0,W0082F0002T0006Z000C1N28.png,14,0.0,0.0
G0,W0082F0002T0006Z000C1N28.png,15,0.7071067811865476,0.7071067811865476
G0,W0082F0002T0006Z000C1N28.png,16,0.20000000000000284,0.20000000000000284
G0,W0082F0002T0006Z000C1N28.png,17,0.0,0.0
G0,W0082F0002T0006Z000C1N28.png,18,0.5,0.5
G0,W0082F0002T0006Z000C1N28.png,19,4.727121641373921,4.727121641373921
G0,W0082F0002T0006Z000C1N28.png,20,0.0,1.0
G0,W0082F0002T0006Z000C1N28.png,21,0.35136418446314976,0.35136418446314976
G0,W0082F0002T0006Z000C1N28.png,22,0.7071067811865476,0.7071067811865476
G0,W0082F0002T0006Z000C1N28.png,23,0.47140452079103,0.47140452079103
G0,W0082F0002T0006Z000C1N28.png,24,12.649110640673518,12.649110640673518
G0,W0082F0002T0006Z000C1N28.png,25,3.640054944640259,3.640054944640259
G0,W0082F0002T0006Z000C1N28.png,26,0.0,0.0
G0,W0082F0002T0006Z000C1N28.png,27,0.23570226039552256,0.23570226039552256
G0,W0082F0002T0006Z000C1N28.png,28,0.5,0.5
G0,W0082F0002T0006Z000C1N28.png,29,5.656854249492381,5.656854249492381
G0,W0082F0002T0006Z000C1N28.png,30,0.37267799624995646,0.37267799624995646
G0,W0082F0002T0006Z000C1N28.png,31,11.706034768443155,11.706034768443155
G0,W0082F0002T0006Z000C1N28.png,32,0.4472135954999579,0.4472135954999579
G0,W0082F0002T0006Z000C1N28.png,33,3.3354160160315836,3.3354160160315836
G0,W0082F0002T0006Z000C1N28.png,34,7.420411039827915,7.420411039827915
G0,W0082F0002T0006Z000C1N28.png,35,7.684372894183327,7.684372894183327
G0,W0082F0002T0006Z000C1N28.png,36,1.4081856296262365,1.4081856296262365
G0,W0082F0002T0006Z000C1N28.png,37,0.4472135954999643,0.4472135954999643
G0,W0082F0002T0006Z000C1N28.png,38,17.0,17.0
G0,W0082F0002T0006Z000C1N28.png,39,5.250934588203014,5.250934588203014
G0,W0082F0002T0006Z000C1N28.png,40,17.10263137648707,17.10263137648707
G0,W0082F0002T0006Z000C1N28.png,41,0.0,0.0
G0,W0082F0002T0006Z000C1N28.png,42,0.4472135954999579,0.4472135954999579
G0,W0082F0002T0006Z000C1N116.png,1,0.37267799624996073,0.37267799624996073
G0,W0082F0002T0006Z000C1N116.png,2,0.1767766952966369,0.1767766952966369
G0,W0082F0002T0006Z000C1N116.png,3,0.1767766952966369,0.1767766952966369
G0,W0082F0002T0006Z000C1N116.png,4,0.7071067811865476,0.7071067811865476
G0,W0082F0002T0006Z000C1N116.png,5,0.6758625033664706,0.6758625033664706
G0,W0082F0002T0006Z000C1N116.png,6,1.3416407864998707,1.3416407864998707
G0,W0082F0002T0006Z000C1N116.png,7,0.4055175020198869,0.4055175020198869
G0,W0082F0002T0006Z000C1N116.png,8,0.49497474683058024,0.49497474683058024
G0,W0082F0002T0006Z000C1N116.png,9,0.37482778414706036,0.37482778414706036
G0,W0082F0002T0006Z000C1N116.png,10,6.128258770283417,6.128258770283417
G0,W0082F0002T0006Z000C1N116.png,11,0.5439282932204242,0.5439282932204242
G0,W0082F0002T0006Z000C1N116.png,12,7.918590886808902,7.918590886808902
G0,W0082F0002T0006Z000C1N116.png,13,0.2857142857142776,0.2857142857142776
G0,W0082F0002T0006Z000C1N116.png,14,0.7071067811865476,0.7071067811865476
G0,W0082F0002T0006Z000C1N116.png,15,1.118033988749895,1.118033988749895
G0,W0082F0002T0006Z000C1N116.png,16,3.905124837953327,3.905124837953327
G0,W0082F0002T0006Z000C1N116.png,17,7.158910531638177,7.158910531638177
G0,W0082F0002T0006Z000C1N116.png,18,6.749485577105525,6.749485577105525
G0,W0082F0002T0006Z000C1N116.png,19,0.5,0.5
G0,W0082F0002T0006Z000C1N116.png,20,0.25,0.25
G0,W0082F0002T0006Z000C1N116.png,21,0.3513641844631565,0.3513641844631565
G0,W0082F0002T0006Z000C1N116.png,22,0.452753961423295,0.452753961423295
G0,W0082F0002T0006Z000C1N116.png,23,0.0,0.0
G0,W0082F0002T0006Z000C1N116.png,24,6.932712311931024,6.932712311931024
G0,W0082F0002T0006Z000C1N116.png,25,0.7071067811865476,0.7071067811865476
G0,W0082F0002T0006Z000C1N116.png,26,0.5555555555555515,0.5555555555555515
G0,W0082F0002T0006Z000C1N116.png,27,0.5830951894845285,0.5830951894845285
G0,W0082F0002T0006Z000C1N116.png,28,0.7071067811865476,0.7071067811865476
G0,W0082F0002T0006Z000C1N116.png,29,0.12422599874999185,0.12422599874999185
G0,W0082F0002T0006Z000C1N116.png,30,0.0,0.0
G0,W0082F0002T0006Z000C1N116.png,31,6.0,6.0
G0,W0082F0002T0006Z000C1N116.png,32,0.5,0.5
G0,W0082F0002T0006Z000C1N116.png,33,0.5,0.5
G0,W0082F0002T0006Z000C1N116.png,34,0.5429406786186401,0.5429406786186401
G0,W0082F0002T0006Z000C1N116.png,35,0.47140452079102496,0.47140452079102496
G0,W0082F0002T0006Z000C1N116.png,36,0.7071067811865476,0.7071067811865476
G0,W0082F0002T0006Z000C1N116.png,37,0.75,0.75
G0,W0082F0002T0006Z000C1N116.png,38,0.7071067811865476,0.7071067811865476
G0,W0082F0002T0006Z000C1N116.png,39,0.471404520791035,0.471404520791035
G0,W0082F0002T0006Z000C1N116.png,40,7.1730833677017865,7.1730833677017865
G0,W0082F0002T0006Z000C1N116.png,41,0.4853406592853715,0.4853406592853715
G0,W0082F0002T0006Z000C1N116.png,42,5.70087712549569,5.70087712549569
G0,W0082F0002T0006Z000C1N116.png,43,13.37145909642425,13.37145909642425
G0,W0082F0002T0006Z000C1N116.png,44,0.21757131728817775,0.21757131728817775
G0,W0082F0002T0006Z000C1N116.png,45,0.5,0.5
G0,W0082F0002T0006Z000C1N116.png,46,0.7071067811865476,0.7071067811865476
G0,W0082F0002T0006Z000C1N116.png,47,15.5,15.5
G0,W0082F0002T0006Z000C1N116.png,48,6.020797289396148,9.394147114027968
G0,W0082F0002T0006Z000C1N116.png,49,0.6165986586242072,0.6165986586242072
G0,W0082F0002T0006Z000C1N116.png,50,9.279700815340014,9.279700815340014
G0,W0082F0002T0006Z000C1N116.png,51,8.298631450463219,8.74836845459106
G0,W0082F0002T0006Z000C1N116.png,52,12.183938078775602,12.243483677531636
G0,W0082F0002T0006Z000C1N116.png,53,20.223748416156685,20.8806130178211
G0,W0082F0002T0006Z000C1N102.png,1,0.5758755534498959,0.5758755534498959
G0,W0082F0002T0006Z000C1N102.png,2,0.5,0.5
G0,W0082F0002T0006Z000C1N102.png,3,0.7071067811865476,0.7071067811865476
G0,W0082F0002T0006Z000C1N102.png,4,0.3535533905932738,0.3535533905932738
G0,W0082F0002T0006Z000C1N102.png,5,0.3292694449033154,0.3292694449033154
G0,W0082F0002T0006Z000C1N102.png,6,0.0,0.0
G0,W0082F0002T0006Z000C1N102.png,7,0.543699248475772,0.543699248475772
G0,W0082F0002T0006Z000C1N102.png,8,0.48564732810695627,0.48564732810695627
G0,W0082F0002T0006Z000C1N102.png,9,0.42857142857142705,0.42857142857142705
G0,W0082F0002T0006Z000C1N102.png,10,0.3846546290810376,0.3846546290810376
G0,W0082F0002T0006Z000C1N102.png,11,0.5439282932204242,0.5439282932204242
G0,W0082F0002T0006Z000C1N102.png,12,0.32907174482850793,0.32907174482850793
G0,W0082F0002T0006Z000C1N102.png,13,0.0,0.0
G0,W0082F0002T0006Z000C1N102.png,14,0.0,0.0
G0,W0082F0002T0006Z000C1N102.png,15,0.5656854249492461,0.5656854249492461
G0,W0082F0002T0006Z000C1N102.png,16,0.4090806018078973,0.4090806018078973
G0,W0082F0002T0006Z000C1N102.png,17,0.21212121212121104,0.21212121212121104
G0,W0082F0002T0006Z000C1N102.png,18,0.0,0.0
G0,W0082F0002T0006Z000C1N102.png,19,0.0,0.0
G0,W0082F0002T0006Z000C1N102.png,20,0.4472135954999579,0.4472135954999579
G0,W0082F0002T0006Z000C1N102.png,21,0.0,0.0
G0,W0082F0002T0006Z000C1N102.png,22,0.2857142857142847,0.2857142857142847
G0,W0082F0002T0006Z000C1N102.png,23,0.5,0.5
G0,W0082F0002T0006Z000C1N102.png,24,0.3748277841470569,0.3748277841470569
G0,W0082F0002T0006Z000C1N102.png,25,0.45069390943299864,0.45069390943299864
G0,W0082F0002T0006Z000C1N102.png,26,0.4285714285714306,0.4285714285714306
G0,W0082F0002T0006Z000C1N102.png,27,0.5,0.5
G0,W0082F0002T0006Z000C1N102.png,28,0.1666666666666643,0.1666666666666643
G0,W0082F0002T0006Z000C1N102.png,29,0.0,0.0
G0,W0082F0002T0006Z000C1N102.png,30,0.0,0.0
G0,W0082F0002T0006Z000C1N102.png,31,0.479157423749954,0.479157423749954
G0,W0082F0002T0006Z000C1N102.png,32,0.7071067811865476,0.7071067811865476
G0,W0082F0002T0006Z000C1N102.png,33,0.2874797872880359,0.2874797872880359
G0,W0082F0002T0006Z000C1N102.png,34,0.5,0.5
G0,W0082F0002T0006Z000C1N102.png,35,0.4472135954999643,0.4472135954999643
G0,W0082F0002T0006Z000C1N102.png,36,0.4472135954999579,0.4472135954999579
G0,W0082F0002T0006Z000C1N128.png,1,55.029537523043025,61.34533397088975
G0,W0082F0002T0006Z000C1N128.png,2,6.0,63.694583757176716
G0,W0082F0002T0006Z000C1N128.png,3,32.79298957535369,46.71887083997197
G0,W0082F0002T0006Z000C1N128.png,4,10.688779163215974,51.61637337124723
G0,W0082F0002T0006Z000C1N128.png,5,15.503583815076794,53.46364289038964
G0,W0082F0002T0006Z000C1N128.png,6,31.63155948661962,34.69229821668717
G0,W0082F0002T0006Z000C1N128.png,7,1.414213562373101,36.047191291416866
G0,W0082F0002T0006Z000C1N128.png,8,24.71960403261775,47.8090564888384
G0,W0082F0002T0006Z000C1N128.png,9,20.64052446039102,24.739265348833623
G0,W0082F0002T0006Z000C1N128.png,10,20.89258241577618,22.5055548698538
G0,W0082F0002T0006Z000C1N128.png,11,15.380362660079104,19.507833184532707
G0,W0082F0002T0006Z000C1N128.png,12,18.200274723201296,19.00657780874821
G0,W0082F0002T0006Z000C1N128.png,13,9.838981428763626,10.823072063369478
G0,W0082F0002T0006Z000C1N128.png,14,4.085682317557255,6.73296368622318
G0,W0082F0002T0006Z000C1N128.png,15,9.82344135219425,27.829840100151493
G0,W0082F0002T0006Z000C1N128.png,16,4.13529859193317,4.9346422813051465
G0,W0082F0002T0006Z000C1N128.png,17,0.3194382824999736,0.3194382824999736
G0,W0082F0002T0006Z000C1N128.png,18,0.3809523809523796,0.3809523809523796
G0,W0082F0002T0006Z000C1N128.png,19,0.4472135954999643,0.4472135954999643
G0,W0082F0002T0006Z000C1N128.png,20,14.000000000000005,17.40114938732497
G0,W0082F0002T0006Z000C1N128.png,21,3.0413812651491097,24.82438317461282
G0,W0082F0002T0006Z000C1N128.png,22,0.7071067811865476,4.743416490252569
G0,W0082F0002T0006Z000C1N128.png,23,0.5,0.5
G0,W0082F0002T0006Z000C1N128.png,24,4.6097722286464435,28.6574597618142
G0,W0082F0002T0006Z000C1N128.png,25,13.601470508735444,36.6742416417845
G0,W0082F0002T0006Z000C1N128.png,26,7.5,44.1955880150949
G0,W0082F0003T0006Z000C1N3.png,1,12.041594578792296,15.132745950421556
G0,W0082F0003T0006Z000C1N3.png,2,8.94427190999916,8.94427190999916
G0,W0082F0003T0006Z000C1N3.png,3,7.45192928039444,8.428003915518786
G0,W0082F0003T0006Z000C1N3.png,4,0.5758755534498994,0.5758755534498994
G0,W0082F0003T0006Z000C1N3.png,5,10.338708279513881,11.642832797715325
G0,W0082F0003T0006Z000C1N3.png,6,0.327777388678538,0.327777388678538
G0,W0082F0003T0006Z000C1N3.png,7,0.5594813585649774,0.5594813585649774
G0,W0082F0003T0006Z000C1N3.png,8,0.25,0.25
G0,W0082F0003T0006Z000C1N3.png,9,0.25712973861328725,0.25712973861328725
G0,W0082F0003T0006Z000C1N3.png,10,0.0,0.0
G0,W0082F0003T0006Z000C1N3.png,11,0.0,0.0
G0,W0082F0003T0006Z000C1N3.png,12,0.25,0.25
G0,W0082F0003T0006Z000C1N3.png,13,1.040015698468647,1.2289036095775145
G0,W0082F0003T0006Z000C1N3.png,14,0.5587602701389587,0.5587602701389587
G0,W0082F0003T0006Z000C1N3.png,15,0.5,0.5
G0,W0082F0003T0006Z000C1N3.png,16,0.47140452079103,0.47140452079103
G0,W0082F0003T0006Z000C1N3.png,17,0.47140452079102496,0.47140452079102496
G0,W0082F0003T0006Z000C1N3.png,18,0.0,0.0
G0,W0082F0003T0006Z000C1N3.png,19,0.8838834764831844,0.8838834764831844
G0,W0082F0003T0006Z000C1N3.png,20,1.118033988749895,1.118033988749895
G0,W0082F0003T0006Z000C1N3.png,21,7.433034373659253,8.381527307120106
G0,W0082F0003T0006Z000C1N3.png,22,4.47213595499958,5.0
G0,W0082F0003T0006Z000C1N3.png,23,11.825408144236617,11.825408144236617
G0,W0082F0003T0006Z000C1N3.png,24,8.06225774829855,9.0
G0,W0082F0003T0006Z000C1N3.png,25,4.527692569068709,4.527692569068709
G0,W0082F0003T0006Z000C1N3.png,26,5.695256012075655,13.873844459655109
G0,W0082F0003T0006Z000C1N3.png,27,43.85808078336306,43.85808078336306
G0,W0082F0003T0006Z000C1N3.png,28,30.01666203960727,31.906112267087632
G0,W0082F0003T0006Z000C1N3.png,29,23.195500641288174,24.12532383202348
G0,W0082F0003T0006Z000C1N3.png,30,7.905694150420948,21.50581316760657
G0,W0082F0002T0006Z000C1N16.png,1,0.49743863110920594,0.49743863110920594
G0,W0082F0002T0006Z000C1N16.png,2,1.131370849898474,1.131370849898474
G0,W0082F0002T0006Z000C1N16.png,3,0.5,0.5
G0,W0082F0002T0006Z000C1N16.png,4,1.0154364141151913,1.0154364141151913
G0,W0082F0002T0006Z000C1N16.png,5,0.0,0.0
G0,W0082F0002T0006Z000C1N16.png,6,0.0,0.0
G0,W0082F0002T0006Z000C1N16.png,7,0.0,0.0
G0,W0082F0002T0006Z000C1N16.png,8,0.5656854249492369,0.5656854249492369
G0,W0082F0002T0006Z000C1N16.png,9,0.0,0.0
G0,W0082F0002T0006Z000C1N16.png,10,0.5999999999999943,0.5999999999999943
G0,W0082F0002T0006Z000C1N16.png,11,1.4142135623730951,1.4142135623730951
G0,W0082F0002T0006Z000C1N16.png,12,1.0,1.0
G0,W0082F0002T0006Z000C1N16.png,13,1.0,1.0
G0,W0082F0002T0006Z000C1N16.png,14,0.45855876728196365,0.45855876728196365
G0,W0082F0002T0006Z000C1N16.png,15,0.0,0.0
G0,W0082F0002T0006Z000C1N16.png,16,1.4142135623730951,1.4142135623730951
G0,W0082F0002T0006Z000C1N16.png,17,0.0,0.0
G0,W0082F0002T0006Z000C1N16.png,18,0.5,0.5
G0,W0082F0002T0006Z000C1N16.png,19,1.4142135623730951,1.4142135623730951
G0,W0082F0002T0006Z000C1N16.png,20,0.0,0.0
G0,W0082F0002T0006Z000C1N16.png,21,2.0,2.0
G0,W0082F0002T0006Z000C1N16.png,22,2.23606797749979,2.23606797749979
G0,W0082F0002T0006Z000C1N16.png,23,2.23606797749979,2.23606797749979
G0,W0082F0002T0006Z000C1N16.png,24,0.0,0.0
G0,W0082F0002T0006Z000C1N16.png,25,0.5,0.5
G0,W0082F0002T0006Z000C1N16.png,26,7.810249675906654,7.810249675906654
G0,W0082F0002T0006Z000C1N16.png,27,0.0,0.0
G0,W0082F0002T0006Z000C1N16.png,28,0.0,0.0
G0,W0082F0002T0006Z000C1N16.png,29,5.0,5.0
G0,W0082F0002T0006Z000C1N16.png,30,0.0,0.0
G0,W0082F0002T0006Z000C1N16.png,31,0.0,0.0
G0,W0082F0002T0006Z000C1N16.png,32,0.48302148510562215,0.48302148510562215
G0,W0082F0002T0006Z000C1N16.png,33,0.0,0.0
G0,W0082F0002T0006Z000C1N16.png,34,0.4714045207910308,0.4714045207910308
G0,W0082F0002T0006Z000C1N16.png,35,0.0,0.0
G0,W0082F0002T0006Z000C1N16.png,36,0.5,0.5
G0,W0082F0002T0006Z000C1N16.png,37,0.5,0.5
G0,W0082F0002T0006Z000C1N16.png,38,0.0,0.0
G0,W0082F0002T0006Z000C1N16.png,39,0.6404327834388793,0.6404327834388793
G0,W0082F0002T0006Z000C1N16.png,40,2.8284271247461903,2.8284271247461903
G0,W0082F0002T0006Z000C1N16.png,41,0.7071067811865476,0.7071067811865476
G0,W0082F0002T0006Z000C1N16.png,42,0.0,0.0
G0,W0082F0002T0006Z000C1N16.png,43,0.0,0.0
G0,W0082F0002T0006Z000C1N16.png,44,0.0,0.0
G0,W0082F0002T0006Z000C1N16.png,45,0.0,0.0
G0,W0082F0002T0006Z000C1N16.png,46,0.0,0.0
G0,W0082F0002T0006Z000C1N16.png,47,0.5,0.5
G0,W0082F0002T0006Z000C1N16.png,48,0.23570226039551626,0.23570226039551626
G0,W0082F0002T0006Z000C1N16.png,49,0.0,0.0
G0,W0082F0002T0006Z000C1N16.png,50,0.0,0.0
G0,W0082F0002T0006Z000C1N16.png,51,0.0,0.0
G0,W0082F0002T0006Z000C1N16.png,52,0.5,0.5
G0,W0082F0002T0006Z000C1N16.png,53,0.0,0.0
G0,W0082F0002T0006Z000C1N16.png,54,2.0,2.0
G0,W0082F0002T0006Z000C1N16.png,55,0.3333333333333357,0.3333333333333357
G0,W0082F0002T0006Z000C1N16.png,56,2.0,2.0
G0,W0082F0002T0006Z000C1N16.png,57,4.0,4.0
G0,W0082F0002T0006Z000C1N16.png,58,0.0,0.0
G0,W0082F0002T0006Z000C1N16.png,59,0.0,0.0
G0,W0082F0002T0006Z000C1N16.png,60,2.0,2.0
G0,W0082F0002T0006Z000C1N16.png,61,3.605551275463989,3.605551275463989
G0,W0082F0002T0006Z000C1N16.png,62,2.0,2.0
G0,W0082F0002T0006Z000C1N16.png,63,0.0,0.0
G0,W0082F0002T0006Z000C1N16.png,64,2.23606797749979,2.23606797749979
G0,W0082F0002T0006Z000C1N16.png,65,0.7071067811865476,0.7071067811865476
G0,W0082F0002T0006Z000C1N16.png,66,0.0,0.0
G0,W0082F0002T0006Z000C1N16.png,67,0.42491829279939686,0.42491829279939686
G0,W0082F0002T0006Z000C1N16.png,68,3.1622776601683795,3.1622776601683795
G0,W0082F0002T0006Z000C1N16.png,69,0.11293848786315347,0.11293848786315347
G0,W0082F0002T0006Z000C1N16.png,70,2.8333333333333344,2.8333333333333344
G0,W0082F0002T0006Z000C1N16.png,71,0.5,0.5
G0,W0082F0002T0006Z000C1N16.png,72,3.0,3.0
G0,W0082F0002T0006Z000C1N16.png,73,0.5590169943749475,0.5590169943749475
G0,W0082F0002T0006Z000C1N16.png,74,4.272001872658765,4.272001872658765
G0,W0082F0002T0006Z000C1N16.png,75,1.0,1.0
G0,W0082F0002T0006Z000C1N16.png,76,0.0,0.0
G0,W0082F0002T0006Z000C1N16.png,77,2.23606797749979,2.23606797749979
G0,W0082F0002T0006Z000C1N16.png,78,1.0,1.0
G0,W0082F0002T0006Z000C1N16.png,79,2.23606797749979,2.23606797749979
G0,W0082F0002T0006Z000C1N16.png,80,0.6896375859826634,0.6896375859826634
G0,W0082F0002T0006Z000C1N16.png,81,2.23606797749979,2.23606797749979
G0,W0082F0002T0006Z000C1N16.png,82,4.242640687119285,4.242640687119285
G0,W0082F0002T0006Z000C1N16.png,83,2.8284271247461903,2.8284271247461903
G0,W0082F0002T0006Z000C1N16.png,84,4.242640687119285,4.242640687119285
G0,W0082F0002T0006Z000C1N16.png,85,8.602325267042627,8.602325267042627
G0,W0082F0002T0006Z000C1N16.png,86,0.5590169943749475,0.5590169943749475
G0,W0082F0002T0006Z000C1N16.png,87,2.0,2.0
G0,W0082F0002T0006Z000C1N16.png,88,4.47213595499958,4.47213595499958
G0,W0082F0002T0006Z000C1N16.png,89,0.0,0.0
G0,W0082F0002T0006Z000C1N16.png,90,0.0,0.0
G0,W0082F0002T0006Z000C1N16.png,91,1.2902790181190724,1.2902790181190724
G0,W0082F0002T0006Z000C1N16.png,92,2.0615528128088303,2.0615528128088303
G0,W0082F0002T0006Z000C1N16.png,93,0.0,0.0
G0,W0082F0002T0006Z000C1N16.png,94,0.0,0.0
G0,W0082F0002T0006Z000C1N16.png,95,0.0,0.0
G0,W0082F0002T0006Z000C1N16.png,96,2.23606797749979,2.23606797749979
G0,W0082F0002T0006Z000C1N16.png,97,3.0,3.0
G0,W0082F0002T0006Z000C1N16.png,98,2.23606797749979,2.23606797749979
G0,W0082F0002T0006Z000C1N16.png,99,2.5,2.5
G0,W0082F0002T0006Z000C1N16.png,100,2.0,2.0
G0,W0082F0002T0006Z000C1N16.png,101,5.0990195135927845,5.0990195135927845
G0,W0082F0002T0006Z000C1N16.png,102,1.4142135623730951,1.4142135623730951
G0,W0082F0002T0006Z000C1N16.png,103,2.5495097567963922,2.5495097567963922
G0,W0082F0002T0006Z000C1N16.png,104,2.0,2.0
G0,W0082F0002T0006Z000C1N16.png,105,1.8027756377319946,1.8027756377319946
G0,W0082F0002T0006Z000C1N16.png,106,5.0990195135927845,5.0990195135927845
G0,W0082F0002T0006Z000C1N16.png,107,2.8284271247461903,2.8284271247461903
G0,W0082F0002T0006Z000C1N16.png,108,0.9656384427910137,0.9656384427910137
G0,W0082F0002T0006Z000C1N16.png,109,12.649110640673518,12.649110640673518
G0,W0082F0002T0006Z000C1N16.png,110,1.4142135623730951,1.4142135623730951
G0,W0082F0002T0006Z000C1N16.png,111,5.077182070575943,5.077182070575943
G0,W0082F0002T0006Z000C1N16.png,112,3.605551275463989,3.605551275463989
G0,W0082F0002T0006Z000C1N16.png,113,0.0,0.0
G0,W0082F0002T0006Z000C1N16.png,114,1.4142135623730951,1.4142135623730951
G0,W0082F0002T0006Z000C1N16.png,115,1.0,1.0
G0,W0082F0002T0006Z000C1N16.png,116,1.4142135623730951,1.4142135623730951
G0,W0082F0002T0006Z000C1N16.png,117,5.0,5.0
G0,W0082F0002T0006Z000C1N16.png,118,2.8284271247461903,2.8284271247461903
G0,W0082F0002T0006Z000C1N16.png,119,2.8284271247461903,2.8284271247461903
G0,W0082F0002T0006Z000C1N16.png,120,7.211102550927978,7.211102550927978
G0,W0082F0002T0006Z000C1N16.png,121,0.0,0.0
G0,W0082F0002T0006Z000C1N16.png,122,0.0,0.0
G0,W0082F0002T0006Z000C1N16.png,123,1.8027756377319946,1.8027756377319946
G0,W0082F0002T0006Z000C1N16.png,124,10.816653826391969,10.816653826391969
G0,W0082F0002T0006Z000C1N16.png,125,6.0,6.0
G0,W0082F0002T0006Z000C1N16.png,126,11.40175425099138,11.40175425099138
G0,W0082F0002T0006Z000C1N16.png,127,13.152946437965905,13.152946437965905
G0,W0082F0002T0006Z000C1N16.png,128,6.670832032063167,6.670832032063167
G0,W0082F0002T0006Z000C1N16.png,129,0.0,0.0
G0,W0082F0002T0006Z000C1N16.png,130,4.123105625617661,4.123105625617661
G0,W0082F0002T0006Z000C1N16.png,131,9.055385138137417,9.055385138137417
G0,W0082F0002T0006Z000C1N16.png,132,11.180339887498949,11.180339887498949
G0,W0082F0002T0006Z000C1N16.png,133,4.242640687119285,4.242640687119285
G0,W0082F0002T0006Z000C1N16.png,134,18.110770276274835,18.110770276274835
G0,W0082F0002T0006Z000C1N16.png,135,21.27204738618265,21.27204738618265
G0,W0082F0002T0006Z000C1N16.png,136,18.439088914585774,18.439088914585774
G0,W0082F0002T0006Z000C1N16.png,137,23.09641626842667,23.09641626842667
G0,W0082F0003T0006Z000C1N38.png,1,0.0,0.0
G0,W0082F0003T0006Z000C1N38.png,2,6.9290941456306046,6.9290941456306046
G0,W0082F0003T0006Z000C1N38.png,3,0.2857142857142847,0.2857142857142847
G0,W0082F0003T0006Z000C1N38.png,4,8.06225774829855,8.06225774829855
G0,W0082F0003T0006Z000C1N38.png,5,3.9350435704366165,3.9350435704366165
G0,W0082F0003T0006Z000C1N38.png,6,2.8674417556808773,2.8674417556808773
G0,W0082F0003T0006Z000C1N38.png,7,9.219544457292887,9.219544457292887
G0,W0082F0003T0006Z000C1N38.png,8,9.062880473069018,9.062880473069018
G0,W0082F0003T0006Z000C1N38.png,9,15.765595980504466,15.765595980504466
G0,W0082F0003T0006Z000C1N38.png,10,12.419742348374221,12.419742348374221
G0,W0082F0003T0006Z000C1N38.png,11,3.0,3.0
G0,W0082F0003T0006Z000C1N38.png,12,0.6933752452815376,0.6933752452815376
G0,W0082F0003T0006Z000C1N38.png,13,1.4427751037497192,1.4427751037497192
G0,W0082F0003T0006Z000C1N38.png,14,8.06225774829855,8.06225774829855
G0,W0082F0003T0006Z000C1N38.png,15,14.271615617920732,14.271615617920732
G0,W0082F0003T0006Z000C1N38.png,16,1.0,1.0
G0,W0082F0003T0006Z000C1N38.png,17,0.4479866532861181,0.4479866532861181
G0,W0082F0003T0006Z000C1N38.png,18,0.46499055497527964,0.46499055497527964
G0,W0082F0003T0006Z000C1N38.png,19,0.2857142857142847,0.2857142857142847
G0,W0082F0003T0006Z000C1N38.png,20,0.474666874739863,0.474666874739863
G0,W0082F0003T0006Z000C1N38.png,21,0.7071067811865476,0.7071067811865476
G0,W0082F0003T0006Z000C1N38.png,22,0.5555555555555515,0.5555555555555515
G0,W0082F0003T0006Z000C1N38.png,23,0.745355992499932,0.745355992499932
G0,W0082F0003T0006Z000C1N38.png,24,2.379999809447579,2.379999809447579
G0,W0082F0003T0006Z000C1N38.png,25,0.0,0.0
G0,W0082F0003T0006Z000C1N38.png,26,7.1422927466614246,7.1422927466614246
G0,W0082F0003T0006Z000C1N38.png,27,0.5,0.5
G0,W0082F0003T0006Z000C1N38.png,28,0.3535533905932738,0.3535533905932738
G0,W0082F0003T0006Z000C1N38.png,29,5.761979974205088,5.761979974205088
G0,W0082F0003T0006Z000C1N38.png,30,0.0,0.0
G0,W0082F0003T0006Z000C1N38.png,31,6.726812023536855,6.726812023536855
G0,W0082F0003T0006Z000C1N38.png,32,17.293017171869522,17.293017171869522
G0,W0082F0003T0006Z000C1N38.png,33,0.7071067811865476,0.7071067811865476
G0,W0082F0003T0006Z000C1N38.png,34,0.5,0.5
G0,W0082F0003T0006Z000C1N38.png,35,0.0,0.0
G0,W0082F0003T0006Z000C1N38.png,36,0.745355992499932,0.745355992499932
G0,W0082F0003T0006Z000C1N38.png,37,0.5,0.5
G0,W0082F0003T0006Z000C1N38.png,38,0.0,0.0
G0,W0082F0003T0006Z000C1N38.png,39,0.7071067811865476,0.7071067811865476
G0,W0082F0003T0006Z000C1N38.png,40,0.2857142857142847,0.2857142857142847
G0,W0082F0003T0006Z000C1N38.png,41,3.1622776601683795,3.1622776601683795
G0,W0082F0001T0006Z000C1N73.png,1,6.128258770283409,6.128258770283409
G0,W0082F0001T0006Z000C1N73.png,2,0.3535533905932738,0.3535533905932738
G0,W0082F0001T0006Z000C1N73.png,3,5.656854249492381,5.830951894845301
G0,W0082F0001T0006Z000C1N73.png,4,16.43370220149243,16.43370220149243
G0,W0082F0001T0006Z000C1N73.png,5,42.854769279509604,42.854769279509604
G0,W0082F0001T0006Z000C1N73.png,6,0.20000000000000284,0.20000000000000284
G0,W0082F0001T0006Z000C1N73.png,7,15.692354826475215,22.655021518418383
G0,W0082F0001T0006Z000C1N73.png,8,6.653241691085632,6.653241691085632
G0,W0082F0001T0006Z000C1N73.png,9,11.26010830598445,14.156801865622757
G0,W0082F0001T0006Z000C1N73.png,10,0.7071067811865476,0.7071067811865476
G0,W0082F0001T0006Z000C1N73.png,11,0.1767766952966369,0.1767766952966369
G0,W0082F0001T0006Z000C1N73.png,12,0.7071067811865476,0.7071067811865476
G0,W0082F0001T0006Z000C1N73.png,13,1.902971827208146,1.902971827208146
G0,W0082F0001T0006Z000C1N73.png,14,0.0,0.0
G0,W0082F0001T0006Z000C1N73.png,15,0.45069390943299864,0.45069390943299864
G0,W0082F0001T0006Z000C1N73.png,16,0.1767766952966369,0.1767766952966369
G0,W0082F0001T0006Z000C1N73.png,17,0.5,0.5
G0,W0082F0001T0006Z000C1N73.png,18,2.8284271247461903,2.8284271247461903
G0,W0082F0001T0006Z000C1N73.png,19,0.4472135954999579,0.4472135954999579
G0,W0082F0001T0006Z000C1N73.png,20,0.5,0.5
G0,W0082F0001T0006Z000C1N73.png,21,0.46647615158762995,0.46647615158762995
G0,W0082F0001T0006Z000C1N73.png,22,0.5080344157674036,0.5080344157674036
G0,W0082F0001T0006Z000C1N67.png,1,15.708602868544123,21.62115838237902
G0,W0082F0001T0006Z000C1N67.png,2,20.67271416895011,55.33860416663136
G0,W0082F0001T0006Z000C1N67.png,3,9.860463146290714,41.471446892680284
G0,W0082F0001T0006Z000C1N67.png,4,3.0,6.708203932499369
G0,W0082F0001T0006Z000C1N67.png,5,7.632168761236874,36.28015986734347
G0,W0082F0001T0006Z000C1N67.png,6,24.166091947189145,54.00925846556311
G0,W0082F0001T0006Z000C1N67.png,7,0.7071067811865476,0.7071067811865476
G0,W0082F0001T0006Z000C1N67.png,8,26.24290380274255,34.55271335221012
G0,W0082F0001T0006Z000C1N67.png,9,13.34155426899355,22.190866822017117
G0,W0082F0001T0006Z000C1N67.png,10,19.313207915827967,24.166091947189145
G0,W0082F0001T0006Z000C1N67.png,11,0.7905694150420949,0.7905694150420949
G0,W0082F0001T0006Z000C1N67.png,12,0.7453559924999272,19.41362637141472
G0,W0082F0001T0006Z000C1N67.png,13,12.747548783981962,18.34393632784414
G0,W0082F0001T0006Z000C1N67.png,14,7.66720580497359,12.348447597304203
G0,W0082F0001T0006Z000C1N67.png,15,9.433981132056603,9.433981132056603
G0,W0082F0001T0006Z000C1N67.png,16,1.118033988749895,1.118033988749895
G0,W0082F0001T0006Z000C1N67.png,17,0.5,0.5
G0,W0082F0001T0006Z000C1N67.png,18,7.246167569442793,7.246167569442793
G0,W0082F0001T0006Z000C1N67.png,19,8.111872110419544,21.216404089032995
G0,W0082F0001T0006Z000C1N67.png,20,15.502338056148202,16.229584353396852
G0,W0082F0001T0006Z000C1N67.png,21,10.432387585965245,27.974309347525892
G0,W0082F0001T0006Z000C1N67.png,22,5.0990195135927845,24.596747752497688
G0,W0082F0001T0006Z000C1N67.png,23,18.439088914585774,31.622776601683793
G0,W0082F0001T0006Z000C1N67.png,24,3.2953619574849453,41.06907515686667
G0,W0082F0001T0006Z000C1N67.png,25,17.507141400011598,48.974483151943524
G0,W0082F0001T0006Z000C1N67.png,26,3.701538719085471,7.248084038021511
G0,W0082F0001T0006Z000C1N67.png,27,0.2571297386132923,0.2571297386132923
G0,W0082F0001T0006Z000C1N67.png,28,29.06073084245312,29.06073084245312
G0,W0082F0001T0006Z000C1N67.png,29,29.769951293208393,46.219584593546486
G0,W0082F0001T0006Z000C1N67.png,30,14.395215254459448,14.395215254459448
G0,W0082F0001T0006Z000C1N67.png,31,27.735356496717326,39.94058086708304
G0,W0082F0002T0006Z000C1N17.png,1,66.6243198839583,105.33470463242398
G0,W0082F0002T0006Z000C1N17.png,2,49.48288143949941,105.58829901503712
G0,W0082F0002T0006Z000C1N17.png,3,42.290660907581,95.32313465261201
G0,W0082F0002T0006Z000C1N17.png,4,23.93509742802165,44.32706722634477
G0,W0082F0002T0006Z000C1N17.png,5,15.532224567009067,25.401771591761076
G0,W0082F0002T0006Z000C1N17.png,6,29.451655301527623,29.451655301527623
G0,W0082F0002T0006Z000C1N17.png,7,8.86025705748167,8.86025705748167
G0,W0082F0002T0006Z000C1N17.png,8,0.479157423749954,0.479157423749954
G0,W0082F0002T0006Z000C1N17.png,9,47.185802949616104,102.55973868921468
G0,W0082F0002T0006Z000C1N17.png,10,23.264780248263683,23.264780248263683
G0,W0082F0002T0006Z000C1N17.png,11,41.385766101432374,90.20934585865764
G0,W0082F0003T0006Z000C1N11.png,1,7.218484587701449,7.218484587701449
G0,W0082F0003T0006Z000C1N11.png,2,0.5,0.5
G0,W0082F0003T0006Z000C1N11.png,3,0.3076923076923066,0.3076923076923066
G0,W0082F0003T0006Z000C1N11.png,4,0.4865042554105204,0.4865042554105204
G0,W0082F0003T0006Z000C1N11.png,5,0.5385164807134515,0.5385164807134515
G0,W0082F0003T0006Z000C1N11.png,6,4.924428900898052,4.924428900898052
G0,W0082F0003T0006Z000C1N11.png,7,0.3513641844631565,0.3513641844631565
G0,W0082F0003T0006Z000C1N11.png,8,0.0,0.0
G0,W0082F0003T0006Z000C1N11.png,9,0.5309310266899473,0.5309310266899473
G0,W0082F0003T0006Z000C1N11.png,10,20.051323037534342,20.051323037534342
G0,W0082F0003T0006Z000C1N11.png,11,0.4472135954999643,0.4472135954999643
G0,W0082F0003T0006Z000C1N11.png,12,0.20000000000000284,0.20000000000000284
G0,W0082F0003T0006Z000C1N11.png,13,5.830951894845297,5.830951894845297
G0,W0082F0003T0006Z000C1N11.png,14,3.8209946349085544,3.8209946349085544
G0,W0082F0003T0006Z000C1N11.png,15,2.788702118214172,2.788702118214172
G0,W0082F0003T0006Z000C1N11.png,16,0.5439282932204242,0.5439282932204242
G0,W0082F0003T0006Z000C1N11.png,17,11.986907458273926,11.986907458273926
G0,W0082F0003T0006Z000C1N11.png,18,19.03943276465977,19.03943276465977
G0,W0082F0003T0006Z000C1N11.png,19,8.48855438549789,8.48855438549789
G0,W0082F0003T0006Z000C1N11.png,20,6.4377359719426535,6.4377359719426535
G0,W0082F0003T0006Z000C1N11.png,21,0.4326661530556833,0.4326661530556833
G0,W0082F0003T0006Z000C1N11.png,22,14.086873322352265,14.086873322352265
G0,W0082F0003T0006Z000C1N11.png,23,9.141833909533073,9.231917441316392
G0,W0082F0003T0006Z000C1N11.png,24,9.831495537214566,9.831495537214566
G0,W0082F0003T0006Z000C1N11.png,25,3.4345186514775223,3.4345186514775223
G0,W0082F0003T0006Z000C1N11.png,26,22.368287323301654,22.368287323301654
G0,W0082F0003T0006Z000C1N11.png,27,23.328332623547848,23.328332623547848
G0,W0082F0003T0006Z000C1N11.png,28,0.0,0.0
G0,W0082F0003T0006Z000C1N11.png,29,0.35780956060576996,0.35780956060576996
G0,W0082F0003T0006Z000C1N11.png,30,29.546573405388315,29.546573405388315
G0,W0082F0003T0006Z000C1N11.png,31,22.859374891019293,22.859374891019293
G0,W0082F0003T0006Z000C1N11.png,32,4.272001872658765,4.272001872658765
G0,W0082F0003T0006Z000C1N2.png,1,,
G0,W0082F0003T0006Z000C1N2.png,2,,
G0,W0082F0003T0006Z000C1N2.png,3,,
G0,W0082F0003T0006Z000C1N2.png,4,,
G0,W0082F0002T0006Z000C1N129.png,1,0.0,0.0
G0,W0082F0002T0006Z000C1N129.png,2,0.1860163329510816,0.1860163329510816
G0,W0082F0002T0006Z000C1N129.png,3,3.5668224265054453,6.637435917246621
G0,W0082F0002T0006Z000C1N129.png,4,0.29917582261857756,0.29917582261857756
G0,W0082F0002T0006Z000C1N129.png,5,0.4969039949999642,0.4969039949999642
G0,W0082F0002T0006Z000C1N129.png,6,4.887739763939978,15.77624796965362
G0,W0082F0002T0006Z000C1N129.png,7,0.7071067811865476,7.516648189186454
G0,W0082F0002T0006Z000C1N129.png,8,0.7453559924999352,18.345450541089352
G0,W0082F0002T0006Z000C1N129.png,9,0.2774943634529859,0.2774943634529859
G0,W0082F0002T0006Z000C1N129.png,10,0.7071067811865476,0.7071067811865476
G0,W0082F0002T0006Z000C1N129.png,11,2.1862099370574812,2.1862099370574812
G0,W0082F0002T0006Z000C1N129.png,12,0.471404520791035,0.471404520791035
G0,W0082F0002T0006Z000C1N129.png,13,0.47140452079103,0.7453559924999352
G0,W0082F0002T0006Z000C1N129.png,14,0.23570226039550748,0.8498365855987979
G0,W0082F0002T0006Z000C1N129.png,15,0.5,0.5
G0,W0082F0002T0006Z000C1N129.png,16,1.4142135623730951,15.811388300841896
G0,W0082F0002T0006Z000C1N129.png,17,0.2857142857142847,0.2857142857142847
G0,W0082F0002T0006Z000C1N129.png,18,4.027681991198188,12.256517540566824
G0,W0082F0002T0006Z000C1N129.png,19,0.37267799624995646,0.37267799624995646
G0,W0082F0002T0006Z000C1N129.png,20,0.47140452079103,15.151090903151351
G0,W0082F0002T0006Z000C1N129.png,21,2.23606797749979,8.0
G0,W0082F0002T0006Z000C1N129.png,22,2.0615528128088303,16.347782724271816
G0,W0082F0002T0006Z000C1N129.png,23,4.004996878900157,8.296987405076617
G0,W0082F0002T0006Z000C1N129.png,24,0.5,0.5
G0,W0082F0002T0006Z000C1N129.png,25,0.0,0.0
G0,W0082F0002T0006Z000C1N129.png,26,0.5,0.5
G0,W0082F0002T0006Z000C1N129.png,27,12.36931687685298,13.601470508735444
G0,W0082F0002T0006Z000C1N129.png,28,0.47140452079103,0.7453559924999257
G0,W0082F0002T0006Z000C1N129.png,29,0.7034898429854348,0.7034898429854348
G0,W0082F0002T0006Z000C1N129.png,30,0.5,0.5
G0,W0082F0002T0006Z000C1N129.png,31,0.25,0.25
G0,W0082F0002T0006Z000C1N129.png,32,0.5,0.5
G0,W0082F0002T0006Z000C1N129.png,33,0.4472135954999579,0.4472135954999579
G0,W0082F0002T0006Z000C1N129.png,34,0.0,0.0
G0,W0082F0002T0006Z000C1N129.png,35,6.800735254367722,10.965856099730654
G0,W0082F0002T0006Z000C1N129.png,36,0.2857142857142918,0.2857142857142918
G0,W0082F0002T0006Z000C1N129.png,37,11.661903789690601,16.1245154965971
G0,W0082F0002T0006Z000C1N129.png,38,9.314047417204876,15.881215877617157
G0,W0082F0002T0006Z000C1N129.png,39,4.348351787206972,11.26535233649201
G0,W0082F0002T0006Z000C1N101.png,1,0.6009252125773316,0.6009252125773316
G0,W0082F0002T0006Z000C1N101.png,2,0.31943828249996814,0.31943828249996814
G0,W0082F0002T0006Z000C1N101.png,3,0.3535533905932738,0.3535533905932738
G0,W0082F0002T0006Z000C1N101.png,4,0.44721359549996276,0.44721359549996276
G0,W0082F0002T0006Z000C1N101.png,5,0.2136000936329386,0.2136000936329386
G0,W0082F0002T0006Z000C1N101.png,6,0.5439282932204218,0.5439282932204218
G0,W0082F0002T0006Z000C1N101.png,7,0.2764892059226472,0.2764892059226472
G0,W0082F0002T0006Z000C1N101.png,8,0.565685424949241,0.565685424949241
G0,W0082F0002T0006Z000C1N101.png,9,0.0,0.0
G0,W0082F0002T0006Z000C1N101.png,10,0.38098778906861375,0.38098778906861375
G0,W0082F0002T0006Z000C1N101.png,11,0.0,0.0
G0,W0082F0002T0006Z000C1N101.png,12,0.1767766952966369,0.1767766952966369
G0,W0082F0002T0006Z000C1N101.png,13,0.3535533905932738,0.3535533905932738
G0,W0082F0002T0006Z000C1N101.png,14,0.5049185755644702,0.5049185755644702
G0,W0082F0002T0006Z000C1N101.png,15,0.0,0.0
G0,W0082F0002T0006Z000C1N101.png,16,0.0,0.0
G0,W0082F0002T0006Z000C1N101.png,17,0.235702260395515,0.235702260395515
G0,W0082F0002T0006Z000C1N101.png,18,0.25,0.25
G0,W0082F0002T0006Z000C1N101.png,19,0.5,0.5
G0,W0082F0002T0006Z000C1N101.png,20,0.4969039949999515,0.4969039949999515
G0,W0082F0002T0006Z000C1N101.png,21,0.5,0.5
G0,W0082F0002T0006Z000C1N101.png,22,0.40061680838488334,0.40061680838488334
G0,W0082F0002T0006Z000C1N101.png,23,0.0,0.0
G0,W0082F0002T0006Z000C1N101.png,24,0.0,0.0
G0,W0082F0002T0006Z000C1N101.png,25,0.1502313031443342,0.1502313031443342
G0,W0082F0002T0006Z000C1N101.png,26,0.2357022603955175,0.2357022603955175
G0,W0082F0002T0006Z000C1N101.png,27,0.24325212770525684,0.24325212770525684
G0,W0082F0002T0006Z000C1N101.png,28,0.5,0.5
G0,W0082F0002T0006Z000C1N101.png,29,0.47140452079103,0.47140452079103
G0,W0082F0002T0006Z000C1N101.png,30,0.45736601695949064,0.45736601695949064
G0,W0082F0002T0006Z000C1N101.png,31,0.5,0.5
G0,W0082F0002T0006Z000C1N101.png,32,0.5,0.5
G0,W0082F0002T0006Z000C1N101.png,33,0.6009252125773289,0.6009252125773289
G0,W0082F0002T0006Z000C1N101.png,34,0.4761904761904816,0.4761904761904816
G0,W0082F0002T0006Z000C1N101.png,35,0.35136418446314976,0.35136418446314976
G0,W0082F0002T0006Z000C1N101.png,36,0.4055175020198863,0.4055175020198863
G0,W0082F0002T0006Z000C1N101.png,37,0.0,0.0
G0,W0082F0002T0006Z000C1N101.png,38,0.0,0.0
G0,W0082F0002T0006Z000C1N101.png,39,0.5385164807134515,0.5385164807134515
G0,W0082F0002T0006Z000C1N101.png,40,0.0,0.0
G0,W0082F0002T0006Z000C1N101.png,41,0.2857142857142918,0.2857142857142918
G0,W0082F0002T0006Z000C1N101.png,42,0.4535498771712408,0.4535498771712408
G0,W0082F0002T0006Z000C1N101.png,43,0.35136418446314865,0.35136418446314865
G0,W0082F0002T0006Z000C1N101.png,44,0.0,0.0
G0,W0082F0002T0006Z000C1N101.png,45,0.5439282932204242,0.5439282932204242
G0,W0082F0002T0006Z000C1N101.png,46,0.7071067811865476,0.7071067811865476
G0,W0082F0002T0006Z000C1N101.png,47,0.49553562491061354,0.49553562491061354
G0,W0082F0002T0006Z000C1N101.png,48,0.3748277841470569,0.3748277841470569
G0,W0082F0002T0006Z000C1N101.png,49,0.24854606802158832,0.24854606802158832
G0,W0082F0002T0006Z000C1N101.png,50,0.2857142857142918,0.2857142857142918
G0,W0082F0002T0006Z000C1N101.png,51,0.5,0.5
G0,W0082F0002T0006Z000C1N101.png,52,0.0,0.0
G0,W0082F0002T0006Z000C1N101.png,53,0.5,0.5
G0,W0082F0002T0006Z000C1N101.png,54,0.0,0.0
G0,W0082F0002T0006Z000C1N101.png,55,0.125,0.125
G0,W0082F0002T0006Z000C1N101.png,56,0.0,0.0
G0,W0082F0002T0006Z000C1N101.png,57,0.0,0.0
G0,W0082F0002T0006Z000C1N101.png,58,0.1767766952966369,0.1767766952966369
G0,W0082F0002T0006Z000C1N101.png,59,0.45175395145262853,0.45175395145262853
G0,W0082F0002T0006Z000C1N101.png,60,0.35136418446314976,0.35136418446314976
G0,W0082F0002T0006Z000C1N101.png,61,0.47140452079103,0.47140452079103
G0,W0082F0002T0006Z000C1N101.png,62,0.5099019513592773,0.5099019513592773
G0,W0082F0002T0006Z000C1N101.png,63,0.4472135954999643,0.4472135954999643
G0,W0082F0002T0006Z000C1N101.png,64,0.6007884366082075,0.6007884366082075
G0,W0082F0002T0006Z000C1N101.png,65,0.5,0.5
G0,W0082F0002T0006Z000C1N101.png,66,0.25,0.25
G0,W0082F0002T0006Z000C1N101.png,67,0.5113507522598706,0.5113507522598706
G0,W0082F0002T0006Z000C1N101.png,68,0.7071067811865476,0.7071067811865476
G0,W0082F0002T0006Z000C1N101.png,69,0.7071067811865476,0.7071067811865476
G0,W0082F0002T0006Z000C1N101.png,70,0.4859126579037761,0.4859126579037761
G0,W0082F0002T0006Z000C1N101.png,71,0.47357287412067717,0.47357287412067717
G0,W0082F0002T0006Z000C1N101.png,72,0.5385164807134515,0.5385164807134515
G0,W0082F0002T0006Z000C1N101.png,73,0.0,0.0
G0,W0082F0002T0006Z000C1N101.png,74,0.0,0.0
G0,W0082F0002T0006Z000C1N101.png,75,0.35136418446316214,0.35136418446316214
G0,W0082F0002T0006Z000C1N101.png,76,0.4859126579037669,0.4859126579037669
G0,W0082F0002T0006Z000C1N101.png,77,0.25,0.25
G0,W0082F0002T0006Z000C1N101.png,78,0.4615384615384599,0.4615384615384599
G0,W0082F0002T0006Z000C1N101.png,79,0.4487637339278683,0.4487637339278683
G0,W0082F0002T0006Z000C1N101.png,80,0.5000000000000028,0.5000000000000028
G0,W0082F0002T0006Z000C1N101.png,81,0.343592135468143,0.343592135468143
G0,W0082F0002T0006Z000C1N101.png,82,0.4472135954999516,0.4472135954999516
G0,W0082F0002T0006Z000C1N101.png,83,1.0,1.0
G0,W0082F0002T0006Z000C1N115.png,1,0.11180339887498432,0.11180339887498432
G0,W0082F0002T0006Z000C1N115.png,2,0.6000923289995456,0.6000923289995456
G0,W0082F0002T0006Z000C1N115.png,3,0.5821022034029925,13.398532052319183
G0,W0082F0002T0006Z000C1N115.png,4,10.88117640698836,13.274034804836099
G0,W0082F0002T0006Z000C1N115.png,5,17.4515201502779,34.489934119327565
G0,W0082F0002T0006Z000C1N115.png,6,0.7071067811865476,18.66815470259447
G0,W0082F0002T0006Z000C1N115.png,7,7.280109889280518,23.194827009486403
G0,W0082F0002T0006Z000C1N115.png,8,0.7034898429854413,0.7034898429854413
G0,W0082F0002T0006Z000C1N115.png,9,9.825031806564292,15.092423595963638
G0,W0082F0002T0006Z000C1N115.png,10,11.256248264852726,30.99117818024994
G0,W0082F0002T0006Z000C1N115.png,11,0.46097722286464593,0.46097722286464593
G0,W0082F0002T0006Z000C1N115.png,12,0.0,0.0
G0,W0082F0002T0006Z000C1N115.png,13,3.3541019662496847,4.031128874149275
G0,W0082F0002T0006Z000C1N115.png,14,0.7071067811865476,6.519202405202649
G0,W0082F0002T0006Z000C1N115.png,15,1.118033988749895,24.253865671269807
G0,W0082F0002T0006Z000C1N115.png,16,17.613914953808536,66.56763477847174
G0,W0082F0002T0006Z000C1N115.png,17,0.942809041582065,9.067647005823629
G0,W0082F0002T0006Z000C1N115.png,18,0.9316949906249166,0.9316949906249166
G0,W0082F0002T0006Z000C1N115.png,19,7.211102550927978,12.649110640673518
G0,W0082F0002T0006Z000C1N115.png,20,19.235384061671343,19.235384061671343
G0,W0082F0002T0006Z000C1N115.png,21,10.463800660388886,10.463800660388886
G0,W0082F0002T0006Z000C1N115.png,22,21.10094784600919,21.10094784600919
G0,W0082F0002T0006Z000C1N115.png,23,0.6009252125773289,21.871467968819815
G0,W0082F0002T0006Z000C1N115.png,24,8.74642784226795,18.506755523321747
G0,W0082F0002T0006Z000C1N115.png,25,28.901384049903214,50.48455209269465
G0,W0082F0002T0006Z000C1N115.png,26,0.9762812094883317,25.508883256622585
G0,W0082F0002T0006Z000C1N115.png,27,16.363916944844775,16.363916944844775
G0,W0082F0002T0006Z000C1N115.png,28,8.860022573334675,25.347583711273153
G0,W0082F0002T0006Z000C1N115.png,29,6.472162612982529,19.66949132257591
G0,W0082F0002T0006Z000C1N115.png,30,18.062391868188442,18.062391868188442
G0,W0082F0002T0006Z000C1N115.png,31,35.95972804146781,43.75371704326434
G0,W0082F0002T0006Z000C1N115.png,32,11.05094823036121,20.202065656514513
G0,W0082F0002T0006Z000C1N115.png,33,19.60867155112758,19.60867155112758
G0,W0082F0002T0006Z000C1N115.png,34,21.02974084481309,21.02974084481309
G0,W0082F0002T0006Z000C1N115.png,35,22.335820757001265,22.335820757001265
G0,W0082F0002T0006Z000C1N115.png,36,40.80441152620633,49.09175083453431
G0,W0082F0002T0006Z000C1N115.png,37,6.403124237432849,17.366634676873932
G0,W0082F0002T0006Z000C1N115.png,38,4.961580791503578,13.778225799167299
G0,W0082F0002T0006Z000C1N115.png,39,3.5355339059327378,14.983324063771697
G0,W0082F0002T0006Z000C1N115.png,40,0.3740141420453302,0.3740141420453302
G0,W0082F0002T0006Z000C1N115.png,41,26.14502820805516,27.139684965010186
G0,W0082F0002T0006Z000C1N115.png,42,11.76860229593982,17.219175357722563
G0,W0082F0002T0006Z000C1N115.png,43,19.747371412062684,20.742020271870285
G0,W0082F0002T0006Z000C1N115.png,44,0.41666666666666285,0.41666666666666285
G0,W0082F0002T0006Z000C1N115.png,45,18.24828759089466,19.235384061671343
G0,W0082F0002T0006Z000C1N115.png,46,4.6097722286464435,4.6097722286464435
G0,W0082F0002T0006Z000C1N115.png,47,28.111385593741193,29.124731758421397
G0,W0082F0002T0006Z000C1N115.png,48,0.5257306689042722,0.5257306689042722
G0,W0082F0002T0006Z000C1N115.png,49,0.8432740427115648,0.8432740427115648
G0,W0082F0002T0006Z000C1N115.png,50,38.23913446926693,38.23913446926693
G0,W0082F0002T0006Z000C1N115.png,51,7.0363487748712865,7.0363487748712865
G0,W0082F0002T0006Z000C1N115.png,52,30.987452657845594,33.474700231003645
G0,W0082F0002T0006Z000C1N115.png,53,0.4055175020198863,0.4055175020198863
G0,W0082F0002T0006Z000C1N115.png,54,28.0178514522438,43.382023926967726
G0,W0082F0002T0006Z000C1N115.png,55,12.184284555256285,31.624728564686905
G0,W0082F0002T0006Z000C1N115.png,56,13.0,24.166091947189145
G0,W0082F0002T0006Z000C1N115.png,57,0.471404520791035,19.846634195472273
G0,W0082F0002T0006Z000C1N115.png,58,11.10180165558726,37.911080174534725
G0,W0082F0002T0006Z000C1N115.png,59,9.05538513813741,29.00000000000001
G0,W0082F0002T0006Z000C1N115.png,60,0.0,24.186773244895647
G0,W0082F0002T0006Z000C1N115.png,61,3.0,34.88552708502482
G0,W0082F0002T0006Z000C1N118.png,1,0.20000000000000284,0.7999999999999972
G0,W0082F0002T0006Z000C1N118.png,2,15.309727466615492,15.309727466615492
G0,W0082F0002T0006Z000C1N118.png,3,19.112332406067033,19.229697085497733
G0,W0082F0002T0006Z000C1N118.png,4,21.02974084481309,21.02974084481309
G0,W0082F0002T0006Z000C1N118.png,5,15.532224567009067,17.613914953808536
G0,W0082F0002T0006Z000C1N118.png,6,17.30767331432956,17.30767331432956
G0,W0082F0002T0006Z000C1N118.png,7,7.106335201775948,7.106335201775948
G0,W0082F0002T0006Z000C1N118.png,8,16.709278859364343,17.36663467687393
G0,W0082F0002T0006Z000C1N118.png,9,12.866839377079184,13.670731102939918
G0,W0082F0002T0006Z000C1N118.png,10,14.983324063771697,14.983324063771697
G0,W0082F0002T0006Z000C1N118.png,11,0.37401414204533306,0.37401414204533306
G0,W0082F0002T0006Z000C1N118.png,12,17.10263137648707,17.10263137648707
G0,W0082F0002T0006Z000C1N118.png,13,6.896557112066861,6.896557112066861
G0,W0082F0002T0006Z000C1N118.png,14,1.3666633071248098,1.3666633071248098
G0,W0082F0002T0006Z000C1N118.png,15,0.41666666666666574,0.41666666666666574
G0,W0082F0002T0006Z000C1N118.png,16,5.830951894845301,5.830951894845301
G0,W0082F0002T0006Z000C1N118.png,17,4.6097722286464435,4.6097722286464435
G0,W0082F0002T0006Z000C1N118.png,18,0.43102798513198487,0.43102798513198487
G0,W0082F0002T0006Z000C1N118.png,19,12.819892191280145,12.819892191280145
G0,W0082F0002T0006Z000C1N118.png,20,17.345540308535828,36.46859851551675
G0,W0082F0002T0006Z000C1N118.png,21,14.139970845451,14.139970845451
G0,W0082F0002T0006Z000C1N118.png,22,15.563490039905004,43.230647564995934
G0,W0082F0002T0006Z000C1N118.png,23,0.40551750201988745,0.40551750201988745
G0,W0082F0002T0006Z000C1N118.png,24,0.8333333333333357,51.32278030054273
G0,W0082F0002T0006Z000C1N118.png,25,4.6097722286464435,51.70348150753487
G0,W0082F0002T0006Z000C1N118.png,26,14.317821063276353,31.827660925679098
G0,W0082F0002T0006Z000C1N118.png,27,0.0,58.077534382926416
G0,W0082F0002T0006Z000C1N118.png,28,11.22860777893062,47.37173875480043
G0,W0082F0002T0006Z000C1N118.png,29,11.882760622010357,33.14211821836378
G0,W0082F0002T0006Z000C1N118.png,30,4.836206042848965,63.896183158481556
G0,W0082F0002T0006Z000C1N118.png,31,16.278820596099706,69.02897942168927
G0,W0082F0002T0006Z000C1N118.png,32,14.025769933312828,63.1088125559515
G0,W0082F0002T0006Z000C1N118.png,33,45.379779419531,92.85647193472994
G0,W0082F0002T0006Z000C1N118.png,34,20.554804791094465,71.72516991963143
G0,W0082F0002T0006Z000C1N118.png,35,1.1785113019775826,50.14035855032906
G0,W0082F0002T0006Z000C1N118.png,36,4.272001872658765,56.7824796922431
G0,W0082F0002T0006Z000C1N118.png,37,4.044505494044737,68.8728475946978
G0,W0082F0002T0006Z000C1N118.png,38,1.7142857142857224,59.79437554602252
G0,W0082F0002T0006Z000C1N118.png,39,11.322543883774529,75.43606564502154
G0,W0082F0002T0006Z000C1N118.png,40,20.765945434675448,72.60516651094213
G0,W0082F0002T0006Z000C1N118.png,41,17.69180601295413,79.55501241279521
G0,W0082F0002T0006Z000C1N118.png,42,14.84082207965583,78.93826701923471
G0,W0082F0002T0006Z000C1N118.png,43,21.400934559032695,76.94153624668537
G0,W0082F0002T0006Z000C1N118.png,44,20.248456731316587,83.95236744726142
G0,W0082F0002T0006Z000C1N118.png,45,17.11724276862369,82.49242389456137
G0,W0082F0002T0006Z000C1N118.png,46,39.497708578664245,120.7941961111291
G0,W0082F0002T0006Z000C1N124.png,1,0.5,0.5
G0,W0082F0002T0006Z000C1N124.png,2,19.4164878389476,21.095023109728988
G0,W0082F0002T0006Z000C1N124.png,3,11.41149517908246,11.571036638473188
G0,W0082F0002T0006Z000C1N124.png,4,6.082762530298219,6.324555320336759
G0,W0082F0002T0006Z000C1N124.png,5,7.905694150420948,18.560711193270585
G0,W0082F0002T0006Z000C1N124.png,6,6.0,24.08318915758459
G0,W0082F0002T0006Z000C1N124.png,7,9.535205235803206,22.697359733874084
G0,W0082F0002T0006Z000C1N124.png,8,0.25,25.427593279742382
G0,W0082F0002T0006Z000C1N124.png,9,0.0,23.021728866442675
G0,W0082F0002T0006Z000C1N124.png,10,0.2341376003101957,0.2341376003101957
G0,W0082F0002T0006Z000C1N124.png,11,3.2015621187164243,27.536339626028727
G0,W0082F0002T0006Z000C1N124.png,12,5.587684871413399,6.871842709362762
G0,W0082F0002T0006Z000C1N124.png,13,0.22587697572630694,0.22587697572630694
G0,W0082F0002T0006Z000C1N124.png,14,9.12414379544733,19.319679086361656
G0,W0082F0002T0006Z000C1N124.png,15,0.7142857142857153,0.7142857142857153
G0,W0082F0002T0006Z000C1N124.png,16,0.5,11.926860441876563
G0,W0082F0002T0006Z000C1N124.png,17,9.739825333693831,20.37912269886289
G0,W0082F0002T0006Z000C1N124.png,18,10.027739304327554,27.8906595276786
G0,W0082F0002T0006Z000C1N124.png,19,0.8718968296952595,0.8718968296952595
G0,W0082F0002T0006Z000C1N124.png,20,15.620499351813308,17.029386365926403
G0,W0082F0002T0006Z000C1N124.png,21,14.738951332796127,29.974446710845246
G0,W0082F0002T0006Z000C1N124.png,22,8.200609733428363,8.200609733428363
G0,W0082F0002T0006Z000C1N124.png,23,0.2857142857142918,0.2857142857142918
G0,W0082F0002T0006Z000C1N124.png,24,0.5,10.259142264341596
G0,W0082F0002T0006Z000C1N124.png,25,10.077477638553981,14.579285152419356
G0,W0082F0002T0006Z000C1N124.png,26,1.118033988749895,1.118033988749895
G0,W0082F0002T0006Z000C1N124.png,27,7.433034373659253,7.433034373659253
G0,W0082F0002T0006Z000C1N124.png,28,11.853011328393322,11.853011328393322
G0,W0082F0002T0006Z000C1N124.png,29,51.386336272938884,53.56823270890646
G0,W0082F0001T0006Z000C1N80.png,1,5.656854249492381,5.656854249492381
G0,W0082F0001T0006Z000C1N80.png,2,1.8888888888888884,1.8888888888888884
G0,W0082F0001T0006Z000C1N80.png,3,0.0,0.0
G0,W0082F0001T0006Z000C1N80.png,4,8.631338250816034,8.631338250816034
G0,W0082F0001T0006Z000C1N80.png,5,0.26087459737497654,0.26087459737497654
G0,W0082F0001T0006Z000C1N80.png,6,0.20000000000000284,0.20000000000000284
G0,W0082F0001T0006Z000C1N80.png,7,0.2592592592592595,0.2592592592592595
G0,W0082F0001T0006Z000C1N80.png,8,0.12856486930664865,0.12856486930664865
G0,W0082F0001T0006Z000C1N80.png,9,0.2857142857142847,0.2857142857142847
G0,W0082F0001T0006Z000C1N80.png,10,0.1767766952966369,0.1767766952966369
G0,W0082F0001T0006Z000C1N80.png,11,0.7647058823529399,0.7647058823529399
G0,W0082F0001T0006Z000C1N80.png,12,0.5261336417646545,0.5261336417646545
G0,W0082F0001T0006Z000C1N80.png,13,0.7071067811865476,0.7071067811865476
G0,W0082F0001T0006Z000C1N80.png,14,0.5,0.5
G0,W0082F0001T0006Z000C1N80.png,15,0.35136418446314976,0.35136418446314976
G0,W0082F0001T0006Z000C1N80.png,16,0.25351964760197315,0.25351964760197315
G0,W0082F0001T0006Z000C1N80.png,17,0.7071067811865476,0.7071067811865476
G0,W0082F0001T0006Z000C1N80.png,18,0.5439282932204242,0.5439282932204242
G0,W0082F0001T0006Z000C1N80.png,19,0.41649656391752177,0.41649656391752177
G0,W0082F0001T0006Z000C1N80.png,20,0.37267799624996284,0.37267799624996284
G0,W0082F0001T0006Z000C1N80.png,21,0.4472135954999643,0.4472135954999643
G0,W0082F0001T0006Z000C1N80.png,22,0.5153882032022076,0.5153882032022076
G0,W0082F0001T0006Z000C1N80.png,23,5.024937810560445,5.024937810560445
G0,W0082F0001T0006Z000C1N80.png,24,2.8043176586942167,2.8043176586942167
G0,W0082F0001T0006Z000C1N80.png,25,3.8209946349085575,3.8209946349085575
G0,W0082F0001T0006Z000C1N80.png,26,0.22329687826944242,0.22329687826944242
G0,W0082F0001T0006Z000C1N80.png,27,0.3535533905932738,0.3535533905932738
G0,W0082F0001T0006Z000C1N80.png,28,0.4019941959916787,0.4019941959916787
G0,W0082F0001T0006Z000C1N80.png,29,1.0273087762689939,1.0273087762689939
G0,W0082F0001T0006Z000C1N80.png,30,0.5153882032022076,0.5153882032022076
G0,W0082F0001T0006Z000C1N80.png,31,0.3489621163160956,0.3489621163160956
G0,W0082F0001T0006Z000C1N80.png,32,0.493864798324799,0.493864798324799
G0,W0082F0001T0006Z000C1N80.png,33,0.5944704044175818,0.5944704044175818
G0,W0082F0001T0006Z000C1N80.png,34,5.5533328887110285,5.5533328887110285
G0,W0082F0001T0006Z000C1N80.png,35,0.3941250911531603,0.3941250911531603
G0,W0082F0001T0006Z000C1N80.png,36,0.47140452079103,0.47140452079103
G0,W0082F0001T0006Z000C1N80.png,37,0.5758755534498994,0.5758755534498994
G0,W0082F0001T0006Z000C1N80.png,38,15.05531467621982,15.05531467621982
G0,W0082F0001T0006Z000C1N80.png,39,5.099019513592788,5.099019513592788
G0,W0082F0001T0006Z000C1N80.png,40,9.253377761660873,9.253377761660873
G0,W0082F0002T0006Z000C1N26.png,1,0.5,0.5
G0,W0082F0002T0006Z000C1N26.png,2,10.93446386431452,10.93446386431452
G0,W0082F0002T0006Z000C1N26.png,3,9.013878188659973,9.013878188659973
G0,W0082F0002T0006Z000C1N26.png,4,0.2857142857142918,0.2857142857142918
G0,W0082F0002T0006Z000C1N26.png,5,0.0,0.0
G0,W0082F0002T0006Z000C1N26.png,6,0.5,0.5
G0,W0082F0002T0006Z000C1N26.png,7,0.9642530532060971,0.9642530532060971
G0,W0082F0002T0006Z000C1N26.png,8,0.5,0.5
G0,W0082F0002T0006Z000C1N26.png,9,1.4142135623730951,1.4142135623730951
G0,W0082F0002T0006Z000C1N26.png,10,0.5,0.5
G0,W0082F0002T0006Z000C1N26.png,11,2.6516504294495533,2.6516504294495533
G0,W0082F0002T0006Z000C1N26.png,12,0.5,0.5
G0,W0082F0002T0006Z000C1N26.png,13,0.7071067811865476,0.7071067811865476
G0,W0082F0002T0006Z000C1N26.png,14,0.45069390943299864,0.45069390943299864
G0,W0082F0002T0006Z000C1N26.png,15,0.5,0.5
G0,W0082F0002T0006Z000C1N26.png,16,0.5150787536377178,0.5150787536377178
G0,W0082F0002T0006Z000C1N26.png,17,0.7071067811865476,0.7071067811865476
G0,W0082F0002T0006Z000C1N26.png,18,5.852349955359813,5.852349955359813
G0,W0082F0002T0006Z000C1N26.png,19,0.47140452079103,0.47140452079103
G0,W0082F0002T0006Z000C1N26.png,20,5.5901699437494745,7.433034373659253
G0,W0082F0002T0006Z000C1N26.png,21,1.118033988749895,1.118033988749895
G0,W0082F0002T0006Z000C1N26.png,22,0.5,0.5
G0,W0082F0002T0006Z000C1N26.png,23,9.433981132056603,9.433981132056603
G0,W0082F0002T0006Z000C1N26.png,24,0.5,0.5
G0,W0082F0002T0006Z000C1N26.png,25,3.0838618778461275,3.0838618778461275
G0,W0082F0002T0006Z000C1N26.png,26,3.1336790834956227,4.344257839641351
G0,W0082F0002T0006Z000C1N26.png,27,5.830951894845297,5.830951894845297
G0,W0082F0002T0006Z000C1N26.png,28,15.972632844963288,15.972632844963288
G0,W0082F0002T0006Z000C1N26.png,29,8.537498983243799,8.537498983243799
G0,W0082F0002T0006Z000C1N26.png,30,8.602325267042627,9.433981132056603
G0,W0082F0002T0006Z000C1N26.png,31,12.126006005000793,16.4555221029242
G0,W0082F0002T0006Z000C1N26.png,32,0.8944271909999255,0.8944271909999255
G0,W0082F0002T0006Z000C1N26.png,33,4.666666666666657,4.772607021092108
G0,W0082F0002T0006Z000C1N26.png,34,0.0,0.0
G0,W0082F0002T0006Z000C1N26.png,35,3.3541019662496847,3.3541019662496847
G0,W0082F0002T0006Z000C1N26.png,36,0.9385666584749061,0.9385666584749061
G0,W0082F0002T0006Z000C1N26.png,37,0.5,0.5
G0,W0082F0002T0006Z000C1N26.png,38,1.5811388300841898,1.5811388300841898
G0,W0082F0002T0006Z000C1N26.png,39,0.1720052290384511,0.1720052290384511
G0,W0082F0002T0006Z000C1N26.png,40,1.0,1.0
G0,W0082F0002T0006Z000C1N26.png,41,18.027756377319946,18.027756377319946
G0,W0082F0002T0006Z000C1N26.png,42,0.0,0.0
G0,W0082F0002T0006Z000C1N26.png,43,6.726812023536855,6.726812023536855
G0,W0082F0003T0006Z000C1N20.png,1,0.5,0.5
G0,W0082F0003T0006Z000C1N20.png,2,45.3529369378532,54.39873364539125
G0,W0082F0003T0006Z000C1N20.png,3,0.4791329788133918,0.4791329788133918
G0,W0082F0003T0006Z000C1N20.png,4,1.3552618543578783,1.3552618543578783
G0,W0082F0003T0006Z000C1N20.png,5,5.202163011671203,7.814249804043892
G0,W0082F0003T0006Z000C1N20.png,6,10.44030650891055,18.384776310850235
G0,W0082F0003T0006Z000C1N20.png,7,12.649870780732535,13.095066598943637
G0,W0082F0003T0006Z000C1N20.png,8,10.44030650891055,10.44030650891055
G0,W0082F0003T0006Z000C1N20.png,9,0.5,14.326548781894402
G0,W0082F0003T0006Z000C1N20.png,10,6.800735254367722,6.800735254367722
G0,W0082F0003T0006Z000C1N20.png,11,13.647344063956181,32.63816784073518
G0,W0082F0003T0006Z000C1N20.png,12,0.8232168307397603,0.8232168307397603
G0,W0082F0003T0006Z000C1N20.png,13,12.394863979133632,12.864283731260256
G0,W0082F0003T0006Z000C1N20.png,14,9.013878188659973,13.82931668593933
G0,W0082F0003T0006Z000C1N20.png,15,14.450778525740402,14.450778525740402
G0,W0082F0003T0006Z000C1N20.png,16,1.061387398585716,1.061387398585716
G0,W0082F0003T0006Z000C1N20.png,17,5.5,6.576473218982953
G0,W0082F0003T0006Z000C1N20.png,18,5.761729849984078,8.855492820076122
G0,W0082F0003T0006Z000C1N20.png,19,0.5,16.101242188104617
G0,W0082F0003T0006Z000C1N20.png,20,11.329931462227629,20.11599018752221
G0,W0082F0003T0006Z000C1N20.png,21,7.718024438583227,28.680444578746826
G0,W0082F0003T0006Z000C1N20.png,22,8.48528137423857,29.614185789921695
G0,W0082F0003T0006Z000C1N20.png,23,0.5,0.5
G0,W0082F0003T0006Z000C1N20.png,24,0.75,0.75
G0,W0082F0003T0006Z000C1N20.png,25,8.731297472630027,22.72081766916753
G0,W0082F0003T0006Z000C1N20.png,26,0.7142857142857139,8.771475104576428
G0,W0082F0003T0006Z000C1N20.png,27,18.027756377319946,18.027756377319946
G0,W0082F0003T0006Z000C1N20.png,28,44.223234215109656,44.223234215109656
G0,W0082F0003T0006Z000C1N34.png,1,15.0,15.0
G0,W0082F0003T0006Z000C1N34.png,2,14.115594213493104,14.115594213493104
G0,W0082F0003T0006Z000C1N34.png,3,0.5,0.5
G0,W0082F0003T0006Z000C1N34.png,4,7.810249675906654,7.810249675906654
G0,W0082F0003T0006Z000C1N34.png,5,0.42824175819297355,0.42824175819297355
G0,W0082F0003T0006Z000C1N34.png,6,0.4472135954999579,0.4472135954999579
G0,W0082F0003T0006Z000C1N34.png,7,3.087582106650142,3.087582106650142
G0,W0082F0003T0006Z000C1N34.png,8,0.2857142857142847,0.2857142857142847
G0,W0082F0003T0006Z000C1N34.png,9,0.3550113489048526,0.3550113489048526
G0,W0082F0003T0006Z000C1N34.png,10,0.46901622443915747,0.46901622443915747
G0,W0082F0003T0006Z000C1N34.png,11,14.818761048493416,14.818761048493416
G0,W0082F0003T0006Z000C1N34.png,12,0.09722034684781579,0.09722034684781579
G0,W0082F0003T0006Z000C1N34.png,13,0.5385164807134515,0.5385164807134515
G0,W0082F0003T0006Z000C1N34.png,14,0.0,0.0
G0,W0082F0003T0006Z000C1N34.png,15,0.5201036555341637,0.5201036555341637
G0,W0082F0003T0006Z000C1N34.png,16,0.3737117790853761,0.3737117790853761
G0,W0082F0003T0006Z000C1N34.png,17,0.0,0.0
G0,W0082F0003T0006Z000C1N34.png,18,0.25495097567963865,0.25495097567963865
G0,W0082F0003T0006Z000C1N34.png,19,0.4969039949999561,0.4969039949999561
G0,W0082F0003T0006Z000C1N34.png,20,0.8109231602822106,0.8109231602822106
G0,W0082F0003T0006Z000C1N34.png,21,8.960482656258339,8.960482656258339
G0,W0082F0003T0006Z000C1N34.png,22,0.745355992499928,0.745355992499928
G0,W0082F0003T0006Z000C1N34.png,23,2.379999809447584,2.379999809447584
G0,W0082F0003T0006Z000C1N34.png,24,1.118033988749895,1.118033988749895
G0,W0082F0003T0006Z000C1N34.png,25,14.637281168304447,14.637281168304447
G0,W0082F0003T0006Z000C1N34.png,26,0.5439282932204242,0.5439282932204242
G0,W0082F0003T0006Z000C1N34.png,27,0.42687494916218566,0.42687494916218566
G0,W0082F0003T0006Z000C1N34.png,28,13.313526955694348,13.313526955694348
G0,W0082F0003T0006Z000C1N34.png,29,7.217340230306452,7.217340230306452
G0,W0082F0003T0006Z000C1N34.png,30,13.140099779766594,13.140099779766594
G0,W0082F0003T0006Z000C1N34.png,31,0.1767766952966369,0.1767766952966369
G0,W0082F0003T0006Z000C1N34.png,32,0.47140452079102496,0.47140452079102496
G0,W0082F0003T0006Z000C1N34.png,33,3.8117038017894598,3.8117038017894598
G0,W0082F0003T0006Z000C1N34.png,34,0.0,0.0
G0,W0082F0003T0006Z000C1N34.png,35,19.29378138157474,19.29378138157474
G0,W0082F0003T0006Z000C1N34.png,36,7.098044195759747,7.098044195759747
G0,W0082F0003T0006Z000C1N34.png,37,0.4745593867686612,0.4745593867686612
G0,W0082F0003T0006Z000C1N34.png,38,4.049691346263317,4.049691346263317
G0,W0082F0003T0006Z000C1N34.png,39,16.5,16.5
G0,W0082F0003T0006Z000C1N34.png,40,17.293017171869526,17.293017171869526
G0,W0082F0002T0006Z000C1N32.png,1,,
G0,W0082F0002T0006Z000C1N32.png,2,,
G0,W0082F0002T0006Z000C1N32.png,3,,
G0,W0082F0002T0006Z000C1N32.png,4,,
G0,W0082F0002T0006Z000C1N32.png,5,,
G0,W0082F0002T0006Z000C1N32.png,6,,
G0,W0082F0001T0006Z000C1N57.png,1,0.35136418446316214,0.35136418446316214
G0,W0082F0001T0006Z000C1N57.png,2,43.278170016764804,43.278170016764804
G0,W0082F0001T0006Z000C1N57.png,3,0.35600015605489604,0.35600015605489604
G0,W0082F0001T0006Z000C1N57.png,4,3.905124837953327,3.905124837953327
G0,W0082F0001T0006Z000C1N57.png,5,9.682534755421266,9.682534755421266
G0,W0082F0001T0006Z000C1N57.png,6,2.692582403567252,2.692582403567252
G0,W0082F0001T0006Z000C1N57.png,7,20.159130252676544,20.159130252676544
G0,W0082F0001T0006Z000C1N57.png,8,0.6476890718445455,0.6476890718445455
G0,W0082F0001T0006Z000C1N57.png,9,0.49329759382120325,0.49329759382120325
G0,W0082F0001T0006Z000C1N57.png,10,0.7071067811865476,0.7071067811865476
G0,W0082F0001T0006Z000C1N57.png,11,22.360679774997898,22.360679774997898
G0,W0082F0001T0006Z000C1N57.png,12,2.7142857142857153,2.8926366759023705
G0,W0082F0001T0006Z000C1N57.png,13,0.5555555555555557,0.5555555555555557
G0,W0082F0001T0006Z000C1N57.png,14,0.31716197120135825,0.31716197120135825
G0,W0082F0001T0006Z000C1N57.png,15,0.5143597893164239,0.5143597893164239
G0,W0082F0001T0006Z000C1N57.png,16,0.24253562503633297,0.24253562503633297
G0,W0082F0001T0006Z000C1N57.png,17,8.757995166637334,8.757995166637334
G0,W0082F0001T0006Z000C1N57.png,18,0.6009252125773329,0.6009252125773329
G0,W0082F0001T0006Z000C1N57.png,19,0.2357022603955175,0.2357022603955175
G0,W0082F0001T0006Z000C1N57.png,20,0.5,0.5
G0,W0082F0001T0006Z000C1N57.png,21,1.5811388300841898,1.5811388300841898
G0,W0082F0001T0006Z000C1N57.png,22,5.0990195135927845,5.0990195135927845
G0,W0082F0001T0006Z000C1N57.png,23,0.5821022034029828,0.5821022034029828
G0,W0082F0001T0006Z000C1N57.png,24,0.42824175819296867,0.42824175819296867
G0,W0082F0001T0006Z000C1N57.png,25,0.6511528238439844,0.6511528238439844
G0,W0082F0001T0006Z000C1N57.png,26,0.7071067811865476,0.7071067811865476
G0,W0082F0001T0006Z000C1N57.png,27,0.9737026680733358,0.9737026680733358
G0,W0082F0001T0006Z000C1N57.png,28,0.0,0.0
G0,W0082F0001T0006Z000C1N57.png,29,0.15713484026368169,0.15713484026368169
G0,W0082F0001T0006Z000C1N57.png,30,11.10180165558726,11.884864324004713
G0,W0082F0001T0006Z000C1N57.png,31,11.143109480252303,11.143109480252303
G0,W0082F0001T0006Z000C1N57.png,32,0.5385164807134515,0.5385164807134515
G0,W0082F0001T0006Z000C1N57.png,33,2.0,2.0
G0,W0082F0001T0006Z000C1N57.png,34,2.981423969999709,2.981423969999709
G0,W0082F0001T0006Z000C1N57.png,35,1.0,1.0
G0,W0082F0001T0006Z000C1N57.png,36,13.623509092741115,13.623509092741115
G0,W0082F0001T0006Z000C1N43.png,1,0.7071067811865476,124.66956324620698
G0,W0082F0001T0006Z000C1N43.png,2,7.211102550927978,121.10326172320876
G0,W0082F0001T0006Z000C1N43.png,3,13.509256086106296,116.67261889578035
G0,W0082F0001T0006Z000C1N43.png,4,9.859076472413067,112.1882408672535
G0,W0082F0001T0006Z000C1N43.png,5,0.5385164807134502,107.41643263486272
G0,W0082F0001T0006Z000C1N43.png,6,31.403301663549662,139.29525245094285
G0,W0082F0001T0006Z000C1N43.png,7,15.652475842498529,129.80754985747168
G0,W0082F0001T0006Z000C1N43.png,8,18.560711193270585,122.6234072271685
G0,W0082F0001T0006Z000C1N43.png,9,1.8027756377319946,62.659795722616266
G0,W0082F0001T0006Z000C1N43.png,10,0.2857142857142847,40.10623647366619
G0,W0082F0001T0006Z000C1N43.png,11,1.4487116456005844,1.4487116456005844
G0,W0082F0001T0006Z000C1N43.png,12,13.436191796785279,13.436191796785279
G0,W0082F0001T0006Z000C1N42.png,1,0.1196703290474363,0.1196703290474363
G0,W0082F0001T0006Z000C1N42.png,2,21.400934559032695,21.400934559032695
G0,W0082F0001T0006Z000C1N42.png,3,0.0,0.0
G0,W0082F0001T0006Z000C1N42.png,4,1.118033988749895,1.118033988749895
G0,W0082F0001T0006Z000C1N42.png,5,0.0,0.0
G0,W0082F0001T0006Z000C1N42.png,6,2.0,2.0
G0,W0082F0001T0006Z000C1N42.png,7,4.729693436154187,4.729693436154187
G0,W0082F0001T0006Z000C1N42.png,8,1.2289036095775188,1.2289036095775188
G0,W0082F0001T0006Z000C1N42.png,9,0.11180339887498472,0.11180339887498472
G0,W0082F0001T0006Z000C1N42.png,10,0.7071067811865476,0.7071067811865476
G0,W0082F0001T0006Z000C1N42.png,11,0.5086998232789962,0.5086998232789962
G0,W0082F0001T0006Z000C1N42.png,12,0.0,0.0
G0,W0082F0001T0006Z000C1N42.png,13,0.44914437013552433,0.44914437013552433
G0,W0082F0001T0006Z000C1N42.png,14,0.3748277841470638,0.3748277841470638
G0,W0082F0001T0006Z000C1N42.png,15,0.27766437594501453,0.27766437594501453
G0,W0082F0001T0006Z000C1N42.png,16,0.0,0.0
G0,W0082F0001T0006Z000C1N42.png,17,0.0,0.0
G0,W0082F0001T0006Z000C1N42.png,18,0.588235294117645,0.588235294117645
G0,W0082F0001T0006Z000C1N42.png,19,0.5,0.5
G0,W0082F0001T0006Z000C1N42.png,20,0.53125,0.53125
G0,W0082F0001T0006Z000C1N42.png,21,0.1767766952966369,0.1767766952966369
G0,W0082F0001T0006Z000C1N42.png,22,0.4580348440537532,0.4580348440537532
G0,W0082F0001T0006Z000C1N42.png,23,0.31716197120135825,0.31716197120135825
G0,W0082F0001T0006Z000C1N42.png,24,0.25,0.25
G0,W0082F0001T0006Z000C1N42.png,25,0.5646924393157817,0.5646924393157817
G0,W0082F0001T0006Z000C1N42.png,26,0.3706017795590684,0.3706017795590684
G0,W0082F0001T0006Z000C1N42.png,27,0.5,0.5
G0,W0082F0001T0006Z000C1N42.png,28,0.5,0.5
G0,W0082F0001T0006Z000C1N42.png,29,0.21427478217774776,0.21427478217774776
G0,W0082F0001T0006Z000C1N42.png,30,0.32530969420885913,0.32530969420885913
G0,W0082F0001T0006Z000C1N42.png,31,0.47140452079103,0.47140452079103
G0,W0082F0001T0006Z000C1N42.png,32,0.7071067811865476,0.7071067811865476
G0,W0082F0001T0006Z000C1N42.png,33,0.2341376003101957,0.2341376003101957
G0,W0082F0001T0006Z000C1N42.png,34,0.1767766952966369,0.1767766952966369
G0,W0082F0001T0006Z000C1N42.png,35,0.20000000000000284,0.20000000000000284
G0,W0082F0001T0006Z000C1N42.png,36,0.5,0.5
G0,W0082F0001T0006Z000C1N42.png,37,0.41665675771015714,0.41665675771015714
G0,W0082F0001T0006Z000C1N42.png,38,0.35136418446314976,0.35136418446314976
G0,W0082F0001T0006Z000C1N42.png,39,0.20396078054371541,0.20396078054371541
G0,W0082F0001T0006Z000C1N42.png,40,0.5590169943749475,0.5590169943749475
G0,W0082F0001T0006Z000C1N42.png,41,3.605551275463989,3.605551275463989
G0,W0082F0001T0006Z000C1N42.png,42,0.47856550576766715,0.47856550576766715
G0,W0082F0001T0006Z000C1N42.png,43,0.21114359724058712,0.21114359724058712
G0,W0082F0001T0006Z000C1N42.png,44,0.0,0.0
G0,W0082F0001T0006Z000C1N42.png,45,0.180277563773205,0.180277563773205
G0,W0082F0001T0006Z000C1N42.png,46,0.5137062778345122,0.5137062778345122
G0,W0082F0001T0006Z000C1N42.png,47,0.0,0.0
G0,W0082F0001T0006Z000C1N42.png,48,0.0,0.0
G0,W0082F0001T0006Z000C1N42.png,49,0.30681558381075824,0.30681558381075824
G0,W0082F0001T0006Z000C1N42.png,50,0.16317848796612325,0.16317848796612325
G0,W0082F0001T0006Z000C1N42.png,51,0.5,0.5
G0,W0082F0001T0006Z000C1N42.png,52,0.4776243293635641,0.4776243293635641
G0,W0082F0001T0006Z000C1N42.png,53,0.5,0.5
G0,W0082F0001T0006Z000C1N42.png,54,0.0,0.0
G0,W0082F0001T0006Z000C1N42.png,55,0.0,0.0
G0,W0082F0001T0006Z000C1N42.png,56,0.5470904481687725,0.5470904481687725
G0,W0082F0001T0006Z000C1N42.png,57,0.5,0.5
G0,W0082F0001T0006Z000C1N42.png,58,7.106335201775948,7.106335201775948
G0,W0082F0001T0006Z000C1N42.png,59,0.1767766952966369,0.1767766952966369
G0,W0082F0001T0006Z000C1N42.png,60,0.4192501483097674,0.4192501483097674
G0,W0082F0001T0006Z000C1N42.png,61,0.0,0.0
G0,W0082F0001T0006Z000C1N42.png,62,0.47140452079102496,0.47140452079102496
G0,W0082F0001T0006Z000C1N42.png,63,6.212889826803632,6.212889826803632
G0,W0082F0001T0006Z000C1N42.png,64,1.118033988749895,1.118033988749895
G0,W0082F0001T0006Z000C1N42.png,65,0.36055512754641,0.36055512754641
G0,W0082F0002T0006Z000C1N33.png,1,5.676462121975472,16.549588783075215
G0,W0082F0002T0006Z000C1N33.png,2,0.26504326794751404,0.26504326794751404
G0,W0082F0002T0006Z000C1N33.png,3,10.0974589717389,11.096868741576094
G0,W0082F0002T0006Z000C1N33.png,4,1.0,1.0
G0,W0082F0002T0006Z000C1N33.png,5,6.957010852370435,16.254230218623086
G0,W0082F0002T0006Z000C1N33.png,6,0.8324100998873484,0.8324100998873484
G0,W0082F0002T0006Z000C1N33.png,7,6.5,16.53027525481654
G0,W0082F0002T0006Z000C1N33.png,8,0.5,0.5
G0,W0082F0002T0006Z000C1N33.png,9,0.833333333333333,0.833333333333333
G0,W0082F0002T0006Z000C1N33.png,10,2.0,14.212670403551895
G0,W0082F0002T0006Z000C1N33.png,11,0.0,18.788294228055936
G0,W0082F0002T0006Z000C1N33.png,12,8.279828232249473,21.730674684008825
G0,W0082F0002T0006Z000C1N33.png,13,6.7883453545809775,30.915949255478907
G0,W0082F0002T0006Z000C1N33.png,14,16.80773631397161,16.80773631397161
G0,W0082F0002T0006Z000C1N33.png,15,11.045361017187261,11.045361017187261
G0,W0082F0002T0006Z000C1N33.png,16,14.445220631508906,33.54524477048898
G0,W0082F0002T0006Z000C1N33.png,17,8.139410298049853,8.200609733428363
G0,W0082F0002T0006Z000C1N33.png,18,0.5,0.5
G0,W0082F0002T0006Z000C1N33.png,19,4.5,5.5901699437494745
G0,W0082F0002T0006Z000C1N33.png,20,23.706539182259394,39.6232255123179
G0,W0082F0002T0006Z000C1N33.png,21,0.20000000000000284,0.20000000000000284
G0,W0082F0002T0006Z000C1N33.png,22,18.9274932307477,27.408940147331492
G0,W0082F0002T0006Z000C1N33.png,23,12.747548783981962,24.545875417267155
G0,W0082F0002T0006Z000C1N33.png,24,25.53918557824427,42.933087473416116
G0,W0082F0002T0006Z000C1N33.png,25,8.558621384311845,14.637281168304447
G0,W0082F0002T0006Z000C1N33.png,26,9.433981132056603,18.027756377319946
G0,W0082F0002T0006Z000C1N27.png,1,6.743377528795771,6.743377528795771
G0,W0082F0002T0006Z000C1N27.png,2,16.3783393541592,16.3783393541592
G0,W0082F0002T0006Z000C1N27.png,3,2.0615528128088303,2.0615528128088303
G0,W0082F0002T0006Z000C1N27.png,4,0.7071067811865476,0.7071067811865476
G0,W0082F0002T0006Z000C1N27.png,5,0.5,0.5
G0,W0082F0002T0006Z000C1N27.png,6,8.791188770581599,8.791188770581599
G0,W0082F0002T0006Z000C1N27.png,7,0.15971914124999076,0.15971914124999076
G0,W0082F0002T0006Z000C1N27.png,8,1.118033988749895,1.118033988749895
G0,W0082F0002T0006Z000C1N27.png,9,0.47140452079102874,0.47140452079102874
G0,W0082F0002T0006Z000C1N27.png,10,0.5471587667664499,0.5471587667664499
G0,W0082F0002T0006Z000C1N27.png,11,0.5,0.5
G0,W0082F0002T0006Z000C1N27.png,12,5.924337750143705,5.924337750143705
G0,W0082F0002T0006Z000C1N27.png,13,11.661903789690601,11.661903789690601
G0,W0082F0002T0006Z000C1N27.png,14,13.124404748406688,13.124404748406688
G0,W0082F0002T0006Z000C1N27.png,15,0.45069390943299864,0.45069390943299864
G0,W0082F0002T0006Z000C1N27.png,16,7.211102550927978,7.211102550927978
G0,W0082F0002T0006Z000C1N27.png,17,0.8074689918749115,0.8074689918749115
G0,W0082F0002T0006Z000C1N27.png,18,0.0,0.0
G0,W0082F0002T0006Z000C1N27.png,19,0.921954445729295,0.921954445729295
G0,W0082F0002T0006Z000C1N27.png,20,0.0,0.0
G0,W0082F0002T0006Z000C1N27.png,21,0.0,0.0
G0,W0082F0002T0006Z000C1N27.png,22,0.5,0.5
G0,W0082F0002T0006Z000C1N27.png,23,0.7071067811865476,0.7071067811865476
G0,W0082F0002T0006Z000C1N27.png,24,0.565685424949241,0.565685424949241
G0,W0082F0002T0006Z000C1N27.png,25,0.5,0.5
G0,W0082F0002T0006Z000C1N27.png,26,0.0714285714285694,0.0714285714285694
G0,W0082F0002T0006Z000C1N27.png,27,0.5,0.5
G0,W0082F0002T0006Z000C1N27.png,28,0.5385164807134462,0.5385164807134462
G0,W0082F0002T0006Z000C1N27.png,29,0.0,0.0
G0,W0082F0002T0006Z000C1N27.png,30,0.0,0.0
G0,W0082F0002T0006Z000C1N27.png,31,0.4635472285084342,0.4635472285084342
G0,W0082F0002T0006Z000C1N27.png,32,0.3535533905932738,0.3535533905932738
G0,W0082F0002T0006Z000C1N27.png,33,0.3535533905932738,0.3535533905932738
G0,W0082F0002T0006Z000C1N27.png,34,0.7071067811865476,0.7071067811865476
G0,W0082F0002T0006Z000C1N27.png,35,0.0,0.0
G0,W0082F0002T0006Z000C1N27.png,36,1.3795148511305746,1.3795148511305746
G0,W0082F0002T0006Z000C1N27.png,37,0.7071067811865476,0.7071067811865476
G0,W0082F0002T0006Z000C1N27.png,38,5.374838498865696,5.374838498865696
G0,W0082F0002T0006Z000C1N27.png,39,0.5,0.5
G0,W0082F0002T0006Z000C1N27.png,40,1.0,1.0
G0,W0082F0002T0006Z000C1N27.png,41,3.8209946349085646,3.8209946349085646
G0,W0082F0002T0006Z000C1N27.png,42,15.041608956491324,15.041608956491324
G0,W0082F0002T0006Z000C1N27.png,43,8.602325267042627,8.94427190999916
G0,W0082F0002T0006Z000C1N27.png,44,0.8838834764831844,0.8838834764831844
G0,W0082F0002T0006Z000C1N27.png,45,3.72677996249966,3.72677996249966
G0,W0082F0002T0006Z000C1N27.png,46,0.0,0.0
G0,W0082F0002T0006Z000C1N27.png,47,1.2397539255506926,1.2397539255506926
G0,W0082F0002T0006Z000C1N27.png,48,0.7071067811865476,0.7071067811865476
G0,W0082F0002T0006Z000C1N27.png,49,1.118033988749895,1.118033988749895
G0,W0082F0003T0006Z000C1N21.png,1,21.846519360375588,28.078697713856364
G0,W0082F0003T0006Z000C1N21.png,2,34.677081768799404,88.01420339922414
G0,W0082F0003T0006Z000C1N21.png,3,0.48534065928536957,0.5497474167490195
G0,W0082F0003T0006Z000C1N21.png,4,27.12528801690408,77.66293356550472
G0,W0082F0003T0006Z000C1N21.png,5,23.652838944267494,25.705838314608425
G0,W0082F0003T0006Z000C1N21.png,6,37.074249823833256,88.50141241810776
G0,W0082F0003T0006Z000C1N21.png,7,6.370243323453195,55.06160186554692
G0,W0082F0001T0006Z000C1N81.png,1,0.5150787536377134,0.5150787536377134
G0,W0082F0001T0006Z000C1N81.png,2,3.8005847503304597,3.8005847503304597
G0,W0082F0001T0006Z000C1N81.png,3,2.0615528128088303,2.0615528128088303
G0,W0082F0001T0006Z000C1N81.png,4,0.5385164807134502,0.5385164807134502
G0,W0082F0001T0006Z000C1N81.png,5,0.19616052036793097,0.19616052036793097
G0,W0082F0001T0006Z000C1N81.png,6,0.5,0.5
G0,W0082F0001T0006Z000C1N81.png,7,0.5,0.5
G0,W0082F0001T0006Z000C1N81.png,8,0.0,0.0
G0,W0082F0001T0006Z000C1N81.png,9,3.6666666666666643,3.6666666666666643
G0,W0082F0001T0006Z000C1N81.png,10,0.1767766952966369,0.1767766952966369
G0,W0082F0001T0006Z000C1N81.png,11,2.23606797749979,2.23606797749979
G0,W0082F0001T0006Z000C1N81.png,12,3.400367627183861,3.400367627183861
G0,W0082F0001T0006Z000C1N81.png,13,1.0,1.0
G0,W0082F0001T0006Z000C1N81.png,14,0.40061680838488334,0.40061680838488334
G0,W0082F0001T0006Z000C1N81.png,15,0.0,0.0
G0,W0082F0001T0006Z000C1N81.png,16,0.5150787536377139,0.5150787536377139
G0,W0082F0001T0006Z000C1N81.png,17,0.3605551275463981,0.3605551275463981
G0,W0082F0001T0006Z000C1N81.png,18,0.16666666666666785,0.16666666666666785
G0,W0082F0001T0006Z000C1N81.png,19,0.4573660169594862,0.4573660169594862
G0,W0082F0001T0006Z000C1N81.png,20,0.21209125149788785,0.21209125149788785
G0,W0082F0001T0006Z000C1N81.png,21,0.0,0.0
G0,W0082F0001T0006Z000C1N81.png,22,0.4216370213557847,0.4216370213557847
G0,W0082F0001T0006Z000C1N81.png,23,0.4472135954999579,0.4472135954999579
G0,W0082F0001T0006Z000C1N81.png,24,0.0,0.0
G0,W0082F0001T0006Z000C1N81.png,25,0.5385164807134515,0.5385164807134515
G0,W0082F0001T0006Z000C1N81.png,26,0.4472135954999643,0.4472135954999643
G0,W0082F0001T0006Z000C1N81.png,27,0.4525483399593858,0.4525483399593858
G0,W0082F0001T0006Z000C1N81.png,28,0.0,0.0
G0,W0082F0001T0006Z000C1N81.png,29,0.7071067811865476,0.7071067811865476
G0,W0082F0001T0006Z000C1N81.png,30,0.647058823529413,0.647058823529413
G0,W0082F0001T0006Z000C1N81.png,31,0.4472135954999579,0.4472135954999579
G0,W0082F0001T0006Z000C1N81.png,32,0.3194382824999736,0.3194382824999736
G0,W0082F0001T0006Z000C1N81.png,33,0.2857142857142918,0.2857142857142918
G0,W0082F0001T0006Z000C1N81.png,34,0.47140452079102496,0.47140452079102496
G0,W0082F0001T0006Z000C1N81.png,35,0.44721359549995954,0.44721359549995954
G0,W0082F0001T0006Z000C1N81.png,36,0.0,0.0
G0,W0082F0001T0006Z000C1N81.png,37,0.3605551275463981,0.3605551275463981
G0,W0082F0001T0006Z000C1N81.png,38,0.0,0.0
G0,W0082F0001T0006Z000C1N81.png,39,0.0,0.0
G0,W0082F0001T0006Z000C1N81.png,40,0.0,0.0
G0,W0082F0001T0006Z000C1N81.png,41,0.5,0.5
G0,W0082F0001T0006Z000C1N81.png,42,0.3333333333333286,0.3333333333333286
G0,W0082F0001T0006Z000C1N81.png,43,0.0,0.0
G0,W0082F0001T0006Z000C1N81.png,44,0.0,0.0
G0,W0082F0001T0006Z000C1N81.png,45,0.0,0.0
G0,W0082F0001T0006Z000C1N81.png,46,0.3846546290810409,0.3846546290810409
G0,W0082F0001T0006Z000C1N81.png,47,0.4472135954999643,0.4472135954999643
G0,W0082F0001T0006Z000C1N81.png,48,3.394209945926274,3.394209945926274
G0,W0082F0001T0006Z000C1N81.png,49,0.0,0.0
G0,W0082F0001T0006Z000C1N81.png,50,5.0990195135927845,5.0990195135927845
G0,W0082F0001T0006Z000C1N81.png,51,0.2857142857142918,0.2857142857142918
G0,W0082F0001T0006Z000C1N81.png,52,0.3535533905932738,0.3535533905932738
G0,W0082F0001T0006Z000C1N81.png,53,0.47140452079102496,0.47140452079102496
G0,W0082F0001T0006Z000C1N81.png,54,0.7243558228002936,0.7243558228002936
G0,W0082F0001T0006Z000C1N81.png,55,0.5439282932204242,0.5439282932204242
G0,W0082F0001T0006Z000C1N81.png,56,0.0,0.0
G0,W0082F0001T0006Z000C1N81.png,57,5.5901699437494745,5.5901699437494745
G0,W0082F0001T0006Z000C1N81.png,58,0.7071067811865476,0.7071067811865476
G0,W0082F0001T0006Z000C1N81.png,59,0.47140452079102496,0.47140452079102496
G0,W0082F0001T0006Z000C1N81.png,60,5.70087712549569,5.70087712549569
G0,W0082F0001T0006Z000C1N81.png,61,0.5945329156195808,0.5945329156195808
G0,W0082F0001T0006Z000C1N81.png,62,10.452028413623063,10.452028413623063
G0,W0082F0001T0006Z000C1N81.png,63,9.340770846134703,9.340770846134703
G0,W0082F0001T0006Z000C1N81.png,64,0.36055512754640207,0.36055512754640207
G0,W0082F0002T0006Z000C1N131.png,1,12.198426127988807,53.562688506086026
G0,W0082F0002T0006Z000C1N131.png,2,5.082366557715965,40.55070728842711
G0,W0082F0002T0006Z000C1N131.png,3,19.1847740553689,29.326703796293845
G0,W0082F0002T0006Z000C1N131.png,4,6.705123241667556,52.13142958344057
G0,W0082F0002T0006Z000C1N131.png,5,13.662103104005979,42.26374912139147
G0,W0082F0002T0006Z000C1N131.png,6,17.962058778312564,61.61143472512946
G0,W0082F0002T0006Z000C1N131.png,7,1.250000000000001,1.3647344063956233
G0,W0082F0002T0006Z000C1N131.png,8,17.74510887227489,18.33636338596675
G0,W0082F0002T0006Z000C1N131.png,9,10.594810050208546,38.66846260197062
G0,W0082F0002T0006Z000C1N131.png,10,0.4340111184860681,0.4340111184860681
G0,W0082F0002T0006Z000C1N131.png,11,17.413575245912583,41.45795478083507
G0,W0082F0002T0006Z000C1N131.png,12,33.94463727895763,89.78261747131235
G0,W0082F0002T0006Z000C1N131.png,13,12.792895030653003,59.74542079626228
G0,W0082F0002T0006Z000C1N131.png,14,26.214923654709015,39.75620147292187
G0,W0082F0002T0006Z000C1N131.png,15,48.72627627882106,63.50787352761861
G0,W0082F0002T0006Z000C1N131.png,16,17.46424919657298,68.60029154456998
G0,W0082F0002T0006Z000C1N131.png,17,68.01470429252781,122.64175471673585
G0,W0082F0002T0006Z000C1N127.png,1,7.508061200254529,19.592070943530523
G0,W0082F0002T0006Z000C1N127.png,2,6.726812023536855,9.7082439194738
G0,W0082F0002T0006Z000C1N127.png,3,0.5385164807134515,0.5385164807134515
G0,W0082F0002T0006Z000C1N127.png,4,0.25,12.31107225224513
G0,W0082F0002T0006Z000C1N127.png,5,0.1739130434782652,0.1739130434782652
G0,W0082F0002T0006Z000C1N127.png,6,0.2651650429449553,0.2651650429449553
G0,W0082F0002T0006Z000C1N127.png,7,0.47140452079103,0.47140452079103
G0,W0082F0002T0006Z000C1N127.png,8,4.403281604540967,7.531415685130001
G0,W0082F0002T0006Z000C1N127.png,9,0.33275613232308,0.33275613232308
G0,W0082F0002T0006Z000C1N127.png,10,0.37216146378238896,0.37216146378238896
G0,W0082F0002T0006Z000C1N127.png,11,11.597413504743201,12.020815280171307
G0,W0082F0002T0006Z000C1N127.png,12,9.219544457292887,9.219544457292887
G0,W0082F0002T0006Z000C1N127.png,13,0.7071067811865476,0.7071067811865476
G0,W0082F0002T0006Z000C1N127.png,14,11.411495179082456,12.618328820498464
G0,W0082F0002T0006Z000C1N127.png,15,0.4969039949999547,0.4969039949999547
G0,W0082F0002T0006Z000C1N127.png,16,0.2484519974999837,0.2484519974999837
G0,W0082F0002T0006Z000C1N127.png,17,4.900239349155545,19.49105524510926
G0,W0082F0002T0006Z000C1N127.png,18,0.7071067811865476,7.648529270389178
G0,W0082F0002T0006Z000C1N127.png,19,0.7453559924999278,20.179747823553754
G0,W0082F0002T0006Z000C1N127.png,20,7.280109889280518,15.556349186104045
G0,W0082F0002T0006Z000C1N127.png,21,0.27749436345298417,0.27749436345298417
G0,W0082F0002T0006Z000C1N127.png,22,4.843711228132669,16.214902926723834
G0,W0082F0002T0006Z000C1N127.png,23,0.7071067811865476,13.509256086106296
G0,W0082F0002T0006Z000C1N127.png,24,0.5,13.647344063956181
G0,W0082F0002T0006Z000C1N127.png,25,6.613911638394774,12.277777777777773
G0,W0082F0002T0006Z000C1N127.png,26,4.120630029101707,5.054801717986892
G0,W0082F0002T0006Z000C1N127.png,27,0.27800888787236355,0.27800888787236355
G0,W0082F0002T0006Z000C1N127.png,28,6.020797289396148,6.946221994724902
G0,W0082F0002T0006Z000C1N127.png,29,0.23570226039552256,0.8498365855987937
G0,W0082F0002T0006Z000C1N127.png,30,0.5,9.656603957913983
G0,W0082F0002T0006Z000C1N127.png,31,1.8791620472966135,15.780724001135056
G0,W0082F0002T0006Z000C1N127.png,32,7.826237921249264,7.826237921249264
G0,W0082F0002T0006Z000C1N127.png,33,0.3726779962499597,0.3726779962499597
G0,W0082F0002T0006Z000C1N127.png,34,4.004996878900157,9.079647570252934
G0,W0082F0002T0006Z000C1N127.png,35,0.7071067811865476,0.7071067811865476
G0,W0082F0002T0006Z000C1N127.png,36,5.602578771323876,14.214624706813602
G0,W0082F0002T0006Z000C1N127.png,37,0.5374838498865696,0.5374838498865696
G0,W0082F0002T0006Z000C1N127.png,38,0.4714045207910275,0.4714045207910275
G0,W0082F0002T0006Z000C1N127.png,39,13.45362404707371,21.840329667841555
G0,W0082F0002T0006Z000C1N127.png,40,2.8284271247461903,15.0
G0,W0082F0002T0006Z000C1N127.png,41,0.2857142857142776,0.7142857142857224
G0,W0082F0002T0006Z000C1N127.png,42,4.626895640200483,12.205719636167906
G0,W0082F0002T0006Z000C1N31.png,1,2.9533408577782274,2.9533408577782274
G0,W0082F0002T0006Z000C1N31.png,2,3.1336790834956196,3.1587718080260325
G0,W0082F0002T0006Z000C1N31.png,3,5.830951894845301,5.830951894845301
G0,W0082F0002T0006Z000C1N31.png,4,15.972632844963288,15.972632844963288
G0,W0082F0002T0006Z000C1N31.png,5,8.902246907382429,8.902246907382429
G0,W0082F0002T0006Z000C1N31.png,6,10.0,10.0
G0,W0082F0002T0006Z000C1N31.png,7,12.297400869490394,16.4555221029242
G0,W0082F0002T0006Z000C1N31.png,8,3.8005847503304575,3.8005847503304575
G0,W0082F0002T0006Z000C1N31.png,9,3.3541019662496847,3.3541019662496847
G0,W0082F0002T0006Z000C1N31.png,10,15.652475842498529,15.652475842498529
G0,W0082F0002T0006Z000C1N31.png,11,6.800735254367722,6.800735254367722
G0,W0082F0002T0006Z000C1N31.png,12,0.44853476114194946,0.44853476114194946
G0,W0082F0002T0006Z000C1N31.png,13,3.5,3.5
G0,W0082F0002T0006Z000C1N31.png,14,2.1286732957408003,2.1286732957408003
G0,W0082F0002T0006Z000C1N31.png,15,0.44721359549995543,0.44721359549995543
G0,W0082F0002T0006Z000C1N31.png,16,9.477162497105333,9.492666993189985
G0,W0082F0002T0006Z000C1N31.png,17,0.4472135954999643,0.4472135954999643
G0,W0082F0002T0006Z000C1N31.png,18,0.5,0.5
G0,W0082F0002T0006Z000C1N31.png,19,5.898315306660884,6.921071778843303
G0,W0082F0002T0006Z000C1N31.png,20,0.48151781943230004,0.48151781943230004
G0,W0082F0002T0006Z000C1N31.png,21,4.753945729601883,4.753945729601883
G0,W0082F0002T0006Z000C1N31.png,22,0.1644434374852414,0.1644434374852414
G0,W0082F0002T0006Z000C1N31.png,23,0.5,0.5
G0,W0082F0002T0006Z000C1N31.png,24,0.7071067811865476,0.7071067811865476
G0,W0082F0002T0006Z000C1N31.png,25,0.5,0.5
G0,W0082F0002T0006Z000C1N31.png,26,0.25,0.25
G0,W0082F0002T0006Z000C1N31.png,27,8.498365855987974,9.706813185707356
G0,W0082F0003T0006Z000C1N37.png,1,9.192943167540664,9.588470968314185
G0,W0082F0003T0006Z000C1N37.png,2,11.644828930316084,12.644672993084507
G0,W0082F0003T0006Z000C1N37.png,3,0.7071067811865476,0.7071067811865476
G0,W0082F0003T0006Z000C1N37.png,4,0.2857142857142847,0.2857142857142847
G0,W0082F0003T0006Z000C1N37.png,5,13.07484443859373,13.07484443859373
G0,W0082F0003T0006Z000C1N37.png,6,0.7071067811865476,0.7071067811865476
G0,W0082F0003T0006Z000C1N37.png,7,9.558152365598225,10.315323344016415
G0,W0082F0003T0006Z000C1N37.png,8,16.546903033498438,16.546903033498438
G0,W0082F0003T0006Z000C1N37.png,9,21.071600453667788,21.071600453667788
G0,W0082F0003T0006Z000C1N37.png,10,15.890248582070704,18.560711193270585
G0,W0082F0003T0006Z000C1N37.png,11,2.23606797749979,3.605551275463989
G0,W0082F0003T0006Z000C1N37.png,12,8.954788643232758,8.954788643232758
G0,W0082F0003T0006Z000C1N37.png,13,0.2857142857142918,0.2857142857142918
G0,W0082F0003T0006Z000C1N37.png,14,4.724649621885922,4.724649621885922
G0,W0082F0003T0006Z000C1N37.png,15,0.11180339887498314,0.11180339887498314
G0,W0082F0003T0006Z000C1N37.png,16,7.254840870024839,9.090253904560793
G0,W0082F0003T0006Z000C1N37.png,17,12.630542832550699,14.907880397936644
G0,W0082F0003T0006Z000C1N37.png,18,0.5,0.5
G0,W0082F0002T0006Z000C1N25.png,1,53.03772242470448,70.21395872616783
G0,W0082F0002T0006Z000C1N25.png,2,53.649324320069496,64.6780488264759
G0,W0082F0002T0006Z000C1N25.png,3,24.698178070456937,101.78899744078434
G0,W0082F0002T0006Z000C1N25.png,4,16.77465018678151,60.20566603088302
G0,W0082F0002T0006Z000C1N25.png,5,30.68441700133829,30.68441700133829
G0,W0082F0002T0006Z000C1N25.png,6,22.627416997969522,85.07055894961546
G0,W0082F0002T0006Z000C1N25.png,7,19.981241202688086,84.52366532516204
G0,W0082F0002T0006Z000C1N25.png,8,21.681476420047748,88.209206988448
G0,W0082F0002T0006Z000C1N25.png,9,0.7071067811865476,0.7071067811865476
G0,W0082F0002T0006Z000C1N25.png,10,21.245914639969936,91.1850986851592
G0,W0082F0002T0006Z000C1N25.png,11,8.005623023850175,9.060353193998568
G0,W0082F0002T0006Z000C1N25.png,12,8.06225774829855,23.194827009486403
G0,W0082F0002T0006Z000C1N25.png,13,15.065699739539994,24.013370761070636
G0,W0082F0002T0006Z000C1N25.png,14,0.745355992499932,35.367907612536094
G0,W0082F0002T0006Z000C1N25.png,15,3.1622776601683795,38.48376280978771
G0,W0082F0001T0006Z000C1N54.png,1,14.484474446799936,
G0,W0082F0001T0006Z000C1N54.png,2,12.806248474865697,
G0,W0082F0001T0006Z000C1N54.png,3,1.6124515496597158,
G0,W0082F0001T0006Z000C1N54.png,4,7.654739794553051,
G0,W0082F0001T0006Z000C1N54.png,5,0.7071067811865476,
G0,W0082F0001T0006Z000C1N54.png,6,29.449108645254444,
G0,W0082F0001T0006Z000C1N54.png,7,13.0,
G0,W0082F0001T0006Z000C1N54.png,8,14.422205101855956,
G0,W0082F0001T0006Z000C1N54.png,9,31.554381824806498,
G0,W0082F0001T0006Z000C1N54.png,10,1.2857142857142918,
G0,W0082F0001T0006Z000C1N54.png,11,7.0178344238090995,
G0,W0082F0001T0006Z000C1N54.png,12,52.14896680883548,
G0,W0082F0001T0006Z000C1N54.png,13,44.51123453691214,
G0,W0082F0001T0006Z000C1N54.png,14,11.40175425099138,
G0,W0082F0001T0006Z000C1N54.png,15,23.021728866442675,
G0,W0082F0001T0006Z000C1N54.png,16,33.01893396219811,
G0,W0082F0001T0006Z000C1N54.png,17,54.46946300451291,
G0,W0082F0001T0006Z000C1N54.png,18,14.916433890176299,
G0,W0082F0001T0006Z000C1N54.png,19,67.52962312940892,
G0,W0082F0001T0006Z000C1N54.png,20,8.447367914999203,
G0,W0082F0001T0006Z000C1N54.png,21,8.212400356747144,
G0,W0082F0001T0006Z000C1N54.png,22,1.3000000000000027,
G0,W0082F0001T0006Z000C1N54.png,23,0.5,
G0,W0082F0001T0006Z000C1N54.png,24,22.82089806361161,
G0,W0082F0001T0006Z000C1N54.png,25,14.577379737113251,
G0,W0082F0001T0006Z000C1N68.png,1,19.081048189237404,32.509174089785795
G0,W0082F0001T0006Z000C1N68.png,2,0.7120003121097921,0.7120003121097921
G0,W0082F0001T0006Z000C1N68.png,3,18.439088914585774,25.238858928247925
G0,W0082F0001T0006Z000C1N68.png,4,24.125575698369932,31.142844059448247
G0,W0082F0001T0006Z000C1N68.png,5,31.692681103102633,37.88803186469154
G0,W0082F0001T0006Z000C1N68.png,6,0.6190476190476204,0.6190476190476204
G0,W0082F0001T0006Z000C1N68.png,7,15.613590416470412,17.612735395660128
G0,W0082F0001T0006Z000C1N68.png,8,25.104272341494354,42.270508849165125
G0,W0082F0001T0006Z000C1N68.png,9,31.031597919611624,47.17478213457317
G0,W0082F0001T0006Z000C1N68.png,10,27.28654532101042,29.56161174376135
G0,W0082F0001T0006Z000C1N68.png,11,20.65187642806338,56.67892024377317
G0,W0082F0001T0006Z000C1N68.png,12,1.7400510848184296,23.274330161026
G0,W0082F0001T0006Z000C1N68.png,13,1.0017286097603768,1.0017286097603768
G0,W0082F0001T0006Z000C1N68.png,14,12.522300108206958,40.61388924986131
G0,W0082F0001T0006Z000C1N68.png,15,4.346134936801767,46.96334267868457
G0,W0082F0001T0006Z000C1N68.png,16,22.10549843872537,36.50356426544718
G0,W0082F0001T0006Z000C1N68.png,17,19.912307751739878,39.805778474990284
G0,W0082F0001T0006Z000C1N68.png,18,13.038404810405298,17.029386365926403
G0,W0082F0001T0006Z000C1N68.png,19,21.169291175872864,22.326491489309777
G0,W0082F0001T0006Z000C1N68.png,20,37.00517482716329,37.00517482716329
G0,W0082F0001T0006Z000C1N68.png,21,0.6987712429686843,0.6987712429686843
G0,W0082F0001T0006Z000C1N68.png,22,3.905124837953327,4.716990566028302
G0,W0082F0001T0006Z000C1N68.png,23,0.7071067811865476,0.7071067811865476
G0,W0082F0001T0006Z000C1N68.png,24,5.98321122542463,5.98321122542463
G0,W0082F0001T0006Z000C1N68.png,25,0.11180339887499584,0.11180339887499584
G0,W0082F0001T0006Z000C1N68.png,26,15.677372228788858,16.05552864280713
G0,W0082F0001T0006Z000C1N68.png,27,5.882176467941106,10.08959860450356
G0,W0082F0001T0006Z000C1N69.png,1,3.904860289984455,23.198211672311903
G0,W0082F0001T0006Z000C1N69.png,2,29.90819285747636,42.69074841227312
G0,W0082F0001T0006Z000C1N69.png,3,3.6135547287647056,8.086477051912722
G0,W0082F0001T0006Z000C1N69.png,4,0.41666666666666285,0.41666666666666285
G0,W0082F0001T0006Z000C1N69.png,5,28.160289244948615,29.138383081770993
G0,W0082F0001T0006Z000C1N69.png,6,35.33058165385903,42.19300889957956
G0,W0082F0001T0006Z000C1N69.png,7,1.118033988749895,1.118033988749895
G0,W0082F0001T0006Z000C1N69.png,8,14.159802258506296,14.159802258506296
G0,W0082F0001T0006Z000C1N69.png,9,26.911893281595777,26.911893281595777
G0,W0082F0001T0006Z000C1N69.png,10,11.067971810589327,30.700162866017504
G0,W0082F0001T0006Z000C1N69.png,11,10.0,22.847319317591726
G0,W0082F0001T0006Z000C1N69.png,12,21.5,23.30772404161333
G0,W0082F0001T0006Z000C1N69.png,13,12.52230010820695,40.61388924986131
G0,W0082F0001T0006Z000C1N69.png,14,1.118033988749895,34.9463875100131
G0,W0082F0001T0006Z000C1N69.png,15,35.04399567191306,36.50356426544718
G0,W0082F0001T0006Z000C1N69.png,16,21.147682846967378,22.205441509978158
G0,W0082F0001T0006Z000C1N69.png,17,0.6204962600539159,0.6204962600539159
G0,W0082F0001T0006Z000C1N69.png,18,3.905124837953327,4.716990566028302
G0,W0082F0001T0006Z000C1N69.png,19,3.3541019662496847,24.88473427625861
G0,W0082F0001T0006Z000C1N69.png,20,0.7071067811865476,0.7071067811865476
G0,W0082F0001T0006Z000C1N69.png,21,5.983211225424627,5.983211225424627
G0,W0082F0001T0006Z000C1N69.png,22,0.11180339887498314,0.11180339887498314
G0,W0082F0001T0006Z000C1N69.png,23,22.14158982548453,22.14158982548453
G0,W0082F0001T0006Z000C1N69.png,24,4.802343178074636,9.56882960450232
G0,W0082F0001T0006Z000C1N69.png,25,1.0279539592820437,1.0279539592820437
G0,W0082F0001T0006Z000C1N69.png,26,37.61980861195336,37.61980861195336
G0,W0082F0001T0006Z000C1N69.png,27,10.44030650891055,10.44030650891055
G0,W0082F0001T0006Z000C1N69.png,28,0.7071067811865476,0.7071067811865476
G0,W0082F0001T0006Z000C1N69.png,29,0.1767766952966369,0.1767766952966369
G0,W0082F0001T0006Z000C1N69.png,30,0.5,0.5
G0,W0082F0001T0006Z000C1N69.png,31,0.5,0.5
G0,W0082F0003T0006Z000C1N22.png,1,0.582102203402986,0.582102203402986
G0,W0082F0003T0006Z000C1N22.png,2,0.28000422651079,0.28000422651079
G0,W0082F0003T0006Z000C1N22.png,3,14.142135623730951,14.866068747318506
G0,W0082F0003T0006Z000C1N22.png,4,0.5385164807134502,0.5385164807134502
G0,W0082F0003T0006Z000C1N22.png,5,0.4216370213557824,0.4216370213557824
G0,W0082F0003T0006Z000C1N22.png,6,0.0,0.0
G0,W0082F0003T0006Z000C1N22.png,7,5.725794462100624,5.725794462100624
G0,W0082F0003T0006Z000C1N22.png,8,0.06043426966215884,0.06043426966215884
G0,W0082F0003T0006Z000C1N22.png,9,0.4764333685685202,0.4764333685685202
G0,W0082F0003T0006Z000C1N22.png,10,18.200274723201296,18.200274723201296
G0,W0082F0003T0006Z000C1N22.png,11,7.472616676907761,7.472616676907761
G0,W0082F0003T0006Z000C1N22.png,12,1.8582585934148133,8.800745707040967
G0,W0082F0003T0006Z000C1N22.png,13,12.211470017979003,12.211470017979003
G0,W0082F0003T0006Z000C1N22.png,14,4.722052284523941,5.102069296972662
G0,W0082F0003T0006Z000C1N22.png,15,0.3989010968247782,0.3989010968247782
G0,W0082F0003T0006Z000C1N22.png,16,0.5,0.5
G0,W0082F0003T0006Z000C1N22.png,17,14.655917520487995,27.075480284808638
G0,W0082F0003T0006Z000C1N22.png,18,0.1767766952966369,0.1767766952966369
G0,W0082F0003T0006Z000C1N22.png,19,4.0718546143004675,13.703284277865656
G0,W0082F0003T0006Z000C1N22.png,20,5.0,5.0
G0,W0082F0003T0006Z000C1N22.png,21,1.118033988749895,1.118033988749895
G0,W0082F0003T0006Z000C1N22.png,22,13.946325680981353,17.334935823359714
G0,W0082F0003T0006Z000C1N22.png,23,12.298373876248844,16.62077013859466
G0,W0082F0003T0006Z000C1N22.png,24,18.641906049463525,18.641906049463525
G0,W0082F0003T0006Z000C1N22.png,25,0.18446263857040326,0.18446263857040326
G0,W0082F0003T0006Z000C1N22.png,26,10.63014581273465,16.1245154965971
G0,W0082F0003T0006Z000C1N22.png,27,3.1622776601683795,3.1622776601683795
G0,W0082F0003T0006Z000C1N22.png,28,0.5,0.5
G0,W0082F0003T0006Z000C1N22.png,29,22.5055548698538,22.5055548698538
G0,W0082F0003T0006Z000C1N22.png,30,11.180339887498949,11.180339887498949
G0,W0082F0003T0006Z000C1N22.png,31,12.214745187681975,12.214745187681975
G0,W0082F0003T0006Z000C1N22.png,32,1.6007810593582121,1.6007810593582121
G0,W0082F0003T0006Z000C1N22.png,33,11.587077070149565,11.587077070149565
G0,W0082F0003T0006Z000C1N22.png,34,16.959114665805338,17.84460008142844
G0,W0082F0003T0006Z000C1N22.png,35,0.0,0.0
G0,W0082F0003T0006Z000C1N22.png,36,0.7071067811865476,0.7071067811865476
G0,W0082F0003T0006Z000C1N22.png,37,4.659141551831189,4.659141551831189
G0,W0082F0003T0006Z000C1N22.png,38,0.47140452079102496,0.47140452079102496
G0,W0082F0003T0006Z000C1N22.png,39,0.25,0.25
G0,W0082F0003T0006Z000C1N22.png,40,0.20000000000000284,0.20000000000000284
G0,W0082F0003T0006Z000C1N22.png,41,0.4472135954999579,0.4472135954999579
G0,W0082F0003T0006Z000C1N22.png,42,5.162660285597899,13.874804650215166
G0,W0082F0003T0006Z000C1N22.png,43,16.507574019219177,17.10263137648707
G0,W0082F0003T0006Z000C1N22.png,44,0.7071067811865476,0.7071067811865476
G0,W0082F0003T0006Z000C1N22.png,45,7.798128673650549,14.302711895566087
G0,W0082F0003T0006Z000C1N22.png,46,0.1767766952966369,0.1767766952966369
G0,W0082F0003T0006Z000C1N22.png,47,0.7071067811865476,0.7071067811865476
G0,W0082F0003T0006Z000C1N22.png,48,2.23606797749979,2.23606797749979
G0,W0082F0003T0006Z000C1N22.png,49,9.0,16.0
G0,W0082F0003T0006Z000C1N22.png,50,8.19289062481146,12.129445856679668
G0,W0082F0003T0006Z000C1N22.png,51,2.683571704543326,2.683571704543326
G0,W0082F0003T0006Z000C1N22.png,52,0.3535533905932738,0.3535533905932738
G0,W0082F0003T0006Z000C1N22.png,53,0.7071067811865476,0.7071067811865476
G0,W0082F0003T0006Z000C1N22.png,54,0.5758755534498994,0.5758755534498994
G0,W0082F0003T0006Z000C1N22.png,55,0.5,1.118033988749895
G0,W0082F0003T0006Z000C1N22.png,56,6.128258770283415,6.368324391514267
G0,W0082F0003T0006Z000C1N22.png,57,0.7071067811865476,0.7071067811865476
G0,W0082F0003T0006Z000C1N22.png,58,9.204467514322712,9.204467514322712
G0,W0082F0003T0006Z000C1N22.png,59,0.39528470752104744,0.39528470752104744
G0,W0082F0003T0006Z000C1N22.png,60,0.7071067811865476,0.7071067811865476
G0,W0082F0003T0006Z000C1N22.png,61,0.5,0.5
G0,W0082F0003T0006Z000C1N22.png,62,8.631338250816034,9.617692030835672
G0,W0082F0003T0006Z000C1N22.png,63,0.37482778414707074,0.37482778414707074
G0,W0082F0003T0006Z000C1N22.png,64,7.803133273813076,13.731553282697327
G0,W0082F0003T0006Z000C1N22.png,65,8.077747210701755,8.5
G0,W0082F0003T0006Z000C1N22.png,66,4.123105625617661,4.123105625617661
G0,W0082F0003T0006Z000C1N22.png,67,1.4142135623730951,1.4142135623730951
G0,W0082F0003T0006Z000C1N22.png,68,0.0,12.206555615733702
G0,W0082F0003T0006Z000C1N22.png,69,1.2649110640673562,10.890362712049583
G0,W0082F0003T0006Z000C1N22.png,70,6.194961744870438,10.614295327817224
G0,W0082F0002T0006Z000C1N24.png,1,0.25,0.25
G0,W0082F0002T0006Z000C1N24.png,2,0.5590169943749475,0.5590169943749475
G0,W0082F0002T0006Z000C1N24.png,3,0.4055175020198799,0.4055175020198799
G0,W0082F0002T0006Z000C1N24.png,4,1.0,1.0
G0,W0082F0002T0006Z000C1N24.png,5,12.727922061357855,13.038404810405298
G0,W0082F0002T0006Z000C1N24.png,6,2.57390753524675,2.57390753524675
G0,W0082F0002T0006Z000C1N24.png,7,0.34409301068170767,0.34409301068170767
G0,W0082F0002T0006Z000C1N24.png,8,7.632168761236874,7.632168761236874
G0,W0082F0002T0006Z000C1N24.png,9,0.5,0.5
G0,W0082F0002T0006Z000C1N24.png,10,0.4472135954999643,0.4472135954999643
G0,W0082F0002T0006Z000C1N24.png,11,0.44721359549995543,0.44721359549995543
G0,W0082F0002T0006Z000C1N24.png,12,10.601886624558855,10.601886624558855
G0,W0082F0002T0006Z000C1N24.png,13,0.0,0.0
G0,W0082F0002T0006Z000C1N24.png,14,0.2857142857142918,0.2857142857142918
G0,W0082F0002T0006Z000C1N24.png,15,8.725939023069067,8.725939023069067
G0,W0082F0002T0006Z000C1N24.png,16,0.3748277841470638,0.3748277841470638
G0,W0082F0002T0006Z000C1N24.png,17,0.5,0.5
G0,W0082F0002T0006Z000C1N24.png,18,3.605551275463989,3.605551275463989
G0,W0082F0002T0006Z000C1N24.png,19,9.043298623842961,9.043298623842961
G0,W0082F0002T0006Z000C1N24.png,20,0.23570226039551248,0.23570226039551248
G0,W0082F0002T0006Z000C1N24.png,21,0.7719574906346433,0.7719574906346433
G0,W0082F0002T0006Z000C1N24.png,22,0.7071067811865476,0.7071067811865476
G0,W0082F0002T0006Z000C1N24.png,23,0.0,0.0
G0,W0082F0002T0006Z000C1N24.png,24,7.271022527474472,7.302212955644799
G0,W0082F0002T0006Z000C1N24.png,25,0.0,0.0
G0,W0082F0002T0006Z000C1N24.png,26,0.41649656391751877,0.41649656391751877
G0,W0082F0002T0006Z000C1N24.png,27,0.4492371967646005,0.4492371967646005
G0,W0082F0002T0006Z000C1N24.png,28,8.53814968245462,8.53814968245462
G0,W0082F0002T0006Z000C1N24.png,29,2.8284271247461903,2.8284271247461903
G0,W0082F0002T0006Z000C1N24.png,30,0.47140452079103,0.47140452079103
G0,W0082F0002T0006Z000C1N24.png,31,8.901588692475068,10.415770794809188
G0,W0082F0002T0006Z000C1N24.png,32,0.506019133355446,0.506019133355446
G0,W0082F0002T0006Z000C1N24.png,33,8.44037913840368,8.44037913840368
G0,W0082F0002T0006Z000C1N24.png,34,0.47140452079103,0.47140452079103
G0,W0082F0002T0006Z000C1N24.png,35,3.8908725099762504,3.8908725099762504
G0,W0082F0002T0006Z000C1N24.png,36,0.4282417581929755,0.4282417581929755
G0,W0082F0002T0006Z000C1N24.png,37,10.93446386431452,10.93446386431452
G0,W0082F0002T0006Z000C1N24.png,38,9.013878188659973,9.013878188659973
G0,W0082F0002T0006Z000C1N24.png,39,0.2857142857142918,0.2857142857142918
G0,W0082F0002T0006Z000C1N24.png,40,0.0,0.0
G0,W0082F0002T0006Z000C1N24.png,41,0.6180629713445837,0.6180629713445837
G0,W0082F0002T0006Z000C1N24.png,42,3.2015621187164243,3.2015621187164243
G0,W0082F0002T0006Z000C1N24.png,43,0.5,0.5
G0,W0082F0002T0006Z000C1N24.png,44,1.4142135623730951,1.4142135623730951
G0,W0082F0002T0006Z000C1N24.png,45,0.5,0.5
G0,W0082F0002T0006Z000C1N24.png,46,2.6516504294495533,2.6516504294495533
G0,W0082F0002T0006Z000C1N24.png,47,0.5150787536377099,0.5150787536377099
G0,W0082F0002T0006Z000C1N24.png,48,0.7071067811865476,0.7071067811865476
G0,W0082F0002T0006Z000C1N24.png,49,0.5150787536377099,0.5150787536377099
G0,W0082F0002T0006Z000C1N24.png,50,0.0,0.0
G0,W0082F0002T0006Z000C1N24.png,51,0.0,0.0
G0,W0082F0002T0006Z000C1N24.png,52,0.28284271247461107,0.28284271247461107
G0,W0082F0003T0006Z000C1N36.png,1,8.381816488412845,8.381816488412845
G0,W0082F0003T0006Z000C1N36.png,2,7.956835079967155,7.956835079967155
G0,W0082F0003T0006Z000C1N36.png,3,15.13544292886935,15.13544292886935
G0,W0082F0003T0006Z000C1N36.png,4,14.705441169852742,17.327723451163457
G0,W0082F0003T0006Z000C1N36.png,5,0.25,0.25
G0,W0082F0003T0006Z000C1N36.png,6,10.371216427088711,14.180994031307407
G0,W0082F0003T0006Z000C1N36.png,7,0.5,0.5
G0,W0082F0003T0006Z000C1N36.png,8,0.5,0.5
G0,W0082F0003T0006Z000C1N36.png,9,11.560276813294738,13.328165665236908
G0,W0082F0003T0006Z000C1N36.png,10,2.716399552829482,2.716399552829482
G0,W0082F0003T0006Z000C1N36.png,11,0.5424488844247646,0.5424488844247646
G0,W0082F0003T0006Z000C1N36.png,12,0.5758755534498959,0.5758755534498959
G0,W0082F0003T0006Z000C1N36.png,13,8.111111111111114,13.178733336162436
G0,W0082F0003T0006Z000C1N36.png,14,0.5,0.5
G0,W0082F0003T0006Z000C1N36.png,15,8.466664090800244,8.466664090800244
G0,W0082F0003T0006Z000C1N36.png,16,0.5,0.5
G0,W0082F0003T0006Z000C1N36.png,17,0.3513641844631565,0.3513641844631565
G0,W0082F0003T0006Z000C1N36.png,18,0.7999999999999972,0.7999999999999972
G0,W0082F0003T0006Z000C1N36.png,19,8.192690730516802,8.192690730516802
G0,W0082F0003T0006Z000C1N36.png,20,0.2571297386132973,0.2571297386132973
G0,W0082F0003T0006Z000C1N36.png,21,17.00735135169495,17.18284027743958
G0,W0082F0003T0006Z000C1N36.png,22,0.5,0.5
G0,W0082F0003T0006Z000C1N36.png,23,0.45175395145262737,0.45175395145262737
G0,W0082F0003T0006Z000C1N36.png,24,0.7905694150420949,0.7905694150420949
G0,W0082F0003T0006Z000C1N36.png,25,0.0,0.0
G0,W0082F0003T0006Z000C1N36.png,26,0.11180339887498948,0.11180339887498948
G0,W0082F0003T0006Z000C1N36.png,27,3.988212600462971,3.988212600462971
G0,W0082F0003T0006Z000C1N36.png,28,17.201471594023577,18.361389517136224
G0,W0082F0002T0006Z000C1N18.png,1,3.0413812651491097,3.0413812651491097
G0,W0082F0002T0006Z000C1N18.png,2,0.20000000000000284,0.20000000000000284
G0,W0082F0002T0006Z000C1N18.png,3,0.7071067811865476,0.7071067811865476
G0,W0082F0002T0006Z000C1N18.png,4,0.1767766952966369,0.1767766952966369
G0,W0082F0002T0006Z000C1N18.png,5,0.3513641844631565,0.3513641844631565
G0,W0082F0002T0006Z000C1N18.png,6,4.301162633521313,4.301162633521313
G0,W0082F0002T0006Z000C1N18.png,7,0.2357022603955175,0.2357022603955175
G0,W0082F0002T0006Z000C1N18.png,8,0.22222222222222143,0.22222222222222143
G0,W0082F0002T0006Z000C1N18.png,9,0.42432935517360587,0.42432935517360587
G0,W0082F0002T0006Z000C1N18.png,10,5.408326913195984,6.020797289396148
G0,W0082F0002T0006Z000C1N18.png,11,0.5,0.5
G0,W0082F0002T0006Z000C1N18.png,12,0.4527539614232991,0.4527539614232991
G0,W0082F0002T0006Z000C1N18.png,13,0.0,0.0
G0,W0082F0002T0006Z000C1N18.png,14,0.5439282932204242,0.5439282932204242
G0,W0082F0002T0006Z000C1N18.png,15,0.0,0.0
G0,W0082F0002T0006Z000C1N18.png,16,0.3644001493552475,0.3644001493552475
G0,W0082F0002T0006Z000C1N18.png,17,0.5821022034029872,0.5821022034029872
G0,W0082F0002T0006Z000C1N18.png,18,0.5357072414301588,0.5357072414301588
G0,W0082F0002T0006Z000C1N18.png,19,0.5,0.5
G0,W0082F0002T0006Z000C1N18.png,20,0.35136418446314976,0.35136418446314976
G0,W0082F0002T0006Z000C1N18.png,21,0.25,0.25
G0,W0082F0002T0006Z000C1N18.png,22,0.25,0.25
G0,W0082F0002T0006Z000C1N18.png,23,0.6325986700986561,0.6325986700986561
G0,W0082F0002T0006Z000C1N18.png,24,0.4472135954999579,0.4472135954999579
G0,W0082F0002T0006Z000C1N18.png,25,0.5758755534498994,0.5758755534498994
G0,W0082F0002T0006Z000C1N18.png,26,0.0,0.0
G0,W0082F0002T0006Z000C1N18.png,27,0.11293848786316218,0.11293848786316218
G0,W0082F0002T0006Z000C1N18.png,28,0.3748277841470569,0.3748277841470569
G0,W0082F0002T0006Z000C1N18.png,29,0.2857142857142918,0.2857142857142918
G0,W0082F0002T0006Z000C1N18.png,30,0.47140452079103,0.47140452079103
G0,W0082F0002T0006Z000C1N18.png,31,1.843908891458576,1.843908891458576
G0,W0082F0002T0006Z000C1N18.png,32,5.1999999999999975,5.1999999999999975
G0,W0082F0002T0006Z000C1N132.png,1,19.474342094150447,19.90602923739438
G0,W0082F0002T0006Z000C1N132.png,2,20.0,20.0
G0,W0082F0002T0006Z000C1N132.png,3,21.50581316760657,22.327113561766108
G0,W0082F0002T0006Z000C1N132.png,4,12.468736413731026,12.468736413731026
G0,W0082F0002T0006Z000C1N132.png,5,16.510679545751593,23.13228348137079
G0,W0082F0002T0006Z000C1N132.png,6,4.924428900898052,7.566372975210778
G0,W0082F0002T0006Z000C1N132.png,7,1.202211503854459,1.202211503854459
G0,W0082F0002T0006Z000C1N132.png,8,11.10180165558726,17.5
G0,W0082F0002T0006Z000C1N132.png,9,4.86682138702697,25.70027494466557
G0,W0082F0002T0006Z000C1N132.png,10,9.899494936611665,9.899494936611665
G0,W0082F0002T0006Z000C1N132.png,11,0.0,0.0
G0,W0082F0002T0006Z000C1N132.png,12,6.749485577105525,7.363574011458169
G0,W0082F0002T0006Z000C1N132.png,13,8.334074041155189,13.96865980651413
G0,W0082F0002T0006Z000C1N132.png,14,0.7071067811865476,1.5811388300841898
G0,W0082F0002T0006Z000C1N132.png,15,6.455499158682863,12.49408023090642
G0,W0082F0002T0006Z000C1N132.png,16,1.9846348556356872,9.004534005325386
G0,W0082F0002T0006Z000C1N132.png,17,8.54400374531753,12.165525060596439
G0,W0082F0002T0006Z000C1N132.png,18,10.5,14.080127840328723
G0,W0082F0002T0006Z000C1N132.png,19,0.0,0.0
G0,W0082F0002T0006Z000C1N132.png,20,9.848857801796104,16.1245154965971
G0,W0082F0002T0006Z000C1N132.png,21,10.140305160680063,17.84220578488638
G0,W0082F0002T0006Z000C1N132.png,22,14.76650218490688,20.130360278909016
G0,W0082F0002T0006Z000C1N132.png,23,15.162087220725548,18.390818965511635
G0,W0082F0002T0006Z000C1N132.png,24,7.122928548786043,8.270597183866345
G0,W0082F0002T0006Z000C1N132.png,25,19.014796869806418,37.10205519913958
G0,W0082F0002T0006Z000C1N132.png,26,15.811388300841896,24.08318915758459
G0,W0082F0002T0006Z000C1N132.png,27,17.219175357722563,37.39652390263031
G0,W0082F0002T0006Z000C1N126.png,1,9.5,
G0,W0082F0002T0006Z000C1N126.png,2,21.840329667841555,
G0,W0082F0002T0006Z000C1N126.png,3,17.334935823359714,
G0,W0082F0002T0006Z000C1N126.png,4,11.431492131199628,
G0,W0082F0002T0006Z000C1N126.png,5,16.62698980944707,
G0,W0082F0002T0006Z000C1N126.png,6,25.675864152935535,
G0,W0082F0002T0006Z000C1N126.png,7,32.18766717808774,
G0,W0082F0002T0006Z000C1N126.png,8,25.004999500099974,
G0,W0082F0002T0006Z000C1N126.png,9,28.531554229954942,
G0,W0082F0002T0006Z000C1N126.png,10,14.212670403551895,
G0,W0082F0002T0006Z000C1N126.png,11,16.62077013859466,
G0,W0082F0002T0006Z000C1N126.png,12,5.789818444638725,
G0,W0082F0002T0006Z000C1N126.png,13,15.3,
G0,W0082F0002T0006Z000C1N126.png,14,1.118033988749895,
G0,W0082F0002T0006Z000C1N126.png,15,15.116216457830975,
G0,W0082F0002T0006Z000C1N126.png,16,20.20330342760201,
G0,W0082F0002T0006Z000C1N126.png,17,0.2857142857142865,
G0,W0082F0002T0006Z000C1N126.png,18,46.66866160170488,
G0,W0082F0002T0006Z000C1N126.png,19,15.036444877570409,
G0,W0082F0002T0006Z000C1N126.png,20,48.41777824312057,
G0,W0082F0002T0006Z000C1N122.png,1,17.867568385205637,62.22740553807462
G0,W0082F0002T0006Z000C1N122.png,2,20.112185361118765,58.757978181690355
G0,W0082F0002T0006Z000C1N122.png,3,15.293426329272613,57.855183192365935
G0,W0082F0002T0006Z000C1N122.png,4,15.033296378372908,58.855755878248644
G0,W0082F0002T0006Z000C1N122.png,5,8.73212459828649,53.956000593075835
G0,W0082F0002T0006Z000C1N122.png,6,6.0,59.682493245507096
G0,W0082F0002T0006Z000C1N122.png,7,2.0615528128088303,43.660622991432454
G0,W0082F0002T0006Z000C1N122.png,8,19.90602923739438,53.02122216622322
G0,W0082F0002T0006Z000C1N122.png,9,0.25,48.78588422894475
G0,W0082F0002T0006Z000C1N122.png,10,0.0,46.17358552246078
G0,W0082F0002T0006Z000C1N122.png,11,3.2015621187164243,28.412145290350743
G0,W0082F0002T0006Z000C1N122.png,12,6.020797289396148,31.70567772497538
G0,W0082F0002T0006Z000C1N122.png,13,32.77575323314477,54.08558033339386
G0,W0082F0002T0006Z000C1N122.png,14,0.0,0.0
G0,W0082F0002T0006Z000C1N122.png,15,26.100766272276374,30.004166377354995
G0,W0082F0002T0006Z000C1N122.png,16,9.12414379544733,19.319679086361656
G0,W0082F0002T0006Z000C1N122.png,17,0.7142857142857082,0.7142857142857082
G0,W0082F0002T0006Z000C1N122.png,18,0.5,12.5
G0,W0082F0002T0006Z000C1N122.png,19,26.40075756488817,26.92582403567252
G0,W0082F0002T0006Z000C1N122.png,20,9.739825333693837,20.379122698862883
G0,W0082F0002T0006Z000C1N122.png,21,21.10094784600919,21.70829334609241
G0,W0082F0002T0006Z000C1N122.png,22,9.486832980505138,27.313000567495326
G0,W0082F0002T0006Z000C1N122.png,23,1.118033988749895,1.118033988749895
G0,W0082F0002T0006Z000C1N122.png,24,15.620499351813308,17.029386365926403
G0,W0082F0002T0006Z000C1N122.png,25,14.738951332796125,29.974446710845243
G0,W0082F0002T0006Z000C1N122.png,26,0.471404520791035,10.60922030855971
G0,W0082F0002T0006Z000C1N122.png,27,0.4865042554105137,0.4865042554105137
G0,W0082F0002T0006Z000C1N122.png,28,7.8031332738130885,7.8031332738130885
G0,W0082F0002T0006Z000C1N122.png,29,9.875873623057043,10.834667631069113
G0,W0082F0003T0006Z000C1N9.png,1,0.3162277660168353,0.3162277660168353
G0,W0082F0003T0006Z000C1N9.png,2,0.6499380438788016,0.6499380438788016
G0,W0082F0003T0006Z000C1N9.png,3,17.941262187730526,17.941262187730526
G0,W0082F0003T0006Z000C1N9.png,4,0.42432935517360404,0.42432935517360404
G0,W0082F0003T0006Z000C1N9.png,5,0.4485347611419476,0.4485347611419476
G0,W0082F0003T0006Z000C1N9.png,6,0.3809523809523796,0.3809523809523796
G0,W0082F0003T0006Z000C1N9.png,7,3.605551275463989,3.605551275463989
G0,W0082F0003T0006Z000C1N9.png,8,6.674994798166929,6.674994798166929
G0,W0082F0003T0006Z000C1N9.png,9,20.0,20.0
G0,W0082F0003T0006Z000C1N9.png,10,0.3277773886785479,0.3277773886785479
G0,W0082F0003T0006Z000C1N9.png,11,0.6476890718445455,0.6476890718445455
G0,W0082F0003T0006Z000C1N9.png,12,0.4358226775306673,0.4358226775306673
G0,W0082F0003T0006Z000C1N9.png,13,0.8560373823613152,0.8560373823613152
G0,W0082F0003T0006Z000C1N9.png,14,10.734161458736413,10.734161458736413
G0,W0082F0003T0006Z000C1N9.png,15,0.5,0.5
G0,W0082F0003T0006Z000C1N9.png,16,0.3535533905932738,0.3535533905932738
G0,W0082F0003T0006Z000C1N9.png,17,0.3354101966249653,0.3354101966249653
G0,W0082F0003T0006Z000C1N9.png,18,12.539936203984453,12.539936203984453
G0,W0082F0003T0006Z000C1N9.png,19,1.0606601717798212,1.0606601717798212
G0,W0082F0003T0006Z000C1N9.png,20,0.559481358564982,0.559481358564982
G0,W0082F0003T0006Z000C1N9.png,21,0.0,0.0
G0,W0082F0003T0006Z000C1N9.png,22,0.5,0.5
G0,W0082F0003T0006Z000C1N9.png,23,3.006659275674582,3.006659275674582
G0,W0082F0003T0006Z000C1N9.png,24,0.7071067811865476,0.7071067811865476
G0,W0082F0003T0006Z000C1N9.png,25,0.5,0.5
G0,W0082F0003T0006Z000C1N9.png,26,1.0858813572372803,1.0858813572372803
G0,W0082F0003T0006Z000C1N9.png,27,0.5,0.5
G0,W0082F0003T0006Z000C1N9.png,28,0.5,0.5
G0,W0082F0003T0006Z000C1N9.png,29,0.35136418446314976,0.35136418446314976
G0,W0082F0003T0006Z000C1N9.png,30,2.5,2.5
G0,W0082F0003T0006Z000C1N9.png,31,2.048787657176197,2.048787657176197
G0,W0082F0003T0006Z000C1N9.png,32,0.35192432442841465,0.35192432442841465
G0,W0082F0003T0006Z000C1N9.png,33,0.5423261445466359,0.5423261445466359
G0,W0082F0003T0006Z000C1N9.png,34,0.47140452079103,0.47140452079103
G0,W0082F0003T0006Z000C1N9.png,35,0.47140452079102496,0.47140452079102496
G0,W0082F0003T0006Z000C1N9.png,36,0.20000000000000284,0.20000000000000284
G0,W0082F0003T0006Z000C1N9.png,37,0.0,0.0
G0,W0082F0003T0006Z000C1N9.png,38,0.9726189666673171,0.9726189666673171
G0,W0082F0003T0006Z000C1N9.png,39,3.8332593899996383,3.8332593899996383
G0,W0082F0003T0006Z000C1N9.png,40,0.4472135954999579,0.4472135954999579
G0,W0082F0003T0006Z000C1N9.png,41,0.35136418446314976,0.35136418446314976
G0,W0082F0003T0006Z000C1N9.png,42,0.4000000000000057,0.4000000000000057
G0,W0082F0003T0006Z000C1N9.png,43,0.3049183605681491,0.3049183605681491
G0,W0082F0003T0006Z000C1N9.png,44,5.8000000000000025,5.8000000000000025
G0,W0082F0003T0006Z000C1N9.png,45,0.095238095238102,0.095238095238102
G0,W0082F0003T0006Z000C1N9.png,46,0.5,0.5
G0,W0082F0003T0006Z000C1N9.png,47,0.2857142857142918,0.2857142857142918
G0,W0082F0003T0006Z000C1N9.png,48,0.48650425541052494,0.48650425541052494
G0,W0082F0003T0006Z000C1N9.png,49,0.25,0.25
G0,W0082F0003T0006Z000C1N9.png,50,0.41649656391751877,0.41649656391751877
G0,W0082F0003T0006Z000C1N9.png,51,0.7071067811865476,0.7071067811865476
G0,W0082F0003T0006Z000C1N9.png,52,0.0,0.0
G0,W0082F0003T0006Z000C1N9.png,53,0.7533087338156321,0.7533087338156321
G0,W0082F0003T0006Z000C1N9.png,54,0.5,0.5
G0,W0082F0003T0006Z000C1N9.png,55,5.788878225624639,5.788878225624639
G0,W0082F0003T0006Z000C1N9.png,56,1.0511898020814356,1.0511898020814356
G0,W0082F0003T0006Z000C1N9.png,57,1.003466214899358,1.003466214899358
G0,W0082F0003T0006Z000C1N9.png,58,2.8284271247461903,2.8284271247461903
G0,W0082F0003T0006Z000C1N9.png,59,1.118033988749895,1.118033988749895
G0,W0082F0002T0006Z000C1N136.png,1,4.560972389283067,4.560972389283067
G0,W0082F0002T0006Z000C1N136.png,2,0.3748277841470608,0.3748277841470608
G0,W0082F0002T0006Z000C1N136.png,3,2.0,2.0
G0,W0082F0002T0006Z000C1N136.png,4,0.5439282932204227,0.5439282932204227
G0,W0082F0002T0006Z000C1N136.png,5,0.4488302789304038,0.4488302789304038
G0,W0082F0002T0006Z000C1N136.png,6,0.5,0.5
G0,W0082F0002T0006Z000C1N136.png,7,0.5,0.5
G0,W0082F0002T0006Z000C1N136.png,8,0.7071067811865476,0.7071067811865476
G0,W0082F0002T0006Z000C1N136.png,9,0.2857142857142847,0.2857142857142847
G0,W0082F0002T0006Z000C1N136.png,10,0.2495670992423075,0.2495670992423075
G0,W0082F0002T0006Z000C1N136.png,11,0.37482778414706036,0.37482778414706036
G0,W0082F0002T0006Z000C1N136.png,12,0.0,0.0
G0,W0082F0002T0006Z000C1N136.png,13,0.09677419354838435,0.09677419354838435
G0,W0082F0002T0006Z000C1N136.png,14,0.25,0.25
G0,W0082F0002T0006Z000C1N136.png,15,0.5385164807134515,0.5385164807134515
G0,W0082F0002T0006Z000C1N136.png,16,0.7071067811865476,0.7071067811865476
G0,W0082F0002T0006Z000C1N136.png,17,1.118033988749895,1.118033988749895
G0,W0082F0002T0006Z000C1N136.png,18,0.25712973861328975,0.25712973861328975
G0,W0082F0002T0006Z000C1N136.png,19,0.5,0.5
G0,W0082F0002T0006Z000C1N136.png,20,0.2857142857142847,0.2857142857142847
G0,W0082F0002T0006Z000C1N136.png,21,0.2857142857142847,0.2857142857142847
G0,W0082F0002T0006Z000C1N136.png,22,0.41649656391752243,0.41649656391752243
G0,W0082F0002T0006Z000C1N136.png,23,0.0,0.0
G0,W0082F0002T0006Z000C1N136.png,24,0.5758755534498994,0.5758755534498994
G0,W0082F0002T0006Z000C1N136.png,25,0.5153882032022076,0.5153882032022076
G0,W0082F0002T0006Z000C1N136.png,26,4.743416490252569,4.949747468305833
G0,W0082F0002T0006Z000C1N136.png,27,0.471404520791035,0.471404520791035
G0,W0082F0002T0006Z000C1N136.png,28,0.3726779962499692,0.3726779962499692
G0,W0082F0002T0006Z000C1N136.png,29,0.4282417581929667,0.4282417581929667
G0,W0082F0002T0006Z000C1N136.png,30,0.5150787536377139,0.5150787536377139
G0,W0082F0002T0006Z000C1N136.png,31,4.716449719776909,5.864107357649655
G0,W0082F0002T0006Z000C1N136.png,32,0.0,0.0
G0,W0082F0002T0006Z000C1N136.png,33,0.485912657903773,0.485912657903773
G0,W0082F0002T0006Z000C1N136.png,34,0.5,0.5
G0,W0082F0002T0006Z000C1N136.png,35,3.726779962499652,6.368324391514269
G0,W0082F0002T0006Z000C1N136.png,36,0.0,0.0
G0,W0082F0002T0006Z000C1N136.png,37,5.5901699437494745,6.726812023536855
G0,W0082F0002T0006Z000C1N136.png,38,0.3041381265149077,0.3041381265149077
G0,W0082F0002T0006Z000C1N136.png,39,0.5,0.5
G0,W0082F0002T0006Z000C1N136.png,40,1.4142135623730951,1.4142135623730951
G0,W0082F0002T0006Z000C1N136.png,41,0.20000000000000284,0.20000000000000284
G0,W0082F0002T0006Z000C1N136.png,42,0.5471587667664528,0.5471587667664528
G0,W0082F0002T0006Z000C1N136.png,43,6.4031242374328485,7.810249675906654
G0,W0082F0002T0006Z000C1N136.png,44,0.29154759474226793,0.29154759474226793
G0,W0082F0002T0006Z000C1N136.png,45,0.7071067811865476,0.7071067811865476
G0,W0082F0002T0006Z000C1N136.png,46,3.2015621187164243,4.716990566028302
G0,W0082F0002T0006Z000C1N136.png,47,0.0,0.0
G0,W0082F0002T0006Z000C1N136.png,48,0.16444343748524642,0.16444343748524642
G0,W0082F0002T0006Z000C1N136.png,49,0.4472135954999643,0.4472135954999643
G0,W0082F0002T0006Z000C1N136.png,50,2.687419249432856,2.687419249432856
G0,W0082F0002T0006Z000C1N136.png,51,0.35600015605489266,0.35600015605489266
G0,W0082F0002T0006Z000C1N136.png,52,0.0,8.48528137423857
G0,W0082F0002T0006Z000C1N136.png,53,0.5758755534498924,0.5758755534498924
G0,W0082F0002T0006Z000C1N136.png,54,2.93816481838579,2.93816481838579
G0,W0082F0002T0006Z000C1N136.png,55,0.33541019662496585,0.33541019662496585
G0,W0082F0002T0006Z000C1N136.png,56,0.5,0.5
G0,W0082F0002T0006Z000C1N136.png,57,0.4243293551736076,0.4243293551736076
G0,W0082F0002T0006Z000C1N136.png,58,0.5547001962252213,0.5547001962252213
G0,W0082F0002T0006Z000C1N136.png,59,0.7999999999999972,0.7999999999999972
G0,W0082F0002T0006Z000C1N136.png,60,0.1767766952966369,0.1767766952966369
G0,W0082F0002T0006Z000C1N136.png,61,8.643152297203438,8.643152297203438
G0,W0082F0002T0006Z000C1N136.png,62,0.0,0.0
G0,W0082F0002T0006Z000C1N136.png,63,0.2357022603955175,0.2357022603955175
G0,W0082F0002T0006Z000C1N136.png,64,0.5555555555555515,0.5555555555555515
G0,W0082F0002T0006Z000C1N136.png,65,1.9232478556511958,1.9232478556511958
G0,W0082F0002T0006Z000C1N136.png,66,0.0,0.0
G0,W0082F0002T0006Z000C1N136.png,67,0.47140452079102496,0.47140452079102496
G0,W0082F0002T0006Z000C1N136.png,68,6.766184301362179,9.369164850721754
G0,W0082F0002T0006Z000C1N136.png,69,0.47140452079102496,0.47140452079102496
G0,W0082F0002T0006Z000C1N136.png,70,0.125,0.125
G0,W0082F0002T0006Z000C1N136.png,71,0.24137931034482563,0.24137931034482563
G0,W0082F0002T0006Z000C1N136.png,72,0.3277773886785479,0.3277773886785479
G0,W0082F0002T0006Z000C1N136.png,73,0.0,0.0
G0,W0082F0002T0006Z000C1N136.png,74,0.30333791205334454,0.30333791205334454
G0,W0082F0002T0006Z000C1N136.png,75,0.4472135954999579,0.4472135954999579
G0,W0082F0002T0006Z000C1N136.png,76,0.3365728004459065,0.3365728004459065
G0,W0082F0002T0006Z000C1N136.png,77,0.5656854249492461,0.5656854249492461
G0,W0082F0002T0006Z000C1N136.png,78,3.255764119219929,3.5777087639996505
G0,W0082F0002T0006Z000C1N136.png,79,8.250187053622053,8.250187053622053
G0,W0082F0002T0006Z000C1N136.png,80,0.7071067811865476,0.7071067811865476
G0,W0082F0002T0006Z000C1N136.png,81,0.43401111848608187,0.43401111848608187
G0,W0082F0002T0006Z000C1N136.png,82,3.0413812651491097,4.6097722286464435
G0,W0082F0002T0006Z000C1N136.png,83,5.5901699437494745,5.5901699437494745
G0,W0082F0002T0006Z000C1N136.png,84,1.7897276329095442,1.7897276329095442
G0,W0082F0003T0006Z000C1N32.png,1,11.038789575104996,20.543742392123278
G0,W0082F0003T0006Z000C1N32.png,2,0.3365728004459065,0.3365728004459065
G0,W0082F0003T0006Z000C1N32.png,3,4.124602487393466,5.121969142940496
G0,W0082F0003T0006Z000C1N32.png,4,0.5,0.5
G0,W0082F0003T0006Z000C1N32.png,5,4.200000000000003,8.44037913840368
G0,W0082F0003T0006Z000C1N32.png,6,0.3748277841470569,0.3748277841470569
G0,W0082F0003T0006Z000C1N32.png,7,0.0,19.026297590440446
G0,W0082F0003T0006Z000C1N32.png,8,6.5,15.074813431681335
G0,W0082F0003T0006Z000C1N32.png,9,16.21043971887537,17.124900783567597
G0,W0082F0003T0006Z000C1N32.png,10,29.516944286290883,30.153772566629204
G0,W0082F0003T0006Z000C1N32.png,11,4.027681991198197,16.749792701868156
G0,W0082F0003T0006Z000C1N32.png,12,12.98075498574717,24.545875417267155
G0,W0082F0003T0006Z000C1N32.png,13,9.5524865872714,11.672617529928752
G0,W0082F0003T0006Z000C1N32.png,14,14.77914493467061,40.7268108866874
G0,W0082F0003T0006Z000C1N32.png,15,0.40792156108742805,0.40792156108742805
G0,W0082F0003T0006Z000C1N32.png,16,8.0156097709407,36.513696060519536
G0,W0082F0003T0006Z000C1N32.png,17,14.212670403551895,47.75981574503821
G0,W0082F0003T0006Z000C1N32.png,18,11.180339887498949,19.1049731745428
G0,W0082F0003T0006Z000C1N32.png,19,1.9846348556356934,57.48362677266263
G0,W0082F0002T0006Z000C1N34.png,1,63.68407663840861,
G0,W0082F0002T0006Z000C1N34.png,2,39.147158262126766,
G0,W0082F0002T0006Z000C1N34.png,3,25.40365483571892,
G0,W0082F0002T0006Z000C1N20.png,1,20.937590980086096,20.937590980086096
G0,W0082F0002T0006Z000C1N20.png,2,0.49731741730538104,0.49731741730538104
G0,W0082F0002T0006Z000C1N20.png,3,0.1999999999999993,0.1999999999999993
G0,W0082F0002T0006Z000C1N20.png,4,0.543928293220423,0.543928293220423
G0,W0082F0002T0006Z000C1N20.png,5,7.433034373659253,7.433034373659253
G0,W0082F0002T0006Z000C1N20.png,6,23.42490981839632,24.838808345007216
G0,W0082F0002T0006Z000C1N20.png,7,0.5150787536377139,0.5150787536377139
G0,W0082F0002T0006Z000C1N20.png,8,0.35136418446314865,0.35136418446314865
G0,W0082F0002T0006Z000C1N20.png,9,10.297859892586755,11.384961437737743
G0,W0082F0002T0006Z000C1N20.png,10,0.7071067811865476,0.7071067811865476
G0,W0082F0002T0006Z000C1N20.png,11,15.295290050887717,19.762757585821802
G0,W0082F0002T0006Z000C1N20.png,12,20.23585926023404,21.626141588364757
G0,W0082F0002T0006Z000C1N20.png,13,0.5153882032022076,0.5153882032022076
G0,W0082F0002T0006Z000C1N20.png,14,0.0,0.0
G0,W0082F0002T0006Z000C1N20.png,15,1.3743685418725564,1.3743685418725564
G0,W0082F0002T0006Z000C1N20.png,16,0.5,0.5
G0,W0082F0002T0006Z000C1N20.png,17,0.5,2.0615528128088303
G0,W0082F0002T0006Z000C1N20.png,18,9.48724472647354,11.040054913812703
G0,W0082F0002T0006Z000C1N20.png,19,16.0262285020525,16.900887550658396
G0,W0082F0002T0006Z000C1N20.png,20,4.346134936801761,4.92160768674446
G0,W0082F0002T0006Z000C1N20.png,21,8.246211251235321,10.0
G0,W0082F0002T0006Z000C1N20.png,22,0.37216146378238996,0.37216146378238996
G0,W0082F0002T0006Z000C1N20.png,23,0.5,0.5
G0,W0082F0002T0006Z000C1N20.png,24,0.5000000000000054,0.5000000000000054
G0,W0082F0002T0006Z000C1N20.png,25,10.910144362014648,10.910144362014648
G0,W0082F0002T0006Z000C1N20.png,26,14.758048651498614,14.758048651498614
G0,W0082F0002T0006Z000C1N20.png,27,8.988332629402969,8.988332629402969
G0,W0082F0002T0006Z000C1N20.png,28,0.1767766952966369,0.1767766952966369
G0,W0082F0002T0006Z000C1N20.png,29,7.0710678118654755,7.0710678118654755
G0,W0082F0002T0006Z000C1N20.png,30,6.726812023536855,6.726812023536855
G0,W0082F0002T0006Z000C1N20.png,31,4.716990566028302,4.716990566028302
G0,W0082F0002T0006Z000C1N20.png,32,7.5,7.5
G0,W0082F0002T0006Z000C1N20.png,33,0.5,0.5
G0,W0082F0002T0006Z000C1N20.png,34,12.432533982843882,54.38556907357677
G0,W0082F0002T0006Z000C1N20.png,35,13.365727038952217,13.365727038952217
G0,W0082F0002T0006Z000C1N20.png,36,15.002083188677497,69.61366604338548
G0,W0082F0002T0006Z000C1N20.png,37,0.8498365855988077,0.8498365855988077
G0,W0082F0002T0006Z000C1N20.png,38,25.675323215535624,66.26881284250953
G0,W0082F0002T0006Z000C1N20.png,39,0.4472135954999643,0.4472135954999643
G0,W0082F0002T0006Z000C1N20.png,40,3.3135467156409195,3.3135467156409195
G0,W0082F0003T0006Z000C1N26.png,1,0.37482778414706036,0.37482778414706036
G0,W0082F0003T0006Z000C1N26.png,2,0.40625,0.40625
G0,W0082F0003T0006Z000C1N26.png,3,3.5355339059327378,3.5355339059327378
G0,W0082F0003T0006Z000C1N26.png,4,7.683179680314654,7.683179680314654
G0,W0082F0003T0006Z000C1N26.png,5,0.28327886186626694,0.28327886186626694
G0,W0082F0003T0006Z000C1N26.png,6,0.5,0.5
G0,W0082F0003T0006Z000C1N26.png,7,0.3748277841470638,0.3748277841470638
G0,W0082F0003T0006Z000C1N26.png,8,0.4472135954999643,0.4472135954999643
G0,W0082F0003T0006Z000C1N26.png,9,0.0,0.0
G0,W0082F0003T0006Z000C1N26.png,10,0.0,0.0
G0,W0082F0003T0006Z000C1N26.png,11,11.178953809031624,11.178953809031624
G0,W0082F0003T0006Z000C1N26.png,12,4.0,4.0
G0,W0082F0003T0006Z000C1N26.png,13,0.7071067811865476,0.7071067811865476
G0,W0082F0003T0006Z000C1N26.png,14,0.48650425541052494,0.48650425541052494
G0,W0082F0003T0006Z000C1N26.png,15,0.2357022603955175,0.2357022603955175
G0,W0082F0003T0006Z000C1N26.png,16,0.5385164807134515,0.5385164807134515
G0,W0082F0003T0006Z000C1N26.png,17,12.445436468396307,12.445436468396307
G0,W0082F0003T0006Z000C1N26.png,18,0.5385164807134502,0.5385164807134502
G0,W0082F0003T0006Z000C1N26.png,19,0.5892556509887963,0.5892556509887963
G0,W0082F0003T0006Z000C1N26.png,20,0.3535533905932738,0.3535533905932738
G0,W0082F0003T0006Z000C1N26.png,21,0.3846153846153868,0.3846153846153868
G0,W0082F0003T0006Z000C1N26.png,22,7.005828477279559,7.005828477279559
G0,W0082F0003T0006Z000C1N26.png,23,0.3333333333333286,0.3333333333333286
G0,W0082F0003T0006Z000C1N26.png,24,0.5385164807134515,0.5385164807134515
G0,W0082F0003T0006Z000C1N26.png,25,0.582102203402985,0.582102203402985
G0,W0082F0003T0006Z000C1N26.png,26,0.5954583420518264,0.5954583420518264
G0,W0082F0003T0006Z000C1N26.png,27,0.2426703296426838,0.2426703296426838
G0,W0082F0003T0006Z000C1N26.png,28,2.7180425129200647,2.7180425129200647
G0,W0082F0003T0006Z000C1N26.png,29,0.47140452079103,0.47140452079103
G0,W0082F0003T0006Z000C1N26.png,30,0.41649656391752177,0.41649656391752177
G0,W0082F0003T0006Z000C1N26.png,31,0.4472135954999579,0.4472135954999579
G0,W0082F0003T0006Z000C1N26.png,32,0.47140452079102496,0.47140452079102496
G0,W0082F0003T0006Z000C1N26.png,33,0.5,0.5
G0,W0082F0003T0006Z000C1N26.png,34,5.816935163286387,5.816935163286387
G0,W0082F0003T0006Z000C1N26.png,35,0.34940670859468315,0.34940670859468315
G0,W0082F0003T0006Z000C1N26.png,36,0.26755391720572613,0.26755391720572613
G0,W0082F0003T0006Z000C1N26.png,37,5.169354139756934,5.169354139756934
G0,W0082F0003T0006Z000C1N26.png,38,13.536986370680884,13.536986370680884
G0,W0082F0003T0006Z000C1N26.png,39,7.810249675906654,7.810249675906654
G0,W0082F0003T0006Z000C1N26.png,40,0.2857142857142847,0.2857142857142847
G0,W0082F0003T0006Z000C1N26.png,41,0.9411961423418045,0.9411961423418045
G0,W0082F0003T0006Z000C1N26.png,42,3.224903099319423,3.224903099319423
G0,W0082F0003T0006Z000C1N26.png,43,0.3985741344838126,0.3985741344838126
G0,W0082F0003T0006Z000C1N26.png,44,9.5524865872714,9.5524865872714
G0,W0082F0003T0006Z000C1N26.png,45,14.849242404917497,14.849242404917497
G0,W0082F0003T0006Z000C1N26.png,46,36.40054944640259,36.40054944640259
G0,W0082F0003T0006Z000C1N26.png,47,31.699159842082206,31.699159842082206
G0,W0082F0001T0006Z000C1N79.png,1,20.245388108035133,33.90641488589145
G0,W0082F0001T0006Z000C1N79.png,2,2.23606797749979,21.18962010041709
G0,W0082F0001T0006Z000C1N79.png,3,40.10264607506869,42.08193066969348
G0,W0082F0001T0006Z000C1N79.png,4,0.5,1.118033988749895
G0,W0082F0001T0006Z000C1N79.png,5,0.7071067811865476,0.7071067811865476
G0,W0082F0001T0006Z000C1N79.png,6,8.109266556331262,12.802463092096373
G0,W0082F0001T0006Z000C1N79.png,7,7.732008187869691,14.598537048301017
G0,W0082F0001T0006Z000C1N79.png,8,3.1622776601683795,10.44030650891055
G0,W0082F0001T0006Z000C1N79.png,9,0.40470604424511036,0.40470604424511036
G0,W0082F0001T0006Z000C1N79.png,10,0.0,0.0
G0,W0082F0001T0006Z000C1N79.png,11,1.5,1.5
G0,W0082F0001T0006Z000C1N79.png,12,0.3644344934278313,0.3644344934278313
G0,W0082F0001T0006Z000C1N79.png,13,1.1319231422671772,1.1319231422671772
G0,W0082F0001T0006Z000C1N79.png,14,0.23570226039551248,0.23570226039551248
G0,W0082F0001T0006Z000C1N79.png,15,0.4472135954999579,0.4472135954999579
G0,W0082F0001T0006Z000C1N79.png,16,0.48534065928536957,0.48534065928536957
G0,W0082F0001T0006Z000C1N79.png,17,0.2857142857142776,0.2857142857142776
G0,W0082F0001T0006Z000C1N79.png,18,5.0039984012787215,5.0039984012787215
G0,W0082F0001T0006Z000C1N79.png,19,1.4726299783905132,1.4726299783905132
G0,W0082F0001T0006Z000C1N79.png,20,11.10180165558726,12.5
G0,W0082F0001T0006Z000C1N79.png,21,4.249182927993988,5.892556509887898
G0,W0082F0001T0006Z000C1N79.png,22,0.1767766952966369,0.1767766952966369
G0,W0082F0001T0006Z000C1N79.png,23,7.715428740639029,10.779026631378363
G0,W0082F0001T0006Z000C1N79.png,24,3.905124837953327,3.905124837953327
G0,W0082F0001T0006Z000C1N79.png,25,12.720062892926277,13.805795884337849
G0,W0082F0001T0006Z000C1N79.png,26,0.745355992499932,0.745355992499932
G0,W0082F0001T0006Z000C1N79.png,27,21.78072542409917,21.78072542409917
G0,W0082F0001T0006Z000C1N79.png,28,10.899354034407128,10.899354034407128
G0,W0082F0001T0006Z000C1N79.png,29,8.849569418493395,14.453481040457042
G0,W0082F0001T0006Z000C1N79.png,30,8.300676753608776,8.300676753608776
G0,W0082F0001T0006Z000C1N79.png,31,12.886523968859873,12.886523968859873
G0,W0082F0001T0006Z000C1N79.png,32,6.8761362697375334,9.043298623842961
G0,W0082F0001T0006Z000C1N45.png,1,17.0,60.00833275470999
G0,W0082F0001T0006Z000C1N45.png,2,27.018512172212592,61.68468205316454
G0,W0082F0001T0006Z000C1N45.png,3,0.2857142857142865,0.2857142857142865
G0,W0082F0001T0006Z000C1N45.png,4,30.002463933099442,57.883864603625696
G0,W0082F0001T0006Z000C1N45.png,5,20.886598574205422,44.37623237725348
G0,W0082F0001T0006Z000C1N45.png,6,27.470711676256222,59.32486831000976
G0,W0082F0001T0006Z000C1N45.png,7,0.0,0.0
G0,W0082F0001T0006Z000C1N45.png,8,12.23688646290887,44.629730212914694
G0,W0082F0001T0006Z000C1N45.png,9,3.5,3.5
G0,W0082F0001T0006Z000C1N45.png,10,0.0,0.0
G0,W0082F0001T0006Z000C1N45.png,11,18.721645226849056,25.739075352467502
G0,W0082F0001T0006Z000C1N45.png,12,0.0,0.0
G0,W0082F0001T0006Z000C1N45.png,13,0.5049185755644671,0.5049185755644671
G0,W0082F0001T0006Z000C1N45.png,14,17.155538464297763,28.014505171428603
G0,W0082F0001T0006Z000C1N45.png,15,5.835379412905556,9.108278860556087
G0,W0082F0001T0006Z000C1N45.png,16,11.267594139209598,13.703169688219308
G0,W0082F0001T0006Z000C1N45.png,17,23.256756784021086,27.059380433491896
G0,W0082F0001T0006Z000C1N51.png,1,0.7673071944003361,0.7673071944003361
G0,W0082F0001T0006Z000C1N51.png,2,52.75625292059911,111.08205175554791
G0,W0082F0001T0006Z000C1N51.png,3,88.34056574165434,99.5157720609597
G0,W0082F0001T0006Z000C1N51.png,4,93.86912816863965,101.02994401055986
G0,W0082F0001T0006Z000C1N51.png,5,44.9694340635948,104.2988494663292
G0,W0082F0001T0006Z000C1N51.png,6,54.740295943664755,140.77819433420788
G0,W0082F0001T0006Z000C1N51.png,7,71.80955716337486,106.27423253075038
G0,W0082F0001T0006Z000C1N51.png,8,85.85219857406098,113.89907813498755
G0,W0082F0001T0006Z000C1N51.png,9,63.502405903678614,150.27271505129895
G0,W0082F0001T0006Z000C1N51.png,10,51.44171459039833,121.31055189059194
G0,W0082F0001T0006Z000C1N50.png,1,49.21010413553776,63.20228703039611
G0,W0082F0001T0006Z000C1N50.png,2,26.879360111431225,41.83897704294406
G0,W0082F0001T0006Z000C1N50.png,3,41.10960958218893,82.365041127896
G0,W0082F0001T0006Z000C1N50.png,4,0.8489188802860492,0.8489188802860492
G0,W0082F0001T0006Z000C1N50.png,5,28.992336152086047,28.992336152086047
G0,W0082F0001T0006Z000C1N50.png,6,29.567718883945037,32.190837205639745
G0,W0082F0001T0006Z000C1N50.png,7,0.12856486930664865,0.12856486930664865
G0,W0082F0001T0006Z000C1N50.png,8,30.516389039334257,47.6366455578056
G0,W0082F0001T0006Z000C1N50.png,9,50.41480993938675,68.09507159486803
G0,W0082F0001T0006Z000C1N78.png,1,5.0990195135927845,5.0990195135927845
G0,W0082F0001T0006Z000C1N78.png,2,1.8027756377319946,1.8027756377319946
G0,W0082F0001T0006Z000C1N78.png,3,0.0,0.0
G0,W0082F0001T0006Z000C1N78.png,4,8.51795489278709,8.51795489278709
G0,W0082F0001T0006Z000C1N78.png,5,0.35978388574871534,0.35978388574871534
G0,W0082F0001T0006Z000C1N78.png,6,0.20000000000000284,0.20000000000000284
G0,W0082F0001T0006Z000C1N78.png,7,0.2592592592592595,0.2592592592592595
G0,W0082F0001T0006Z000C1N78.png,8,0.12856486930664865,0.12856486930664865
G0,W0082F0001T0006Z000C1N78.png,9,1.0,1.0
G0,W0082F0001T0006Z000C1N78.png,10,0.2857142857142918,0.2857142857142918
G0,W0082F0001T0006Z000C1N78.png,11,0.1767766952966369,0.1767766952966369
G0,W0082F0001T0006Z000C1N78.png,12,0.5261336417646545,0.5261336417646545
G0,W0082F0001T0006Z000C1N78.png,13,0.4361762289887378,0.4361762289887378
G0,W0082F0001T0006Z000C1N78.png,14,0.5,0.5
G0,W0082F0001T0006Z000C1N78.png,15,2.408318915758458,2.408318915758458
G0,W0082F0001T0006Z000C1N78.png,16,0.20000000000000284,0.20000000000000284
G0,W0082F0001T0006Z000C1N78.png,17,0.7071067811865476,0.7071067811865476
G0,W0082F0001T0006Z000C1N78.png,18,0.0,0.0
G0,W0082F0001T0006Z000C1N78.png,19,0.5,0.5
G0,W0082F0001T0006Z000C1N78.png,20,1.5811388300841898,1.5811388300841898
G0,W0082F0001T0006Z000C1N78.png,21,0.19633836312465067,0.19633836312465067
G0,W0082F0001T0006Z000C1N78.png,22,0.4164965639175291,0.4164965639175291
G0,W0082F0001T0006Z000C1N78.png,23,0.37267799624996284,0.37267799624996284
G0,W0082F0001T0006Z000C1N78.png,24,0.4472135954999643,0.4472135954999643
G0,W0082F0001T0006Z000C1N78.png,25,0.7071067811865476,0.7071067811865476
G0,W0082F0001T0006Z000C1N78.png,26,0.5153882032022076,0.5153882032022076
G0,W0082F0001T0006Z000C1N78.png,27,5.024937810560445,5.024937810560445
G0,W0082F0001T0006Z000C1N78.png,28,2.804317658694211,2.804317658694211
G0,W0082F0001T0006Z000C1N78.png,29,0.5,0.5
G0,W0082F0001T0006Z000C1N78.png,30,0.11180339887498314,0.11180339887498314
G0,W0082F0001T0006Z000C1N78.png,31,0.49999999999999717,0.49999999999999717
G0,W0082F0001T0006Z000C1N78.png,32,0.4853406592853715,0.4853406592853715
G0,W0082F0001T0006Z000C1N78.png,33,0.40199419599168157,0.40199419599168157
G0,W0082F0001T0006Z000C1N78.png,34,0.5153882032022076,0.5153882032022076
G0,W0082F0001T0006Z000C1N78.png,35,0.41391616459699876,0.41391616459699876
G0,W0082F0001T0006Z000C1N78.png,36,0.5800906742151783,0.5800906742151783
G0,W0082F0001T0006Z000C1N78.png,37,5.553332888711027,5.553332888711027
G0,W0082F0001T0006Z000C1N78.png,38,0.48275893097605016,0.48275893097605016
G0,W0082F0001T0006Z000C1N78.png,39,0.47140452079102496,0.47140452079102496
G0,W0082F0001T0006Z000C1N78.png,40,0.5758755534498924,0.5758755534498924
G0,W0082F0001T0006Z000C1N78.png,41,15.431012383191106,15.431012383191106
G0,W0082F0001T0006Z000C1N78.png,42,5.099019513592781,5.099019513592781
G0,W0082F0001T0006Z000C1N78.png,43,9.253377761660873,9.253377761660873
G0,W0082F0003T0006Z000C1N27.png,1,0.5,0.5
G0,W0082F0003T0006Z000C1N27.png,2,4.596194077712559,4.596194077712559
G0,W0082F0003T0006Z000C1N27.png,3,1.1213369028548694,1.1213369028548694
G0,W0082F0003T0006Z000C1N27.png,4,4.47213595499958,4.47213595499958
G0,W0082F0003T0006Z000C1N27.png,5,4.773011188177658,4.773011188177658
G0,W0082F0003T0006Z000C1N27.png,6,4.74473392299294,4.74473392299294
G0,W0082F0003T0006Z000C1N27.png,7,4.527692569068709,4.527692569068709
G0,W0082F0003T0006Z000C1N27.png,8,3.8042374035044393,3.8042374035044393
G0,W0082F0003T0006Z000C1N27.png,9,0.3429971702850177,0.3429971702850177
G0,W0082F0003T0006Z000C1N27.png,10,0.15676309893321788,0.15676309893321788
G0,W0082F0003T0006Z000C1N27.png,11,0.4472135954999643,0.4472135954999643
G0,W0082F0003T0006Z000C1N27.png,12,2.23606797749979,2.23606797749979
G0,W0082F0003T0006Z000C1N27.png,13,0.5,0.5
G0,W0082F0003T0006Z000C1N27.png,14,0.7071067811865476,0.7071067811865476
G0,W0082F0003T0006Z000C1N27.png,15,6.403124237432854,6.403124237432854
G0,W0082F0003T0006Z000C1N27.png,16,5.948856099191586,5.948856099191586
G0,W0082F0003T0006Z000C1N27.png,17,1.7505684208046146,1.7505684208046146
G0,W0082F0003T0006Z000C1N27.png,18,1.1785113019775775,1.1785113019775775
G0,W0082F0003T0006Z000C1N27.png,19,4.0,4.0
G0,W0082F0003T0006Z000C1N27.png,20,0.7905694150420949,0.7905694150420949
G0,W0082F0003T0006Z000C1N27.png,21,0.0,0.0
G0,W0082F0003T0006Z000C1N27.png,22,0.37267799624997555,0.37267799624997555
G0,W0082F0003T0006Z000C1N27.png,23,2.8284271247461903,2.8284271247461903
G0,W0082F0003T0006Z000C1N27.png,24,8.249579113843053,8.249579113843053
G0,W0082F0003T0006Z000C1N27.png,25,0.23570226039552256,0.23570226039552256
G0,W0082F0003T0006Z000C1N27.png,26,0.47140452079102496,0.47140452079102496
G0,W0082F0003T0006Z000C1N27.png,27,0.4640895802358048,0.4640895802358048
G0,W0082F0003T0006Z000C1N27.png,28,0.35136418446314976,0.35136418446314976
G0,W0082F0003T0006Z000C1N27.png,29,0.3076923076923066,0.3076923076923066
G0,W0082F0003T0006Z000C1N27.png,30,0.4472135954999579,0.4472135954999579
G0,W0082F0003T0006Z000C1N27.png,31,0.4853406592853715,0.4853406592853715
G0,W0082F0003T0006Z000C1N27.png,32,0.5,0.5
G0,W0082F0003T0006Z000C1N27.png,33,4.123105625617661,4.123105625617661
G0,W0082F0003T0006Z000C1N27.png,34,6.386013109515435,6.386013109515435
G0,W0082F0003T0006Z000C1N27.png,35,0.0,0.0
G0,W0082F0003T0006Z000C1N27.png,36,0.25,0.25
G0,W0082F0003T0006Z000C1N27.png,37,0.3194382824999736,0.3194382824999736
G0,W0082F0003T0006Z000C1N27.png,38,0.5017666542482516,0.5017666542482516
G0,W0082F0003T0006Z000C1N27.png,39,0.471404520791035,0.471404520791035
G0,W0082F0003T0006Z000C1N27.png,40,5.28015151297764,5.28015151297764
G0,W0082F0003T0006Z000C1N27.png,41,0.94339811320567,0.94339811320567
G0,W0082F0003T0006Z000C1N27.png,42,8.138462256546664,8.138462256546664
G0,W0082F0003T0006Z000C1N27.png,43,0.6965680875490319,0.6965680875490319
G0,W0082F0003T0006Z000C1N33.png,1,0.7071067811865476,0.7071067811865476
G0,W0082F0003T0006Z000C1N33.png,2,2.4413111231467437,2.4413111231467437
G0,W0082F0003T0006Z000C1N33.png,3,0.3642156795423384,0.3642156795423384
G0,W0082F0003T0006Z000C1N33.png,4,0.5,0.5
G0,W0082F0003T0006Z000C1N33.png,5,0.5,0.5
G0,W0082F0003T0006Z000C1N33.png,6,0.4140866624999588,0.4140866624999588
G0,W0082F0003T0006Z000C1N33.png,7,0.32394177193584706,0.32394177193584706
G0,W0082F0003T0006Z000C1N33.png,8,1.1794537341969458,1.1794537341969458
G0,W0082F0003T0006Z000C1N33.png,9,0.5,0.5
G0,W0082F0003T0006Z000C1N33.png,10,0.5,0.5
G0,W0082F0003T0006Z000C1N33.png,11,5.603570290448754,5.603570290448754
G0,W0082F0003T0006Z000C1N33.png,12,0.1767766952966369,0.1767766952966369
G0,W0082F0003T0006Z000C1N33.png,13,3.3499585403736316,3.3499585403736316
G0,W0082F0003T0006Z000C1N33.png,14,0.479157423749954,0.479157423749954
G0,W0082F0003T0006Z000C1N33.png,15,0.2857142857142847,0.2857142857142847
G0,W0082F0003T0006Z000C1N33.png,16,0.46584749531245195,0.46584749531245195
G0,W0082F0003T0006Z000C1N33.png,17,0.5656854249492461,0.5656854249492461
G0,W0082F0003T0006Z000C1N33.png,18,0.5303300858899106,0.5303300858899106
G0,W0082F0003T0006Z000C1N33.png,19,0.4742504557822629,0.4742504557822629
G0,W0082F0003T0006Z000C1N33.png,20,0.17755657133603733,0.17755657133603733
G0,W0082F0003T0006Z000C1N33.png,21,0.0,0.0
G0,W0082F0003T0006Z000C1N33.png,22,0.5423261445466435,0.5423261445466435
G0,W0082F0003T0006Z000C1N33.png,23,19.79898987322333,19.79898987322333
G0,W0082F0003T0006Z000C1N33.png,24,3.82564446277428,3.82564446277428
G0,W0082F0003T0006Z000C1N33.png,25,3.5,3.5
G0,W0082F0003T0006Z000C1N33.png,26,3.2744804507314065,3.2744804507314065
G0,W0082F0003T0006Z000C1N33.png,27,6.082762530298219,6.082762530298219
G0,W0082F0003T0006Z000C1N33.png,28,0.25,0.25
G0,W0082F0003T0006Z000C1N33.png,29,0.7071067811865476,0.7071067811865476
G0,W0082F0003T0006Z000C1N33.png,30,0.4153508869738191,0.4153508869738191
G0,W0082F0003T0006Z000C1N33.png,31,2.1540659228538006,2.1540659228538006
G0,W0082F0003T0006Z000C1N33.png,32,0.0,0.0
G0,W0082F0003T0006Z000C1N33.png,33,0.2874797872880427,0.2874797872880427
G0,W0082F0003T0006Z000C1N33.png,34,0.471404520791035,0.471404520791035
G0,W0082F0003T0006Z000C1N33.png,35,0.5385164807134515,0.5385164807134515
G0,W0082F0003T0006Z000C1N33.png,36,0.5,0.5
G0,W0082F0003T0006Z000C1N8.png,1,11.485025780315658,11.485025780315658
G0,W0082F0003T0006Z000C1N8.png,2,1.0,1.0
G0,W0082F0003T0006Z000C1N8.png,3,0.5385164807134462,0.5385164807134462
G0,W0082F0003T0006Z000C1N8.png,4,1.1822066183715836,1.1822066183715836
G0,W0082F0003T0006Z000C1N8.png,5,0.45069390943299864,0.45069390943299864
G0,W0082F0003T0006Z000C1N8.png,6,0.7071067811865476,0.7071067811865476
G0,W0082F0003T0006Z000C1N8.png,7,0.5,0.5
G0,W0082F0003T0006Z000C1N8.png,8,0.3328713326492991,0.3328713326492991
G0,W0082F0003T0006Z000C1N8.png,9,0.26679684322637465,0.26679684322637465
G0,W0082F0003T0006Z000C1N8.png,10,0.4472135954999643,0.4472135954999643
G0,W0082F0003T0006Z000C1N8.png,11,0.5821022034029828,0.5821022034029828
G0,W0082F0003T0006Z000C1N8.png,12,0.5,0.5
G0,W0082F0003T0006Z000C1N8.png,13,0.7071067811865476,0.7071067811865476
G0,W0082F0003T0006Z000C1N8.png,14,0.23570226039551248,0.23570226039551248
G0,W0082F0003T0006Z000C1N8.png,15,0.6075940448341306,0.6075940448341306
G0,W0082F0003T0006Z000C1N8.png,16,0.2549509756796415,0.2549509756796415
G0,W0082F0003T0006Z000C1N8.png,17,0.47140452079102496,0.47140452079102496
G0,W0082F0003T0006Z000C1N8.png,18,0.0,0.0
G0,W0082F0003T0006Z000C1N8.png,19,0.44721359549995954,0.44721359549995954
G0,W0082F0003T0006Z000C1N8.png,20,0.5,0.5
G0,W0082F0003T0006Z000C1N8.png,21,0.23570226039552256,0.23570226039552256
G0,W0082F0003T0006Z000C1N8.png,22,3.3993463423951846,3.3993463423951846
G0,W0082F0003T0006Z000C1N8.png,23,0.23570226039552256,0.23570226039552256
G0,W0082F0003T0006Z000C1N8.png,24,0.47140452079102496,0.47140452079102496
G0,W0082F0003T0006Z000C1N8.png,25,0.41649656391751877,0.41649656391751877
G0,W0082F0003T0006Z000C1N8.png,26,0.5,0.5
G0,W0082F0003T0006Z000C1N8.png,27,6.251627007162729,6.251627007162729
G0,W0082F0003T0006Z000C1N8.png,28,0.5,0.5
G0,W0082F0003T0006Z000C1N8.png,29,13.45362404707371,13.45362404707371
G0,W0082F0003T0006Z000C1N8.png,30,8.06225774829855,8.06225774829855
G0,W0082F0003T0006Z000C1N8.png,31,8.013876853447542,8.013876853447542
G0,W0082F0003T0006Z000C1N8.png,32,0.7071067811865476,0.7071067811865476
G0,W0082F0003T0006Z000C1N8.png,33,12.879786057574444,13.097921802925672
G0,W0082F0003T0006Z000C1N8.png,34,12.142416217744241,12.142416217744241
G0,W0082F0003T0006Z000C1N8.png,35,0.8838834764831844,0.8838834764831844
G0,W0082F0002T0006Z000C1N123.png,1,67.62396025078685,84.50443775329198
G0,W0082F0002T0006Z000C1N123.png,2,2.1275255983658594,2.1275255983658594
G0,W0082F0002T0006Z000C1N123.png,3,5.134185582124539,23.368049639296743
G0,W0082F0002T0006Z000C1N123.png,4,0.42687494916219115,0.42687494916219115
G0,W0082F0002T0006Z000C1N123.png,5,20.52897404913855,40.74672892843482
G0,W0082F0002T0006Z000C1N123.png,6,27.4612454196819,58.90772445104292
G0,W0082F0002T0006Z000C1N123.png,7,4.346134936801761,46.96334267868457
G0,W0082F0002T0006Z000C1N123.png,8,14.422205101855955,45.14864339047188
G0,W0082F0002T0006Z000C1N123.png,9,16.92694907354162,50.167158850790955
G0,W0082F0002T0006Z000C1N123.png,10,7.602631123499279,42.10700654285459
G0,W0082F0002T0006Z000C1N123.png,11,11.40175425099138,79.2464510246358
G0,W0082F0002T0006Z000C1N123.png,12,11.981982358298136,19.079107570298262
G0,W0082F0002T0006Z000C1N123.png,13,8.753570700005799,8.753570700005799
G0,W0082F0002T0006Z000C1N123.png,14,40.79012526980798,52.61679035459056
G0,W0082F0002T0006Z000C1N123.png,15,0.41294635409217667,0.41294635409217667
G0,W0082F0002T0006Z000C1N123.png,16,33.10966626228661,33.10966626228661
G0,W0082F0002T0006Z000C1N123.png,17,43.34643676528571,43.34643676528571
G0,W0082F0002T0006Z000C1N135.png,1,0.5385164807134515,0.5385164807134515
G0,W0082F0002T0006Z000C1N135.png,2,1.6445060048537374,1.6445060048537374
G0,W0082F0002T0006Z000C1N135.png,3,33.443938784481084,60.54080730476284
G0,W0082F0002T0006Z000C1N135.png,4,12.792895030652996,25.033141298392938
G0,W0082F0002T0006Z000C1N135.png,5,23.71181140275875,34.09178786746157
G0,W0082F0002T0006Z000C1N135.png,6,25.811818998280614,49.681485485037584
G0,W0082F0002T0006Z000C1N135.png,7,11.10180165558726,28.040149785619906
G0,W0082F0002T0006Z000C1N135.png,8,67.35725647619564,89.19641248391103
G0,W0082F0002T0006Z000C1N135.png,9,25.179356624028344,49.57822102496216
G0,W0082F0002T0006Z000C1N135.png,10,36.287647876787936,67.0987923429647
G0,W0082F0002T0006Z000C1N135.png,11,9.043490599443462,55.72657704263639
G0,W0082F0002T0006Z000C1N135.png,12,78.80672560130893,116.28628465988584
G0,W0082F0002T0006Z000C1N135.png,13,76.36058391284213,116.03913836569566
G0,W0082F0002T0006Z000C1N121.png,1,8.771475104576433,8.771475104576433
G0,W0082F0002T0006Z000C1N121.png,2,0.4472135954999579,0.4472135954999579
G0,W0082F0002T0006Z000C1N121.png,3,0.5555555555555515,0.5555555555555515
G0,W0082F0002T0006Z000C1N121.png,4,0.7071067811865476,0.7071067811865476
G0,W0082F0002T0006Z000C1N121.png,5,0.49497474683058024,0.49497474683058024
G0,W0082F0002T0006Z000C1N121.png,6,0.3717477210599528,0.3717477210599528
G0,W0082F0002T0006Z000C1N121.png,7,0.2857142857142918,0.2857142857142918
G0,W0082F0002T0006Z000C1N121.png,8,0.05263157894736992,0.05263157894736992
G0,W0082F0002T0006Z000C1N121.png,9,0.5,0.5
G0,W0082F0002T0006Z000C1N121.png,10,12.36931687685298,12.36931687685298
G0,W0082F0002T0006Z000C1N121.png,11,9.433981132056603,9.433981132056603
G0,W0082F0002T0006Z000C1N121.png,12,1.6481089089555205,1.6481089089555205
G0,W0082F0002T0006Z000C1N121.png,13,0.3748277841470638,0.3748277841470638
G0,W0082F0002T0006Z000C1N121.png,14,0.0,0.0
G0,W0082F0002T0006Z000C1N121.png,15,0.47140452079103,0.47140452079103
G0,W0082F0002T0006Z000C1N121.png,16,0.47140452079103,0.47140452079103
G0,W0082F0002T0006Z000C1N121.png,17,0.818181818181813,0.818181818181813
G0,W0082F0002T0006Z000C1N121.png,18,0.17093392757666684,0.17093392757666684
G0,W0082F0002T0006Z000C1N121.png,19,5.0990195135927845,5.0990195135927845
G0,W0082F0002T0006Z000C1N121.png,20,0.471404520791033,0.471404520791033
G0,W0082F0002T0006Z000C1N121.png,21,0.5884389414473158,0.5884389414473158
G0,W0082F0002T0006Z000C1N121.png,22,0.3748277841470569,0.3748277841470569
G0,W0082F0002T0006Z000C1N121.png,23,0.08944271909999287,0.08944271909999287
G0,W0082F0002T0006Z000C1N121.png,24,0.6625757120070912,0.6625757120070912
G0,W0082F0002T0006Z000C1N121.png,25,0.31622776601683567,0.31622776601683567
G0,W0082F0002T0006Z000C1N121.png,26,0.5,0.5
G0,W0082F0002T0006Z000C1N121.png,27,0.47140452079102496,0.47140452079102496
G0,W0082F0002T0006Z000C1N121.png,28,0.7071067811865476,0.7071067811865476
G0,W0082F0002T0006Z000C1N121.png,29,0.5,0.5
G0,W0082F0002T0006Z000C1N121.png,30,0.4742504557822629,0.4742504557822629
G0,W0082F0002T0006Z000C1N121.png,31,0.9013878188659973,0.9013878188659973
G0,W0082F0002T0006Z000C1N121.png,32,0.0,0.0
G0,W0082F0002T0006Z000C1N121.png,33,0.7453559924999257,0.7453559924999257
G0,W0082F0002T0006Z000C1N121.png,34,2.8284271247461903,2.8284271247461903
G0,W0082F0002T0006Z000C1N121.png,35,0.48650425541052716,0.48650425541052716
G0,W0082F0002T0006Z000C1N121.png,36,3.9015666369065443,3.9015666369065443
G0,W0082F0002T0006Z000C1N121.png,37,0.5385164807134515,0.5385164807134515
G0,W0082F0002T0006Z000C1N121.png,38,0.35136418446314976,0.35136418446314976
G0,W0082F0002T0006Z000C1N121.png,39,0.15971914124998043,0.15971914124998043
G0,W0082F0002T0006Z000C1N121.png,40,0.2243818669639381,0.2243818669639381
G0,W0082F0002T0006Z000C1N121.png,41,0.4472135954999579,0.4472135954999579
G0,W0082F0002T0006Z000C1N121.png,42,0.47140452079103,0.47140452079103
G0,W0082F0002T0006Z000C1N121.png,43,0.0,0.0
G0,W0082F0002T0006Z000C1N121.png,44,0.40084975901273917,0.40084975901273917
G0,W0082F0002T0006Z000C1N121.png,45,4.272001872658765,4.272001872658765
G0,W0082F0002T0006Z000C1N121.png,46,15.524174696260024,15.524174696260024
G0,W0082F0002T0006Z000C1N121.png,47,3.8470768123342665,3.8470768123342665
G0,W0082F0002T0006Z000C1N121.png,48,3.0,3.0
G0,W0082F0002T0006Z000C1N121.png,49,11.503912377969506,11.503912377969506
G0,W0082F0002T0006Z000C1N121.png,50,26.90724809414742,26.90724809414742
G0,W0082F0002T0006Z000C1N109.png,1,7.520804478245662,8.459462157844316
G0,W0082F0002T0006Z000C1N109.png,2,0.4779069592801422,0.4779069592801422
G0,W0082F0002T0006Z000C1N109.png,3,0.7453559924999298,0.7453559924999298
G0,W0082F0002T0006Z000C1N109.png,4,0.3513641844631529,0.3513641844631529
G0,W0082F0002T0006Z000C1N109.png,5,0.4881406047441659,0.4881406047441659
G0,W0082F0002T0006Z000C1N109.png,6,0.5385164807134504,0.5385164807134504
G0,W0082F0002T0006Z000C1N109.png,7,0.3578095606057764,0.3578095606057764
G0,W0082F0002T0006Z000C1N109.png,8,3.2015621187164243,4.031128874149275
G0,W0082F0002T0006Z000C1N109.png,9,0.44721359549996276,0.44721359549996276
G0,W0082F0002T0006Z000C1N109.png,10,1.8621105287554145,1.8621105287554145
G0,W0082F0002T0006Z000C1N109.png,11,4.0607881008493925,6.744627491566898
G0,W0082F0002T0006Z000C1N109.png,12,0.7203496315556889,0.7203496315556889
G0,W0082F0002T0006Z000C1N109.png,13,0.44721359549996276,0.44721359549996276
G0,W0082F0002T0006Z000C1N109.png,14,0.4055175020198869,0.4055175020198869
G0,W0082F0002T0006Z000C1N109.png,15,2.786272350196128,11.333826419253787
G0,W0082F0002T0006Z000C1N109.png,16,0.0,1.0
G0,W0082F0002T0006Z000C1N109.png,17,0.5,0.5
G0,W0082F0002T0006Z000C1N109.png,18,9.433981132056603,12.041594578792296
G0,W0082F0002T0006Z000C1N109.png,19,6.871842709362769,8.439325934114777
G0,W0082F0002T0006Z000C1N109.png,20,0.5439282932204242,0.5439282932204242
G0,W0082F0002T0006Z000C1N109.png,21,5.656854249492381,11.40175425099138
G0,W0082F0002T0006Z000C1N109.png,22,9.357112565078802,9.357112565078802
G0,W0082F0002T0006Z000C1N109.png,23,0.3049106779729945,0.3049106779729945
G0,W0082F0002T0006Z000C1N109.png,24,7.7781745930520225,9.192388155425117
G0,W0082F0002T0006Z000C1N109.png,25,7.565144080496931,7.654739794553053
G0,W0082F0002T0006Z000C1N109.png,26,0.6156435764567959,0.6156435764567959
G0,W0082F0002T0006Z000C1N109.png,27,0.8702852691526708,0.8702852691526708
G0,W0082F0002T0006Z000C1N109.png,28,13.536617007214176,16.230834852218788
G0,W0082F0002T0006Z000C1N109.png,29,0.5,0.5
G0,W0082F0002T0006Z000C1N109.png,30,19.704060495238032,21.360009363293827
G0,W0082F0002T0006Z000C1N109.png,31,14.035668847618199,15.231546211727817
G0,W0082F0002T0006Z000C1N109.png,32,5.656854249492381,5.656854249492381
G0,W0082F0002T0006Z000C1N109.png,33,3.605551275463989,4.123105625617661
G0,W0082F0002T0006Z000C1N109.png,34,0.12422599874999185,0.12422599874999185
G0,W0082F0002T0006Z000C1N109.png,35,1.118033988749895,1.118033988749895
G0,W0082F0002T0006Z000C1N109.png,36,0.471404520791035,0.471404520791035
G0,W0082F0002T0006Z000C1N109.png,37,0.3513641844631565,0.3513641844631565
G0,W0082F0002T0006Z000C1N109.png,38,0.7071067811865476,0.7071067811865476
G0,W0082F0002T0006Z000C1N109.png,39,0.7071067811865476,0.7071067811865476
G0,W0082F0002T0006Z000C1N109.png,40,0.5,0.5
G0,W0082F0002T0006Z000C1N109.png,41,0.4472135954999643,0.4472135954999643
G0,W0082F0002T0006Z000C1N109.png,42,0.5821022034029828,0.5821022034029828
G0,W0082F0002T0006Z000C1N109.png,43,0.5,0.5
G0,W0082F0002T0006Z000C1N109.png,44,0.5385164807134515,0.5385164807134515
G0,W0082F0002T0006Z000C1N109.png,45,0.3513641844631565,0.3513641844631565
G0,W0082F0002T0006Z000C1N109.png,46,0.1863389981249846,0.1863389981249846
G0,W0082F0002T0006Z000C1N109.png,47,0.5,0.5
G0,W0082F0002T0006Z000C1N109.png,48,0.25,0.25
G0,W0082F0002T0006Z000C1N109.png,49,0.5,0.5
G0,W0082F0002T0006Z000C1N109.png,50,0.5,0.5
G0,W0082F0002T0006Z000C1N109.png,51,0.7071067811865476,0.7071067811865476
G0,W0082F0002T0006Z000C1N109.png,52,0.22360679774997896,0.22360679774997896
G0,W0082F0002T0006Z000C1N109.png,53,0.5,0.5
G0,W0082F0002T0006Z000C1N109.png,54,0.18633899812499094,0.18633899812499094
G0,W0082F0002T0006Z000C1N109.png,55,0.5,0.5
G0,W0082F0002T0006Z000C1N109.png,56,0.47140452079102496,0.47140452079102496
G0,W0082F0002T0006Z000C1N109.png,57,0.5,0.5
G0,W0082F0002T0006Z000C1N109.png,58,0.4472135954999643,0.4472135954999643
G0,W0082F0002T0006Z000C1N109.png,59,0.5758755534498994,0.5758755534498994
G0,W0082F0002T0006Z000C1N109.png,60,5.730643748984728,6.42964056365344
G0,W0082F0002T0006Z000C1N109.png,61,0.37267799624997555,0.37267799624997555
G0,W0082F0002T0006Z000C1N109.png,62,0.41666666666666285,0.41666666666666285
G0,W0082F0002T0006Z000C1N109.png,63,0.0,0.0
G0,W0082F0002T0006Z000C1N109.png,64,0.3529411764705941,0.3529411764705941
G0,W0082F0002T0006Z000C1N109.png,65,7.3824115301167,7.3824115301167
G0,W0082F0002T0006Z000C1N109.png,66,0.1767766952966369,0.1767766952966369
G0,W0082F0002T0006Z000C1N109.png,67,4.743416490252569,11.335784048754634
G0,W0082F0002T0006Z000C1N109.png,68,0.2857142857142918,0.2857142857142918
G0,W0082F0002T0006Z000C1N109.png,69,6.800735254367722,8.73212459828649
G0,W0082F0002T0006Z000C1N109.png,70,0.3748277841470569,0.3748277841470569
G0,W0082F0002T0006Z000C1N109.png,71,0.4472135954999643,0.4472135954999643
G0,W0082F0002T0006Z000C1N109.png,72,0.4714045207910451,0.4714045207910451
G0,W0082F0002T0006Z000C1N109.png,73,2.7082454786778216,2.7082454786778216
G0,W0082F0002T0006Z000C1N109.png,74,0.19999999999998863,0.19999999999998863
G0,W0082F0003T0006Z000C1N25.png,1,8.54400374531753,8.54400374531753
G0,W0082F0003T0006Z000C1N25.png,2,6.572100714715991,6.572100714715991
G0,W0082F0003T0006Z000C1N25.png,3,0.5474312658270716,0.5474312658270716
G0,W0082F0003T0006Z000C1N25.png,4,10.63014581273465,10.63014581273465
G0,W0082F0003T0006Z000C1N25.png,5,2.0615528128088303,2.0615528128088303
G0,W0082F0003T0006Z000C1N25.png,6,1.3743685418725546,1.3743685418725546
G0,W0082F0003T0006Z000C1N25.png,7,0.7071067811865476,0.7071067811865476
G0,W0082F0003T0006Z000C1N25.png,8,0.7071067811865476,0.7071067811865476
G0,W0082F0003T0006Z000C1N25.png,9,3.67045259092421,3.67045259092421
G0,W0082F0003T0006Z000C1N25.png,10,0.5,0.5
G0,W0082F0003T0006Z000C1N25.png,11,0.20000000000000284,0.20000000000000284
G0,W0082F0003T0006Z000C1N25.png,12,4.0,4.0
G0,W0082F0003T0006Z000C1N25.png,13,0.3440104580768895,0.3440104580768895
G0,W0082F0003T0006Z000C1N25.png,14,5.608635317388433,5.608635317388433
G0,W0082F0003T0006Z000C1N25.png,15,0.582102203402985,0.582102203402985
G0,W0082F0003T0006Z000C1N25.png,16,5.821416398857657,5.821416398857657
G0,W0082F0003T0006Z000C1N25.png,17,9.44033897696475,9.44033897696475
G0,W0082F0003T0006Z000C1N25.png,18,0.5,0.5
G0,W0082F0003T0006Z000C1N25.png,19,15.839472494022296,15.839472494022296
G0,W0082F0003T0006Z000C1N25.png,20,8.110564098754168,8.110564098754168
G0,W0082F0003T0006Z000C1N25.png,21,4.608327938692348,4.608327938692348
G0,W0082F0003T0006Z000C1N25.png,22,9.839712627833096,11.979321981007677
G0,W0082F0003T0006Z000C1N25.png,23,0.0,0.0
G0,W0082F0003T0006Z000C1N25.png,24,7.00582847727956,7.00582847727956
G0,W0082F0003T0006Z000C1N25.png,25,0.25,0.25
G0,W0082F0003T0006Z000C1N25.png,26,10.443299287102711,10.680004681646913
G0,W0082F0003T0006Z000C1N25.png,27,1.7950549357114955,1.7950549357114955
G0,W0082F0003T0006Z000C1N25.png,28,7.674022739085414,7.674022739085414
G0,W0082F0003T0006Z000C1N25.png,29,8.889952193347273,8.889952193347273
G0,W0082F0003T0006Z000C1N25.png,30,14.636332266733422,14.636332266733422
G0,W0082F0002T0006Z000C1N23.png,1,0.7071067811865476,0.7071067811865476
G0,W0082F0002T0006Z000C1N23.png,2,15.337861650177967,15.337861650177967
G0,W0082F0002T0006Z000C1N23.png,3,7.566372975210778,7.566372975210778
G0,W0082F0002T0006Z000C1N23.png,4,0.3277773886785479,0.3277773886785479
G0,W0082F0002T0006Z000C1N23.png,5,1.0,1.0
G0,W0082F0002T0006Z000C1N23.png,6,0.5037581669902023,0.5037581669902023
G0,W0082F0002T0006Z000C1N23.png,7,10.63014581273465,10.63014581273465
G0,W0082F0002T0006Z000C1N23.png,8,7.82293724296942,7.82293724296942
G0,W0082F0002T0006Z000C1N23.png,9,0.0,0.0
G0,W0082F0002T0006Z000C1N23.png,10,14.03399889553936,14.03399889553936
G0,W0082F0002T0006Z000C1N23.png,11,6.726812023536855,6.726812023536855
G0,W0082F0002T0006Z000C1N23.png,12,4.533823502911811,4.533823502911811
G0,W0082F0002T0006Z000C1N23.png,13,5.982969026106267,5.982969026106267
G0,W0082F0002T0006Z000C1N23.png,14,7.5,7.5
G0,W0082F0002T0006Z000C1N23.png,15,0.5,0.5
G0,W0082F0002T0006Z000C1N23.png,16,12.041594578792296,13.341664064126334
G0,W0082F0002T0006Z000C1N23.png,17,1.4337208778404429,1.4337208778404429
G0,W0082F0002T0006Z000C1N23.png,18,0.4055175020198863,0.4055175020198863
G0,W0082F0002T0006Z000C1N23.png,19,0.5590169943749475,0.5590169943749475
G0,W0082F0002T0006Z000C1N23.png,20,1.0,1.0
G0,W0082F0002T0006Z000C1N23.png,21,12.727922061357855,13.0
G0,W0082F0002T0006Z000C1N23.png,22,11.853269591129697,11.853269591129697
G0,W0082F0002T0006Z000C1N23.png,23,2.57390753524675,2.57390753524675
G0,W0082F0002T0006Z000C1N23.png,24,0.34409301068170767,0.34409301068170767
G0,W0082F0002T0006Z000C1N23.png,25,7.632168761236874,7.632168761236874
G0,W0082F0002T0006Z000C1N23.png,26,0.5,0.5
G0,W0082F0002T0006Z000C1N23.png,27,0.4472135954999643,0.4472135954999643
G0,W0082F0002T0006Z000C1N23.png,28,0.4472135954999579,0.4472135954999579
G0,W0082F0002T0006Z000C1N23.png,29,0.0,0.0
G0,W0082F0002T0006Z000C1N23.png,30,0.2857142857142776,0.2857142857142776
G0,W0082F0002T0006Z000C1N23.png,31,0.3748277841470569,0.3748277841470569
G0,W0082F0002T0006Z000C1N23.png,32,0.5,0.5
G0,W0082F0002T0006Z000C1N23.png,33,8.863940683716496,8.863940683716496
G0,W0082F0002T0006Z000C1N23.png,34,3.605551275463989,3.605551275463989
G0,W0082F0002T0006Z000C1N23.png,35,9.043298623842961,9.043298623842961
G0,W0082F0002T0006Z000C1N23.png,36,0.23570226039552256,0.23570226039552256
G0,W0082F0002T0006Z000C1N23.png,37,0.0,0.0
G0,W0082F0002T0006Z000C1N23.png,38,0.6245093198715436,0.6245093198715436
G0,W0082F0002T0006Z000C1N23.png,39,0.7071067811865476,0.7071067811865476
G0,W0082F0002T0006Z000C1N23.png,40,7.2710225274744715,7.302212955644797
G0,W0082F0002T0006Z000C1N23.png,41,0.0,0.0
G0,W0082F0002T0006Z000C1N23.png,42,0.41649656391752177,0.41649656391752177
G0,W0082F0002T0006Z000C1N23.png,43,0.4492371967646005,0.4492371967646005
G0,W0082F0002T0006Z000C1N23.png,44,8.74642784226795,8.860022573334678
G0,W0082F0002T0006Z000C1N23.png,45,2.23606797749979,2.23606797749979
G0,W0082F0002T0006Z000C1N23.png,46,0.5,0.5
G0,W0082F0002T0006Z000C1N23.png,47,0.5060191333554378,0.5060191333554378
G0,W0082F0002T0006Z000C1N23.png,48,8.901588692475068,10.415770794809188
G0,W0082F0002T0006Z000C1N23.png,49,0.471404520791035,0.471404520791035
G0,W0082F0002T0006Z000C1N23.png,50,4.045657788144662,4.045657788144662
G0,W0082F0002T0006Z000C1N23.png,51,10.95627673984186,10.95627673984186
G0,W0082F0002T0006Z000C1N37.png,1,13.808983182295707,81.09790277627864
G0,W0082F0002T0006Z000C1N37.png,2,102.29400031282383,132.59359901594044
G0,W0082F0002T0006Z000C1N37.png,3,27.542013361408422,78.90857051043315
G0,W0082F0002T0006Z000C1N37.png,4,77.88597107179135,108.80820047126926
G0,W0082F0002T0006Z000C1N37.png,5,22.29703218500995,65.07321644054416
G0,W0082F0002T0006Z000C1N37.png,6,27.408940147331492,71.68856254661549
G0,W0082F0002T0006Z000C1N37.png,7,15.546382215808281,56.08645112680958
G0,W0082F0002T0006Z000C1N37.png,8,55.056788863863105,79.33630946798571
G0,W0082F0002T0006Z000C1N37.png,9,23.43608329051593,56.77367347635698
G0,W0082F0002T0006Z000C1N37.png,10,6.723094525588642,27.323982140237174
G0,W0082F0002T0006Z000C1N37.png,11,1.0,9.055385138137417
G0,W0082F0002T0006Z000C1N37.png,12,53.02122216622322,53.02122216622322
G0,W0082F0002T0006Z000C1N37.png,13,0.4859126579037791,0.4859126579037791
G0,W0082F0002T0006Z000C1N37.png,14,37.22580024769962,42.546313301039426
G0,W0082F0002T0006Z000C1N37.png,15,25.22399651125888,28.376927247325423
G0,W0082F0003T0006Z000C1N31.png,1,11.661903789690601,11.661903789690601
G0,W0082F0003T0006Z000C1N31.png,2,0.25,0.25
G0,W0082F0003T0006Z000C1N31.png,3,1.5811388300841898,1.5811388300841898
G0,W0082F0003T0006Z000C1N31.png,4,4.743416490252569,5.522680508593631
G0,W0082F0003T0006Z000C1N31.png,5,6.726812023536855,6.726812023536855
G0,W0082F0003T0006Z000C1N31.png,6,1.5,1.5
G0,W0082F0003T0006Z000C1N31.png,7,0.4472135954999643,0.4472135954999643
G0,W0082F0003T0006Z000C1N31.png,8,8.805161224959532,8.805161224959532
G0,W0082F0003T0006Z000C1N31.png,9,20.912252725366216,20.912252725366216
G0,W0082F0003T0006Z000C1N31.png,10,10.927635752553972,10.927635752553972
G0,W0082F0003T0006Z000C1N31.png,11,0.1863389981249846,0.1863389981249846
G0,W0082F0003T0006Z000C1N31.png,12,0.745355992499932,0.745355992499932
G0,W0082F0003T0006Z000C1N31.png,13,0.1666666666666643,0.1666666666666643
G0,W0082F0003T0006Z000C1N31.png,14,4.6771179722080465,4.6771179722080465
G0,W0082F0003T0006Z000C1N31.png,15,0.35306336486838513,0.35306336486838513
G0,W0082F0003T0006Z000C1N31.png,16,15.846199570128048,15.846199570128048
G0,W0082F0003T0006Z000C1N31.png,17,1.0,1.0
G0,W0082F0003T0006Z000C1N31.png,18,12.269690547134797,12.269690547134797
G0,W0082F0003T0006Z000C1N31.png,19,7.969328960560767,7.969328960560767
G0,W0082F0003T0006Z000C1N31.png,20,0.75,0.75
G0,W0082F0003T0006Z000C1N31.png,21,0.3726779962499692,0.3726779962499692
G0,W0082F0003T0006Z000C1N31.png,22,8.54400374531753,8.54400374531753
G0,W0082F0003T0006Z000C1N31.png,23,20.38406740769939,20.38406740769939
G0,W0082F0003T0006Z000C1N31.png,24,1.393136175098067,1.393136175098067
G0,W0082F0003T0006Z000C1N31.png,25,2.8284271247461903,2.8284271247461903
G0,W0082F0003T0006Z000C1N31.png,26,9.219544457292887,9.219544457292887
G0,W0082F0003T0006Z000C1N31.png,27,16.1245154965971,16.1245154965971
G0,W0082F0003T0006Z000C1N31.png,28,0.8232168307397603,0.8232168307397603
G0,W0082F0003T0006Z000C1N31.png,29,13.038404810405298,13.038404810405298
G0,W0082F0003T0006Z000C1N31.png,30,21.058834008461115,21.058834008461115
G0,W0082F0003T0006Z000C1N31.png,31,14.5,14.5
G0,W0082F0003T0006Z000C1N19.png,1,10.504319122228084,11.79757710230217
G0,W0082F0003T0006Z000C1N19.png,2,4.743416490252569,15.443445211480501
G0,W0082F0003T0006Z000C1N19.png,3,4.320952762351458,17.070876334300603
G0,W0082F0003T0006Z000C1N19.png,4,0.0,0.0
G0,W0082F0003T0006Z000C1N19.png,5,4.766783215358363,4.766783215358363
G0,W0082F0003T0006Z000C1N19.png,6,0.15713484026368169,0.15713484026368169
G0,W0082F0003T0006Z000C1N19.png,7,0.5,0.5
G0,W0082F0003T0006Z000C1N19.png,8,7.826237921249264,11.280514172678478
G0,W0082F0003T0006Z000C1N19.png,9,0.4166666666666686,0.4166666666666686
G0,W0082F0003T0006Z000C1N19.png,10,0.7071067811865476,0.7071067811865476
G0,W0082F0003T0006Z000C1N19.png,11,0.47140452079103,8.673074554171796
G0,W0082F0003T0006Z000C1N19.png,12,0.5821022034029872,0.5821022034029872
G0,W0082F0003T0006Z000C1N19.png,13,4.301162633521313,6.519202405202649
G0,W0082F0003T0006Z000C1N19.png,14,0.5,0.5
G0,W0082F0003T0006Z000C1N19.png,15,0.5150787536377178,0.5150787536377178
G0,W0082F0003T0006Z000C1N19.png,16,6.020797289396148,6.020797289396148
G0,W0082F0003T0006Z000C1N19.png,17,0.5758755534498994,0.5758755534498994
G0,W0082F0003T0006Z000C1N19.png,18,0.5,5.220153254455275
G0,W0082F0003T0006Z000C1N19.png,19,10.66589169618464,10.66589169618464
G0,W0082F0003T0006Z000C1N19.png,20,0.35664725657854146,0.35664725657854146
G0,W0082F0003T0006Z000C1N19.png,21,0.15713484026368169,0.15713484026368169
G0,W0082F0003T0006Z000C1N19.png,22,0.5,0.5
G0,W0082F0003T0006Z000C1N19.png,23,0.0,12.165525060596439
G0,W0082F0003T0006Z000C1N19.png,24,18.560711193270585,18.560711193270585
G0,W0082F0003T0006Z000C1N19.png,25,0.47140452079102496,0.47140452079102496
G0,W0082F0003T0006Z000C1N19.png,26,0.6542006692330725,0.6542006692330725
G0,W0082F0003T0006Z000C1N19.png,27,25.22399651125888,25.22399651125888
G0,W0082F0003T0006Z000C1N19.png,28,0.6403124237432885,0.6403124237432885
G0,W0082F0003T0006Z000C1N19.png,29,0.5385164807134515,0.5385164807134515
G0,W0082F0003T0006Z000C1N19.png,30,0.5758755534498994,0.5758755534498994
G0,W0082F0003T0006Z000C1N19.png,31,0.0,0.0
G0,W0082F0003T0006Z000C1N19.png,32,5.426273532033245,5.426273532033245
G0,W0082F0003T0006Z000C1N19.png,33,0.45607017003965417,0.45607017003965417
G0,W0082F0003T0006Z000C1N19.png,34,0.4935069576486399,0.4935069576486399
G0,W0082F0003T0006Z000C1N19.png,35,16.418147141366333,16.418147141366333
G0,W0082F0003T0006Z000C1N19.png,36,0.20000000000000284,0.20000000000000284
G0,W0082F0003T0006Z000C1N19.png,37,1.8582585934148133,11.692011161472607
G0,W0082F0003T0006Z000C1N19.png,38,12.167412147508884,12.167412147508884
G0,W0082F0003T0006Z000C1N19.png,39,0.2857142857142847,0.2857142857142847
G0,W0082F0003T0006Z000C1N19.png,40,0.35600015605489266,0.35600015605489266
G0,W0082F0003T0006Z000C1N19.png,41,0.0,13.892443989449804
G0,W0082F0003T0006Z000C1N19.png,42,14.422205101855956,26.92582403567252
G0,W0082F0003T0006Z000C1N19.png,43,0.7142857142857082,1.040015698468647
G0,W0082F0003T0006Z000C1N19.png,44,4.124602487393466,13.95274210847742
G0,W0082F0003T0006Z000C1N19.png,45,5.5901699437494745,13.46291201783626
G0,W0082F0003T0006Z000C1N19.png,46,13.46291201783626,16.101242188104617
G0,W0082F0003T0006Z000C1N19.png,47,12.298373876248844,15.913830462839549
G0,W0082F0003T0006Z000C1N19.png,48,18.671956922311118,18.671956922311118
G0,W0082F0003T0006Z000C1N19.png,49,0.13636363636362603,0.13636363636362603
G0,W0082F0003T0006Z000C1N19.png,50,10.63014581273465,15.652475842498529
G0,W0082F0003T0006Z000C1N19.png,51,1.0,1.0
G0,W0082F0003T0006Z000C1N19.png,52,23.71181140275875,23.71181140275875
G0,W0082F0003T0006Z000C1N19.png,53,13.341664064126334,18.0
G0,W0082F0001T0006Z000C1N52.png,1,15.625762203631679,37.47840859896684
G0,W0082F0001T0006Z000C1N52.png,2,8.54400374531753,56.00892785976178
G0,W0082F0001T0006Z000C1N52.png,3,6.276941930590091,56.222771187482394
G0,W0082F0001T0006Z000C1N52.png,4,7.206856146073965,61.68418578136704
G0,W0082F0001T0006Z000C1N52.png,5,12.779761893305633,41.335155029615095
G0,W0082F0001T0006Z000C1N52.png,6,15.387740067297019,30.368471855531954
G0,W0082F0001T0006Z000C1N52.png,7,0.4714045207910275,0.4714045207910275
G0,W0082F0001T0006Z000C1N52.png,8,10.977249200050075,22.7705950734714
G0,W0082F0001T0006Z000C1N52.png,9,0.2857142857142918,0.7142857142857082
G0,W0082F0001T0006Z000C1N52.png,10,2.9154759474226504,9.82344135219425
G0,W0082F0001T0006Z000C1N52.png,11,17.334935823359714,27.101660465735304
G0,W0082F0001T0006Z000C1N52.png,12,11.180339887498949,14.7648230602334
G0,W0082F0001T0006Z000C1N52.png,13,6.5,32.72995569810628
G0,W0082F0001T0006Z000C1N52.png,14,7.174414416676961,44.7713325937728
G0,W0082F0001T0006Z000C1N52.png,15,0.7071067811865476,0.7071067811865476
G0,W0082F0001T0006Z000C1N52.png,16,0.5439282932204242,0.5439282932204242
G0,W0082F0001T0006Z000C1N52.png,17,18.267525265860257,30.741927651051416
G0,W0082F0001T0006Z000C1N52.png,18,4.949747468305833,55.87933428379404
G0,W0082F0001T0006Z000C1N52.png,19,0.5,15.041608956491324
G0,W0082F0001T0006Z000C1N52.png,20,1.0,13.416407864998739
G0,W0082F0001T0006Z000C1N52.png,21,14.364737345748638,28.626155699350495
G0,W0082F0001T0006Z000C1N52.png,22,0.4472135954999643,20.30270917882636
G0,W0082F0001T0006Z000C1N52.png,23,5.87632963677158,40.58671272719682
G0,W0082F0001T0006Z000C1N52.png,24,16.98138236242195,69.90255608301298
G0,W0082F0001T0006Z000C1N52.png,25,9.87579110755184,44.51158557050063
G0,W0082F0001T0006Z000C1N52.png,26,6.020797289396148,6.020797289396148
G0,W0082F0001T0006Z000C1N52.png,27,2.1097669378825703,2.1097669378825703
G0,W0082F0001T0006Z000C1N52.png,28,11.353467953356862,11.353467953356862
G0,W0082F0001T0006Z000C1N52.png,29,0.9428090415820499,0.9428090415820499
G0,W0082F0001T0006Z000C1N52.png,30,5.5901699437494745,11.01135777277262
G0,W0082F0001T0006Z000C1N52.png,31,0.5,0.5
G0,W0082F0001T0006Z000C1N52.png,32,17.88854381999832,21.095023109728988
G0,W0082F0001T0006Z000C1N52.png,33,13.741906709041519,15.094369811290576
G0,W0082F0001T0006Z000C1N52.png,34,20.12461179749811,20.12461179749811
G0,W0082F0001T0006Z000C1N47.png,1,36.7052805994488,
G0,W0082F0001T0006Z000C1N47.png,2,42.000971806055404,
G0,W0082F0001T0006Z000C1N47.png,3,17.69180601295413,
G0,W0082F0001T0006Z000C1N47.png,4,31.76476034853718,
G0,W0082F0001T0006Z000C1N47.png,5,32.5,
G0,W0082F0001T0006Z000C1N47.png,6,51.00245092149984,
G0,W0082F0001T0006Z000C1N47.png,7,80.2807573457052,
G0,W0082F0001T0006Z000C1N47.png,8,50.31152949374527,
G0,W0082F0001T0006Z000C1N47.png,9,64.2748006609122,
G0,W0082F0001T0006Z000C1N47.png,10,66.0,
G0,W0082F0001T0006Z000C1N47.png,11,53.75872022286245,
G0,W0082F0001T0006Z000C1N47.png,12,87.5343043490369,
G0,W0082F0001T0006Z000C1N47.png,13,72.00302462782766,
G0,W0082F0001T0006Z000C1N47.png,14,69.25676862227981,
G0,W0082F0001T0006Z000C1N47.png,15,79.6994353806851,
G0,W0082F0001T0006Z000C1N53.png,1,15.370390004449755,30.068514355643774
G0,W0082F0001T0006Z000C1N53.png,2,4.0697051490249265,25.466890269524466
G0,W0082F0001T0006Z000C1N53.png,3,10.977249200050075,22.7705950734714
G0,W0082F0001T0006Z000C1N53.png,4,0.5,0.5
G0,W0082F0001T0006Z000C1N53.png,5,31.851216617265973,32.96209944769902
G0,W0082F0001T0006Z000C1N53.png,6,0.1767766952966369,0.1767766952966369
G0,W0082F0001T0006Z000C1N53.png,7,22.67843082071147,22.67843082071147
G0,W0082F0001T0006Z000C1N53.png,8,17.334935823359714,27.101660465735304
G0,W0082F0001T0006Z000C1N53.png,9,11.180339887498949,14.7648230602334
G0,W0082F0001T0006Z000C1N53.png,10,21.909615469012685,27.929039546679725
G0,W0082F0001T0006Z000C1N53.png,11,0.4164965639175194,0.4164965639175194
G0,W0082F0001T0006Z000C1N53.png,12,5.0,5.0
G0,W0082F0001T0006Z000C1N53.png,13,18.179383927955314,30.83650434144571
G0,W0082F0001T0006Z000C1N53.png,14,0.42687494916219115,0.42687494916219115
G0,W0082F0001T0006Z000C1N53.png,15,24.666916915647498,24.92457758721769
G0,W0082F0001T0006Z000C1N53.png,16,20.248456731316587,21.37755832643195
G0,W0082F0001T0006Z000C1N53.png,17,0.0,13.038404810405298
G0,W0082F0001T0006Z000C1N53.png,18,0.45175395145262626,0.45175395145262626
G0,W0082F0001T0006Z000C1N53.png,19,14.274995979126635,28.14104417655711
G0,W0082F0001T0006Z000C1N53.png,20,0.4472135954999579,20.000000000000004
G0,W0082F0001T0006Z000C1N53.png,21,0.4594264515239215,0.4594264515239215
G0,W0082F0001T0006Z000C1N53.png,22,3.7715367949840237,8.0051004149268
G0,W0082F0001T0006Z000C1N53.png,23,6.5,12.298373876248844
G0,W0082F0001T0006Z000C1N53.png,24,15.404826304421217,16.823286218324693
G0,W0082F0001T0006Z000C1N53.png,25,0.45069390943299864,0.45069390943299864
G0,W0082F0001T0006Z000C1N53.png,26,18.006943105369107,19.00657780874821
G0,W0082F0001T0006Z000C1N53.png,27,13.143169752883775,14.357374951603969
G0,W0082F0001T0006Z000C1N53.png,28,14.62156364609442,17.439135781056446
G0,W0082F0001T0006Z000C1N53.png,29,12.539936203984453,27.879203718901298
G0,W0082F0001T0006Z000C1N53.png,30,0.7453559924999257,0.7453559924999257
G0,W0082F0001T0006Z000C1N53.png,31,0.5,0.5
G0,W0082F0001T0006Z000C1N53.png,32,19.4982050455933,22.999565213281752
G0,W0082F0001T0006Z000C1N53.png,33,0.5,0.5
G0,W0082F0001T0006Z000C1N53.png,34,1.521739130434787,1.521739130434787
G0,W0082F0001T0006Z000C1N53.png,35,17.88854381999832,20.591260281974
G0,W0082F0001T0006Z000C1N53.png,36,13.741906709041505,14.256226709757387
G0,W0082F0001T0006Z000C1N53.png,37,8.970732882151083,8.970732882151083
G0,W0082F0001T0006Z000C1N53.png,38,18.580904176062045,18.580904176062045
G0,W0082F0001T0006Z000C1N53.png,39,18.45414738088855,18.45414738088855
G0,W0082F0001T0006Z000C1N53.png,40,6.647345334793421,6.647345334793421
G0,W0082F0001T0006Z000C1N53.png,41,27.80551769711243,27.80551769711243
G0,W0082F0001T0006Z000C1N53.png,42,0.3535533905932738,0.3535533905932738
G0,W0082F0003T0006Z000C1N18.png,1,3.238826948140332,5.2239831546435935
G0,W0082F0003T0006Z000C1N18.png,2,4.777269747270433,4.777269747270433
G0,W0082F0003T0006Z000C1N18.png,3,8.68966075756888,9.6995686838674
G0,W0082F0003T0006Z000C1N18.png,4,5.96284793999944,7.133644853010899
G0,W0082F0003T0006Z000C1N18.png,5,11.40175425099138,11.40175425099138
G0,W0082F0003T0006Z000C1N18.png,6,20.387753525760516,20.387753525760516
G0,W0082F0003T0006Z000C1N18.png,7,0.47140452079103,0.47140452079103
G0,W0082F0003T0006Z000C1N18.png,8,8.253787009609589,8.253787009609589
G0,W0082F0003T0006Z000C1N18.png,9,0.3846546290810343,0.3846546290810343
G0,W0082F0003T0006Z000C1N18.png,10,0.7071067811865476,0.7071067811865476
G0,W0082F0003T0006Z000C1N18.png,11,6.18465843842649,6.18465843842649
G0,W0082F0003T0006Z000C1N18.png,12,0.7071067811865476,0.7071067811865476
G0,W0082F0003T0006Z000C1N18.png,13,0.13888888888888856,0.13888888888888856
G0,W0082F0003T0006Z000C1N18.png,14,0.5,0.5
G0,W0082F0003T0006Z000C1N18.png,15,8.139410298049853,8.139410298049853
G0,W0082F0003T0006Z000C1N18.png,16,0.5385164807134515,0.5385164807134515
G0,W0082F0003T0006Z000C1N18.png,17,6.373774391990981,6.373774391990981
G0,W0082F0003T0006Z000C1N18.png,18,0.35136418446314976,0.35136418446314976
G0,W0082F0003T0006Z000C1N18.png,19,1.0462669622104184,1.0462669622104184
G0,W0082F0003T0006Z000C1N18.png,20,0.35136418446314976,0.35136418446314976
G0,W0082F0003T0006Z000C1N18.png,21,0.1767766952966369,0.1767766952966369
G0,W0082F0003T0006Z000C1N18.png,22,3.3499585403736245,3.3499585403736245
G0,W0082F0003T0006Z000C1N18.png,23,8.48528137423857,8.48528137423857
G0,W0082F0003T0006Z000C1N18.png,24,1.6849339059956356,1.6849339059956356
G0,W0082F0003T0006Z000C1N18.png,25,0.21081851067789345,0.21081851067789345
G0,W0082F0003T0006Z000C1N18.png,26,0.5,0.5
G0,W0082F0003T0006Z000C1N18.png,27,0.47140452079103,0.47140452079103
G0,W0082F0003T0006Z000C1N18.png,28,5.333758486455564,5.333758486455564
G0,W0082F0003T0006Z000C1N18.png,29,17.69180601295413,17.69180601295413
G0,W0082F0003T0006Z000C1N18.png,30,0.45736601695949614,0.45736601695949614
G0,W0082F0003T0006Z000C1N18.png,31,5.231380978171592,5.231380978171592
G0,W0082F0003T0006Z000C1N18.png,32,7.632168761236874,7.632168761236874
G0,W0082F0003T0006Z000C1N18.png,33,0.7071067811865476,0.7071067811865476
G0,W0082F0003T0006Z000C1N18.png,34,5.656854249492381,5.656854249492381
G0,W0082F0003T0006Z000C1N18.png,35,0.5,0.5
G0,W0082F0003T0006Z000C1N18.png,36,1.8605210188381198,1.8605210188381198
G0,W0082F0003T0006Z000C1N30.png,1,0.6060915267313254,0.6060915267313254
G0,W0082F0003T0006Z000C1N30.png,2,0.1767766952966369,0.1767766952966369
G0,W0082F0003T0006Z000C1N30.png,3,0.0,0.0
G0,W0082F0003T0006Z000C1N30.png,4,0.2857142857142865,0.2857142857142865
G0,W0082F0003T0006Z000C1N30.png,5,0.5,0.5
G0,W0082F0003T0006Z000C1N30.png,6,0.3535533905932738,0.3535533905932738
G0,W0082F0003T0006Z000C1N30.png,7,0.0,0.0
G0,W0082F0003T0006Z000C1N30.png,8,0.3535533905932735,0.3535533905932735
G0,W0082F0003T0006Z000C1N30.png,9,5.495824017620383,5.495824017620383
G0,W0082F0003T0006Z000C1N30.png,10,0.2857142857142918,0.2857142857142918
G0,W0082F0003T0006Z000C1N30.png,11,0.2857142857142856,0.2857142857142856
G0,W0082F0003T0006Z000C1N30.png,12,0.0,0.0
G0,W0082F0003T0006Z000C1N30.png,13,0.0,0.0
G0,W0082F0003T0006Z000C1N30.png,14,0.0,0.0
G0,W0082F0003T0006Z000C1N30.png,15,0.5007710104811148,0.5007710104811148
G0,W0082F0003T0006Z000C1N30.png,16,1.4907119849998587,1.4907119849998587
G0,W0082F0003T0006Z000C1N30.png,17,0.5,0.5
G0,W0082F0003T0006Z000C1N30.png,18,0.2357022603955175,0.2357022603955175
G0,W0082F0003T0006Z000C1N30.png,19,0.1470804305855272,0.1470804305855272
G0,W0082F0003T0006Z000C1N30.png,20,0.4166666666666643,0.4166666666666643
G0,W0082F0003T0006Z000C1N30.png,21,0.4779069592801438,0.4779069592801438
G0,W0082F0003T0006Z000C1N30.png,22,0.640312423743284,0.640312423743284
G0,W0082F0003T0006Z000C1N30.png,23,0.4779069592801438,0.4779069592801438
G0,W0082F0003T0006Z000C1N30.png,24,1.9112541856026093,1.9112541856026093
G0,W0082F0003T0006Z000C1N30.png,25,0.3535533905932738,0.3535533905932738
G0,W0082F0003T0006Z000C1N30.png,26,2.0,2.0
G0,W0082F0003T0006Z000C1N30.png,27,0.47140452079103,0.47140452079103
G0,W0082F0003T0006Z000C1N30.png,28,3.905124837953327,3.905124837953327
G0,W0082F0003T0006Z000C1N30.png,29,0.4476360930863959,0.4476360930863959
G0,W0082F0003T0006Z000C1N30.png,30,0.1767766952966369,0.1767766952966369
G0,W0082F0003T0006Z000C1N30.png,31,0.15713484026368169,0.15713484026368169
G0,W0082F0003T0006Z000C1N30.png,32,0.4744445765840305,0.4744445765840305
G0,W0082F0003T0006Z000C1N30.png,33,0.4472135954999579,0.4472135954999579
G0,W0082F0003T0006Z000C1N30.png,34,0.8838834764831844,0.8838834764831844
G0,W0082F0003T0006Z000C1N30.png,35,0.3076923076923066,0.3076923076923066
G0,W0082F0003T0006Z000C1N30.png,36,0.6450503588076905,0.6450503588076905
G0,W0082F0003T0006Z000C1N30.png,37,0.4472135954999643,0.4472135954999643
G0,W0082F0003T0006Z000C1N30.png,38,0.5,0.5
G0,W0082F0003T0006Z000C1N30.png,39,4.0,4.0
G0,W0082F0003T0006Z000C1N30.png,40,7.57554545157567,7.57554545157567
G0,W0082F0003T0006Z000C1N30.png,41,0.23413760031019834,0.23413760031019834
G0,W0082F0003T0006Z000C1N30.png,42,1.4830307364614106,1.4830307364614106
G0,W0082F0003T0006Z000C1N30.png,43,0.6324555320336713,0.6324555320336713
G0,W0082F0003T0006Z000C1N30.png,44,0.5,0.5
G0,W0082F0003T0006Z000C1N30.png,45,8.0156097709407,8.0156097709407
G0,W0082F0003T0006Z000C1N30.png,46,4.419417382415922,4.419417382415922
G0,W0082F0003T0006Z000C1N30.png,47,11.01501604685153,11.01501604685153
G0,W0082F0003T0006Z000C1N24.png,1,0.5150787536377162,0.5150787536377162
G0,W0082F0003T0006Z000C1N24.png,2,0.2857142857142918,0.2857142857142918
G0,W0082F0003T0006Z000C1N24.png,3,20.82407201554591,20.82407201554591
G0,W0082F0003T0006Z000C1N24.png,4,10.083677680070672,10.083677680070672
G0,W0082F0003T0006Z000C1N24.png,5,0.0,0.0
G0,W0082F0003T0006Z000C1N24.png,6,0.45069390943299864,0.45069390943299864
G0,W0082F0003T0006Z000C1N24.png,7,0.0,0.0
G0,W0082F0003T0006Z000C1N24.png,8,0.5153882032022076,0.5153882032022076
G0,W0082F0003T0006Z000C1N24.png,9,0.5821022034029842,0.5821022034029842
G0,W0082F0003T0006Z000C1N24.png,10,0.0,0.0
G0,W0082F0003T0006Z000C1N24.png,11,0.2232968782694399,0.2232968782694399
G0,W0082F0003T0006Z000C1N24.png,12,1.4142135623730951,1.4142135623730951
G0,W0082F0003T0006Z000C1N24.png,13,0.45069390943299864,0.45069390943299864
G0,W0082F0003T0006Z000C1N24.png,14,0.37482778414706036,0.37482778414706036
G0,W0082F0003T0006Z000C1N24.png,15,0.5385164807134462,0.5385164807134462
G0,W0082F0003T0006Z000C1N24.png,16,0.2583939777158681,0.2583939777158681
G0,W0082F0003T0006Z000C1N24.png,17,6.519202405202649,6.519202405202649
G0,W0082F0003T0006Z000C1N24.png,18,0.5,0.5
G0,W0082F0003T0006Z000C1N24.png,19,0.3513641844631565,0.3513641844631565
G0,W0082F0003T0006Z000C1N24.png,20,0.7071067811865476,0.7071067811865476
G0,W0082F0003T0006Z000C1N24.png,21,0.6148754619013459,0.6148754619013459
G0,W0082F0003T0006Z000C1N24.png,22,2.9261749776799064,2.9261749776799064
G0,W0082F0003T0006Z000C1N24.png,23,0.20000000000000284,0.20000000000000284
G0,W0082F0003T0006Z000C1N24.png,24,0.0,0.0
G0,W0082F0003T0006Z000C1N24.png,25,0.0,0.0
G0,W0082F0003T0006Z000C1N24.png,26,0.20000000000000284,0.20000000000000284
G0,W0082F0003T0006Z000C1N24.png,27,0.19403406780099317,0.19403406780099317
G0,W0082F0003T0006Z000C1N24.png,28,0.5385164807134515,0.5385164807134515
G0,W0082F0003T0006Z000C1N24.png,29,0.47140452079103,0.47140452079103
G0,W0082F0003T0006Z000C1N24.png,30,0.5,0.5
G0,W0082F0003T0006Z000C1N24.png,31,8.81432400654229,8.81432400654229
G0,W0082F0003T0006Z000C1N24.png,32,0.3664662612862958,0.3664662612862958
G0,W0082F0003T0006Z000C1N24.png,33,0.14142135623730148,0.14142135623730148
G0,W0082F0003T0006Z000C1N24.png,34,0.4472135954999643,0.4472135954999643
G0,W0082F0003T0006Z000C1N24.png,35,0.5,0.5
G0,W0082F0003T0006Z000C1N24.png,36,0.0,0.0
G0,W0082F0003T0006Z000C1N24.png,37,1.0,1.0
G0,W0082F0003T0006Z000C1N24.png,38,0.5,0.5
G0,W0082F0003T0006Z000C1N24.png,39,0.4472135954999643,0.4472135954999643
G0,W0082F0003T0006Z000C1N24.png,40,0.6988560381411911,0.6988560381411911
G0,W0082F0003T0006Z000C1N24.png,41,0.42426406871192446,0.42426406871192446
G0,W0082F0003T0006Z000C1N24.png,42,7.2886898685566255,7.2886898685566255
G0,W0082F0003T0006Z000C1N24.png,43,0.7071067811865476,0.7071067811865476
G0,W0082F0003T0006Z000C1N24.png,44,0.0,0.0
G0,W0082F0003T0006Z000C1N24.png,45,1.0,1.0
G0,W0082F0003T0006Z000C1N24.png,46,2.0,2.8284271247461903
G0,W0082F0003T0006Z000C1N24.png,47,0.5,0.5
G0,W0082F0003T0006Z000C1N24.png,48,0.5150787536377178,0.5150787536377178
G0,W0082F0003T0006Z000C1N24.png,49,11.754021643394587,11.754021643394587
G0,W0082F0003T0006Z000C1N24.png,50,7.892004626469848,7.892004626469848
G0,W0082F0003T0006Z000C1N24.png,51,0.7077748085260785,0.7077748085260785
G0,W0082F0003T0006Z000C1N24.png,52,1.4984774352031456,1.4984774352031456
G0,W0082F0002T0006Z000C1N22.png,1,24.08318915758459,
G0,W0082F0002T0006Z000C1N22.png,2,17.867568385205637,
G0,W0082F0002T0006Z000C1N22.png,3,21.124026363265084,
G0,W0082F0002T0006Z000C1N22.png,4,18.788294228055936,
G0,W0082F0002T0006Z000C1N22.png,5,11.715374513859981,
G0,W0082F0002T0006Z000C1N22.png,6,16.392113618715825,
G0,W0082F0002T0006Z000C1N22.png,7,24.647312226691167,
G0,W0082F0002T0006Z000C1N22.png,8,26.043233286210835,
G0,W0082F0002T0006Z000C1N22.png,9,19.1637678967368,
G0,W0082F0002T0006Z000C1N22.png,10,38.51399907825724,
G0,W0082F0002T0006Z000C1N22.png,11,39.51265620026069,
G0,W0082F0002T0006Z000C1N22.png,12,33.80181208160296,
G0,W0082F0002T0006Z000C1N22.png,13,29.832867780352597,
G0,W0082F0002T0006Z000C1N22.png,14,43.7978309965231,
G0,W0082F0002T0006Z000C1N22.png,15,46.97073557013984,
G0,W0082F0002T0006Z000C1N22.png,16,24.698178070456937,
G0,W0082F0002T0006Z000C1N22.png,17,16.49336988004574,
G0,W0082F0002T0006Z000C1N22.png,18,41.58307942337923,
G0,W0082F0002T0006Z000C1N22.png,19,22.15601247717849,
G0,W0082F0002T0006Z000C1N22.png,20,19.981241202688086,
G0,W0082F0002T0006Z000C1N22.png,21,22.887291779500693,
G0,W0082F0002T0006Z000C1N108.png,1,0.7071067811865476,0.7071067811865476
G0,W0082F0002T0006Z000C1N108.png,2,19.723787105365385,19.723787105365385
G0,W0082F0002T0006Z000C1N108.png,3,0.13975424859373686,0.13975424859373686
G0,W0082F0002T0006Z000C1N108.png,4,21.219095173922945,21.219095173922945
G0,W0082F0002T0006Z000C1N108.png,5,9.303897032964198,9.303897032964198
G0,W0082F0002T0006Z000C1N108.png,6,0.09722034684781698,0.09722034684781698
G0,W0082F0002T0006Z000C1N108.png,7,7.117096404046372,7.969328960560772
G0,W0082F0002T0006Z000C1N108.png,8,15.435349040433131,15.435349040433131
G0,W0082F0002T0006Z000C1N108.png,9,6.3515474499882165,9.315413979966076
G0,W0082F0002T0006Z000C1N108.png,10,0.35136418446315204,0.35136418446315204
G0,W0082F0002T0006Z000C1N108.png,11,8.793321329281673,8.793321329281673
G0,W0082F0002T0006Z000C1N108.png,12,0.444999653211127,0.444999653211127
G0,W0082F0002T0006Z000C1N108.png,13,7.0670566167926445,7.456236526425122
G0,W0082F0002T0006Z000C1N108.png,14,0.6599663291074446,0.6599663291074446
G0,W0082F0002T0006Z000C1N108.png,15,0.18633899812498356,0.18633899812498356
G0,W0082F0002T0006Z000C1N108.png,16,0.5,0.5
G0,W0082F0002T0006Z000C1N108.png,17,4.242640687119285,4.242640687119285
G0,W0082F0002T0006Z000C1N108.png,18,0.45069390943299864,0.45069390943299864
G0,W0082F0002T0006Z000C1N108.png,19,0.31622776601683567,0.31622776601683567
G0,W0082F0002T0006Z000C1N108.png,20,0.47140452079103,0.47140452079103
G0,W0082F0002T0006Z000C1N108.png,21,8.82510623165523,8.82510623165523
G0,W0082F0002T0006Z000C1N108.png,22,0.16643566632465628,0.16643566632465628
G0,W0082F0002T0006Z000C1N108.png,23,0.5,0.5
G0,W0082F0002T0006Z000C1N108.png,24,0.5,0.5
G0,W0082F0002T0006Z000C1N108.png,25,0.4472135954999643,0.4472135954999643
G0,W0082F0002T0006Z000C1N108.png,26,0.3513641844631565,0.3513641844631565
G0,W0082F0002T0006Z000C1N108.png,27,0.4326661530556833,0.4326661530556833
G0,W0082F0002T0006Z000C1N108.png,28,0.5,0.5
G0,W0082F0002T0006Z000C1N108.png,29,0.4344830378784459,0.4344830378784459
G0,W0082F0002T0006Z000C1N108.png,30,4.7749453720210395,6.777644645608737
G0,W0082F0002T0006Z000C1N108.png,31,7.673909622147563,8.768630958643941
G0,W0082F0002T0006Z000C1N108.png,32,0.2773500981126146,0.2773500981126146
G0,W0082F0002T0006Z000C1N108.png,33,0.5,1.118033988749895
G0,W0082F0002T0006Z000C1N108.png,34,0.35136418446314976,0.35136418446314976
G0,W0082F0002T0006Z000C1N108.png,35,8.0,9.055385138137417
G0,W0082F0002T0006Z000C1N108.png,36,0.0,1.0
G0,W0082F0002T0006Z000C1N108.png,37,0.0,0.0
G0,W0082F0002T0006Z000C1N108.png,38,0.5,0.5
G0,W0082F0002T0006Z000C1N108.png,39,0.5,13.647344063956181
G0,W0082F0002T0006Z000C1N108.png,40,3.681787005729077,4.346134936801755
G0,W0082F0002T0006Z000C1N108.png,41,0.21052631578947967,0.21052631578947967
G0,W0082F0002T0006Z000C1N108.png,42,6.02845106326843,6.02845106326843
G0,W0082F0002T0006Z000C1N108.png,43,0.3076923076923066,0.3076923076923066
G0,W0082F0002T0006Z000C1N108.png,44,0.5,0.5
G0,W0082F0002T0006Z000C1N108.png,45,0.5,0.5
G0,W0082F0002T0006Z000C1N108.png,46,6.519734998022879,25.00347198112916
G0,W0082F0002T0006Z000C1N108.png,47,9.100137361600648,34.45740123688959
G0,W0082F0002T0006Z000C1N108.png,48,8.415461959987704,31.686274631139586
G0,W0082F0002T0006Z000C1N108.png,49,22.108397725751182,44.430071460667264
G0,W0082F0002T0006Z000C1N108.png,50,5.297405025104273,23.153023560649697
G0,W0082F0002T0006Z000C1N108.png,51,7.0710678118654755,7.0710678118654755
G0,W0082F0002T0006Z000C1N108.png,52,0.5223535063494477,0.5223535063494477
G0,W0082F0002T0006Z000C1N108.png,53,0.20203050891043642,0.20203050891043642
G0,W0082F0002T0006Z000C1N108.png,54,6.4962002188933905,6.4962002188933905
G0,W0082F0002T0006Z000C1N108.png,55,6.398964413257047,7.556493347841747
G0,W0082F0002T0006Z000C1N108.png,56,11.32352516764203,11.32352516764203
G0,W0082F0002T0006Z000C1N108.png,57,0.5,0.5
G0,W0082F0002T0006Z000C1N108.png,58,1.2649110640673562,1.2649110640673562
G0,W0082F0002T0006Z000C1N108.png,59,1.0,16.0
G0,W0082F0002T0006Z000C1N120.png,1,5.0990195135927845,11.180339887498949
G0,W0082F0002T0006Z000C1N120.png,2,0.3740141420453313,0.3740141420453313
G0,W0082F0002T0006Z000C1N120.png,3,6.896557112066861,6.896557112066861
G0,W0082F0002T0006Z000C1N120.png,4,0.7071067811865476,0.7071067811865476
G0,W0082F0002T0006Z000C1N120.png,5,0.41666666666666713,0.41666666666666713
G0,W0082F0002T0006Z000C1N120.png,6,0.41666666666666713,0.41666666666666713
G0,W0082F0002T0006Z000C1N120.png,7,4.47213595499958,4.47213595499958
G0,W0082F0002T0006Z000C1N120.png,8,4.6097722286464435,4.6097722286464435
G0,W0082F0002T0006Z000C1N120.png,9,25.401771591761076,25.401771591761076
G0,W0082F0002T0006Z000C1N120.png,10,13.761627681698997,13.761627681698997
G0,W0082F0002T0006Z000C1N120.png,11,1.0154364141151875,1.0154364141151875
G0,W0082F0002T0006Z000C1N120.png,12,12.184284555256285,31.944589371651922
G0,W0082F0002T0006Z000C1N120.png,13,30.84234102658227,36.86800781165155
G0,W0082F0002T0006Z000C1N120.png,14,0.471404520791035,20.725722075613085
G0,W0082F0002T0006Z000C1N120.png,15,0.0,25.059928172283335
G0,W0082F0002T0006Z000C1N120.png,16,3.0,35.77708763999664
G0,W0082F0002T0006Z000C1N120.png,17,12.041594578792296,18.384776310850235
G0,W0082F0002T0006Z000C1N120.png,18,2.0203050891044225,5.120985236838543
G0,W0082F0002T0006Z000C1N120.png,19,0.2857142857142847,35.26951623584032
G0,W0082F0002T0006Z000C1N120.png,20,0.4472135954999643,18.5526278462109
G0,W0082F0002T0006Z000C1N120.png,21,0.47140452079102496,10.796089827134438
G0,W0082F0002T0006Z000C1N120.png,22,0.48318844603338684,0.48318844603338684
G0,W0082F0002T0006Z000C1N120.png,23,4.272001872658765,34.35476677260377
G0,W0082F0002T0006Z000C1N120.png,24,1.5,30.84234102658227
G0,W0082F0002T0006Z000C1N120.png,25,9.013878188659973,54.646591842492796
G0,W0082F0002T0006Z000C1N120.png,26,1.4142135623730951,4.47213595499958
G0,W0082F0002T0006Z000C1N120.png,27,0.33793125168323,0.33793125168323
G0,W0082F0002T0006Z000C1N120.png,28,13.152946437965905,13.152946437965905
G0,W0082F0002T0006Z000C1N120.png,29,11.600107758120181,12.905909499140307
G0,W0082F0002T0006Z000C1N120.png,30,18.580904176062045,19.474342094150447
G0,W0082F0002T0006Z000C1N120.png,31,14.534441853748634,15.913830462839549
G0,W0082F0002T0006Z000C1N120.png,32,10.547511554864494,11.5
G0,W0082F0002T0006Z000C1N120.png,33,19.829888799383575,21.07324447381231
G0,W0082F0002T0006Z000C1N120.png,34,15.733898294941264,17.133463034528532
G0,W0082F0002T0006Z000C1N120.png,35,33.60059523282288,34.828149534535996
G0,W0082F0002T0006Z000C1N147.png,1,8.514693182963201,8.514693182963201
G0,W0082F0002T0006Z000C1N147.png,2,9.513148795220223,9.513148795220223
G0,W0082F0002T0006Z000C1N147.png,3,8.193591892258597,8.193591892258597
G0,W0082F0002T0006Z000C1N147.png,4,15.008331019803634,15.008331019803634
G0,W0082F0002T0006Z000C1N147.png,5,4.340538881035138,4.340538881035138
G0,W0082F0002T0006Z000C1N147.png,6,0.0,0.0
G0,W0082F0002T0006Z000C1N147.png,7,7.211102550927978,7.211102550927978
G0,W0082F0002T0006Z000C1N147.png,8,0.42733481894167186,0.42733481894167186
G0,W0082F0002T0006Z000C1N147.png,9,0.0,0.0
G0,W0082F0002T0006Z000C1N147.png,10,10.606601717798213,10.606601717798213
G0,W0082F0002T0006Z000C1N147.png,11,3.4118360159890453,3.4118360159890453
G0,W0082F0002T0006Z000C1N147.png,12,0.6542643434831089,0.6542643434831089
G0,W0082F0002T0006Z000C1N147.png,13,0.6555547773570958,0.6555547773570958
G0,W0082F0002T0006Z000C1N147.png,14,0.2857142857142847,0.2857142857142847
G0,W0082F0002T0006Z000C1N147.png,15,5.315072906367325,5.408326913195984
G0,W0082F0002T0006Z000C1N147.png,16,0.5700877125495677,0.5700877125495677
G0,W0082F0002T0006Z000C1N147.png,17,18.601075237738275,18.601075237738275
G0,W0082F0002T0006Z000C1N147.png,18,14.422205101855956,14.422205101855956
G0,W0082F0002T0006Z000C1N147.png,19,5.852349955359813,5.852349955359813
G0,W0082F0002T0006Z000C1N147.png,20,6.4031242374328485,6.4031242374328485
G0,W0082F0002T0006Z000C1N147.png,21,0.7379577350063509,0.7379577350063509
G0,W0082F0002T0006Z000C1N147.png,22,8.870456583513619,8.870456583513619
G0,W0082F0002T0006Z000C1N147.png,23,1.5293426329272635,1.5293426329272635
G0,W0082F0002T0006Z000C1N147.png,24,0.9224890900473383,0.9224890900473383
G0,W0082F0002T0006Z000C1N147.png,25,0.5,0.5
G0,W0082F0002T0006Z000C1N147.png,26,2.0,2.0
G0,W0082F0003T0006Z000C1N43.png,1,2.1969788147791705,2.1969788147791705
G0,W0082F0003T0006Z000C1N43.png,2,7.211584045439979,7.211584045439979
G0,W0082F0003T0006Z000C1N43.png,3,0.5590169943749475,0.5590169943749475
G0,W0082F0003T0006Z000C1N43.png,4,0.3333333333333286,0.3333333333333286
G0,W0082F0003T0006Z000C1N43.png,5,0.5,0.5
G0,W0082F0003T0006Z000C1N43.png,6,4.656229523206631,4.656229523206631
G0,W0082F0003T0006Z000C1N43.png,7,20.63446752402397,20.63446752402397
G0,W0082F0003T0006Z000C1N43.png,8,0.4761904761904788,0.4761904761904788
G0,W0082F0003T0006Z000C1N43.png,9,17.867568385205637,18.006943105369107
G0,W0082F0003T0006Z000C1N43.png,10,17.05220741657155,17.05220741657155
G0,W0082F0003T0006Z000C1N43.png,11,3.2015621187164243,3.2015621187164243
G0,W0082F0003T0006Z000C1N43.png,12,6.059886320899276,6.059886320899276
G0,W0082F0003T0006Z000C1N43.png,13,1.475854019622536,1.475854019622536
G0,W0082F0003T0006Z000C1N43.png,14,18.069310999592652,18.069310999592652
G0,W0082F0003T0006Z000C1N43.png,15,8.572630868059116,8.572630868059116
G0,W0082F0003T0006Z000C1N43.png,16,0.3535533905932738,0.3535533905932738
G0,W0082F0003T0006Z000C1N43.png,17,16.287814445415453,16.287814445415453
G0,W0082F0003T0006Z000C1N43.png,18,9.123595782365637,9.123595782365637
G0,W0082F0003T0006Z000C1N43.png,19,24.479015956982877,24.479015956982877
G0,W0082F0003T0006Z000C1N43.png,20,0.7071067811865476,0.7071067811865476
G0,W0082F0003T0006Z000C1N43.png,21,7.7781745930520225,7.7781745930520225
G0,W0082F0003T0006Z000C1N43.png,22,3.8264834128272374,4.494166314701484
G0,W0082F0003T0006Z000C1N43.png,23,26.612966764342527,26.612966764342527
G0,W0082F0003T0006Z000C1N43.png,24,4.500229562555946,4.600125761845364
G0,W0082F0003T0006Z000C1N43.png,25,7.106335201775948,7.106335201775948
G0,W0082F0002T0006Z000C1N51.png,1,8.449194570424385,8.449194570424385
G0,W0082F0002T0006Z000C1N51.png,2,0.5121969142940488,0.5121969142940488
G0,W0082F0002T0006Z000C1N51.png,3,1.715938356831168,1.715938356831168
G0,W0082F0002T0006Z000C1N51.png,4,39.436658073421995,83.1820293092204
G0,W0082F0002T0006Z000C1N51.png,5,23.200215516240362,42.464691215173104
G0,W0082F0002T0006Z000C1N51.png,6,21.006607318184628,21.006607318184628
G0,W0082F0002T0006Z000C1N51.png,7,26.177877110262397,91.6912277701635
G0,W0082F0002T0006Z000C1N51.png,8,0.8944271909999135,0.8944271909999135
G0,W0082F0002T0006Z000C1N51.png,9,10.81055297177511,104.68461231506546
G0,W0082F0002T0006Z000C1N51.png,10,28.635642126552707,28.635642126552707
G0,W0082F0002T0006Z000C1N51.png,11,9.285592184789412,37.27674282385138
G0,W0082F0002T0006Z000C1N51.png,12,42.36153915995027,74.30006729472053
G0,W0082F0002T0006Z000C1N51.png,13,38.50324661635691,78.9335163286167
G0,W0082F0002T0006Z000C1N51.png,14,26.19584360585133,56.71174677456358
G0,W0082F0002T0006Z000C1N51.png,15,35.93632915430316,80.67959798402691
G0,W0082F0002T0006Z000C1N51.png,16,28.617969279466237,56.6655818436595
G0,W0082F0002T0006Z000C1N51.png,17,38.451267859460756,38.451267859460756
G0,W0082F0002T0006Z000C1N51.png,18,36.41275722722586,62.09043583533797
G0,W0082F0002T0006Z000C1N51.png,19,44.662706998677365,67.2834681683205
G0,W0082F0002T0006Z000C1N51.png,20,38.41417562422613,39.34440522135546
G0,W0082F0002T0006Z000C1N51.png,21,44.032816045409696,64.99401681864433
G0,W0082F0002T0006Z000C1N51.png,22,1.6288220358559162,100.96857462212928
G0,W0082F0002T0006Z000C1N51.png,23,38.94266619018271,45.62928062110995
G0,W0082F0002T0006Z000C1N51.png,24,27.740046937264417,75.00340128341935
G0,W0082F0002T0006Z000C1N51.png,25,30.59411708155671,72.11102550927978
G0,W0082F0002T0006Z000C1N51.png,26,35.7246413557925,45.89389937671455
G0,W0082F0002T0006Z000C1N51.png,27,20.34944716693798,115.20633663128083
G0,W0082F0002T0006Z000C1N51.png,28,16.64331697709324,18.601075237738275
G0,W0082F0002T0006Z000C1N51.png,29,20.271764709675484,106.08932295214464
G0,W0082F0002T0006Z000C1N51.png,30,9.433981132056603,11.40175425099138
G0,W0082F0002T0006Z000C1N51.png,31,5.5901699437494745,6.5
G0,W0082F0002T0006Z000C1N51.png,32,6.155485358604957,6.920260110718382
G0,W0082F0002T0006Z000C1N51.png,33,0.0,1.0
G0,W0082F0002T0006Z000C1N51.png,34,7.718024438583215,19.900058936571323
G0,W0082F0002T0006Z000C1N51.png,35,5.0,5.0
G0,W0082F0002T0006Z000C1N51.png,36,0.0,0.0
G0,W0082F0001T0006Z000C1N20.png,1,0.4714045207910281,0.4714045207910281
G0,W0082F0001T0006Z000C1N20.png,2,0.1756820922315729,0.1756820922315729
G0,W0082F0001T0006Z000C1N20.png,3,4.031128874149275,4.031128874149275
G0,W0082F0001T0006Z000C1N20.png,4,0.0,0.0
G0,W0082F0001T0006Z000C1N20.png,5,0.25,0.25
G0,W0082F0001T0006Z000C1N20.png,6,0.5,0.5
G0,W0082F0001T0006Z000C1N20.png,7,0.44721359549996276,0.44721359549996276
G0,W0082F0001T0006Z000C1N20.png,8,0.7071067811865476,0.7071067811865476
G0,W0082F0001T0006Z000C1N20.png,9,0.5471587667664528,0.5471587667664528
G0,W0082F0001T0006Z000C1N20.png,10,0.7071067811865476,0.7071067811865476
G0,W0082F0001T0006Z000C1N20.png,11,0.20000000000000284,0.20000000000000284
G0,W0082F0001T0006Z000C1N20.png,12,1.118033988749895,1.118033988749895
G0,W0082F0001T0006Z000C1N20.png,13,0.39051248379533055,0.39051248379533055
G0,W0082F0001T0006Z000C1N20.png,14,7.240000000000003,7.240000000000003
G0,W0082F0001T0006Z000C1N20.png,15,0.0,0.0
G0,W0082F0001T0006Z000C1N20.png,16,0.31652651692523753,0.31652651692523753
G0,W0082F0001T0006Z000C1N20.png,17,3.5355339059327378,3.5355339059327378
G0,W0082F0001T0006Z000C1N20.png,18,0.7071067811865476,0.7071067811865476
G0,W0082F0001T0006Z000C1N20.png,19,0.0,0.0
G0,W0082F0001T0006Z000C1N20.png,20,7.647285064526587,7.647285064526587
G0,W0082F0001T0006Z000C1N20.png,21,0.4485347611419458,0.4485347611419458
G0,W0082F0001T0006Z000C1N20.png,22,0.3169859771967299,0.3169859771967299
G0,W0082F0001T0006Z000C1N20.png,23,0.0,0.0
G0,W0082F0001T0006Z000C1N20.png,24,0.41666666666666285,0.41666666666666285
G0,W0082F0001T0006Z000C1N20.png,25,0.5,0.5
G0,W0082F0001T0006Z000C1N20.png,26,0.3605551275463981,0.3605551275463981
G0,W0082F0001T0006Z000C1N20.png,27,0.3748277841470569,0.3748277841470569
G0,W0082F0001T0006Z000C1N20.png,28,0.47140452079103,0.47140452079103
G0,W0082F0001T0006Z000C1N20.png,29,6.324555320336759,6.324555320336759
G0,W0082F0001T0006Z000C1N20.png,30,5.408326913195984,5.408326913195984
G0,W0082F0001T0006Z000C1N20.png,31,7.433034373659253,7.433034373659253
G0,W0082F0001T0006Z000C1N20.png,32,2.9408900046081925,2.9408900046081925
G0,W0082F0001T0006Z000C1N20.png,33,0.41666666666666285,0.41666666666666285
G0,W0082F0001T0006Z000C1N20.png,34,6.726812023536855,6.726812023536855
G0,W0082F0003T0006Z000C1N80.png,1,2.8284271247461903,2.8284271247461903
G0,W0082F0003T0006Z000C1N80.png,2,0.8695819912499125,0.8695819912499125
G0,W0082F0003T0006Z000C1N80.png,3,0.4475202212442448,0.4475202212442448
G0,W0082F0003T0006Z000C1N80.png,4,14.48755581029462,15.80788642913408
G0,W0082F0003T0006Z000C1N80.png,5,0.6346477588219929,0.6346477588219929
G0,W0082F0003T0006Z000C1N80.png,6,0.8636363636363633,0.8636363636363633
G0,W0082F0003T0006Z000C1N80.png,7,0.4865042554105204,0.4865042554105204
G0,W0082F0003T0006Z000C1N80.png,8,0.6818010030131635,0.6818010030131635
G0,W0082F0003T0006Z000C1N80.png,9,4.853406592853679,5.374838498865705
G0,W0082F0003T0006Z000C1N80.png,10,9.060353193998564,9.873702446397704
G0,W0082F0003T0006Z000C1N80.png,11,0.7071067811865476,0.7071067811865476
G0,W0082F0003T0006Z000C1N80.png,12,0.11180339887498472,0.11180339887498472
G0,W0082F0003T0006Z000C1N80.png,13,2.819390058586692,2.819390058586692
G0,W0082F0003T0006Z000C1N80.png,14,0.3644344934278313,0.3644344934278313
G0,W0082F0003T0006Z000C1N80.png,15,0.0,0.0
G0,W0082F0003T0006Z000C1N80.png,16,5.385164807134504,5.385164807134504
G0,W0082F0003T0006Z000C1N80.png,17,0.20000000000000284,0.20000000000000284
G0,W0082F0003T0006Z000C1N80.png,18,0.7071067811865476,0.7071067811865476
G0,W0082F0003T0006Z000C1N80.png,19,0.7071067811865476,0.7071067811865476
G0,W0082F0003T0006Z000C1N80.png,20,0.0,0.0
G0,W0082F0003T0006Z000C1N80.png,21,0.5,0.5
G0,W0082F0003T0006Z000C1N80.png,22,0.39223227027636737,0.39223227027636737
G0,W0082F0003T0006Z000C1N80.png,23,0.0,0.0
G0,W0082F0003T0006Z000C1N80.png,24,7.493404507372535,16.723768846897052
G0,W0082F0003T0006Z000C1N80.png,25,0.551764845241562,0.551764845241562
G0,W0082F0003T0006Z000C1N80.png,26,3.605551275463989,3.605551275463989
G0,W0082F0003T0006Z000C1N80.png,27,0.10878565864408636,0.10878565864408636
G0,W0082F0003T0006Z000C1N80.png,28,0.2991758226185855,0.2991758226185855
G0,W0082F0003T0006Z000C1N80.png,29,5.0,5.0
G0,W0082F0003T0006Z000C1N80.png,30,0.42432935517360404,0.42432935517360404
G0,W0082F0003T0006Z000C1N80.png,31,0.0,0.0
G0,W0082F0003T0006Z000C1N80.png,32,0.4472135954999579,0.4472135954999579
G0,W0082F0003T0006Z000C1N80.png,33,0.2764892059226402,0.2764892059226402
G0,W0082F0003T0006Z000C1N80.png,34,0.4166666666666714,0.4166666666666714
G0,W0082F0003T0006Z000C1N80.png,35,6.519202405202649,6.519202405202649
G0,W0082F0003T0006Z000C1N80.png,36,0.125,0.125
G0,W0082F0003T0006Z000C1N80.png,37,0.1739130434782652,0.1739130434782652
G0,W0082F0003T0006Z000C1N80.png,38,0.1767766952966369,0.1767766952966369
G0,W0082F0003T0006Z000C1N80.png,39,0.22360679774998216,0.22360679774998216
G0,W0082F0003T0006Z000C1N80.png,40,0.7071067811865476,0.7071067811865476
G0,W0082F0003T0006Z000C1N80.png,41,10.770329614269007,10.770329614269007
G0,W0082F0003T0006Z000C1N80.png,42,0.7071067811865476,0.7071067811865476
G0,W0082F0003T0006Z000C1N80.png,43,0.9171361182073648,0.9171361182073648
G0,W0082F0003T0006Z000C1N80.png,44,0.5,0.5
G0,W0082F0003T0006Z000C1N80.png,45,14.14606344928196,19.18622190821088
G0,W0082F0003T0006Z000C1N80.png,46,1.4530697071454266,1.4530697071454266
G0,W0082F0003T0006Z000C1N80.png,47,22.272304675438413,22.272304675438413
G0,W0082F0003T0006Z000C1N80.png,48,0.35136418446314976,0.35136418446314976
G0,W0082F0003T0006Z000C1N80.png,49,0.5086064839889108,0.5086064839889108
G0,W0082F0003T0006Z000C1N80.png,50,0.5439282932204242,0.5439282932204242
G0,W0082F0003T0006Z000C1N80.png,51,29.0,31.016124838541646
G0,W0082F0003T0006Z000C1N80.png,52,0.31943828249996725,0.31943828249996725
G0,W0082F0003T0006Z000C1N80.png,53,0.5714816836029211,0.5714816836029211
G0,W0082F0003T0006Z000C1N80.png,54,0.8975274678557446,0.8975274678557446
G0,W0082F0003T0006Z000C1N80.png,55,0.2484519974999837,0.2484519974999837
G0,W0082F0003T0006Z000C1N80.png,56,0.20000000000000284,0.20000000000000284
G0,W0082F0003T0006Z000C1N80.png,57,0.7142857142857082,0.7142857142857082
G0,W0082F0003T0006Z000C1N80.png,58,2.718042512920072,2.718042512920072
G0,W0082F0003T0006Z000C1N80.png,59,13.892443989449804,14.0
G0,W0082F0003T0006Z000C1N80.png,60,5.197153627444856,5.197153627444856
G0,W0082F0003T0006Z000C1N80.png,61,45.73626083924609,45.73626083924609
G0,W0082F0003T0006Z000C1N80.png,62,8.06225774829855,8.06225774829855
G0,W0082F0002T0006Z000C1N86.png,1,1.0307764064044151,1.0307764064044151
G0,W0082F0002T0006Z000C1N86.png,2,0.9972957261675682,0.9972957261675682
G0,W0082F0002T0006Z000C1N86.png,3,39.49270146986346,39.49270146986346
G0,W0082F0002T0006Z000C1N86.png,4,0.5,0.5
G0,W0082F0002T0006Z000C1N86.png,5,0.4013455344230377,0.4013455344230377
G0,W0082F0002T0006Z000C1N86.png,6,0.4857668038834077,0.4857668038834077
G0,W0082F0002T0006Z000C1N86.png,7,5.0,5.0
G0,W0082F0002T0006Z000C1N86.png,8,5.656854249492381,5.656854249492381
G0,W0082F0002T0006Z000C1N86.png,9,1.0198039027185568,1.0198039027185568
G0,W0082F0002T0006Z000C1N86.png,10,0.5605676686280747,0.5605676686280747
G0,W0082F0002T0006Z000C1N86.png,11,2.6874192494328497,2.6874192494328497
G0,W0082F0002T0006Z000C1N86.png,12,0.8944271909999126,0.8944271909999126
G0,W0082F0002T0006Z000C1N86.png,13,0.45175395145262853,0.45175395145262853
G0,W0082F0002T0006Z000C1N86.png,14,0.7071067811865476,0.7071067811865476
G0,W0082F0002T0006Z000C1N86.png,15,1.0,1.0
G0,W0082F0002T0006Z000C1N86.png,16,0.4472135954999643,0.4472135954999643
G0,W0082F0002T0006Z000C1N86.png,17,0.8838834764831844,0.8838834764831844
G0,W0082F0002T0006Z000C1N86.png,18,0.25,0.25
G0,W0082F0002T0006Z000C1N86.png,19,0.25,0.25
G0,W0082F0002T0006Z000C1N86.png,20,0.4472135954999579,0.4472135954999579
G0,W0082F0002T0006Z000C1N86.png,21,0.4472135954999643,0.4472135954999643
G0,W0082F0002T0006Z000C1N86.png,22,1.0,1.0
G0,W0082F0002T0006Z000C1N86.png,23,9.60208310732624,9.60208310732624
G0,W0082F0002T0006Z000C1N86.png,24,4.647799567142124,4.647799567142124
G0,W0082F0002T0006Z000C1N86.png,25,8.733055021010685,8.733055021010685
G0,W0082F0002T0006Z000C1N86.png,26,0.5884389414473123,0.5884389414473123
G0,W0082F0002T0006Z000C1N86.png,27,0.5,0.5
G0,W0082F0002T0006Z000C1N86.png,28,0.3041381265149077,0.3041381265149077
G0,W0082F0002T0006Z000C1N86.png,29,0.2857142857142918,0.2857142857142918
G0,W0082F0002T0006Z000C1N86.png,30,8.904555873928203,8.904555873928203
G0,W0082F0002T0006Z000C1N86.png,31,14.61540283399674,14.61540283399674
G0,W0082F0002T0006Z000C1N86.png,32,0.39528470752104744,0.39528470752104744
G0,W0082F0002T0006Z000C1N86.png,33,12.379418403139947,12.379418403139947
G0,W0082F0002T0006Z000C1N86.png,34,0.36363636363636687,0.36363636363636687
G0,W0082F0002T0006Z000C1N86.png,35,7.4010234379438335,7.4010234379438335
G0,W0082F0002T0006Z000C1N86.png,36,17.87987926817818,17.87987926817818
G0,W0082F0002T0006Z000C1N86.png,37,0.1571348402636795,0.1571348402636795
G0,W0082F0002T0006Z000C1N86.png,38,1.084652289093284,1.084652289093284
G0,W0082F0002T0006Z000C1N86.png,39,2.910511017014924,2.910511017014924
G0,W0082F0002T0006Z000C1N86.png,40,12.191800523302538,13.200000000000003
G0,W0082F0002T0006Z000C1N86.png,41,3.553167600887974,3.553167600887974
G0,W0082F0002T0006Z000C1N86.png,42,0.5762215285808054,0.5762215285808054
G0,W0082F0002T0006Z000C1N86.png,43,0.26666666666667993,0.26666666666667993
G0,W0082F0002T0006Z000C1N86.png,44,7.4452669529037125,7.4452669529037125
G0,W0082F0002T0006Z000C1N86.png,45,0.235294117647058,0.235294117647058
G0,W0082F0002T0006Z000C1N86.png,46,0.5668871656697917,0.5668871656697917
G0,W0082F0002T0006Z000C1N92.png,1,50.80354318352215,57.87054518492115
G0,W0082F0002T0006Z000C1N92.png,2,21.256385159161045,53.682715188732786
G0,W0082F0002T0006Z000C1N92.png,3,52.810404046079825,52.810404046079825
G0,W0082F0002T0006Z000C1N92.png,4,16.719914938645935,39.0327497821452
G0,W0082F0002T0006Z000C1N92.png,5,50.35871324805669,50.35871324805669
G0,W0082F0002T0006Z000C1N92.png,6,53.649324320069496,53.649324320069496
G0,W0082F0002T0006Z000C1N92.png,7,14.49413674559475,22.28542124349459
G0,W0082F0002T0006Z000C1N92.png,8,5.869678440936948,20.129657846073787
G0,W0082F0002T0006Z000C1N92.png,9,14.317821063276353,22.847319317591726
G0,W0082F0002T0006Z000C1N92.png,10,0.36421567954234185,0.36421567954234185
G0,W0082F0002T0006Z000C1N92.png,11,6.363961030678928,19.50640920313116
G0,W0082F0002T0006Z000C1N92.png,12,10.590921953987195,14.70464047043856
G0,W0082F0002T0006Z000C1N92.png,13,7.536946036396681,7.536946036396681
G0,W0082F0002T0006Z000C1N92.png,14,16.070158679988197,16.070158679988197
G0,W0082F0002T0006Z000C1N92.png,15,25.68301670245876,25.68301670245876
G0,W0082F0002T0006Z000C1N92.png,16,15.558244917433225,15.661456098749534
G0,W0082F0002T0006Z000C1N92.png,17,25.23335535005645,25.23335535005645
G0,W0082F0002T0006Z000C1N92.png,18,25.400915940419257,25.400915940419257
G0,W0082F0002T0006Z000C1N92.png,19,14.002915148391825,16.002550817074795
G0,W0082F0002T0006Z000C1N92.png,20,11.571036638473196,11.571036638473196
G0,W0082F0002T0006Z000C1N92.png,21,49.64876634922564,52.92447448959697
G0,W0082F0002T0006Z000C1N92.png,22,23.04886114323222,23.04886114323222
G0,W0082F0002T0006Z000C1N92.png,23,48.263679056298464,57.419938895091576
G0,W0082F0002T0006Z000C1N92.png,24,32.190837205639745,38.69431482789171
G0,W0082F0002T0006Z000C1N92.png,25,29.502542263337244,38.2125633790773
G0,W0082F0002T0006Z000C1N92.png,26,61.326268781033384,73.04521579334171
G0,W0082F0002T0006Z000C1N92.png,27,36.6742416417845,53.41348144429457
G0,W0082F0003T0006Z000C1N94.png,1,0.5758755534498964,0.5758755534498964
G0,W0082F0003T0006Z000C1N94.png,2,0.278937488425239,0.278937488425239
G0,W0082F0003T0006Z000C1N94.png,3,0.0,0.0
G0,W0082F0003T0006Z000C1N94.png,4,0.2666666666666666,0.2666666666666666
G0,W0082F0003T0006Z000C1N94.png,5,0.08474576271186578,0.08474576271186578
G0,W0082F0003T0006Z000C1N94.png,6,0.0,0.0
G0,W0082F0003T0006Z000C1N94.png,7,0.3545978637420346,0.3545978637420346
G0,W0082F0003T0006Z000C1N94.png,8,0.48541219597369384,0.48541219597369384
G0,W0082F0003T0006Z000C1N94.png,9,0.7071067811865476,0.7071067811865476
G0,W0082F0003T0006Z000C1N94.png,10,0.5,0.5
G0,W0082F0003T0006Z000C1N94.png,11,0.5150787536377139,0.5150787536377139
G0,W0082F0003T0006Z000C1N94.png,12,0.4485347611419476,0.4485347611419476
G0,W0082F0003T0006Z000C1N94.png,13,0.4714045207910325,0.4714045207910325
G0,W0082F0003T0006Z000C1N94.png,14,0.20203050891043894,0.20203050891043894
G0,W0082F0003T0006Z000C1N94.png,15,0.0,0.0
G0,W0082F0003T0006Z000C1N94.png,16,0.7071067811865476,0.7071067811865476
G0,W0082F0003T0006Z000C1N94.png,17,0.2357022603955175,0.2357022603955175
G0,W0082F0003T0006Z000C1N94.png,18,0.4666321744566249,0.4666321744566249
G0,W0082F0003T0006Z000C1N94.png,19,0.5,0.5
G0,W0082F0003T0006Z000C1N94.png,20,0.7071067811865476,0.7071067811865476
G0,W0082F0003T0006Z000C1N94.png,21,0.6070261325705674,0.6070261325705674
G0,W0082F0003T0006Z000C1N94.png,22,0.5578749768504749,0.5578749768504749
G0,W0082F0003T0006Z000C1N94.png,23,0.6115283657760751,0.6115283657760751
G0,W0082F0003T0006Z000C1N94.png,24,0.0,0.0
G0,W0082F0003T0006Z000C1N94.png,25,0.4714045207910325,0.4714045207910325
G0,W0082F0003T0006Z000C1N94.png,26,0.20951312035157058,0.20951312035157058
G0,W0082F0003T0006Z000C1N94.png,27,0.6009252125773319,0.6009252125773319
G0,W0082F0003T0006Z000C1N94.png,28,0.28284271247462306,0.28284271247462306
G0,W0082F0003T0006Z000C1N94.png,29,0.6957953100039678,0.6957953100039678
G0,W0082F0003T0006Z000C1N94.png,30,0.3795317132067406,0.3795317132067406
G0,W0082F0003T0006Z000C1N94.png,31,0.42824175819296867,0.42824175819296867
G0,W0082F0003T0006Z000C1N94.png,32,0.5,0.5
G0,W0082F0003T0006Z000C1N94.png,33,0.0,0.0
G0,W0082F0003T0006Z000C1N94.png,34,0.45175395145262626,0.45175395145262626
G0,W0082F0003T0006Z000C1N94.png,35,0.26446793609992214,0.26446793609992214
G0,W0082F0003T0006Z000C1N94.png,36,0.25,0.25
G0,W0082F0003T0006Z000C1N94.png,37,0.5303300858899106,0.5303300858899106
G0,W0082F0003T0006Z000C1N94.png,38,0.5,0.5
G0,W0082F0003T0006Z000C1N94.png,39,0.136859377003844,0.136859377003844
G0,W0082F0003T0006Z000C1N94.png,40,0.48097484919230493,0.48097484919230493
G0,W0082F0003T0006Z000C1N94.png,41,0.1597191412499841,0.1597191412499841
G0,W0082F0003T0006Z000C1N94.png,42,0.20203050891043894,0.20203050891043894
G0,W0082F0003T0006Z000C1N94.png,43,0.5,0.5
G0,W0082F0003T0006Z000C1N94.png,44,0.0,0.0
G0,W0082F0003T0006Z000C1N94.png,45,0.5200078492343216,0.5200078492343216
G0,W0082F0003T0006Z000C1N94.png,46,0.7071067811865476,0.7071067811865476
G0,W0082F0003T0006Z000C1N94.png,47,0.5500453385749546,0.5500453385749546
G0,W0082F0003T0006Z000C1N94.png,48,0.2484519974999821,0.2484519974999821
G0,W0082F0003T0006Z000C1N94.png,49,0.0,0.0
G0,W0082F0003T0006Z000C1N94.png,50,0.0,0.0
G0,W0082F0003T0006Z000C1N94.png,51,0.2571297386132923,0.2571297386132923
G0,W0082F0003T0006Z000C1N94.png,52,0.5,0.5
G0,W0082F0003T0006Z000C1N94.png,53,0.0,0.0
G0,W0082F0003T0006Z000C1N94.png,54,0.5,0.5
G0,W0082F0003T0006Z000C1N94.png,55,0.0,0.0
G0,W0082F0003T0006Z000C1N94.png,56,0.0,0.0
G0,W0082F0003T0006Z000C1N94.png,57,0.1767766952966369,0.1767766952966369
G0,W0082F0003T0006Z000C1N94.png,58,0.0,0.0
G0,W0082F0003T0006Z000C1N94.png,59,0.6691577515210718,0.6691577515210718
G0,W0082F0003T0006Z000C1N94.png,60,0.7071067811865476,0.7071067811865476
G0,W0082F0003T0006Z000C1N94.png,61,0.0,0.0
G0,W0082F0003T0006Z000C1N94.png,62,0.5100398185921315,0.5100398185921315
G0,W0082F0003T0006Z000C1N94.png,63,0.5555555555555614,0.5555555555555614
G0,W0082F0003T0006Z000C1N94.png,64,0.3535533905932738,0.3535533905932738
G0,W0082F0003T0006Z000C1N94.png,65,0.6388765649999535,0.6388765649999535
G0,W0082F0003T0006Z000C1N81.png,1,13.341664064126332,13.341664064126332
G0,W0082F0003T0006Z000C1N81.png,2,11.661903789690601,11.661903789690601
G0,W0082F0003T0006Z000C1N81.png,3,0.44721359549996276,0.44721359549996276
G0,W0082F0003T0006Z000C1N81.png,4,0.35600015605489604,0.35600015605489604
G0,W0082F0003T0006Z000C1N81.png,5,0.5,0.5
G0,W0082F0003T0006Z000C1N81.png,6,0.5,0.5
G0,W0082F0003T0006Z000C1N81.png,7,0.5,0.5
G0,W0082F0003T0006Z000C1N81.png,8,8.514693182963201,8.514693182963201
G0,W0082F0003T0006Z000C1N81.png,9,11.333333333333334,11.333333333333334
G0,W0082F0003T0006Z000C1N81.png,10,11.677643038677603,15.577325226895976
G0,W0082F0003T0006Z000C1N81.png,11,0.0,0.0
G0,W0082F0003T0006Z000C1N81.png,12,0.0,0.0
G0,W0082F0003T0006Z000C1N81.png,13,0.40614533015286286,0.40614533015286286
G0,W0082F0003T0006Z000C1N81.png,14,19.36001033057575,19.36001033057575
G0,W0082F0003T0006Z000C1N81.png,15,9.219544457292887,9.848857801796104
G0,W0082F0003T0006Z000C1N81.png,16,22.089217233879975,22.089217233879975
G0,W0082F0003T0006Z000C1N81.png,17,14.019827229875402,14.019827229875402
G0,W0082F0003T0006Z000C1N81.png,18,0.5555555555555713,0.5555555555555713
G0,W0082F0003T0006Z000C1N81.png,19,42.028144964247495,42.028144964247495
G0,W0082F0003T0006Z000C1N81.png,20,3.5355339059327378,3.5355339059327378
G0,W0082F0001T0006Z000C1N5.png,1,36.18355980276125,36.52738698565776
G0,W0082F0001T0006Z000C1N5.png,2,34.936450242627046,34.936450242627046
G0,W0082F0001T0006Z000C1N5.png,3,19.985995096567,38.44008324652797
G0,W0082F0001T0006Z000C1N5.png,4,8.472122491095854,10.572457590557283
G0,W0082F0001T0006Z000C1N5.png,5,31.016124838541646,32.2490309931942
G0,W0082F0001T0006Z000C1N5.png,6,1.0,42.42640687119285
G0,W0082F0001T0006Z000C1N5.png,7,8.5,34.860436027106715
G0,W0082F0001T0006Z000C1N5.png,8,0.3846546290810343,0.3846546290810343
G0,W0082F0001T0006Z000C1N5.png,9,18.714225130157597,18.714225130157597
G0,W0082F0001T0006Z000C1N5.png,10,26.023066690918654,28.572714256787016
G0,W0082F0001T0006Z000C1N5.png,11,11.780545403333413,11.780545403333413
G0,W0082F0001T0006Z000C1N5.png,12,0.1767766952966369,15.166781135099168
G0,W0082F0001T0006Z000C1N5.png,13,1.118033988749895,1.118033988749895
G0,W0082F0001T0006Z000C1N5.png,14,5.220153254455275,18.200274723201296
G0,W0082F0001T0006Z000C1N5.png,15,6.264982043070834,37.003378224156776
G0,W0082F0001T0006Z000C1N5.png,16,7.433034373659253,15.945218719101975
G0,W0082F0001T0006Z000C1N5.png,17,1.118033988749895,35.28809997718778
G0,W0082F0001T0006Z000C1N5.png,18,1.264911064067354,17.18138527593163
G0,W0082F0001T0006Z000C1N5.png,19,0.35355339059326973,0.35355339059326973
G0,W0082F0001T0006Z000C1N5.png,20,0.7071067811865476,6.96419413859206
G0,W0082F0001T0006Z000C1N5.png,21,10.965856099730654,26.51886121235224
G0,W0082F0001T0006Z000C1N5.png,22,0.20000000000000284,0.20000000000000284
G0,W0082F0001T0006Z000C1N5.png,23,0.5,5.024937810560445
G0,W0082F0001T0006Z000C1N5.png,24,0.7999999999999972,19.303885619221848
G0,W0082F0001T0006Z000C1N5.png,25,0.4472135954999643,36.36756796927724
G0,W0082F0001T0006Z000C1N5.png,26,6.020797289396148,33.98896879871468
G0,W0082F0001T0006Z000C1N5.png,27,7.924387570490662,33.04449690205926
G0,W0082F0001T0006Z000C1N5.png,28,1.118033988749895,41.608292442733095
G0,W0082F0001T0006Z000C1N5.png,29,17.5,44.63462781294362
G0,W0082F0001T0006Z000C1N5.png,30,0.673145600891813,59.75745246410693
G0,W0082F0001T0006Z000C1N5.png,31,12.539936203984453,71.77917525299382
G0,W0082F0001T0006Z000C1N5.png,32,0.5,63.460617708938194
G0,W0082F0001T0006Z000C1N5.png,33,6.020797289396148,68.90029027515051
G0,W0082F0001T0006Z000C1N5.png,34,26.570660511172854,83.49371233811563
G0,W0082F0001T0006Z000C1N35.png,1,3.5608987629529736,4.804164859785726
G0,W0082F0001T0006Z000C1N35.png,2,0.4714045207910275,0.4714045207910275
G0,W0082F0001T0006Z000C1N35.png,3,0.4472135954999643,0.4472135954999643
G0,W0082F0001T0006Z000C1N35.png,4,0.2857142857142918,0.2857142857142918
G0,W0082F0001T0006Z000C1N35.png,5,0.3333333333333286,0.3333333333333286
G0,W0082F0001T0006Z000C1N35.png,6,3.6817870057290847,6.674994798166926
G0,W0082F0001T0006Z000C1N35.png,7,0.47140452079103,0.47140452079103
G0,W0082F0001T0006Z000C1N35.png,8,0.4472135954999643,0.4472135954999643
G0,W0082F0001T0006Z000C1N35.png,9,0.5,0.5
G0,W0082F0001T0006Z000C1N35.png,10,0.5,0.5
G0,W0082F0001T0006Z000C1N35.png,11,0.5,0.5
G0,W0082F0001T0006Z000C1N35.png,12,0.7142857142857153,0.7142857142857153
G0,W0082F0001T0006Z000C1N35.png,13,0.12856486930664865,0.12856486930664865
G0,W0082F0001T0006Z000C1N35.png,14,12.0,12.0
G0,W0082F0001T0006Z000C1N35.png,15,0.4472135954999579,0.4472135954999579
G0,W0082F0001T0006Z000C1N35.png,16,0.24253562503633297,0.24253562503633297
G0,W0082F0001T0006Z000C1N35.png,17,0.47140452079102496,0.47140452079102496
G0,W0082F0001T0006Z000C1N35.png,18,1.118033988749895,1.118033988749895
G0,W0082F0001T0006Z000C1N35.png,19,32.055507413790146,32.055507413790146
G0,W0082F0001T0006Z000C1N35.png,20,20.6071119088651,20.6071119088651
G0,W0082F0001T0006Z000C1N35.png,21,0.7453559924999352,0.7453559924999352
G0,W0082F0001T0006Z000C1N35.png,22,0.35136418446314976,0.35136418446314976
G0,W0082F0001T0006Z000C1N35.png,23,16.56567196353066,16.56567196353066
G0,W0082F0001T0006Z000C1N35.png,24,0.5473452081269228,0.5473452081269228
G0,W0082F0001T0006Z000C1N35.png,25,33.50476128086793,33.50476128086793
G0,W0082F0001T0006Z000C1N35.png,26,18.721645226849056,18.721645226849056
G0,W0082F0001T0006Z000C1N35.png,27,14.851528582424363,14.851528582424363
G0,W0082F0001T0006Z000C1N35.png,28,0.5,0.5
G0,W0082F0001T0006Z000C1N35.png,29,0.5821022034029872,0.5821022034029872
G0,W0082F0001T0006Z000C1N35.png,30,10.918892902772802,10.918892902772802
G0,W0082F0001T0006Z000C1N35.png,31,1.118033988749895,1.118033988749895
G0,W0082F0001T0006Z000C1N35.png,32,50.774009099144415,51.31276644267
G0,W0082F0001T0006Z000C1N35.png,33,55.74408289475913,56.25154318870826
G0,W0082F0001T0006Z000C1N35.png,34,0.4791574237499588,0.4791574237499588
G0,W0082F0001T0006Z000C1N35.png,35,7.276889788913942,28.45088970489324
G0,W0082F0002T0006Z000C1N50.png,1,19.04205871222962,19.04205871222962
G0,W0082F0002T0006Z000C1N50.png,2,13.0,13.0
G0,W0082F0002T0006Z000C1N50.png,3,5.215361924162119,5.215361924162119
G0,W0082F0002T0006Z000C1N50.png,4,0.5,0.5
G0,W0082F0002T0006Z000C1N50.png,5,0.47140452079103756,0.9428090415820575
G0,W0082F0002T0006Z000C1N50.png,6,0.0,0.0
G0,W0082F0002T0006Z000C1N50.png,7,7.615773105863909,9.433981132056603
G0,W0082F0002T0006Z000C1N50.png,8,9.600186469382436,9.600186469382436
G0,W0082F0002T0006Z000C1N50.png,9,2.3570226039551603,7.3635740114581765
G0,W0082F0002T0006Z000C1N50.png,10,0.20000000000000284,0.20000000000000284
G0,W0082F0002T0006Z000C1N50.png,11,14.150971698084906,14.150971698084906
G0,W0082F0002T0006Z000C1N50.png,12,5.656854249492381,29.0
G0,W0082F0002T0006Z000C1N50.png,13,0.485912657903773,0.485912657903773
G0,W0082F0002T0006Z000C1N50.png,14,0.5,0.5
G0,W0082F0002T0006Z000C1N50.png,15,0.4472135954999579,0.4472135954999579
G0,W0082F0002T0006Z000C1N50.png,16,5.9236812878479554,5.9236812878479554
G0,W0082F0002T0006Z000C1N50.png,17,0.0,0.0
G0,W0082F0002T0006Z000C1N50.png,18,0.0,0.0
G0,W0082F0002T0006Z000C1N50.png,19,6.103277807866851,13.313526955694348
G0,W0082F0002T0006Z000C1N50.png,20,0.5,1.118033988749895
G0,W0082F0002T0006Z000C1N50.png,21,0.7071067811865476,0.7071067811865476
G0,W0082F0002T0006Z000C1N50.png,22,0.5,0.5
G0,W0082F0002T0006Z000C1N50.png,23,7.616429609731847,7.616429609731847
G0,W0082F0002T0006Z000C1N50.png,24,0.3124099870362641,0.3124099870362641
G0,W0082F0002T0006Z000C1N50.png,25,0.7071067811865476,0.7071067811865476
G0,W0082F0002T0006Z000C1N50.png,26,0.40406101782089293,0.40406101782089293
G0,W0082F0002T0006Z000C1N50.png,27,6.453059375880711,6.453059375880711
G0,W0082F0002T0006Z000C1N50.png,28,14.524052357583034,23.412060299641468
G0,W0082F0002T0006Z000C1N50.png,29,0.47140452079102496,0.47140452079102496
G0,W0082F0002T0006Z000C1N50.png,30,3.5355339059327378,6.519202405202649
G0,W0082F0002T0006Z000C1N50.png,31,13.793114224133722,13.793114224133722
G0,W0082F0002T0006Z000C1N50.png,32,0.7071067811865476,0.7071067811865476
G0,W0082F0002T0006Z000C1N50.png,33,0.2857142857142857,23.77144574175204
G0,W0082F0002T0006Z000C1N50.png,34,11.469767022723502,13.3374993491617
G0,W0082F0002T0006Z000C1N50.png,35,6.725429722975161,9.711967568396574
G0,W0082F0002T0006Z000C1N50.png,36,29.25,37.04136201599504
G0,W0082F0002T0006Z000C1N50.png,37,22.26858774148015,52.603136788598455
G0,W0082F0002T0006Z000C1N50.png,38,36.872384030350325,44.571786285194605
G0,W0082F0003T0006Z000C1N56.png,1,7.810249675906654,7.810249675906654
G0,W0082F0003T0006Z000C1N56.png,2,8.602325267042627,8.602325267042627
G0,W0082F0003T0006Z000C1N56.png,3,7.0,7.0
G0,W0082F0003T0006Z000C1N56.png,4,7.211102550927978,7.211102550927978
G0,W0082F0003T0006Z000C1N56.png,5,3.1622776601683795,3.1622776601683795
G0,W0082F0003T0006Z000C1N56.png,6,4.47213595499958,4.47213595499958
G0,W0082F0003T0006Z000C1N56.png,7,2.8284271247461903,2.8284271247461903
G0,W0082F0003T0006Z000C1N56.png,8,3.1622776601683795,3.1622776601683795
G0,W0082F0003T0006Z000C1N56.png,9,4.47213595499958,4.47213595499958
G0,W0082F0003T0006Z000C1N56.png,10,0.0,0.0
G0,W0082F0003T0006Z000C1N56.png,11,5.0,5.0
G0,W0082F0003T0006Z000C1N56.png,12,1.4142135623730951,1.4142135623730951
G0,W0082F0003T0006Z000C1N56.png,13,3.605551275463989,3.605551275463989
G0,W0082F0003T0006Z000C1N56.png,14,1.118033988749895,1.118033988749895
G0,W0082F0003T0006Z000C1N56.png,15,1.0,1.0
G0,W0082F0003T0006Z000C1N56.png,16,0.0,0.0
G0,W0082F0003T0006Z000C1N56.png,17,1.3626488972411865,1.3626488972411865
G0,W0082F0003T0006Z000C1N56.png,18,3.605551275463989,3.605551275463989
G0,W0082F0003T0006Z000C1N56.png,19,3.1622776601683795,3.1622776601683795
G0,W0082F0003T0006Z000C1N56.png,20,0.0,0.0
G0,W0082F0003T0006Z000C1N56.png,21,0.0,0.0
G0,W0082F0003T0006Z000C1N56.png,22,1.7202277969703292,1.7202277969703292
G0,W0082F0003T0006Z000C1N56.png,23,5.0990195135927845,5.0990195135927845
G0,W0082F0003T0006Z000C1N56.png,24,2.0,2.0
G0,W0082F0003T0006Z000C1N56.png,25,0.0,0.0
G0,W0082F0003T0006Z000C1N56.png,26,6.4031242374328485,6.4031242374328485
G0,W0082F0003T0006Z000C1N56.png,27,4.123105625617661,4.123105625617661
G0,W0082F0003T0006Z000C1N56.png,28,4.123105625617661,4.123105625617661
G0,W0082F0003T0006Z000C1N56.png,29,2.0,2.0
G0,W0082F0003T0006Z000C1N56.png,30,1.0,1.0
G0,W0082F0003T0006Z000C1N56.png,31,1.280624847486568,1.280624847486568
G0,W0082F0003T0006Z000C1N56.png,32,0.0,0.0
G0,W0082F0003T0006Z000C1N56.png,33,0.5060579754891882,0.5060579754891882
G0,W0082F0003T0006Z000C1N56.png,34,0.5,0.5
G0,W0082F0003T0006Z000C1N56.png,35,2.23606797749979,2.23606797749979
G0,W0082F0003T0006Z000C1N56.png,36,5.0,5.0
G0,W0082F0003T0006Z000C1N56.png,37,1.0540925533894594,1.0540925533894594
G0,W0082F0003T0006Z000C1N56.png,38,2.23606797749979,2.23606797749979
G0,W0082F0003T0006Z000C1N56.png,39,3.0413812651491097,3.0413812651491097
G0,W0082F0003T0006Z000C1N56.png,40,4.031128874149275,4.031128874149275
G0,W0082F0003T0006Z000C1N56.png,41,1.0,1.0
G0,W0082F0003T0006Z000C1N56.png,42,0.0,0.0
G0,W0082F0003T0006Z000C1N56.png,43,0.7071067811865476,0.7071067811865476
G0,W0082F0003T0006Z000C1N56.png,44,1.4142135623730951,1.4142135623730951
G0,W0082F0003T0006Z000C1N56.png,45,2.6874192494328475,2.6874192494328475
G0,W0082F0003T0006Z000C1N56.png,46,0.388176172984271,0.388176172984271
G0,W0082F0003T0006Z000C1N56.png,47,3.0413812651491097,3.0413812651491097
G0,W0082F0003T0006Z000C1N56.png,48,0.7071067811865476,0.7071067811865476
G0,W0082F0003T0006Z000C1N56.png,49,2.23606797749979,2.23606797749979
G0,W0082F0003T0006Z000C1N56.png,50,0.6666666666666643,0.6666666666666643
G0,W0082F0003T0006Z000C1N56.png,51,2.0,2.0
G0,W0082F0003T0006Z000C1N56.png,52,0.0,0.0
G0,W0082F0003T0006Z000C1N56.png,53,1.655294535724686,1.655294535724686
G0,W0082F0003T0006Z000C1N56.png,54,0.5,0.5
G0,W0082F0003T0006Z000C1N56.png,55,3.605551275463989,3.605551275463989
G0,W0082F0003T0006Z000C1N56.png,56,1.75,1.75
G0,W0082F0003T0006Z000C1N56.png,57,1.0,1.0
G0,W0082F0003T0006Z000C1N56.png,58,1.4142135623730951,1.4142135623730951
G0,W0082F0003T0006Z000C1N56.png,59,2.0,2.0
G0,W0082F0003T0006Z000C1N56.png,60,1.0307764064044151,1.0307764064044151
G0,W0082F0003T0006Z000C1N56.png,61,3.1622776601683795,3.1622776601683795
G0,W0082F0003T0006Z000C1N56.png,62,3.1622776601683795,3.1622776601683795
G0,W0082F0003T0006Z000C1N56.png,63,3.0,3.0
G0,W0082F0003T0006Z000C1N56.png,64,4.242640687119285,4.242640687119285
G0,W0082F0003T0006Z000C1N56.png,65,4.242640687119285,4.242640687119285
G0,W0082F0003T0006Z000C1N56.png,66,0.5,0.5
G0,W0082F0003T0006Z000C1N56.png,67,3.1622776601683795,3.1622776601683795
G0,W0082F0003T0006Z000C1N56.png,68,5.385164807134504,5.385164807134504
G0,W0082F0003T0006Z000C1N56.png,69,0.7071067811865476,0.7071067811865476
G0,W0082F0003T0006Z000C1N56.png,70,2.23606797749979,2.23606797749979
G0,W0082F0003T0006Z000C1N56.png,71,0.0,0.0
G0,W0082F0003T0006Z000C1N56.png,72,4.123105625617661,4.123105625617661
G0,W0082F0003T0006Z000C1N56.png,73,4.6097722286464435,4.6097722286464435
G0,W0082F0003T0006Z000C1N56.png,74,5.0,5.0
G0,W0082F0003T0006Z000C1N56.png,75,4.242640687119285,4.242640687119285
G0,W0082F0003T0006Z000C1N56.png,76,3.1622776601683795,3.1622776601683795
G0,W0082F0003T0006Z000C1N56.png,77,4.326661530556792,4.326661530556792
G0,W0082F0003T0006Z000C1N56.png,78,1.5811388300841898,1.5811388300841898
G0,W0082F0003T0006Z000C1N56.png,79,1.0,1.0
G0,W0082F0003T0006Z000C1N56.png,80,4.0,4.0
G0,W0082F0003T0006Z000C1N56.png,81,3.605551275463989,3.605551275463989
G0,W0082F0003T0006Z000C1N56.png,82,3.1622776601683795,3.1622776601683795
G0,W0082F0003T0006Z000C1N56.png,83,0.0,0.0
G0,W0082F0003T0006Z000C1N56.png,84,0.0,0.0
G0,W0082F0003T0006Z000C1N56.png,85,1.0,1.0
G0,W0082F0003T0006Z000C1N56.png,86,2.5079872407968877,2.5079872407968877
G0,W0082F0003T0006Z000C1N56.png,87,2.0,2.0
G0,W0082F0003T0006Z000C1N56.png,88,0.47140452079102496,0.47140452079102496
G0,W0082F0003T0006Z000C1N56.png,89,4.47213595499958,4.47213595499958
G0,W0082F0003T0006Z000C1N56.png,90,2.8284271247461903,2.8284271247461903
G0,W0082F0003T0006Z000C1N56.png,91,1.5,1.5
G0,W0082F0003T0006Z000C1N56.png,92,2.0,2.0
G0,W0082F0003T0006Z000C1N56.png,93,2.0,2.0
G0,W0082F0003T0006Z000C1N56.png,94,2.0,2.0
G0,W0082F0003T0006Z000C1N56.png,95,0.0,0.0
G0,W0082F0003T0006Z000C1N56.png,96,0.0,0.0
G0,W0082F0003T0006Z000C1N56.png,97,6.082762530298219,6.082762530298219
G0,W0082F0003T0006Z000C1N56.png,98,2.0,2.0
G0,W0082F0003T0006Z000C1N56.png,99,3.8078865529319543,3.8078865529319543
G0,W0082F0003T0006Z000C1N56.png,100,5.385164807134504,5.385164807134504
G0,W0082F0003T0006Z000C1N56.png,101,1.0,1.0
G0,W0082F0003T0006Z000C1N56.png,102,0.0,0.0
G0,W0082F0003T0006Z000C1N56.png,103,2.23606797749979,2.23606797749979
G0,W0082F0003T0006Z000C1N56.png,104,1.4142135623730951,1.4142135623730951
G0,W0082F0003T0006Z000C1N56.png,105,1.0540925533894583,1.0540925533894583
G0,W0082F0003T0006Z000C1N56.png,106,0.0,0.0
G0,W0082F0003T0006Z000C1N56.png,107,2.0,2.0
G0,W0082F0003T0006Z000C1N56.png,108,3.544094371617926,3.544094371617926
G0,W0082F0003T0006Z000C1N56.png,109,2.23606797749979,2.23606797749979
G0,W0082F0003T0006Z000C1N56.png,110,0.0,0.0
G0,W0082F0003T0006Z000C1N56.png,111,0.0,0.0
G0,W0082F0003T0006Z000C1N56.png,112,0.0,0.0
G0,W0082F0003T0006Z000C1N56.png,113,2.0,2.0
G0,W0082F0003T0006Z000C1N56.png,114,2.8284271247461903,2.8284271247461903
G0,W0082F0003T0006Z000C1N56.png,115,5.385164807134504,5.385164807134504
G0,W0082F0003T0006Z000C1N56.png,116,4.031128874149275,4.031128874149275
G0,W0082F0003T0006Z000C1N56.png,117,4.123105625617661,4.123105625617661
G0,W0082F0003T0006Z000C1N56.png,118,9.219544457292887,9.219544457292887
G0,W0082F0003T0006Z000C1N56.png,119,3.0,3.0
G0,W0082F0003T0006Z000C1N56.png,120,5.0,5.0
G0,W0082F0003T0006Z000C1N56.png,121,3.8078865529319543,3.8078865529319543
G0,W0082F0003T0006Z000C1N56.png,122,4.123105625617661,4.123105625617661
G0,W0082F0003T0006Z000C1N56.png,123,0.0,0.0
G0,W0082F0003T0006Z000C1N56.png,124,0.0,0.0
G0,W0082F0003T0006Z000C1N56.png,125,0.6666666666666714,0.6666666666666714
G0,W0082F0003T0006Z000C1N56.png,126,2.23606797749979,2.23606797749979
G0,W0082F0003T0006Z000C1N56.png,127,0.0,0.0
G0,W0082F0003T0006Z000C1N56.png,128,2.0,2.0
G0,W0082F0003T0006Z000C1N56.png,129,0.0,0.0
G0,W0082F0003T0006Z000C1N56.png,130,2.23606797749979,2.23606797749979
G0,W0082F0003T0006Z000C1N56.png,131,3.605551275463989,3.605551275463989
G0,W0082F0003T0006Z000C1N56.png,132,2.0,2.0
G0,W0082F0003T0006Z000C1N56.png,133,2.23606797749979,2.23606797749979
G0,W0082F0003T0006Z000C1N56.png,134,5.0990195135927845,5.0990195135927845
G0,W0082F0003T0006Z000C1N56.png,135,0.0,0.0
G0,W0082F0003T0006Z000C1N56.png,136,2.0,2.0
G0,W0082F0003T0006Z000C1N56.png,137,1.0540925533894583,1.0540925533894583
G0,W0082F0003T0006Z000C1N56.png,138,2.0,2.0
G0,W0082F0003T0006Z000C1N56.png,139,5.0990195135927845,5.0990195135927845
G0,W0082F0003T0006Z000C1N56.png,140,3.605551275463989,3.605551275463989
G0,W0082F0003T0006Z000C1N56.png,141,2.8284271247461903,2.8284271247461903
G0,W0082F0003T0006Z000C1N56.png,142,0.7071067811865476,0.7071067811865476
G0,W0082F0003T0006Z000C1N56.png,143,2.692582403567252,2.692582403567252
G0,W0082F0003T0006Z000C1N56.png,144,6.5,6.5
G0,W0082F0003T0006Z000C1N56.png,145,4.47213595499958,4.47213595499958
G0,W0082F0003T0006Z000C1N56.png,146,3.605551275463989,3.605551275463989
G0,W0082F0003T0006Z000C1N56.png,147,2.0,2.0
G0,W0082F0003T0006Z000C1N56.png,148,0.0,0.0
G0,W0082F0003T0006Z000C1N56.png,149,0.7071067811865476,0.7071067811865476
G0,W0082F0003T0006Z000C1N56.png,150,1.0,1.0
G0,W0082F0003T0006Z000C1N56.png,151,2.5,2.5
G0,W0082F0003T0006Z000C1N56.png,152,3.605551275463989,3.605551275463989
G0,W0082F0003T0006Z000C1N56.png,153,6.791538853603062,6.791538853603062
G0,W0082F0003T0006Z000C1N56.png,154,0.808901098808949,0.808901098808949
G0,W0082F0003T0006Z000C1N56.png,155,2.23606797749979,2.23606797749979
G0,W0082F0003T0006Z000C1N56.png,156,2.23606797749979,2.23606797749979
G0,W0082F0003T0006Z000C1N56.png,157,2.0,2.0
G0,W0082F0003T0006Z000C1N56.png,158,1.0,1.0
G0,W0082F0003T0006Z000C1N56.png,159,0.5,0.5
G0,W0082F0003T0006Z000C1N56.png,160,0.7071067811865476,0.7071067811865476
G0,W0082F0003T0006Z000C1N56.png,161,2.23606797749979,2.23606797749979
G0,W0082F0003T0006Z000C1N56.png,162,0.0,0.0
G0,W0082F0003T0006Z000C1N56.png,163,1.0,1.0
G0,W0082F0003T0006Z000C1N56.png,164,0.7905694150420949,0.7905694150420949
G0,W0082F0003T0006Z000C1N56.png,165,2.0,2.0
G0,W0082F0003T0006Z000C1N56.png,166,0.745355992499932,0.745355992499932
G0,W0082F0003T0006Z000C1N56.png,167,2.0615528128088303,2.0615528128088303
G0,W0082F0003T0006Z000C1N56.png,168,0.5,0.5
G0,W0082F0003T0006Z000C1N56.png,169,0.0,0.0
G0,W0082F0003T0006Z000C1N56.png,170,2.23606797749979,2.23606797749979
G0,W0082F0003T0006Z000C1N56.png,171,2.0,2.0
G0,W0082F0003T0006Z000C1N56.png,172,0.0,0.0
G0,W0082F0003T0006Z000C1N56.png,173,0.4288173241843912,0.4288173241843912
G0,W0082F0003T0006Z000C1N56.png,174,3.605551275463989,3.605551275463989
G0,W0082F0003T0006Z000C1N56.png,175,0.5,0.5
G0,W0082F0003T0006Z000C1N56.png,176,6.670832032063167,6.670832032063167
G0,W0082F0003T0006Z000C1N56.png,177,1.4142135623730951,1.4142135623730951
G0,W0082F0003T0006Z000C1N56.png,178,3.605551275463989,3.605551275463989
G0,W0082F0003T0006Z000C1N56.png,179,5.4918120870983875,5.4918120870983875
G0,W0082F0003T0006Z000C1N56.png,180,5.0,5.0
G0,W0082F0003T0006Z000C1N56.png,181,0.0,0.0
G0,W0082F0003T0006Z000C1N56.png,182,0.0,0.0
G0,W0082F0003T0006Z000C1N56.png,183,2.0,2.0
G0,W0082F0003T0006Z000C1N56.png,184,0.0,0.0
G0,W0082F0003T0006Z000C1N56.png,185,2.0615528128088303,2.0615528128088303
G0,W0082F0003T0006Z000C1N56.png,186,2.0615528128088303,2.0615528128088303
G0,W0082F0003T0006Z000C1N56.png,187,0.5,0.5
G0,W0082F0003T0006Z000C1N56.png,188,0.3333333333333286,0.3333333333333286
G0,W0082F0003T0006Z000C1N56.png,189,0.0,0.0
G0,W0082F0003T0006Z000C1N56.png,190,2.23606797749979,2.23606797749979
G0,W0082F0003T0006Z000C1N56.png,191,1.118033988749895,1.118033988749895
G0,W0082F0003T0006Z000C1N56.png,192,2.0,2.0
G0,W0082F0003T0006Z000C1N56.png,193,0.0,0.0
G0,W0082F0003T0006Z000C1N56.png,194,0.0,0.0
G0,W0082F0003T0006Z000C1N56.png,195,0.5,0.5
G0,W0082F0003T0006Z000C1N56.png,196,0.0,0.0
G0,W0082F0003T0006Z000C1N56.png,197,1.0540925533894583,1.0540925533894583
G0,W0082F0003T0006Z000C1N56.png,198,3.1622776601683795,3.1622776601683795
G0,W0082F0003T0006Z000C1N56.png,199,2.8284271247461903,2.8284271247461903
G0,W0082F0003T0006Z000C1N56.png,200,2.23606797749979,2.23606797749979
G0,W0082F0003T0006Z000C1N56.png,201,0.4617948006093453,0.4617948006093453
G0,W0082F0003T0006Z000C1N56.png,202,0.0,0.0
G0,W0082F0003T0006Z000C1N56.png,203,6.4031242374328485,6.4031242374328485
G0,W0082F0003T0006Z000C1N56.png,204,0.0,0.0
G0,W0082F0003T0006Z000C1N56.png,205,3.605551275463989,3.605551275463989
G0,W0082F0003T0006Z000C1N56.png,206,3.0,3.0
G0,W0082F0003T0006Z000C1N56.png,207,0.0,0.0
G0,W0082F0003T0006Z000C1N56.png,208,0.0,0.0
G0,W0082F0003T0006Z000C1N56.png,209,0.35630196829635313,0.35630196829635313
G0,W0082F0003T0006Z000C1N56.png,210,0.0,0.0
G0,W0082F0003T0006Z000C1N56.png,211,0.0,0.0
G0,W0082F0003T0006Z000C1N56.png,212,0.36370729499533927,0.36370729499533927
G0,W0082F0003T0006Z000C1N56.png,213,0.3333333333333286,0.3333333333333286
G0,W0082F0003T0006Z000C1N56.png,214,0.37267799624995646,0.37267799624995646
G0,W0082F0003T0006Z000C1N56.png,215,0.0,0.0
G0,W0082F0003T0006Z000C1N56.png,216,0.0,0.0
G0,W0082F0003T0006Z000C1N56.png,217,0.6572310573321142,0.6572310573321142
G0,W0082F0003T0006Z000C1N56.png,218,0.0,0.0
G0,W0082F0003T0006Z000C1N56.png,219,4.0,4.0
G0,W0082F0003T0006Z000C1N56.png,220,5.0,5.0
G0,W0082F0003T0006Z000C1N56.png,221,0.0,0.0
G0,W0082F0003T0006Z000C1N56.png,222,0.0,0.0
G0,W0082F0003T0006Z000C1N56.png,223,0.0,0.0
G0,W0082F0003T0006Z000C1N56.png,224,0.0,0.0
G0,W0082F0003T0006Z000C1N56.png,225,0.0,0.0
G0,W0082F0003T0006Z000C1N56.png,226,2.8284271247461903,2.8284271247461903
G0,W0082F0003T0006Z000C1N56.png,227,3.2015621187164243,3.2015621187164243
G0,W0082F0003T0006Z000C1N56.png,228,1.0,1.0
G0,W0082F0003T0006Z000C1N56.png,229,0.0,0.0
G0,W0082F0003T0006Z000C1N56.png,230,0.0,0.0
G0,W0082F0003T0006Z000C1N56.png,231,0.5,0.5
G0,W0082F0003T0006Z000C1N56.png,232,0.0,0.0
G0,W0082F0003T0006Z000C1N56.png,233,0.0,0.0
G0,W0082F0003T0006Z000C1N56.png,234,1.4142135623730951,1.4142135623730951
G0,W0082F0003T0006Z000C1N56.png,235,2.23606797749979,2.23606797749979
G0,W0082F0003T0006Z000C1N56.png,236,0.8333333333333286,0.8333333333333286
G0,W0082F0003T0006Z000C1N56.png,237,0.5,0.5
G0,W0082F0003T0006Z000C1N56.png,238,0.0,0.0
G0,W0082F0003T0006Z000C1N56.png,239,4.5,4.5
G0,W0082F0003T0006Z000C1N56.png,240,0.0,0.0
G0,W0082F0003T0006Z000C1N56.png,241,0.0,0.0
G0,W0082F0003T0006Z000C1N56.png,242,0.0,0.0
G0,W0082F0003T0006Z000C1N56.png,243,0.0,0.0
G0,W0082F0003T0006Z000C1N56.png,244,0.0,0.0
G0,W0082F0003T0006Z000C1N56.png,245,0.5,0.5
G0,W0082F0003T0006Z000C1N56.png,246,8.94427190999916,8.94427190999916
G0,W0082F0003T0006Z000C1N56.png,247,0.7071067811865476,0.7071067811865476
G0,W0082F0003T0006Z000C1N56.png,248,1.0,1.0
G0,W0082F0003T0006Z000C1N56.png,249,1.8027756377319946,1.8027756377319946
G0,W0082F0003T0006Z000C1N56.png,250,0.5,0.5
G0,W0082F0003T0006Z000C1N56.png,251,0.7071067811865476,0.7071067811865476
G0,W0082F0003T0006Z000C1N56.png,252,0.471404520791035,0.471404520791035
G0,W0082F0003T0006Z000C1N56.png,253,0.5,0.5
G0,W0082F0003T0006Z000C1N42.png,1,0.4301162633521267,0.4301162633521267
G0,W0082F0003T0006Z000C1N42.png,2,0.5385164807134462,0.5385164807134462
G0,W0082F0003T0006Z000C1N42.png,3,0.0,0.0
G0,W0082F0003T0006Z000C1N42.png,4,0.5,0.5
G0,W0082F0003T0006Z000C1N42.png,5,0.48534065928536957,0.48534065928536957
G0,W0082F0003T0006Z000C1N42.png,6,1.8027756377319946,1.8027756377319946
G0,W0082F0003T0006Z000C1N42.png,7,1.4142135623730951,1.4142135623730951
G0,W0082F0003T0006Z000C1N42.png,8,0.3535533905932738,0.3535533905932738
G0,W0082F0003T0006Z000C1N42.png,9,0.673145600891813,0.673145600891813
G0,W0082F0003T0006Z000C1N42.png,10,0.0,0.0
G0,W0082F0003T0006Z000C1N42.png,11,0.5,0.5
G0,W0082F0003T0006Z000C1N42.png,12,2.0,2.0
G0,W0082F0003T0006Z000C1N42.png,13,6.433419688539593,6.433419688539593
G0,W0082F0003T0006Z000C1N42.png,14,0.4472135954999563,0.4472135954999563
G0,W0082F0003T0006Z000C1N42.png,15,0.7071067811865476,0.7071067811865476
G0,W0082F0003T0006Z000C1N42.png,16,0.20327890704543486,0.20327890704543486
G0,W0082F0003T0006Z000C1N42.png,17,0.625,0.625
G0,W0082F0003T0006Z000C1N42.png,18,8.5,8.5
G0,W0082F0003T0006Z000C1N42.png,19,0.2857142857142847,0.2857142857142847
G0,W0082F0003T0006Z000C1N42.png,20,6.324555320336759,6.324555320336759
G0,W0082F0003T0006Z000C1N42.png,21,0.0,0.0
G0,W0082F0003T0006Z000C1N42.png,22,0.25253481543067174,0.25253481543067174
G0,W0082F0003T0006Z000C1N42.png,23,0.2857142857142918,0.2857142857142918
G0,W0082F0003T0006Z000C1N42.png,24,0.14285714285714235,0.14285714285714235
G0,W0082F0003T0006Z000C1N42.png,25,0.23570226039552256,0.23570226039552256
G0,W0082F0003T0006Z000C1N42.png,26,0.32014539633148736,0.32014539633148736
G0,W0082F0003T0006Z000C1N42.png,27,0.807619424573291,0.807619424573291
G0,W0082F0003T0006Z000C1N42.png,28,0.3740141420453417,0.3740141420453417
G0,W0082F0003T0006Z000C1N42.png,29,0.0,0.0
G0,W0082F0003T0006Z000C1N42.png,30,0.675862503366474,0.675862503366474
G0,W0082F0003T0006Z000C1N42.png,31,0.471699056602829,0.471699056602829
G0,W0082F0003T0006Z000C1N42.png,32,0.5091318296632219,0.5091318296632219
G0,W0082F0003T0006Z000C1N42.png,33,0.6285393610547066,0.6285393610547066
G0,W0082F0003T0006Z000C1N42.png,34,0.4472135954999643,0.4472135954999643
G0,W0082F0003T0006Z000C1N42.png,35,1.3542193450848636,1.3542193450848636
G0,W0082F0003T0006Z000C1N42.png,36,0.15971914124998043,0.15971914124998043
G0,W0082F0003T0006Z000C1N42.png,37,0.47140452079102496,0.47140452079102496
G0,W0082F0003T0006Z000C1N42.png,38,1.3707320124663318,1.3707320124663318
G0,W0082F0003T0006Z000C1N42.png,39,0.04081632653061007,0.04081632653061007
G0,W0082F0003T0006Z000C1N42.png,40,0.15713484026368169,0.15713484026368169
G0,W0082F0003T0006Z000C1N42.png,41,0.3183258722547495,0.3183258722547495
G0,W0082F0003T0006Z000C1N42.png,42,4.924428900898052,4.924428900898052
G0,W0082F0003T0006Z000C1N42.png,43,0.5758755534498994,0.5758755534498994
G0,W0082F0003T0006Z000C1N42.png,44,1.9260712777292013,1.9260712777292013
G0,W0082F0003T0006Z000C1N42.png,45,7.632168761236874,7.632168761236874
G0,W0082F0003T0006Z000C1N42.png,46,0.545154911516926,0.545154911516926
G0,W0082F0003T0006Z000C1N42.png,47,0.28327886186625995,0.28327886186625995
G0,W0082F0002T0006Z000C1N44.png,1,34.44198019858905,34.44198019858905
G0,W0082F0002T0006Z000C1N44.png,2,15.218476954555163,17.217990117126604
G0,W0082F0002T0006Z000C1N44.png,3,18.49544897138378,24.27394672886794
G0,W0082F0002T0006Z000C1N44.png,4,12.36931687685298,14.317821063276353
G0,W0082F0002T0006Z000C1N44.png,5,17.274258305351342,24.79516081819192
G0,W0082F0002T0006Z000C1N44.png,6,10.965856099730654,11.926860441876563
G0,W0082F0002T0006Z000C1N44.png,7,3.905124837953327,14.773286702694158
G0,W0082F0002T0006Z000C1N44.png,8,6.264982043070834,15.041608956491324
G0,W0082F0002T0006Z000C1N44.png,9,15.913830462839549,32.42298567374695
G0,W0082F0002T0006Z000C1N44.png,10,0.675862503366467,0.675862503366467
G0,W0082F0002T0006Z000C1N44.png,11,9.400390786492629,40.32647380810673
G0,W0082F0002T0006Z000C1N44.png,12,9.962429422585638,15.435349040433131
G0,W0082F0002T0006Z000C1N44.png,13,0.0,0.0
G0,W0082F0002T0006Z000C1N44.png,14,0.5,0.5
G0,W0082F0002T0006Z000C1N44.png,15,10.012492197250394,31.34086788842964
G0,W0082F0002T0006Z000C1N44.png,16,0.3726779962499692,0.3726779962499692
G0,W0082F0002T0006Z000C1N44.png,17,0.47140452079103,0.47140452079103
G0,W0082F0002T0006Z000C1N44.png,18,1.118033988749895,13.756816492197604
G0,W0082F0002T0006Z000C1N44.png,19,24.839484696748443,31.064449134018133
G0,W0082F0002T0006Z000C1N44.png,20,1.264911064067354,26.321094202179363
G0,W0082F0002T0006Z000C1N44.png,21,0.9583148474999144,0.9583148474999144
G0,W0082F0002T0006Z000C1N44.png,22,10.014052626184865,10.014052626184865
G0,W0082F0002T0006Z000C1N44.png,23,9.486832980505138,10.0
G0,W0082F0002T0006Z000C1N44.png,24,7.0710678118654755,7.0710678118654755
G0,W0082F0002T0006Z000C1N44.png,25,3.1446603773522033,3.1446603773522033
G0,W0082F0002T0006Z000C1N44.png,26,9.620579793107876,9.620579793107876
G0,W0082F0002T0006Z000C1N44.png,27,0.24037008503093868,0.24037008503093868
G0,W0082F0002T0006Z000C1N44.png,28,0.29481191037676885,0.29481191037676885
G0,W0082F0002T0006Z000C1N44.png,29,0.5385164807134515,0.5385164807134515
G0,W0082F0002T0006Z000C1N44.png,30,9.394147114027968,9.394147114027968
G0,W0082F0002T0006Z000C1N44.png,31,8.32165848854662,18.741664813991314
G0,W0082F0002T0006Z000C1N44.png,32,12.539936203984453,12.539936203984453
G0,W0082F0002T0006Z000C1N44.png,33,16.401219466856734,16.401219466856734
G0,W0082F0002T0006Z000C1N44.png,34,24.242589073776752,24.242589073776752
G0,W0082F0002T0006Z000C1N44.png,35,21.21058435991071,21.21058435991071
G0,W0082F0002T0006Z000C1N146.png,1,9.340770846134703,18.172781845386247
G0,W0082F0002T0006Z000C1N146.png,2,0.11630810566012637,0.11630810566012637
G0,W0082F0002T0006Z000C1N146.png,3,0.0,0.0
G0,W0082F0002T0006Z000C1N146.png,4,37.013511046643494,37.013511046643494
G0,W0082F0002T0006Z000C1N146.png,5,13.88524396616782,13.88524396616782
G0,W0082F0002T0006Z000C1N146.png,6,0.5,0.5
G0,W0082F0002T0006Z000C1N146.png,7,0.0,0.0
G0,W0082F0002T0006Z000C1N146.png,8,0.0,0.0
G0,W0082F0002T0006Z000C1N146.png,9,0.4714045207910325,0.4714045207910325
G0,W0082F0002T0006Z000C1N146.png,10,2.079725827019255,2.079725827019255
G0,W0082F0002T0006Z000C1N146.png,11,3.26390275965596,13.662103104005979
G0,W0082F0002T0006Z000C1N146.png,12,0.34359213546813433,0.34359213546813433
G0,W0082F0002T0006Z000C1N146.png,13,0.48650425541051817,0.48650425541051817
G0,W0082F0002T0006Z000C1N146.png,14,30.84749424563635,35.51386444617418
G0,W0082F0002T0006Z000C1N146.png,15,2.035812184362791,2.035812184362791
G0,W0082F0002T0006Z000C1N146.png,16,31.114707133444146,36.85274752308164
G0,W0082F0002T0006Z000C1N146.png,17,15.239750654128171,22.20923231451281
G0,W0082F0002T0006Z000C1N146.png,18,34.00367627183861,35.42950747611375
G0,W0082F0002T0006Z000C1N146.png,19,0.5758755534498959,0.5758755534498959
G0,W0082F0002T0006Z000C1N146.png,20,0.0,1.0
G0,W0082F0002T0006Z000C1N146.png,21,8.867649298525098,9.927929064523179
G0,W0082F0002T0006Z000C1N146.png,22,14.142135623730951,28.600699292150182
G0,W0082F0002T0006Z000C1N146.png,23,0.5555555555555557,0.5555555555555557
G0,W0082F0002T0006Z000C1N146.png,24,0.1505846504842125,0.1505846504842125
G0,W0082F0002T0006Z000C1N146.png,25,21.73131381210073,24.026027553467927
G0,W0082F0002T0006Z000C1N146.png,26,9.192388155425117,24.78911051248108
G0,W0082F0002T0006Z000C1N146.png,27,13.285330255586423,16.32482771731451
G0,W0082F0002T0006Z000C1N146.png,28,0.7071067811865476,0.7071067811865476
G0,W0082F0002T0006Z000C1N146.png,29,1.2289036095775145,14.033487645991789
G0,W0082F0002T0006Z000C1N146.png,30,9.486832980505138,12.041594578792296
G0,W0082F0002T0006Z000C1N146.png,31,0.7142857142857153,0.7142857142857153
G0,W0082F0002T0006Z000C1N146.png,32,0.5050762722761051,0.5050762722761051
G0,W0082F0002T0006Z000C1N146.png,33,0.949333749479726,0.949333749479726
G0,W0082F0002T0006Z000C1N146.png,34,6.3860198872224005,11.315089482633356
G0,W0082F0002T0006Z000C1N146.png,35,7.875992001011682,9.12585612422199
G0,W0082F0002T0006Z000C1N146.png,36,0.4853406592853715,0.4853406592853715
G0,W0082F0002T0006Z000C1N146.png,37,0.0,0.0
G0,W0082F0002T0006Z000C1N146.png,38,0.0,0.0
G0,W0082F0002T0006Z000C1N146.png,39,0.7071067811865476,0.7071067811865476
G0,W0082F0002T0006Z000C1N146.png,40,0.3748277841470569,0.3748277841470569
G0,W0082F0002T0006Z000C1N146.png,41,0.5200078492343216,0.5200078492343216
G0,W0082F0002T0006Z000C1N146.png,42,0.7513009550107067,0.7513009550107067
G0,W0082F0002T0006Z000C1N146.png,43,0.28284271247462306,0.28284271247462306
G0,W0082F0002T0006Z000C1N146.png,44,15.61349576488238,21.37828922060884
G0,W0082F0002T0006Z000C1N146.png,45,0.0,0.0
G0,W0082F0002T0006Z000C1N146.png,46,9.605810998467101,21.51341814993208
G0,W0082F0002T0006Z000C1N146.png,47,15.508062419270823,28.50438562747845
G0,W0082F0002T0006Z000C1N146.png,48,3.2015621187164243,3.640054944640259
G0,W0082F0002T0006Z000C1N146.png,49,20.5,33.47013594235912
G0,W0082F0002T0006Z000C1N146.png,50,7.169379331573968,7.169379331573968
G0,W0082F0002T0006Z000C1N146.png,51,0.5,0.5
G0,W0082F0002T0006Z000C1N146.png,52,0.5,0.5
G0,W0082F0002T0006Z000C1N146.png,53,0.41666666666666285,0.41666666666666285
G0,W0082F0002T0006Z000C1N146.png,54,0.2857142857142918,0.2857142857142918
G0,W0082F0002T0006Z000C1N146.png,55,0.2010673067188102,0.2010673067188102
G0,W0082F0002T0006Z000C1N146.png,56,2.5,2.5
G0,W0082F0002T0006Z000C1N146.png,57,0.1643989873053573,0.1643989873053573
G0,W0082F0002T0006Z000C1N146.png,58,0.35136418446316325,0.35136418446316325
G0,W0082F0002T0006Z000C1N144.png,1,76.61162786656377,
G0,W0082F0002T0006Z000C1N144.png,2,78.93826701923471,
G0,W0082F0002T0006Z000C1N144.png,3,56.00223209837265,
G0,W0082F0002T0006Z000C1N144.png,4,65.09138874604605,
G0,W0082F0002T0006Z000C1N144.png,5,34.41593802475035,
G0,W0082F0002T0006Z000C1N144.png,6,28.853076092507017,
G0,W0082F0002T0006Z000C1N144.png,7,53.81088311073683,
G0,W0082F0002T0006Z000C1N144.png,8,44.506188123113844,
G0,W0082F0002T0006Z000C1N144.png,9,32.16824394285997,
G0,W0082F0002T0006Z000C1N144.png,10,5.613104706349632,
G0,W0082F0002T0006Z000C1N144.png,11,35.78407467016578,
G0,W0082F0002T0006Z000C1N144.png,12,42.1229868452042,
G0,W0082F0002T0006Z000C1N144.png,13,40.1403786728526,
G0,W0082F0002T0006Z000C1N144.png,14,60.82377207967293,
G0,W0082F0002T0006Z000C1N144.png,15,57.28001396647874,
G0,W0082F0002T0006Z000C1N144.png,16,43.11982753475735,
G0,W0082F0002T0006Z000C1N150.png,1,23.7176772008887,42.62368134975622
G0,W0082F0002T0006Z000C1N150.png,2,0.2129588549999792,0.2129588549999792
G0,W0082F0002T0006Z000C1N150.png,3,5.162660285597902,29.39526548022762
G0,W0082F0002T0006Z000C1N150.png,4,13.876438864332428,21.429470880593904
G0,W0082F0002T0006Z000C1N150.png,5,13.46806923389127,13.46806923389127
G0,W0082F0002T0006Z000C1N150.png,6,3.750345151768895,33.42712642548098
G0,W0082F0002T0006Z000C1N150.png,7,12.5,27.004629232781554
G0,W0082F0002T0006Z000C1N150.png,8,0.43401111848608187,0.43401111848608187
G0,W0082F0002T0006Z000C1N150.png,9,8.350240478711909,8.350240478711909
G0,W0082F0002T0006Z000C1N150.png,10,0.0,55.0
G0,W0082F0002T0006Z000C1N150.png,11,28.319604517012593,28.319604517012593
G0,W0082F0002T0006Z000C1N150.png,12,24.72404799750065,57.28293031033129
G0,W0082F0002T0006Z000C1N150.png,13,12.919064293602002,60.158974577549294
G0,W0082F0002T0006Z000C1N150.png,14,26.51886121235224,26.51886121235224
G0,W0082F0002T0006Z000C1N150.png,15,24.869660230891775,64.65678618675692
G0,W0082F0002T0006Z000C1N150.png,16,26.985592864012133,69.21143129730972
G0,W0082F0002T0006Z000C1N150.png,17,14.368020044529452,48.4103294762595
G0,W0082F0002T0006Z000C1N150.png,18,12.658988901172163,76.9041611357929
G0,W0082F0002T0006Z000C1N150.png,19,14.212670403551895,57.42821606144492
G0,W0082F0002T0006Z000C1N150.png,20,23.541214401772148,83.5970961804052
G0,W0082F0002T0006Z000C1N150.png,21,24.274929695474455,57.17450818007332
G0,W0082F0002T0006Z000C1N150.png,22,51.86520991955976,85.32877591996736
G0,W0082F0002T0006Z000C1N150.png,23,17.655594014362695,77.68989638299178
G0,W0082F0002T0006Z000C1N150.png,24,44.901336283010565,92.17445416166022
G0,W0082F0002T0006Z000C1N150.png,25,20.130822139197395,63.1605098142819
G0,W0082F0002T0006Z000C1N150.png,26,52.80151512977634,91.13725912051558
G0,W0082F0002T0006Z000C1N150.png,27,14.115594213493104,76.8846538653846
G0,W0082F0002T0006Z000C1N150.png,28,49.52272205765753,104.76879306358359
G0,W0082F0002T0006Z000C1N150.png,29,29.832867780352597,81.15417426109393
G0,W0082F0003T0006Z000C1N54.png,1,15.0015305341604,15.0015305341604
G0,W0082F0003T0006Z000C1N54.png,2,11.10180165558726,11.10180165558726
G0,W0082F0003T0006Z000C1N54.png,3,5.0990195135927845,5.0990195135927845
G0,W0082F0003T0006Z000C1N54.png,4,0.47140452079102874,0.47140452079102874
G0,W0082F0003T0006Z000C1N54.png,5,0.7071067811865476,0.7071067811865476
G0,W0082F0003T0006Z000C1N54.png,6,13.423711597686063,14.033584274992112
G0,W0082F0003T0006Z000C1N54.png,7,8.204652736747134,8.204652736747134
G0,W0082F0003T0006Z000C1N54.png,8,6.708203932499369,6.708203932499369
G0,W0082F0003T0006Z000C1N54.png,9,3.905124837953327,3.905124837953327
G0,W0082F0003T0006Z000C1N54.png,10,23.134870265947512,23.134870265947512
G0,W0082F0003T0006Z000C1N54.png,11,4.95016486911345,4.95016486911345
G0,W0082F0003T0006Z000C1N54.png,12,0.3535533905932738,0.3535533905932738
G0,W0082F0003T0006Z000C1N54.png,13,0.5,0.5
G0,W0082F0003T0006Z000C1N54.png,14,0.4472135954999643,6.942621983083911
G0,W0082F0003T0006Z000C1N54.png,15,3.590109871422999,11.78511301977579
G0,W0082F0003T0006Z000C1N54.png,16,14.0,14.0
G0,W0082F0003T0006Z000C1N54.png,17,15.652475842498529,15.652475842498529
G0,W0082F0003T0006Z000C1N54.png,18,12.717551301689769,14.614015342965962
G0,W0082F0003T0006Z000C1N54.png,19,16.84580808391215,25.471184699577677
G0,W0082F0003T0006Z000C1N54.png,20,7.0749950922637135,19.23682810537007
G0,W0082F0003T0006Z000C1N54.png,21,14.0089257261219,25.811818998280614
G0,W0082F0003T0006Z000C1N54.png,22,29.95413160150032,29.95413160150032
G0,W0082F0003T0006Z000C1N54.png,23,0.5496855419340594,0.5496855419340594
G0,W0082F0002T0006Z000C1N52.png,1,0.0,0.0
G0,W0082F0002T0006Z000C1N52.png,2,7.615773105863909,9.433981132056603
G0,W0082F0002T0006Z000C1N52.png,3,16.957840048200303,16.957840048200303
G0,W0082F0002T0006Z000C1N52.png,4,7.158910531638177,25.46075411294803
G0,W0082F0002T0006Z000C1N52.png,5,9.534476912762441,9.534476912762441
G0,W0082F0002T0006Z000C1N52.png,6,5.656854249492381,29.0
G0,W0082F0002T0006Z000C1N52.png,7,0.485912657903773,0.485912657903773
G0,W0082F0002T0006Z000C1N52.png,8,1.1785113019775826,1.1785113019775826
G0,W0082F0002T0006Z000C1N52.png,9,0.4472135954999643,0.4472135954999643
G0,W0082F0002T0006Z000C1N52.png,10,12.093386622447824,19.525624189766635
G0,W0082F0002T0006Z000C1N52.png,11,1.6666666666666643,14.063348739819324
G0,W0082F0002T0006Z000C1N52.png,12,6.041522986797286,12.349089035228468
G0,W0082F0002T0006Z000C1N52.png,13,6.103277807866851,8.381527307120106
G0,W0082F0002T0006Z000C1N52.png,14,3.0,13.601470508735444
G0,W0082F0002T0006Z000C1N52.png,15,0.7071067811865476,0.7071067811865476
G0,W0082F0002T0006Z000C1N52.png,16,1.118033988749895,1.5
G0,W0082F0002T0006Z000C1N52.png,17,0.31240998703625494,0.31240998703625494
G0,W0082F0002T0006Z000C1N52.png,18,7.584910295944882,7.584910295944882
G0,W0082F0002T0006Z000C1N52.png,19,0.7071067811865476,0.7071067811865476
G0,W0082F0002T0006Z000C1N52.png,20,3.5355339059327378,6.519202405202649
G0,W0082F0002T0006Z000C1N52.png,21,14.5,14.5
G0,W0082F0002T0006Z000C1N52.png,22,0.2857142857142918,18.277900116070803
G0,W0082F0002T0006Z000C1N52.png,23,11.800423721205947,14.080127840328723
G0,W0082F0002T0006Z000C1N52.png,24,31.685468102726354,40.1194328086638
G0,W0082F0002T0006Z000C1N52.png,25,33.4150041149182,37.06834903256416
G0,W0082F0002T0006Z000C1N52.png,26,28.691154080747722,47.570490361719386
G0,W0082F0002T0006Z000C1N52.png,27,22.26858774148015,52.603136788598455
G0,W0082F0002T0006Z000C1N52.png,28,41.14088846976489,44.73494787327343
G0,W0082F0002T0006Z000C1N52.png,29,45.59612861246494,54.96368750770315
G0,W0082F0002T0006Z000C1N52.png,30,30.42536975946225,60.82312985205546
G0,W0082F0002T0006Z000C1N52.png,31,33.18717958623312,57.99473156148658
G0,W0082F0002T0006Z000C1N52.png,32,51.974887098375575,61.31385560286425
G0,W0082F0002T0006Z000C1N52.png,33,37.33630940518894,61.98386886924694
G0,W0082F0003T0006Z000C1N40.png,1,0.1538461538461604,0.1538461538461604
G0,W0082F0003T0006Z000C1N40.png,2,11.964133728263349,48.63364478381892
G0,W0082F0003T0006Z000C1N40.png,3,20.794547918637136,36.54828121135291
G0,W0082F0003T0006Z000C1N40.png,4,21.72415189392221,23.21197790726475
G0,W0082F0003T0006Z000C1N40.png,5,10.124228365658293,44.79397280885008
G0,W0082F0003T0006Z000C1N40.png,6,19.6596032513375,93.46924627919067
G0,W0082F0003T0006Z000C1N40.png,7,40.84553861428879,89.63148146235119
G0,W0082F0003T0006Z000C1N40.png,8,34.332947004298944,140.3513492988222
G0,W0082F0003T0006Z000C1N40.png,9,14.78623400495821,129.69695209493574
G0,W0082F0003T0006Z000C1N40.png,10,8.077747210701755,135.0934861494069
G0,W0082F0003T0006Z000C1N40.png,11,9.5524865872714,140.6493867743475
G0,W0082F0001T0006Z000C1N23.png,1,80.4114419718985,80.4114419718985
G0,W0082F0001T0006Z000C1N23.png,2,50.601383380299005,50.601383380299005
G0,W0082F0001T0006Z000C1N23.png,3,44.77722635447622,44.77722635447622
G0,W0082F0001T0006Z000C1N23.png,4,101.41371979938349,101.41371979938349
G0,W0082F0001T0006Z000C1N23.png,5,67.6151154763335,67.6151154763335
G0,W0082F0001T0006Z000C1N23.png,6,110.46659044050512,110.46659044050512
G0,W0082F0001T0006Z000C1N23.png,7,0.49553562491061115,0.49553562491061115
G0,W0082F0001T0006Z000C1N23.png,8,0.7071067811865476,0.7071067811865476
G0,W0082F0001T0006Z000C1N23.png,9,93.70461864580399,93.70461864580399
G0,W0082F0001T0006Z000C1N23.png,10,17.274562044438646,17.274562044438646
G0,W0082F0001T0006Z000C1N23.png,11,98.71451542481255,98.71451542481255
G0,W0082F0001T0006Z000C1N23.png,12,11.511733144926533,11.511733144926533
G0,W0082F0001T0006Z000C1N23.png,13,107.61621625015442,107.61621625015442
G0,W0082F0001T0006Z000C1N23.png,14,42.42099734359154,42.42099734359154
G0,W0082F0001T0006Z000C1N23.png,15,57.827542670928224,57.827542670928224
G0,W0082F0001T0006Z000C1N23.png,16,57.10127455281147,57.10127455281147
G0,W0082F0002T0006Z000C1N91.png,1,0.0,0.0
G0,W0082F0002T0006Z000C1N91.png,2,0.2748737083745106,0.2748737083745106
G0,W0082F0002T0006Z000C1N91.png,3,0.17568209223158113,0.17568209223158113
G0,W0082F0002T0006Z000C1N91.png,4,0.4359484148476319,0.4359484148476319
G0,W0082F0002T0006Z000C1N91.png,5,0.2357022603955194,0.2357022603955194
G0,W0082F0002T0006Z000C1N91.png,6,0.0,0.0
G0,W0082F0002T0006Z000C1N91.png,7,0.0,0.0
G0,W0082F0002T0006Z000C1N91.png,8,0.2307692307692264,0.2307692307692264
G0,W0082F0002T0006Z000C1N91.png,9,0.3030303030303017,0.3030303030303017
G0,W0082F0002T0006Z000C1N91.png,10,0.1428571428571388,0.1428571428571388
G0,W0082F0002T0006Z000C1N91.png,11,0.35136418446315315,0.35136418446315315
G0,W0082F0002T0006Z000C1N91.png,12,0.2857142857142847,0.2857142857142847
G0,W0082F0002T0006Z000C1N91.png,13,0.4527539614232991,0.4527539614232991
G0,W0082F0002T0006Z000C1N91.png,14,0.26601590706181055,0.26601590706181055
G0,W0082F0002T0006Z000C1N91.png,15,0.1767766952966369,0.1767766952966369
G0,W0082F0002T0006Z000C1N91.png,16,0.0,0.0
G0,W0082F0002T0006Z000C1N91.png,17,0.0,0.0
G0,W0082F0002T0006Z000C1N91.png,18,0.25,0.25
G0,W0082F0002T0006Z000C1N91.png,19,0.5060191333554518,0.5060191333554518
G0,W0082F0002T0006Z000C1N91.png,20,0.1767766952966369,0.1767766952966369
G0,W0082F0002T0006Z000C1N91.png,21,0.21695137988629212,0.21695137988629212
G0,W0082F0002T0006Z000C1N91.png,22,0.5,0.5
G0,W0082F0002T0006Z000C1N91.png,23,0.5335936864527326,0.5335936864527326
G0,W0082F0002T0006Z000C1N91.png,24,0.0,0.0
G0,W0082F0002T0006Z000C1N91.png,25,0.2857142857142847,0.2857142857142847
G0,W0082F0002T0006Z000C1N91.png,26,0.25,0.25
G0,W0082F0002T0006Z000C1N91.png,27,0.3225806451612872,0.3225806451612872
G0,W0082F0002T0006Z000C1N91.png,28,0.47140452079102496,0.47140452079102496
G0,W0082F0002T0006Z000C1N91.png,29,1.0271264100058546,1.0271264100058546
G0,W0082F0002T0006Z000C1N91.png,30,0.5182615568632426,0.5182615568632426
G0,W0082F0002T0006Z000C1N91.png,31,0.7071067811865476,0.7071067811865476
G0,W0082F0002T0006Z000C1N91.png,32,0.25,0.25
G0,W0082F0002T0006Z000C1N91.png,33,0.5642856672430943,0.5642856672430943
G0,W0082F0002T0006Z000C1N91.png,34,0.2857142857142918,0.2857142857142918
G0,W0082F0002T0006Z000C1N91.png,35,0.36421567954234096,0.36421567954234096
G0,W0082F0002T0006Z000C1N91.png,36,0.0,0.0
G0,W0082F0002T0006Z000C1N91.png,37,0.33333333333333426,0.33333333333333426
G0,W0082F0002T0006Z000C1N91.png,38,0.0,0.0
G0,W0082F0002T0006Z000C1N91.png,39,0.37267799624996284,0.37267799624996284
G0,W0082F0002T0006Z000C1N91.png,40,0.4006168083848873,0.4006168083848873
G0,W0082F0002T0006Z000C1N91.png,41,0.2857142857142918,0.2857142857142918
G0,W0082F0002T0006Z000C1N91.png,42,1.72022779697033,1.72022779697033
G0,W0082F0002T0006Z000C1N91.png,43,0.5,0.5
G0,W0082F0002T0006Z000C1N91.png,44,0.5,0.5
G0,W0082F0002T0006Z000C1N91.png,45,0.5,0.5
G0,W0082F0002T0006Z000C1N91.png,46,2.1213203435596424,2.1213203435596424
G0,W0082F0002T0006Z000C1N91.png,47,0.18885257457751067,0.18885257457751067
G0,W0082F0002T0006Z000C1N91.png,48,0.5,0.5
G0,W0082F0002T0006Z000C1N91.png,49,0.7071067811865476,0.7071067811865476
G0,W0082F0002T0006Z000C1N91.png,50,0.47140452079102496,0.47140452079102496
G0,W0082F0002T0006Z000C1N91.png,51,0.36363636363635976,0.36363636363635976
G0,W0082F0002T0006Z000C1N91.png,52,0.5,0.5
G0,W0082F0002T0006Z000C1N91.png,53,0.46022337571613153,0.46022337571613153
G0,W0082F0002T0006Z000C1N91.png,54,0.2857142857142918,0.2857142857142918
G0,W0082F0002T0006Z000C1N91.png,55,0.22360679774997896,0.22360679774997896
G0,W0082F0002T0006Z000C1N91.png,56,0.4829038818668608,0.4829038818668608
G0,W0082F0002T0006Z000C1N91.png,57,0.5578749768504749,0.5578749768504749
G0,W0082F0002T0006Z000C1N91.png,58,2.8284271247461903,2.8284271247461903
G0,W0082F0002T0006Z000C1N91.png,59,0.5,0.5
G0,W0082F0002T0006Z000C1N91.png,60,6.324555320336759,6.324555320336759
G0,W0082F0002T0006Z000C1N91.png,61,0.39528470752104744,0.39528470752104744
G0,W0082F0002T0006Z000C1N91.png,62,0.2857142857142847,0.2857142857142847
G0,W0082F0002T0006Z000C1N91.png,63,0.4581228472908504,0.4581228472908504
G0,W0082F0002T0006Z000C1N91.png,64,0.38461538461538114,0.38461538461538114
G0,W0082F0002T0006Z000C1N91.png,65,5.220153254455275,5.220153254455275
G0,W0082F0002T0006Z000C1N91.png,66,0.0,0.0
G0,W0082F0002T0006Z000C1N91.png,67,0.23999999999999488,0.23999999999999488
G0,W0082F0002T0006Z000C1N91.png,68,0.43037626013310915,0.43037626013310915
G0,W0082F0002T0006Z000C1N91.png,69,0.6000973867885003,0.6000973867885003
G0,W0082F0002T0006Z000C1N91.png,70,0.0,0.0
G0,W0082F0002T0006Z000C1N91.png,71,0.5000000000000057,0.5000000000000057
G0,W0082F0002T0006Z000C1N91.png,72,0.4242640687119345,0.4242640687119345
G0,W0082F0002T0006Z000C1N91.png,73,0.0,0.0
G0,W0082F0002T0006Z000C1N91.png,74,0.5,0.5
G0,W0082F0002T0006Z000C1N91.png,75,0.7071067811865476,0.7071067811865476
G0,W0082F0002T0006Z000C1N91.png,76,0.5142594772265846,0.5142594772265846
G0,W0082F0002T0006Z000C1N91.png,77,0.0,0.0
G0,W0082F0002T0006Z000C1N91.png,78,0.18633899812497187,0.18633899812497187
G0,W0082F0002T0006Z000C1N91.png,79,0.471404520791035,0.471404520791035
G0,W0082F0002T0006Z000C1N91.png,80,0.0,0.0
G0,W0082F0002T0006Z000C1N91.png,81,0.471404520791035,0.471404520791035
G0,W0082F0002T0006Z000C1N91.png,82,0.4742504557822629,0.4742504557822629
G0,W0082F0002T0006Z000C1N91.png,83,0.41666666666667423,0.41666666666667423
G0,W0082F0002T0006Z000C1N91.png,84,0.5215361924162106,0.5215361924162106
G0,W0082F0002T0006Z000C1N91.png,85,0.15971914124998043,0.15971914124998043
G0,W0082F0002T0006Z000C1N91.png,86,0.1666666666666572,0.1666666666666572
G0,W0082F0002T0006Z000C1N91.png,87,0.5,0.5
G0,W0082F0003T0006Z000C1N83.png,1,17.26267650163207,17.26267650163207
G0,W0082F0003T0006Z000C1N83.png,2,41.48795005781799,76.44115383744544
G0,W0082F0003T0006Z000C1N83.png,3,3.2095443282965914,3.2095443282965914
G0,W0082F0003T0006Z000C1N83.png,4,23.90815760362977,23.90815760362977
G0,W0082F0003T0006Z000C1N83.png,5,4.979094618497888,4.979094618497888
G0,W0082F0003T0006Z000C1N83.png,6,46.11436537433375,56.11333284032396
G0,W0082F0003T0006Z000C1N83.png,7,17.204650534085253,17.204650534085253
G0,W0082F0003T0006Z000C1N83.png,8,12.063633366444787,12.063633366444787
G0,W0082F0003T0006Z000C1N83.png,9,18.272626764887665,18.272626764887665
G0,W0082F0003T0006Z000C1N83.png,10,15.884916698314687,22.469446656690305
G0,W0082F0003T0006Z000C1N83.png,11,0.675862503366474,28.630036890400252
G0,W0082F0003T0006Z000C1N83.png,12,8.73212459828649,36.43144246389374
G0,W0082F0003T0006Z000C1N83.png,13,11.884864324004713,38.108398024582456
G0,W0082F0003T0006Z000C1N83.png,14,8.558621384311845,34.88911004883902
G0,W0082F0003T0006Z000C1N83.png,15,14.405944953386431,32.95119497074423
G0,W0082F0003T0006Z000C1N83.png,16,1.280624847486568,19.252012881774203
G0,W0082F0003T0006Z000C1N83.png,17,13.572848714334883,14.126413400278057
G0,W0082F0003T0006Z000C1N83.png,18,0.97912087402446,0.97912087402446
G0,W0082F0003T0006Z000C1N83.png,19,40.152833025827704,41.68033109273485
G0,W0082F0003T0006Z000C1N83.png,20,30.4138126514911,30.4138126514911
G0,W0082F0002T0006Z000C1N90.png,1,23.987265139838033,23.987265139838033
G0,W0082F0002T0006Z000C1N90.png,2,10.735455276791944,10.735455276791944
G0,W0082F0002T0006Z000C1N90.png,3,0.7071067811865476,0.7071067811865476
G0,W0082F0002T0006Z000C1N90.png,4,2.855577172421416,2.855577172421416
G0,W0082F0002T0006Z000C1N90.png,5,0.383163678383185,0.383163678383185
G0,W0082F0002T0006Z000C1N90.png,6,5.5901699437494745,5.5901699437494745
G0,W0082F0002T0006Z000C1N90.png,7,0.5,0.5
G0,W0082F0002T0006Z000C1N90.png,8,0.47878884106175557,0.47878884106175557
G0,W0082F0002T0006Z000C1N90.png,9,0.32635697593225155,0.32635697593225155
G0,W0082F0002T0006Z000C1N90.png,10,1.1538461538461604,1.1538461538461604
G0,W0082F0002T0006Z000C1N90.png,11,4.472135954999578,4.472135954999578
G0,W0082F0002T0006Z000C1N90.png,12,0.40963453652584286,0.40963453652584286
G0,W0082F0002T0006Z000C1N90.png,13,0.48534065928536785,0.48534065928536785
G0,W0082F0002T0006Z000C1N90.png,14,2.23606797749979,2.23606797749979
G0,W0082F0002T0006Z000C1N90.png,15,0.602919281337025,0.602919281337025
G0,W0082F0002T0006Z000C1N90.png,16,0.46022337571613126,0.46022337571613126
G0,W0082F0002T0006Z000C1N90.png,17,1.4553246447695152,1.4553246447695152
G0,W0082F0002T0006Z000C1N90.png,18,0.3999999999999915,0.3999999999999915
G0,W0082F0002T0006Z000C1N90.png,19,0.31671539586087194,0.31671539586087194
G0,W0082F0002T0006Z000C1N90.png,20,5.87632963677158,5.87632963677158
G0,W0082F0002T0006Z000C1N90.png,21,12.713683773872967,12.713683773872967
G0,W0082F0002T0006Z000C1N90.png,22,0.5,0.5
G0,W0082F0002T0006Z000C1N90.png,23,0.8698369140757636,0.8698369140757636
G0,W0082F0002T0006Z000C1N90.png,24,0.4472135954999643,0.4472135954999643
G0,W0082F0002T0006Z000C1N90.png,25,15.225242889320029,15.225242889320029
G0,W0082F0002T0006Z000C1N90.png,26,1.424000624219589,1.424000624219589
G0,W0082F0002T0006Z000C1N90.png,27,10.429549856253702,10.429549856253702
G0,W0082F0002T0006Z000C1N90.png,28,23.229377951206526,23.229377951206526
G0,W0082F0002T0006Z000C1N90.png,29,5.0990195135927845,5.0990195135927845
G0,W0082F0002T0006Z000C1N90.png,30,4.939635614091386,4.939635614091386
G0,W0082F0002T0006Z000C1N90.png,31,0.47140452079103,0.47140452079103
G0,W0082F0002T0006Z000C1N90.png,32,0.5471587667664528,0.5471587667664528
G0,W0082F0002T0006Z000C1N90.png,33,15.953056133543816,15.953056133543816
G0,W0082F0002T0006Z000C1N90.png,34,7.615773105863909,7.615773105863909
G0,W0082F0002T0006Z000C1N90.png,35,9.634127165965788,9.634127165965788
G0,W0082F0002T0006Z000C1N90.png,36,4.961451400548022,4.961451400548022
G0,W0082F0002T0006Z000C1N90.png,37,0.5821022034029983,0.5821022034029983
G0,W0082F0002T0006Z000C1N90.png,38,4.242640687119285,4.242640687119285
G0,W0082F0002T0006Z000C1N90.png,39,0.37482778414707074,0.37482778414707074
G0,W0082F0001T0006Z000C1N6.png,1,1.2549285553418381,1.2549285553418381
G0,W0082F0001T0006Z000C1N6.png,2,0.0,11.40175425099138
G0,W0082F0001T0006Z000C1N6.png,3,0.11180339887498472,0.11180339887498472
G0,W0082F0001T0006Z000C1N6.png,4,19.79898987322333,34.20526275297414
G0,W0082F0001T0006Z000C1N6.png,5,5.1476418299097775,14.000552052985167
G0,W0082F0001T0006Z000C1N6.png,6,14.0089257261219,28.98706608127149
G0,W0082F0001T0006Z000C1N6.png,7,0.8363210461596264,0.8363210461596264
G0,W0082F0001T0006Z000C1N6.png,8,5.656854249492381,9.433981132056603
G0,W0082F0001T0006Z000C1N6.png,9,0.5,2.692582403567252
G0,W0082F0001T0006Z000C1N6.png,10,0.1242259987499855,0.1242259987499855
G0,W0082F0001T0006Z000C1N6.png,11,15.733898294941268,26.768555350551807
G0,W0082F0001T0006Z000C1N6.png,12,18.98870684523622,19.729106779603267
G0,W0082F0001T0006Z000C1N6.png,13,3.2015621187164243,19.00657780874821
G0,W0082F0001T0006Z000C1N6.png,14,12.214873106176748,12.214873106176748
G0,W0082F0001T0006Z000C1N6.png,15,17.590615454443764,36.670185155502594
G0,W0082F0001T0006Z000C1N6.png,16,10.5934990547138,33.43982987729187
G0,W0082F0001T0006Z000C1N6.png,17,7.5,33.5
G0,W0082F0001T0006Z000C1N6.png,18,13.283703930886777,40.68184294840897
G0,W0082F0001T0006Z000C1N6.png,19,0.9285714285714338,0.9285714285714338
G0,W0082F0001T0006Z000C1N6.png,20,0.4853406592853676,0.4853406592853676
G0,W0082F0001T0006Z000C1N6.png,21,12.1335164821342,51.4252423966631
G0,W0082F0001T0006Z000C1N6.png,22,16.1245154965971,54.39117575489612
G0,W0082F0001T0006Z000C1N6.png,23,24.632813688332106,24.632813688332106
G0,W0082F0001T0006Z000C1N6.png,24,11.823532398033459,14.058913941855169
G0,W0082F0001T0006Z000C1N6.png,25,20.938003725283846,58.384929562345114
G0,W0082F0001T0006Z000C1N6.png,26,19.5507392432787,52.10177579816559
G0,W0082F0001T0006Z000C1N6.png,27,24.758836806279895,61.84658438426491
G0,W0082F0001T0006Z000C1N6.png,28,23.96351393264352,56.870466852312724
G0,W0082F0001T0006Z000C1N6.png,29,25.682678987987224,27.903404810166094
G0,W0082F0001T0006Z000C1N6.png,30,35.5089972948954,70.98043548909955
G0,W0082F0001T0006Z000C1N6.png,31,32.57794213957638,34.79491270880303
G0,W0082F0001T0006Z000C1N6.png,32,33.80088756231114,66.72705598181295
G0,W0082F0001T0006Z000C1N6.png,33,20.469791051181065,31.399064230768104
G0,W0082F0001T0006Z000C1N6.png,34,21.02379604162864,45.09988913511872
G0,W0082F0002T0006Z000C1N47.png,1,1.1096868741576074,1.1096868741576074
G0,W0082F0002T0006Z000C1N47.png,2,3.0,3.0
G0,W0082F0002T0006Z000C1N47.png,3,2.5495097567963922,2.5495097567963922
G0,W0082F0002T0006Z000C1N47.png,4,0.42309850588133047,0.42309850588133047
G0,W0082F0002T0006Z000C1N47.png,5,0.5,0.5
G0,W0082F0002T0006Z000C1N47.png,6,5.099019513592786,5.099019513592786
G0,W0082F0002T0006Z000C1N47.png,7,0.5,0.5
G0,W0082F0002T0006Z000C1N47.png,8,0.6155536126122565,0.6155536126122565
G0,W0082F0002T0006Z000C1N47.png,9,0.2857142857142847,0.2857142857142847
G0,W0082F0002T0006Z000C1N47.png,10,0.0,0.0
G0,W0082F0002T0006Z000C1N47.png,11,8.705242673240075,8.705242673240075
G0,W0082F0002T0006Z000C1N47.png,12,0.4472135954999579,0.4472135954999579
G0,W0082F0002T0006Z000C1N47.png,13,0.3513641844631565,0.3513641844631565
G0,W0082F0002T0006Z000C1N47.png,14,0.4912083566219233,0.4912083566219233
G0,W0082F0002T0006Z000C1N47.png,15,2.188048343971302,2.188048343971302
G0,W0082F0002T0006Z000C1N47.png,16,0.0,0.0
G0,W0082F0002T0006Z000C1N47.png,17,0.0,0.0
G0,W0082F0002T0006Z000C1N47.png,18,0.49216076867445047,0.49216076867445047
G0,W0082F0002T0006Z000C1N47.png,19,0.7071067811865476,0.7071067811865476
G0,W0082F0002T0006Z000C1N47.png,20,0.43037626013310915,0.43037626013310915
G0,W0082F0002T0006Z000C1N47.png,21,12.539936203984453,12.539936203984453
G0,W0082F0002T0006Z000C1N47.png,22,0.0,0.0
G0,W0082F0002T0006Z000C1N47.png,23,0.1265105710689155,0.1265105710689155
G0,W0082F0002T0006Z000C1N47.png,24,0.6007884366082044,0.6007884366082044
G0,W0082F0002T0006Z000C1N47.png,25,0.3748277841470569,0.3748277841470569
G0,W0082F0002T0006Z000C1N47.png,26,0.4389036607339365,0.4389036607339365
G0,W0082F0002T0006Z000C1N47.png,27,0.4472135954999643,0.4472135954999643
G0,W0082F0002T0006Z000C1N47.png,28,0.6000000000000029,0.6000000000000029
G0,W0082F0002T0006Z000C1N47.png,29,0.337931251683237,0.337931251683237
G0,W0082F0002T0006Z000C1N47.png,30,0.20000000000000284,0.20000000000000284
G0,W0082F0002T0006Z000C1N47.png,31,0.47659921779670555,0.47659921779670555
G0,W0082F0002T0006Z000C1N47.png,32,0.3726779962499597,0.3726779962499597
G0,W0082F0002T0006Z000C1N47.png,33,0.47140452079103,0.47140452079103
G0,W0082F0002T0006Z000C1N47.png,34,0.0,0.0
G0,W0082F0002T0006Z000C1N47.png,35,0.5,0.5
G0,W0082F0002T0006Z000C1N47.png,36,0.35136418446314976,0.35136418446314976
G0,W0082F0002T0006Z000C1N47.png,37,0.0,0.0
G0,W0082F0002T0006Z000C1N47.png,38,0.30116930096841826,0.30116930096841826
G0,W0082F0002T0006Z000C1N47.png,39,0.547345208126918,0.547345208126918
G0,W0082F0002T0006Z000C1N47.png,40,0.0,0.0
G0,W0082F0002T0006Z000C1N47.png,41,0.5049065322234957,0.5049065322234957
G0,W0082F0002T0006Z000C1N47.png,42,0.47140452079102496,0.47140452079102496
G0,W0082F0002T0006Z000C1N47.png,43,5.676462121975472,5.676462121975472
G0,W0082F0002T0006Z000C1N47.png,44,0.4282417581929755,0.4282417581929755
G0,W0082F0002T0006Z000C1N47.png,45,0.2631578947368496,0.2631578947368496
G0,W0082F0002T0006Z000C1N47.png,46,0.3076923076923066,0.3076923076923066
G0,W0082F0002T0006Z000C1N47.png,47,2.5,2.5
G0,W0082F0002T0006Z000C1N47.png,48,0.4911720676097139,0.4911720676097139
G0,W0082F0002T0006Z000C1N47.png,49,0.1767766952966369,0.1767766952966369
G0,W0082F0002T0006Z000C1N47.png,50,0.5,0.5
G0,W0082F0002T0006Z000C1N47.png,51,0.5385164807134515,0.5385164807134515
G0,W0082F0002T0006Z000C1N47.png,52,0.5273151092940447,0.5273151092940447
G0,W0082F0002T0006Z000C1N47.png,53,0.0,0.0
G0,W0082F0002T0006Z000C1N47.png,54,0.39371239731032837,0.39371239731032837
G0,W0082F0002T0006Z000C1N47.png,55,0.7071067811865476,0.7071067811865476
G0,W0082F0002T0006Z000C1N47.png,56,0.8838834764831844,0.8838834764831844
G0,W0082F0002T0006Z000C1N47.png,57,0.5,0.5
G0,W0082F0002T0006Z000C1N47.png,58,0.23570226039552256,0.23570226039552256
G0,W0082F0002T0006Z000C1N47.png,59,0.37267799624997555,0.37267799624997555
G0,W0082F0002T0006Z000C1N47.png,60,0.5,0.5
G0,W0082F0002T0006Z000C1N47.png,61,0.5,0.5
G0,W0082F0002T0006Z000C1N47.png,62,0.4765992177967197,0.4765992177967197
G0,W0082F0002T0006Z000C1N47.png,63,0.2857142857142776,0.2857142857142776
G0,W0082F0002T0006Z000C1N47.png,64,0.5,0.5
G0,W0082F0002T0006Z000C1N47.png,65,0.6029192813370328,0.6029192813370328
G0,W0082F0002T0006Z000C1N47.png,66,0.23333333333332007,0.23333333333332007
G0,W0082F0002T0006Z000C1N47.png,67,0.5,0.5
G0,W0082F0002T0006Z000C1N47.png,68,0.4375,0.4375
G0,W0082F0002T0006Z000C1N47.png,69,0.5303300858899106,0.5303300858899106
G0,W0082F0002T0006Z000C1N47.png,70,0.4472135954999579,0.4472135954999579
G0,W0082F0003T0006Z000C1N55.png,1,1.0,1.0
G0,W0082F0003T0006Z000C1N55.png,2,11.0,11.0
G0,W0082F0003T0006Z000C1N55.png,3,13.892443989449804,13.892443989449804
G0,W0082F0003T0006Z000C1N55.png,4,6.363961030678928,6.363961030678928
G0,W0082F0003T0006Z000C1N55.png,5,5.385164807134504,5.385164807134504
G0,W0082F0003T0006Z000C1N55.png,6,5.0,5.0
G0,W0082F0003T0006Z000C1N55.png,7,4.123105625617661,4.123105625617661
G0,W0082F0003T0006Z000C1N55.png,8,2.23606797749979,2.23606797749979
G0,W0082F0003T0006Z000C1N55.png,9,1.0,1.0
G0,W0082F0003T0006Z000C1N55.png,10,3.1622776601683795,3.1622776601683795
G0,W0082F0003T0006Z000C1N55.png,11,1.0,1.0
G0,W0082F0003T0006Z000C1N55.png,12,2.0,2.0
G0,W0082F0003T0006Z000C1N55.png,13,4.0,4.0
G0,W0082F0003T0006Z000C1N55.png,14,7.211102550927978,7.211102550927978
G0,W0082F0003T0006Z000C1N55.png,15,2.23606797749979,2.23606797749979
G0,W0082F0003T0006Z000C1N55.png,16,7.280109889280518,7.280109889280518
G0,W0082F0003T0006Z000C1N55.png,17,5.385164807134504,5.385164807134504
G0,W0082F0003T0006Z000C1N55.png,18,5.385164807134504,5.385164807134504
G0,W0082F0003T0006Z000C1N55.png,19,0.0,0.0
G0,W0082F0003T0006Z000C1N55.png,20,9.433981132056603,9.433981132056603
G0,W0082F0003T0006Z000C1N55.png,21,1.0,1.0
G0,W0082F0003T0006Z000C1N55.png,22,6.519202405202649,6.519202405202649
G0,W0082F0003T0006Z000C1N55.png,23,3.1622776601683795,3.1622776601683795
G0,W0082F0003T0006Z000C1N55.png,24,0.0,0.0
G0,W0082F0003T0006Z000C1N55.png,25,4.123105625617661,4.123105625617661
G0,W0082F0003T0006Z000C1N55.png,26,6.324555320336759,6.324555320336759
G0,W0082F0003T0006Z000C1N55.png,27,3.1622776601683795,3.1622776601683795
G0,W0082F0003T0006Z000C1N55.png,28,3.5355339059327378,3.5355339059327378
G0,W0082F0003T0006Z000C1N55.png,29,5.0,5.0
G0,W0082F0003T0006Z000C1N55.png,30,5.0,5.0
G0,W0082F0003T0006Z000C1N55.png,31,4.47213595499958,4.47213595499958
G0,W0082F0003T0006Z000C1N55.png,32,7.211102550927978,7.211102550927978
G0,W0082F0003T0006Z000C1N55.png,33,1.4142135623730951,1.4142135623730951
G0,W0082F0003T0006Z000C1N55.png,34,2.8284271247461903,2.8284271247461903
G0,W0082F0003T0006Z000C1N55.png,35,2.0,2.0
G0,W0082F0003T0006Z000C1N55.png,36,4.242640687119285,4.242640687119285
G0,W0082F0003T0006Z000C1N55.png,37,2.8284271247461903,2.8284271247461903
G0,W0082F0003T0006Z000C1N55.png,38,2.23606797749979,2.23606797749979
G0,W0082F0003T0006Z000C1N55.png,39,0.0,0.0
G0,W0082F0003T0006Z000C1N55.png,40,5.385164807134504,5.385164807134504
G0,W0082F0003T0006Z000C1N55.png,41,2.0615528128088303,2.0615528128088303
G0,W0082F0003T0006Z000C1N55.png,42,0.0,0.0
G0,W0082F0003T0006Z000C1N55.png,43,2.0,2.0
G0,W0082F0003T0006Z000C1N55.png,44,1.0,1.0
G0,W0082F0003T0006Z000C1N55.png,45,2.23606797749979,2.23606797749979
G0,W0082F0003T0006Z000C1N55.png,46,3.0,3.0
G0,W0082F0003T0006Z000C1N55.png,47,3.0,3.0
G0,W0082F0003T0006Z000C1N55.png,48,2.23606797749979,2.23606797749979
G0,W0082F0003T0006Z000C1N55.png,49,2.8284271247461903,2.8284271247461903
G0,W0082F0003T0006Z000C1N55.png,50,5.0,5.0
G0,W0082F0003T0006Z000C1N55.png,51,6.082762530298219,6.082762530298219
G0,W0082F0003T0006Z000C1N55.png,52,2.23606797749979,2.23606797749979
G0,W0082F0003T0006Z000C1N55.png,53,2.0,2.0
G0,W0082F0003T0006Z000C1N55.png,54,1.118033988749895,1.118033988749895
G0,W0082F0003T0006Z000C1N55.png,55,0.0,0.0
G0,W0082F0003T0006Z000C1N55.png,56,3.0,3.0
G0,W0082F0003T0006Z000C1N55.png,57,3.1622776601683795,3.1622776601683795
G0,W0082F0003T0006Z000C1N55.png,58,5.0,5.0
G0,W0082F0003T0006Z000C1N55.png,59,2.0,2.0
G0,W0082F0003T0006Z000C1N55.png,60,3.605551275463989,3.605551275463989
G0,W0082F0003T0006Z000C1N55.png,61,2.23606797749979,2.23606797749979
G0,W0082F0003T0006Z000C1N55.png,62,0.0,0.0
G0,W0082F0003T0006Z000C1N55.png,63,2.692582403567252,2.692582403567252
G0,W0082F0003T0006Z000C1N55.png,64,0.3333333333333357,0.3333333333333357
G0,W0082F0003T0006Z000C1N55.png,65,0.0,0.0
G0,W0082F0003T0006Z000C1N55.png,66,1.5971914124998523,1.5971914124998523
G0,W0082F0003T0006Z000C1N55.png,67,2.0,2.0
G0,W0082F0003T0006Z000C1N55.png,68,2.23606797749979,2.23606797749979
G0,W0082F0003T0006Z000C1N55.png,69,1.0,1.0
G0,W0082F0003T0006Z000C1N55.png,70,5.0990195135927845,5.0990195135927845
G0,W0082F0003T0006Z000C1N55.png,71,2.0,2.0
G0,W0082F0003T0006Z000C1N55.png,72,1.4142135623730951,1.4142135623730951
G0,W0082F0003T0006Z000C1N55.png,73,3.0,3.0
G0,W0082F0003T0006Z000C1N55.png,74,1.0,1.0
G0,W0082F0003T0006Z000C1N55.png,75,2.23606797749979,2.23606797749979
G0,W0082F0003T0006Z000C1N55.png,76,1.4142135623730951,1.4142135623730951
G0,W0082F0003T0006Z000C1N55.png,77,3.1622776601683795,3.1622776601683795
G0,W0082F0003T0006Z000C1N55.png,78,5.656854249492381,5.656854249492381
G0,W0082F0003T0006Z000C1N55.png,79,1.4142135623730951,1.4142135623730951
G0,W0082F0003T0006Z000C1N55.png,80,4.47213595499958,4.47213595499958
G0,W0082F0003T0006Z000C1N55.png,81,2.8284271247461903,2.8284271247461903
G0,W0082F0003T0006Z000C1N55.png,82,2.23606797749979,2.23606797749979
G0,W0082F0003T0006Z000C1N55.png,83,1.4142135623730951,1.4142135623730951
G0,W0082F0003T0006Z000C1N55.png,84,2.8284271247461903,2.8284271247461903
G0,W0082F0003T0006Z000C1N55.png,85,3.1622776601683795,3.1622776601683795
G0,W0082F0003T0006Z000C1N55.png,86,2.23606797749979,2.23606797749979
G0,W0082F0003T0006Z000C1N55.png,87,3.605551275463989,3.605551275463989
G0,W0082F0003T0006Z000C1N55.png,88,3.1622776601683795,3.1622776601683795
G0,W0082F0003T0006Z000C1N55.png,89,5.385164807134504,5.385164807134504
G0,W0082F0003T0006Z000C1N55.png,90,4.123105625617661,4.123105625617661
G0,W0082F0003T0006Z000C1N55.png,91,2.23606797749979,2.23606797749979
G0,W0082F0003T0006Z000C1N55.png,92,0.0,0.0
G0,W0082F0003T0006Z000C1N55.png,93,0.0,0.0
G0,W0082F0003T0006Z000C1N55.png,94,4.47213595499958,4.47213595499958
G0,W0082F0003T0006Z000C1N55.png,95,0.0,0.0
G0,W0082F0003T0006Z000C1N55.png,96,2.0,2.0
G0,W0082F0003T0006Z000C1N55.png,97,2.0,2.0
G0,W0082F0003T0006Z000C1N55.png,98,2.23606797749979,2.23606797749979
G0,W0082F0003T0006Z000C1N55.png,99,3.5355339059327378,3.5355339059327378
G0,W0082F0003T0006Z000C1N55.png,100,2.23606797749979,2.23606797749979
G0,W0082F0003T0006Z000C1N55.png,101,0.0,0.0
G0,W0082F0003T0006Z000C1N55.png,102,3.1622776601683795,3.1622776601683795
G0,W0082F0003T0006Z000C1N55.png,103,2.23606797749979,2.23606797749979
G0,W0082F0003T0006Z000C1N55.png,104,1.25,1.25
G0,W0082F0003T0006Z000C1N55.png,105,3.605551275463989,3.605551275463989
G0,W0082F0003T0006Z000C1N55.png,106,2.5495097567963922,2.5495097567963922
G0,W0082F0003T0006Z000C1N55.png,107,0.5,0.5
G0,W0082F0003T0006Z000C1N55.png,108,0.5,0.5
G0,W0082F0003T0006Z000C1N55.png,109,1.2018504251546618,1.2018504251546618
G0,W0082F0003T0006Z000C1N55.png,110,1.4142135623730951,1.4142135623730951
G0,W0082F0003T0006Z000C1N55.png,111,2.0,2.0
G0,W0082F0003T0006Z000C1N55.png,112,0.0,0.0
G0,W0082F0003T0006Z000C1N55.png,113,4.242640687119285,4.242640687119285
G0,W0082F0003T0006Z000C1N55.png,114,1.0,1.0
G0,W0082F0003T0006Z000C1N55.png,115,0.3535533905932738,0.3535533905932738
G0,W0082F0003T0006Z000C1N55.png,116,0.0,0.0
G0,W0082F0003T0006Z000C1N55.png,117,2.23606797749979,2.23606797749979
G0,W0082F0003T0006Z000C1N55.png,118,2.0615528128088303,2.0615528128088303
G0,W0082F0003T0006Z000C1N55.png,119,0.0,0.0
G0,W0082F0003T0006Z000C1N55.png,120,2.8284271247461903,2.8284271247461903
G0,W0082F0003T0006Z000C1N55.png,121,3.605551275463989,3.605551275463989
G0,W0082F0003T0006Z000C1N55.png,122,1.118033988749895,1.118033988749895
G0,W0082F0003T0006Z000C1N55.png,123,2.5,2.5
G0,W0082F0003T0006Z000C1N55.png,124,1.4142135623730951,1.4142135623730951
G0,W0082F0003T0006Z000C1N55.png,125,2.0,2.0
G0,W0082F0003T0006Z000C1N55.png,126,5.0,5.0
G0,W0082F0003T0006Z000C1N55.png,127,3.605551275463989,3.605551275463989
G0,W0082F0003T0006Z000C1N55.png,128,0.0,0.0
G0,W0082F0003T0006Z000C1N55.png,129,0.0,0.0
G0,W0082F0003T0006Z000C1N55.png,130,0.29188652737754345,0.29188652737754345
G0,W0082F0003T0006Z000C1N55.png,131,0.0,0.0
G0,W0082F0003T0006Z000C1N55.png,132,0.3333333333333286,0.3333333333333286
G0,W0082F0003T0006Z000C1N55.png,133,2.0,2.0
G0,W0082F0003T0006Z000C1N55.png,134,2.8284271247461903,2.8284271247461903
G0,W0082F0003T0006Z000C1N55.png,135,1.4892928119026057,1.4892928119026057
G0,W0082F0003T0006Z000C1N55.png,136,0.0,0.0
G0,W0082F0003T0006Z000C1N55.png,137,0.0,0.0
G0,W0082F0003T0006Z000C1N55.png,138,1.0,1.0
G0,W0082F0003T0006Z000C1N55.png,139,0.6201736729460405,0.6201736729460405
G0,W0082F0003T0006Z000C1N55.png,140,2.0,2.0
G0,W0082F0003T0006Z000C1N55.png,141,4.031128874149275,4.031128874149275
G0,W0082F0003T0006Z000C1N55.png,142,0.0,0.0
G0,W0082F0003T0006Z000C1N55.png,143,0.5,0.5
G0,W0082F0003T0006Z000C1N55.png,144,0.0,0.0
G0,W0082F0003T0006Z000C1N55.png,145,3.8078865529319543,3.8078865529319543
G0,W0082F0003T0006Z000C1N55.png,146,1.505199322349037,1.505199322349037
G0,W0082F0003T0006Z000C1N55.png,147,2.8284271247461903,2.8284271247461903
G0,W0082F0003T0006Z000C1N55.png,148,0.47140452079104006,0.47140452079104006
G0,W0082F0003T0006Z000C1N55.png,149,2.23606797749979,2.23606797749979
G0,W0082F0003T0006Z000C1N55.png,150,8.06225774829855,8.06225774829855
G0,W0082F0003T0006Z000C1N55.png,151,3.386611256472927,3.386611256472927
G0,W0082F0003T0006Z000C1N55.png,152,1.118033988749895,1.118033988749895
G0,W0082F0003T0006Z000C1N55.png,153,1.0,1.0
G0,W0082F0003T0006Z000C1N55.png,154,2.692582403567252,2.692582403567252
G0,W0082F0003T0006Z000C1N55.png,155,3.605551275463989,3.605551275463989
G0,W0082F0003T0006Z000C1N55.png,156,1.0,1.0
G0,W0082F0003T0006Z000C1N55.png,157,0.5153882032022076,0.5153882032022076
G0,W0082F0003T0006Z000C1N55.png,158,1.0,1.0
G0,W0082F0003T0006Z000C1N55.png,159,0.0,0.0
G0,W0082F0003T0006Z000C1N55.png,160,0.0,0.0
G0,W0082F0003T0006Z000C1N55.png,161,1.0,1.0
G0,W0082F0003T0006Z000C1N55.png,162,0.4098735172590498,0.4098735172590498
G0,W0082F0003T0006Z000C1N55.png,163,2.23606797749979,2.23606797749979
G0,W0082F0003T0006Z000C1N55.png,164,1.5811388300841898,1.5811388300841898
G0,W0082F0003T0006Z000C1N55.png,165,4.716990566028302,4.716990566028302
G0,W0082F0003T0006Z000C1N55.png,166,2.23606797749979,2.23606797749979
G0,W0082F0003T0006Z000C1N55.png,167,0.0,0.0
G0,W0082F0003T0006Z000C1N55.png,168,2.23606797749979,2.23606797749979
G0,W0082F0003T0006Z000C1N55.png,169,3.1622776601683795,3.1622776601683795
G0,W0082F0003T0006Z000C1N55.png,170,4.242640687119285,4.242640687119285
G0,W0082F0003T0006Z000C1N55.png,171,3.1622776601683795,3.1622776601683795
G0,W0082F0003T0006Z000C1N55.png,172,2.8284271247461903,2.8284271247461903
G0,W0082F0003T0006Z000C1N55.png,173,2.23606797749979,2.23606797749979
G0,W0082F0003T0006Z000C1N55.png,174,3.2015621187164243,3.2015621187164243
G0,W0082F0003T0006Z000C1N55.png,175,0.38887342908701034,0.38887342908701034
G0,W0082F0003T0006Z000C1N55.png,176,0.0,0.0
G0,W0082F0003T0006Z000C1N55.png,177,2.9154759474226504,2.9154759474226504
G0,W0082F0003T0006Z000C1N55.png,178,0.3333333333333357,0.3333333333333357
G0,W0082F0003T0006Z000C1N55.png,179,2.0,2.0
G0,W0082F0003T0006Z000C1N55.png,180,2.8284271247461903,2.8284271247461903
G0,W0082F0003T0006Z000C1N55.png,181,0.7071067811865476,0.7071067811865476
G0,W0082F0003T0006Z000C1N55.png,182,4.133572275052945,4.133572275052945
G0,W0082F0003T0006Z000C1N55.png,183,4.0,4.0
G0,W0082F0003T0006Z000C1N55.png,184,2.357022603955154,2.357022603955154
G0,W0082F0003T0006Z000C1N55.png,185,3.605551275463989,3.605551275463989
G0,W0082F0003T0006Z000C1N55.png,186,2.23606797749979,2.23606797749979
G0,W0082F0003T0006Z000C1N55.png,187,0.0,0.0
G0,W0082F0003T0006Z000C1N55.png,188,0.9394961741404196,0.9394961741404196
G0,W0082F0003T0006Z000C1N55.png,189,0.0,0.0
G0,W0082F0003T0006Z000C1N55.png,190,1.0,1.0
G0,W0082F0003T0006Z000C1N55.png,191,2.8480012484391812,2.8480012484391812
G0,W0082F0003T0006Z000C1N55.png,192,1.8247356627060123,1.8247356627060123
G0,W0082F0003T0006Z000C1N55.png,193,2.23606797749979,2.23606797749979
G0,W0082F0003T0006Z000C1N55.png,194,1.118033988749895,1.118033988749895
G0,W0082F0003T0006Z000C1N55.png,195,2.692582403567252,2.692582403567252
G0,W0082F0003T0006Z000C1N55.png,196,0.7071067811865476,0.7071067811865476
G0,W0082F0003T0006Z000C1N55.png,197,2.8284271247461903,2.8284271247461903
G0,W0082F0003T0006Z000C1N55.png,198,6.082762530298219,6.082762530298219
G0,W0082F0003T0006Z000C1N55.png,199,2.23606797749979,2.23606797749979
G0,W0082F0003T0006Z000C1N55.png,200,0.4834556224132447,0.4834556224132447
G0,W0082F0003T0006Z000C1N55.png,201,2.23606797749979,2.23606797749979
G0,W0082F0003T0006Z000C1N55.png,202,3.0,3.0
G0,W0082F0003T0006Z000C1N55.png,203,5.385164807134504,5.385164807134504
G0,W0082F0003T0006Z000C1N55.png,204,2.23606797749979,2.23606797749979
G0,W0082F0003T0006Z000C1N55.png,205,3.605551275463989,3.605551275463989
G0,W0082F0003T0006Z000C1N55.png,206,0.0,0.0
G0,W0082F0003T0006Z000C1N55.png,207,1.0,1.0
G0,W0082F0003T0006Z000C1N55.png,208,3.640054944640259,3.640054944640259
G0,W0082F0003T0006Z000C1N55.png,209,3.0413812651491097,3.0413812651491097
G0,W0082F0003T0006Z000C1N55.png,210,1.0,1.0
G0,W0082F0003T0006Z000C1N55.png,211,2.23606797749979,2.23606797749979
G0,W0082F0003T0006Z000C1N55.png,212,2.8284271247461903,2.8284271247461903
G0,W0082F0003T0006Z000C1N55.png,213,0.7071067811865476,0.7071067811865476
G0,W0082F0003T0006Z000C1N55.png,214,4.242640687119285,4.242640687119285
G0,W0082F0003T0006Z000C1N55.png,215,4.242640687119285,4.242640687119285
G0,W0082F0003T0006Z000C1N55.png,216,2.23606797749979,2.23606797749979
G0,W0082F0003T0006Z000C1N55.png,217,2.23606797749979,2.23606797749979
G0,W0082F0003T0006Z000C1N55.png,218,5.0,5.0
G0,W0082F0003T0006Z000C1N55.png,219,3.1622776601683795,3.1622776601683795
G0,W0082F0003T0006Z000C1N55.png,220,5.0,5.0
G0,W0082F0003T0006Z000C1N55.png,221,4.47213595499958,4.47213595499958
G0,W0082F0003T0006Z000C1N55.png,222,2.23606797749979,2.23606797749979
G0,W0082F0003T0006Z000C1N55.png,223,1.3437096247164204,1.3437096247164204
G0,W0082F0003T0006Z000C1N55.png,224,0.5,0.5
G0,W0082F0003T0006Z000C1N55.png,225,1.0,1.0
G0,W0082F0003T0006Z000C1N55.png,226,4.6097722286464435,4.6097722286464435
G0,W0082F0003T0006Z000C1N55.png,227,4.242640687119285,4.242640687119285
G0,W0082F0003T0006Z000C1N55.png,228,2.23606797749979,2.23606797749979
G0,W0082F0003T0006Z000C1N55.png,229,3.3541019662496847,3.3541019662496847
G0,W0082F0003T0006Z000C1N55.png,230,5.0,5.0
G0,W0082F0003T0006Z000C1N55.png,231,0.5,0.5
G0,W0082F0003T0006Z000C1N55.png,232,3.2015621187164243,3.2015621187164243
G0,W0082F0003T0006Z000C1N55.png,233,0.0,0.0
G0,W0082F0003T0006Z000C1N55.png,234,6.0,6.0
G0,W0082F0003T0006Z000C1N55.png,235,2.23606797749979,2.23606797749979
G0,W0082F0003T0006Z000C1N55.png,236,0.5,0.5
G0,W0082F0003T0006Z000C1N55.png,237,2.3993633414813265,2.3993633414813265
G0,W0082F0003T0006Z000C1N55.png,238,0.0,0.0
G0,W0082F0003T0006Z000C1N55.png,239,1.0,1.0
G0,W0082F0003T0006Z000C1N55.png,240,2.23606797749979,2.23606797749979
G0,W0082F0003T0006Z000C1N55.png,241,0.4472135954999579,0.4472135954999579
G0,W0082F0003T0006Z000C1N55.png,242,1.4142135623730951,1.4142135623730951
G0,W0082F0003T0006Z000C1N55.png,243,2.9154759474226504,2.9154759474226504
G0,W0082F0003T0006Z000C1N55.png,244,0.0,0.0
G0,W0082F0003T0006Z000C1N55.png,245,1.0,1.0
G0,W0082F0003T0006Z000C1N55.png,246,0.7211102550927924,0.7211102550927924
G0,W0082F0003T0006Z000C1N55.png,247,1.0,1.0
G0,W0082F0003T0006Z000C1N55.png,248,3.605551275463989,3.605551275463989
G0,W0082F0003T0006Z000C1N55.png,249,3.2015621187164243,3.2015621187164243
G0,W0082F0003T0006Z000C1N55.png,250,2.0,2.0
G0,W0082F0003T0006Z000C1N55.png,251,2.8284271247461903,2.8284271247461903
G0,W0082F0003T0006Z000C1N55.png,252,2.0,2.0
G0,W0082F0003T0006Z000C1N55.png,253,2.0,2.0
G0,W0082F0003T0006Z000C1N55.png,254,0.0,0.0
G0,W0082F0003T0006Z000C1N55.png,255,0.0,0.0
G0,W0082F0003T0006Z000C1N55.png,256,0.7453559924999289,0.7453559924999289
G0,W0082F0003T0006Z000C1N55.png,257,1.4142135623730951,1.4142135623730951
G0,W0082F0003T0006Z000C1N55.png,258,0.7453559924999289,0.7453559924999289
G0,W0082F0003T0006Z000C1N55.png,259,2.23606797749979,2.23606797749979
G0,W0082F0003T0006Z000C1N55.png,260,2.9154759474226504,2.9154759474226504
G0,W0082F0003T0006Z000C1N55.png,261,2.0275875100994063,2.0275875100994063
G0,W0082F0003T0006Z000C1N55.png,262,1.0,1.0
G0,W0082F0003T0006Z000C1N55.png,263,0.28284271247462306,0.28284271247462306
G0,W0082F0003T0006Z000C1N55.png,264,2.23606797749979,2.23606797749979
G0,W0082F0003T0006Z000C1N55.png,265,4.06885187191123,4.06885187191123
G0,W0082F0003T0006Z000C1N55.png,266,0.47140452079102496,0.47140452079102496
G0,W0082F0003T0006Z000C1N55.png,267,0.23570226039552003,0.23570226039552003
G0,W0082F0003T0006Z000C1N55.png,268,0.0,0.0
G0,W0082F0003T0006Z000C1N55.png,269,0.0,0.0
G0,W0082F0003T0006Z000C1N55.png,270,1.0540925533894583,1.0540925533894583
G0,W0082F0003T0006Z000C1N55.png,271,11.40175425099138,11.40175425099138
G0,W0082F0003T0006Z000C1N55.png,272,2.23606797749979,2.23606797749979
G0,W0082F0003T0006Z000C1N55.png,273,2.0,2.0
G0,W0082F0003T0006Z000C1N55.png,274,9.848857801796104,9.848857801796104
G0,W0082F0003T0006Z000C1N55.png,275,0.0,0.0
G0,W0082F0003T0006Z000C1N55.png,276,1.0,1.0
G0,W0082F0003T0006Z000C1N55.png,277,3.1622776601683795,3.1622776601683795
G0,W0082F0003T0006Z000C1N55.png,278,0.8944271909999191,0.8944271909999191
G0,W0082F0003T0006Z000C1N55.png,279,2.23606797749979,2.23606797749979
G0,W0082F0003T0006Z000C1N55.png,280,2.0,2.0
G0,W0082F0003T0006Z000C1N55.png,281,0.0,0.0
G0,W0082F0003T0006Z000C1N55.png,282,1.0,1.0
G0,W0082F0003T0006Z000C1N55.png,283,2.23606797749979,2.23606797749979
G0,W0082F0003T0006Z000C1N55.png,284,6.0,6.0
G0,W0082F0003T0006Z000C1N55.png,285,1.4142135623730951,1.4142135623730951
G0,W0082F0003T0006Z000C1N55.png,286,3.640054944640259,3.640054944640259
G0,W0082F0003T0006Z000C1N55.png,287,0.1666666666666643,0.1666666666666643
G0,W0082F0003T0006Z000C1N55.png,288,2.23606797749979,2.23606797749979
G0,W0082F0003T0006Z000C1N55.png,289,0.6871842709362791,0.6871842709362791
G0,W0082F0003T0006Z000C1N55.png,290,2.23606797749979,2.23606797749979
G0,W0082F0003T0006Z000C1N55.png,291,3.0,3.0
G0,W0082F0003T0006Z000C1N55.png,292,0.372161463782397,0.372161463782397
G0,W0082F0003T0006Z000C1N55.png,293,1.2165525060596472,1.2165525060596472
G0,W0082F0003T0006Z000C1N55.png,294,0.0,0.0
G0,W0082F0003T0006Z000C1N55.png,295,2.8284271247461903,2.8284271247461903
G0,W0082F0003T0006Z000C1N55.png,296,0.0,0.0
G0,W0082F0003T0006Z000C1N55.png,297,1.0,1.0
G0,W0082F0003T0006Z000C1N55.png,298,0.0,0.0
G0,W0082F0003T0006Z000C1N55.png,299,2.692582403567252,2.692582403567252
G0,W0082F0003T0006Z000C1N55.png,300,2.0,2.0
G0,W0082F0003T0006Z000C1N55.png,301,2.23606797749979,2.23606797749979
G0,W0082F0003T0006Z000C1N55.png,302,0.0,0.0
G0,W0082F0003T0006Z000C1N55.png,303,0.7905694150420949,0.7905694150420949
G0,W0082F0003T0006Z000C1N55.png,304,0.745355992499932,0.745355992499932
G0,W0082F0003T0006Z000C1N55.png,305,0.7071067811865476,0.7071067811865476
G0,W0082F0003T0006Z000C1N55.png,306,0.0,0.0
G0,W0082F0003T0006Z000C1N55.png,307,0.7071067811865476,0.7071067811865476
G0,W0082F0003T0006Z000C1N55.png,308,0.47140452079103,0.47140452079103
G0,W0082F0003T0006Z000C1N55.png,309,2.8284271247461903,2.8284271247461903
G0,W0082F0003T0006Z000C1N55.png,310,2.23606797749979,2.23606797749979
G0,W0082F0003T0006Z000C1N55.png,311,2.8284271247461903,2.8284271247461903
G0,W0082F0003T0006Z000C1N55.png,312,2.0,2.0
G0,W0082F0003T0006Z000C1N55.png,313,0.6666666666666714,0.6666666666666714
G0,W0082F0003T0006Z000C1N55.png,314,3.605551275463989,3.605551275463989
G0,W0082F0003T0006Z000C1N55.png,315,6.0,6.0
G0,W0082F0003T0006Z000C1N55.png,316,0.0,0.0
G0,W0082F0003T0006Z000C1N55.png,317,0.5,0.5
G0,W0082F0003T0006Z000C1N55.png,318,0.0,0.0
G0,W0082F0003T0006Z000C1N55.png,319,2.0,2.0
G0,W0082F0003T0006Z000C1N55.png,320,2.102379604162858,2.102379604162858
G0,W0082F0003T0006Z000C1N55.png,321,4.242640687119285,4.242640687119285
G0,W0082F0003T0006Z000C1N55.png,322,0.0,0.0
G0,W0082F0003T0006Z000C1N55.png,323,0.7071067811865476,0.7071067811865476
G0,W0082F0003T0006Z000C1N55.png,324,3.605551275463989,3.605551275463989
G0,W0082F0003T0006Z000C1N55.png,325,0.0,0.0
G0,W0082F0003T0006Z000C1N55.png,326,3.1622776601683795,3.1622776601683795
G0,W0082F0003T0006Z000C1N55.png,327,2.0,2.0
G0,W0082F0003T0006Z000C1N55.png,328,2.0,2.0
G0,W0082F0003T0006Z000C1N55.png,329,3.0,3.0
G0,W0082F0003T0006Z000C1N55.png,330,3.1622776601683795,3.1622776601683795
G0,W0082F0003T0006Z000C1N55.png,331,2.23606797749979,2.23606797749979
G0,W0082F0003T0006Z000C1N55.png,332,2.23606797749979,2.23606797749979
G0,W0082F0003T0006Z000C1N55.png,333,0.0,0.0
G0,W0082F0003T0006Z000C1N55.png,334,2.0,2.0
G0,W0082F0003T0006Z000C1N55.png,335,1.118033988749895,1.118033988749895
G0,W0082F0003T0006Z000C1N55.png,336,1.0,1.0
G0,W0082F0003T0006Z000C1N55.png,337,0.0,0.0
G0,W0082F0003T0006Z000C1N55.png,338,3.1622776601683795,3.1622776601683795
G0,W0082F0003T0006Z000C1N55.png,339,1.0540925533894583,1.0540925533894583
G0,W0082F0003T0006Z000C1N55.png,340,3.1622776601683795,3.1622776601683795
G0,W0082F0003T0006Z000C1N55.png,341,1.0,1.0
G0,W0082F0003T0006Z000C1N55.png,342,0.0,0.0
G0,W0082F0003T0006Z000C1N55.png,343,2.1213203435596424,2.1213203435596424
G0,W0082F0003T0006Z000C1N55.png,344,4.47213595499958,4.47213595499958
G0,W0082F0003T0006Z000C1N55.png,345,1.4142135623730951,1.4142135623730951
G0,W0082F0003T0006Z000C1N55.png,346,5.522680508593631,5.522680508593631
G0,W0082F0003T0006Z000C1N55.png,347,6.0,6.0
G0,W0082F0003T0006Z000C1N55.png,348,0.5,0.5
G0,W0082F0003T0006Z000C1N55.png,349,2.23606797749979,2.23606797749979
G0,W0082F0003T0006Z000C1N55.png,350,5.0990195135927845,5.0990195135927845
G0,W0082F0003T0006Z000C1N55.png,351,0.0,0.0
G0,W0082F0003T0006Z000C1N55.png,352,4.743416490252569,4.743416490252569
G0,W0082F0003T0006Z000C1N55.png,353,5.0,5.0
G0,W0082F0003T0006Z000C1N55.png,354,2.0,2.0
G0,W0082F0003T0006Z000C1N55.png,355,0.0,0.0
G0,W0082F0003T0006Z000C1N55.png,356,0.0,0.0
G0,W0082F0003T0006Z000C1N55.png,357,2.23606797749979,2.23606797749979
G0,W0082F0003T0006Z000C1N55.png,358,8.48528137423857,8.48528137423857
G0,W0082F0003T0006Z000C1N55.png,359,2.8284271247461903,2.8284271247461903
G0,W0082F0003T0006Z000C1N55.png,360,1.4142135623730951,1.4142135623730951
G0,W0082F0003T0006Z000C1N55.png,361,3.0,3.0
G0,W0082F0003T0006Z000C1N55.png,362,2.23606797749979,2.23606797749979
G0,W0082F0003T0006Z000C1N55.png,363,0.60207972893961,0.60207972893961
G0,W0082F0003T0006Z000C1N55.png,364,5.656854249492381,5.656854249492381
G0,W0082F0003T0006Z000C1N55.png,365,2.8284271247461903,2.8284271247461903
G0,W0082F0003T0006Z000C1N55.png,366,5.385164807134504,5.385164807134504
G0,W0082F0003T0006Z000C1N55.png,367,2.1213203435596424,2.1213203435596424
G0,W0082F0003T0006Z000C1N55.png,368,1.4142135623730951,1.4142135623730951
G0,W0082F0003T0006Z000C1N55.png,369,1.4142135623730951,1.4142135623730951
G0,W0082F0003T0006Z000C1N55.png,370,2.23606797749979,2.23606797749979
G0,W0082F0003T0006Z000C1N55.png,371,1.4142135623730951,1.4142135623730951
G0,W0082F0003T0006Z000C1N55.png,372,1.0000000000000056,1.0000000000000056
G0,W0082F0003T0006Z000C1N55.png,373,0.3333333333333428,0.3333333333333428
G0,W0082F0003T0006Z000C1N55.png,374,2.8284271247461903,2.8284271247461903
G0,W0082F0003T0006Z000C1N55.png,375,8.602325267042627,8.602325267042627
G0,W0082F0003T0006Z000C1N55.png,376,3.1622776601683795,3.1622776601683795
G0,W0082F0003T0006Z000C1N55.png,377,2.0,2.0
G0,W0082F0003T0006Z000C1N55.png,378,0.0,0.0
G0,W0082F0003T0006Z000C1N69.png,1,0.5,0.5
G0,W0082F0003T0006Z000C1N69.png,2,1.5811388300841898,14.916433890176299
G0,W0082F0003T0006Z000C1N69.png,3,24.2404620418011,24.2404620418011
G0,W0082F0003T0006Z000C1N69.png,4,11.597413504743201,11.597413504743201
G0,W0082F0003T0006Z000C1N69.png,5,13.647344063956181,13.647344063956181
G0,W0082F0003T0006Z000C1N69.png,6,0.8944271909999159,0.8944271909999159
G0,W0082F0003T0006Z000C1N69.png,7,13.918911994517071,13.918911994517071
G0,W0082F0003T0006Z000C1N69.png,8,5.702356352568511,6.90655785764995
G0,W0082F0003T0006Z000C1N69.png,9,0.3513641844631565,0.3513641844631565
G0,W0082F0003T0006Z000C1N69.png,10,6.519202405202649,6.519202405202649
G0,W0082F0003T0006Z000C1N69.png,11,0.5,0.5
G0,W0082F0003T0006Z000C1N69.png,12,0.0,0.0
G0,W0082F0003T0006Z000C1N69.png,13,3.5777087639996665,3.5777087639996665
G0,W0082F0003T0006Z000C1N69.png,14,0.0,0.0
G0,W0082F0003T0006Z000C1N69.png,15,3.090096575350541,3.090096575350541
G0,W0082F0003T0006Z000C1N69.png,16,6.212889826803629,11.497825881443845
G0,W0082F0003T0006Z000C1N69.png,17,8.0156097709407,10.111874208078342
G0,W0082F0003T0006Z000C1N69.png,18,6.946221994724902,16.560495161679196
G0,W0082F0003T0006Z000C1N69.png,19,16.518966799666824,28.86297604336244
G0,W0082F0003T0006Z000C1N69.png,20,8.127456893491077,22.56964529825157
G0,W0082F0003T0006Z000C1N69.png,21,1.0,3.1622776601683795
G0,W0082F0003T0006Z000C1N69.png,22,13.483323032546545,13.483323032546545
G0,W0082F0003T0006Z000C1N69.png,23,4.123105625617661,4.123105625617661
G0,W0082F0003T0006Z000C1N69.png,24,1.0643366478704002,1.0643366478704002
G0,W0082F0003T0006Z000C1N69.png,25,9.91084082552467,15.94543896960515
G0,W0082F0003T0006Z000C1N69.png,26,21.366483735489442,21.366483735489442
G0,W0082F0003T0006Z000C1N69.png,27,17.430442120038148,19.159079114091053
G0,W0082F0003T0006Z000C1N69.png,28,6.25,7.075485849042453
G0,W0082F0003T0006Z000C1N69.png,29,8.279828232249473,12.525529485370619
G0,W0082F0003T0006Z000C1N69.png,30,10.295630140987,11.180339887498949
G0,W0082F0003T0006Z000C1N69.png,31,7.976048328513031,7.976048328513031
G0,W0082F0003T0006Z000C1N69.png,32,6.726812023536855,6.726812023536855
G0,W0082F0003T0006Z000C1N69.png,33,0.7071067811865476,0.7071067811865476
G0,W0082F0003T0006Z000C1N69.png,34,0.4581228472908504,0.4581228472908504
G0,W0082F0003T0006Z000C1N69.png,35,0.4472135954999631,0.4472135954999631
G0,W0082F0002T0006Z000C1N8.png,1,10.04987562112089,10.04987562112089
G0,W0082F0002T0006Z000C1N8.png,2,0.8355936424206224,0.8355936424206224
G0,W0082F0002T0006Z000C1N8.png,3,0.6428243465332222,0.6428243465332222
G0,W0082F0002T0006Z000C1N8.png,4,0.3359274061791012,0.3359274061791012
G0,W0082F0002T0006Z000C1N8.png,5,0.37527557612243717,0.37527557612243717
G0,W0082F0002T0006Z000C1N8.png,6,0.0,0.0
G0,W0082F0002T0006Z000C1N8.png,7,0.7071067811865476,0.7071067811865476
G0,W0082F0002T0006Z000C1N8.png,8,0.7071067811865476,0.7071067811865476
G0,W0082F0002T0006Z000C1N8.png,9,8.820199451676073,8.820199451676073
G0,W0082F0002T0006Z000C1N8.png,10,0.4472135954999643,0.4472135954999643
G0,W0082F0002T0006Z000C1N8.png,11,0.29558457709179353,0.29558457709179353
G0,W0082F0002T0006Z000C1N8.png,12,0.0,0.0
G0,W0082F0002T0006Z000C1N8.png,13,0.0,0.0
G0,W0082F0002T0006Z000C1N8.png,14,0.20000000000000284,0.20000000000000284
G0,W0082F0002T0006Z000C1N8.png,15,1.0552371253064403,1.0552371253064403
G0,W0082F0002T0006Z000C1N8.png,16,0.5150787536377139,0.5150787536377139
G0,W0082F0002T0006Z000C1N8.png,17,0.0,0.0
G0,W0082F0002T0006Z000C1N8.png,18,0.0,0.0
G0,W0082F0002T0006Z000C1N8.png,19,0.4742504557822664,0.4742504557822664
G0,W0082F0002T0006Z000C1N8.png,20,0.19403406780100094,0.19403406780100094
G0,W0082F0002T0006Z000C1N8.png,21,0.3640054944640208,0.3640054944640208
G0,W0082F0002T0006Z000C1N8.png,22,0.5,0.5
G0,W0082F0002T0006Z000C1N8.png,23,0.4925480182640663,0.4925480182640663
G0,W0082F0002T0006Z000C1N8.png,24,0.47200673504250723,0.47200673504250723
G0,W0082F0002T0006Z000C1N8.png,25,0.3748277841470569,0.3748277841470569
G0,W0082F0002T0006Z000C1N8.png,26,0.36649827783267963,0.36649827783267963
G0,W0082F0002T0006Z000C1N8.png,27,0.2773500981126146,0.2773500981126146
G0,W0082F0002T0006Z000C1N8.png,28,0.4068851871911201,0.4068851871911201
G0,W0082F0002T0006Z000C1N8.png,29,0.0,0.0
G0,W0082F0002T0006Z000C1N8.png,30,0.0,0.0
G0,W0082F0002T0006Z000C1N8.png,31,0.0,0.0
G0,W0082F0002T0006Z000C1N8.png,32,0.7071067811865476,0.7071067811865476
G0,W0082F0002T0006Z000C1N8.png,33,0.31622776601683344,0.31622776601683344
G0,W0082F0002T0006Z000C1N8.png,34,0.5,0.5
G0,W0082F0002T0006Z000C1N8.png,35,0.4843700558260335,0.4843700558260335
G0,W0082F0002T0006Z000C1N8.png,36,0.18895315112753183,0.18895315112753183
G0,W0082F0002T0006Z000C1N8.png,37,0.4881406047441659,0.4881406047441659
G0,W0082F0002T0006Z000C1N8.png,38,4.272001872658765,4.272001872658765
G0,W0082F0002T0006Z000C1N8.png,39,0.4853406592853715,0.4853406592853715
G0,W0082F0002T0006Z000C1N8.png,40,0.47140452079102496,0.47140452079102496
G0,W0082F0002T0006Z000C1N141.png,1,14.886235252742715,14.886235252742715
G0,W0082F0002T0006Z000C1N141.png,2,34.630189141845584,122.74465365139127
G0,W0082F0002T0006Z000C1N141.png,3,0.14285714285714235,0.14285714285714235
G0,W0082F0002T0006Z000C1N141.png,4,13.0,13.0
G0,W0082F0002T0006Z000C1N141.png,5,28.50438562747845,28.50438562747845
G0,W0082F0002T0006Z000C1N141.png,6,60.733791509524984,122.91425816272854
G0,W0082F0002T0006Z000C1N141.png,7,42.69074841227312,42.69074841227312
G0,W0082F0002T0006Z000C1N141.png,8,61.17508173267936,61.17508173267936
G0,W0082F0002T0006Z000C1N141.png,9,63.42099196813483,119.2457779359737
G0,W0082F0002T0006Z000C1N141.png,10,97.98469268207153,97.98469268207153
G0,W0082F0002T0006Z000C1N155.png,1,27.84103907525945,
G0,W0082F0002T0006Z000C1N155.png,2,50.902962504116616,
G0,W0082F0002T0006Z000C1N155.png,3,35.435771157843035,
G0,W0082F0002T0006Z000C1N155.png,4,20.681392603013947,
G0,W0082F0002T0006Z000C1N155.png,5,45.79301256742124,
G0,W0082F0002T0006Z000C1N155.png,6,11.236102527122116,
G0,W0082F0002T0006Z000C1N155.png,7,7.0710678118654755,
G0,W0082F0002T0006Z000C1N155.png,8,3.0413812651491097,
G0,W0082F0002T0006Z000C1N155.png,9,1.0,
G0,W0082F0003T0006Z000C1N51.png,1,5.522680508593631,5.522680508593631
G0,W0082F0003T0006Z000C1N51.png,2,11.960820393676842,13.08449776004616
G0,W0082F0003T0006Z000C1N51.png,3,9.76641246825056,9.76641246825056
G0,W0082F0003T0006Z000C1N51.png,4,0.2857142857142918,0.2857142857142918
G0,W0082F0003T0006Z000C1N51.png,5,12.44978193835137,12.913058131693669
G0,W0082F0003T0006Z000C1N51.png,6,0.7142857142857153,0.7142857142857153
G0,W0082F0003T0006Z000C1N51.png,7,0.5,0.5
G0,W0082F0003T0006Z000C1N51.png,8,0.3513641844631565,0.3513641844631565
G0,W0082F0003T0006Z000C1N51.png,9,1.0671873729054753,1.0671873729054753
G0,W0082F0003T0006Z000C1N51.png,10,0.4853406592853715,0.4853406592853715
G0,W0082F0003T0006Z000C1N51.png,11,17.23114912012545,17.23114912012545
G0,W0082F0003T0006Z000C1N51.png,12,0.4472135954999579,0.4472135954999579
G0,W0082F0003T0006Z000C1N51.png,13,0.5,0.5
G0,W0082F0003T0006Z000C1N51.png,14,0.582102203402985,0.582102203402985
G0,W0082F0003T0006Z000C1N51.png,15,0.5439282932204242,0.5439282932204242
G0,W0082F0003T0006Z000C1N51.png,16,2.167378800347897,2.167378800347897
G0,W0082F0003T0006Z000C1N51.png,17,0.1767766952966369,0.1767766952966369
G0,W0082F0003T0006Z000C1N51.png,18,5.0,5.0
G0,W0082F0003T0006Z000C1N51.png,19,4.836206042848965,4.836206042848965
G0,W0082F0003T0006Z000C1N51.png,20,2.2314121089570134,2.2314121089570134
G0,W0082F0003T0006Z000C1N51.png,21,0.22360679774998138,0.22360679774998138
G0,W0082F0003T0006Z000C1N51.png,22,0.5,0.5
G0,W0082F0003T0006Z000C1N51.png,23,0.0,0.0
G0,W0082F0003T0006Z000C1N51.png,24,21.707653540219905,21.707653540219905
G0,W0082F0003T0006Z000C1N51.png,25,0.1737932151513765,0.1737932151513765
G0,W0082F0003T0006Z000C1N51.png,26,15.807909412695908,15.807909412695908
G0,W0082F0003T0006Z000C1N51.png,27,1.2876968840942835,1.2876968840942835
G0,W0082F0003T0006Z000C1N51.png,28,0.402768199119815,0.402768199119815
G0,W0082F0003T0006Z000C1N51.png,29,6.685057965343305,6.685057965343305
G0,W0082F0003T0006Z000C1N51.png,30,0.7071067811865476,0.7071067811865476
G0,W0082F0003T0006Z000C1N51.png,31,11.40175425099138,11.40175425099138
G0,W0082F0003T0006Z000C1N51.png,32,5.852349955359813,5.852349955359813
G0,W0082F0003T0006Z000C1N51.png,33,1.374368541872553,1.374368541872553
G0,W0082F0003T0006Z000C1N51.png,34,15.57404958282088,15.57404958282088
G0,W0082F0003T0006Z000C1N51.png,35,9.5524865872714,9.5524865872714
G0,W0082F0003T0006Z000C1N51.png,36,11.279282877125748,11.279282877125748
G0,W0082F0003T0006Z000C1N51.png,37,8.671973535476225,8.671973535476225
G0,W0082F0003T0006Z000C1N51.png,38,11.40175425099138,11.40175425099138
G0,W0082F0003T0006Z000C1N51.png,39,11.510864433221338,19.96246477767713
G0,W0082F0003T0006Z000C1N51.png,40,19.661192741031762,19.661192741031762
G0,W0082F0003T0006Z000C1N51.png,41,2.831153845831317,2.831153845831317
G0,W0082F0003T0006Z000C1N51.png,42,14.449913494550763,18.27019430657484
G0,W0082F0003T0006Z000C1N51.png,43,9.257598230642762,9.257598230642762
G0,W0082F0003T0006Z000C1N51.png,44,16.65756554229694,16.65756554229694
G0,W0082F0003T0006Z000C1N51.png,45,5.217491947499505,5.217491947499505
G0,W0082F0003T0006Z000C1N51.png,46,13.489981165173461,13.489981165173461
G0,W0082F0003T0006Z000C1N51.png,47,8.73212459828649,8.73212459828649
G0,W0082F0003T0006Z000C1N51.png,48,15.285714285714292,15.285714285714292
G0,W0082F0003T0006Z000C1N51.png,49,9.7082439194738,9.7082439194738
G0,W0082F0003T0006Z000C1N45.png,1,5.121969142940492,5.121969142940492
G0,W0082F0003T0006Z000C1N45.png,2,5.220153254455275,5.220153254455275
G0,W0082F0003T0006Z000C1N45.png,3,0.5758755534498959,0.5758755534498959
G0,W0082F0003T0006Z000C1N45.png,4,0.5,0.5
G0,W0082F0003T0006Z000C1N45.png,5,3.0135747299612836,3.0135747299612836
G0,W0082F0003T0006Z000C1N45.png,6,0.2857142857142918,0.2857142857142918
G0,W0082F0003T0006Z000C1N45.png,7,0.6666666666666714,0.6666666666666714
G0,W0082F0003T0006Z000C1N45.png,8,0.0,0.0
G0,W0082F0003T0006Z000C1N45.png,9,0.5,0.5
G0,W0082F0003T0006Z000C1N45.png,10,0.4282417581929755,0.4282417581929755
G0,W0082F0003T0006Z000C1N45.png,11,0.23570226039552256,0.23570226039552256
G0,W0082F0003T0006Z000C1N45.png,12,0.20009763241977652,0.20009763241977652
G0,W0082F0003T0006Z000C1N45.png,13,0.5,0.5
G0,W0082F0003T0006Z000C1N45.png,14,3.1622776601683795,3.605551275463989
G0,W0082F0003T0006Z000C1N45.png,15,18.837204616868657,18.837204616868657
G0,W0082F0003T0006Z000C1N45.png,16,0.4714045207910451,0.4714045207910451
G0,W0082F0002T0006Z000C1N43.png,1,0.8592153636004212,0.8592153636004212
G0,W0082F0002T0006Z000C1N43.png,2,5.385164807134504,5.385164807134504
G0,W0082F0002T0006Z000C1N43.png,3,8.438468832240062,8.438468832240062
G0,W0082F0002T0006Z000C1N43.png,4,12.924782396620843,12.924782396620843
G0,W0082F0002T0006Z000C1N43.png,5,1.3743685418725546,1.3743685418725546
G0,W0082F0002T0006Z000C1N43.png,6,1.118033988749895,1.118033988749895
G0,W0082F0002T0006Z000C1N43.png,7,0.9999999999999986,0.9999999999999986
G0,W0082F0002T0006Z000C1N43.png,8,0.5366563145999445,0.5366563145999445
G0,W0082F0002T0006Z000C1N43.png,9,0.47140452079103,0.47140452079103
G0,W0082F0002T0006Z000C1N43.png,10,1.6124515496597116,1.6124515496597116
G0,W0082F0002T0006Z000C1N43.png,11,0.485912657903773,0.485912657903773
G0,W0082F0002T0006Z000C1N43.png,12,0.5,0.5
G0,W0082F0002T0006Z000C1N43.png,13,0.5,0.5
G0,W0082F0002T0006Z000C1N43.png,14,4.559618784151817,4.559618784151817
G0,W0082F0002T0006Z000C1N43.png,15,0.1351725006733009,0.1351725006733009
G0,W0082F0002T0006Z000C1N43.png,16,0.08108404256842194,0.08108404256842194
G0,W0082F0002T0006Z000C1N43.png,17,0.7071067811865476,0.7071067811865476
G0,W0082F0002T0006Z000C1N43.png,18,0.2981423969999741,0.2981423969999741
G0,W0082F0002T0006Z000C1N43.png,19,0.25,0.25
G0,W0082F0002T0006Z000C1N43.png,20,0.6508541396588864,0.6508541396588864
G0,W0082F0002T0006Z000C1N43.png,21,4.642796092394701,4.642796092394701
G0,W0082F0002T0006Z000C1N43.png,22,0.3535533905932738,0.3535533905932738
G0,W0082F0002T0006Z000C1N43.png,23,4.8541219597369,4.8541219597369
G0,W0082F0002T0006Z000C1N43.png,24,0.35136418446314976,0.35136418446314976
G0,W0082F0002T0006Z000C1N43.png,25,0.3333333333333286,0.3333333333333286
G0,W0082F0002T0006Z000C1N43.png,26,0.5,0.5
G0,W0082F0002T0006Z000C1N43.png,27,12.093386622447824,12.093386622447824
G0,W0082F0002T0006Z000C1N43.png,28,5.024937810560445,5.024937810560445
G0,W0082F0002T0006Z000C1N94.png,1,0.5,0.5
G0,W0082F0002T0006Z000C1N94.png,2,4.308875288285796,4.308875288285796
G0,W0082F0002T0006Z000C1N94.png,3,0.5,0.5
G0,W0082F0002T0006Z000C1N94.png,4,3.460103804671236,5.633562302970765
G0,W0082F0002T0006Z000C1N94.png,5,3.577708763999661,4.123105625617659
G0,W0082F0002T0006Z000C1N94.png,6,11.65694203128167,11.65694203128167
G0,W0082F0002T0006Z000C1N94.png,7,6.4031242374328485,6.4031242374328485
G0,W0082F0002T0006Z000C1N94.png,8,28.073594997988966,28.073594997988966
G0,W0082F0002T0006Z000C1N94.png,9,0.7071067811865476,0.7071067811865476
G0,W0082F0002T0006Z000C1N94.png,10,8.898628858867358,8.898628858867358
G0,W0082F0002T0006Z000C1N94.png,11,0.0,0.0
G0,W0082F0002T0006Z000C1N94.png,12,5.990826320300064,5.990826320300064
G0,W0082F0002T0006Z000C1N94.png,13,4.123105625617661,4.123105625617661
G0,W0082F0002T0006Z000C1N94.png,14,26.386549603917523,26.386549603917523
G0,W0082F0002T0006Z000C1N94.png,15,7.759690715486024,7.759690715486024
G0,W0082F0002T0006Z000C1N94.png,16,0.45069390943299864,0.45069390943299864
G0,W0082F0002T0006Z000C1N94.png,17,0.3513641844631565,0.3513641844631565
G0,W0082F0002T0006Z000C1N94.png,18,2.692582403567252,2.692582403567252
G0,W0082F0002T0006Z000C1N94.png,19,0.7142857142857082,0.7142857142857082
G0,W0082F0002T0006Z000C1N94.png,20,15.443445211480501,15.443445211480501
G0,W0082F0002T0006Z000C1N94.png,21,0.5088999961182472,0.5088999961182472
G0,W0082F0002T0006Z000C1N94.png,22,14.0089257261219,14.0089257261219
G0,W0082F0002T0006Z000C1N94.png,23,0.2857142857142918,0.2857142857142918
G0,W0082F0002T0006Z000C1N94.png,24,1.0,1.0
G0,W0082F0002T0006Z000C1N94.png,25,4.027681991198196,4.027681991198196
G0,W0082F0002T0006Z000C1N94.png,26,0.5,0.5
G0,W0082F0002T0006Z000C1N94.png,27,9.904761904761896,9.904761904761896
G0,W0082F0002T0006Z000C1N94.png,28,13.063424559604952,13.063424559604952
G0,W0082F0002T0006Z000C1N94.png,29,0.3214121732666076,0.3214121732666076
G0,W0082F0002T0006Z000C1N94.png,30,0.0,0.0
G0,W0082F0002T0006Z000C1N94.png,31,0.5,0.5
G0,W0082F0002T0006Z000C1N94.png,32,0.0,0.0
G0,W0082F0002T0006Z000C1N94.png,33,0.6324555320336713,0.6324555320336713
G0,W0082F0002T0006Z000C1N94.png,34,0.620173672946037,0.620173672946037
G0,W0082F0002T0006Z000C1N94.png,35,3.640054944640259,3.640054944640259
G0,W0082F0002T0006Z000C1N94.png,36,0.4472135954999643,0.4472135954999643
G0,W0082F0002T0006Z000C1N94.png,37,17.65093639316497,17.65093639316497
G0,W0082F0002T0006Z000C1N94.png,38,0.7071067811865476,0.7071067811865476
G0,W0082F0002T0006Z000C1N94.png,39,0.5,0.5
G0,W0082F0002T0006Z000C1N94.png,40,0.5,0.5
G0,W0082F0002T0006Z000C1N94.png,41,0.1767766952966369,0.1767766952966369
G0,W0082F0002T0006Z000C1N94.png,42,0.0,0.0
G0,W0082F0002T0006Z000C1N94.png,43,7.3824115301167,7.3824115301167
G0,W0082F0002T0006Z000C1N94.png,44,0.47140452079102496,0.47140452079102496
G0,W0082F0002T0006Z000C1N94.png,45,0.47140452079102496,0.47140452079102496
G0,W0082F0002T0006Z000C1N94.png,46,6.064392756421061,7.345657062914821
G0,W0082F0002T0006Z000C1N94.png,47,0.40061680838489316,0.40061680838489316
G0,W0082F0002T0006Z000C1N94.png,48,2.0695893312442464,2.0695893312442464
G0,W0082F0002T0006Z000C1N94.png,49,0.5,0.5
G0,W0082F0002T0006Z000C1N94.png,50,0.0,0.0
G0,W0082F0002T0006Z000C1N94.png,51,0.37947331922020644,0.37947331922020644
G0,W0082F0002T0006Z000C1N94.png,52,13.416407864998739,13.416407864998739
G0,W0082F0002T0006Z000C1N94.png,53,6.324555320336759,6.324555320336759
G0,W0082F0002T0006Z000C1N94.png,54,0.4737556801183896,0.4737556801183896
G0,W0082F0002T0006Z000C1N94.png,55,8.819587516825392,8.819587516825392
G0,W0082F0002T0006Z000C1N94.png,56,0.5695438220973522,0.5695438220973522
G0,W0082F0002T0006Z000C1N94.png,57,0.4419417382415922,0.4419417382415922
G0,W0082F0002T0006Z000C1N94.png,58,0.5555555555555671,0.5555555555555671
G0,W0082F0002T0006Z000C1N94.png,59,0.67586250336646,0.67586250336646
G0,W0082F0002T0006Z000C1N94.png,60,0.745355992499932,0.745355992499932
G0,W0082F0002T0006Z000C1N94.png,61,0.25,0.25
G0,W0082F0002T0006Z000C1N94.png,62,0.0,0.0
G0,W0082F0002T0006Z000C1N94.png,63,4.304793839430641,4.304793839430641
G0,W0082F0002T0006Z000C1N94.png,64,0.35136418446316325,0.35136418446316325
G0,W0082F0002T0006Z000C1N94.png,65,0.42824175819296867,0.42824175819296867
G0,W0082F0002T0006Z000C1N94.png,66,0.0,0.0
G0,W0082F0002T0006Z000C1N94.png,67,7.280109889280518,7.280109889280518
G0,W0082F0002T0006Z000C1N94.png,68,3.75,3.75
G0,W0082F0003T0006Z000C1N86.png,1,8.04501225743145,14.76670428889113
G0,W0082F0003T0006Z000C1N86.png,2,0.7142857142857153,0.7142857142857153
G0,W0082F0003T0006Z000C1N86.png,3,0.32984845004940627,0.32984845004940627
G0,W0082F0003T0006Z000C1N86.png,4,1.0,1.0
G0,W0082F0003T0006Z000C1N86.png,5,0.5,0.5
G0,W0082F0003T0006Z000C1N86.png,6,9.130821475992523,9.130821475992523
G0,W0082F0003T0006Z000C1N86.png,7,5.217491947499508,5.217491947499508
G0,W0082F0003T0006Z000C1N86.png,8,1.0,1.0
G0,W0082F0003T0006Z000C1N86.png,9,0.5,0.5
G0,W0082F0003T0006Z000C1N86.png,10,0.18633899812497984,0.18633899812497984
G0,W0082F0003T0006Z000C1N86.png,11,0.6060915267313268,0.6060915267313268
G0,W0082F0003T0006Z000C1N86.png,12,7.106335201775948,7.106335201775948
G0,W0082F0003T0006Z000C1N86.png,13,0.5,0.5
G0,W0082F0003T0006Z000C1N86.png,14,9.339283817414602,9.339283817414602
G0,W0082F0003T0006Z000C1N86.png,15,0.3642156795423384,0.3642156795423384
G0,W0082F0003T0006Z000C1N86.png,16,0.4714045207910275,0.4714045207910275
G0,W0082F0003T0006Z000C1N86.png,17,0.3513641844631565,0.3513641844631565
G0,W0082F0003T0006Z000C1N86.png,18,0.414243446702656,0.414243446702656
G0,W0082F0003T0006Z000C1N86.png,19,0.7071067811865476,0.7071067811865476
G0,W0082F0003T0006Z000C1N86.png,20,0.3748277841470569,0.3748277841470569
G0,W0082F0003T0006Z000C1N86.png,21,0.4459849843997132,0.4459849843997132
G0,W0082F0003T0006Z000C1N86.png,22,0.4472135954999579,0.4472135954999579
G0,W0082F0003T0006Z000C1N86.png,23,7.0178344238090995,9.604686356149273
G0,W0082F0003T0006Z000C1N86.png,24,3.5355339059327378,3.5355339059327378
G0,W0082F0003T0006Z000C1N86.png,25,0.3748277841470638,0.3748277841470638
G0,W0082F0003T0006Z000C1N86.png,26,0.7071067811865476,0.7071067811865476
G0,W0082F0003T0006Z000C1N86.png,27,0.4472135954999643,0.4472135954999643
G0,W0082F0003T0006Z000C1N86.png,28,2.410158556180067,2.410158556180067
G0,W0082F0003T0006Z000C1N86.png,29,16.28185386963348,16.28185386963348
G0,W0082F0003T0006Z000C1N86.png,30,6.4031242374328485,6.4031242374328485
G0,W0082F0003T0006Z000C1N86.png,31,0.3605551275463981,0.3605551275463981
G0,W0082F0003T0006Z000C1N86.png,32,0.4895604370122257,0.4895604370122257
G0,W0082F0003T0006Z000C1N86.png,33,0.4472135954999643,0.4472135954999643
G0,W0082F0003T0006Z000C1N86.png,34,0.38461538461538114,0.38461538461538114
G0,W0082F0003T0006Z000C1N86.png,35,4.5,4.5
G0,W0082F0003T0006Z000C1N86.png,36,4.6097722286464435,4.6097722286464435
G0,W0082F0003T0006Z000C1N86.png,37,0.48650425541052716,0.48650425541052716
G0,W0082F0003T0006Z000C1N86.png,38,0.8005637806345549,0.8005637806345549
G0,W0082F0003T0006Z000C1N86.png,39,1.5299150171455818,1.5299150171455818
G0,W0082F0003T0006Z000C1N86.png,40,0.3605551275463981,0.3605551275463981
G0,W0082F0003T0006Z000C1N86.png,41,3.5355339059327378,3.5355339059327378
G0,W0082F0003T0006Z000C1N86.png,42,0.3856946079199259,0.3856946079199259
G0,W0082F0003T0006Z000C1N86.png,43,0.7071067811865476,0.7071067811865476
G0,W0082F0003T0006Z000C1N86.png,44,8.46293694736927,8.46293694736927
G0,W0082F0003T0006Z000C1N86.png,45,0.0,0.0
G0,W0082F0003T0006Z000C1N86.png,46,0.23570226039552256,0.23570226039552256
G0,W0082F0003T0006Z000C1N86.png,47,6.324555320336759,6.324555320336759
G0,W0082F0003T0006Z000C1N86.png,48,0.3959797974644682,0.3959797974644682
G0,W0082F0003T0006Z000C1N86.png,49,4.47213595499958,12.36931687685298
G0,W0082F0003T0006Z000C1N86.png,50,0.23570226039551248,0.23570226039551248
G0,W0082F0003T0006Z000C1N86.png,51,0.7071067811865476,0.7071067811865476
G0,W0082F0003T0006Z000C1N86.png,52,0.39667539701185645,0.39667539701185645
G0,W0082F0003T0006Z000C1N86.png,53,0.7156191212115539,0.7156191212115539
G0,W0082F0003T0006Z000C1N86.png,54,0.1767766952966369,0.1767766952966369
G0,W0082F0003T0006Z000C1N86.png,55,0.44767535462709324,0.44767535462709324
G0,W0082F0003T0006Z000C1N86.png,56,0.6285393610547066,0.6285393610547066
G0,W0082F0003T0006Z000C1N86.png,57,12.257650672131263,12.257650672131263
G0,W0082F0003T0006Z000C1N86.png,58,0.0,0.0
G0,W0082F0003T0006Z000C1N86.png,59,9.035485598461214,9.035485598461214
G0,W0082F0003T0006Z000C1N86.png,60,0.4164965639175255,0.4164965639175255
G0,W0082F0003T0006Z000C1N86.png,61,0.5,0.5
G0,W0082F0003T0006Z000C1N86.png,62,4.604345773288538,4.604345773288538
G0,W0082F0003T0006Z000C1N86.png,63,0.23570226039552256,0.23570226039552256
G0,W0082F0003T0006Z000C1N86.png,64,0.557874976850478,0.557874976850478
G0,W0082F0003T0006Z000C1N86.png,65,0.5153882032022076,0.5153882032022076
G0,W0082F0003T0006Z000C1N86.png,66,9.046300655823666,9.046300655823666
G0,W0082F0003T0006Z000C1N86.png,67,0.1242259987499855,0.1242259987499855
G0,W0082F0001T0006Z000C1N26.png,1,59.80393134302822,
G0,W0082F0001T0006Z000C1N26.png,2,11.236102527122116,
G0,W0082F0001T0006Z000C1N26.png,3,24.822145130687012,
G0,W0082F0001T0006Z000C1N26.png,4,7.0,
G0,W0082F0001T0006Z000C1N26.png,5,11.665201373183539,
G0,W0082F0001T0006Z000C1N26.png,6,20.74246851269154,
G0,W0082F0001T0006Z000C1N26.png,7,7.810249675906654,
G0,W0082F0001T0006Z000C1N26.png,8,37.662979170532964,
G0,W0082F0001T0006Z000C1N26.png,9,49.14139534151539,
G0,W0082F0001T0006Z000C1N26.png,10,29.03852804656447,
G0,W0082F0001T0006Z000C1N26.png,11,31.545741219101192,
G0,W0082F0001T0006Z000C1N26.png,12,23.457364171711568,
G0,W0082F0001T0006Z000C1N26.png,13,17.240850140878987,
G0,W0082F0001T0006Z000C1N2.png,1,1.0,31.953090617340916
G0,W0082F0001T0006Z000C1N2.png,2,7.5,25.811818998280614
G0,W0082F0001T0006Z000C1N2.png,3,29.156607789277846,39.95548912366248
G0,W0082F0001T0006Z000C1N2.png,4,15.554786687347692,15.554786687347692
G0,W0082F0001T0006Z000C1N2.png,5,7.648529270389178,7.648529270389178
G0,W0082F0001T0006Z000C1N2.png,6,0.125,0.125
G0,W0082F0001T0006Z000C1N2.png,7,10.770329614269007,48.010415536631214
G0,W0082F0001T0006Z000C1N2.png,8,5.5901699437494745,6.726812023536855
G0,W0082F0001T0006Z000C1N2.png,9,3.0413812651491097,3.3541019662496847
G0,W0082F0001T0006Z000C1N2.png,10,0.6718548123582034,0.6718548123582034
G0,W0082F0001T0006Z000C1N2.png,11,9.013878188659973,12.619429464123963
G0,W0082F0001T0006Z000C1N2.png,12,15.969697868150167,15.969697868150167
G0,W0082F0001T0006Z000C1N2.png,13,0.5821022034029828,0.5821022034029828
G0,W0082F0001T0006Z000C1N2.png,14,33.69755183985923,40.46881515438771
G0,W0082F0001T0006Z000C1N2.png,15,24.6415933940969,91.96280837925731
G0,W0082F0001T0006Z000C1N2.png,16,34.8209706929603,44.50280890011326
G0,W0082F0001T0006Z000C1N2.png,17,33.493135467686365,52.89309040267622
G0,W0082F0001T0006Z000C1N2.png,18,21.174686466126843,58.97162929090979
G0,W0082F0001T0006Z000C1N33.png,1,18.681541692269406,18.681541692269406
G0,W0082F0001T0006Z000C1N33.png,2,3.1764760348537155,3.1764760348537155
G0,W0082F0001T0006Z000C1N33.png,3,9.773989164999662,11.307705228332765
G0,W0082F0001T0006Z000C1N33.png,4,15.072772098356667,15.072772098356667
G0,W0082F0001T0006Z000C1N33.png,5,2.603240193322973,3.7482778414705997
G0,W0082F0001T0006Z000C1N33.png,6,0.44721359549996276,0.44721359549996276
G0,W0082F0001T0006Z000C1N33.png,7,0.7071067811865476,0.7071067811865476
G0,W0082F0001T0006Z000C1N33.png,8,0.8374896350934058,0.8374896350934058
G0,W0082F0001T0006Z000C1N33.png,9,3.726779962499648,3.726779962499654
G0,W0082F0001T0006Z000C1N33.png,10,3.905124837953327,9.12414379544733
G0,W0082F0001T0006Z000C1N33.png,11,7.655063683601858,13.274034804836097
G0,W0082F0001T0006Z000C1N33.png,12,1.0,1.0
G0,W0082F0001T0006Z000C1N33.png,13,6.708203932499369,6.708203932499369
G0,W0082F0001T0006Z000C1N33.png,14,0.2764892059226472,0.2764892059226472
G0,W0082F0001T0006Z000C1N33.png,15,11.456002793295749,13.02459212413195
G0,W0082F0001T0006Z000C1N33.png,16,3.2015621187164243,3.2015621187164243
G0,W0082F0001T0006Z000C1N33.png,17,9.964730703243598,10.056938492121724
G0,W0082F0001T0006Z000C1N33.png,18,0.7071067811865476,0.7071067811865476
G0,W0082F0001T0006Z000C1N33.png,19,3.749829928116201,3.749829928116201
G0,W0082F0001T0006Z000C1N33.png,20,0.5,0.5
G0,W0082F0001T0006Z000C1N33.png,21,0.0,0.0
G0,W0082F0001T0006Z000C1N33.png,22,0.8838834764831844,0.8838834764831844
G0,W0082F0001T0006Z000C1N33.png,23,0.4472135954999579,0.4472135954999579
G0,W0082F0001T0006Z000C1N33.png,24,0.5,0.5
G0,W0082F0001T0006Z000C1N33.png,25,0.40083016346651984,0.40083016346651984
G0,W0082F0001T0006Z000C1N33.png,26,3.5355339059327378,3.5355339059327378
G0,W0082F0001T0006Z000C1N33.png,27,0.2357022603955191,0.2357022603955191
G0,W0082F0001T0006Z000C1N33.png,28,1.0,1.0
G0,W0082F0001T0006Z000C1N33.png,29,0.25,0.25
G0,W0082F0001T0006Z000C1N33.png,30,0.47140452079102496,0.47140452079102496
G0,W0082F0001T0006Z000C1N33.png,31,0.5,1.118033988749895
G0,W0082F0001T0006Z000C1N33.png,32,0.23570226039552256,0.23570226039552256
G0,W0082F0001T0006Z000C1N33.png,33,0.5,0.5
G0,W0082F0001T0006Z000C1N33.png,34,0.0,0.0
G0,W0082F0001T0006Z000C1N33.png,35,0.7453559924999257,7.318166133366711
G0,W0082F0001T0006Z000C1N33.png,36,0.2432521277052602,0.2432521277052602
G0,W0082F0001T0006Z000C1N33.png,37,0.2857142857142918,0.2857142857142918
G0,W0082F0001T0006Z000C1N33.png,38,2.0,3.1622776601683795
G0,W0082F0001T0006Z000C1N33.png,39,0.3333333333333286,0.3333333333333286
G0,W0082F0001T0006Z000C1N33.png,40,0.3535533905932738,0.3535533905932738
G0,W0082F0001T0006Z000C1N33.png,41,0.47140452079103,0.47140452079103
G0,W0082F0001T0006Z000C1N33.png,42,0.5,0.5
G0,W0082F0001T0006Z000C1N33.png,43,0.5,6.576473218982953
G0,W0082F0001T0006Z000C1N33.png,44,0.47140452079103,0.47140452079103
G0,W0082F0001T0006Z000C1N33.png,45,0.0,0.0
G0,W0082F0001T0006Z000C1N33.png,46,1.118033988749895,1.118033988749895
G0,W0082F0001T0006Z000C1N33.png,47,6.472162612982529,7.781745019952498
G0,W0082F0001T0006Z000C1N33.png,48,0.5,0.5
G0,W0082F0001T0006Z000C1N33.png,49,2.4041630560342733,11.772000679578653
G0,W0082F0001T0006Z000C1N33.png,50,0.0,0.0
G0,W0082F0001T0006Z000C1N33.png,51,9.340770846134703,9.340770846134703
G0,W0082F0001T0006Z000C1N33.png,52,19.40521837032503,21.01338858918285
G0,W0082F0001T0006Z000C1N33.png,53,0.5555555555555557,0.5555555555555557
G0,W0082F0001T0006Z000C1N33.png,54,2.124107887920625,2.124107887920625
G0,W0082F0001T0006Z000C1N33.png,55,6.648308055437861,6.648308055437861
G0,W0082F0001T0006Z000C1N33.png,56,2.3833916076791843,2.3833916076791843
G0,W0082F0001T0006Z000C1N3.png,1,61.94176003152049,74.44911365954171
G0,W0082F0001T0006Z000C1N3.png,2,0.5,0.5
G0,W0082F0001T0006Z000C1N3.png,3,0.4618651955895606,0.4618651955895606
G0,W0082F0001T0006Z000C1N3.png,4,12.996200774376378,27.29084321630224
G0,W0082F0001T0006Z000C1N3.png,5,0.1739130434782581,0.1739130434782581
G0,W0082F0001T0006Z000C1N3.png,6,28.508949543636867,71.59640995446173
G0,W0082F0001T0006Z000C1N3.png,7,15.652475842498529,15.652475842498529
G0,W0082F0001T0006Z000C1N3.png,8,3.3924733955692243,22.88703930278745
G0,W0082F0001T0006Z000C1N3.png,9,26.476404589747453,26.476404589747453
G0,W0082F0001T0006Z000C1N3.png,10,0.2857142857142918,0.2857142857142918
G0,W0082F0001T0006Z000C1N3.png,11,5.401260141032931,12.403236584770035
G0,W0082F0001T0006Z000C1N3.png,12,11.846403593770926,45.754684178347844
G0,W0082F0001T0006Z000C1N3.png,13,29.874567710987343,56.96920041494674
G0,W0082F0001T0006Z000C1N27.png,1,32.138780850677904,71.13063967963853
G0,W0082F0001T0006Z000C1N27.png,2,39.90892409251623,63.18271563929138
G0,W0082F0001T0006Z000C1N27.png,3,23.021728866442675,72.80109889280519
G0,W0082F0001T0006Z000C1N27.png,4,48.27007354458868,49.8196748283246
G0,W0082F0001T0006Z000C1N27.png,5,23.199349772518946,47.88156860918792
G0,W0082F0001T0006Z000C1N27.png,6,30.53686296920494,30.53686296920494
G0,W0082F0001T0006Z000C1N27.png,7,10.571669881415742,57.80795969485199
G0,W0082F0001T0006Z000C1N27.png,8,28.20017730440715,28.20017730440715
G0,W0082F0001T0006Z000C1N27.png,9,16.102212580884654,16.102212580884654
G0,W0082F0001T0006Z000C1N27.png,10,25.53918557824427,25.53918557824427
G0,W0082F0001T0006Z000C1N27.png,11,36.78193034629912,37.14768364245609
G0,W0082F0001T0006Z000C1N27.png,12,21.654994239440565,21.654994239440565
G0,W0082F0001T0006Z000C1N27.png,13,0.3644344934278313,0.3644344934278313
G0,W0082F0001T0006Z000C1N27.png,14,0.7034898429854413,0.7034898429854413
G0,W0082F0001T0006Z000C1N27.png,15,66.24300517090104,82.47218955418546
G0,W0082F0001T0006Z000C1N27.png,16,20.93442141545832,20.93442141545832
G0,W0082F0001T0006Z000C1N27.png,17,80.15609770940699,108.664621657649
G0,W0082F0001T0006Z000C1N27.png,18,15.041608956491324,15.041608956491324
G0,W0082F0001T0006Z000C1N27.png,19,14.430869689661812,14.430869689661812
G0,W0082F0001T0006Z000C1N27.png,20,33.50373113550191,33.50373113550191
G0,W0082F0001T0006Z000C1N27.png,21,92.53672740251488,115.09146761757513
G0,W0082F0001T0006Z000C1N27.png,22,32.62332371172502,32.62332371172502
G0,W0082F0001T0006Z000C1N27.png,23,29.936599673309598,29.936599673309598
G0,W0082F0001T0006Z000C1N27.png,24,86.35592440019587,95.07956382309567
G0,W0082F0001T0006Z000C1N27.png,25,86.82885465097418,88.30770068346249
G0,W0082F0001T0006Z000C1N27.png,26,41.38790496855272,41.38790496855272
G0,W0082F0001T0006Z000C1N27.png,27,40.68316605182049,40.68316605182049
G0,W0082F0001T0006Z000C1N27.png,28,92.36551785644298,92.36551785644298
G0,W0082F0001T0006Z000C1N27.png,29,50.97548430373173,50.97548430373173
G0,W0082F0001T0006Z000C1N27.png,30,47.654275778779805,47.654275778779805
G0,W0082F0001T0006Z000C1N27.png,31,49.183641713936744,49.183641713936744
G0,W0082F0001T0006Z000C1N27.png,32,109.12836478203089,116.36150566231085
G0,W0082F0001T0006Z000C1N27.png,33,94.71101108020498,94.71101108020498
G0,W0082F0001T0006Z000C1N27.png,34,73.88639928972043,73.88639928972043
G0,W0082F0001T0006Z000C1N27.png,35,122.57650672131263,124.53112060846478
G0,W0082F0001T0006Z000C1N27.png,36,128.81692435390622,132.71925255967952
G0,W0082F0001T0006Z000C1N27.png,37,75.83967269596685,75.83967269596685
G0,W0082F0002T0006Z000C1N81.png,1,3.901566636906543,3.901566636906543
G0,W0082F0002T0006Z000C1N81.png,2,0.6009252125773316,0.6009252125773316
G0,W0082F0002T0006Z000C1N81.png,3,6.472162612982529,6.472162612982529
G0,W0082F0002T0006Z000C1N81.png,4,1.9787762772874418,1.9787762772874418
G0,W0082F0002T0006Z000C1N81.png,5,0.5,0.5
G0,W0082F0002T0006Z000C1N81.png,6,1.6620770138594658,1.6620770138594658
G0,W0082F0002T0006Z000C1N81.png,7,0.2661853459944916,0.2661853459944916
G0,W0082F0002T0006Z000C1N81.png,8,0.5,0.5
G0,W0082F0002T0006Z000C1N81.png,9,10.510227211295572,10.510227211295572
G0,W0082F0002T0006Z000C1N81.png,10,15.652475842498529,15.652475842498529
G0,W0082F0002T0006Z000C1N81.png,11,9.219544457292887,9.219544457292887
G0,W0082F0002T0006Z000C1N81.png,12,0.44721359549996276,0.44721359549996276
G0,W0082F0002T0006Z000C1N81.png,13,5.0990195135927845,14.866068747318506
G0,W0082F0002T0006Z000C1N81.png,14,12.539936203984453,13.756816492197604
G0,W0082F0002T0006Z000C1N81.png,15,6.5,15.628499608087784
G0,W0082F0002T0006Z000C1N81.png,16,13.0,13.0
G0,W0082F0002T0006Z000C1N81.png,17,0.0,0.0
G0,W0082F0002T0006Z000C1N81.png,18,0.7071067811865476,0.7071067811865476
G0,W0082F0002T0006Z000C1N81.png,19,0.2857142857142847,0.2857142857142847
G0,W0082F0002T0006Z000C1N81.png,20,2.529822128134708,2.529822128134708
G0,W0082F0002T0006Z000C1N81.png,21,0.4853406592853715,0.4853406592853715
G0,W0082F0002T0006Z000C1N81.png,22,0.8012336167697726,0.8012336167697726
G0,W0082F0002T0006Z000C1N81.png,23,5.580237741748806,7.507983916152664
G0,W0082F0002T0006Z000C1N81.png,24,19.906757661530012,19.906757661530012
G0,W0082F0002T0006Z000C1N81.png,25,16.675779821437477,16.675779821437477
G0,W0082F0002T0006Z000C1N81.png,26,19.4164878389476,19.4164878389476
G0,W0082F0002T0006Z000C1N81.png,27,3.400367627183861,3.400367627183861
G0,W0082F0002T0006Z000C1N81.png,28,0.5762215285808054,0.5762215285808054
G0,W0082F0002T0006Z000C1N81.png,29,13.559129765585983,14.221462653327883
G0,W0082F0002T0006Z000C1N95.png,1,0.47368421052631504,0.47368421052631504
G0,W0082F0002T0006Z000C1N95.png,2,8.514693182963201,8.514693182963201
G0,W0082F0002T0006Z000C1N95.png,3,11.780545403333413,11.780545403333413
G0,W0082F0002T0006Z000C1N95.png,4,26.307377767462874,26.307377767462874
G0,W0082F0002T0006Z000C1N95.png,5,2.0,2.0
G0,W0082F0002T0006Z000C1N95.png,6,0.3201453963314941,0.3201453963314941
G0,W0082F0002T0006Z000C1N95.png,7,0.8333333333333328,0.8333333333333328
G0,W0082F0002T0006Z000C1N95.png,8,0.6253026948667395,0.6253026948667395
G0,W0082F0002T0006Z000C1N95.png,9,0.7071067811865476,0.7071067811865476
G0,W0082F0002T0006Z000C1N95.png,10,13.01960844578794,13.01960844578794
G0,W0082F0002T0006Z000C1N95.png,11,0.8131156281817394,0.8131156281817394
G0,W0082F0002T0006Z000C1N95.png,12,4.47213595499958,4.47213595499958
G0,W0082F0002T0006Z000C1N95.png,13,2.8284271247461903,2.8284271247461903
G0,W0082F0002T0006Z000C1N95.png,14,3.605551275463989,3.605551275463989
G0,W0082F0002T0006Z000C1N95.png,15,0.4714045207910275,0.4714045207910275
G0,W0082F0002T0006Z000C1N95.png,16,0.0,0.0
G0,W0082F0002T0006Z000C1N95.png,17,2.23606797749979,2.23606797749979
G0,W0082F0002T0006Z000C1N95.png,18,0.26666666666667993,0.26666666666667993
G0,W0082F0002T0006Z000C1N95.png,19,0.4969039949999642,0.4969039949999642
G0,W0082F0002T0006Z000C1N95.png,20,11.260550608207403,11.260550608207403
G0,W0082F0002T0006Z000C1N95.png,21,6.752410038076331,6.752410038076331
G0,W0082F0002T0006Z000C1N95.png,22,3.0731814857642927,3.0731814857642927
G0,W0082F0002T0006Z000C1N95.png,23,0.4594264515239124,0.4594264515239124
G0,W0082F0002T0006Z000C1N95.png,24,1.0,1.0
G0,W0082F0002T0006Z000C1N95.png,25,0.5,0.5
G0,W0082F0002T0006Z000C1N95.png,26,0.6324555320336781,0.6324555320336781
G0,W0082F0002T0006Z000C1N95.png,27,0.0,0.0
G0,W0082F0002T0006Z000C1N95.png,28,5.0,5.0
G0,W0082F0002T0006Z000C1N95.png,29,14.586487754082544,14.586487754082544
G0,W0082F0002T0006Z000C1N95.png,30,40.07976740329266,40.07976740329266
G0,W0082F0002T0006Z000C1N95.png,31,4.123105625617661,4.123105625617661
G0,W0082F0002T0006Z000C1N95.png,32,4.924428900898052,4.924428900898052
G0,W0082F0002T0006Z000C1N95.png,33,7.318166133366714,7.318166133366714
G0,W0082F0002T0006Z000C1N95.png,34,0.5038911092686593,0.5038911092686593
G0,W0082F0002T0006Z000C1N95.png,35,12.747548783981962,12.747548783981962
G0,W0082F0002T0006Z000C1N95.png,36,18.867962264113206,18.867962264113206
G0,W0082F0002T0006Z000C1N95.png,37,8.344618209434415,8.344618209434415
G0,W0082F0002T0006Z000C1N95.png,38,7.454091263360008,7.454091263360008
G0,W0082F0002T0006Z000C1N95.png,39,30.075945537921164,30.075945537921164
G0,W0082F0002T0006Z000C1N95.png,40,14.929910321975212,15.5789031135771
G0,W0082F0002T0006Z000C1N95.png,41,0.48650425541052494,0.48650425541052494
G0,W0082F0002T0006Z000C1N95.png,42,0.0,0.0
G0,W0082F0002T0006Z000C1N95.png,43,8.06225774829855,8.06225774829855
G0,W0082F0002T0006Z000C1N95.png,44,0.21700555924304094,0.21700555924304094
G0,W0082F0002T0006Z000C1N95.png,45,5.220153254455275,5.220153254455275
G0,W0082F0002T0006Z000C1N95.png,46,18.002267430883844,18.002267430883844
G0,W0082F0002T0006Z000C1N95.png,47,0.745355992499932,0.745355992499932
G0,W0082F0002T0006Z000C1N95.png,48,13.374763456624608,13.374763456624608
G0,W0082F0002T0006Z000C1N95.png,49,5.483223864173037,5.483223864173037
G0,W0082F0002T0006Z000C1N95.png,50,13.213629327327142,13.213629327327142
G0,W0082F0002T0006Z000C1N95.png,51,3.607985862426722,3.607985862426722
G0,W0082F0002T0006Z000C1N95.png,52,20.84742116271944,20.84742116271944
G0,W0082F0002T0006Z000C1N95.png,53,2.5625,2.5625
G0,W0082F0003T0006Z000C1N93.png,1,0.25,0.25
G0,W0082F0003T0006Z000C1N93.png,2,0.37757096486192054,0.37757096486192054
G0,W0082F0003T0006Z000C1N93.png,3,0.6599663291074457,0.6599663291074457
G0,W0082F0003T0006Z000C1N93.png,4,0.5038911092686593,0.5038911092686593
G0,W0082F0003T0006Z000C1N93.png,5,0.7071067811865476,0.7071067811865476
G0,W0082F0003T0006Z000C1N93.png,6,0.30697403128904804,0.30697403128904804
G0,W0082F0003T0006Z000C1N93.png,7,0.0,0.0
G0,W0082F0003T0006Z000C1N93.png,8,0.48534065928536957,0.48534065928536957
G0,W0082F0003T0006Z000C1N93.png,9,0.336717514850736,0.336717514850736
G0,W0082F0003T0006Z000C1N93.png,10,0.4285714285714306,0.4285714285714306
G0,W0082F0003T0006Z000C1N93.png,11,0.534155744513183,0.534155744513183
G0,W0082F0003T0006Z000C1N93.png,12,0.5758755534498959,0.5758755534498959
G0,W0082F0003T0006Z000C1N93.png,13,0.0,0.0
G0,W0082F0003T0006Z000C1N93.png,14,0.6009252125773289,0.6009252125773289
G0,W0082F0003T0006Z000C1N93.png,15,0.47140452079103756,0.47140452079103756
G0,W0082F0003T0006Z000C1N93.png,16,0.47552967543805535,0.47552967543805535
G0,W0082F0003T0006Z000C1N93.png,17,0.4859126579037761,0.4859126579037761
G0,W0082F0003T0006Z000C1N93.png,18,0.5685068161420768,0.5685068161420768
G0,W0082F0003T0006Z000C1N93.png,19,0.5050762722761061,0.5050762722761061
G0,W0082F0003T0006Z000C1N93.png,20,0.30304576336566463,0.30304576336566463
G0,W0082F0003T0006Z000C1N93.png,21,0.20000000000000284,0.20000000000000284
G0,W0082F0003T0006Z000C1N93.png,22,0.7071067811865476,0.7071067811865476
G0,W0082F0003T0006Z000C1N93.png,23,0.4164965639175255,0.4164965639175255
G0,W0082F0003T0006Z000C1N93.png,24,0.30514299090420216,0.30514299090420216
G0,W0082F0003T0006Z000C1N93.png,25,0.0,0.0
G0,W0082F0003T0006Z000C1N93.png,26,0.4140866624999588,0.4140866624999588
G0,W0082F0003T0006Z000C1N93.png,27,0.0,0.0
G0,W0082F0003T0006Z000C1N93.png,28,0.05892556509887812,0.05892556509887812
G0,W0082F0003T0006Z000C1N93.png,29,0.3748277841470638,0.3748277841470638
G0,W0082F0003T0006Z000C1N93.png,30,0.479157423749954,0.479157423749954
G0,W0082F0003T0006Z000C1N93.png,31,0.2857142857142847,0.2857142857142847
G0,W0082F0003T0006Z000C1N93.png,32,0.0,0.0
G0,W0082F0003T0006Z000C1N93.png,33,0.4865042554105204,0.4865042554105204
G0,W0082F0003T0006Z000C1N93.png,34,0.5440588203494119,0.5440588203494119
G0,W0082F0003T0006Z000C1N93.png,35,0.0,0.0
G0,W0082F0003T0006Z000C1N93.png,36,0.4472135954999643,0.4472135954999643
G0,W0082F0003T0006Z000C1N93.png,37,0.0,0.0
G0,W0082F0003T0006Z000C1N93.png,38,0.24281045302823046,0.24281045302823046
G0,W0082F0003T0006Z000C1N93.png,39,0.2857142857142918,0.2857142857142918
G0,W0082F0003T0006Z000C1N93.png,40,0.1428571428571388,0.1428571428571388
G0,W0082F0003T0006Z000C1N93.png,41,0.5,0.5
G0,W0082F0003T0006Z000C1N93.png,42,0.2857142857142918,0.2857142857142918
G0,W0082F0003T0006Z000C1N93.png,43,0.0,0.0
G0,W0082F0003T0006Z000C1N93.png,44,0.48148148148148096,0.48148148148148096
G0,W0082F0003T0006Z000C1N93.png,45,0.2571297386132923,0.2571297386132923
G0,W0082F0003T0006Z000C1N93.png,46,0.1767766952966369,0.1767766952966369
G0,W0082F0003T0006Z000C1N93.png,47,0.5303300858899106,0.5303300858899106
G0,W0082F0003T0006Z000C1N93.png,48,0.2991758226185789,0.2991758226185789
G0,W0082F0003T0006Z000C1N93.png,49,0.7071067811865476,0.7071067811865476
G0,W0082F0003T0006Z000C1N93.png,50,0.5555555555555515,0.5555555555555515
G0,W0082F0003T0006Z000C1N93.png,51,0.0,0.0
G0,W0082F0003T0006Z000C1N93.png,52,0.5,0.5
G0,W0082F0003T0006Z000C1N93.png,53,0.5303300858899106,0.5303300858899106
G0,W0082F0003T0006Z000C1N93.png,54,0.5385164807134515,0.5385164807134515
G0,W0082F0003T0006Z000C1N93.png,55,0.0,0.0
G0,W0082F0003T0006Z000C1N93.png,56,0.0,0.0
G0,W0082F0003T0006Z000C1N93.png,57,0.0,0.0
G0,W0082F0003T0006Z000C1N93.png,58,0.6428243465332232,0.6428243465332232
G0,W0082F0003T0006Z000C1N93.png,59,0.5153882032022076,0.5153882032022076
G0,W0082F0003T0006Z000C1N93.png,60,0.4472135954999579,0.4472135954999579
G0,W0082F0003T0006Z000C1N93.png,61,0.5,0.5
G0,W0082F0003T0006Z000C1N93.png,62,0.45069390943299864,0.45069390943299864
G0,W0082F0003T0006Z000C1N93.png,63,0.4055175020198863,0.4055175020198863
G0,W0082F0003T0006Z000C1N93.png,64,0.5,0.5
G0,W0082F0003T0006Z000C1N93.png,65,0.3846546290810409,0.3846546290810409
G0,W0082F0003T0006Z000C1N93.png,66,0.3748277841470569,0.3748277841470569
G0,W0082F0003T0006Z000C1N93.png,67,0.5,0.5
G0,W0082F0003T0006Z000C1N93.png,68,0.7071067811865476,0.7071067811865476
G0,W0082F0003T0006Z000C1N93.png,69,0.0,0.0
G0,W0082F0003T0006Z000C1N93.png,70,0.0,0.0
G0,W0082F0003T0006Z000C1N93.png,71,0.3571428571428534,0.3571428571428534
G0,W0082F0003T0006Z000C1N93.png,72,0.5385164807134515,0.5385164807134515
G0,W0082F0003T0006Z000C1N93.png,73,0.26937401188058857,0.26937401188058857
G0,W0082F0003T0006Z000C1N93.png,74,0.3687817782917146,0.3687817782917146
G0,W0082F0003T0006Z000C1N93.png,75,0.0,0.0
G0,W0082F0003T0006Z000C1N93.png,76,0.3748277841470569,0.3748277841470569
G0,W0082F0003T0006Z000C1N93.png,77,0.4153508869738099,0.4153508869738099
G0,W0082F0003T0006Z000C1N93.png,78,0.4472135954999643,0.4472135954999643
G0,W0082F0003T0006Z000C1N93.png,79,0.5,0.5
G0,W0082F0003T0006Z000C1N93.png,80,0.5,0.5
G0,W0082F0003T0006Z000C1N93.png,81,0.0,0.0
G0,W0082F0003T0006Z000C1N93.png,82,0.4192627457812106,0.4192627457812106
G0,W0082F0003T0006Z000C1N93.png,83,0.4714045207910451,0.4714045207910451
G0,W0082F0003T0006Z000C1N93.png,84,0.2857142857142776,0.2857142857142776
G0,W0082F0003T0006Z000C1N93.png,85,0.2863564212655278,0.2863564212655278
G0,W0082F0003T0006Z000C1N93.png,86,0.3571428571428612,0.3571428571428612
G0,W0082F0003T0006Z000C1N93.png,87,0.13636363636364024,0.13636363636364024
G0,W0082F0003T0006Z000C1N93.png,88,0.0,0.0
G0,W0082F0003T0006Z000C1N93.png,89,0.6324555320336713,0.6324555320336713
G0,W0082F0003T0006Z000C1N93.png,90,1.0,1.0
G0,W0082F0003T0006Z000C1N93.png,91,1.0,1.0
G0,W0082F0003T0006Z000C1N78.png,1,6.946221994724902,27.244265451650556
G0,W0082F0003T0006Z000C1N78.png,2,16.518966799666828,39.3284874189827
G0,W0082F0003T0006Z000C1N78.png,3,7.924387570490662,30.160455255590712
G0,W0082F0003T0006Z000C1N78.png,4,0.0,2.8284271247461903
G0,W0082F0003T0006Z000C1N78.png,5,13.483323032546544,13.483323032546544
G0,W0082F0003T0006Z000C1N78.png,6,4.123105625617661,4.123105625617661
G0,W0082F0003T0006Z000C1N78.png,7,1.6978847134007655,1.6978847134007655
G0,W0082F0003T0006Z000C1N78.png,8,9.910840825524676,15.945438969605158
G0,W0082F0003T0006Z000C1N78.png,9,14.89161522742354,21.281519241456653
G0,W0082F0003T0006Z000C1N78.png,10,9.06187878195375,19.05564606773603
G0,W0082F0003T0006Z000C1N78.png,11,6.25,8.31038506929733
G0,W0082F0003T0006Z000C1N78.png,12,8.279828232249479,12.52552948537062
G0,W0082F0003T0006Z000C1N78.png,13,10.295630140987,12.206555615733702
G0,W0082F0003T0006Z000C1N78.png,14,7.976048328513031,7.976048328513031
G0,W0082F0003T0006Z000C1N78.png,15,6.726812023536855,6.726812023536855
G0,W0082F0003T0006Z000C1N78.png,16,0.7071067811865476,0.7071067811865476
G0,W0082F0003T0006Z000C1N78.png,17,0.4581228472908504,0.4581228472908504
G0,W0082F0003T0006Z000C1N78.png,18,0.4472135954999579,0.4472135954999579
G0,W0082F0003T0006Z000C1N78.png,19,0.0,0.0
G0,W0082F0003T0006Z000C1N78.png,20,0.4282417581929721,0.4282417581929721
G0,W0082F0003T0006Z000C1N78.png,21,9.146611056952214,17.77934020911926
G0,W0082F0003T0006Z000C1N78.png,22,0.5,0.5
G0,W0082F0003T0006Z000C1N78.png,23,0.7071067811865476,0.7071067811865476
G0,W0082F0003T0006Z000C1N78.png,24,7.895928001973272,14.514785990350637
G0,W0082F0003T0006Z000C1N78.png,25,7.375635565834313,16.69730517179344
G0,W0082F0003T0006Z000C1N78.png,26,0.4472135954999643,0.4472135954999643
G0,W0082F0003T0006Z000C1N78.png,27,8.449011922653199,9.015247714734443
G0,W0082F0003T0006Z000C1N78.png,28,4.527692569068709,4.527692569068709
G0,W0082F0003T0006Z000C1N78.png,29,0.5,0.5
G0,W0082F0003T0006Z000C1N78.png,30,7.363574011458169,8.339997335464531
G0,W0082F0003T0006Z000C1N78.png,31,0.0,0.0
G0,W0082F0003T0006Z000C1N78.png,32,7.443117626371361,9.176055797563565
G0,W0082F0003T0006Z000C1N78.png,33,13.52020408009239,14.104565768225694
G0,W0082F0003T0006Z000C1N78.png,34,3.640054944640259,7.433034373659253
G0,W0082F0003T0006Z000C1N78.png,35,0.490268101951765,0.490268101951765
G0,W0082F0003T0006Z000C1N78.png,36,10.240496501392961,10.240496501392961
G0,W0082F0003T0006Z000C1N78.png,37,0.32542706982945,0.32542706982945
G0,W0082F0003T0006Z000C1N78.png,38,5.0990195135927845,5.0990195135927845
G0,W0082F0003T0006Z000C1N78.png,39,0.5385164807134515,0.5385164807134515
G0,W0082F0003T0006Z000C1N78.png,40,51.034302189801714,53.96758286230726
G0,W0082F0003T0006Z000C1N78.png,41,0.31943828249996725,0.31943828249996725
G0,W0082F0003T0006Z000C1N78.png,42,7.340905181848411,7.340905181848411
G0,W0082F0003T0006Z000C1N44.png,1,29.769951293208393,29.769951293208393
G0,W0082F0003T0006Z000C1N44.png,2,2.0524375751773816,2.0524375751773816
G0,W0082F0003T0006Z000C1N44.png,3,4.449260429256411,6.585388898066348
G0,W0082F0003T0006Z000C1N44.png,4,0.25,3.010398644698074
G0,W0082F0003T0006Z000C1N44.png,5,5.798706752371601,11.297123527695003
G0,W0082F0003T0006Z000C1N44.png,6,9.617692030835672,9.617692030835672
G0,W0082F0003T0006Z000C1N44.png,7,5.852349955359813,12.539936203984453
G0,W0082F0003T0006Z000C1N44.png,8,8.771291555726304,12.033379501296475
G0,W0082F0003T0006Z000C1N44.png,9,53.153028553831675,61.10846458915855
G0,W0082F0003T0006Z000C1N44.png,10,18.615543546683277,27.90230208313395
G0,W0082F0003T0006Z000C1N44.png,11,22.973490157135462,32.886642425154925
G0,W0082F0003T0006Z000C1N44.png,12,4.427188724235734,23.740261161158273
G0,W0082F0003T0006Z000C1N44.png,13,58.2792901959898,67.44755470323118
G0,W0082F0003T0006Z000C1N44.png,14,38.84906691286162,38.84906691286162
G0,W0082F0003T0006Z000C1N44.png,15,0.921400885519831,0.921400885519831
G0,W0082F0003T0006Z000C1N44.png,16,4.64378725032688,4.64378725032688
G0,W0082F0003T0006Z000C1N44.png,17,33.72911296231327,33.72911296231327
G0,W0082F0003T0006Z000C1N44.png,18,24.74923617726464,24.74923617726464
G0,W0082F0003T0006Z000C1N44.png,19,24.122349701097544,24.122349701097544
G0,W0082F0003T0006Z000C1N44.png,20,11.800423721205947,17.356554957709783
G0,W0082F0003T0006Z000C1N44.png,21,15.167582389937946,15.167582389937946
G0,W0082F0003T0006Z000C1N44.png,22,21.277270083876413,21.277270083876413
G0,W0082F0002T0006Z000C1N42.png,1,0.0,0.0
G0,W0082F0002T0006Z000C1N42.png,2,0.5,0.5
G0,W0082F0002T0006Z000C1N42.png,3,21.052315787105233,21.052315787105233
G0,W0082F0002T0006Z000C1N42.png,4,10.964589468932347,10.964589468932347
G0,W0082F0002T0006Z000C1N42.png,5,0.8676371443942902,0.8676371443942902
G0,W0082F0002T0006Z000C1N42.png,6,15.284705500016091,15.284705500016091
G0,W0082F0002T0006Z000C1N42.png,7,10.21763181955584,10.21763181955584
G0,W0082F0002T0006Z000C1N42.png,8,0.2631769548266589,0.2631769548266589
G0,W0082F0002T0006Z000C1N42.png,9,2.0203050891044216,2.0203050891044216
G0,W0082F0002T0006Z000C1N42.png,10,1.040015698468647,1.040015698468647
G0,W0082F0002T0006Z000C1N42.png,11,0.1767766952966369,0.1767766952966369
G0,W0082F0002T0006Z000C1N42.png,12,0.3529411764705941,0.3529411764705941
G0,W0082F0002T0006Z000C1N42.png,13,7.866949147470629,7.866949147470629
G0,W0082F0002T0006Z000C1N42.png,14,0.5590169943749475,0.5590169943749475
G0,W0082F0002T0006Z000C1N42.png,15,0.5,0.5
G0,W0082F0002T0006Z000C1N42.png,16,0.7071067811865476,0.7071067811865476
G0,W0082F0002T0006Z000C1N42.png,17,0.471404520791035,0.471404520791035
G0,W0082F0002T0006Z000C1N42.png,18,0.3535533905932738,0.3535533905932738
G0,W0082F0002T0006Z000C1N42.png,19,3.0413812651491097,3.0413812651491097
G0,W0082F0002T0006Z000C1N42.png,20,0.7071067811865476,0.7071067811865476
G0,W0082F0002T0006Z000C1N42.png,21,0.0,0.0
G0,W0082F0002T0006Z000C1N42.png,22,0.3992978531249581,0.3992978531249581
G0,W0082F0002T0006Z000C1N42.png,23,0.4714045207910275,0.4714045207910275
G0,W0082F0002T0006Z000C1N42.png,24,0.5,0.5
G0,W0082F0002T0006Z000C1N42.png,25,1.1781871667948163,1.1781871667948163
G0,W0082F0002T0006Z000C1N42.png,26,11.207140580897523,11.207140580897523
G0,W0082F0002T0006Z000C1N42.png,27,0.125,0.125
G0,W0082F0002T0006Z000C1N42.png,28,0.0,0.0
G0,W0082F0002T0006Z000C1N42.png,29,0.0,0.0
G0,W0082F0002T0006Z000C1N42.png,30,0.471404520791035,0.471404520791035
G0,W0082F0002T0006Z000C1N42.png,31,0.1767766952966369,0.1767766952966369
G0,W0082F0002T0006Z000C1N42.png,32,0.2857142857142847,0.2857142857142847
G0,W0082F0002T0006Z000C1N42.png,33,0.41294635409217667,0.41294635409217667
G0,W0082F0002T0006Z000C1N42.png,34,0.0,0.0
G0,W0082F0002T0006Z000C1N42.png,35,0.5,0.5
G0,W0082F0002T0006Z000C1N42.png,36,0.3194382824999736,0.3194382824999736
G0,W0082F0002T0006Z000C1N42.png,37,7.5929612948104594,7.5929612948104594
G0,W0082F0002T0006Z000C1N42.png,38,0.0,0.0
G0,W0082F0002T0006Z000C1N42.png,39,0.7071067811865476,0.7071067811865476
G0,W0082F0002T0006Z000C1N42.png,40,1.1331154474650662,1.1331154474650662
G0,W0082F0002T0006Z000C1N42.png,41,8.602325267042627,8.602325267042627
G0,W0082F0002T0006Z000C1N42.png,42,7.810249675906654,7.810249675906654
G0,W0082F0002T0006Z000C1N42.png,43,8.425163470306378,8.425163470306378
G0,W0082F0002T0006Z000C1N42.png,44,2.0151778651659598,2.0151778651659598
G0,W0082F0002T0006Z000C1N56.png,1,0.7071067811865476,0.7071067811865476
G0,W0082F0002T0006Z000C1N56.png,2,0.4714045207910275,0.4714045207910275
G0,W0082F0002T0006Z000C1N56.png,3,0.24145109601492015,0.24145109601492015
G0,W0082F0002T0006Z000C1N56.png,4,0.0,0.0
G0,W0082F0002T0006Z000C1N56.png,5,0.3194382824999752,0.3194382824999752
G0,W0082F0002T0006Z000C1N56.png,6,0.2857142857142918,0.2857142857142918
G0,W0082F0002T0006Z000C1N56.png,7,0.29450754468698204,0.29450754468698204
G0,W0082F0002T0006Z000C1N56.png,8,0.5,0.5
G0,W0082F0002T0006Z000C1N56.png,9,0.5458563764155143,0.5458563764155143
G0,W0082F0002T0006Z000C1N56.png,10,0.49999999999999806,0.49999999999999806
G0,W0082F0002T0006Z000C1N56.png,11,0.20000000000000284,0.20000000000000284
G0,W0082F0002T0006Z000C1N56.png,12,0.20000000000000284,0.20000000000000284
G0,W0082F0002T0006Z000C1N56.png,13,5.82620259501853,5.82620259501853
G0,W0082F0002T0006Z000C1N56.png,14,0.471404520791035,0.471404520791035
G0,W0082F0002T0006Z000C1N56.png,15,0.3513641844631565,0.3513641844631565
G0,W0082F0002T0006Z000C1N56.png,16,0.7071067811865476,0.7071067811865476
G0,W0082F0002T0006Z000C1N56.png,17,0.4164965639175255,0.4164965639175255
G0,W0082F0002T0006Z000C1N56.png,18,0.47140452079103,0.47140452079103
G0,W0082F0002T0006Z000C1N56.png,19,6.1473671971658055,6.1473671971658055
G0,W0082F0002T0006Z000C1N56.png,20,0.7071067811865476,0.7071067811865476
G0,W0082F0002T0006Z000C1N56.png,21,0.7071067811865476,0.7071067811865476
G0,W0082F0002T0006Z000C1N56.png,22,0.4472135954999579,0.4472135954999579
G0,W0082F0002T0006Z000C1N56.png,23,0.0,0.0
G0,W0082F0002T0006Z000C1N56.png,24,0.5,0.5
G0,W0082F0002T0006Z000C1N56.png,25,0.0,0.0
G0,W0082F0002T0006Z000C1N56.png,26,3.370065388122548,3.370065388122548
G0,W0082F0002T0006Z000C1N56.png,27,0.2857142857142918,0.2857142857142918
G0,W0082F0002T0006Z000C1N56.png,28,0.7071067811865476,0.7071067811865476
G0,W0082F0002T0006Z000C1N56.png,29,0.25,0.25
G0,W0082F0002T0006Z000C1N56.png,30,0.582323231565385,0.582323231565385
G0,W0082F0002T0006Z000C1N56.png,31,0.0,0.0
G0,W0082F0002T0006Z000C1N56.png,32,1.2196734422726154,1.2196734422726154
G0,W0082F0002T0006Z000C1N56.png,33,2.2438186696393707,2.2438186696393707
G0,W0082F0002T0006Z000C1N56.png,34,0.47140452079103,0.47140452079103
G0,W0082F0002T0006Z000C1N56.png,35,0.2857142857142847,0.2857142857142847
G0,W0082F0002T0006Z000C1N56.png,36,0.0,0.0
G0,W0082F0002T0006Z000C1N56.png,37,0.23570226039552256,0.23570226039552256
G0,W0082F0002T0006Z000C1N56.png,38,3.4058772731852858,3.4058772731852858
G0,W0082F0002T0006Z000C1N56.png,39,0.5,0.5
G0,W0082F0002T0006Z000C1N56.png,40,0.9013878188660028,0.9013878188660028
G0,W0082F0002T0006Z000C1N56.png,41,0.0,0.0
G0,W0082F0002T0006Z000C1N56.png,42,0.25,0.25
G0,W0082F0002T0006Z000C1N56.png,43,1.280624847486577,1.280624847486577
G0,W0082F0002T0006Z000C1N56.png,44,10.547511554864494,10.547511554864494
G0,W0082F0002T0006Z000C1N56.png,45,7.615773105863909,7.615773105863909
G0,W0082F0002T0006Z000C1N56.png,46,0.5560177757447271,0.5560177757447271
G0,W0082F0002T0006Z000C1N56.png,47,3.893102875599359,3.893102875599359
G0,W0082F0002T0006Z000C1N56.png,48,2.9154759474226504,2.9154759474226504
G0,W0082F0002T0006Z000C1N56.png,49,9.166856058649552,9.166856058649552
G0,W0082F0002T0006Z000C1N56.png,50,6.708203932499369,6.708203932499369
G0,W0082F0002T0006Z000C1N56.png,51,0.4485347611419458,0.4485347611419458
G0,W0082F0002T0006Z000C1N56.png,52,2.0615528128088303,2.0615528128088303
G0,W0082F0002T0006Z000C1N56.png,53,0.3167744004196683,0.3167744004196683
G0,W0082F0003T0006Z000C1N50.png,1,2.8674417556808716,2.8674417556808716
G0,W0082F0003T0006Z000C1N50.png,2,4.533823502911819,4.533823502911819
G0,W0082F0003T0006Z000C1N50.png,3,2.75,7.520804478245662
G0,W0082F0003T0006Z000C1N50.png,4,0.3513641844631565,0.3513641844631565
G0,W0082F0003T0006Z000C1N50.png,5,3.5901098714230057,3.5901098714230057
G0,W0082F0003T0006Z000C1N50.png,6,0.0,0.0
G0,W0082F0003T0006Z000C1N50.png,7,0.3748277841470638,0.3748277841470638
G0,W0082F0003T0006Z000C1N50.png,8,1.0,1.0
G0,W0082F0003T0006Z000C1N50.png,9,0.5,0.5
G0,W0082F0003T0006Z000C1N50.png,10,0.5,0.5
G0,W0082F0003T0006Z000C1N50.png,11,0.0,0.0
G0,W0082F0003T0006Z000C1N50.png,12,0.20327890704544122,0.20327890704544122
G0,W0082F0003T0006Z000C1N50.png,13,0.6555547773570879,0.6555547773570879
G0,W0082F0003T0006Z000C1N50.png,14,3.1622776601683795,5.830951894845301
G0,W0082F0003T0006Z000C1N50.png,15,3.7135055482374177,4.230985058813282
G0,W0082F0003T0006Z000C1N50.png,16,5.70087712549569,5.70087712549569
G0,W0082F0003T0006Z000C1N50.png,17,0.5555555555555515,0.5555555555555515
G0,W0082F0003T0006Z000C1N50.png,18,6.101754252563579,6.101754252563579
G0,W0082F0003T0006Z000C1N50.png,19,0.7071067811865476,0.7071067811865476
G0,W0082F0003T0006Z000C1N50.png,20,0.7071067811865476,0.7071067811865476
G0,W0082F0003T0006Z000C1N50.png,21,0.42824175819296867,0.42824175819296867
G0,W0082F0003T0006Z000C1N50.png,22,0.47140452079103,0.47140452079103
G0,W0082F0003T0006Z000C1N50.png,23,7.056596598612929,7.056596598612929
G0,W0082F0003T0006Z000C1N50.png,24,0.25,0.25
G0,W0082F0003T0006Z000C1N50.png,25,1.0960788698304953,1.0960788698304953
G0,W0082F0003T0006Z000C1N50.png,26,2.8674417556808747,4.642796092394703
G0,W0082F0003T0006Z000C1N50.png,27,0.5821022034029828,0.5821022034029828
G0,W0082F0003T0006Z000C1N50.png,28,0.7071067811865476,0.7071067811865476
G0,W0082F0003T0006Z000C1N50.png,29,4.404543109109054,4.404543109109054
G0,W0082F0003T0006Z000C1N50.png,30,9.192388155425117,9.192388155425117
G0,W0082F0002T0006Z000C1N9.png,1,51.15066592919392,126.7552390435993
G0,W0082F0002T0006Z000C1N9.png,2,21.70829334609241,108.61514627343647
G0,W0082F0002T0006Z000C1N9.png,3,34.541493828703565,109.30285813243114
G0,W0082F0002T0006Z000C1N9.png,4,26.281384956669815,117.29485618842766
G0,W0082F0002T0006Z000C1N9.png,5,14.983324063771697,30.53686296920494
G0,W0082F0002T0006Z000C1N9.png,6,17.029386365926403,29.410882339705484
G0,W0082F0002T0006Z000C1N9.png,7,17.414074767267998,31.00403199585499
G0,W0082F0002T0006Z000C1N9.png,8,0.2857142857142918,0.2857142857142918
G0,W0082F0002T0006Z000C1N40.png,1,43.534150068908225,65.98400479577523
G0,W0082F0002T0006Z000C1N40.png,2,34.69815467306961,53.46761138416441
G0,W0082F0002T0006Z000C1N40.png,3,55.274315916164895,68.17807565486136
G0,W0082F0002T0006Z000C1N40.png,4,38.12151623427379,48.93107397145499
G0,W0082F0002T0006Z000C1N40.png,5,6.800735254367722,7.158910531638177
G0,W0082F0002T0006Z000C1N40.png,6,0.7071067811865476,0.7071067811865476
G0,W0082F0002T0006Z000C1N40.png,7,10.290232693622091,10.290232693622091
G0,W0082F0002T0006Z000C1N40.png,8,61.05735008989499,70.25667228100119
G0,W0082F0002T0006Z000C1N40.png,9,0.8670271686118691,0.8670271686118691
G0,W0082F0002T0006Z000C1N40.png,10,5.0,5.0
G0,W0082F0002T0006Z000C1N40.png,11,24.839484696748443,24.839484696748443
G0,W0082F0002T0006Z000C1N40.png,12,33.55964838909967,33.55964838909967
G0,W0082F0002T0006Z000C1N40.png,13,0.5385164807134515,49.46402733300231
G0,W0082F0002T0006Z000C1N40.png,14,49.442571749804515,109.64240416063238
G0,W0082F0002T0006Z000C1N40.png,15,29.437094536013944,76.42834902522898
G0,W0082F0002T0006Z000C1N40.png,16,37.296390726793845,91.30760967616601
G0,W0082F0003T0006Z000C1N52.png,1,62.44622176116741,62.44622176116741
G0,W0082F0003T0006Z000C1N52.png,2,11.412712210513327,11.412712210513327
G0,W0082F0003T0006Z000C1N52.png,3,0.3703703703703653,0.3703703703703653
G0,W0082F0003T0006Z000C1N52.png,4,13.210107662106484,13.210107662106484
G0,W0082F0003T0006Z000C1N52.png,5,45.83939353874569,45.83939353874569
G0,W0082F0003T0006Z000C1N52.png,6,6.364762688555846,6.364762688555846
G0,W0082F0003T0006Z000C1N52.png,7,48.25971404805462,48.25971404805462
G0,W0082F0003T0006Z000C1N52.png,8,46.61544808322666,46.61544808322666
G0,W0082F0003T0006Z000C1N52.png,9,0.5,0.5
G0,W0082F0003T0006Z000C1N52.png,10,0.3795317132067406,0.3795317132067406
G0,W0082F0003T0006Z000C1N52.png,11,0.38465462908103165,0.38465462908103165
G0,W0082F0003T0006Z000C1N52.png,12,0.4232711286979385,0.4232711286979385
G0,W0082F0003T0006Z000C1N52.png,13,0.5,0.5
G0,W0082F0003T0006Z000C1N52.png,14,0.7071067811865476,0.7071067811865476
G0,W0082F0003T0006Z000C1N52.png,15,0.0,0.0
G0,W0082F0003T0006Z000C1N52.png,16,0.8944271909999159,0.8944271909999159
G0,W0082F0003T0006Z000C1N52.png,17,0.5,0.5
G0,W0082F0003T0006Z000C1N52.png,18,0.6324555320336713,0.6324555320336713
G0,W0082F0003T0006Z000C1N52.png,19,7.280109889280518,7.280109889280518
G0,W0082F0003T0006Z000C1N52.png,20,5.522680508593631,5.522680508593631
G0,W0082F0003T0006Z000C1N52.png,21,0.5,0.5
G0,W0082F0003T0006Z000C1N52.png,22,26.56571559167867,26.56571559167867
G0,W0082F0003T0006Z000C1N52.png,23,20.248456731316587,20.248456731316587
G0,W0082F0002T0006Z000C1N68.png,1,49.64958844394444,
G0,W0082F0002T0006Z000C1N68.png,2,47.00265949922408,
G0,W0082F0002T0006Z000C1N68.png,3,48.16897341650536,
G0,W0082F0002T0006Z000C1N68.png,4,48.54894437575342,
G0,W0082F0002T0006Z000C1N68.png,5,44.05110668303352,
G0,W0082F0002T0006Z000C1N68.png,6,19.981241202688086,
G0,W0082F0002T0006Z000C1N68.png,7,0.7071067811865476,
G0,W0082F0002T0006Z000C1N68.png,8,16.977926846349646,
G0,W0082F0002T0006Z000C1N68.png,9,66.02851641025144,
G0,W0082F0002T0006Z000C1N68.png,10,64.70896383036897,
G0,W0082F0002T0006Z000C1N68.png,11,73.02403853582486,
G0,W0082F0002T0006Z000C1N68.png,12,53.85164807134504,
G0,W0082F0002T0006Z000C1N68.png,13,56.055775795184566,
G0,W0082F0002T0006Z000C1N68.png,14,57.725914890974224,
G0,W0082F0002T0006Z000C1N68.png,15,84.60053191322145,
G0,W0082F0002T0006Z000C1N68.png,16,90.80122380727013,
G0,W0082F0002T0006Z000C1N68.png,17,102.62553288534,
G0,W0082F0002T0006Z000C1N83.png,1,5.1762330347224585,5.1762330347224585
G0,W0082F0002T0006Z000C1N83.png,2,2.325940669922601,2.325940669922601
G0,W0082F0002T0006Z000C1N83.png,3,8.440379138403676,8.440379138403676
G0,W0082F0002T0006Z000C1N83.png,4,12.25651754056683,12.25651754056683
G0,W0082F0002T0006Z000C1N83.png,5,5.81962675397276,5.81962675397276
G0,W0082F0002T0006Z000C1N83.png,6,1.293681224688334,1.293681224688334
G0,W0082F0002T0006Z000C1N83.png,7,10.75,10.75
G0,W0082F0002T0006Z000C1N83.png,8,1.145719519531339,1.145719519531339
G0,W0082F0002T0006Z000C1N83.png,9,0.49731741730538254,0.49731741730538254
G0,W0082F0002T0006Z000C1N83.png,10,0.45218946100277246,0.45218946100277246
G0,W0082F0002T0006Z000C1N83.png,11,4.6097722286464435,4.6097722286464435
G0,W0082F0002T0006Z000C1N83.png,12,2.0615528128088303,2.0615528128088303
G0,W0082F0002T0006Z000C1N83.png,13,0.490268101951765,0.490268101951765
G0,W0082F0002T0006Z000C1N83.png,14,0.0,0.0
G0,W0082F0002T0006Z000C1N83.png,15,7.908920306095091,7.908920306095091
G0,W0082F0002T0006Z000C1N83.png,16,0.29032258064516725,0.29032258064516725
G0,W0082F0002T0006Z000C1N83.png,17,3.1622776601683795,3.1622776601683795
G0,W0082F0002T0006Z000C1N83.png,18,0.5471587667664499,0.5471587667664499
G0,W0082F0002T0006Z000C1N83.png,19,0.351364184463157,0.351364184463157
G0,W0082F0002T0006Z000C1N83.png,20,0.2857142857142918,0.2857142857142918
G0,W0082F0002T0006Z000C1N83.png,21,0.5,0.5
G0,W0082F0002T0006Z000C1N83.png,22,8.836381196681208,8.836381196681208
G0,W0082F0002T0006Z000C1N83.png,23,0.4472135954999579,0.4472135954999579
G0,W0082F0002T0006Z000C1N83.png,24,0.0,0.0
G0,W0082F0002T0006Z000C1N83.png,25,5.73061951275776,5.73061951275776
G0,W0082F0002T0006Z000C1N83.png,26,1.414213562373094,1.414213562373094
G0,W0082F0002T0006Z000C1N83.png,27,0.7071067811865476,0.7071067811865476
G0,W0082F0002T0006Z000C1N83.png,28,0.94280904158207,0.94280904158207
G0,W0082F0002T0006Z000C1N83.png,29,0.5,0.5
G0,W0082F0002T0006Z000C1N83.png,30,0.7071067811865476,0.7071067811865476
G0,W0082F0002T0006Z000C1N83.png,31,1.2649110640673562,1.2649110640673562
G0,W0082F0002T0006Z000C1N83.png,32,0.5,0.5
G0,W0082F0002T0006Z000C1N83.png,33,9.013878188659973,9.013878188659973
G0,W0082F0002T0006Z000C1N83.png,34,0.7071067811865476,0.7071067811865476
G0,W0082F0002T0006Z000C1N83.png,35,3.283889997853992,3.283889997853992
G0,W0082F0002T0006Z000C1N83.png,36,1.5811388300841898,1.5811388300841898
G0,W0082F0002T0006Z000C1N83.png,37,0.7151771952246033,0.7151771952246033
G0,W0082F0002T0006Z000C1N83.png,38,2.7758086061391527,2.7758086061391527
G0,W0082F0002T0006Z000C1N83.png,39,4.691522207433044,4.691522207433044
G0,W0082F0002T0006Z000C1N83.png,40,0.5,0.5
G0,W0082F0002T0006Z000C1N83.png,41,0.22360679774997896,0.22360679774997896
G0,W0082F0002T0006Z000C1N83.png,42,0.5303300858899106,0.5303300858899106
G0,W0082F0002T0006Z000C1N83.png,43,0.4192627457812106,0.4192627457812106
G0,W0082F0002T0006Z000C1N83.png,44,0.0,0.0
G0,W0082F0002T0006Z000C1N83.png,45,2.0615528128088303,2.0615528128088303
G0,W0082F0002T0006Z000C1N83.png,46,1.0,1.0
G0,W0082F0002T0006Z000C1N83.png,47,24.33561633125865,24.33561633125865
G0,W0082F0002T0006Z000C1N83.png,48,2.6897152082022644,2.6897152082022644
G0,W0082F0002T0006Z000C1N83.png,49,14.84615384615384,14.84615384615384
G0,W0082F0002T0006Z000C1N83.png,50,0.19999999999998863,0.19999999999998863
G0,W0082F0002T0006Z000C1N83.png,51,0.7453559924999194,0.7453559924999194
G0,W0082F0002T0006Z000C1N83.png,52,4.55801603815537,4.55801603815537
G0,W0082F0002T0006Z000C1N83.png,53,0.5821022034029983,0.5821022034029983
G0,W0082F0002T0006Z000C1N83.png,54,0.5150787536377099,0.5150787536377099
G0,W0082F0002T0006Z000C1N83.png,55,0.5,0.5
G0,W0082F0002T0006Z000C1N83.png,56,0.5,0.5
G0,W0082F0002T0006Z000C1N83.png,57,0.0,0.0
G0,W0082F0003T0006Z000C1N85.png,1,3.0,3.0
G0,W0082F0003T0006Z000C1N85.png,2,0.4581228472908519,0.4581228472908519
G0,W0082F0003T0006Z000C1N85.png,3,0.44721359549995915,0.44721359549995915
G0,W0082F0003T0006Z000C1N85.png,4,0.44721359549996276,0.44721359549996276
G0,W0082F0003T0006Z000C1N85.png,5,0.0,0.0
G0,W0082F0003T0006Z000C1N85.png,6,6.799367982296418,6.799367982296418
G0,W0082F0003T0006Z000C1N85.png,7,17.08800749063506,17.08800749063506
G0,W0082F0003T0006Z000C1N85.png,8,8.514693182963201,8.514693182963201
G0,W0082F0003T0006Z000C1N85.png,9,11.18383319796929,11.18383319796929
G0,W0082F0003T0006Z000C1N85.png,10,11.884864324004713,15.787653403846944
G0,W0082F0003T0006Z000C1N85.png,11,4.6097722286464435,4.6097722286464435
G0,W0082F0003T0006Z000C1N85.png,12,0.3535533905932738,0.3535533905932738
G0,W0082F0003T0006Z000C1N85.png,13,0.0,0.0
G0,W0082F0003T0006Z000C1N85.png,14,4.545857448776674,7.368609020158879
G0,W0082F0003T0006Z000C1N85.png,15,4.123105625617656,4.123105625617656
G0,W0082F0003T0006Z000C1N85.png,16,0.5,0.5
G0,W0082F0003T0006Z000C1N85.png,17,7.200000000000003,7.200000000000003
G0,W0082F0003T0006Z000C1N85.png,18,0.7071067811865476,0.7071067811865476
G0,W0082F0003T0006Z000C1N85.png,19,0.2357022603955175,0.2357022603955175
G0,W0082F0003T0006Z000C1N85.png,20,0.4492371967645986,0.4492371967645986
G0,W0082F0003T0006Z000C1N85.png,21,0.5150787536377139,0.5150787536377139
G0,W0082F0003T0006Z000C1N85.png,22,13.532368602724357,13.532368602724357
G0,W0082F0003T0006Z000C1N85.png,23,0.5717718748968647,0.5717718748968647
G0,W0082F0003T0006Z000C1N85.png,24,7.433034373659253,7.433034373659253
G0,W0082F0003T0006Z000C1N85.png,25,0.0,0.0
G0,W0082F0003T0006Z000C1N85.png,26,0.23323807579381314,0.23323807579381314
G0,W0082F0003T0006Z000C1N85.png,27,0.0,0.0
G0,W0082F0003T0006Z000C1N85.png,28,0.48650425541052716,0.48650425541052716
G0,W0082F0003T0006Z000C1N85.png,29,0.25,0.25
G0,W0082F0003T0006Z000C1N85.png,30,7.433034373659253,7.433034373659253
G0,W0082F0003T0006Z000C1N85.png,31,7.8031332738130805,7.8031332738130805
G0,W0082F0003T0006Z000C1N85.png,32,0.0,0.0
G0,W0082F0003T0006Z000C1N85.png,33,8.246211251235321,8.246211251235321
G0,W0082F0003T0006Z000C1N85.png,34,0.0,0.0
G0,W0082F0003T0006Z000C1N85.png,35,23.36325826452068,23.36325826452068
G0,W0082F0003T0006Z000C1N85.png,36,9.219544457292887,9.848857801796104
G0,W0082F0003T0006Z000C1N85.png,37,12.82832775016433,12.82832775016433
G0,W0082F0003T0006Z000C1N85.png,38,13.756816492197604,13.756816492197604
G0,W0082F0003T0006Z000C1N85.png,39,8.49836585598798,8.49836585598798
G0,W0082F0003T0006Z000C1N85.png,40,16.342896860036095,16.342896860036095
G0,W0082F0003T0006Z000C1N85.png,41,0.5555555555555557,0.5555555555555557
G0,W0082F0003T0006Z000C1N85.png,42,0.0,0.0
G0,W0082F0003T0006Z000C1N85.png,43,4.126251514037101,4.126251514037101
G0,W0082F0003T0006Z000C1N85.png,44,8.46771647034915,8.46771647034915
G0,W0082F0003T0006Z000C1N85.png,45,20.0449494885869,20.0449494885869
G0,W0082F0003T0006Z000C1N85.png,46,45.19615298781478,45.37281394070637
G0,W0082F0003T0006Z000C1N85.png,47,12.206555615733702,12.206555615733702
G0,W0082F0003T0006Z000C1N85.png,48,8.49836585598797,8.49836585598797
G0,W0082F0003T0006Z000C1N85.png,49,8.799999999999997,8.799999999999997
G0,W0082F0003T0006Z000C1N85.png,50,16.3783393541592,16.3783393541592
G0,W0082F0001T0006Z000C1N19.png,1,0.6289320754704386,0.6289320754704386
G0,W0082F0001T0006Z000C1N19.png,2,4.47213595499958,4.47213595499958
G0,W0082F0001T0006Z000C1N19.png,3,0.3846153846153838,0.3846153846153838
G0,W0082F0001T0006Z000C1N19.png,4,0.3030457633656633,0.3030457633656633
G0,W0082F0001T0006Z000C1N19.png,5,0.4268749491621891,0.4268749491621891
G0,W0082F0001T0006Z000C1N19.png,6,6.835365551469955,6.835365551469955
G0,W0082F0001T0006Z000C1N19.png,7,2.7938424357066998,2.7938424357066998
G0,W0082F0001T0006Z000C1N19.png,8,0.14958791130929275,0.14958791130929275
G0,W0082F0001T0006Z000C1N19.png,9,0.0,0.0
G0,W0082F0001T0006Z000C1N19.png,10,0.7071067811865476,0.7071067811865476
G0,W0082F0001T0006Z000C1N19.png,11,0.47140452079103123,0.47140452079103123
G0,W0082F0001T0006Z000C1N19.png,12,0.3748277841470597,0.3748277841470597
G0,W0082F0001T0006Z000C1N19.png,13,0.2857142857142776,0.2857142857142776
G0,W0082F0001T0006Z000C1N19.png,14,10.183046913593419,10.183046913593419
G0,W0082F0001T0006Z000C1N19.png,15,0.5,0.5
G0,W0082F0001T0006Z000C1N19.png,16,0.5,0.5
G0,W0082F0001T0006Z000C1N19.png,17,0.7071067811865476,0.7071067811865476
G0,W0082F0001T0006Z000C1N19.png,18,0.4242640687119295,0.4242640687119295
G0,W0082F0001T0006Z000C1N19.png,19,0.7071067811865476,0.7071067811865476
G0,W0082F0001T0006Z000C1N19.png,20,6.020797289396148,6.020797289396148
G0,W0082F0001T0006Z000C1N19.png,21,4.031128874149275,4.031128874149275
G0,W0082F0001T0006Z000C1N19.png,22,0.2857142857142847,0.2857142857142847
G0,W0082F0001T0006Z000C1N19.png,23,5.692099788303082,7.694153624668536
G0,W0082F0001T0006Z000C1N19.png,24,0.1767766952966369,0.1767766952966369
G0,W0082F0001T0006Z000C1N19.png,25,0.5,0.5
G0,W0082F0001T0006Z000C1N19.png,26,0.38569460791993093,0.38569460791993093
G0,W0082F0001T0006Z000C1N19.png,27,10.47854951794379,10.47854951794379
G0,W0082F0001T0006Z000C1N19.png,28,0.7071067811865476,0.7071067811865476
G0,W0082F0001T0006Z000C1N19.png,29,0.4472135954999579,0.4472135954999579
G0,W0082F0001T0006Z000C1N19.png,30,0.42824175819297355,0.42824175819297355
G0,W0082F0001T0006Z000C1N19.png,31,0.7071067811865476,0.7071067811865476
G0,W0082F0001T0006Z000C1N19.png,32,0.4006168083848892,0.4006168083848892
G0,W0082F0001T0006Z000C1N19.png,33,2.5,2.5
G0,W0082F0001T0006Z000C1N19.png,34,5.0990195135927845,5.0990195135927845
G0,W0082F0001T0006Z000C1N19.png,35,1.4370416686361107,1.4370416686361107
G0,W0082F0001T0006Z000C1N19.png,36,12.62667383951638,12.62667383951638
G0,W0082F0001T0006Z000C1N19.png,37,0.0,0.0
G0,W0082F0001T0006Z000C1N19.png,38,0.5,0.5
G0,W0082F0001T0006Z000C1N19.png,39,0.5,0.5
G0,W0082F0001T0006Z000C1N19.png,40,0.47368421052631504,0.47368421052631504
G0,W0082F0001T0006Z000C1N19.png,41,1.3198570812709427,1.3198570812709427
G0,W0082F0001T0006Z000C1N19.png,42,0.4472135954999643,0.4472135954999643
G0,W0082F0001T0006Z000C1N19.png,43,0.5439282932204242,0.5439282932204242
G0,W0082F0001T0006Z000C1N19.png,44,0.48562090605645536,0.48562090605645536
G0,W0082F0001T0006Z000C1N19.png,45,0.4472135954999579,0.4472135954999579
G0,W0082F0001T0006Z000C1N19.png,46,1.1013708510212572,1.1013708510212572
G0,W0082F0001T0006Z000C1N19.png,47,0.4852391819627835,0.4852391819627835
G0,W0082F0001T0006Z000C1N19.png,48,0.7071067811865476,0.7071067811865476
G0,W0082F0001T0006Z000C1N19.png,49,3.0,3.0
G0,W0082F0001T0006Z000C1N19.png,50,5.440588203494179,5.440588203494179
G0,W0082F0001T0006Z000C1N19.png,51,10.791514727945145,10.791514727945145
G0,W0082F0001T0006Z000C1N19.png,52,5.920464771805231,5.920464771805231
G0,W0082F0001T0006Z000C1N19.png,53,1.118033988749895,1.118033988749895
G0,W0082F0001T0006Z000C1N19.png,54,4.670825301436554,4.670825301436554
G0,W0082F0001T0006Z000C1N19.png,55,6.708203932499369,6.708203932499369
G0,W0082F0001T0006Z000C1N19.png,56,6.48315123994497,6.48315123994497
G0,W0082F0001T0006Z000C1N19.png,57,0.5,0.5
G0,W0082F0001T0006Z000C1N19.png,58,10.812087428794745,10.812087428794745
G0,W0082F0001T0006Z000C1N19.png,59,0.30689220499186665,0.30689220499186665
G0,W0082F0001T0006Z000C1N19.png,60,15.524174696260024,15.524174696260024
G0,W0082F0002T0006Z000C1N97.png,1,113.64858116140297,113.64858116140297
G0,W0082F0002T0006Z000C1N97.png,2,97.12491956238625,97.12491956238625
G0,W0082F0002T0006Z000C1N97.png,3,112.65211937642363,112.65211937642363
G0,W0082F0002T0006Z000C1N97.png,4,108.29589096544707,117.92370414806346
G0,W0082F0002T0006Z000C1N97.png,5,77.07463914933368,77.07463914933368
G0,W0082F0002T0006Z000C1N97.png,6,70.00178569150933,70.00178569150933
G0,W0082F0002T0006Z000C1N97.png,7,21.702822397098497,21.702822397098497
G0,W0082F0002T0006Z000C1N97.png,8,0.861016539312033,0.861016539312033
G0,W0082F0002T0006Z000C1N97.png,9,48.24468953767975,48.24468953767975
G0,W0082F0001T0006Z000C1N25.png,1,0.6060915267313277,0.6060915267313277
G0,W0082F0001T0006Z000C1N25.png,2,0.48534065928536985,0.48534065928536985
G0,W0082F0001T0006Z000C1N25.png,3,0.0,0.0
G0,W0082F0001T0006Z000C1N25.png,4,15.532224567009067,15.532224567009067
G0,W0082F0001T0006Z000C1N25.png,5,7.814694136333452,7.814694136333452
G0,W0082F0001T0006Z000C1N25.png,6,0.20000000000000018,0.20000000000000018
G0,W0082F0001T0006Z000C1N25.png,7,0.543928293220423,0.543928293220423
G0,W0082F0001T0006Z000C1N25.png,8,0.5,0.5
G0,W0082F0001T0006Z000C1N25.png,9,0.6213651700539707,0.6213651700539707
G0,W0082F0001T0006Z000C1N25.png,10,0.5,0.5
G0,W0082F0001T0006Z000C1N25.png,11,0.44973387596550846,0.44973387596550846
G0,W0082F0001T0006Z000C1N25.png,12,0.2857142857142918,0.2857142857142918
G0,W0082F0001T0006Z000C1N25.png,13,1.2289036095775188,1.2289036095775188
G0,W0082F0001T0006Z000C1N25.png,14,42.262284538870404,42.262284538870404
G0,W0082F0001T0006Z000C1N25.png,15,1.2034543901352444,1.2034543901352444
G0,W0082F0001T0006Z000C1N25.png,16,0.4190702026042202,0.4190702026042202
G0,W0082F0001T0006Z000C1N25.png,17,0.3277773886785479,0.3277773886785479
G0,W0082F0001T0006Z000C1N25.png,18,0.4472135954999643,0.4472135954999643
G0,W0082F0001T0006Z000C1N25.png,19,0.45454545454545325,0.45454545454545325
G0,W0082F0001T0006Z000C1N25.png,20,0.22360679774997896,0.22360679774997896
G0,W0082F0001T0006Z000C1N25.png,21,0.055555555555557135,0.055555555555557135
G0,W0082F0001T0006Z000C1N25.png,22,0.3333333333333286,0.3333333333333286
G0,W0082F0001T0006Z000C1N25.png,23,0.4472135954999643,0.4472135954999643
G0,W0082F0001T0006Z000C1N25.png,24,0.025641025641029103,0.025641025641029103
G0,W0082F0001T0006Z000C1N25.png,25,0.0,0.0
G0,W0082F0001T0006Z000C1N25.png,26,0.22360679774998216,0.22360679774998216
G0,W0082F0001T0006Z000C1N25.png,27,0.47140452079103,0.47140452079103
G0,W0082F0001T0006Z000C1N25.png,28,0.36495833867692745,0.36495833867692745
G0,W0082F0001T0006Z000C1N25.png,29,0.661544951878558,0.661544951878558
G0,W0082F0001T0006Z000C1N25.png,30,0.5930573003500108,0.5930573003500108
G0,W0082F0001T0006Z000C1N25.png,31,0.0,0.0
G0,W0082F0001T0006Z000C1N25.png,32,6.103277807866851,6.103277807866851
G0,W0082F0001T0006Z000C1N25.png,33,0.4472135954999643,0.4472135954999643
G0,W0082F0001T0006Z000C1N25.png,34,0.1767766952966369,0.1767766952966369
G0,W0082F0001T0006Z000C1N25.png,35,0.3748277841470569,0.3748277841470569
G0,W0082F0001T0006Z000C1N25.png,36,0.21245914639969565,0.21245914639969565
G0,W0082F0001T0006Z000C1N25.png,37,0.2857142857142847,0.2857142857142847
G0,W0082F0001T0006Z000C1N25.png,38,0.5150787536377178,0.5150787536377178
G0,W0082F0001T0006Z000C1N25.png,39,0.6060915267313293,0.6060915267313293
G0,W0082F0001T0006Z000C1N25.png,40,0.47659921779670555,0.47659921779670555
G0,W0082F0001T0006Z000C1N25.png,41,0.4472135954999643,0.4472135954999643
G0,W0082F0001T0006Z000C1N25.png,42,12.010412149464313,12.010412149464313
G0,W0082F0001T0006Z000C1N25.png,43,0.7071067811865476,0.7071067811865476
G0,W0082F0001T0006Z000C1N25.png,44,0.5,0.5
G0,W0082F0001T0006Z000C1N25.png,45,0.5717718748968647,0.5717718748968647
G0,W0082F0001T0006Z000C1N25.png,46,0.4282417581929755,0.4282417581929755
G0,W0082F0001T0006Z000C1N25.png,47,8.320125587749164,8.320125587749164
G0,W0082F0001T0006Z000C1N25.png,48,5.315072906367325,5.315072906367325
G0,W0082F0001T0006Z000C1N25.png,49,4.0,4.0
G0,W0082F0001T0006Z000C1N25.png,50,6.603029607687665,6.603029607687665
G0,W0082F0001T0006Z000C1N25.png,51,0.7071067811865476,0.7071067811865476
G0,W0082F0001T0006Z000C1N25.png,52,0.20000000000000284,0.20000000000000284
G0,W0082F0001T0006Z000C1N25.png,53,28.570089254323307,28.570089254323307
G0,W0082F0001T0006Z000C1N25.png,54,0.7071067811865476,0.7071067811865476
G0,W0082F0001T0006Z000C1N25.png,55,4.404543109109054,4.404543109109054
G0,W0082F0001T0006Z000C1N25.png,56,3.0,3.0
G0,W0082F0001T0006Z000C1N25.png,57,0.31943828249996725,0.31943828249996725
G0,W0082F0001T0006Z000C1N25.png,58,0.47140452079102496,0.47140452079102496
G0,W0082F0001T0006Z000C1N25.png,59,0.2874797872880359,0.2874797872880359
G0,W0082F0001T0006Z000C1N25.png,60,0.38685136582252755,0.38685136582252755
G0,W0082F0001T0006Z000C1N25.png,61,0.0,0.0
G0,W0082F0001T0006Z000C1N25.png,62,0.44960016587604673,0.44960016587604673
G0,W0082F0001T0006Z000C1N25.png,63,0.1767766952966369,0.1767766952966369
G0,W0082F0001T0006Z000C1N25.png,64,0.3748277841470569,0.3748277841470569
G0,W0082F0001T0006Z000C1N25.png,65,0.4282417581929755,0.4282417581929755
G0,W0082F0001T0006Z000C1N25.png,66,0.35901098714229834,0.35901098714229834
G0,W0082F0001T0006Z000C1N25.png,67,0.47140452079102496,0.47140452079102496
G0,W0082F0001T0006Z000C1N25.png,68,0.5,0.5
G0,W0082F0001T0006Z000C1N25.png,69,0.0,0.0
G0,W0082F0001T0006Z000C1N25.png,70,0.7071067811865476,0.7071067811865476
G0,W0082F0001T0006Z000C1N25.png,71,20.342074623793906,20.342074623793906
G0,W0082F0001T0006Z000C1N25.png,72,2.23606797749979,2.23606797749979
G0,W0082F0001T0006Z000C1N25.png,73,4.242640687119285,4.242640687119285
G0,W0082F0001T0006Z000C1N25.png,74,4.123105625617661,4.123105625617661
G0,W0082F0001T0006Z000C1N25.png,75,5.0,5.0
G0,W0082F0001T0006Z000C1N25.png,76,0.7142857142857082,0.7142857142857082
G0,W0082F0001T0006Z000C1N25.png,77,6.020797289396148,6.020797289396148
G0,W0082F0001T0006Z000C1N25.png,78,0.0,0.0
G0,W0082F0001T0006Z000C1N25.png,79,3.1622776601683795,3.1622776601683795
G0,W0082F0001T0006Z000C1N25.png,80,16.428155633565837,16.428155633565837
G0,W0082F0001T0006Z000C1N25.png,81,0.3277773886785499,0.3277773886785499
G0,W0082F0001T0006Z000C1N25.png,82,0.23570226039550748,0.23570226039550748
G0,W0082F0001T0006Z000C1N25.png,83,1.1357556200179582,1.1357556200179582
G0,W0082F0001T0006Z000C1N25.png,84,0.4472135954999643,0.4472135954999643
G0,W0082F0001T0006Z000C1N1.png,1,7.732782058699633,7.732782058699633
G0,W0082F0001T0006Z000C1N1.png,2,1.4005713120009264,1.4005713120009264
G0,W0082F0001T0006Z000C1N1.png,3,8.276472678623424,8.276472678623424
G0,W0082F0001T0006Z000C1N1.png,4,5.656854249492381,5.656854249492381
G0,W0082F0001T0006Z000C1N1.png,5,0.4527539614232933,0.4527539614232933
G0,W0082F0001T0006Z000C1N1.png,6,1.383496476323666,1.383496476323666
G0,W0082F0001T0006Z000C1N1.png,7,0.25,0.25
G0,W0082F0001T0006Z000C1N1.png,8,0.0,0.0
G0,W0082F0001T0006Z000C1N1.png,9,0.0,0.0
G0,W0082F0001T0006Z000C1N1.png,10,0.5,0.5
G0,W0082F0001T0006Z000C1N1.png,11,20.171530060954723,32.678595823566226
G0,W0082F0001T0006Z000C1N1.png,12,7.558366639029891,7.558366639029891
G0,W0082F0001T0006Z000C1N1.png,13,0.7453559924999257,0.7453559924999257
G0,W0082F0001T0006Z000C1N1.png,14,0.673145600891813,0.673145600891813
G0,W0082F0001T0006Z000C1N1.png,15,0.4472135954999643,0.4472135954999643
G0,W0082F0001T0006Z000C1N1.png,16,0.20203050891044144,0.20203050891044144
G0,W0082F0001T0006Z000C1N1.png,17,4.263051854142887,4.263051854142887
G0,W0082F0001T0006Z000C1N1.png,18,0.5,0.5
G0,W0082F0001T0006Z000C1N1.png,19,4.063275043807968,4.063275043807968
G0,W0082F0001T0006Z000C1N1.png,20,0.0,0.0
G0,W0082F0001T0006Z000C1N1.png,21,0.5548434370788047,0.5548434370788047
G0,W0082F0001T0006Z000C1N1.png,22,0.0,0.0
G0,W0082F0001T0006Z000C1N1.png,23,5.019488646484755,13.420817530808854
G0,W0082F0001T0006Z000C1N1.png,24,7.908920306095091,7.908920306095091
G0,W0082F0001T0006Z000C1N1.png,25,0.4282417581929721,0.4282417581929721
G0,W0082F0001T0006Z000C1N1.png,26,2.5,2.692582403567252
G0,W0082F0001T0006Z000C1N1.png,27,6.4031242374328485,6.708203932499369
G0,W0082F0001T0006Z000C1N1.png,28,12.006971115643646,13.013422822367641
G0,W0082F0001T0006Z000C1N24.png,1,72.24956747275377,84.50443775329198
G0,W0082F0001T0006Z000C1N24.png,2,53.600373133029585,53.600373133029585
G0,W0082F0001T0006Z000C1N24.png,3,45.874958684662886,45.874958684662886
G0,W0082F0001T0006Z000C1N24.png,4,39.1184099881373,39.1184099881373
G0,W0082F0001T0006Z000C1N24.png,5,31.92632142919068,43.95099543810129
G0,W0082F0001T0006Z000C1N24.png,6,24.4492804192555,24.4492804192555
G0,W0082F0001T0006Z000C1N24.png,7,41.46383966783588,41.46383966783588
G0,W0082F0001T0006Z000C1N24.png,8,23.996548075225892,34.390121741174184
G0,W0082F0001T0006Z000C1N24.png,9,39.43082707041268,50.0178980311727
G0,W0082F0001T0006Z000C1N24.png,10,43.20619339781039,43.20619339781039
G0,W0082F0001T0006Z000C1N24.png,11,10.0,10.0
G0,W0082F0001T0006Z000C1N24.png,12,14.317821063276353,14.866068747318506
G0,W0082F0001T0006Z000C1N24.png,13,42.54174420495709,44.34636399976891
G0,W0082F0001T0006Z000C1N24.png,14,30.836918710460605,33.308390667951656
G0,W0082F0001T0006Z000C1N24.png,15,3.605551275463989,10.770329614269007
G0,W0082F0001T0006Z000C1N24.png,16,0.47140452079102496,0.47140452079102496
G0,W0082F0001T0006Z000C1N24.png,17,7.433034373659253,20.05617112013158
G0,W0082F0001T0006Z000C1N24.png,18,13.038404810405298,28.635642126552707
G0,W0082F0001T0006Z000C1N24.png,19,8.514693182963201,30.504098085339287
G0,W0082F0001T0006Z000C1N24.png,20,4.407246613780694,32.870601672218115
G0,W0082F0001T0006Z000C1N24.png,21,17.601337830562915,44.10730270883875
G0,W0082F0001T0006Z000C1N24.png,22,26.438222176173934,78.867752909409
G0,W0082F0001T0006Z000C1N30.png,1,5.445462443584546,5.445462443584546
G0,W0082F0001T0006Z000C1N30.png,2,14.816586988912123,14.816586988912123
G0,W0082F0001T0006Z000C1N30.png,3,0.7142857142857135,0.7142857142857135
G0,W0082F0001T0006Z000C1N30.png,4,8.0156097709407,9.013878188659973
G0,W0082F0001T0006Z000C1N30.png,5,5.169354139756941,5.835713800003868
G0,W0082F0001T0006Z000C1N30.png,6,0.18181818181817988,0.18181818181817988
G0,W0082F0001T0006Z000C1N30.png,7,1.1785113019775775,1.1785113019775775
G0,W0082F0001T0006Z000C1N30.png,8,7.432361670424815,7.432361670424815
G0,W0082F0001T0006Z000C1N30.png,9,10.0,10.0
G0,W0082F0001T0006Z000C1N30.png,10,0.45069390943299864,0.45069390943299864
G0,W0082F0001T0006Z000C1N30.png,11,6.993162445392948,6.993162445392948
G0,W0082F0001T0006Z000C1N30.png,12,0.44721359549995954,0.44721359549995954
G0,W0082F0001T0006Z000C1N30.png,13,0.8498365855987994,0.8498365855987994
G0,W0082F0001T0006Z000C1N30.png,14,0.49913419848462504,0.49913419848462504
G0,W0082F0001T0006Z000C1N30.png,15,0.5423261445466359,0.5423261445466359
G0,W0082F0001T0006Z000C1N30.png,16,0.25,0.25
G0,W0082F0001T0006Z000C1N30.png,17,0.5,0.5
G0,W0082F0001T0006Z000C1N30.png,18,0.0,0.0
G0,W0082F0001T0006Z000C1N30.png,19,0.20000000000000284,0.20000000000000284
G0,W0082F0001T0006Z000C1N30.png,20,0.0,0.0
G0,W0082F0001T0006Z000C1N30.png,21,0.09999999999999432,0.09999999999999432
G0,W0082F0001T0006Z000C1N30.png,22,0.5,0.5
G0,W0082F0001T0006Z000C1N30.png,23,0.48892548934019786,0.48892548934019786
G0,W0082F0001T0006Z000C1N30.png,24,0.2857142857142918,0.2857142857142918
G0,W0082F0001T0006Z000C1N30.png,25,0.41666666666666285,0.41666666666666285
G0,W0082F0001T0006Z000C1N30.png,26,7.3641975094831365,7.3641975094831365
G0,W0082F0001T0006Z000C1N30.png,27,0.7071067811865476,0.7071067811865476
G0,W0082F0001T0006Z000C1N30.png,28,0.7071067811865476,0.7071067811865476
G0,W0082F0001T0006Z000C1N30.png,29,4.031128874149275,4.031128874149275
G0,W0082F0001T0006Z000C1N30.png,30,1.0307764064044151,1.0307764064044151
G0,W0082F0001T0006Z000C1N30.png,31,0.7071067811865476,0.7071067811865476
G0,W0082F0001T0006Z000C1N30.png,32,0.3605551275463967,0.3605551275463967
G0,W0082F0001T0006Z000C1N30.png,33,2.1213203435596424,2.1213203435596424
G0,W0082F0001T0006Z000C1N30.png,34,0.3353846347458301,0.3353846347458301
G0,W0082F0001T0006Z000C1N30.png,35,0.2357022603955175,0.2357022603955175
G0,W0082F0001T0006Z000C1N30.png,36,0.35136418446314976,0.35136418446314976
G0,W0082F0001T0006Z000C1N30.png,37,0.7071067811865476,0.7071067811865476
G0,W0082F0001T0006Z000C1N30.png,38,0.7071067811865476,0.7071067811865476
G0,W0082F0001T0006Z000C1N30.png,39,0.23570226039552256,0.23570226039552256
G0,W0082F0001T0006Z000C1N30.png,40,0.0,0.0
G0,W0082F0001T0006Z000C1N30.png,41,0.0,0.0
G0,W0082F0001T0006Z000C1N30.png,42,0.4472135954999643,0.4472135954999643
G0,W0082F0001T0006Z000C1N30.png,43,1.4907119849998578,1.4907119849998578
G0,W0082F0001T0006Z000C1N30.png,44,0.5821022034029828,0.5821022034029828
G0,W0082F0001T0006Z000C1N30.png,45,0.47140452079102496,0.47140452079102496
G0,W0082F0001T0006Z000C1N30.png,46,1.8027756377319946,1.8027756377319946
G0,W0082F0003T0006Z000C1N90.png,1,0.3726779962499649,0.3726779962499649
G0,W0082F0003T0006Z000C1N90.png,2,0.23570226039551423,0.23570226039551423
G0,W0082F0003T0006Z000C1N90.png,3,0.611528365776076,0.611528365776076
G0,W0082F0003T0006Z000C1N90.png,4,0.16545704293819402,0.16545704293819402
G0,W0082F0003T0006Z000C1N90.png,5,0.5758755534498964,0.5758755534498964
G0,W0082F0003T0006Z000C1N90.png,6,0.38131963485137266,0.38131963485137266
G0,W0082F0003T0006Z000C1N90.png,7,0.07233518641434526,0.07233518641434526
G0,W0082F0003T0006Z000C1N90.png,8,0.25,0.25
G0,W0082F0003T0006Z000C1N90.png,9,0.5150787536377021,0.5150787536377021
G0,W0082F0003T0006Z000C1N90.png,10,0.0,0.0
G0,W0082F0003T0006Z000C1N90.png,11,0.3657718722099883,0.3657718722099883
G0,W0082F0003T0006Z000C1N90.png,12,0.4166477697906904,0.4166477697906904
G0,W0082F0003T0006Z000C1N90.png,13,0.7071067811865476,0.7071067811865476
G0,W0082F0003T0006Z000C1N90.png,14,0.7071067811865476,0.7071067811865476
G0,W0082F0003T0006Z000C1N90.png,15,0.6009252125773329,0.6009252125773329
G0,W0082F0003T0006Z000C1N90.png,16,0.28284271247462306,0.28284271247462306
G0,W0082F0003T0006Z000C1N90.png,17,0.3854691379069996,0.3854691379069996
G0,W0082F0003T0006Z000C1N90.png,18,0.5,0.5
G0,W0082F0003T0006Z000C1N90.png,19,0.4666321744566234,0.4666321744566234
G0,W0082F0003T0006Z000C1N90.png,20,0.24325212770526358,0.24325212770526358
G0,W0082F0003T0006Z000C1N90.png,21,0.5,0.5
G0,W0082F0003T0006Z000C1N90.png,22,0.7071067811865476,0.7071067811865476
G0,W0082F0003T0006Z000C1N90.png,23,0.5429406786186358,0.5429406786186358
G0,W0082F0003T0006Z000C1N90.png,24,0.0,0.0
G0,W0082F0003T0006Z000C1N90.png,25,0.26679684322636904,0.26679684322636904
G0,W0082F0003T0006Z000C1N90.png,26,0.5,0.5
G0,W0082F0003T0006Z000C1N90.png,27,0.0,0.0
G0,W0082F0003T0006Z000C1N90.png,28,0.0,0.0
G0,W0082F0003T0006Z000C1N90.png,29,0.25,0.25
G0,W0082F0003T0006Z000C1N90.png,30,0.48562090605646235,0.48562090605646235
G0,W0082F0003T0006Z000C1N90.png,31,0.40084975901273223,0.40084975901273223
G0,W0082F0003T0006Z000C1N90.png,32,0.1767766952966369,0.1767766952966369
G0,W0082F0003T0006Z000C1N90.png,33,0.35136418446314976,0.35136418446314976
G0,W0082F0003T0006Z000C1N90.png,34,0.6009252125773289,0.6009252125773289
G0,W0082F0003T0006Z000C1N90.png,35,0.2857142857142847,0.2857142857142847
G0,W0082F0003T0006Z000C1N90.png,36,0.4817854374085428,0.4817854374085428
G0,W0082F0003T0006Z000C1N90.png,37,0.5955428450387255,0.5955428450387255
G0,W0082F0003T0006Z000C1N90.png,38,0.35600015605489266,0.35600015605489266
G0,W0082F0003T0006Z000C1N90.png,39,0.7071067811865476,0.7071067811865476
G0,W0082F0003T0006Z000C1N90.png,40,0.5145349625722102,0.5145349625722102
G0,W0082F0003T0006Z000C1N90.png,41,0.471404520791035,0.471404520791035
G0,W0082F0003T0006Z000C1N90.png,42,0.2999423243289905,0.2999423243289905
G0,W0082F0003T0006Z000C1N90.png,43,0.35136418446314976,0.35136418446314976
G0,W0082F0003T0006Z000C1N90.png,44,0.4304128233309376,0.4304128233309376
G0,W0082F0003T0006Z000C1N90.png,45,0.7071067811865476,0.7071067811865476
G0,W0082F0003T0006Z000C1N90.png,46,0.33957607286550745,0.33957607286550745
G0,W0082F0003T0006Z000C1N90.png,47,0.45175395145262626,0.45175395145262626
G0,W0082F0003T0006Z000C1N90.png,48,0.1994505484123947,0.1994505484123947
G0,W0082F0003T0006Z000C1N90.png,49,0.0,0.0
G0,W0082F0003T0006Z000C1N90.png,50,0.5060191333554518,0.5060191333554518
G0,W0082F0003T0006Z000C1N90.png,51,0.43005694924258453,0.43005694924258453
G0,W0082F0003T0006Z000C1N90.png,52,0.23570226039552256,0.23570226039552256
G0,W0082F0003T0006Z000C1N90.png,53,0.5,0.5
G0,W0082F0003T0006Z000C1N90.png,54,0.5952380952380978,0.5952380952380978
G0,W0082F0003T0006Z000C1N90.png,55,0.5150787536377178,0.5150787536377178
G0,W0082F0003T0006Z000C1N90.png,56,0.0,0.0
G0,W0082F0003T0006Z000C1N90.png,57,0.38653367773542047,0.38653367773542047
G0,W0082F0003T0006Z000C1N90.png,58,0.35136418446314976,0.35136418446314976
G0,W0082F0003T0006Z000C1N90.png,59,0.0,0.0
G0,W0082F0003T0006Z000C1N90.png,60,0.2484519974999837,0.2484519974999837
G0,W0082F0003T0006Z000C1N90.png,61,0.0,0.0
G0,W0082F0003T0006Z000C1N90.png,62,0.5,0.5
G0,W0082F0003T0006Z000C1N90.png,63,0.0,0.0
G0,W0082F0003T0006Z000C1N90.png,64,0.4242640687119345,0.4242640687119345
G0,W0082F0003T0006Z000C1N90.png,65,0.0,0.0
G0,W0082F0003T0006Z000C1N90.png,66,0.0,0.0
G0,W0082F0003T0006Z000C1N90.png,67,0.5,0.5
G0,W0082F0003T0006Z000C1N90.png,68,0.0,0.0
G0,W0082F0003T0006Z000C1N90.png,69,0.5590169943749475,0.5590169943749475
G0,W0082F0003T0006Z000C1N90.png,70,0.471404520791035,0.471404520791035
G0,W0082F0003T0006Z000C1N90.png,71,0.5000000000000113,0.5000000000000113
G0,W0082F0003T0006Z000C1N90.png,72,0.1767766952966369,0.1767766952966369
G0,W0082F0003T0006Z000C1N90.png,73,0.5,0.5
G0,W0082F0003T0006Z000C1N90.png,74,0.55555555555556,0.55555555555556
G0,W0082F0003T0006Z000C1N90.png,75,0.1666666666666714,0.1666666666666714
G0,W0082F0003T0006Z000C1N90.png,76,0.20000000000000284,0.20000000000000284
G0,W0082F0003T0006Z000C1N90.png,77,0.25,0.25
G0,W0082F0002T0006Z000C1N96.png,1,12.539936203984453,108.46312737515916
G0,W0082F0002T0006Z000C1N96.png,2,1.5,119.1270330361669
G0,W0082F0002T0006Z000C1N96.png,3,10.295630140987,107.64757312638311
G0,W0082F0002T0006Z000C1N96.png,4,20.670026608594387,97.24325169388362
G0,W0082F0002T0006Z000C1N96.png,5,25.942243542145693,51.884487084291386
G0,W0082F0002T0006Z000C1N96.png,6,19.813014802284776,52.86670870111823
G0,W0082F0002T0006Z000C1N96.png,7,9.219544457292887,51.61395160225576
G0,W0082F0002T0006Z000C1N96.png,8,29.300170647967224,29.300170647967224
G0,W0082F0002T0006Z000C1N96.png,9,46.48058136947562,105.77229210798912
G0,W0082F0002T0006Z000C1N96.png,10,18.97076698502198,18.97076698502198
G0,W0082F0002T0006Z000C1N96.png,11,14.300349646075091,14.300349646075091
G0,W0082F0002T0006Z000C1N96.png,12,27.060118255469618,85.77441343431035
G0,W0082F0002T0006Z000C1N96.png,13,16.04461754190843,16.04461754190843
G0,W0082F0002T0006Z000C1N96.png,14,9.486832980505138,9.486832980505138
G0,W0082F0002T0006Z000C1N96.png,15,11.086127467345046,52.1609901064856
G0,W0082F0002T0006Z000C1N96.png,16,0.3809523809523796,0.3809523809523796
G0,W0082F0002T0006Z000C1N96.png,17,44.22951503238533,105.14394894619471
G0,W0082F0002T0006Z000C1N96.png,18,16.656585131858435,16.656585131858435
G0,W0082F0002T0006Z000C1N96.png,19,32.82747860863752,91.08648974989896
G0,W0082F0002T0006Z000C1N96.png,20,21.594497309490368,76.33273184167604
G0,W0082F0002T0006Z000C1N96.png,21,15.60666207856657,20.701881586816395
G0,W0082F0002T0006Z000C1N96.png,22,42.189320633428125,55.36962992803318
G0,W0082F0002T0006Z000C1N96.png,23,43.81852413881311,87.92826696162321
G0,W0082F0002T0006Z000C1N96.png,24,58.73652689627413,99.81257946976504
G0,W0082F0002T0006Z000C1N96.png,25,68.54735129090422,68.6801397146282
G0,W0082F0002T0006Z000C1N96.png,26,59.79373880265392,64.87596781551703
G0,W0082F0002T0006Z000C1N96.png,27,67.97793759742936,70.09279563550022
G0,W0082F0002T0006Z000C1N96.png,28,73.18640584152223,74.47986305035744
G0,W0082F0001T0006Z000C1N18.png,1,38.3605428793702,38.3605428793702
G0,W0082F0001T0006Z000C1N18.png,2,5.5901699437494745,5.5901699437494745
G0,W0082F0001T0006Z000C1N18.png,3,2.8720238003991505,2.8720238003991505
G0,W0082F0001T0006Z000C1N18.png,4,0.7071067811865476,0.7071067811865476
G0,W0082F0001T0006Z000C1N18.png,5,0.587220219514706,0.587220219514706
G0,W0082F0001T0006Z000C1N18.png,6,0.3605551275463981,0.3605551275463981
G0,W0082F0001T0006Z000C1N18.png,7,0.6000923289995478,0.6000923289995478
G0,W0082F0001T0006Z000C1N18.png,8,0.2986021388258666,0.2986021388258666
G0,W0082F0001T0006Z000C1N18.png,9,3.640054944640259,3.640054944640259
G0,W0082F0001T0006Z000C1N18.png,10,0.4472135954999643,0.4472135954999643
G0,W0082F0001T0006Z000C1N18.png,11,0.18856180831641703,0.18856180831641703
G0,W0082F0001T0006Z000C1N18.png,12,0.0,0.0
G0,W0082F0001T0006Z000C1N18.png,13,0.0,0.0
G0,W0082F0001T0006Z000C1N18.png,14,5.5901699437494745,5.5901699437494745
G0,W0082F0001T0006Z000C1N18.png,15,39.019097888085525,39.019097888085525
G0,W0082F0001T0006Z000C1N18.png,16,4.436103283928255,4.436103283928255
G0,W0082F0001T0006Z000C1N18.png,17,25.833870962147525,25.833870962147525
G0,W0082F0001T0006Z000C1N18.png,18,0.25,0.25
G0,W0082F0001T0006Z000C1N18.png,19,2.7613402542968153,2.7613402542968153
G0,W0082F0001T0006Z000C1N18.png,20,0.39528470752104744,0.39528470752104744
G0,W0082F0001T0006Z000C1N18.png,21,18.501689112078395,18.501689112078395
G0,W0082F0001T0006Z000C1N18.png,22,0.5758755534498994,0.5758755534498994
G0,W0082F0001T0006Z000C1N18.png,23,17.220990099294525,17.220990099294525
G0,W0082F0001T0006Z000C1N18.png,24,34.41378563853894,34.41378563853894
G0,W0082F0001T0006Z000C1N18.png,25,0.4499770425732552,0.4499770425732552
G0,W0082F0001T0006Z000C1N18.png,26,6.519202405202649,6.519202405202649
G0,W0082F0001T0006Z000C1N18.png,27,0.4472135954999579,0.4472135954999579
G0,W0082F0001T0006Z000C1N18.png,28,3.1677629681247037,3.1677629681247037
G0,W0082F0001T0006Z000C1N18.png,29,0.5,0.5
G0,W0082F0001T0006Z000C1N18.png,30,0.48523918196277727,0.48523918196277727
G0,W0082F0001T0006Z000C1N18.png,31,0.15713484026368169,0.15713484026368169
G0,W0082F0001T0006Z000C1N18.png,32,0.4055175020198863,0.4055175020198863
G0,W0082F0001T0006Z000C1N18.png,33,0.2067245576486831,0.2067245576486831
G0,W0082F0001T0006Z000C1N18.png,34,0.4166666666666686,0.4166666666666686
G0,W0082F0001T0006Z000C1N18.png,35,0.25,0.25
G0,W0082F0001T0006Z000C1N18.png,36,8.25892708184362,8.25892708184362
G0,W0082F0001T0006Z000C1N18.png,37,0.1767766952966369,0.1767766952966369
G0,W0082F0001T0006Z000C1N18.png,38,3.092329219213245,3.092329219213245
G0,W0082F0001T0006Z000C1N18.png,39,0.5821022034029872,0.5821022034029872
G0,W0082F0001T0006Z000C1N18.png,40,0.0,0.0
G0,W0082F0001T0006Z000C1N18.png,41,4.416863203174352,4.416863203174352
G0,W0082F0001T0006Z000C1N18.png,42,0.5,0.5
G0,W0082F0001T0006Z000C1N18.png,43,1.0,1.0
G0,W0082F0001T0006Z000C1N18.png,44,0.5223535063494477,0.5223535063494477
G0,W0082F0001T0006Z000C1N18.png,45,0.34359213546813955,0.34359213546813955
G0,W0082F0001T0006Z000C1N18.png,46,1.8027756377319946,1.8027756377319946
G0,W0082F0001T0006Z000C1N18.png,47,1.8802011195614154,1.8802011195614154
G0,W0082F0001T0006Z000C1N18.png,48,0.5000000000000028,0.5000000000000028
G0,W0082F0001T0006Z000C1N18.png,49,0.5385164807134515,0.5385164807134515
G0,W0082F0001T0006Z000C1N18.png,50,0.4472135954999516,0.4472135954999516
G0,W0082F0001T0006Z000C1N18.png,51,0.35136418446316325,0.35136418446316325
G0,W0082F0001T0006Z000C1N18.png,52,0.23570226039550243,0.23570226039550243
G0,W0082F0001T0006Z000C1N18.png,53,0.5153882032022076,0.5153882032022076
G0,W0082F0001T0006Z000C1N18.png,54,3.3333333333333286,3.3333333333333286
G0,W0082F0001T0006Z000C1N18.png,55,0.5913682829884994,0.5913682829884994
G0,W0082F0001T0006Z000C1N18.png,56,0.2773500981126146,0.2773500981126146
G0,W0082F0001T0006Z000C1N18.png,57,6.5,6.5
G0,W0082F0001T0006Z000C1N18.png,58,0.1767766952966369,0.1767766952966369
G0,W0082F0001T0006Z000C1N18.png,59,0.2857142857142776,0.2857142857142776
G0,W0082F0001T0006Z000C1N18.png,60,0.471404520791035,0.471404520791035
G0,W0082F0001T0006Z000C1N18.png,61,0.25,0.25
G0,W0082F0002T0006Z000C1N82.png,1,47.9827643952737,49.97789634885396
G0,W0082F0002T0006Z000C1N82.png,2,31.243150360430114,31.42400002828694
G0,W0082F0002T0006Z000C1N82.png,3,31.777286202055503,31.777286202055503
G0,W0082F0002T0006Z000C1N82.png,4,59.04678222688753,59.04678222688753
G0,W0082F0002T0006Z000C1N82.png,5,20.303814862216992,48.10214471861533
G0,W0082F0002T0006Z000C1N82.png,6,9.58290307005137,12.637524727967895
G0,W0082F0002T0006Z000C1N82.png,7,29.841246622753548,29.841246622753548
G0,W0082F0002T0006Z000C1N82.png,8,17.84086644337549,17.84086644337549
G0,W0082F0002T0006Z000C1N82.png,9,0.924628720949625,0.924628720949625
G0,W0082F0002T0006Z000C1N82.png,10,33.41357529341762,33.41357529341762
G0,W0082F0002T0006Z000C1N82.png,11,0.9999999999999943,0.9999999999999943
G0,W0082F0002T0006Z000C1N82.png,12,15.008331019803634,25.30316185775999
G0,W0082F0002T0006Z000C1N82.png,13,40.04084828334685,40.04084828334685
G0,W0082F0002T0006Z000C1N82.png,14,11.279282877125754,24.369835635245657
G0,W0082F0002T0006Z000C1N82.png,15,12.192515714419507,12.192515714419507
G0,W0082F0002T0006Z000C1N82.png,16,18.117670931993437,31.51586901863885
G0,W0082F0002T0006Z000C1N82.png,17,16.719914938645942,17.67924080823483
G0,W0082F0002T0006Z000C1N82.png,18,1.118033988749895,1.118033988749895
G0,W0082F0002T0006Z000C1N82.png,19,12.285714285714285,12.285714285714285
G0,W0082F0002T0006Z000C1N82.png,20,0.5,0.5
G0,W0082F0002T0006Z000C1N82.png,21,14.807092894960848,20.303940504246953
G0,W0082F0002T0006Z000C1N82.png,22,5.869678440936948,20.129657846073787
G0,W0082F0002T0006Z000C1N82.png,23,0.3642156795423384,0.3642156795423384
G0,W0082F0002T0006Z000C1N82.png,24,6.363961030678928,19.50640920313116
G0,W0082F0002T0006Z000C1N82.png,25,0.5270462766947297,0.5270462766947297
G0,W0082F0002T0006Z000C1N82.png,26,15.297058540778355,15.297058540778355
G0,W0082F0002T0006Z000C1N82.png,27,10.590921953987191,14.016481209009156
G0,W0082F0002T0006Z000C1N82.png,28,1.3416407864998738,1.3416407864998738
G0,W0082F0002T0006Z000C1N82.png,29,15.652475842498527,15.652475842498527
G0,W0082F0002T0006Z000C1N82.png,30,9.055385138137426,9.929753269845138
G0,W0082F0002T0006Z000C1N82.png,31,25.400915940419246,25.400915940419246
G0,W0082F0002T0006Z000C1N82.png,32,14.002915148391823,16.002550817074795
G0,W0082F0003T0006Z000C1N84.png,1,5.018333734357228,5.018333734357228
G0,W0082F0003T0006Z000C1N84.png,2,1.0604562574894116,1.0604562574894116
G0,W0082F0003T0006Z000C1N84.png,3,1.6138682217328373,1.6138682217328373
G0,W0082F0003T0006Z000C1N84.png,4,3.255764119219934,3.255764119219934
G0,W0082F0003T0006Z000C1N84.png,5,12.148173731059332,12.148173731059332
G0,W0082F0003T0006Z000C1N84.png,6,0.4865042554105204,0.4865042554105204
G0,W0082F0003T0006Z000C1N84.png,7,0.0,0.0
G0,W0082F0003T0006Z000C1N84.png,8,0.25,0.25
G0,W0082F0003T0006Z000C1N84.png,9,0.6292204441584405,0.6292204441584405
G0,W0082F0003T0006Z000C1N84.png,10,0.1767766952966369,0.1767766952966369
G0,W0082F0003T0006Z000C1N84.png,11,1.0734777923353245,1.0734777923353245
G0,W0082F0003T0006Z000C1N84.png,12,6.800735254367722,6.800735254367722
G0,W0082F0003T0006Z000C1N84.png,13,0.7071067811865476,0.7071067811865476
G0,W0082F0003T0006Z000C1N84.png,14,7.433034373659253,7.433034373659253
G0,W0082F0003T0006Z000C1N84.png,15,0.7546154281781183,0.7546154281781183
G0,W0082F0003T0006Z000C1N84.png,16,0.7142857142857153,0.7142857142857153
G0,W0082F0003T0006Z000C1N84.png,17,0.34359213546813955,0.34359213546813955
G0,W0082F0003T0006Z000C1N84.png,18,0.2357022603955175,0.2357022603955175
G0,W0082F0003T0006Z000C1N84.png,19,7.117096404046372,7.117096404046372
G0,W0082F0003T0006Z000C1N84.png,20,0.1488645855129616,0.1488645855129616
G0,W0082F0003T0006Z000C1N84.png,21,6.708203932499369,6.708203932499369
G0,W0082F0003T0006Z000C1N84.png,22,9.684071974123283,9.684071974123283
G0,W0082F0003T0006Z000C1N84.png,23,0.6009252125773289,0.6009252125773289
G0,W0082F0003T0006Z000C1N84.png,24,0.47140452079103,0.47140452079103
G0,W0082F0003T0006Z000C1N84.png,25,1.1641432866433274,1.1641432866433274
G0,W0082F0003T0006Z000C1N84.png,26,0.5099019513592787,0.5099019513592787
G0,W0082F0003T0006Z000C1N84.png,27,0.2857142857142918,0.2857142857142918
G0,W0082F0003T0006Z000C1N84.png,28,0.3367840809326024,0.3367840809326024
G0,W0082F0003T0006Z000C1N84.png,29,0.4895604370122257,0.4895604370122257
G0,W0082F0003T0006Z000C1N84.png,30,0.20000000000000284,0.20000000000000284
G0,W0082F0003T0006Z000C1N84.png,31,9.192388155425117,9.192388155425117
G0,W0082F0003T0006Z000C1N84.png,32,0.7546154281781183,0.7546154281781183
G0,W0082F0003T0006Z000C1N84.png,33,0.24295632895188346,0.24295632895188346
G0,W0082F0003T0006Z000C1N84.png,34,0.23570226039552256,0.23570226039552256
G0,W0082F0003T0006Z000C1N84.png,35,0.786165094338055,0.786165094338055
G0,W0082F0003T0006Z000C1N84.png,36,0.1767766952966369,0.1767766952966369
G0,W0082F0003T0006Z000C1N84.png,37,0.47140452079102496,0.47140452079102496
G0,W0082F0003T0006Z000C1N84.png,38,0.31943828249996725,0.31943828249996725
G0,W0082F0003T0006Z000C1N84.png,39,0.3299831645537235,0.3299831645537235
G0,W0082F0003T0006Z000C1N84.png,40,1.2999999999999894,1.2999999999999894
G0,W0082F0003T0006Z000C1N84.png,41,0.4472135954999579,0.4472135954999579
G0,W0082F0003T0006Z000C1N84.png,42,0.1767766952966369,0.1767766952966369
G0,W0082F0003T0006Z000C1N84.png,43,0.43705881545081277,0.43705881545081277
G0,W0082F0003T0006Z000C1N84.png,44,0.10163945352272061,0.10163945352272061
G0,W0082F0003T0006Z000C1N84.png,45,0.39267672624930133,0.39267672624930133
G0,W0082F0003T0006Z000C1N84.png,46,0.9440134700850218,0.9440134700850218
G0,W0082F0003T0006Z000C1N84.png,47,0.3748277841470569,0.3748277841470569
G0,W0082F0003T0006Z000C1N84.png,48,0.0,0.0
G0,W0082F0003T0006Z000C1N84.png,49,0.2357022603955175,0.2357022603955175
G0,W0082F0003T0006Z000C1N84.png,50,0.5,0.5
G0,W0082F0003T0006Z000C1N84.png,51,0.4472135954999643,0.4472135954999643
G0,W0082F0003T0006Z000C1N84.png,52,0.37267799624996284,0.37267799624996284
G0,W0082F0003T0006Z000C1N84.png,53,0.45069390943299864,0.45069390943299864
G0,W0082F0003T0006Z000C1N84.png,54,0.0,0.0
G0,W0082F0003T0006Z000C1N84.png,55,0.41649656391752177,0.41649656391752177
G0,W0082F0003T0006Z000C1N84.png,56,0.0,0.0
G0,W0082F0003T0006Z000C1N84.png,57,6.319516444210157,6.319516444210157
G0,W0082F0003T0006Z000C1N84.png,58,0.4142434467026586,0.4142434467026586
G0,W0082F0003T0006Z000C1N84.png,59,1.5876590178702714,1.5876590178702714
G0,W0082F0003T0006Z000C1N84.png,60,1.0883218478209653,1.0883218478209653
G0,W0082F0003T0006Z000C1N84.png,61,7.648529270389178,7.648529270389178
G0,W0082F0003T0006Z000C1N84.png,62,0.0,0.0
G0,W0082F0003T0006Z000C1N84.png,63,0.0,0.0
G0,W0082F0003T0006Z000C1N84.png,64,0.40908060180789413,0.40908060180789413
G0,W0082F0003T0006Z000C1N84.png,65,9.750801249128196,9.750801249128196
G0,W0082F0003T0006Z000C1N84.png,66,0.5,0.5
G0,W0082F0003T0006Z000C1N84.png,67,0.5172413793103487,0.5172413793103487
G0,W0082F0003T0006Z000C1N84.png,68,19.78004044485248,19.78004044485248
G0,W0082F0002T0006Z000C1N69.png,1,46.51290223114977,46.51290223114977
G0,W0082F0002T0006Z000C1N69.png,2,30.610455730027933,30.610455730027933
G0,W0082F0002T0006Z000C1N69.png,3,22.163934668736054,22.163934668736054
G0,W0082F0002T0006Z000C1N69.png,4,16.0822883943797,16.0822883943797
G0,W0082F0002T0006Z000C1N69.png,5,10.259142264341596,10.259142264341596
G0,W0082F0002T0006Z000C1N69.png,6,0.466476151587622,0.466476151587622
G0,W0082F0002T0006Z000C1N69.png,7,23.16246964380094,23.16246964380094
G0,W0082F0002T0006Z000C1N69.png,8,20.426698215815495,20.426698215815495
G0,W0082F0002T0006Z000C1N69.png,9,24.915858403835895,24.915858403835895
G0,W0082F0002T0006Z000C1N69.png,10,15.859716650838942,15.859716650838942
G0,W0082F0002T0006Z000C1N69.png,11,1.4142135623730951,1.4142135623730951
G0,W0082F0002T0006Z000C1N69.png,12,1.118033988749895,1.118033988749895
G0,W0082F0002T0006Z000C1N69.png,13,0.47140452079102496,0.47140452079102496
G0,W0082F0002T0006Z000C1N69.png,14,15.366769341667109,15.366769341667109
G0,W0082F0002T0006Z000C1N69.png,15,19.474342094150447,19.474342094150447
G0,W0082F0002T0006Z000C1N69.png,16,0.0,0.0
G0,W0082F0002T0006Z000C1N69.png,17,9.7082439194738,9.7082439194738
G0,W0082F0002T0006Z000C1N69.png,18,0.4472135954999579,0.4472135954999579
G0,W0082F0002T0006Z000C1N69.png,19,15.297058540778355,15.297058540778355
G0,W0082F0002T0006Z000C1N69.png,20,0.5,0.5
G0,W0082F0002T0006Z000C1N69.png,21,14.683701243420728,14.683701243420728
G0,W0082F0002T0006Z000C1N69.png,22,21.095187708205977,21.095187708205977
G0,W0082F0002T0006Z000C1N69.png,23,26.076809620810597,26.076809620810597
G0,W0082F0002T0006Z000C1N69.png,24,16.811900546933998,16.811900546933998
G0,W0082F0002T0006Z000C1N69.png,25,6.714495099740882,6.714495099740882
G0,W0082F0002T0006Z000C1N69.png,26,0.6527139518644981,0.6527139518644981
G0,W0082F0002T0006Z000C1N69.png,27,0.3905124837953415,0.3905124837953415
G0,W0082F0003T0006Z000C1N53.png,1,10.101565082821237,10.101565082821237
G0,W0082F0003T0006Z000C1N53.png,2,11.61577712596924,18.768886643229454
G0,W0082F0003T0006Z000C1N53.png,3,0.27735009811261657,0.27735009811261657
G0,W0082F0003T0006Z000C1N53.png,4,7.0710678118654755,7.0710678118654755
G0,W0082F0003T0006Z000C1N53.png,5,3.127499000799201,3.127499000799201
G0,W0082F0003T0006Z000C1N53.png,6,0.0,0.0
G0,W0082F0003T0006Z000C1N53.png,7,4.123105625617661,6.4031242374328485
G0,W0082F0003T0006Z000C1N53.png,8,0.6324555320336781,0.6324555320336781
G0,W0082F0003T0006Z000C1N53.png,9,0.3726779962499692,0.3726779962499692
G0,W0082F0003T0006Z000C1N53.png,10,2.142857142857142,2.142857142857142
G0,W0082F0003T0006Z000C1N53.png,11,7.214953607304458,7.706418681131264
G0,W0082F0003T0006Z000C1N53.png,12,0.47140452079102496,0.47140452079102496
G0,W0082F0003T0006Z000C1N53.png,13,9.414881836751858,9.414881836751858
G0,W0082F0002T0006Z000C1N55.png,1,0.7071067811865476,0.7071067811865476
G0,W0082F0002T0006Z000C1N55.png,2,0.2857142857142865,0.2857142857142865
G0,W0082F0002T0006Z000C1N55.png,3,0.414086662499962,0.414086662499962
G0,W0082F0002T0006Z000C1N55.png,4,0.5,0.5
G0,W0082F0002T0006Z000C1N55.png,5,0.23570226039551376,0.23570226039551376
G0,W0082F0002T0006Z000C1N55.png,6,0.1767766952966369,0.1767766952966369
G0,W0082F0002T0006Z000C1N55.png,7,0.4472135954999563,0.4472135954999563
G0,W0082F0002T0006Z000C1N55.png,8,0.2857142857142847,0.2857142857142847
G0,W0082F0002T0006Z000C1N55.png,9,0.5,0.5
G0,W0082F0002T0006Z000C1N55.png,10,0.0,0.0
G0,W0082F0002T0006Z000C1N55.png,11,0.0,0.0
G0,W0082F0002T0006Z000C1N55.png,12,0.7071067811865476,0.7071067811865476
G0,W0082F0002T0006Z000C1N55.png,13,0.44721359549995754,0.44721359549995754
G0,W0082F0002T0006Z000C1N55.png,14,0.29450754468697515,0.29450754468697515
G0,W0082F0002T0006Z000C1N55.png,15,0.5,0.5
G0,W0082F0002T0006Z000C1N55.png,16,0.582102203402985,0.582102203402985
G0,W0082F0002T0006Z000C1N55.png,17,7.363727982205643,7.363727982205643
G0,W0082F0002T0006Z000C1N55.png,18,8.514693182963201,8.514693182963201
G0,W0082F0002T0006Z000C1N55.png,19,0.7071067811865476,0.7071067811865476
G0,W0082F0002T0006Z000C1N55.png,20,1.0198039027185575,1.0198039027185575
G0,W0082F0002T0006Z000C1N55.png,21,0.4415947749953727,0.4415947749953727
G0,W0082F0002T0006Z000C1N55.png,22,0.7071067811865476,0.7071067811865476
G0,W0082F0002T0006Z000C1N55.png,23,0.4472135954999579,0.4472135954999579
G0,W0082F0002T0006Z000C1N55.png,24,0.375,0.375
G0,W0082F0002T0006Z000C1N55.png,25,0.0,0.0
G0,W0082F0002T0006Z000C1N55.png,26,0.5758755534498959,0.5758755534498959
G0,W0082F0002T0006Z000C1N55.png,27,0.0,0.0
G0,W0082F0002T0006Z000C1N55.png,28,0.5,0.5
G0,W0082F0002T0006Z000C1N55.png,29,0.5,0.5
G0,W0082F0002T0006Z000C1N55.png,30,0.25,0.25
G0,W0082F0002T0006Z000C1N55.png,31,0.5,0.5
G0,W0082F0002T0006Z000C1N55.png,32,0.7071067811865476,0.7071067811865476
G0,W0082F0002T0006Z000C1N55.png,33,0.5,0.5
G0,W0082F0002T0006Z000C1N55.png,34,0.07453559924998875,0.07453559924998875
G0,W0082F0002T0006Z000C1N55.png,35,0.3535533905932738,0.3535533905932738
G0,W0082F0002T0006Z000C1N55.png,36,0.565685424949241,0.565685424949241
G0,W0082F0002T0006Z000C1N55.png,37,0.44790320823880697,0.44790320823880697
G0,W0082F0002T0006Z000C1N55.png,38,1.2747548783981961,1.2747548783981961
G0,W0082F0002T0006Z000C1N55.png,39,0.18633899812498778,0.18633899812498778
G0,W0082F0002T0006Z000C1N55.png,40,4.816637831516916,4.816637831516916
G0,W0082F0002T0006Z000C1N55.png,41,0.490268101951765,0.490268101951765
G0,W0082F0002T0006Z000C1N55.png,42,0.659966329107447,0.659966329107447
G0,W0082F0002T0006Z000C1N55.png,43,5.0,5.0
G0,W0082F0002T0006Z000C1N55.png,44,0.5,0.5
G0,W0082F0002T0006Z000C1N55.png,45,0.2232968782694374,0.2232968782694374
G0,W0082F0002T0006Z000C1N55.png,46,0.45363605161420956,0.45363605161420956
G0,W0082F0002T0006Z000C1N55.png,47,0.0,0.0
G0,W0082F0002T0006Z000C1N55.png,48,3.267875815522836,3.267875815522836
G0,W0082F0002T0006Z000C1N55.png,49,0.47140452079103,0.47140452079103
G0,W0082F0002T0006Z000C1N55.png,50,10.817014953303891,10.817014953303891
G0,W0082F0002T0006Z000C1N55.png,51,23.58495283014151,23.58495283014151
G0,W0082F0002T0006Z000C1N55.png,52,0.5387480237611771,0.5387480237611771
G0,W0082F0002T0006Z000C1N55.png,53,7.28252403016976,7.443799852897712
G0,W0082F0002T0006Z000C1N55.png,54,5.70087712549569,5.70087712549569
G0,W0082F0002T0006Z000C1N55.png,55,7.96241169495775,7.96241169495775
G0,W0082F0002T0006Z000C1N55.png,56,10.062305898749054,10.062305898749054
G0,W0082F0002T0006Z000C1N41.png,1,67.36467917239716,
G0,W0082F0002T0006Z000C1N41.png,2,58.75311901578366,
G0,W0082F0002T0006Z000C1N41.png,3,47.4236228055175,
G0,W0082F0002T0006Z000C1N41.png,4,43.41658669218482,
G0,W0082F0002T0006Z000C1N41.png,5,35.33490562539478,
G0,W0082F0002T0006Z000C1N41.png,6,41.52575100126766,
G0,W0082F0002T0006Z000C1N41.png,7,25.495097567963924,
G0,W0082F0002T0006Z000C1N41.png,8,24.6437888022644,
G0,W0082F0002T0006Z000C1N41.png,9,43.58797130635413,
G0,W0082F0003T0006Z000C1N47.png,1,0.25,3.010398644698074
G0,W0082F0003T0006Z000C1N47.png,2,9.689627902499094,16.669999666733318
G0,W0082F0003T0006Z000C1N47.png,3,8.771291555726297,23.51174647324657
G0,W0082F0003T0006Z000C1N47.png,4,3.8078865529319543,9.82344135219425
G0,W0082F0003T0006Z000C1N47.png,5,0.36421567954234535,0.36421567954234535
G0,W0082F0003T0006Z000C1N47.png,6,14.221462653327892,14.221462653327892
G0,W0082F0003T0006Z000C1N47.png,7,23.990338308992875,23.990338308992875
G0,W0082F0003T0006Z000C1N47.png,8,0.8650259511678063,0.8650259511678063
G0,W0082F0003T0006Z000C1N47.png,9,4.713345414883138,31.478018123763754
G0,W0082F0003T0006Z000C1N47.png,10,20.869370192818426,23.82290100396881
G0,W0082F0003T0006Z000C1N47.png,11,11.800423721205947,17.356554957709783
G0,W0082F0003T0006Z000C1N47.png,12,15.167582389937946,32.12562148123451
G0,W0082F0003T0006Z000C1N47.png,13,21.277270083876424,45.43921458632646
G0,W0082F0002T0006Z000C1N157.png,1,0.5385164807134502,0.5385164807134502
G0,W0082F0002T0006Z000C1N157.png,2,0.2357022603955169,0.2357022603955169
G0,W0082F0002T0006Z000C1N157.png,3,0.3263736246748198,0.3263736246748198
G0,W0082F0002T0006Z000C1N157.png,4,0.3717747263252486,0.3717747263252486
G0,W0082F0002T0006Z000C1N157.png,5,0.5201456611805527,0.5201456611805527
G0,W0082F0002T0006Z000C1N157.png,6,0.4850712500726642,0.4850712500726642
G0,W0082F0002T0006Z000C1N157.png,7,0.42426406871192446,0.42426406871192446
G0,W0082F0002T0006Z000C1N157.png,8,0.2857142857142847,0.2857142857142847
G0,W0082F0002T0006Z000C1N157.png,9,0.3620214866367803,0.3620214866367803
G0,W0082F0002T0006Z000C1N157.png,10,0.13975424859373686,0.13975424859373686
G0,W0082F0002T0006Z000C1N157.png,11,0.4573660169594862,0.4573660169594862
G0,W0082F0002T0006Z000C1N157.png,12,0.6678230711206321,0.6678230711206321
G0,W0082F0002T0006Z000C1N157.png,13,0.5,0.5
G0,W0082F0002T0006Z000C1N157.png,14,0.34593268346255196,0.34593268346255196
G0,W0082F0002T0006Z000C1N157.png,15,0.2357022603955175,0.2357022603955175
G0,W0082F0002T0006Z000C1N157.png,16,0.5253498249388963,0.5253498249388963
G0,W0082F0002T0006Z000C1N157.png,17,1.0,1.0
G0,W0082F0002T0006Z000C1N157.png,18,0.5385164807134502,0.5385164807134502
G0,W0082F0002T0006Z000C1N157.png,19,0.6060915267313293,0.6060915267313293
G0,W0082F0002T0006Z000C1N157.png,20,0.44721359549995926,0.44721359549995926
G0,W0082F0002T0006Z000C1N157.png,21,0.3748277841470638,0.3748277841470638
G0,W0082F0002T0006Z000C1N157.png,22,0.42426406871192446,0.42426406871192446
G0,W0082F0002T0006Z000C1N157.png,23,0.5656854249492461,0.5656854249492461
G0,W0082F0002T0006Z000C1N157.png,24,0.2910511017015014,0.2910511017015014
G0,W0082F0002T0006Z000C1N157.png,25,0.5,0.5
G0,W0082F0002T0006Z000C1N157.png,26,0.47140452079102496,0.47140452079102496
G0,W0082F0002T0006Z000C1N157.png,27,0.45338235029118706,0.45338235029118706
G0,W0082F0002T0006Z000C1N157.png,28,0.0,0.0
G0,W0082F0002T0006Z000C1N157.png,29,5.1478150704935,5.70087712549569
G0,W0082F0002T0006Z000C1N157.png,30,0.4714045207910281,0.4714045207910281
G0,W0082F0002T0006Z000C1N157.png,31,0.44721359549996276,0.44721359549996276
G0,W0082F0002T0006Z000C1N157.png,32,0.7071067811865476,0.7071067811865476
G0,W0082F0002T0006Z000C1N157.png,33,0.4618651955895606,0.4618651955895606
G0,W0082F0002T0006Z000C1N157.png,34,0.4859126579037749,0.4859126579037749
G0,W0082F0002T0006Z000C1N157.png,35,0.20000000000000284,0.20000000000000284
G0,W0082F0002T0006Z000C1N157.png,36,0.2916666666666643,0.2916666666666643
G0,W0082F0002T0006Z000C1N157.png,37,0.7071067811865476,0.7071067811865476
G0,W0082F0002T0006Z000C1N157.png,38,0.48650425541052716,0.48650425541052716
G0,W0082F0002T0006Z000C1N157.png,39,0.14816369102733223,0.14816369102733223
G0,W0082F0002T0006Z000C1N157.png,40,0.41649656391751877,0.41649656391751877
G0,W0082F0002T0006Z000C1N157.png,41,0.5,0.5
G0,W0082F0002T0006Z000C1N157.png,42,0.3100868364730194,0.3100868364730194
G0,W0082F0002T0006Z000C1N157.png,43,0.4859126579037791,0.4859126579037791
G0,W0082F0002T0006Z000C1N157.png,44,0.2999846950488469,0.2999846950488469
G0,W0082F0002T0006Z000C1N157.png,45,0.4969039949999515,0.4969039949999515
G0,W0082F0002T0006Z000C1N157.png,46,0.4288946459026413,0.4288946459026413
G0,W0082F0002T0006Z000C1N157.png,47,0.2486587086526942,0.2486587086526942
G0,W0082F0002T0006Z000C1N157.png,48,0.43902592653775996,0.43902592653775996
G0,W0082F0002T0006Z000C1N157.png,49,0.7071067811865476,0.7071067811865476
