image,pbody_number,dist_nuclei,dist_mito,nuclei_std,mito_std,medicine,group
W0082F0001T0006Z000C1N11.png,1,41.15660033262248,40.9637423380314,5.769841129392417,5.664928781655258,DMSO,DMSO
W0082F0001T0006Z000C1N11.png,2,42.85633705318391,42.09488258180621,5.769841129392417,5.664928781655258,DMSO,DMSO
W0082F0001T0006Z000C1N11.png,3,34.1139522753398,33.22275787731303,5.769841129392417,5.664928781655258,DMSO,DMSO
W0082F0001T0006Z000C1N11.png,4,35.89303540006349,35.09020504548374,5.769841129392417,5.664928781655258,DMSO,DMSO
W0082F0001T0006Z000C1N11.png,5,44.18782139798616,43.412458635442285,5.769841129392417,5.664928781655258,DMSO,DMSO
W0082F0001T0006Z000C1N11.png,6,25.342271384690086,25.221346054825254,5.769841129392417,5.664928781655258,DMSO,DMSO
W0082F0001T0006Z000C1N11.png,7,34.924295057211744,35.17162400353879,5.769841129392417,5.664928781655258,DMSO,DMSO
W0082F0001T0006Z000C1N11.png,8,40.83290028905047,40.73484749903839,5.769841129392417,5.664928781655258,DMSO,DMSO
W0082F0001T0006Z000C1N13.png,1,16.338132661727727,18.755265042220003,10.566106547106772,13.612691300040485,DMSO,DMSO
W0082F0001T0006Z000C1N13.png,2,25.00061461341419,22.685176979496884,10.566106547106772,13.612691300040485,DMSO,DMSO
W0082F0001T0006Z000C1N13.png,3,36.06373808654647,35.792612521456306,10.566106547106772,13.612691300040485,DMSO,DMSO
W0082F0001T0006Z000C1N13.png,4,24.166091947189145,19.150482863980493,10.566106547106772,13.612691300040485,DMSO,DMSO
W0082F0001T0006Z000C1N13.png,5,39.30092538506503,33.5295462854535,10.566106547106772,13.612691300040485,DMSO,DMSO
W0082F0001T0006Z000C1N13.png,6,25.139044005629724,38.562438158805186,10.566106547106772,13.612691300040485,DMSO,DMSO
W0082F0001T0006Z000C1N13.png,7,40.108209922831975,49.897394680746245,10.566106547106772,13.612691300040485,DMSO,DMSO
W0082F0001T0006Z000C1N13.png,8,10.09415550249955,10.816653826391969,10.566106547106772,13.612691300040485,DMSO,DMSO
W0082F0001T0006Z000C1N13.png,9,26.289978349672097,4.392493429775566,10.566106547106772,13.612691300040485,DMSO,DMSO
W0082F0001T0006Z000C1N13.png,10,16.34393286952185,41.350668567624915,10.566106547106772,13.612691300040485,DMSO,DMSO
W0082F0001T0006Z000C1N13.png,11,5.8962818804639845,5.159836669410733,10.566106547106772,13.612691300040485,DMSO,DMSO
W0082F0001T0006Z000C1N13.png,12,11.253974775621847,18.906251209682285,10.566106547106772,13.612691300040485,DMSO,DMSO
W0082F0001T0006Z000C1N13.png,13,18.86640481084526,21.095023109728988,10.566106547106772,13.612691300040485,DMSO,DMSO
W0082F0001T0006Z000C1N21.png,1,18.64508067152902,17.808149078793374,11.478693959332277,10.835292903202276,DMSO,DMSO
W0082F0001T0006Z000C1N21.png,2,46.64546025419665,45.961566490855446,11.478693959332277,10.835292903202276,DMSO,DMSO
W0082F0001T0006Z000C1N21.png,3,54.66089175331926,53.049282215514054,11.478693959332277,10.835292903202276,DMSO,DMSO
W0082F0001T0006Z000C1N21.png,4,14.614175558656122,13.688147869170194,11.478693959332277,10.835292903202276,DMSO,DMSO
W0082F0001T0006Z000C1N21.png,5,10.12204030393532,10.605100816887921,11.478693959332277,10.835292903202276,DMSO,DMSO
W0082F0001T0006Z000C1N21.png,6,35.909241547355045,34.1663081615902,11.478693959332277,10.835292903202276,DMSO,DMSO
W0082F0001T0006Z000C1N21.png,7,11.449796966243257,12.303914855998759,11.478693959332277,10.835292903202276,DMSO,DMSO
W0082F0001T0006Z000C1N21.png,8,16.9411269131753,17.119763145000114,11.478693959332277,10.835292903202276,DMSO,DMSO
W0082F0001T0006Z000C1N21.png,9,34.50147176120623,33.42299136256351,11.478693959332277,10.835292903202276,DMSO,DMSO
W0082F0001T0006Z000C1N21.png,10,22.797337663755567,16.759428476126896,11.478693959332277,10.835292903202276,DMSO,DMSO
W0082F0001T0006Z000C1N21.png,11,21.876115050062158,20.493658413621894,11.478693959332277,10.835292903202276,DMSO,DMSO
W0082F0001T0006Z000C1N21.png,12,30.7337008402265,17.781368834430882,11.478693959332277,10.835292903202276,DMSO,DMSO
W0082F0001T0006Z000C1N21.png,13,28.20342053453351,27.337476883419452,11.478693959332277,10.835292903202276,DMSO,DMSO
W0082F0001T0006Z000C1N21.png,14,8.829771564454461,30.197098726848246,11.478693959332277,10.835292903202276,DMSO,DMSO
W0082F0001T0006Z000C1N21.png,15,30.508938080832742,23.268217926239874,11.478693959332277,10.835292903202276,DMSO,DMSO
W0082F0001T0006Z000C1N21.png,16,23.80921683305552,23.801491897365555,11.478693959332277,10.835292903202276,DMSO,DMSO
W0082F0001T0006Z000C1N21.png,17,22.21873855539304,23.588846364623503,11.478693959332277,10.835292903202276,DMSO,DMSO
W0082F0001T0006Z000C1N21.png,18,36.84277863422152,30.808618529314582,11.478693959332277,10.835292903202276,DMSO,DMSO
W0082F0001T0006Z000C1N21.png,19,31.897125767852216,29.609222607223646,11.478693959332277,10.835292903202276,DMSO,DMSO
W0082F0001T0006Z000C1N21.png,20,27.89064035857179,28.859709376757564,11.478693959332277,10.835292903202276,DMSO,DMSO
W0082F0001T0006Z000C1N21.png,21,18.621711712058367,18.415568716920166,11.478693959332277,10.835292903202276,DMSO,DMSO
W0082F0001T0006Z000C1N21.png,22,37.6911102575062,39.4618960680449,11.478693959332277,10.835292903202276,DMSO,DMSO
W0082F0001T0006Z000C1N21.png,23,16.641993835629417,16.21033926520656,11.478693959332277,10.835292903202276,DMSO,DMSO
W0082F0001T0006Z000C1N21.png,24,11.517415764714645,11.151695525832816,11.478693959332277,10.835292903202276,DMSO,DMSO
W0082F0001T0006Z000C1N21.png,25,47.15778807655839,46.7258085489941,11.478693959332277,10.835292903202276,DMSO,DMSO
W0082F0001T0006Z000C1N21.png,26,12.547399786371521,12.991920673156306,11.478693959332277,10.835292903202276,DMSO,DMSO
W0082F0001T0006Z000C1N21.png,27,36.56699993186731,36.180303842758995,11.478693959332277,10.835292903202276,DMSO,DMSO
W0082F0001T0006Z000C1N21.png,28,29.098950545695804,28.820027249959853,11.478693959332277,10.835292903202276,DMSO,DMSO
W0082F0001T0006Z000C1N21.png,29,21.19289852877299,21.341585787899273,11.478693959332277,10.835292903202276,DMSO,DMSO
W0082F0001T0006Z000C1N21.png,30,26.69149054104427,26.532030027621165,11.478693959332277,10.835292903202276,DMSO,DMSO
W0082F0001T0006Z000C1N22.png,1,18.51337900675468,19.384666496178287,10.521922806927334,10.162721939303689,DMSO,DMSO
W0082F0001T0006Z000C1N22.png,2,24.96198313394572,31.299172515957277,10.521922806927334,10.162721939303689,DMSO,DMSO
W0082F0001T0006Z000C1N22.png,3,34.55584836339453,43.98348884630171,10.521922806927334,10.162721939303689,DMSO,DMSO
W0082F0001T0006Z000C1N22.png,4,38.6123627466786,34.56529271317864,10.521922806927334,10.162721939303689,DMSO,DMSO
W0082F0001T0006Z000C1N22.png,5,19.509677413604603,18.194371014560637,10.521922806927334,10.162721939303689,DMSO,DMSO
W0082F0001T0006Z000C1N22.png,6,50.45836847138823,47.577430625009654,10.521922806927334,10.162721939303689,DMSO,DMSO
W0082F0001T0006Z000C1N22.png,7,23.740474552488077,24.79705418706707,10.521922806927334,10.162721939303689,DMSO,DMSO
W0082F0001T0006Z000C1N22.png,8,21.38650930051368,25.18420657455214,10.521922806927334,10.162721939303689,DMSO,DMSO
W0082F0001T0006Z000C1N31.png,1,26.594432331729184,26.330572981346382,15.11095682218121,14.623537172073856,DMSO,DMSO
W0082F0001T0006Z000C1N31.png,2,36.371804165046356,36.26168982204467,15.11095682218121,14.623537172073856,DMSO,DMSO
W0082F0001T0006Z000C1N31.png,3,51.97367177423718,51.91111707267379,15.11095682218121,14.623537172073856,DMSO,DMSO
W0082F0001T0006Z000C1N31.png,4,8.097494157375019,7.974449723796805,15.11095682218121,14.623537172073856,DMSO,DMSO
W0082F0001T0006Z000C1N31.png,5,57.308381021827884,55.156216444538074,15.11095682218121,14.623537172073856,DMSO,DMSO
W0082F0001T0006Z000C1N31.png,6,4.885249871845906,5.017422624237908,15.11095682218121,14.623537172073856,DMSO,DMSO
W0082F0001T0006Z000C1N31.png,7,30.109029274263563,30.226305528413143,15.11095682218121,14.623537172073856,DMSO,DMSO
W0082F0001T0006Z000C1N31.png,8,53.21099407301344,51.40157104554859,15.11095682218121,14.623537172073856,DMSO,DMSO
W0082F0001T0006Z000C1N31.png,9,14.526388606113992,14.794584740511622,15.11095682218121,14.623537172073856,DMSO,DMSO
W0082F0001T0006Z000C1N31.png,10,45.006734579035076,43.003707944274005,15.11095682218121,14.623537172073856,DMSO,DMSO
W0082F0001T0006Z000C1N31.png,11,41.83377188110176,39.61795768189925,15.11095682218121,14.623537172073856,DMSO,DMSO
W0082F0001T0006Z000C1N31.png,12,31.61274089368021,31.872880359418502,15.11095682218121,14.623537172073856,DMSO,DMSO
W0082F0001T0006Z000C1N31.png,13,27.04956630145642,27.433431987772963,15.11095682218121,14.623537172073856,DMSO,DMSO
W0082F0001T0006Z000C1N31.png,14,26.756556264797673,25.637417003234308,15.11095682218121,14.623537172073856,DMSO,DMSO
W0082F0001T0006Z000C1N31.png,15,13.655534205417604,12.123832597307821,15.11095682218121,14.623537172073856,DMSO,DMSO
W0082F0001T0006Z000C1N31.png,16,44.02683838745707,44.40207926924579,15.11095682218121,14.623537172073856,DMSO,DMSO
W0082F0001T0006Z000C1N31.png,17,25.087645830872294,25.077221355985454,15.11095682218121,14.623537172073856,DMSO,DMSO
W0082F0001T0006Z000C1N31.png,18,6.097875540796013,6.574453136948719,15.11095682218121,14.623537172073856,DMSO,DMSO
W0082F0001T0006Z000C1N31.png,19,34.57929969123121,34.555376340400215,15.11095682218121,14.623537172073856,DMSO,DMSO
W0082F0001T0006Z000C1N31.png,20,16.984236463249054,18.16272174029874,15.11095682218121,14.623537172073856,DMSO,DMSO
W0082F0001T0006Z000C1N31.png,21,38.4777507874016,39.277381508232104,15.11095682218121,14.623537172073856,DMSO,DMSO
W0082F0001T0006Z000C1N31.png,22,42.474000324405495,36.844850124440995,15.11095682218121,14.623537172073856,DMSO,DMSO
W0082F0001T0006Z000C1N31.png,23,43.737794514309805,29.255622902330693,15.11095682218121,14.623537172073856,DMSO,DMSO
W0082F0001T0006Z000C1N31.png,24,47.68845451369852,15.62515406827544,15.11095682218121,14.623537172073856,DMSO,DMSO
W0082F0001T0006Z000C1N31.png,25,51.48067074070128,3.3288198573799277,15.11095682218121,14.623537172073856,DMSO,DMSO
W0082F0001T0006Z000C1N31.png,26,20.977947814083112,21.189384197618526,15.11095682218121,14.623537172073856,DMSO,DMSO
W0082F0001T0006Z000C1N32.png,1,48.88513577666636,48.91571565880086,12.772864040819657,12.773445385967115,DMSO,DMSO
W0082F0001T0006Z000C1N32.png,2,26.448928070579367,26.428805405805647,12.772864040819657,12.773445385967115,DMSO,DMSO
W0082F0001T0006Z000C1N32.png,3,22.954795766850545,22.846174014068794,12.772864040819657,12.773445385967115,DMSO,DMSO
W0082F0001T0006Z000C1N32.png,4,40.39512855246834,40.53196887679901,12.772864040819657,12.773445385967115,DMSO,DMSO
W0082F0001T0006Z000C1N32.png,5,24.860698387361783,25.00581166107413,12.772864040819657,12.773445385967115,DMSO,DMSO
W0082F0001T0006Z000C1N32.png,6,37.875180063894334,37.99775077921187,12.772864040819657,12.773445385967115,DMSO,DMSO
W0082F0001T0006Z000C1N32.png,7,60.72909636386517,60.66669793927227,12.772864040819657,12.773445385967115,DMSO,DMSO
W0082F0001T0006Z000C1N32.png,8,49.825412291754766,49.925334492791556,12.772864040819657,12.773445385967115,DMSO,DMSO
W0082F0001T0006Z000C1N34.png,1,72.62767293498644,71.78821489906335,20.933463430040305,20.837864143972276,DMSO,DMSO
W0082F0001T0006Z000C1N34.png,2,54.487153778659305,54.98978609075718,20.933463430040305,20.837864143972276,DMSO,DMSO
W0082F0001T0006Z000C1N34.png,3,53.795495613769305,55.199612399776356,20.933463430040305,20.837864143972276,DMSO,DMSO
W0082F0001T0006Z000C1N34.png,4,22.569825413550536,23.50293512800799,20.933463430040305,20.837864143972276,DMSO,DMSO
W0082F0001T0006Z000C1N34.png,5,63.64210536387497,65.28070405755928,20.933463430040305,20.837864143972276,DMSO,DMSO
W0082F0001T0006Z000C1N34.png,6,32.87978102672304,25.124689052802225,20.933463430040305,20.837864143972276,DMSO,DMSO
W0082F0001T0006Z000C1N34.png,7,74.86585825978324,76.18271095817636,20.933463430040305,20.837864143972276,DMSO,DMSO
W0082F0001T0006Z000C1N34.png,8,53.63399051228246,48.869724779253666,20.933463430040305,20.837864143972276,DMSO,DMSO
W0082F0001T0006Z000C1N34.png,9,10.665075112745049,15.953056133543816,20.933463430040305,20.837864143972276,DMSO,DMSO
W0082F0001T0006Z000C1N36.png,1,61.66407453796224,19.29378138157474,7.083221598829927,17.69198829251224,DMSO,DMSO
W0082F0001T0006Z000C1N36.png,2,74.30478804945758,17.867568385205637,7.083221598829927,17.69198829251224,DMSO,DMSO
W0082F0001T0006Z000C1N36.png,3,60.40275409318713,31.847291878588358,7.083221598829927,17.69198829251224,DMSO,DMSO
W0082F0001T0006Z000C1N36.png,4,57.80672148825544,56.83177791253469,7.083221598829927,17.69198829251224,DMSO,DMSO
W0082F0001T0006Z000C1N36.png,5,54.23991488826628,19.79898987322333,7.083221598829927,17.69198829251224,DMSO,DMSO
W0082F0001T0006Z000C1N36.png,6,73.44831697038636,66.99635051854345,7.083221598829927,17.69198829251224,DMSO,DMSO
W0082F0001T0006Z000C1N36.png,7,71.1329242088367,49.26863736247995,7.083221598829927,17.69198829251224,DMSO,DMSO
W0082F0001T0006Z000C1N36.png,8,67.45986722404216,29.156828146346015,7.083221598829927,17.69198829251224,DMSO,DMSO
W0082F0001T0006Z000C1N37.png,1,33.73122086982642,33.60676019955837,16.440001651615713,15.036906281985848,DMSO,DMSO
W0082F0001T0006Z000C1N37.png,2,52.80057952538877,52.945429331396795,16.440001651615713,15.036906281985848,DMSO,DMSO
W0082F0001T0006Z000C1N37.png,3,45.91341038256977,46.08420279946916,16.440001651615713,15.036906281985848,DMSO,DMSO
W0082F0001T0006Z000C1N37.png,4,67.54407039065579,54.69232121605372,16.440001651615713,15.036906281985848,DMSO,DMSO
W0082F0001T0006Z000C1N37.png,5,53.16567941903414,53.36210614435106,16.440001651615713,15.036906281985848,DMSO,DMSO
W0082F0001T0006Z000C1N37.png,6,70.04422363807089,44.28194374352981,16.440001651615713,15.036906281985848,DMSO,DMSO
W0082F0001T0006Z000C1N37.png,7,22.303151415623375,22.52484252395661,16.440001651615713,15.036906281985848,DMSO,DMSO
W0082F0001T0006Z000C1N37.png,8,65.57397489939694,33.185087012090236,16.440001651615713,15.036906281985848,DMSO,DMSO
W0082F0001T0006Z000C1N37.png,9,44.355710954734974,28.90069203323685,16.440001651615713,15.036906281985848,DMSO,DMSO
W0082F0001T0006Z000C1N37.png,10,61.38043405311816,23.346645102322217,16.440001651615713,15.036906281985848,DMSO,DMSO
W0082F0001T0006Z000C1N37.png,11,47.550434317120214,14.481621152490241,16.440001651615713,15.036906281985848,DMSO,DMSO
W0082F0001T0006Z000C1N37.png,12,32.314720976630035,31.892931561187147,16.440001651615713,15.036906281985848,DMSO,DMSO
W0082F0001T0006Z000C1N37.png,13,50.41736171654687,5.5901699437494745,16.440001651615713,15.036906281985848,DMSO,DMSO
W0082F0001T0006Z000C1N37.png,14,25.513169764807866,25.341657294164804,16.440001651615713,15.036906281985848,DMSO,DMSO
W0082F0001T0006Z000C1N37.png,15,10.126700855580712,10.085475401407669,16.440001651615713,15.036906281985848,DMSO,DMSO
W0082F0001T0006Z000C1N37.png,16,27.65996281549905,27.728151789228594,16.440001651615713,15.036906281985848,DMSO,DMSO
W0082F0001T0006Z000C1N37.png,17,37.47472423339445,29.740544715926102,16.440001651615713,15.036906281985848,DMSO,DMSO
W0082F0001T0006Z000C1N37.png,18,55.915502780969966,56.468424600904214,16.440001651615713,15.036906281985848,DMSO,DMSO
W0082F0001T0006Z000C1N4.png,1,61.22963608956841,58.64028072532236,16.064489010655233,16.018876239808613,DMSO,DMSO
W0082F0001T0006Z000C1N4.png,2,58.14281611310363,55.96102158706976,16.064489010655233,16.018876239808613,DMSO,DMSO
W0082F0001T0006Z000C1N4.png,3,37.77013235251774,36.34419647442471,16.064489010655233,16.018876239808613,DMSO,DMSO
W0082F0001T0006Z000C1N4.png,4,38.70003625610562,36.7121272251328,16.064489010655233,16.018876239808613,DMSO,DMSO
W0082F0001T0006Z000C1N4.png,5,46.40386444307818,44.955775779667626,16.064489010655233,16.018876239808613,DMSO,DMSO
W0082F0001T0006Z000C1N4.png,6,40.49471890497837,39.86412893388332,16.064489010655233,16.018876239808613,DMSO,DMSO
W0082F0001T0006Z000C1N4.png,7,16.19027036163108,15.543083160095104,16.064489010655233,16.018876239808613,DMSO,DMSO
W0082F0001T0006Z000C1N4.png,8,37.92427106491261,17.170517634870624,16.064489010655233,16.018876239808613,DMSO,DMSO
W0082F0001T0006Z000C1N4.png,9,29.819684790973326,29.7047325293119,16.064489010655233,16.018876239808613,DMSO,DMSO
W0082F0001T0006Z000C1N4.png,10,33.100942377668545,31.060103393160716,16.064489010655233,16.018876239808613,DMSO,DMSO
W0082F0001T0006Z000C1N4.png,11,18.585055169037847,18.867668101038284,16.064489010655233,16.018876239808613,DMSO,DMSO
W0082F0001T0006Z000C1N4.png,12,43.9768108758019,31.021351689227036,16.064489010655233,16.018876239808613,DMSO,DMSO
W0082F0001T0006Z000C1N4.png,13,21.951791584914712,24.59895711872827,16.064489010655233,16.018876239808613,DMSO,DMSO
W0082F0001T0006Z000C1N4.png,14,13.0,6.353991790650904,16.064489010655233,16.018876239808613,DMSO,DMSO
W0082F0001T0006Z000C1N4.png,15,2.9069662740392537,2.9069662740392537,16.064489010655233,16.018876239808613,DMSO,DMSO
W0082F0001T0006Z000C1N4.png,16,14.362730957622233,9.76707473192571,16.064489010655233,16.018876239808613,DMSO,DMSO
W0082F0001T0006Z000C1N40.png,1,54.03417411253415,54.00612145874815,10.453522035802079,11.571003542348254,DMSO,DMSO
W0082F0001T0006Z000C1N40.png,2,29.629045248940987,29.521931015712887,10.453522035802079,11.571003542348254,DMSO,DMSO
W0082F0001T0006Z000C1N40.png,3,27.87758180710051,27.690162884863476,10.453522035802079,11.571003542348254,DMSO,DMSO
W0082F0001T0006Z000C1N40.png,4,25.768086229714925,25.838385135815223,10.453522035802079,11.571003542348254,DMSO,DMSO
W0082F0001T0006Z000C1N40.png,5,45.30416627891675,17.10263137648707,10.453522035802079,11.571003542348254,DMSO,DMSO
W0082F0001T0006Z000C1N40.png,6,34.249210797880075,34.41731803540946,10.453522035802079,11.571003542348254,DMSO,DMSO
W0082F0001T0006Z000C1N40.png,7,26.247027883771416,26.426856430384394,10.453522035802079,11.571003542348254,DMSO,DMSO
W0082F0001T0006Z000C1N40.png,8,44.6688882314751,8.006954984574348,10.453522035802079,11.571003542348254,DMSO,DMSO
W0082F0001T0006Z000C1N40.png,9,43.871453089455144,43.83226637195028,10.453522035802079,11.571003542348254,DMSO,DMSO
W0082F0001T0006Z000C1N40.png,10,35.96275181708137,35.918033979847856,10.453522035802079,11.571003542348254,DMSO,DMSO
W0082F0001T0006Z000C1N40.png,11,33.308814705164906,33.28209679120134,10.453522035802079,11.571003542348254,DMSO,DMSO
W0082F0001T0006Z000C1N40.png,12,44.908862350341145,22.276669409945463,10.453522035802079,11.571003542348254,DMSO,DMSO
W0082F0001T0006Z000C1N40.png,13,29.816117297908068,29.74150079371352,10.453522035802079,11.571003542348254,DMSO,DMSO
W0082F0001T0006Z000C1N40.png,14,45.652456256734865,45.728751615362725,10.453522035802079,11.571003542348254,DMSO,DMSO
W0082F0001T0006Z000C1N40.png,15,19.351094954638686,19.300253012811694,10.453522035802079,11.571003542348254,DMSO,DMSO
W0082F0001T0006Z000C1N40.png,16,15.519789048355165,15.504277625602986,10.453522035802079,11.571003542348254,DMSO,DMSO
W0082F0001T0006Z000C1N41.png,1,40.03995122295376,13.783637478239163,11.013492251274569,11.775151542170887,DMSO,DMSO
W0082F0001T0006Z000C1N41.png,2,37.80824318163085,37.155726976291675,11.013492251274569,11.775151542170887,DMSO,DMSO
W0082F0001T0006Z000C1N41.png,3,33.07750142182777,2.7689769880030966,11.013492251274569,11.775151542170887,DMSO,DMSO
W0082F0001T0006Z000C1N41.png,4,40.109807220660414,22.93727093061993,11.013492251274569,11.775151542170887,DMSO,DMSO
W0082F0001T0006Z000C1N41.png,5,27.467263726062928,26.813258193658033,11.013492251274569,11.775151542170887,DMSO,DMSO
W0082F0001T0006Z000C1N41.png,6,34.89977042155178,30.6514676917,11.013492251274569,11.775151542170887,DMSO,DMSO
W0082F0001T0006Z000C1N41.png,7,27.21478141486262,26.9785114959102,11.013492251274569,11.775151542170887,DMSO,DMSO
W0082F0001T0006Z000C1N41.png,8,25.371618826517214,25.379704437948437,11.013492251274569,11.775151542170887,DMSO,DMSO
W0082F0001T0006Z000C1N41.png,9,17.323370944922754,17.65526590421883,11.013492251274569,11.775151542170887,DMSO,DMSO
W0082F0001T0006Z000C1N41.png,10,32.365917506354734,32.55495947553334,11.013492251274569,11.775151542170887,DMSO,DMSO
W0082F0001T0006Z000C1N41.png,11,18.29133574706281,18.917792032801177,11.013492251274569,11.775151542170887,DMSO,DMSO
W0082F0001T0006Z000C1N41.png,12,23.485530050031947,23.822341417797293,11.013492251274569,11.775151542170887,DMSO,DMSO
W0082F0001T0006Z000C1N41.png,13,38.60915756757889,38.92211137166415,11.013492251274569,11.775151542170887,DMSO,DMSO
W0082F0001T0006Z000C1N41.png,14,27.032896971418076,26.814608496268406,11.013492251274569,11.775151542170887,DMSO,DMSO
W0082F0001T0006Z000C1N41.png,15,32.05032435945193,32.45732944293047,11.013492251274569,11.775151542170887,DMSO,DMSO
W0082F0001T0006Z000C1N41.png,16,37.44731116637388,37.840946807724194,11.013492251274569,11.775151542170887,DMSO,DMSO
W0082F0001T0006Z000C1N41.png,17,15.190051422195975,15.00852959475516,11.013492251274569,11.775151542170887,DMSO,DMSO
W0082F0001T0006Z000C1N41.png,18,31.402266853193826,34.2321940348566,11.013492251274569,11.775151542170887,DMSO,DMSO
W0082F0001T0006Z000C1N41.png,19,15.095560083671803,17.893982157880647,11.013492251274569,11.775151542170887,DMSO,DMSO
W0082F0001T0006Z000C1N41.png,20,46.85328366454919,47.46376627579854,11.013492251274569,11.775151542170887,DMSO,DMSO
W0082F0001T0006Z000C1N41.png,21,41.50157306583857,38.895450380762995,11.013492251274569,11.775151542170887,DMSO,DMSO
W0082F0001T0006Z000C1N41.png,22,14.896177448899873,12.139615210847321,11.013492251274569,11.775151542170887,DMSO,DMSO
W0082F0001T0006Z000C1N41.png,23,4.102951249475347,5.943543244224629,11.013492251274569,11.775151542170887,DMSO,DMSO
W0082F0001T0006Z000C1N41.png,24,30.1328547987119,32.653722094975194,11.013492251274569,11.775151542170887,DMSO,DMSO
W0082F0001T0006Z000C1N41.png,25,14.004067672507864,16.06364730952621,11.013492251274569,11.775151542170887,DMSO,DMSO
W0082F0001T0006Z000C1N41.png,26,50.697273764584345,53.169582020593396,11.013492251274569,11.775151542170887,DMSO,DMSO
W0082F0001T0006Z000C1N41.png,27,34.86316146448709,32.06010859214606,11.013492251274569,11.775151542170887,DMSO,DMSO
W0082F0001T0006Z000C1N44.png,1,21.129192967755948,20.603666436154413,11.953758663908438,12.027539300610986,DMSO,DMSO
W0082F0001T0006Z000C1N44.png,2,43.44177209170579,42.572716276334845,11.953758663908438,12.027539300610986,DMSO,DMSO
W0082F0001T0006Z000C1N44.png,3,43.760818105138455,43.112393294398196,11.953758663908438,12.027539300610986,DMSO,DMSO
W0082F0001T0006Z000C1N44.png,4,45.34409057194574,45.29349147965706,11.953758663908438,12.027539300610986,DMSO,DMSO
W0082F0001T0006Z000C1N44.png,5,37.1644503017487,36.73306938078521,11.953758663908438,12.027539300610986,DMSO,DMSO
W0082F0001T0006Z000C1N44.png,6,19.926147970733805,19.03864242173548,11.953758663908438,12.027539300610986,DMSO,DMSO
W0082F0001T0006Z000C1N44.png,7,22.064605971130693,21.275754745217775,11.953758663908438,12.027539300610986,DMSO,DMSO
W0082F0001T0006Z000C1N44.png,8,50.54072051954979,50.67014833826571,11.953758663908438,12.027539300610986,DMSO,DMSO
W0082F0001T0006Z000C1N44.png,9,32.31694303444191,32.08405151958713,11.953758663908438,12.027539300610986,DMSO,DMSO
W0082F0001T0006Z000C1N44.png,10,9.686085760521669,10.43686730861766,11.953758663908438,12.027539300610986,DMSO,DMSO
W0082F0001T0006Z000C1N44.png,11,41.485913392962104,41.97544218086561,11.953758663908438,12.027539300610986,DMSO,DMSO
W0082F0001T0006Z000C1N44.png,12,34.056378874803045,34.30050961259853,11.953758663908438,12.027539300610986,DMSO,DMSO
W0082F0001T0006Z000C1N44.png,13,44.26825233490068,45.112175740014976,11.953758663908438,12.027539300610986,DMSO,DMSO
W0082F0001T0006Z000C1N46.png,1,26.280660501627974,25.84533995028303,8.021492706444532,8.182031366489145,DMSO,DMSO
W0082F0001T0006Z000C1N46.png,2,45.729029815827076,46.195948321349924,8.021492706444532,8.182031366489145,DMSO,DMSO
W0082F0001T0006Z000C1N46.png,3,31.506278179564955,30.024201791303188,8.021492706444532,8.182031366489145,DMSO,DMSO
W0082F0001T0006Z000C1N46.png,4,22.07005420470636,22.966832380966967,8.021492706444532,8.182031366489145,DMSO,DMSO
W0082F0001T0006Z000C1N46.png,5,27.559405964642636,25.989494433114487,8.021492706444532,8.182031366489145,DMSO,DMSO
W0082F0001T0006Z000C1N46.png,6,21.36103921358923,22.93406575358412,8.021492706444532,8.182031366489145,DMSO,DMSO
W0082F0001T0006Z000C1N46.png,7,18.341086783043906,16.837051136057113,8.021492706444532,8.182031366489145,DMSO,DMSO
W0082F0001T0006Z000C1N46.png,8,33.6484822890992,35.44590996452415,8.021492706444532,8.182031366489145,DMSO,DMSO
W0082F0001T0006Z000C1N46.png,9,21.143704735195982,22.646042488479583,8.021492706444532,8.182031366489145,DMSO,DMSO
W0082F0001T0006Z000C1N48.png,1,41.79860618437509,42.45633241418961,12.23471757065841,11.743202935893704,DMSO,DMSO
W0082F0001T0006Z000C1N48.png,2,35.25887401018536,35.8794408647881,12.23471757065841,11.743202935893704,DMSO,DMSO
W0082F0001T0006Z000C1N48.png,3,32.19880231119114,31.607233919592808,12.23471757065841,11.743202935893704,DMSO,DMSO
W0082F0001T0006Z000C1N48.png,4,7.557791487806911,8.060605667443156,12.23471757065841,11.743202935893704,DMSO,DMSO
W0082F0001T0006Z000C1N48.png,5,34.620626536956756,34.52146542430645,12.23471757065841,11.743202935893704,DMSO,DMSO
W0082F0001T0006Z000C1N48.png,6,22.68154926964051,23.14075627705867,12.23471757065841,11.743202935893704,DMSO,DMSO
W0082F0001T0006Z000C1N48.png,7,39.2222787985908,41.80492728123262,12.23471757065841,11.743202935893704,DMSO,DMSO
W0082F0001T0006Z000C1N48.png,8,51.90084466047331,52.392274393311105,12.23471757065841,11.743202935893704,DMSO,DMSO
W0082F0001T0006Z000C1N48.png,9,38.505444091335065,38.92422567624303,12.23471757065841,11.743202935893704,DMSO,DMSO
W0082F0001T0006Z000C1N48.png,10,40.36076623686833,37.70319342424158,12.23471757065841,11.743202935893704,DMSO,DMSO
W0082F0001T0006Z000C1N48.png,11,42.57916582835505,41.80130677432175,12.23471757065841,11.743202935893704,DMSO,DMSO
W0082F0001T0006Z000C1N48.png,12,33.591784610068856,34.3356195471629,12.23471757065841,11.743202935893704,DMSO,DMSO
W0082F0001T0006Z000C1N48.png,13,60.59659259529045,58.52468892152072,12.23471757065841,11.743202935893704,DMSO,DMSO
W0082F0001T0006Z000C1N48.png,14,54.21717164051785,52.22320043360054,12.23471757065841,11.743202935893704,DMSO,DMSO
W0082F0001T0006Z000C1N48.png,15,40.02747978348431,37.64430564754908,12.23471757065841,11.743202935893704,DMSO,DMSO
W0082F0001T0006Z000C1N55.png,1,47.697182092933645,47.299044927692,16.75424270335783,16.00935999997314,DMSO,DMSO
W0082F0001T0006Z000C1N55.png,2,42.40702370249939,42.573296670730805,16.75424270335783,16.00935999997314,DMSO,DMSO
W0082F0001T0006Z000C1N55.png,3,35.170750673115094,35.89510822557187,16.75424270335783,16.00935999997314,DMSO,DMSO
W0082F0001T0006Z000C1N55.png,4,52.430745261327054,50.85593556333925,16.75424270335783,16.00935999997314,DMSO,DMSO
W0082F0001T0006Z000C1N55.png,5,12.544002551020142,12.18198314874821,16.75424270335783,16.00935999997314,DMSO,DMSO
W0082F0001T0006Z000C1N55.png,6,30.369369575660983,30.009357229205722,16.75424270335783,16.00935999997314,DMSO,DMSO
W0082F0001T0006Z000C1N55.png,7,17.047932425957107,16.896868399565864,16.75424270335783,16.00935999997314,DMSO,DMSO
W0082F0001T0006Z000C1N55.png,8,46.052933617282505,43.62792057046061,16.75424270335783,16.00935999997314,DMSO,DMSO
W0082F0001T0006Z000C1N55.png,9,24.82071507656021,23.688819479677186,16.75424270335783,16.00935999997314,DMSO,DMSO
W0082F0001T0006Z000C1N55.png,10,41.86237992458047,43.133761754472076,16.75424270335783,16.00935999997314,DMSO,DMSO
W0082F0001T0006Z000C1N55.png,11,15.706407991058345,12.881627796735156,16.75424270335783,16.00935999997314,DMSO,DMSO
W0082F0001T0006Z000C1N55.png,12,3.3335315471170555,7.138002570541321,16.75424270335783,16.00935999997314,DMSO,DMSO
W0082F0001T0006Z000C1N55.png,13,30.925173222241213,27.34701706203637,16.75424270335783,16.00935999997314,DMSO,DMSO
W0082F0001T0006Z000C1N55.png,14,35.86686914165239,38.98137998138786,16.75424270335783,16.00935999997314,DMSO,DMSO
W0082F0001T0006Z000C1N55.png,15,54.587801483638714,51.289128631265775,16.75424270335783,16.00935999997314,DMSO,DMSO
W0082F0001T0006Z000C1N55.png,16,51.734304502698045,51.63905573173891,16.75424270335783,16.00935999997314,DMSO,DMSO
W0082F0001T0006Z000C1N55.png,17,64.96489615720837,61.631172048350486,16.75424270335783,16.00935999997314,DMSO,DMSO
W0082F0001T0006Z000C1N55.png,18,53.61635567986036,52.39012009065089,16.75424270335783,16.00935999997314,DMSO,DMSO
W0082F0001T0006Z000C1N55.png,19,58.42483017932041,56.48222787910209,16.75424270335783,16.00935999997314,DMSO,DMSO
W0082F0001T0006Z000C1N56.png,1,88.21877036766759,87.91365654169316,16.097548645968107,15.706636841268097,DMSO,DMSO
W0082F0001T0006Z000C1N56.png,2,56.289553074571565,56.432459507586636,16.097548645968107,15.706636841268097,DMSO,DMSO
W0082F0001T0006Z000C1N56.png,3,52.21710509771336,53.019894869158676,16.097548645968107,15.706636841268097,DMSO,DMSO
W0082F0001T0006Z000C1N58.png,1,73.25209033357255,73.19895789220989,11.765108248463717,11.106190097317198,DMSO,DMSO
W0082F0001T0006Z000C1N58.png,2,52.94149609050624,52.87752427284951,11.765108248463717,11.106190097317198,DMSO,DMSO
W0082F0001T0006Z000C1N58.png,3,45.24544932825125,45.25094030563846,11.765108248463717,11.106190097317198,DMSO,DMSO
W0082F0001T0006Z000C1N58.png,4,42.993039146861285,42.53848135721477,11.765108248463717,11.106190097317198,DMSO,DMSO
W0082F0001T0006Z000C1N58.png,5,41.201130499623005,60.54668543192988,11.765108248463717,11.106190097317198,DMSO,DMSO
W0082F0001T0006Z000C1N59.png,1,60.73574075340966,46.04118140846875,16.43698193659007,11.532763731206392,DMSO,DMSO
W0082F0001T0006Z000C1N59.png,2,62.17607777880869,39.29691499780449,16.43698193659007,11.532763731206392,DMSO,DMSO
W0082F0001T0006Z000C1N59.png,3,93.79167874026291,24.075043080309417,16.43698193659007,11.532763731206392,DMSO,DMSO
W0082F0001T0006Z000C1N59.png,4,66.31500567084527,18.366242554128977,16.43698193659007,11.532763731206392,DMSO,DMSO
W0082F0001T0006Z000C1N59.png,5,56.27517723031594,20.001426252999934,16.43698193659007,11.532763731206392,DMSO,DMSO
W0082F0001T0006Z000C1N59.png,6,42.52521842416948,45.13414042397489,16.43698193659007,11.532763731206392,DMSO,DMSO
W0082F0001T0006Z000C1N59.png,7,75.37047703846741,4.239118349505404,16.43698193659007,11.532763731206392,DMSO,DMSO
W0082F0001T0006Z000C1N59.png,8,47.42454564825271,13.47647850556396,16.43698193659007,11.532763731206392,DMSO,DMSO
W0082F0001T0006Z000C1N59.png,9,51.37290231762508,6.415678253807786,16.43698193659007,11.532763731206392,DMSO,DMSO
W0082F0001T0006Z000C1N59.png,10,35.45804460607619,10.883399513948747,16.43698193659007,11.532763731206392,DMSO,DMSO
W0082F0001T0006Z000C1N59.png,11,42.61885259365527,29.75634826155537,16.43698193659007,11.532763731206392,DMSO,DMSO
W0082F0001T0006Z000C1N59.png,12,53.29473298472016,17.924344885590497,16.43698193659007,11.532763731206392,DMSO,DMSO
W0082F0001T0006Z000C1N59.png,13,32.65733465549042,19.866265457150156,16.43698193659007,11.532763731206392,DMSO,DMSO
W0082F0001T0006Z000C1N59.png,14,40.06726882498436,19.01081080481266,16.43698193659007,11.532763731206392,DMSO,DMSO
W0082F0001T0006Z000C1N59.png,15,23.1170701101539,16.607194239271177,16.43698193659007,11.532763731206392,DMSO,DMSO
W0082F0001T0006Z000C1N59.png,16,53.16663315341925,30.207680443215303,16.43698193659007,11.532763731206392,DMSO,DMSO
W0082F0001T0006Z000C1N59.png,17,29.924185247641965,23.402315297790103,16.43698193659007,11.532763731206392,DMSO,DMSO
W0082F0001T0006Z000C1N59.png,18,35.030978504783,35.257591766671055,16.43698193659007,11.532763731206392,DMSO,DMSO
W0082F0001T0006Z000C1N59.png,19,37.69854004201991,33.21881546970991,16.43698193659007,11.532763731206392,DMSO,DMSO
W0082F0001T0006Z000C1N59.png,20,44.03091157982142,16.853063147118817,16.43698193659007,11.532763731206392,DMSO,DMSO
W0082F0001T0006Z000C1N63.png,1,28.186424293747656,27.943739151937475,0.0,0.0,DMSO,DMSO
W0082F0001T0006Z000C1N66.png,1,10.978435098084649,13.14798709098003,15.179401253153262,8.571659865717514,DMSO,DMSO
W0082F0001T0006Z000C1N66.png,2,60.891784715037964,30.49174576195022,15.179401253153262,8.571659865717514,DMSO,DMSO
W0082F0001T0006Z000C1N66.png,3,67.61312709539122,35.51207544866783,15.179401253153262,8.571659865717514,DMSO,DMSO
W0082F0001T0006Z000C1N66.png,4,28.46597742481803,26.077470843406733,15.179401253153262,8.571659865717514,DMSO,DMSO
W0082F0001T0006Z000C1N66.png,5,42.730892995374006,36.896562077387266,15.179401253153262,8.571659865717514,DMSO,DMSO
W0082F0001T0006Z000C1N66.png,6,54.5843785117889,30.307020733086826,15.179401253153262,8.571659865717514,DMSO,DMSO
W0082F0001T0006Z000C1N66.png,7,54.9156685424716,26.04007687929368,15.179401253153262,8.571659865717514,DMSO,DMSO
W0082F0001T0006Z000C1N66.png,8,57.32281281589281,25.697901512716456,15.179401253153262,8.571659865717514,DMSO,DMSO
W0082F0001T0006Z000C1N66.png,9,55.315836028227885,24.324920060471094,15.179401253153262,8.571659865717514,DMSO,DMSO
W0082F0001T0006Z000C1N66.png,10,32.143858384204066,15.932463197425967,15.179401253153262,8.571659865717514,DMSO,DMSO
W0082F0001T0006Z000C1N66.png,11,53.62090069306203,14.980750089416945,15.179401253153262,8.571659865717514,DMSO,DMSO
W0082F0001T0006Z000C1N66.png,12,65.24034398894146,34.44301005526668,15.179401253153262,8.571659865717514,DMSO,DMSO
W0082F0001T0006Z000C1N66.png,13,58.82241939999083,20.602181000853726,15.179401253153262,8.571659865717514,DMSO,DMSO
W0082F0001T0006Z000C1N66.png,14,53.9993245059277,25.47349317434917,15.179401253153262,8.571659865717514,DMSO,DMSO
W0082F0001T0006Z000C1N66.png,15,59.06968517616831,35.57231411943864,15.179401253153262,8.571659865717514,DMSO,DMSO
W0082F0001T0006Z000C1N66.png,16,69.79494433087464,45.59064977027642,15.179401253153262,8.571659865717514,DMSO,DMSO
W0082F0001T0006Z000C1N7.png,1,19.00863701674025,19.998446536121453,7.797642579333684,5.805790077626999,DMSO,DMSO
W0082F0001T0006Z000C1N7.png,2,16.98141342431799,10.54943113543649,7.797642579333684,5.805790077626999,DMSO,DMSO
W0082F0001T0006Z000C1N7.png,3,27.31326558623231,15.851176102536986,7.797642579333684,5.805790077626999,DMSO,DMSO
W0082F0001T0006Z000C1N7.png,4,30.824939733114487,20.121740615125418,7.797642579333684,5.805790077626999,DMSO,DMSO
W0082F0001T0006Z000C1N7.png,5,17.597423890668253,16.91591428992364,7.797642579333684,5.805790077626999,DMSO,DMSO
W0082F0001T0006Z000C1N7.png,6,5.063963717182259,4.312523866839928,7.797642579333684,5.805790077626999,DMSO,DMSO
W0082F0001T0006Z000C1N7.png,7,8.939945011850323,9.695008395995202,7.797642579333684,5.805790077626999,DMSO,DMSO
W0082F0001T0006Z000C1N7.png,8,15.259327139550628,19.468373268673357,7.797642579333684,5.805790077626999,DMSO,DMSO
W0082F0001T0006Z000C1N7.png,9,15.870335794675428,15.450782143293146,7.797642579333684,5.805790077626999,DMSO,DMSO
W0082F0001T0006Z000C1N7.png,10,7.786196988603813,4.628293159590246,7.797642579333684,5.805790077626999,DMSO,DMSO
W0082F0001T0006Z000C1N7.png,11,7.492191201313181,6.888016496859789,7.797642579333684,5.805790077626999,DMSO,DMSO
W0082F0001T0006Z000C1N72.png,1,61.16898425873574,59.888691185915434,12.88681560216758,12.37797183027471,DMSO,DMSO
W0082F0001T0006Z000C1N72.png,2,54.67163732887776,53.3425529543951,12.88681560216758,12.37797183027471,DMSO,DMSO
W0082F0001T0006Z000C1N72.png,3,61.711101806838776,60.74894692125775,12.88681560216758,12.37797183027471,DMSO,DMSO
W0082F0001T0006Z000C1N72.png,4,46.039513859308535,44.86638181524829,12.88681560216758,12.37797183027471,DMSO,DMSO
W0082F0001T0006Z000C1N72.png,5,43.90983685901096,42.71856027383808,12.88681560216758,12.37797183027471,DMSO,DMSO
W0082F0001T0006Z000C1N72.png,6,25.017197953576222,24.311191453189135,12.88681560216758,12.37797183027471,DMSO,DMSO
W0082F0001T0006Z000C1N72.png,7,34.38905342509288,34.532423520891754,12.88681560216758,12.37797183027471,DMSO,DMSO
W0082F0001T0006Z000C1N72.png,8,40.855024269837536,40.78195849307241,12.88681560216758,12.37797183027471,DMSO,DMSO
W0082F0001T0006Z000C1N72.png,9,24.460478822527303,24.961587328240523,12.88681560216758,12.37797183027471,DMSO,DMSO
W0082F0001T0006Z000C1N72.png,10,33.50416954422071,34.07642406243992,12.88681560216758,12.37797183027471,DMSO,DMSO
W0082F0001T0006Z000C1N74.png,1,57.98695271379709,10.77919373548564,5.248509722083038,19.280153167513024,DMSO,DMSO
W0082F0001T0006Z000C1N74.png,2,45.714544335772935,26.928975304909084,5.248509722083038,19.280153167513024,DMSO,DMSO
W0082F0001T0006Z000C1N74.png,3,56.56282230074184,55.012115257970166,5.248509722083038,19.280153167513024,DMSO,DMSO
W0082F0001T0006Z000C1N74.png,4,58.59560475087077,56.33345023871792,5.248509722083038,19.280153167513024,DMSO,DMSO
W0082F0001T0006Z000C1N75.png,1,66.65552386070466,67.01697435872238,15.15645327650835,16.107613819517766,DMSO,DMSO
W0082F0001T0006Z000C1N75.png,2,58.810838109391824,59.448182635436496,15.15645327650835,16.107613819517766,DMSO,DMSO
W0082F0001T0006Z000C1N75.png,3,59.56823649323669,60.44494695152823,15.15645327650835,16.107613819517766,DMSO,DMSO
W0082F0001T0006Z000C1N75.png,4,49.08233069264531,49.52187802578031,15.15645327650835,16.107613819517766,DMSO,DMSO
W0082F0001T0006Z000C1N75.png,5,47.18994596914809,47.890176191636144,15.15645327650835,16.107613819517766,DMSO,DMSO
W0082F0001T0006Z000C1N75.png,6,57.372034101290645,58.78835080105706,15.15645327650835,16.107613819517766,DMSO,DMSO
W0082F0001T0006Z000C1N75.png,7,55.34382454735228,56.93401517031463,15.15645327650835,16.107613819517766,DMSO,DMSO
W0082F0001T0006Z000C1N75.png,8,35.402625585460875,34.33504355737698,15.15645327650835,16.107613819517766,DMSO,DMSO
W0082F0001T0006Z000C1N75.png,9,22.483958203795478,21.50091274439685,15.15645327650835,16.107613819517766,DMSO,DMSO
W0082F0001T0006Z000C1N75.png,10,69.22914576656885,70.73085603901406,15.15645327650835,16.107613819517766,DMSO,DMSO
W0082F0001T0006Z000C1N75.png,11,56.877041095321815,58.3143269439566,15.15645327650835,16.107613819517766,DMSO,DMSO
W0082F0001T0006Z000C1N75.png,12,23.22721723891843,21.671385968535233,15.15645327650835,16.107613819517766,DMSO,DMSO
W0082F0001T0006Z000C1N75.png,13,30.793883697916133,29.7432212975105,15.15645327650835,16.107613819517766,DMSO,DMSO
W0082F0002T0006Z000C1N100.png,1,65.30201894124045,65.18570344409763,18.966672162173147,12.820525090003489,DMSO,DMSO
W0082F0002T0006Z000C1N100.png,2,36.0353938388886,35.93625868319027,18.966672162173147,12.820525090003489,DMSO,DMSO
W0082F0002T0006Z000C1N100.png,3,13.232158536928509,13.02059879292806,18.966672162173147,12.820525090003489,DMSO,DMSO
W0082F0002T0006Z000C1N100.png,4,33.213432156601584,33.006108502353385,18.966672162173147,12.820525090003489,DMSO,DMSO
W0082F0002T0006Z000C1N100.png,5,60.438324475330276,33.5562637894354,18.966672162173147,12.820525090003489,DMSO,DMSO
W0082F0002T0006Z000C1N100.png,6,81.76717250530888,25.29592755004814,18.966672162173147,12.820525090003489,DMSO,DMSO
W0082F0002T0006Z000C1N100.png,7,45.4110970392722,43.52834169686317,18.966672162173147,12.820525090003489,DMSO,DMSO
W0082F0002T0006Z000C1N100.png,8,38.45770796167552,38.54213301608647,18.966672162173147,12.820525090003489,DMSO,DMSO
W0082F0002T0006Z000C1N100.png,9,69.19318170010163,14.390411759824119,18.966672162173147,12.820525090003489,DMSO,DMSO
W0082F0002T0006Z000C1N100.png,10,33.12492378083835,33.378992738727334,18.966672162173147,12.820525090003489,DMSO,DMSO
W0082F0002T0006Z000C1N100.png,11,28.53252663425941,28.37271196755077,18.966672162173147,12.820525090003489,DMSO,DMSO
W0082F0002T0006Z000C1N100.png,12,30.69772588794556,30.984421924481406,18.966672162173147,12.820525090003489,DMSO,DMSO
W0082F0002T0006Z000C1N100.png,13,39.87549565341681,40.15392309373137,18.966672162173147,12.820525090003489,DMSO,DMSO
W0082F0002T0006Z000C1N100.png,14,8.808987539037902,9.094314485581853,18.966672162173147,12.820525090003489,DMSO,DMSO
W0082F0002T0006Z000C1N100.png,15,33.81931655421453,30.106857018064375,18.966672162173147,12.820525090003489,DMSO,DMSO
W0082F0002T0006Z000C1N100.png,16,34.98577428965728,34.87322945790156,18.966672162173147,12.820525090003489,DMSO,DMSO
W0082F0002T0006Z000C1N104.png,1,65.12185882649025,21.411213716706843,16.681922778531263,20.17496745081854,DMSO,DMSO
W0082F0002T0006Z000C1N104.png,2,45.23761429952848,29.81784852971659,16.681922778531263,20.17496745081854,DMSO,DMSO
W0082F0002T0006Z000C1N104.png,3,50.96800706403612,12.574365488389526,16.681922778531263,20.17496745081854,DMSO,DMSO
W0082F0002T0006Z000C1N104.png,4,61.11525821401969,4.376514951634016,16.681922778531263,20.17496745081854,DMSO,DMSO
W0082F0002T0006Z000C1N104.png,5,68.20577685698309,67.83394582023203,16.681922778531263,20.17496745081854,DMSO,DMSO
W0082F0002T0006Z000C1N104.png,6,43.23990184141451,22.026097728855454,16.681922778531263,20.17496745081854,DMSO,DMSO
W0082F0002T0006Z000C1N104.png,7,61.97042492768736,25.97587594036245,16.681922778531263,20.17496745081854,DMSO,DMSO
W0082F0002T0006Z000C1N104.png,8,72.91047573056711,71.74610207908113,16.681922778531263,20.17496745081854,DMSO,DMSO
W0082F0002T0006Z000C1N104.png,9,15.481677628848933,15.009663553857559,16.681922778531263,20.17496745081854,DMSO,DMSO
W0082F0002T0006Z000C1N104.png,10,71.78940077831173,69.62737258558859,16.681922778531263,20.17496745081854,DMSO,DMSO
W0082F0002T0006Z000C1N104.png,11,25.229233232288582,28.187930524913966,16.681922778531263,20.17496745081854,DMSO,DMSO
W0082F0002T0006Z000C1N104.png,12,15.943114620042367,14.518836151941231,16.681922778531263,20.17496745081854,DMSO,DMSO
W0082F0002T0006Z000C1N104.png,13,63.309674717703615,59.128609503934705,16.681922778531263,20.17496745081854,DMSO,DMSO
W0082F0002T0006Z000C1N104.png,14,24.999137381932286,14.999869612543872,16.681922778531263,20.17496745081854,DMSO,DMSO
W0082F0002T0006Z000C1N104.png,15,45.594674795086846,45.69748668479053,16.681922778531263,20.17496745081854,DMSO,DMSO
W0082F0002T0006Z000C1N104.png,16,70.19541270998616,64.29431719129906,16.681922778531263,20.17496745081854,DMSO,DMSO
W0082F0002T0006Z000C1N104.png,17,61.24308123121407,60.9029273451417,16.681922778531263,20.17496745081854,DMSO,DMSO
W0082F0002T0006Z000C1N104.png,18,64.89308821205341,57.61575154993545,16.681922778531263,20.17496745081854,DMSO,DMSO
W0082F0002T0006Z000C1N104.png,19,40.74359966571136,37.254530918286804,16.681922778531263,20.17496745081854,DMSO,DMSO
W0082F0002T0006Z000C1N104.png,20,40.542577132982494,29.25410044060812,16.681922778531263,20.17496745081854,DMSO,DMSO
W0082F0002T0006Z000C1N104.png,21,56.03912290972577,51.70915404281784,16.681922778531263,20.17496745081854,DMSO,DMSO
W0082F0002T0006Z000C1N104.png,22,56.34165872912463,50.478352372026436,16.681922778531263,20.17496745081854,DMSO,DMSO
W0082F0002T0006Z000C1N104.png,23,48.82257599741805,37.42856442542471,16.681922778531263,20.17496745081854,DMSO,DMSO
W0082F0002T0006Z000C1N104.png,24,48.729777835016826,37.35365299754662,16.681922778531263,20.17496745081854,DMSO,DMSO
W0082F0002T0006Z000C1N11.png,1,59.47518254135433,58.879601971897124,29.136276431900843,29.295584045747216,DMSO,DMSO
W0082F0002T0006Z000C1N11.png,2,39.64079519835915,39.098449449224795,29.136276431900843,29.295584045747216,DMSO,DMSO
W0082F0002T0006Z000C1N11.png,3,53.659864125265855,54.17651085100594,29.136276431900843,29.295584045747216,DMSO,DMSO
W0082F0002T0006Z000C1N11.png,4,68.80020723860734,69.47448184902125,29.136276431900843,29.295584045747216,DMSO,DMSO
W0082F0002T0006Z000C1N11.png,5,105.36484623990414,104.58048680028283,29.136276431900843,29.295584045747216,DMSO,DMSO
W0082F0002T0006Z000C1N11.png,6,9.014620415344723,7.926498548794149,29.136276431900843,29.295584045747216,DMSO,DMSO
W0082F0002T0006Z000C1N111.png,1,49.48733636670952,49.51948682999417,18.017566977696564,17.97150031956095,DMSO,DMSO
W0082F0002T0006Z000C1N111.png,2,93.94576326974524,93.37420643693173,18.017566977696564,17.97150031956095,DMSO,DMSO
W0082F0002T0006Z000C1N111.png,3,24.357716483850957,24.610975357301974,18.017566977696564,17.97150031956095,DMSO,DMSO
W0082F0002T0006Z000C1N111.png,4,55.59500834762772,54.96994390575931,18.017566977696564,17.97150031956095,DMSO,DMSO
W0082F0002T0006Z000C1N111.png,5,47.08618601980127,46.43043919331774,18.017566977696564,17.97150031956095,DMSO,DMSO
W0082F0002T0006Z000C1N111.png,6,52.927278379804946,52.48986525281386,18.017566977696564,17.97150031956095,DMSO,DMSO
W0082F0002T0006Z000C1N111.png,7,41.454985214254194,41.7986692161502,18.017566977696564,17.97150031956095,DMSO,DMSO
W0082F0002T0006Z000C1N111.png,8,43.996051767500695,43.36664177715043,18.017566977696564,17.97150031956095,DMSO,DMSO
W0082F0002T0006Z000C1N111.png,9,49.00805651702555,48.72807315831013,18.017566977696564,17.97150031956095,DMSO,DMSO
W0082F0002T0006Z000C1N111.png,10,42.59402863943015,42.22935253311045,18.017566977696564,17.97150031956095,DMSO,DMSO
W0082F0002T0006Z000C1N111.png,11,27.626600562633417,27.81007816595089,18.017566977696564,17.97150031956095,DMSO,DMSO
W0082F0002T0006Z000C1N111.png,12,32.83898613202598,32.391501093841036,18.017566977696564,17.97150031956095,DMSO,DMSO
W0082F0002T0006Z000C1N111.png,13,36.80609906677979,36.97113472634864,18.017566977696564,17.97150031956095,DMSO,DMSO
W0082F0002T0006Z000C1N111.png,14,18.44851244514164,17.823559724891606,18.017566977696564,17.97150031956095,DMSO,DMSO
W0082F0002T0006Z000C1N111.png,15,34.7564408853039,34.86907849343059,18.017566977696564,17.97150031956095,DMSO,DMSO
W0082F0002T0006Z000C1N111.png,16,18.425504285315228,18.262519387786405,18.017566977696564,17.97150031956095,DMSO,DMSO
W0082F0002T0006Z000C1N111.png,17,32.85779411494292,32.662982638847936,18.017566977696564,17.97150031956095,DMSO,DMSO
W0082F0002T0006Z000C1N111.png,18,60.5474466791598,60.74890843468739,18.017566977696564,17.97150031956095,DMSO,DMSO
W0082F0002T0006Z000C1N111.png,19,14.364364589805634,14.79175982668958,18.017566977696564,17.97150031956095,DMSO,DMSO
W0082F0002T0006Z000C1N111.png,20,25.716659833793972,25.951669811578704,18.017566977696564,17.97150031956095,DMSO,DMSO
W0082F0002T0006Z000C1N111.png,21,46.089869925670534,46.176744190385264,18.017566977696564,17.97150031956095,DMSO,DMSO
W0082F0002T0006Z000C1N111.png,22,28.522608709452854,29.17043324060877,18.017566977696564,17.97150031956095,DMSO,DMSO
W0082F0002T0006Z000C1N111.png,23,75.71606969719309,75.85335024288734,18.017566977696564,17.97150031956095,DMSO,DMSO
W0082F0002T0006Z000C1N111.png,24,40.55937586458479,41.13601175037726,18.017566977696564,17.97150031956095,DMSO,DMSO
W0082F0002T0006Z000C1N111.png,25,51.3839391898362,51.98750690849468,18.017566977696564,17.97150031956095,DMSO,DMSO
W0082F0002T0006Z000C1N111.png,26,65.00783894281817,65.27155213650296,18.017566977696564,17.97150031956095,DMSO,DMSO
W0082F0002T0006Z000C1N111.png,27,63.99243525204924,64.62337637050834,18.017566977696564,17.97150031956095,DMSO,DMSO
W0082F0002T0006Z000C1N112.png,1,58.24017072817293,58.48386275786371,14.719194524566896,15.140602932174383,DMSO,DMSO
W0082F0002T0006Z000C1N112.png,2,50.53319765756866,50.84418863640739,14.719194524566896,15.140602932174383,DMSO,DMSO
W0082F0002T0006Z000C1N112.png,3,12.990160152581467,14.231907597983868,14.719194524566896,15.140602932174383,DMSO,DMSO
W0082F0002T0006Z000C1N112.png,4,16.557576866764236,18.21726166164881,14.719194524566896,15.140602932174383,DMSO,DMSO
W0082F0002T0006Z000C1N112.png,5,20.34016088740551,21.19664380272079,14.719194524566896,15.140602932174383,DMSO,DMSO
W0082F0002T0006Z000C1N112.png,6,21.387877938128064,21.076091005696476,14.719194524566896,15.140602932174383,DMSO,DMSO
W0082F0002T0006Z000C1N112.png,7,5.734410440947367,8.950505398994968,14.719194524566896,15.140602932174383,DMSO,DMSO
W0082F0002T0006Z000C1N112.png,8,17.02305573418963,13.042932526425524,14.719194524566896,15.140602932174383,DMSO,DMSO
W0082F0002T0006Z000C1N112.png,9,24.977905755711994,21.03381615927605,14.719194524566896,15.140602932174383,DMSO,DMSO
W0082F0002T0006Z000C1N112.png,10,31.82776024343029,29.114739450731154,14.719194524566896,15.140602932174383,DMSO,DMSO
W0082F0002T0006Z000C1N112.png,11,15.779459843004911,16.18927989428536,14.719194524566896,15.140602932174383,DMSO,DMSO
W0082F0002T0006Z000C1N112.png,12,29.988267062401974,5.70087712549569,14.719194524566896,15.140602932174383,DMSO,DMSO
W0082F0002T0006Z000C1N112.png,13,40.90331948180236,36.16973873281365,14.719194524566896,15.140602932174383,DMSO,DMSO
W0082F0002T0006Z000C1N114.png,1,38.59192085281862,38.380040993380035,10.206412181182264,8.847011389414929,DMSO,DMSO
W0082F0002T0006Z000C1N114.png,2,17.10263137648707,28.027184084430143,10.206412181182264,8.847011389414929,DMSO,DMSO
W0082F0002T0006Z000C1N114.png,3,19.180719359510498,19.18621256868466,10.206412181182264,8.847011389414929,DMSO,DMSO
W0082F0002T0006Z000C1N114.png,4,31.818450126204407,36.19561749744108,10.206412181182264,8.847011389414929,DMSO,DMSO
W0082F0002T0006Z000C1N114.png,5,11.362969680150416,23.177843044007243,10.206412181182264,8.847011389414929,DMSO,DMSO
W0082F0002T0006Z000C1N114.png,6,4.419694320540679,15.783016540291378,10.206412181182264,8.847011389414929,DMSO,DMSO
W0082F0002T0006Z000C1N114.png,7,17.689716757809705,19.553548756762375,10.206412181182264,8.847011389414929,DMSO,DMSO
W0082F0002T0006Z000C1N114.png,8,23.44307134577398,23.817949121526656,10.206412181182264,8.847011389414929,DMSO,DMSO
W0082F0002T0006Z000C1N114.png,9,16.02609518599329,10.27516841208527,10.206412181182264,8.847011389414929,DMSO,DMSO
W0082F0002T0006Z000C1N114.png,10,22.80274976142109,26.361947639101466,10.206412181182264,8.847011389414929,DMSO,DMSO
W0082F0002T0006Z000C1N114.png,11,3.4859016650516144,18.80949073001154,10.206412181182264,8.847011389414929,DMSO,DMSO
W0082F0002T0006Z000C1N114.png,12,24.505672984815615,23.778918195189494,10.206412181182264,8.847011389414929,DMSO,DMSO
W0082F0002T0006Z000C1N114.png,13,25.18420657455215,24.117067310304336,10.206412181182264,8.847011389414929,DMSO,DMSO
W0082F0002T0006Z000C1N114.png,14,9.290351020173794,9.056781387621609,10.206412181182264,8.847011389414929,DMSO,DMSO
W0082F0002T0006Z000C1N114.png,15,13.60674463148864,16.51137737163601,10.206412181182264,8.847011389414929,DMSO,DMSO
W0082F0002T0006Z000C1N114.png,16,17.973113031711346,21.531422460671877,10.206412181182264,8.847011389414929,DMSO,DMSO
W0082F0002T0006Z000C1N114.png,17,21.425257235671484,21.970749145231512,10.206412181182264,8.847011389414929,DMSO,DMSO
W0082F0002T0006Z000C1N114.png,18,44.75396426112548,43.50512360697698,10.206412181182264,8.847011389414929,DMSO,DMSO
W0082F0002T0006Z000C1N114.png,19,14.27340378662396,34.64475758872933,10.206412181182264,8.847011389414929,DMSO,DMSO
W0082F0002T0006Z000C1N119.png,1,67.58804054179717,69.32329186225358,19.795192584059034,20.027366077646054,DMSO,DMSO
W0082F0002T0006Z000C1N119.png,2,20.23055735219794,20.336878120270566,19.795192584059034,20.027366077646054,DMSO,DMSO
W0082F0002T0006Z000C1N119.png,3,26.826680743103374,28.463563412841665,19.795192584059034,20.027366077646054,DMSO,DMSO
W0082F0002T0006Z000C1N119.png,4,50.5644307785691,50.30762477175493,19.795192584059034,20.027366077646054,DMSO,DMSO
W0082F0002T0006Z000C1N119.png,5,65.091038195223,64.9288240992822,19.795192584059034,20.027366077646054,DMSO,DMSO
W0082F0002T0006Z000C1N119.png,6,29.77414986191881,28.938474821892544,19.795192584059034,20.027366077646054,DMSO,DMSO
W0082F0002T0006Z000C1N119.png,7,37.3348346424325,37.13528579391957,19.795192584059034,20.027366077646054,DMSO,DMSO
W0082F0002T0006Z000C1N119.png,8,8.684461858847547,8.552198270257056,19.795192584059034,20.027366077646054,DMSO,DMSO
W0082F0002T0006Z000C1N13.png,1,55.45768661413285,45.77390086064329,15.290782913670904,15.178431489204803,DMSO,DMSO
W0082F0002T0006Z000C1N13.png,2,8.793540719929538,8.311577329303383,15.290782913670904,15.178431489204803,DMSO,DMSO
W0082F0002T0006Z000C1N13.png,3,32.777493734275346,22.45551157288562,15.290782913670904,15.178431489204803,DMSO,DMSO
W0082F0002T0006Z000C1N13.png,4,41.48152425594,42.41057024775685,15.290782913670904,15.178431489204803,DMSO,DMSO
W0082F0002T0006Z000C1N13.png,5,42.56902367093192,43.1274253903458,15.290782913670904,15.178431489204803,DMSO,DMSO
W0082F0002T0006Z000C1N13.png,6,51.735048182845645,51.67241950407371,15.290782913670904,15.178431489204803,DMSO,DMSO
W0082F0002T0006Z000C1N133.png,1,52.44603405076882,15.57102478353403,0.0,0.0,DMSO,DMSO
W0082F0002T0006Z000C1N137.png,1,15.234847897919492,15.369922027963602,23.942663613113904,23.86995031008612,DMSO,DMSO
W0082F0002T0006Z000C1N137.png,2,26.008451759347818,26.169164880889472,23.942663613113904,23.86995031008612,DMSO,DMSO
W0082F0002T0006Z000C1N137.png,3,78.22798540018997,78.18634089700602,23.942663613113904,23.86995031008612,DMSO,DMSO
W0082F0002T0006Z000C1N137.png,4,34.32919529998501,34.37146481805965,23.942663613113904,23.86995031008612,DMSO,DMSO
W0082F0002T0006Z000C1N14.png,1,18.9640301699746,18.92800723924044,9.977370705036414,9.945514098582851,DMSO,DMSO
W0082F0002T0006Z000C1N14.png,2,45.73547979645531,45.270435688893485,9.977370705036414,9.945514098582851,DMSO,DMSO
W0082F0002T0006Z000C1N14.png,3,34.503774907154494,33.80304918731562,9.977370705036414,9.945514098582851,DMSO,DMSO
W0082F0002T0006Z000C1N14.png,4,42.83434143662164,42.4719197140915,9.977370705036414,9.945514098582851,DMSO,DMSO
W0082F0002T0006Z000C1N14.png,5,30.506458924480373,30.74404825856338,9.977370705036414,9.945514098582851,DMSO,DMSO
W0082F0002T0006Z000C1N14.png,6,27.145041783058563,26.389043787173986,9.977370705036414,9.945514098582851,DMSO,DMSO
W0082F0002T0006Z000C1N14.png,7,45.7811291547105,45.68745160043307,9.977370705036414,9.945514098582851,DMSO,DMSO
W0082F0002T0006Z000C1N14.png,8,34.549459943190804,34.5287034048765,9.977370705036414,9.945514098582851,DMSO,DMSO
W0082F0002T0006Z000C1N14.png,9,34.42629071147164,34.347825495570795,9.977370705036414,9.945514098582851,DMSO,DMSO
W0082F0002T0006Z000C1N14.png,10,13.430562390378478,13.387448718525972,9.977370705036414,9.945514098582851,DMSO,DMSO
W0082F0002T0006Z000C1N14.png,11,40.00895219454336,40.23681449392505,9.977370705036414,9.945514098582851,DMSO,DMSO
W0082F0002T0006Z000C1N14.png,12,34.991086395006135,35.30474632550681,9.977370705036414,9.945514098582851,DMSO,DMSO
W0082F0002T0006Z000C1N14.png,13,43.35777882834388,43.80085222367626,9.977370705036414,9.945514098582851,DMSO,DMSO
W0082F0002T0006Z000C1N14.png,14,12.026159936308012,12.741182393546715,9.977370705036414,9.945514098582851,DMSO,DMSO
W0082F0002T0006Z000C1N14.png,15,42.51471488523861,42.562756627095425,9.977370705036414,9.945514098582851,DMSO,DMSO
W0082F0002T0006Z000C1N14.png,16,35.80861686358837,36.527457994336565,9.977370705036414,9.945514098582851,DMSO,DMSO
W0082F0002T0006Z000C1N14.png,17,35.756568960581205,36.51396592335633,9.977370705036414,9.945514098582851,DMSO,DMSO
W0082F0002T0006Z000C1N14.png,18,40.46975878075904,41.050260503462475,9.977370705036414,9.945514098582851,DMSO,DMSO
W0082F0002T0006Z000C1N142.png,1,46.31387933544549,17.669065886637558,5.054694908091359,11.551770526498164,DMSO,DMSO
W0082F0002T0006Z000C1N142.png,2,51.80359244717134,9.222660894231115,5.054694908091359,11.551770526498164,DMSO,DMSO
W0082F0002T0006Z000C1N142.png,3,41.54641052313448,33.506632842535,5.054694908091359,11.551770526498164,DMSO,DMSO
W0082F0002T0006Z000C1N142.png,4,42.05964593147201,42.96921266097795,5.054694908091359,11.551770526498164,DMSO,DMSO
W0082F0002T0006Z000C1N142.png,5,34.89458643438344,35.17403449866265,5.054694908091359,11.551770526498164,DMSO,DMSO
W0082F0002T0006Z000C1N142.png,6,41.425527279770705,40.353080005154915,5.054694908091359,11.551770526498164,DMSO,DMSO
W0082F0002T0006Z000C1N142.png,7,38.27552120569585,36.305860840062046,5.054694908091359,11.551770526498164,DMSO,DMSO
W0082F0002T0006Z000C1N143.png,1,28.997605152243647,29.543883536748282,5.331208092291045,5.173044634350441,DMSO,DMSO
W0082F0002T0006Z000C1N143.png,2,42.47682468675022,42.79770498622254,5.331208092291045,5.173044634350441,DMSO,DMSO
W0082F0002T0006Z000C1N143.png,3,27.41781003633221,27.872906492506818,5.331208092291045,5.173044634350441,DMSO,DMSO
W0082F0002T0006Z000C1N143.png,4,32.45921008932043,32.58966358203149,5.331208092291045,5.173044634350441,DMSO,DMSO
W0082F0002T0006Z000C1N143.png,5,38.215700197937345,38.050445150131985,5.331208092291045,5.173044634350441,DMSO,DMSO
W0082F0002T0006Z000C1N143.png,6,37.41478737981514,37.17399871308736,5.331208092291045,5.173044634350441,DMSO,DMSO
W0082F0002T0006Z000C1N15.png,1,75.42130765510164,3.4163007934183742,26.219765385158286,9.855062877737856,DMSO,DMSO
W0082F0002T0006Z000C1N15.png,2,75.05517212031553,19.212987505562197,26.219765385158286,9.855062877737856,DMSO,DMSO
W0082F0002T0006Z000C1N15.png,3,24.052351298849523,25.644019222455956,26.219765385158286,9.855062877737856,DMSO,DMSO
W0082F0002T0006Z000C1N15.png,4,34.548297585025495,30.731990176042974,26.219765385158286,9.855062877737856,DMSO,DMSO
W0082F0002T0006Z000C1N15.png,5,12.39543520775029,10.863858135715017,26.219765385158286,9.855062877737856,DMSO,DMSO
W0082F0002T0006Z000C1N151.png,1,19.363224152642893,17.64680482383459,18.100345692264785,17.22282054149679,DMSO,DMSO
W0082F0002T0006Z000C1N151.png,2,78.61463081108128,80.37837640783893,18.100345692264785,17.22282054149679,DMSO,DMSO
W0082F0002T0006Z000C1N151.png,3,46.096112494258506,47.92312324505959,18.100345692264785,17.22282054149679,DMSO,DMSO
W0082F0002T0006Z000C1N151.png,4,30.040403385719472,28.442685612640616,18.100345692264785,17.22282054149679,DMSO,DMSO
W0082F0002T0006Z000C1N151.png,5,14.834594078636465,16.65404735676677,18.100345692264785,17.22282054149679,DMSO,DMSO
W0082F0002T0006Z000C1N151.png,6,43.23305069597201,45.11209717288842,18.100345692264785,17.22282054149679,DMSO,DMSO
W0082F0002T0006Z000C1N151.png,7,1.2335335172874602,28.312048379173273,18.100345692264785,17.22282054149679,DMSO,DMSO
W0082F0002T0006Z000C1N151.png,8,17.0338370744882,17.378408453517622,18.100345692264785,17.22282054149679,DMSO,DMSO
W0082F0002T0006Z000C1N151.png,9,50.00541663286132,49.73181517749741,18.100345692264785,17.22282054149679,DMSO,DMSO
W0082F0002T0006Z000C1N151.png,10,8.262499595037452,8.126282722686613,18.100345692264785,17.22282054149679,DMSO,DMSO
W0082F0002T0006Z000C1N151.png,11,31.131351842700504,31.18061144505624,18.100345692264785,17.22282054149679,DMSO,DMSO
W0082F0002T0006Z000C1N151.png,12,33.45079743659623,33.5862659565646,18.100345692264785,17.22282054149679,DMSO,DMSO
W0082F0002T0006Z000C1N151.png,13,37.57906166147556,34.87292628464553,18.100345692264785,17.22282054149679,DMSO,DMSO
W0082F0002T0006Z000C1N151.png,14,31.483393743887465,39.08298602135459,18.100345692264785,17.22282054149679,DMSO,DMSO
W0082F0002T0006Z000C1N151.png,15,20.914512549328208,21.104569059736033,18.100345692264785,17.22282054149679,DMSO,DMSO
W0082F0002T0006Z000C1N151.png,16,11.733251078665006,8.992211993898382,18.100345692264785,17.22282054149679,DMSO,DMSO
W0082F0002T0006Z000C1N151.png,17,20.8806130178211,30.3848516336076,18.100345692264785,17.22282054149679,DMSO,DMSO
W0082F0002T0006Z000C1N152.png,1,21.04351623834496,23.815243959256907,15.876156280369168,15.711936020216799,DMSO,DMSO
W0082F0002T0006Z000C1N152.png,2,65.48349296816272,65.75811550253849,15.876156280369168,15.711936020216799,DMSO,DMSO
W0082F0002T0006Z000C1N152.png,3,25.60152725486279,27.529490789628735,15.876156280369168,15.711936020216799,DMSO,DMSO
W0082F0002T0006Z000C1N152.png,4,26.354446982401736,26.25428621179631,15.876156280369168,15.711936020216799,DMSO,DMSO
W0082F0002T0006Z000C1N152.png,5,60.11378329519486,60.365854305002756,15.876156280369168,15.711936020216799,DMSO,DMSO
W0082F0002T0006Z000C1N152.png,6,20.805706952756267,21.086593551250175,15.876156280369168,15.711936020216799,DMSO,DMSO
W0082F0002T0006Z000C1N152.png,7,7.8630491562157685,8.082166333617105,15.876156280369168,15.711936020216799,DMSO,DMSO
W0082F0002T0006Z000C1N152.png,8,34.02624677623443,34.03712219878911,15.876156280369168,15.711936020216799,DMSO,DMSO
W0082F0002T0006Z000C1N152.png,9,33.686314189428565,32.707536218505986,15.876156280369168,15.711936020216799,DMSO,DMSO
W0082F0002T0006Z000C1N152.png,10,25.50167455714412,24.515384235585486,15.876156280369168,15.711936020216799,DMSO,DMSO
W0082F0002T0006Z000C1N152.png,11,18.050080123010527,17.185756950700444,15.876156280369168,15.711936020216799,DMSO,DMSO
W0082F0002T0006Z000C1N152.png,12,33.84699091039369,34.009770135711655,15.876156280369168,15.711936020216799,DMSO,DMSO
W0082F0002T0006Z000C1N152.png,13,15.299377704145929,17.473631878407353,15.876156280369168,15.711936020216799,DMSO,DMSO
W0082F0002T0006Z000C1N153.png,1,61.706621743956866,62.54108342118471,19.315488167592644,19.652795643154242,DMSO,DMSO
W0082F0002T0006Z000C1N153.png,2,60.49020849777863,60.26039898199384,19.315488167592644,19.652795643154242,DMSO,DMSO
W0082F0002T0006Z000C1N153.png,3,23.469248432769945,23.178625386111403,19.315488167592644,19.652795643154242,DMSO,DMSO
W0082F0002T0006Z000C1N153.png,4,21.53331806304478,21.13125533757717,19.315488167592644,19.652795643154242,DMSO,DMSO
W0082F0002T0006Z000C1N154.png,1,57.99717194419154,57.57208751204563,13.133962979068992,13.181691796082319,DMSO,DMSO
W0082F0002T0006Z000C1N154.png,2,42.884906241239065,42.3931906302609,13.133962979068992,13.181691796082319,DMSO,DMSO
W0082F0002T0006Z000C1N154.png,3,52.68334740877658,52.29006445927677,13.133962979068992,13.181691796082319,DMSO,DMSO
W0082F0002T0006Z000C1N154.png,4,31.890336800914756,31.430341911578097,13.133962979068992,13.181691796082319,DMSO,DMSO
W0082F0002T0006Z000C1N154.png,5,22.509291074774897,22.01997929622105,13.133962979068992,13.181691796082319,DMSO,DMSO
W0082F0002T0006Z000C1N154.png,6,42.06797943694952,41.807062869276585,13.133962979068992,13.181691796082319,DMSO,DMSO
W0082F0002T0006Z000C1N154.png,7,42.528129345786645,42.35291697588461,13.133962979068992,13.181691796082319,DMSO,DMSO
W0082F0002T0006Z000C1N154.png,8,52.214237571591056,52.20406186419883,13.133962979068992,13.181691796082319,DMSO,DMSO
W0082F0002T0006Z000C1N154.png,9,56.1003744633568,56.18649233079087,13.133962979068992,13.181691796082319,DMSO,DMSO
W0082F0002T0006Z000C1N154.png,10,12.33959401476109,12.52956879563784,13.133962979068992,13.181691796082319,DMSO,DMSO
W0082F0002T0006Z000C1N154.png,11,59.813335719580465,59.986270845800085,13.133962979068992,13.181691796082319,DMSO,DMSO
W0082F0002T0006Z000C1N154.png,12,44.66973179050407,45.010540435614566,13.133962979068992,13.181691796082319,DMSO,DMSO
W0082F0002T0006Z000C1N154.png,13,42.371852898015625,42.62315719848931,13.133962979068992,13.181691796082319,DMSO,DMSO
W0082F0002T0006Z000C1N154.png,14,51.737919154230596,52.11841818141945,13.133962979068992,13.181691796082319,DMSO,DMSO
W0082F0002T0006Z000C1N156.png,1,62.52596558781223,22.17557069723973,13.239933103353192,9.929464891194389,DMSO,DMSO
W0082F0002T0006Z000C1N156.png,2,29.918729898715075,33.02763841562346,13.239933103353192,9.929464891194389,DMSO,DMSO
W0082F0002T0006Z000C1N156.png,3,37.57658382257485,10.294569343615064,13.239933103353192,9.929464891194389,DMSO,DMSO
W0082F0002T0006Z000C1N156.png,4,45.18937160831231,38.81043674065006,13.239933103353192,9.929464891194389,DMSO,DMSO
W0082F0002T0006Z000C1N156.png,5,32.28397173851811,10.834615308763334,13.239933103353192,9.929464891194389,DMSO,DMSO
W0082F0002T0006Z000C1N156.png,6,33.163968660128496,26.05534428727789,13.239933103353192,9.929464891194389,DMSO,DMSO
W0082F0002T0006Z000C1N156.png,7,40.95735618162524,21.464893221247415,13.239933103353192,9.929464891194389,DMSO,DMSO
W0082F0002T0006Z000C1N156.png,8,54.33418854341103,32.70289480616005,13.239933103353192,9.929464891194389,DMSO,DMSO
W0082F0002T0006Z000C1N156.png,9,14.849242404917497,12.004628736912737,13.239933103353192,9.929464891194389,DMSO,DMSO
W0082F0002T0006Z000C1N162.png,1,48.74541331819765,94.84632022159511,14.969030885801963,19.157992196011342,DMSO,DMSO
W0082F0002T0006Z000C1N162.png,2,36.027212901422786,81.61491348259447,14.969030885801963,19.157992196011342,DMSO,DMSO
W0082F0002T0006Z000C1N162.png,3,60.260214095021084,77.88468320079443,14.969030885801963,19.157992196011342,DMSO,DMSO
W0082F0002T0006Z000C1N162.png,4,54.87904945828093,67.04461477062482,14.969030885801963,19.157992196011342,DMSO,DMSO
W0082F0002T0006Z000C1N162.png,5,36.261803633820776,51.949579688492804,14.969030885801963,19.157992196011342,DMSO,DMSO
W0082F0002T0006Z000C1N162.png,6,40.22076664416584,43.50971818781704,14.969030885801963,19.157992196011342,DMSO,DMSO
W0082F0002T0006Z000C1N162.png,7,49.430891392902225,52.50973473941377,14.969030885801963,19.157992196011342,DMSO,DMSO
W0082F0002T0006Z000C1N162.png,8,57.71491254872624,60.47429746812702,14.969030885801963,19.157992196011342,DMSO,DMSO
W0082F0002T0006Z000C1N162.png,9,51.962452659067075,49.33361863439654,14.969030885801963,19.157992196011342,DMSO,DMSO
W0082F0002T0006Z000C1N162.png,10,52.81702838201365,57.01155197594034,14.969030885801963,19.157992196011342,DMSO,DMSO
W0082F0002T0006Z000C1N162.png,11,51.47918106653234,48.85451870869162,14.969030885801963,19.157992196011342,DMSO,DMSO
W0082F0002T0006Z000C1N162.png,12,43.52778885697937,49.20573930477118,14.969030885801963,19.157992196011342,DMSO,DMSO
W0082F0002T0006Z000C1N162.png,13,37.656340767525464,40.26617359681481,14.969030885801963,19.157992196011342,DMSO,DMSO
W0082F0002T0006Z000C1N162.png,14,9.990466819792552,35.83252144599293,14.969030885801963,19.157992196011342,DMSO,DMSO
W0082F0002T0006Z000C1N162.png,15,23.753947040439407,40.04908730598494,14.969030885801963,19.157992196011342,DMSO,DMSO
W0082F0002T0006Z000C1N162.png,16,31.201657051794186,51.053267914015606,14.969030885801963,19.157992196011342,DMSO,DMSO
W0082F0002T0006Z000C1N162.png,17,8.665700119020782,8.049785547038898,14.969030885801963,19.157992196011342,DMSO,DMSO
W0082F0002T0006Z000C1N19.png,1,47.76322057217652,31.366921710292214,12.406781025757324,13.894364791225188,DMSO,DMSO
W0082F0002T0006Z000C1N19.png,2,53.972445921942644,28.006431967835507,12.406781025757324,13.894364791225188,DMSO,DMSO
W0082F0002T0006Z000C1N19.png,3,45.13193827235465,35.0726465595016,12.406781025757324,13.894364791225188,DMSO,DMSO
W0082F0002T0006Z000C1N19.png,4,47.48634571957375,48.29225623052126,12.406781025757324,13.894364791225188,DMSO,DMSO
W0082F0002T0006Z000C1N19.png,5,23.440681290410215,24.222265229567892,12.406781025757324,13.894364791225188,DMSO,DMSO
W0082F0002T0006Z000C1N19.png,6,55.48330535163244,53.40072534011624,12.406781025757324,13.894364791225188,DMSO,DMSO
W0082F0002T0006Z000C1N19.png,7,45.211251150652295,45.434068460884596,12.406781025757324,13.894364791225188,DMSO,DMSO
W0082F0002T0006Z000C1N19.png,8,35.12942907359788,34.31888716722438,12.406781025757324,13.894364791225188,DMSO,DMSO
W0082F0002T0006Z000C1N19.png,9,59.36314944145166,59.05022605285603,12.406781025757324,13.894364791225188,DMSO,DMSO
W0082F0002T0006Z000C1N19.png,10,63.77288093890712,60.95092902436027,12.406781025757324,13.894364791225188,DMSO,DMSO
W0082F0002T0006Z000C1N19.png,11,69.66431590487151,66.8410920700632,12.406781025757324,13.894364791225188,DMSO,DMSO
W0082F0002T0006Z000C1N21.png,1,52.339980237920344,50.52607354419448,10.60635349886492,10.408842177127967,DMSO,DMSO
W0082F0002T0006Z000C1N21.png,2,56.75979576005883,55.24791340854048,10.60635349886492,10.408842177127967,DMSO,DMSO
W0082F0002T0006Z000C1N21.png,3,42.70298411564613,41.139779820343485,10.60635349886492,10.408842177127967,DMSO,DMSO
W0082F0002T0006Z000C1N21.png,4,34.153390934807,33.589394690631345,10.60635349886492,10.408842177127967,DMSO,DMSO
W0082F0002T0006Z000C1N21.png,5,39.11282384042039,40.002298490134145,10.60635349886492,10.408842177127967,DMSO,DMSO
W0082F0002T0006Z000C1N21.png,6,47.73632749210844,49.005222422253226,10.60635349886492,10.408842177127967,DMSO,DMSO
W0082F0002T0006Z000C1N21.png,7,22.217859227546963,23.94787561644797,10.60635349886492,10.408842177127967,DMSO,DMSO
W0082F0002T0006Z000C1N21.png,8,33.576129171512605,35.22823972416163,10.60635349886492,10.408842177127967,DMSO,DMSO
W0082F0002T0006Z000C1N21.png,9,56.668345004844674,58.35895624966339,10.60635349886492,10.408842177127967,DMSO,DMSO
W0082F0002T0006Z000C1N21.png,10,49.50103134950162,51.310441840941955,10.60635349886492,10.408842177127967,DMSO,DMSO
W0082F0002T0006Z000C1N21.png,11,53.83097735865808,55.64112122906376,10.60635349886492,10.408842177127967,DMSO,DMSO
W0082F0002T0006Z000C1N30.png,1,56.71422997329241,38.340173810635406,9.398649237742122,8.847657826639473,DMSO,DMSO
W0082F0002T0006Z000C1N30.png,2,54.29567213677298,32.74814564343913,9.398649237742122,8.847657826639473,DMSO,DMSO
W0082F0002T0006Z000C1N30.png,3,63.83476634246587,35.86748886344868,9.398649237742122,8.847657826639473,DMSO,DMSO
W0082F0002T0006Z000C1N30.png,4,40.53782801935119,25.096603478814405,9.398649237742122,8.847657826639473,DMSO,DMSO
W0082F0002T0006Z000C1N30.png,5,63.706776049335545,37.39550714036059,9.398649237742122,8.847657826639473,DMSO,DMSO
W0082F0002T0006Z000C1N30.png,6,59.10295124892754,48.09394741313898,9.398649237742122,8.847657826639473,DMSO,DMSO
W0082F0002T0006Z000C1N30.png,7,37.04707988852692,33.71566876732941,9.398649237742122,8.847657826639473,DMSO,DMSO
W0082F0002T0006Z000C1N30.png,8,49.85697767712217,44.57132850303435,9.398649237742122,8.847657826639473,DMSO,DMSO
W0082F0002T0006Z000C1N30.png,9,63.24030167847008,56.831418165509,9.398649237742122,8.847657826639473,DMSO,DMSO
W0082F0002T0006Z000C1N35.png,1,44.59380725451277,42.300840548517584,11.809195256126491,11.611562132367022,DMSO,DMSO
W0082F0002T0006Z000C1N35.png,2,44.47388986864064,43.90503584091558,11.809195256126491,11.611562132367022,DMSO,DMSO
W0082F0002T0006Z000C1N35.png,3,14.473234785425555,13.938103858060524,11.809195256126491,11.611562132367022,DMSO,DMSO
W0082F0002T0006Z000C1N35.png,4,28.415867225670524,26.16295090390226,11.809195256126491,11.611562132367022,DMSO,DMSO
W0082F0002T0006Z000C1N35.png,5,40.84637571897242,40.267076542686894,11.809195256126491,11.611562132367022,DMSO,DMSO
W0082F0002T0006Z000C1N35.png,6,6.133394674641566,6.274831705963246,11.809195256126491,11.611562132367022,DMSO,DMSO
W0082F0002T0006Z000C1N35.png,7,25.528350607227257,25.189930188218337,11.809195256126491,11.611562132367022,DMSO,DMSO
W0082F0002T0006Z000C1N35.png,8,10.017806033417056,11.01135777277262,11.809195256126491,11.611562132367022,DMSO,DMSO
W0082F0002T0006Z000C1N35.png,9,28.416314735405013,28.286155998131196,11.809195256126491,11.611562132367022,DMSO,DMSO
W0082F0002T0006Z000C1N35.png,10,22.081970952436723,21.83923164092291,11.809195256126491,11.611562132367022,DMSO,DMSO
W0082F0002T0006Z000C1N35.png,11,24.804093502362406,25.114580377806433,11.809195256126491,11.611562132367022,DMSO,DMSO
W0082F0002T0006Z000C1N35.png,12,32.869472946196055,32.587263224348874,11.809195256126491,11.611562132367022,DMSO,DMSO
W0082F0002T0006Z000C1N35.png,13,34.90730754405105,35.198665058559996,11.809195256126491,11.611562132367022,DMSO,DMSO
W0082F0002T0006Z000C1N35.png,14,19.159495838275237,19.412647541193987,11.809195256126491,11.611562132367022,DMSO,DMSO
W0082F0002T0006Z000C1N35.png,15,20.276145149614763,19.964455056063418,11.809195256126491,11.611562132367022,DMSO,DMSO
W0082F0002T0006Z000C1N35.png,16,29.66097693011551,29.34769678911968,11.809195256126491,11.611562132367022,DMSO,DMSO
W0082F0002T0006Z000C1N35.png,17,39.57138187245828,39.258852119730854,11.809195256126491,11.611562132367022,DMSO,DMSO
W0082F0002T0006Z000C1N35.png,18,35.267519016324236,35.42413400420843,11.809195256126491,11.611562132367022,DMSO,DMSO
W0082F0002T0006Z000C1N35.png,19,47.04629407851255,46.73349993843659,11.809195256126491,11.611562132367022,DMSO,DMSO
W0082F0002T0006Z000C1N35.png,20,27.44680843803666,27.331841341873616,11.809195256126491,11.611562132367022,DMSO,DMSO
W0082F0002T0006Z000C1N35.png,21,36.3493256967275,36.395842582401364,11.809195256126491,11.611562132367022,DMSO,DMSO
W0082F0002T0006Z000C1N35.png,22,43.00984510655719,42.96171209521254,11.809195256126491,11.611562132367022,DMSO,DMSO
W0082F0002T0006Z000C1N35.png,23,38.198397734189406,38.07098234229095,11.809195256126491,11.611562132367022,DMSO,DMSO
W0082F0002T0006Z000C1N35.png,24,41.39094364371272,41.2162025382455,11.809195256126491,11.611562132367022,DMSO,DMSO
W0082F0002T0006Z000C1N35.png,25,46.635649347690226,46.43346459966504,11.809195256126491,11.611562132367022,DMSO,DMSO
W0082F0002T0006Z000C1N35.png,26,17.52838016465555,17.44810042916257,11.809195256126491,11.611562132367022,DMSO,DMSO
W0082F0002T0006Z000C1N35.png,27,9.980259130612039,9.91828017579175,11.809195256126491,11.611562132367022,DMSO,DMSO
W0082F0002T0006Z000C1N36.png,1,32.81030928651636,33.07704780350577,16.911979752036018,17.01606777834987,DMSO,DMSO
W0082F0002T0006Z000C1N36.png,2,54.9176490564061,54.85836936743011,16.911979752036018,17.01606777834987,DMSO,DMSO
W0082F0002T0006Z000C1N36.png,3,24.985836733035214,24.62476339241799,16.911979752036018,17.01606777834987,DMSO,DMSO
W0082F0002T0006Z000C1N36.png,4,57.33221261735535,53.55700130334664,16.911979752036018,17.01606777834987,DMSO,DMSO
W0082F0002T0006Z000C1N36.png,5,31.655631396335558,31.2944206764573,16.911979752036018,17.01606777834987,DMSO,DMSO
W0082F0002T0006Z000C1N36.png,6,60.48015080276678,56.76576720308423,16.911979752036018,17.01606777834987,DMSO,DMSO
W0082F0002T0006Z000C1N36.png,7,62.48210162183087,59.04656005058053,16.911979752036018,17.01606777834987,DMSO,DMSO
W0082F0002T0006Z000C1N36.png,8,80.46099242311696,77.54718369038568,16.911979752036018,17.01606777834987,DMSO,DMSO
W0082F0002T0006Z000C1N36.png,9,39.02780511822387,26.146513528547263,16.911979752036018,17.01606777834987,DMSO,DMSO
W0082F0002T0006Z000C1N36.png,10,64.78466701224596,62.829223618013465,16.911979752036018,17.01606777834987,DMSO,DMSO
W0082F0002T0006Z000C1N4.png,1,39.02094881690991,39.58990890469885,6.949193342188639,7.08902810961319,DMSO,DMSO
W0082F0002T0006Z000C1N4.png,2,38.12200481121694,38.37437397346217,6.949193342188639,7.08902810961319,DMSO,DMSO
W0082F0002T0006Z000C1N4.png,3,36.23830660474413,36.18278282310088,6.949193342188639,7.08902810961319,DMSO,DMSO
W0082F0002T0006Z000C1N4.png,4,39.91623329991094,39.61184176006617,6.949193342188639,7.08902810961319,DMSO,DMSO
W0082F0002T0006Z000C1N4.png,5,25.077216158841225,24.65228756642364,6.949193342188639,7.08902810961319,DMSO,DMSO
W0082F0002T0006Z000C1N4.png,6,16.587575552978194,16.036079579977823,6.949193342188639,7.08902810961319,DMSO,DMSO
W0082F0002T0006Z000C1N4.png,7,36.5600325728363,35.91830485961172,6.949193342188639,7.08902810961319,DMSO,DMSO
W0082F0002T0006Z000C1N4.png,8,35.708551982218516,35.4818919073776,6.949193342188639,7.08902810961319,DMSO,DMSO
W0082F0002T0006Z000C1N4.png,9,34.8612863303668,34.26337860759848,6.949193342188639,7.08902810961319,DMSO,DMSO
W0082F0002T0006Z000C1N4.png,10,39.87501953697257,39.55600704266184,6.949193342188639,7.08902810961319,DMSO,DMSO
W0082F0002T0006Z000C1N4.png,11,39.09806532001042,38.57099608878031,6.949193342188639,7.08902810961319,DMSO,DMSO
W0082F0002T0006Z000C1N45.png,1,46.091206918084616,12.63819751784999,11.128702710285552,21.50653068796871,DMSO,DMSO
W0082F0002T0006Z000C1N45.png,2,33.38869006632535,32.414868985371434,11.128702710285552,21.50653068796871,DMSO,DMSO
W0082F0002T0006Z000C1N45.png,3,40.0938684369077,38.673093430925704,11.128702710285552,21.50653068796871,DMSO,DMSO
W0082F0002T0006Z000C1N45.png,4,33.37052299906568,16.278820596099706,11.128702710285552,21.50653068796871,DMSO,DMSO
W0082F0002T0006Z000C1N45.png,5,20.882275844467824,57.2374440379722,11.128702710285552,21.50653068796871,DMSO,DMSO
W0082F0002T0006Z000C1N45.png,6,17.710714579398946,17.072882802586857,11.128702710285552,21.50653068796871,DMSO,DMSO
W0082F0002T0006Z000C1N45.png,7,14.71481545909484,13.549740177522917,11.128702710285552,21.50653068796871,DMSO,DMSO
W0082F0002T0006Z000C1N45.png,8,16.75518161975904,74.88407707917618,11.128702710285552,21.50653068796871,DMSO,DMSO
W0082F0002T0006Z000C1N46.png,1,54.79632354000735,53.25817018835394,15.102715403023437,14.409920468328318,DMSO,DMSO
W0082F0002T0006Z000C1N46.png,2,45.262858251115475,43.97796592900074,15.102715403023437,14.409920468328318,DMSO,DMSO
W0082F0002T0006Z000C1N46.png,3,49.10968980161336,50.13063389578464,15.102715403023437,14.409920468328318,DMSO,DMSO
W0082F0002T0006Z000C1N46.png,4,40.97596366964325,40.40438813188912,15.102715403023437,14.409920468328318,DMSO,DMSO
W0082F0002T0006Z000C1N46.png,5,61.21177363010108,58.5121900085441,15.102715403023437,14.409920468328318,DMSO,DMSO
W0082F0002T0006Z000C1N46.png,6,36.953875868552274,36.77359911291226,15.102715403023437,14.409920468328318,DMSO,DMSO
W0082F0002T0006Z000C1N46.png,7,50.64069644100631,47.92335615616565,15.102715403023437,14.409920468328318,DMSO,DMSO
W0082F0002T0006Z000C1N46.png,8,35.14284546837649,33.53791714573037,15.102715403023437,14.409920468328318,DMSO,DMSO
W0082F0002T0006Z000C1N46.png,9,43.669597750789286,41.16580793124456,15.102715403023437,14.409920468328318,DMSO,DMSO
W0082F0002T0006Z000C1N46.png,10,28.687535147118414,26.216665787374417,15.102715403023437,14.409920468328318,DMSO,DMSO
W0082F0002T0006Z000C1N46.png,11,30.14021614596641,27.256606033939182,15.102715403023437,14.409920468328318,DMSO,DMSO
W0082F0002T0006Z000C1N46.png,12,16.76726804591415,18.69914959511055,15.102715403023437,14.409920468328318,DMSO,DMSO
W0082F0002T0006Z000C1N46.png,13,45.76519397948511,42.767964945661,15.102715403023437,14.409920468328318,DMSO,DMSO
W0082F0002T0006Z000C1N46.png,14,1.490292397587403,2.0291525544127853,15.102715403023437,14.409920468328318,DMSO,DMSO
W0082F0002T0006Z000C1N46.png,15,20.003600513635288,21.897005688033207,15.102715403023437,14.409920468328318,DMSO,DMSO
W0082F0002T0006Z000C1N46.png,16,49.22979043189035,50.5633705157861,15.102715403023437,14.409920468328318,DMSO,DMSO
W0082F0002T0006Z000C1N5.png,1,56.570969831731,10.965856099730654,12.692410232982192,11.308165072699706,DMSO,DMSO
W0082F0002T0006Z000C1N5.png,2,49.093556431989555,10.688779163215974,12.692410232982192,11.308165072699706,DMSO,DMSO
W0082F0002T0006Z000C1N5.png,3,29.458841736358533,6.4801523996725585,12.692410232982192,11.308165072699706,DMSO,DMSO
W0082F0002T0006Z000C1N5.png,4,40.96500284727521,29.362547621615533,12.692410232982192,11.308165072699706,DMSO,DMSO
W0082F0002T0006Z000C1N5.png,5,25.276607274452733,14.062554082805057,12.692410232982192,11.308165072699706,DMSO,DMSO
W0082F0002T0006Z000C1N5.png,6,23.440256525741237,22.610736104142525,12.692410232982192,11.308165072699706,DMSO,DMSO
W0082F0002T0006Z000C1N5.png,7,36.71766455194255,26.812535786427205,12.692410232982192,11.308165072699706,DMSO,DMSO
W0082F0002T0006Z000C1N5.png,8,37.08049407997884,25.131307610244914,12.692410232982192,11.308165072699706,DMSO,DMSO
W0082F0002T0006Z000C1N5.png,9,51.49462997834398,38.0208182736873,12.692410232982192,11.308165072699706,DMSO,DMSO
W0082F0002T0006Z000C1N5.png,10,35.78916834873857,20.160648665584564,12.692410232982192,11.308165072699706,DMSO,DMSO
W0082F0002T0006Z000C1N5.png,11,41.80750534907918,34.63948287231234,12.692410232982192,11.308165072699706,DMSO,DMSO
W0082F0002T0006Z000C1N5.png,12,54.35789630871927,17.62942204963945,12.692410232982192,11.308165072699706,DMSO,DMSO
W0082F0002T0006Z000C1N5.png,13,34.42643814841476,28.378196135900826,12.692410232982192,11.308165072699706,DMSO,DMSO
W0082F0002T0006Z000C1N5.png,14,52.67369727252251,44.17251485270258,12.692410232982192,11.308165072699706,DMSO,DMSO
W0082F0002T0006Z000C1N5.png,15,52.483663790936454,17.907577334202756,12.692410232982192,11.308165072699706,DMSO,DMSO
W0082F0002T0006Z000C1N5.png,16,51.330430699178734,41.469646565952004,12.692410232982192,11.308165072699706,DMSO,DMSO
W0082F0002T0006Z000C1N5.png,17,64.13928099686436,6.483144870985901,12.692410232982192,11.308165072699706,DMSO,DMSO
W0082F0002T0006Z000C1N5.png,18,70.46791746461001,32.36330276987005,12.692410232982192,11.308165072699706,DMSO,DMSO
W0082F0002T0006Z000C1N53.png,1,24.726018995231094,24.630946490792898,13.76303469699616,13.578383537587307,DMSO,DMSO
W0082F0002T0006Z000C1N53.png,2,43.57649409644948,43.814690225823874,13.76303469699616,13.578383537587307,DMSO,DMSO
W0082F0002T0006Z000C1N53.png,3,49.00502762120569,48.895661500227206,13.76303469699616,13.578383537587307,DMSO,DMSO
W0082F0002T0006Z000C1N53.png,4,39.612105063560136,39.54700247496699,13.76303469699616,13.578383537587307,DMSO,DMSO
W0082F0002T0006Z000C1N53.png,5,66.57709785416928,66.26475472815915,13.76303469699616,13.578383537587307,DMSO,DMSO
W0082F0002T0006Z000C1N53.png,6,42.51548525463806,42.25479082593866,13.76303469699616,13.578383537587307,DMSO,DMSO
W0082F0002T0006Z000C1N53.png,7,36.743190277686736,36.73671944740898,13.76303469699616,13.578383537587307,DMSO,DMSO
W0082F0002T0006Z000C1N53.png,8,19.726246050926232,20.11803757560606,13.76303469699616,13.578383537587307,DMSO,DMSO
W0082F0002T0006Z000C1N53.png,9,59.08926125879064,58.67266948079407,13.76303469699616,13.578383537587307,DMSO,DMSO
W0082F0002T0006Z000C1N53.png,10,24.22624408399183,24.52936022413689,13.76303469699616,13.578383537587307,DMSO,DMSO
W0082F0002T0006Z000C1N53.png,11,36.251328822695676,36.50198705629606,13.76303469699616,13.578383537587307,DMSO,DMSO
W0082F0002T0006Z000C1N53.png,12,33.577458817839776,33.21455843921942,13.76303469699616,13.578383537587307,DMSO,DMSO
W0082F0002T0006Z000C1N53.png,13,48.37957599437586,48.009904305789625,13.76303469699616,13.578383537587307,DMSO,DMSO
W0082F0002T0006Z000C1N53.png,14,62.389781058591446,62.02810514830052,13.76303469699616,13.578383537587307,DMSO,DMSO
W0082F0002T0006Z000C1N54.png,1,55.574467862893165,54.96760140134859,16.235557420298896,16.17720334314612,DMSO,DMSO
W0082F0002T0006Z000C1N54.png,2,52.20083252323257,51.369825955693244,16.235557420298896,16.17720334314612,DMSO,DMSO
W0082F0002T0006Z000C1N54.png,3,21.8537450685479,22.634745485288178,16.235557420298896,16.17720334314612,DMSO,DMSO
W0082F0002T0006Z000C1N54.png,4,52.18534915604963,52.637370315012504,16.235557420298896,16.17720334314612,DMSO,DMSO
W0082F0002T0006Z000C1N54.png,5,52.16374583673678,52.74747626307245,16.235557420298896,16.17720334314612,DMSO,DMSO
W0082F0002T0006Z000C1N54.png,6,56.16150424594656,56.396392934055456,16.235557420298896,16.17720334314612,DMSO,DMSO
W0082F0002T0006Z000C1N54.png,7,45.22360856546314,45.583216257301984,16.235557420298896,16.17720334314612,DMSO,DMSO
W0082F0002T0006Z000C1N54.png,8,40.966706629104955,40.55073869111167,16.235557420298896,16.17720334314612,DMSO,DMSO
W0082F0002T0006Z000C1N54.png,9,19.91127897874334,19.743791582496527,16.235557420298896,16.17720334314612,DMSO,DMSO
W0082F0002T0006Z000C1N54.png,10,40.757682725347884,41.664128694532984,16.235557420298896,16.17720334314612,DMSO,DMSO
W0082F0002T0006Z000C1N54.png,11,20.98720675180559,20.405004525173293,16.235557420298896,16.17720334314612,DMSO,DMSO
W0082F0002T0006Z000C1N54.png,12,43.71468145365434,42.53574576704764,16.235557420298896,16.17720334314612,DMSO,DMSO
W0082F0002T0006Z000C1N54.png,13,8.369165658721336,9.256407623928737,16.235557420298896,16.17720334314612,DMSO,DMSO
W0082F0002T0006Z000C1N54.png,14,9.065001870167597,8.531396404021358,16.235557420298896,16.17720334314612,DMSO,DMSO
W0082F0002T0006Z000C1N54.png,15,42.72373848466784,42.66353520453953,16.235557420298896,16.17720334314612,DMSO,DMSO
W0082F0002T0006Z000C1N57.png,1,26.455170960773284,14.986579644616874,19.979426219785,18.483317186693316,DMSO,DMSO
W0082F0002T0006Z000C1N57.png,2,43.53374621976962,24.37261242225447,19.979426219785,18.483317186693316,DMSO,DMSO
W0082F0002T0006Z000C1N57.png,3,16.007737139355555,10.242358262518362,19.979426219785,18.483317186693316,DMSO,DMSO
W0082F0002T0006Z000C1N57.png,4,84.42892693984389,63.26507992345098,19.979426219785,18.483317186693316,DMSO,DMSO
W0082F0002T0006Z000C1N57.png,5,24.53598340671501,12.848381288411183,19.979426219785,18.483317186693316,DMSO,DMSO
W0082F0002T0006Z000C1N57.png,6,49.43403074324364,48.640940164597026,19.979426219785,18.483317186693316,DMSO,DMSO
W0082F0002T0006Z000C1N57.png,7,32.79186985911738,32.522160237202975,19.979426219785,18.483317186693316,DMSO,DMSO
W0082F0002T0006Z000C1N57.png,8,48.47501435859538,49.04561793356814,19.979426219785,18.483317186693316,DMSO,DMSO
W0082F0002T0006Z000C1N6.png,1,85.44512243062665,4.174159928789388,22.038301876233838,12.517364799943419,DMSO,DMSO
W0082F0002T0006Z000C1N6.png,2,60.648628478490544,37.04986191031885,22.038301876233838,12.517364799943419,DMSO,DMSO
W0082F0002T0006Z000C1N6.png,3,68.1930738163041,35.6931365951495,22.038301876233838,12.517364799943419,DMSO,DMSO
W0082F0002T0006Z000C1N6.png,4,43.222466247012456,7.381510222923553,22.038301876233838,12.517364799943419,DMSO,DMSO
W0082F0002T0006Z000C1N6.png,5,58.46553094121722,11.82277159459972,22.038301876233838,12.517364799943419,DMSO,DMSO
W0082F0002T0006Z000C1N6.png,6,53.21217780885755,13.074550759051737,22.038301876233838,12.517364799943419,DMSO,DMSO
W0082F0002T0006Z000C1N6.png,7,8.959461396883594,10.206370969227628,22.038301876233838,12.517364799943419,DMSO,DMSO
W0082F0002T0006Z000C1N62.png,1,23.444146219863164,23.109776479729575,19.167098295182868,11.979848783622112,DMSO,DMSO
W0082F0002T0006Z000C1N62.png,2,45.21643525555881,45.362534593239594,19.167098295182868,11.979848783622112,DMSO,DMSO
W0082F0002T0006Z000C1N62.png,3,38.88959708544269,38.7707361395088,19.167098295182868,11.979848783622112,DMSO,DMSO
W0082F0002T0006Z000C1N62.png,4,31.655641731197772,31.45444743676192,19.167098295182868,11.979848783622112,DMSO,DMSO
W0082F0002T0006Z000C1N62.png,5,33.95785093996933,34.255012129286584,19.167098295182868,11.979848783622112,DMSO,DMSO
W0082F0002T0006Z000C1N62.png,6,28.226596047656408,28.518086303120313,19.167098295182868,11.979848783622112,DMSO,DMSO
W0082F0002T0006Z000C1N62.png,7,34.80087395157104,34.81417017179174,19.167098295182868,11.979848783622112,DMSO,DMSO
W0082F0002T0006Z000C1N62.png,8,25.164369974845922,25.48274433006405,19.167098295182868,11.979848783622112,DMSO,DMSO
W0082F0002T0006Z000C1N62.png,9,39.60573409276882,39.585708871077735,19.167098295182868,11.979848783622112,DMSO,DMSO
W0082F0002T0006Z000C1N62.png,10,81.32469131085544,44.38480439807595,19.167098295182868,11.979848783622112,DMSO,DMSO
W0082F0002T0006Z000C1N62.png,11,79.78884343796247,0.3841476857205369,19.167098295182868,11.979848783622112,DMSO,DMSO
W0082F0002T0006Z000C1N65.png,1,46.73603876358311,47.1015422456293,8.326363572883134,8.409132622436026,DMSO,DMSO
W0082F0002T0006Z000C1N65.png,2,63.275123736723906,31.825833315209984,8.326363572883134,8.409132622436026,DMSO,DMSO
W0082F0002T0006Z000C1N65.png,3,47.29515743057627,47.74517364969318,8.326363572883134,8.409132622436026,DMSO,DMSO
W0082F0002T0006Z000C1N65.png,4,39.36368200871608,39.3217229809805,8.326363572883134,8.409132622436026,DMSO,DMSO
W0082F0002T0006Z000C1N65.png,5,56.42043838916531,56.69946046614826,8.326363572883134,8.409132622436026,DMSO,DMSO
W0082F0002T0006Z000C1N7.png,1,31.612251024678006,31.303349192769943,22.881199077263688,22.83141867091442,DMSO,DMSO
W0082F0002T0006Z000C1N7.png,2,7.098921149721147,7.302525309878747,22.881199077263688,22.83141867091442,DMSO,DMSO
W0082F0002T0006Z000C1N7.png,3,62.32535779265877,62.06581711047131,22.881199077263688,22.83141867091442,DMSO,DMSO
W0082F0002T0006Z000C1N7.png,4,69.47908616754718,69.28403335200757,22.881199077263688,22.83141867091442,DMSO,DMSO
W0082F0002T0006Z000C1N7.png,5,80.42624760531541,80.47152818679724,22.881199077263688,22.83141867091442,DMSO,DMSO
W0082F0002T0006Z000C1N7.png,6,55.91298552301034,55.914846119010264,22.881199077263688,22.83141867091442,DMSO,DMSO
W0082F0002T0006Z000C1N7.png,7,52.66821525676025,52.59331425787759,22.881199077263688,22.83141867091442,DMSO,DMSO
W0082F0002T0006Z000C1N71.png,1,40.83182186100347,40.741954747742,0.0,0.0,DMSO,DMSO
W0082F0002T0006Z000C1N72.png,1,59.14136160317389,56.82877377830724,17.16088806237524,13.863387853401353,DMSO,DMSO
W0082F0002T0006Z000C1N72.png,2,23.851466960775955,21.126275658748032,17.16088806237524,13.863387853401353,DMSO,DMSO
W0082F0002T0006Z000C1N72.png,3,35.97692669225939,30.700118184068526,17.16088806237524,13.863387853401353,DMSO,DMSO
W0082F0002T0006Z000C1N72.png,4,55.301607803469665,52.360900710190634,17.16088806237524,13.863387853401353,DMSO,DMSO
W0082F0002T0006Z000C1N72.png,5,62.183595752867966,49.16765648040073,17.16088806237524,13.863387853401353,DMSO,DMSO
W0082F0002T0006Z000C1N72.png,6,22.10119641766548,19.091883092036785,17.16088806237524,13.863387853401353,DMSO,DMSO
W0082F0002T0006Z000C1N72.png,7,21.29634940478971,32.35454888325968,17.16088806237524,13.863387853401353,DMSO,DMSO
W0082F0002T0006Z000C1N72.png,8,42.72066206726089,24.733966639744203,17.16088806237524,13.863387853401353,DMSO,DMSO
W0082F0002T0006Z000C1N72.png,9,39.09015799023958,25.06114521951269,17.16088806237524,13.863387853401353,DMSO,DMSO
W0082F0002T0006Z000C1N72.png,10,4.854835375799555,9.934021175934527,17.16088806237524,13.863387853401353,DMSO,DMSO
W0082F0002T0006Z000C1N72.png,11,14.891341745158908,28.616807763506557,17.16088806237524,13.863387853401353,DMSO,DMSO
W0082F0002T0006Z000C1N72.png,12,44.60642852763317,8.587157233615988,17.16088806237524,13.863387853401353,DMSO,DMSO
W0082F0002T0006Z000C1N72.png,13,31.53402957710028,21.402782895667166,17.16088806237524,13.863387853401353,DMSO,DMSO
W0082F0002T0006Z000C1N72.png,14,30.7643623624816,18.706844660667937,17.16088806237524,13.863387853401353,DMSO,DMSO
W0082F0002T0006Z000C1N72.png,15,51.073307282141805,37.25117590999193,17.16088806237524,13.863387853401353,DMSO,DMSO
W0082F0002T0006Z000C1N72.png,16,37.60985753610429,24.755353399783026,17.16088806237524,13.863387853401353,DMSO,DMSO
W0082F0002T0006Z000C1N72.png,17,42.91443130199808,35.10857548064136,17.16088806237524,13.863387853401353,DMSO,DMSO
W0082F0002T0006Z000C1N72.png,18,52.20478582179825,31.164095376908456,17.16088806237524,13.863387853401353,DMSO,DMSO
W0082F0002T0006Z000C1N72.png,19,8.34697060300423,8.593800727626581,17.16088806237524,13.863387853401353,DMSO,DMSO
W0082F0002T0006Z000C1N72.png,20,6.0192877001360605,6.837615402269123,17.16088806237524,13.863387853401353,DMSO,DMSO
W0082F0002T0006Z000C1N74.png,1,74.51643230423362,74.38970399358814,18.821251124449855,18.861769775022395,DMSO,DMSO
W0082F0002T0006Z000C1N74.png,2,67.00094893143132,66.8163153824495,18.821251124449855,18.861769775022395,DMSO,DMSO
W0082F0002T0006Z000C1N74.png,3,27.23278695691735,26.307992901125527,18.821251124449855,18.861769775022395,DMSO,DMSO
W0082F0002T0006Z000C1N74.png,4,54.440433582180354,54.69220516985822,18.821251124449855,18.861769775022395,DMSO,DMSO
W0082F0002T0006Z000C1N74.png,5,22.74801803083853,22.249526979581415,18.821251124449855,18.861769775022395,DMSO,DMSO
W0082F0002T0006Z000C1N74.png,6,54.235054118933775,54.127004919294656,18.821251124449855,18.861769775022395,DMSO,DMSO
W0082F0002T0006Z000C1N74.png,7,59.210635123984886,59.2012873894078,18.821251124449855,18.861769775022395,DMSO,DMSO
W0082F0002T0006Z000C1N74.png,8,49.631372209384146,49.592883596487304,18.821251124449855,18.861769775022395,DMSO,DMSO
W0082F0002T0006Z000C1N74.png,9,4.850728129734085,3.991197193884792,18.821251124449855,18.861769775022395,DMSO,DMSO
W0082F0002T0006Z000C1N74.png,10,9.275745505977993,10.049678900731376,18.821251124449855,18.861769775022395,DMSO,DMSO
W0082F0002T0006Z000C1N74.png,11,21.593979188530323,21.99340347024354,18.821251124449855,18.861769775022395,DMSO,DMSO
W0082F0002T0006Z000C1N74.png,12,28.425350748954934,28.536139230689617,18.821251124449855,18.861769775022395,DMSO,DMSO
W0082F0002T0006Z000C1N74.png,13,24.652736101355842,25.274503893434847,18.821251124449855,18.861769775022395,DMSO,DMSO
W0082F0002T0006Z000C1N74.png,14,27.563296789539972,27.366563501867052,18.821251124449855,18.861769775022395,DMSO,DMSO
W0082F0002T0006Z000C1N74.png,15,10.818065694421795,10.740158721080299,18.821251124449855,18.861769775022395,DMSO,DMSO
W0082F0002T0006Z000C1N74.png,16,35.41274660258228,35.32834421926138,18.821251124449855,18.861769775022395,DMSO,DMSO
W0082F0002T0006Z000C1N74.png,17,39.390837134264316,39.386391723755374,18.821251124449855,18.861769775022395,DMSO,DMSO
W0082F0002T0006Z000C1N74.png,18,36.69104766337574,36.95367659245134,18.821251124449855,18.861769775022395,DMSO,DMSO
W0082F0002T0006Z000C1N74.png,19,39.638771884387374,39.844441234047196,18.821251124449855,18.861769775022395,DMSO,DMSO
W0082F0002T0006Z000C1N74.png,20,8.369242865214806,8.007462054972912,18.821251124449855,18.861769775022395,DMSO,DMSO
W0082F0002T0006Z000C1N74.png,21,34.567941070518536,34.34489479511244,18.821251124449855,18.861769775022395,DMSO,DMSO
W0082F0002T0006Z000C1N74.png,22,47.56363030677458,47.75743830380412,18.821251124449855,18.861769775022395,DMSO,DMSO
W0082F0002T0006Z000C1N78.png,1,43.83910585037867,43.63727709620859,7.563360538306822,7.463325377973808,DMSO,DMSO
W0082F0002T0006Z000C1N78.png,2,32.84798973570347,32.756008204686566,7.563360538306822,7.463325377973808,DMSO,DMSO
W0082F0002T0006Z000C1N78.png,3,25.79892892172301,26.463941862994567,7.563360538306822,7.463325377973808,DMSO,DMSO
W0082F0002T0006Z000C1N78.png,4,35.56927923986046,35.97143664608079,7.563360538306822,7.463325377973808,DMSO,DMSO
W0082F0002T0006Z000C1N78.png,5,35.83699213117637,35.919411497635764,7.563360538306822,7.463325377973808,DMSO,DMSO
W0082F0002T0006Z000C1N78.png,6,17.217402745326396,17.0316906538294,7.563360538306822,7.463325377973808,DMSO,DMSO
W0082F0002T0006Z000C1N78.png,7,34.413493157182664,34.55883963137028,7.563360538306822,7.463325377973808,DMSO,DMSO
W0082F0002T0006Z000C1N78.png,8,48.412561883717,47.67114398181864,7.563360538306822,7.463325377973808,DMSO,DMSO
W0082F0002T0006Z000C1N78.png,9,31.914684669952212,31.161321857403724,7.563360538306822,7.463325377973808,DMSO,DMSO
W0082F0002T0006Z000C1N78.png,10,34.22741208804545,34.04589315755277,7.563360538306822,7.463325377973808,DMSO,DMSO
W0082F0002T0006Z000C1N78.png,11,37.08749422659078,37.33813464951452,7.563360538306822,7.463325377973808,DMSO,DMSO
W0082F0002T0006Z000C1N78.png,12,38.00298821037486,38.39462807943813,7.563360538306822,7.463325377973808,DMSO,DMSO
W0082F0002T0006Z000C1N79.png,1,26.1239565724525,25.847871029001492,9.271607752851766,9.407959408950415,DMSO,DMSO
W0082F0002T0006Z000C1N79.png,2,21.073800659539256,20.96016151658909,9.271607752851766,9.407959408950415,DMSO,DMSO
W0082F0002T0006Z000C1N79.png,3,25.094002122358,24.711939393360797,9.271607752851766,9.407959408950415,DMSO,DMSO
W0082F0002T0006Z000C1N79.png,4,50.27304012345918,50.083776885627465,9.271607752851766,9.407959408950415,DMSO,DMSO
W0082F0002T0006Z000C1N79.png,5,28.465996472126097,28.686661582642845,9.271607752851766,9.407959408950415,DMSO,DMSO
W0082F0002T0006Z000C1N79.png,6,20.85615727215932,19.853254216647322,9.271607752851766,9.407959408950415,DMSO,DMSO
W0082F0002T0006Z000C1N79.png,7,21.83461412092681,22.0473690432076,9.271607752851766,9.407959408950415,DMSO,DMSO
W0082F0002T0006Z000C1N79.png,8,7.852904985011918,8.655974793643514,9.271607752851766,9.407959408950415,DMSO,DMSO
W0082F0002T0006Z000C1N79.png,9,21.609161987305832,22.521539164662652,9.271607752851766,9.407959408950415,DMSO,DMSO
W0082F0002T0006Z000C1N79.png,10,25.74768232245806,25.75479004999607,9.271607752851766,9.407959408950415,DMSO,DMSO
W0082F0002T0006Z000C1N79.png,11,20.08456037846301,20.69499839609174,9.271607752851766,9.407959408950415,DMSO,DMSO
W0082F0002T0006Z000C1N79.png,12,25.94813135902544,26.701549192898874,9.271607752851766,9.407959408950415,DMSO,DMSO
W0082F0002T0006Z000C1N79.png,13,7.702228025100704,7.869200917030146,9.271607752851766,9.407959408950415,DMSO,DMSO
W0082F0002T0006Z000C1N79.png,14,14.626451398157815,14.66764904131249,9.271607752851766,9.407959408950415,DMSO,DMSO
W0082F0002T0006Z000C1N79.png,15,24.474859006967968,24.63858531855219,9.271607752851766,9.407959408950415,DMSO,DMSO
W0082F0002T0006Z000C1N79.png,16,20.674797195757332,20.478909686499513,9.271607752851766,9.407959408950415,DMSO,DMSO
W0082F0002T0006Z000C1N79.png,17,23.293954249858718,23.497100597723723,9.271607752851766,9.407959408950415,DMSO,DMSO
W0082F0002T0006Z000C1N79.png,18,26.62950368249486,32.824642162588,9.271607752851766,9.407959408950415,DMSO,DMSO
W0082F0002T0006Z000C1N79.png,19,36.56813384441089,36.795023231357675,9.271607752851766,9.407959408950415,DMSO,DMSO
W0082F0002T0006Z000C1N79.png,20,10.486689070775768,10.576572395091443,9.271607752851766,9.407959408950415,DMSO,DMSO
W0082F0002T0006Z000C1N80.png,1,5.742283179790153,4.018533695491151,11.088045823401064,11.06664207278908,DMSO,DMSO
W0082F0002T0006Z000C1N80.png,2,47.22510341796167,44.63782201794293,11.088045823401064,11.06664207278908,DMSO,DMSO
W0082F0002T0006Z000C1N80.png,3,30.020688543423024,30.15985887107495,11.088045823401064,11.06664207278908,DMSO,DMSO
W0082F0002T0006Z000C1N80.png,4,20.832886405718536,21.129761082968,11.088045823401064,11.06664207278908,DMSO,DMSO
W0082F0002T0006Z000C1N80.png,5,36.10857620726025,27.853730068852926,11.088045823401064,11.06664207278908,DMSO,DMSO
W0082F0002T0006Z000C1N80.png,6,19.136923908558853,18.96337050927429,11.088045823401064,11.06664207278908,DMSO,DMSO
W0082F0002T0006Z000C1N80.png,7,44.214362872721615,43.98229383341037,11.088045823401064,11.06664207278908,DMSO,DMSO
W0082F0002T0006Z000C1N80.png,8,19.75607949266835,19.49367322989137,11.088045823401064,11.06664207278908,DMSO,DMSO
W0082F0002T0006Z000C1N80.png,9,29.65661159306139,29.56875661044278,11.088045823401064,11.06664207278908,DMSO,DMSO
W0082F0002T0006Z000C1N80.png,10,39.77171877772573,39.461152196128,11.088045823401064,11.06664207278908,DMSO,DMSO
W0082F0002T0006Z000C1N80.png,11,33.96412172103863,33.85287082146025,11.088045823401064,11.06664207278908,DMSO,DMSO
W0082F0002T0006Z000C1N80.png,12,32.10098144102903,31.815045643590192,11.088045823401064,11.06664207278908,DMSO,DMSO
W0082F0002T0006Z000C1N80.png,13,34.33136406046239,34.220833301961484,11.088045823401064,11.06664207278908,DMSO,DMSO
W0082F0002T0006Z000C1N80.png,14,43.21630584786358,43.054309276889484,11.088045823401064,11.06664207278908,DMSO,DMSO
W0082F0002T0006Z000C1N80.png,15,41.444206838054996,41.20016704846271,11.088045823401064,11.06664207278908,DMSO,DMSO
W0082F0002T0006Z000C1N80.png,16,46.14324309811129,45.85175825948047,11.088045823401064,11.06664207278908,DMSO,DMSO
W0082F0002T0006Z000C1N80.png,17,23.683773160354136,23.685063272497754,11.088045823401064,11.06664207278908,DMSO,DMSO
W0082F0002T0006Z000C1N84.png,1,34.36837387817731,7.404870561419875,7.171205223373047,8.044245873480799,DMSO,DMSO
W0082F0002T0006Z000C1N84.png,2,20.561314858584836,5.923252221864551,7.171205223373047,8.044245873480799,DMSO,DMSO
W0082F0002T0006Z000C1N84.png,3,29.50610610512878,28.6144656629941,7.171205223373047,8.044245873480799,DMSO,DMSO
W0082F0002T0006Z000C1N84.png,4,17.982819295489513,11.654699144758839,7.171205223373047,8.044245873480799,DMSO,DMSO
W0082F0002T0006Z000C1N84.png,5,15.102432105515241,14.276597443305356,7.171205223373047,8.044245873480799,DMSO,DMSO
W0082F0002T0006Z000C1N84.png,6,29.154698342527762,31.048290518304572,7.171205223373047,8.044245873480799,DMSO,DMSO
W0082F0002T0006Z000C1N84.png,7,8.806620163622007,5.267516441881916,7.171205223373047,8.044245873480799,DMSO,DMSO
W0082F0002T0006Z000C1N84.png,8,22.88526215273524,19.265629706174966,7.171205223373047,8.044245873480799,DMSO,DMSO
W0082F0002T0006Z000C1N84.png,9,22.66740078969273,17.601958567838434,7.171205223373047,8.044245873480799,DMSO,DMSO
W0082F0002T0006Z000C1N84.png,10,16.63620921071873,16.539194142938122,7.171205223373047,8.044245873480799,DMSO,DMSO
W0082F0002T0006Z000C1N84.png,11,14.784645859656493,7.44537933683622,7.171205223373047,8.044245873480799,DMSO,DMSO
W0082F0002T0006Z000C1N84.png,12,16.69132737577609,11.890439624345886,7.171205223373047,8.044245873480799,DMSO,DMSO
W0082F0002T0006Z000C1N84.png,13,11.669163426851716,6.781744948512153,7.171205223373047,8.044245873480799,DMSO,DMSO
W0082F0002T0006Z000C1N85.png,1,32.37291312179724,33.301397043931445,15.805540928157116,14.28356340048401,DMSO,DMSO
W0082F0002T0006Z000C1N85.png,2,17.356554957709783,14.683702227677843,15.805540928157116,14.28356340048401,DMSO,DMSO
W0082F0002T0006Z000C1N85.png,3,26.669270706189174,21.731952921396132,15.805540928157116,14.28356340048401,DMSO,DMSO
W0082F0002T0006Z000C1N85.png,4,8.743547910889625,13.543332392444793,15.805540928157116,14.28356340048401,DMSO,DMSO
W0082F0002T0006Z000C1N85.png,5,7.0710678118654755,7.917982346813131,15.805540928157116,14.28356340048401,DMSO,DMSO
W0082F0002T0006Z000C1N85.png,6,39.73977856002723,28.69030638657517,15.805540928157116,14.28356340048401,DMSO,DMSO
W0082F0002T0006Z000C1N85.png,7,39.18774401018181,35.43667926986328,15.805540928157116,14.28356340048401,DMSO,DMSO
W0082F0002T0006Z000C1N85.png,8,45.830424792767005,39.7917539266059,15.805540928157116,14.28356340048401,DMSO,DMSO
W0082F0002T0006Z000C1N85.png,9,35.56014564772535,35.566891133926546,15.805540928157116,14.28356340048401,DMSO,DMSO
W0082F0002T0006Z000C1N85.png,10,26.50279893817342,6.270605533805531,15.805540928157116,14.28356340048401,DMSO,DMSO
W0082F0002T0006Z000C1N85.png,11,13.571396457089815,13.797657433026908,15.805540928157116,14.28356340048401,DMSO,DMSO
W0082F0002T0006Z000C1N85.png,12,36.86863185996825,37.09105519110754,15.805540928157116,14.28356340048401,DMSO,DMSO
W0082F0002T0006Z000C1N85.png,13,20.51351831286418,8.52252728415386,15.805540928157116,14.28356340048401,DMSO,DMSO
W0082F0002T0006Z000C1N85.png,14,15.73890437670915,15.697756302890772,15.805540928157116,14.28356340048401,DMSO,DMSO
W0082F0002T0006Z000C1N85.png,15,47.4866916408241,35.463812945966545,15.805540928157116,14.28356340048401,DMSO,DMSO
W0082F0002T0006Z000C1N85.png,16,25.44592133120176,25.346349070642184,15.805540928157116,14.28356340048401,DMSO,DMSO
W0082F0002T0006Z000C1N85.png,17,42.52376090386451,37.18935177874927,15.805540928157116,14.28356340048401,DMSO,DMSO
W0082F0002T0006Z000C1N85.png,18,34.48418696758595,34.5240930832472,15.805540928157116,14.28356340048401,DMSO,DMSO
W0082F0002T0006Z000C1N85.png,19,7.86089023329221,7.8273105737662085,15.805540928157116,14.28356340048401,DMSO,DMSO
W0082F0002T0006Z000C1N85.png,20,55.94832684092527,47.715756110734084,15.805540928157116,14.28356340048401,DMSO,DMSO
W0082F0002T0006Z000C1N85.png,21,17.633445779957007,17.65140822374364,15.805540928157116,14.28356340048401,DMSO,DMSO
W0082F0002T0006Z000C1N85.png,22,38.187916858067645,38.13013106367976,15.805540928157116,14.28356340048401,DMSO,DMSO
W0082F0002T0006Z000C1N85.png,23,28.33743351945877,28.36457522581783,15.805540928157116,14.28356340048401,DMSO,DMSO
W0082F0002T0006Z000C1N85.png,24,73.36245133076879,64.43551413161867,15.805540928157116,14.28356340048401,DMSO,DMSO
W0082F0002T0006Z000C1N87.png,1,36.847263407982695,38.67661506831436,4.976277148777243,4.61694118093021,DMSO,DMSO
W0082F0002T0006Z000C1N87.png,2,34.597856294491756,34.021780387658325,4.976277148777243,4.61694118093021,DMSO,DMSO
W0082F0002T0006Z000C1N87.png,3,25.347583711273153,27.423278056681713,4.976277148777243,4.61694118093021,DMSO,DMSO
W0082F0002T0006Z000C1N93.png,1,53.27317513793629,53.62748060949159,9.853610396953409,9.774155648706472,DMSO,DMSO
W0082F0002T0006Z000C1N93.png,2,59.758097479647695,60.111848202734954,9.853610396953409,9.774155648706472,DMSO,DMSO
W0082F0002T0006Z000C1N93.png,3,38.57625972950897,38.88301541257909,9.853610396953409,9.774155648706472,DMSO,DMSO
W0082F0002T0006Z000C1N93.png,4,39.26397785625993,39.49369061432601,9.853610396953409,9.774155648706472,DMSO,DMSO
W0082F0002T0006Z000C1N93.png,5,30.873669780575327,31.259980832141906,9.853610396953409,9.774155648706472,DMSO,DMSO
W0082F0002T0006Z000C1N93.png,6,60.492776171385884,60.800658495405216,9.853610396953409,9.774155648706472,DMSO,DMSO
W0082F0002T0006Z000C1N93.png,7,56.257272856754426,56.5061076256631,9.853610396953409,9.774155648706472,DMSO,DMSO
W0082F0002T0006Z000C1N93.png,8,44.79432266364552,44.650986208295464,9.853610396953409,9.774155648706472,DMSO,DMSO
W0082F0002T0006Z000C1N93.png,9,53.62032043414647,53.3320079154399,9.853610396953409,9.774155648706472,DMSO,DMSO
W0082F0002T0006Z000C1N93.png,10,64.04797593870637,63.74053406395163,9.853610396953409,9.774155648706472,DMSO,DMSO
W0082F0002T0006Z000C1N93.png,11,61.727248121609826,61.36559633055141,9.853610396953409,9.774155648706472,DMSO,DMSO
W0082F0002T0006Z000C1N93.png,12,46.44704810046622,46.13693104172911,9.853610396953409,9.774155648706472,DMSO,DMSO
W0082F0002T0006Z000C1N93.png,13,46.770771969283345,46.41487635050171,9.853610396953409,9.774155648706472,DMSO,DMSO
W0082F0003T0006Z000C1N1.png,1,16.003916979934726,9.52162580784877,15.967619751696958,17.487161410195615,DMSO,DMSO
W0082F0003T0006Z000C1N1.png,2,19.078151191588073,13.394760077555683,15.967619751696958,17.487161410195615,DMSO,DMSO
W0082F0003T0006Z000C1N1.png,3,21.676958048024034,21.561331016748408,15.967619751696958,17.487161410195615,DMSO,DMSO
W0082F0003T0006Z000C1N1.png,4,23.211369879040838,23.193705552761617,15.967619751696958,17.487161410195615,DMSO,DMSO
W0082F0003T0006Z000C1N1.png,5,29.105491197947853,29.446554849690664,15.967619751696958,17.487161410195615,DMSO,DMSO
W0082F0003T0006Z000C1N1.png,6,53.66609728036907,53.03078193694451,15.967619751696958,17.487161410195615,DMSO,DMSO
W0082F0003T0006Z000C1N1.png,7,49.88363193519322,50.42186855868605,15.967619751696958,17.487161410195615,DMSO,DMSO
W0082F0003T0006Z000C1N1.png,8,57.71266260763526,56.91089872848606,15.967619751696958,17.487161410195615,DMSO,DMSO
W0082F0003T0006Z000C1N10.png,1,83.72089437268842,83.62127379513103,20.779680894099506,20.781840283285074,DMSO,DMSO
W0082F0003T0006Z000C1N10.png,2,21.496427608997074,21.21653028913284,20.779680894099506,20.781840283285074,DMSO,DMSO
W0082F0003T0006Z000C1N10.png,3,9.582138452781805,9.247248484255135,20.779680894099506,20.781840283285074,DMSO,DMSO
W0082F0003T0006Z000C1N10.png,4,18.85193081876386,18.612788267486025,20.779680894099506,20.781840283285074,DMSO,DMSO
W0082F0003T0006Z000C1N10.png,5,13.00370753473505,13.270846375505041,20.779680894099506,20.781840283285074,DMSO,DMSO
W0082F0003T0006Z000C1N10.png,6,51.91102873189359,52.19223005640057,20.779680894099506,20.781840283285074,DMSO,DMSO
W0082F0003T0006Z000C1N10.png,7,18.415155411810776,18.715357970853997,20.779680894099506,20.781840283285074,DMSO,DMSO
W0082F0003T0006Z000C1N10.png,8,23.434910244619022,23.76982589951714,20.779680894099506,20.781840283285074,DMSO,DMSO
W0082F0003T0006Z000C1N10.png,9,48.480880517469025,48.385522524408294,20.779680894099506,20.781840283285074,DMSO,DMSO
W0082F0003T0006Z000C1N10.png,10,32.13459180785725,32.181512495658204,20.779680894099506,20.781840283285074,DMSO,DMSO
W0082F0003T0006Z000C1N10.png,11,30.550975648596932,30.756443144898586,20.779680894099506,20.781840283285074,DMSO,DMSO
W0082F0003T0006Z000C1N12.png,1,29.312167871775493,29.10104362378142,13.657474365971762,13.651554384754334,DMSO,DMSO
W0082F0003T0006Z000C1N12.png,2,7.079472530743611,6.878183136791651,13.657474365971762,13.651554384754334,DMSO,DMSO
W0082F0003T0006Z000C1N12.png,3,21.348123380079198,21.14956958405725,13.657474365971762,13.651554384754334,DMSO,DMSO
W0082F0003T0006Z000C1N12.png,4,28.40965405068593,28.21474640566975,13.657474365971762,13.651554384754334,DMSO,DMSO
W0082F0003T0006Z000C1N12.png,5,7.556480317765107,7.543155374596011,13.657474365971762,13.651554384754334,DMSO,DMSO
W0082F0003T0006Z000C1N12.png,6,42.49239907317474,42.701680474234564,13.657474365971762,13.651554384754334,DMSO,DMSO
W0082F0003T0006Z000C1N12.png,7,23.731658393541277,23.8694678453914,13.657474365971762,13.651554384754334,DMSO,DMSO
W0082F0003T0006Z000C1N12.png,8,32.260483560772755,32.24524289319493,13.657474365971762,13.651554384754334,DMSO,DMSO
W0082F0003T0006Z000C1N12.png,9,24.634001314898953,24.74060738429707,13.657474365971762,13.651554384754334,DMSO,DMSO
W0082F0003T0006Z000C1N12.png,10,55.97283894344383,56.00509771492289,13.657474365971762,13.651554384754334,DMSO,DMSO
W0082F0003T0006Z000C1N12.png,11,50.985919649520106,50.710628068848486,13.657474365971762,13.651554384754334,DMSO,DMSO
W0082F0003T0006Z000C1N12.png,12,31.078185357909327,30.86381543643205,13.657474365971762,13.651554384754334,DMSO,DMSO
W0082F0003T0006Z000C1N12.png,13,40.13890281602596,40.00501357468975,13.657474365971762,13.651554384754334,DMSO,DMSO
W0082F0003T0006Z000C1N12.png,14,38.29902741174861,37.753032900280985,13.657474365971762,13.651554384754334,DMSO,DMSO
W0082F0003T0006Z000C1N15.png,1,63.00234266687544,62.78446415724981,6.545438624900579,6.649196042342015,DMSO,DMSO
W0082F0003T0006Z000C1N15.png,2,50.200808066118846,50.014956979169796,6.545438624900579,6.649196042342015,DMSO,DMSO
W0082F0003T0006Z000C1N15.png,3,61.57214365042593,61.376361486747975,6.545438624900579,6.649196042342015,DMSO,DMSO
W0082F0003T0006Z000C1N15.png,4,51.120282921082655,50.79288428008716,6.545438624900579,6.649196042342015,DMSO,DMSO
W0082F0003T0006Z000C1N15.png,5,44.4791731602936,44.208003391218355,6.545438624900579,6.649196042342015,DMSO,DMSO
W0082F0003T0006Z000C1N15.png,6,61.46892025863802,61.65199597897173,6.545438624900579,6.649196042342015,DMSO,DMSO
W0082F0003T0006Z000C1N15.png,7,62.40571965593959,62.61059692181567,6.545438624900579,6.649196042342015,DMSO,DMSO
W0082F0003T0006Z000C1N15.png,8,54.71090443095252,54.92938937239832,6.545438624900579,6.649196042342015,DMSO,DMSO
W0082F0003T0006Z000C1N17.png,1,41.794440230907334,25.292931681119068,10.838888572399188,7.867209222966698,DMSO,DMSO
W0082F0003T0006Z000C1N17.png,2,45.73771103886569,18.988848231293908,10.838888572399188,7.867209222966698,DMSO,DMSO
W0082F0003T0006Z000C1N17.png,3,32.19425318114321,15.548469299387074,10.838888572399188,7.867209222966698,DMSO,DMSO
W0082F0003T0006Z000C1N17.png,4,25.552126477930866,22.589179611780576,10.838888572399188,7.867209222966698,DMSO,DMSO
W0082F0003T0006Z000C1N17.png,5,33.660426531042134,15.385680627983358,10.838888572399188,7.867209222966698,DMSO,DMSO
W0082F0003T0006Z000C1N17.png,6,21.551806895194865,19.92515987351822,10.838888572399188,7.867209222966698,DMSO,DMSO
W0082F0003T0006Z000C1N17.png,7,23.11431826181721,19.375340598439532,10.838888572399188,7.867209222966698,DMSO,DMSO
W0082F0003T0006Z000C1N17.png,8,19.188633909689162,15.935402193425803,10.838888572399188,7.867209222966698,DMSO,DMSO
W0082F0003T0006Z000C1N17.png,9,20.129379782244825,21.66740415381873,10.838888572399188,7.867209222966698,DMSO,DMSO
W0082F0003T0006Z000C1N17.png,10,18.06283305570138,15.5503416659816,10.838888572399188,7.867209222966698,DMSO,DMSO
W0082F0003T0006Z000C1N17.png,11,47.04515319027373,18.281921516350675,10.838888572399188,7.867209222966698,DMSO,DMSO
W0082F0003T0006Z000C1N17.png,12,45.28533036247822,45.28533036247822,10.838888572399188,7.867209222966698,DMSO,DMSO
W0082F0003T0006Z000C1N23.png,1,26.437499429983358,12.553317877970178,15.71946619651923,7.1428174511626334,DMSO,DMSO
W0082F0003T0006Z000C1N23.png,2,16.728409587550903,14.230249470757707,15.71946619651923,7.1428174511626334,DMSO,DMSO
W0082F0003T0006Z000C1N23.png,3,9.922588181914916,2.1425299689207633,15.71946619651923,7.1428174511626334,DMSO,DMSO
W0082F0003T0006Z000C1N23.png,4,33.40669621773552,21.486564423428312,15.71946619651923,7.1428174511626334,DMSO,DMSO
W0082F0003T0006Z000C1N23.png,5,20.912201865425786,20.569894830363474,15.71946619651923,7.1428174511626334,DMSO,DMSO
W0082F0003T0006Z000C1N23.png,6,29.976204750555915,6.158443599930552,15.71946619651923,7.1428174511626334,DMSO,DMSO
W0082F0003T0006Z000C1N23.png,7,37.844602319244494,21.762848403752646,15.71946619651923,7.1428174511626334,DMSO,DMSO
W0082F0003T0006Z000C1N23.png,8,25.171448156526875,19.354003983769548,15.71946619651923,7.1428174511626334,DMSO,DMSO
W0082F0003T0006Z000C1N23.png,9,66.93630210290385,22.449537865420083,15.71946619651923,7.1428174511626334,DMSO,DMSO
W0082F0003T0006Z000C1N23.png,10,43.255822882171685,30.16594883528149,15.71946619651923,7.1428174511626334,DMSO,DMSO
W0082F0003T0006Z000C1N23.png,11,56.57860283262511,21.274179254388304,15.71946619651923,7.1428174511626334,DMSO,DMSO
W0082F0003T0006Z000C1N23.png,12,49.694734582412416,20.095491986660615,15.71946619651923,7.1428174511626334,DMSO,DMSO
W0082F0003T0006Z000C1N23.png,13,43.8425239783049,14.203293987336282,15.71946619651923,7.1428174511626334,DMSO,DMSO
W0082F0003T0006Z000C1N29.png,1,41.20699344152104,41.382363393117124,6.340615484846087,6.378800029827644,DMSO,DMSO
W0082F0003T0006Z000C1N29.png,2,38.44395080530629,38.4267485065037,6.340615484846087,6.378800029827644,DMSO,DMSO
W0082F0003T0006Z000C1N29.png,3,26.06403236208096,26.050067995563428,6.340615484846087,6.378800029827644,DMSO,DMSO
W0082F0003T0006Z000C1N29.png,4,41.64092227325781,41.65548239637917,6.340615484846087,6.378800029827644,DMSO,DMSO
W0082F0003T0006Z000C1N35.png,1,12.651710139148499,12.0906432007326,17.26769115768437,16.427010743715712,DMSO,DMSO
W0082F0003T0006Z000C1N35.png,2,29.04270566220873,28.002328799416144,17.26769115768437,16.427010743715712,DMSO,DMSO
W0082F0003T0006Z000C1N35.png,3,54.61524989232412,52.05310664237534,17.26769115768437,16.427010743715712,DMSO,DMSO
W0082F0003T0006Z000C1N39.png,1,43.387036040419254,52.802165271786514,6.095940458470746,7.435404194608305,DMSO,DMSO
W0082F0003T0006Z000C1N39.png,2,49.414322285863186,49.487080878115016,6.095940458470746,7.435404194608305,DMSO,DMSO
W0082F0003T0006Z000C1N39.png,3,32.17016714453479,32.546218156136845,6.095940458470746,7.435404194608305,DMSO,DMSO
W0082F0003T0006Z000C1N39.png,4,46.95451270413079,47.42450285950821,6.095940458470746,7.435404194608305,DMSO,DMSO
W0082F0003T0006Z000C1N39.png,5,39.1757507057975,38.88288260734013,6.095940458470746,7.435404194608305,DMSO,DMSO
W0082F0003T0006Z000C1N41.png,1,61.835601647684264,61.548411693995355,18.599507003122913,18.606961752103025,DMSO,DMSO
W0082F0003T0006Z000C1N41.png,2,17.208760823842947,16.90679082595841,18.599507003122913,18.606961752103025,DMSO,DMSO
W0082F0003T0006Z000C1N41.png,3,16.677522175736545,16.57299167137155,18.599507003122913,18.606961752103025,DMSO,DMSO
W0082F0003T0006Z000C1N41.png,4,59.8708945876909,59.52919464485702,18.599507003122913,18.606961752103025,DMSO,DMSO
W0082F0003T0006Z000C1N41.png,5,52.40492613215098,52.31167899490392,18.599507003122913,18.606961752103025,DMSO,DMSO
W0082F0003T0006Z000C1N41.png,6,12.770381108807006,12.498853005474041,18.599507003122913,18.606961752103025,DMSO,DMSO
W0082F0003T0006Z000C1N41.png,7,36.260482892431426,35.99582667653759,18.599507003122913,18.606961752103025,DMSO,DMSO
W0082F0003T0006Z000C1N41.png,8,9.110872381346182,8.94677623343137,18.599507003122913,18.606961752103025,DMSO,DMSO
W0082F0003T0006Z000C1N41.png,9,33.30806687286341,33.59641137282977,18.599507003122913,18.606961752103025,DMSO,DMSO
W0082F0003T0006Z000C1N41.png,10,40.65350932466882,40.94738611559251,18.599507003122913,18.606961752103025,DMSO,DMSO
W0082F0003T0006Z000C1N41.png,11,52.65827097338473,52.5034393570085,18.599507003122913,18.606961752103025,DMSO,DMSO
W0082F0003T0006Z000C1N41.png,12,38.69843475005957,39.0362279353673,18.599507003122913,18.606961752103025,DMSO,DMSO
W0082F0003T0006Z000C1N41.png,13,55.13884487813792,55.462769060378925,18.599507003122913,18.606961752103025,DMSO,DMSO
W0082F0003T0006Z000C1N41.png,14,43.671924761803396,43.61149058545977,18.599507003122913,18.606961752103025,DMSO,DMSO
W0082F0003T0006Z000C1N41.png,15,29.818166121879493,30.034801465211096,18.599507003122913,18.606961752103025,DMSO,DMSO
W0082F0003T0006Z000C1N41.png,16,50.585569541043384,50.34171784049834,18.599507003122913,18.606961752103025,DMSO,DMSO
W0082F0003T0006Z000C1N41.png,17,55.96506977553879,55.65395867802989,18.599507003122913,18.606961752103025,DMSO,DMSO
W0082F0003T0006Z000C1N41.png,18,78.05939758898496,78.3775685515806,18.599507003122913,18.606961752103025,DMSO,DMSO
W0082F0003T0006Z000C1N41.png,19,67.62847771351969,67.29333137186191,18.599507003122913,18.606961752103025,DMSO,DMSO
W0082F0003T0006Z000C1N41.png,20,54.55015733810083,54.19789075369901,18.599507003122913,18.606961752103025,DMSO,DMSO
W0082F0003T0006Z000C1N46.png,1,49.930752991753025,50.69630263851147,11.180185147681055,11.271965411150644,DMSO,DMSO
W0082F0003T0006Z000C1N46.png,2,38.08294731379264,38.853510152647324,11.180185147681055,11.271965411150644,DMSO,DMSO
W0082F0003T0006Z000C1N46.png,3,24.604993157877935,24.89086024579054,11.180185147681055,11.271965411150644,DMSO,DMSO
W0082F0003T0006Z000C1N46.png,4,17.501961249779576,17.67070348192166,11.180185147681055,11.271965411150644,DMSO,DMSO
W0082F0003T0006Z000C1N46.png,5,34.249757571552124,34.22998383002495,11.180185147681055,11.271965411150644,DMSO,DMSO
W0082F0003T0006Z000C1N46.png,6,9.580458455400484,9.559654035927517,11.180185147681055,11.271965411150644,DMSO,DMSO
W0082F0003T0006Z000C1N46.png,7,39.67503769661864,38.98667231874408,11.180185147681055,11.271965411150644,DMSO,DMSO
W0082F0003T0006Z000C1N46.png,8,29.520809183186888,29.495273538089148,11.180185147681055,11.271965411150644,DMSO,DMSO
W0082F0003T0006Z000C1N46.png,9,30.331643408926457,30.27843814226081,11.180185147681055,11.271965411150644,DMSO,DMSO
W0082F0003T0006Z000C1N46.png,10,39.4828590953105,39.42216599132928,11.180185147681055,11.271965411150644,DMSO,DMSO
W0082F0003T0006Z000C1N5.png,1,29.58892197680794,29.19636713383504,2.0073950379724894,2.135587676738301,DMSO,DMSO
W0082F0003T0006Z000C1N5.png,2,28.855875604437202,28.84680463714785,2.0073950379724894,2.135587676738301,DMSO,DMSO
W0082F0003T0006Z000C1N5.png,3,32.20150860206105,32.431344057875215,2.0073950379724894,2.135587676738301,DMSO,DMSO
W0082F0003T0006Z000C1N5.png,4,26.576180766939874,26.428851230095564,2.0073950379724894,2.135587676738301,DMSO,DMSO
W0082F0003T0006Z000C1N57.png,1,8.623516054654427,8.450300582417492,17.992440585945328,19.50704711404404,DMSO,DMSO
W0082F0003T0006Z000C1N57.png,2,19.123872243465055,10.727324147663484,17.992440585945328,19.50704711404404,DMSO,DMSO
W0082F0003T0006Z000C1N57.png,3,26.327176018394756,3.7111152694587566,17.992440585945328,19.50704711404404,DMSO,DMSO
W0082F0003T0006Z000C1N57.png,4,8.969049532609153,8.838795903960445,17.992440585945328,19.50704711404404,DMSO,DMSO
W0082F0003T0006Z000C1N57.png,5,15.656228973444845,14.057421922639705,17.992440585945328,19.50704711404404,DMSO,DMSO
W0082F0003T0006Z000C1N57.png,6,22.559680612801273,22.601904132127544,17.992440585945328,19.50704711404404,DMSO,DMSO
W0082F0003T0006Z000C1N57.png,7,27.886752630905914,27.732393732330173,17.992440585945328,19.50704711404404,DMSO,DMSO
W0082F0003T0006Z000C1N57.png,8,35.62959551699928,35.48844545165793,17.992440585945328,19.50704711404404,DMSO,DMSO
W0082F0003T0006Z000C1N57.png,9,75.19236058830269,75.00685491835354,17.992440585945328,19.50704711404404,DMSO,DMSO
W0082F0003T0006Z000C1N57.png,10,39.031016735298564,38.84538216934977,17.992440585945328,19.50704711404404,DMSO,DMSO
W0082F0003T0006Z000C1N57.png,11,57.913018976012204,57.72878802868753,17.992440585945328,19.50704711404404,DMSO,DMSO
W0082F0003T0006Z000C1N57.png,12,17.482971164166166,17.665129855009415,17.992440585945328,19.50704711404404,DMSO,DMSO
W0082F0003T0006Z000C1N57.png,13,31.225854562707102,31.411456381381296,17.992440585945328,19.50704711404404,DMSO,DMSO
W0082F0003T0006Z000C1N57.png,14,17.203828750542346,17.19214243875701,17.992440585945328,19.50704711404404,DMSO,DMSO
W0082F0003T0006Z000C1N58.png,1,98.07086212684791,97.76738260251669,23.667733022348283,23.849474559600424,DMSO,DMSO
W0082F0003T0006Z000C1N58.png,2,52.89130829066708,52.764150725322075,23.667733022348283,23.849474559600424,DMSO,DMSO
W0082F0003T0006Z000C1N58.png,3,44.01947248388391,43.007119669412376,23.667733022348283,23.849474559600424,DMSO,DMSO
W0082F0003T0006Z000C1N59.png,1,36.61019886989339,36.93234155874384,3.543217527715736,3.5509407907801336,DMSO,DMSO
W0082F0003T0006Z000C1N59.png,2,32.694034205070146,33.22042063436789,3.543217527715736,3.5509407907801336,DMSO,DMSO
W0082F0003T0006Z000C1N59.png,3,41.359761262547075,41.88868940847944,3.543217527715736,3.5509407907801336,DMSO,DMSO
W0082F0003T0006Z000C1N61.png,1,49.24736320219878,48.18336723274353,13.653748412220846,12.26276647104848,DMSO,DMSO
W0082F0003T0006Z000C1N61.png,2,34.642020295727434,33.71781095827448,13.653748412220846,12.26276647104848,DMSO,DMSO
W0082F0003T0006Z000C1N61.png,3,19.023779425977448,19.734772572549385,13.653748412220846,12.26276647104848,DMSO,DMSO
W0082F0003T0006Z000C1N61.png,4,12.251240002728919,13.218239491942798,13.653748412220846,12.26276647104848,DMSO,DMSO
W0082F0003T0006Z000C1N61.png,5,8.34279462903301,47.12276134996503,13.653748412220846,12.26276647104848,DMSO,DMSO
W0082F0003T0006Z000C1N61.png,6,46.74551187802565,46.707263147813805,13.653748412220846,12.26276647104848,DMSO,DMSO
W0082F0003T0006Z000C1N61.png,7,27.159382593487237,27.11735532464246,13.653748412220846,12.26276647104848,DMSO,DMSO
W0082F0003T0006Z000C1N61.png,8,22.432050969446408,22.251146055026126,13.653748412220846,12.26276647104848,DMSO,DMSO
W0082F0003T0006Z000C1N61.png,9,37.33444579973372,37.2294034921113,13.653748412220846,12.26276647104848,DMSO,DMSO
W0082F0003T0006Z000C1N62.png,1,50.40299458453727,50.22555167869364,7.74902246492252,7.734669950061376,DMSO,DMSO
W0082F0003T0006Z000C1N62.png,2,40.33133071338644,40.11754342737585,7.74902246492252,7.734669950061376,DMSO,DMSO
W0082F0003T0006Z000C1N62.png,3,41.953363280489,41.88464628121406,7.74902246492252,7.734669950061376,DMSO,DMSO
W0082F0003T0006Z000C1N62.png,4,24.30004286576134,24.156056924601195,7.74902246492252,7.734669950061376,DMSO,DMSO
W0082F0003T0006Z000C1N62.png,5,31.65328120318518,31.516611265240115,7.74902246492252,7.734669950061376,DMSO,DMSO
W0082F0003T0006Z000C1N62.png,6,40.97533002395882,40.827697389603884,7.74902246492252,7.734669950061376,DMSO,DMSO
W0082F0003T0006Z000C1N62.png,7,29.485361223537346,29.465925644284948,7.74902246492252,7.734669950061376,DMSO,DMSO
W0082F0003T0006Z000C1N62.png,8,38.85287533383803,38.95553279285521,7.74902246492252,7.734669950061376,DMSO,DMSO
W0082F0003T0006Z000C1N64.png,1,31.707707888259097,14.774957959874172,10.43394577403981,6.008594904740525,DMSO,DMSO
W0082F0003T0006Z000C1N64.png,2,21.16188124428795,19.54908831629658,10.43394577403981,6.008594904740525,DMSO,DMSO
W0082F0003T0006Z000C1N64.png,3,45.81709214675934,22.14403346902838,10.43394577403981,6.008594904740525,DMSO,DMSO
W0082F0003T0006Z000C1N64.png,4,39.93947941194365,16.377067264710753,10.43394577403981,6.008594904740525,DMSO,DMSO
W0082F0003T0006Z000C1N64.png,5,41.54577652325569,23.56707501565242,10.43394577403981,6.008594904740525,DMSO,DMSO
W0082F0003T0006Z000C1N64.png,6,14.807175228356803,32.9546383379628,10.43394577403981,6.008594904740525,DMSO,DMSO
W0082F0003T0006Z000C1N64.png,7,30.00120880369766,28.525378348568914,10.43394577403981,6.008594904740525,DMSO,DMSO
W0082F0003T0006Z000C1N66.png,1,24.127732480133826,24.160666505466196,12.50170028520865,13.46296140767779,DMSO,DMSO
W0082F0003T0006Z000C1N66.png,2,34.88233407880648,12.036748289185308,12.50170028520865,13.46296140767779,DMSO,DMSO
W0082F0003T0006Z000C1N66.png,3,22.963950249592685,14.646906746293832,12.50170028520865,13.46296140767779,DMSO,DMSO
W0082F0003T0006Z000C1N66.png,4,8.454250674846351,7.976667895292228,12.50170028520865,13.46296140767779,DMSO,DMSO
W0082F0003T0006Z000C1N66.png,5,14.599614858059589,14.771558299644134,12.50170028520865,13.46296140767779,DMSO,DMSO
W0082F0003T0006Z000C1N66.png,6,26.34903258483061,24.855665812723885,12.50170028520865,13.46296140767779,DMSO,DMSO
W0082F0003T0006Z000C1N66.png,7,19.81956022422145,20.00321140882837,12.50170028520865,13.46296140767779,DMSO,DMSO
W0082F0003T0006Z000C1N66.png,8,28.23611835310986,27.907627907974955,12.50170028520865,13.46296140767779,DMSO,DMSO
W0082F0003T0006Z000C1N66.png,9,27.4297912140892,28.58271399839801,12.50170028520865,13.46296140767779,DMSO,DMSO
W0082F0003T0006Z000C1N66.png,10,19.099139780949265,17.858854958388125,12.50170028520865,13.46296140767779,DMSO,DMSO
W0082F0003T0006Z000C1N66.png,11,54.42012147447871,53.11532892294127,12.50170028520865,13.46296140767779,DMSO,DMSO
W0082F0003T0006Z000C1N66.png,12,41.84313518943004,42.295595748111765,12.50170028520865,13.46296140767779,DMSO,DMSO
W0082F0003T0006Z000C1N66.png,13,39.78486351392031,38.84554741540032,12.50170028520865,13.46296140767779,DMSO,DMSO
W0082F0003T0006Z000C1N66.png,14,39.11777516036342,38.633484807846614,12.50170028520865,13.46296140767779,DMSO,DMSO
W0082F0003T0006Z000C1N66.png,15,47.54533655279447,46.46438471635264,12.50170028520865,13.46296140767779,DMSO,DMSO
W0082F0003T0006Z000C1N66.png,16,45.32560226709534,45.26170064058651,12.50170028520865,13.46296140767779,DMSO,DMSO
W0082F0003T0006Z000C1N68.png,1,19.63516109197067,32.016826208945616,11.961796406207439,12.11667526732899,DMSO,DMSO
W0082F0003T0006Z000C1N68.png,2,8.85522425509425,8.527538244983193,11.961796406207439,12.11667526732899,DMSO,DMSO
W0082F0003T0006Z000C1N68.png,3,37.8021163428716,11.661903789690601,11.961796406207439,12.11667526732899,DMSO,DMSO
W0082F0003T0006Z000C1N68.png,4,18.679990399922048,8.325576443172634,11.961796406207439,12.11667526732899,DMSO,DMSO
W0082F0003T0006Z000C1N68.png,5,2.5405350504879043,28.798630368667038,11.961796406207439,12.11667526732899,DMSO,DMSO
W0082F0003T0006Z000C1N68.png,6,8.61012839100261,15.263847567805296,11.961796406207439,12.11667526732899,DMSO,DMSO
W0082F0003T0006Z000C1N68.png,7,22.51676128469507,25.48688629157172,11.961796406207439,12.11667526732899,DMSO,DMSO
W0082F0003T0006Z000C1N68.png,8,23.407030916925624,45.73624869230579,11.961796406207439,12.11667526732899,DMSO,DMSO
W0082F0003T0006Z000C1N68.png,9,25.821721792211278,34.48832330578633,11.961796406207439,12.11667526732899,DMSO,DMSO
W0082F0003T0006Z000C1N68.png,10,24.786559459543362,22.20014030907836,11.961796406207439,12.11667526732899,DMSO,DMSO
W0082F0003T0006Z000C1N68.png,11,10.307764064044152,13.647344063956181,11.961796406207439,12.11667526732899,DMSO,DMSO
W0082F0003T0006Z000C1N68.png,12,28.600699292150182,12.307395284234376,11.961796406207439,12.11667526732899,DMSO,DMSO
W0082F0003T0006Z000C1N68.png,13,40.97737921866052,30.480387455478308,11.961796406207439,12.11667526732899,DMSO,DMSO
W0082F0003T0006Z000C1N68.png,14,32.8685967991355,25.246711541913367,11.961796406207439,12.11667526732899,DMSO,DMSO
W0082F0003T0006Z000C1N68.png,15,15.140904944218976,31.764467511179816,11.961796406207439,12.11667526732899,DMSO,DMSO
W0082F0003T0006Z000C1N68.png,16,28.388481406907154,39.81519810323691,11.961796406207439,12.11667526732899,DMSO,DMSO
W0082F0003T0006Z000C1N68.png,17,47.56830663915505,45.41200281863816,11.961796406207439,12.11667526732899,DMSO,DMSO
W0082F0003T0006Z000C1N68.png,18,37.26269528642515,40.93763401797538,11.961796406207439,12.11667526732899,DMSO,DMSO
W0082F0003T0006Z000C1N70.png,1,46.77329993764157,18.53495920896925,10.802701027446656,7.773496588754886,DMSO,DMSO
W0082F0003T0006Z000C1N70.png,2,45.115243767369975,42.20636834484354,10.802701027446656,7.773496588754886,DMSO,DMSO
W0082F0003T0006Z000C1N70.png,3,33.91645211034393,29.21779713737087,10.802701027446656,7.773496588754886,DMSO,DMSO
W0082F0003T0006Z000C1N70.png,4,42.87499051421228,33.18167860761942,10.802701027446656,7.773496588754886,DMSO,DMSO
W0082F0003T0006Z000C1N70.png,5,28.585772198388817,30.126261326186007,10.802701027446656,7.773496588754886,DMSO,DMSO
W0082F0003T0006Z000C1N70.png,6,51.22622004678064,32.497248220407435,10.802701027446656,7.773496588754886,DMSO,DMSO
W0082F0003T0006Z000C1N70.png,7,33.02225724326634,25.009034111013083,10.802701027446656,7.773496588754886,DMSO,DMSO
W0082F0003T0006Z000C1N70.png,8,35.23031368598508,32.21146954047299,10.802701027446656,7.773496588754886,DMSO,DMSO
W0082F0003T0006Z000C1N70.png,9,18.602767234704636,18.764700821694465,10.802701027446656,7.773496588754886,DMSO,DMSO
W0082F0003T0006Z000C1N70.png,10,33.95408002375053,34.74284348182245,10.802701027446656,7.773496588754886,DMSO,DMSO
W0082F0003T0006Z000C1N70.png,11,13.795334058262616,16.87108194997218,10.802701027446656,7.773496588754886,DMSO,DMSO
W0082F0003T0006Z000C1N70.png,12,27.31503179978003,27.474163773366964,10.802701027446656,7.773496588754886,DMSO,DMSO
W0082F0003T0006Z000C1N70.png,13,35.284042599108005,38.97931106874803,10.802701027446656,7.773496588754886,DMSO,DMSO
W0082F0003T0006Z000C1N70.png,14,14.816748288121445,15.333412727888632,10.802701027446656,7.773496588754886,DMSO,DMSO
W0082F0003T0006Z000C1N70.png,15,29.025808158030145,28.507776338572334,10.802701027446656,7.773496588754886,DMSO,DMSO
W0082F0003T0006Z000C1N76.png,1,45.51614785146993,45.61598731345834,9.666467718246032,9.736241045934372,DMSO,DMSO
W0082F0003T0006Z000C1N76.png,2,53.002392513901896,52.95423919942538,9.666467718246032,9.736241045934372,DMSO,DMSO
W0082F0003T0006Z000C1N76.png,3,39.92490341221602,39.815538822442825,9.666467718246032,9.736241045934372,DMSO,DMSO
W0082F0003T0006Z000C1N76.png,4,33.81253322974078,33.68972966614983,9.666467718246032,9.736241045934372,DMSO,DMSO
W0082F0003T0006Z000C1N76.png,5,52.20110780694945,52.299359892175666,9.666467718246032,9.736241045934372,DMSO,DMSO
W0082F0003T0006Z000C1N76.png,6,37.83846907427578,37.67954998266025,9.666467718246032,9.736241045934372,DMSO,DMSO
W0082F0003T0006Z000C1N76.png,7,64.01502203832834,64.0746619747117,9.666467718246032,9.736241045934372,DMSO,DMSO
W0082F0003T0006Z000C1N76.png,8,56.5219343547749,56.554734308333884,9.666467718246032,9.736241045934372,DMSO,DMSO
W0082F0003T0006Z000C1N77.png,1,77.17821329119252,19.8201118445583,11.26307067923773,17.61222927780869,DMSO,DMSO
W0082F0003T0006Z000C1N77.png,2,64.50789859663251,22.63624250054355,11.26307067923773,17.61222927780869,DMSO,DMSO
W0082F0003T0006Z000C1N77.png,3,55.56195074432349,17.017305217273297,11.26307067923773,17.61222927780869,DMSO,DMSO
W0082F0003T0006Z000C1N77.png,4,60.42256566675053,57.50946276599822,11.26307067923773,17.61222927780869,DMSO,DMSO
W0082F0003T0006Z000C1N77.png,5,36.416362777694076,33.73956793940047,11.26307067923773,17.61222927780869,DMSO,DMSO
W0082F0003T0006Z000C1N77.png,6,51.61171814641988,46.64446195636124,11.26307067923773,17.61222927780869,DMSO,DMSO
W0082F0003T0006Z000C1N77.png,7,60.88230326710763,57.77813371597638,11.26307067923773,17.61222927780869,DMSO,DMSO
W0082F0003T0006Z000C1N77.png,8,62.6214926909645,55.002388687375756,11.26307067923773,17.61222927780869,DMSO,DMSO
W0082F0003T0006Z000C1N77.png,9,73.14667752163857,65.51434739469809,11.26307067923773,17.61222927780869,DMSO,DMSO
W0082F0003T0006Z000C1N79.png,1,55.045982695171176,54.909778996023505,16.736501594117875,15.948986961367018,DMSO,DMSO
W0082F0003T0006Z000C1N79.png,2,32.933174487318425,32.88038587642834,16.736501594117875,15.948986961367018,DMSO,DMSO
W0082F0003T0006Z000C1N79.png,3,32.83053423127392,34.61884848540909,16.736501594117875,15.948986961367018,DMSO,DMSO
W0082F0003T0006Z000C1N79.png,4,10.654228876167283,15.455655341353834,16.736501594117875,15.948986961367018,DMSO,DMSO
W0082F0003T0006Z000C1N79.png,5,45.3851986252612,45.91293307031379,16.736501594117875,15.948986961367018,DMSO,DMSO
W0082F0003T0006Z000C1N79.png,6,22.01754790999612,20.91298007289098,16.736501594117875,15.948986961367018,DMSO,DMSO
W0082F0003T0006Z000C1N79.png,7,11.354816587458188,11.319541407306371,16.736501594117875,15.948986961367018,DMSO,DMSO
W0082F0003T0006Z000C1N79.png,8,5.919487064414839,5.815227751913356,16.736501594117875,15.948986961367018,DMSO,DMSO
W0082F0003T0006Z000C1N79.png,9,51.66757916036776,48.17346119399955,16.736501594117875,15.948986961367018,DMSO,DMSO
W0082F0003T0006Z000C1N79.png,10,39.53409232950912,39.55111064222461,16.736501594117875,15.948986961367018,DMSO,DMSO
W0082F0003T0006Z000C1N82.png,1,29.2922164087658,28.65990236644919,11.626834365794842,9.992654872103245,DMSO,DMSO
W0082F0003T0006Z000C1N82.png,2,19.541008487751032,16.590594702325692,11.626834365794842,9.992654872103245,DMSO,DMSO
W0082F0003T0006Z000C1N82.png,3,1.2199704327176764,4.163122585018896,11.626834365794842,9.992654872103245,DMSO,DMSO
W0082F0003T0006Z000C1N82.png,4,5.635143732902869,8.857891502938191,11.626834365794842,9.992654872103245,DMSO,DMSO
W0082F0003T0006Z000C1N82.png,5,1.8357270380213875,9.694964030726599,11.626834365794842,9.992654872103245,DMSO,DMSO
W0082F0003T0006Z000C1N82.png,6,9.42202278250731,9.938185278267406,11.626834365794842,9.992654872103245,DMSO,DMSO
W0082F0003T0006Z000C1N82.png,7,20.311235528896763,20.05557193011914,11.626834365794842,9.992654872103245,DMSO,DMSO
W0082F0003T0006Z000C1N82.png,8,24.98745093840978,21.716279539653335,11.626834365794842,9.992654872103245,DMSO,DMSO
W0082F0003T0006Z000C1N82.png,9,21.907487651781228,21.159061131810827,11.626834365794842,9.992654872103245,DMSO,DMSO
W0082F0003T0006Z000C1N82.png,10,23.069262309488195,20.313882809027398,11.626834365794842,9.992654872103245,DMSO,DMSO
W0082F0003T0006Z000C1N82.png,11,34.33559267498997,30.261839448649102,11.626834365794842,9.992654872103245,DMSO,DMSO
W0082F0003T0006Z000C1N82.png,12,30.99024293585684,19.63588518423476,11.626834365794842,9.992654872103245,DMSO,DMSO
W0082F0003T0006Z000C1N82.png,13,30.59665555782398,6.032741058744228,11.626834365794842,9.992654872103245,DMSO,DMSO
W0082F0003T0006Z000C1N82.png,14,31.015251277484403,1.0019684585869282,11.626834365794842,9.992654872103245,DMSO,DMSO
W0082F0003T0006Z000C1N82.png,15,39.00662990410684,11.146050399114516,11.626834365794842,9.992654872103245,DMSO,DMSO
W0082F0003T0006Z000C1N82.png,16,36.24754578558591,36.00422722331738,11.626834365794842,9.992654872103245,DMSO,DMSO
W0082F0003T0006Z000C1N82.png,17,29.311471818623755,8.772912340249686,11.626834365794842,9.992654872103245,DMSO,DMSO
W0082F0003T0006Z000C1N82.png,18,31.380819566955203,31.161557548372382,11.626834365794842,9.992654872103245,DMSO,DMSO
W0082F0003T0006Z000C1N82.png,19,23.78242443252391,23.530632650608386,11.626834365794842,9.992654872103245,DMSO,DMSO
W0082F0003T0006Z000C1N82.png,20,49.42397929582864,36.48786487676068,11.626834365794842,9.992654872103245,DMSO,DMSO
W0082F0003T0006Z000C1N82.png,21,30.0630240946688,29.862132721576394,11.626834365794842,9.992654872103245,DMSO,DMSO
W0082F0003T0006Z000C1N82.png,22,27.150123710383077,27.443121770195663,11.626834365794842,9.992654872103245,DMSO,DMSO
W0082F0003T0006Z000C1N82.png,23,19.508295550046796,19.3998294721919,11.626834365794842,9.992654872103245,DMSO,DMSO
W0082F0003T0006Z000C1N82.png,24,6.461853492622825,6.566913452450231,11.626834365794842,9.992654872103245,DMSO,DMSO
W0082F0003T0006Z000C1N82.png,25,18.94555705627861,18.645415594794542,11.626834365794842,9.992654872103245,DMSO,DMSO
W0082F0003T0006Z000C1N87.png,1,29.941812651060225,29.51190672504176,17.54830316909499,17.15149540423197,DMSO,DMSO
W0082F0003T0006Z000C1N87.png,2,21.098854756075053,20.715591643472667,17.54830316909499,17.15149540423197,DMSO,DMSO
W0082F0003T0006Z000C1N87.png,3,52.249540752980614,52.34314731964495,17.54830316909499,17.15149540423197,DMSO,DMSO
W0082F0003T0006Z000C1N87.png,4,70.86829772671025,70.12769921366642,17.54830316909499,17.15149540423197,DMSO,DMSO
W0082F0003T0006Z000C1N87.png,5,53.73665757787925,52.03003698338957,17.54830316909499,17.15149540423197,DMSO,DMSO
W0082F0003T0006Z000C1N87.png,6,18.82103044616696,20.877228942369527,17.54830316909499,17.15149540423197,DMSO,DMSO
W0082F0003T0006Z000C1N87.png,7,26.12010042573858,24.71082513690006,17.54830316909499,17.15149540423197,DMSO,DMSO
W0082F0003T0006Z000C1N87.png,8,29.435413174744205,29.012754120231616,17.54830316909499,17.15149540423197,DMSO,DMSO
W0082F0003T0006Z000C1N91.png,1,6.057093135006496,6.321372535497551,14.825407072312561,22.387205972956245,DMSO,DMSO
W0082F0003T0006Z000C1N91.png,2,4.1096767467432445,3.9553615658493144,14.825407072312561,22.387205972956245,DMSO,DMSO
W0082F0003T0006Z000C1N91.png,3,25.262871066243235,18.971345741843248,14.825407072312561,22.387205972956245,DMSO,DMSO
W0082F0003T0006Z000C1N91.png,4,27.053927563764443,26.725456029785533,14.825407072312561,22.387205972956245,DMSO,DMSO
W0082F0003T0006Z000C1N91.png,5,29.774132217783738,27.11698493988291,14.825407072312561,22.387205972956245,DMSO,DMSO
W0082F0003T0006Z000C1N91.png,6,42.7688693293833,57.44858319518121,14.825407072312561,22.387205972956245,DMSO,DMSO
W0082F0003T0006Z000C1N91.png,7,33.72975305530793,48.011078855133746,14.825407072312561,22.387205972956245,DMSO,DMSO
W0082F0003T0006Z000C1N91.png,8,27.258016708855223,24.466521236262004,14.825407072312561,22.387205972956245,DMSO,DMSO
W0082F0003T0006Z000C1N91.png,9,43.58816778987068,57.11272024819954,14.825407072312561,22.387205972956245,DMSO,DMSO
W0082F0003T0006Z000C1N91.png,10,45.85840031689227,62.61468175988682,14.825407072312561,22.387205972956245,DMSO,DMSO
W0082F0003T0006Z000C1N91.png,11,6.865914305324324,41.559522685014464,14.825407072312561,22.387205972956245,DMSO,DMSO
W0082F0003T0006Z000C1N91.png,12,11.01135777277262,46.62385914212825,14.825407072312561,22.387205972956245,DMSO,DMSO
W0082F0003T0006Z000C1N91.png,13,15.7003017455153,27.488094672977873,14.825407072312561,22.387205972956245,DMSO,DMSO
W0082F0003T0006Z000C1N91.png,14,28.780621335859923,16.976269135401157,14.825407072312561,22.387205972956245,DMSO,DMSO
W0082F0003T0006Z000C1N91.png,15,8.270985772008565,64.04912646984793,14.825407072312561,22.387205972956245,DMSO,DMSO
W0082F0003T0006Z000C1N91.png,16,9.953466172435173,59.58847620109708,14.825407072312561,22.387205972956245,DMSO,DMSO
W0082F0003T0006Z000C1N91.png,17,54.35441202148517,20.318980688701725,14.825407072312561,22.387205972956245,DMSO,DMSO
W0082F0003T0006Z000C1N91.png,18,12.177481905771323,77.67872907001168,14.825407072312561,22.387205972956245,DMSO,DMSO
W0082F0003T0006Z000C1N91.png,19,30.137479496632732,77.27515531902866,14.825407072312561,22.387205972956245,DMSO,DMSO
W0082F0003T0006Z000C1N92.png,1,11.020181308655348,3.941211521640483,11.225582050398199,12.417896524250208,DMSO,DMSO
W0082F0003T0006Z000C1N92.png,2,6.772772874802806,6.7964118392640644,11.225582050398199,12.417896524250208,DMSO,DMSO
W0082F0003T0006Z000C1N92.png,3,39.14517094916582,39.25187846469673,11.225582050398199,12.417896524250208,DMSO,DMSO
W0082F0003T0006Z000C1N92.png,4,30.213625580739933,30.693690804979042,11.225582050398199,12.417896524250208,DMSO,DMSO
W0082F0003T0006Z000C1N92.png,5,28.492774886313516,28.232321406278974,11.225582050398199,12.417896524250208,DMSO,DMSO
W0082F0003T0006Z000C1N92.png,6,37.80746267232046,38.10988960908448,11.225582050398199,12.417896524250208,DMSO,DMSO
W0082F0003T0006Z000C1N92.png,7,39.39699365658231,38.89439355632688,11.225582050398199,12.417896524250208,DMSO,DMSO
W0082F0003T0006Z000C1N92.png,8,20.050425007524296,19.735285232612725,11.225582050398199,12.417896524250208,DMSO,DMSO
W0082F0003T0006Z000C1N92.png,9,32.97701309273267,32.46335065198641,11.225582050398199,12.417896524250208,DMSO,DMSO
W0082F0003T0006Z000C1N92.png,10,36.86434996795173,36.567860527503626,11.225582050398199,12.417896524250208,DMSO,DMSO
