image,pbody_number,dist_nuclei,dist_mito,nuclei_std,mito_std,medicine,group
W0028F0001T0006Z000C1N100.png,1,12.512107841125635,12.244002995793291,3.509464197956084,3.5243586016043627,T3380,G2
W0028F0001T0006Z000C1N100.png,2,11.534487390416043,11.399878200780245,3.509464197956084,3.5243586016043627,T3380,G2
W0028F0001T0006Z000C1N100.png,3,11.575521167637312,11.295635852675735,3.509464197956084,3.5243586016043627,T3380,G2
W0028F0001T0006Z000C1N100.png,4,10.026010507412455,9.818452922120235,3.509464197956084,3.5243586016043627,T3380,G2
W0028F0001T0006Z000C1N100.png,5,12.130120206670986,12.028489255308624,3.509464197956084,3.5243586016043627,T3380,G2
W0028F0001T0006Z000C1N100.png,6,9.599012262580661,9.317367778948244,3.509464197956084,3.5243586016043627,T3380,G2
W0028F0001T0006Z000C1N100.png,7,11.53553875183171,11.250117801244382,3.509464197956084,3.5243586016043627,T3380,G2
W0028F0001T0006Z000C1N100.png,8,5.23305158110813,5.103827808842887,3.509464197956084,3.5243586016043627,T3380,G2
W0028F0001T0006Z000C1N100.png,9,8.0745280588385,8.148049329198694,3.509464197956084,3.5243586016043627,T3380,G2
W0028F0001T0006Z000C1N100.png,10,2.521168428802772,2.342508553154663,3.509464197956084,3.5243586016043627,T3380,G2
W0028F0001T0006Z000C1N100.png,11,7.8987648718366446,8.022150474276083,3.509464197956084,3.5243586016043627,T3380,G2
W0028F0001T0006Z000C1N100.png,12,8.941284301372082,8.72154243509137,3.509464197956084,3.5243586016043627,T3380,G2
W0028F0001T0006Z000C1N100.png,13,4.906339835620231,4.672444366813417,3.509464197956084,3.5243586016043627,T3380,G2
W0028F0001T0006Z000C1N100.png,14,10.63991879203867,10.434757319222392,3.509464197956084,3.5243586016043627,T3380,G2
W0028F0001T0006Z000C1N100.png,15,6.041594158699249,5.82404166888995,3.509464197956084,3.5243586016043627,T3380,G2
W0028F0001T0006Z000C1N100.png,16,7.1823699054178185,7.343883721724686,3.509464197956084,3.5243586016043627,T3380,G2
W0028F0001T0006Z000C1N100.png,17,0.884787441559155,0.8364767197394322,3.509464197956084,3.5243586016043627,T3380,G2
W0028F0001T0006Z000C1N100.png,18,8.064440168806962,8.28572725361763,3.509464197956084,3.5243586016043627,T3380,G2
W0028F0001T0006Z000C1N100.png,19,1.5593405426988216,1.6871818691386233,3.509464197956084,3.5243586016043627,T3380,G2
W0028F0001T0006Z000C1N100.png,20,8.562532711967572,8.417372783019154,3.509464197956084,3.5243586016043627,T3380,G2
W0028F0001T0006Z000C1N100.png,21,5.4561419643905404,5.711633992428191,3.509464197956084,3.5243586016043627,T3380,G2
W0028F0001T0006Z000C1N100.png,22,7.495229357571104,7.749171878795353,3.509464197956084,3.5243586016043627,T3380,G2
W0028F0001T0006Z000C1N100.png,23,2.5317657022406,2.7654361404996246,3.509464197956084,3.5243586016043627,T3380,G2
W0028F0001T0006Z000C1N100.png,24,9.741174588479321,9.657158814452314,3.509464197956084,3.5243586016043627,T3380,G2
W0028F0001T0006Z000C1N100.png,25,4.575174200057213,4.693295752231727,3.509464197956084,3.5243586016043627,T3380,G2
W0028F0001T0006Z000C1N100.png,26,4.423870621102396,4.672698320522661,3.509464197956084,3.5243586016043627,T3380,G2
W0028F0001T0006Z000C1N100.png,27,13.706668029847318,13.961732579430475,3.509464197956084,3.5243586016043627,T3380,G2
W0028F0001T0006Z000C1N100.png,28,9.971053491330016,9.935898898070532,3.509464197956084,3.5243586016043627,T3380,G2
W0028F0001T0006Z000C1N100.png,29,5.8962346477497105,6.093585888419355,3.509464197956084,3.5243586016043627,T3380,G2
W0028F0001T0006Z000C1N100.png,30,7.112359218440216,7.3455011408218365,3.509464197956084,3.5243586016043627,T3380,G2
W0028F0001T0006Z000C1N100.png,31,10.333469297496297,10.371535284973149,3.509464197956084,3.5243586016043627,T3380,G2
W0028F0001T0006Z000C1N100.png,32,8.51633743948756,8.665469078019164,3.509464197956084,3.5243586016043627,T3380,G2
W0028F0001T0006Z000C1N100.png,33,10.27016611291789,10.33822364255352,3.509464197956084,3.5243586016043627,T3380,G2
W0028F0001T0006Z000C1N100.png,34,12.117203822791641,12.402989304321647,3.509464197956084,3.5243586016043627,T3380,G2
W0028F0001T0006Z000C1N100.png,35,15.862446733631693,16.1432511658446,3.509464197956084,3.5243586016043627,T3380,G2
W0028F0001T0006Z000C1N100.png,36,9.643548675580215,9.895105955796902,3.509464197956084,3.5243586016043627,T3380,G2
W0028F0001T0006Z000C1N100.png,37,12.110722669233661,12.398833893319875,3.509464197956084,3.5243586016043627,T3380,G2
W0028F0001T0006Z000C1N100.png,38,10.823628497348336,11.103903580295936,3.509464197956084,3.5243586016043627,T3380,G2
W0028F0001T0006Z000C1N100.png,39,13.90760753526382,14.195661663626213,3.509464197956084,3.5243586016043627,T3380,G2
W0028F0001T0006Z000C1N100.png,40,12.230072422177997,12.515122671420217,3.509464197956084,3.5243586016043627,T3380,G2
W0028F0001T0006Z000C1N12.png,1,6.3361510601424635,3.6873929378552925,2.308592453838686,2.5362661651463125,T3380,G2
W0028F0001T0006Z000C1N12.png,2,2.248156987975848,0.9554667734901937,2.308592453838686,2.5362661651463125,T3380,G2
W0028F0001T0006Z000C1N12.png,3,2.356858593191212,1.5219060390773471,2.308592453838686,2.5362661651463125,T3380,G2
W0028F0001T0006Z000C1N12.png,4,2.128799771531192,1.755008074840365,2.308592453838686,2.5362661651463125,T3380,G2
W0028F0001T0006Z000C1N12.png,5,6.53996067053776,6.5247977655353235,2.308592453838686,2.5362661651463125,T3380,G2
W0028F0001T0006Z000C1N12.png,6,3.3808098249373515,3.3521081347678616,2.308592453838686,2.5362661651463125,T3380,G2
W0028F0001T0006Z000C1N12.png,7,4.173605987979853,4.217669108425735,2.308592453838686,2.5362661651463125,T3380,G2
W0028F0001T0006Z000C1N12.png,8,6.820473771459365,6.856703309570617,2.308592453838686,2.5362661651463125,T3380,G2
W0028F0001T0006Z000C1N12.png,9,8.449187230838271,8.48935926185624,2.308592453838686,2.5362661651463125,T3380,G2
W0028F0001T0006Z000C1N12.png,10,1.7122949532555545,1.1375,2.308592453838686,2.5362661651463125,T3380,G2
W0028F0001T0006Z000C1N12.png,11,3.817629315462382,2.413426226101394,2.308592453838686,2.5362661651463125,T3380,G2
W0028F0001T0006Z000C1N12.png,12,6.62040517924437,6.769120619487274,2.308592453838686,2.5362661651463125,T3380,G2
W0028F0001T0006Z000C1N12.png,13,4.180439737967499,3.883885980883064,2.308592453838686,2.5362661651463125,T3380,G2
W0028F0001T0006Z000C1N12.png,14,7.946241586894671,8.223247831869026,2.308592453838686,2.5362661651463125,T3380,G2
W0028F0001T0006Z000C1N12.png,15,7.8392920727544615,7.87650366959549,2.308592453838686,2.5362661651463125,T3380,G2
W0028F0001T0006Z000C1N12.png,16,2.726494346928106,2.884162308066533,2.308592453838686,2.5362661651463125,T3380,G2
W0028F0001T0006Z000C1N12.png,17,1.1738174631029863,1.1463148629859763,2.308592453838686,2.5362661651463125,T3380,G2
W0028F0001T0006Z000C1N12.png,18,3.6245334992727756,3.711632228987261,2.308592453838686,2.5362661651463125,T3380,G2
W0028F0001T0006Z000C1N19.png,1,4.315101511318295,3.1550651907096228,1.4021430555328578,1.8541364411373455,T3380,G2
W0028F0001T0006Z000C1N19.png,2,4.449553391712361,6.2013508454011275,1.4021430555328578,1.8541364411373455,T3380,G2
W0028F0001T0006Z000C1N19.png,3,5.367717904630279,7.962287877742799,1.4021430555328578,1.8541364411373455,T3380,G2
W0028F0001T0006Z000C1N19.png,4,5.987766767281958,3.778014507285916,1.4021430555328578,1.8541364411373455,T3380,G2
W0028F0001T0006Z000C1N19.png,5,8.215270607893979,3.5997295135867726,1.4021430555328578,1.8541364411373455,T3380,G2
W0028F0001T0006Z000C1N19.png,6,3.7961387393255195,7.073151400030777,1.4021430555328578,1.8541364411373455,T3380,G2
W0028F0001T0006Z000C1N19.png,7,6.3505332177018285,7.230894966315642,1.4021430555328578,1.8541364411373455,T3380,G2
W0028F0001T0006Z000C1N25.png,1,1.4717174416620669,1.4185136404280436,2.106845184617981,2.1289830371981573,T3380,G2
W0028F0001T0006Z000C1N25.png,2,2.475318122646101,4.03667293149285,2.106845184617981,2.1289830371981573,T3380,G2
W0028F0001T0006Z000C1N25.png,3,1.2520001358936748,2.898057612685546,2.106845184617981,2.1289830371981573,T3380,G2
W0028F0001T0006Z000C1N25.png,4,2.141941337431924,2.2968945614772234,2.106845184617981,2.1289830371981573,T3380,G2
W0028F0001T0006Z000C1N25.png,5,1.2277507106010421,1.178930629266322,2.106845184617981,2.1289830371981573,T3380,G2
W0028F0001T0006Z000C1N25.png,6,1.6819417205684868,0.6474105012135796,2.106845184617981,2.1289830371981573,T3380,G2
W0028F0001T0006Z000C1N25.png,7,1.2962841709818709,0.8068455215816693,2.106845184617981,2.1289830371981573,T3380,G2
W0028F0001T0006Z000C1N25.png,8,6.840589469863726,5.828544402649252,2.106845184617981,2.1289830371981573,T3380,G2
W0028F0001T0006Z000C1N25.png,9,5.241621124603425,4.11218773700769,2.106845184617981,2.1289830371981573,T3380,G2
W0028F0001T0006Z000C1N25.png,10,2.212857982652496,0.8958347987833729,2.106845184617981,2.1289830371981573,T3380,G2
W0028F0001T0006Z000C1N25.png,11,2.5867901286950308,1.2325156854350814,2.106845184617981,2.1289830371981573,T3380,G2
W0028F0001T0006Z000C1N25.png,12,1.955201415126721,1.9197390725358483,2.106845184617981,2.1289830371981573,T3380,G2
W0028F0001T0006Z000C1N25.png,13,5.801759098521887,4.688972338278853,2.106845184617981,2.1289830371981573,T3380,G2
W0028F0001T0006Z000C1N25.png,14,2.0586158967174315,2.044520411567188,2.106845184617981,2.1289830371981573,T3380,G2
W0028F0001T0006Z000C1N25.png,15,1.531630478398137,1.5601003199285497,2.106845184617981,2.1289830371981573,T3380,G2
W0028F0001T0006Z000C1N25.png,16,2.1253196968380546,1.2577882373436315,2.106845184617981,2.1289830371981573,T3380,G2
W0028F0001T0006Z000C1N25.png,17,3.23419350129735,3.2449955173384617,2.106845184617981,2.1289830371981573,T3380,G2
W0028F0001T0006Z000C1N25.png,18,3.915457325647187,3.776184623730678,2.106845184617981,2.1289830371981573,T3380,G2
W0028F0001T0006Z000C1N25.png,19,3.9545135964561937,3.988154873967461,2.106845184617981,2.1289830371981573,T3380,G2
W0028F0001T0006Z000C1N25.png,20,2.451612178577823,2.6672051517560917,2.106845184617981,2.1289830371981573,T3380,G2
W0028F0001T0006Z000C1N25.png,21,4.337685761958404,4.341283467590275,2.106845184617981,2.1289830371981573,T3380,G2
W0028F0001T0006Z000C1N25.png,22,1.301922740298633,1.0717935625210513,2.106845184617981,2.1289830371981573,T3380,G2
W0028F0001T0006Z000C1N25.png,23,6.633887913153106,6.365961399774165,2.106845184617981,2.1289830371981573,T3380,G2
W0028F0001T0006Z000C1N25.png,24,3.17901748639482,3.331528951042061,2.106845184617981,2.1289830371981573,T3380,G2
W0028F0001T0006Z000C1N25.png,25,5.777363177373197,5.813977625010847,2.106845184617981,2.1289830371981573,T3380,G2
W0028F0001T0006Z000C1N25.png,26,4.525501902903068,4.3958284611839185,2.106845184617981,2.1289830371981573,T3380,G2
W0028F0001T0006Z000C1N25.png,27,7.7310060480033815,7.759537613965787,2.106845184617981,2.1289830371981573,T3380,G2
W0028F0001T0006Z000C1N25.png,28,5.8094781683355485,5.814465405021551,2.106845184617981,2.1289830371981573,T3380,G2
W0028F0001T0006Z000C1N25.png,29,7.561416259562827,7.650110041047409,2.106845184617981,2.1289830371981573,T3380,G2
W0028F0001T0006Z000C1N25.png,30,7.140661384543094,7.167361482761785,2.106845184617981,2.1289830371981573,T3380,G2
W0028F0001T0006Z000C1N26.png,1,1.2062843145214888,1.2492916635514086,1.7507591451277635,1.9560394695801777,T3380,G2
W0028F0001T0006Z000C1N26.png,2,2.99319735600093,3.1114149250936656,1.7507591451277635,1.9560394695801777,T3380,G2
W0028F0001T0006Z000C1N26.png,3,1.0171833880085814,1.1322193710637356,1.7507591451277635,1.9560394695801777,T3380,G2
W0028F0001T0006Z000C1N26.png,4,3.5564146042992935,3.4417350686113544,1.7507591451277635,1.9560394695801777,T3380,G2
W0028F0001T0006Z000C1N26.png,5,4.4057451018862555,4.488517521633864,1.7507591451277635,1.9560394695801777,T3380,G2
W0028F0001T0006Z000C1N26.png,6,1.832199165951387,1.677332067304209,1.7507591451277635,1.9560394695801777,T3380,G2
W0028F0001T0006Z000C1N26.png,7,2.4872822476458762,2.4889582843545703,1.7507591451277635,1.9560394695801777,T3380,G2
W0028F0001T0006Z000C1N26.png,8,2.164994860238577,2.1105100109435306,1.7507591451277635,1.9560394695801777,T3380,G2
W0028F0001T0006Z000C1N26.png,9,3.0528670612870576,5.145794574764107,1.7507591451277635,1.9560394695801777,T3380,G2
W0028F0001T0006Z000C1N26.png,10,1.4071000612199813,3.697375526542296,1.7507591451277635,1.9560394695801777,T3380,G2
W0028F0001T0006Z000C1N26.png,11,0.3317269586755573,4.140540628912392,1.7507591451277635,1.9560394695801777,T3380,G2
W0028F0001T0006Z000C1N26.png,12,2.7375379721809967,4.385805439695166,1.7507591451277635,1.9560394695801777,T3380,G2
W0028F0001T0006Z000C1N26.png,13,3.029000792928451,2.1573075291093984,1.7507591451277635,1.9560394695801777,T3380,G2
W0028F0001T0006Z000C1N26.png,14,1.3665544273889365,1.356850576819431,1.7507591451277635,1.9560394695801777,T3380,G2
W0028F0001T0006Z000C1N26.png,15,4.625536337914952,2.7542655530542497,1.7507591451277635,1.9560394695801777,T3380,G2
W0028F0001T0006Z000C1N26.png,16,2.6344798549668336,2.2716161570291487,1.7507591451277635,1.9560394695801777,T3380,G2
W0028F0001T0006Z000C1N26.png,17,4.3326426291097775,3.5989256209318916,1.7507591451277635,1.9560394695801777,T3380,G2
W0028F0001T0006Z000C1N26.png,18,2.5705149019651197,2.732258597773336,1.7507591451277635,1.9560394695801777,T3380,G2
W0028F0001T0006Z000C1N26.png,19,0.7911899151374588,0.6166558919089814,1.7507591451277635,1.9560394695801777,T3380,G2
W0028F0001T0006Z000C1N26.png,20,2.0293687409431502,1.8643132233027868,1.7507591451277635,1.9560394695801777,T3380,G2
W0028F0001T0006Z000C1N26.png,21,5.843297423217069,5.907252253966714,1.7507591451277635,1.9560394695801777,T3380,G2
W0028F0001T0006Z000C1N26.png,22,3.9645790337770563,4.082583780663836,1.7507591451277635,1.9560394695801777,T3380,G2
W0028F0001T0006Z000C1N26.png,23,0.5553522506824801,0.9739034185460538,1.7507591451277635,1.9560394695801777,T3380,G2
W0028F0001T0006Z000C1N26.png,24,2.2444878468025715,1.2428860064382414,1.7507591451277635,1.9560394695801777,T3380,G2
W0028F0001T0006Z000C1N26.png,25,1.8301983806110453,1.8385813740189245,1.7507591451277635,1.9560394695801777,T3380,G2
W0028F0001T0006Z000C1N26.png,26,4.088806442813212,4.633206581868408,1.7507591451277635,1.9560394695801777,T3380,G2
W0028F0001T0006Z000C1N26.png,27,2.567730640140593,2.5837301362189478,1.7507591451277635,1.9560394695801777,T3380,G2
W0028F0001T0006Z000C1N26.png,28,1.680642731937675,1.6999734778433446,1.7507591451277635,1.9560394695801777,T3380,G2
W0028F0001T0006Z000C1N26.png,29,1.464839219228229,1.4802026747958028,1.7507591451277635,1.9560394695801777,T3380,G2
W0028F0001T0006Z000C1N26.png,30,3.7355369240727785,3.776184623730677,1.7507591451277635,1.9560394695801777,T3380,G2
W0028F0001T0006Z000C1N26.png,31,5.636743126007811,6.36388037164596,1.7507591451277635,1.9560394695801777,T3380,G2
W0028F0001T0006Z000C1N26.png,32,3.657064168666971,4.20544661718586,1.7507591451277635,1.9560394695801777,T3380,G2
W0028F0001T0006Z000C1N26.png,33,5.846993664051322,5.858124795178066,1.7507591451277635,1.9560394695801777,T3380,G2
W0028F0001T0006Z000C1N26.png,34,2.01194208350643,6.05137858760318,1.7507591451277635,1.9560394695801777,T3380,G2
W0028F0001T0006Z000C1N26.png,35,7.7291020244344715,7.7446899437854055,1.7507591451277635,1.9560394695801777,T3380,G2
W0028F0001T0006Z000C1N26.png,36,6.723093366631901,8.746608717811721,1.7507591451277635,1.9560394695801777,T3380,G2
W0028F0001T0006Z000C1N28.png,1,6.6982653723991055,3.8987078131440605,2.0740449546158004,1.7130613162769655,T3380,G2
W0028F0001T0006Z000C1N28.png,2,7.283830171736395,5.025093004897473,2.0740449546158004,1.7130613162769655,T3380,G2
W0028F0001T0006Z000C1N28.png,3,6.2692692206392175,3.902208533825043,2.0740449546158004,1.7130613162769655,T3380,G2
W0028F0001T0006Z000C1N28.png,4,6.006318781000382,4.284605355796843,2.0740449546158004,1.7130613162769655,T3380,G2
W0028F0001T0006Z000C1N28.png,5,0.7914978551664444,3.058073792388294,2.0740449546158004,1.7130613162769655,T3380,G2
W0028F0001T0006Z000C1N28.png,6,1.6098818362670595,2.573453428487021,2.0740449546158004,1.7130613162769655,T3380,G2
W0028F0001T0006Z000C1N28.png,7,2.3630218111311936,2.25264948804275,2.0740449546158004,1.7130613162769655,T3380,G2
W0028F0001T0006Z000C1N28.png,8,2.040632947992312,1.5512315820388076,2.0740449546158004,1.7130613162769655,T3380,G2
W0028F0001T0006Z000C1N28.png,9,2.841933106752882,0.8650397681538874,2.0740449546158004,1.7130613162769655,T3380,G2
W0028F0001T0006Z000C1N28.png,10,2.5012249039831986,2.6956979266716368,2.0740449546158004,1.7130613162769655,T3380,G2
W0028F0001T0006Z000C1N28.png,11,5.888004251790097,3.8669122951814874,2.0740449546158004,1.7130613162769655,T3380,G2
W0028F0001T0006Z000C1N28.png,12,3.4366384020803693,0.559020897511529,2.0740449546158004,1.7130613162769655,T3380,G2
W0028F0001T0006Z000C1N28.png,13,5.2052120946360185,0.7267220926874317,2.0740449546158004,1.7130613162769655,T3380,G2
W0028F0001T0006Z000C1N28.png,14,6.530097313803934,6.503361066369086,2.0740449546158004,1.7130613162769655,T3380,G2
W0028F0001T0006Z000C1N28.png,15,3.1255504783824133,2.97786812729859,2.0740449546158004,1.7130613162769655,T3380,G2
W0028F0001T0006Z000C1N28.png,16,4.59024701615901,2.06954688605241,2.0740449546158004,1.7130613162769655,T3380,G2
W0028F0001T0006Z000C1N28.png,17,6.8256449119003815,1.1633229613912037,2.0740449546158004,1.7130613162769655,T3380,G2
W0028F0001T0006Z000C1N28.png,18,3.0630070500778426,3.036367115523563,2.0740449546158004,1.7130613162769655,T3380,G2
W0028F0001T0006Z000C1N28.png,19,4.764275429069631,2.230711711285419,2.0740449546158004,1.7130613162769655,T3380,G2
W0028F0001T0006Z000C1N28.png,20,6.659356983966924,0.41775602258975186,2.0740449546158004,1.7130613162769655,T3380,G2
W0028F0001T0006Z000C1N28.png,21,2.6762719784406106,2.585801745728741,2.0740449546158004,1.7130613162769655,T3380,G2
W0028F0001T0006Z000C1N28.png,22,5.77685930251346,1.180434993911472,2.0740449546158004,1.7130613162769655,T3380,G2
W0028F0001T0006Z000C1N28.png,23,7.896463883023715,1.1428095002400873,2.0740449546158004,1.7130613162769655,T3380,G2
W0028F0001T0006Z000C1N28.png,24,8.616512669171625,1.5591838202467019,2.0740449546158004,1.7130613162769655,T3380,G2
W0028F0001T0006Z000C1N28.png,25,5.458795738712478,3.119754679889961,2.0740449546158004,1.7130613162769655,T3380,G2
W0028F0001T0006Z000C1N28.png,26,2.9212399814318792,3.024810899772722,2.0740449546158004,1.7130613162769655,T3380,G2
W0028F0001T0006Z000C1N28.png,27,7.118895274650826,1.5114193617736176,2.0740449546158004,1.7130613162769655,T3380,G2
W0028F0001T0006Z000C1N28.png,28,6.537039730785267,6.657739262580466,2.0740449546158004,1.7130613162769655,T3380,G2
W0028F0001T0006Z000C1N28.png,29,4.145924405439767,3.360204823723127,2.0740449546158004,1.7130613162769655,T3380,G2
W0028F0001T0006Z000C1N28.png,30,6.307006242930311,6.337666446092916,2.0740449546158004,1.7130613162769655,T3380,G2
W0028F0001T0006Z000C1N28.png,31,1.5450854154029676,1.4890914745896482,2.0740449546158004,1.7130613162769655,T3380,G2
W0028F0001T0006Z000C1N28.png,32,5.482394586535425,5.444823213910994,2.0740449546158004,1.7130613162769655,T3380,G2
W0028F0001T0006Z000C1N30.png,1,2.1078440374714646,4.168262224488527,1.0796752832408503,1.2157171319841475,T3380,G2
W0028F0001T0006Z000C1N30.png,2,1.2725768158381523,5.041248851476068,1.0796752832408503,1.2157171319841475,T3380,G2
W0028F0001T0006Z000C1N30.png,3,1.568091041697759,1.6579201019677416,1.0796752832408503,1.2157171319841475,T3380,G2
W0028F0001T0006Z000C1N30.png,4,2.630940654671984,2.5415508003065654,1.0796752832408503,1.2157171319841475,T3380,G2
W0028F0001T0006Z000C1N30.png,5,1.3402200722533342,1.312525256022085,1.0796752832408503,1.2157171319841475,T3380,G2
W0028F0001T0006Z000C1N30.png,6,1.328188315484249,2.4314135735772933,1.0796752832408503,1.2157171319841475,T3380,G2
W0028F0001T0006Z000C1N30.png,7,1.428428575481282,3.5520663656319313,1.0796752832408503,1.2157171319841475,T3380,G2
W0028F0001T0006Z000C1N30.png,8,0.9224250948210135,3.127931182704832,1.0796752832408503,1.2157171319841475,T3380,G2
W0028F0001T0006Z000C1N30.png,9,0.8015229130983825,4.620751535225717,1.0796752832408503,1.2157171319841475,T3380,G2
W0028F0001T0006Z000C1N30.png,10,2.9694609230150975,3.8095246456404435,1.0796752832408503,1.2157171319841475,T3380,G2
W0028F0001T0006Z000C1N30.png,11,2.1254170035535327,2.5594623557493694,1.0796752832408503,1.2157171319841475,T3380,G2
W0028F0001T0006Z000C1N30.png,12,1.332512434602906,1.9416013218750883,1.0796752832408503,1.2157171319841475,T3380,G2
W0028F0001T0006Z000C1N30.png,13,2.0708557227298128,1.7676441251127069,1.0796752832408503,1.2157171319841475,T3380,G2
W0028F0001T0006Z000C1N30.png,14,2.750885851877834,1.7417223660925567,1.0796752832408503,1.2157171319841475,T3380,G2
W0028F0001T0006Z000C1N30.png,15,3.5161325595514277,3.0627253347626864,1.0796752832408503,1.2157171319841475,T3380,G2
W0028F0001T0006Z000C1N30.png,16,4.805665684369855,4.409539143720109,1.0796752832408503,1.2157171319841475,T3380,G2
W0028F0001T0006Z000C1N30.png,17,3.5365101041763416,0.4992135540091299,1.0796752832408503,1.2157171319841475,T3380,G2
W0028F0001T0006Z000C1N30.png,18,2.5750012491862195,1.782708056697575,1.0796752832408503,1.2157171319841475,T3380,G2
W0028F0001T0006Z000C1N30.png,19,3.953354003703465,3.1982385506548274,1.0796752832408503,1.2157171319841475,T3380,G2
W0028F0001T0006Z000C1N30.png,20,3.4211394073969026,3.579076218665876,1.0796752832408503,1.2157171319841475,T3380,G2
W0028F0001T0006Z000C1N30.png,21,1.0287249878008493,1.2289301363025023,1.0796752832408503,1.2157171319841475,T3380,G2
W0028F0001T0006Z000C1N30.png,22,1.4769439321398785,1.4484930193644905,1.0796752832408503,1.2157171319841475,T3380,G2
W0028F0001T0006Z000C1N30.png,23,1.1482049464426116,1.4325127260486914,1.0796752832408503,1.2157171319841475,T3380,G2
W0028F0001T0006Z000C1N33.png,1,9.750464675322391,9.793052343307004,2.535910767992707,2.544386232905859,T3380,G2
W0028F0001T0006Z000C1N33.png,2,2.6283238465316576,2.5902785411288547,2.535910767992707,2.544386232905859,T3380,G2
W0028F0001T0006Z000C1N33.png,3,1.6738508764470355,1.690256148272961,2.535910767992707,2.544386232905859,T3380,G2
W0028F0001T0006Z000C1N33.png,4,2.3327436589441155,2.3026846476620504,2.535910767992707,2.544386232905859,T3380,G2
W0028F0001T0006Z000C1N33.png,5,8.163298488429138,8.255311120386605,2.535910767992707,2.544386232905859,T3380,G2
W0028F0001T0006Z000C1N33.png,6,4.672729371097901,4.761884060871378,2.535910767992707,2.544386232905859,T3380,G2
W0028F0001T0006Z000C1N33.png,7,9.119467947203217,9.037422698388836,2.535910767992707,2.544386232905859,T3380,G2
W0028F0001T0006Z000C1N33.png,8,3.6517746325856755,3.686202417058723,2.535910767992707,2.544386232905859,T3380,G2
W0028F0001T0006Z000C1N33.png,9,4.982975723014504,4.930374607305986,2.535910767992707,2.544386232905859,T3380,G2
W0028F0001T0006Z000C1N33.png,10,4.108994705292993,4.112301813585459,2.535910767992707,2.544386232905859,T3380,G2
W0028F0001T0006Z000C1N33.png,11,4.4944573049569865,4.466534858466447,2.535910767992707,2.544386232905859,T3380,G2
W0028F0001T0006Z000C1N33.png,12,7.821330596889856,7.836946850701964,2.535910767992707,2.544386232905859,T3380,G2
W0028F0001T0006Z000C1N33.png,13,3.394899940432531,3.363237153224517,2.535910767992707,2.544386232905859,T3380,G2
W0028F0001T0006Z000C1N33.png,14,4.240507086376786,4.220302828485344,2.535910767992707,2.544386232905859,T3380,G2
W0028F0001T0006Z000C1N33.png,15,3.900343064602659,3.8910388511225027,2.535910767992707,2.544386232905859,T3380,G2
W0028F0001T0006Z000C1N33.png,16,1.2016165973321065,1.1818246356890028,2.535910767992707,2.544386232905859,T3380,G2
W0028F0001T0006Z000C1N33.png,17,6.656964145240064,6.666757529063138,2.535910767992707,2.544386232905859,T3380,G2
W0028F0001T0006Z000C1N33.png,18,7.116658861691894,7.141883371409927,2.535910767992707,2.544386232905859,T3380,G2
W0028F0001T0006Z000C1N33.png,19,1.452355251990765,1.477683062743328,2.535910767992707,2.544386232905859,T3380,G2
W0028F0001T0006Z000C1N35.png,1,8.132532150429832,8.104293591780836,1.797231809005767,1.7902557454002044,T3380,G2
W0028F0001T0006Z000C1N35.png,2,9.050395621096078,9.059178766499501,1.797231809005767,1.7902557454002044,T3380,G2
W0028F0001T0006Z000C1N35.png,3,5.171031963821916,5.1557679842194375,1.797231809005767,1.7902557454002044,T3380,G2
W0028F0001T0006Z000C1N35.png,4,6.838573488256368,6.794923934316738,1.797231809005767,1.7902557454002044,T3380,G2
W0028F0001T0006Z000C1N35.png,5,8.61781451445501,8.647609230183386,1.797231809005767,1.7902557454002044,T3380,G2
W0028F0001T0006Z000C1N35.png,6,7.058922309370864,7.082911248677249,1.797231809005767,1.7902557454002044,T3380,G2
W0028F0001T0006Z000C1N35.png,7,4.488435923615812,4.5132454868507645,1.797231809005767,1.7902557454002044,T3380,G2
W0028F0001T0006Z000C1N35.png,8,8.838031718173847,8.796108186194706,1.797231809005767,1.7902557454002044,T3380,G2
W0028F0001T0006Z000C1N35.png,9,4.180684327989004,4.196861999032896,1.797231809005767,1.7902557454002044,T3380,G2
W0028F0001T0006Z000C1N36.png,1,6.638188366388584,6.768516578529964,1.4770370171341871,1.5351614318988394,T3380,G2
W0028F0001T0006Z000C1N36.png,2,2.6314547641892965,2.7927216879551264,1.4770370171341871,1.5351614318988394,T3380,G2
W0028F0001T0006Z000C1N36.png,3,2.6395372676578424,2.6754518518845076,1.4770370171341871,1.5351614318988394,T3380,G2
W0028F0001T0006Z000C1N36.png,4,5.560091341768283,5.7146726178225515,1.4770370171341871,1.5351614318988394,T3380,G2
W0028F0001T0006Z000C1N36.png,5,2.174078959889925,2.0115345416087895,1.4770370171341871,1.5351614318988394,T3380,G2
W0028F0001T0006Z000C1N36.png,6,4.820395940156856,4.831851487470628,1.4770370171341871,1.5351614318988394,T3380,G2
W0028F0001T0006Z000C1N36.png,7,6.848540555967502,6.831715501863146,1.4770370171341871,1.5351614318988394,T3380,G2
W0028F0001T0006Z000C1N36.png,8,4.150117656464694,4.169310716793686,1.4770370171341871,1.5351614318988394,T3380,G2
W0028F0001T0006Z000C1N36.png,9,3.7129946353183603,3.601253098475119,1.4770370171341871,1.5351614318988394,T3380,G2
W0028F0001T0006Z000C1N36.png,10,2.522865687119302,4.664632566885521,1.4770370171341871,1.5351614318988394,T3380,G2
W0028F0001T0006Z000C1N36.png,11,4.331270245090643,4.135581203414611,1.4770370171341871,1.5351614318988394,T3380,G2
W0028F0001T0006Z000C1N36.png,12,4.172327924852024,5.042909436435963,1.4770370171341871,1.5351614318988394,T3380,G2
W0028F0001T0006Z000C1N36.png,13,1.7633479761718749,2.4274726467438645,1.4770370171341871,1.5351614318988394,T3380,G2
W0028F0001T0006Z000C1N36.png,14,4.222655599560542,6.726596697636062,1.4770370171341871,1.5351614318988394,T3380,G2
W0028F0001T0006Z000C1N36.png,15,4.115470508309042,4.05945348402921,1.4770370171341871,1.5351614318988394,T3380,G2
W0028F0001T0006Z000C1N37.png,1,1.2241945873701154,1.1965292481480416,1.9339119995014666,1.9319110113050648,T3380,G2
W0028F0001T0006Z000C1N37.png,2,2.5946591401364447,2.627687997734762,1.9339119995014666,1.9319110113050648,T3380,G2
W0028F0001T0006Z000C1N37.png,3,5.383765130285105,5.403521056798523,1.9339119995014666,1.9319110113050648,T3380,G2
W0028F0001T0006Z000C1N37.png,4,5.360549183940646,5.348673817059781,1.9339119995014666,1.9319110113050648,T3380,G2
W0028F0001T0006Z000C1N37.png,5,3.480449283255841,3.5075111551204072,1.9339119995014666,1.9319110113050648,T3380,G2
W0028F0001T0006Z000C1N37.png,6,7.29127180881516,7.26536360068783,1.9339119995014666,1.9319110113050648,T3380,G2
W0028F0001T0006Z000C1N37.png,7,3.699856485197115,3.679249169357699,1.9339119995014666,1.9319110113050648,T3380,G2
W0028F0001T0006Z000C1N37.png,8,4.214345592248553,4.186779602101199,1.9339119995014666,1.9319110113050648,T3380,G2
W0028F0001T0006Z000C1N37.png,9,2.285358824125117,2.2537979674666007,1.9339119995014666,1.9319110113050648,T3380,G2
W0028F0001T0006Z000C1N37.png,10,6.6263063524286165,6.653588985895968,1.9339119995014666,1.9319110113050648,T3380,G2
W0028F0001T0006Z000C1N37.png,11,3.082496403098764,3.082211039555308,1.9339119995014666,1.9319110113050648,T3380,G2
W0028F0001T0006Z000C1N37.png,12,7.264589110783969,7.233616554862264,1.9339119995014666,1.9319110113050648,T3380,G2
W0028F0001T0006Z000C1N37.png,13,6.297064389833502,6.3014815351262765,1.9339119995014666,1.9319110113050648,T3380,G2
W0028F0001T0006Z000C1N37.png,14,6.237003307300314,6.21746998197453,1.9339119995014666,1.9319110113050648,T3380,G2
W0028F0001T0006Z000C1N37.png,15,7.758914716370969,7.73391286972879,1.9339119995014666,1.9319110113050648,T3380,G2
W0028F0001T0006Z000C1N37.png,16,5.449329081120498,5.443620838338084,1.9339119995014666,1.9319110113050648,T3380,G2
W0028F0001T0006Z000C1N38.png,1,5.475366740246789,5.463366052033694,1.7440356590996409,1.5278787280580948,T3380,G2
W0028F0001T0006Z000C1N38.png,2,4.795451535422377,4.3328902015224235,1.7440356590996409,1.5278787280580948,T3380,G2
W0028F0001T0006Z000C1N38.png,3,1.88556102669571,1.6134356784390895,1.7440356590996409,1.5278787280580948,T3380,G2
W0028F0001T0006Z000C1N38.png,4,1.2906949039524793,0.8261860725913575,1.7440356590996409,1.5278787280580948,T3380,G2
W0028F0001T0006Z000C1N38.png,5,1.0240034426387716,1.228953855827975,1.7440356590996409,1.5278787280580948,T3380,G2
W0028F0001T0006Z000C1N38.png,6,2.7244047972211702,2.6484079593926513,1.7440356590996409,1.5278787280580948,T3380,G2
W0028F0001T0006Z000C1N38.png,7,4.678892255985102,4.6510228652710435,1.7440356590996409,1.5278787280580948,T3380,G2
W0028F0001T0006Z000C1N38.png,8,5.383538232449919,3.690425040797392,1.7440356590996409,1.5278787280580948,T3380,G2
W0028F0001T0006Z000C1N38.png,9,5.152165118166883,3.356803027711142,1.7440356590996409,1.5278787280580948,T3380,G2
W0028F0001T0006Z000C1N47.png,1,9.587420373410191,9.574139755690881,2.7045749364024183,2.7070135611000525,T3380,G2
W0028F0001T0006Z000C1N47.png,2,7.6821380956868275,7.672032369054922,2.7045749364024183,2.7070135611000525,T3380,G2
W0028F0001T0006Z000C1N47.png,3,9.491336561442276,9.48694926507341,2.7045749364024183,2.7070135611000525,T3380,G2
W0028F0001T0006Z000C1N47.png,4,6.487118757684808,6.470501995085489,2.7045749364024183,2.7070135611000525,T3380,G2
W0028F0001T0006Z000C1N47.png,5,7.139323404904491,7.122603611759994,2.7045749364024183,2.7070135611000525,T3380,G2
W0028F0001T0006Z000C1N47.png,6,4.485687318181204,4.467806512377531,2.7045749364024183,2.7070135611000525,T3380,G2
W0028F0001T0006Z000C1N47.png,7,7.602632799236819,7.6027287538380985,2.7045749364024183,2.7070135611000525,T3380,G2
W0028F0001T0006Z000C1N47.png,8,8.818265137638223,8.803361709811558,2.7045749364024183,2.7070135611000525,T3380,G2
W0028F0001T0006Z000C1N47.png,9,4.169725765987647,4.164787747293545,2.7045749364024183,2.7070135611000525,T3380,G2
W0028F0001T0006Z000C1N47.png,10,2.1719568483497533,2.1571736556036036,2.7045749364024183,2.7070135611000525,T3380,G2
W0028F0001T0006Z000C1N47.png,11,5.333736630604683,5.318324090704177,2.7045749364024183,2.7070135611000525,T3380,G2
W0028F0001T0006Z000C1N47.png,12,1.9419706759408275,1.9304381887593074,2.7045749364024183,2.7070135611000525,T3380,G2
W0028F0001T0006Z000C1N47.png,13,3.13759233943021,3.1495048579176275,2.7045749364024183,2.7070135611000525,T3380,G2
W0028F0001T0006Z000C1N47.png,14,5.951605252567333,5.9627557900413475,2.7045749364024183,2.7070135611000525,T3380,G2
W0028F0001T0006Z000C1N47.png,15,2.7369623429014998,2.732632583871918,2.7045749364024183,2.7070135611000525,T3380,G2
W0028F0001T0006Z000C1N47.png,16,8.350862660987493,8.362710963120774,2.7045749364024183,2.7070135611000525,T3380,G2
W0028F0001T0006Z000C1N47.png,17,2.5280468553809263,2.535292454080139,2.7045749364024183,2.7070135611000525,T3380,G2
W0028F0001T0006Z000C1N47.png,18,7.587273507415846,7.602215103161137,2.7045749364024183,2.7070135611000525,T3380,G2
W0028F0001T0006Z000C1N47.png,19,4.447522662905873,4.464708531861542,2.7045749364024183,2.7070135611000525,T3380,G2
W0028F0001T0006Z000C1N47.png,20,7.782121572212668,7.783048253986883,2.7045749364024183,2.7070135611000525,T3380,G2
W0028F0001T0006Z000C1N47.png,21,4.961935921745081,4.970336339413645,2.7045749364024183,2.7070135611000525,T3380,G2
W0028F0001T0006Z000C1N47.png,22,8.19674149788972,8.213683498370354,2.7045749364024183,2.7070135611000525,T3380,G2
W0028F0001T0006Z000C1N47.png,23,7.210258497372926,7.227972289247061,2.7045749364024183,2.7070135611000525,T3380,G2
W0028F0001T0006Z000C1N47.png,24,9.974810580944842,9.976855981304151,2.7045749364024183,2.7070135611000525,T3380,G2
W0028F0001T0006Z000C1N47.png,25,7.634174596735659,7.6406316689980445,2.7045749364024183,2.7070135611000525,T3380,G2
W0028F0001T0006Z000C1N47.png,26,7.224840895486656,7.234870346808917,2.7045749364024183,2.7070135611000525,T3380,G2
W0028F0001T0006Z000C1N47.png,27,9.496242154477475,9.50077104147748,2.7045749364024183,2.7070135611000525,T3380,G2
W0028F0001T0006Z000C1N47.png,28,6.717878486419911,6.735420394737246,2.7045749364024183,2.7070135611000525,T3380,G2
W0028F0001T0006Z000C1N47.png,29,9.1039573234687,9.121871451439217,2.7045749364024183,2.7070135611000525,T3380,G2
W0028F0001T0006Z000C1N47.png,30,11.703108106355533,11.70687387046409,2.7045749364024183,2.7070135611000525,T3380,G2
W0028F0001T0006Z000C1N47.png,31,12.10830254362496,12.115053035778757,2.7045749364024183,2.7070135611000525,T3380,G2
W0028F0001T0006Z000C1N47.png,32,10.668445328287882,10.679193295123852,2.7045749364024183,2.7070135611000525,T3380,G2
W0028F0001T0006Z000C1N51.png,1,4.975896443792699,4.9816149016338,0.8568419759791608,0.8632344529557731,T3380,G2
W0028F0001T0006Z000C1N51.png,2,5.293756695338093,5.306224732816221,0.8568419759791608,0.8632344529557731,T3380,G2
W0028F0001T0006Z000C1N51.png,3,3.2556770716413754,3.258369282412183,0.8568419759791608,0.8632344529557731,T3380,G2
W0028F0001T0006Z000C1N51.png,4,5.371887427950184,5.383640574134385,0.8568419759791608,0.8632344529557731,T3380,G2
W0028F0001T0006Z000C1N51.png,5,3.784167200184792,3.772250881441495,0.8568419759791608,0.8632344529557731,T3380,G2
W0028F0001T0006Z000C1N53(1).png,1,4.526185737101146,2.2203023221497404,1.217932299402328,1.5384164105376927,T3380,G2
W0028F0001T0006Z000C1N53(1).png,2,4.976395964875337,3.287724637647599,1.217932299402328,1.5384164105376927,T3380,G2
W0028F0001T0006Z000C1N53(1).png,3,2.5860242694755393,2.625301861263944,1.217932299402328,1.5384164105376927,T3380,G2
W0028F0001T0006Z000C1N53(1).png,4,5.059640038734966,5.236526485467531,1.217932299402328,1.5384164105376927,T3380,G2
W0028F0001T0006Z000C1N53(1).png,5,6.479198174803504,6.649109309990395,1.217932299402328,1.5384164105376927,T3380,G2
W0028F0001T0006Z000C1N53(1).png,6,3.6121067999754315,3.6766427374968034,1.217932299402328,1.5384164105376927,T3380,G2
W0028F0001T0006Z000C1N53.png,1,4.526185737101146,2.2203023221497404,1.217932299402328,1.5384164105376927,T3380,G2
W0028F0001T0006Z000C1N53.png,2,4.976395964875337,3.287724637647599,1.217932299402328,1.5384164105376927,T3380,G2
W0028F0001T0006Z000C1N53.png,3,2.5860242694755393,2.625301861263944,1.217932299402328,1.5384164105376927,T3380,G2
W0028F0001T0006Z000C1N53.png,4,5.059640038734966,5.236526485467531,1.217932299402328,1.5384164105376927,T3380,G2
W0028F0001T0006Z000C1N53.png,5,6.479198174803504,6.649109309990395,1.217932299402328,1.5384164105376927,T3380,G2
W0028F0001T0006Z000C1N53.png,6,3.6121067999754315,3.6766427374968034,1.217932299402328,1.5384164105376927,T3380,G2
W0028F0001T0006Z000C1N55.png,1,11.775904663460912,11.731241099265818,2.8297428611861437,2.8145393916986365,T3380,G2
W0028F0001T0006Z000C1N55.png,2,9.722011243977063,9.5450440601876,2.8297428611861437,2.8145393916986365,T3380,G2
W0028F0001T0006Z000C1N55.png,3,7.48575114392055,7.324095708049666,2.8297428611861437,2.8145393916986365,T3380,G2
W0028F0001T0006Z000C1N55.png,4,9.26979401891719,9.088470117656133,2.8297428611861437,2.8145393916986365,T3380,G2
W0028F0001T0006Z000C1N55.png,5,6.885914973734998,6.840436284030831,2.8297428611861437,2.8145393916986365,T3380,G2
W0028F0001T0006Z000C1N55.png,6,7.369058015112396,7.408953994387796,2.8297428611861437,2.8145393916986365,T3380,G2
W0028F0001T0006Z000C1N55.png,7,2.1903154222745904,2.0107955743263135,2.8297428611861437,2.8145393916986365,T3380,G2
W0028F0001T0006Z000C1N55.png,8,6.153761703374388,6.038753747390078,2.8297428611861437,2.8145393916986365,T3380,G2
W0028F0001T0006Z000C1N55.png,9,2.67253648522807,2.5565174144856857,2.8297428611861437,2.8145393916986365,T3380,G2
W0028F0001T0006Z000C1N55.png,10,4.6503652480774464,4.59720584226808,2.8297428611861437,2.8145393916986365,T3380,G2
W0028F0001T0006Z000C1N55.png,11,1.7643705783531425,1.8742963878019918,2.8297428611861437,2.8145393916986365,T3380,G2
W0028F0001T0006Z000C1N55.png,12,4.276978157133879,4.376244263249871,2.8297428611861437,2.8145393916986365,T3380,G2
W0028F0001T0006Z000C1N55.png,13,8.536139458051265,8.537211553051359,2.8297428611861437,2.8145393916986365,T3380,G2
W0028F0001T0006Z000C1N55.png,14,4.2561774850800065,4.387227957328981,2.8297428611861437,2.8145393916986365,T3380,G2
W0028F0001T0006Z000C1N55.png,15,7.498158385734673,7.675701629447675,2.8297428611861437,2.8145393916986365,T3380,G2
W0028F0001T0006Z000C1N55.png,16,6.018980713102732,6.018780349762407,2.8297428611861437,2.8145393916986365,T3380,G2
W0028F0001T0006Z000C1N55.png,17,8.345307743761479,8.43338458351942,2.8297428611861437,2.8145393916986365,T3380,G2
W0028F0001T0006Z000C1N55.png,18,10.452213850276747,10.633538391017181,2.8297428611861437,2.8145393916986365,T3380,G2
W0028F0001T0006Z000C1N55.png,19,3.1149015454611373,3.2516669733582484,2.8297428611861437,2.8145393916986365,T3380,G2
W0028F0001T0006Z000C1N55.png,20,9.656096758416703,9.536881645235049,2.8297428611861437,2.8145393916986365,T3380,G2
W0028F0001T0006Z000C1N55.png,21,4.174166431832162,4.234809741593847,2.8297428611861437,2.8145393916986365,T3380,G2
W0028F0001T0006Z000C1N56.png,1,6.611432815498796,6.737649616363968,1.3878935180754575,1.5568075457432395,T3380,G2
W0028F0001T0006Z000C1N56.png,2,7.7752408619328905,7.452566068613152,1.3878935180754575,1.5568075457432395,T3380,G2
W0028F0001T0006Z000C1N56.png,3,4.1231364158222705,3.4748464333463,1.3878935180754575,1.5568075457432395,T3380,G2
W0028F0001T0006Z000C1N56.png,4,4.045970244626275,3.501908397265626,1.3878935180754575,1.5568075457432395,T3380,G2
W0028F0001T0006Z000C1N56.png,5,2.564674711331689,2.733998086046816,1.3878935180754575,1.5568075457432395,T3380,G2
W0028F0001T0006Z000C1N56.png,6,3.2886230486943697,1.7118739269559147,1.3878935180754575,1.5568075457432395,T3380,G2
W0028F0001T0006Z000C1N56.png,7,5.6363237984128824,5.3716282536662705,1.3878935180754575,1.5568075457432395,T3380,G2
W0028F0001T0006Z000C1N56.png,8,2.7194572567121185,2.3950495413262725,1.3878935180754575,1.5568075457432395,T3380,G2
W0028F0001T0006Z000C1N56.png,9,3.9005081584667405,3.700058672562799,1.3878935180754575,1.5568075457432395,T3380,G2
W0028F0001T0006Z000C1N56.png,10,2.929002593959352,2.939514456679769,1.3878935180754575,1.5568075457432395,T3380,G2
W0028F0001T0006Z000C1N56.png,11,4.455345709945793,4.946053643381237,1.3878935180754575,1.5568075457432395,T3380,G2
W0028F0001T0006Z000C1N56.png,12,4.0498983068306815,3.764670786938483,1.3878935180754575,1.5568075457432395,T3380,G2
W0028F0001T0006Z000C1N56.png,13,3.56180740259515,5.999198288596121,1.3878935180754575,1.5568075457432395,T3380,G2
W0028F0001T0006Z000C1N56.png,14,5.172279540188528,4.529145944857261,1.3878935180754575,1.5568075457432395,T3380,G2
W0028F0001T0006Z000C1N56.png,15,5.574642155703691,5.688193317373017,1.3878935180754575,1.5568075457432395,T3380,G2
W0028F0001T0006Z000C1N56.png,16,4.991279066429518,5.308869306508846,1.3878935180754575,1.5568075457432395,T3380,G2
W0028F0001T0006Z000C1N56.png,17,6.427347152489622,6.440755907216132,1.3878935180754575,1.5568075457432395,T3380,G2
W0028F0001T0006Z000C1N56.png,18,6.040208092355791,6.071281323863566,1.3878935180754575,1.5568075457432395,T3380,G2
W0028F0001T0006Z000C1N56.png,19,4.647565177137886,4.65787186189655,1.3878935180754575,1.5568075457432395,T3380,G2
W0028F0001T0006Z000C1N61.png,1,9.331951752737591,5.005949585243543,2.127519357729954,1.7499009532355096,T3380,G2
W0028F0001T0006Z000C1N61.png,2,6.108613449362163,1.3098586287334861,2.127519357729954,1.7499009532355096,T3380,G2
W0028F0001T0006Z000C1N61.png,3,4.8593063861871135,4.876689443483208,2.127519357729954,1.7499009532355096,T3380,G2
W0028F0001T0006Z000C1N61.png,4,3.79470614173402,3.8673555505670834,2.127519357729954,1.7499009532355096,T3380,G2
W0028F0001T0006Z000C1N61.png,5,1.8564970458905365,1.7641561913080375,2.127519357729954,1.7499009532355096,T3380,G2
W0028F0001T0006Z000C1N61.png,6,6.3823142923800935,6.329161180598896,2.127519357729954,1.7499009532355096,T3380,G2
W0028F0001T0006Z000C1N61.png,7,6.19215317536289,6.179869634429039,2.127519357729954,1.7499009532355096,T3380,G2
W0028F0001T0006Z000C1N61.png,8,2.8752774110297885,2.9357525868819456,2.127519357729954,1.7499009532355096,T3380,G2
W0028F0001T0006Z000C1N61.png,9,3.7076891160356307,3.7042057285127745,2.127519357729954,1.7499009532355096,T3380,G2
W0028F0001T0006Z000C1N61.png,10,4.430076054387101,4.3598710808167125,2.127519357729954,1.7499009532355096,T3380,G2
W0028F0001T0006Z000C1N61.png,11,2.2598993518550277,2.187172412344219,2.127519357729954,1.7499009532355096,T3380,G2
W0028F0001T0006Z000C1N61.png,12,1.1840316177335326,1.2944973791811452,2.127519357729954,1.7499009532355096,T3380,G2
W0028F0001T0006Z000C1N61.png,13,6.937705548430709,6.81282592741886,2.127519357729954,1.7499009532355096,T3380,G2
W0028F0001T0006Z000C1N61.png,14,2.8978835537065795,2.7947316644907576,2.127519357729954,1.7499009532355096,T3380,G2
W0028F0001T0006Z000C1N61.png,15,4.882054054860732,4.78456124915768,2.127519357729954,1.7499009532355096,T3380,G2
W0028F0001T0006Z000C1N68.png,1,4.67772576803203,4.725897644760566,2.0748921560773184,2.0883362861499224,T3380,G2
W0028F0001T0006Z000C1N68.png,2,4.2254024026972115,4.299229520041099,2.0748921560773184,2.0883362861499224,T3380,G2
W0028F0001T0006Z000C1N68.png,3,5.325024730425533,5.406876966011328,2.0748921560773184,2.0883362861499224,T3380,G2
W0028F0001T0006Z000C1N68.png,4,6.891165502545751,6.963966473956448,2.0748921560773184,2.0883362861499224,T3380,G2
W0028F0001T0006Z000C1N68.png,5,8.745630361563466,8.78389376255002,2.0748921560773184,2.0883362861499224,T3380,G2
W0028F0001T0006Z000C1N68.png,6,8.016707310123383,8.013576976866156,2.0748921560773184,2.0883362861499224,T3380,G2
W0028F0001T0006Z000C1N68.png,7,7.552194832418466,7.522101282357428,2.0748921560773184,2.0883362861499224,T3380,G2
W0028F0001T0006Z000C1N68.png,8,7.36368750046399,7.360829236434788,2.0748921560773184,2.0883362861499224,T3380,G2
W0028F0001T0006Z000C1N68.png,9,7.251527362968461,7.333646715678384,2.0748921560773184,2.0883362861499224,T3380,G2
W0028F0001T0006Z000C1N68.png,10,4.846780773537882,4.99230894059469,2.0748921560773184,2.0883362861499224,T3380,G2
W0028F0001T0006Z000C1N68.png,11,6.3691965160810415,6.429178955268494,2.0748921560773184,2.0883362861499224,T3380,G2
W0028F0001T0006Z000C1N68.png,12,2.314316464232794,2.402795375641561,2.0748921560773184,2.0883362861499224,T3380,G2
W0028F0001T0006Z000C1N68.png,13,5.258793396876854,5.332456962703492,2.0748921560773184,2.0883362861499224,T3380,G2
W0028F0001T0006Z000C1N68.png,14,0.982953513790587,0.8518740633713117,2.0748921560773184,2.0883362861499224,T3380,G2
W0028F0001T0006Z000C1N68.png,15,5.4065790361890995,5.294126004677186,2.0748921560773184,2.0883362861499224,T3380,G2
W0028F0001T0006Z000C1N68.png,16,8.145481151045212,8.216097000259492,2.0748921560773184,2.0883362861499224,T3380,G2
W0028F0001T0006Z000C1N71.png,1,12.165927294653049,12.20897990356788,2.9441026334388276,2.8621141885687735,T3380,G2
W0028F0001T0006Z000C1N71.png,2,1.3755725165279995,1.379507070277077,2.9441026334388276,2.8621141885687735,T3380,G2
W0028F0001T0006Z000C1N71.png,3,1.7449844420868055,2.7634366815905653,2.9441026334388276,2.8621141885687735,T3380,G2
W0028F0001T0006Z000C1N71.png,4,6.249360563994554,6.269312352113064,2.9441026334388276,2.8621141885687735,T3380,G2
W0028F0001T0006Z000C1N71.png,5,3.4125569737675834,3.4587838211690167,2.9441026334388276,2.8621141885687735,T3380,G2
W0028F0001T0006Z000C1N71.png,6,4.538639010809012,5.461485191168337,2.9441026334388276,2.8621141885687735,T3380,G2
W0028F0001T0006Z000C1N71.png,7,6.003351483446873,5.965671997652644,2.9441026334388276,2.8621141885687735,T3380,G2
W0028F0001T0006Z000C1N71.png,8,3.210993675978146,3.194912426050018,2.9441026334388276,2.8621141885687735,T3380,G2
W0028F0001T0006Z000C1N71.png,9,2.3260453307201514,2.328783282818365,2.9441026334388276,2.8621141885687735,T3380,G2
W0028F0001T0006Z000C1N71.png,10,6.772761818068881,6.794997505223504,2.9441026334388276,2.8621141885687735,T3380,G2
W0028F0001T0006Z000C1N71.png,11,6.2458161300873245,6.17120823077076,2.9441026334388276,2.8621141885687735,T3380,G2
W0028F0001T0006Z000C1N72.png,1,7.734202391974528,4.619832417144588,2.3541830923155573,2.084927172792752,T3380,G2
W0028F0001T0006Z000C1N72.png,2,9.371381937271222,9.45599917086388,2.3541830923155573,2.084927172792752,T3380,G2
W0028F0001T0006Z000C1N72.png,3,9.04674535420429,5.926796273071988,2.3541830923155573,2.084927172792752,T3380,G2
W0028F0001T0006Z000C1N72.png,4,5.563969394090425,4.487177913232325,2.3541830923155573,2.084927172792752,T3380,G2
W0028F0001T0006Z000C1N72.png,5,5.958845306162907,3.0757176499965015,2.3541830923155573,2.084927172792752,T3380,G2
W0028F0001T0006Z000C1N72.png,6,4.804062274321347,4.656128354115681,2.3541830923155573,2.084927172792752,T3380,G2
W0028F0001T0006Z000C1N72.png,7,4.583193192634564,2.2706749440222054,2.3541830923155573,2.084927172792752,T3380,G2
W0028F0001T0006Z000C1N72.png,8,3.959825713418288,3.2945280496451392,2.3541830923155573,2.084927172792752,T3380,G2
W0028F0001T0006Z000C1N72.png,9,7.24013671074311,7.349812460893325,2.3541830923155573,2.084927172792752,T3380,G2
W0028F0001T0006Z000C1N72.png,10,0.796242340228426,0.8038040311071936,2.3541830923155573,2.084927172792752,T3380,G2
W0028F0001T0006Z000C1N72.png,11,6.876943527098597,4.884509567354993,2.3541830923155573,2.084927172792752,T3380,G2
W0028F0001T0006Z000C1N72.png,12,3.434844969020601,3.0934778855738467,2.3541830923155573,2.084927172792752,T3380,G2
W0028F0001T0006Z000C1N72.png,13,4.102551151667686,4.1575686955840325,2.3541830923155573,2.084927172792752,T3380,G2
W0028F0001T0006Z000C1N72.png,14,2.623724769435704,2.6782358253832097,2.3541830923155573,2.084927172792752,T3380,G2
W0028F0001T0006Z000C1N72.png,15,8.890936197401158,7.708051796660424,2.3541830923155573,2.084927172792752,T3380,G2
W0028F0001T0006Z000C1N72.png,16,3.4432442376957866,3.4477189739234775,2.3541830923155573,2.084927172792752,T3380,G2
W0028F0001T0006Z000C1N72.png,17,4.805701441861105,4.758256227874359,2.3541830923155573,2.084927172792752,T3380,G2
W0028F0001T0006Z000C1N76.png,1,2.0092846743998427,2.1695938735969915,2.2877917528470864,2.103922857312417,T3380,G2
W0028F0001T0006Z000C1N76.png,2,3.6659781914858476,3.819912408142931,2.2877917528470864,2.103922857312417,T3380,G2
W0028F0001T0006Z000C1N76.png,3,4.8473607845957005,5.13671672658836,2.2877917528470864,2.103922857312417,T3380,G2
W0028F0001T0006Z000C1N76.png,4,4.068761094814535,4.288939960236366,2.2877917528470864,2.103922857312417,T3380,G2
W0028F0001T0006Z000C1N76.png,5,5.3553075305993145,5.4177415527237525,2.2877917528470864,2.103922857312417,T3380,G2
W0028F0001T0006Z000C1N76.png,6,5.492474259647155,3.7489633983942814,2.2877917528470864,2.103922857312417,T3380,G2
W0028F0001T0006Z000C1N76.png,7,2.289364333409736,2.318090545321734,2.2877917528470864,2.103922857312417,T3380,G2
W0028F0001T0006Z000C1N76.png,8,1.600638031554808,1.4360315063007092,2.2877917528470864,2.103922857312417,T3380,G2
W0028F0001T0006Z000C1N76.png,9,4.756085866106464,4.764293007198531,2.2877917528470864,2.103922857312417,T3380,G2
W0028F0001T0006Z000C1N76.png,10,4.213967460218311,1.745159620323149,2.2877917528470864,2.103922857312417,T3380,G2
W0028F0001T0006Z000C1N76.png,11,5.0319080759701,5.0094753514029104,2.2877917528470864,2.103922857312417,T3380,G2
W0028F0001T0006Z000C1N76.png,12,3.5757383590849727,3.3085326950130565,2.2877917528470864,2.103922857312417,T3380,G2
W0028F0001T0006Z000C1N76.png,13,3.439155915843104,3.179714701433448,2.2877917528470864,2.103922857312417,T3380,G2
W0028F0001T0006Z000C1N76.png,14,3.6539682810219363,2.6202337681970285,2.2877917528470864,2.103922857312417,T3380,G2
W0028F0001T0006Z000C1N76.png,15,3.961038016163297,3.9028175537301255,2.2877917528470864,2.103922857312417,T3380,G2
W0028F0001T0006Z000C1N76.png,16,4.2226040721675915,4.173088501516877,2.2877917528470864,2.103922857312417,T3380,G2
W0028F0001T0006Z000C1N76.png,17,3.730776219685708,3.6583928631968985,2.2877917528470864,2.103922857312417,T3380,G2
W0028F0001T0006Z000C1N76.png,18,12.759057240269714,11.317398801182186,2.2877917528470864,2.103922857312417,T3380,G2
W0028F0001T0006Z000C1N82.png,1,4.709940835827895,4.286047869100301,0.6589736518597947,1.1996599764947042,T3380,G2
W0028F0001T0006Z000C1N82.png,2,3.830147457659533,3.934341474969327,0.6589736518597947,1.1996599764947042,T3380,G2
W0028F0001T0006Z000C1N82.png,3,6.054706086732518,5.666379000782881,0.6589736518597947,1.1996599764947042,T3380,G2
W0028F0001T0006Z000C1N82.png,4,4.539201980410596,3.230703068723418,0.6589736518597947,1.1996599764947042,T3380,G2
W0028F0001T0006Z000C1N82.png,5,5.094631405331877,2.323119461516065,0.6589736518597947,1.1996599764947042,T3380,G2
W0028F0001T0006Z000C1N82.png,6,4.874059968989859,4.977599371085807,0.6589736518597947,1.1996599764947042,T3380,G2
W0028F0001T0006Z000C1N82.png,7,5.508945792623781,5.903058172297838,0.6589736518597947,1.1996599764947042,T3380,G2
W0028F0001T0006Z000C1N84.png,1,12.077924802408972,12.044291490404172,3.4476501575484875,4.105676442680971,T3380,G2
W0028F0001T0006Z000C1N84.png,2,15.231947908728046,15.21337438602958,3.4476501575484875,4.105676442680971,T3380,G2
W0028F0001T0006Z000C1N84.png,3,12.648027189043868,12.623371121853058,3.4476501575484875,4.105676442680971,T3380,G2
W0028F0001T0006Z000C1N84.png,4,7.095613037455463,7.035779714295801,3.4476501575484875,4.105676442680971,T3380,G2
W0028F0001T0006Z000C1N84.png,5,10.869700995902429,10.825717763363448,3.4476501575484875,4.105676442680971,T3380,G2
W0028F0001T0006Z000C1N84.png,6,6.862694206219584,6.809928738240378,3.4476501575484875,4.105676442680971,T3380,G2
W0028F0001T0006Z000C1N84.png,7,9.11745696564916,9.073377029731969,3.4476501575484875,4.105676442680971,T3380,G2
W0028F0001T0006Z000C1N84.png,8,12.478725918098226,12.469671845749387,3.4476501575484875,4.105676442680971,T3380,G2
W0028F0001T0006Z000C1N84.png,9,7.550318462430507,7.531338313745237,3.4476501575484875,4.105676442680971,T3380,G2
W0028F0001T0006Z000C1N84.png,10,5.506626827148767,5.473805413798943,3.4476501575484875,4.105676442680971,T3380,G2
W0028F0001T0006Z000C1N84.png,11,2.510855858310351,2.484740671165694,3.4476501575484875,4.105676442680971,T3380,G2
W0028F0001T0006Z000C1N84.png,12,3.8045196108704,3.7809674950518395,3.4476501575484875,4.105676442680971,T3380,G2
W0028F0001T0006Z000C1N84.png,13,9.112653000804455,9.091508836811977,3.4476501575484875,4.105676442680971,T3380,G2
W0028F0001T0006Z000C1N84.png,14,1.8669786361802256,1.9284052342859754,3.4476501575484875,4.105676442680971,T3380,G2
W0028F0001T0006Z000C1N84.png,15,6.119508826319221,1.785449544357334,3.4476501575484875,4.105676442680971,T3380,G2
W0028F0001T0006Z000C1N84.png,16,5.014261807658787,0.8499759185243604,3.4476501575484875,4.105676442680971,T3380,G2
W0028F0001T0006Z000C1N84.png,17,5.617169132564772,4.524830334913842,3.4476501575484875,4.105676442680971,T3380,G2
W0028F0001T0006Z000C1N84.png,18,6.6110283307070805,6.642233577776113,3.4476501575484875,4.105676442680971,T3380,G2
W0028F0001T0006Z000C1N84.png,19,6.102220415091431,2.5705713318006196,3.4476501575484875,4.105676442680971,T3380,G2
W0028F0001T0006Z000C1N84.png,20,6.870611453825427,3.846304237094818,3.4476501575484875,4.105676442680971,T3380,G2
W0028F0001T0006Z000C1N85.png,1,7.922031317222798,7.915549816619562,3.5175360516884617,3.525198373344151,T3380,G2
W0028F0001T0006Z000C1N85.png,2,3.9105623204148685,3.938133188162278,3.5175360516884617,3.525198373344151,T3380,G2
W0028F0001T0006Z000C1N85.png,3,5.431362568882332,5.373181842818481,3.5175360516884617,3.525198373344151,T3380,G2
W0028F0001T0006Z000C1N85.png,4,13.174402612028747,13.189329164368333,3.5175360516884617,3.525198373344151,T3380,G2
W0028F0001T0006Z000C1N87.png,1,6.519133956089477,6.650720372906658,1.5250838834804183,1.562737708022102,T3380,G2
W0028F0001T0006Z000C1N87.png,2,3.54113486979879,3.745728266903154,1.5250838834804183,1.562737708022102,T3380,G2
W0028F0001T0006Z000C1N87.png,3,7.332148491520608,7.554651348497827,1.5250838834804183,1.562737708022102,T3380,G2
W0028F0001T0006Z000C1N87.png,4,6.537405416124574,6.77483140504502,1.5250838834804183,1.562737708022102,T3380,G2
W0028F0001T0006Z000C1N87.png,5,6.445195177517453,6.465340598607313,1.5250838834804183,1.562737708022102,T3380,G2
W0028F0001T0006Z000C1N87.png,6,5.926223490615579,5.93413676632484,1.5250838834804183,1.562737708022102,T3380,G2
W0028F0001T0006Z000C1N87.png,7,6.695470591963379,6.89203977156388,1.5250838834804183,1.562737708022102,T3380,G2
W0028F0001T0006Z000C1N87.png,8,7.847423089366898,8.062928984448131,1.5250838834804183,1.562737708022102,T3380,G2
W0028F0001T0006Z000C1N87.png,9,2.7730956802994986,2.805768462602558,1.5250838834804183,1.562737708022102,T3380,G2
W0028F0001T0006Z000C1N87.png,10,5.305174089685512,5.345058389646376,1.5250838834804183,1.562737708022102,T3380,G2
W0028F0001T0006Z000C1N88.png,1,13.031028424978453,13.008004779673245,3.372974751466851,3.7726613707151824,T3380,G2
W0028F0001T0006Z000C1N88.png,2,1.9542464178823085,0.7640451087158621,3.372974751466851,3.7726613707151824,T3380,G2
W0028F0001T0006Z000C1N88.png,3,10.48077342445076,10.488035491757962,3.372974751466851,3.7726613707151824,T3380,G2
W0028F0001T0006Z000C1N88.png,4,5.817935079809296,5.2101463511114545,3.372974751466851,3.7726613707151824,T3380,G2
W0028F0001T0006Z000C1N88.png,5,8.937628551605883,8.99593957475141,3.372974751466851,3.7726613707151824,T3380,G2
W0028F0001T0006Z000C1N88.png,6,0.9431410397963392,0.9591093283331651,3.372974751466851,3.7726613707151824,T3380,G2
W0028F0001T0006Z000C1N88.png,7,7.532776910838807,7.602022671553968,3.372974751466851,3.7726613707151824,T3380,G2
W0028F0001T0006Z000C1N88.png,8,2.6292074456913466,2.7548193036614195,3.372974751466851,3.7726613707151824,T3380,G2
W0028F0001T0006Z000C1N88.png,9,2.947194621197554,2.2986060973307287,3.372974751466851,3.7726613707151824,T3380,G2
W0028F0001T0006Z000C1N88.png,10,4.310337252626308,4.564823075641563,3.372974751466851,3.7726613707151824,T3380,G2
W0028F0001T0006Z000C1N88.png,11,2.6720681292436925,3.054315013965422,3.372974751466851,3.7726613707151824,T3380,G2
W0028F0001T0006Z000C1N88.png,12,5.930479596013687,1.1398696901448535,3.372974751466851,3.7726613707151824,T3380,G2
W0028F0001T0006Z000C1N88.png,13,6.552376356244839,2.8095495985469174,3.372974751466851,3.7726613707151824,T3380,G2
W0028F0001T0006Z000C1N88.png,14,6.648983626852815,1.2601167437317793,3.372974751466851,3.7726613707151824,T3380,G2
W0028F0001T0006Z000C1N88.png,15,5.163119542695472,1.447199306474422,3.372974751466851,3.7726613707151824,T3380,G2
W0028F0001T0006Z000C1N88.png,16,4.230056693653278,4.411693581784159,3.372974751466851,3.7726613707151824,T3380,G2
W0028F0001T0006Z000C1N88.png,17,9.575965049903942,9.145340449238432,3.372974751466851,3.7726613707151824,T3380,G2
W0028F0001T0006Z000C1N88.png,18,1.5328377261149237,1.43635911328368,3.372974751466851,3.7726613707151824,T3380,G2
W0028F0001T0006Z000C1N88.png,19,11.759985842095835,11.351684845381573,3.372974751466851,3.7726613707151824,T3380,G2
W0028F0001T0006Z000C1N88.png,20,5.650674119074094,5.561035437310956,3.372974751466851,3.7726613707151824,T3380,G2
W0028F0001T0006Z000C1N90.png,1,8.725618870683316,8.521617329723215,2.225998814137117,2.3504342411183785,T3380,G2
W0028F0001T0006Z000C1N90.png,2,8.258496417265047,8.344680756544296,2.225998814137117,2.3504342411183785,T3380,G2
W0028F0001T0006Z000C1N90.png,3,6.775846269036379,6.593955913528013,2.225998814137117,2.3504342411183785,T3380,G2
W0028F0001T0006Z000C1N90.png,4,5.365178570679436,5.138581876051848,2.225998814137117,2.3504342411183785,T3380,G2
W0028F0001T0006Z000C1N90.png,5,4.249586319869671,4.281244304066754,2.225998814137117,2.3504342411183785,T3380,G2
W0028F0001T0006Z000C1N90.png,6,3.533761048986863,3.314577125274423,2.225998814137117,2.3504342411183785,T3380,G2
W0028F0001T0006Z000C1N90.png,7,4.22517715048113,8.634282132635521,2.225998814137117,2.3504342411183785,T3380,G2
W0028F0001T0006Z000C1N90.png,8,2.9222923569216275,2.9293215905870236,2.225998814137117,2.3504342411183785,T3380,G2
W0028F0001T0006Z000C1N90.png,9,3.9935656555775036,5.194248554069256,2.225998814137117,2.3504342411183785,T3380,G2
W0028F0001T0006Z000C1N90.png,10,6.019158579970482,5.996833618065108,2.225998814137117,2.3504342411183785,T3380,G2
W0028F0001T0006Z000C1N90.png,11,3.1687050184969814,2.986952019704167,2.225998814137117,2.3504342411183785,T3380,G2
W0028F0001T0006Z000C1N90.png,12,0.8673785593476091,0.8313257360117869,2.225998814137117,2.3504342411183785,T3380,G2
W0028F0001T0006Z000C1N90.png,13,3.176583948620945,3.1398342466252087,2.225998814137117,2.3504342411183785,T3380,G2
W0028F0001T0006Z000C1N90.png,14,3.5001316995557823,3.4014030864894984,2.225998814137117,2.3504342411183785,T3380,G2
W0028F0001T0006Z000C1N90.png,15,2.3267508092855196,2.287681075373877,2.225998814137117,2.3504342411183785,T3380,G2
W0028F0001T0006Z000C1N90.png,16,4.431573093485899,4.60348925227319,2.225998814137117,2.3504342411183785,T3380,G2
W0028F0001T0006Z000C1N90.png,17,2.8863485382051532,2.867061224983639,2.225998814137117,2.3504342411183785,T3380,G2
W0028F0001T0006Z000C1N90.png,18,3.1024091844954165,3.316753475830353,2.225998814137117,2.3504342411183785,T3380,G2
W0028F0001T0006Z000C1N90.png,19,3.5445322673594615,3.5143812486457326,2.225998814137117,2.3504342411183785,T3380,G2
W0028F0001T0006Z000C1N90.png,20,5.786879567396494,6.471433589481178,2.225998814137117,2.3504342411183785,T3380,G2
W0028F0001T0006Z000C1N90.png,21,8.7952609740055,9.037258083366126,2.225998814137117,2.3504342411183785,T3380,G2
W0028F0001T0006Z000C1N90.png,22,6.5876951657244245,6.505714066424179,2.225998814137117,2.3504342411183785,T3380,G2
W0028F0001T0006Z000C1N90.png,23,4.352531383269139,4.265876203518411,2.225998814137117,2.3504342411183785,T3380,G2
W0028F0001T0006Z000C1N90.png,24,10.025694540769729,9.93094961049201,2.225998814137117,2.3504342411183785,T3380,G2
W0028F0001T0006Z000C1N90.png,25,4.812635335105693,4.717947556780649,2.225998814137117,2.3504342411183785,T3380,G2
W0028F0001T0006Z000C1N95.png,1,3.440573393790987,2.3872332694022678,1.2409522661531094,1.2379244664953488,T3380,G2
W0028F0001T0006Z000C1N95.png,2,3.8415561684891486,3.878224266025822,1.2409522661531094,1.2379244664953488,T3380,G2
W0028F0001T0006Z000C1N95.png,3,3.678277004989329,3.7066796300164975,1.2409522661531094,1.2379244664953488,T3380,G2
W0028F0001T0006Z000C1N95.png,4,0.8065914205590419,0.7945694120025091,1.2409522661531094,1.2379244664953488,T3380,G2
W0028F0001T0006Z000C1N96.png,1,9.851822190577192,9.881265160137778,2.758909786431551,2.7763975583820235,T3380,G2
W0028F0001T0006Z000C1N96.png,2,10.967102989265332,10.998285569254461,2.758909786431551,2.7763975583820235,T3380,G2
W0028F0001T0006Z000C1N96.png,3,4.3024820367241325,4.312852254824923,2.758909786431551,2.7763975583820235,T3380,G2
W0028F0001T0006Z000C1N96.png,4,4.912831936782662,4.903035860418117,2.758909786431551,2.7763975583820235,T3380,G2
W0028F0001T0006Z000C1N96.png,5,5.717157530698621,5.69854336432899,2.758909786431551,2.7763975583820235,T3380,G2
W0028F0001T0006Z000C1N96.png,6,4.752120188117048,4.724657264551093,2.758909786431551,2.7763975583820235,T3380,G2
W0028F0001T0006Z000C1N96.png,7,3.0953602936973255,3.0826808508202923,2.758909786431551,2.7763975583820235,T3380,G2
W0028F0002T0006Z000C1N18.png,1,5.9386673923735245,5.705591746357601,1.9813345698151565,2.790123191781563,T3380,G2
W0028F0002T0006Z000C1N18.png,2,3.8689325851727063,4.661741032884197,1.9813345698151565,2.790123191781563,T3380,G2
W0028F0002T0006Z000C1N18.png,3,7.444925172120617,7.386134439274626,1.9813345698151565,2.790123191781563,T3380,G2
W0028F0002T0006Z000C1N18.png,4,6.618325264097982,6.7611151360281605,1.9813345698151565,2.790123191781563,T3380,G2
W0028F0002T0006Z000C1N18.png,5,6.810035929789518,6.788212356233341,1.9813345698151565,2.790123191781563,T3380,G2
W0028F0002T0006Z000C1N18.png,6,5.92426371243414,6.7726585915446265,1.9813345698151565,2.790123191781563,T3380,G2
W0028F0002T0006Z000C1N18.png,7,4.623547195983342,4.4964900903478275,1.9813345698151565,2.790123191781563,T3380,G2
W0028F0002T0006Z000C1N18.png,8,3.750582905606354,3.6702834310600996,1.9813345698151565,2.790123191781563,T3380,G2
W0028F0002T0006Z000C1N18.png,9,4.406126598549928,4.470069296734927,1.9813345698151565,2.790123191781563,T3380,G2
W0028F0002T0006Z000C1N18.png,10,4.496975054853799,4.338566692299118,1.9813345698151565,2.790123191781563,T3380,G2
W0028F0002T0006Z000C1N18.png,11,6.676034122008497,6.800672838788524,1.9813345698151565,2.790123191781563,T3380,G2
W0028F0002T0006Z000C1N18.png,12,2.096806796703863,2.0611051495182937,1.9813345698151565,2.790123191781563,T3380,G2
W0028F0002T0006Z000C1N18.png,13,0.8790915275713032,0.8640411668285704,1.9813345698151565,2.790123191781563,T3380,G2
W0028F0002T0006Z000C1N18.png,14,6.995132607189463,7.147240597198587,1.9813345698151565,2.790123191781563,T3380,G2
W0028F0002T0006Z000C1N18.png,15,5.624611931049816,5.783516482647333,1.9813345698151565,2.790123191781563,T3380,G2
W0028F0002T0006Z000C1N18.png,16,2.683581211810598,2.683557691092675,1.9813345698151565,2.790123191781563,T3380,G2
W0028F0002T0006Z000C1N18.png,17,5.613581601285434,5.779460067780379,1.9813345698151565,2.790123191781563,T3380,G2
W0028F0002T0006Z000C1N18.png,18,1.6645878788054667,5.251071998176711,1.9813345698151565,2.790123191781563,T3380,G2
W0028F0002T0006Z000C1N18.png,19,3.728658019314724,8.985122460978719,1.9813345698151565,2.790123191781563,T3380,G2
W0028F0002T0006Z000C1N18.png,20,4.640748642387953,4.739169258971761,1.9813345698151565,2.790123191781563,T3380,G2
W0028F0002T0006Z000C1N18.png,21,3.1864091270582318,8.418042646598106,1.9813345698151565,2.790123191781563,T3380,G2
W0028F0002T0006Z000C1N18.png,22,8.900174005888227,15.030711925358357,1.9813345698151565,2.790123191781563,T3380,G2
W0028F0002T0006Z000C1N21.png,1,1.927786319736357,1.8692436600594806,6.706950547860239,6.691688964878348,T3380,G2
W0028F0002T0006Z000C1N21.png,2,0.5034753437621748,0.5626837940494109,6.706950547860239,6.691688964878348,T3380,G2
W0028F0002T0006Z000C1N21.png,3,1.982995179382403,1.9821577984500602,6.706950547860239,6.691688964878348,T3380,G2
W0028F0002T0006Z000C1N21.png,4,14.103594857461244,14.055325249025968,6.706950547860239,6.691688964878348,T3380,G2
W0028F0002T0006Z000C1N21.png,5,3.9455320663342426,3.9455613132798146,6.706950547860239,6.691688964878348,T3380,G2
W0028F0002T0006Z000C1N21.png,6,6.069084477531851,6.087463624073362,6.706950547860239,6.691688964878348,T3380,G2
W0028F0002T0006Z000C1N21.png,7,15.4027476742067,15.36524963006078,6.706950547860239,6.691688964878348,T3380,G2
W0028F0002T0006Z000C1N21.png,8,7.468653849440478,7.507922586272947,6.706950547860239,6.691688964878348,T3380,G2
W0028F0002T0006Z000C1N21.png,9,14.058489299357738,14.025460928392748,6.706950547860239,6.691688964878348,T3380,G2
W0028F0002T0006Z000C1N21.png,10,14.942221711889434,14.914435206863695,6.706950547860239,6.691688964878348,T3380,G2
W0028F0002T0006Z000C1N21.png,11,14.888955898700578,14.866140981534226,6.706950547860239,6.691688964878348,T3380,G2
W0028F0002T0006Z000C1N21.png,12,22.824045969184166,22.79693431935957,6.706950547860239,6.691688964878348,T3380,G2
W0028F0002T0006Z000C1N21.png,13,15.699537937239864,15.701204861865312,6.706950547860239,6.691688964878348,T3380,G2
W0028F0002T0006Z000C1N29.png,1,9.437593220779645,9.406785872375899,2.611392095166043,2.6106789000259547,T3380,G2
W0028F0002T0006Z000C1N29.png,2,6.665687254554736,6.621509623680602,2.611392095166043,2.6106789000259547,T3380,G2
W0028F0002T0006Z000C1N29.png,3,6.83395747367987,6.797525837131418,2.611392095166043,2.6106789000259547,T3380,G2
W0028F0002T0006Z000C1N29.png,4,7.587949322394893,7.556710671515018,2.611392095166043,2.6106789000259547,T3380,G2
W0028F0002T0006Z000C1N29.png,5,10.433618150436194,10.412909606097223,2.611392095166043,2.6106789000259547,T3380,G2
W0028F0002T0006Z000C1N29.png,6,6.587848012122531,6.541486533468524,2.611392095166043,2.6106789000259547,T3380,G2
W0028F0002T0006Z000C1N29.png,7,10.68169685135305,10.670285693210133,2.611392095166043,2.6106789000259547,T3380,G2
W0028F0002T0006Z000C1N29.png,8,5.753570616286338,5.711568267184884,2.611392095166043,2.6106789000259547,T3380,G2
W0028F0002T0006Z000C1N29.png,9,5.796028134806648,5.769657525226218,2.611392095166043,2.6106789000259547,T3380,G2
W0028F0002T0006Z000C1N29.png,10,4.130507921767982,4.083965812864343,2.611392095166043,2.6106789000259547,T3380,G2
W0028F0002T0006Z000C1N29.png,11,6.368929405547648,6.360576814378079,2.611392095166043,2.6106789000259547,T3380,G2
W0028F0002T0006Z000C1N29.png,12,3.3229494527811503,3.2810557023972735,2.611392095166043,2.6106789000259547,T3380,G2
W0028F0002T0006Z000C1N29.png,13,2.1114046199595498,2.065694453539608,2.611392095166043,2.6106789000259547,T3380,G2
W0028F0002T0006Z000C1N29.png,14,3.5765359520735776,3.546758489194634,2.611392095166043,2.6106789000259547,T3380,G2
W0028F0002T0006Z000C1N29.png,15,8.71891079605425,8.723635957844568,2.611392095166043,2.6106789000259547,T3380,G2
W0028F0002T0006Z000C1N29.png,16,8.090100757253888,8.078912694263998,2.611392095166043,2.6106789000259547,T3380,G2
W0028F0002T0006Z000C1N29.png,17,1.5387295154920884,1.537386612274059,2.611392095166043,2.6106789000259547,T3380,G2
W0028F0002T0006Z000C1N29.png,18,3.7924789320864303,3.8140244026738714,2.611392095166043,2.6106789000259547,T3380,G2
W0028F0002T0006Z000C1N29.png,19,6.861499412459047,6.860252964764381,2.611392095166043,2.6106789000259547,T3380,G2
W0028F0002T0006Z000C1N29.png,20,5.898652184158941,5.921432250571652,2.611392095166043,2.6106789000259547,T3380,G2
W0028F0002T0006Z000C1N29.png,21,2.4782360934450054,2.5201490185607125,2.611392095166043,2.6106789000259547,T3380,G2
W0028F0002T0006Z000C1N29.png,22,8.234118934791745,8.238817234604007,2.611392095166043,2.6106789000259547,T3380,G2
W0028F0002T0006Z000C1N29.png,23,2.940202387208687,2.9869855678324124,2.611392095166043,2.6106789000259547,T3380,G2
W0028F0002T0006Z000C1N29.png,24,4.204441475251701,4.248283213155313,2.611392095166043,2.6106789000259547,T3380,G2
W0028F0002T0006Z000C1N29.png,25,9.715914558627109,9.726436742143019,2.611392095166043,2.6106789000259547,T3380,G2
W0028F0002T0006Z000C1N29.png,26,5.452037065467911,5.488463704777226,2.611392095166043,2.6106789000259547,T3380,G2
W0028F0002T0006Z000C1N29.png,27,5.9036649938912005,5.947866027193093,2.611392095166043,2.6106789000259547,T3380,G2
W0028F0002T0006Z000C1N29.png,28,9.804423254334974,9.826370762896067,2.611392095166043,2.6106789000259547,T3380,G2
W0028F0002T0006Z000C1N29.png,29,9.911316985724152,9.944635803674258,2.611392095166043,2.6106789000259547,T3380,G2
W0028F0002T0006Z000C1N33.png,1,6.775179192678845,6.988994537609721,1.2923465341559384,1.3288724520843649,T3380,G2
W0028F0002T0006Z000C1N33.png,2,6.404457551583096,6.633197692565078,1.2923465341559384,1.3288724520843649,T3380,G2
W0028F0002T0006Z000C1N33.png,3,5.865393899244399,6.003393014104806,1.2923465341559384,1.3288724520843649,T3380,G2
W0028F0002T0006Z000C1N33.png,4,4.813612410066104,4.913661459645279,1.2923465341559384,1.3288724520843649,T3380,G2
W0028F0002T0006Z000C1N33.png,5,4.668615591951038,4.896037029586736,1.2923465341559384,1.3288724520843649,T3380,G2
W0028F0002T0006Z000C1N33.png,6,3.495976571994872,3.6420629747849094,1.2923465341559384,1.3288724520843649,T3380,G2
W0028F0002T0006Z000C1N33.png,7,5.491104305394961,5.70506403125335,1.2923465341559384,1.3288724520843649,T3380,G2
W0028F0002T0006Z000C1N33.png,8,5.099984279794132,4.94596826155418,1.2923465341559384,1.3288724520843649,T3380,G2
W0028F0002T0006Z000C1N33.png,9,2.4502142507695486,2.5346702204843314,1.2923465341559384,1.3288724520843649,T3380,G2
W0028F0002T0006Z000C1N34.png,1,0.8815166992887192,0.9324341472625425,2.1423719311257883,2.1557472432530633,T3380,G2
W0028F0002T0006Z000C1N34.png,2,2.59253330826861,2.6473715186574522,2.1423719311257883,2.1557472432530633,T3380,G2
W0028F0002T0006Z000C1N34.png,3,2.625222722625047,2.699792095943677,2.1423719311257883,2.1557472432530633,T3380,G2
W0028F0002T0006Z000C1N34.png,4,2.180906362352983,2.052684557689922,2.1423719311257883,2.1557472432530633,T3380,G2
W0028F0002T0006Z000C1N34.png,5,3.4631241638129646,3.4061675252145314,2.1423719311257883,2.1557472432530633,T3380,G2
W0028F0002T0006Z000C1N34.png,6,4.922995260561622,4.945112319423357,2.1423719311257883,2.1557472432530633,T3380,G2
W0028F0002T0006Z000C1N34.png,7,1.4436119718050073,1.4820153592285086,2.1423719311257883,2.1557472432530633,T3380,G2
W0028F0002T0006Z000C1N34.png,8,7.033516578486568,7.06874169321336,2.1423719311257883,2.1557472432530633,T3380,G2
W0028F0002T0006Z000C1N34.png,9,6.380829143493192,6.42735000570276,2.1423719311257883,2.1557472432530633,T3380,G2
W0028F0002T0006Z000C1N34.png,10,6.606907927573275,6.670780323985907,2.1423719311257883,2.1557472432530633,T3380,G2
W0028F0002T0006Z000C1N42.png,1,9.365443457079534,9.218597517550592,2.465275661003843,2.4566228574071167,T3380,G2
W0028F0002T0006Z000C1N42.png,2,9.072454267984117,8.947300339257037,2.465275661003843,2.4566228574071167,T3380,G2
W0028F0002T0006Z000C1N42.png,3,6.416998155627298,6.3537805967080585,2.465275661003843,2.4566228574071167,T3380,G2
W0028F0002T0006Z000C1N42.png,4,3.628335002396417,3.521488101615554,2.465275661003843,2.4566228574071167,T3380,G2
W0028F0002T0006Z000C1N42.png,5,3.223167863310354,3.076846073825319,2.465275661003843,2.4566228574071167,T3380,G2
W0028F0002T0006Z000C1N42.png,6,5.922256169369975,5.886461041949047,2.465275661003843,2.4566228574071167,T3380,G2
W0028F0002T0006Z000C1N42.png,7,2.3978365371575405,2.3673813194073947,2.465275661003843,2.4566228574071167,T3380,G2
W0028F0002T0006Z000C1N42.png,8,2.235348468181623,2.3213289337568077,2.465275661003843,2.4566228574071167,T3380,G2
W0028F0002T0006Z000C1N42.png,9,2.931133045616574,2.9636595779615362,2.465275661003843,2.4566228574071167,T3380,G2
W0028F0002T0006Z000C1N42.png,10,5.612305569421428,5.684899398148827,2.465275661003843,2.4566228574071167,T3380,G2
W0028F0002T0006Z000C1N42.png,11,2.555187697374928,2.684905262239716,2.465275661003843,2.4566228574071167,T3380,G2
W0028F0002T0006Z000C1N42.png,12,4.821239647899216,4.947760824363412,2.465275661003843,2.4566228574071167,T3380,G2
W0028F0002T0006Z000C1N42.png,13,6.470310708449853,6.5797235738893205,2.465275661003843,2.4566228574071167,T3380,G2
W0028F0002T0006Z000C1N42.png,14,6.863477829513449,7.0045293921481155,2.465275661003843,2.4566228574071167,T3380,G2
W0028F0002T0006Z000C1N42.png,15,9.385559509838439,9.529624934682182,2.465275661003843,2.4566228574071167,T3380,G2
W0028F0002T0006Z000C1N44.png,1,5.465206755117669,5.408596791927008,1.4111644928944778,1.462470124107213,T3380,G2
W0028F0002T0006Z000C1N44.png,2,3.754011746321871,3.707593674243056,1.4111644928944778,1.462470124107213,T3380,G2
W0028F0002T0006Z000C1N44.png,3,1.9061494847709062,1.8670258675973874,1.4111644928944778,1.462470124107213,T3380,G2
W0028F0002T0006Z000C1N44.png,4,2.234692745507565,1.9172576081766144,1.4111644928944778,1.462470124107213,T3380,G2
W0028F0002T0006Z000C1N45.png,1,3.2315442752184667,3.209373215378617,1.8341896693274164,1.8257713829924,T3380,G2
W0028F0002T0006Z000C1N45.png,2,1.5135945607148407,1.5400957220466378,1.8341896693274164,1.8257713829924,T3380,G2
W0028F0002T0006Z000C1N45.png,3,2.856437457897603,2.874305003319886,1.8341896693274164,1.8257713829924,T3380,G2
W0028F0002T0006Z000C1N45.png,4,2.9447972481542664,2.9726883342580726,1.8341896693274164,1.8257713829924,T3380,G2
W0028F0002T0006Z000C1N45.png,5,6.781026571618313,6.781287176659945,1.8341896693274164,1.8257713829924,T3380,G2
W0028F0002T0006Z000C1N45.png,6,5.614182521850238,5.639509726473721,1.8341896693274164,1.8257713829924,T3380,G2
W0028F0002T0006Z000C1N45.png,7,7.718303473250646,7.697774999523836,1.8341896693274164,1.8257713829924,T3380,G2
W0028F0002T0006Z000C1N45.png,8,5.116239996043234,5.098035976829635,1.8341896693274164,1.8257713829924,T3380,G2
W0028F0002T0006Z000C1N45.png,9,5.772624436762201,5.752090871873635,1.8341896693274164,1.8257713829924,T3380,G2
W0028F0002T0006Z000C1N45.png,10,1.7188458987761939,1.7354498511229515,1.8341896693274164,1.8257713829924,T3380,G2
W0028F0002T0006Z000C1N45.png,11,2.5731379784232704,2.6078945006473524,1.8341896693274164,1.8257713829924,T3380,G2
W0028F0002T0006Z000C1N45.png,12,1.2784054519510568,1.2810011149374654,1.8341896693274164,1.8257713829924,T3380,G2
W0028F0002T0006Z000C1N45.png,13,3.2674035270746975,3.272269424924025,1.8341896693274164,1.8257713829924,T3380,G2
W0028F0002T0006Z000C1N45.png,14,5.631407189063574,5.618427219730621,1.8341896693274164,1.8257713829924,T3380,G2
W0028F0002T0006Z000C1N45.png,15,3.521860264487009,3.5397259908500245,1.8341896693274164,1.8257713829924,T3380,G2
W0028F0002T0006Z000C1N45.png,16,3.7579638796188175,3.7921746476976104,1.8341896693274164,1.8257713829924,T3380,G2
W0028F0002T0006Z000C1N45.png,17,5.273399673372506,5.293511944511843,1.8341896693274164,1.8257713829924,T3380,G2
W0028F0002T0006Z000C1N45.png,18,3.8704840391022977,3.8567239387635284,1.8341896693274164,1.8257713829924,T3380,G2
W0028F0002T0006Z000C1N45.png,19,2.52985692806887,2.50163379882814,1.8341896693274164,1.8257713829924,T3380,G2
W0028F0002T0006Z000C1N45.png,20,6.785701568451686,6.76829638614707,1.8341896693274164,1.8257713829924,T3380,G2
W0028F0002T0006Z000C1N48.png,1,13.991989291460547,13.966681311655105,3.4732967557715626,3.4574723395132265,T3380,G2
W0028F0002T0006Z000C1N48.png,2,9.22970385698313,9.26347055998565,3.4732967557715626,3.4574723395132265,T3380,G2
W0028F0002T0006Z000C1N48.png,3,7.633085581237779,7.648859240259768,3.4732967557715626,3.4574723395132265,T3380,G2
W0028F0002T0006Z000C1N48.png,4,3.9744351187770577,3.9990621474407337,3.4732967557715626,3.4574723395132265,T3380,G2
W0028F0002T0006Z000C1N48.png,5,2.7215288183691007,2.757229052657132,3.4732967557715626,3.4574723395132265,T3380,G2
W0028F0002T0006Z000C1N48.png,6,3.236687706358728,3.1879128728322947,3.4732967557715626,3.4574723395132265,T3380,G2
W0028F0002T0006Z000C1N48.png,7,1.6300171011409381,1.6741512560008136,3.4732967557715626,3.4574723395132265,T3380,G2
W0028F0002T0006Z000C1N48.png,8,0.9560527380273643,0.9197500743703517,3.4732967557715626,3.4574723395132265,T3380,G2
W0028F0002T0006Z000C1N48.png,9,6.426112994300186,6.544094989596377,3.4732967557715626,3.4574723395132265,T3380,G2
W0028F0002T0006Z000C1N48.png,10,8.90692044384563,8.85657745953038,3.4732967557715626,3.4574723395132265,T3380,G2
W0028F0002T0006Z000C1N48.png,11,5.234712652186115,5.352151589748972,3.4732967557715626,3.4574723395132265,T3380,G2
W0028F0002T0006Z000C1N48.png,12,9.131384695707274,9.088237938284669,3.4732967557715626,3.4574723395132265,T3380,G2
W0028F0002T0006Z000C1N48.png,13,3.0972762710307755,3.197709070471949,3.4732967557715626,3.4574723395132265,T3380,G2
W0028F0002T0006Z000C1N48.png,14,7.188014704010714,7.189738562085949,3.4732967557715626,3.4574723395132265,T3380,G2
W0028F0002T0006Z000C1N48.png,15,11.244043726732107,11.207252916922656,3.4732967557715626,3.4574723395132265,T3380,G2
W0028F0002T0006Z000C1N48.png,16,8.653696437541717,8.633893889703794,3.4732967557715626,3.4574723395132265,T3380,G2
W0028F0002T0006Z000C1N48.png,17,8.825595475752147,8.824336742326228,3.4732967557715626,3.4574723395132265,T3380,G2
W0028F0002T0006Z000C1N48.png,18,10.96744830259325,10.950278936305724,3.4732967557715626,3.4574723395132265,T3380,G2
W0028F0002T0006Z000C1N48.png,19,11.725298182446355,11.702582098954217,3.4732967557715626,3.4574723395132265,T3380,G2
W0028F0002T0006Z000C1N48.png,20,7.200037166575807,7.092480270696067,3.4732967557715626,3.4574723395132265,T3380,G2
W0028F0002T0006Z000C1N48.png,21,5.26383968526238,5.146368935829892,3.4732967557715626,3.4574723395132265,T3380,G2
W0028F0002T0006Z000C1N50.png,1,3.7001777645147347,3.690544231579843,1.4861419707966104,1.4889327925957676,T3380,G2
W0028F0002T0006Z000C1N50.png,2,5.591430390791544,5.581248026395981,1.4861419707966104,1.4889327925957676,T3380,G2
W0028F0002T0006Z000C1N50.png,3,5.561590091882536,5.569893243151097,1.4861419707966104,1.4889327925957676,T3380,G2
W0028F0002T0006Z000C1N50.png,4,0.6643920696316388,0.6743670191738673,1.4861419707966104,1.4889327925957676,T3380,G2
W0028F0002T0006Z000C1N50.png,5,5.648349408420414,5.638564107508829,1.4861419707966104,1.4889327925957676,T3380,G2
W0028F0002T0006Z000C1N50.png,6,3.4019731105239925,3.4013981009096677,1.4861419707966104,1.4889327925957676,T3380,G2
W0028F0002T0006Z000C1N50.png,7,3.0776039768504884,3.1008650595262197,1.4861419707966104,1.4889327925957676,T3380,G2
W0028F0002T0006Z000C1N50.png,8,4.265923405125341,4.302307901850232,1.4861419707966104,1.4889327925957676,T3380,G2
W0028F0002T0006Z000C1N50.png,9,5.320435516825377,5.322054802257,1.4861419707966104,1.4889327925957676,T3380,G2
W0028F0002T0006Z000C1N50.png,10,6.3955428632060745,6.4374525747133315,1.4861419707966104,1.4889327925957676,T3380,G2
W0028F0002T0006Z000C1N50.png,11,2.350572041858228,2.337684863274973,1.4861419707966104,1.4889327925957676,T3380,G2
W0028F0002T0006Z000C1N50.png,12,4.276145764486275,4.315707591310607,1.4861419707966104,1.4889327925957676,T3380,G2
W0028F0002T0006Z000C1N50.png,13,2.8447695948084455,2.8600115902938157,1.4861419707966104,1.4889327925957676,T3380,G2
W0028F0002T0006Z000C1N50.png,14,4.336687448667439,4.3647848510217635,1.4861419707966104,1.4889327925957676,T3380,G2
W0028F0002T0006Z000C1N50.png,15,5.312283487644665,5.333456480777021,1.4861419707966104,1.4889327925957676,T3380,G2
W0028F0002T0006Z000C1N51.png,1,4.193053386921823,4.1919302817494914,0.6646767884359561,0.677823460267529,T3380,G2
W0028F0002T0006Z000C1N51.png,2,3.996447968479863,4.023803420319388,0.6646767884359561,0.677823460267529,T3380,G2
W0028F0002T0006Z000C1N51.png,3,5.139528576092172,5.1827403470638895,0.6646767884359561,0.677823460267529,T3380,G2
W0028F0002T0006Z000C1N51.png,4,3.3443941839985807,3.348693000632752,0.6646767884359561,0.677823460267529,T3380,G2
W0028F0002T0006Z000C1N51.png,5,5.002565674603674,5.03554709721117,0.6646767884359561,0.677823460267529,T3380,G2
W0028F0002T0006Z000C1N52.png,1,11.090913224052976,11.279062103992896,3.150331086649635,3.2343815426416196,T3380,G2
W0028F0002T0006Z000C1N52.png,2,8.456667888113682,8.645138578071933,3.150331086649635,3.2343815426416196,T3380,G2
W0028F0002T0006Z000C1N52.png,3,7.448295313596304,7.218266445999706,3.150331086649635,3.2343815426416196,T3380,G2
W0028F0002T0006Z000C1N52.png,4,4.961249793998067,5.167920881309425,3.150331086649635,3.2343815426416196,T3380,G2
W0028F0002T0006Z000C1N52.png,5,1.5426173459288917,1.7728093403657073,3.150331086649635,3.2343815426416196,T3380,G2
W0028F0002T0006Z000C1N52.png,6,0.7417166744986639,0.7015771018651977,3.150331086649635,3.2343815426416196,T3380,G2
W0028F0002T0006Z000C1N52.png,7,8.187144244971583,8.415741201726663,3.150331086649635,3.2343815426416196,T3380,G2
W0028F0002T0006Z000C1N52.png,8,3.8737469050961404,4.066491376294409,3.150331086649635,3.2343815426416196,T3380,G2
W0028F0002T0006Z000C1N52.png,9,3.732209053727869,3.7928806968152817,3.150331086649635,3.2343815426416196,T3380,G2
W0028F0002T0006Z000C1N52.png,10,3.4662958589586585,3.515066539127485,3.150331086649635,3.2343815426416196,T3380,G2
W0028F0002T0006Z000C1N52.png,11,1.893427696497746,1.719097064257289,3.150331086649635,3.2343815426416196,T3380,G2
W0028F0002T0006Z000C1N52.png,12,1.9124549406882447,1.4742737947466789,3.150331086649635,3.2343815426416196,T3380,G2
W0028F0002T0006Z000C1N56.png,1,4.903109413392624,5.00991230958459,1.5357867833772254,1.5174835839882104,T3380,G2
W0028F0002T0006Z000C1N56.png,2,4.943141289885522,4.999785749539776,1.5357867833772254,1.5174835839882104,T3380,G2
W0028F0002T0006Z000C1N56.png,3,5.594908419109668,5.644030976585657,1.5357867833772254,1.5174835839882104,T3380,G2
W0028F0002T0006Z000C1N56.png,4,2.1668191964162995,2.268588112558891,1.5357867833772254,1.5174835839882104,T3380,G2
W0028F0002T0006Z000C1N56.png,5,2.6890885254232963,2.7757102564528875,1.5357867833772254,1.5174835839882104,T3380,G2
W0028F0002T0006Z000C1N56.png,6,3.309501919256265,3.333887608158882,1.5357867833772254,1.5174835839882104,T3380,G2
W0028F0002T0006Z000C1N56.png,7,6.202218877559213,6.191537433106018,1.5357867833772254,1.5174835839882104,T3380,G2
W0028F0002T0006Z000C1N56.png,8,3.543863288882765,3.5100089803215333,1.5357867833772254,1.5174835839882104,T3380,G2
W0028F0002T0006Z000C1N56.png,9,5.412959381350918,5.366358652009879,1.5357867833772254,1.5174835839882104,T3380,G2
W0028F0002T0006Z000C1N56.png,10,3.8735746533699906,3.772740564733685,1.5357867833772254,1.5174835839882104,T3380,G2
W0028F0002T0006Z000C1N56.png,11,5.195495541870782,5.1088163170167755,1.5357867833772254,1.5174835839882104,T3380,G2
W0028F0002T0006Z000C1N56.png,12,4.817880021219071,4.710722056505827,1.5357867833772254,1.5174835839882104,T3380,G2
W0028F0002T0006Z000C1N56.png,13,1.283949700777967,0.9280835418678823,1.5357867833772254,1.5174835839882104,T3380,G2
W0028F0002T0006Z000C1N56.png,14,1.4113053027300788,1.8880403431745818,1.5357867833772254,1.5174835839882104,T3380,G2
W0028F0002T0006Z000C1N8.png,1,1.6262446585446286,1.6314605728812646,1.5747893842385272,1.372865183781491,T3380,G2
W0028F0002T0006Z000C1N8.png,2,5.0045877138518415,4.984458596230008,1.5747893842385272,1.372865183781491,T3380,G2
W0028F0002T0006Z000C1N8.png,3,1.2300523033516615,1.1854058004484849,1.5747893842385272,1.372865183781491,T3380,G2
W0028F0002T0006Z000C1N8.png,4,1.688885186012442,1.6847803965524386,1.5747893842385272,1.372865183781491,T3380,G2
W0028F0002T0006Z000C1N8.png,5,5.623912396305731,5.586419237733298,1.5747893842385272,1.372865183781491,T3380,G2
W0028F0002T0006Z000C1N8.png,6,3.1492093721455383,3.1084751870280445,1.5747893842385272,1.372865183781491,T3380,G2
W0028F0002T0006Z000C1N8.png,7,6.292784094221593,6.291944963433626,1.5747893842385272,1.372865183781491,T3380,G2
W0028F0002T0006Z000C1N8.png,8,3.2559776174608492,3.2107723046961185,1.5747893842385272,1.372865183781491,T3380,G2
W0028F0002T0006Z000C1N8.png,9,3.841862563344073,3.81966740087547,1.5747893842385272,1.372865183781491,T3380,G2
W0028F0002T0006Z000C1N8.png,10,4.894769612477706,4.816786393126282,1.5747893842385272,1.372865183781491,T3380,G2
W0028F0002T0006Z000C1N8.png,11,1.7647460347965818,1.6956975167656432,1.5747893842385272,1.372865183781491,T3380,G2
W0028F0002T0006Z000C1N8.png,12,3.4780591998735226,2.5535107611321335,1.5747893842385272,1.372865183781491,T3380,G2
W0028F0002T0006Z000C1N8.png,13,2.3859475684905362,2.4508700502301495,1.5747893842385272,1.372865183781491,T3380,G2
W0028F0002T0006Z000C1N8.png,14,2.7549399030348853,2.640196788308216,1.5747893842385272,1.372865183781491,T3380,G2
W0028F0002T0006Z000C1N8.png,15,1.5772383235996725,1.6625701876087795,1.5747893842385272,1.372865183781491,T3380,G2
W0028F0002T0006Z000C1N8.png,16,1.5503676052334636,1.3993588397465295,1.5747893842385272,1.372865183781491,T3380,G2
W0028F0002T0006Z000C1N8.png,17,2.8339659157137125,2.9174825523968955,1.5747893842385272,1.372865183781491,T3380,G2
W0028F0002T0006Z000C1N8.png,18,3.9311340231371714,1.8387049382452323,1.5747893842385272,1.372865183781491,T3380,G2
W0028F0002T0006Z000C1N8.png,19,4.94461118086714,0.9917826437783633,1.5747893842385272,1.372865183781491,T3380,G2
W0028F0002T0006Z000C1N8.png,20,4.763582866760593,4.146935050431825,1.5747893842385272,1.372865183781491,T3380,G2
W0028F0002T0006Z000C1N8.png,21,3.5535975511522904,4.05804800186151,1.5747893842385272,1.372865183781491,T3380,G2
W0028F0002T0006Z000C1N8.png,22,5.679105055258608,3.6716772548547394,1.5747893842385272,1.372865183781491,T3380,G2
W0028F0002T0006Z000C1N8.png,23,4.098093696543938,2.7133995528649404,1.5747893842385272,1.372865183781491,T3380,G2
W0028F0002T0006Z000C1N8.png,24,4.710426267865787,3.0676259860379793,1.5747893842385272,1.372865183781491,T3380,G2
W0028F0002T0006Z000C1N8.png,25,3.971205958697648,2.070266098176874,1.5747893842385272,1.372865183781491,T3380,G2
W0028F0002T0006Z000C1N8.png,26,6.0547527248574475,2.409964919592657,1.5747893842385272,1.372865183781491,T3380,G2
W0028F0002T0006Z000C1N8.png,27,3.0302566046876303,2.1382237074131876,1.5747893842385272,1.372865183781491,T3380,G2
W0028F0002T0006Z000C1N8.png,28,4.498081014443827,0.6360417738403046,1.5747893842385272,1.372865183781491,T3380,G2
W0028F0002T0006Z000C1N8.png,29,1.614766250474691,2.4066670395562517,1.5747893842385272,1.372865183781491,T3380,G2
W0028F0002T0006Z000C1N8.png,30,0.2691820814910864,0.8603840314297009,1.5747893842385272,1.372865183781491,T3380,G2
W0028F0002T0006Z000C1N8.png,31,3.2532889608056643,1.7648325212139864,1.5747893842385272,1.372865183781491,T3380,G2
W0028F0002T0006Z000C1N8.png,32,2.018208131610811,3.002739012046304,1.5747893842385272,1.372865183781491,T3380,G2
W0028F0002T0006Z000C1N8.png,33,0.8911502370146017,2.3384360993013664,1.5747893842385272,1.372865183781491,T3380,G2
W0028F0002T0006Z000C1N8.png,34,1.619809461435853,2.0022319007176144,1.5747893842385272,1.372865183781491,T3380,G2
W0028F0002T0006Z000C1N8.png,35,1.42367021435128,0.6902902220625929,1.5747893842385272,1.372865183781491,T3380,G2
W0028F0002T0006Z000C1N8.png,36,1.29430043059506,1.4028433613023632,1.5747893842385272,1.372865183781491,T3380,G2
W0028F0002T0006Z000C1N8.png,37,2.9924311961571592,0.7712638366981617,1.5747893842385272,1.372865183781491,T3380,G2
W0028F0002T0006Z000C1N8.png,38,1.6940632819125179,0.7579028657641754,1.5747893842385272,1.372865183781491,T3380,G2
W0028F0003T0006Z000C1N19.png,1,8.001852692413795,4.960729565604255,1.9744328944650464,2.1964950205987672,T3380,G2
W0028F0003T0006Z000C1N19.png,2,5.651295250744723,2.9360348965857415,1.9744328944650464,2.1964950205987672,T3380,G2
W0028F0003T0006Z000C1N19.png,3,3.9942780547149397,3.51936705435455,1.9744328944650464,2.1964950205987672,T3380,G2
W0028F0003T0006Z000C1N19.png,4,4.557624576535664,1.5157415667068017,1.9744328944650464,2.1964950205987672,T3380,G2
W0028F0003T0006Z000C1N19.png,5,3.4407522830911392,2.2181969205765757,1.9744328944650464,2.1964950205987672,T3380,G2
W0028F0003T0006Z000C1N19.png,6,6.409621983926155,6.495127328439913,1.9744328944650464,2.1964950205987672,T3380,G2
W0028F0003T0006Z000C1N19.png,7,5.18354782570071,4.736951756528914,1.9744328944650464,2.1964950205987672,T3380,G2
W0028F0003T0006Z000C1N19.png,8,2.7603359985743574,1.6311711998438299,1.9744328944650464,2.1964950205987672,T3380,G2
W0028F0003T0006Z000C1N19.png,9,4.042946219918684,3.9906536188917494,1.9744328944650464,2.1964950205987672,T3380,G2
W0028F0003T0006Z000C1N19.png,10,2.705176173751069,2.718903395784339,1.9744328944650464,2.1964950205987672,T3380,G2
W0028F0003T0006Z000C1N19.png,11,5.88915294475426,5.729212404081609,1.9744328944650464,2.1964950205987672,T3380,G2
W0028F0003T0006Z000C1N19.png,12,4.48458296824196,3.4315414888907685,1.9744328944650464,2.1964950205987672,T3380,G2
W0028F0003T0006Z000C1N19.png,13,1.4330538671725765,1.2064541200109387,1.9744328944650464,2.1964950205987672,T3380,G2
W0028F0003T0006Z000C1N19.png,14,5.858331481203889,5.6119257412472185,1.9744328944650464,2.1964950205987672,T3380,G2
W0028F0003T0006Z000C1N19.png,15,4.381091187775542,4.158220872385501,1.9744328944650464,2.1964950205987672,T3380,G2
W0028F0003T0006Z000C1N19.png,16,4.3782917610415755,3.833043132580374,1.9744328944650464,2.1964950205987672,T3380,G2
W0028F0003T0006Z000C1N19.png,17,6.657507160202114,6.423854937502506,1.9744328944650464,2.1964950205987672,T3380,G2
W0028F0003T0006Z000C1N19.png,18,7.796996299725661,7.549942415589344,1.9744328944650464,2.1964950205987672,T3380,G2
W0028F0003T0006Z000C1N19.png,19,4.434900486876475,4.3620817696066965,1.9744328944650464,2.1964950205987672,T3380,G2
W0028F0003T0006Z000C1N19.png,20,7.068342352267827,6.924574935670284,1.9744328944650464,2.1964950205987672,T3380,G2
W0028F0003T0006Z000C1N19.png,21,7.476486952740895,7.261849158819091,1.9744328944650464,2.1964950205987672,T3380,G2
W0028F0003T0006Z000C1N19.png,22,7.383289804418713,7.204785855051278,1.9744328944650464,2.1964950205987672,T3380,G2
W0028F0003T0006Z000C1N19.png,23,7.958987585031078,7.841964084589653,1.9744328944650464,2.1964950205987672,T3380,G2
W0028F0003T0006Z000C1N19.png,24,9.677390470774252,9.45255895649711,1.9744328944650464,2.1964950205987672,T3380,G2
W0028F0003T0006Z000C1N21.png,1,7.54659644716937,7.607916824775592,2.2664823253026585,2.2299809969717757,T3380,G2
W0028F0003T0006Z000C1N21.png,2,6.938209471240372,6.949165626861912,2.2664823253026585,2.2299809969717757,T3380,G2
W0028F0003T0006Z000C1N21.png,3,7.0007527355099235,7.028141840825244,2.2664823253026585,2.2299809969717757,T3380,G2
W0028F0003T0006Z000C1N21.png,4,1.6063850318634965,1.6275704867790735,2.2664823253026585,2.2299809969717757,T3380,G2
W0028F0003T0006Z000C1N21.png,5,2.7641204712457297,2.7799893882223166,2.2664823253026585,2.2299809969717757,T3380,G2
W0028F0003T0006Z000C1N21.png,6,9.481347195347803,9.397325692178901,2.2664823253026585,2.2299809969717757,T3380,G2
W0028F0003T0006Z000C1N21.png,7,2.840762083565028,2.862503296433454,2.2664823253026585,2.2299809969717757,T3380,G2
W0028F0003T0006Z000C1N21.png,8,10.515944836113736,10.417338680257076,2.2664823253026585,2.2299809969717757,T3380,G2
W0028F0003T0006Z000C1N21.png,9,6.53420432365402,6.552526466506872,2.2664823253026585,2.2299809969717757,T3380,G2
W0028F0003T0006Z000C1N21.png,10,5.410673102617036,5.3905730024164145,2.2664823253026585,2.2299809969717757,T3380,G2
W0028F0003T0006Z000C1N21.png,11,5.399453129308216,5.483356387635438,2.2664823253026585,2.2299809969717757,T3380,G2
W0028F0003T0006Z000C1N21.png,12,2.5551527570495502,2.5757613355174196,2.2664823253026585,2.2299809969717757,T3380,G2
W0028F0003T0006Z000C1N21.png,13,5.4138527708888615,5.34723330801047,2.2664823253026585,2.2299809969717757,T3380,G2
W0028F0003T0006Z000C1N21.png,14,6.124438404298671,6.036232615310807,2.2664823253026585,2.2299809969717757,T3380,G2
W0028F0003T0006Z000C1N21.png,15,6.582582817850633,6.741826573387715,2.2664823253026585,2.2299809969717757,T3380,G2
W0028F0003T0006Z000C1N21.png,16,5.489995050092156,5.373171799277411,2.2664823253026585,2.2299809969717757,T3380,G2
W0028F0003T0006Z000C1N21.png,17,3.988373328304423,4.147287674743514,2.2664823253026585,2.2299809969717757,T3380,G2
W0028F0003T0006Z000C1N21.png,18,5.984571751972326,5.842996010782953,2.2664823253026585,2.2299809969717757,T3380,G2
W0028F0003T0006Z000C1N21.png,19,5.924370753476637,6.073036383922666,2.2664823253026585,2.2299809969717757,T3380,G2
W0028F0003T0006Z000C1N21.png,20,5.515263821474768,5.366149434273102,2.2664823253026585,2.2299809969717757,T3380,G2
W0028F0003T0006Z000C1N21.png,21,4.9732359556003765,5.097421000079385,2.2664823253026585,2.2299809969717757,T3380,G2
W0028F0003T0006Z000C1N21.png,22,5.273833394427444,5.114610949371487,2.2664823253026585,2.2299809969717757,T3380,G2
W0028F0003T0006Z000C1N21.png,23,8.89526065177786,8.737141600632187,2.2664823253026585,2.2299809969717757,T3380,G2
W0028F0003T0006Z000C1N21.png,24,4.855484797726278,4.899126239140707,2.2664823253026585,2.2299809969717757,T3380,G2
W0028F0003T0006Z000C1N21.png,25,7.0619608400077185,6.907034803185907,2.2664823253026585,2.2299809969717757,T3380,G2
W0028F0003T0006Z000C1N21.png,26,7.645443813514921,7.736108616586875,2.2664823253026585,2.2299809969717757,T3380,G2
W0028F0003T0006Z000C1N21.png,27,6.933192015088262,6.792536739691032,2.2664823253026585,2.2299809969717757,T3380,G2
W0028F0003T0006Z000C1N21.png,28,8.877763447574551,8.726971132964767,2.2664823253026585,2.2299809969717757,T3380,G2
W0028F0003T0006Z000C1N21.png,29,7.678004648054255,7.720376469934566,2.2664823253026585,2.2299809969717757,T3380,G2
W0028F0003T0006Z000C1N21.png,30,8.400206094795085,8.309571124236072,2.2664823253026585,2.2299809969717757,T3380,G2
W0028F0003T0006Z000C1N21.png,31,10.20577949269918,10.075789617417279,2.2664823253026585,2.2299809969717757,T3380,G2
W0028F0003T0006Z000C1N21.png,32,9.836745152232169,9.738374407327223,2.2664823253026585,2.2299809969717757,T3380,G2
W0028F0003T0006Z000C1N21.png,33,10.225093402199686,10.196259796086244,2.2664823253026585,2.2299809969717757,T3380,G2
W0028F0003T0006Z000C1N23.png,1,12.350221413168596,12.35760687011521,2.86773129429285,2.8650472232105937,T3380,G2
W0028F0003T0006Z000C1N23.png,2,8.030349292891778,8.048355709777201,2.86773129429285,2.8650472232105937,T3380,G2
W0028F0003T0006Z000C1N23.png,3,10.302943101489669,10.32055792716534,2.86773129429285,2.8650472232105937,T3380,G2
W0028F0003T0006Z000C1N23.png,4,6.442615870556017,6.460127982857027,2.86773129429285,2.8650472232105937,T3380,G2
W0028F0003T0006Z000C1N23.png,5,5.576136837345877,5.583209367145945,2.86773129429285,2.8650472232105937,T3380,G2
W0028F0003T0006Z000C1N23.png,6,8.550830497569283,8.556005631308407,2.86773129429285,2.8650472232105937,T3380,G2
W0028F0003T0006Z000C1N23.png,7,6.968973968464688,6.986838804172665,2.86773129429285,2.8650472232105937,T3380,G2
W0028F0003T0006Z000C1N23.png,8,4.135865552425714,4.145775456185913,2.86773129429285,2.8650472232105937,T3380,G2
W0028F0003T0006Z000C1N23.png,9,4.406859866708112,4.41083358787374,2.86773129429285,2.8650472232105937,T3380,G2
W0028F0003T0006Z000C1N23.png,10,3.701196331760812,3.7147767623394956,2.86773129429285,2.8650472232105937,T3380,G2
W0028F0003T0006Z000C1N23.png,11,4.430712402748423,4.448569736227659,2.86773129429285,2.8650472232105937,T3380,G2
W0028F0003T0006Z000C1N23.png,12,7.611252928337942,7.627299817839878,2.86773129429285,2.8650472232105937,T3380,G2
W0028F0003T0006Z000C1N23.png,13,2.2837202090138016,2.2977798317264915,2.86773129429285,2.8650472232105937,T3380,G2
W0028F0003T0006Z000C1N23.png,14,6.7996606491532035,6.788930513299747,2.86773129429285,2.8650472232105937,T3380,G2
W0028F0003T0006Z000C1N23.png,15,0.9696245381891295,0.9874851566255822,2.86773129429285,2.8650472232105937,T3380,G2
W0028F0003T0006Z000C1N23.png,16,10.416289663355982,10.428159695777907,2.86773129429285,2.8650472232105937,T3380,G2
W0028F0003T0006Z000C1N23.png,17,6.799438460020773,6.811578756397315,2.86773129429285,2.8650472232105937,T3380,G2
W0028F0003T0006Z000C1N23.png,18,1.8860177945866219,1.870273075098411,2.86773129429285,2.8650472232105937,T3380,G2
W0028F0003T0006Z000C1N23.png,19,3.953513813866268,3.957071666984746,2.86773129429285,2.8650472232105937,T3380,G2
W0028F0003T0006Z000C1N23.png,20,8.535519289635431,8.519361223827849,2.86773129429285,2.8650472232105937,T3380,G2
W0028F0003T0006Z000C1N23.png,21,6.292732484805511,6.296861721898379,2.86773129429285,2.8650472232105937,T3380,G2
W0028F0003T0006Z000C1N23.png,22,10.510313774285512,10.516081690136318,2.86773129429285,2.8650472232105937,T3380,G2
W0028F0003T0006Z000C1N23.png,23,4.425985986179334,4.412099049283846,2.86773129429285,2.8650472232105937,T3380,G2
W0028F0003T0006Z000C1N23.png,24,5.584546240025865,5.573285368347381,2.86773129429285,2.8650472232105937,T3380,G2
W0028F0003T0006Z000C1N23.png,25,9.059982976603248,9.061502494294825,2.86773129429285,2.8650472232105937,T3380,G2
W0028F0003T0006Z000C1N23.png,26,6.3668665480055955,6.35005765030291,2.86773129429285,2.8650472232105937,T3380,G2
W0028F0003T0006Z000C1N23.png,27,10.53955807835432,10.521693248900762,2.86773129429285,2.8650472232105937,T3380,G2
W0028F0003T0006Z000C1N23.png,28,9.0537417683011,9.05132438680664,2.86773129429285,2.8650472232105937,T3380,G2
W0028F0003T0006Z000C1N23.png,29,8.041557086268925,8.024569858208139,2.86773129429285,2.8650472232105937,T3380,G2
W0028F0003T0006Z000C1N23.png,30,7.725878947896932,7.71187468884441,2.86773129429285,2.8650472232105937,T3380,G2
W0028F0003T0006Z000C1N23.png,31,9.465865097500098,9.449647724469969,2.86773129429285,2.8650472232105937,T3380,G2
W0028F0003T0006Z000C1N23.png,32,12.134812777705609,12.116840701695837,2.86773129429285,2.8650472232105937,T3380,G2
W0028F0003T0006Z000C1N25.png,1,8.234704201445082,8.259396993420202,2.275185835640697,2.423054945920993,T3380,G2
W0028F0003T0006Z000C1N25.png,2,3.292234120156782,3.312636930803807,2.275185835640697,2.423054945920993,T3380,G2
W0028F0003T0006Z000C1N25.png,3,4.00014895515983,4.026366114766005,2.275185835640697,2.423054945920993,T3380,G2
W0028F0003T0006Z000C1N25.png,4,4.632645748113806,4.652460109644422,2.275185835640697,2.423054945920993,T3380,G2
W0028F0003T0006Z000C1N25.png,5,3.7499488183683076,3.767161396373382,2.275185835640697,2.423054945920993,T3380,G2
W0028F0003T0006Z000C1N25.png,6,7.850472656449197,7.895914321794253,2.275185835640697,2.423054945920993,T3380,G2
W0028F0003T0006Z000C1N25.png,7,7.774315687710022,7.699010254775108,2.275185835640697,2.423054945920993,T3380,G2
W0028F0003T0006Z000C1N25.png,8,1.3415958337997658,1.3224279611366732,2.275185835640697,2.423054945920993,T3380,G2
W0028F0003T0006Z000C1N25.png,9,5.320404935075223,5.328417914896753,2.275185835640697,2.423054945920993,T3380,G2
W0028F0003T0006Z000C1N25.png,10,2.7475735825345167,2.7228537818252483,2.275185835640697,2.423054945920993,T3380,G2
W0028F0003T0006Z000C1N25.png,11,5.4580479989908275,5.5795962267417405,2.275185835640697,2.423054945920993,T3380,G2
W0028F0003T0006Z000C1N25.png,12,5.311303074933109,5.4694117234327795,2.275185835640697,2.423054945920993,T3380,G2
W0028F0003T0006Z000C1N25.png,13,5.7509680733118085,5.616197467006174,2.275185835640697,2.423054945920993,T3380,G2
W0028F0003T0006Z000C1N25.png,14,6.374095860020877,3.95670249753313,2.275185835640697,2.423054945920993,T3380,G2
W0028F0003T0006Z000C1N25.png,15,4.771769659321352,4.602649599149564,2.275185835640697,2.423054945920993,T3380,G2
W0028F0003T0006Z000C1N25.png,16,6.485935929141182,3.3493730621696294,2.275185835640697,2.423054945920993,T3380,G2
W0028F0003T0006Z000C1N25.png,17,6.275882906002233,5.803881333512176,2.275185835640697,2.423054945920993,T3380,G2
W0028F0003T0006Z000C1N25.png,18,7.868319308243984,2.467472970215248,2.275185835640697,2.423054945920993,T3380,G2
W0028F0003T0006Z000C1N25.png,19,7.653117248128054,2.1859857271447463,2.275185835640697,2.423054945920993,T3380,G2
W0028F0003T0006Z000C1N25.png,20,5.58823772899804,5.394906030441658,2.275185835640697,2.423054945920993,T3380,G2
W0028F0003T0006Z000C1N25.png,21,2.394794557120523,2.2326117224673214,2.275185835640697,2.423054945920993,T3380,G2
W0028F0003T0006Z000C1N25.png,22,4.917847254297974,3.6684154548062367,2.275185835640697,2.423054945920993,T3380,G2
W0028F0003T0006Z000C1N25.png,23,7.613918503220661,2.7266818440892235,2.275185835640697,2.423054945920993,T3380,G2
W0028F0003T0006Z000C1N25.png,24,6.83091574937249,6.637012354706915,2.275185835640697,2.423054945920993,T3380,G2
W0028F0003T0006Z000C1N25.png,25,7.908710992156338,6.446020636135685,2.275185835640697,2.423054945920993,T3380,G2
W0028F0003T0006Z000C1N25.png,26,7.988334616755618,7.7946634301229665,2.275185835640697,2.423054945920993,T3380,G2
W0028F0003T0006Z000C1N25.png,27,2.9849528998650507,3.056913311988206,2.275185835640697,2.423054945920993,T3380,G2
W0028F0003T0006Z000C1N25.png,28,5.166959905584274,4.952549324429122,2.275185835640697,2.423054945920993,T3380,G2
W0028F0003T0006Z000C1N25.png,29,9.480738145663386,9.302273452059573,2.275185835640697,2.423054945920993,T3380,G2
W0028F0003T0006Z000C1N25.png,30,4.8097625991494235,4.912948781545266,2.275185835640697,2.423054945920993,T3380,G2
W0028F0003T0006Z000C1N25.png,31,9.349422378600481,9.17823100154262,2.275185835640697,2.423054945920993,T3380,G2
W0028F0003T0006Z000C1N25.png,32,9.84686278502547,9.699352435615733,2.275185835640697,2.423054945920993,T3380,G2
W0028F0003T0006Z000C1N25.png,33,7.68409325469716,7.742108953961714,2.275185835640697,2.423054945920993,T3380,G2
W0028F0003T0006Z000C1N25.png,34,11.356716544393262,11.219617212597477,2.275185835640697,2.423054945920993,T3380,G2
W0028F0003T0006Z000C1N25.png,35,7.928929223001815,7.937385033486692,2.275185835640697,2.423054945920993,T3380,G2
W0028F0003T0006Z000C1N25.png,36,8.72869085573054,7.524949474315907,2.275185835640697,2.423054945920993,T3380,G2
W0028F0003T0006Z000C1N26.png,1,10.437394327044698,10.531694735437293,2.445639968729149,2.43899276962994,T3380,G2
W0028F0003T0006Z000C1N26.png,2,9.155780592560086,9.249891064240357,2.445639968729149,2.43899276962994,T3380,G2
W0028F0003T0006Z000C1N26.png,3,8.582911794784886,8.687019160299956,2.445639968729149,2.43899276962994,T3380,G2
W0028F0003T0006Z000C1N26.png,4,8.069690828000809,8.171098954649969,2.445639968729149,2.43899276962994,T3380,G2
W0028F0003T0006Z000C1N26.png,5,9.703846697392372,9.794158298607337,2.445639968729149,2.43899276962994,T3380,G2
W0028F0003T0006Z000C1N26.png,6,6.309215764967889,6.420357528316586,2.445639968729149,2.43899276962994,T3380,G2
W0028F0003T0006Z000C1N26.png,7,8.108129580346558,8.186012244026356,2.445639968729149,2.43899276962994,T3380,G2
W0028F0003T0006Z000C1N26.png,8,10.33383235059636,10.388382381506469,2.445639968729149,2.43899276962994,T3380,G2
W0028F0003T0006Z000C1N26.png,9,4.544105504898678,4.646974566652028,2.445639968729149,2.43899276962994,T3380,G2
W0028F0003T0006Z000C1N26.png,10,7.0886515431904495,7.141397914672025,2.445639968729149,2.43899276962994,T3380,G2
W0028F0003T0006Z000C1N26.png,11,7.920052169626932,7.972970485786416,2.445639968729149,2.43899276962994,T3380,G2
W0028F0003T0006Z000C1N26.png,12,1.2734477724341842,1.384883152063629,2.445639968729149,2.43899276962994,T3380,G2
W0028F0003T0006Z000C1N26.png,13,10.247615935139784,10.254058357090699,2.445639968729149,2.43899276962994,T3380,G2
W0028F0003T0006Z000C1N26.png,14,8.648029568310946,8.647575083727576,2.445639968729149,2.43899276962994,T3380,G2
W0028F0003T0006Z000C1N26.png,15,11.327759943059062,11.319442890705943,2.445639968729149,2.43899276962994,T3380,G2
W0028F0003T0006Z000C1N26.png,16,4.380156016259227,4.3674440791919125,2.445639968729149,2.43899276962994,T3380,G2
W0028F0003T0006Z000C1N26.png,17,4.864611805974961,4.80105790195215,2.445639968729149,2.43899276962994,T3380,G2
W0028F0003T0006Z000C1N26.png,18,6.797343273329755,6.686975951413613,2.445639968729149,2.43899276962994,T3380,G2
W0028F0003T0006Z000C1N26.png,19,8.771919680031054,8.660497313015702,2.445639968729149,2.43899276962994,T3380,G2
W0028F0003T0006Z000C1N26.png,20,9.426988464271833,9.328043883749528,2.445639968729149,2.43899276962994,T3380,G2
W0028F0003T0006Z000C1N30.png,1,5.211404505001536,5.202871022844198,1.5693394543176276,1.7061623635437295,T3380,G2
W0028F0003T0006Z000C1N30.png,2,5.413215682815069,5.054967047678568,1.5693394543176276,1.7061623635437295,T3380,G2
W0028F0003T0006Z000C1N30.png,3,7.983755732722082,7.952093625072768,1.5693394543176276,1.7061623635437295,T3380,G2
W0028F0003T0006Z000C1N30.png,4,3.33002418574334,2.7332048881229496,1.5693394543176276,1.7061623635437295,T3380,G2
W0028F0003T0006Z000C1N30.png,5,4.187283662212462,4.187015922555557,1.5693394543176276,1.7061623635437295,T3380,G2
W0028F0003T0006Z000C1N34.png,1,6.8712289770896415,9.295228603622816,3.3415467068587263,3.331132412884765,T3380,G2
W0028F0003T0006Z000C1N34.png,2,2.048385012911599,2.3875236546450904,3.3415467068587263,3.331132412884765,T3380,G2
W0028F0003T0006Z000C1N34.png,3,0.26007933926016563,0.5634596721038129,3.3415467068587263,3.331132412884765,T3380,G2
W0028F0003T0006Z000C1N34.png,4,2.0042674624459433,1.7253867304071828,3.3415467068587263,3.331132412884765,T3380,G2
W0028F0003T0006Z000C1N34.png,5,5.016285733730528,4.702989400201723,3.3415467068587263,3.331132412884765,T3380,G2
W0028F0003T0006Z000C1N34.png,6,9.222288685347628,8.901094637374465,3.3415467068587263,3.331132412884765,T3380,G2
W0028F0003T0006Z000C1N34.png,7,5.589028619199313,5.260058300615081,3.3415467068587263,3.331132412884765,T3380,G2
W0028F0003T0006Z000C1N34.png,8,7.112313819125822,6.785635715876606,3.3415467068587263,3.331132412884765,T3380,G2
W0028F0003T0006Z000C1N34.png,9,5.619855692048646,6.766717997510561,3.3415467068587263,3.331132412884765,T3380,G2
W0028F0003T0006Z000C1N34.png,10,9.421179292468052,9.097943985270028,3.3415467068587263,3.331132412884765,T3380,G2
W0028F0003T0006Z000C1N34.png,11,8.543039763631274,8.244782049006208,3.3415467068587263,3.331132412884765,T3380,G2
W0028F0003T0006Z000C1N34.png,12,7.416025211512792,8.447636065791732,3.3415467068587263,3.331132412884765,T3380,G2
W0028F0003T0006Z000C1N34.png,13,12.932376031503614,12.601066779557936,3.3415467068587263,3.331132412884765,T3380,G2
W0028F0003T0006Z000C1N42.png,1,4.029339657993082,4.136576632844484,1.6629115309756073,1.720683981899148,T3380,G2
W0028F0003T0006Z000C1N42.png,2,3.758606788836417,3.7570242386060704,1.6629115309756073,1.720683981899148,T3380,G2
W0028F0003T0006Z000C1N42.png,3,2.2559967461822064,2.47634699145433,1.6629115309756073,1.720683981899148,T3380,G2
W0028F0003T0006Z000C1N42.png,4,2.983386870660631,3.2309868263108448,1.6629115309756073,1.720683981899148,T3380,G2
W0028F0003T0006Z000C1N42.png,5,2.992947821355811,2.043146823981088,1.6629115309756073,1.720683981899148,T3380,G2
W0028F0003T0006Z000C1N42.png,6,5.151325834721525,4.970040806411852,1.6629115309756073,1.720683981899148,T3380,G2
W0028F0003T0006Z000C1N42.png,7,1.170100987396666,0.49227613532687176,1.6629115309756073,1.720683981899148,T3380,G2
W0028F0003T0006Z000C1N42.png,8,1.7446877627248405,2.008250965689294,1.6629115309756073,1.720683981899148,T3380,G2
W0028F0003T0006Z000C1N42.png,9,1.4884706875393439,3.304987944380434,1.6629115309756073,1.720683981899148,T3380,G2
W0028F0003T0006Z000C1N42.png,10,2.6903245939611136,3.177404198263357,1.6629115309756073,1.720683981899148,T3380,G2
W0028F0003T0006Z000C1N42.png,11,5.059139831177703,5.237657752194584,1.6629115309756073,1.720683981899148,T3380,G2
W0028F0003T0006Z000C1N42.png,12,5.190274811997864,5.863552984644016,1.6629115309756073,1.720683981899148,T3380,G2
W0028F0003T0006Z000C1N42.png,13,7.007677168808291,7.106053654356289,1.6629115309756073,1.720683981899148,T3380,G2
W0028F0003T0006Z000C1N44.png,1,4.680751451394953,4.6312500000000005,1.668947160624969,1.5650412896332502,T3380,G2
W0028F0003T0006Z000C1N44.png,2,0.6074105049881156,4.815594801776337,1.668947160624969,1.5650412896332502,T3380,G2
W0028F0003T0006Z000C1N44.png,3,5.488300315072067,5.427041484972191,1.668947160624969,1.5650412896332502,T3380,G2
W0028F0003T0006Z000C1N44.png,4,6.797753030361217,6.978045929914764,1.668947160624969,1.5650412896332502,T3380,G2
W0028F0003T0006Z000C1N44.png,5,3.842052364064136,3.932126373265368,1.668947160624969,1.5650412896332502,T3380,G2
W0028F0003T0006Z000C1N44.png,6,2.1497748204314258,4.895171371709655,1.668947160624969,1.5650412896332502,T3380,G2
W0028F0003T0006Z000C1N44.png,7,2.78155194990135,5.090297909995052,1.668947160624969,1.5650412896332502,T3380,G2
W0028F0003T0006Z000C1N44.png,8,2.95601549234288,2.894311335172986,1.668947160624969,1.5650412896332502,T3380,G2
W0028F0003T0006Z000C1N44.png,9,2.924086876780106,3.218035797003578,1.668947160624969,1.5650412896332502,T3380,G2
W0028F0003T0006Z000C1N44.png,10,4.126596283266913,4.444703243947318,1.668947160624969,1.5650412896332502,T3380,G2
W0028F0003T0006Z000C1N44.png,11,3.7560004076810216,6.562887569482073,1.668947160624969,1.5650412896332502,T3380,G2
W0028F0003T0006Z000C1N44.png,12,2.6413224341963413,2.072432523026987,1.668947160624969,1.5650412896332502,T3380,G2
W0028F0003T0006Z000C1N44.png,13,5.196220822803861,5.215338658662735,1.668947160624969,1.5650412896332502,T3380,G2
W0028F0003T0006Z000C1N44.png,14,0.5890587524455113,0.9430786888992813,1.668947160624969,1.5650412896332502,T3380,G2
W0028F0003T0006Z000C1N44.png,15,1.8553991542460955,2.0636331176877145,1.668947160624969,1.5650412896332502,T3380,G2
W0028F0003T0006Z000C1N44.png,16,1.1183130170801225,3.304987944380433,1.668947160624969,1.5650412896332502,T3380,G2
W0028F0003T0006Z000C1N44.png,17,3.0965946931521944,3.297736425376056,1.668947160624969,1.5650412896332502,T3380,G2
W0028F0003T0006Z000C1N45.png,1,5.313810773213132,5.151334910854436,1.7012301130474594,1.6451704993346505,T3380,G2
W0028F0003T0006Z000C1N45.png,2,5.1108120107817765,4.934500700341318,1.7012301130474594,1.6451704993346505,T3380,G2
W0028F0003T0006Z000C1N45.png,3,4.052419814534797,3.8913853540612395,1.7012301130474594,1.6451704993346505,T3380,G2
W0028F0003T0006Z000C1N45.png,4,3.3707817422328463,3.2389697257392713,1.7012301130474594,1.6451704993346505,T3380,G2
W0028F0003T0006Z000C1N45.png,5,2.621842795714237,2.572416494555057,1.7012301130474594,1.6451704993346505,T3380,G2
W0028F0003T0006Z000C1N45.png,6,2.6453235329658233,2.470435919559602,1.7012301130474594,1.6451704993346505,T3380,G2
W0028F0003T0006Z000C1N45.png,7,3.4432692178456743,3.5032081196347518,1.7012301130474594,1.6451704993346505,T3380,G2
W0028F0003T0006Z000C1N45.png,8,0.4480601628506615,0.5450385529530909,1.7012301130474594,1.6451704993346505,T3380,G2
W0028F0003T0006Z000C1N45.png,9,3.6888129960968046,3.605539218354854,1.7012301130474594,1.6451704993346505,T3380,G2
W0028F0003T0006Z000C1N45.png,10,3.3157251112428656,3.349256055726931,1.7012301130474594,1.6451704993346505,T3380,G2
W0028F0003T0006Z000C1N45.png,11,6.315706540139675,5.864651790601042,1.7012301130474594,1.6451704993346505,T3380,G2
W0028F0003T0006Z000C1N45.png,12,7.216451553522413,7.279188767878361,1.7012301130474594,1.6451704993346505,T3380,G2
W0028F0003T0006Z000C1N45.png,13,1.9771876756142026,2.2108809962645526,1.7012301130474594,1.6451704993346505,T3380,G2
W0028F0003T0006Z000C1N45.png,14,3.0005003229209026,2.5067546239120504,1.7012301130474594,1.6451704993346505,T3380,G2
W0028F0003T0006Z000C1N6.png,1,11.454132460846196,10.459942779479892,3.097838471143935,3.098998430773434,T3380,G2
W0028F0003T0006Z000C1N6.png,2,12.1409711951599,11.073306999945991,3.097838471143935,3.098998430773434,T3380,G2
W0028F0003T0006Z000C1N6.png,3,10.881625123258281,9.958942619684215,3.097838471143935,3.098998430773434,T3380,G2
W0028F0003T0006Z000C1N6.png,4,10.094652059894923,9.560327788159233,3.097838471143935,3.098998430773434,T3380,G2
W0028F0003T0006Z000C1N6.png,5,4.195939893276209,3.1289853897853743,3.097838471143935,3.098998430773434,T3380,G2
W0028F0003T0006Z000C1N6.png,6,4.265279190689376,3.4316494048997215,3.097838471143935,3.098998430773434,T3380,G2
W0028F0003T0006Z000C1N6.png,7,3.1144376735456922,3.2041509757473405,3.097838471143935,3.098998430773434,T3380,G2
W0028F0003T0006Z000C1N6.png,8,4.066863307736844,4.543127496210759,3.097838471143935,3.098998430773434,T3380,G2
W0028F0003T0006Z000C1N6.png,9,3.038934533409513,2.833216452631842,3.097838471143935,3.098998430773434,T3380,G2
W0028F0003T0006Z000C1N6.png,10,1.6010534998397428,2.46276539541743,3.097838471143935,3.098998430773434,T3380,G2
W0028F0003T0006Z000C1N6.png,11,1.1367329558927948,1.1483902617392543,3.097838471143935,3.098998430773434,T3380,G2
W0028F0003T0006Z000C1N6.png,12,2.659614956187021,2.572271791795829,3.097838471143935,3.098998430773434,T3380,G2
W0028F0003T0006Z000C1N6.png,13,5.5512006525248285,6.547564451241694,3.097838471143935,3.098998430773434,T3380,G2
W0028F0003T0006Z000C1N6.png,14,4.117726331432301,4.02891733776322,3.097838471143935,3.098998430773434,T3380,G2
W0028F0003T0006Z000C1N6.png,15,7.143835712768801,4.725170656709863,3.097838471143935,3.098998430773434,T3380,G2
W0028F0003T0006Z000C1N6.png,16,5.374376483543161,3.4742573045807603,3.097838471143935,3.098998430773434,T3380,G2
W0028F0003T0006Z000C1N6.png,17,7.790650105939333,6.738809149090678,3.097838471143935,3.098998430773434,T3380,G2
W0028F0003T0006Z000C1N6.png,18,7.951532407966037,7.939188078765913,3.097838471143935,3.098998430773434,T3380,G2
W0028F0003T0006Z000C1N6.png,19,7.610638766024885,2.253582749058683,3.097838471143935,3.098998430773434,T3380,G2
W0028F0003T0006Z000C1N6.png,20,5.926124166481161,4.660938763863648,3.097838471143935,3.098998430773434,T3380,G2
W0028F0003T0006Z000C1N6.png,21,8.381785994462062,1.2588310127660434,3.097838471143935,3.098998430773434,T3380,G2
W0028F0003T0006Z000C1N6.png,22,6.928000270868215,1.8250967088275454,3.097838471143935,3.098998430773434,T3380,G2
W0028F0003T0006Z000C1N6.png,23,9.445431816779623,9.313921110388788,3.097838471143935,3.098998430773434,T3380,G2
