image,pbody_number,dist_nuclei,dist_mito,nuclei_std,mito_std,medicine,group
W0015F0001T0006Z000C1N10.png,1,19.988438589660127,49.04511175313631,7.581736486812488,9.957558407226351,T1936,G4
W0015F0001T0006Z000C1N10.png,2,10.825368468084886,16.487187454518704,7.581736486812488,9.957558407226351,T1936,G4
W0015F0001T0006Z000C1N10.png,3,22.19399571909602,21.841252931864442,7.581736486812488,9.957558407226351,T1936,G4
W0015F0001T0006Z000C1N10.png,4,41.24996768194439,40.6658698634683,7.581736486812488,9.957558407226351,T1936,G4
W0015F0001T0006Z000C1N10.png,5,23.149638739377377,39.36258668012649,7.581736486812488,9.957558407226351,T1936,G4
W0015F0001T0006Z000C1N10.png,6,19.6886104551383,44.5044214354944,7.581736486812488,9.957558407226351,T1936,G4
W0015F0001T0006Z000C1N10.png,7,35.54434071933937,29.92770762843166,7.581736486812488,9.957558407226351,T1936,G4
W0015F0001T0006Z000C1N10.png,8,25.25978578650665,33.71490906871415,7.581736486812488,9.957558407226351,T1936,G4
W0015F0001T0006Z000C1N10.png,9,31.153920239869045,35.52848294216182,7.581736486812488,9.957558407226351,T1936,G4
W0015F0001T0006Z000C1N10.png,10,31.695239164962498,31.8578033032813,7.581736486812488,9.957558407226351,T1936,G4
W0015F0001T0006Z000C1N10.png,11,27.12332909443216,44.00965431879211,7.581736486812488,9.957558407226351,T1936,G4
W0015F0001T0006Z000C1N10.png,12,28.154631620238654,16.51655465671547,7.581736486812488,9.957558407226351,T1936,G4
W0015F0001T0006Z000C1N10.png,13,39.16222149670973,50.75601661059569,7.581736486812488,9.957558407226351,T1936,G4
W0015F0001T0006Z000C1N10.png,14,16.129126335939276,28.566896304201304,7.581736486812488,9.957558407226351,T1936,G4
W0015F0001T0006Z000C1N10.png,15,26.34522882267443,33.549288127047944,7.581736486812488,9.957558407226351,T1936,G4
W0015F0001T0006Z000C1N10.png,16,22.594217785696646,32.32704782896183,7.581736486812488,9.957558407226351,T1936,G4
W0015F0001T0006Z000C1N10.png,17,32.40247035728782,38.68156552586857,7.581736486812488,9.957558407226351,T1936,G4
W0015F0001T0006Z000C1N10.png,18,26.4585182544843,21.500876056475686,7.581736486812488,9.957558407226351,T1936,G4
W0015F0001T0006Z000C1N100.png,1,17.67059704707229,9.755310151884913,12.726651278482102,7.192451944496309,T1936,G4
W0015F0001T0006Z000C1N100.png,2,18.59661047149362,18.696404883173553,12.726651278482102,7.192451944496309,T1936,G4
W0015F0001T0006Z000C1N100.png,3,19.448650338776723,30.889898837172762,12.726651278482102,7.192451944496309,T1936,G4
W0015F0001T0006Z000C1N100.png,4,35.05939221461203,31.226637311893768,12.726651278482102,7.192451944496309,T1936,G4
W0015F0001T0006Z000C1N100.png,5,35.59802419126948,22.0615622051423,12.726651278482102,7.192451944496309,T1936,G4
W0015F0001T0006Z000C1N100.png,6,52.81390756699458,25.32312722681381,12.726651278482102,7.192451944496309,T1936,G4
W0015F0001T0006Z000C1N100.png,7,14.571076080308705,14.678247371179172,12.726651278482102,7.192451944496309,T1936,G4
W0015F0001T0006Z000C1N100.png,8,39.61204871897051,16.51767947907517,12.726651278482102,7.192451944496309,T1936,G4
W0015F0001T0006Z000C1N101.png,1,7.13765188875988,7.146372638361095,7.454682455882724,6.008448801890102,T1936,G4
W0015F0001T0006Z000C1N101.png,2,27.266346987563693,23.598635962844337,7.454682455882724,6.008448801890102,T1936,G4
W0015F0001T0006Z000C1N101.png,3,20.713472153876342,21.101932114619604,7.454682455882724,6.008448801890102,T1936,G4
W0015F0001T0006Z000C1N101.png,4,21.70952519575143,21.530959956407713,7.454682455882724,6.008448801890102,T1936,G4
W0015F0001T0006Z000C1N101.png,5,20.418552619927446,22.276669409945463,7.454682455882724,6.008448801890102,T1936,G4
W0015F0001T0006Z000C1N101.png,6,15.682978989950646,24.563184353173224,7.454682455882724,6.008448801890102,T1936,G4
W0015F0001T0006Z000C1N101.png,7,19.2909749974902,18.414560039755344,7.454682455882724,6.008448801890102,T1936,G4
W0015F0001T0006Z000C1N101.png,8,34.462854931433164,10.312642324640969,7.454682455882724,6.008448801890102,T1936,G4
W0015F0001T0006Z000C1N105.png,1,13.056224945814142,12.594451802009651,13.305785484384245,12.509332834024486,T1936,G4
W0015F0001T0006Z000C1N105.png,2,27.066945560554164,27.1406007291284,13.305785484384245,12.509332834024486,T1936,G4
W0015F0001T0006Z000C1N105.png,3,28.786052287918984,29.198425802870283,13.305785484384245,12.509332834024486,T1936,G4
W0015F0001T0006Z000C1N105.png,4,1.851522449281035,2.8242145843934274,13.305785484384245,12.509332834024486,T1936,G4
W0015F0001T0006Z000C1N105.png,5,19.94322890591185,18.906718089601583,13.305785484384245,12.509332834024486,T1936,G4
W0015F0001T0006Z000C1N105.png,6,19.426819415180116,17.720855995837056,13.305785484384245,12.509332834024486,T1936,G4
W0015F0001T0006Z000C1N105.png,7,37.24999733528089,35.20228244364837,13.305785484384245,12.509332834024486,T1936,G4
W0015F0001T0006Z000C1N105.png,8,47.706010592286134,45.14135864784928,13.305785484384245,12.509332834024486,T1936,G4
W0015F0001T0006Z000C1N107.png,1,36.95809225165755,36.83374862000266,15.93794147033692,15.825060246583119,T1936,G4
W0015F0001T0006Z000C1N107.png,2,50.727397035375525,50.61325148380681,15.93794147033692,15.825060246583119,T1936,G4
W0015F0001T0006Z000C1N107.png,3,35.71833683438413,36.35233067540106,15.93794147033692,15.825060246583119,T1936,G4
W0015F0001T0006Z000C1N107.png,4,43.680001824714346,44.31242615327831,15.93794147033692,15.825060246583119,T1936,G4
W0015F0001T0006Z000C1N107.png,5,52.048048971394195,51.80757111516885,15.93794147033692,15.825060246583119,T1936,G4
W0015F0001T0006Z000C1N107.png,6,55.12891909803201,54.91424562851437,15.93794147033692,15.825060246583119,T1936,G4
W0015F0001T0006Z000C1N107.png,7,52.741926749313556,52.1088961241011,15.93794147033692,15.825060246583119,T1936,G4
W0015F0001T0006Z000C1N107.png,8,32.93119135917191,33.45332832410033,15.93794147033692,15.825060246583119,T1936,G4
W0015F0001T0006Z000C1N107.png,9,7.207638265516558,7.867496865281088,15.93794147033692,15.825060246583119,T1936,G4
W0015F0001T0006Z000C1N107.png,10,12.35374637507521,11.60171021817479,15.93794147033692,15.825060246583119,T1936,G4
W0015F0001T0006Z000C1N115.png,1,36.410100330224466,37.413109345493154,11.79577760158528,11.093825584083083,T1936,G4
W0015F0001T0006Z000C1N115.png,2,14.117442498282756,14.083999749771488,11.79577760158528,11.093825584083083,T1936,G4
W0015F0001T0006Z000C1N115.png,3,36.46028891430202,37.1883851875547,11.79577760158528,11.093825584083083,T1936,G4
W0015F0001T0006Z000C1N115.png,4,23.396260869900345,24.423531075578,11.79577760158528,11.093825584083083,T1936,G4
W0015F0001T0006Z000C1N115.png,5,30.33019898192772,30.198101806115066,11.79577760158528,11.093825584083083,T1936,G4
W0015F0001T0006Z000C1N115.png,6,22.67111510511255,23.542342626569436,11.79577760158528,11.093825584083083,T1936,G4
W0015F0001T0006Z000C1N115.png,7,7.13046419339489,6.987817228697914,11.79577760158528,11.093825584083083,T1936,G4
W0015F0001T0006Z000C1N115.png,8,33.5766078400476,33.79568161281204,11.79577760158528,11.093825584083083,T1936,G4
W0015F0001T0006Z000C1N115.png,9,8.013637950003956,8.94786669470932,11.79577760158528,11.093825584083083,T1936,G4
W0015F0001T0006Z000C1N115.png,10,10.624622269559142,10.154706463868765,11.79577760158528,11.093825584083083,T1936,G4
W0015F0001T0006Z000C1N115.png,11,31.16961548925403,31.025687196505512,11.79577760158528,11.093825584083083,T1936,G4
W0015F0001T0006Z000C1N115.png,12,25.590324691929315,25.10529345933094,11.79577760158528,11.093825584083083,T1936,G4
W0015F0001T0006Z000C1N115.png,13,35.90658364751934,35.42095190088902,11.79577760158528,11.093825584083083,T1936,G4
W0015F0001T0006Z000C1N115.png,14,31.072931138492308,9.846673421162672,11.79577760158528,11.093825584083083,T1936,G4
W0015F0001T0006Z000C1N115.png,15,37.106711648366804,18.815256202797702,11.79577760158528,11.093825584083083,T1936,G4
W0015F0001T0006Z000C1N115.png,16,44.01714627935227,35.36960652440461,11.79577760158528,11.093825584083083,T1936,G4
W0015F0001T0006Z000C1N115.png,17,47.53519332124169,15.503239136254619,11.79577760158528,11.093825584083083,T1936,G4
W0015F0001T0006Z000C1N115.png,18,15.878007151752739,5.0771820705759385,11.79577760158528,11.093825584083083,T1936,G4
W0015F0001T0006Z000C1N116.png,1,31.366965690349307,13.880517661756452,11.739154858497526,11.157419358144388,T1936,G4
W0015F0001T0006Z000C1N116.png,2,24.232122739119212,23.866246341499956,11.739154858497526,11.157419358144388,T1936,G4
W0015F0001T0006Z000C1N116.png,3,34.76262185668877,32.3298373162632,11.739154858497526,11.157419358144388,T1936,G4
W0015F0001T0006Z000C1N116.png,4,23.187154735624507,19.320623656324717,11.739154858497526,11.157419358144388,T1936,G4
W0015F0001T0006Z000C1N116.png,5,26.120350003589515,14.125653635987572,11.739154858497526,11.157419358144388,T1936,G4
W0015F0001T0006Z000C1N116.png,6,27.167267914701696,24.372759619590628,11.739154858497526,11.157419358144388,T1936,G4
W0015F0001T0006Z000C1N116.png,7,7.615773105863909,9.911501222974179,11.739154858497526,11.157419358144388,T1936,G4
W0015F0001T0006Z000C1N116.png,8,25.286499989304772,23.51502308562426,11.739154858497526,11.157419358144388,T1936,G4
W0015F0001T0006Z000C1N116.png,9,7.276536082049948,11.155021495428622,11.739154858497526,11.157419358144388,T1936,G4
W0015F0001T0006Z000C1N116.png,10,12.093386622447824,1.9180368747230296,11.739154858497526,11.157419358144388,T1936,G4
W0015F0001T0006Z000C1N116.png,11,45.104024913699924,36.68066694245243,11.739154858497526,11.157419358144388,T1936,G4
W0015F0001T0006Z000C1N116.png,12,11.737931148641136,20.659689304377146,11.739154858497526,11.157419358144388,T1936,G4
W0015F0001T0006Z000C1N116.png,13,44.27194808732907,34.17781497908888,11.739154858497526,11.157419358144388,T1936,G4
W0015F0001T0006Z000C1N116.png,14,18.966045715769603,19.599427023519624,11.739154858497526,11.157419358144388,T1936,G4
W0015F0001T0006Z000C1N116.png,15,37.94378034424403,36.50722490942484,11.739154858497526,11.157419358144388,T1936,G4
W0015F0001T0006Z000C1N116.png,16,27.695712256489266,27.964918251611582,11.739154858497526,11.157419358144388,T1936,G4
W0015F0001T0006Z000C1N116.png,17,47.53624832878056,47.90701052987608,11.739154858497526,11.157419358144388,T1936,G4
W0015F0001T0006Z000C1N116.png,18,27.36928319447616,25.843985896896,11.739154858497526,11.157419358144388,T1936,G4
W0015F0001T0006Z000C1N116.png,19,40.40338650924466,40.29044349519477,11.739154858497526,11.157419358144388,T1936,G4
W0015F0001T0006Z000C1N116.png,20,32.10784391162405,31.157412901588774,11.739154858497526,11.157419358144388,T1936,G4
W0015F0001T0006Z000C1N122.png,1,20.327093391276595,9.990208590107013,17.49250116735373,15.175710990230137,T1936,G4
W0015F0001T0006Z000C1N122.png,2,27.591339294576997,31.649177181934554,17.49250116735373,15.175710990230137,T1936,G4
W0015F0001T0006Z000C1N122.png,3,22.137738304442006,23.864809027918078,17.49250116735373,15.175710990230137,T1936,G4
W0015F0001T0006Z000C1N122.png,4,7.572377789065103,28.11446973521616,17.49250116735373,15.175710990230137,T1936,G4
W0015F0001T0006Z000C1N122.png,5,51.55027920593308,44.5588695676903,17.49250116735373,15.175710990230137,T1936,G4
W0015F0001T0006Z000C1N122.png,6,58.45187380825684,54.75926806848919,17.49250116735373,15.175710990230137,T1936,G4
W0015F0001T0006Z000C1N122.png,7,26.966928979047548,19.473836300511174,17.49250116735373,15.175710990230137,T1936,G4
W0015F0001T0006Z000C1N122.png,8,57.37003515572846,42.83211582384926,17.49250116735373,15.175710990230137,T1936,G4
W0015F0001T0006Z000C1N122.png,9,15.650969353973124,6.725079701949082,17.49250116735373,15.175710990230137,T1936,G4
W0015F0001T0006Z000C1N122.png,10,6.261383328319707,4.68083615388613,17.49250116735373,15.175710990230137,T1936,G4
W0015F0001T0006Z000C1N122.png,11,6.5157441005736185,6.758408020498133,17.49250116735373,15.175710990230137,T1936,G4
W0015F0001T0006Z000C1N122.png,12,25.022489836748598,24.492357460519102,17.49250116735373,15.175710990230137,T1936,G4
W0015F0001T0006Z000C1N122.png,13,20.927880771481632,20.500594377054334,17.49250116735373,15.175710990230137,T1936,G4
W0015F0001T0006Z000C1N123.png,1,23.660691098934358,28.086589338201403,10.799668829564128,10.152746782046185,T1936,G4
W0015F0001T0006Z000C1N123.png,2,39.125590495660845,38.85754163972178,10.799668829564128,10.152746782046185,T1936,G4
W0015F0001T0006Z000C1N123.png,3,27.683473708212414,27.779625858333485,10.799668829564128,10.152746782046185,T1936,G4
W0015F0001T0006Z000C1N123.png,4,22.48885990101038,22.679029873901815,10.799668829564128,10.152746782046185,T1936,G4
W0015F0001T0006Z000C1N123.png,5,50.88674937131551,51.042684430615786,10.799668829564128,10.152746782046185,T1936,G4
W0015F0001T0006Z000C1N126.png,1,27.634975600264198,26.987305737313108,10.067231174567494,10.013278420106337,T1936,G4
W0015F0001T0006Z000C1N126.png,2,39.9556369357169,39.344864583514735,10.067231174567494,10.013278420106337,T1936,G4
W0015F0001T0006Z000C1N126.png,3,46.96330772867173,46.77612089473465,10.067231174567494,10.013278420106337,T1936,G4
W0015F0001T0006Z000C1N126.png,4,33.6246259891605,33.60059523282288,10.067231174567494,10.013278420106337,T1936,G4
W0015F0001T0006Z000C1N126.png,5,6.93503419695583,7.118794601663006,10.067231174567494,10.013278420106337,T1936,G4
W0015F0001T0006Z000C1N126.png,6,30.81207062410972,31.378609504527148,10.067231174567494,10.013278420106337,T1936,G4
W0015F0001T0006Z000C1N126.png,7,37.79008654871572,38.204808075361164,10.067231174567494,10.013278420106337,T1936,G4
W0015F0001T0006Z000C1N126.png,8,25.96889845843929,25.81184692958166,10.067231174567494,10.013278420106337,T1936,G4
W0015F0001T0006Z000C1N126.png,9,29.70822885512062,29.011817978963318,10.067231174567494,10.013278420106337,T1936,G4
W0015F0001T0006Z000C1N126.png,10,28.05811620303112,27.91486811558881,10.067231174567494,10.013278420106337,T1936,G4
W0015F0001T0006Z000C1N13.png,1,13.89221955528833,9.432423354566987,10.282600383565036,13.251283665020113,T1936,G4
W0015F0001T0006Z000C1N13.png,2,25.698406256802887,10.081145590817917,10.282600383565036,13.251283665020113,T1936,G4
W0015F0001T0006Z000C1N13.png,3,26.907132217542905,22.78078871999552,10.282600383565036,13.251283665020113,T1936,G4
W0015F0001T0006Z000C1N13.png,4,15.350912321507066,8.377531026220655,10.282600383565036,13.251283665020113,T1936,G4
W0015F0001T0006Z000C1N13.png,5,27.630423406077355,13.290870487639102,10.282600383565036,13.251283665020113,T1936,G4
W0015F0001T0006Z000C1N13.png,6,37.71933025692553,38.40759495042895,10.282600383565036,13.251283665020113,T1936,G4
W0015F0001T0006Z000C1N13.png,7,20.761999488603994,22.080782292353938,10.282600383565036,13.251283665020113,T1936,G4
W0015F0001T0006Z000C1N13.png,8,35.87819463859299,36.66919965418162,10.282600383565036,13.251283665020113,T1936,G4
W0015F0001T0006Z000C1N13.png,9,40.795569308697175,41.166138687407155,10.282600383565036,13.251283665020113,T1936,G4
W0015F0001T0006Z000C1N13.png,10,15.540063553099605,16.298433967420305,10.282600383565036,13.251283665020113,T1936,G4
W0015F0001T0006Z000C1N13.png,11,40.24031449988125,39.19317179019863,10.282600383565036,13.251283665020113,T1936,G4
W0015F0001T0006Z000C1N13.png,12,46.260323082968476,45.394021060831086,10.282600383565036,13.251283665020113,T1936,G4
W0015F0001T0006Z000C1N13.png,13,26.09828535992531,13.79356174738825,10.282600383565036,13.251283665020113,T1936,G4
W0015F0001T0006Z000C1N141.png,1,55.85572714610544,56.15267735475683,19.198323384758837,19.109289258062436,T1936,G4
W0015F0001T0006Z000C1N141.png,2,40.584260490324134,40.05113202036979,19.198323384758837,19.109289258062436,T1936,G4
W0015F0001T0006Z000C1N141.png,3,31.200943354538992,31.92616415610066,19.198323384758837,19.109289258062436,T1936,G4
W0015F0001T0006Z000C1N141.png,4,47.56591291470313,48.916607635352435,19.198323384758837,19.109289258062436,T1936,G4
W0015F0001T0006Z000C1N141.png,5,55.07357713769754,55.42855888730044,19.198323384758837,19.109289258062436,T1936,G4
W0015F0001T0006Z000C1N141.png,6,92.28866878231963,92.42896074230632,19.198323384758837,19.109289258062436,T1936,G4
W0015F0001T0006Z000C1N143.png,1,41.24266836198866,40.99371938951089,8.537579288790369,14.997697974508757,T1936,G4
W0015F0001T0006Z000C1N143.png,2,29.58394285459557,29.364297662372746,8.537579288790369,14.997697974508757,T1936,G4
W0015F0001T0006Z000C1N143.png,3,55.39999862290956,54.53914235517115,8.537579288790369,14.997697974508757,T1936,G4
W0015F0001T0006Z000C1N143.png,4,41.71134388586566,41.566602474728896,8.537579288790369,14.997697974508757,T1936,G4
W0015F0001T0006Z000C1N143.png,5,29.35665361097059,29.376516117428785,8.537579288790369,14.997697974508757,T1936,G4
W0015F0001T0006Z000C1N143.png,6,29.92879437843728,29.821646169807366,8.537579288790369,14.997697974508757,T1936,G4
W0015F0001T0006Z000C1N143.png,7,30.748614668706892,29.699585016340954,8.537579288790369,14.997697974508757,T1936,G4
W0015F0001T0006Z000C1N143.png,8,45.601509431590756,43.948032767360395,8.537579288790369,14.997697974508757,T1936,G4
W0015F0001T0006Z000C1N143.png,9,34.958187249811,77.26687526304634,8.537579288790369,14.997697974508757,T1936,G4
W0015F0001T0006Z000C1N147.png,1,68.4528296195011,67.98544282706509,25.443627261334562,25.54361244412318,T1936,G4
W0015F0001T0006Z000C1N147.png,2,70.14692541386827,69.7339808945339,25.443627261334562,25.54361244412318,T1936,G4
W0015F0001T0006Z000C1N147.png,3,4.613474921773206,4.659735635494757,25.443627261334562,25.54361244412318,T1936,G4
W0015F0001T0006Z000C1N147.png,4,50.710241578160264,50.72367034688744,25.443627261334562,25.54361244412318,T1936,G4
W0015F0001T0006Z000C1N147.png,5,37.516026646960846,37.32468883507147,25.443627261334562,25.54361244412318,T1936,G4
W0015F0001T0006Z000C1N147.png,6,33.422259778868494,33.12733766142074,25.443627261334562,25.54361244412318,T1936,G4
W0015F0001T0006Z000C1N147.png,7,4.890894360619247,4.4504738300349,25.443627261334562,25.54361244412318,T1936,G4
W0015F0001T0006Z000C1N147.png,8,60.88022687593092,61.37592602776072,25.443627261334562,25.54361244412318,T1936,G4
W0015F0001T0006Z000C1N147.png,9,75.48746873725618,75.98058287549311,25.443627261334562,25.54361244412318,T1936,G4
W0015F0001T0006Z000C1N154.png,1,10.782664061975918,10.957043259077784,18.401558663671747,18.119808104072497,T1936,G4
W0015F0001T0006Z000C1N154.png,2,47.58578138931941,47.19665946722278,18.401558663671747,18.119808104072497,T1936,G4
W0015F0001T0006Z000C1N156.png,1,13.520356796058305,5.852349955359813,10.427252312017242,11.619826622889,T1936,G4
W0015F0001T0006Z000C1N156.png,2,13.098134169869398,13.647488442640375,10.427252312017242,11.619826622889,T1936,G4
W0015F0001T0006Z000C1N156.png,3,19.192524163663204,19.76616766368038,10.427252312017242,11.619826622889,T1936,G4
W0015F0001T0006Z000C1N156.png,4,34.368992371338635,34.65355018547302,10.427252312017242,11.619826622889,T1936,G4
W0015F0001T0006Z000C1N156.png,5,36.34550080644673,35.43811250977239,10.427252312017242,11.619826622889,T1936,G4
W0015F0001T0006Z000C1N156.png,6,37.53324308565454,36.33998788048427,10.427252312017242,11.619826622889,T1936,G4
W0015F0001T0006Z000C1N156.png,7,35.522465444807665,34.78750015760252,10.427252312017242,11.619826622889,T1936,G4
W0015F0001T0006Z000C1N160.png,1,40.685482195169364,1.8494051509287797,14.493543381821873,13.737222309095026,T1936,G4
W0015F0001T0006Z000C1N160.png,2,35.42562062111632,34.995634648402145,14.493543381821873,13.737222309095026,T1936,G4
W0015F0001T0006Z000C1N160.png,3,41.73513062155478,27.207151039702296,14.493543381821873,13.737222309095026,T1936,G4
W0015F0001T0006Z000C1N160.png,4,3.806676909894772,5.048407202753042,14.493543381821873,13.737222309095026,T1936,G4
W0015F0001T0006Z000C1N160.png,5,31.14032637173394,27.04163456597992,14.493543381821873,13.737222309095026,T1936,G4
W0015F0001T0006Z000C1N160.png,6,15.662977940177313,17.336302747121422,14.493543381821873,13.737222309095026,T1936,G4
W0015F0001T0006Z000C1N160.png,7,43.65394479580371,36.50342449688796,14.493543381821873,13.737222309095026,T1936,G4
W0015F0001T0006Z000C1N160.png,8,25.881870714782778,28.763519632157944,14.493543381821873,13.737222309095026,T1936,G4
W0015F0001T0006Z000C1N160.png,9,47.75470674697349,46.86229835423002,14.493543381821873,13.737222309095026,T1936,G4
W0015F0001T0006Z000C1N160.png,10,5.1325616474654865,7.166572373136625,14.493543381821873,13.737222309095026,T1936,G4
W0015F0001T0006Z000C1N160.png,11,32.00398019510468,31.48977627511796,14.493543381821873,13.737222309095026,T1936,G4
W0015F0001T0006Z000C1N162.png,1,45.23092831699602,43.017571604412225,11.564558098787904,9.687157538375295,T1936,G4
W0015F0001T0006Z000C1N162.png,2,2.6059225277305056,6.104648608934066,11.564558098787904,9.687157538375295,T1936,G4
W0015F0001T0006Z000C1N162.png,3,14.472996265668588,15.957315335630629,11.564558098787904,9.687157538375295,T1936,G4
W0015F0001T0006Z000C1N162.png,4,23.676171233577815,24.206114447505673,11.564558098787904,9.687157538375295,T1936,G4
W0015F0001T0006Z000C1N162.png,5,38.166408055517074,38.99989789735519,11.564558098787904,9.687157538375295,T1936,G4
W0015F0001T0006Z000C1N162.png,6,4.830811612996705,15.873036836549105,11.564558098787904,9.687157538375295,T1936,G4
W0015F0001T0006Z000C1N162.png,7,31.812203256963095,32.01072262347769,11.564558098787904,9.687157538375295,T1936,G4
W0015F0001T0006Z000C1N162.png,8,6.553936703823335,9.02426206603471,11.564558098787904,9.687157538375295,T1936,G4
W0015F0001T0006Z000C1N162.png,9,18.66586059392653,19.493728200057447,11.564558098787904,9.687157538375295,T1936,G4
W0015F0001T0006Z000C1N162.png,10,36.6345047660921,34.909443675531435,11.564558098787904,9.687157538375295,T1936,G4
W0015F0001T0006Z000C1N162.png,11,5.830951894845301,6.503254522668519,11.564558098787904,9.687157538375295,T1936,G4
W0015F0001T0006Z000C1N162.png,12,20.91600690310462,22.011879188592392,11.564558098787904,9.687157538375295,T1936,G4
W0015F0001T0006Z000C1N162.png,13,43.639044936284286,7.333509994962336,11.564558098787904,9.687157538375295,T1936,G4
W0015F0001T0006Z000C1N162.png,14,30.224583715184917,30.633419210862467,11.564558098787904,9.687157538375295,T1936,G4
W0015F0001T0006Z000C1N162.png,15,28.007243078654135,24.052026941611388,11.564558098787904,9.687157538375295,T1936,G4
W0015F0001T0006Z000C1N162.png,16,28.006775567892205,21.66088370643233,11.564558098787904,9.687157538375295,T1936,G4
W0015F0001T0006Z000C1N162.png,17,27.61528832084549,27.590922124666474,11.564558098787904,9.687157538375295,T1936,G4
W0015F0001T0006Z000C1N162.png,18,38.577950257249064,16.01200854915488,11.564558098787904,9.687157538375295,T1936,G4
W0015F0001T0006Z000C1N162.png,19,32.008313003228,16.77050983124842,11.564558098787904,9.687157538375295,T1936,G4
W0015F0001T0006Z000C1N162.png,20,25.02846970296256,24.842932473318868,11.564558098787904,9.687157538375295,T1936,G4
W0015F0001T0006Z000C1N162.png,21,24.4443564686256,24.10407199299683,11.564558098787904,9.687157538375295,T1936,G4
W0015F0001T0006Z000C1N162.png,22,33.721524219613265,9.656603957913983,11.564558098787904,9.687157538375295,T1936,G4
W0015F0001T0006Z000C1N162.png,23,28.63331426660285,9.656603957913983,11.564558098787904,9.687157538375295,T1936,G4
W0015F0001T0006Z000C1N162.png,24,35.88524808879316,19.949622995918638,11.564558098787904,9.687157538375295,T1936,G4
W0015F0001T0006Z000C1N162.png,25,17.191594571522735,16.779120815442813,11.564558098787904,9.687157538375295,T1936,G4
W0015F0001T0006Z000C1N162.png,26,19.461321783028268,19.27504926327734,11.564558098787904,9.687157538375295,T1936,G4
W0015F0001T0006Z000C1N165.png,1,42.63461363329992,42.85999776850969,11.282504365057207,11.490871065212225,T1936,G4
W0015F0001T0006Z000C1N165.png,2,21.217886588774828,20.927610425940617,11.282504365057207,11.490871065212225,T1936,G4
W0015F0001T0006Z000C1N165.png,3,18.423417289559925,17.970588325009388,11.282504365057207,11.490871065212225,T1936,G4
W0015F0001T0006Z000C1N165.png,4,41.953004631986595,41.785837941278274,11.282504365057207,11.490871065212225,T1936,G4
W0015F0001T0006Z000C1N169.png,1,55.177634484317586,44.04742753586934,13.354683566768431,15.569547476608497,T1936,G4
W0015F0001T0006Z000C1N169.png,2,32.6834693868261,24.01609435358522,13.354683566768431,15.569547476608497,T1936,G4
W0015F0001T0006Z000C1N169.png,3,34.50362299817223,10.716901604833796,13.354683566768431,15.569547476608497,T1936,G4
W0015F0001T0006Z000C1N169.png,4,4.6097722286464435,4.909376743303503,13.354683566768431,15.569547476608497,T1936,G4
W0015F0001T0006Z000C1N169.png,5,17.507141400011598,17.219716800062542,13.354683566768431,15.569547476608497,T1936,G4
W0015F0001T0006Z000C1N169.png,6,43.43068747487202,42.70149804262125,13.354683566768431,15.569547476608497,T1936,G4
W0015F0001T0006Z000C1N169.png,7,27.064737205448715,26.829326572268172,13.354683566768431,15.569547476608497,T1936,G4
W0015F0001T0006Z000C1N169.png,8,23.43608329051593,44.50280890011326,13.354683566768431,15.569547476608497,T1936,G4
W0015F0001T0006Z000C1N169.png,9,31.976553910638962,10.307764064044152,13.354683566768431,15.569547476608497,T1936,G4
W0015F0001T0006Z000C1N169.png,10,20.303940504246953,48.104053883222775,13.354683566768431,15.569547476608497,T1936,G4
W0015F0001T0006Z000C1N17.png,1,15.532993115133493,26.840086699949538,7.233666860864586,8.127656121398537,T1936,G4
W0015F0001T0006Z000C1N17.png,2,14.590517955553306,13.172489093228858,7.233666860864586,8.127656121398537,T1936,G4
W0015F0001T0006Z000C1N17.png,3,18.67104435090205,17.149513807062952,7.233666860864586,8.127656121398537,T1936,G4
W0015F0001T0006Z000C1N17.png,4,11.508540012770546,11.437587305387533,7.233666860864586,8.127656121398537,T1936,G4
W0015F0001T0006Z000C1N17.png,5,19.387472340080873,18.519290096395206,7.233666860864586,8.127656121398537,T1936,G4
W0015F0001T0006Z000C1N17.png,6,7.673902695744749,10.96624307632561,7.233666860864586,8.127656121398537,T1936,G4
W0015F0001T0006Z000C1N17.png,7,20.354044624012918,10.833910931637476,7.233666860864586,8.127656121398537,T1936,G4
W0015F0001T0006Z000C1N17.png,8,31.932547993324114,29.618860638052002,7.233666860864586,8.127656121398537,T1936,G4
W0015F0001T0006Z000C1N17.png,9,27.37433367976407,26.237337027561253,7.233666860864586,8.127656121398537,T1936,G4
W0015F0001T0006Z000C1N17.png,10,18.762613731650344,17.66437503656203,7.233666860864586,8.127656121398537,T1936,G4
W0015F0001T0006Z000C1N17.png,11,24.25144733009628,27.601144600969665,7.233666860864586,8.127656121398537,T1936,G4
W0015F0001T0006Z000C1N17.png,12,5.024937810560445,0.5746979883188915,7.233666860864586,8.127656121398537,T1936,G4
W0015F0001T0006Z000C1N17.png,13,9.29785674658248,4.491539445476158,7.233666860864586,8.127656121398537,T1936,G4
W0015F0001T0006Z000C1N17.png,14,3.605551275463989,8.586633669708856,7.233666860864586,8.127656121398537,T1936,G4
W0015F0001T0006Z000C1N17.png,15,14.603081866510234,10.174163902312122,7.233666860864586,8.127656121398537,T1936,G4
W0015F0001T0006Z000C1N17.png,16,21.388646703027412,16.878516690353667,7.233666860864586,8.127656121398537,T1936,G4
W0015F0001T0006Z000C1N17.png,17,18.78180469641617,20.992245026503475,7.233666860864586,8.127656121398537,T1936,G4
W0015F0001T0006Z000C1N17.png,18,18.330248322172352,24.62071564760928,7.233666860864586,8.127656121398537,T1936,G4
W0015F0001T0006Z000C1N170.png,1,33.01852472789497,7.885134022006471,8.8102395094985,13.86611050268041,T1936,G4
W0015F0001T0006Z000C1N170.png,2,20.435807574391458,20.85093909263128,8.8102395094985,13.86611050268041,T1936,G4
W0015F0001T0006Z000C1N170.png,3,42.638575339330025,43.63595996734833,8.8102395094985,13.86611050268041,T1936,G4
W0015F0001T0006Z000C1N170.png,4,48.40028472082931,48.20332448948534,8.8102395094985,13.86611050268041,T1936,G4
W0015F0001T0006Z000C1N170.png,5,37.69832460387206,39.0318069408796,8.8102395094985,13.86611050268041,T1936,G4
W0015F0001T0006Z000C1N170.png,6,32.22017966849962,31.20555403050597,8.8102395094985,13.86611050268041,T1936,G4
W0015F0001T0006Z000C1N171.png,1,44.04936945613974,43.29191863566196,11.491747731248067,13.22755269955229,T1936,G4
W0015F0001T0006Z000C1N171.png,2,33.335767316720734,34.18444823595645,11.491747731248067,13.22755269955229,T1936,G4
W0015F0001T0006Z000C1N171.png,3,20.633983815730673,21.208164660222213,11.491747731248067,13.22755269955229,T1936,G4
W0015F0001T0006Z000C1N171.png,4,16.597020132973963,16.242188848931278,11.491747731248067,13.22755269955229,T1936,G4
W0015F0001T0006Z000C1N171.png,5,33.5552283794925,32.73262966023613,11.491747731248067,13.22755269955229,T1936,G4
W0015F0001T0006Z000C1N171.png,6,35.541559692232305,31.20596431200255,11.491747731248067,13.22755269955229,T1936,G4
W0015F0001T0006Z000C1N171.png,7,29.20488544843133,34.94187216266964,11.491747731248067,13.22755269955229,T1936,G4
W0015F0001T0006Z000C1N171.png,8,21.088180331135856,15.82634793276356,11.491747731248067,13.22755269955229,T1936,G4
W0015F0001T0006Z000C1N171.png,9,22.452268543575304,7.792255321489332,11.491747731248067,13.22755269955229,T1936,G4
W0015F0001T0006Z000C1N171.png,10,21.34106503838495,17.69956688907572,11.491747731248067,13.22755269955229,T1936,G4
W0015F0001T0006Z000C1N171.png,11,33.615271146022216,18.150315024096212,11.491747731248067,13.22755269955229,T1936,G4
W0015F0001T0006Z000C1N171.png,12,34.33764285495105,24.14349420944457,11.491747731248067,13.22755269955229,T1936,G4
W0015F0001T0006Z000C1N171.png,13,29.3479049425631,33.1618354932663,11.491747731248067,13.22755269955229,T1936,G4
W0015F0001T0006Z000C1N171.png,14,18.560711193270585,18.927000390364356,11.491747731248067,13.22755269955229,T1936,G4
W0015F0001T0006Z000C1N171.png,15,44.94341641605066,61.85506343753315,11.491747731248067,13.22755269955229,T1936,G4
W0015F0001T0006Z000C1N171.png,16,18.069310999592652,18.172492230240554,11.491747731248067,13.22755269955229,T1936,G4
W0015F0001T0006Z000C1N171.png,17,42.05666999038411,39.06759730250272,11.491747731248067,13.22755269955229,T1936,G4
W0015F0001T0006Z000C1N171.png,18,19.091883092036785,18.756560973409016,11.491747731248067,13.22755269955229,T1936,G4
W0015F0001T0006Z000C1N171.png,19,9.617692030835672,9.541716402562681,11.491747731248067,13.22755269955229,T1936,G4
W0015F0001T0006Z000C1N171.png,20,5.830951894845301,6.503254522668514,11.491747731248067,13.22755269955229,T1936,G4
W0015F0001T0006Z000C1N171.png,21,39.54320055044822,39.32990726379436,11.491747731248067,13.22755269955229,T1936,G4
W0015F0001T0006Z000C1N171.png,22,3.1325079527734525,3.1934753877731246,11.491747731248067,13.22755269955229,T1936,G4
W0015F0001T0006Z000C1N171.png,23,10.909420703845932,10.734171890747708,11.491747731248067,13.22755269955229,T1936,G4
W0015F0001T0006Z000C1N171.png,24,27.396059519389688,27.27212842351464,11.491747731248067,13.22755269955229,T1936,G4
W0015F0001T0006Z000C1N171.png,25,11.522004510889838,11.601325533133027,11.491747731248067,13.22755269955229,T1936,G4
W0015F0001T0006Z000C1N171.png,26,23.876394772125547,24.08768611483937,11.491747731248067,13.22755269955229,T1936,G4
W0015F0001T0006Z000C1N173.png,1,63.82216158774714,62.095009336443304,21.55305549671506,17.72653775507604,T1936,G4
W0015F0001T0006Z000C1N173.png,2,63.6271124853878,62.06479123747031,21.55305549671506,17.72653775507604,T1936,G4
W0015F0001T0006Z000C1N173.png,3,25.18374381414813,25.314519783296532,21.55305549671506,17.72653775507604,T1936,G4
W0015F0001T0006Z000C1N173.png,4,10.881113596167102,6.060115794443377,21.55305549671506,17.72653775507604,T1936,G4
W0015F0001T0006Z000C1N173.png,5,21.842587141094548,24.839436103086012,21.55305549671506,17.72653775507604,T1936,G4
W0015F0001T0006Z000C1N173.png,6,8.53096438833628,15.012935107650515,21.55305549671506,17.72653775507604,T1936,G4
W0015F0001T0006Z000C1N173.png,7,59.733130712568666,58.982393811717394,21.55305549671506,17.72653775507604,T1936,G4
W0015F0001T0006Z000C1N173.png,8,16.3468487053198,40.52750276226651,21.55305549671506,17.72653775507604,T1936,G4
W0015F0001T0006Z000C1N173.png,9,24.454792671810704,56.13741546064289,21.55305549671506,17.72653775507604,T1936,G4
W0015F0001T0006Z000C1N173.png,10,31.299723434726737,46.26982257051991,21.55305549671506,17.72653775507604,T1936,G4
W0015F0001T0006Z000C1N173.png,11,43.59209859408722,43.26653243885616,21.55305549671506,17.72653775507604,T1936,G4
W0015F0001T0006Z000C1N173.png,12,33.353835242100324,33.71243045638369,21.55305549671506,17.72653775507604,T1936,G4
W0015F0001T0006Z000C1N173.png,13,36.922064750106486,29.706901555025897,21.55305549671506,17.72653775507604,T1936,G4
W0015F0001T0006Z000C1N173.png,14,48.10467574954596,12.851127830682183,21.55305549671506,17.72653775507604,T1936,G4
W0015F0001T0006Z000C1N173.png,15,85.8588175612797,47.06611257767186,21.55305549671506,17.72653775507604,T1936,G4
W0015F0001T0006Z000C1N174.png,1,81.12288638023537,48.44068537913146,12.116178492404426,14.92671569816655,T1936,G4
W0015F0001T0006Z000C1N174.png,2,69.6439723866905,58.23658709939592,12.116178492404426,14.92671569816655,T1936,G4
W0015F0001T0006Z000C1N174.png,3,51.68144811995427,22.831898966692197,12.116178492404426,14.92671569816655,T1936,G4
W0015F0001T0006Z000C1N176.png,1,14.258968659684427,13.412988886688309,16.421063210112834,15.22014341712244,T1936,G4
W0015F0001T0006Z000C1N176.png,2,6.392984582854125,9.095025639618429,16.421063210112834,15.22014341712244,T1936,G4
W0015F0001T0006Z000C1N176.png,3,7.310044652240241,14.13337306368413,16.421063210112834,15.22014341712244,T1936,G4
W0015F0001T0006Z000C1N176.png,4,21.393713279868805,20.543295428001286,16.421063210112834,15.22014341712244,T1936,G4
W0015F0001T0006Z000C1N176.png,5,7.000844548262481,7.973763406582407,16.421063210112834,15.22014341712244,T1936,G4
W0015F0001T0006Z000C1N176.png,6,54.5069465872347,53.082972575613056,16.421063210112834,15.22014341712244,T1936,G4
W0015F0001T0006Z000C1N176.png,7,25.244770229039787,25.550038655717177,16.421063210112834,15.22014341712244,T1936,G4
W0015F0001T0006Z000C1N176.png,8,15.475359093246134,14.790006272357855,16.421063210112834,15.22014341712244,T1936,G4
W0015F0001T0006Z000C1N176.png,9,37.38372094906639,38.645997802301466,16.421063210112834,15.22014341712244,T1936,G4
W0015F0001T0006Z000C1N176.png,10,45.29993404049348,43.93582930531593,16.421063210112834,15.22014341712244,T1936,G4
W0015F0001T0006Z000C1N176.png,11,43.092016607185826,42.05773053941684,16.421063210112834,15.22014341712244,T1936,G4
W0015F0001T0006Z000C1N176.png,12,42.39644226210489,41.994328149659516,16.421063210112834,15.22014341712244,T1936,G4
W0015F0001T0006Z000C1N179.png,1,54.70895179009619,55.29689367318104,14.12621983087596,14.814413580947177,T1936,G4
W0015F0001T0006Z000C1N179.png,2,27.180691154623297,25.019101910493806,14.12621983087596,14.814413580947177,T1936,G4
W0015F0001T0006Z000C1N179.png,3,35.00015609163629,35.5682842435936,14.12621983087596,14.814413580947177,T1936,G4
W0015F0001T0006Z000C1N179.png,4,22.979147779666473,19.832138078927578,14.12621983087596,14.814413580947177,T1936,G4
W0015F0001T0006Z000C1N179.png,5,44.382186407370185,44.65367093879066,14.12621983087596,14.814413580947177,T1936,G4
W0015F0001T0006Z000C1N179.png,6,25.690235011302065,20.479834254971674,14.12621983087596,14.814413580947177,T1936,G4
W0015F0001T0006Z000C1N179.png,7,32.38132795490506,32.08950750372791,14.12621983087596,14.814413580947177,T1936,G4
W0015F0001T0006Z000C1N179.png,8,27.911000217069166,28.186893169557546,14.12621983087596,14.814413580947177,T1936,G4
W0015F0001T0006Z000C1N179.png,9,67.33821345827918,67.30234349745311,14.12621983087596,14.814413580947177,T1936,G4
W0015F0001T0006Z000C1N179.png,10,45.632114885105004,44.12043467294148,14.12621983087596,14.814413580947177,T1936,G4
W0015F0001T0006Z000C1N179.png,11,44.11682365176104,42.432299018554254,14.12621983087596,14.814413580947177,T1936,G4
W0015F0001T0006Z000C1N179.png,12,29.12323224751355,29.048060471467867,14.12621983087596,14.814413580947177,T1936,G4
W0015F0001T0006Z000C1N179.png,13,56.48835291914664,56.63880302210261,14.12621983087596,14.814413580947177,T1936,G4
W0015F0001T0006Z000C1N179.png,14,18.962477065474644,18.68530575173962,14.12621983087596,14.814413580947177,T1936,G4
W0015F0001T0006Z000C1N179.png,15,37.14490315746069,36.83754782060724,14.12621983087596,14.814413580947177,T1936,G4
W0015F0001T0006Z000C1N179.png,16,60.94209959215124,60.63913576443936,14.12621983087596,14.814413580947177,T1936,G4
W0015F0001T0006Z000C1N19.png,1,38.05338521076716,26.479853033354754,11.439486850970653,13.653836052100141,T1936,G4
W0015F0001T0006Z000C1N19.png,2,42.75918758951882,44.39573602923978,11.439486850970653,13.653836052100141,T1936,G4
W0015F0001T0006Z000C1N19.png,3,25.589248262087303,23.536457945232748,11.439486850970653,13.653836052100141,T1936,G4
W0015F0001T0006Z000C1N19.png,4,25.867152196838948,25.517325285147344,11.439486850970653,13.653836052100141,T1936,G4
W0015F0001T0006Z000C1N19.png,5,38.11494850123171,38.05731890046812,11.439486850970653,13.653836052100141,T1936,G4
W0015F0001T0006Z000C1N19.png,6,35.35966921501762,33.20471126162538,11.439486850970653,13.653836052100141,T1936,G4
W0015F0001T0006Z000C1N19.png,7,13.240746518045682,12.592405602322051,11.439486850970653,13.653836052100141,T1936,G4
W0015F0001T0006Z000C1N19.png,8,15.007406510966453,15.540526584662844,11.439486850970653,13.653836052100141,T1936,G4
W0015F0001T0006Z000C1N19.png,9,15.251032692491274,16.45706129042131,11.439486850970653,13.653836052100141,T1936,G4
W0015F0001T0006Z000C1N19.png,10,30.294080354671188,24.477028632152244,11.439486850970653,13.653836052100141,T1936,G4
W0015F0001T0006Z000C1N19.png,11,34.32995601631912,10.95642834353521,11.439486850970653,13.653836052100141,T1936,G4
W0015F0001T0006Z000C1N19.png,12,41.44537655556857,42.843278759594966,11.439486850970653,13.653836052100141,T1936,G4
W0015F0001T0006Z000C1N19.png,13,10.073194023390695,33.845242994261405,11.439486850970653,13.653836052100141,T1936,G4
W0015F0001T0006Z000C1N19.png,14,8.922867050546518,48.430027472935656,11.439486850970653,13.653836052100141,T1936,G4
W0015F0001T0006Z000C1N19.png,15,33.19610940837051,58.86949858389652,11.439486850970653,13.653836052100141,T1936,G4
W0015F0001T0006Z000C1N192.png,1,52.08886754583724,49.42207043846943,10.796877680751619,17.334454087698333,T1936,G4
W0015F0001T0006Z000C1N192.png,2,28.58892490730918,71.47047054416356,10.796877680751619,17.334454087698333,T1936,G4
W0015F0001T0006Z000C1N192.png,3,32.32249509070871,32.58567715355253,10.796877680751619,17.334454087698333,T1936,G4
W0015F0001T0006Z000C1N192.png,4,20.38953462547174,19.904177430727017,10.796877680751619,17.334454087698333,T1936,G4
W0015F0001T0006Z000C1N192.png,5,40.42032997223864,39.952881554486204,10.796877680751619,17.334454087698333,T1936,G4
W0015F0001T0006Z000C1N196.png,1,13.384686589754896,11.519802801122136,11.975122367968094,23.355214098311528,T1936,G4
W0015F0001T0006Z000C1N196.png,2,38.35488815123284,68.35705103617994,11.975122367968094,23.355214098311528,T1936,G4
W0015F0001T0006Z000C1N196.png,3,25.894014752448104,24.475723064021896,11.975122367968094,23.355214098311528,T1936,G4
W0015F0001T0006Z000C1N196.png,4,22.880874053759975,29.259226230933,11.975122367968094,23.355214098311528,T1936,G4
W0015F0001T0006Z000C1N196.png,5,15.494103736849086,15.288000772850847,11.975122367968094,23.355214098311528,T1936,G4
W0015F0001T0006Z000C1N196.png,6,22.997656886786004,16.47313225399,11.975122367968094,23.355214098311528,T1936,G4
W0015F0001T0006Z000C1N196.png,7,21.30890055719749,35.40587087628788,11.975122367968094,23.355214098311528,T1936,G4
W0015F0001T0006Z000C1N196.png,8,8.904693489433507,5.4313490557012685,11.975122367968094,23.355214098311528,T1936,G4
W0015F0001T0006Z000C1N196.png,9,9.938712535840155,10.50859098224228,11.975122367968094,23.355214098311528,T1936,G4
W0015F0001T0006Z000C1N196.png,10,17.858632500771353,15.933226705321546,11.975122367968094,23.355214098311528,T1936,G4
W0015F0001T0006Z000C1N196.png,11,51.07324671030437,80.70894967737279,11.975122367968094,23.355214098311528,T1936,G4
W0015F0001T0006Z000C1N197.png,1,33.003219084983286,28.434183533378917,7.500212109406279,7.000838786659397,T1936,G4
W0015F0001T0006Z000C1N197.png,2,17.880647838253623,15.802935952274222,7.500212109406279,7.000838786659397,T1936,G4
W0015F0001T0006Z000C1N197.png,3,28.043127202097555,28.536929751950996,7.500212109406279,7.000838786659397,T1936,G4
W0015F0001T0006Z000C1N197.png,4,18.929718538987515,21.912980757394074,7.500212109406279,7.000838786659397,T1936,G4
W0015F0001T0006Z000C1N197.png,5,14.163305156824684,11.739814569446581,7.500212109406279,7.000838786659397,T1936,G4
W0015F0001T0006Z000C1N197.png,6,16.90524655984757,15.890248582070704,7.500212109406279,7.000838786659397,T1936,G4
W0015F0001T0006Z000C1N197.png,7,13.14887622119001,12.481628209161503,7.500212109406279,7.000838786659397,T1936,G4
W0015F0001T0006Z000C1N197.png,8,27.484745360301194,27.38907275512406,7.500212109406279,7.000838786659397,T1936,G4
W0015F0001T0006Z000C1N197.png,9,26.630138078529843,21.70829334609241,7.500212109406279,7.000838786659397,T1936,G4
W0015F0001T0006Z000C1N197.png,10,20.281420951173644,19.934346681998694,7.500212109406279,7.000838786659397,T1936,G4
W0015F0001T0006Z000C1N197.png,11,22.948148206643715,19.020546972499478,7.500212109406279,7.000838786659397,T1936,G4
W0015F0001T0006Z000C1N197.png,12,4.584822044952892,4.645778747778787,7.500212109406279,7.000838786659397,T1936,G4
W0015F0001T0006Z000C1N202.png,1,5.486862518132701,6.838569462156453,13.795052435802235,11.750452105806458,T1936,G4
W0015F0001T0006Z000C1N202.png,2,5.9855217595973125,5.275725379866277,13.795052435802235,11.750452105806458,T1936,G4
W0015F0001T0006Z000C1N202.png,3,28.88688042764871,28.178860230221627,13.795052435802235,11.750452105806458,T1936,G4
W0015F0001T0006Z000C1N202.png,4,13.084155198658843,11.107817814632874,13.795052435802235,11.750452105806458,T1936,G4
W0015F0001T0006Z000C1N202.png,5,42.763710654487305,30.09983611144091,13.795052435802235,11.750452105806458,T1936,G4
W0015F0001T0006Z000C1N202.png,6,42.37339373080488,41.04668299514593,13.795052435802235,11.750452105806458,T1936,G4
W0015F0001T0006Z000C1N202.png,7,29.79922422098159,29.609026401495285,13.795052435802235,11.750452105806458,T1936,G4
W0015F0001T0006Z000C1N202.png,8,20.07805865376752,23.335109869201595,13.795052435802235,11.750452105806458,T1936,G4
W0015F0001T0006Z000C1N202.png,9,7.684272407499577,27.10778999804479,13.795052435802235,11.750452105806458,T1936,G4
W0015F0001T0006Z000C1N202.png,10,3.166120630489136,4.102427170464539,13.795052435802235,11.750452105806458,T1936,G4
W0015F0001T0006Z000C1N202.png,11,37.35532903694825,34.774089007203024,13.795052435802235,11.750452105806458,T1936,G4
W0015F0001T0006Z000C1N202.png,12,11.06715071608973,11.838496646283632,13.795052435802235,11.750452105806458,T1936,G4
W0015F0001T0006Z000C1N202.png,13,16.716948944165512,27.455036488294326,13.795052435802235,11.750452105806458,T1936,G4
W0015F0001T0006Z000C1N204.png,1,4.367871096468376,35.04322508337924,14.113700238300495,9.221654351557033,T1936,G4
W0015F0001T0006Z000C1N204.png,2,40.71284993566308,14.22691917806728,14.113700238300495,9.221654351557033,T1936,G4
W0015F0001T0006Z000C1N204.png,3,48.00396313587421,20.297185404297593,14.113700238300495,9.221654351557033,T1936,G4
W0015F0001T0006Z000C1N204.png,4,42.207482914594756,17.58657365327901,14.113700238300495,9.221654351557033,T1936,G4
W0015F0001T0006Z000C1N204.png,5,38.2211374282921,40.80351650661207,14.113700238300495,9.221654351557033,T1936,G4
W0015F0001T0006Z000C1N204.png,6,27.52932224598789,42.29464332233687,14.113700238300495,9.221654351557033,T1936,G4
W0015F0001T0006Z000C1N204.png,7,19.00657780874821,34.792240514229604,14.113700238300495,9.221654351557033,T1936,G4
W0015F0001T0006Z000C1N204.png,8,40.09133306290472,14.616302327647016,14.113700238300495,9.221654351557033,T1936,G4
W0015F0001T0006Z000C1N204.png,9,15.88238017426859,29.206163733020468,14.113700238300495,9.221654351557033,T1936,G4
W0015F0001T0006Z000C1N204.png,10,8.860022573334675,21.914607000811127,14.113700238300495,9.221654351557033,T1936,G4
W0015F0001T0006Z000C1N204.png,11,12.273316362762895,33.678172834274456,14.113700238300495,9.221654351557033,T1936,G4
W0015F0001T0006Z000C1N204.png,12,23.04605884431778,26.260024584075133,14.113700238300495,9.221654351557033,T1936,G4
W0015F0001T0006Z000C1N204.png,13,30.768950488850756,21.235086049213297,14.113700238300495,9.221654351557033,T1936,G4
W0015F0001T0006Z000C1N204.png,14,20.435320149988783,21.224368594194324,14.113700238300495,9.221654351557033,T1936,G4
W0015F0001T0006Z000C1N204.png,15,10.709730993360123,18.015556656284662,14.113700238300495,9.221654351557033,T1936,G4
W0015F0001T0006Z000C1N204.png,16,26.037904641735658,11.459660650395467,14.113700238300495,9.221654351557033,T1936,G4
W0015F0001T0006Z000C1N204.png,17,26.47349063442884,19.179090310711235,14.113700238300495,9.221654351557033,T1936,G4
W0015F0001T0006Z000C1N204.png,18,56.04382505017152,34.366084702476336,14.113700238300495,9.221654351557033,T1936,G4
W0015F0001T0006Z000C1N206.png,1,18.13447121062099,17.740138105437616,10.821364440667473,11.281740430838775,T1936,G4
W0015F0001T0006Z000C1N206.png,2,10.855181215614325,10.840102977276292,10.821364440667473,11.281740430838775,T1936,G4
W0015F0001T0006Z000C1N206.png,3,22.721797110287106,10.51189802081432,10.821364440667473,11.281740430838775,T1936,G4
W0015F0001T0006Z000C1N206.png,4,24.542348326406913,21.020426403879046,10.821364440667473,11.281740430838775,T1936,G4
W0015F0001T0006Z000C1N206.png,5,42.94339623842965,39.52354260189427,10.821364440667473,11.281740430838775,T1936,G4
W0015F0001T0006Z000C1N206.png,6,38.71317530561289,38.55938197464931,10.821364440667473,11.281740430838775,T1936,G4
W0015F0001T0006Z000C1N206.png,7,35.19348779664458,29.900295580813545,10.821364440667473,11.281740430838775,T1936,G4
W0015F0001T0006Z000C1N21.png,1,14.532570831469881,48.61222355254868,10.510811584859455,14.169870525598332,T1936,G4
W0015F0001T0006Z000C1N21.png,2,10.94998190651774,11.330563959474453,10.510811584859455,14.169870525598332,T1936,G4
W0015F0001T0006Z000C1N21.png,3,41.13450026707068,65.30513114543106,10.510811584859455,14.169870525598332,T1936,G4
W0015F0001T0006Z000C1N21.png,4,25.297635905468578,45.01364642730972,10.510811584859455,14.169870525598332,T1936,G4
W0015F0001T0006Z000C1N21.png,5,23.144779373077366,30.903898284080068,10.510811584859455,14.169870525598332,T1936,G4
W0015F0001T0006Z000C1N21.png,6,24.89957120944451,27.87370730191998,10.510811584859455,14.169870525598332,T1936,G4
W0015F0001T0006Z000C1N21.png,7,30.099306492381768,30.160022886885184,10.510811584859455,14.169870525598332,T1936,G4
W0015F0001T0006Z000C1N21.png,8,23.38702020156161,18.09774963341383,10.510811584859455,14.169870525598332,T1936,G4
W0015F0001T0006Z000C1N21.png,9,22.91946507222275,22.66389426759608,10.510811584859455,14.169870525598332,T1936,G4
W0015F0001T0006Z000C1N21.png,10,34.66069041607939,34.89924738117534,10.510811584859455,14.169870525598332,T1936,G4
W0015F0001T0006Z000C1N21.png,11,42.94265175504352,43.18947606912271,10.510811584859455,14.169870525598332,T1936,G4
W0015F0001T0006Z000C1N21.png,12,37.29624335054191,40.151595796345894,10.510811584859455,14.169870525598332,T1936,G4
W0015F0001T0006Z000C1N21.png,13,39.80552678355282,52.070473989025146,10.510811584859455,14.169870525598332,T1936,G4
W0015F0001T0006Z000C1N21.png,14,50.71100191060527,50.929828552018066,10.510811584859455,14.169870525598332,T1936,G4
W0015F0001T0006Z000C1N21.png,15,35.200973857666504,33.7489066745408,10.510811584859455,14.169870525598332,T1936,G4
W0015F0001T0006Z000C1N21.png,16,21.405980783668376,20.851793967421795,10.510811584859455,14.169870525598332,T1936,G4
W0015F0001T0006Z000C1N21.png,17,31.765174199218887,30.589772275393315,10.510811584859455,14.169870525598332,T1936,G4
W0015F0001T0006Z000C1N21.png,18,19.39446582193068,17.517290702701608,10.510811584859455,14.169870525598332,T1936,G4
W0015F0001T0006Z000C1N21.png,19,11.193644408528009,10.996477167756527,10.510811584859455,14.169870525598332,T1936,G4
W0015F0001T0006Z000C1N21.png,20,29.813195481630476,27.935896824190454,10.510811584859455,14.169870525598332,T1936,G4
W0015F0001T0006Z000C1N216.png,1,9.718806096962878,45.40099117860754,16.87369946835086,16.479141695819063,T1936,G4
W0015F0001T0006Z000C1N216.png,2,34.806709401952155,55.12939324897382,16.87369946835086,16.479141695819063,T1936,G4
W0015F0001T0006Z000C1N216.png,3,43.660391647480644,47.369717586666155,16.87369946835086,16.479141695819063,T1936,G4
W0015F0001T0006Z000C1N216.png,4,13.74341266834389,10.972148514635924,16.87369946835086,16.479141695819063,T1936,G4
W0015F0001T0006Z000C1N216.png,5,20.83984794270446,24.685245212288017,16.87369946835086,16.479141695819063,T1936,G4
W0015F0001T0006Z000C1N216.png,6,20.707714300820903,23.403027427919792,16.87369946835086,16.479141695819063,T1936,G4
W0015F0001T0006Z000C1N216.png,7,15.38456322622019,10.207596299924004,16.87369946835086,16.479141695819063,T1936,G4
W0015F0001T0006Z000C1N216.png,8,25.26406261504264,25.07561696481998,16.87369946835086,16.479141695819063,T1936,G4
W0015F0001T0006Z000C1N216.png,9,6.055194296063737,8.180550428769042,16.87369946835086,16.479141695819063,T1936,G4
W0015F0001T0006Z000C1N216.png,10,9.604989002317954,6.300976154179337,16.87369946835086,16.479141695819063,T1936,G4
W0015F0001T0006Z000C1N216.png,11,35.49864604711702,37.54541723773429,16.87369946835086,16.479141695819063,T1936,G4
W0015F0001T0006Z000C1N216.png,12,24.879154515113022,21.31105671657747,16.87369946835086,16.479141695819063,T1936,G4
W0015F0001T0006Z000C1N216.png,13,70.43990790872837,49.673484095865696,16.87369946835086,16.479141695819063,T1936,G4
W0015F0001T0006Z000C1N218.png,1,97.26065213892831,10.16093583427584,24.39976215217241,15.75181659523127,T1936,G4
W0015F0001T0006Z000C1N218.png,2,63.32528218513204,60.0210902256106,24.39976215217241,15.75181659523127,T1936,G4
W0015F0001T0006Z000C1N218.png,3,3.7609282822351426,10.198898300960375,24.39976215217241,15.75181659523127,T1936,G4
W0015F0001T0006Z000C1N218.png,4,57.54515743496253,37.20102796373522,24.39976215217241,15.75181659523127,T1936,G4
W0015F0001T0006Z000C1N218.png,5,39.68176818349372,36.67640649118337,24.39976215217241,15.75181659523127,T1936,G4
W0015F0001T0006Z000C1N218.png,6,55.72023256018647,17.329639826074548,24.39976215217241,15.75181659523127,T1936,G4
W0015F0001T0006Z000C1N218.png,7,45.73089190412683,22.280366405272346,24.39976215217241,15.75181659523127,T1936,G4
W0015F0001T0006Z000C1N218.png,8,46.67866348606336,23.08053095148927,24.39976215217241,15.75181659523127,T1936,G4
W0015F0001T0006Z000C1N22.png,1,31.76682033401551,6.506471515385998,7.725566464509935,16.368499191809946,T1936,G4
W0015F0001T0006Z000C1N22.png,2,22.816486241615497,5.407030387879013,7.725566464509935,16.368499191809946,T1936,G4
W0015F0001T0006Z000C1N22.png,3,28.115871758554555,8.969576237308265,7.725566464509935,16.368499191809946,T1936,G4
W0015F0001T0006Z000C1N22.png,4,47.39045260355924,54.53639202913551,7.725566464509935,16.368499191809946,T1936,G4
W0015F0001T0006Z000C1N22.png,5,22.438649438428897,21.235250666521925,7.725566464509935,16.368499191809946,T1936,G4
W0015F0001T0006Z000C1N22.png,6,30.00762848769148,29.261749776799064,7.725566464509935,16.368499191809946,T1936,G4
W0015F0001T0006Z000C1N22.png,7,31.495220320265503,11.053644950688767,7.725566464509935,16.368499191809946,T1936,G4
W0015F0001T0006Z000C1N223.png,1,17.197371840416395,43.748102491168,17.653813647037314,13.686184172593755,T1936,G4
W0015F0001T0006Z000C1N223.png,2,20.40833163195855,39.30183816603759,17.653813647037314,13.686184172593755,T1936,G4
W0015F0001T0006Z000C1N223.png,3,14.44066741267459,15.629123060074308,17.653813647037314,13.686184172593755,T1936,G4
W0015F0001T0006Z000C1N223.png,4,21.478262676712905,19.755032703584316,17.653813647037314,13.686184172593755,T1936,G4
W0015F0001T0006Z000C1N223.png,5,28.04248011316944,27.647184308810992,17.653813647037314,13.686184172593755,T1936,G4
W0015F0001T0006Z000C1N223.png,6,6.876124094508562,5.829913444960279,17.653813647037314,13.686184172593755,T1936,G4
W0015F0001T0006Z000C1N223.png,7,65.47430315750664,42.93261040079927,17.653813647037314,13.686184172593755,T1936,G4
W0015F0001T0006Z000C1N226.png,1,88.1778444916579,43.83206588788623,22.81054794424909,15.06554142676107,T1936,G4
W0015F0001T0006Z000C1N226.png,2,51.28269084272996,55.32779418918753,22.81054794424909,15.06554142676107,T1936,G4
W0015F0001T0006Z000C1N226.png,3,52.580933826999065,9.486832980505138,22.81054794424909,15.06554142676107,T1936,G4
W0015F0001T0006Z000C1N226.png,4,43.781174083703526,4.202871415125264,22.81054794424909,15.06554142676107,T1936,G4
W0015F0001T0006Z000C1N226.png,5,34.52507618820912,16.194134740701646,22.81054794424909,15.06554142676107,T1936,G4
W0015F0001T0006Z000C1N226.png,6,37.152846734525504,40.33902824485846,22.81054794424909,15.06554142676107,T1936,G4
W0015F0001T0006Z000C1N226.png,7,47.983013105923646,31.431391771455377,22.81054794424909,15.06554142676107,T1936,G4
W0015F0001T0006Z000C1N226.png,8,24.34101189904313,20.541499536928093,22.81054794424909,15.06554142676107,T1936,G4
W0015F0001T0006Z000C1N226.png,9,36.68463244268852,37.146102136753285,22.81054794424909,15.06554142676107,T1936,G4
W0015F0001T0006Z000C1N226.png,10,49.0446915849477,45.58220032416011,22.81054794424909,15.06554142676107,T1936,G4
W0015F0001T0006Z000C1N226.png,11,46.08467551002373,42.56977860164183,22.81054794424909,15.06554142676107,T1936,G4
W0015F0001T0006Z000C1N226.png,12,24.374837293197768,22.41778099504194,22.81054794424909,15.06554142676107,T1936,G4
W0015F0001T0006Z000C1N226.png,13,60.82560325480225,38.30871497961709,22.81054794424909,15.06554142676107,T1936,G4
W0015F0001T0006Z000C1N226.png,14,61.41895615987982,8.902246907382429,22.81054794424909,15.06554142676107,T1936,G4
W0015F0001T0006Z000C1N226.png,15,79.20934925181474,10.547511554864494,22.81054794424909,15.06554142676107,T1936,G4
W0015F0001T0006Z000C1N226.png,16,76.52006530049259,16.47479795883252,22.81054794424909,15.06554142676107,T1936,G4
W0015F0001T0006Z000C1N226.png,17,87.44090083937908,13.578606443396083,22.81054794424909,15.06554142676107,T1936,G4
W0015F0001T0006Z000C1N226.png,18,88.70037645900288,18.085712239574356,22.81054794424909,15.06554142676107,T1936,G4
W0015F0001T0006Z000C1N226.png,19,91.98137951115686,5.4921990700606464,22.81054794424909,15.06554142676107,T1936,G4
W0015F0001T0006Z000C1N226.png,20,95.84909294285603,17.598273153868234,22.81054794424909,15.06554142676107,T1936,G4
W0015F0001T0006Z000C1N227.png,1,10.576104297837341,15.423705428801897,14.334153501432397,7.950706615725506,T1936,G4
W0015F0001T0006Z000C1N227.png,2,60.21798409589366,32.23030588635717,14.334153501432397,7.950706615725506,T1936,G4
W0015F0001T0006Z000C1N227.png,3,35.89862812067054,30.078764914228646,14.334153501432397,7.950706615725506,T1936,G4
W0015F0001T0006Z000C1N227.png,4,30.8359598671335,25.163220269293596,14.334153501432397,7.950706615725506,T1936,G4
W0015F0001T0006Z000C1N227.png,5,40.00054122360372,27.568377393288227,14.334153501432397,7.950706615725506,T1936,G4
W0015F0001T0006Z000C1N227.png,6,40.748248346240636,13.805104692062313,14.334153501432397,7.950706615725506,T1936,G4
W0015F0001T0006Z000C1N227.png,7,33.58562716344523,10.897955409101534,14.334153501432397,7.950706615725506,T1936,G4
W0015F0001T0006Z000C1N227.png,8,22.41210026675497,24.561508641118404,14.334153501432397,7.950706615725506,T1936,G4
W0015F0001T0006Z000C1N227.png,9,18.370905522097402,22.262938531922543,14.334153501432397,7.950706615725506,T1936,G4
W0015F0001T0006Z000C1N227.png,10,47.83376269004362,15.811388300841896,14.334153501432397,7.950706615725506,T1936,G4
W0015F0001T0006Z000C1N227.png,11,20.5031152513486,19.4001706574654,14.334153501432397,7.950706615725506,T1936,G4
W0015F0001T0006Z000C1N227.png,12,34.71135418962533,22.85147980610215,14.334153501432397,7.950706615725506,T1936,G4
W0015F0001T0006Z000C1N227.png,13,34.50886476761107,29.80771712157776,14.334153501432397,7.950706615725506,T1936,G4
W0015F0001T0006Z000C1N227.png,14,64.05910335362881,11.884864324004713,14.334153501432397,7.950706615725506,T1936,G4
W0015F0001T0006Z000C1N227.png,15,22.397501759400082,17.17261808198546,14.334153501432397,7.950706615725506,T1936,G4
W0015F0001T0006Z000C1N227.png,16,29.577768231494,27.977954311387453,14.334153501432397,7.950706615725506,T1936,G4
W0015F0001T0006Z000C1N227.png,17,43.544955528402184,28.866849199366424,14.334153501432397,7.950706615725506,T1936,G4
W0015F0001T0006Z000C1N227.png,18,21.23015727212251,20.76269749624708,14.334153501432397,7.950706615725506,T1936,G4
W0015F0001T0006Z000C1N227.png,19,43.709333001504554,36.042498995993434,14.334153501432397,7.950706615725506,T1936,G4
W0015F0001T0006Z000C1N227.png,20,18.781655119438415,12.006974733504505,14.334153501432397,7.950706615725506,T1936,G4
W0015F0001T0006Z000C1N227.png,21,22.834950257579287,22.487853588721578,14.334153501432397,7.950706615725506,T1936,G4
W0015F0001T0006Z000C1N227.png,22,9.191979302067786,5.544002638641785,14.334153501432397,7.950706615725506,T1936,G4
W0015F0001T0006Z000C1N227.png,23,13.060439538741708,10.109659218235803,14.334153501432397,7.950706615725506,T1936,G4
W0015F0001T0006Z000C1N231.png,1,38.901071306699784,49.784095255619164,9.907214110352667,10.819156114447606,T1936,G4
W0015F0001T0006Z000C1N231.png,2,14.672960748306124,26.747924408466098,9.907214110352667,10.819156114447606,T1936,G4
W0015F0001T0006Z000C1N231.png,3,21.83054024470979,19.115778511182896,9.907214110352667,10.819156114447606,T1936,G4
W0015F0001T0006Z000C1N231.png,4,26.564752489078565,14.2783200614545,9.907214110352667,10.819156114447606,T1936,G4
W0015F0001T0006Z000C1N231.png,5,27.9433022352602,31.58882690006891,9.907214110352667,10.819156114447606,T1936,G4
W0015F0001T0006Z000C1N231.png,6,25.563130773862373,15.805738623658065,9.907214110352667,10.819156114447606,T1936,G4
W0015F0001T0006Z000C1N231.png,7,28.172275403122296,15.049763991968053,9.907214110352667,10.819156114447606,T1936,G4
W0015F0001T0006Z000C1N231.png,8,29.56768548079742,31.10296100734659,9.907214110352667,10.819156114447606,T1936,G4
W0015F0001T0006Z000C1N231.png,9,26.141984463670806,28.577701663659266,9.907214110352667,10.819156114447606,T1936,G4
W0015F0001T0006Z000C1N231.png,10,21.585957941377398,29.445145950202253,9.907214110352667,10.819156114447606,T1936,G4
W0015F0001T0006Z000C1N231.png,11,45.168007430274365,11.769815527762612,9.907214110352667,10.819156114447606,T1936,G4
W0015F0001T0006Z000C1N231.png,12,39.75659529185393,11.100894340710857,9.907214110352667,10.819156114447606,T1936,G4
W0015F0001T0006Z000C1N231.png,13,17.919311155499912,22.02271554554524,9.907214110352667,10.819156114447606,T1936,G4
W0015F0001T0006Z000C1N231.png,14,30.6485512216639,9.65424489762576,9.907214110352667,10.819156114447606,T1936,G4
W0015F0001T0006Z000C1N231.png,15,16.342816579563664,16.150761822218062,9.907214110352667,10.819156114447606,T1936,G4
W0015F0001T0006Z000C1N231.png,16,16.53159512722188,8.38813592727731,9.907214110352667,10.819156114447606,T1936,G4
W0015F0001T0006Z000C1N231.png,17,17.39731475671284,10.886958515795936,9.907214110352667,10.819156114447606,T1936,G4
W0015F0001T0006Z000C1N231.png,18,5.408326913195984,9.655748084658182,9.907214110352667,10.819156114447606,T1936,G4
W0015F0001T0006Z000C1N231.png,19,10.30296283108016,5.615464959557503,9.907214110352667,10.819156114447606,T1936,G4
W0015F0001T0006Z000C1N27.png,1,14.589213582300387,12.411982844074217,17.979894119481486,17.88301240489525,T1936,G4
W0015F0001T0006Z000C1N27.png,2,29.02412505124847,28.72535162721362,17.979894119481486,17.88301240489525,T1936,G4
W0015F0001T0006Z000C1N27.png,3,54.71741881378542,49.978442861280165,17.979894119481486,17.88301240489525,T1936,G4
W0015F0001T0006Z000C1N27.png,4,57.72606067955386,57.92846793925949,17.979894119481486,17.88301240489525,T1936,G4
W0015F0001T0006Z000C1N36.png,1,5.101735612366437,5.528939679155116,11.614133800521417,10.04845391498114,T1936,G4
W0015F0001T0006Z000C1N36.png,2,19.472203618926223,17.484085656834942,11.614133800521417,10.04845391498114,T1936,G4
W0015F0001T0006Z000C1N36.png,3,16.477797840888066,16.176843477578736,11.614133800521417,10.04845391498114,T1936,G4
W0015F0001T0006Z000C1N36.png,4,3.501433677768481,11.641923690157949,11.614133800521417,10.04845391498114,T1936,G4
W0015F0001T0006Z000C1N36.png,5,26.95628340734294,26.746453903059958,11.614133800521417,10.04845391498114,T1936,G4
W0015F0001T0006Z000C1N36.png,6,31.61255885116283,31.278106835998376,11.614133800521417,10.04845391498114,T1936,G4
W0015F0001T0006Z000C1N36.png,7,35.945348392816875,35.37640174310566,11.614133800521417,10.04845391498114,T1936,G4
W0015F0001T0006Z000C1N37.png,1,27.113605765235018,26.486480780994764,11.649229261823388,9.557650534341008,T1936,G4
W0015F0001T0006Z000C1N37.png,2,34.627827047261036,33.330466704058566,11.649229261823388,9.557650534341008,T1936,G4
W0015F0001T0006Z000C1N37.png,3,9.925498318463179,21.801211636903748,11.649229261823388,9.557650534341008,T1936,G4
W0015F0001T0006Z000C1N37.png,4,22.820306416114803,27.11742165531467,11.649229261823388,9.557650534341008,T1936,G4
W0015F0001T0006Z000C1N37.png,5,19.283251985754795,32.101401838549044,11.649229261823388,9.557650534341008,T1936,G4
W0015F0001T0006Z000C1N37.png,6,11.092103650176867,11.051357340940092,11.649229261823388,9.557650534341008,T1936,G4
W0015F0001T0006Z000C1N37.png,7,6.805780165954286,9.055385138137417,11.649229261823388,9.557650534341008,T1936,G4
W0015F0001T0006Z000C1N37.png,8,16.034908324554554,17.277197945330286,11.649229261823388,9.557650534341008,T1936,G4
W0015F0001T0006Z000C1N37.png,9,36.34920646210259,36.72021559305886,11.649229261823388,9.557650534341008,T1936,G4
W0015F0001T0006Z000C1N37.png,10,4.661071896825318,27.730849247724095,11.649229261823388,9.557650534341008,T1936,G4
W0015F0001T0006Z000C1N37.png,11,4.659716853436102,25.92048103028242,11.649229261823388,9.557650534341008,T1936,G4
W0015F0001T0006Z000C1N37.png,12,9.571308174774883,9.805952021505382,11.649229261823388,9.557650534341008,T1936,G4
W0015F0001T0006Z000C1N37.png,13,1.9736190910404001,30.705942963385468,11.649229261823388,9.557650534341008,T1936,G4
W0015F0001T0006Z000C1N37.png,14,10.925251077714922,11.114293621358268,11.649229261823388,9.557650534341008,T1936,G4
W0015F0001T0006Z000C1N37.png,15,7.5000062627638,22.768873440652442,11.649229261823388,9.557650534341008,T1936,G4
W0015F0001T0006Z000C1N37.png,16,30.83332525464828,7.31402064251829,11.649229261823388,9.557650534341008,T1936,G4
W0015F0001T0006Z000C1N37.png,17,32.07156930477934,15.818486690610495,11.649229261823388,9.557650534341008,T1936,G4
W0015F0001T0006Z000C1N37.png,18,19.75470569217412,34.364872245425914,11.649229261823388,9.557650534341008,T1936,G4
W0015F0001T0006Z000C1N37.png,19,38.138493101061854,10.313009762017776,11.649229261823388,9.557650534341008,T1936,G4
W0015F0001T0006Z000C1N38.png,1,25.1800621983609,10.14359458699945,11.310629288073773,11.735981368644302,T1936,G4
W0015F0001T0006Z000C1N38.png,2,24.233847638815032,23.80371235390698,11.310629288073773,11.735981368644302,T1936,G4
W0015F0001T0006Z000C1N38.png,3,32.02157434032801,25.30316185775999,11.310629288073773,11.735981368644302,T1936,G4
W0015F0001T0006Z000C1N38.png,4,17.457604719194673,17.1070486019009,11.310629288073773,11.735981368644302,T1936,G4
W0015F0001T0006Z000C1N38.png,5,7.53814988833747,6.798545737424222,11.310629288073773,11.735981368644302,T1936,G4
W0015F0001T0006Z000C1N38.png,6,18.594545133791417,17.85388794160953,11.310629288073773,11.735981368644302,T1936,G4
W0015F0001T0006Z000C1N38.png,7,15.803282374617751,15.212928578665714,11.310629288073773,11.735981368644302,T1936,G4
W0015F0001T0006Z000C1N38.png,8,47.43488809618257,47.45259209681428,11.310629288073773,11.735981368644302,T1936,G4
W0015F0001T0006Z000C1N43.png,1,18.992109686394876,18.767434772699556,16.334175104546436,16.72025377910921,T1936,G4
W0015F0001T0006Z000C1N43.png,2,10.054228233300044,9.970423057958028,16.334175104546436,16.72025377910921,T1936,G4
W0015F0001T0006Z000C1N43.png,3,48.29755940445427,49.010095576372365,16.334175104546436,16.72025377910921,T1936,G4
W0015F0001T0006Z000C1N44.png,1,53.67126160854096,43.955176984645895,12.770714584005738,12.097044950796038,T1936,G4
W0015F0001T0006Z000C1N44.png,2,43.85545453505087,35.20227797309391,12.770714584005738,12.097044950796038,T1936,G4
W0015F0001T0006Z000C1N44.png,3,38.73628789649313,26.3362479713037,12.770714584005738,12.097044950796038,T1936,G4
W0015F0001T0006Z000C1N44.png,4,19.19609330034845,31.710800753175764,12.770714584005738,12.097044950796038,T1936,G4
W0015F0001T0006Z000C1N44.png,5,23.753947040439407,19.277643615807662,12.770714584005738,12.097044950796038,T1936,G4
W0015F0001T0006Z000C1N44.png,6,22.440590375403822,46.22761754075331,12.770714584005738,12.097044950796038,T1936,G4
W0015F0001T0006Z000C1N44.png,7,26.348624252510795,53.20856354542849,12.770714584005738,12.097044950796038,T1936,G4
W0015F0001T0006Z000C1N44.png,8,7.941806156074898,32.515255602194564,12.770714584005738,12.097044950796038,T1936,G4
W0015F0001T0006Z000C1N44.png,9,25.002708459852588,35.00357124637428,12.770714584005738,12.097044950796038,T1936,G4
W0015F0001T0006Z000C1N44.png,10,16.91892431568863,26.10956820702803,12.770714584005738,12.097044950796038,T1936,G4
W0015F0001T0006Z000C1N44.png,11,12.747548783981962,33.494517233200725,12.770714584005738,12.097044950796038,T1936,G4
W0015F0001T0006Z000C1N44.png,12,15.38279023649707,7.514155404991906,12.770714584005738,12.097044950796038,T1936,G4
W0015F0001T0006Z000C1N44.png,13,14.366181769586984,15.738261210994944,12.770714584005738,12.097044950796038,T1936,G4
W0015F0001T0006Z000C1N49.png,1,29.779977804674502,29.279317795944717,6.492626752212145,6.468631356692514,T1936,G4
W0015F0001T0006Z000C1N49.png,2,16.794724300250213,16.34205508255969,6.492626752212145,6.468631356692514,T1936,G4
W0015F0001T0006Z000C1N56.png,1,19.914443739267345,71.75886703491476,12.447340443269315,21.564324323052574,T1936,G4
W0015F0001T0006Z000C1N56.png,2,43.32219959312593,45.809530180575244,12.447340443269315,21.564324323052574,T1936,G4
W0015F0001T0006Z000C1N56.png,3,22.14362786139428,24.995661965497735,12.447340443269315,21.564324323052574,T1936,G4
W0015F0001T0006Z000C1N56.png,4,38.622662640533264,55.642399143948566,12.447340443269315,21.564324323052574,T1936,G4
W0015F0001T0006Z000C1N56.png,5,44.322002092013435,54.89710276881197,12.447340443269315,21.564324323052574,T1936,G4
W0015F0001T0006Z000C1N56.png,6,13.973394142079925,14.151385990746968,12.447340443269315,21.564324323052574,T1936,G4
W0015F0001T0006Z000C1N56.png,7,9.496519214923346,9.058127307185746,12.447340443269315,21.564324323052574,T1936,G4
W0015F0001T0006Z000C1N56.png,8,14.916433890176299,15.799364905365476,12.447340443269315,21.564324323052574,T1936,G4
W0015F0001T0006Z000C1N56.png,9,14.287881680002272,13.187150610745546,12.447340443269315,21.564324323052574,T1936,G4
W0015F0001T0006Z000C1N56.png,10,17.55322666984006,15.11332699077573,12.447340443269315,21.564324323052574,T1936,G4
W0015F0001T0006Z000C1N58.png,1,35.70683785111977,15.989801880334081,16.726701963786994,5.401359002500466,T1936,G4
W0015F0001T0006Z000C1N58.png,2,9.160238635963935,5.657126155543516,16.726701963786994,5.401359002500466,T1936,G4
W0015F0001T0006Z000C1N58.png,3,22.489674480138863,20.54332649150124,16.726701963786994,5.401359002500466,T1936,G4
W0015F0001T0006Z000C1N58.png,4,54.42655601817921,14.729556108211279,16.726701963786994,5.401359002500466,T1936,G4
W0015F0001T0006Z000C1N59.png,1,35.064476124773684,28.281090541199905,7.608144022431319,7.7854793298862495,T1936,G4
W0015F0001T0006Z000C1N59.png,2,25.34953600244867,25.500033503434242,7.608144022431319,7.7854793298862495,T1936,G4
W0015F0001T0006Z000C1N59.png,3,45.81018840792572,44.17662765726059,7.608144022431319,7.7854793298862495,T1936,G4
W0015F0001T0006Z000C1N59.png,4,40.828914449223866,25.40622962613454,7.608144022431319,7.7854793298862495,T1936,G4
W0015F0001T0006Z000C1N64.png,1,36.26556312954659,37.18318071653613,11.036208779030249,7.782564933480746,T1936,G4
W0015F0001T0006Z000C1N64.png,2,8.915371048621493,22.485997235498395,11.036208779030249,7.782564933480746,T1936,G4
W0015F0001T0006Z000C1N64.png,3,19.86075198581094,27.773972238908406,11.036208779030249,7.782564933480746,T1936,G4
W0015F0001T0006Z000C1N64.png,4,32.99765326570461,35.07817450707692,11.036208779030249,7.782564933480746,T1936,G4
W0015F0001T0006Z000C1N64.png,5,29.600473617917814,30.799347804549786,11.036208779030249,7.782564933480746,T1936,G4
W0015F0001T0006Z000C1N64.png,6,23.642784084481764,30.134823145021073,11.036208779030249,7.782564933480746,T1936,G4
W0015F0001T0006Z000C1N64.png,7,33.23858014195932,35.45540346789925,11.036208779030249,7.782564933480746,T1936,G4
W0015F0001T0006Z000C1N64.png,8,10.307764064044152,24.402456868290543,11.036208779030249,7.782564933480746,T1936,G4
W0015F0001T0006Z000C1N64.png,9,2.1834784461954277,34.064664072543216,11.036208779030249,7.782564933480746,T1936,G4
W0015F0001T0006Z000C1N64.png,10,31.244400163616984,32.52229163633299,11.036208779030249,7.782564933480746,T1936,G4
W0015F0001T0006Z000C1N64.png,11,22.382005405936653,23.402423949900054,11.036208779030249,7.782564933480746,T1936,G4
W0015F0001T0006Z000C1N64.png,12,12.945405891299218,13.343309317061772,11.036208779030249,7.782564933480746,T1936,G4
W0015F0001T0006Z000C1N64.png,13,16.62077013859466,19.940126266013277,11.036208779030249,7.782564933480746,T1936,G4
W0015F0001T0006Z000C1N64.png,14,19.34941788498228,17.841863799438805,11.036208779030249,7.782564933480746,T1936,G4
W0015F0001T0006Z000C1N64.png,15,25.826560623810188,24.68289011578982,11.036208779030249,7.782564933480746,T1936,G4
W0015F0001T0006Z000C1N64.png,16,31.365351357677035,30.82077652354926,11.036208779030249,7.782564933480746,T1936,G4
W0015F0001T0006Z000C1N64.png,17,18.741664813991314,38.163897419901495,11.036208779030249,7.782564933480746,T1936,G4
W0015F0001T0006Z000C1N64.png,18,25.839182092713536,22.976751218368815,11.036208779030249,7.782564933480746,T1936,G4
W0015F0001T0006Z000C1N64.png,19,36.59961455579316,34.90652976000209,11.036208779030249,7.782564933480746,T1936,G4
W0015F0001T0006Z000C1N64.png,20,42.74544866194526,41.53569825195871,11.036208779030249,7.782564933480746,T1936,G4
W0015F0001T0006Z000C1N64.png,21,45.75307251299834,43.42917165387994,11.036208779030249,7.782564933480746,T1936,G4
W0015F0001T0006Z000C1N66.png,1,46.435087065070384,42.99678029125442,15.248255172516743,15.169427760912866,T1936,G4
W0015F0001T0006Z000C1N66.png,2,14.566273516654825,10.058112087689004,15.248255172516743,15.169427760912866,T1936,G4
W0015F0001T0006Z000C1N66.png,3,32.3501846122158,6.479614663549142,15.248255172516743,15.169427760912866,T1936,G4
W0015F0001T0006Z000C1N66.png,4,7.45438221881791,7.732884359883605,15.248255172516743,15.169427760912866,T1936,G4
W0015F0001T0006Z000C1N70.png,1,31.00078876516301,24.203555294396075,9.782964569921383,9.150616537979696,T1936,G4
W0015F0001T0006Z000C1N70.png,2,14.728106501397924,14.618210864838701,9.782964569921383,9.150616537979696,T1936,G4
W0015F0001T0006Z000C1N70.png,3,8.66632018867543,4.6097722286464435,9.782964569921383,9.150616537979696,T1936,G4
W0015F0001T0006Z000C1N70.png,4,25.034047327052665,25.0957350758763,9.782964569921383,9.150616537979696,T1936,G4
W0015F0001T0006Z000C1N70.png,5,29.686515836436524,29.75908187533556,9.782964569921383,9.150616537979696,T1936,G4
W0015F0001T0006Z000C1N70.png,6,40.59144224010798,30.5319004394493,9.782964569921383,9.150616537979696,T1936,G4
W0015F0001T0006Z000C1N70.png,7,28.277138377836646,28.006735261092174,9.782964569921383,9.150616537979696,T1936,G4
W0015F0001T0006Z000C1N70.png,8,35.15499009378069,34.619846725513334,9.782964569921383,9.150616537979696,T1936,G4
W0015F0001T0006Z000C1N75.png,1,22.819137571033803,30.612079366193505,5.938071907022128,16.151938482961107,T1936,G4
W0015F0001T0006Z000C1N75.png,2,13.053945735282712,12.949710213007751,5.938071907022128,16.151938482961107,T1936,G4
W0015F0001T0006Z000C1N75.png,3,22.790160982748755,57.67561911075708,5.938071907022128,16.151938482961107,T1936,G4
W0015F0001T0006Z000C1N75.png,4,9.617692030835672,18.040078836979742,5.938071907022128,16.151938482961107,T1936,G4
W0015F0001T0006Z000C1N75.png,5,13.200378782444085,12.960289320720879,5.938071907022128,16.151938482961107,T1936,G4
W0015F0001T0006Z000C1N75.png,6,5.70087712549569,5.559802781493184,5.938071907022128,16.151938482961107,T1936,G4
W0015F0001T0006Z000C1N75.png,7,16.650825805346713,16.549300761272306,5.938071907022128,16.151938482961107,T1936,G4
W0015F0001T0006Z000C1N76.png,1,28.785579239891188,29.18582723993499,15.354435636721565,15.736546927110071,T1936,G4
W0015F0001T0006Z000C1N76.png,2,18.931198428267564,19.698951565625084,15.354435636721565,15.736546927110071,T1936,G4
W0015F0001T0006Z000C1N76.png,3,27.816597220867692,28.639055519346,15.354435636721565,15.736546927110071,T1936,G4
W0015F0001T0006Z000C1N76.png,4,58.904449959400985,10.154154683217275,15.354435636721565,15.736546927110071,T1936,G4
W0015F0001T0006Z000C1N76.png,5,32.84539835318675,28.6574597618142,15.354435636721565,15.736546927110071,T1936,G4
W0015F0001T0006Z000C1N76.png,6,12.927551502540096,12.584145859903236,15.354435636721565,15.736546927110071,T1936,G4
W0015F0001T0006Z000C1N76.png,7,5.782751533812169,5.2970628815852026,15.354435636721565,15.736546927110071,T1936,G4
W0015F0001T0006Z000C1N76.png,8,16.862530028444958,16.416018749871164,15.354435636721565,15.736546927110071,T1936,G4
W0015F0001T0006Z000C1N76.png,9,1.880537929023062,10.5,15.354435636721565,15.736546927110071,T1936,G4
W0015F0001T0006Z000C1N76.png,10,18.366856413431606,62.757469674931926,15.354435636721565,15.736546927110071,T1936,G4
W0015F0001T0006Z000C1N79.png,1,35.10147059178034,33.71697181844802,22.629882078536774,11.127468265444522,T1936,G4
W0015F0001T0006Z000C1N79.png,2,40.6369426890251,41.22349737845044,22.629882078536774,11.127468265444522,T1936,G4
W0015F0001T0006Z000C1N79.png,3,10.561080425462468,10.307764064044152,22.629882078536774,11.127468265444522,T1936,G4
W0015F0001T0006Z000C1N79.png,4,80.59569203754299,38.971682553552405,22.629882078536774,11.127468265444522,T1936,G4
W0015F0001T0006Z000C1N79.png,5,35.26409182027978,35.456208250712606,22.629882078536774,11.127468265444522,T1936,G4
W0015F0001T0006Z000C1N82.png,1,57.147450893431056,56.672000386476256,18.416190099220774,17.271919538616753,T1936,G4
W0015F0001T0006Z000C1N82.png,2,7.464188520159173,7.630559799476292,18.416190099220774,17.271919538616753,T1936,G4
W0015F0001T0006Z000C1N82.png,3,41.28425909958501,31.043546735340307,18.416190099220774,17.271919538616753,T1936,G4
W0015F0001T0006Z000C1N82.png,4,12.10724483639595,12.954451355436628,18.416190099220774,17.271919538616753,T1936,G4
W0015F0001T0006Z000C1N82.png,5,10.794640736842341,10.788174026086077,18.416190099220774,17.271919538616753,T1936,G4
W0015F0001T0006Z000C1N82.png,6,34.50016784549209,35.22800953995658,18.416190099220774,17.271919538616753,T1936,G4
W0015F0001T0006Z000C1N84.png,1,38.97560175934752,37.26049555364612,12.20629273534951,12.624068099900843,T1936,G4
W0015F0001T0006Z000C1N84.png,2,28.519616829236902,27.946025968790554,12.20629273534951,12.624068099900843,T1936,G4
W0015F0001T0006Z000C1N84.png,3,13.414933416853398,8.455243716845054,12.20629273534951,12.624068099900843,T1936,G4
W0015F0001T0006Z000C1N84.png,4,35.87400313325663,36.290624542723336,12.20629273534951,12.624068099900843,T1936,G4
W0015F0001T0006Z000C1N84.png,5,9.405575612779359,9.356674836669269,12.20629273534951,12.624068099900843,T1936,G4
W0015F0001T0006Z000C1N84.png,6,10.102729406903377,10.102729406903377,12.20629273534951,12.624068099900843,T1936,G4
W0015F0001T0006Z000C1N89.png,1,35.873793857696235,30.81253113263782,19.75690915230392,19.762139276277736,T1936,G4
W0015F0001T0006Z000C1N89.png,2,45.515125705504154,45.5187177736068,19.75690915230392,19.762139276277736,T1936,G4
W0015F0001T0006Z000C1N89.png,3,12.358330885872759,12.214930892831406,19.75690915230392,19.762139276277736,T1936,G4
W0015F0001T0006Z000C1N89.png,4,64.8973413355881,64.92518751734515,19.75690915230392,19.762139276277736,T1936,G4
W0015F0001T0006Z000C1N89.png,5,18.947687595201195,18.317927974003247,19.75690915230392,19.762139276277736,T1936,G4
W0015F0001T0006Z000C1N89.png,6,9.414377552511684,9.277941612449673,19.75690915230392,19.762139276277736,T1936,G4
W0015F0001T0006Z000C1N90.png,1,10.517463469460449,49.58735621410086,12.945026708778407,15.396802386083406,T1936,G4
W0015F0001T0006Z000C1N90.png,2,7.042984632492825,58.600249399106325,12.945026708778407,15.396802386083406,T1936,G4
W0015F0001T0006Z000C1N90.png,3,11.340670824290923,11.358920988289492,12.945026708778407,15.396802386083406,T1936,G4
W0015F0001T0006Z000C1N90.png,4,22.310014844627002,32.497227765758375,12.945026708778407,15.396802386083406,T1936,G4
W0015F0001T0006Z000C1N90.png,5,38.72098497137386,27.91047506031383,12.945026708778407,15.396802386083406,T1936,G4
W0015F0001T0006Z000C1N90.png,6,42.994956839885,39.342876193754385,12.945026708778407,15.396802386083406,T1936,G4
W0015F0001T0006Z000C1N90.png,7,37.21045235839115,17.620231575510942,12.945026708778407,15.396802386083406,T1936,G4
W0015F0001T0006Z000C1N90.png,8,47.07094218147485,58.109680133018145,12.945026708778407,15.396802386083406,T1936,G4
W0015F0001T0006Z000C1N90.png,9,28.36745179895472,17.527513264184496,12.945026708778407,15.396802386083406,T1936,G4
W0015F0001T0006Z000C1N90.png,10,44.317185391921015,44.648790168700195,12.945026708778407,15.396802386083406,T1936,G4
W0015F0001T0006Z000C1N90.png,11,24.762868379958185,44.91938421134745,12.945026708778407,15.396802386083406,T1936,G4
W0015F0001T0006Z000C1N90.png,12,35.096732518001225,47.32762438119183,12.945026708778407,15.396802386083406,T1936,G4
W0015F0001T0006Z000C1N90.png,13,34.23713296715602,54.402917473825,12.945026708778407,15.396802386083406,T1936,G4
W0015F0001T0006Z000C1N92.png,1,15.151177619589133,15.102651393474135,15.393728346217152,5.929539519761415,T1936,G4
W0015F0001T0006Z000C1N92.png,2,35.03887758087469,26.67286924212788,15.393728346217152,5.929539519761415,T1936,G4
W0015F0001T0006Z000C1N92.png,3,54.45410911951457,17.351674207764237,15.393728346217152,5.929539519761415,T1936,G4
W0015F0001T0006Z000C1N92.png,4,29.408762083972007,10.062305898749054,15.393728346217152,5.929539519761415,T1936,G4
W0015F0001T0006Z000C1N92.png,5,43.6712671086931,19.35933053396574,15.393728346217152,5.929539519761415,T1936,G4
W0015F0001T0006Z000C1N92.png,6,61.10401809659384,26.36928783421318,15.393728346217152,5.929539519761415,T1936,G4
W0015F0001T0006Z000C1N93.png,1,58.67026194531058,58.46575268334472,16.076824189018687,13.858656741676668,T1936,G4
W0015F0001T0006Z000C1N93.png,2,36.15517276988967,21.313437325809105,16.076824189018687,13.858656741676668,T1936,G4
W0015F0001T0006Z000C1N93.png,3,30.092582381073065,17.404061742433775,16.076824189018687,13.858656741676668,T1936,G4
W0015F0001T0006Z000C1N93.png,4,18.46641673440051,22.215270167583387,16.076824189018687,13.858656741676668,T1936,G4
W0015F0001T0006Z000C1N93.png,5,45.559438761101575,30.40278028584286,16.076824189018687,13.858656741676668,T1936,G4
W0015F0001T0006Z000C1N93.png,6,18.226945959981023,18.2553550560993,16.076824189018687,13.858656741676668,T1936,G4
W0015F0001T0006Z000C1N93.png,7,36.28000229402544,36.56236482791928,16.076824189018687,13.858656741676668,T1936,G4
W0015F0001T0006Z000C1N93.png,8,9.35326815220248,9.403630989407612,16.076824189018687,13.858656741676668,T1936,G4
W0015F0001T0006Z000C1N93.png,9,55.49110120382738,16.013154902152085,16.076824189018687,13.858656741676668,T1936,G4
W0015F0001T0006Z000C1N94.png,1,64.28645721126067,52.1164237056463,17.622126292870725,16.915236063283146,T1936,G4
W0015F0001T0006Z000C1N94.png,2,72.621333376598,56.1633332344155,17.622126292870725,16.915236063283146,T1936,G4
W0015F0001T0006Z000C1N94.png,3,41.18182067285044,27.560329006920142,17.622126292870725,16.915236063283146,T1936,G4
W0015F0001T0006Z000C1N94.png,4,26.174106052555004,27.35106326826224,17.622126292870725,16.915236063283146,T1936,G4
W0015F0001T0006Z000C1N94.png,5,27.132481135118017,9.160104674436367,17.622126292870725,16.915236063283146,T1936,G4
W0015F0001T0006Z000C1N94.png,6,25.545695293557113,13.543188495802355,17.622126292870725,16.915236063283146,T1936,G4
W0015F0001T0006Z000C1N94.png,7,43.644756780164805,19.30336661857093,17.622126292870725,16.915236063283146,T1936,G4
W0015F0002T0006Z000C1N103.png,1,49.8911534165379,49.18312084022491,10.223762301254048,10.056570708931599,T1936,G4
W0015F0002T0006Z000C1N103.png,2,49.45267178863457,48.917306060556946,10.223762301254048,10.056570708931599,T1936,G4
W0015F0002T0006Z000C1N103.png,3,37.128702208061156,36.33926480856164,10.223762301254048,10.056570708931599,T1936,G4
W0015F0002T0006Z000C1N103.png,4,39.357902387807535,38.56097123848336,10.223762301254048,10.056570708931599,T1936,G4
W0015F0002T0006Z000C1N103.png,5,39.495528478914935,39.53233414302513,10.223762301254048,10.056570708931599,T1936,G4
W0015F0002T0006Z000C1N103.png,6,31.99094433112516,31.539114629392554,10.223762301254048,10.056570708931599,T1936,G4
W0015F0002T0006Z000C1N103.png,7,39.46721945775654,39.16513987714315,10.223762301254048,10.056570708931599,T1936,G4
W0015F0002T0006Z000C1N103.png,8,33.37210512814398,34.16758746912029,10.223762301254048,10.056570708931599,T1936,G4
W0015F0002T0006Z000C1N103.png,9,15.96310131530766,16.326788054149915,10.223762301254048,10.056570708931599,T1936,G4
W0015F0002T0006Z000C1N103.png,10,53.206708036279,53.470845872742075,10.223762301254048,10.056570708931599,T1936,G4
W0015F0002T0006Z000C1N104.png,1,35.181648765602056,14.979424436279686,0.0,0.0,T1936,G4
W0015F0002T0006Z000C1N108.png,1,60.663819381731535,61.038238657847316,16.243705522577088,16.2989228438219,T1936,G4
W0015F0002T0006Z000C1N108.png,2,70.25705921784441,69.79542920222978,16.243705522577088,16.2989228438219,T1936,G4
W0015F0002T0006Z000C1N108.png,3,54.74584156344116,53.95416891404091,16.243705522577088,16.2989228438219,T1936,G4
W0015F0002T0006Z000C1N108.png,4,20.406619232844932,20.524806754926963,16.243705522577088,16.2989228438219,T1936,G4
W0015F0002T0006Z000C1N108.png,5,52.40967113003681,52.146088468005985,16.243705522577088,16.2989228438219,T1936,G4
W0015F0002T0006Z000C1N108.png,6,54.66033135511478,54.76749443654471,16.243705522577088,16.2989228438219,T1936,G4
W0015F0002T0006Z000C1N108.png,7,76.27057423871955,76.74484177037596,16.243705522577088,16.2989228438219,T1936,G4
W0015F0002T0006Z000C1N108.png,8,70.47301542533634,70.74084684930772,16.243705522577088,16.2989228438219,T1936,G4
W0015F0002T0006Z000C1N113.png,1,14.792318414602056,13.727424107548435,11.505076158908802,11.709875370603571,T1936,G4
W0015F0002T0006Z000C1N113.png,2,12.500551267960853,11.840276549149118,11.505076158908802,11.709875370603571,T1936,G4
W0015F0002T0006Z000C1N113.png,3,16.364147888687032,8.2177171229079,11.505076158908802,11.709875370603571,T1936,G4
W0015F0002T0006Z000C1N113.png,4,47.74940175051052,44.95261508862176,11.505076158908802,11.709875370603571,T1936,G4
W0015F0002T0006Z000C1N113.png,5,36.838891124582695,31.614673860500044,11.505076158908802,11.709875370603571,T1936,G4
W0015F0002T0006Z000C1N113.png,6,17.44148163286885,18.429040884052956,11.505076158908802,11.709875370603571,T1936,G4
W0015F0002T0006Z000C1N113.png,7,34.72098922603183,33.771934745197356,11.505076158908802,11.709875370603571,T1936,G4
W0015F0002T0006Z000C1N113.png,8,28.420841001936147,29.457214115733702,11.505076158908802,11.709875370603571,T1936,G4
W0015F0002T0006Z000C1N113.png,9,29.773949321774346,28.90704776746944,11.505076158908802,11.709875370603571,T1936,G4
W0015F0002T0006Z000C1N113.png,10,17.739090106553355,17.31998067123495,11.505076158908802,11.709875370603571,T1936,G4
W0015F0002T0006Z000C1N113.png,11,12.286938069792576,12.892876183181842,11.505076158908802,11.709875370603571,T1936,G4
W0015F0002T0006Z000C1N113.png,12,34.16475463110562,34.82249355495378,11.505076158908802,11.709875370603571,T1936,G4
W0015F0002T0006Z000C1N113.png,13,41.49962864240524,42.388989037632,11.505076158908802,11.709875370603571,T1936,G4
W0015F0002T0006Z000C1N15.png,1,48.30976728831747,48.737056148897075,18.53956509684489,8.752697660454878,T1936,G4
W0015F0002T0006Z000C1N15.png,2,24.553119123976106,25.33687615914177,18.53956509684489,8.752697660454878,T1936,G4
W0015F0002T0006Z000C1N15.png,3,20.792583584491258,21.21430461957493,18.53956509684489,8.752697660454878,T1936,G4
W0015F0002T0006Z000C1N15.png,4,30.335867639666894,29.89615449895608,18.53956509684489,8.752697660454878,T1936,G4
W0015F0002T0006Z000C1N15.png,5,26.813702988593764,27.055183520525862,18.53956509684489,8.752697660454878,T1936,G4
W0015F0002T0006Z000C1N15.png,6,74.01254711420815,28.911060221343156,18.53956509684489,8.752697660454878,T1936,G4
W0015F0002T0006Z000C1N16.png,1,12.851498956249372,12.535539289253936,9.260656933875866,3.269179074500656,T1936,G4
W0015F0002T0006Z000C1N16.png,2,24.232508007890058,5.12694517997955,9.260656933875866,3.269179074500656,T1936,G4
W0015F0002T0006Z000C1N16.png,3,11.88577218260682,10.47865139236968,9.260656933875866,3.269179074500656,T1936,G4
W0015F0002T0006Z000C1N16.png,4,26.648280332227756,10.09189642519136,9.260656933875866,3.269179074500656,T1936,G4
W0015F0002T0006Z000C1N16.png,5,14.954831646149831,15.35112118777834,9.260656933875866,3.269179074500656,T1936,G4
W0015F0002T0006Z000C1N16.png,6,6.223417099152728,6.084466389558453,9.260656933875866,3.269179074500656,T1936,G4
W0015F0002T0006Z000C1N16.png,7,34.70801873297422,9.218634074642436,9.260656933875866,3.269179074500656,T1936,G4
W0015F0002T0006Z000C1N18.png,1,18.792326971323636,19.354595286685115,22.908115100368786,12.409499966934977,T1936,G4
W0015F0002T0006Z000C1N18.png,2,15.538243133788491,14.176082469748767,22.908115100368786,12.409499966934977,T1936,G4
W0015F0002T0006Z000C1N18.png,3,84.53767122354846,2.207952944316054,22.908115100368786,12.409499966934977,T1936,G4
W0015F0002T0006Z000C1N18.png,4,24.516671298318204,23.327720417973396,22.908115100368786,12.409499966934977,T1936,G4
W0015F0002T0006Z000C1N18.png,5,41.32314206214139,6.3111561707571155,22.908115100368786,12.409499966934977,T1936,G4
W0015F0002T0006Z000C1N18.png,6,45.38493480742444,4.935353076442809,22.908115100368786,12.409499966934977,T1936,G4
W0015F0002T0006Z000C1N18.png,7,43.09274906958098,42.47377736249059,22.908115100368786,12.409499966934977,T1936,G4
W0015F0002T0006Z000C1N18.png,8,7.078478807075877,8.08407773173664,22.908115100368786,12.409499966934977,T1936,G4
W0015F0002T0006Z000C1N23.png,1,6.555422964762332,6.485377052874639,12.798630830805065,10.599096810912028,T1936,G4
W0015F0002T0006Z000C1N23.png,2,7.905865990715781,7.581228561371275,12.798630830805065,10.599096810912028,T1936,G4
W0015F0002T0006Z000C1N23.png,3,40.952348529534106,40.47819687874202,12.798630830805065,10.599096810912028,T1936,G4
W0015F0002T0006Z000C1N23.png,4,31.546833996800984,31.4097386693839,12.798630830805065,10.599096810912028,T1936,G4
W0015F0002T0006Z000C1N23.png,5,16.991165667090716,17.014962355130095,12.798630830805065,10.599096810912028,T1936,G4
W0015F0002T0006Z000C1N23.png,6,18.72124153064362,20.251821750657342,12.798630830805065,10.599096810912028,T1936,G4
W0015F0002T0006Z000C1N23.png,7,22.745989320732786,22.2111097972061,12.798630830805065,10.599096810912028,T1936,G4
W0015F0002T0006Z000C1N23.png,8,35.44750015044661,26.27620909436867,12.798630830805065,10.599096810912028,T1936,G4
W0015F0002T0006Z000C1N23.png,9,43.07824557197901,11.4831712752637,12.798630830805065,10.599096810912028,T1936,G4
W0015F0002T0006Z000C1N26.png,1,17.97055933564386,17.98439466187613,8.88954467022047,10.388548992657608,T1936,G4
W0015F0002T0006Z000C1N26.png,2,47.898617640774546,48.402383044032646,8.88954467022047,10.388548992657608,T1936,G4
W0015F0002T0006Z000C1N26.png,3,32.20031244490756,32.06778921795277,8.88954467022047,10.388548992657608,T1936,G4
W0015F0002T0006Z000C1N26.png,4,24.06075889145823,23.54720460503519,8.88954467022047,10.388548992657608,T1936,G4
W0015F0002T0006Z000C1N26.png,5,31.961833175339365,32.06932107787876,8.88954467022047,10.388548992657608,T1936,G4
W0015F0002T0006Z000C1N26.png,6,22.569028581321067,22.500195075859626,8.88954467022047,10.388548992657608,T1936,G4
W0015F0002T0006Z000C1N26.png,7,44.44965641661988,44.533695108310965,8.88954467022047,10.388548992657608,T1936,G4
W0015F0002T0006Z000C1N26.png,8,22.19806258785799,21.968896538195985,8.88954467022047,10.388548992657608,T1936,G4
W0015F0002T0006Z000C1N26.png,9,34.14815681755491,34.05763400835255,8.88954467022047,10.388548992657608,T1936,G4
W0015F0002T0006Z000C1N26.png,10,19.52428811257812,19.602524131386343,8.88954467022047,10.388548992657608,T1936,G4
W0015F0002T0006Z000C1N26.png,11,37.15823976438839,37.12135360816746,8.88954467022047,10.388548992657608,T1936,G4
W0015F0002T0006Z000C1N26.png,12,32.03355600984992,32.03921948499718,8.88954467022047,10.388548992657608,T1936,G4
W0015F0002T0006Z000C1N26.png,13,19.752150085658783,19.25061728553696,8.88954467022047,10.388548992657608,T1936,G4
W0015F0002T0006Z000C1N26.png,14,36.047406664627125,23.077774939216404,8.88954467022047,10.388548992657608,T1936,G4
W0015F0002T0006Z000C1N26.png,15,35.48868694512556,14.013951584127428,8.88954467022047,10.388548992657608,T1936,G4
W0015F0002T0006Z000C1N26.png,16,42.82019107506076,10.813258217946238,8.88954467022047,10.388548992657608,T1936,G4
W0015F0002T0006Z000C1N26.png,17,27.041923638434625,14.840929373906475,8.88954467022047,10.388548992657608,T1936,G4
W0015F0002T0006Z000C1N28.png,1,33.43592673562118,32.921922423377076,25.930193591126585,25.825088506100652,T1936,G4
W0015F0002T0006Z000C1N28.png,2,59.92419000015424,59.2196299883029,25.930193591126585,25.825088506100652,T1936,G4
W0015F0002T0006Z000C1N28.png,3,8.156597342454758,8.264790603214015,25.930193591126585,25.825088506100652,T1936,G4
W0015F0002T0006Z000C1N28.png,4,35.96075389888211,36.70836556649178,25.930193591126585,25.825088506100652,T1936,G4
W0015F0002T0006Z000C1N28.png,5,84.59775293898912,84.62942677728725,25.930193591126585,25.825088506100652,T1936,G4
W0015F0002T0006Z000C1N33.png,1,47.295989928093405,47.66436348951468,10.548831374067007,11.526841349813784,T1936,G4
W0015F0002T0006Z000C1N33.png,2,36.113238719652195,36.487651645651304,10.548831374067007,11.526841349813784,T1936,G4
W0015F0002T0006Z000C1N33.png,3,21.494146708880805,20.639552393362013,10.548831374067007,11.526841349813784,T1936,G4
W0015F0002T0006Z000C1N33.png,4,20.590962582037534,16.895079240123554,10.548831374067007,11.526841349813784,T1936,G4
W0015F0002T0006Z000C1N33.png,5,22.253985154121214,22.392397796484296,10.548831374067007,11.526841349813784,T1936,G4
W0015F0002T0006Z000C1N38.png,1,37.184081676065716,36.33556236985574,17.917056451295938,17.438260929822135,T1936,G4
W0015F0002T0006Z000C1N38.png,2,72.32581761309123,71.21435162570529,17.917056451295938,17.438260929822135,T1936,G4
W0015F0002T0006Z000C1N38.png,3,48.8355264221469,48.14547734743289,17.917056451295938,17.438260929822135,T1936,G4
W0015F0002T0006Z000C1N38.png,4,27.00773530772068,26.158526150489724,17.917056451295938,17.438260929822135,T1936,G4
W0015F0002T0006Z000C1N38.png,5,56.40749230125134,55.151911736294885,17.917056451295938,17.438260929822135,T1936,G4
W0015F0002T0006Z000C1N38.png,6,20.124504516863983,19.71921884134182,17.917056451295938,17.438260929822135,T1936,G4
W0015F0002T0006Z000C1N38.png,7,38.98784340981981,39.70575291451571,17.917056451295938,17.438260929822135,T1936,G4
W0015F0002T0006Z000C1N38.png,8,52.01473283752835,50.99466508521894,17.917056451295938,17.438260929822135,T1936,G4
W0015F0002T0006Z000C1N38.png,9,52.854924902224134,52.634478604092784,17.917056451295938,17.438260929822135,T1936,G4
W0015F0002T0006Z000C1N38.png,10,33.394257287040936,33.913845903779595,17.917056451295938,17.438260929822135,T1936,G4
W0015F0002T0006Z000C1N38.png,11,37.458625735273685,36.98900948624045,17.917056451295938,17.438260929822135,T1936,G4
W0015F0002T0006Z000C1N38.png,12,5.947807978834427,6.38538850889671,17.917056451295938,17.438260929822135,T1936,G4
W0015F0002T0006Z000C1N38.png,13,11.481874491574874,12.19987089456705,17.917056451295938,17.438260929822135,T1936,G4
W0015F0002T0006Z000C1N38.png,14,21.638365430571334,22.52816897715284,17.917056451295938,17.438260929822135,T1936,G4
W0015F0002T0006Z000C1N41.png,1,12.587319960918554,12.488080663531008,12.151267930336374,11.007958148395824,T1936,G4
W0015F0002T0006Z000C1N41.png,2,20.61665508385569,21.109799325560115,12.151267930336374,11.007958148395824,T1936,G4
W0015F0002T0006Z000C1N41.png,3,8.840893329287367,1.4291752682638705,12.151267930336374,11.007958148395824,T1936,G4
W0015F0002T0006Z000C1N41.png,4,20.02758941972517,21.914438564218017,12.151267930336374,11.007958148395824,T1936,G4
W0015F0002T0006Z000C1N41.png,5,42.658111633795016,42.21533326492945,12.151267930336374,11.007958148395824,T1936,G4
W0015F0002T0006Z000C1N41.png,6,39.45086332212187,22.133063594372,12.151267930336374,11.007958148395824,T1936,G4
W0015F0002T0006Z000C1N41.png,7,40.797900599121355,40.80014052066459,12.151267930336374,11.007958148395824,T1936,G4
W0015F0002T0006Z000C1N41.png,8,27.58849272763464,11.129441672608783,12.151267930336374,11.007958148395824,T1936,G4
W0015F0002T0006Z000C1N41.png,9,41.543618864520845,20.605579534565212,12.151267930336374,11.007958148395824,T1936,G4
W0015F0002T0006Z000C1N41.png,10,27.96475838567536,16.37337301391282,12.151267930336374,11.007958148395824,T1936,G4
W0015F0002T0006Z000C1N41.png,11,34.75315392648565,18.2291973128488,12.151267930336374,11.007958148395824,T1936,G4
W0015F0002T0006Z000C1N41.png,12,10.198928356008457,15.209943576180258,12.151267930336374,11.007958148395824,T1936,G4
W0015F0002T0006Z000C1N42.png,1,35.20561281664624,24.34679552602135,15.672106566948182,11.903988867251531,T1936,G4
W0015F0002T0006Z000C1N42.png,2,57.69865327192937,47.597160167372586,15.672106566948182,11.903988867251531,T1936,G4
W0015F0002T0006Z000C1N42.png,3,30.099593113939157,17.938092967167645,15.672106566948182,11.903988867251531,T1936,G4
W0015F0002T0006Z000C1N42.png,4,59.230313930071,50.38053115771563,15.672106566948182,11.903988867251531,T1936,G4
W0015F0002T0006Z000C1N42.png,5,44.7911541986667,37.920204995390314,15.672106566948182,11.903988867251531,T1936,G4
W0015F0002T0006Z000C1N42.png,6,28.06507869262735,22.498444083477093,15.672106566948182,11.903988867251531,T1936,G4
W0015F0002T0006Z000C1N42.png,7,4.036546552187219,9.339194689586979,15.672106566948182,11.903988867251531,T1936,G4
W0015F0002T0006Z000C1N42.png,8,19.373851132878436,24.994421985844465,15.672106566948182,11.903988867251531,T1936,G4
W0015F0002T0006Z000C1N42.png,9,32.72327126330158,31.94574951282114,15.672106566948182,11.903988867251531,T1936,G4
W0015F0002T0006Z000C1N42.png,10,24.20743687382041,24.56735368024651,15.672106566948182,11.903988867251531,T1936,G4
W0015F0002T0006Z000C1N42.png,11,47.70658401785795,7.889726020222975,15.672106566948182,11.903988867251531,T1936,G4
W0015F0002T0006Z000C1N42.png,12,19.32338839829673,18.650956704951795,15.672106566948182,11.903988867251531,T1936,G4
W0015F0002T0006Z000C1N42.png,13,43.65158116143346,8.681431541763072,15.672106566948182,11.903988867251531,T1936,G4
W0015F0002T0006Z000C1N42.png,14,40.74221935835073,15.495525917270719,15.672106566948182,11.903988867251531,T1936,G4
W0015F0002T0006Z000C1N42.png,15,15.120172436598455,15.120172436598455,15.672106566948182,11.903988867251531,T1936,G4
W0015F0002T0006Z000C1N42.png,16,47.951055892872525,9.900839560322991,15.672106566948182,11.903988867251531,T1936,G4
W0015F0002T0006Z000C1N42.png,17,62.91401227214545,15.054367471835324,15.672106566948182,11.903988867251531,T1936,G4
W0015F0002T0006Z000C1N42.png,18,56.17934009098704,9.579346196055523,15.672106566948182,11.903988867251531,T1936,G4
W0015F0002T0006Z000C1N42.png,19,31.869675055821027,32.540666827509625,15.672106566948182,11.903988867251531,T1936,G4
W0015F0002T0006Z000C1N42.png,20,20.773334562355743,20.773334562355743,15.672106566948182,11.903988867251531,T1936,G4
W0015F0002T0006Z000C1N42.png,21,27.60090742535375,27.60090742535375,15.672106566948182,11.903988867251531,T1936,G4
W0015F0002T0006Z000C1N47.png,1,82.63848434950938,83.8694337402746,20.275504528910826,21.790881337422043,T1936,G4
W0015F0002T0006Z000C1N47.png,2,74.11917411833318,75.33756475212569,20.275504528910826,21.790881337422043,T1936,G4
W0015F0002T0006Z000C1N47.png,3,65.33502857472311,66.59155862520268,20.275504528910826,21.790881337422043,T1936,G4
W0015F0002T0006Z000C1N47.png,4,51.68311434844553,52.95066079268715,20.275504528910826,21.790881337422043,T1936,G4
W0015F0002T0006Z000C1N47.png,5,41.2468200643901,41.56909887786414,20.275504528910826,21.790881337422043,T1936,G4
W0015F0002T0006Z000C1N47.png,6,27.94571780153165,28.043720649218887,20.275504528910826,21.790881337422043,T1936,G4
W0015F0002T0006Z000C1N47.png,7,32.97408305593363,34.506171168400975,20.275504528910826,21.790881337422043,T1936,G4
W0015F0002T0006Z000C1N47.png,8,24.748600764474798,26.549523368449858,20.275504528910826,21.790881337422043,T1936,G4
W0015F0002T0006Z000C1N47.png,9,39.77462932602628,41.51967412831947,20.275504528910826,21.790881337422043,T1936,G4
W0015F0002T0006Z000C1N47.png,10,25.383907217727533,32.365751343657095,20.275504528910826,21.790881337422043,T1936,G4
W0015F0002T0006Z000C1N47.png,11,23.317946916725454,21.609533041145855,20.275504528910826,21.790881337422043,T1936,G4
W0015F0002T0006Z000C1N47.png,12,25.33623301375955,25.500736548319452,20.275504528910826,21.790881337422043,T1936,G4
W0015F0002T0006Z000C1N47.png,13,24.138036659779488,18.58699340213846,20.275504528910826,21.790881337422043,T1936,G4
W0015F0002T0006Z000C1N47.png,14,23.563297598171022,23.430770597272257,20.275504528910826,21.790881337422043,T1936,G4
W0015F0002T0006Z000C1N47.png,15,18.794471723156725,18.951132015368458,20.275504528910826,21.790881337422043,T1936,G4
W0015F0002T0006Z000C1N47.png,16,13.00145080012586,13.18623851389792,20.275504528910826,21.790881337422043,T1936,G4
W0015F0002T0006Z000C1N47.png,17,41.311342750624625,41.657986201344826,20.275504528910826,21.790881337422043,T1936,G4
W0015F0002T0006Z000C1N47.png,18,51.981873532637984,52.61558931680112,20.275504528910826,21.790881337422043,T1936,G4
W0015F0002T0006Z000C1N47.png,19,23.988402174379353,4.338280040603389,20.275504528910826,21.790881337422043,T1936,G4
W0015F0002T0006Z000C1N47.png,20,20.315604094824817,14.876203366847228,20.275504528910826,21.790881337422043,T1936,G4
W0015F0002T0006Z000C1N47.png,21,48.75332059467778,48.9303253770419,20.275504528910826,21.790881337422043,T1936,G4
W0015F0002T0006Z000C1N47.png,22,9.593300182433442,9.332452229246634,20.275504528910826,21.790881337422043,T1936,G4
W0015F0002T0006Z000C1N47.png,23,64.8026784404603,64.97806484531169,20.275504528910826,21.790881337422043,T1936,G4
W0015F0002T0006Z000C1N47.png,24,71.26194263703913,71.71960546034467,20.275504528910826,21.790881337422043,T1936,G4
W0015F0002T0006Z000C1N47.png,25,19.598175238059827,19.246477818916723,20.275504528910826,21.790881337422043,T1936,G4
W0015F0002T0006Z000C1N53.png,1,7.53519014539115,5.8208807805369505,19.732790331628117,20.620651136207954,T1936,G4
W0015F0002T0006Z000C1N53.png,2,29.556884870797926,29.957988248908006,19.732790331628117,20.620651136207954,T1936,G4
W0015F0002T0006Z000C1N53.png,3,59.2833497354385,60.095713633231455,19.732790331628117,20.620651136207954,T1936,G4
W0015F0002T0006Z000C1N53.png,4,15.443729461673316,14.754898543017989,19.732790331628117,20.620651136207954,T1936,G4
W0015F0002T0006Z000C1N54.png,1,6.57388054552202,6.263317527720499,20.848776646886947,19.871551486396605,T1936,G4
W0015F0002T0006Z000C1N54.png,2,13.329384832016814,18.54516367420695,20.848776646886947,19.871551486396605,T1936,G4
W0015F0002T0006Z000C1N54.png,3,23.790017516285296,23.92982264203431,20.848776646886947,19.871551486396605,T1936,G4
W0015F0002T0006Z000C1N54.png,4,18.40000849184586,22.383878611489873,20.848776646886947,19.871551486396605,T1936,G4
W0015F0002T0006Z000C1N54.png,5,3.7107852915329795,3.711949687815348,20.848776646886947,19.871551486396605,T1936,G4
W0015F0002T0006Z000C1N54.png,6,37.28079022434311,18.389011214597335,20.848776646886947,19.871551486396605,T1936,G4
W0015F0002T0006Z000C1N54.png,7,17.957525537986548,18.037122804516354,20.848776646886947,19.871551486396605,T1936,G4
W0015F0002T0006Z000C1N54.png,8,17.1348242124618,18.117670931993437,20.848776646886947,19.871551486396605,T1936,G4
W0015F0002T0006Z000C1N54.png,9,22.696768120090177,22.543694155206683,20.848776646886947,19.871551486396605,T1936,G4
W0015F0002T0006Z000C1N54.png,10,28.84846673259548,29.156703735384472,20.848776646886947,19.871551486396605,T1936,G4
W0015F0002T0006Z000C1N54.png,11,51.15372923099245,51.00419969297149,20.848776646886947,19.871551486396605,T1936,G4
W0015F0002T0006Z000C1N54.png,12,42.84810176450213,40.5979263510806,20.848776646886947,19.871551486396605,T1936,G4
W0015F0002T0006Z000C1N54.png,13,56.5350233133357,50.11319072465545,20.848776646886947,19.871551486396605,T1936,G4
W0015F0002T0006Z000C1N54.png,14,81.57357169493885,81.30637893085337,20.848776646886947,19.871551486396605,T1936,G4
W0015F0002T0006Z000C1N55.png,1,32.86628805455632,29.72438197371779,12.989181624588428,9.579112755108103,T1936,G4
W0015F0002T0006Z000C1N55.png,2,17.82989454215395,15.707320660461379,12.989181624588428,9.579112755108103,T1936,G4
W0015F0002T0006Z000C1N55.png,3,27.49747594266302,22.533147013691604,12.989181624588428,9.579112755108103,T1936,G4
W0015F0002T0006Z000C1N55.png,4,7.234374462736177,6.324555320336759,12.989181624588428,9.579112755108103,T1936,G4
W0015F0002T0006Z000C1N55.png,5,10.793516572461451,18.174816252977244,12.989181624588428,9.579112755108103,T1936,G4
W0015F0002T0006Z000C1N55.png,6,28.193788125913276,27.504545078950134,12.989181624588428,9.579112755108103,T1936,G4
W0015F0002T0006Z000C1N55.png,7,40.30639558435123,35.98731153236087,12.989181624588428,9.579112755108103,T1936,G4
W0015F0002T0006Z000C1N55.png,8,18.908012609639826,20.477867104218245,12.989181624588428,9.579112755108103,T1936,G4
W0015F0002T0006Z000C1N55.png,9,40.1624253165877,28.43093437438664,12.989181624588428,9.579112755108103,T1936,G4
W0015F0002T0006Z000C1N55.png,10,55.179485663186064,43.552041987468,12.989181624588428,9.579112755108103,T1936,G4
W0015F0002T0006Z000C1N55.png,11,27.050460385122275,15.848248839050056,12.989181624588428,9.579112755108103,T1936,G4
W0015F0002T0006Z000C1N55.png,12,47.72227620396122,35.96691738705092,12.989181624588428,9.579112755108103,T1936,G4
W0015F0002T0006Z000C1N55.png,13,26.341737311674176,20.637489203932148,12.989181624588428,9.579112755108103,T1936,G4
W0015F0002T0006Z000C1N55.png,14,33.10810137517412,17.390125251873094,12.989181624588428,9.579112755108103,T1936,G4
W0015F0002T0006Z000C1N57.png,1,23.306712267899144,23.15615392509511,10.067889226296234,11.187141628864936,T1936,G4
W0015F0002T0006Z000C1N57.png,2,43.44249072049161,45.53043718282498,10.067889226296234,11.187141628864936,T1936,G4
W0015F0002T0006Z000C1N58.png,1,41.971665610957004,41.46452968358658,12.477392322719185,12.010410002030602,T1936,G4
W0015F0002T0006Z000C1N58.png,2,16.296171051818582,15.990937101976105,12.477392322719185,12.010410002030602,T1936,G4
W0015F0002T0006Z000C1N58.png,3,28.52159454425631,24.29081564044358,12.477392322719185,12.010410002030602,T1936,G4
W0015F0002T0006Z000C1N58.png,4,42.31912281344749,20.90995414192957,12.477392322719185,12.010410002030602,T1936,G4
W0015F0002T0006Z000C1N58.png,5,41.27350771466423,40.793362314651915,12.477392322719185,12.010410002030602,T1936,G4
W0015F0002T0006Z000C1N58.png,6,32.120334205256015,18.045447318772705,12.477392322719185,12.010410002030602,T1936,G4
W0015F0002T0006Z000C1N58.png,7,8.246211251235321,6.294226239230465,12.477392322719185,12.010410002030602,T1936,G4
W0015F0002T0006Z000C1N6.png,1,37.60123512607403,37.70793372042729,0.0,0.0,T1936,G4
W0015F0002T0006Z000C1N60.png,1,11.476569992006208,9.262318351499053,12.881065539673981,12.942756936143859,T1936,G4
W0015F0002T0006Z000C1N60.png,2,34.434598060089826,39.10855862525029,12.881065539673981,12.942756936143859,T1936,G4
W0015F0002T0006Z000C1N60.png,3,13.080365169020585,12.770005056863823,12.881065539673981,12.942756936143859,T1936,G4
W0015F0002T0006Z000C1N60.png,4,39.31530713240053,23.08679276123039,12.881065539673981,12.942756936143859,T1936,G4
W0015F0002T0006Z000C1N60.png,5,21.03687334633797,8.634958019585271,12.881065539673981,12.942756936143859,T1936,G4
W0015F0002T0006Z000C1N60.png,6,43.14054661867315,20.68983171418632,12.881065539673981,12.942756936143859,T1936,G4
W0015F0002T0006Z000C1N60.png,7,47.41048115722036,33.41126307100646,12.881065539673981,12.942756936143859,T1936,G4
W0015F0002T0006Z000C1N60.png,8,24.20958409559818,8.498843072548128,12.881065539673981,12.942756936143859,T1936,G4
W0015F0002T0006Z000C1N60.png,9,43.179291514455855,43.76320918307661,12.881065539673981,12.942756936143859,T1936,G4
W0015F0002T0006Z000C1N65.png,1,26.303393087445944,2.1078818860956545,17.44182483899382,20.75899199650362,T1936,G4
W0015F0002T0006Z000C1N65.png,2,13.406542799353737,14.11256840483866,17.44182483899382,20.75899199650362,T1936,G4
W0015F0002T0006Z000C1N65.png,3,53.82723123231108,48.43487127875246,17.44182483899382,20.75899199650362,T1936,G4
W0015F0002T0006Z000C1N65.png,4,32.87174330655886,32.766401239039496,17.44182483899382,20.75899199650362,T1936,G4
W0015F0002T0006Z000C1N65.png,5,44.53872564397553,44.46646702822919,17.44182483899382,20.75899199650362,T1936,G4
W0015F0002T0006Z000C1N65.png,6,75.7725915459807,75.71483005631615,17.44182483899382,20.75899199650362,T1936,G4
W0015F0002T0006Z000C1N65.png,7,38.91359725737535,35.751160645891545,17.44182483899382,20.75899199650362,T1936,G4
W0015F0002T0006Z000C1N65.png,8,40.785358746765674,33.59241419533401,17.44182483899382,20.75899199650362,T1936,G4
W0015F0002T0006Z000C1N72.png,1,56.79855549245997,57.55835031036145,17.90258420183261,18.253437968118487,T1936,G4
W0015F0002T0006Z000C1N72.png,2,20.80947321165661,20.043105517462376,17.90258420183261,18.253437968118487,T1936,G4
W0015F0002T0006Z000C1N72.png,3,60.5031113933145,17.7341478509682,17.90258420183261,18.253437968118487,T1936,G4
W0015F0002T0006Z000C1N78.png,1,45.067046048136284,46.07737893984101,17.67203621931626,17.56287557215154,T1936,G4
W0015F0002T0006Z000C1N78.png,2,10.882628270666412,12.096599177082895,17.67203621931626,17.56287557215154,T1936,G4
W0015F0002T0006Z000C1N78.png,3,25.00910656170724,25.026213673740504,17.67203621931626,17.56287557215154,T1936,G4
W0015F0002T0006Z000C1N78.png,4,37.718791658217256,37.86781692643584,17.67203621931626,17.56287557215154,T1936,G4
W0015F0002T0006Z000C1N78.png,5,37.91557665023869,37.87642914194818,17.67203621931626,17.56287557215154,T1936,G4
W0015F0002T0006Z000C1N78.png,6,25.338929072911103,26.901866190566544,17.67203621931626,17.56287557215154,T1936,G4
W0015F0002T0006Z000C1N78.png,7,12.77289907089269,12.075320387428953,17.67203621931626,17.56287557215154,T1936,G4
W0015F0002T0006Z000C1N78.png,8,48.666160120503896,48.00032321546238,17.67203621931626,17.56287557215154,T1936,G4
W0015F0002T0006Z000C1N78.png,9,35.324920617552166,34.640754794010725,17.67203621931626,17.56287557215154,T1936,G4
W0015F0002T0006Z000C1N78.png,10,24.52891545396201,23.445524930338976,17.67203621931626,17.56287557215154,T1936,G4
W0015F0002T0006Z000C1N78.png,11,19.919899457031157,20.21913457044533,17.67203621931626,17.56287557215154,T1936,G4
W0015F0002T0006Z000C1N78.png,12,34.752741594873775,34.399746659490354,17.67203621931626,17.56287557215154,T1936,G4
W0015F0002T0006Z000C1N78.png,13,31.426022306972936,31.6719655654299,17.67203621931626,17.56287557215154,T1936,G4
W0015F0002T0006Z000C1N78.png,14,28.25086624839026,29.071279152015144,17.67203621931626,17.56287557215154,T1936,G4
W0015F0002T0006Z000C1N78.png,15,61.08731458304954,61.826365869326764,17.67203621931626,17.56287557215154,T1936,G4
W0015F0002T0006Z000C1N78.png,16,83.45776630142173,82.90195188022898,17.67203621931626,17.56287557215154,T1936,G4
W0015F0002T0006Z000C1N85.png,1,19.953957577626056,17.76770679351237,18.965248557991714,21.587253490027997,T1936,G4
W0015F0002T0006Z000C1N85.png,2,26.917536497807607,24.37078917814895,18.965248557991714,21.587253490027997,T1936,G4
W0015F0002T0006Z000C1N85.png,3,18.684657124939978,15.464432533449541,18.965248557991714,21.587253490027997,T1936,G4
W0015F0002T0006Z000C1N85.png,4,40.16375243335455,40.40876355555571,18.965248557991714,21.587253490027997,T1936,G4
W0015F0002T0006Z000C1N85.png,5,54.192069752899116,54.55637580005516,18.965248557991714,21.587253490027997,T1936,G4
W0015F0002T0006Z000C1N85.png,6,59.79779428315154,63.81086468703949,18.965248557991714,21.587253490027997,T1936,G4
W0015F0002T0006Z000C1N85.png,7,70.18298666603025,74.02923286647047,18.965248557991714,21.587253490027997,T1936,G4
W0015F0002T0006Z000C1N87.png,1,29.771148709891772,30.302114907566907,12.830332909394997,12.479707395407596,T1936,G4
W0015F0002T0006Z000C1N87.png,2,37.55737528473523,37.4259199254653,12.830332909394997,12.479707395407596,T1936,G4
W0015F0002T0006Z000C1N87.png,3,36.05226250447932,35.69158521147682,12.830332909394997,12.479707395407596,T1936,G4
W0015F0002T0006Z000C1N87.png,4,30.00839420009919,29.925773350585644,12.830332909394997,12.479707395407596,T1936,G4
W0015F0002T0006Z000C1N87.png,5,19.912307751739878,57.13587534263613,12.830332909394997,12.479707395407596,T1936,G4
W0015F0002T0006Z000C1N87.png,6,18.553975315279473,53.082946741640235,12.830332909394997,12.479707395407596,T1936,G4
W0015F0002T0006Z000C1N87.png,7,20.324647450204285,20.419142567199277,12.830332909394997,12.479707395407596,T1936,G4
W0015F0002T0006Z000C1N87.png,8,48.669842582226735,48.80394107441105,12.830332909394997,12.479707395407596,T1936,G4
W0015F0002T0006Z000C1N87.png,9,40.88157036839038,41.24069321568003,12.830332909394997,12.479707395407596,T1936,G4
W0015F0002T0006Z000C1N87.png,10,60.635191924200605,60.76866211047435,12.830332909394997,12.479707395407596,T1936,G4
W0015F0002T0006Z000C1N88.png,1,44.94315838868183,45.57979021664137,15.985406954348981,16.90661699095282,T1936,G4
W0015F0002T0006Z000C1N88.png,2,36.408566414446156,35.747755386894625,15.985406954348981,16.90661699095282,T1936,G4
W0015F0002T0006Z000C1N88.png,3,4.136688760006813,7.215182551201705,15.985406954348981,16.90661699095282,T1936,G4
W0015F0002T0006Z000C1N88.png,4,12.12235969856828,3.666771884012247,15.985406954348981,16.90661699095282,T1936,G4
W0015F0002T0006Z000C1N88.png,5,18.200274723201296,18.200274723201296,15.985406954348981,16.90661699095282,T1936,G4
W0015F0002T0006Z000C1N88.png,6,35.43260937590602,35.67020514286155,15.985406954348981,16.90661699095282,T1936,G4
W0015F0002T0006Z000C1N88.png,7,43.729280808172454,43.729280808172454,15.985406954348981,16.90661699095282,T1936,G4
W0015F0002T0006Z000C1N88.png,8,50.94059721326836,50.94059721326836,15.985406954348981,16.90661699095282,T1936,G4
W0015F0002T0006Z000C1N94.png,1,47.668364938903984,10.361443373370491,19.840795612817132,22.64010556072768,T1936,G4
W0015F0002T0006Z000C1N94.png,2,35.433026020247894,34.12218244362517,19.840795612817132,22.64010556072768,T1936,G4
W0015F0002T0006Z000C1N94.png,3,35.58108272764591,33.69511348042035,19.840795612817132,22.64010556072768,T1936,G4
W0015F0002T0006Z000C1N94.png,4,58.24298912908908,54.1116257976997,19.840795612817132,22.64010556072768,T1936,G4
W0015F0002T0006Z000C1N94.png,5,33.59083007068052,32.95969160672983,19.840795612817132,22.64010556072768,T1936,G4
W0015F0002T0006Z000C1N94.png,6,59.28480457510676,58.28666799422827,19.840795612817132,22.64010556072768,T1936,G4
W0015F0002T0006Z000C1N94.png,7,6.156286872124656,4.8089134574533166,19.840795612817132,22.64010556072768,T1936,G4
W0015F0002T0006Z000C1N94.png,8,66.1597249147355,66.30752969890727,19.840795612817132,22.64010556072768,T1936,G4
W0015F0002T0006Z000C1N94.png,9,75.09923450260939,73.98698118455212,19.840795612817132,22.64010556072768,T1936,G4
W0015F0002T0006Z000C1N96.png,1,40.697051490249265,39.23572373969059,13.886131618197725,17.05535077878003,T1936,G4
W0015F0002T0006Z000C1N96.png,2,10.2796479901129,54.886246000250374,13.886131618197725,17.05535077878003,T1936,G4
W0015F0002T0006Z000C1N96.png,3,8.0,23.572926682809992,13.886131618197725,17.05535077878003,T1936,G4
W0015F0002T0006Z000C1N96.png,4,29.207031094602094,25.115133460232247,13.886131618197725,17.05535077878003,T1936,G4
W0015F0002T0006Z000C1N96.png,5,29.480252129416552,30.922176139177775,13.886131618197725,17.05535077878003,T1936,G4
W0015F0002T0006Z000C1N96.png,6,1.2654898507917376,47.99753514697767,13.886131618197725,17.05535077878003,T1936,G4
W0015F0002T0006Z000C1N96.png,7,23.174327612059894,12.5,13.886131618197725,17.05535077878003,T1936,G4
W0015F0002T0006Z000C1N96.png,8,37.5,59.51280940378626,13.886131618197725,17.05535077878003,T1936,G4
W0015F0002T0006Z000C1N96.png,9,27.70558797118832,35.34134632361099,13.886131618197725,17.05535077878003,T1936,G4
W0015F0002T0006Z000C1N96.png,10,45.69737410398983,67.14284572054969,13.886131618197725,17.05535077878003,T1936,G4
W0015F0002T0006Z000C1N96.png,11,17.07250293083987,17.196566730405184,13.886131618197725,17.05535077878003,T1936,G4
W0015F0002T0006Z000C1N96.png,12,25.968709747987692,33.85945327628392,13.886131618197725,17.05535077878003,T1936,G4
W0015F0002T0006Z000C1N96.png,13,25.521959260279004,31.216010831040055,13.886131618197725,17.05535077878003,T1936,G4
W0015F0002T0006Z000C1N96.png,14,53.41598854881806,72.66635130012105,13.886131618197725,17.05535077878003,T1936,G4
W0015F0002T0006Z000C1N96.png,15,28.96884506111969,32.27687175020932,13.886131618197725,17.05535077878003,T1936,G4
W0015F0002T0006Z000C1N96.png,16,44.51112282193839,57.62011841336722,13.886131618197725,17.05535077878003,T1936,G4
W0015F0002T0006Z000C1N96.png,17,13.148820152522287,28.885833223336224,13.886131618197725,17.05535077878003,T1936,G4
W0015F0002T0006Z000C1N98.png,1,38.48426757369405,29.994745929957997,14.463498384183909,14.965970188651385,T1936,G4
W0015F0002T0006Z000C1N98.png,2,31.36424741748535,12.228849166639847,14.463498384183909,14.965970188651385,T1936,G4
W0015F0002T0006Z000C1N98.png,3,21.163875793065017,21.297325345020006,14.463498384183909,14.965970188651385,T1936,G4
W0015F0002T0006Z000C1N98.png,4,25.711698594185474,15.06785628466178,14.463498384183909,14.965970188651385,T1936,G4
W0015F0002T0006Z000C1N98.png,5,47.09429875386147,23.197371176069215,14.463498384183909,14.965970188651385,T1936,G4
W0015F0002T0006Z000C1N98.png,6,8.726318924684595,8.94427190999916,14.463498384183909,14.965970188651385,T1936,G4
W0015F0002T0006Z000C1N98.png,7,15.851680096342074,15.939952558509628,14.463498384183909,14.965970188651385,T1936,G4
W0015F0002T0006Z000C1N98.png,8,38.57890583348161,38.73306081372863,14.463498384183909,14.965970188651385,T1936,G4
W0015F0002T0006Z000C1N98.png,9,47.37544500402067,42.05758307509914,14.463498384183909,14.965970188651385,T1936,G4
W0015F0002T0006Z000C1N98.png,10,39.09722607065306,39.11521443121589,14.463498384183909,14.965970188651385,T1936,G4
W0015F0002T0006Z000C1N98.png,11,59.98461634061573,60.11031525453847,14.463498384183909,14.965970188651385,T1936,G4
W0015F0002T0006Z000C1N99.png,1,73.45818483530137,67.10646559287365,23.976119091239564,23.418332056829644,T1936,G4
W0015F0002T0006Z000C1N99.png,2,78.1523371902279,65.51912862353788,23.976119091239564,23.418332056829644,T1936,G4
W0015F0002T0006Z000C1N99.png,3,64.48518607441403,63.324560795950255,23.976119091239564,23.418332056829644,T1936,G4
W0015F0002T0006Z000C1N99.png,4,26.345212124882977,25.90813063803011,23.976119091239564,23.418332056829644,T1936,G4
W0015F0002T0006Z000C1N99.png,5,16.836723003891247,16.429541246440657,23.976119091239564,23.418332056829644,T1936,G4
W0015F0002T0006Z000C1N99.png,6,23.625156730723592,6.519202405202649,23.976119091239564,23.418332056829644,T1936,G4
W0015F0002T0006Z000C1N99.png,7,18.359584528139877,17.904261149418055,23.976119091239564,23.418332056829644,T1936,G4
W0015F0002T0006Z000C1N99.png,8,30.39633589021694,30.694642498626266,23.976119091239564,23.418332056829644,T1936,G4
W0015F0002T0006Z000C1N99.png,9,67.05401368842351,66.5997806855782,23.976119091239564,23.418332056829644,T1936,G4
W0015F0002T0006Z000C1N99.png,10,13.463486494321968,13.728841621471801,23.976119091239564,23.418332056829644,T1936,G4
W0015F0002T0006Z000C1N99.png,11,55.12680497021559,56.24975083654837,23.976119091239564,23.418332056829644,T1936,G4
W0015F0003T0006Z000C1N102.png,1,45.27024572694387,41.36633878785354,15.41457979382442,16.682013796859565,T1936,G4
W0015F0003T0006Z000C1N102.png,2,46.12862795961745,41.8332699997563,15.41457979382442,16.682013796859565,T1936,G4
W0015F0003T0006Z000C1N102.png,3,48.45615660368909,46.0587873522644,15.41457979382442,16.682013796859565,T1936,G4
W0015F0003T0006Z000C1N102.png,4,40.76945641927167,23.291081292974354,15.41457979382442,16.682013796859565,T1936,G4
W0015F0003T0006Z000C1N102.png,5,35.99173496111872,8.426669674643449,15.41457979382442,16.682013796859565,T1936,G4
W0015F0003T0006Z000C1N102.png,6,16.932367376938448,10.594810050208546,15.41457979382442,16.682013796859565,T1936,G4
W0015F0003T0006Z000C1N102.png,7,37.7097740260806,9.322371174137512,15.41457979382442,16.682013796859565,T1936,G4
W0015F0003T0006Z000C1N102.png,8,1.3968368268030817,1.8015446904267822,15.41457979382442,16.682013796859565,T1936,G4
W0015F0003T0006Z000C1N13.png,1,61.55876716246186,61.75907331581098,15.361738190335233,18.391309936470368,T1936,G4
W0015F0003T0006Z000C1N13.png,2,45.96208437108598,48.017578761673306,15.361738190335233,18.391309936470368,T1936,G4
W0015F0003T0006Z000C1N13.png,3,47.47586691914325,46.81718412501001,15.361738190335233,18.391309936470368,T1936,G4
W0015F0003T0006Z000C1N13.png,4,43.31317135480535,43.509733549865,15.361738190335233,18.391309936470368,T1936,G4
W0015F0003T0006Z000C1N13.png,5,48.249338437596926,45.62404783860808,15.361738190335233,18.391309936470368,T1936,G4
W0015F0003T0006Z000C1N13.png,6,17.833603248293226,15.293469830812297,15.361738190335233,18.391309936470368,T1936,G4
W0015F0003T0006Z000C1N13.png,7,62.205593446321764,72.65426573492303,15.361738190335233,18.391309936470368,T1936,G4
W0015F0003T0006Z000C1N13.png,8,37.43130109464596,37.22894997873136,15.361738190335233,18.391309936470368,T1936,G4
W0015F0003T0006Z000C1N13.png,9,16.65270248338089,11.903575818324144,15.361738190335233,18.391309936470368,T1936,G4
W0015F0003T0006Z000C1N15.png,1,15.72626339607782,17.12814067557563,12.581000057697972,13.083159690026996,T1936,G4
W0015F0003T0006Z000C1N15.png,2,4.620083263446878,4.500394994039699,12.581000057697972,13.083159690026996,T1936,G4
W0015F0003T0006Z000C1N15.png,3,15.254601646212361,15.431886831908013,12.581000057697972,13.083159690026996,T1936,G4
W0015F0003T0006Z000C1N15.png,4,43.629351852344506,44.04113215693434,12.581000057697972,13.083159690026996,T1936,G4
W0015F0003T0006Z000C1N15.png,5,35.22256924734584,35.374103265494455,12.581000057697972,13.083159690026996,T1936,G4
W0015F0003T0006Z000C1N15.png,6,9.467254393265659,8.853075646325099,12.581000057697972,13.083159690026996,T1936,G4
W0015F0003T0006Z000C1N15.png,7,31.996245635389737,32.38309234686478,12.581000057697972,13.083159690026996,T1936,G4
W0015F0003T0006Z000C1N15.png,8,27.228106992022315,27.348027530365425,12.581000057697972,13.083159690026996,T1936,G4
W0015F0003T0006Z000C1N15.png,9,32.59674660380064,34.949925812589356,12.581000057697972,13.083159690026996,T1936,G4
W0015F0003T0006Z000C1N15.png,10,16.33310469700466,15.922651174884706,12.581000057697972,13.083159690026996,T1936,G4
W0015F0003T0006Z000C1N15.png,11,45.51011071737555,47.47639636482971,12.581000057697972,13.083159690026996,T1936,G4
W0015F0003T0006Z000C1N15.png,12,27.17437554668787,28.930258930862113,12.581000057697972,13.083159690026996,T1936,G4
W0015F0003T0006Z000C1N16.png,1,34.511132438777544,2.5002583757443793,15.675326316338552,19.868809040034773,T1936,G4
W0015F0003T0006Z000C1N16.png,2,60.40939031781925,83.79309586242276,15.675326316338552,19.868809040034773,T1936,G4
W0015F0003T0006Z000C1N16.png,3,18.00323030521273,39.861649451743794,15.675326316338552,19.868809040034773,T1936,G4
W0015F0003T0006Z000C1N16.png,4,21.507035498467324,20.77958166653191,15.675326316338552,19.868809040034773,T1936,G4
W0015F0003T0006Z000C1N16.png,5,10.902407990898158,37.41162546886885,15.675326316338552,19.868809040034773,T1936,G4
W0015F0003T0006Z000C1N16.png,6,18.824518586141846,39.149851464755244,15.675326316338552,19.868809040034773,T1936,G4
W0015F0003T0006Z000C1N16.png,7,25.591600710247214,31.062072959530724,15.675326316338552,19.868809040034773,T1936,G4
W0015F0003T0006Z000C1N16.png,8,11.312051096065646,15.849215908897312,15.675326316338552,19.868809040034773,T1936,G4
W0015F0003T0006Z000C1N16.png,9,23.571346523898438,29.835353863777176,15.675326316338552,19.868809040034773,T1936,G4
W0015F0003T0006Z000C1N16.png,10,10.080573746727666,4.295196362014896,15.675326316338552,19.868809040034773,T1936,G4
W0015F0003T0006Z000C1N16.png,11,58.0639859381676,21.067131337138402,15.675326316338552,19.868809040034773,T1936,G4
W0015F0003T0006Z000C1N16.png,12,31.16539420317264,33.4620460477272,15.675326316338552,19.868809040034773,T1936,G4
W0015F0003T0006Z000C1N16.png,13,39.49500828091003,27.031272344152708,15.675326316338552,19.868809040034773,T1936,G4
W0015F0003T0006Z000C1N16.png,14,30.45214651492232,29.081709959610087,15.675326316338552,19.868809040034773,T1936,G4
W0015F0003T0006Z000C1N16.png,15,43.89068963350483,44.46616359630465,15.675326316338552,19.868809040034773,T1936,G4
W0015F0003T0006Z000C1N16.png,16,42.48043994331718,24.531625118678406,15.675326316338552,19.868809040034773,T1936,G4
W0015F0003T0006Z000C1N16.png,17,7.161231056999635,70.69294693724747,15.675326316338552,19.868809040034773,T1936,G4
W0015F0003T0006Z000C1N19.png,1,34.940410334565684,34.985237563143166,14.907486594843713,17.256810750403282,T1936,G4
W0015F0003T0006Z000C1N19.png,2,33.59421409466862,33.538324675115625,14.907486594843713,17.256810750403282,T1936,G4
W0015F0003T0006Z000C1N19.png,3,51.63939974662578,51.434389908059266,14.907486594843713,17.256810750403282,T1936,G4
W0015F0003T0006Z000C1N19.png,4,8.0816846644254,7.074965783799698,14.907486594843713,17.256810750403282,T1936,G4
W0015F0003T0006Z000C1N19.png,5,29.632510388237883,29.470952786878453,14.907486594843713,17.256810750403282,T1936,G4
W0015F0003T0006Z000C1N19.png,6,32.861837437971104,24.310812923470905,14.907486594843713,17.256810750403282,T1936,G4
W0015F0003T0006Z000C1N19.png,7,31.415440839346193,5.987776664819345,14.907486594843713,17.256810750403282,T1936,G4
W0015F0003T0006Z000C1N19.png,8,38.405091054417625,18.828170383762732,14.907486594843713,17.256810750403282,T1936,G4
W0015F0003T0006Z000C1N19.png,9,56.95554930636999,53.48130514488217,14.907486594843713,17.256810750403282,T1936,G4
W0015F0003T0006Z000C1N19.png,10,54.658206988514024,54.759708829685614,14.907486594843713,17.256810750403282,T1936,G4
W0015F0003T0006Z000C1N19.png,11,12.310218236082852,11.098904519799996,14.907486594843713,17.256810750403282,T1936,G4
W0015F0003T0006Z000C1N30.png,1,57.04162592297215,54.39236394645104,16.55243083604666,16.51603890718525,T1936,G4
W0015F0003T0006Z000C1N30.png,2,46.11040071560226,45.90714310051738,16.55243083604666,16.51603890718525,T1936,G4
W0015F0003T0006Z000C1N30.png,3,11.97157095192004,11.737460142359195,16.55243083604666,16.51603890718525,T1936,G4
W0015F0003T0006Z000C1N30.png,4,24.76240620030054,4.011430889069108,16.55243083604666,16.51603890718525,T1936,G4
W0015F0003T0006Z000C1N30.png,5,37.96227030136785,37.83027873059902,16.55243083604666,16.51603890718525,T1936,G4
W0015F0003T0006Z000C1N30.png,6,55.293736503223684,27.50257402094898,16.55243083604666,16.51603890718525,T1936,G4
W0015F0003T0006Z000C1N30.png,7,12.271516075244895,12.476637286812794,16.55243083604666,16.51603890718525,T1936,G4
W0015F0003T0006Z000C1N30.png,8,45.062603122585536,44.701789673345296,16.55243083604666,16.51603890718525,T1936,G4
W0015F0003T0006Z000C1N30.png,9,40.062852364473436,39.702015062210634,16.55243083604666,16.51603890718525,T1936,G4
W0015F0003T0006Z000C1N30.png,10,42.50156802753436,40.16215147266061,16.55243083604666,16.51603890718525,T1936,G4
W0015F0003T0006Z000C1N30.png,11,31.44709163706802,31.622798724472013,16.55243083604666,16.51603890718525,T1936,G4
W0015F0003T0006Z000C1N30.png,12,5.825615454405473,5.5024736507246415,16.55243083604666,16.51603890718525,T1936,G4
W0015F0003T0006Z000C1N30.png,13,12.327352728495017,12.500895760146497,16.55243083604666,16.51603890718525,T1936,G4
W0015F0003T0006Z000C1N30.png,14,46.18964377893621,46.342229870933686,16.55243083604666,16.51603890718525,T1936,G4
W0015F0003T0006Z000C1N39.png,1,39.679205575249014,39.476295143392605,10.991747507899746,10.996069784660913,T1936,G4
W0015F0003T0006Z000C1N39.png,2,43.19055767143413,43.00736544439674,10.991747507899746,10.996069784660913,T1936,G4
W0015F0003T0006Z000C1N39.png,3,35.06454324064481,34.917143449224504,10.991747507899746,10.996069784660913,T1936,G4
W0015F0003T0006Z000C1N39.png,4,26.085882705023177,25.921502847844472,10.991747507899746,10.996069784660913,T1936,G4
W0015F0003T0006Z000C1N39.png,5,16.80183061049915,16.593188126100124,10.991747507899746,10.996069784660913,T1936,G4
W0015F0003T0006Z000C1N39.png,6,22.98933683893576,22.867933312774138,10.991747507899746,10.996069784660913,T1936,G4
W0015F0003T0006Z000C1N39.png,7,31.455578880186454,31.364262043557325,10.991747507899746,10.996069784660913,T1936,G4
W0015F0003T0006Z000C1N39.png,8,39.19781527824757,39.13686300299901,10.991747507899746,10.996069784660913,T1936,G4
W0015F0003T0006Z000C1N39.png,9,7.34970727659704,7.234442980686314,10.991747507899746,10.996069784660913,T1936,G4
W0015F0003T0006Z000C1N39.png,10,13.824941852306354,14.016846800321646,10.991747507899746,10.996069784660913,T1936,G4
W0015F0003T0006Z000C1N39.png,11,28.44310275048061,28.63712006638716,10.991747507899746,10.996069784660913,T1936,G4
W0015F0003T0006Z000C1N39.png,12,28.478896343948836,27.456576097556255,10.991747507899746,10.996069784660913,T1936,G4
W0015F0003T0006Z000C1N39.png,13,26.834949174062835,25.652835603473445,10.991747507899746,10.996069784660913,T1936,G4
W0015F0003T0006Z000C1N39.png,14,36.694152587337406,35.408872522014136,10.991747507899746,10.996069784660913,T1936,G4
W0015F0003T0006Z000C1N39.png,15,20.307469231521125,19.3381017104363,10.991747507899746,10.996069784660913,T1936,G4
W0015F0003T0006Z000C1N39.png,16,4.057193795050859,2.851297263923607,10.991747507899746,10.996069784660913,T1936,G4
W0015F0003T0006Z000C1N39.png,17,18.592622742752884,20.03028684144764,10.991747507899746,10.996069784660913,T1936,G4
W0015F0003T0006Z000C1N40.png,1,32.16731533949344,31.69008299305782,10.38331924945633,10.590347740495611,T1936,G4
W0015F0003T0006Z000C1N40.png,2,30.530508965959626,23.459958233290898,10.38331924945633,10.590347740495611,T1936,G4
W0015F0003T0006Z000C1N40.png,3,28.555729688637214,27.98988140737372,10.38331924945633,10.590347740495611,T1936,G4
W0015F0003T0006Z000C1N40.png,4,19.258836486023366,16.52794372040643,10.38331924945633,10.590347740495611,T1936,G4
W0015F0003T0006Z000C1N40.png,5,15.887543410239887,11.241540652580966,10.38331924945633,10.590347740495611,T1936,G4
W0015F0003T0006Z000C1N40.png,6,22.250987727460544,23.447932468593294,10.38331924945633,10.590347740495611,T1936,G4
W0015F0003T0006Z000C1N40.png,7,5.3634865584284475,21.649413901113736,10.38331924945633,10.590347740495611,T1936,G4
W0015F0003T0006Z000C1N40.png,8,20.506096654409877,20.862646045025066,10.38331924945633,10.590347740495611,T1936,G4
W0015F0003T0006Z000C1N40.png,9,24.37215289110281,29.333075419741558,10.38331924945633,10.590347740495611,T1936,G4
W0015F0003T0006Z000C1N40.png,10,50.78096476044775,55.63289870813344,10.38331924945633,10.590347740495611,T1936,G4
W0015F0003T0006Z000C1N40.png,11,18.919882750359598,19.365620172581668,10.38331924945633,10.590347740495611,T1936,G4
W0015F0003T0006Z000C1N40.png,12,23.6218855156719,23.30808939266402,10.38331924945633,10.590347740495611,T1936,G4
W0015F0003T0006Z000C1N40.png,13,10.196203059059409,9.741402842294235,10.38331924945633,10.590347740495611,T1936,G4
W0015F0003T0006Z000C1N40.png,14,21.94128389474047,21.509268348151693,10.38331924945633,10.590347740495611,T1936,G4
W0015F0003T0006Z000C1N45.png,1,8.630992679609246,9.649004131844789,5.5359669981276305,4.93808087260483,T1936,G4
W0015F0003T0006Z000C1N45.png,2,23.657773278374062,18.786121668586606,5.5359669981276305,4.93808087260483,T1936,G4
W0015F0003T0006Z000C1N45.png,3,18.728612507041316,9.055385138137417,5.5359669981276305,4.93808087260483,T1936,G4
W0015F0003T0006Z000C1N45.png,4,19.64738156920201,19.617672718166883,5.5359669981276305,4.93808087260483,T1936,G4
W0015F0003T0006Z000C1N47.png,1,35.89334569760836,53.14178605800392,17.66499687091017,17.50348627580335,T1936,G4
W0015F0003T0006Z000C1N47.png,2,9.362697221903952,45.727360781524055,17.66499687091017,17.50348627580335,T1936,G4
W0015F0003T0006Z000C1N47.png,3,31.144823004794873,39.141753591419345,17.66499687091017,17.50348627580335,T1936,G4
W0015F0003T0006Z000C1N47.png,4,12.950238871915433,43.260449710135994,17.66499687091017,17.50348627580335,T1936,G4
W0015F0003T0006Z000C1N47.png,5,43.79979647782733,20.69703932118296,17.66499687091017,17.50348627580335,T1936,G4
W0015F0003T0006Z000C1N47.png,6,41.217116060978185,20.88857689331897,17.66499687091017,17.50348627580335,T1936,G4
W0015F0003T0006Z000C1N47.png,7,28.07118609867679,11.227640774239795,17.66499687091017,17.50348627580335,T1936,G4
W0015F0003T0006Z000C1N47.png,8,14.391994643546756,14.264860814425676,17.66499687091017,17.50348627580335,T1936,G4
W0015F0003T0006Z000C1N47.png,9,15.909243026705028,16.718567946623615,17.66499687091017,17.50348627580335,T1936,G4
W0015F0003T0006Z000C1N47.png,10,16.597008411061534,10.012492197250394,17.66499687091017,17.50348627580335,T1936,G4
W0015F0003T0006Z000C1N47.png,11,71.77724030739382,61.40309725271844,17.66499687091017,17.50348627580335,T1936,G4
W0015F0003T0006Z000C1N49.png,1,41.0913635861031,40.58666828001604,10.07006150493976,9.329315229519604,T1936,G4
W0015F0003T0006Z000C1N49.png,2,12.843693676852089,12.956677736532054,10.07006150493976,9.329315229519604,T1936,G4
W0015F0003T0006Z000C1N49.png,3,19.853275922661087,19.8720782626766,10.07006150493976,9.329315229519604,T1936,G4
W0015F0003T0006Z000C1N49.png,4,24.374233679091347,25.74291811524456,10.07006150493976,9.329315229519604,T1936,G4
W0015F0003T0006Z000C1N49.png,5,44.25290299294891,39.86117011139966,10.07006150493976,9.329315229519604,T1936,G4
W0015F0003T0006Z000C1N49.png,6,14.233922735952014,12.67589332092205,10.07006150493976,9.329315229519604,T1936,G4
W0015F0003T0006Z000C1N49.png,7,17.483183079810345,16.93981938019409,10.07006150493976,9.329315229519604,T1936,G4
W0015F0003T0006Z000C1N49.png,8,18.318144815808452,19.13169324224762,10.07006150493976,9.329315229519604,T1936,G4
W0015F0003T0006Z000C1N49.png,9,11.59941462975983,12.700052059501553,10.07006150493976,9.329315229519604,T1936,G4
W0015F0003T0006Z000C1N49.png,10,26.89989250110502,27.12531090882098,10.07006150493976,9.329315229519604,T1936,G4
W0015F0003T0006Z000C1N49.png,11,15.791663425230151,15.243694056657777,10.07006150493976,9.329315229519604,T1936,G4
W0015F0003T0006Z000C1N49.png,12,22.00269624330865,21.32636981735937,10.07006150493976,9.329315229519604,T1936,G4
W0015F0003T0006Z000C1N62.png,1,9.491609150923559,9.580512822534612,12.674707680359527,11.417148398965713,T1936,G4
W0015F0003T0006Z000C1N62.png,2,3.6277992580050347,24.65836997361031,12.674707680359527,11.417148398965713,T1936,G4
W0015F0003T0006Z000C1N62.png,3,41.378354266935474,18.543124281748103,12.674707680359527,11.417148398965713,T1936,G4
W0015F0003T0006Z000C1N62.png,4,14.464006301338662,14.329831645954526,12.674707680359527,11.417148398965713,T1936,G4
W0015F0003T0006Z000C1N62.png,5,31.434369935105792,14.336219554085684,12.674707680359527,11.417148398965713,T1936,G4
W0015F0003T0006Z000C1N62.png,6,28.341758683366123,29.491688401392523,12.674707680359527,11.417148398965713,T1936,G4
W0015F0003T0006Z000C1N62.png,7,14.253921911774569,5.5901699437494745,12.674707680359527,11.417148398965713,T1936,G4
W0015F0003T0006Z000C1N62.png,8,5.1875940446637445,5.453374519468402,12.674707680359527,11.417148398965713,T1936,G4
W0015F0003T0006Z000C1N62.png,9,44.07107485040054,43.20566179686372,12.674707680359527,11.417148398965713,T1936,G4
W0015F0003T0006Z000C1N62.png,10,22.14158982548453,17.066048165876012,12.674707680359527,11.417148398965713,T1936,G4
W0015F0003T0006Z000C1N62.png,11,38.35677317133491,38.42575435760594,12.674707680359527,11.417148398965713,T1936,G4
W0015F0003T0006Z000C1N62.png,12,8.820473059801982,20.650494941752516,12.674707680359527,11.417148398965713,T1936,G4
W0015F0003T0006Z000C1N62.png,13,20.850888965544055,21.084182029403813,12.674707680359527,11.417148398965713,T1936,G4
W0015F0003T0006Z000C1N62.png,14,14.104516686559151,37.26865137487015,12.674707680359527,11.417148398965713,T1936,G4
W0015F0003T0006Z000C1N62.png,15,9.552814253800456,9.808073808813118,12.674707680359527,11.417148398965713,T1936,G4
W0015F0003T0006Z000C1N62.png,16,15.962148250094645,15.896359640271953,12.674707680359527,11.417148398965713,T1936,G4
W0015F0003T0006Z000C1N62.png,17,5.351597610797578,5.589487353293512,12.674707680359527,11.417148398965713,T1936,G4
W0015F0003T0006Z000C1N63.png,1,101.46600693320688,101.69198142207733,25.796141491605905,23.37875784379712,T1936,G4
W0015F0003T0006Z000C1N63.png,2,91.36026323938927,91.54818800539823,25.796141491605905,23.37875784379712,T1936,G4
W0015F0003T0006Z000C1N63.png,3,43.083120182180096,43.1044934699954,25.796141491605905,23.37875784379712,T1936,G4
W0015F0003T0006Z000C1N63.png,4,74.986410690492,75.25445068685985,25.796141491605905,23.37875784379712,T1936,G4
W0015F0003T0006Z000C1N63.png,5,35.83179390098903,36.091686920101786,25.796141491605905,23.37875784379712,T1936,G4
W0015F0003T0006Z000C1N63.png,6,26.859618779830942,26.537507572047605,25.796141491605905,23.37875784379712,T1936,G4
W0015F0003T0006Z000C1N63.png,7,43.699809101698264,44.026077232107,25.796141491605905,23.37875784379712,T1936,G4
W0015F0003T0006Z000C1N63.png,8,41.270658265694415,41.393513979893186,25.796141491605905,23.37875784379712,T1936,G4
W0015F0003T0006Z000C1N63.png,9,21.066325420193763,20.762159274594666,25.796141491605905,23.37875784379712,T1936,G4
W0015F0003T0006Z000C1N63.png,10,37.21242890515543,36.9525623258479,25.796141491605905,23.37875784379712,T1936,G4
W0015F0003T0006Z000C1N63.png,11,29.59622943227717,29.902304883829505,25.796141491605905,23.37875784379712,T1936,G4
W0015F0003T0006Z000C1N63.png,12,33.1545623140225,33.404227449108475,25.796141491605905,23.37875784379712,T1936,G4
W0015F0003T0006Z000C1N63.png,13,36.05768276869421,35.89970980686199,25.796141491605905,23.37875784379712,T1936,G4
W0015F0003T0006Z000C1N63.png,14,21.72750025254448,21.96985173497187,25.796141491605905,23.37875784379712,T1936,G4
W0015F0003T0006Z000C1N63.png,15,82.9026709634866,82.64024917305171,25.796141491605905,23.37875784379712,T1936,G4
W0015F0003T0006Z000C1N63.png,16,55.467971461806655,55.306291098878816,25.796141491605905,23.37875784379712,T1936,G4
W0015F0003T0006Z000C1N63.png,17,15.517647554346473,22.276683292285707,25.796141491605905,23.37875784379712,T1936,G4
W0015F0003T0006Z000C1N63.png,18,29.206174094241348,29.113395818146554,25.796141491605905,23.37875784379712,T1936,G4
W0015F0003T0006Z000C1N63.png,19,4.085670589389132,31.360674335936746,25.796141491605905,23.37875784379712,T1936,G4
W0015F0003T0006Z000C1N63.png,20,15.92732678644133,35.33715230662974,25.796141491605905,23.37875784379712,T1936,G4
W0015F0003T0006Z000C1N66.png,1,62.425917957048526,38.3721203360449,16.508841366183816,15.112760744243893,T1936,G4
W0015F0003T0006Z000C1N66.png,2,71.68295424082497,53.28765561150313,16.508841366183816,15.112760744243893,T1936,G4
W0015F0003T0006Z000C1N66.png,3,50.21059268726292,22.96825107653857,16.508841366183816,15.112760744243893,T1936,G4
W0015F0003T0006Z000C1N66.png,4,55.992737993785866,54.6405832664645,16.508841366183816,15.112760744243893,T1936,G4
W0015F0003T0006Z000C1N66.png,5,16.499569238045915,16.434905796077295,16.508841366183816,15.112760744243893,T1936,G4
W0015F0003T0006Z000C1N66.png,6,64.69699542466697,63.033265144150924,16.508841366183816,15.112760744243893,T1936,G4
W0015F0003T0006Z000C1N66.png,7,53.297546240613805,55.3081791245239,16.508841366183816,15.112760744243893,T1936,G4
W0015F0003T0006Z000C1N66.png,8,51.56765602088192,49.88779133142931,16.508841366183816,15.112760744243893,T1936,G4
W0015F0003T0006Z000C1N66.png,9,33.66986292596343,35.05950475054547,16.508841366183816,15.112760744243893,T1936,G4
W0015F0003T0006Z000C1N66.png,10,49.32094520593853,50.647213943612655,16.508841366183816,15.112760744243893,T1936,G4
W0015F0003T0006Z000C1N66.png,11,53.93530797238153,54.429030115651805,16.508841366183816,15.112760744243893,T1936,G4
W0015F0003T0006Z000C1N66.png,12,57.98526773385457,57.99459740808564,16.508841366183816,15.112760744243893,T1936,G4
W0015F0003T0006Z000C1N66.png,13,41.53418412924509,40.97584473608037,16.508841366183816,15.112760744243893,T1936,G4
W0015F0003T0006Z000C1N66.png,14,25.279265661372403,25.50785271645677,16.508841366183816,15.112760744243893,T1936,G4
W0015F0003T0006Z000C1N66.png,15,30.49616253108719,30.006727693303667,16.508841366183816,15.112760744243893,T1936,G4
W0015F0003T0006Z000C1N66.png,16,8.599144560191704,8.711910906836433,16.508841366183816,15.112760744243893,T1936,G4
W0015F0003T0006Z000C1N66.png,17,46.563926606257326,45.46911000307771,16.508841366183816,15.112760744243893,T1936,G4
W0015F0003T0006Z000C1N66.png,18,35.21733435980454,34.02781922837445,16.508841366183816,15.112760744243893,T1936,G4
W0015F0003T0006Z000C1N67.png,1,53.13088985421365,48.22336407280713,16.421739468538895,18.18043931847493,T1936,G4
W0015F0003T0006Z000C1N67.png,2,64.61528470584139,59.51829025415874,16.421739468538895,18.18043931847493,T1936,G4
W0015F0003T0006Z000C1N67.png,3,42.257744352627384,37.42343334620165,16.421739468538895,18.18043931847493,T1936,G4
W0015F0003T0006Z000C1N67.png,4,44.30647449784871,39.40506085470986,16.421739468538895,18.18043931847493,T1936,G4
W0015F0003T0006Z000C1N67.png,5,32.99632275087613,27.83203756987382,16.421739468538895,18.18043931847493,T1936,G4
W0015F0003T0006Z000C1N67.png,6,51.64621022598088,54.301047492509326,16.421739468538895,18.18043931847493,T1936,G4
W0015F0003T0006Z000C1N67.png,7,11.138246135122312,6.236438899191967,16.421739468538895,18.18043931847493,T1936,G4
W0015F0003T0006Z000C1N67.png,8,30.31364220044455,34.915446598031906,16.421739468538895,18.18043931847493,T1936,G4
W0015F0003T0006Z000C1N67.png,9,33.7935625231711,18.2794046619669,16.421739468538895,18.18043931847493,T1936,G4
W0015F0003T0006Z000C1N67.png,10,27.257501031719165,30.34501475074599,16.421739468538895,18.18043931847493,T1936,G4
W0015F0003T0006Z000C1N67.png,11,17.377775514398884,13.924542162478547,16.421739468538895,18.18043931847493,T1936,G4
W0015F0003T0006Z000C1N67.png,12,29.142420694623997,1.301708279317775,16.421739468538895,18.18043931847493,T1936,G4
W0015F0003T0006Z000C1N67.png,13,20.71058932115176,18.394594616656033,16.421739468538895,18.18043931847493,T1936,G4
W0015F0003T0006Z000C1N67.png,14,57.077501076417015,5.461263830188296,16.421739468538895,18.18043931847493,T1936,G4
W0015F0003T0006Z000C1N67.png,15,65.69563219327368,4.806421181066631,16.421739468538895,18.18043931847493,T1936,G4
W0015F0003T0006Z000C1N71.png,1,56.507201815986704,55.82133925859598,14.79299147432041,11.915344181531017,T1936,G4
W0015F0003T0006Z000C1N71.png,2,26.921218867345885,31.990650895533943,14.79299147432041,11.915344181531017,T1936,G4
W0015F0003T0006Z000C1N74.png,1,67.89849821089781,34.80750637434402,31.644343516650377,11.412397245820607,T1936,G4
W0015F0003T0006Z000C1N74.png,2,4.609811177597056,57.632300865985236,31.644343516650377,11.412397245820607,T1936,G4
W0015F0003T0006Z000C1N81.png,1,33.328902582021385,33.05049587882722,7.721701452502078,7.835796299203617,T1936,G4
W0015F0003T0006Z000C1N81.png,2,17.860586244843326,17.51842063665803,7.721701452502078,7.835796299203617,T1936,G4
W0015F0003T0006Z000C1N81.png,3,27.449699913368146,27.274230769613386,7.721701452502078,7.835796299203617,T1936,G4
W0015F0003T0006Z000C1N81.png,4,47.744521099113754,48.15176638703816,7.721701452502078,7.835796299203617,T1936,G4
W0015F0003T0006Z000C1N81.png,5,29.308805361879394,29.588373284918806,7.721701452502078,7.835796299203617,T1936,G4
W0015F0003T0006Z000C1N81.png,6,36.1011451567584,36.61800701360821,7.721701452502078,7.835796299203617,T1936,G4
W0015F0003T0006Z000C1N81.png,7,41.336874376685515,41.527383849039396,7.721701452502078,7.835796299203617,T1936,G4
W0015F0003T0006Z000C1N81.png,8,35.32702380315148,35.45548682354799,7.721701452502078,7.835796299203617,T1936,G4
W0015F0003T0006Z000C1N81.png,9,36.359878273058975,36.69544058332698,7.721701452502078,7.835796299203617,T1936,G4
W0015F0003T0006Z000C1N81.png,10,32.033916687003405,32.02310902407853,7.721701452502078,7.835796299203617,T1936,G4
W0015F0003T0006Z000C1N81.png,11,36.061987008490455,36.34518175462843,7.721701452502078,7.835796299203617,T1936,G4
W0015F0003T0006Z000C1N81.png,12,41.64963713592731,41.45618166331672,7.721701452502078,7.835796299203617,T1936,G4
W0015F0003T0006Z000C1N81.png,13,26.35318794986885,26.547855630786696,7.721701452502078,7.835796299203617,T1936,G4
W0015F0003T0006Z000C1N81.png,14,37.041092726758365,36.78389643539133,7.721701452502078,7.835796299203617,T1936,G4
W0015F0003T0006Z000C1N81.png,15,39.3327522892276,39.42934047327591,7.721701452502078,7.835796299203617,T1936,G4
W0015F0003T0006Z000C1N81.png,16,16.589586170842868,16.283350996816218,7.721701452502078,7.835796299203617,T1936,G4
W0015F0003T0006Z000C1N81.png,17,31.132566894116064,31.097554296971435,7.721701452502078,7.835796299203617,T1936,G4
W0015F0003T0006Z000C1N81.png,18,38.74821348646834,38.26276392187916,7.721701452502078,7.835796299203617,T1936,G4
W0015F0003T0006Z000C1N82.png,1,35.12369219600422,35.87651022560399,12.220942719575959,12.80858762690002,T1936,G4
W0015F0003T0006Z000C1N82.png,2,35.5667771293801,36.03466736958407,12.220942719575959,12.80858762690002,T1936,G4
W0015F0003T0006Z000C1N82.png,3,21.13317792679481,21.688804328711363,12.220942719575959,12.80858762690002,T1936,G4
W0015F0003T0006Z000C1N82.png,4,31.57985266783529,31.437610574593183,12.220942719575959,12.80858762690002,T1936,G4
W0015F0003T0006Z000C1N82.png,5,30.72761907510143,30.33211537280476,12.220942719575959,12.80858762690002,T1936,G4
W0015F0003T0006Z000C1N82.png,6,50.39672374611282,52.18960770685176,12.220942719575959,12.80858762690002,T1936,G4
W0015F0003T0006Z000C1N82.png,7,52.30456507664755,54.11580896609586,12.220942719575959,12.80858762690002,T1936,G4
W0015F0003T0006Z000C1N82.png,8,28.707134374667245,28.040380326616514,12.220942719575959,12.80858762690002,T1936,G4
W0015F0003T0006Z000C1N82.png,9,41.45308507023757,43.15428233325717,12.220942719575959,12.80858762690002,T1936,G4
W0015F0003T0006Z000C1N82.png,10,43.33560857493524,45.066079681228196,12.220942719575959,12.80858762690002,T1936,G4
W0015F0003T0006Z000C1N82.png,11,35.10404435853755,34.39549637955978,12.220942719575959,12.80858762690002,T1936,G4
W0015F0003T0006Z000C1N82.png,12,32.275194809161775,31.48267703767527,12.220942719575959,12.80858762690002,T1936,G4
W0015F0003T0006Z000C1N82.png,13,38.04670924600127,36.9761950069104,12.220942719575959,12.80858762690002,T1936,G4
W0015F0003T0006Z000C1N82.png,14,25.707342114470908,25.72020659514991,12.220942719575959,12.80858762690002,T1936,G4
W0015F0003T0006Z000C1N82.png,15,2.8989349767901795,1.4267711642739038,12.220942719575959,12.80858762690002,T1936,G4
W0015F0003T0006Z000C1N82.png,16,22.359167769093595,21.59202761893108,12.220942719575959,12.80858762690002,T1936,G4
W0015F0003T0006Z000C1N82.png,17,42.57035693559642,41.61110123357884,12.220942719575959,12.80858762690002,T1936,G4
W0015F0003T0006Z000C1N82.png,18,16.663145120429572,16.341149265244866,12.220942719575959,12.80858762690002,T1936,G4
W0015F0003T0006Z000C1N82.png,19,15.807663220810971,14.892908523098956,12.220942719575959,12.80858762690002,T1936,G4
W0015F0003T0006Z000C1N82.png,20,47.71920712559452,48.06289916771769,12.220942719575959,12.80858762690002,T1936,G4
W0015F0003T0006Z000C1N82.png,21,39.84740643697022,39.587900726609,12.220942719575959,12.80858762690002,T1936,G4
W0015F0003T0006Z000C1N82.png,22,17.14319672708775,17.765281176380228,12.220942719575959,12.80858762690002,T1936,G4
W0015F0003T0006Z000C1N84.png,1,69.55117148999334,68.65898918064819,23.502963801362156,14.055196252362931,T1936,G4
W0015F0003T0006Z000C1N84.png,2,15.893799248429218,39.19093191530059,23.502963801362156,14.055196252362931,T1936,G4
W0015F0003T0006Z000C1N84.png,3,58.14614984485087,58.730709164359354,23.502963801362156,14.055196252362931,T1936,G4
W0015F0003T0006Z000C1N84.png,4,76.4155890240652,76.83772388494542,23.502963801362156,14.055196252362931,T1936,G4
W0015F0003T0006Z000C1N87.png,1,31.980810973951584,18.0033563366457,9.430708329755923,15.92714933719947,T1936,G4
W0015F0003T0006Z000C1N87.png,2,47.749582990189154,39.23170575072044,9.430708329755923,15.92714933719947,T1936,G4
W0015F0003T0006Z000C1N87.png,3,24.682990094394967,31.137736622550268,9.430708329755923,15.92714933719947,T1936,G4
W0015F0003T0006Z000C1N87.png,4,24.62214450449026,61.812725775703875,9.430708329755923,15.92714933719947,T1936,G4
W0015F0003T0006Z000C1N91.png,1,26.135418670506052,26.5118122304319,22.265293857968445,16.013303820743165,T1936,G4
W0015F0003T0006Z000C1N91.png,2,68.75312088753837,51.90020294526447,22.265293857968445,16.013303820743165,T1936,G4
W0015F0003T0006Z000C1N91.png,3,7.371516224622533,7.691386660850799,22.265293857968445,16.013303820743165,T1936,G4
W0015F0003T0006Z000C1N91.png,4,36.477943295897354,36.122201616139634,22.265293857968445,16.013303820743165,T1936,G4
W0015F0003T0006Z000C1N94.png,1,29.599469612893788,31.491459542384334,7.63122411661812,11.434320351228896,T1936,G4
W0015F0003T0006Z000C1N94.png,2,41.58188577967216,57.143414481409,7.63122411661812,11.434320351228896,T1936,G4
W0015F0003T0006Z000C1N94.png,3,24.816711961785803,24.910808698688914,7.63122411661812,11.434320351228896,T1936,G4
W0015F0003T0006Z000C1N94.png,4,12.01421301364225,15.15214780595164,7.63122411661812,11.434320351228896,T1936,G4
W0015F0003T0006Z000C1N94.png,5,28.781986763090856,34.7599400848112,7.63122411661812,11.434320351228896,T1936,G4
W0015F0003T0006Z000C1N94.png,6,19.087103705376375,18.462798342766852,7.63122411661812,11.434320351228896,T1936,G4
W0015F0003T0006Z000C1N94.png,7,31.948553448850337,29.905168504851787,7.63122411661812,11.434320351228896,T1936,G4
W0015F0003T0006Z000C1N94.png,8,22.244794808903496,24.74356003244566,7.63122411661812,11.434320351228896,T1936,G4
W0015F0003T0006Z000C1N94.png,9,23.289823127390076,21.381150566277558,7.63122411661812,11.434320351228896,T1936,G4
W0015F0003T0006Z000C1N94.png,10,30.312115977785616,19.201687412152882,7.63122411661812,11.434320351228896,T1936,G4
W0015F0003T0006Z000C1N95.png,1,35.41147595293407,35.2093262206762,15.335450727219726,14.986500967560731,T1936,G4
W0015F0003T0006Z000C1N95.png,2,14.777575919102098,14.494652312195106,15.335450727219726,14.986500967560731,T1936,G4
W0015F0003T0006Z000C1N95.png,3,29.39658960944201,29.4016068559727,15.335450727219726,14.986500967560731,T1936,G4
W0015F0003T0006Z000C1N95.png,4,69.59362814901988,68.93601244586131,15.335450727219726,14.986500967560731,T1936,G4
W0015F0003T0006Z000C1N95.png,5,28.40063166734861,28.29425978900033,15.335450727219726,14.986500967560731,T1936,G4
W0015F0003T0006Z000C1N95.png,6,45.546602208181646,44.87425582411552,15.335450727219726,14.986500967560731,T1936,G4
W0015F0003T0006Z000C1N95.png,7,33.420054432249735,34.02535368997841,15.335450727219726,14.986500967560731,T1936,G4
W0015F0003T0006Z000C1N95.png,8,10.109599744091929,10.769104943224153,15.335450727219726,14.986500967560731,T1936,G4
W0015F0003T0006Z000C1N95.png,9,40.20162351626772,39.609991887306585,15.335450727219726,14.986500967560731,T1936,G4
W0015F0003T0006Z000C1N95.png,10,25.343255028435763,25.439522083048715,15.335450727219726,14.986500967560731,T1936,G4
W0015F0003T0006Z000C1N95.png,11,36.63201876402085,37.22200682280415,15.335450727219726,14.986500967560731,T1936,G4
W0015F0003T0006Z000C1N95.png,12,9.659047629133635,10.578368012347878,15.335450727219726,14.986500967560731,T1936,G4
W0015F0003T0006Z000C1N95.png,13,36.387686067020745,35.28729042247576,15.335450727219726,14.986500967560731,T1936,G4
W0015F0003T0006Z000C1N98.png,1,20.06707010747188,16.974676027164403,8.49744986662918,8.576757515207639,T1936,G4
W0015F0003T0006Z000C1N98.png,2,23.213692456576073,21.396529088614557,8.49744986662918,8.576757515207639,T1936,G4
W0015F0003T0006Z000C1N98.png,3,14.430021260153872,12.318959785886387,8.49744986662918,8.576757515207639,T1936,G4
W0015F0003T0006Z000C1N98.png,4,34.35427908094435,36.60275187392805,8.49744986662918,8.576757515207639,T1936,G4
W0015F0003T0006Z000C1N98.png,5,28.5236301516398,16.554794686538237,8.49744986662918,8.576757515207639,T1936,G4
W0015F0003T0006Z000C1N98.png,6,38.4522467298021,38.96028606529308,8.49744986662918,8.576757515207639,T1936,G4
W0015F0003T0006Z000C1N98.png,7,44.97544801545492,18.391198706883582,8.49744986662918,8.576757515207639,T1936,G4
W0015F0003T0006Z000C1N98.png,8,22.161376054182266,21.88376097895557,8.49744986662918,8.576757515207639,T1936,G4
W0015F0003T0006Z000C1N98.png,9,35.18178917387859,34.65550823256999,8.49744986662918,8.576757515207639,T1936,G4
W0015F0003T0006Z000C1N98.png,10,29.725539977162338,29.85872031766418,8.49744986662918,8.576757515207639,T1936,G4
W0015F0003T0006Z000C1N98.png,11,25.81431040281205,25.49244054426545,8.49744986662918,8.576757515207639,T1936,G4
