image,pbody_number,dist_nuclei,dist_mito,nuclei_std,mito_std,medicine,group
W0035F0001T0006Z000C1N10.png,1,100.6146792855601,87.53484693300945,20.161454647057806,21.85099627270682,T1791L,G5
W0035F0001T0006Z000C1N10.png,2,76.06533692224919,74.510749273978,20.161454647057806,21.85099627270682,T1791L,G5
W0035F0001T0006Z000C1N10.png,3,80.30598154777834,73.92656810413511,20.161454647057806,21.85099627270682,T1791L,G5
W0035F0001T0006Z000C1N10.png,4,56.24928866777609,55.70468482173311,20.161454647057806,21.85099627270682,T1791L,G5
W0035F0001T0006Z000C1N10.png,5,59.88664305681535,58.249109443110484,20.161454647057806,21.85099627270682,T1791L,G5
W0035F0001T0006Z000C1N10.png,6,34.26774862533842,33.74539387914031,20.161454647057806,21.85099627270682,T1791L,G5
W0035F0001T0006Z000C1N10.png,7,36.63385762939978,35.147227231807264,20.161454647057806,21.85099627270682,T1791L,G5
W0035F0001T0006Z000C1N10.png,8,69.70210434375525,44.61229112334825,20.161454647057806,21.85099627270682,T1791L,G5
W0035F0001T0006Z000C1N10.png,9,71.98332354839853,42.693195010759716,20.161454647057806,21.85099627270682,T1791L,G5
W0035F0001T0006Z000C1N10.png,10,47.480600182217486,15.700318468107582,20.161454647057806,21.85099627270682,T1791L,G5
W0035F0001T0006Z000C1N10.png,11,49.99174176802323,24.355145601825726,20.161454647057806,21.85099627270682,T1791L,G5
W0035F0001T0006Z000C1N10.png,12,48.80649160892215,12.747548783981962,20.161454647057806,21.85099627270682,T1791L,G5
W0035F0001T0006Z000C1N10.png,13,60.07217803602146,37.047194421608665,20.161454647057806,21.85099627270682,T1791L,G5
W0035F0001T0006Z000C1N10.png,14,88.26887686279684,62.78382306474058,20.161454647057806,21.85099627270682,T1791L,G5
W0035F0001T0006Z000C1N10.png,15,73.77162035054246,53.93381292205946,20.161454647057806,21.85099627270682,T1791L,G5
W0035F0001T0006Z000C1N10.png,16,97.3021686998876,70.94016293457406,20.161454647057806,21.85099627270682,T1791L,G5
W0035F0001T0006Z000C1N10.png,17,88.45691799749557,67.07483580833392,20.161454647057806,21.85099627270682,T1791L,G5
W0035F0001T0006Z000C1N10.png,18,101.88303146196884,77.69329051721134,20.161454647057806,21.85099627270682,T1791L,G5
W0035F0001T0006Z000C1N10.png,19,83.21564617050122,63.4945457380674,20.161454647057806,21.85099627270682,T1791L,G5
W0035F0001T0006Z000C1N10.png,20,87.0515276580035,17.50110845236736,20.161454647057806,21.85099627270682,T1791L,G5
W0035F0001T0006Z000C1N11.png,1,89.35855258676679,80.14067918608801,19.358489958212022,17.904740700786036,T1791L,G5
W0035F0001T0006Z000C1N11.png,2,76.91303997261127,60.282748839919336,19.358489958212022,17.904740700786036,T1791L,G5
W0035F0001T0006Z000C1N11.png,3,78.08527616438472,63.35331335506046,19.358489958212022,17.904740700786036,T1791L,G5
W0035F0001T0006Z000C1N11.png,4,96.90643296729039,75.97876119927072,19.358489958212022,17.904740700786036,T1791L,G5
W0035F0001T0006Z000C1N11.png,5,90.70384604127125,84.82305956581509,19.358489958212022,17.904740700786036,T1791L,G5
W0035F0001T0006Z000C1N11.png,6,69.05654646806256,50.77521701879796,19.358489958212022,17.904740700786036,T1791L,G5
W0035F0001T0006Z000C1N11.png,7,72.92544648409455,60.2693187222824,19.358489958212022,17.904740700786036,T1791L,G5
W0035F0001T0006Z000C1N11.png,8,105.64457119498827,86.15140563154809,19.358489958212022,17.904740700786036,T1791L,G5
W0035F0001T0006Z000C1N11.png,9,66.86379342861952,50.93409549207569,19.358489958212022,17.904740700786036,T1791L,G5
W0035F0001T0006Z000C1N11.png,10,87.75920169849041,66.65310808703538,19.358489958212022,17.904740700786036,T1791L,G5
W0035F0001T0006Z000C1N11.png,11,73.79686920284996,52.12119940280982,19.358489958212022,17.904740700786036,T1791L,G5
W0035F0001T0006Z000C1N11.png,12,66.528822897235,44.80577469383522,19.358489958212022,17.904740700786036,T1791L,G5
W0035F0001T0006Z000C1N11.png,13,60.05434552916826,46.24328604117294,19.358489958212022,17.904740700786036,T1791L,G5
W0035F0001T0006Z000C1N11.png,14,61.44941991330104,40.18322415991205,19.358489958212022,17.904740700786036,T1791L,G5
W0035F0001T0006Z000C1N11.png,15,103.94887760394006,85.95311131034572,19.358489958212022,17.904740700786036,T1791L,G5
W0035F0001T0006Z000C1N11.png,16,59.29286749050505,48.7914021542279,19.358489958212022,17.904740700786036,T1791L,G5
W0035F0001T0006Z000C1N11.png,17,53.321311229984836,36.33998166622223,19.358489958212022,17.904740700786036,T1791L,G5
W0035F0001T0006Z000C1N11.png,18,79.25356356154776,74.54734573535501,19.358489958212022,17.904740700786036,T1791L,G5
W0035F0001T0006Z000C1N11.png,19,99.76327218844634,82.83539324136123,19.358489958212022,17.904740700786036,T1791L,G5
W0035F0001T0006Z000C1N11.png,20,84.59769286608648,66.54819695813322,19.358489958212022,17.904740700786036,T1791L,G5
W0035F0001T0006Z000C1N11.png,21,55.34152034121554,33.99546298972465,19.358489958212022,17.904740700786036,T1791L,G5
W0035F0001T0006Z000C1N11.png,22,70.02489135092597,70.58008841372175,19.358489958212022,17.904740700786036,T1791L,G5
W0035F0001T0006Z000C1N11.png,23,57.952049386557576,39.05233222797222,19.358489958212022,17.904740700786036,T1791L,G5
W0035F0001T0006Z000C1N11.png,24,59.13322628727409,59.65820491165094,19.358489958212022,17.904740700786036,T1791L,G5
W0035F0001T0006Z000C1N11.png,25,57.09049902868496,40.93181865759127,19.358489958212022,17.904740700786036,T1791L,G5
W0035F0001T0006Z000C1N11.png,26,86.0654742950324,72.87794678141078,19.358489958212022,17.904740700786036,T1791L,G5
W0035F0001T0006Z000C1N11.png,27,81.40546584629946,68.74627407749391,19.358489958212022,17.904740700786036,T1791L,G5
W0035F0001T0006Z000C1N11.png,28,36.483460118463235,36.95444092757027,19.358489958212022,17.904740700786036,T1791L,G5
W0035F0001T0006Z000C1N11.png,29,55.93994561966158,43.910439841501734,19.358489958212022,17.904740700786036,T1791L,G5
W0035F0001T0006Z000C1N11.png,30,44.47223249243724,32.33604001891657,19.358489958212022,17.904740700786036,T1791L,G5
W0035F0001T0006Z000C1N11.png,31,70.71857986015777,59.329339684206815,19.358489958212022,17.904740700786036,T1791L,G5
W0035F0001T0006Z000C1N11.png,32,84.49971884774051,74.0827449416437,19.358489958212022,17.904740700786036,T1791L,G5
W0035F0001T0006Z000C1N11.png,33,34.20086203914214,34.24337323118488,19.358489958212022,17.904740700786036,T1791L,G5
W0035F0001T0006Z000C1N11.png,34,88.54150043155799,78.60711917533396,19.358489958212022,17.904740700786036,T1791L,G5
W0035F0001T0006Z000C1N11.png,35,33.5043132217612,33.06768043026466,19.358489958212022,17.904740700786036,T1791L,G5
W0035F0001T0006Z000C1N11.png,36,27.986716497302876,28.28324673957396,19.358489958212022,17.904740700786036,T1791L,G5
W0035F0001T0006Z000C1N11.png,37,63.70603092176378,59.676091193174344,19.358489958212022,17.904740700786036,T1791L,G5
W0035F0001T0006Z000C1N11.png,38,76.16234626352644,71.54875339641767,19.358489958212022,17.904740700786036,T1791L,G5
W0035F0001T0006Z000C1N11.png,39,52.191052453194914,50.85315086758242,19.358489958212022,17.904740700786036,T1791L,G5
W0035F0001T0006Z000C1N11.png,40,33.032728941260764,31.662653779502687,19.358489958212022,17.904740700786036,T1791L,G5
W0035F0001T0006Z000C1N11.png,41,40.18306147963656,40.27036414920798,19.358489958212022,17.904740700786036,T1791L,G5
W0035F0001T0006Z000C1N11.png,42,67.79968242977588,66.24309277904756,19.358489958212022,17.904740700786036,T1791L,G5
W0035F0001T0006Z000C1N11.png,43,52.62945876612453,51.209421226679,19.358489958212022,17.904740700786036,T1791L,G5
W0035F0001T0006Z000C1N11.png,44,77.48704671129457,76.27791421214833,19.358489958212022,17.904740700786036,T1791L,G5
W0035F0001T0006Z000C1N11.png,45,63.720669430816386,63.62240865432165,19.358489958212022,17.904740700786036,T1791L,G5
W0035F0001T0006Z000C1N11.png,46,37.75769633105919,36.611218738563686,19.358489958212022,17.904740700786036,T1791L,G5
W0035F0001T0006Z000C1N11.png,47,38.30945649807863,36.65934360959827,19.358489958212022,17.904740700786036,T1791L,G5
W0035F0001T0006Z000C1N11.png,48,59.628282006236056,57.981220488720304,19.358489958212022,17.904740700786036,T1791L,G5
W0035F0001T0006Z000C1N11.png,49,39.955034293863164,37.930468010671866,19.358489958212022,17.904740700786036,T1791L,G5
W0035F0001T0006Z000C1N11.png,50,85.15395600831343,84.8375400432268,19.358489958212022,17.904740700786036,T1791L,G5
W0035F0001T0006Z000C1N11.png,51,75.54921382191557,73.8498821185645,19.358489958212022,17.904740700786036,T1791L,G5
W0035F0001T0006Z000C1N11.png,52,52.34116069646747,50.97400084126595,19.358489958212022,17.904740700786036,T1791L,G5
W0035F0001T0006Z000C1N11.png,53,57.58705701150728,56.3629295048744,19.358489958212022,17.904740700786036,T1791L,G5
W0035F0001T0006Z000C1N11.png,54,59.10106501366627,57.36582742107687,19.358489958212022,17.904740700786036,T1791L,G5
W0035F0001T0006Z000C1N11.png,55,75.77038456745558,74.61090162002641,19.358489958212022,17.904740700786036,T1791L,G5
W0035F0001T0006Z000C1N11.png,56,93.3982678590429,92.5549135342967,19.358489958212022,17.904740700786036,T1791L,G5
W0035F0001T0006Z000C1N11.png,57,84.93456441772426,83.0107386305323,19.358489958212022,17.904740700786036,T1791L,G5
W0035F0001T0006Z000C1N11.png,58,78.16947289772278,76.16919228762276,19.358489958212022,17.904740700786036,T1791L,G5
W0035F0001T0006Z000C1N11.png,59,93.808957426226,92.82947206021103,19.358489958212022,17.904740700786036,T1791L,G5
W0035F0001T0006Z000C1N13.png,1,109.37666881487857,109.44277456082865,40.82976495868266,40.930389487434255,T1791L,G5
W0035F0001T0006Z000C1N13.png,2,88.26074253309125,88.26008383691615,40.82976495868266,40.930389487434255,T1791L,G5
W0035F0001T0006Z000C1N13.png,3,60.00494058425893,59.710335131935494,40.82976495868266,40.930389487434255,T1791L,G5
W0035F0001T0006Z000C1N13.png,4,119.91237976526651,119.87297942791972,40.82976495868266,40.930389487434255,T1791L,G5
W0035F0001T0006Z000C1N13.png,5,29.34970488089025,27.7532724824291,40.82976495868266,40.930389487434255,T1791L,G5
W0035F0001T0006Z000C1N13.png,6,37.62060064565285,35.933887460979584,40.82976495868266,40.930389487434255,T1791L,G5
W0035F0001T0006Z000C1N13.png,7,70.57246959963942,69.67602845280105,40.82976495868266,40.930389487434255,T1791L,G5
W0035F0001T0006Z000C1N13.png,8,59.36989925970356,58.182370124394126,40.82976495868266,40.930389487434255,T1791L,G5
W0035F0001T0006Z000C1N13.png,9,87.7975675840513,86.94959420037421,40.82976495868266,40.930389487434255,T1791L,G5
W0035F0001T0006Z000C1N13.png,10,28.583001969761106,28.856772206137016,40.82976495868266,40.930389487434255,T1791L,G5
W0035F0001T0006Z000C1N13.png,11,20.343926702705613,20.786873621357984,40.82976495868266,40.930389487434255,T1791L,G5
W0035F0001T0006Z000C1N13.png,12,128.78853757453265,128.69900105543303,40.82976495868266,40.930389487434255,T1791L,G5
W0035F0001T0006Z000C1N13.png,13,10.244273264475972,10.746098499288655,40.82976495868266,40.930389487434255,T1791L,G5
W0035F0001T0006Z000C1N13.png,14,109.15884971574461,109.05201878633154,40.82976495868266,40.930389487434255,T1791L,G5
W0035F0001T0006Z000C1N13.png,15,143.30293222421074,143.17475332505197,40.82976495868266,40.930389487434255,T1791L,G5
W0035F0001T0006Z000C1N13.png,16,110.98321785130115,110.83195876219345,40.82976495868266,40.930389487434255,T1791L,G5
W0035F0001T0006Z000C1N13.png,17,56.52249441705334,56.317608301643,40.82976495868266,40.930389487434255,T1791L,G5
W0035F0001T0006Z000C1N13.png,18,17.101738762823167,16.601815940485118,40.82976495868266,40.930389487434255,T1791L,G5
W0035F0001T0006Z000C1N13.png,19,33.9707956701056,33.50182267799615,40.82976495868266,40.930389487434255,T1791L,G5
W0035F0001T0006Z000C1N16.png,1,85.85981531331507,86.17236741738263,11.298832030119112,11.428301881288029,T1791L,G5
W0035F0001T0006Z000C1N16.png,2,76.20879076470422,76.4775130119421,11.298832030119112,11.428301881288029,T1791L,G5
W0035F0001T0006Z000C1N16.png,3,60.82531203349421,61.07635864470112,11.298832030119112,11.428301881288029,T1791L,G5
W0035F0001T0006Z000C1N16.png,4,70.01155905468693,70.2156456489564,11.298832030119112,11.428301881288029,T1791L,G5
W0035F0001T0006Z000C1N16.png,5,67.68254626976307,67.85090226965613,11.298832030119112,11.428301881288029,T1791L,G5
W0035F0001T0006Z000C1N16.png,6,80.08415513130518,80.16250586196843,11.298832030119112,11.428301881288029,T1791L,G5
W0035F0001T0006Z000C1N16.png,7,65.47740487416377,65.38897132241193,11.298832030119112,11.428301881288029,T1791L,G5
W0035F0001T0006Z000C1N16.png,8,86.72856304209712,86.70050818461708,11.298832030119112,11.428301881288029,T1791L,G5
W0035F0001T0006Z000C1N16.png,9,66.17936218907528,65.91819435089639,11.298832030119112,11.428301881288029,T1791L,G5
W0035F0001T0006Z000C1N16.png,10,52.35857785423452,52.05497245595184,11.298832030119112,11.428301881288029,T1791L,G5
W0035F0001T0006Z000C1N16.png,11,45.08349865956975,44.783575856793384,11.298832030119112,11.428301881288029,T1791L,G5
W0035F0001T0006Z000C1N16.png,12,73.77113747014485,73.48446027648156,11.298832030119112,11.428301881288029,T1791L,G5
W0035F0001T0006Z000C1N16.png,13,62.81885705705963,62.511578895067025,11.298832030119112,11.428301881288029,T1791L,G5
W0035F0001T0006Z000C1N16.png,14,64.6492010759,64.36885977653144,11.298832030119112,11.428301881288029,T1791L,G5
W0035F0001T0006Z000C1N18.png,1,103.11259647579345,102.95749073262802,25.07526214911233,26.626669593274606,T1791L,G5
W0035F0001T0006Z000C1N18.png,2,110.05016508907569,111.58616973354115,25.07526214911233,26.626669593274606,T1791L,G5
W0035F0001T0006Z000C1N18.png,3,126.76778217839065,127.58332525843629,25.07526214911233,26.626669593274606,T1791L,G5
W0035F0001T0006Z000C1N18.png,4,92.88697168092116,82.20721320655065,25.07526214911233,26.626669593274606,T1791L,G5
W0035F0001T0006Z000C1N18.png,5,117.42288682665219,118.31865956165942,25.07526214911233,26.626669593274606,T1791L,G5
W0035F0001T0006Z000C1N18.png,6,133.30630820787707,133.71930057553297,25.07526214911233,26.626669593274606,T1791L,G5
W0035F0001T0006Z000C1N18.png,7,138.1046397585393,138.28560243305645,25.07526214911233,26.626669593274606,T1791L,G5
W0035F0001T0006Z000C1N18.png,8,92.51883957838167,65.37202280940109,25.07526214911233,26.626669593274606,T1791L,G5
W0035F0001T0006Z000C1N18.png,9,109.96399137212028,111.11499504262581,25.07526214911233,26.626669593274606,T1791L,G5
W0035F0001T0006Z000C1N18.png,10,117.63339368735487,118.34556777847706,25.07526214911233,26.626669593274606,T1791L,G5
W0035F0001T0006Z000C1N18.png,11,103.02226462033607,104.45563384650882,25.07526214911233,26.626669593274606,T1791L,G5
W0035F0001T0006Z000C1N18.png,12,89.3313834149279,84.9776323928548,25.07526214911233,26.626669593274606,T1791L,G5
W0035F0001T0006Z000C1N18.png,13,138.03697140381865,138.0135227471959,25.07526214911233,26.626669593274606,T1791L,G5
W0035F0001T0006Z000C1N18.png,14,85.86196038840856,64.49443994108272,25.07526214911233,26.626669593274606,T1791L,G5
W0035F0001T0006Z000C1N18.png,15,88.8410977947433,90.4080703958093,25.07526214911233,26.626669593274606,T1791L,G5
W0035F0001T0006Z000C1N18.png,16,93.42321667674132,94.69053849218461,25.07526214911233,26.626669593274606,T1791L,G5
W0035F0001T0006Z000C1N18.png,17,100.95109288296581,101.75857669471,25.07526214911233,26.626669593274606,T1791L,G5
W0035F0001T0006Z000C1N18.png,18,73.53474310813048,56.840736226461296,25.07526214911233,26.626669593274606,T1791L,G5
W0035F0001T0006Z000C1N18.png,19,83.04803768795216,84.80887615614708,25.07526214911233,26.626669593274606,T1791L,G5
W0035F0001T0006Z000C1N18.png,20,109.11150951744143,109.49783543878796,25.07526214911233,26.626669593274606,T1791L,G5
W0035F0001T0006Z000C1N18.png,21,69.94012583487154,47.03163889010613,25.07526214911233,26.626669593274606,T1791L,G5
W0035F0001T0006Z000C1N18.png,22,80.02740230163285,81.36483425237604,25.07526214911233,26.626669593274606,T1791L,G5
W0035F0001T0006Z000C1N18.png,23,102.80410311079586,103.01857962914457,25.07526214911233,26.626669593274606,T1791L,G5
W0035F0001T0006Z000C1N18.png,24,115.01212309955834,114.90128845020139,25.07526214911233,26.626669593274606,T1791L,G5
W0035F0001T0006Z000C1N18.png,25,126.26217936013279,125.9035350149573,25.07526214911233,26.626669593274606,T1791L,G5
W0035F0001T0006Z000C1N18.png,26,65.12631317802253,60.85737587805305,25.07526214911233,26.626669593274606,T1791L,G5
W0035F0001T0006Z000C1N18.png,27,89.23146873822932,89.64547309526131,25.07526214911233,26.626669593274606,T1791L,G5
W0035F0001T0006Z000C1N18.png,28,68.43228364819377,38.678621123317406,25.07526214911233,26.626669593274606,T1791L,G5
W0035F0001T0006Z000C1N18.png,29,81.68739033447004,82.4502330433111,25.07526214911233,26.626669593274606,T1791L,G5
W0035F0001T0006Z000C1N18.png,30,53.568246933513734,41.80053325615436,25.07526214911233,26.626669593274606,T1791L,G5
W0035F0001T0006Z000C1N18.png,31,62.718828746865746,64.64464388310512,25.07526214911233,26.626669593274606,T1791L,G5
W0035F0001T0006Z000C1N18.png,32,122.35818054583329,121.55661265957585,25.07526214911233,26.626669593274606,T1791L,G5
W0035F0001T0006Z000C1N18.png,33,65.15212987565742,66.35616395326356,25.07526214911233,26.626669593274606,T1791L,G5
W0035F0001T0006Z000C1N18.png,34,115.09338336804454,114.30396319319807,25.07526214911233,26.626669593274606,T1791L,G5
W0035F0001T0006Z000C1N18.png,35,72.35469676821687,72.70109671471373,25.07526214911233,26.626669593274606,T1791L,G5
W0035F0001T0006Z000C1N18.png,36,88.1994403662449,87.99721828790692,25.07526214911233,26.626669593274606,T1791L,G5
W0035F0001T0006Z000C1N18.png,37,103.23015893131019,102.64547776190587,25.07526214911233,26.626669593274606,T1791L,G5
W0035F0001T0006Z000C1N18.png,38,63.291648577569184,63.551692714822096,25.07526214911233,26.626669593274606,T1791L,G5
W0035F0001T0006Z000C1N18.png,39,42.89318238648522,44.87649295373283,25.07526214911233,26.626669593274606,T1791L,G5
W0035F0001T0006Z000C1N18.png,40,53.2585650553665,54.02662973312281,25.07526214911233,26.626669593274606,T1791L,G5
W0035F0001T0006Z000C1N18.png,41,38.444335570670695,32.499651068557164,25.07526214911233,26.626669593274606,T1791L,G5
W0035F0001T0006Z000C1N18.png,42,87.64676269278952,86.90565805220342,25.07526214911233,26.626669593274606,T1791L,G5
W0035F0001T0006Z000C1N18.png,43,78.78525557869848,78.17517177549306,25.07526214911233,26.626669593274606,T1791L,G5
W0035F0001T0006Z000C1N18.png,44,117.08539296480704,115.90138977625577,25.07526214911233,26.626669593274606,T1791L,G5
W0035F0001T0006Z000C1N18.png,45,100.49339890587633,99.29563183551474,25.07526214911233,26.626669593274606,T1791L,G5
W0035F0001T0006Z000C1N18.png,46,45.87597058058799,46.12536202129006,25.07526214911233,26.626669593274606,T1791L,G5
W0035F0001T0006Z000C1N18.png,47,65.39774567704296,64.70037327743408,25.07526214911233,26.626669593274606,T1791L,G5
W0035F0001T0006Z000C1N18.png,48,92.90309907389407,91.53026353177601,25.07526214911233,26.626669593274606,T1791L,G5
W0035F0001T0006Z000C1N18.png,49,85.20600213692882,83.68640500043358,25.07526214911233,26.626669593274606,T1791L,G5
W0035F0001T0006Z000C1N18.png,50,105.20484406191925,103.38230678670585,25.07526214911233,26.626669593274606,T1791L,G5
W0035F0001T0006Z000C1N18.png,51,56.31360093606205,55.491814622437715,25.07526214911233,26.626669593274606,T1791L,G5
W0035F0001T0006Z000C1N18.png,52,96.8388468214602,94.95760619472193,25.07526214911233,26.626669593274606,T1791L,G5
W0035F0001T0006Z000C1N18.png,53,75.4096963659688,73.79087044703687,25.07526214911233,26.626669593274606,T1791L,G5
W0035F0001T0006Z000C1N18.png,54,101.31427474631319,99.25917671968982,25.07526214911233,26.626669593274606,T1791L,G5
W0035F0001T0006Z000C1N18.png,55,49.32068371898392,47.50174005385628,25.07526214911233,26.626669593274606,T1791L,G5
W0035F0001T0006Z000C1N18.png,56,76.14172052694322,74.08405305017689,25.07526214911233,26.626669593274606,T1791L,G5
W0035F0001T0006Z000C1N18.png,57,82.46966009192377,80.29156249738507,25.07526214911233,26.626669593274606,T1791L,G5
W0035F0001T0006Z000C1N18.png,58,66.33332250956768,64.03909534854621,25.07526214911233,26.626669593274606,T1791L,G5
W0035F0001T0006Z000C1N18.png,59,93.33773722081857,91.01194009105998,25.07526214911233,26.626669593274606,T1791L,G5
W0035F0001T0006Z000C1N18.png,60,100.81995696433056,98.38137226977483,25.07526214911233,26.626669593274606,T1791L,G5
W0035F0001T0006Z000C1N18.png,61,110.65050522346681,108.16008443043992,25.07526214911233,26.626669593274606,T1791L,G5
W0035F0001T0006Z000C1N18.png,62,85.41169527063681,82.7126549863864,25.07526214911233,26.626669593274606,T1791L,G5
W0035F0001T0006Z000C1N18.png,63,103.84562699779052,101.08212785507816,25.07526214911233,26.626669593274606,T1791L,G5
W0035F0001T0006Z000C1N18.png,64,76.03666450765819,72.82538674043164,25.07526214911233,26.626669593274606,T1791L,G5
W0035F0001T0006Z000C1N18.png,65,90.53327558877233,87.44112535059976,25.07526214911233,26.626669593274606,T1791L,G5
W0035F0001T0006Z000C1N18.png,66,75.84254405465911,72.1676125076955,25.07526214911233,26.626669593274606,T1791L,G5
W0035F0001T0006Z000C1N18.png,67,66.79268996849524,62.92641270077832,25.07526214911233,26.626669593274606,T1791L,G5
W0035F0001T0006Z000C1N18.png,68,88.2128326475825,84.62792931856623,25.07526214911233,26.626669593274606,T1791L,G5
W0035F0001T0006Z000C1N18.png,69,38.021060631240154,34.92471768781815,25.07526214911233,26.626669593274606,T1791L,G5
W0035F0001T0006Z000C1N18.png,70,98.42898968566543,94.89093330080487,25.07526214911233,26.626669593274606,T1791L,G5
W0035F0001T0006Z000C1N18.png,71,115.24591324093689,111.84353786203292,25.07526214911233,26.626669593274606,T1791L,G5
W0035F0001T0006Z000C1N18.png,72,54.07049238991637,49.91732755622224,25.07526214911233,26.626669593274606,T1791L,G5
W0035F0001T0006Z000C1N18.png,73,94.4120813027832,90.70479714635141,25.07526214911233,26.626669593274606,T1791L,G5
W0035F0001T0006Z000C1N18.png,74,34.72423114812069,34.35508120989196,25.07526214911233,26.626669593274606,T1791L,G5
W0035F0001T0006Z000C1N18.png,75,48.8585693476195,44.74298542674724,25.07526214911233,26.626669593274606,T1791L,G5
W0035F0001T0006Z000C1N18.png,76,43.02734814740771,43.27809870084975,25.07526214911233,26.626669593274606,T1791L,G5
W0035F0001T0006Z000C1N18.png,77,49.8281165040919,47.64259841565532,25.07526214911233,26.626669593274606,T1791L,G5
W0035F0001T0006Z000C1N18.png,78,80.74469192421701,76.80422932425488,25.07526214911233,26.626669593274606,T1791L,G5
W0035F0001T0006Z000C1N18.png,79,90.08559259383807,86.25382718970398,25.07526214911233,26.626669593274606,T1791L,G5
W0035F0001T0006Z000C1N18.png,80,61.434413048268546,57.28868124562012,25.07526214911233,26.626669593274606,T1791L,G5
W0035F0001T0006Z000C1N18.png,81,74.12293334036926,70.04238554973523,25.07526214911233,26.626669593274606,T1791L,G5
W0035F0001T0006Z000C1N18.png,82,53.79040718197557,49.97356808590021,25.07526214911233,26.626669593274606,T1791L,G5
W0035F0001T0006Z000C1N18.png,83,69.3230617429114,65.17016466723209,25.07526214911233,26.626669593274606,T1791L,G5
W0035F0001T0006Z000C1N18.png,84,117.12385128689955,113.4832717540492,25.07526214911233,26.626669593274606,T1791L,G5
W0035F0001T0006Z000C1N18.png,85,128.46973634142083,124.86450643107824,25.07526214911233,26.626669593274606,T1791L,G5
W0035F0001T0006Z000C1N19.png,1,88.40213418811378,1.7504959614666669,25.93121277447987,26.57655514650021,T1791L,G5
W0035F0001T0006Z000C1N19.png,2,95.78141565654313,13.25018198104706,25.93121277447987,26.57655514650021,T1791L,G5
W0035F0001T0006Z000C1N19.png,3,14.41282731604693,7.670026151908801,25.93121277447987,26.57655514650021,T1791L,G5
W0035F0001T0006Z000C1N19.png,4,56.445600290113866,50.61546597086242,25.93121277447987,26.57655514650021,T1791L,G5
W0035F0001T0006Z000C1N19.png,5,28.97543321054947,30.567581090495562,25.93121277447987,26.57655514650021,T1791L,G5
W0035F0001T0006Z000C1N19.png,6,69.30525424777487,33.412536112130795,25.93121277447987,26.57655514650021,T1791L,G5
W0035F0001T0006Z000C1N19.png,7,68.38548923848268,27.966901320032658,25.93121277447987,26.57655514650021,T1791L,G5
W0035F0001T0006Z000C1N19.png,8,50.775526951972026,48.9841968016688,25.93121277447987,26.57655514650021,T1791L,G5
W0035F0001T0006Z000C1N19.png,9,37.8305167303269,35.96461822962643,25.93121277447987,26.57655514650021,T1791L,G5
W0035F0001T0006Z000C1N19.png,10,64.99416260820477,26.750032450655286,25.93121277447987,26.57655514650021,T1791L,G5
W0035F0001T0006Z000C1N19.png,11,95.05908788771733,23.884230412378827,25.93121277447987,26.57655514650021,T1791L,G5
W0035F0001T0006Z000C1N19.png,12,56.21943245412603,46.50069070574233,25.93121277447987,26.57655514650021,T1791L,G5
W0035F0001T0006Z000C1N19.png,13,11.738191188229537,14.563415147554053,25.93121277447987,26.57655514650021,T1791L,G5
W0035F0001T0006Z000C1N19.png,14,80.44916154934765,13.055327864637295,25.93121277447987,26.57655514650021,T1791L,G5
W0035F0001T0006Z000C1N19.png,15,57.021267125905254,37.35308570414652,25.93121277447987,26.57655514650021,T1791L,G5
W0035F0001T0006Z000C1N19.png,16,6.781512012409476,2.8455083780845705,25.93121277447987,26.57655514650021,T1791L,G5
W0035F0001T0006Z000C1N19.png,17,49.04730932354097,45.119097833844435,25.93121277447987,26.57655514650021,T1791L,G5
W0035F0001T0006Z000C1N19.png,18,67.96166050949087,19.34959501532124,25.93121277447987,26.57655514650021,T1791L,G5
W0035F0001T0006Z000C1N19.png,19,10.611748767551653,4.763789921326152,25.93121277447987,26.57655514650021,T1791L,G5
W0035F0001T0006Z000C1N19.png,20,71.82420023016327,28.97379683054634,25.93121277447987,26.57655514650021,T1791L,G5
W0035F0001T0006Z000C1N19.png,21,17.916261940400116,9.91151047069168,25.93121277447987,26.57655514650021,T1791L,G5
W0035F0001T0006Z000C1N19.png,22,41.40104902469931,36.614833317904605,25.93121277447987,26.57655514650021,T1791L,G5
W0035F0001T0006Z000C1N19.png,23,17.684850167024557,5.439837932759933,25.93121277447987,26.57655514650021,T1791L,G5
W0035F0001T0006Z000C1N19.png,24,58.990423768268904,33.01046117599925,25.93121277447987,26.57655514650021,T1791L,G5
W0035F0001T0006Z000C1N19.png,25,84.35224512362805,44.11642189202967,25.93121277447987,26.57655514650021,T1791L,G5
W0035F0001T0006Z000C1N19.png,26,48.51361305781432,39.44192715677409,25.93121277447987,26.57655514650021,T1791L,G5
W0035F0001T0006Z000C1N19.png,27,78.27572088824684,40.18347606278423,25.93121277447987,26.57655514650021,T1791L,G5
W0035F0001T0006Z000C1N19.png,28,3.920938681088064,11.351026605054797,25.93121277447987,26.57655514650021,T1791L,G5
W0035F0001T0006Z000C1N19.png,29,41.02249917477734,40.625622941513406,25.93121277447987,26.57655514650021,T1791L,G5
W0035F0001T0006Z000C1N19.png,30,60.70214440906501,47.98026576393441,25.93121277447987,26.57655514650021,T1791L,G5
W0035F0001T0006Z000C1N19.png,31,8.912286831088034,21.264065787782908,25.93121277447987,26.57655514650021,T1791L,G5
W0035F0001T0006Z000C1N19.png,32,73.60791049896335,50.79882051285376,25.93121277447987,26.57655514650021,T1791L,G5
W0035F0001T0006Z000C1N19.png,33,18.102301493719033,0.675862503366474,25.93121277447987,26.57655514650021,T1791L,G5
W0035F0001T0006Z000C1N19.png,34,17.90099428865588,17.582332647015754,25.93121277447987,26.57655514650021,T1791L,G5
W0035F0001T0006Z000C1N19.png,35,19.837530683815586,31.118684206896667,25.93121277447987,26.57655514650021,T1791L,G5
W0035F0001T0006Z000C1N19.png,36,47.50517208240134,47.126662399616016,25.93121277447987,26.57655514650021,T1791L,G5
W0035F0001T0006Z000C1N19.png,37,28.764803709480752,28.900273916273125,25.93121277447987,26.57655514650021,T1791L,G5
W0035F0001T0006Z000C1N19.png,38,57.02109394061479,56.68741262521512,25.93121277447987,26.57655514650021,T1791L,G5
W0035F0001T0006Z000C1N19.png,39,15.725937152844155,11.305941786309345,25.93121277447987,26.57655514650021,T1791L,G5
W0035F0001T0006Z000C1N19.png,40,64.57019226465839,63.192937891637996,25.93121277447987,26.57655514650021,T1791L,G5
W0035F0001T0006Z000C1N19.png,41,22.231543552706675,23.585410849469444,25.93121277447987,26.57655514650021,T1791L,G5
W0035F0001T0006Z000C1N19.png,42,12.347078029193108,12.482591597079674,25.93121277447987,26.57655514650021,T1791L,G5
W0035F0001T0006Z000C1N19.png,43,50.94346632751939,50.63631394560377,25.93121277447987,26.57655514650021,T1791L,G5
W0035F0001T0006Z000C1N19.png,44,29.379156946301123,18.82555751119677,25.93121277447987,26.57655514650021,T1791L,G5
W0035F0001T0006Z000C1N19.png,45,27.444746755105356,33.93901619607987,25.93121277447987,26.57655514650021,T1791L,G5
W0035F0001T0006Z000C1N19.png,46,49.17010102764782,48.905819694930074,25.93121277447987,26.57655514650021,T1791L,G5
W0035F0001T0006Z000C1N19.png,47,59.35991997039886,59.10418911847115,25.93121277447987,26.57655514650021,T1791L,G5
W0035F0001T0006Z000C1N19.png,48,34.975657608608685,31.744543615914775,25.93121277447987,26.57655514650021,T1791L,G5
W0035F0001T0006Z000C1N19.png,49,23.179260988357846,23.54018030539981,25.93121277447987,26.57655514650021,T1791L,G5
W0035F0001T0006Z000C1N19.png,50,38.30395957821466,37.59572145344384,25.93121277447987,26.57655514650021,T1791L,G5
W0035F0001T0006Z000C1N19.png,51,43.58225065263334,36.85380288956405,25.93121277447987,26.57655514650021,T1791L,G5
W0035F0001T0006Z000C1N19.png,52,56.44041388988207,56.246032395003205,25.93121277447987,26.57655514650021,T1791L,G5
W0035F0001T0006Z000C1N19.png,53,67.83851705256076,67.64233335269435,25.93121277447987,26.57655514650021,T1791L,G5
W0035F0001T0006Z000C1N19.png,54,51.991752761204104,42.98506774896041,25.93121277447987,26.57655514650021,T1791L,G5
W0035F0001T0006Z000C1N19.png,55,50.21088506013447,46.52091794541933,25.93121277447987,26.57655514650021,T1791L,G5
W0035F0001T0006Z000C1N19.png,56,54.73406172683457,54.597841013042846,25.93121277447987,26.57655514650021,T1791L,G5
W0035F0001T0006Z000C1N19.png,57,79.82799635786142,79.64121170277123,25.93121277447987,26.57655514650021,T1791L,G5
W0035F0001T0006Z000C1N19.png,58,67.92603152797646,67.81614161873982,25.93121277447987,26.57655514650021,T1791L,G5
W0035F0001T0006Z000C1N19.png,59,62.24524701333833,51.96668567219856,25.93121277447987,26.57655514650021,T1791L,G5
W0035F0001T0006Z000C1N19.png,60,56.63017497911744,56.570097578753526,25.93121277447987,26.57655514650021,T1791L,G5
W0035F0001T0006Z000C1N19.png,61,82.66594382089599,82.523163591173,25.93121277447987,26.57655514650021,T1791L,G5
W0035F0001T0006Z000C1N19.png,62,63.424609290916756,55.242080673910735,25.93121277447987,26.57655514650021,T1791L,G5
W0035F0001T0006Z000C1N19.png,63,47.30482246488218,47.69215997584133,25.93121277447987,26.57655514650021,T1791L,G5
W0035F0001T0006Z000C1N19.png,64,90.17849331786752,90.07426216805158,25.93121277447987,26.57655514650021,T1791L,G5
W0035F0001T0006Z000C1N19.png,65,74.00229024463634,73.96572505564879,25.93121277447987,26.57655514650021,T1791L,G5
W0035F0001T0006Z000C1N19.png,66,76.43143621866366,66.68141742391148,25.93121277447987,26.57655514650021,T1791L,G5
W0035F0001T0006Z000C1N19.png,67,87.72067872776235,87.6388308691095,25.93121277447987,26.57655514650021,T1791L,G5
W0035F0001T0006Z000C1N19.png,68,60.139551850308436,60.53447524958294,25.93121277447987,26.57655514650021,T1791L,G5
W0035F0001T0006Z000C1N19.png,69,53.53859487833227,53.911273386297054,25.93121277447987,26.57655514650021,T1791L,G5
W0035F0001T0006Z000C1N19.png,70,49.167348441694486,49.48490747332187,25.93121277447987,26.57655514650021,T1791L,G5
W0035F0001T0006Z000C1N19.png,71,81.64841653061575,81.62482255985996,25.93121277447987,26.57655514650021,T1791L,G5
W0035F0001T0006Z000C1N19.png,72,58.49323373460403,58.82047532896424,25.93121277447987,26.57655514650021,T1791L,G5
W0035F0001T0006Z000C1N19.png,73,77.60923670259959,77.60876311721681,25.93121277447987,26.57655514650021,T1791L,G5
W0035F0001T0006Z000C1N19.png,74,94.89924922484401,94.83155168855501,25.93121277447987,26.57655514650021,T1791L,G5
W0035F0001T0006Z000C1N19.png,75,95.6062386840416,95.57095607219047,25.93121277447987,26.57655514650021,T1791L,G5
W0035F0001T0006Z000C1N19.png,76,68.96483595356598,69.13519019062825,25.93121277447987,26.57655514650021,T1791L,G5
W0035F0001T0006Z000C1N19.png,77,90.82597079541772,90.83181836988906,25.93121277447987,26.57655514650021,T1791L,G5
W0035F0001T0006Z000C1N19.png,78,78.56755835040349,78.95583743746003,25.93121277447987,26.57655514650021,T1791L,G5
W0035F0001T0006Z000C1N19.png,79,69.80658806267404,70.130386480804,25.93121277447987,26.57655514650021,T1791L,G5
W0035F0001T0006Z000C1N19.png,80,75.27282306475958,75.45314285040415,25.93121277447987,26.57655514650021,T1791L,G5
W0035F0001T0006Z000C1N19.png,81,85.7027254267254,85.77509889506932,25.93121277447987,26.57655514650021,T1791L,G5
W0035F0001T0006Z000C1N19.png,82,104.63473862113709,104.61894940330232,25.93121277447987,26.57655514650021,T1791L,G5
W0035F0001T0006Z000C1N19.png,83,101.84826375219352,93.49215005012182,25.93121277447987,26.57655514650021,T1791L,G5
W0035F0001T0006Z000C1N19.png,84,95.92334051977345,96.31603995458661,25.93121277447987,26.57655514650021,T1791L,G5
W0035F0001T0006Z000C1N19.png,85,85.36377763026586,85.73851381387999,25.93121277447987,26.57655514650021,T1791L,G5
W0035F0001T0006Z000C1N19.png,86,77.29057171998005,77.5798714390845,25.93121277447987,26.57655514650021,T1791L,G5
W0035F0001T0006Z000C1N19.png,87,81.59800184072847,81.73343805730688,25.93121277447987,26.57655514650021,T1791L,G5
W0035F0001T0006Z000C1N21.png,1,81.80946273120468,72.48209346647783,24.176139221898406,22.303116668238335,T1791L,G5
W0035F0001T0006Z000C1N21.png,2,101.88026897169394,101.21914478729698,24.176139221898406,22.303116668238335,T1791L,G5
W0035F0001T0006Z000C1N21.png,3,84.28868657056674,72.95592422764445,24.176139221898406,22.303116668238335,T1791L,G5
W0035F0001T0006Z000C1N21.png,4,112.74860656850963,100.03777270769349,24.176139221898406,22.303116668238335,T1791L,G5
W0035F0001T0006Z000C1N21.png,5,86.15795498808544,73.7418888574325,24.176139221898406,22.303116668238335,T1791L,G5
W0035F0001T0006Z000C1N21.png,6,84.12795366472072,82.52257064950682,24.176139221898406,22.303116668238335,T1791L,G5
W0035F0001T0006Z000C1N21.png,7,96.06725397628588,96.10534826624743,24.176139221898406,22.303116668238335,T1791L,G5
W0035F0001T0006Z000C1N21.png,8,71.37620856442734,60.57389033381322,24.176139221898406,22.303116668238335,T1791L,G5
W0035F0001T0006Z000C1N21.png,9,71.48307751194582,65.83695991245,24.176139221898406,22.303116668238335,T1791L,G5
W0035F0001T0006Z000C1N21.png,10,91.75138291843054,79.06599328016655,24.176139221898406,22.303116668238335,T1791L,G5
W0035F0001T0006Z000C1N21.png,11,97.76683815535789,85.05876470541247,24.176139221898406,22.303116668238335,T1791L,G5
W0035F0001T0006Z000C1N21.png,12,65.56500455180232,56.872100834200104,24.176139221898406,22.303116668238335,T1791L,G5
W0035F0001T0006Z000C1N21.png,13,70.13413646389816,62.94856549036125,24.176139221898406,22.303116668238335,T1791L,G5
W0035F0001T0006Z000C1N21.png,14,77.77393628525459,76.7348039983912,24.176139221898406,22.303116668238335,T1791L,G5
W0035F0001T0006Z000C1N21.png,15,68.60814128653772,65.93217039356519,24.176139221898406,22.303116668238335,T1791L,G5
W0035F0001T0006Z000C1N21.png,16,63.45890697204526,52.2139637985911,24.176139221898406,22.303116668238335,T1791L,G5
W0035F0001T0006Z000C1N21.png,17,96.76379290715828,84.17676679327235,24.176139221898406,22.303116668238335,T1791L,G5
W0035F0001T0006Z000C1N21.png,18,63.10792345748377,59.12325261924577,24.176139221898406,22.303116668238335,T1791L,G5
W0035F0001T0006Z000C1N21.png,19,73.60816185124396,60.983838915788766,24.176139221898406,22.303116668238335,T1791L,G5
W0035F0001T0006Z000C1N21.png,20,68.13038779837213,55.72491915039672,24.176139221898406,22.303116668238335,T1791L,G5
W0035F0001T0006Z000C1N21.png,21,57.13076163917056,46.78004288686228,24.176139221898406,22.303116668238335,T1791L,G5
W0035F0001T0006Z000C1N21.png,22,63.00634282601261,51.07684134081559,24.176139221898406,22.303116668238335,T1791L,G5
W0035F0001T0006Z000C1N21.png,23,57.388076562518094,48.786252903444094,24.176139221898406,22.303116668238335,T1791L,G5
W0035F0001T0006Z000C1N21.png,24,56.21529140966913,50.402038775462195,24.176139221898406,22.303116668238335,T1791L,G5
W0035F0001T0006Z000C1N21.png,25,80.73710419758467,68.02762906661323,24.176139221898406,22.303116668238335,T1791L,G5
W0035F0001T0006Z000C1N21.png,26,56.17960201030657,53.8384072831758,24.176139221898406,22.303116668238335,T1791L,G5
W0035F0001T0006Z000C1N21.png,27,64.67705731076809,64.6718553876277,24.176139221898406,22.303116668238335,T1791L,G5
W0035F0001T0006Z000C1N21.png,28,47.00494613772415,38.88231277882553,24.176139221898406,22.303116668238335,T1791L,G5
W0035F0001T0006Z000C1N21.png,29,73.35300992328781,74.71243529371617,24.176139221898406,22.303116668238335,T1791L,G5
W0035F0001T0006Z000C1N21.png,30,93.28445487426038,81.03492149104837,24.176139221898406,22.303116668238335,T1791L,G5
W0035F0001T0006Z000C1N21.png,31,49.23906116801619,38.0306526501699,24.176139221898406,22.303116668238335,T1791L,G5
W0035F0001T0006Z000C1N21.png,32,49.37889722623533,44.96656607756258,24.176139221898406,22.303116668238335,T1791L,G5
W0035F0001T0006Z000C1N21.png,33,80.15433363876164,67.7156783052065,24.176139221898406,22.303116668238335,T1791L,G5
W0035F0001T0006Z000C1N21.png,34,71.90946258955405,59.37448357475263,24.176139221898406,22.303116668238335,T1791L,G5
W0035F0001T0006Z000C1N21.png,35,51.750196635667145,39.31564276291541,24.176139221898406,22.303116668238335,T1791L,G5
W0035F0001T0006Z000C1N21.png,36,36.720216380579046,28.001633999863163,24.176139221898406,22.303116668238335,T1791L,G5
W0035F0001T0006Z000C1N21.png,37,52.8061121918618,54.33228221708572,24.176139221898406,22.303116668238335,T1791L,G5
W0035F0001T0006Z000C1N21.png,38,37.85501801477424,26.244390646474887,24.176139221898406,22.303116668238335,T1791L,G5
W0035F0001T0006Z000C1N21.png,39,37.42349865383726,36.62808200526849,24.176139221898406,22.303116668238335,T1791L,G5
W0035F0001T0006Z000C1N21.png,40,74.72849786106293,63.146823293911964,24.176139221898406,22.303116668238335,T1791L,G5
W0035F0001T0006Z000C1N21.png,41,49.469050261458364,53.483343357187984,24.176139221898406,22.303116668238335,T1791L,G5
W0035F0001T0006Z000C1N21.png,42,67.00884254627364,72.09384372538074,24.176139221898406,22.303116668238335,T1791L,G5
W0035F0001T0006Z000C1N21.png,43,86.61145573662452,75.51641773480561,24.176139221898406,22.303116668238335,T1791L,G5
W0035F0001T0006Z000C1N21.png,44,63.4820155642402,52.33384799667119,24.176139221898406,22.303116668238335,T1791L,G5
W0035F0001T0006Z000C1N21.png,45,60.49322404633531,66.96384344470569,24.176139221898406,22.303116668238335,T1791L,G5
W0035F0001T0006Z000C1N21.png,46,24.61990769104879,12.529057110640386,24.176139221898406,22.303116668238335,T1791L,G5
W0035F0001T0006Z000C1N21.png,47,66.52745035674653,73.30844725645225,24.176139221898406,22.303116668238335,T1791L,G5
W0035F0001T0006Z000C1N21.png,48,32.258391325956936,36.07395672016489,24.176139221898406,22.303116668238335,T1791L,G5
W0035F0001T0006Z000C1N21.png,49,19.167363730607615,11.95405461577751,24.176139221898406,22.303116668238335,T1791L,G5
W0035F0001T0006Z000C1N21.png,50,42.26696180427851,48.55071723294241,24.176139221898406,22.303116668238335,T1791L,G5
W0035F0001T0006Z000C1N21.png,51,20.237539381859225,7.568563491317212,24.176139221898406,22.303116668238335,T1791L,G5
W0035F0001T0006Z000C1N21.png,52,13.928202484608695,3.632400362435174,24.176139221898406,22.303116668238335,T1791L,G5
W0035F0001T0006Z000C1N21.png,53,43.463439386513194,51.022869279618014,24.176139221898406,22.303116668238335,T1791L,G5
W0035F0001T0006Z000C1N21.png,54,20.442373483625623,21.90205659598359,24.176139221898406,22.303116668238335,T1791L,G5
W0035F0001T0006Z000C1N21.png,55,8.630615083467427,12.408414560450334,24.176139221898406,22.303116668238335,T1791L,G5
W0035F0001T0006Z000C1N21.png,56,29.625759739144577,37.17845336229072,24.176139221898406,22.303116668238335,T1791L,G5
W0035F0001T0006Z000C1N21.png,57,75.38111661705433,72.56624837835467,24.176139221898406,22.303116668238335,T1791L,G5
W0035F0001T0006Z000C1N21.png,58,70.81918800696704,62.32049747365117,24.176139221898406,22.303116668238335,T1791L,G5
W0035F0001T0006Z000C1N21.png,59,20.95843560700504,11.426299687243842,24.176139221898406,22.303116668238335,T1791L,G5
W0035F0001T0006Z000C1N21.png,60,63.38594412281343,72.21480445554838,24.176139221898406,22.303116668238335,T1791L,G5
W0035F0001T0006Z000C1N21.png,61,33.46519858638791,42.62123663280284,24.176139221898406,22.303116668238335,T1791L,G5
W0035F0001T0006Z000C1N21.png,62,44.941300563854426,54.46928828217268,24.176139221898406,22.303116668238335,T1791L,G5
W0035F0001T0006Z000C1N21.png,63,6.082172015006761,14.326422400897336,24.176139221898406,22.303116668238335,T1791L,G5
W0035F0001T0006Z000C1N21.png,64,27.83763728503503,38.574328928638394,24.176139221898406,22.303116668238335,T1791L,G5
W0035F0001T0006Z000C1N21.png,65,57.01506451475464,67.02082740862964,24.176139221898406,22.303116668238335,T1791L,G5
W0035F0001T0006Z000C1N21.png,66,47.668064754557726,36.109405461282314,24.176139221898406,22.303116668238335,T1791L,G5
W0035F0001T0006Z000C1N21.png,67,59.5074355688822,62.71920115921058,24.176139221898406,22.303116668238335,T1791L,G5
W0035F0001T0006Z000C1N21.png,68,51.092517892203574,44.37641942709339,24.176139221898406,22.303116668238335,T1791L,G5
W0035F0001T0006Z000C1N21.png,69,10.087197792979863,22.719592391705305,24.176139221898406,22.303116668238335,T1791L,G5
W0035F0001T0006Z000C1N21.png,70,13.466939713592412,19.3521743567287,24.176139221898406,22.303116668238335,T1791L,G5
W0035F0001T0006Z000C1N21.png,71,39.66136603926399,50.571051061579674,24.176139221898406,22.303116668238335,T1791L,G5
W0035F0001T0006Z000C1N21.png,72,37.75500304766955,50.00879985324441,24.176139221898406,22.303116668238335,T1791L,G5
W0035F0001T0006Z000C1N21.png,73,23.521705943934275,27.26833462748665,24.176139221898406,22.303116668238335,T1791L,G5
W0035F0001T0006Z000C1N21.png,74,53.23469817860335,74.98301215627458,24.176139221898406,22.303116668238335,T1791L,G5
W0035F0001T0006Z000C1N21.png,75,43.78942852582557,43.9191157705996,24.176139221898406,22.303116668238335,T1791L,G5
W0035F0001T0006Z000C1N21.png,76,27.745359759500513,39.80608373940523,24.176139221898406,22.303116668238335,T1791L,G5
W0035F0001T0006Z000C1N21.png,77,48.86046317255821,61.196303632834535,24.176139221898406,22.303116668238335,T1791L,G5
W0035F0001T0006Z000C1N21.png,78,38.13310441136221,57.16784016998628,24.176139221898406,22.303116668238335,T1791L,G5
W0035F0001T0006Z000C1N21.png,79,43.294663653368026,81.84112502896508,24.176139221898406,22.303116668238335,T1791L,G5
W0035F0001T0006Z000C1N21.png,80,37.95705601767224,50.66288388799932,24.176139221898406,22.303116668238335,T1791L,G5
W0035F0001T0006Z000C1N21.png,81,39.55139396789575,46.74213182942868,24.176139221898406,22.303116668238335,T1791L,G5
W0035F0001T0006Z000C1N21.png,82,64.57708216351496,76.85134652387605,24.176139221898406,22.303116668238335,T1791L,G5
W0035F0001T0006Z000C1N21.png,83,70.9743897010456,83.08368026276922,24.176139221898406,22.303116668238335,T1791L,G5
W0035F0001T0006Z000C1N21.png,84,41.13774720456697,46.03265022229066,24.176139221898406,22.303116668238335,T1791L,G5
W0035F0001T0006Z000C1N21.png,85,30.005520463487333,64.34713350024886,24.176139221898406,22.303116668238335,T1791L,G5
W0035F0001T0006Z000C1N21.png,86,29.040507694806607,75.99883059917302,24.176139221898406,22.303116668238335,T1791L,G5
W0035F0001T0006Z000C1N21.png,87,39.83369932346233,49.468837990998054,24.176139221898406,22.303116668238335,T1791L,G5
W0035F0001T0006Z000C1N21.png,88,23.555649662698126,68.93167504924915,24.176139221898406,22.303116668238335,T1791L,G5
W0035F0001T0006Z000C1N21.png,89,50.74753383587375,63.40345630100463,24.176139221898406,22.303116668238335,T1791L,G5
W0035F0001T0006Z000C1N21.png,90,24.88005564791739,61.77754698119909,24.176139221898406,22.303116668238335,T1791L,G5
W0035F0001T0006Z000C1N21.png,91,41.13694242010401,53.45426497786522,24.176139221898406,22.303116668238335,T1791L,G5
W0035F0001T0006Z000C1N21.png,92,29.565436768859275,57.678579329475866,24.176139221898406,22.303116668238335,T1791L,G5
W0035F0001T0006Z000C1N21.png,93,65.90154251323214,78.5470470939021,24.176139221898406,22.303116668238335,T1791L,G5
W0035F0001T0006Z000C1N21.png,94,16.134363857653756,74.62645954250372,24.176139221898406,22.303116668238335,T1791L,G5
W0035F0001T0006Z000C1N21.png,95,41.09799539323539,49.20775429172615,24.176139221898406,22.303116668238335,T1791L,G5
W0035F0001T0006Z000C1N21.png,96,29.053911456244382,92.35327263532571,24.176139221898406,22.303116668238335,T1791L,G5
W0035F0001T0006Z000C1N21.png,97,65.52617135061851,78.15541192226232,24.176139221898406,22.303116668238335,T1791L,G5
W0035F0001T0006Z000C1N21.png,98,82.97641063884369,95.63838656871896,24.176139221898406,22.303116668238335,T1791L,G5
W0035F0001T0006Z000C1N21.png,99,54.68617579529192,64.85279314448418,24.176139221898406,22.303116668238335,T1791L,G5
W0035F0001T0006Z000C1N21.png,100,76.73608443448165,89.43416806527004,24.176139221898406,22.303116668238335,T1791L,G5
W0035F0001T0006Z000C1N21.png,101,12.67168319554979,88.88349478945038,24.176139221898406,22.303116668238335,T1791L,G5
W0035F0001T0006Z000C1N21.png,102,48.34452518629721,66.07343706861963,24.176139221898406,22.303116668238335,T1791L,G5
W0035F0001T0006Z000C1N21.png,103,76.56580095740651,89.18189949324282,24.176139221898406,22.303116668238335,T1791L,G5
W0035F0001T0006Z000C1N21.png,104,66.32787330842517,78.27001176513014,24.176139221898406,22.303116668238335,T1791L,G5
W0035F0001T0006Z000C1N21.png,105,16.649886741286192,98.45040435049637,24.176139221898406,22.303116668238335,T1791L,G5
W0035F0001T0006Z000C1N21.png,106,6.31499683206565,81.82066938211429,24.176139221898406,22.303116668238335,T1791L,G5
W0035F0001T0006Z000C1N21.png,107,16.030492623081468,79.12019887326461,24.176139221898406,22.303116668238335,T1791L,G5
W0035F0001T0006Z000C1N21.png,108,35.29071355541594,71.29529352614736,24.176139221898406,22.303116668238335,T1791L,G5
W0035F0001T0006Z000C1N21.png,109,51.61205579655193,73.54752642219357,24.176139221898406,22.303116668238335,T1791L,G5
W0035F0001T0006Z000C1N21.png,110,64.33924507402189,75.52337410743463,24.176139221898406,22.303116668238335,T1791L,G5
W0035F0001T0006Z000C1N21.png,111,87.6889011282038,100.37255137364586,24.176139221898406,22.303116668238335,T1791L,G5
W0035F0001T0006Z000C1N21.png,112,86.53616284224451,99.24446277160716,24.176139221898406,22.303116668238335,T1791L,G5
W0035F0001T0006Z000C1N23.png,1,84.47106358581915,71.59510979218935,23.65268072331638,19.793871485848143,T1791L,G5
W0035F0001T0006Z000C1N23.png,2,97.88670569823783,79.23940047534221,23.65268072331638,19.793871485848143,T1791L,G5
W0035F0001T0006Z000C1N23.png,3,29.932440262891635,3.0444301372906235,23.65268072331638,19.793871485848143,T1791L,G5
W0035F0001T0006Z000C1N23.png,4,82.32143204838893,76.4543198418132,23.65268072331638,19.793871485848143,T1791L,G5
W0035F0001T0006Z000C1N23.png,5,26.39526465632608,4.548488195542046,23.65268072331638,19.793871485848143,T1791L,G5
W0035F0001T0006Z000C1N23.png,6,32.26312806560364,8.358103350657656,23.65268072331638,19.793871485848143,T1791L,G5
W0035F0001T0006Z000C1N23.png,7,84.49496871189295,72.34457588620884,23.65268072331638,19.793871485848143,T1791L,G5
W0035F0001T0006Z000C1N23.png,8,47.01093687115241,27.674682343250463,23.65268072331638,19.793871485848143,T1791L,G5
W0035F0001T0006Z000C1N23.png,9,23.22777098018224,8.218854004110122,23.65268072331638,19.793871485848143,T1791L,G5
W0035F0001T0006Z000C1N23.png,10,33.33534832401216,15.834117009902647,23.65268072331638,19.793871485848143,T1791L,G5
W0035F0001T0006Z000C1N23.png,11,17.58534753129025,6.938227151747166,23.65268072331638,19.793871485848143,T1791L,G5
W0035F0001T0006Z000C1N23.png,12,98.12913001310797,72.76479863934894,23.65268072331638,19.793871485848143,T1791L,G5
W0035F0001T0006Z000C1N23.png,13,80.06592977688614,66.37234653674007,23.65268072331638,19.793871485848143,T1791L,G5
W0035F0001T0006Z000C1N23.png,14,71.60495800923889,67.94796587060227,23.65268072331638,19.793871485848143,T1791L,G5
W0035F0001T0006Z000C1N23.png,15,65.81219843164843,57.543571052242186,23.65268072331638,19.793871485848143,T1791L,G5
W0035F0001T0006Z000C1N23.png,16,12.010937652397386,9.448179554062953,23.65268072331638,19.793871485848143,T1791L,G5
W0035F0001T0006Z000C1N23.png,17,91.66406958751874,68.14194742998785,23.65268072331638,19.793871485848143,T1791L,G5
W0035F0001T0006Z000C1N23.png,18,57.60039873417932,42.52438235376188,23.65268072331638,19.793871485848143,T1791L,G5
W0035F0001T0006Z000C1N23.png,19,83.18834778518953,62.753589717834245,23.65268072331638,19.793871485848143,T1791L,G5
W0035F0001T0006Z000C1N23.png,20,10.889054044063352,2.420593595877133,23.65268072331638,19.793871485848143,T1791L,G5
W0035F0001T0006Z000C1N23.png,21,39.017880059315075,24.281729472718045,23.65268072331638,19.793871485848143,T1791L,G5
W0035F0001T0006Z000C1N23.png,22,55.456096407332275,45.491529858742815,23.65268072331638,19.793871485848143,T1791L,G5
W0035F0001T0006Z000C1N23.png,23,60.86348888003463,61.11091440541543,23.65268072331638,19.793871485848143,T1791L,G5
W0035F0001T0006Z000C1N23.png,24,69.71804675969123,54.3407928118122,23.65268072331638,19.793871485848143,T1791L,G5
W0035F0001T0006Z000C1N23.png,25,10.135064508242552,6.489419807998588,23.65268072331638,19.793871485848143,T1791L,G5
W0035F0001T0006Z000C1N23.png,26,52.23056935075453,37.5292232416264,23.65268072331638,19.793871485848143,T1791L,G5
W0035F0001T0006Z000C1N23.png,27,17.468442482254044,7.140558062535761,23.65268072331638,19.793871485848143,T1791L,G5
W0035F0001T0006Z000C1N23.png,28,5.657213883417424,11.349869373446984,23.65268072331638,19.793871485848143,T1791L,G5
W0035F0001T0006Z000C1N23.png,29,84.98737348024846,53.877012559381896,23.65268072331638,19.793871485848143,T1791L,G5
W0035F0001T0006Z000C1N23.png,30,43.97595622050572,41.803600925279774,23.65268072331638,19.793871485848143,T1791L,G5
W0035F0001T0006Z000C1N23.png,31,66.75736734150382,41.88771680208051,23.65268072331638,19.793871485848143,T1791L,G5
W0035F0001T0006Z000C1N23.png,32,42.03044022796752,26.28372784624828,23.65268072331638,19.793871485848143,T1791L,G5
W0035F0001T0006Z000C1N23.png,33,79.16050219879389,43.71049330964845,23.65268072331638,19.793871485848143,T1791L,G5
W0035F0001T0006Z000C1N23.png,34,41.20047238680251,30.649245040501512,23.65268072331638,19.793871485848143,T1791L,G5
W0035F0001T0006Z000C1N23.png,35,36.46574337854106,38.11006932710264,23.65268072331638,19.793871485848143,T1791L,G5
W0035F0001T0006Z000C1N23.png,36,27.171600196244885,27.47662738767866,23.65268072331638,19.793871485848143,T1791L,G5
W0035F0001T0006Z000C1N23.png,37,26.268800642899766,9.869479141948037,23.65268072331638,19.793871485848143,T1791L,G5
W0035F0001T0006Z000C1N23.png,38,57.7092171085826,29.856106096188263,23.65268072331638,19.793871485848143,T1791L,G5
W0035F0001T0006Z000C1N23.png,39,76.73515192747821,36.41033675479402,23.65268072331638,19.793871485848143,T1791L,G5
W0035F0001T0006Z000C1N23.png,40,33.150901210728776,10.307764064044152,23.65268072331638,19.793871485848143,T1791L,G5
W0035F0001T0006Z000C1N23.png,41,18.871911302805596,20.768027229526563,23.65268072331638,19.793871485848143,T1791L,G5
W0035F0001T0006Z000C1N23.png,42,18.87071849184003,19.611624817516937,23.65268072331638,19.793871485848143,T1791L,G5
W0035F0001T0006Z000C1N23.png,43,33.04289671236292,0.854715277020542,23.65268072331638,19.793871485848143,T1791L,G5
W0035F0001T0006Z000C1N23.png,44,47.71884583153502,14.008058066159062,23.65268072331638,19.793871485848143,T1791L,G5
W0035F0001T0006Z000C1N23.png,45,39.24847427503095,17.37914537247304,23.65268072331638,19.793871485848143,T1791L,G5
W0035F0001T0006Z000C1N23.png,46,35.44677590567032,14.886933340184834,23.65268072331638,19.793871485848143,T1791L,G5
W0035F0001T0006Z000C1N23.png,47,16.55224741462483,15.526338475220097,23.65268072331638,19.793871485848143,T1791L,G5
W0035F0001T0006Z000C1N23.png,48,19.664542352662803,21.660937007818266,23.65268072331638,19.793871485848143,T1791L,G5
W0035F0001T0006Z000C1N23.png,49,11.220910054897793,13.222355932494478,23.65268072331638,19.793871485848143,T1791L,G5
W0035F0001T0006Z000C1N23.png,50,47.662525267920245,18.840840772867942,23.65268072331638,19.793871485848143,T1791L,G5
W0035F0001T0006Z000C1N23.png,51,13.452454865153207,15.363461874808554,23.65268072331638,19.793871485848143,T1791L,G5
W0035F0001T0006Z000C1N23.png,52,57.2780665763079,13.60099190528411,23.65268072331638,19.793871485848143,T1791L,G5
W0035F0001T0006Z000C1N23.png,53,9.31074252326427,7.988702534853789,23.65268072331638,19.793871485848143,T1791L,G5
W0035F0001T0006Z000C1N23.png,54,53.92078921232388,8.167761245506975,23.65268072331638,19.793871485848143,T1791L,G5
W0035F0001T0006Z000C1N23.png,55,36.3930945244749,33.3582717264084,23.65268072331638,19.793871485848143,T1791L,G5
W0035F0001T0006Z000C1N23.png,56,3.5232711881078718,5.217317734657281,23.65268072331638,19.793871485848143,T1791L,G5
W0035F0001T0006Z000C1N23.png,57,40.3922369243897,32.933316708230755,23.65268072331638,19.793871485848143,T1791L,G5
W0035F0001T0006Z000C1N23.png,58,22.026896101514563,22.01588044288115,23.65268072331638,19.793871485848143,T1791L,G5
W0035F0001T0006Z000C1N23.png,59,14.855316387256087,12.866369410711036,23.65268072331638,19.793871485848143,T1791L,G5
W0035F0001T0006Z000C1N23.png,60,75.7147438268409,32.19624276682695,23.65268072331638,19.793871485848143,T1791L,G5
W0035F0001T0006Z000C1N23.png,61,66.94120246397705,23.901942965933426,23.65268072331638,19.793871485848143,T1791L,G5
W0035F0001T0006Z000C1N23.png,62,44.79155334790057,6.5825173415316405,23.65268072331638,19.793871485848143,T1791L,G5
W0035F0001T0006Z000C1N23.png,63,49.903602514277374,27.306012280623992,23.65268072331638,19.793871485848143,T1791L,G5
W0035F0001T0006Z000C1N23.png,64,62.86715060211573,17.573911770842905,23.65268072331638,19.793871485848143,T1791L,G5
W0035F0001T0006Z000C1N23.png,65,17.684008400852687,15.827479881603729,23.65268072331638,19.793871485848143,T1791L,G5
W0035F0001T0006Z000C1N23.png,66,34.59148662183518,32.58355065509478,23.65268072331638,19.793871485848143,T1791L,G5
W0035F0001T0006Z000C1N23.png,67,74.17287488621628,33.6262273739087,23.65268072331638,19.793871485848143,T1791L,G5
W0035F0001T0006Z000C1N23.png,68,71.78719668597769,27.91276733277913,23.65268072331638,19.793871485848143,T1791L,G5
W0035F0001T0006Z000C1N23.png,69,32.42030442274944,10.813498585669889,23.65268072331638,19.793871485848143,T1791L,G5
W0035F0001T0006Z000C1N23.png,70,26.65697741630923,24.79249559921855,23.65268072331638,19.793871485848143,T1791L,G5
W0035F0001T0006Z000C1N23.png,71,34.635989649927296,32.694226737286094,23.65268072331638,19.793871485848143,T1791L,G5
W0035F0001T0006Z000C1N23.png,72,27.251003759378104,26.494656281251643,23.65268072331638,19.793871485848143,T1791L,G5
W0035F0001T0006Z000C1N23.png,73,57.93361579566886,35.3537038377262,23.65268072331638,19.793871485848143,T1791L,G5
W0035F0001T0006Z000C1N23.png,74,43.69373436769291,2.088509801284762,23.65268072331638,19.793871485848143,T1791L,G5
W0035F0001T0006Z000C1N23.png,75,26.778220962490746,25.26251040472422,23.65268072331638,19.793871485848143,T1791L,G5
W0035F0001T0006Z000C1N23.png,76,42.099564742622,40.135023050970105,23.65268072331638,19.793871485848143,T1791L,G5
W0035F0001T0006Z000C1N23.png,77,65.36705070610226,29.09267052245865,23.65268072331638,19.793871485848143,T1791L,G5
W0035F0001T0006Z000C1N23.png,78,50.39388413884218,46.70001938910831,23.65268072331638,19.793871485848143,T1791L,G5
W0035F0001T0006Z000C1N23.png,79,67.53991720603304,36.3532687691217,23.65268072331638,19.793871485848143,T1791L,G5
W0035F0001T0006Z000C1N23.png,80,30.736535525315393,15.633262942428217,23.65268072331638,19.793871485848143,T1791L,G5
W0035F0001T0006Z000C1N23.png,81,36.026200720831525,9.323016233835606,23.65268072331638,19.793871485848143,T1791L,G5
W0035F0001T0006Z000C1N23.png,82,27.886588210879545,27.899810532611063,23.65268072331638,19.793871485848143,T1791L,G5
W0035F0001T0006Z000C1N23.png,83,50.715202696951664,11.187566813863155,23.65268072331638,19.793871485848143,T1791L,G5
W0035F0001T0006Z000C1N23.png,84,34.05791230335102,33.24790849824618,23.65268072331638,19.793871485848143,T1791L,G5
W0035F0001T0006Z000C1N23.png,85,40.880704740241406,39.36395745710842,23.65268072331638,19.793871485848143,T1791L,G5
W0035F0001T0006Z000C1N23.png,86,29.400068653807477,28.106321855528428,23.65268072331638,19.793871485848143,T1791L,G5
W0035F0001T0006Z000C1N23.png,87,73.0145223205644,53.40952825460069,23.65268072331638,19.793871485848143,T1791L,G5
W0035F0001T0006Z000C1N23.png,88,21.61388322403839,20.296318535918747,23.65268072331638,19.793871485848143,T1791L,G5
W0035F0001T0006Z000C1N23.png,89,72.04660160894015,43.77681227884006,23.65268072331638,19.793871485848143,T1791L,G5
W0035F0001T0006Z000C1N23.png,90,35.94482442026535,34.10301635038599,23.65268072331638,19.793871485848143,T1791L,G5
W0035F0001T0006Z000C1N23.png,91,47.85428459460669,45.88874008502284,23.65268072331638,19.793871485848143,T1791L,G5
W0035F0001T0006Z000C1N23.png,92,19.01169852899192,20.908552501291503,23.65268072331638,19.793871485848143,T1791L,G5
W0035F0001T0006Z000C1N23.png,93,62.755404293686766,42.940340806291154,23.65268072331638,19.793871485848143,T1791L,G5
W0035F0001T0006Z000C1N23.png,94,19.87843907908012,17.86765362635729,23.65268072331638,19.793871485848143,T1791L,G5
W0035F0001T0006Z000C1N23.png,95,75.13755260515988,65.96200291104803,23.65268072331638,19.793871485848143,T1791L,G5
W0035F0001T0006Z000C1N23.png,96,32.97687701158176,31.444872680857493,23.65268072331638,19.793871485848143,T1791L,G5
W0035F0001T0006Z000C1N23.png,97,52.85851865263271,50.79907259581776,23.65268072331638,19.793871485848143,T1791L,G5
W0035F0001T0006Z000C1N23.png,98,64.81966887526399,62.74592144288055,23.65268072331638,19.793871485848143,T1791L,G5
W0035F0001T0006Z000C1N23.png,99,6.33283845241117,7.534934711103061,23.65268072331638,19.793871485848143,T1791L,G5
W0035F0001T0006Z000C1N23.png,100,57.04157041327896,54.91031801332957,23.65268072331638,19.793871485848143,T1791L,G5
W0035F0001T0006Z000C1N23.png,101,71.43423016690586,56.796653254656526,23.65268072331638,19.793871485848143,T1791L,G5
W0035F0001T0006Z000C1N23.png,102,62.16449943241256,49.716114461258066,23.65268072331638,19.793871485848143,T1791L,G5
W0035F0001T0006Z000C1N23.png,103,49.702106450541216,43.66015683520601,23.65268072331638,19.793871485848143,T1791L,G5
W0035F0001T0006Z000C1N23.png,104,21.03430185612713,22.81959833697955,23.65268072331638,19.793871485848143,T1791L,G5
W0035F0001T0006Z000C1N23.png,105,12.398738338014203,13.883001369332204,23.65268072331638,19.793871485848143,T1791L,G5
W0035F0001T0006Z000C1N23.png,106,6.284297596733295,4.120650606717537,23.65268072331638,19.793871485848143,T1791L,G5
W0035F0001T0006Z000C1N23.png,107,12.893425460668137,10.831854126406215,23.65268072331638,19.793871485848143,T1791L,G5
W0035F0001T0006Z000C1N23.png,108,24.97626704367741,22.809088069107535,23.65268072331638,19.793871485848143,T1791L,G5
W0035F0001T0006Z000C1N26.png,1,120.07358825947502,4.973026416131042,26.893887300119978,12.703742048498217,T1791L,G5
W0035F0001T0006Z000C1N26.png,2,86.31109503528965,38.82331773560833,26.893887300119978,12.703742048498217,T1791L,G5
W0035F0001T0006Z000C1N26.png,3,86.65075867426522,3.3526217817723722,26.893887300119978,12.703742048498217,T1791L,G5
W0035F0001T0006Z000C1N26.png,4,82.20536726434318,21.04022505112898,26.893887300119978,12.703742048498217,T1791L,G5
W0035F0001T0006Z000C1N26.png,5,74.49200823501504,2.3213980461973427,26.893887300119978,12.703742048498217,T1791L,G5
W0035F0001T0006Z000C1N26.png,6,80.47889837269038,1.0,26.893887300119978,12.703742048498217,T1791L,G5
W0035F0001T0006Z000C1N26.png,7,89.43816879837458,4.669047011971495,26.893887300119978,12.703742048498217,T1791L,G5
W0035F0001T0006Z000C1N26.png,8,72.15805216343755,25.841934052147785,26.893887300119978,12.703742048498217,T1791L,G5
W0035F0001T0006Z000C1N26.png,9,74.36368821887352,45.3771493162547,26.893887300119978,12.703742048498217,T1791L,G5
W0035F0001T0006Z000C1N26.png,10,71.53641431541504,9.055385138137417,26.893887300119978,12.703742048498217,T1791L,G5
W0035F0001T0006Z000C1N26.png,11,57.24466976817895,15.448204883253693,26.893887300119978,12.703742048498217,T1791L,G5
W0035F0001T0006Z000C1N26.png,12,58.31518996900037,15.485656445742165,26.893887300119978,12.703742048498217,T1791L,G5
W0035F0001T0006Z000C1N26.png,13,87.43101432339874,1.5911432227752118,26.893887300119978,12.703742048498217,T1791L,G5
W0035F0001T0006Z000C1N26.png,14,61.678853476930506,46.605316816384324,26.893887300119978,12.703742048498217,T1791L,G5
W0035F0001T0006Z000C1N26.png,15,55.046114836788796,28.8930018439683,26.893887300119978,12.703742048498217,T1791L,G5
W0035F0001T0006Z000C1N26.png,16,54.74062775153387,20.552649090758397,26.893887300119978,12.703742048498217,T1791L,G5
W0035F0001T0006Z000C1N26.png,17,56.68196826932633,16.694400792860087,26.893887300119978,12.703742048498217,T1791L,G5
W0035F0001T0006Z000C1N26.png,18,47.06581146612944,27.618568977083992,26.893887300119978,12.703742048498217,T1791L,G5
W0035F0001T0006Z000C1N26.png,19,65.03493715037766,13.780927890759644,26.893887300119978,12.703742048498217,T1791L,G5
W0035F0001T0006Z000C1N26.png,20,54.78534125556722,13.177536274929842,26.893887300119978,12.703742048498217,T1791L,G5
W0035F0001T0006Z000C1N26.png,21,86.08366601172683,6.270219121191736,26.893887300119978,12.703742048498217,T1791L,G5
W0035F0001T0006Z000C1N26.png,22,42.56692529453315,19.722934085570504,26.893887300119978,12.703742048498217,T1791L,G5
W0035F0001T0006Z000C1N26.png,23,74.19432722724345,13.557163723920812,26.893887300119978,12.703742048498217,T1791L,G5
W0035F0001T0006Z000C1N26.png,24,65.54605796748415,63.92012880724543,26.893887300119978,12.703742048498217,T1791L,G5
W0035F0001T0006Z000C1N26.png,25,41.469298453485855,3.4498806523355503,26.893887300119978,12.703742048498217,T1791L,G5
W0035F0001T0006Z000C1N26.png,26,47.427912261455056,10.646650458280083,26.893887300119978,12.703742048498217,T1791L,G5
W0035F0001T0006Z000C1N26.png,27,30.50731856286226,15.988168676738312,26.893887300119978,12.703742048498217,T1791L,G5
W0035F0001T0006Z000C1N26.png,28,54.9769071079504,52.39726778134391,26.893887300119978,12.703742048498217,T1791L,G5
W0035F0001T0006Z000C1N26.png,29,22.91040766656964,23.15525816732801,26.893887300119978,12.703742048498217,T1791L,G5
W0035F0001T0006Z000C1N26.png,30,37.99432188903311,8.695425535306184,26.893887300119978,12.703742048498217,T1791L,G5
W0035F0001T0006Z000C1N26.png,31,69.50972709213676,11.423659658795863,26.893887300119978,12.703742048498217,T1791L,G5
W0035F0001T0006Z000C1N26.png,32,23.72055491544592,22.387051345982908,26.893887300119978,12.703742048498217,T1791L,G5
W0035F0001T0006Z000C1N26.png,33,73.07617084216278,7.006695210852104,26.893887300119978,12.703742048498217,T1791L,G5
W0035F0001T0006Z000C1N26.png,34,40.03944043678888,22.339993250646582,26.893887300119978,12.703742048498217,T1791L,G5
W0035F0001T0006Z000C1N26.png,35,11.401827580711691,13.655213779904477,26.893887300119978,12.703742048498217,T1791L,G5
W0035F0001T0006Z000C1N26.png,36,88.34723279690549,10.26861453383291,26.893887300119978,12.703742048498217,T1791L,G5
W0035F0001T0006Z000C1N26.png,37,53.301529690482155,9.133386445608943,26.893887300119978,12.703742048498217,T1791L,G5
W0035F0001T0006Z000C1N26.png,38,33.6902057993388,31.546202464767745,26.893887300119978,12.703742048498217,T1791L,G5
W0035F0001T0006Z000C1N26.png,39,66.76731021479665,5.609960193819164,26.893887300119978,12.703742048498217,T1791L,G5
W0035F0001T0006Z000C1N26.png,40,19.338786329967057,21.46547762362809,26.893887300119978,12.703742048498217,T1791L,G5
W0035F0001T0006Z000C1N26.png,41,27.465220583127188,24.766628068697567,26.893887300119978,12.703742048498217,T1791L,G5
W0035F0001T0006Z000C1N26.png,42,29.558321701733895,27.99012115877887,26.893887300119978,12.703742048498217,T1791L,G5
W0035F0001T0006Z000C1N26.png,43,28.063285844181976,30.1405505558045,26.893887300119978,12.703742048498217,T1791L,G5
W0035F0001T0006Z000C1N26.png,44,40.5332670700739,22.19291104312606,26.893887300119978,12.703742048498217,T1791L,G5
W0035F0001T0006Z000C1N26.png,45,88.38884862958656,12.206555615733702,26.893887300119978,12.703742048498217,T1791L,G5
W0035F0001T0006Z000C1N26.png,46,13.64217670470024,14.762127835685463,26.893887300119978,12.703742048498217,T1791L,G5
W0035F0001T0006Z000C1N26.png,47,14.462780292967349,11.681345371147119,26.893887300119978,12.703742048498217,T1791L,G5
W0035F0001T0006Z000C1N26.png,48,35.69313790984641,14.142135623730951,26.893887300119978,12.703742048498217,T1791L,G5
W0035F0001T0006Z000C1N26.png,49,19.86953063602403,13.1599544386159,26.893887300119978,12.703742048498217,T1791L,G5
W0035F0001T0006Z000C1N26.png,50,35.95154162414712,28.03208941891565,26.893887300119978,12.703742048498217,T1791L,G5
W0035F0001T0006Z000C1N26.png,51,77.80636963342377,1.9861247085781633,26.893887300119978,12.703742048498217,T1791L,G5
W0035F0001T0006Z000C1N26.png,52,7.956915231419774,4.625750689828018,26.893887300119978,12.703742048498217,T1791L,G5
W0035F0001T0006Z000C1N26.png,53,90.53909501475039,3.7041655897598336,26.893887300119978,12.703742048498217,T1791L,G5
W0035F0001T0006Z000C1N26.png,54,99.39108397373886,10.418923580142364,26.893887300119978,12.703742048498217,T1791L,G5
W0035F0001T0006Z000C1N26.png,55,67.56446010961918,8.459234124630234,26.893887300119978,12.703742048498217,T1791L,G5
W0035F0001T0006Z000C1N26.png,56,75.44106422752523,4.47213595499958,26.893887300119978,12.703742048498217,T1791L,G5
W0035F0001T0006Z000C1N26.png,57,29.96878811075413,23.72575970445876,26.893887300119978,12.703742048498217,T1791L,G5
W0035F0001T0006Z000C1N26.png,58,88.40624903879922,9.171422072554046,26.893887300119978,12.703742048498217,T1791L,G5
W0035F0001T0006Z000C1N26.png,59,3.4480295587371415,12.274431699827042,26.893887300119978,12.703742048498217,T1791L,G5
W0035F0001T0006Z000C1N26.png,60,67.43108099767235,8.864102551842844,26.893887300119978,12.703742048498217,T1791L,G5
W0035F0001T0006Z000C1N26.png,61,94.28370939300926,4.743416490252569,26.893887300119978,12.703742048498217,T1791L,G5
W0035F0001T0006Z000C1N26.png,62,10.351471748113145,18.345589754835053,26.893887300119978,12.703742048498217,T1791L,G5
W0035F0001T0006Z000C1N26.png,63,76.78131440405174,12.152960316089429,26.893887300119978,12.703742048498217,T1791L,G5
W0035F0001T0006Z000C1N28.png,1,102.23743523588243,102.42190208962954,21.177156325216597,22.724240103544677,T1791L,G5
W0035F0001T0006Z000C1N28.png,2,74.65493555185029,74.78065679805927,21.177156325216597,22.724240103544677,T1791L,G5
W0035F0001T0006Z000C1N28.png,3,71.33357482639092,71.29121972603015,21.177156325216597,22.724240103544677,T1791L,G5
W0035F0001T0006Z000C1N28.png,4,72.94945537714214,72.87269461163832,21.177156325216597,22.724240103544677,T1791L,G5
W0035F0001T0006Z000C1N28.png,5,77.54445918015952,77.72037424079345,21.177156325216597,22.724240103544677,T1791L,G5
W0035F0001T0006Z000C1N28.png,6,73.22456261254968,73.13478805667297,21.177156325216597,22.724240103544677,T1791L,G5
W0035F0001T0006Z000C1N28.png,7,66.3987760030124,66.56097873950729,21.177156325216597,22.724240103544677,T1791L,G5
W0035F0001T0006Z000C1N28.png,8,86.74233659252164,86.61768832774666,21.177156325216597,22.724240103544677,T1791L,G5
W0035F0001T0006Z000C1N28.png,9,63.75363713063824,63.68664800205331,21.177156325216597,22.724240103544677,T1791L,G5
W0035F0001T0006Z000C1N28.png,10,75.24309062727629,75.11953461609737,21.177156325216597,22.724240103544677,T1791L,G5
W0035F0001T0006Z000C1N28.png,11,83.16179022216996,83.02564423204714,21.177156325216597,22.724240103544677,T1791L,G5
W0035F0001T0006Z000C1N28.png,12,47.07130395068011,47.186766507992424,21.177156325216597,22.724240103544677,T1791L,G5
W0035F0001T0006Z000C1N28.png,13,81.24950508056938,81.4484407286699,21.177156325216597,22.724240103544677,T1791L,G5
W0035F0001T0006Z000C1N28.png,14,65.95043639153708,65.80307859120262,21.177156325216597,22.724240103544677,T1791L,G5
W0035F0001T0006Z000C1N28.png,15,60.70315246514031,60.90501941954223,21.177156325216597,22.724240103544677,T1791L,G5
W0035F0001T0006Z000C1N28.png,16,64.03975716178262,64.24518687857297,21.177156325216597,22.724240103544677,T1791L,G5
W0035F0001T0006Z000C1N28.png,17,35.56896886953709,35.463624891384946,21.177156325216597,22.724240103544677,T1791L,G5
W0035F0001T0006Z000C1N28.png,18,45.98338049534358,45.80982062581267,21.177156325216597,22.724240103544677,T1791L,G5
W0035F0001T0006Z000C1N28.png,19,36.20190623619497,36.04123011346162,21.177156325216597,22.724240103544677,T1791L,G5
W0035F0001T0006Z000C1N28.png,20,56.285691450412145,56.48986748650875,21.177156325216597,22.724240103544677,T1791L,G5
W0035F0001T0006Z000C1N28.png,21,38.58894169638917,38.39456923710194,21.177156325216597,22.724240103544677,T1791L,G5
W0035F0001T0006Z000C1N28.png,22,68.58555135302898,68.78734260355003,21.177156325216597,22.724240103544677,T1791L,G5
W0035F0001T0006Z000C1N28.png,23,31.60521708356456,31.406638561257473,21.177156325216597,22.724240103544677,T1791L,G5
W0035F0001T0006Z000C1N28.png,24,8.167437854316042,7.982228600376003,21.177156325216597,22.724240103544677,T1791L,G5
W0035F0001T0006Z000C1N28.png,25,35.58818098770725,35.38138227717354,21.177156325216597,22.724240103544677,T1791L,G5
W0035F0001T0006Z000C1N28.png,26,14.72513213035479,14.529097999296024,21.177156325216597,22.724240103544677,T1791L,G5
W0035F0001T0006Z000C1N28.png,27,74.76358717127836,74.55588035187874,21.177156325216597,22.724240103544677,T1791L,G5
W0035F0001T0006Z000C1N28.png,28,32.1400065114205,31.972934170998737,21.177156325216597,22.724240103544677,T1791L,G5
W0035F0001T0006Z000C1N28.png,29,66.0965512825046,50.39000391279073,21.177156325216597,22.724240103544677,T1791L,G5
W0035F0001T0006Z000C1N28.png,30,71.63742418850434,46.470780569213794,21.177156325216597,22.724240103544677,T1791L,G5
W0035F0001T0006Z000C1N28.png,31,48.26068071138688,48.312173537505636,21.177156325216597,22.724240103544677,T1791L,G5
W0035F0001T0006Z000C1N28.png,32,63.26645905755452,39.241591383773745,21.177156325216597,22.724240103544677,T1791L,G5
W0035F0001T0006Z000C1N28.png,33,72.08762226714602,29.9693910364053,21.177156325216597,22.724240103544677,T1791L,G5
W0035F0001T0006Z000C1N28.png,34,70.4348777844343,45.56573084747351,21.177156325216597,22.724240103544677,T1791L,G5
W0035F0001T0006Z000C1N28.png,35,81.24907788825075,23.191049467365673,21.177156325216597,22.724240103544677,T1791L,G5
W0035F0001T0006Z000C1N28.png,36,94.13974537915772,9.551236357475092,21.177156325216597,22.724240103544677,T1791L,G5
W0035F0001T0006Z000C1N29.png,1,84.39834617003795,86.07449208806055,21.313869201611585,21.873358293429803,T1791L,G5
W0035F0001T0006Z000C1N29.png,2,107.17036459149072,108.89993551327261,21.313869201611585,21.873358293429803,T1791L,G5
W0035F0001T0006Z000C1N29.png,3,68.3212905338122,70.01226628870577,21.313869201611585,21.873358293429803,T1791L,G5
W0035F0001T0006Z000C1N29.png,4,29.329128918026466,28.56658328600679,21.313869201611585,21.873358293429803,T1791L,G5
W0035F0001T0006Z000C1N29.png,5,36.91098473571787,36.13747580395198,21.313869201611585,21.873358293429803,T1791L,G5
W0035F0001T0006Z000C1N29.png,6,47.79425673564443,47.00987341148912,21.313869201611585,21.873358293429803,T1791L,G5
W0035F0001T0006Z000C1N29.png,7,47.52839339465485,46.801697138490255,21.313869201611585,21.873358293429803,T1791L,G5
W0035F0001T0006Z000C1N29.png,8,28.38380094698436,27.908687163891912,21.313869201611585,21.873358293429803,T1791L,G5
W0035F0001T0006Z000C1N29.png,9,64.37709135393204,64.98097039531667,21.313869201611585,21.873358293429803,T1791L,G5
W0035F0001T0006Z000C1N29.png,10,59.05668012272679,57.43669088257327,21.313869201611585,21.873358293429803,T1791L,G5
W0035F0001T0006Z000C1N29.png,11,80.86880216771982,81.46116241274515,21.313869201611585,21.873358293429803,T1791L,G5
W0035F0001T0006Z000C1N29.png,12,41.63892469239387,39.92776995824135,21.313869201611585,21.873358293429803,T1791L,G5
W0035F0001T0006Z000C1N29.png,13,37.83366677173882,37.35347618070933,21.313869201611585,21.873358293429803,T1791L,G5
W0035F0001T0006Z000C1N29.png,14,79.24650198126183,79.65935324668516,21.313869201611585,21.873358293429803,T1791L,G5
W0035F0001T0006Z000C1N29.png,15,38.70223802911847,37.201117556556454,21.313869201611585,21.873358293429803,T1791L,G5
W0035F0001T0006Z000C1N29.png,16,44.72695598362524,44.11185244592848,21.313869201611585,21.873358293429803,T1791L,G5
W0035F0001T0006Z000C1N29.png,17,92.77006016057058,93.11264674429238,21.313869201611585,21.873358293429803,T1791L,G5
W0035F0001T0006Z000C1N29.png,18,48.55797246868936,47.047403335534476,21.313869201611585,21.873358293429803,T1791L,G5
W0035F0001T0006Z000C1N29.png,19,47.529631119856504,46.301510238385134,21.313869201611585,21.873358293429803,T1791L,G5
W0035F0001T0006Z000C1N29.png,20,52.5475218997491,50.89402178661216,21.313869201611585,21.873358293429803,T1791L,G5
W0035F0001T0006Z000C1N29.png,21,72.01303824273957,71.96561597901915,21.313869201611585,21.873358293429803,T1791L,G5
W0035F0001T0006Z000C1N29.png,22,67.91180678536428,67.31459340830736,21.313869201611585,21.873358293429803,T1791L,G5
W0035F0001T0006Z000C1N29.png,23,77.0245521846639,76.6435202326484,21.313869201611585,21.873358293429803,T1791L,G5
W0035F0001T0006Z000C1N29.png,24,95.28762309016845,93.55478351890763,21.313869201611585,21.873358293429803,T1791L,G5
W0035F0001T0006Z000C1N29.png,25,70.47913963529066,69.31772341609916,21.313869201611585,21.873358293429803,T1791L,G5
W0035F0001T0006Z000C1N29.png,26,84.76656950881839,84.39226166742378,21.313869201611585,21.873358293429803,T1791L,G5
W0035F0002T0006Z000C1N15.png,1,19.587645239062073,14.569452283403294,27.468113258503486,20.510925860536986,T1791L,G5
W0035F0002T0006Z000C1N15.png,2,25.34031170484064,7.248513780501445,27.468113258503486,20.510925860536986,T1791L,G5
W0035F0002T0006Z000C1N15.png,3,28.057832451399385,19.54631044127694,27.468113258503486,20.510925860536986,T1791L,G5
W0035F0002T0006Z000C1N15.png,4,8.957522734144664,13.681969523358065,27.468113258503486,20.510925860536986,T1791L,G5
W0035F0002T0006Z000C1N15.png,5,7.385205252680206,11.444002318526447,27.468113258503486,20.510925860536986,T1791L,G5
W0035F0002T0006Z000C1N15.png,6,18.953484105798054,3.8405885711842513,27.468113258503486,20.510925860536986,T1791L,G5
W0035F0002T0006Z000C1N15.png,7,5.432294322049939,11.190063867335196,27.468113258503486,20.510925860536986,T1791L,G5
W0035F0002T0006Z000C1N15.png,8,10.364567214190213,9.237442259048985,27.468113258503486,20.510925860536986,T1791L,G5
W0035F0002T0006Z000C1N15.png,9,23.69204620918609,9.748829991651272,27.468113258503486,20.510925860536986,T1791L,G5
W0035F0002T0006Z000C1N15.png,10,20.494511236633524,13.14860772737563,27.468113258503486,20.510925860536986,T1791L,G5
W0035F0002T0006Z000C1N15.png,11,22.686695856786645,7.229854463980942,27.468113258503486,20.510925860536986,T1791L,G5
W0035F0002T0006Z000C1N15.png,12,78.13958667196681,64.70094225353105,27.468113258503486,20.510925860536986,T1791L,G5
W0035F0002T0006Z000C1N15.png,13,7.077891137404028,34.769466233006554,27.468113258503486,20.510925860536986,T1791L,G5
W0035F0002T0006Z000C1N15.png,14,6.002508977591211,38.939499068670294,27.468113258503486,20.510925860536986,T1791L,G5
W0035F0002T0006Z000C1N15.png,15,44.88587162989951,33.45154228234495,27.468113258503486,20.510925860536986,T1791L,G5
W0035F0002T0006Z000C1N15.png,16,20.747155092793914,49.77540925136544,27.468113258503486,20.510925860536986,T1791L,G5
W0035F0002T0006Z000C1N15.png,17,78.38082970286315,65.92982910741836,27.468113258503486,20.510925860536986,T1791L,G5
W0035F0002T0006Z000C1N15.png,18,14.11710811561026,51.2345341758126,27.468113258503486,20.510925860536986,T1791L,G5
W0035F0002T0006Z000C1N15.png,19,74.04762416073497,45.289011307661575,27.468113258503486,20.510925860536986,T1791L,G5
W0035F0002T0006Z000C1N15.png,20,50.443889829165066,28.64452791033654,27.468113258503486,20.510925860536986,T1791L,G5
W0035F0002T0006Z000C1N15.png,21,52.800566254511544,22.5,27.468113258503486,20.510925860536986,T1791L,G5
W0035F0002T0006Z000C1N15.png,22,101.97525989679768,67.6069112180437,27.468113258503486,20.510925860536986,T1791L,G5
W0035F0002T0006Z000C1N19.png,1,92.5713026238766,28.297438469506396,23.756911657274024,17.46473228021168,T1791L,G5
W0035F0002T0006Z000C1N19.png,2,85.15437217525991,37.096723825956644,23.756911657274024,17.46473228021168,T1791L,G5
W0035F0002T0006Z000C1N19.png,3,83.35762653310552,37.83433308371036,23.756911657274024,17.46473228021168,T1791L,G5
W0035F0002T0006Z000C1N19.png,4,90.44689955949934,24.143830603552072,23.756911657274024,17.46473228021168,T1791L,G5
W0035F0002T0006Z000C1N19.png,5,83.92390193553166,52.73391063933825,23.756911657274024,17.46473228021168,T1791L,G5
W0035F0002T0006Z000C1N19.png,6,91.74018668009204,74.2753189375541,23.756911657274024,17.46473228021168,T1791L,G5
W0035F0002T0006Z000C1N19.png,7,76.51795195993422,16.806636122421388,23.756911657274024,17.46473228021168,T1791L,G5
W0035F0002T0006Z000C1N19.png,8,81.20074447262007,23.876314673057568,23.756911657274024,17.46473228021168,T1791L,G5
W0035F0002T0006Z000C1N19.png,9,66.2842718170562,12.980451563326186,23.756911657274024,17.46473228021168,T1791L,G5
W0035F0002T0006Z000C1N19.png,10,54.99507397582273,17.503225790507635,23.756911657274024,17.46473228021168,T1791L,G5
W0035F0002T0006Z000C1N19.png,11,70.06992648524681,66.20251434375822,23.756911657274024,17.46473228021168,T1791L,G5
W0035F0002T0006Z000C1N19.png,12,71.26270426417997,29.303477387201827,23.756911657274024,17.46473228021168,T1791L,G5
W0035F0002T0006Z000C1N19.png,13,81.73045278040274,39.58215717648266,23.756911657274024,17.46473228021168,T1791L,G5
W0035F0002T0006Z000C1N19.png,14,77.6840287690206,75.59532248568385,23.756911657274024,17.46473228021168,T1791L,G5
W0035F0002T0006Z000C1N19.png,15,36.68187566868316,21.37822163834592,23.756911657274024,17.46473228021168,T1791L,G5
W0035F0002T0006Z000C1N19.png,16,62.91826687531079,29.260132013437453,23.756911657274024,17.46473228021168,T1791L,G5
W0035F0002T0006Z000C1N19.png,17,67.02587833547899,67.25716432274555,23.756911657274024,17.46473228021168,T1791L,G5
W0035F0002T0006Z000C1N19.png,18,38.268001475997195,32.658217520214315,23.756911657274024,17.46473228021168,T1791L,G5
W0035F0002T0006Z000C1N19.png,19,74.17026369275115,46.96809001109095,23.756911657274024,17.46473228021168,T1791L,G5
W0035F0002T0006Z000C1N19.png,20,78.06276853778559,52.85973067524754,23.756911657274024,17.46473228021168,T1791L,G5
W0035F0002T0006Z000C1N19.png,21,28.038790004125627,32.566459395617166,23.756911657274024,17.46473228021168,T1791L,G5
W0035F0002T0006Z000C1N19.png,22,14.578675813879336,19.307506325970174,23.756911657274024,17.46473228021168,T1791L,G5
W0035F0002T0006Z000C1N19.png,23,39.578204731611656,41.18881886694251,23.756911657274024,17.46473228021168,T1791L,G5
W0035F0002T0006Z000C1N19.png,24,48.49442453902507,47.63760868515793,23.756911657274024,17.46473228021168,T1791L,G5
W0035F0002T0006Z000C1N19.png,25,40.66319064906257,43.971538920941796,23.756911657274024,17.46473228021168,T1791L,G5
W0035F0002T0006Z000C1N19.png,26,60.19989369992467,58.48409851514777,23.756911657274024,17.46473228021168,T1791L,G5
W0035F0002T0006Z000C1N19.png,27,41.00386655725673,39.32460811731688,23.756911657274024,17.46473228021168,T1791L,G5
W0035F0002T0006Z000C1N19.png,28,24.45673919776452,22.648086344838642,23.756911657274024,17.46473228021168,T1791L,G5
W0035F0002T0006Z000C1N19.png,29,41.04987180168215,43.53601092514696,23.756911657274024,17.46473228021168,T1791L,G5
W0035F0002T0006Z000C1N19.png,30,29.531654012633666,32.70490890817412,23.756911657274024,17.46473228021168,T1791L,G5
W0035F0002T0006Z000C1N19.png,31,51.537103053301436,49.23750825283024,23.756911657274024,17.46473228021168,T1791L,G5
W0035F0002T0006Z000C1N19.png,32,52.820394735669154,55.11280875762804,23.756911657274024,17.46473228021168,T1791L,G5
W0035F0002T0006Z000C1N19.png,33,33.003106727355835,30.38173552038773,23.756911657274024,17.46473228021168,T1791L,G5
W0035F0002T0006Z000C1N19.png,34,12.94234922699788,15.228766886873348,23.756911657274024,17.46473228021168,T1791L,G5
W0035F0002T0006Z000C1N19.png,35,24.735640936772885,20.35805849956548,23.756911657274024,17.46473228021168,T1791L,G5
W0035F0002T0006Z000C1N19.png,36,71.47574966463512,68.34204434342483,23.756911657274024,17.46473228021168,T1791L,G5
W0035F0002T0006Z000C1N19.png,37,63.317618999120526,59.9258603812732,23.756911657274024,17.46473228021168,T1791L,G5
W0035F0002T0006Z000C1N19.png,38,33.93601499827309,29.324914021494603,23.756911657274024,17.46473228021168,T1791L,G5
W0035F0002T0006Z000C1N19.png,39,39.76165347068428,35.949242122575065,23.756911657274024,17.46473228021168,T1791L,G5
W0035F0002T0006Z000C1N19.png,40,38.75169089743346,38.709369089089805,23.756911657274024,17.46473228021168,T1791L,G5
W0035F0002T0006Z000C1N19.png,41,58.998455470432205,59.00832238420119,23.756911657274024,17.46473228021168,T1791L,G5
W0035F0002T0006Z000C1N19.png,42,25.911688573317242,22.67930427888045,23.756911657274024,17.46473228021168,T1791L,G5
W0035F0002T0006Z000C1N19.png,43,40.052327414057196,39.163696214449196,23.756911657274024,17.46473228021168,T1791L,G5
W0035F0002T0006Z000C1N19.png,44,30.753131524671176,27.55036616339176,23.756911657274024,17.46473228021168,T1791L,G5
W0035F0002T0006Z000C1N19.png,45,33.50411929799861,33.70244511201285,23.756911657274024,17.46473228021168,T1791L,G5
W0035F0002T0006Z000C1N19.png,46,42.883486850211355,34.0357070872335,23.756911657274024,17.46473228021168,T1791L,G5
W0035F0002T0006Z000C1N19.png,47,45.44894425923547,45.806369029189106,23.756911657274024,17.46473228021168,T1791L,G5
W0035F0002T0006Z000C1N19.png,48,52.624829567858484,52.977959308418946,23.756911657274024,17.46473228021168,T1791L,G5
W0035F0002T0006Z000C1N19.png,49,22.204793432561196,21.899815820344728,23.756911657274024,17.46473228021168,T1791L,G5
W0035F0002T0006Z000C1N19.png,50,81.63413579678436,68.5771988312915,23.756911657274024,17.46473228021168,T1791L,G5
W0035F0002T0006Z000C1N19.png,51,36.84874495747128,37.23993736040726,23.756911657274024,17.46473228021168,T1791L,G5
W0035F0002T0006Z000C1N19.png,52,85.4958883297631,72.17100268194918,23.756911657274024,17.46473228021168,T1791L,G5
W0035F0002T0006Z000C1N19.png,53,22.361228791157522,15.769008011759263,23.756911657274024,17.46473228021168,T1791L,G5
W0035F0002T0006Z000C1N19.png,54,9.659380497501726,9.625199503150517,23.756911657274024,17.46473228021168,T1791L,G5
W0035F0002T0006Z000C1N19.png,55,24.42735117834011,24.919585849471726,23.756911657274024,17.46473228021168,T1791L,G5
W0035F0002T0006Z000C1N19.png,56,21.152310724535557,21.399757131561323,23.756911657274024,17.46473228021168,T1791L,G5
W0035F0002T0006Z000C1N19.png,57,5.34286374886876,4.965465384478273,23.756911657274024,17.46473228021168,T1791L,G5
W0035F0002T0006Z000C1N19.png,58,42.31700742462803,42.84859715741959,23.756911657274024,17.46473228021168,T1791L,G5
W0035F0002T0006Z000C1N21.png,1,55.96198285154721,57.95150973975091,22.276383744379178,16.375960019000008,T1791L,G5
W0035F0002T0006Z000C1N21.png,2,51.973583463029236,52.78354849917288,22.276383744379178,16.375960019000008,T1791L,G5
W0035F0002T0006Z000C1N21.png,3,37.99432046529484,37.962950188164584,22.276383744379178,16.375960019000008,T1791L,G5
W0035F0002T0006Z000C1N21.png,4,76.97343346067332,52.15833699818268,22.276383744379178,16.375960019000008,T1791L,G5
W0035F0002T0006Z000C1N21.png,5,19.077775806491875,17.49980694550316,22.276383744379178,16.375960019000008,T1791L,G5
W0035F0002T0006Z000C1N21.png,6,26.32071290995358,24.3217268751804,22.276383744379178,16.375960019000008,T1791L,G5
W0035F0002T0006Z000C1N21.png,7,44.15902893204359,42.204951545216275,22.276383744379178,16.375960019000008,T1791L,G5
W0035F0002T0006Z000C1N21.png,8,24.92010659199815,23.07143547045121,22.276383744379178,16.375960019000008,T1791L,G5
W0035F0002T0006Z000C1N21.png,9,44.53352841473775,42.34991728022089,22.276383744379178,16.375960019000008,T1791L,G5
W0035F0002T0006Z000C1N21.png,10,34.372418445703126,32.55686927236297,22.276383744379178,16.375960019000008,T1791L,G5
W0035F0002T0006Z000C1N21.png,11,43.63661200348402,41.517720772485184,22.276383744379178,16.375960019000008,T1791L,G5
W0035F0002T0006Z000C1N21.png,12,45.12321190929568,41.826184414634824,22.276383744379178,16.375960019000008,T1791L,G5
W0035F0002T0006Z000C1N21.png,13,106.01925021084476,82.44602538677121,22.276383744379178,16.375960019000008,T1791L,G5
W0035F0002T0006Z000C1N24.png,1,79.11303733477276,77.73585342718661,13.995494376399115,14.451762894917179,T1791L,G5
W0035F0002T0006Z000C1N24.png,2,110.15691122688564,110.27426397501753,13.995494376399115,14.451762894917179,T1791L,G5
W0035F0002T0006Z000C1N24.png,3,81.2452918590919,79.67301460525124,13.995494376399115,14.451762894917179,T1791L,G5
W0035F0002T0006Z000C1N24.png,4,82.43113238649143,82.17333385938939,13.995494376399115,14.451762894917179,T1791L,G5
W0035F0002T0006Z000C1N24.png,5,101.35079279871645,101.52520596547657,13.995494376399115,14.451762894917179,T1791L,G5
W0035F0002T0006Z000C1N24.png,6,66.29706970958367,64.86237484837288,13.995494376399115,14.451762894917179,T1791L,G5
W0035F0002T0006Z000C1N24.png,7,95.0654771849353,95.26063702802381,13.995494376399115,14.451762894917179,T1791L,G5
W0035F0002T0006Z000C1N24.png,8,64.87060492195293,63.572096705035,13.995494376399115,14.451762894917179,T1791L,G5
W0035F0002T0006Z000C1N24.png,9,88.41357870512736,86.8028029577665,13.995494376399115,14.451762894917179,T1791L,G5
W0035F0002T0006Z000C1N24.png,10,78.95127981443169,77.34508335272305,13.995494376399115,14.451762894917179,T1791L,G5
W0035F0002T0006Z000C1N24.png,11,71.18500217548083,69.59144059381548,13.995494376399115,14.451762894917179,T1791L,G5
W0035F0002T0006Z000C1N24.png,12,91.43664526857258,92.01203789721099,13.995494376399115,14.451762894917179,T1791L,G5
W0035F0002T0006Z000C1N24.png,13,68.66763487145977,67.10728114318017,13.995494376399115,14.451762894917179,T1791L,G5
W0035F0002T0006Z000C1N24.png,14,82.82412657838385,83.62639535905085,13.995494376399115,14.451762894917179,T1791L,G5
W0035F0002T0006Z000C1N24.png,15,66.70760792585561,65.30575134257859,13.995494376399115,14.451762894917179,T1791L,G5
W0035F0002T0006Z000C1N24.png,16,52.816033893859014,51.526203394316916,13.995494376399115,14.451762894917179,T1791L,G5
W0035F0002T0006Z000C1N24.png,17,62.79553672156128,61.691032610273695,13.995494376399115,14.451762894917179,T1791L,G5
W0035F0002T0006Z000C1N24.png,18,73.3765329657053,74.17666572099267,13.995494376399115,14.451762894917179,T1791L,G5
W0035F0002T0006Z000C1N24.png,19,70.82091596057884,71.82395654719207,13.995494376399115,14.451762894917179,T1791L,G5
W0035F0002T0006Z000C1N26.png,1,59.70438850375998,59.39586503043666,0.0,0.0,T1791L,G5
W0035F0002T0006Z000C1N27.png,1,85.04095739016996,35.17610454246707,23.546336405251452,19.073496395167655,T1791L,G5
W0035F0002T0006Z000C1N27.png,2,106.60783872840778,68.95234643557487,23.546336405251452,19.073496395167655,T1791L,G5
W0035F0002T0006Z000C1N27.png,3,61.805921032886104,12.809869071860193,23.546336405251452,19.073496395167655,T1791L,G5
W0035F0002T0006Z000C1N27.png,4,72.44201507246639,34.44739538293866,23.546336405251452,19.073496395167655,T1791L,G5
W0035F0002T0006Z000C1N27.png,5,56.40660859847938,8.909418789485711,23.546336405251452,19.073496395167655,T1791L,G5
W0035F0002T0006Z000C1N27.png,6,51.39862507796996,2.995251828642807,23.546336405251452,19.073496395167655,T1791L,G5
W0035F0002T0006Z000C1N27.png,7,49.10411206182367,9.814529979811564,23.546336405251452,19.073496395167655,T1791L,G5
W0035F0002T0006Z000C1N27.png,8,67.05955925013298,30.31134734349131,23.546336405251452,19.073496395167655,T1791L,G5
W0035F0002T0006Z000C1N27.png,9,84.53339593280698,64.76151590280647,23.546336405251452,19.073496395167655,T1791L,G5
W0035F0002T0006Z000C1N27.png,10,43.94831912285484,10.064647256235991,23.546336405251452,19.073496395167655,T1791L,G5
W0035F0002T0006Z000C1N27.png,11,44.25025671498491,8.594520804327649,23.546336405251452,19.073496395167655,T1791L,G5
W0035F0002T0006Z000C1N27.png,12,48.01994477831578,9.093648577135824,23.546336405251452,19.073496395167655,T1791L,G5
W0035F0002T0006Z000C1N27.png,13,40.551169104965105,11.792711981489811,23.546336405251452,19.073496395167655,T1791L,G5
W0035F0002T0006Z000C1N27.png,14,50.117533351876055,27.106240278055264,23.546336405251452,19.073496395167655,T1791L,G5
W0035F0002T0006Z000C1N27.png,15,33.53948517266943,15.557625632954718,23.546336405251452,19.073496395167655,T1791L,G5
W0035F0002T0006Z000C1N27.png,16,61.79593386131863,48.183380954263214,23.546336405251452,19.073496395167655,T1791L,G5
W0035F0002T0006Z000C1N27.png,17,26.111023139279826,25.171633064048724,23.546336405251452,19.073496395167655,T1791L,G5
W0035F0002T0006Z000C1N27.png,18,80.6412158707866,73.56177791408132,23.546336405251452,19.073496395167655,T1791L,G5
W0035F0002T0006Z000C1N27.png,19,29.681935050801016,28.130453083800994,23.546336405251452,19.073496395167655,T1791L,G5
W0035F0002T0006Z000C1N27.png,20,43.39006933927081,39.930118297923215,23.546336405251452,19.073496395167655,T1791L,G5
W0035F0002T0006Z000C1N27.png,21,17.26702508526056,17.1050441335117,23.546336405251452,19.073496395167655,T1791L,G5
W0035F0002T0006Z000C1N27.png,22,26.11793298456454,25.826310090266244,23.546336405251452,19.073496395167655,T1791L,G5
W0035F0002T0006Z000C1N27.png,23,9.077966715743132,9.66925095499532,23.546336405251452,19.073496395167655,T1791L,G5
W0035F0002T0006Z000C1N27.png,24,20.587272082490372,21.13257093391627,23.546336405251452,19.073496395167655,T1791L,G5
W0035F0002T0006Z000C1N27.png,25,5.673471737348847,4.527363050149723,23.546336405251452,19.073496395167655,T1791L,G5
W0035F0002T0006Z000C1N27.png,26,40.8662387846014,40.634254335236456,23.546336405251452,19.073496395167655,T1791L,G5
W0035F0002T0006Z000C1N27.png,27,48.70314188455956,28.044607324760317,23.546336405251452,19.073496395167655,T1791L,G5
W0035F0002T0006Z000C1N27.png,28,21.93433479777284,12.130303104558225,23.546336405251452,19.073496395167655,T1791L,G5
W0035F0002T0006Z000C1N27.png,29,49.179303967691894,36.06226660205765,23.546336405251452,19.073496395167655,T1791L,G5
W0035F0002T0006Z000C1N27.png,30,40.23795418766981,9.300537618869138,23.546336405251452,19.073496395167655,T1791L,G5
W0035F0002T0006Z000C1N27.png,31,45.843485883864076,10.307764064044152,23.546336405251452,19.073496395167655,T1791L,G5
W0035F0002T0006Z000C1N27.png,32,46.312014347914754,15.231546211727817,23.546336405251452,19.073496395167655,T1791L,G5
W0035F0002T0006Z000C1N27.png,33,74.19712900477198,49.20619879649311,23.546336405251452,19.073496395167655,T1791L,G5
W0035F0002T0006Z000C1N27.png,34,25.988280549785436,14.80012260151808,23.546336405251452,19.073496395167655,T1791L,G5
W0035F0002T0006Z000C1N27.png,35,35.947245284252276,7.524037630626711,23.546336405251452,19.073496395167655,T1791L,G5
W0035F0002T0006Z000C1N27.png,36,25.02586352210416,15.39271999857792,23.546336405251452,19.073496395167655,T1791L,G5
W0035F0002T0006Z000C1N27.png,37,27.80987852212653,11.342686040869971,23.546336405251452,19.073496395167655,T1791L,G5
W0035F0002T0006Z000C1N27.png,38,36.82096958321806,1.7151135053885957,23.546336405251452,19.073496395167655,T1791L,G5
W0035F0002T0006Z000C1N27.png,39,18.496025012290257,19.55162133562746,23.546336405251452,19.073496395167655,T1791L,G5
W0035F0002T0006Z000C1N27.png,40,38.5654634865641,8.417358785307728,23.546336405251452,19.073496395167655,T1791L,G5
W0035F0002T0006Z000C1N27.png,41,14.391269396305796,13.384201717067636,23.546336405251452,19.073496395167655,T1791L,G5
W0035F0002T0006Z000C1N27.png,42,49.99743203811979,29.970819141291418,23.546336405251452,19.073496395167655,T1791L,G5
W0035F0002T0006Z000C1N27.png,43,10.026510131287434,9.790899862771377,23.546336405251452,19.073496395167655,T1791L,G5
W0035F0002T0006Z000C1N27.png,44,86.66363034926034,66.74537020980887,23.546336405251452,19.073496395167655,T1791L,G5
W0035F0002T0006Z000C1N27.png,45,7.988592909016631,9.233772581117458,23.546336405251452,19.073496395167655,T1791L,G5
W0035F0002T0006Z000C1N27.png,46,81.35149354278471,63.95006732686926,23.546336405251452,19.073496395167655,T1791L,G5
W0035F0002T0006Z000C1N27.png,47,70.37722524373453,53.774022969951005,23.546336405251452,19.073496395167655,T1791L,G5
W0035F0002T0006Z000C1N27.png,48,17.079464025535074,15.698526760379597,23.546336405251452,19.073496395167655,T1791L,G5
W0035F0002T0006Z000C1N27.png,49,30.795932822794956,16.49320095678018,23.546336405251452,19.073496395167655,T1791L,G5
W0035F0002T0006Z000C1N28.png,1,81.82266664241683,59.941477504614284,17.480899331911218,19.357948823163376,T1791L,G5
W0035F0002T0006Z000C1N28.png,2,90.4438417443493,68.39182931638383,17.480899331911218,19.357948823163376,T1791L,G5
W0035F0002T0006Z000C1N28.png,3,77.2889480350609,63.10751232743241,17.480899331911218,19.357948823163376,T1791L,G5
W0035F0002T0006Z000C1N28.png,4,93.944761059469,88.42923221013832,17.480899331911218,19.357948823163376,T1791L,G5
W0035F0002T0006Z000C1N28.png,5,82.94944190794602,73.68153348669756,17.480899331911218,19.357948823163376,T1791L,G5
W0035F0002T0006Z000C1N28.png,6,72.77598701746378,55.063819933781645,17.480899331911218,19.357948823163376,T1791L,G5
W0035F0002T0006Z000C1N28.png,7,84.2046438867201,62.122398179364865,17.480899331911218,19.357948823163376,T1791L,G5
W0035F0002T0006Z000C1N28.png,8,69.84976037419737,54.532742626476015,17.480899331911218,19.357948823163376,T1791L,G5
W0035F0002T0006Z000C1N28.png,9,96.0018862605364,73.49411506376198,17.480899331911218,19.357948823163376,T1791L,G5
W0035F0002T0006Z000C1N28.png,10,70.17303993497954,50.093490599949796,17.480899331911218,19.357948823163376,T1791L,G5
W0035F0002T0006Z000C1N28.png,11,97.08181665561406,94.38397580785103,17.480899331911218,19.357948823163376,T1791L,G5
W0035F0002T0006Z000C1N28.png,12,92.92888225825158,89.59979379813608,17.480899331911218,19.357948823163376,T1791L,G5
W0035F0002T0006Z000C1N28.png,13,70.3723904529204,59.32526177803298,17.480899331911218,19.357948823163376,T1791L,G5
W0035F0002T0006Z000C1N28.png,14,97.18935206578375,74.8206234195418,17.480899331911218,19.357948823163376,T1791L,G5
W0035F0002T0006Z000C1N28.png,15,82.73475840478154,60.29742763483587,17.480899331911218,19.357948823163376,T1791L,G5
W0035F0002T0006Z000C1N28.png,16,85.79980076463839,63.308912193977896,17.480899331911218,19.357948823163376,T1791L,G5
W0035F0002T0006Z000C1N28.png,17,78.78766094915679,75.20639491790105,17.480899331911218,19.357948823163376,T1791L,G5
W0035F0002T0006Z000C1N28.png,18,58.533594704880485,37.8291567623252,17.480899331911218,19.357948823163376,T1791L,G5
W0035F0002T0006Z000C1N28.png,19,59.24328038262884,46.788236733793724,17.480899331911218,19.357948823163376,T1791L,G5
W0035F0002T0006Z000C1N28.png,20,56.70437053282157,42.091912635024855,17.480899331911218,19.357948823163376,T1791L,G5
W0035F0002T0006Z000C1N28.png,21,56.304306379455795,39.48467696885933,17.480899331911218,19.357948823163376,T1791L,G5
W0035F0002T0006Z000C1N28.png,22,67.9126942918466,45.67762788158869,17.480899331911218,19.357948823163376,T1791L,G5
W0035F0002T0006Z000C1N28.png,23,59.00028957411536,36.95632906525225,17.480899331911218,19.357948823163376,T1791L,G5
W0035F0002T0006Z000C1N28.png,24,84.83028546338906,62.63030694469654,17.480899331911218,19.357948823163376,T1791L,G5
W0035F0002T0006Z000C1N28.png,25,47.82622791988499,31.71179906885851,17.480899331911218,19.357948823163376,T1791L,G5
W0035F0002T0006Z000C1N28.png,26,73.8891624434812,51.59850471562997,17.480899331911218,19.357948823163376,T1791L,G5
W0035F0002T0006Z000C1N28.png,27,59.34237321809883,51.98450518378665,17.480899331911218,19.357948823163376,T1791L,G5
W0035F0002T0006Z000C1N28.png,28,48.2975242960672,35.334980700951554,17.480899331911218,19.357948823163376,T1791L,G5
W0035F0002T0006Z000C1N28.png,29,70.19171316860628,68.8902643746368,17.480899331911218,19.357948823163376,T1791L,G5
W0035F0002T0006Z000C1N28.png,30,60.78057520741028,38.26292096779404,17.480899331911218,19.357948823163376,T1791L,G5
W0035F0002T0006Z000C1N28.png,31,81.87954849602593,80.2861792882074,17.480899331911218,19.357948823163376,T1791L,G5
W0035F0002T0006Z000C1N28.png,32,46.82269016012328,42.131316417587975,17.480899331911218,19.357948823163376,T1791L,G5
W0035F0002T0006Z000C1N28.png,33,78.23403200317382,53.71535127271141,17.480899331911218,19.357948823163376,T1791L,G5
W0035F0002T0006Z000C1N28.png,34,61.939670366428565,60.341625030299795,17.480899331911218,19.357948823163376,T1791L,G5
W0035F0002T0006Z000C1N28.png,35,48.469397221402396,47.37123910038521,17.480899331911218,19.357948823163376,T1791L,G5
W0035F0002T0006Z000C1N28.png,36,67.58921877914906,65.82563791851221,17.480899331911218,19.357948823163376,T1791L,G5
W0035F0002T0006Z000C1N28.png,37,37.535588750593625,32.26776033231945,17.480899331911218,19.357948823163376,T1791L,G5
W0035F0002T0006Z000C1N28.png,38,26.73665725154749,14.307299054827263,17.480899331911218,19.357948823163376,T1791L,G5
W0035F0002T0006Z000C1N28.png,39,49.14824267170755,27.70136619174023,17.480899331911218,19.357948823163376,T1791L,G5
W0035F0002T0006Z000C1N28.png,40,72.38294097907996,70.32010436259654,17.480899331911218,19.357948823163376,T1791L,G5
W0035F0002T0006Z000C1N28.png,41,63.83091044493174,37.07263674002252,17.480899331911218,19.357948823163376,T1791L,G5
W0035F0002T0006Z000C1N28.png,42,77.46112296183853,47.29835992112544,17.480899331911218,19.357948823163376,T1791L,G5
W0035F0002T0006Z000C1N28.png,43,49.028769035781046,47.277310406473475,17.480899331911218,19.357948823163376,T1791L,G5
W0035F0002T0006Z000C1N28.png,44,23.581814188401978,2.64609836311713,17.480899331911218,19.357948823163376,T1791L,G5
W0035F0002T0006Z000C1N28.png,45,19.992785893381374,9.608541615734316,17.480899331911218,19.357948823163376,T1791L,G5
W0035F0002T0006Z000C1N28.png,46,63.24611567591632,61.068214219496305,17.480899331911218,19.357948823163376,T1791L,G5
W0035F0002T0006Z000C1N28.png,47,71.83261902749697,69.43839231343154,17.480899331911218,19.357948823163376,T1791L,G5
W0035F0002T0006Z000C1N28.png,48,73.94024572237802,40.28621160138922,17.480899331911218,19.357948823163376,T1791L,G5
W0035F0002T0006Z000C1N28.png,49,56.720922594952896,54.20225318650825,17.480899331911218,19.357948823163376,T1791L,G5
W0035F0002T0006Z000C1N28.png,50,61.681939110306416,27.188314507464664,17.480899331911218,19.357948823163376,T1791L,G5
W0035F0002T0006Z000C1N28.png,51,47.48597390849746,45.02377024546782,17.480899331911218,19.357948823163376,T1791L,G5
W0035F0002T0006Z000C1N28.png,52,72.25378840839745,69.50810434962918,17.480899331911218,19.357948823163376,T1791L,G5
W0035F0002T0006Z000C1N28.png,53,55.73535977581596,52.94075849506276,17.480899331911218,19.357948823163376,T1791L,G5
W0035F0002T0006Z000C1N28.png,54,71.3983034839264,32.21408531384176,17.480899331911218,19.357948823163376,T1791L,G5
W0035F0002T0006Z000C1N28.png,55,56.63169669159938,17.238569361914763,17.480899331911218,19.357948823163376,T1791L,G5
W0035F0002T0006Z000C1N28.png,56,51.771881644641724,14.355712889629675,17.480899331911218,19.357948823163376,T1791L,G5
W0035F0002T0006Z000C1N28.png,57,56.5042063658954,49.21607686744466,17.480899331911218,19.357948823163376,T1791L,G5
W0035F0002T0006Z000C1N28.png,58,22.627624623850163,21.08439375912849,17.480899331911218,19.357948823163376,T1791L,G5
W0035F0002T0006Z000C1N28.png,59,79.12323172621397,40.166906712587014,17.480899331911218,19.357948823163376,T1791L,G5
W0035F0002T0006Z000C1N28.png,60,65.41305633843474,54.85333981526456,17.480899331911218,19.357948823163376,T1791L,G5
W0035F0002T0006Z000C1N28.png,61,48.07936694823861,38.701438149354864,17.480899331911218,19.357948823163376,T1791L,G5
W0035F0002T0006Z000C1N28.png,62,56.692308115644884,45.21676188710946,17.480899331911218,19.357948823163376,T1791L,G5
W0035F0002T0006Z000C1N28.png,63,26.14620650749529,18.869434425958705,17.480899331911218,19.357948823163376,T1791L,G5
W0035F0002T0006Z000C1N28.png,64,63.7390451520259,26.92008545525578,17.480899331911218,19.357948823163376,T1791L,G5
W0035F0002T0006Z000C1N28.png,65,32.01918644433607,15.767503540334474,17.480899331911218,19.357948823163376,T1791L,G5
W0035F0002T0006Z000C1N28.png,66,77.45271371383485,62.81721562497952,17.480899331911218,19.357948823163376,T1791L,G5
W0035F0002T0006Z000C1N28.png,67,80.46063815920547,42.65810555970042,17.480899331911218,19.357948823163376,T1791L,G5
W0035F0002T0006Z000C1N28.png,68,73.18392609093713,52.51243239039261,17.480899331911218,19.357948823163376,T1791L,G5
W0035F0002T0006Z000C1N28.png,69,44.96393043129015,19.666291936934947,17.480899331911218,19.357948823163376,T1791L,G5
W0035F0002T0006Z000C1N28.png,70,66.89399481112939,34.424791352384645,17.480899331911218,19.357948823163376,T1791L,G5
W0035F0002T0006Z000C1N28.png,71,79.47895221256024,45.18733834131879,17.480899331911218,19.357948823163376,T1791L,G5
W0035F0002T0006Z000C1N28.png,72,80.72165730003388,59.72245692047516,17.480899331911218,19.357948823163376,T1791L,G5
W0035F0002T0006Z000C1N28.png,73,48.382565563543,8.910044269749102,17.480899331911218,19.357948823163376,T1791L,G5
W0035F0002T0006Z000C1N28.png,74,71.7573470613578,45.88451687540023,17.480899331911218,19.357948823163376,T1791L,G5
W0035F0002T0006Z000C1N28.png,75,52.578075075033226,19.90490010050225,17.480899331911218,19.357948823163376,T1791L,G5
W0035F0002T0006Z000C1N28.png,76,80.58088992209409,50.56854531750038,17.480899331911218,19.357948823163376,T1791L,G5
W0035F0002T0006Z000C1N28.png,77,89.94737079679224,59.70669048681972,17.480899331911218,19.357948823163376,T1791L,G5
W0035F0002T0006Z000C1N28.png,78,58.638572695104045,14.214244663981988,17.480899331911218,19.357948823163376,T1791L,G5
W0035F0002T0006Z000C1N28.png,79,86.69851361728539,58.04714725073556,17.480899331911218,19.357948823163376,T1791L,G5
W0035F0002T0006Z000C1N28.png,80,62.81941024620412,21.24591463996994,17.480899331911218,19.357948823163376,T1791L,G5
W0035F0002T0006Z000C1N28.png,81,70.60724546194626,51.088189297244895,17.480899331911218,19.357948823163376,T1791L,G5
W0035F0002T0006Z000C1N28.png,82,75.15117416072437,37.417554979134906,17.480899331911218,19.357948823163376,T1791L,G5
W0035F0002T0006Z000C1N28.png,83,68.97657469609409,44.93414313099932,17.480899331911218,19.357948823163376,T1791L,G5
W0035F0002T0006Z000C1N28.png,84,71.64327855789215,28.262241866695124,17.480899331911218,19.357948823163376,T1791L,G5
W0035F0002T0006Z000C1N28.png,85,88.60405690774941,53.66320862662722,17.480899331911218,19.357948823163376,T1791L,G5
W0035F0002T0006Z000C1N28.png,86,74.058501707848,29.514591494904874,17.480899331911218,19.357948823163376,T1791L,G5
W0035F0002T0006Z000C1N28.png,87,74.4529630781677,41.66177665067108,17.480899331911218,19.357948823163376,T1791L,G5
W0035F0002T0006Z000C1N28.png,88,82.77269614768436,59.35395455999859,17.480899331911218,19.357948823163376,T1791L,G5
W0035F0002T0006Z000C1N38.png,1,25.784635971036206,21.284398374840176,27.127035901563577,22.595620269048087,T1791L,G5
W0035F0002T0006Z000C1N38.png,2,9.16340764918447,11.897575340406286,27.127035901563577,22.595620269048087,T1791L,G5
W0035F0002T0006Z000C1N38.png,3,19.70573806522604,11.723931297265388,27.127035901563577,22.595620269048087,T1791L,G5
W0035F0002T0006Z000C1N38.png,4,63.98136983405529,34.204782204025605,27.127035901563577,22.595620269048087,T1791L,G5
W0035F0002T0006Z000C1N38.png,5,12.445892750016638,9.168012410216766,27.127035901563577,22.595620269048087,T1791L,G5
W0035F0002T0006Z000C1N38.png,6,33.37908986756938,3.2981288398496473,27.127035901563577,22.595620269048087,T1791L,G5
W0035F0002T0006Z000C1N38.png,7,16.52699291723513,13.951657396633202,27.127035901563577,22.595620269048087,T1791L,G5
W0035F0002T0006Z000C1N38.png,8,78.94341752184826,46.76069255802066,27.127035901563577,22.595620269048087,T1791L,G5
W0035F0002T0006Z000C1N38.png,9,3.0557645337409816,8.919855646492607,27.127035901563577,22.595620269048087,T1791L,G5
W0035F0002T0006Z000C1N38.png,10,82.68490072703223,40.078048854703496,27.127035901563577,22.595620269048087,T1791L,G5
W0035F0002T0006Z000C1N38.png,11,101.3521536024413,51.61595942490924,27.127035901563577,22.595620269048087,T1791L,G5
W0035F0002T0006Z000C1N38.png,12,80.78037825281339,35.42950747611375,27.127035901563577,22.595620269048087,T1791L,G5
W0035F0002T0006Z000C1N38.png,13,73.17159138458264,31.03626910567699,27.127035901563577,22.595620269048087,T1791L,G5
W0035F0002T0006Z000C1N38.png,14,82.80927340837455,34.00367627183861,27.127035901563577,22.595620269048087,T1791L,G5
W0035F0002T0006Z000C1N38.png,15,36.459589106544065,14.84598413966845,27.127035901563577,22.595620269048087,T1791L,G5
W0035F0002T0006Z000C1N38.png,16,15.669007869202414,11.837932345897304,27.127035901563577,22.595620269048087,T1791L,G5
W0035F0002T0006Z000C1N38.png,17,53.7556901952105,28.437200028672017,27.127035901563577,22.595620269048087,T1791L,G5
W0035F0002T0006Z000C1N38.png,18,94.09701315034792,40.398954937407886,27.127035901563577,22.595620269048087,T1791L,G5
W0035F0002T0006Z000C1N38.png,19,24.21908864382085,18.95804319687929,27.127035901563577,22.595620269048087,T1791L,G5
W0035F0002T0006Z000C1N38.png,20,80.11255121301234,26.4211588058649,27.127035901563577,22.595620269048087,T1791L,G5
W0035F0002T0006Z000C1N38.png,21,86.15874547896688,29.4500129543303,27.127035901563577,22.595620269048087,T1791L,G5
W0035F0002T0006Z000C1N38.png,22,42.089056054850474,36.55979463957013,27.127035901563577,22.595620269048087,T1791L,G5
W0035F0002T0006Z000C1N38.png,23,31.3883056492264,32.04601947969618,27.127035901563577,22.595620269048087,T1791L,G5
W0035F0002T0006Z000C1N38.png,24,40.198427078818554,39.49505062806118,27.127035901563577,22.595620269048087,T1791L,G5
W0035F0002T0006Z000C1N38.png,25,76.91807629107923,20.230748744408476,27.127035901563577,22.595620269048087,T1791L,G5
W0035F0002T0006Z000C1N38.png,26,58.907961841281875,15.145940546824587,27.127035901563577,22.595620269048087,T1791L,G5
W0035F0002T0006Z000C1N38.png,27,14.815442653741897,15.589086431538831,27.127035901563577,22.595620269048087,T1791L,G5
W0035F0002T0006Z000C1N38.png,28,33.447435271456804,21.24833488857869,27.127035901563577,22.595620269048087,T1791L,G5
W0035F0002T0006Z000C1N38.png,29,20.42780659095449,20.994616511826962,27.127035901563577,22.595620269048087,T1791L,G5
W0035F0002T0006Z000C1N38.png,30,52.65005239052129,10.829553384392954,27.127035901563577,22.595620269048087,T1791L,G5
W0035F0002T0006Z000C1N38.png,31,37.12200864572484,37.75665619581345,27.127035901563577,22.595620269048087,T1791L,G5
W0035F0002T0006Z000C1N38.png,32,47.57016910715041,13.320702350518571,27.127035901563577,22.595620269048087,T1791L,G5
W0035F0002T0006Z000C1N38.png,33,34.34670356120484,24.70323865407125,27.127035901563577,22.595620269048087,T1791L,G5
W0035F0002T0006Z000C1N38.png,34,57.12046380399179,5.689854518741629,27.127035901563577,22.595620269048087,T1791L,G5
W0035F0002T0006Z000C1N38.png,35,35.426571487742656,21.812160345969588,27.127035901563577,22.595620269048087,T1791L,G5
W0035F0002T0006Z000C1N38.png,36,30.984235114844626,29.702693480558292,27.127035901563577,22.595620269048087,T1791L,G5
W0035F0002T0006Z000C1N38.png,37,14.47720880217442,14.445668710851479,27.127035901563577,22.595620269048087,T1791L,G5
W0035F0002T0006Z000C1N38.png,38,77.8860544748265,33.05861687647927,27.127035901563577,22.595620269048087,T1791L,G5
W0035F0002T0006Z000C1N38.png,39,5.913868447875832,6.1050122231157316,27.127035901563577,22.595620269048087,T1791L,G5
W0035F0002T0006Z000C1N38.png,40,23.79419975064764,23.65761341592579,27.127035901563577,22.595620269048087,T1791L,G5
W0035F0002T0006Z000C1N38.png,41,51.91659035938721,4.782484584988716,27.127035901563577,22.595620269048087,T1791L,G5
W0035F0002T0006Z000C1N38.png,42,60.3238343356735,5.076853793881058,27.127035901563577,22.595620269048087,T1791L,G5
W0035F0002T0006Z000C1N38.png,43,55.14726227283032,19.583060388130548,27.127035901563577,22.595620269048087,T1791L,G5
W0035F0002T0006Z000C1N38.png,44,16.979679036497743,16.711359013676226,27.127035901563577,22.595620269048087,T1791L,G5
W0035F0002T0006Z000C1N38.png,45,4.182212271442801,3.4061241546366294,27.127035901563577,22.595620269048087,T1791L,G5
W0035F0002T0006Z000C1N38.png,46,9.733014121001283,8.994930390249452,27.127035901563577,22.595620269048087,T1791L,G5
W0035F0002T0006Z000C1N38.png,47,19.625694824959805,19.1708419689474,27.127035901563577,22.595620269048087,T1791L,G5
W0035F0002T0006Z000C1N38.png,48,62.91381578400487,33.608587637884355,27.127035901563577,22.595620269048087,T1791L,G5
W0035F0002T0006Z000C1N38.png,49,29.674290967851,29.281541990386067,27.127035901563577,22.595620269048087,T1791L,G5
W0035F0002T0006Z000C1N38.png,50,17.09368728778301,16.41991047582806,27.127035901563577,22.595620269048087,T1791L,G5
W0035F0002T0006Z000C1N38.png,51,15.763371175947333,14.985551555164106,27.127035901563577,22.595620269048087,T1791L,G5
W0035F0002T0006Z000C1N38.png,52,41.01734360499519,38.547844664523076,27.127035901563577,22.595620269048087,T1791L,G5
W0035F0002T0006Z000C1N38.png,53,74.71636415150229,39.20518467944108,27.127035901563577,22.595620269048087,T1791L,G5
W0035F0002T0006Z000C1N38.png,54,24.502024850567434,23.847167474063905,27.127035901563577,22.595620269048087,T1791L,G5
W0035F0002T0006Z000C1N38.png,55,34.49527722885723,34.07642401335954,27.127035901563577,22.595620269048087,T1791L,G5
W0035F0002T0006Z000C1N38.png,56,72.50881406790423,24.492271319175842,27.127035901563577,22.595620269048087,T1791L,G5
W0035F0002T0006Z000C1N38.png,57,66.50266455063988,44.48299578622094,27.127035901563577,22.595620269048087,T1791L,G5
W0035F0002T0006Z000C1N38.png,58,27.353916830507863,26.587526808660336,27.127035901563577,22.595620269048087,T1791L,G5
W0035F0002T0006Z000C1N38.png,59,76.06313916644973,52.532003893346634,27.127035901563577,22.595620269048087,T1791L,G5
W0035F0002T0006Z000C1N38.png,60,34.87075572837721,34.174379892744064,27.127035901563577,22.595620269048087,T1791L,G5
W0035F0002T0006Z000C1N38.png,61,71.22735260701562,55.901094093261435,27.127035901563577,22.595620269048087,T1791L,G5
W0035F0002T0006Z000C1N38.png,62,86.55244560092494,63.52516994013794,27.127035901563577,22.595620269048087,T1791L,G5
W0035F0002T0006Z000C1N38.png,63,76.13339939021601,36.699333932799256,27.127035901563577,22.595620269048087,T1791L,G5
W0035F0002T0006Z000C1N38.png,64,63.21105503480449,38.054011323088886,27.127035901563577,22.595620269048087,T1791L,G5
W0035F0002T0006Z000C1N38.png,65,48.429612713888,47.745561902079956,27.127035901563577,22.595620269048087,T1791L,G5
W0035F0002T0006Z000C1N38.png,66,48.313940845786284,47.71872480870026,27.127035901563577,22.595620269048087,T1791L,G5
W0035F0002T0006Z000C1N38.png,67,73.96852504163328,63.996135953521495,27.127035901563577,22.595620269048087,T1791L,G5
W0035F0002T0006Z000C1N38.png,68,63.601258587410356,63.0187986041842,27.127035901563577,22.595620269048087,T1791L,G5
W0035F0002T0006Z000C1N38.png,69,80.41446896888627,65.16537826777295,27.127035901563577,22.595620269048087,T1791L,G5
W0035F0002T0006Z000C1N38.png,70,58.241358659239346,57.627761355024035,27.127035901563577,22.595620269048087,T1791L,G5
W0035F0002T0006Z000C1N38.png,71,58.71063597123783,58.031589249887375,27.127035901563577,22.595620269048087,T1791L,G5
W0035F0002T0006Z000C1N38.png,72,81.64542049434061,49.832798213403365,27.127035901563577,22.595620269048087,T1791L,G5
W0035F0002T0006Z000C1N38.png,73,83.9619296748776,76.77090132333657,27.127035901563577,22.595620269048087,T1791L,G5
W0035F0002T0006Z000C1N38.png,74,52.58289988041356,51.82454654991595,27.127035901563577,22.595620269048087,T1791L,G5
W0035F0002T0006Z000C1N38.png,75,74.02241080326017,73.38727320215204,27.127035901563577,22.595620269048087,T1791L,G5
W0035F0002T0006Z000C1N38.png,76,67.29196283470735,66.56368865375646,27.127035901563577,22.595620269048087,T1791L,G5
W0035F0002T0006Z000C1N38.png,77,96.98120961950086,84.82122907974717,27.127035901563577,22.595620269048087,T1791L,G5
W0035F0002T0006Z000C1N38.png,78,87.6777236992039,86.74463903382497,27.127035901563577,22.595620269048087,T1791L,G5
W0035F0002T0006Z000C1N38.png,79,80.40551694199434,79.72877056373643,27.127035901563577,22.595620269048087,T1791L,G5
W0035F0002T0006Z000C1N38.png,80,79.5812561212898,78.86234281225072,27.127035901563577,22.595620269048087,T1791L,G5
W0035F0002T0006Z000C1N38.png,81,93.464477889047,91.92895566649047,27.127035901563577,22.595620269048087,T1791L,G5
W0035F0002T0006Z000C1N38.png,82,96.12079718522479,89.03644257000543,27.127035901563577,22.595620269048087,T1791L,G5
W0035F0002T0006Z000C1N39.png,1,15.376127898878984,20.149499161686244,20.472616226160074,16.852365194763,T1791L,G5
W0035F0002T0006Z000C1N39.png,2,41.613115640861416,39.509297276155564,20.472616226160074,16.852365194763,T1791L,G5
W0035F0002T0006Z000C1N39.png,3,28.09795392604057,16.237746514887668,20.472616226160074,16.852365194763,T1791L,G5
W0035F0002T0006Z000C1N39.png,4,37.30654523364158,23.908978352267038,20.472616226160074,16.852365194763,T1791L,G5
W0035F0002T0006Z000C1N39.png,5,11.51734246791594,4.072895417618377,20.472616226160074,16.852365194763,T1791L,G5
W0035F0002T0006Z000C1N39.png,6,51.2941111288911,47.64983900236016,20.472616226160074,16.852365194763,T1791L,G5
W0035F0002T0006Z000C1N39.png,7,44.729361873544995,44.5167812192652,20.472616226160074,16.852365194763,T1791L,G5
W0035F0002T0006Z000C1N39.png,8,38.14108613867324,24.05451062941856,20.472616226160074,16.852365194763,T1791L,G5
W0035F0002T0006Z000C1N39.png,9,15.823480556036413,21.830847965372154,20.472616226160074,16.852365194763,T1791L,G5
W0035F0002T0006Z000C1N39.png,10,30.55459962627945,12.307791431845754,20.472616226160074,16.852365194763,T1791L,G5
W0035F0002T0006Z000C1N39.png,11,15.304595677383157,17.735081295161947,20.472616226160074,16.852365194763,T1791L,G5
W0035F0002T0006Z000C1N39.png,12,43.94698234541318,41.71935973212272,20.472616226160074,16.852365194763,T1791L,G5
W0035F0002T0006Z000C1N39.png,13,35.35027212823781,34.836829357579894,20.472616226160074,16.852365194763,T1791L,G5
W0035F0002T0006Z000C1N39.png,14,25.726163081771805,21.520431601138966,20.472616226160074,16.852365194763,T1791L,G5
W0035F0002T0006Z000C1N39.png,15,37.30366942575356,25.824753300340564,20.472616226160074,16.852365194763,T1791L,G5
W0035F0002T0006Z000C1N39.png,16,25.429179262301783,24.60937090970374,20.472616226160074,16.852365194763,T1791L,G5
W0035F0002T0006Z000C1N39.png,17,31.439681999868366,29.389770327698134,20.472616226160074,16.852365194763,T1791L,G5
W0035F0002T0006Z000C1N39.png,18,35.07386380811093,23.638748183061864,20.472616226160074,16.852365194763,T1791L,G5
W0035F0002T0006Z000C1N39.png,19,42.96901229321028,27.53452359996309,20.472616226160074,16.852365194763,T1791L,G5
W0035F0002T0006Z000C1N39.png,20,29.287869737977587,16.271379159307248,20.472616226160074,16.852365194763,T1791L,G5
W0035F0002T0006Z000C1N39.png,21,35.62651266695973,23.978173592344426,20.472616226160074,16.852365194763,T1791L,G5
W0035F0002T0006Z000C1N39.png,22,25.950200272219774,24.462868894466574,20.472616226160074,16.852365194763,T1791L,G5
W0035F0002T0006Z000C1N39.png,23,38.71023315373183,4.499026917957568,20.472616226160074,16.852365194763,T1791L,G5
W0035F0002T0006Z000C1N39.png,24,43.65208939174329,42.83264107325371,20.472616226160074,16.852365194763,T1791L,G5
W0035F0002T0006Z000C1N39.png,25,15.833563658961145,16.18824357641715,20.472616226160074,16.852365194763,T1791L,G5
W0035F0002T0006Z000C1N39.png,26,12.433177029075049,11.627813898453736,20.472616226160074,16.852365194763,T1791L,G5
W0035F0002T0006Z000C1N39.png,27,59.30658586806125,25.358479235470778,20.472616226160074,16.852365194763,T1791L,G5
W0035F0002T0006Z000C1N39.png,28,17.801408748830003,15.737383366231445,20.472616226160074,16.852365194763,T1791L,G5
W0035F0002T0006Z000C1N39.png,29,38.39731719114227,13.022194044839575,20.472616226160074,16.852365194763,T1791L,G5
W0035F0002T0006Z000C1N39.png,30,47.61893927301025,3.566389743489783,20.472616226160074,16.852365194763,T1791L,G5
W0035F0002T0006Z000C1N39.png,31,7.900179431520669,9.472727330871217,20.472616226160074,16.852365194763,T1791L,G5
W0035F0002T0006Z000C1N39.png,32,18.671893503199783,20.954611059572187,20.472616226160074,16.852365194763,T1791L,G5
W0035F0002T0006Z000C1N39.png,33,18.316345442028283,20.782844326755157,20.472616226160074,16.852365194763,T1791L,G5
W0035F0002T0006Z000C1N39.png,34,20.70469549976535,20.25382467349964,20.472616226160074,16.852365194763,T1791L,G5
W0035F0002T0006Z000C1N39.png,35,36.64887507350402,8.490999826104398,20.472616226160074,16.852365194763,T1791L,G5
W0035F0002T0006Z000C1N39.png,36,43.729810615794854,1.3434365289030892,20.472616226160074,16.852365194763,T1791L,G5
W0035F0002T0006Z000C1N39.png,37,18.879242812693168,20.42719347793296,20.472616226160074,16.852365194763,T1791L,G5
W0035F0002T0006Z000C1N39.png,38,39.30275162358529,38.58808737671531,20.472616226160074,16.852365194763,T1791L,G5
W0035F0002T0006Z000C1N39.png,39,22.779854420303728,25.160885720465863,20.472616226160074,16.852365194763,T1791L,G5
W0035F0002T0006Z000C1N39.png,40,30.419837150135038,30.778144628286785,20.472616226160074,16.852365194763,T1791L,G5
W0035F0002T0006Z000C1N39.png,41,48.54664508884146,24.397815274293038,20.472616226160074,16.852365194763,T1791L,G5
W0035F0002T0006Z000C1N39.png,42,42.96449784359448,44.58409156664024,20.472616226160074,16.852365194763,T1791L,G5
W0035F0002T0006Z000C1N39.png,43,45.94974940329102,40.23262327258911,20.472616226160074,16.852365194763,T1791L,G5
W0035F0002T0006Z000C1N39.png,44,50.77005528949776,52.27396738609189,20.472616226160074,16.852365194763,T1791L,G5
W0035F0002T0006Z000C1N39.png,45,82.20943310318981,82.05126215157651,20.472616226160074,16.852365194763,T1791L,G5
W0035F0002T0006Z000C1N39.png,46,102.91438091079236,62.939622636736146,20.472616226160074,16.852365194763,T1791L,G5
W0035F0002T0006Z000C1N39.png,47,110.31887329708204,70.58970399479692,20.472616226160074,16.852365194763,T1791L,G5
W0035F0002T0006Z000C1N49.png,1,93.37590492904214,0.7333543768024353,22.947606072087005,9.081993329296473,T1791L,G5
W0035F0002T0006Z000C1N49.png,2,102.67595394845739,14.85038138097784,22.947606072087005,9.081993329296473,T1791L,G5
W0035F0002T0006Z000C1N49.png,3,32.64440874635824,32.02420990135898,22.947606072087005,9.081993329296473,T1791L,G5
W0035F0002T0006Z000C1N49.png,4,26.637116952708055,26.093670970982977,22.947606072087005,9.081993329296473,T1791L,G5
W0035F0002T0006Z000C1N49.png,5,90.72229389072314,18.235719828532773,22.947606072087005,9.081993329296473,T1791L,G5
W0035F0002T0006Z000C1N49.png,6,22.39141276413862,21.68930093643312,22.947606072087005,9.081993329296473,T1791L,G5
W0035F0002T0006Z000C1N49.png,7,35.34614386509323,22.139998656197147,22.947606072087005,9.081993329296473,T1791L,G5
W0035F0002T0006Z000C1N49.png,8,19.85089514656051,19.362260415770606,22.947606072087005,9.081993329296473,T1791L,G5
W0035F0002T0006Z000C1N49.png,9,5.441974240085637,4.539459055269835,22.947606072087005,9.081993329296473,T1791L,G5
W0035F0002T0006Z000C1N49.png,10,52.63678277720061,11.180339887498949,22.947606072087005,9.081993329296473,T1791L,G5
W0035F0002T0006Z000C1N49.png,11,52.87319791422795,15.08776565565135,22.947606072087005,9.081993329296473,T1791L,G5
W0035F0002T0006Z000C1N49.png,12,47.756925724798144,11.095472235656826,22.947606072087005,9.081993329296473,T1791L,G5
W0035F0002T0006Z000C1N49.png,13,37.855737707823955,8.517688746334333,22.947606072087005,9.081993329296473,T1791L,G5
W0035F0002T0006Z000C1N49.png,14,31.186627687902895,17.993599548308527,22.947606072087005,9.081993329296473,T1791L,G5
W0035F0002T0006Z000C1N49.png,15,32.526495351198925,17.004842191066253,22.947606072087005,9.081993329296473,T1791L,G5
W0035F0002T0006Z000C1N49.png,16,29.22318496986238,13.03781310460234,22.947606072087005,9.081993329296473,T1791L,G5
W0035F0002T0006Z000C1N49.png,17,39.54092754531003,38.76701106192526,22.947606072087005,9.081993329296473,T1791L,G5
W0035F0002T0006Z000C1N49.png,18,43.30660475702452,24.10444306220848,22.947606072087005,9.081993329296473,T1791L,G5
W0035F0002T0006Z000C1N49.png,19,34.29416996054011,34.1622541840139,22.947606072087005,9.081993329296473,T1791L,G5
W0035F0002T0006Z000C1N49.png,20,30.020095910467713,31.480974556058648,22.947606072087005,9.081993329296473,T1791L,G5
W0035F0002T0006Z000C1N49.png,21,9.304716320601573,15.379478158317573,22.947606072087005,9.081993329296473,T1791L,G5
W0035F0002T0006Z000C1N49.png,22,38.056462537315134,31.764490232982613,22.947606072087005,9.081993329296473,T1791L,G5
W0035F0002T0006Z000C1N49.png,23,21.339760052815183,23.061378457857128,22.947606072087005,9.081993329296473,T1791L,G5
W0035F0002T0006Z000C1N49.png,24,17.486661247085557,18.510834717056593,22.947606072087005,9.081993329296473,T1791L,G5
W0035F0002T0006Z000C1N49.png,25,28.076383698231577,27.403235068961624,22.947606072087005,9.081993329296473,T1791L,G5
W0035F0002T0006Z000C1N49.png,26,13.734405117407277,12.819145150498027,22.947606072087005,9.081993329296473,T1791L,G5
W0035F0002T0006Z000C1N49.png,27,8.130242340159231,6.4765312913124164,22.947606072087005,9.081993329296473,T1791L,G5
W0035F0002T0006Z000C1N49.png,28,16.552119904836697,14.770895872636633,22.947606072087005,9.081993329296473,T1791L,G5
W0035F0002T0006Z000C1N49.png,29,37.12151851035917,31.86843514723298,22.947606072087005,9.081993329296473,T1791L,G5
W0035F0002T0006Z000C1N49.png,30,26.31094209825513,24.620464684132315,22.947606072087005,9.081993329296473,T1791L,G5
W0035F0002T0006Z000C1N49.png,31,23.79300612734376,22.0406660715365,22.947606072087005,9.081993329296473,T1791L,G5
W0035F0002T0006Z000C1N5.png,1,99.53774699466139,60.39632480029488,25.884165914350618,20.246093614589366,T1791L,G5
W0035F0002T0006Z000C1N5.png,2,105.40179209215071,65.1922370975086,25.884165914350618,20.246093614589366,T1791L,G5
W0035F0002T0006Z000C1N5.png,3,60.03262595658237,38.82426037013986,25.884165914350618,20.246093614589366,T1791L,G5
W0035F0002T0006Z000C1N5.png,4,59.26029404907123,30.438462510448847,25.884165914350618,20.246093614589366,T1791L,G5
W0035F0002T0006Z000C1N5.png,5,63.992081117785304,27.55449146690971,25.884165914350618,20.246093614589366,T1791L,G5
W0035F0002T0006Z000C1N5.png,6,84.89474266884753,78.18532407164767,25.884165914350618,20.246093614589366,T1791L,G5
W0035F0002T0006Z000C1N5.png,7,69.56801309591566,62.75357524198108,25.884165914350618,20.246093614589366,T1791L,G5
W0035F0002T0006Z000C1N5.png,8,65.75775359655137,25.16445906432324,25.884165914350618,20.246093614589366,T1791L,G5
W0035F0002T0006Z000C1N5.png,9,37.19858783075578,21.70829334609241,25.884165914350618,20.246093614589366,T1791L,G5
W0035F0002T0006Z000C1N5.png,10,73.44616643956569,27.643004422332318,25.884165914350618,20.246093614589366,T1791L,G5
W0035F0002T0006Z000C1N5.png,11,54.94656953419515,8.938685500330905,25.884165914350618,20.246093614589366,T1791L,G5
W0035F0002T0006Z000C1N5.png,12,34.55093641837307,7.32663054394678,25.884165914350618,20.246093614589366,T1791L,G5
W0035F0002T0006Z000C1N5.png,13,36.299946094993125,29.96792733549967,25.884165914350618,20.246093614589366,T1791L,G5
W0035F0002T0006Z000C1N5.png,14,21.219468219871843,19.83053201505194,25.884165914350618,20.246093614589366,T1791L,G5
W0035F0002T0006Z000C1N5.png,15,9.788794589424336,10.053680921253125,25.884165914350618,20.246093614589366,T1791L,G5
W0035F0002T0006Z000C1N5.png,16,71.04724131078233,66.64451944186519,25.884165914350618,20.246093614589366,T1791L,G5
W0035F0002T0006Z000C1N5.png,17,20.130462493790663,24.110311891656846,25.884165914350618,20.246093614589366,T1791L,G5
W0035F0002T0006Z000C1N5.png,18,12.257251214830175,16.21710004005098,25.884165914350618,20.246093614589366,T1791L,G5
W0035F0002T0006Z000C1N5.png,19,49.83714022026371,5.585233540729352,25.884165914350618,20.246093614589366,T1791L,G5
W0035F0002T0006Z000C1N5.png,20,39.71474424925788,11.639253507945531,25.884165914350618,20.246093614589366,T1791L,G5
W0035F0002T0006Z000C1N5.png,21,30.74636845738775,16.435902436096686,25.884165914350618,20.246093614589366,T1791L,G5
W0035F0002T0006Z000C1N5.png,22,12.24700517960572,17.722715294332772,25.884165914350618,20.246093614589366,T1791L,G5
W0035F0002T0006Z000C1N5.png,23,20.6307183208339,12.329996120922289,25.884165914350618,20.246093614589366,T1791L,G5
W0035F0002T0006Z000C1N5.png,24,30.270265234830006,18.295542659175947,25.884165914350618,20.246093614589366,T1791L,G5
W0035F0002T0006Z000C1N5.png,25,65.91071486314526,57.451064011367244,25.884165914350618,20.246093614589366,T1791L,G5
W0035F0002T0006Z000C1N5.png,26,42.92604340274799,3.1804916373223713,25.884165914350618,20.246093614589366,T1791L,G5
W0035F0002T0006Z000C1N5.png,27,11.960839133069362,19.069810375699575,25.884165914350618,20.246093614589366,T1791L,G5
W0035F0002T0006Z000C1N5.png,28,15.339991855464415,8.897048807599571,25.884165914350618,20.246093614589366,T1791L,G5
W0035F0002T0006Z000C1N5.png,29,30.895375102287392,12.505797707225245,25.884165914350618,20.246093614589366,T1791L,G5
W0035F0002T0006Z000C1N5.png,30,32.11386297149666,5.752200665832164,25.884165914350618,20.246093614589366,T1791L,G5
W0035F0002T0006Z000C1N5.png,31,79.92446423011332,66.3820268044692,25.884165914350618,20.246093614589366,T1791L,G5
W0035F0002T0006Z000C1N5.png,32,4.536190310481845,18.41429279741692,25.884165914350618,20.246093614589366,T1791L,G5
W0035F0002T0006Z000C1N5.png,33,13.654619269995985,5.471213020591638,25.884165914350618,20.246093614589366,T1791L,G5
W0035F0002T0006Z000C1N5.png,34,11.450680036082815,12.139511514365779,25.884165914350618,20.246093614589366,T1791L,G5
W0035F0002T0006Z000C1N5.png,35,10.861093871059364,12.055826570449305,25.884165914350618,20.246093614589366,T1791L,G5
W0035F0002T0006Z000C1N5.png,36,44.790364586252366,18.037994037730854,25.884165914350618,20.246093614589366,T1791L,G5
W0035F0002T0006Z000C1N5.png,37,27.000754713139,5.8119123281241984,25.884165914350618,20.246093614589366,T1791L,G5
W0035F0002T0006Z000C1N5.png,38,24.678514337972164,3.85452646147538,25.884165914350618,20.246093614589366,T1791L,G5
W0035F0002T0006Z000C1N5.png,39,24.907959479614284,2.8896107148990176,25.884165914350618,20.246093614589366,T1791L,G5
W0035F0002T0006Z000C1N5.png,40,31.62034300488106,13.621762107816785,25.884165914350618,20.246093614589366,T1791L,G5
W0035F0002T0006Z000C1N5.png,41,9.943554831439346,20.035900864661,25.884165914350618,20.246093614589366,T1791L,G5
W0035F0002T0006Z000C1N5.png,42,27.729148544669467,27.20804619552418,25.884165914350618,20.246093614589366,T1791L,G5
W0035F0002T0006Z000C1N50.png,1,18.94466455359024,20.521062561367184,11.713150410169872,9.314903327307187,T1791L,G5
W0035F0002T0006Z000C1N50.png,2,24.971141877158257,23.69435049900358,11.713150410169872,9.314903327307187,T1791L,G5
W0035F0002T0006Z000C1N50.png,3,14.089964464306487,15.241693656929469,11.713150410169872,9.314903327307187,T1791L,G5
W0035F0002T0006Z000C1N50.png,4,18.344949704534372,17.053438737229094,11.713150410169872,9.314903327307187,T1791L,G5
W0035F0002T0006Z000C1N50.png,5,34.95274082592793,4.955574424389805,11.713150410169872,9.314903327307187,T1791L,G5
W0035F0002T0006Z000C1N50.png,6,26.337841161165915,25.079557921376608,11.713150410169872,9.314903327307187,T1791L,G5
W0035F0002T0006Z000C1N50.png,7,43.34465903151462,9.958402324309613,11.713150410169872,9.314903327307187,T1791L,G5
W0035F0002T0006Z000C1N50.png,8,23.06375622452441,21.993650989888366,11.713150410169872,9.314903327307187,T1791L,G5
W0035F0002T0006Z000C1N50.png,9,2.499254750410925,3.52759809513496,11.713150410169872,9.314903327307187,T1791L,G5
W0035F0002T0006Z000C1N50.png,10,32.14685165614903,5.196333583984902,11.713150410169872,9.314903327307187,T1791L,G5
W0035F0002T0006Z000C1N50.png,11,20.90553734106459,19.270052192047267,11.713150410169872,9.314903327307187,T1791L,G5
W0035F0002T0006Z000C1N50.png,12,38.25389229650195,5.266737783375992,11.713150410169872,9.314903327307187,T1791L,G5
W0035F0002T0006Z000C1N50.png,13,22.69581279984339,16.47566480795836,11.713150410169872,9.314903327307187,T1791L,G5
W0035F0002T0006Z000C1N50.png,14,33.04318939053837,8.84775035944165,11.713150410169872,9.314903327307187,T1791L,G5
W0035F0002T0006Z000C1N50.png,15,32.291322860382884,11.846184987810712,11.713150410169872,9.314903327307187,T1791L,G5
W0035F0002T0006Z000C1N50.png,16,34.58598653562018,7.984297761517915,11.713150410169872,9.314903327307187,T1791L,G5
W0035F0002T0006Z000C1N50.png,17,21.06318221983584,9.492036948521566,11.713150410169872,9.314903327307187,T1791L,G5
W0035F0002T0006Z000C1N50.png,18,10.74660732572439,20.378328175392788,11.713150410169872,9.314903327307187,T1791L,G5
W0035F0002T0006Z000C1N50.png,19,16.192989715100925,12.028068490592103,11.713150410169872,9.314903327307187,T1791L,G5
W0035F0002T0006Z000C1N50.png,20,46.267908442257855,31.18626535359578,11.713150410169872,9.314903327307187,T1791L,G5
W0035F0002T0006Z000C1N50.png,21,39.96745483852326,13.872434697789876,11.713150410169872,9.314903327307187,T1791L,G5
W0035F0002T0006Z000C1N50.png,22,38.337571636600224,4.4187022204816095,11.713150410169872,9.314903327307187,T1791L,G5
W0035F0002T0006Z000C1N50.png,23,40.34568990923675,35.66315539275609,11.713150410169872,9.314903327307187,T1791L,G5
W0035F0002T0006Z000C1N50.png,24,35.573670875060806,34.29114027442113,11.713150410169872,9.314903327307187,T1791L,G5
W0035F0002T0006Z000C1N50.png,25,36.595279977327806,7.946810214153662,11.713150410169872,9.314903327307187,T1791L,G5
W0035F0002T0006Z000C1N50.png,26,3.4810725645386005,3.3074141455865713,11.713150410169872,9.314903327307187,T1791L,G5
W0035F0002T0006Z000C1N65.png,1,23.04481357618311,15.560315884048736,5.477987343803977,4.511420271442091,T1791L,G5
W0035F0002T0006Z000C1N65.png,2,20.199170808720076,19.82467498005006,5.477987343803977,4.511420271442091,T1791L,G5
W0035F0002T0006Z000C1N65.png,3,10.26574756868034,8.863591818328896,5.477987343803977,4.511420271442091,T1791L,G5
W0035F0002T0006Z000C1N77.png,1,24.22177624462012,8.707094143257514,22.929773707873768,15.960068707724654,T1791L,G5
W0035F0002T0006Z000C1N77.png,2,30.26002591727638,18.934666750124517,22.929773707873768,15.960068707724654,T1791L,G5
W0035F0002T0006Z000C1N77.png,3,42.08886460845583,28.437518739472615,22.929773707873768,15.960068707724654,T1791L,G5
W0035F0002T0006Z000C1N77.png,4,34.19507368912892,19.015126572816886,22.929773707873768,15.960068707724654,T1791L,G5
W0035F0002T0006Z000C1N77.png,5,26.267492989177203,19.924858845171276,22.929773707873768,15.960068707724654,T1791L,G5
W0035F0002T0006Z000C1N77.png,6,8.583583574943004,1.5041192571255424,22.929773707873768,15.960068707724654,T1791L,G5
W0035F0002T0006Z000C1N77.png,7,19.39257588361102,18.42062166189073,22.929773707873768,15.960068707724654,T1791L,G5
W0035F0002T0006Z000C1N77.png,8,19.525624189766635,21.911775362371174,22.929773707873768,15.960068707724654,T1791L,G5
W0035F0002T0006Z000C1N77.png,9,44.234949166030944,44.43320811064281,22.929773707873768,15.960068707724654,T1791L,G5
W0035F0002T0006Z000C1N77.png,10,39.87474252701249,17.00735135169495,22.929773707873768,15.960068707724654,T1791L,G5
W0035F0002T0006Z000C1N77.png,11,27.047867192057474,3.3541019662496847,22.929773707873768,15.960068707724654,T1791L,G5
W0035F0002T0006Z000C1N77.png,12,9.890408147485404,15.951314818673863,22.929773707873768,15.960068707724654,T1791L,G5
W0035F0002T0006Z000C1N77.png,13,31.30490987333343,31.34236310888167,22.929773707873768,15.960068707724654,T1791L,G5
W0035F0002T0006Z000C1N77.png,14,13.901749203736683,15.524174696260024,22.929773707873768,15.960068707724654,T1791L,G5
W0035F0002T0006Z000C1N77.png,15,31.308439393723166,4.6097722286464435,22.929773707873768,15.960068707724654,T1791L,G5
W0035F0002T0006Z000C1N77.png,16,37.869351419958825,14.5878700264673,22.929773707873768,15.960068707724654,T1791L,G5
W0035F0002T0006Z000C1N77.png,17,23.301524835205885,23.264508759811232,22.929773707873768,15.960068707724654,T1791L,G5
W0035F0002T0006Z000C1N77.png,18,32.20015695697094,32.37700344572601,22.929773707873768,15.960068707724654,T1791L,G5
W0035F0002T0006Z000C1N77.png,19,27.566871548442652,15.508062419270823,22.929773707873768,15.960068707724654,T1791L,G5
W0035F0002T0006Z000C1N77.png,20,14.721211986547942,14.91866549079534,22.929773707873768,15.960068707724654,T1791L,G5
W0035F0002T0006Z000C1N77.png,21,8.138807090041004,8.419002029281735,22.929773707873768,15.960068707724654,T1791L,G5
W0035F0002T0006Z000C1N77.png,22,15.803048691510837,16.100721772734012,22.929773707873768,15.960068707724654,T1791L,G5
W0035F0002T0006Z000C1N77.png,23,4.060601579065119,4.145033308711809,22.929773707873768,15.960068707724654,T1791L,G5
W0035F0002T0006Z000C1N77.png,24,39.361836835227095,17.37817427632807,22.929773707873768,15.960068707724654,T1791L,G5
W0035F0002T0006Z000C1N77.png,25,43.17151176394724,9.290757698982164,22.929773707873768,15.960068707724654,T1791L,G5
W0035F0002T0006Z000C1N77.png,26,12.77348384270642,13.035780781744354,22.929773707873768,15.960068707724654,T1791L,G5
W0035F0002T0006Z000C1N77.png,27,21.863938662793043,21.581559439169602,22.929773707873768,15.960068707724654,T1791L,G5
W0035F0002T0006Z000C1N77.png,28,52.86125757029431,16.489846033914993,22.929773707873768,15.960068707724654,T1791L,G5
W0035F0002T0006Z000C1N77.png,29,35.82452917381313,24.630997244849187,22.929773707873768,15.960068707724654,T1791L,G5
W0035F0002T0006Z000C1N77.png,30,18.26852586380861,18.396733822697424,22.929773707873768,15.960068707724654,T1791L,G5
W0035F0002T0006Z000C1N77.png,31,61.647263548496674,29.47032405658275,22.929773707873768,15.960068707724654,T1791L,G5
W0035F0002T0006Z000C1N77.png,32,52.002386463203266,20.693180942445156,22.929773707873768,15.960068707724654,T1791L,G5
W0035F0002T0006Z000C1N77.png,33,38.77441660237082,33.56173039702081,22.929773707873768,15.960068707724654,T1791L,G5
W0035F0002T0006Z000C1N77.png,34,58.24633774401092,35.096521417633106,22.929773707873768,15.960068707724654,T1791L,G5
W0035F0002T0006Z000C1N77.png,35,63.82268487086366,34.943033998209145,22.929773707873768,15.960068707724654,T1791L,G5
W0035F0002T0006Z000C1N77.png,36,34.28691473931545,33.98952351869012,22.929773707873768,15.960068707724654,T1791L,G5
W0035F0002T0006Z000C1N77.png,37,19.32121162940807,19.086772789425257,22.929773707873768,15.960068707724654,T1791L,G5
W0035F0002T0006Z000C1N77.png,38,29.084241189977156,22.3773460161645,22.929773707873768,15.960068707724654,T1791L,G5
W0035F0002T0006Z000C1N77.png,39,38.4340383414452,23.141858497691004,22.929773707873768,15.960068707724654,T1791L,G5
W0035F0002T0006Z000C1N77.png,40,75.38575806737042,51.90857347298228,22.929773707873768,15.960068707724654,T1791L,G5
W0035F0002T0006Z000C1N77.png,41,38.487816105557826,13.018506525828938,22.929773707873768,15.960068707724654,T1791L,G5
W0035F0002T0006Z000C1N77.png,42,87.41447393521203,64.89483580054923,22.929773707873768,15.960068707724654,T1791L,G5
W0035F0002T0006Z000C1N77.png,43,39.50434413269563,11.818922054097312,22.929773707873768,15.960068707724654,T1791L,G5
W0035F0002T0006Z000C1N77.png,44,54.15001009068947,13.72815651840479,22.929773707873768,15.960068707724654,T1791L,G5
W0035F0002T0006Z000C1N77.png,45,98.22815844403199,63.03592899186414,22.929773707873768,15.960068707724654,T1791L,G5
W0035F0002T0006Z000C1N77.png,46,113.34776070370542,79.51583713673368,22.929773707873768,15.960068707724654,T1791L,G5
W0035F0002T0006Z000C1N78.png,1,31.659783970717406,31.59044558345607,11.454526467124097,11.651044572615922,T1791L,G5
W0035F0002T0006Z000C1N78.png,2,54.5688369049656,54.89253472868791,11.454526467124097,11.651044572615922,T1791L,G5
W0035F0002T0006Z000C1N79.png,1,6.7544653077400465,6.562414467606436,5.8559783075131095,6.176156988217971,T1791L,G5
W0035F0002T0006Z000C1N79.png,2,18.466421922766266,18.914728444042378,5.8559783075131095,6.176156988217971,T1791L,G5
W0035F0002T0006Z000C1N8.png,1,28.619408307943473,28.456485660268154,11.445943367357646,9.793742219243613,T1791L,G5
W0035F0002T0006Z000C1N8.png,2,10.137021010237305,23.652585326518032,11.445943367357646,9.793742219243613,T1791L,G5
W0035F0002T0006Z000C1N8.png,3,25.387308587252758,25.423337466708563,11.445943367357646,9.793742219243613,T1791L,G5
W0035F0002T0006Z000C1N8.png,4,9.044431370544585,9.12675179245353,11.445943367357646,9.793742219243613,T1791L,G5
W0035F0002T0006Z000C1N8.png,5,25.276451182435054,26.89928144845322,11.445943367357646,9.793742219243613,T1791L,G5
W0035F0002T0006Z000C1N8.png,6,24.984929904917315,25.278446241224657,11.445943367357646,9.793742219243613,T1791L,G5
W0035F0002T0006Z000C1N8.png,7,24.553680007727266,24.80554679293878,11.445943367357646,9.793742219243613,T1791L,G5
W0035F0002T0006Z000C1N8.png,8,37.19742631404107,15.071127658171061,11.445943367357646,9.793742219243613,T1791L,G5
W0035F0002T0006Z000C1N8.png,9,38.53883959114453,20.642581196785688,11.445943367357646,9.793742219243613,T1791L,G5
W0035F0002T0006Z000C1N8.png,10,42.609357721680624,33.30628173510321,11.445943367357646,9.793742219243613,T1791L,G5
W0035F0002T0006Z000C1N8.png,11,20.3005080850786,8.073707133470638,11.445943367357646,9.793742219243613,T1791L,G5
W0035F0002T0006Z000C1N8.png,12,25.864132329799595,19.88857852023507,11.445943367357646,9.793742219243613,T1791L,G5
W0035F0002T0006Z000C1N8.png,13,26.003946212253926,16.336175386995176,11.445943367357646,9.793742219243613,T1791L,G5
W0035F0002T0006Z000C1N8.png,14,48.99464377708955,45.2822732711136,11.445943367357646,9.793742219243613,T1791L,G5
W0035F0002T0006Z000C1N8.png,15,24.883667689827956,26.404321087433694,11.445943367357646,9.793742219243613,T1791L,G5
W0035F0002T0006Z000C1N8.png,16,5.375644159628803,4.6598460277133045,11.445943367357646,9.793742219243613,T1791L,G5
W0035F0002T0006Z000C1N80.png,1,14.155416663719228,14.009097778220937,13.259386407761852,13.517329824255464,T1791L,G5
W0035F0002T0006Z000C1N80.png,2,40.67418947924293,41.043757426731865,13.259386407761852,13.517329824255464,T1791L,G5
W0035F0002T0006Z000C1N83.png,1,33.38008897909514,9.35876088974299,8.903836639838818,4.058088807071308,T1791L,G5
W0035F0002T0006Z000C1N83.png,2,25.86063247435515,9.346168836698844,8.903836639838818,4.058088807071308,T1791L,G5
W0035F0002T0006Z000C1N83.png,3,20.215103710258497,8.26281281505524,8.903836639838818,4.058088807071308,T1791L,G5
W0035F0002T0006Z000C1N83.png,4,9.32525742218144,19.102077633120352,8.903836639838818,4.058088807071308,T1791L,G5
W0035F0002T0006Z000C1N83.png,5,32.701113936810344,9.056057136234092,8.903836639838818,4.058088807071308,T1791L,G5
W0035F0002T0006Z000C1N85.png,1,78.65594711709915,3.9703186842411764,0.0,0.0,T1791L,G5
W0035F0002T0006Z000C1N94.png,1,5.657505827343858,6.195275273693151,0.0,0.0,T1791L,G5
W0035F0002T0006Z000C1N95.png,1,15.405108342642377,14.121527905774023,0.0,0.0,T1791L,G5
W0035F0003T0006Z000C1N12.png,1,76.42828485031521,67.15657775809004,17.358704137591356,16.21478736580812,T1791L,G5
W0035F0003T0006Z000C1N12.png,2,22.507030693313393,22.20360331117452,17.358704137591356,16.21478736580812,T1791L,G5
W0035F0003T0006Z000C1N12.png,3,60.06430696309481,48.27007354458868,17.358704137591356,16.21478736580812,T1791L,G5
W0035F0003T0006Z000C1N12.png,4,21.0064713304389,23.305495381099924,17.358704137591356,16.21478736580812,T1791L,G5
W0035F0003T0006Z000C1N12.png,5,45.550128767433016,47.73732947867434,17.358704137591356,16.21478736580812,T1791L,G5
W0035F0003T0006Z000C1N12.png,6,21.37587850406123,18.17399926743469,17.358704137591356,16.21478736580812,T1791L,G5
W0035F0003T0006Z000C1N12.png,7,12.890286962189412,10.069327424028742,17.358704137591356,16.21478736580812,T1791L,G5
W0035F0003T0006Z000C1N12.png,8,30.174125686584826,33.78748235453038,17.358704137591356,16.21478736580812,T1791L,G5
W0035F0003T0006Z000C1N12.png,9,35.11495186903744,36.957203225842086,17.358704137591356,16.21478736580812,T1791L,G5
W0035F0003T0006Z000C1N12.png,10,21.430415491201302,14.159802258506296,17.358704137591356,16.21478736580812,T1791L,G5
W0035F0003T0006Z000C1N12.png,11,15.218475911640637,12.867372727563358,17.358704137591356,16.21478736580812,T1791L,G5
W0035F0003T0006Z000C1N12.png,12,4.943403862283566,12.568705406190045,17.358704137591356,16.21478736580812,T1791L,G5
W0035F0003T0006Z000C1N12.png,13,23.424261667925336,26.451690407971093,17.358704137591356,16.21478736580812,T1791L,G5
W0035F0003T0006Z000C1N12.png,14,11.721115176043268,6.574060089677078,17.358704137591356,16.21478736580812,T1791L,G5
W0035F0003T0006Z000C1N12.png,15,9.082887153842574,5.903130626686541,17.358704137591356,16.21478736580812,T1791L,G5
W0035F0003T0006Z000C1N12.png,16,19.028501530722508,7.772508294861219,17.358704137591356,16.21478736580812,T1791L,G5
W0035F0003T0006Z000C1N12.png,17,1.0003421445178953,1.6989299419853323,17.358704137591356,16.21478736580812,T1791L,G5
W0035F0003T0006Z000C1N12.png,18,26.33038432933448,16.399719884960778,17.358704137591356,16.21478736580812,T1791L,G5
W0035F0003T0006Z000C1N12.png,19,16.488304578000562,17.034059404712277,17.358704137591356,16.21478736580812,T1791L,G5
W0035F0003T0006Z000C1N12.png,20,33.69523809240526,23.296228589487168,17.358704137591356,16.21478736580812,T1791L,G5
W0035F0003T0006Z000C1N12.png,21,20.956805167252597,8.384622476327879,17.358704137591356,16.21478736580812,T1791L,G5
W0035F0003T0006Z000C1N13.png,1,17.095457475971603,14.95662712863519,0.0,0.0,T1791L,G5
W0035F0003T0006Z000C1N18.png,1,44.55924954068825,44.33678085177291,21.784332469643658,17.596049191173393,T1791L,G5
W0035F0003T0006Z000C1N18.png,2,88.70530662063614,39.66045119371297,21.784332469643658,17.596049191173393,T1791L,G5
W0035F0003T0006Z000C1N18.png,3,38.9414148148061,38.79840041397111,21.784332469643658,17.596049191173393,T1791L,G5
W0035F0003T0006Z000C1N18.png,4,76.39655435793327,35.854644825399625,21.784332469643658,17.596049191173393,T1791L,G5
W0035F0003T0006Z000C1N18.png,5,58.174095117488385,53.37732560637418,21.784332469643658,17.596049191173393,T1791L,G5
W0035F0003T0006Z000C1N18.png,6,46.573771243910244,46.13840930034276,21.784332469643658,17.596049191173393,T1791L,G5
W0035F0003T0006Z000C1N18.png,7,30.14401384224284,30.51114661073239,21.784332469643658,17.596049191173393,T1791L,G5
W0035F0003T0006Z000C1N18.png,8,77.4280243460664,27.81363150512662,21.784332469643658,17.596049191173393,T1791L,G5
W0035F0003T0006Z000C1N18.png,9,24.191113875248114,24.27952412770885,21.784332469643658,17.596049191173393,T1791L,G5
W0035F0003T0006Z000C1N18.png,10,40.81305166798659,40.2743727770891,21.784332469643658,17.596049191173393,T1791L,G5
W0035F0003T0006Z000C1N18.png,11,57.78716739948375,29.907728469782224,21.784332469643658,17.596049191173393,T1791L,G5
W0035F0003T0006Z000C1N18.png,12,25.07206310614267,24.605943003399915,21.784332469643658,17.596049191173393,T1791L,G5
W0035F0003T0006Z000C1N18.png,13,18.380307152309495,18.88085330430665,21.784332469643658,17.596049191173393,T1791L,G5
W0035F0003T0006Z000C1N18.png,14,56.041715400365675,14.940623220676649,21.784332469643658,17.596049191173393,T1791L,G5
W0035F0003T0006Z000C1N18.png,15,36.51770140369982,35.85721869482441,21.784332469643658,17.596049191173393,T1791L,G5
W0035F0003T0006Z000C1N18.png,16,16.719925856160867,16.21184281755741,21.784332469643658,17.596049191173393,T1791L,G5
W0035F0003T0006Z000C1N18.png,17,11.564818286985512,11.329646550780025,21.784332469643658,17.596049191173393,T1791L,G5
W0035F0003T0006Z000C1N18.png,18,43.655050203858146,42.646752716469656,21.784332469643658,17.596049191173393,T1791L,G5
W0035F0003T0006Z000C1N18.png,19,41.01192020110547,28.50909155328798,21.784332469643658,17.596049191173393,T1791L,G5
W0035F0003T0006Z000C1N18.png,20,11.520354415314737,10.833093215231273,21.784332469643658,17.596049191173393,T1791L,G5
W0035F0003T0006Z000C1N18.png,21,60.57787002330388,13.073002819322298,21.784332469643658,17.596049191173393,T1791L,G5
W0035F0003T0006Z000C1N18.png,22,37.54916255305473,36.613491255228595,21.784332469643658,17.596049191173393,T1791L,G5
W0035F0003T0006Z000C1N18.png,23,11.009807774806095,11.55444580884544,21.784332469643658,17.596049191173393,T1791L,G5
W0035F0003T0006Z000C1N18.png,24,31.164040428851212,26.110705445622575,21.784332469643658,17.596049191173393,T1791L,G5
W0035F0003T0006Z000C1N18.png,25,21.575621424401657,20.88090073440604,21.784332469643658,17.596049191173393,T1791L,G5
W0035F0003T0006Z000C1N18.png,26,26.090917264039252,25.064102816275767,21.784332469643658,17.596049191173393,T1791L,G5
W0035F0003T0006Z000C1N18.png,27,17.929059075348356,17.381459462141176,21.784332469643658,17.596049191173393,T1791L,G5
W0035F0003T0006Z000C1N18.png,28,48.058905421383805,8.55887917983533,21.784332469643658,17.596049191173393,T1791L,G5
W0035F0003T0006Z000C1N18.png,29,26.7976051010647,25.91807620845192,21.784332469643658,17.596049191173393,T1791L,G5
W0035F0003T0006Z000C1N18.png,30,27.873924871307825,27.317733784402183,21.784332469643658,17.596049191173393,T1791L,G5
W0035F0003T0006Z000C1N18.png,31,17.967747829940286,17.100113745201625,21.784332469643658,17.596049191173393,T1791L,G5
W0035F0003T0006Z000C1N18.png,32,21.96522588815758,21.73445837647796,21.784332469643658,17.596049191173393,T1791L,G5
W0035F0003T0006Z000C1N18.png,33,27.834506247311772,27.54134356329924,21.784332469643658,17.596049191173393,T1791L,G5
W0035F0003T0006Z000C1N18.png,34,13.352203429490556,12.32109109004107,21.784332469643658,17.596049191173393,T1791L,G5
W0035F0003T0006Z000C1N18.png,35,19.438852511575913,18.860819737235417,21.784332469643658,17.596049191173393,T1791L,G5
W0035F0003T0006Z000C1N18.png,36,35.58520631861405,35.04071199221628,21.784332469643658,17.596049191173393,T1791L,G5
W0035F0003T0006Z000C1N18.png,37,38.562797853796056,11.926789594617148,21.784332469643658,17.596049191173393,T1791L,G5
W0035F0003T0006Z000C1N18.png,38,47.60976110619239,22.095839550795418,21.784332469643658,17.596049191173393,T1791L,G5
W0035F0003T0006Z000C1N18.png,39,22.208064087547708,22.315697845245868,21.784332469643658,17.596049191173393,T1791L,G5
W0035F0003T0006Z000C1N18.png,40,52.67017307932339,34.53678859347481,21.784332469643658,17.596049191173393,T1791L,G5
W0035F0003T0006Z000C1N18.png,41,4.329705158246764,5.3722684999862755,21.784332469643658,17.596049191173393,T1791L,G5
W0035F0003T0006Z000C1N18.png,42,41.203223205457526,31.371648864677905,21.784332469643658,17.596049191173393,T1791L,G5
W0035F0003T0006Z000C1N18.png,43,17.09412431747685,17.730180330869494,21.784332469643658,17.596049191173393,T1791L,G5
W0035F0003T0006Z000C1N18.png,44,14.646245844968538,15.549725160609787,21.784332469643658,17.596049191173393,T1791L,G5
W0035F0003T0006Z000C1N18.png,45,32.97042581422795,20.992637488937998,21.784332469643658,17.596049191173393,T1791L,G5
W0035F0003T0006Z000C1N18.png,46,28.92086270798661,29.532211341066937,21.784332469643658,17.596049191173393,T1791L,G5
W0035F0003T0006Z000C1N18.png,47,57.79707092645368,57.789760490209176,21.784332469643658,17.596049191173393,T1791L,G5
W0035F0003T0006Z000C1N18.png,48,29.030813741590357,13.586394336717435,21.784332469643658,17.596049191173393,T1791L,G5
W0035F0003T0006Z000C1N18.png,49,48.85004528279291,34.610083749585925,21.784332469643658,17.596049191173393,T1791L,G5
W0035F0003T0006Z000C1N18.png,50,58.6159044777085,44.84014050138173,21.784332469643658,17.596049191173393,T1791L,G5
W0035F0003T0006Z000C1N18.png,51,27.305423953233593,14.256641839763354,21.784332469643658,17.596049191173393,T1791L,G5
W0035F0003T0006Z000C1N18.png,52,64.89586048056131,51.16434027069214,21.784332469643658,17.596049191173393,T1791L,G5
W0035F0003T0006Z000C1N18.png,53,45.76121411375673,46.14788697056555,21.784332469643658,17.596049191173393,T1791L,G5
W0035F0003T0006Z000C1N18.png,54,64.28793276622638,63.53967080769596,21.784332469643658,17.596049191173393,T1791L,G5
W0035F0003T0006Z000C1N18.png,55,36.13193223829461,33.469597514153236,21.784332469643658,17.596049191173393,T1791L,G5
W0035F0003T0006Z000C1N18.png,56,41.841903224267604,26.998490758076784,21.784332469643658,17.596049191173393,T1791L,G5
W0035F0003T0006Z000C1N18.png,57,44.438455859302394,35.29960966650902,21.784332469643658,17.596049191173393,T1791L,G5
W0035F0003T0006Z000C1N18.png,58,83.8315359368521,70.23176379223912,21.784332469643658,17.596049191173393,T1791L,G5
W0035F0003T0006Z000C1N18.png,59,54.85781455625689,49.852072266602555,21.784332469643658,17.596049191173393,T1791L,G5
W0035F0003T0006Z000C1N18.png,60,82.51484496821928,67.12343008853408,21.784332469643658,17.596049191173393,T1791L,G5
W0035F0003T0006Z000C1N18.png,61,89.3880124039532,74.09147920707714,21.784332469643658,17.596049191173393,T1791L,G5
W0035F0003T0006Z000C1N18.png,62,73.9879743754472,58.84713158492598,21.784332469643658,17.596049191173393,T1791L,G5
W0035F0003T0006Z000C1N18.png,63,87.7704472819799,86.69225120024251,21.784332469643658,17.596049191173393,T1791L,G5
W0035F0003T0006Z000C1N18.png,64,72.68893915632528,58.65204551085919,21.784332469643658,17.596049191173393,T1791L,G5
W0035F0003T0006Z000C1N19.png,1,34.638058269011935,8.549224499919742,11.440774341503579,10.776612970022821,T1791L,G5
W0035F0003T0006Z000C1N19.png,2,25.47273212435308,9.735753123867148,11.440774341503579,10.776612970022821,T1791L,G5
W0035F0003T0006Z000C1N19.png,3,19.505730238627276,7.633199716753602,11.440774341503579,10.776612970022821,T1791L,G5
W0035F0003T0006Z000C1N19.png,4,11.37379926011813,12.629636201152689,11.440774341503579,10.776612970022821,T1791L,G5
W0035F0003T0006Z000C1N19.png,5,28.09951857241987,3.2990268105540714,11.440774341503579,10.776612970022821,T1791L,G5
W0035F0003T0006Z000C1N19.png,6,15.536933614331527,6.969811477380077,11.440774341503579,10.776612970022821,T1791L,G5
W0035F0003T0006Z000C1N19.png,7,24.951687460902615,11.01135777277262,11.440774341503579,10.776612970022821,T1791L,G5
W0035F0003T0006Z000C1N19.png,8,27.718482870148765,19.513686271599447,11.440774341503579,10.776612970022821,T1791L,G5
W0035F0003T0006Z000C1N19.png,9,47.14727646196792,36.881567211820055,11.440774341503579,10.776612970022821,T1791L,G5
W0035F0003T0006Z000C1N19.png,10,39.1652304044802,13.408783164829977,11.440774341503579,10.776612970022821,T1791L,G5
W0035F0003T0006Z000C1N19.png,11,45.43053867028907,15.508062419270823,11.440774341503579,10.776612970022821,T1791L,G5
W0035F0003T0006Z000C1N19.png,12,27.251613681254135,19.678739492470722,11.440774341503579,10.776612970022821,T1791L,G5
W0035F0003T0006Z000C1N19.png,13,29.11099639156123,11.333878154190204,11.440774341503579,10.776612970022821,T1791L,G5
W0035F0003T0006Z000C1N19.png,14,28.042838815497205,20.510837243868043,11.440774341503579,10.776612970022821,T1791L,G5
W0035F0003T0006Z000C1N19.png,15,51.71752746039932,29.230049194984787,11.440774341503579,10.776612970022821,T1791L,G5
W0035F0003T0006Z000C1N19.png,16,38.77039102357491,28.672652793218194,11.440774341503579,10.776612970022821,T1791L,G5
W0035F0003T0006Z000C1N19.png,17,33.35624438690844,38.44284951480814,11.440774341503579,10.776612970022821,T1791L,G5
W0035F0003T0006Z000C1N19.png,18,19.970540922827023,14.50748777968933,11.440774341503579,10.776612970022821,T1791L,G5
W0035F0003T0006Z000C1N19.png,19,31.96163509259575,15.199516412870253,11.440774341503579,10.776612970022821,T1791L,G5
W0035F0003T0006Z000C1N19.png,20,22.721574749257787,7.336212808082453,11.440774341503579,10.776612970022821,T1791L,G5
W0035F0003T0006Z000C1N19.png,21,38.88938370814427,40.834307308643794,11.440774341503579,10.776612970022821,T1791L,G5
W0035F0003T0006Z000C1N19.png,22,30.339689379326106,6.330271033801065,11.440774341503579,10.776612970022821,T1791L,G5
W0035F0003T0006Z000C1N19.png,23,24.277374616814406,22.79966041184166,11.440774341503579,10.776612970022821,T1791L,G5
W0035F0003T0006Z000C1N19.png,24,43.3201162744303,39.43952401257524,11.440774341503579,10.776612970022821,T1791L,G5
W0035F0003T0006Z000C1N19.png,25,10.4808311030054,10.870551208868466,11.440774341503579,10.776612970022821,T1791L,G5
W0035F0003T0006Z000C1N19.png,26,22.34023088170354,23.290905401592955,11.440774341503579,10.776612970022821,T1791L,G5
W0035F0003T0006Z000C1N19.png,27,32.22256236829451,32.82337645099265,11.440774341503579,10.776612970022821,T1791L,G5
W0035F0003T0006Z000C1N19.png,28,14.883287789612918,24.57281326703288,11.440774341503579,10.776612970022821,T1791L,G5
W0035F0003T0006Z000C1N19.png,29,1.1552459030430955,18.71063488154634,11.440774341503579,10.776612970022821,T1791L,G5
W0035F0003T0006Z000C1N21.png,1,14.025391808727507,13.861929933412757,0.0,0.0,T1791L,G5
W0035F0003T0006Z000C1N24.png,1,71.05107990217998,98.73304613769817,16.122506970193314,18.52826201034525,T1791L,G5
W0035F0003T0006Z000C1N24.png,2,59.49388624052055,86.86091254047078,16.122506970193314,18.52826201034525,T1791L,G5
W0035F0003T0006Z000C1N24.png,3,48.810065560291974,68.41379440891919,16.122506970193314,18.52826201034525,T1791L,G5
W0035F0003T0006Z000C1N24.png,4,19.563294712292205,42.43849199221241,16.122506970193314,18.52826201034525,T1791L,G5
W0035F0003T0006Z000C1N24.png,5,30.66123518345611,48.28643137476233,16.122506970193314,18.52826201034525,T1791L,G5
W0035F0003T0006Z000C1N24.png,6,54.42505553884775,69.4347479289079,16.122506970193314,18.52826201034525,T1791L,G5
W0035F0003T0006Z000C1N24.png,7,50.297837925700144,60.32532464918842,16.122506970193314,18.52826201034525,T1791L,G5
W0035F0003T0006Z000C1N25.png,1,91.38355861784534,55.92369962223616,22.866466337312932,19.29925355764376,T1791L,G5
W0035F0003T0006Z000C1N25.png,2,69.4805312681124,51.762514907324416,22.866466337312932,19.29925355764376,T1791L,G5
W0035F0003T0006Z000C1N25.png,3,44.6004843174193,24.262295247997116,22.866466337312932,19.29925355764376,T1791L,G5
W0035F0003T0006Z000C1N25.png,4,22.60610990603664,4.913904280519526,22.866466337312932,19.29925355764376,T1791L,G5
W0035F0003T0006Z000C1N25.png,5,78.88211880426327,50.33267655054682,22.866466337312932,19.29925355764376,T1791L,G5
W0035F0003T0006Z000C1N25.png,6,15.911614826226451,2.526205253220726,22.866466337312932,19.29925355764376,T1791L,G5
W0035F0003T0006Z000C1N25.png,7,36.9620804034808,6.740359167059296,22.866466337312932,19.29925355764376,T1791L,G5
W0035F0003T0006Z000C1N25.png,8,13.93548377524759,11.375332057396783,22.866466337312932,19.29925355764376,T1791L,G5
W0035F0003T0006Z000C1N25.png,9,44.749275938986905,20.591260281974,22.866466337312932,19.29925355764376,T1791L,G5
W0035F0003T0006Z000C1N25.png,10,32.28929357888981,12.421290059862928,22.866466337312932,19.29925355764376,T1791L,G5
W0035F0003T0006Z000C1N25.png,11,4.688776281070904,7.044967074067814,22.866466337312932,19.29925355764376,T1791L,G5
W0035F0003T0006Z000C1N25.png,12,27.31335235002643,24.529946350647048,22.866466337312932,19.29925355764376,T1791L,G5
W0035F0003T0006Z000C1N25.png,13,47.74626601023907,34.18102315457337,22.866466337312932,19.29925355764376,T1791L,G5
W0035F0003T0006Z000C1N25.png,14,23.063299676927954,9.821778799910478,22.866466337312932,19.29925355764376,T1791L,G5
W0035F0003T0006Z000C1N25.png,15,69.79223610243962,60.897905393809594,22.866466337312932,19.29925355764376,T1791L,G5
W0035F0003T0006Z000C1N25.png,16,68.03739546625839,65.93957671821815,22.866466337312932,19.29925355764376,T1791L,G5
W0035F0003T0006Z000C1N25.png,17,32.57799244937802,9.71635735695947,22.866466337312932,19.29925355764376,T1791L,G5
W0035F0003T0006Z000C1N25.png,18,41.315730925584184,20.74808910870375,22.866466337312932,19.29925355764376,T1791L,G5
W0035F0003T0006Z000C1N25.png,19,34.951770720268854,34.455788973986,22.866466337312932,19.29925355764376,T1791L,G5
W0035F0003T0006Z000C1N25.png,20,22.026516615052554,10.64835843868995,22.866466337312932,19.29925355764376,T1791L,G5
W0035F0003T0006Z000C1N25.png,21,22.5238083006496,21.21163302661345,22.866466337312932,19.29925355764376,T1791L,G5
W0035F0003T0006Z000C1N25.png,22,5.177974275397572,2.969005289889781,22.866466337312932,19.29925355764376,T1791L,G5
W0035F0003T0006Z000C1N25.png,23,34.11680800763254,24.451243149481808,22.866466337312932,19.29925355764376,T1791L,G5
W0035F0003T0006Z000C1N27.png,1,21.78789563512849,25.038977183662286,3.9335992504071013,7.281892774797597,T1791L,G5
W0035F0003T0006Z000C1N27.png,2,15.811147293371446,18.647830777906854,3.9335992504071013,7.281892774797597,T1791L,G5
W0035F0003T0006Z000C1N27.png,3,15.956965119440508,12.926923380098055,3.9335992504071013,7.281892774797597,T1791L,G5
W0035F0003T0006Z000C1N27.png,4,25.030238383422795,5.273300023759194,3.9335992504071013,7.281892774797597,T1791L,G5
W0035F0003T0006Z000C1N28.png,1,77.96919528383978,77.95847288875787,12.989964264187138,12.930914301015413,T1791L,G5
W0035F0003T0006Z000C1N28.png,2,78.10673770279315,78.07454273742059,12.989964264187138,12.930914301015413,T1791L,G5
W0035F0003T0006Z000C1N28.png,3,57.454533789694686,57.512549594202,12.989964264187138,12.930914301015413,T1791L,G5
W0035F0003T0006Z000C1N28.png,4,61.487078285926145,61.49164504288704,12.989964264187138,12.930914301015413,T1791L,G5
W0035F0003T0006Z000C1N28.png,5,45.00715762076423,45.137767052262994,12.989964264187138,12.930914301015413,T1791L,G5
W0035F0003T0006Z000C1N28.png,6,48.19061585422532,48.30618176646024,12.989964264187138,12.930914301015413,T1791L,G5
W0035F0003T0006Z000C1N30.png,1,73.12489316231512,61.23104040143345,20.47186936266335,19.241375979031098,T1791L,G5
W0035F0003T0006Z000C1N30.png,2,60.93543034850199,47.433704900583464,20.47186936266335,19.241375979031098,T1791L,G5
W0035F0003T0006Z000C1N30.png,3,51.6236155146875,36.312940201236316,20.47186936266335,19.241375979031098,T1791L,G5
W0035F0003T0006Z000C1N30.png,4,53.956000593075835,43.46960979015848,20.47186936266335,19.241375979031098,T1791L,G5
W0035F0003T0006Z000C1N30.png,5,28.425487321873558,4.861558313862154,20.47186936266335,19.241375979031098,T1791L,G5
W0035F0003T0006Z000C1N30.png,6,77.84624993197951,68.87770968040313,20.47186936266335,19.241375979031098,T1791L,G5
W0035F0003T0006Z000C1N30.png,7,32.33565257613588,24.463071894954314,20.47186936266335,19.241375979031098,T1791L,G5
W0035F0003T0006Z000C1N30.png,8,69.24874599371924,61.73223476067764,20.47186936266335,19.241375979031098,T1791L,G5
W0035F0003T0006Z000C1N30.png,9,62.5,55.915114235777075,20.47186936266335,19.241375979031098,T1791L,G5
W0035F0003T0006Z000C1N30.png,10,19.95093414953337,16.467966069863696,20.47186936266335,19.241375979031098,T1791L,G5
W0035F0003T0006Z000C1N30.png,11,52.630789467763066,46.19794367718113,20.47186936266335,19.241375979031098,T1791L,G5
W0035F0003T0006Z000C1N30.png,12,24.62214450449026,17.46424919657298,20.47186936266335,19.241375979031098,T1791L,G5
W0035F0003T0006Z000C1N30.png,13,6.800735254367722,1.5811388300841898,20.47186936266335,19.241375979031098,T1791L,G5
W0035F0003T0006Z000C1N30.png,14,18.974619811684057,24.760963028616644,20.47186936266335,19.241375979031098,T1791L,G5
W0035F0003T0006Z000C1N30.png,15,27.742509435145,20.022486731047564,20.47186936266335,19.241375979031098,T1791L,G5
W0035F0003T0006Z000C1N30.png,16,45.63441683641854,40.02811511925087,20.47186936266335,19.241375979031098,T1791L,G5
W0035F0003T0006Z000C1N30.png,17,20.34301818504865,22.81077233688051,20.47186936266335,19.241375979031098,T1791L,G5
W0035F0003T0006Z000C1N30.png,18,60.23768387834793,54.80943707393018,20.47186936266335,19.241375979031098,T1791L,G5
W0035F0003T0006Z000C1N30.png,19,18.062391868188442,14.089002803605371,20.47186936266335,19.241375979031098,T1791L,G5
W0035F0003T0006Z000C1N30.png,20,73.12361952646744,67.76850661928685,20.47186936266335,19.241375979031098,T1791L,G5
W0035F0003T0006Z000C1N30.png,21,26.744158240632665,24.300205760445735,20.47186936266335,19.241375979031098,T1791L,G5
W0035F0003T0006Z000C1N30.png,22,31.03648674786125,28.14154727215176,20.47186936266335,19.241375979031098,T1791L,G5
W0035F0003T0006Z000C1N30.png,23,71.72467318151966,68.78460519843715,20.47186936266335,19.241375979031098,T1791L,G5
W0035F0003T0006Z000C1N30.png,24,61.44920880707122,58.33095233235953,20.47186936266335,19.241375979031098,T1791L,G5
W0035F0003T0006Z000C1N30.png,25,13.359435224295476,9.419101998687786,20.47186936266335,19.241375979031098,T1791L,G5
W0035F0003T0006Z000C1N30.png,26,35.61552838164558,22.897230300234302,20.47186936266335,19.241375979031098,T1791L,G5
W0035F0003T0006Z000C1N30.png,27,61.76415993411758,58.43179411775766,20.47186936266335,19.241375979031098,T1791L,G5
W0035F0003T0006Z000C1N30.png,28,29.292266666772267,32.900830249839814,20.47186936266335,19.241375979031098,T1791L,G5
W0035F0003T0006Z000C1N30.png,29,34.73406355101658,5.586284726598094,20.47186936266335,19.241375979031098,T1791L,G5
W0035F0003T0006Z000C1N30.png,30,27.715345800369867,6.28019677296501,20.47186936266335,19.241375979031098,T1791L,G5
W0035F0003T0006Z000C1N30.png,31,65.7416664709524,56.54234306048444,20.47186936266335,19.241375979031098,T1791L,G5
W0035F0003T0006Z000C1N30.png,32,48.52765667900457,45.284024883859104,20.47186936266335,19.241375979031098,T1791L,G5
W0035F0003T0006Z000C1N30.png,33,59.01187014233994,48.866643083439456,20.47186936266335,19.241375979031098,T1791L,G5
W0035F0003T0006Z000C1N30.png,34,16.370065766648118,12.34234854367614,20.47186936266335,19.241375979031098,T1791L,G5
W0035F0003T0006Z000C1N30.png,35,29.10118207657001,32.55612895227789,20.47186936266335,19.241375979031098,T1791L,G5
W0035F0003T0006Z000C1N30.png,36,17.487964224087058,20.832182447458017,20.47186936266335,19.241375979031098,T1791L,G5
W0035F0003T0006Z000C1N30.png,37,21.20957034176884,13.154694649928903,20.47186936266335,19.241375979031098,T1791L,G5
W0035F0003T0006Z000C1N30.png,38,53.91485859101022,40.78883559596381,20.47186936266335,19.241375979031098,T1791L,G5
W0035F0003T0006Z000C1N30.png,39,39.63420242752029,18.573492955562795,20.47186936266335,19.241375979031098,T1791L,G5
W0035F0003T0006Z000C1N30.png,40,23.139380884924197,22.427498995718146,20.47186936266335,19.241375979031098,T1791L,G5
W0035F0003T0006Z000C1N30.png,41,65.65605854010674,47.1338013683774,20.47186936266335,19.241375979031098,T1791L,G5
W0035F0003T0006Z000C1N30.png,42,16.665650909590084,18.424876218475585,20.47186936266335,19.241375979031098,T1791L,G5
W0035F0003T0006Z000C1N30.png,43,79.51237904303544,57.66231443060614,20.47186936266335,19.241375979031098,T1791L,G5
W0035F0003T0006Z000C1N30.png,44,31.230851974307974,15.323153359500434,20.47186936266335,19.241375979031098,T1791L,G5
W0035F0003T0006Z000C1N30.png,45,24.66676714708844,10.485647631131837,20.47186936266335,19.241375979031098,T1791L,G5
W0035F0003T0006Z000C1N30.png,46,18.193923718448083,14.719252254859464,20.47186936266335,19.241375979031098,T1791L,G5
W0035F0003T0006Z000C1N30.png,47,64.89319964649658,40.316777139062474,20.47186936266335,19.241375979031098,T1791L,G5
W0035F0003T0006Z000C1N30.png,48,41.294981504169726,15.043000603519056,20.47186936266335,19.241375979031098,T1791L,G5
W0035F0003T0006Z000C1N30.png,49,27.794252537798023,13.729530217745982,20.47186936266335,19.241375979031098,T1791L,G5
W0035F0003T0006Z000C1N30.png,50,38.928206060524104,5.590408597697029,20.47186936266335,19.241375979031098,T1791L,G5
W0035F0003T0006Z000C1N30.png,51,54.21575257723417,23.258882470237292,20.47186936266335,19.241375979031098,T1791L,G5
W0035F0003T0006Z000C1N30.png,52,35.0470556554621,14.405554484295283,20.47186936266335,19.241375979031098,T1791L,G5
W0035F0003T0006Z000C1N30.png,53,27.055532161471405,12.780228321138534,20.47186936266335,19.241375979031098,T1791L,G5
W0035F0003T0006Z000C1N30.png,54,71.93124042105782,41.74896720332521,20.47186936266335,19.241375979031098,T1791L,G5
W0035F0003T0006Z000C1N30.png,55,34.031065889103104,4.301162633521313,20.47186936266335,19.241375979031098,T1791L,G5
W0035F0003T0006Z000C1N30.png,56,44.98453290115097,10.186236415127372,20.47186936266335,19.241375979031098,T1791L,G5
W0035F0003T0006Z000C1N30.png,57,73.34676131360146,38.4505036441226,20.47186936266335,19.241375979031098,T1791L,G5
W0035F0003T0006Z000C1N30.png,58,81.73148856401157,34.31361893540879,20.47186936266335,19.241375979031098,T1791L,G5
W0035F0003T0006Z000C1N32.png,1,40.9951550664907,19.144189719076646,0.0,0.0,T1791L,G5
W0035F0003T0006Z000C1N33.png,1,93.57279327168455,38.02807249642863,21.677275769391702,18.459730884978036,T1791L,G5
W0035F0003T0006Z000C1N33.png,2,83.74784376055801,31.195658284067733,21.677275769391702,18.459730884978036,T1791L,G5
W0035F0003T0006Z000C1N33.png,3,112.88690620224355,66.89196306150852,21.677275769391702,18.459730884978036,T1791L,G5
W0035F0003T0006Z000C1N33.png,4,85.87188200544803,48.010970872288375,21.677275769391702,18.459730884978036,T1791L,G5
W0035F0003T0006Z000C1N33.png,5,87.2979785357534,32.825538628630966,21.677275769391702,18.459730884978036,T1791L,G5
W0035F0003T0006Z000C1N33.png,6,75.63403635621448,36.463838356657455,21.677275769391702,18.459730884978036,T1791L,G5
W0035F0003T0006Z000C1N33.png,7,68.96141744118475,16.476570072651036,21.677275769391702,18.459730884978036,T1791L,G5
W0035F0003T0006Z000C1N33.png,8,65.3326478409565,31.03718140636586,21.677275769391702,18.459730884978036,T1791L,G5
W0035F0003T0006Z000C1N33.png,9,66.50365596336623,35.654592972014136,21.677275769391702,18.459730884978036,T1791L,G5
W0035F0003T0006Z000C1N33.png,10,72.9006213841568,19.514174579472822,21.677275769391702,18.459730884978036,T1791L,G5
W0035F0003T0006Z000C1N33.png,11,69.09917332967972,33.63406011768428,21.677275769391702,18.459730884978036,T1791L,G5
W0035F0003T0006Z000C1N33.png,12,73.85502909495786,32.354402607358814,21.677275769391702,18.459730884978036,T1791L,G5
W0035F0003T0006Z000C1N33.png,13,83.96812254822831,29.591393703550654,21.677275769391702,18.459730884978036,T1791L,G5
W0035F0003T0006Z000C1N33.png,14,89.57671984011175,43.45511788363554,21.677275769391702,18.459730884978036,T1791L,G5
W0035F0003T0006Z000C1N33.png,15,69.74788783403787,14.031307594546895,21.677275769391702,18.459730884978036,T1791L,G5
W0035F0003T0006Z000C1N33.png,16,59.18876115189924,31.523395369276138,21.677275769391702,18.459730884978036,T1791L,G5
W0035F0003T0006Z000C1N33.png,17,74.65980312575113,30.282473682737333,21.677275769391702,18.459730884978036,T1791L,G5
W0035F0003T0006Z000C1N33.png,18,99.21032235165943,53.56641775507404,21.677275769391702,18.459730884978036,T1791L,G5
W0035F0003T0006Z000C1N33.png,19,57.65114615355956,23.30772404161333,21.677275769391702,18.459730884978036,T1791L,G5
W0035F0003T0006Z000C1N33.png,20,52.49363355703635,1.4718647183839073,21.677275769391702,18.459730884978036,T1791L,G5
W0035F0003T0006Z000C1N33.png,21,79.90499667244805,34.235452743158326,21.677275769391702,18.459730884978036,T1791L,G5
W0035F0003T0006Z000C1N33.png,22,66.76840605369115,20.644077669893036,21.677275769391702,18.459730884978036,T1791L,G5
W0035F0003T0006Z000C1N33.png,23,65.38877279348634,16.90873696986968,21.677275769391702,18.459730884978036,T1791L,G5
W0035F0003T0006Z000C1N33.png,24,72.59915515451924,26.544527606094004,21.677275769391702,18.459730884978036,T1791L,G5
W0035F0003T0006Z000C1N33.png,25,78.58379540885456,36.16973873281365,21.677275769391702,18.459730884978036,T1791L,G5
W0035F0003T0006Z000C1N33.png,26,44.83058868570219,11.323668346553152,21.677275769391702,18.459730884978036,T1791L,G5
W0035F0003T0006Z000C1N33.png,27,34.88807730464381,18.02579542680962,21.677275769391702,18.459730884978036,T1791L,G5
W0035F0003T0006Z000C1N33.png,28,65.61498120745786,32.69491964104293,21.677275769391702,18.459730884978036,T1791L,G5
W0035F0003T0006Z000C1N33.png,29,52.152554628205955,21.775314919796305,21.677275769391702,18.459730884978036,T1791L,G5
W0035F0003T0006Z000C1N33.png,30,16.69923611687033,23.53905379892328,21.677275769391702,18.459730884978036,T1791L,G5
W0035F0003T0006Z000C1N33.png,31,32.47870535531017,25.302076784936844,21.677275769391702,18.459730884978036,T1791L,G5
W0035F0003T0006Z000C1N33.png,32,73.25459328071084,42.710854316360084,21.677275769391702,18.459730884978036,T1791L,G5
W0035F0003T0006Z000C1N33.png,33,23.993008612231918,25.61247957150794,21.677275769391702,18.459730884978036,T1791L,G5
W0035F0003T0006Z000C1N33.png,34,10.441170051253327,15.061477011659507,21.677275769391702,18.459730884978036,T1791L,G5
W0035F0003T0006Z000C1N33.png,35,37.84400510915475,21.31234792818214,21.677275769391702,18.459730884978036,T1791L,G5
W0035F0003T0006Z000C1N33.png,36,54.41273068956501,23.47657732500482,21.677275769391702,18.459730884978036,T1791L,G5
W0035F0003T0006Z000C1N33.png,37,81.5325478226954,51.247082177184474,21.677275769391702,18.459730884978036,T1791L,G5
W0035F0003T0006Z000C1N33.png,38,48.65627875254565,45.77468020143958,21.677275769391702,18.459730884978036,T1791L,G5
W0035F0003T0006Z000C1N33.png,39,74.68577907398476,45.696292781298126,21.677275769391702,18.459730884978036,T1791L,G5
W0035F0003T0006Z000C1N33.png,40,59.567691648754206,32.35578780270602,21.677275769391702,18.459730884978036,T1791L,G5
W0035F0003T0006Z000C1N33.png,41,24.146745151619317,21.7286089783918,21.677275769391702,18.459730884978036,T1791L,G5
W0035F0003T0006Z000C1N33.png,42,17.008960229964146,13.792194127881519,21.677275769391702,18.459730884978036,T1791L,G5
W0035F0003T0006Z000C1N33.png,43,34.94855925088299,17.803394857828803,21.677275769391702,18.459730884978036,T1791L,G5
W0035F0003T0006Z000C1N33.png,44,65.41120018206544,58.272849941711016,21.677275769391702,18.459730884978036,T1791L,G5
W0035F0003T0006Z000C1N33.png,45,55.52133991492183,54.14541773590418,21.677275769391702,18.459730884978036,T1791L,G5
W0035F0003T0006Z000C1N33.png,46,30.343229699675913,27.087438036953856,21.677275769391702,18.459730884978036,T1791L,G5
W0035F0003T0006Z000C1N33.png,47,43.75367954433583,26.060880239924863,21.677275769391702,18.459730884978036,T1791L,G5
W0035F0003T0006Z000C1N33.png,48,52.875756813440915,50.46080683878696,21.677275769391702,18.459730884978036,T1791L,G5
W0035F0003T0006Z000C1N33.png,49,24.872833383775934,20.541976989853982,21.677275769391702,18.459730884978036,T1791L,G5
W0035F0003T0006Z000C1N33.png,50,68.00142191105269,45.57819530739612,21.677275769391702,18.459730884978036,T1791L,G5
W0035F0003T0006Z000C1N33.png,51,32.53605070367644,27.837648931158643,21.677275769391702,18.459730884978036,T1791L,G5
W0035F0003T0006Z000C1N33.png,52,26.379206770220083,5.063241222696965,21.677275769391702,18.459730884978036,T1791L,G5
W0035F0003T0006Z000C1N33.png,53,40.22654079880559,37.98370654030517,21.677275769391702,18.459730884978036,T1791L,G5
W0035F0003T0006Z000C1N33.png,54,14.936669903966596,8.516056583941182,21.677275769391702,18.459730884978036,T1791L,G5
W0035F0003T0006Z000C1N33.png,55,51.06769029585936,30.772490645957728,21.677275769391702,18.459730884978036,T1791L,G5
W0035F0003T0006Z000C1N33.png,56,83.798809302395,60.31669083158169,21.677275769391702,18.459730884978036,T1791L,G5
W0035F0003T0006Z000C1N33.png,57,88.03995138497476,65.9327967768396,21.677275769391702,18.459730884978036,T1791L,G5
W0035F0003T0006Z000C1N33.png,58,51.761189580078145,46.93748717314381,21.677275769391702,18.459730884978036,T1791L,G5
W0035F0003T0006Z000C1N33.png,59,45.265710434387664,39.9051784082517,21.677275769391702,18.459730884978036,T1791L,G5
W0035F0003T0006Z000C1N33.png,60,37.1241494630368,16.669999666733315,21.677275769391702,18.459730884978036,T1791L,G5
W0035F0003T0006Z000C1N33.png,61,42.7377638768557,36.767276638743645,21.677275769391702,18.459730884978036,T1791L,G5
W0035F0003T0006Z000C1N33.png,62,33.36465527124943,25.352562872029498,21.677275769391702,18.459730884978036,T1791L,G5
W0035F0003T0006Z000C1N33.png,63,36.15281165923007,22.939534045446997,21.677275769391702,18.459730884978036,T1791L,G5
W0035F0003T0006Z000C1N33.png,64,80.41182639616508,59.7417993218,21.677275769391702,18.459730884978036,T1791L,G5
W0035F0003T0006Z000C1N33.png,65,50.918689373786414,45.14726657670658,21.677275769391702,18.459730884978036,T1791L,G5
W0035F0003T0006Z000C1N33.png,66,62.71734422876954,57.80524264595866,21.677275769391702,18.459730884978036,T1791L,G5
W0035F0003T0006Z000C1N33.png,67,68.0643910528607,63.43637409542045,21.677275769391702,18.459730884978036,T1791L,G5
W0035F0003T0006Z000C1N33.png,68,59.697674214367574,36.73153854708895,21.677275769391702,18.459730884978036,T1791L,G5
W0035F0003T0006Z000C1N33.png,69,83.92523748207937,62.440800991597015,21.677275769391702,18.459730884978036,T1791L,G5
W0035F0003T0006Z000C1N33.png,70,76.52085922216433,72.36877464006365,21.677275769391702,18.459730884978036,T1791L,G5
W0035F0003T0006Z000C1N33.png,71,50.91005749232717,44.3794913820716,21.677275769391702,18.459730884978036,T1791L,G5
W0035F0003T0006Z000C1N33.png,72,57.98519244368202,51.91678027085536,21.677275769391702,18.459730884978036,T1791L,G5
W0035F0003T0006Z000C1N33.png,73,55.20077794243594,32.487089877621486,21.677275769391702,18.459730884978036,T1791L,G5
W0035F0003T0006Z000C1N33.png,74,48.72764111578008,37.95091173330212,21.677275769391702,18.459730884978036,T1791L,G5
W0035F0003T0006Z000C1N33.png,75,59.81677941430694,53.4794876149411,21.677275769391702,18.459730884978036,T1791L,G5
W0035F0003T0006Z000C1N33.png,76,54.2628012496224,34.306226214561306,21.677275769391702,18.459730884978036,T1791L,G5
W0035F0003T0006Z000C1N33.png,77,50.38532283255277,33.958148194310176,21.677275769391702,18.459730884978036,T1791L,G5
W0035F0003T0006Z000C1N33.png,78,58.85537972875196,37.56512862867488,21.677275769391702,18.459730884978036,T1791L,G5
W0035F0003T0006Z000C1N33.png,79,56.08082842382991,45.39334263474717,21.677275769391702,18.459730884978036,T1791L,G5
W0035F0003T0006Z000C1N33.png,80,85.13198480463875,80.24937151633875,21.677275769391702,18.459730884978036,T1791L,G5
W0035F0003T0006Z000C1N33.png,81,69.24230644153123,62.913320565187526,21.677275769391702,18.459730884978036,T1791L,G5
W0035F0003T0006Z000C1N33.png,82,84.68063689485405,61.770183386125346,21.677275769391702,18.459730884978036,T1791L,G5
W0035F0003T0006Z000C1N33.png,83,62.89873148594496,44.228258940284874,21.677275769391702,18.459730884978036,T1791L,G5
W0035F0003T0006Z000C1N33.png,84,67.72566635541115,46.13599359872997,21.677275769391702,18.459730884978036,T1791L,G5
W0035F0003T0006Z000C1N33.png,85,78.53879653654775,72.52674077630331,21.677275769391702,18.459730884978036,T1791L,G5
W0035F0003T0006Z000C1N33.png,86,92.7459709807209,69.90073567010738,21.677275769391702,18.459730884978036,T1791L,G5
W0035F0003T0006Z000C1N33.png,87,97.29722001509431,74.72000955005623,21.677275769391702,18.459730884978036,T1791L,G5
W0035F0003T0006Z000C1N33.png,88,91.17109739492699,85.86624567927144,21.677275769391702,18.459730884978036,T1791L,G5
W0035F0003T0006Z000C1N33.png,89,86.59075696570385,80.79144428407696,21.677275769391702,18.459730884978036,T1791L,G5
W0035F0003T0006Z000C1N33.png,90,78.80199968010434,56.09583984744561,21.677275769391702,18.459730884978036,T1791L,G5
W0035F0003T0006Z000C1N38.png,1,97.83858262333139,96.30187813836694,21.980913422376037,21.384296292895733,T1791L,G5
W0035F0003T0006Z000C1N38.png,2,80.06876239962259,78.50295072818356,21.980913422376037,21.384296292895733,T1791L,G5
W0035F0003T0006Z000C1N38.png,3,94.95133289850358,93.69055531557692,21.980913422376037,21.384296292895733,T1791L,G5
W0035F0003T0006Z000C1N38.png,4,81.89832983320069,80.19146657631207,21.980913422376037,21.384296292895733,T1791L,G5
W0035F0003T0006Z000C1N38.png,5,63.17181247985324,61.098577394500325,21.980913422376037,21.384296292895733,T1791L,G5
W0035F0003T0006Z000C1N38.png,6,68.13320175389383,66.51734670887991,21.980913422376037,21.384296292895733,T1791L,G5
W0035F0003T0006Z000C1N38.png,7,71.46930662191896,69.74196831110146,21.980913422376037,21.384296292895733,T1791L,G5
W0035F0003T0006Z000C1N38.png,8,60.73340438640181,58.77772710856952,21.980913422376037,21.384296292895733,T1791L,G5
W0035F0003T0006Z000C1N38.png,9,56.02853844952508,53.97418403854936,21.980913422376037,21.384296292895733,T1791L,G5
W0035F0003T0006Z000C1N38.png,10,58.656131664805216,56.84826159505512,21.980913422376037,21.384296292895733,T1791L,G5
W0035F0003T0006Z000C1N38.png,11,86.84817180533365,85.69338281643752,21.980913422376037,21.384296292895733,T1791L,G5
W0035F0003T0006Z000C1N38.png,12,59.359421532056075,57.68760923959363,21.980913422376037,21.384296292895733,T1791L,G5
W0035F0003T0006Z000C1N38.png,13,52.896802436431415,50.89008190286715,21.980913422376037,21.384296292895733,T1791L,G5
W0035F0003T0006Z000C1N38.png,14,50.50340486743882,48.49711038707936,21.980913422376037,21.384296292895733,T1791L,G5
W0035F0003T0006Z000C1N38.png,15,83.73943625715324,82.3338889482233,21.980913422376037,21.384296292895733,T1791L,G5
W0035F0003T0006Z000C1N38.png,16,48.966466474712576,47.246397681331054,21.980913422376037,21.384296292895733,T1791L,G5
W0035F0003T0006Z000C1N38.png,17,75.04530346418665,74.04850468664664,21.980913422376037,21.384296292895733,T1791L,G5
W0035F0003T0006Z000C1N38.png,18,50.47718103950702,48.701610162019676,21.980913422376037,21.384296292895733,T1791L,G5
W0035F0003T0006Z000C1N38.png,19,59.1589192821377,57.655666166636905,21.980913422376037,21.384296292895733,T1791L,G5
W0035F0003T0006Z000C1N38.png,20,78.71659078226507,77.91732985025003,21.980913422376037,21.384296292895733,T1791L,G5
W0035F0003T0006Z000C1N38.png,21,35.86729153913658,33.80516630963718,21.980913422376037,21.384296292895733,T1791L,G5
W0035F0003T0006Z000C1N38.png,22,55.36945421736647,54.30123969212461,21.980913422376037,21.384296292895733,T1791L,G5
W0035F0003T0006Z000C1N38.png,23,36.01304715448559,33.950716972975755,21.980913422376037,21.384296292895733,T1791L,G5
W0035F0003T0006Z000C1N38.png,24,73.18558069907297,65.0,21.980913422376037,21.384296292895733,T1791L,G5
W0035F0003T0006Z000C1N38.png,25,39.53446139985529,37.71066089350387,21.980913422376037,21.384296292895733,T1791L,G5
W0035F0003T0006Z000C1N38.png,26,54.38000199296947,53.071782531865466,21.980913422376037,21.384296292895733,T1791L,G5
W0035F0003T0006Z000C1N38.png,27,64.42398712863306,63.66593451982965,21.980913422376037,21.384296292895733,T1791L,G5
W0035F0003T0006Z000C1N38.png,28,75.5304241063534,74.91997356068433,21.980913422376037,21.384296292895733,T1791L,G5
W0035F0003T0006Z000C1N38.png,29,31.895950487460457,30.048863737372038,21.980913422376037,21.384296292895733,T1791L,G5
W0035F0003T0006Z000C1N38.png,30,82.16226746445706,62.75968274121354,21.980913422376037,21.384296292895733,T1791L,G5
W0035F0003T0006Z000C1N38.png,31,35.818716887245955,34.831980057456,21.980913422376037,21.384296292895733,T1791L,G5
W0035F0003T0006Z000C1N38.png,32,44.33772103970933,43.302166778071765,21.980913422376037,21.384296292895733,T1791L,G5
W0035F0003T0006Z000C1N38.png,33,67.60535875644882,67.3751993522186,21.980913422376037,21.384296292895733,T1791L,G5
W0035F0003T0006Z000C1N38.png,34,29.336287026044282,28.049996256511385,21.980913422376037,21.384296292895733,T1791L,G5
W0035F0003T0006Z000C1N38.png,35,37.67238372210065,37.13591114899248,21.980913422376037,21.384296292895733,T1791L,G5
W0035F0003T0006Z000C1N38.png,36,48.05465845411093,47.65783456715924,21.980913422376037,21.384296292895733,T1791L,G5
W0035F0003T0006Z000C1N38.png,37,34.23930262377873,33.46662363085238,21.980913422376037,21.384296292895733,T1791L,G5
W0035F0003T0006Z000C1N38.png,38,72.69969107555137,48.47803626385871,21.980913422376037,21.384296292895733,T1791L,G5
W0035F0003T0006Z000C1N38.png,39,17.343165338573858,15.624735141111138,21.980913422376037,21.384296292895733,T1791L,G5
W0035F0003T0006Z000C1N38.png,40,19.66313284315738,18.42741947982707,21.980913422376037,21.384296292895733,T1791L,G5
W0035F0003T0006Z000C1N38.png,41,34.43217242617833,34.32472830387712,21.980913422376037,21.384296292895733,T1791L,G5
W0035F0003T0006Z000C1N38.png,42,54.51984626994465,54.608203334583436,21.980913422376037,21.384296292895733,T1791L,G5
W0035F0003T0006Z000C1N38.png,43,23.236317217733966,22.665050334674316,21.980913422376037,21.384296292895733,T1791L,G5
W0035F0003T0006Z000C1N38.png,44,7.157309161826042,7.158499423842694,21.980913422376037,21.384296292895733,T1791L,G5
W0035F0003T0006Z000C1N38.png,45,45.19604141161687,30.085064585456873,21.980913422376037,21.384296292895733,T1791L,G5
W0035F0003T0006Z000C1N38.png,46,34.69192279902992,33.76758800980609,21.980913422376037,21.384296292895733,T1791L,G5
W0035F0003T0006Z000C1N38.png,47,4.728071664099359,6.095404882689511,21.980913422376037,21.384296292895733,T1791L,G5
W0035F0003T0006Z000C1N38.png,48,28.697442615337383,29.187309473227437,21.980913422376037,21.384296292895733,T1791L,G5
W0035F0003T0006Z000C1N38.png,49,47.95566024603947,47.85102513364172,21.980913422376037,21.384296292895733,T1791L,G5
W0035F0003T0006Z000C1N38.png,50,16.061680415221357,16.855328787629993,21.980913422376037,21.384296292895733,T1791L,G5
W0035F0003T0006Z000C1N38.png,51,63.02320796892563,57.65266910961902,21.980913422376037,21.384296292895733,T1791L,G5
W0035F0003T0006Z000C1N38.png,52,70.58825201533833,30.118527353743044,21.980913422376037,21.384296292895733,T1791L,G5
W0035F0003T0006Z000C1N38.png,53,44.41949278438211,40.48089750092954,21.980913422376037,21.384296292895733,T1791L,G5
W0035F0003T0006Z000C1N38.png,54,22.84642120998504,23.688565936570946,21.980913422376037,21.384296292895733,T1791L,G5
W0035F0003T0006Z000C1N38.png,55,54.76321197022257,18.741664813991314,21.980913422376037,21.384296292895733,T1791L,G5
W0035F0003T0006Z000C1N38.png,56,69.1940651013331,22.67156809750927,21.980913422376037,21.384296292895733,T1791L,G5
W0035F0003T0006Z000C1N38.png,57,67.93190170187383,58.60525462361124,21.980913422376037,21.384296292895733,T1791L,G5
W0035F0003T0006Z000C1N38.png,58,13.285582812877225,15.25110387460689,21.980913422376037,21.384296292895733,T1791L,G5
W0035F0003T0006Z000C1N38.png,59,60.92972514243012,15.692354826475215,21.980913422376037,21.384296292895733,T1791L,G5
W0035F0003T0006Z000C1N38.png,60,33.344115018817085,25.98175397140439,21.980913422376037,21.384296292895733,T1791L,G5
W0035F0003T0006Z000C1N38.png,61,40.8300250935203,29.52890945702858,21.980913422376037,21.384296292895733,T1791L,G5
W0035F0003T0006Z000C1N38.png,62,60.166689613134906,49.695862535276945,21.980913422376037,21.384296292895733,T1791L,G5
W0035F0003T0006Z000C1N38.png,63,78.21856954549251,26.92582403567252,21.980913422376037,21.384296292895733,T1791L,G5
W0035F0003T0006Z000C1N38.png,64,20.95239002859772,10.51755092135524,21.980913422376037,21.384296292895733,T1791L,G5
W0035F0003T0006Z000C1N38.png,65,63.573221935335944,10.0,21.980913422376037,21.384296292895733,T1791L,G5
W0035F0003T0006Z000C1N38.png,66,57.69599988222345,5.0990195135927845,21.980913422376037,21.384296292895733,T1791L,G5
W0035F0003T0006Z000C1N38.png,67,29.322315429662225,11.295366975050888,21.980913422376037,21.384296292895733,T1791L,G5
W0035F0003T0006Z000C1N38.png,68,54.93692154369754,37.857494695053795,21.980913422376037,21.384296292895733,T1791L,G5
W0035F0003T0006Z000C1N38.png,69,40.935507118360626,21.18962010041709,21.980913422376037,21.384296292895733,T1791L,G5
W0035F0003T0006Z000C1N38.png,70,38.42279773350198,16.546298679765208,21.980913422376037,21.384296292895733,T1791L,G5
W0035F0003T0006Z000C1N38.png,71,77.24441616997679,18.021177776738863,21.980913422376037,21.384296292895733,T1791L,G5
W0035F0003T0006Z000C1N38.png,72,46.83609174060719,14.597484279528883,21.980913422376037,21.384296292895733,T1791L,G5
W0035F0003T0006Z000C1N38.png,73,47.643658675024575,26.419689627245813,21.980913422376037,21.384296292895733,T1791L,G5
W0035F0003T0006Z000C1N38.png,74,45.999650001022644,14.718850039380493,21.980913422376037,21.384296292895733,T1791L,G5
W0035F0003T0006Z000C1N38.png,75,46.58019817251606,23.98130507767843,21.980913422376037,21.384296292895733,T1791L,G5
W0035F0003T0006Z000C1N38.png,76,64.72927560963538,39.511451718036476,21.980913422376037,21.384296292895733,T1791L,G5
W0035F0003T0006Z000C1N38.png,77,81.14252058152569,22.337887976830412,21.980913422376037,21.384296292895733,T1791L,G5
W0035F0003T0006Z000C1N38.png,78,59.95618469461917,13.882145060883268,21.980913422376037,21.384296292895733,T1791L,G5
W0035F0003T0006Z000C1N38.png,79,62.33186440955483,34.246059020030586,21.980913422376037,21.384296292895733,T1791L,G5
W0035F0003T0006Z000C1N38.png,80,40.2017725596947,10.679640941868792,21.980913422376037,21.384296292895733,T1791L,G5
W0035F0003T0006Z000C1N38.png,81,75.69160019926969,50.46591049546761,21.980913422376037,21.384296292895733,T1791L,G5
W0035F0003T0006Z000C1N38.png,82,60.34850854426224,34.29770494360094,21.980913422376037,21.384296292895733,T1791L,G5
W0035F0003T0006Z000C1N38.png,83,60.248742926060075,28.168308954819906,21.980913422376037,21.384296292895733,T1791L,G5
W0035F0003T0006Z000C1N38.png,84,68.36740708187419,36.085382315651415,21.980913422376037,21.384296292895733,T1791L,G5
W0035F0003T0006Z000C1N38.png,85,65.2676328719726,35.8503835404867,21.980913422376037,21.384296292895733,T1791L,G5
W0035F0003T0006Z000C1N38.png,86,67.41909517565688,36.13026519396366,21.980913422376037,21.384296292895733,T1791L,G5
W0035F0003T0006Z000C1N38.png,87,69.66754393015557,41.33889424957781,21.980913422376037,21.384296292895733,T1791L,G5
W0035F0003T0006Z000C1N38.png,88,94.97849726484175,68.85552624280363,21.980913422376037,21.384296292895733,T1791L,G5
W0035F0003T0006Z000C1N38.png,89,77.77179873160539,41.90416615653196,21.980913422376037,21.384296292895733,T1791L,G5
W0035F0003T0006Z000C1N38.png,90,81.5410851932001,50.2301413253883,21.980913422376037,21.384296292895733,T1791L,G5
W0035F0003T0006Z000C1N38.png,91,107.36914155275699,51.10772935672255,21.980913422376037,21.384296292895733,T1791L,G5
W0035F0003T0006Z000C1N38.png,92,83.67526708510859,55.72640434734726,21.980913422376037,21.384296292895733,T1791L,G5
W0035F0003T0006Z000C1N38.png,93,82.17369073966128,50.059966082134395,21.980913422376037,21.384296292895733,T1791L,G5
W0035F0003T0006Z000C1N38.png,94,84.63318087091344,52.135870270990125,21.980913422376037,21.384296292895733,T1791L,G5
W0035F0003T0006Z000C1N38.png,95,85.10582275944785,52.689208630107984,21.980913422376037,21.384296292895733,T1791L,G5
W0035F0003T0006Z000C1N38.png,96,101.80970643241233,73.15520217099998,21.980913422376037,21.384296292895733,T1791L,G5
W0035F0003T0006Z000C1N44.png,1,77.7283530133187,67.07520215224231,23.413939809408472,21.267307455298273,T1791L,G5
W0035F0003T0006Z000C1N44.png,2,81.65487671381663,57.26279575586382,23.413939809408472,21.267307455298273,T1791L,G5
W0035F0003T0006Z000C1N44.png,3,93.99651758322649,87.51160543071686,23.413939809408472,21.267307455298273,T1791L,G5
W0035F0003T0006Z000C1N44.png,4,75.99791875608922,64.67012561757004,23.413939809408472,21.267307455298273,T1791L,G5
W0035F0003T0006Z000C1N44.png,5,85.49425924554417,52.88374995573183,23.413939809408472,21.267307455298273,T1791L,G5
W0035F0003T0006Z000C1N44.png,6,72.73971950557014,63.336731811830646,23.413939809408472,21.267307455298273,T1791L,G5
W0035F0003T0006Z000C1N44.png,7,76.02733697179211,68.02965773150531,23.413939809408472,21.267307455298273,T1791L,G5
W0035F0003T0006Z000C1N44.png,8,98.89758383337553,59.60075502877459,23.413939809408472,21.267307455298273,T1791L,G5
W0035F0003T0006Z000C1N44.png,9,65.15112655841502,52.74569309990693,23.413939809408472,21.267307455298273,T1791L,G5
W0035F0003T0006Z000C1N44.png,10,88.02255233896895,51.36576589431771,23.413939809408472,21.267307455298273,T1791L,G5
W0035F0003T0006Z000C1N44.png,11,77.67673558350592,43.06390600026895,23.413939809408472,21.267307455298273,T1791L,G5
W0035F0003T0006Z000C1N44.png,12,48.067118101205615,36.2210613241345,23.413939809408472,21.267307455298273,T1791L,G5
W0035F0003T0006Z000C1N44.png,13,74.66113717565905,34.44198019858905,23.413939809408472,21.267307455298273,T1791L,G5
W0035F0003T0006Z000C1N44.png,14,73.70768404653681,68.85477877334272,23.413939809408472,21.267307455298273,T1791L,G5
W0035F0003T0006Z000C1N44.png,15,46.71055018022397,38.78307863242186,23.413939809408472,21.267307455298273,T1791L,G5
W0035F0003T0006Z000C1N44.png,16,42.72246873082543,33.08597814956328,23.413939809408472,21.267307455298273,T1791L,G5
W0035F0003T0006Z000C1N44.png,17,42.27986770509909,29.154850692977167,23.413939809408472,21.267307455298273,T1791L,G5
W0035F0003T0006Z000C1N44.png,18,41.85498897048934,36.15908695142893,23.413939809408472,21.267307455298273,T1791L,G5
W0035F0003T0006Z000C1N44.png,19,59.52859184879007,54.49745444896339,23.413939809408472,21.267307455298273,T1791L,G5
W0035F0003T0006Z000C1N44.png,20,50.99922160880092,46.496054398148964,23.413939809408472,21.267307455298273,T1791L,G5
W0035F0003T0006Z000C1N44.png,21,73.42875009474255,67.8248050074593,23.413939809408472,21.267307455298273,T1791L,G5
W0035F0003T0006Z000C1N44.png,22,37.82470042058942,33.47315149608322,23.413939809408472,21.267307455298273,T1791L,G5
W0035F0003T0006Z000C1N44.png,23,28.381417790577874,23.286487960659723,23.413939809408472,21.267307455298273,T1791L,G5
W0035F0003T0006Z000C1N44.png,24,42.87383296053422,11.849379678756733,23.413939809408472,21.267307455298273,T1791L,G5
W0035F0003T0006Z000C1N44.png,25,61.02200409843762,55.406462702806394,23.413939809408472,21.267307455298273,T1791L,G5
W0035F0003T0006Z000C1N44.png,26,25.09648649999479,12.747099519159477,23.413939809408472,21.267307455298273,T1791L,G5
W0035F0003T0006Z000C1N44.png,27,28.94220705225631,24.547375600778338,23.413939809408472,21.267307455298273,T1791L,G5
W0035F0003T0006Z000C1N44.png,28,18.79947736105441,8.727291670229631,23.413939809408472,21.267307455298273,T1791L,G5
W0035F0003T0006Z000C1N44.png,29,61.95605047435913,56.008015754650344,23.413939809408472,21.267307455298273,T1791L,G5
W0035F0003T0006Z000C1N44.png,30,9.549673575711786,5.190976384810898,23.413939809408472,21.267307455298273,T1791L,G5
W0035F0003T0006Z000C1N44.png,31,13.244723123366384,6.3949096916568555,23.413939809408472,21.267307455298273,T1791L,G5
W0035F0003T0006Z000C1N44.png,32,29.292455165554117,12.995651123386978,23.413939809408472,21.267307455298273,T1791L,G5
W0035F0003T0006Z000C1N44.png,33,27.312929859782724,21.323981951040192,23.413939809408472,21.267307455298273,T1791L,G5
W0035F0003T0006Z000C1N44.png,34,40.356992550505815,11.90751466119196,23.413939809408472,21.267307455298273,T1791L,G5
W0035F0003T0006Z000C1N44.png,35,15.68657310307379,12.571402870496403,23.413939809408472,21.267307455298273,T1791L,G5
W0035F0003T0006Z000C1N44.png,36,2.7707731583095363,4.674599845441048,23.413939809408472,21.267307455298273,T1791L,G5
W0035F0003T0006Z000C1N44.png,37,78.235587750837,45.60724757147886,23.413939809408472,21.267307455298273,T1791L,G5
W0035F0003T0006Z000C1N44.png,38,29.269174380189792,26.32235280306164,23.413939809408472,21.267307455298273,T1791L,G5
W0035F0003T0006Z000C1N44.png,39,41.07660747078005,22.51341605553273,23.413939809408472,21.267307455298273,T1791L,G5
W0035F0003T0006Z000C1N44.png,40,50.93546574192913,45.10449325320451,23.413939809408472,21.267307455298273,T1791L,G5
W0035F0003T0006Z000C1N44.png,41,14.32465322384639,12.389788991809262,23.413939809408472,21.267307455298273,T1791L,G5
W0035F0003T0006Z000C1N44.png,42,49.49553005227258,37.99789833369442,23.413939809408472,21.267307455298273,T1791L,G5
W0035F0003T0006Z000C1N44.png,43,19.45724108284884,20.27119329473086,23.413939809408472,21.267307455298273,T1791L,G5
W0035F0003T0006Z000C1N44.png,44,62.34092950316911,46.51075144523038,23.413939809408472,21.267307455298273,T1791L,G5
W0035F0003T0006Z000C1N44.png,45,75.33718950279564,57.019733426244635,23.413939809408472,21.267307455298273,T1791L,G5
W0035F0003T0006Z000C1N44.png,46,41.50894154592313,39.40246265939159,23.413939809408472,21.267307455298273,T1791L,G5
W0035F0003T0006Z000C1N44.png,47,84.77157421455857,64.3767124907067,23.413939809408472,21.267307455298273,T1791L,G5
W0035F0003T0006Z000C1N44.png,48,29.404122730140195,28.58308515006748,23.413939809408472,21.267307455298273,T1791L,G5
W0035F0003T0006Z000C1N44.png,49,55.75321604322247,51.44963042911228,23.413939809408472,21.267307455298273,T1791L,G5
W0035F0003T0006Z000C1N44.png,50,42.31219000616616,41.77667016568368,23.413939809408472,21.267307455298273,T1791L,G5
W0035F0003T0006Z000C1N44.png,51,45.889240700902654,44.7886210276358,23.413939809408472,21.267307455298273,T1791L,G5
W0035F0003T0006Z000C1N44.png,52,61.96020819241565,58.22578491117165,23.413939809408472,21.267307455298273,T1791L,G5
W0035F0003T0006Z000C1N44.png,53,48.32721958555736,48.56234178555996,23.413939809408472,21.267307455298273,T1791L,G5
W0035F0003T0006Z000C1N44.png,54,81.30485398548129,76.38572414788565,23.413939809408472,21.267307455298273,T1791L,G5
W0035F0003T0006Z000C1N44.png,55,69.74617590324527,68.13283825288065,23.413939809408472,21.267307455298273,T1791L,G5
W0035F0003T0006Z000C1N44.png,56,60.004968743661536,58.23021460967407,23.413939809408472,21.267307455298273,T1791L,G5
W0035F0003T0006Z000C1N44.png,57,64.89290559041241,62.37883690179713,23.413939809408472,21.267307455298273,T1791L,G5
W0035F0003T0006Z000C1N44.png,58,60.432209836954954,59.65401041255174,23.413939809408472,21.267307455298273,T1791L,G5
W0035F0003T0006Z000C1N44.png,59,65.40242572050046,64.8246309579004,23.413939809408472,21.267307455298273,T1791L,G5
W0035F0003T0006Z000C1N44.png,60,76.7718924178191,74.10239858989506,23.413939809408472,21.267307455298273,T1791L,G5
W0035F0003T0006Z000C1N44.png,61,85.3381168368874,84.20160173862321,23.413939809408472,21.267307455298273,T1791L,G5
W0035F0003T0006Z000C1N45.png,1,15.341101643925583,14.62250377777851,22.450089326392302,14.424006920985214,T1791L,G5
W0035F0003T0006Z000C1N45.png,2,19.647282040271236,18.913297704254365,22.450089326392302,14.424006920985214,T1791L,G5
W0035F0003T0006Z000C1N45.png,3,5.943363569468783,4.972879020365042,22.450089326392302,14.424006920985214,T1791L,G5
W0035F0003T0006Z000C1N45.png,4,23.477698366159768,23.4379121017131,22.450089326392302,14.424006920985214,T1791L,G5
W0035F0003T0006Z000C1N45.png,5,46.893272479177334,17.832148978462534,22.450089326392302,14.424006920985214,T1791L,G5
W0035F0003T0006Z000C1N45.png,6,57.63877801134853,19.061720110045655,22.450089326392302,14.424006920985214,T1791L,G5
W0035F0003T0006Z000C1N45.png,7,15.94774930208243,16.866601127849076,22.450089326392302,14.424006920985214,T1791L,G5
W0035F0003T0006Z000C1N45.png,8,35.36384219506255,18.371718206087685,22.450089326392302,14.424006920985214,T1791L,G5
W0035F0003T0006Z000C1N45.png,9,93.21066750957903,70.80849574731101,22.450089326392302,14.424006920985214,T1791L,G5
W0035F0003T0006Z000C1N45.png,10,26.0634447661404,26.838628617262373,22.450089326392302,14.424006920985214,T1791L,G5
W0035F0003T0006Z000C1N45.png,11,49.56663922178197,35.04651572500197,22.450089326392302,14.424006920985214,T1791L,G5
W0035F0003T0006Z000C1N45.png,12,63.12961522263575,45.21746251094979,22.450089326392302,14.424006920985214,T1791L,G5
W0035F0003T0006Z000C1N45.png,13,47.24578964123534,38.193198374783826,22.450089326392302,14.424006920985214,T1791L,G5
W0035F0003T0006Z000C1N45.png,14,56.54973191454255,40.658360721750725,22.450089326392302,14.424006920985214,T1791L,G5
W0035F0003T0006Z000C1N45.png,15,26.07122873826803,23.23367639888842,22.450089326392302,14.424006920985214,T1791L,G5
W0035F0003T0006Z000C1N45.png,16,24.752190317143956,27.26609767907077,22.450089326392302,14.424006920985214,T1791L,G5
W0035F0003T0006Z000C1N45.png,17,27.513554794831627,32.25824585213094,22.450089326392302,14.424006920985214,T1791L,G5
W0035F0003T0006Z000C1N45.png,18,23.760245925659536,29.443509598815712,22.450089326392302,14.424006920985214,T1791L,G5
W0035F0003T0006Z000C1N45.png,19,49.24684234854476,26.486281127159174,22.450089326392302,14.424006920985214,T1791L,G5
W0035F0003T0006Z000C1N45.png,20,8.13173594668995,12.294630534396084,22.450089326392302,14.424006920985214,T1791L,G5
W0035F0003T0006Z000C1N45.png,21,8.634433700209412,7.437315223846684,22.450089326392302,14.424006920985214,T1791L,G5
W0035F0003T0006Z000C1N45.png,22,44.46713583182817,12.793873042315347,22.450089326392302,14.424006920985214,T1791L,G5
W0035F0003T0006Z000C1N45.png,23,14.229160001888932,20.639312895886036,22.450089326392302,14.424006920985214,T1791L,G5
W0035F0003T0006Z000C1N45.png,24,4.561973570655678,3.363287990567499,22.450089326392302,14.424006920985214,T1791L,G5
W0035F0003T0006Z000C1N45.png,25,22.368172041534223,16.857023788808426,22.450089326392302,14.424006920985214,T1791L,G5
W0035F0003T0006Z000C1N45.png,26,28.989844377232533,10.214509186825046,22.450089326392302,14.424006920985214,T1791L,G5
W0035F0003T0006Z000C1N45.png,27,18.432276904198723,22.179486799957726,22.450089326392302,14.424006920985214,T1791L,G5
W0035F0003T0006Z000C1N45.png,28,41.14995677325937,35.07680398340476,22.450089326392302,14.424006920985214,T1791L,G5
W0035F0003T0006Z000C1N45.png,29,35.166808585462874,11.751872423482059,22.450089326392302,14.424006920985214,T1791L,G5
W0035F0003T0006Z000C1N45.png,30,77.20260366886347,38.19257048779112,22.450089326392302,14.424006920985214,T1791L,G5
W0035F0003T0006Z000C1N45.png,31,48.3896507255913,43.88794314063932,22.450089326392302,14.424006920985214,T1791L,G5
W0035F0003T0006Z000C1N45.png,32,36.06561465868573,34.31154724250989,22.450089326392302,14.424006920985214,T1791L,G5
W0035F0003T0006Z000C1N45.png,33,90.25940207259224,52.08375182965934,22.450089326392302,14.424006920985214,T1791L,G5
W0035F0003T0006Z000C1N49.png,1,35.496867518203196,33.42055756253018,8.49365668392347,9.159526482493815,T1791L,G5
W0035F0003T0006Z000C1N49.png,2,7.782402231345582,6.9551861707099425,8.49365668392347,9.159526482493815,T1791L,G5
W0035F0003T0006Z000C1N49.png,3,22.267852046254475,20.21175379937666,8.49365668392347,9.159526482493815,T1791L,G5
W0035F0003T0006Z000C1N49.png,4,27.555292199176527,6.272520248195935,8.49365668392347,9.159526482493815,T1791L,G5
W0035F0003T0006Z000C1N49.png,5,24.132121523850913,23.00147095909736,8.49365668392347,9.159526482493815,T1791L,G5
W0035F0003T0006Z000C1N49.png,6,13.29603014634542,11.524818557912461,8.49365668392347,9.159526482493815,T1791L,G5
W0035F0003T0006Z000C1N49.png,7,18.3717498057065,11.452052709671324,8.49365668392347,9.159526482493815,T1791L,G5
W0035F0003T0006Z000C1N50.png,1,105.79882843049548,102.75038420468621,23.72466392025888,23.612553082223474,T1791L,G5
W0035F0003T0006Z000C1N50.png,2,77.82035366626178,73.58468272295329,23.72466392025888,23.612553082223474,T1791L,G5
W0035F0003T0006Z000C1N50.png,3,90.37226362382012,88.85671348520192,23.72466392025888,23.612553082223474,T1791L,G5
W0035F0003T0006Z000C1N50.png,4,78.30951492728563,74.10860623043982,23.72466392025888,23.612553082223474,T1791L,G5
W0035F0003T0006Z000C1N50.png,5,84.9576952102465,81.08801094385478,23.72466392025888,23.612553082223474,T1791L,G5
W0035F0003T0006Z000C1N50.png,6,82.39521163735384,78.51751861395785,23.72466392025888,23.612553082223474,T1791L,G5
W0035F0003T0006Z000C1N50.png,7,88.03746145569133,86.55248337149844,23.72466392025888,23.612553082223474,T1791L,G5
W0035F0003T0006Z000C1N50.png,8,84.42030672257879,80.79229021204594,23.72466392025888,23.612553082223474,T1791L,G5
W0035F0003T0006Z000C1N50.png,9,86.05702135066811,84.54007824528631,23.72466392025888,23.612553082223474,T1791L,G5
W0035F0003T0006Z000C1N50.png,10,71.71285486619874,67.48524415997956,23.72466392025888,23.612553082223474,T1791L,G5
W0035F0003T0006Z000C1N50.png,11,73.30669804038763,69.35554159145059,23.72466392025888,23.612553082223474,T1791L,G5
W0035F0003T0006Z000C1N50.png,12,75.01758016044782,71.25977009831492,23.72466392025888,23.612553082223474,T1791L,G5
W0035F0003T0006Z000C1N50.png,13,80.10714494638407,76.5933073904891,23.72466392025888,23.612553082223474,T1791L,G5
W0035F0003T0006Z000C1N50.png,14,79.6562825541382,78.16837280686424,23.72466392025888,23.612553082223474,T1791L,G5
W0035F0003T0006Z000C1N50.png,15,60.06318151526917,55.84259411356981,23.72466392025888,23.612553082223474,T1791L,G5
W0035F0003T0006Z000C1N50.png,16,72.48073536367214,68.98024143965692,23.72466392025888,23.612553082223474,T1791L,G5
W0035F0003T0006Z000C1N50.png,17,56.77609828861123,52.69986983561007,23.72466392025888,23.612553082223474,T1791L,G5
W0035F0003T0006Z000C1N50.png,18,54.55505203932652,50.407004813604416,23.72466392025888,23.612553082223474,T1791L,G5
W0035F0003T0006Z000C1N50.png,19,66.08212137068621,64.5651061772006,23.72466392025888,23.612553082223474,T1791L,G5
W0035F0003T0006Z000C1N50.png,20,65.95645085317732,62.699051770298844,23.72466392025888,23.612553082223474,T1791L,G5
W0035F0003T0006Z000C1N50.png,21,65.17032554847165,63.68047567783639,23.72466392025888,23.612553082223474,T1791L,G5
W0035F0003T0006Z000C1N50.png,22,84.43930833665316,82.19795647473485,23.72466392025888,23.612553082223474,T1791L,G5
W0035F0003T0006Z000C1N50.png,23,56.281461586157796,54.76998162172429,23.72466392025888,23.612553082223474,T1791L,G5
W0035F0003T0006Z000C1N50.png,24,47.39823828058016,45.88334676601627,23.72466392025888,23.612553082223474,T1791L,G5
W0035F0003T0006Z000C1N50.png,25,47.19726370883274,45.73347143928511,23.72466392025888,23.612553082223474,T1791L,G5
W0035F0003T0006Z000C1N50.png,26,48.55342862021619,45.5555257125566,23.72466392025888,23.612553082223474,T1791L,G5
W0035F0003T0006Z000C1N50.png,27,56.300910463407476,53.95728759449755,23.72466392025888,23.612553082223474,T1791L,G5
W0035F0003T0006Z000C1N50.png,28,48.47700009400198,46.98218726423722,23.72466392025888,23.612553082223474,T1791L,G5
W0035F0003T0006Z000C1N50.png,29,44.5611528865869,40.329460302588686,23.72466392025888,23.612553082223474,T1791L,G5
W0035F0003T0006Z000C1N50.png,30,72.9050837170628,71.46022173260452,23.72466392025888,23.612553082223474,T1791L,G5
W0035F0003T0006Z000C1N50.png,31,32.508557792736916,28.502413373517655,23.72466392025888,23.612553082223474,T1791L,G5
W0035F0003T0006Z000C1N50.png,32,61.26316549296871,59.801987760420936,23.72466392025888,23.612553082223474,T1791L,G5
W0035F0003T0006Z000C1N50.png,33,42.62317396524066,40.38827606559461,23.72466392025888,23.612553082223474,T1791L,G5
W0035F0003T0006Z000C1N50.png,34,24.181783378177332,19.946396912317297,23.72466392025888,23.612553082223474,T1791L,G5
W0035F0003T0006Z000C1N50.png,35,48.58646357023614,46.76844145669963,23.72466392025888,23.612553082223474,T1791L,G5
W0035F0003T0006Z000C1N50.png,36,28.428741223625728,26.913581190201118,23.72466392025888,23.612553082223474,T1791L,G5
W0035F0003T0006Z000C1N50.png,37,26.906572767995613,25.14464697625972,23.72466392025888,23.612553082223474,T1791L,G5
W0035F0003T0006Z000C1N50.png,38,23.705857158676103,21.45416313960092,23.72466392025888,23.612553082223474,T1791L,G5
W0035F0003T0006Z000C1N50.png,39,34.0385434687822,32.67447116100404,23.72466392025888,23.612553082223474,T1791L,G5
W0035F0003T0006Z000C1N50.png,40,28.21948027449106,27.349165096923926,23.72466392025888,23.612553082223474,T1791L,G5
W0035F0003T0006Z000C1N50.png,41,58.793948654783414,58.58751275819263,23.72466392025888,23.612553082223474,T1791L,G5
W0035F0003T0006Z000C1N50.png,42,74.2483294333014,74.11031890188792,23.72466392025888,23.612553082223474,T1791L,G5
W0035F0003T0006Z000C1N50.png,43,44.76382748344234,44.57271721411469,23.72466392025888,23.612553082223474,T1791L,G5
W0035F0003T0006Z000C1N50.png,44,29.492391544112643,28.56536464143961,23.72466392025888,23.612553082223474,T1791L,G5
W0035F0003T0006Z000C1N50.png,45,32.29172590690194,31.625691518985033,23.72466392025888,23.612553082223474,T1791L,G5
W0035F0003T0006Z000C1N50.png,46,4.387213456990171,2.5577234175381873,23.72466392025888,23.612553082223474,T1791L,G5
W0035F0003T0006Z000C1N50.png,47,16.65952087707893,17.131399806348657,23.72466392025888,23.612553082223474,T1791L,G5
W0035F0003T0006Z000C1N50.png,48,15.948554805130295,17.07204216882427,23.72466392025888,23.612553082223474,T1791L,G5
W0035F0003T0006Z000C1N50.png,49,47.183422267551144,47.76442491509162,23.72466392025888,23.612553082223474,T1791L,G5
W0035F0003T0006Z000C1N50.png,50,7.854574881081395,10.830429139164128,23.72466392025888,23.612553082223474,T1791L,G5
W0035F0003T0006Z000C1N50.png,51,10.80176892039962,9.749318362240475,23.72466392025888,23.612553082223474,T1791L,G5
W0035F0003T0006Z000C1N50.png,52,32.24017426589479,33.13037510520134,23.72466392025888,23.612553082223474,T1791L,G5
W0035F0003T0006Z000C1N50.png,53,15.574782096281314,17.816663781055208,23.72466392025888,23.612553082223474,T1791L,G5
W0035F0003T0006Z000C1N50.png,54,24.130131190816993,16.62077013859466,23.72466392025888,23.612553082223474,T1791L,G5
W0035F0003T0006Z000C1N50.png,55,45.50017972832394,46.60244190057811,23.72466392025888,23.612553082223474,T1791L,G5
W0035F0003T0006Z000C1N50.png,56,39.2099942604589,40.68452694894492,23.72466392025888,23.612553082223474,T1791L,G5
W0035F0003T0006Z000C1N50.png,57,10.229955116057043,14.352143870299988,23.72466392025888,23.612553082223474,T1791L,G5
W0035F0003T0006Z000C1N50.png,58,20.947419027057016,20.45399010887112,23.72466392025888,23.612553082223474,T1791L,G5
W0035F0003T0006Z000C1N50.png,59,15.204869683150093,18.465645850964027,23.72466392025888,23.612553082223474,T1791L,G5
W0035F0003T0006Z000C1N50.png,60,3.2234446324379262,4.740522748215651,23.72466392025888,23.612553082223474,T1791L,G5
W0035F0003T0006Z000C1N50.png,61,18.379950700073913,21.224985276791124,23.72466392025888,23.612553082223474,T1791L,G5
W0035F0003T0006Z000C1N50.png,62,24.343196242871546,7.575160657366339,23.72466392025888,23.612553082223474,T1791L,G5
W0035F0003T0006Z000C1N50.png,63,76.85300644482581,78.2352078022558,23.72466392025888,23.612553082223474,T1791L,G5
W0035F0003T0006Z000C1N50.png,64,33.93490146513526,36.71500036856236,23.72466392025888,23.612553082223474,T1791L,G5
W0035F0003T0006Z000C1N50.png,65,26.236200576431866,21.50581316760657,23.72466392025888,23.612553082223474,T1791L,G5
W0035F0003T0006Z000C1N50.png,66,11.01620222307075,12.122647374096914,23.72466392025888,23.612553082223474,T1791L,G5
W0035F0003T0006Z000C1N50.png,67,39.91362453756738,43.396946964358634,23.72466392025888,23.612553082223474,T1791L,G5
W0035F0003T0006Z000C1N50.png,68,39.00132109260708,8.139410298049853,23.72466392025888,23.612553082223474,T1791L,G5
W0035F0003T0006Z000C1N50.png,69,42.071001325173135,17.281178192737542,23.72466392025888,23.612553082223474,T1791L,G5
W0035F0003T0006Z000C1N50.png,70,37.69795284233771,23.531602640272705,23.72466392025888,23.612553082223474,T1791L,G5
W0035F0003T0006Z000C1N50.png,71,26.616204407525892,28.1334525968206,23.72466392025888,23.612553082223474,T1791L,G5
W0035F0003T0006Z000C1N50.png,72,62.99626619340302,66.2696654227794,23.72466392025888,23.612553082223474,T1791L,G5
W0035F0003T0006Z000C1N50.png,73,47.999805897981126,29.702693480558292,23.72466392025888,23.612553082223474,T1791L,G5
W0035F0003T0006Z000C1N50.png,74,57.633615515494704,57.09787793253872,23.72466392025888,23.612553082223474,T1791L,G5
W0035F0003T0006Z000C1N50.png,75,51.57260921908106,37.50333318519835,23.72466392025888,23.612553082223474,T1791L,G5
W0035F0003T0006Z000C1N50.png,76,54.46768924612282,30.505674583496106,23.72466392025888,23.612553082223474,T1791L,G5
W0035F0003T0006Z000C1N50.png,77,60.65746624322803,38.5903261638357,23.72466392025888,23.612553082223474,T1791L,G5
W0035F0003T0006Z000C1N50.png,78,62.40213291451018,36.345563690772494,23.72466392025888,23.612553082223474,T1791L,G5
W0035F0003T0006Z000C1N50.png,79,61.73414307583898,41.620307543313515,23.72466392025888,23.612553082223474,T1791L,G5
W0035F0003T0006Z000C1N50.png,80,67.18061329483365,41.862871377868956,23.72466392025888,23.612553082223474,T1791L,G5
W0035F0003T0006Z000C1N50.png,81,52.59541860132236,54.06643670540574,23.72466392025888,23.612553082223474,T1791L,G5
W0035F0003T0006Z000C1N50.png,82,72.65221325901854,45.83606052492344,23.72466392025888,23.612553082223474,T1791L,G5
W0035F0003T0006Z000C1N50.png,83,59.65320579255461,54.50637067760469,23.72466392025888,23.612553082223474,T1791L,G5
W0035F0003T0006Z000C1N50.png,84,55.646394459877996,57.15349322903794,23.72466392025888,23.612553082223474,T1791L,G5
W0035F0003T0006Z000C1N53.png,1,75.36848637730223,47.12459696595642,20.682726879591765,12.52197961471767,T1791L,G5
W0035F0003T0006Z000C1N53.png,2,77.33193657194796,5.9037872553461765,20.682726879591765,12.52197961471767,T1791L,G5
W0035F0003T0006Z000C1N53.png,3,90.68372306942994,63.28222993068433,20.682726879591765,12.52197961471767,T1791L,G5
W0035F0003T0006Z000C1N53.png,4,67.09087029546254,34.53129274855444,20.682726879591765,12.52197961471767,T1791L,G5
W0035F0003T0006Z000C1N53.png,5,62.914516362698556,22.239073032897743,20.682726879591765,12.52197961471767,T1791L,G5
W0035F0003T0006Z000C1N53.png,6,82.70218933749373,51.79285665031424,20.682726879591765,12.52197961471767,T1791L,G5
W0035F0003T0006Z000C1N53.png,7,78.47268288772915,43.15669125408017,20.682726879591765,12.52197961471767,T1791L,G5
W0035F0003T0006Z000C1N53.png,8,82.07162052964928,22.74313083108832,20.682726879591765,12.52197961471767,T1791L,G5
W0035F0003T0006Z000C1N53.png,9,55.862656911640535,8.152651988275053,20.682726879591765,12.52197961471767,T1791L,G5
W0035F0003T0006Z000C1N53.png,10,54.304247589584556,4.749167916169269,20.682726879591765,12.52197961471767,T1791L,G5
W0035F0003T0006Z000C1N53.png,11,76.07435199106052,41.309805131469695,20.682726879591765,12.52197961471767,T1791L,G5
W0035F0003T0006Z000C1N53.png,12,53.663234199300355,14.306670681475314,20.682726879591765,12.52197961471767,T1791L,G5
W0035F0003T0006Z000C1N53.png,13,63.07327899127591,29.510689279466696,20.682726879591765,12.52197961471767,T1791L,G5
W0035F0003T0006Z000C1N53.png,14,45.28960554141164,7.547301914456345,20.682726879591765,12.52197961471767,T1791L,G5
W0035F0003T0006Z000C1N53.png,15,74.79168338027624,29.90819285747636,20.682726879591765,12.52197961471767,T1791L,G5
W0035F0003T0006Z000C1N53.png,16,50.254129046723236,25.259898638511316,20.682726879591765,12.52197961471767,T1791L,G5
W0035F0003T0006Z000C1N53.png,17,45.87197529505411,26.767517628648346,20.682726879591765,12.52197961471767,T1791L,G5
W0035F0003T0006Z000C1N53.png,18,66.46958418907178,39.88877330600026,20.682726879591765,12.52197961471767,T1791L,G5
W0035F0003T0006Z000C1N53.png,19,54.546840020694184,25.072887949234836,20.682726879591765,12.52197961471767,T1791L,G5
W0035F0003T0006Z000C1N53.png,20,53.03930400151797,20.0585687872829,20.682726879591765,12.52197961471767,T1791L,G5
W0035F0003T0006Z000C1N53.png,21,60.209135179366264,23.323807579381203,20.682726879591765,12.52197961471767,T1791L,G5
W0035F0003T0006Z000C1N53.png,22,40.051964131193365,4.716990566028302,20.682726879591765,12.52197961471767,T1791L,G5
W0035F0003T0006Z000C1N53.png,23,63.389293876096254,46.62023965577751,20.682726879591765,12.52197961471767,T1791L,G5
W0035F0003T0006Z000C1N53.png,24,45.84104782853906,15.965723315517328,20.682726879591765,12.52197961471767,T1791L,G5
W0035F0003T0006Z000C1N53.png,25,49.67034259478072,12.726488530872698,20.682726879591765,12.52197961471767,T1791L,G5
W0035F0003T0006Z000C1N53.png,26,38.9179592844736,7.007103979022961,20.682726879591765,12.52197961471767,T1791L,G5
W0035F0003T0006Z000C1N53.png,27,25.303992736633646,15.568530743775744,20.682726879591765,12.52197961471767,T1791L,G5
W0035F0003T0006Z000C1N53.png,28,21.562136218479697,24.201041998121497,20.682726879591765,12.52197961471767,T1791L,G5
W0035F0003T0006Z000C1N53.png,29,30.349989100497012,11.597413504743201,20.682726879591765,12.52197961471767,T1791L,G5
W0035F0003T0006Z000C1N53.png,30,36.26717716071024,22.410078372337768,20.682726879591765,12.52197961471767,T1791L,G5
W0035F0003T0006Z000C1N53.png,31,20.170445236199004,20.303940504246953,20.682726879591765,12.52197961471767,T1791L,G5
W0035F0003T0006Z000C1N53.png,32,39.0345774677913,31.001017341640786,20.682726879591765,12.52197961471767,T1791L,G5
W0035F0003T0006Z000C1N53.png,33,35.232569230351885,7.516648189186454,20.682726879591765,12.52197961471767,T1791L,G5
W0035F0003T0006Z000C1N53.png,34,25.323169583784637,24.66055883232943,20.682726879591765,12.52197961471767,T1791L,G5
W0035F0003T0006Z000C1N53.png,35,28.519529020710646,10.965856099730654,20.682726879591765,12.52197961471767,T1791L,G5
W0035F0003T0006Z000C1N53.png,36,63.84740725375971,35.35533905932738,20.682726879591765,12.52197961471767,T1791L,G5
W0035F0003T0006Z000C1N53.png,37,10.747007011138443,9.108015217549829,20.682726879591765,12.52197961471767,T1791L,G5
W0035F0003T0006Z000C1N53.png,38,32.474413726470935,30.519534620475458,20.682726879591765,12.52197961471767,T1791L,G5
W0035F0003T0006Z000C1N53.png,39,17.435554639724174,17.608308101516275,20.682726879591765,12.52197961471767,T1791L,G5
W0035F0003T0006Z000C1N53.png,40,16.19052302260922,16.059397028871484,20.682726879591765,12.52197961471767,T1791L,G5
W0035F0003T0006Z000C1N53.png,41,19.93798305817884,17.458720686053972,20.682726879591765,12.52197961471767,T1791L,G5
W0035F0003T0006Z000C1N53.png,42,25.796027829128022,15.402921800749363,20.682726879591765,12.52197961471767,T1791L,G5
W0035F0003T0006Z000C1N53.png,43,29.08163055139305,26.988839845354732,20.682726879591765,12.52197961471767,T1791L,G5
W0035F0003T0006Z000C1N53.png,44,30.388445656954158,27.756237302661958,20.682726879591765,12.52197961471767,T1791L,G5
W0035F0003T0006Z000C1N53.png,45,37.06589728205683,17.240939649566666,20.682726879591765,12.52197961471767,T1791L,G5
W0035F0003T0006Z000C1N53.png,46,36.74329140988146,32.515380975778214,20.682726879591765,12.52197961471767,T1791L,G5
W0035F0003T0006Z000C1N53.png,47,16.522376890445855,16.313349010840906,20.682726879591765,12.52197961471767,T1791L,G5
W0035F0003T0006Z000C1N53.png,48,41.06390801357803,24.748737341529164,20.682726879591765,12.52197961471767,T1791L,G5
W0035F0003T0006Z000C1N53.png,49,40.00053666290043,9.013878188659973,20.682726879591765,12.52197961471767,T1791L,G5
W0035F0003T0006Z000C1N53.png,50,52.026612016334326,32.31098884280702,20.682726879591765,12.52197961471767,T1791L,G5
W0035F0003T0006Z000C1N53.png,51,85.066991660407,19.950111389274102,20.682726879591765,12.52197961471767,T1791L,G5
W0035F0003T0006Z000C1N53.png,52,50.78193557019087,20.525512619418578,20.682726879591765,12.52197961471767,T1791L,G5
W0035F0003T0006Z000C1N53.png,53,72.24167093968451,18.973665961010276,20.682726879591765,12.52197961471767,T1791L,G5
W0035F0003T0006Z000C1N53.png,54,26.736842201751593,26.611649494922187,20.682726879591765,12.52197961471767,T1791L,G5
W0035F0003T0006Z000C1N53.png,55,22.963124250783313,8.822642011852372,20.682726879591765,12.52197961471767,T1791L,G5
W0035F0003T0006Z000C1N53.png,56,38.07296585779371,30.11138172678809,20.682726879591765,12.52197961471767,T1791L,G5
W0035F0003T0006Z000C1N58.png,1,56.56063081467107,56.53469662279877,15.805147039262367,15.809004301848626,T1791L,G5
W0035F0003T0006Z000C1N58.png,2,67.37308536874441,67.3598992567938,15.805147039262367,15.809004301848626,T1791L,G5
W0035F0003T0006Z000C1N58.png,3,52.204382047370004,52.170594919358514,15.805147039262367,15.809004301848626,T1791L,G5
W0035F0003T0006Z000C1N58.png,4,58.37959107846972,58.36596450800306,15.805147039262367,15.809004301848626,T1791L,G5
W0035F0003T0006Z000C1N58.png,5,83.70202748465903,83.67252607278621,15.805147039262367,15.809004301848626,T1791L,G5
W0035F0003T0006Z000C1N58.png,6,49.43278220973082,49.41271849446067,15.805147039262367,15.809004301848626,T1791L,G5
W0035F0003T0006Z000C1N58.png,7,45.28668067505473,45.27012361943984,15.805147039262367,15.809004301848626,T1791L,G5
W0035F0003T0006Z000C1N58.png,8,58.68326175931546,58.680943455072615,15.805147039262367,15.809004301848626,T1791L,G5
W0035F0003T0006Z000C1N58.png,9,42.42078813925683,42.41462273263342,15.805147039262367,15.809004301848626,T1791L,G5
W0035F0003T0006Z000C1N58.png,10,65.46038392553874,65.43465431247029,15.805147039262367,15.809004301848626,T1791L,G5
W0035F0003T0006Z000C1N58.png,11,55.15084486352922,55.12594773810917,15.805147039262367,15.809004301848626,T1791L,G5
W0035F0003T0006Z000C1N58.png,12,39.25997735871484,39.23644049327697,15.805147039262367,15.809004301848626,T1791L,G5
W0035F0003T0006Z000C1N58.png,13,39.72929779723507,39.73848906843896,15.805147039262367,15.809004301848626,T1791L,G5
W0035F0003T0006Z000C1N58.png,14,53.711384724566436,53.725889376478065,15.805147039262367,15.809004301848626,T1791L,G5
W0035F0003T0006Z000C1N58.png,15,62.391423131041584,62.38587536542153,15.805147039262367,15.809004301848626,T1791L,G5
W0035F0003T0006Z000C1N58.png,16,60.604632007390485,60.60690676169419,15.805147039262367,15.809004301848626,T1791L,G5
W0035F0003T0006Z000C1N58.png,17,91.66149484619073,91.67192938543405,15.805147039262367,15.809004301848626,T1791L,G5
W0035F0003T0006Z000C1N58.png,18,94.98858075024492,95.00208791919692,15.805147039262367,15.809004301848626,T1791L,G5
W0035F0003T0006Z000C1N61.png,1,73.01491230120872,75.00626358745272,23.61464925271661,24.296921260073056,T1791L,G5
W0035F0003T0006Z000C1N61.png,2,99.25528159003494,100.52080593367343,23.61464925271661,24.296921260073056,T1791L,G5
W0035F0003T0006Z000C1N61.png,3,63.58195949995852,65.54152754470219,23.61464925271661,24.296921260073056,T1791L,G5
W0035F0003T0006Z000C1N61.png,4,59.22849061605341,61.20323585185713,23.61464925271661,24.296921260073056,T1791L,G5
W0035F0003T0006Z000C1N61.png,5,56.73905541909456,58.68636758555267,23.61464925271661,24.296921260073056,T1791L,G5
W0035F0003T0006Z000C1N61.png,6,59.3320439258492,61.13030234047375,23.61464925271661,24.296921260073056,T1791L,G5
W0035F0003T0006Z000C1N61.png,7,50.1517589416072,52.0288231051622,23.61464925271661,24.296921260073056,T1791L,G5
W0035F0003T0006Z000C1N61.png,8,91.02387605354622,92.08084862230294,23.61464925271661,24.296921260073056,T1791L,G5
W0035F0003T0006Z000C1N61.png,9,47.823742157087,49.80413869621759,23.61464925271661,24.296921260073056,T1791L,G5
W0035F0003T0006Z000C1N61.png,10,61.3304217532157,62.73989583720318,23.61464925271661,24.296921260073056,T1791L,G5
W0035F0003T0006Z000C1N61.png,11,65.90606669960266,67.06035354507426,23.61464925271661,24.296921260073056,T1791L,G5
W0035F0003T0006Z000C1N61.png,12,48.536117961094845,49.96366586728146,23.61464925271661,24.296921260073056,T1791L,G5
W0035F0003T0006Z000C1N61.png,13,44.9219574116411,46.07016917983251,23.61464925271661,24.296921260073056,T1791L,G5
W0035F0003T0006Z000C1N61.png,14,22.42697899055493,24.371480469519078,23.61464925271661,24.296921260073056,T1791L,G5
W0035F0003T0006Z000C1N61.png,15,41.51231532518478,43.29504749629887,23.61464925271661,24.296921260073056,T1791L,G5
W0035F0003T0006Z000C1N61.png,16,39.627205927351376,40.370845808733364,23.61464925271661,24.296921260073056,T1791L,G5
W0035F0003T0006Z000C1N61.png,17,19.48865453932311,20.48692377696845,23.61464925271661,24.296921260073056,T1791L,G5
W0035F0003T0006Z000C1N61.png,18,38.72447719039949,39.15812576129695,23.61464925271661,24.296921260073056,T1791L,G5
W0035F0003T0006Z000C1N61.png,19,28.84125461795556,30.27279821718233,23.61464925271661,24.296921260073056,T1791L,G5
W0035F0003T0006Z000C1N61.png,20,12.40326242502185,13.319167925446546,23.61464925271661,24.296921260073056,T1791L,G5
W0035F0003T0006Z000C1N61.png,21,9.451051363019575,10.003217655674845,23.61464925271661,24.296921260073056,T1791L,G5
W0035F0003T0006Z000C1N61.png,22,18.418294002840224,18.766686983182566,23.61464925271661,24.296921260073056,T1791L,G5
W0035F0003T0006Z000C1N61.png,23,40.90709762348325,41.011462176078204,23.61464925271661,24.296921260073056,T1791L,G5
W0035F0003T0006Z000C1N61.png,24,5.1511803496512565,3.1966016434661118,23.61464925271661,24.296921260073056,T1791L,G5
W0035F0003T0006Z000C1N61.png,25,15.420814127921053,14.823222256615397,23.61464925271661,24.296921260073056,T1791L,G5
W0035F0003T0006Z000C1N61.png,26,22.163693151732534,20.427995405008684,23.61464925271661,24.296921260073056,T1791L,G5
W0035F0003T0006Z000C1N61.png,27,31.065356152576655,30.27650336536049,23.61464925271661,24.296921260073056,T1791L,G5
W0035F0003T0006Z000C1N61.png,28,31.99805095650631,30.307366349314467,23.61464925271661,24.296921260073056,T1791L,G5
W0035F0003T0006Z000C1N61.png,29,26.33766427874918,24.35682835229432,23.61464925271661,24.296921260073056,T1791L,G5
W0035F0003T0006Z000C1N61.png,30,33.744826035771815,31.88404661725066,23.61464925271661,24.296921260073056,T1791L,G5
W0035F0003T0006Z000C1N61.png,31,5.668467100934469,7.6035389143868555,23.61464925271661,24.296921260073056,T1791L,G5
W0035F0003T0006Z000C1N61.png,32,7.3608618169872075,8.047463844845897,23.61464925271661,24.296921260073056,T1791L,G5
W0035F0003T0006Z000C1N61.png,33,7.9571084083825845,10.395108028176642,23.61464925271661,24.296921260073056,T1791L,G5
W0035F0003T0006Z000C1N61.png,34,40.224870145908696,33.71940623415915,23.61464925271661,24.296921260073056,T1791L,G5
W0035F0003T0006Z000C1N61.png,35,14.025439014680975,8.91406879596688,23.61464925271661,24.296921260073056,T1791L,G5
W0035F0003T0006Z000C1N9.png,1,41.40284580886638,38.318161581346985,24.08846363264187,20.01444487731087,T1791L,G5
W0035F0003T0006Z000C1N9.png,2,46.98898045970922,31.83177031592038,24.08846363264187,20.01444487731087,T1791L,G5
W0035F0003T0006Z000C1N9.png,3,78.94419234893702,30.59489733845319,24.08846363264187,20.01444487731087,T1791L,G5
W0035F0003T0006Z000C1N9.png,4,35.9208055714088,33.821449735309926,24.08846363264187,20.01444487731087,T1791L,G5
W0035F0003T0006Z000C1N9.png,5,62.091620281939775,18.853378866955364,24.08846363264187,20.01444487731087,T1791L,G5
W0035F0003T0006Z000C1N9.png,6,88.20480005682934,44.322158114230355,24.08846363264187,20.01444487731087,T1791L,G5
W0035F0003T0006Z000C1N9.png,7,61.024582356676774,15.572441219186908,24.08846363264187,20.01444487731087,T1791L,G5
W0035F0003T0006Z000C1N9.png,8,73.34400919854158,24.98764295554968,24.08846363264187,20.01444487731087,T1791L,G5
W0035F0003T0006Z000C1N9.png,9,42.49912214040636,22.141503529795287,24.08846363264187,20.01444487731087,T1791L,G5
W0035F0003T0006Z000C1N9.png,10,65.96164239580176,16.285586442306254,24.08846363264187,20.01444487731087,T1791L,G5
W0035F0003T0006Z000C1N9.png,11,30.713342362429053,27.33127633215993,24.08846363264187,20.01444487731087,T1791L,G5
W0035F0003T0006Z000C1N9.png,12,55.21482750014872,17.590812477198043,24.08846363264187,20.01444487731087,T1791L,G5
W0035F0003T0006Z000C1N9.png,13,75.91083202293966,34.076163693305894,24.08846363264187,20.01444487731087,T1791L,G5
W0035F0003T0006Z000C1N9.png,14,59.35597131185518,9.79038626662614,24.08846363264187,20.01444487731087,T1791L,G5
W0035F0003T0006Z000C1N9.png,15,49.74436486434058,7.591200071773972,24.08846363264187,20.01444487731087,T1791L,G5
W0035F0003T0006Z000C1N9.png,16,27.73261652330986,23.881030992118077,24.08846363264187,20.01444487731087,T1791L,G5
W0035F0003T0006Z000C1N9.png,17,56.26894933033332,14.100195788728506,24.08846363264187,20.01444487731087,T1791L,G5
W0035F0003T0006Z000C1N9.png,18,15.825439362815514,12.619821606972858,24.08846363264187,20.01444487731087,T1791L,G5
W0035F0003T0006Z000C1N9.png,19,40.732537870282194,11.090626109724164,24.08846363264187,20.01444487731087,T1791L,G5
W0035F0003T0006Z000C1N9.png,20,38.235465888226926,8.702628901525365,24.08846363264187,20.01444487731087,T1791L,G5
W0035F0003T0006Z000C1N9.png,21,67.8042489239893,34.41284628711375,24.08846363264187,20.01444487731087,T1791L,G5
W0035F0003T0006Z000C1N9.png,22,12.706075416785767,9.620996457508271,24.08846363264187,20.01444487731087,T1791L,G5
W0035F0003T0006Z000C1N9.png,23,34.909448798397534,6.8244790195947616,24.08846363264187,20.01444487731087,T1791L,G5
W0035F0003T0006Z000C1N9.png,24,57.538562802070786,21.877012365402724,24.08846363264187,20.01444487731087,T1791L,G5
W0035F0003T0006Z000C1N9.png,25,5.726082616196301,2.659450402947211,24.08846363264187,20.01444487731087,T1791L,G5
W0035F0003T0006Z000C1N9.png,26,40.84733254465092,10.671655844269349,24.08846363264187,20.01444487731087,T1791L,G5
W0035F0003T0006Z000C1N9.png,27,57.81810731150829,30.175452540648244,24.08846363264187,20.01444487731087,T1791L,G5
W0035F0003T0006Z000C1N9.png,28,28.601906360862415,5.487203815391134,24.08846363264187,20.01444487731087,T1791L,G5
W0035F0003T0006Z000C1N9.png,29,25.605490878225783,18.34002070943127,24.08846363264187,20.01444487731087,T1791L,G5
W0035F0003T0006Z000C1N9.png,30,5.320556851299441,8.395819596317798,24.08846363264187,20.01444487731087,T1791L,G5
W0035F0003T0006Z000C1N9.png,31,8.035495625082095,8.95434816955859,24.08846363264187,20.01444487731087,T1791L,G5
W0035F0003T0006Z000C1N9.png,32,12.396368464750797,15.709503737704363,24.08846363264187,20.01444487731087,T1791L,G5
W0035F0003T0006Z000C1N9.png,33,30.68346269283719,4.297616190242835,24.08846363264187,20.01444487731087,T1791L,G5
W0035F0003T0006Z000C1N9.png,34,38.026352610992035,12.35434177631356,24.08846363264187,20.01444487731087,T1791L,G5
W0035F0003T0006Z000C1N9.png,35,10.495865772992353,13.592768215865224,24.08846363264187,20.01444487731087,T1791L,G5
W0035F0003T0006Z000C1N9.png,36,49.13754871474617,23.93675056033865,24.08846363264187,20.01444487731087,T1791L,G5
W0035F0003T0006Z000C1N9.png,37,73.5165805690353,51.07923471104778,24.08846363264187,20.01444487731087,T1791L,G5
W0035F0003T0006Z000C1N9.png,38,18.7699793689416,7.060697366409636,24.08846363264187,20.01444487731087,T1791L,G5
W0035F0003T0006Z000C1N9.png,39,25.429387219029877,8.842704638414636,24.08846363264187,20.01444487731087,T1791L,G5
W0035F0003T0006Z000C1N9.png,40,38.50600426279123,17.49334596047818,24.08846363264187,20.01444487731087,T1791L,G5
W0035F0003T0006Z000C1N9.png,41,27.453590739472816,6.9447214166988305,24.08846363264187,20.01444487731087,T1791L,G5
W0035F0003T0006Z000C1N9.png,42,7.750227810908207,5.096553038989175,24.08846363264187,20.01444487731087,T1791L,G5
W0035F0003T0006Z000C1N9.png,43,30.006916743682538,24.865506711834406,24.08846363264187,20.01444487731087,T1791L,G5
W0035F0003T0006Z000C1N9.png,44,24.952091147248847,10.987684188300985,24.08846363264187,20.01444487731087,T1791L,G5
W0035F0003T0006Z000C1N9.png,45,19.05263434968664,21.594084875426656,24.08846363264187,20.01444487731087,T1791L,G5
W0035F0003T0006Z000C1N9.png,46,7.613818758230911,16.799608148222106,24.08846363264187,20.01444487731087,T1791L,G5
W0035F0003T0006Z000C1N9.png,47,36.695586018416705,31.061381434931466,24.08846363264187,20.01444487731087,T1791L,G5
W0035F0003T0006Z000C1N9.png,48,37.06367504948417,14.004660827933648,24.08846363264187,20.01444487731087,T1791L,G5
W0035F0003T0006Z000C1N9.png,49,34.199135736176565,35.92632297697034,24.08846363264187,20.01444487731087,T1791L,G5
W0035F0003T0006Z000C1N9.png,50,35.10596336808616,23.322303228105802,24.08846363264187,20.01444487731087,T1791L,G5
W0035F0003T0006Z000C1N9.png,51,19.554421959771012,10.334947710885967,24.08846363264187,20.01444487731087,T1791L,G5
W0035F0003T0006Z000C1N9.png,52,48.76674578309484,1.5861146355759408,24.08846363264187,20.01444487731087,T1791L,G5
W0035F0003T0006Z000C1N9.png,53,24.45688784636548,6.805760566651776,24.08846363264187,20.01444487731087,T1791L,G5
W0035F0003T0006Z000C1N9.png,54,27.4239130636313,22.13642290287554,24.08846363264187,20.01444487731087,T1791L,G5
W0035F0003T0006Z000C1N9.png,55,38.52789292517178,35.23390166475818,24.08846363264187,20.01444487731087,T1791L,G5
W0035F0003T0006Z000C1N9.png,56,38.76283170525282,17.88631613948702,24.08846363264187,20.01444487731087,T1791L,G5
W0035F0003T0006Z000C1N9.png,57,31.57749726306482,9.817029447310524,24.08846363264187,20.01444487731087,T1791L,G5
W0035F0003T0006Z000C1N9.png,58,70.00708553069592,64.9913702573729,24.08846363264187,20.01444487731087,T1791L,G5
W0035F0003T0006Z000C1N9.png,59,47.21149974315178,46.704999637316575,24.08846363264187,20.01444487731087,T1791L,G5
W0035F0003T0006Z000C1N9.png,60,44.65724257634655,22.53668165944344,24.08846363264187,20.01444487731087,T1791L,G5
W0035F0003T0006Z000C1N9.png,61,39.009400393913545,16.946508598395326,24.08846363264187,20.01444487731087,T1791L,G5
W0035F0003T0006Z000C1N9.png,62,50.21258363283606,44.96098517232471,24.08846363264187,20.01444487731087,T1791L,G5
W0035F0003T0006Z000C1N9.png,63,43.17672188028812,32.07559995739738,24.08846363264187,20.01444487731087,T1791L,G5
W0035F0003T0006Z000C1N9.png,64,67.7793221427256,22.278519392092797,24.08846363264187,20.01444487731087,T1791L,G5
W0035F0003T0006Z000C1N9.png,65,45.14368258328025,22.54365897266429,24.08846363264187,20.01444487731087,T1791L,G5
W0035F0003T0006Z000C1N9.png,66,81.99454696960277,78.52547465389446,24.08846363264187,20.01444487731087,T1791L,G5
W0035F0003T0006Z000C1N9.png,67,42.34214281108024,26.88054368322236,24.08846363264187,20.01444487731087,T1791L,G5
W0035F0003T0006Z000C1N9.png,68,74.77931194035553,28.987337919118893,24.08846363264187,20.01444487731087,T1791L,G5
W0035F0003T0006Z000C1N9.png,69,48.650377517337255,27.306516239926246,24.08846363264187,20.01444487731087,T1791L,G5
W0035F0003T0006Z000C1N9.png,70,73.12029097308896,30.785130671098404,24.08846363264187,20.01444487731087,T1791L,G5
W0035F0003T0006Z000C1N9.png,71,49.77841685288171,31.57159289159826,24.08846363264187,20.01444487731087,T1791L,G5
W0035F0003T0006Z000C1N9.png,72,77.68734307185946,33.84083828039753,24.08846363264187,20.01444487731087,T1791L,G5
W0035F0003T0006Z000C1N9.png,73,88.45327677446106,85.72914425697124,24.08846363264187,20.01444487731087,T1791L,G5
W0035F0003T0006Z000C1N9.png,74,83.63549293706147,39.25467894931849,24.08846363264187,20.01444487731087,T1791L,G5
W0035F0003T0006Z000C1N9.png,75,61.95928143980111,23.22762390489022,24.08846363264187,20.01444487731087,T1791L,G5
W0035F0003T0006Z000C1N9.png,76,60.789788862726034,39.96660215745172,24.08846363264187,20.01444487731087,T1791L,G5
W0035F0003T0006Z000C1N9.png,77,75.80681705662069,66.7718498782219,24.08846363264187,20.01444487731087,T1791L,G5
W0035F0003T0006Z000C1N9.png,78,79.55698609028227,45.359506250137194,24.08846363264187,20.01444487731087,T1791L,G5
W0035F0003T0006Z000C1N9.png,79,63.952961524426556,45.491674442535874,24.08846363264187,20.01444487731087,T1791L,G5
W0035F0003T0006Z000C1N9.png,80,88.9587831132109,83.06964613318063,24.08846363264187,20.01444487731087,T1791L,G5
W0035F0003T0006Z000C1N9.png,81,70.6935388631699,56.13877073726065,24.08846363264187,20.01444487731087,T1791L,G5
W0035F0003T0006Z000C1N9.png,82,90.29666498741878,48.572420624789466,24.08846363264187,20.01444487731087,T1791L,G5
W0035F0003T0006Z000C1N9.png,83,71.83597514084056,49.225146066679756,24.08846363264187,20.01444487731087,T1791L,G5
W0035F0003T0006Z000C1N9.png,84,100.62120541013358,55.98757394945631,24.08846363264187,20.01444487731087,T1791L,G5
W0035F0003T0006Z000C1N9.png,85,84.07700177534369,56.82734647382574,24.08846363264187,20.01444487731087,T1791L,G5
W0035F0003T0006Z000C1N9.png,86,80.18179534029231,57.56044716636806,24.08846363264187,20.01444487731087,T1791L,G5
W0035F0003T0006Z000C1N9.png,87,71.60484138650483,51.39320752823253,24.08846363264187,20.01444487731087,T1791L,G5
W0035F0003T0006Z000C1N9.png,88,82.32285327339692,69.6107503215423,24.08846363264187,20.01444487731087,T1791L,G5
W0035F0003T0006Z000C1N9.png,89,93.88902538491845,85.37722805945666,24.08846363264187,20.01444487731087,T1791L,G5
